id,user_id,book_id,quantity,unit_price,timestamp,shipping,paid_price,year,month,day
71389,47288,18976,2,27.0,2024-10-01 10:38:08+00:00,Unknown,54.0,2024,10,1
66343,47049,19403,1,60.6,2024-10-19 10:14:00+00:00,"4940 Arnoldo Keys, West Arnette, KS 77599",60.6,2024,10,19
72606,46685,19500,1,45.99,2025-07-02 22:13:35+00:00,Unknown,45.99,2025,7,2
68462,45336,18992,1,85.2,2025-10-20 16:25:20+00:00,Unknown,85.2,2025,10,20
72691,45311,19388,1,52.25,2024-08-28 08:48:47+00:00,Unknown,52.25,2024,8,28
68274,45939,19251,3,22.75,2024-07-01 00:52:59+00:00,"Suite 161 84822 Volkman Gateway, Luketon, LA 46335",68.25,2024,7,1
66248,45486,19550,1,35.0,2025-02-07 22:10:29+00:00,Unknown,35.0,2025,2,7
64098,46656,19558,1,33.0,2024-10-30 15:56:00+00:00,Unknown,33.0,2024,10,30
73454,44440,18990,1,44.75,2024-11-11 13:34:17+00:00,Unknown,44.75,2024,11,11
67871,46293,19212,1,49.0,2024-07-15 01:16:06+00:00,Unknown,49.0,2024,7,15
71951,45542,18854,2,55.2,2024-12-23 16:02:39+00:00,Unknown,110.4,2024,12,23
66491,45800,19187,3,71.4,2025-04-02 03:37:00+00:00,Unknown,214.2,2025,4,2
69129,44820,18933,1,40.0,2024-05-17 12:18:07+00:00,Unknown,40.0,2024,5,17
69460,46705,19544,4,40.0,2024-04-25 07:22:00+00:00,Unknown,160.0,2024,4,25
67187,47497,19429,1,69.0,2025-01-20 21:14:00+00:00,Unknown,69.0,2025,1,20
64981,46213,19450,1,38.39,2024-10-03 19:46:00+00:00,Unknown,38.39,2024,10,3
68626,44898,18911,1,65.5,2024-09-23 00:23:47+00:00,Unknown,65.5,2024,9,23
71724,45512,18966,2,55.5,2024-11-01 13:56:57+00:00,Unknown,111.0,2024,11,1
65678,46448,19495,1,30.25,2024-10-03 03:34:00+00:00,Unknown,30.25,2024,10,3
73631,46411,19325,1,38.4,2024-08-09 16:02:42.627000+00:00,"72116 Guy Inlet, West Dionton, WA 64694",38.4,2024,8,9
66496,46161,19565,1,67.5,2024-09-08 22:25:43.253000+00:00,"Apt. 906 66777 Doyle Islands, Donettatown, MD 67566",67.5,2024,9,8
71989,45265,19314,3,31.99,2024-05-11 05:41:37+00:00,"939 Colby Square, Boganbury, AL 07963",95.97,2024,5,11
71813,47305,19584,1,43.0,2024-08-08 07:18:18.046000+00:00,"Suite 719 168 Bayer Land, Lake Jaimie, CO 89572-5698",43.0,2024,8,8
64706,45141,19127,1,58.0,2025-03-18 20:43:05+00:00,Unknown,58.0,2025,3,18
64702,46531,18880,1,84.0,2024-12-24 09:16:50+00:00,"Apt. 264 3599 Balistreri Turnpike, West Luigistad, MT 75332",84.0,2024,12,24
64069,46100,19296,1,33.3,2025-04-02 18:51:44+00:00,Unknown,33.3,2025,4,2
71292,44947,19474,1,33.0,2024-08-02 18:44:05+00:00,Unknown,33.0,2024,8,2
63887,47049,19056,1,25.25,2025-04-06 02:59:55+00:00,Unknown,25.25,2025,4,6
63957,45745,19026,1,20.99,2024-11-11 22:55:32+00:00,Unknown,20.99,2024,11,11
72487,45195,18949,1,39.3,2025-01-26 03:09:51+00:00,Unknown,39.3,2025,1,26
68824,46313,19138,2,29.5,2024-07-10 19:22:34+00:00,Unknown,59.0,2024,7,10
69385,45952,19052,2,86.39,2024-12-07 17:37:37.240000+00:00,"418 Tempie Mills, Rowemouth, WA 72824-4137",172.78,2024,12,7
72317,45007,19180,1,42.0,2024-09-03 15:49:29+00:00,Unknown,42.0,2024,9,3
63225,45415,19344,1,27.75,2025-07-28 21:35:15+00:00,Unknown,27.75,2025,7,28
68712,45241,19480,1,74.0,2025-01-15 23:03:00+00:00,Unknown,74.0,2025,1,15
73890,45747,19445,1,75.0,2025-02-08 00:34:00+00:00,Unknown,75.0,2025,2,8
68918,46647,19046,2,27.6,2025-01-06 15:01:00+00:00,Unknown,55.2,2025,1,6
71959,46402,19041,1,16.25,2024-09-09 19:32:30+00:00,Unknown,16.25,2024,9,9
65704,45546,19403,1,54.25,2025-05-19 19:56:20+00:00,Unknown,54.25,2025,5,19
70138,46958,19111,4,32.1,2024-09-13 17:28:31.138000+00:00,Unknown,128.4,2024,9,13
72306,45040,19456,1,31.0,2024-08-28 16:50:42+00:00,"Apt. 928 289 Oleta Course, Jannietown, AR 98094-3397",31.0,2024,8,28
64092,44593,19415,4,13.0,2024-08-06 11:49:00+00:00,Unknown,52.0,2024,8,6
67909,44600,19361,5,44.39,2024-07-31 15:31:21+00:00,Unknown,221.95,2024,7,31
64994,47232,19124,2,68.39,2024-05-22 00:44:00+00:00,Unknown,136.78,2024,5,22
71762,44367,19490,2,51.25,2024-09-08 08:44:41+00:00,Unknown,102.5,2024,9,8
73787,46946,19449,1,49.0,2024-10-31 23:39:16+00:00,Unknown,49.0,2024,10,31
71212,45052,18968,4,66.0,2024-08-05 10:05:25+00:00,Unknown,264.0,2024,8,5
67853,45503,19262,5,81.3,2024-08-28 18:33:00+00:00,Unknown,406.5,2024,8,28
73029,46314,18923,2,26.75,2025-03-30 12:25:53+00:00,"Suite 277 5242 Blick Glens, New Breanaton, HI 59699-1995",53.5,2025,3,30
66475,46631,19275,2,64.5,2024-05-23 14:20:41+00:00,Unknown,129.0,2024,5,23
63058,44643,19061,1,58.5,2024-12-03 16:36:00+00:00,"3570 Kulas Track, New Carie, WA 37270-0647",58.5,2024,12,3
71145,45381,19126,1,31.5,2024-11-09 09:22:28.569000+00:00,Unknown,31.5,2024,11,9
67549,44642,18874,1,54.0,2024-09-03 01:51:01+00:00,Unknown,54.0,2024,9,3
70982,46397,19175,2,42.5,2024-11-02 17:52:38+00:00,Unknown,85.0,2024,11,2
69688,46686,19585,1,67.5,2025-01-14 18:43:22+00:00,Unknown,67.5,2025,1,14
67093,46519,19188,2,44.0,2024-08-06 07:17:52+00:00,Unknown,88.0,2024,8,6
66816,46704,18993,1,65.99,2024-12-18 11:23:08+00:00,Unknown,65.99,2024,12,18
72327,45131,19408,2,22.75,2024-11-13 22:48:00+00:00,"7640 Reichel Island, Swaniawskichester, VA 38440-8395",45.5,2024,11,13
73206,44765,19211,1,53.1,2025-04-26 18:28:00+00:00,"9556 Wilber Lights, North Jerrodhaven, MN 46135-2278",53.1,2025,4,26
71747,47604,19373,1,61.8,2025-02-10 02:39:59+00:00,"Apt. 490 3379 Griselda Plains, Lake Lenstad, SD 14094-0246",61.8,2025,2,10
70937,47539,19339,1,51.6,2024-07-03 22:34:56.461000+00:00,"Suite 242 7639 Dania Cape, Michalebury, RI 33128",51.6,2024,7,3
70434,46608,19558,1,40.79,2024-08-08 15:46:33.401000+00:00,Unknown,40.79,2024,8,8
73791,46548,18992,1,82.2,2025-04-15 13:12:56+00:00,Unknown,82.2,2025,4,15
66576,45440,19461,3,69.25,2025-03-31 01:39:35+00:00,Unknown,207.75,2025,3,31
72939,45726,19557,1,55.99,2024-12-09 21:27:00+00:00,Unknown,55.99,2024,12,9
69785,44614,19188,1,43.0,2025-01-18 04:17:28+00:00,"Suite 175 882 Collette Summit, North Averyburgh, PA 38143-4918",43.0,2025,1,18
68121,46884,19105,1,34.75,2024-12-17 16:18:00+00:00,Unknown,34.75,2024,12,17
69933,46026,19502,3,35.0,2024-11-01 10:30:26+00:00,Unknown,105.0,2024,11,1
73060,47063,19220,1,60.0,2025-02-18 13:20:16+00:00,Unknown,60.0,2025,2,18
71636,47564,18875,2,54.9,2024-10-06 02:41:16+00:00,"47931 Botsford Meadow, West Nan, GA 47842-9623",109.8,2024,10,6
67096,44895,19553,1,46.0,2024-06-20 06:48:24+00:00,"86663 Kyle Extensions, Paucekmouth, IN 36524",46.0,2024,6,20
63683,45800,19069,1,41.5,2024-11-24 08:18:57+00:00,"Apt. 234 157 Candyce Dam, North Deidra, CA 96389-7424",41.5,2024,11,24
68810,45797,19286,2,21.99,2025-03-27 17:26:00+00:00,"4588 Mohr Brook, Schroederton, ME 92095-0124",43.98,2025,3,27
70293,44786,18921,2,46.0,2025-05-30 17:23:00+00:00,Unknown,92.0,2025,5,30
64273,46662,19377,1,60.3,2025-05-23 10:45:00+00:00,Unknown,60.3,2025,5,23
63762,45324,19179,1,55.0,2025-04-23 00:06:01+00:00,Unknown,55.0,2025,4,23
71692,45794,18983,2,43.2,2024-08-03 20:04:37.717000+00:00,Unknown,86.4,2024,8,3
73838,44473,19174,1,35.4,2024-11-22 10:35:55+00:00,"Suite 976 87479 Torp Mountains, North Roycebury, WV 77879-1670",35.4,2024,11,22
71146,46332,19544,3,47.4,2024-10-24 11:23:05+00:00,"Apt. 840 3260 Machelle Canyon, East Ernestfort, MT 18852-8508",142.2,2024,10,24
62747,46959,19309,1,84.6,2024-09-06 11:26:00+00:00,"Apt. 417 8075 Enriqueta Pines, Lucinaberg, MD 96464-3899",84.6,2024,9,6
68448,47358,19020,1,19.0,2024-09-19 05:25:16+00:00,Unknown,19.0,2024,9,19
67051,44340,19514,1,16.0,2025-02-22 07:43:26+00:00,Unknown,16.0,2025,2,22
64443,45263,18999,1,51.0,2024-11-09 19:31:34+00:00,Unknown,51.0,2024,11,9
72788,46138,19393,1,23.0,2024-11-26 14:33:33+00:00,Unknown,23.0,2024,11,26
66571,44870,19407,1,21.5,2024-08-11 19:43:17+00:00,Unknown,21.5,2024,8,11
63638,46383,19435,1,70.0,2024-11-05 08:56:23+00:00,Unknown,70.0,2024,11,5
72451,47170,19156,1,38.99,2024-12-14 08:36:12+00:00,Unknown,38.99,2024,12,14
69856,44343,19102,1,73.5,2025-03-20 23:17:51+00:00,Unknown,73.5,2025,3,20
73571,44563,19495,1,30.0,2024-09-18 08:15:41+00:00,Unknown,30.0,2024,9,18
70565,45575,18990,2,48.0,2024-12-26 13:51:04.650000+00:00,Unknown,96.0,2024,12,26
66726,44346,19005,1,39.25,2024-09-24 21:31:31+00:00,Unknown,39.25,2024,9,24
63079,45617,19210,1,38.0,2024-06-22 16:51:00+00:00,Unknown,38.0,2024,6,22
68403,44533,19474,2,32.99,2024-08-13 23:12:25.714000+00:00,"Apt. 300 8604 Ashlyn Wells, Effertzstad, ID 02997",65.98,2024,8,13
67247,47452,19383,1,62.75,2025-03-12 22:08:23+00:00,Unknown,62.75,2025,3,12
69471,46982,19192,1,61.0,2024-06-15 18:37:00+00:00,Unknown,61.0,2024,6,15
65450,47123,19336,5,48.5,2025-02-06 17:00:00+00:00,Unknown,242.5,2025,2,6
69839,44847,18942,1,25.5,2024-10-21 11:52:31+00:00,Unknown,25.5,2024,10,21
73299,45152,19448,2,55.0,2024-10-25 23:43:40+00:00,Unknown,110.0,2024,10,25
68273,45665,19506,2,60.0,2025-02-06 06:20:00+00:00,"97329 O'Conner Vista, North Sanjuana, ID 59014-1661",120.0,2025,2,6
73968,45506,19173,1,76.2,2025-02-17 14:37:00+00:00,"657 Jenny Squares, Rolandton, AR 78477",76.2,2025,2,17
68693,44663,19143,1,27.5,2024-09-16 09:35:00+00:00,Unknown,27.5,2024,9,16
63129,47428,19577,1,70.5,2025-01-29 17:37:00+00:00,Unknown,70.5,2025,1,29
72876,46100,19112,3,19.8,2025-05-01 14:40:40+00:00,Unknown,59.4,2025,5,1
66154,45312,19361,1,44.4,2024-07-18 02:33:32+00:00,Unknown,44.4,2024,7,18
73023,44549,19153,4,57.99,2025-05-10 18:27:08+00:00,Unknown,231.96,2025,5,10
69494,45664,19126,2,36.6,2025-02-07 19:28:18.677000+00:00,Unknown,73.2,2025,2,7
68222,45222,19512,1,54.6,2024-08-23 00:50:00+00:00,Unknown,54.6,2024,8,23
71380,46657,19510,1,17.0,2025-04-14 21:10:24+00:00,Unknown,17.0,2025,4,14
66638,45958,19323,1,43.5,2024-08-21 20:45:14+00:00,"Suite 952 502 Homer Track, Carlenebury, IA 75313",43.5,2024,8,21
68844,46678,19215,1,20.99,2024-09-30 22:16:28+00:00,"Suite 372 2685 Casper Trail, Port Bettina, OR 68920",20.99,2024,9,30
73074,46137,19458,1,56.25,2025-10-05 12:50:56+00:00,Unknown,56.25,2025,10,5
71172,45094,19237,4,68.0,2025-05-12 12:11:02+00:00,Unknown,272.0,2025,5,12
64598,47564,19191,2,27.5,2024-09-09 18:20:31+00:00,Unknown,55.0,2024,9,9
70881,45409,19152,1,34.2,2025-08-11 09:40:00+00:00,"6207 Gil Wells, New Ottoville, ME 69653-6209",34.2,2025,8,11
67892,45976,19232,1,38.39,2024-12-25 13:12:33+00:00,Unknown,38.39,2024,12,25
68034,46667,19012,2,42.5,2024-07-07 03:15:22+00:00,"Apt. 279 98511 Cronin Center, Reynafort, NV 66956",85.0,2024,7,7
69319,44617,19345,1,61.0,2024-08-08 21:49:06+00:00,Unknown,61.0,2024,8,8
67872,45903,18868,1,25.75,2024-11-19 10:19:00+00:00,Unknown,25.75,2024,11,19
67619,44944,19171,1,43.5,2024-12-26 00:32:00+00:00,Unknown,43.5,2024,12,26
73472,46747,19421,1,23.0,2024-10-29 20:49:00+00:00,"Apt. 764 37440 Billie Station, North Liseview, PA 93331-5412",23.0,2024,10,29
68798,44414,19011,1,55.75,2025-05-23 20:14:27+00:00,Unknown,55.75,2025,5,23
65776,47480,18859,2,51.5,2024-04-03 09:45:00+00:00,"8509 Cammy Cliffs, North Nellieton, RI 15636-6629",103.0,2024,4,3
62861,47348,19233,1,69.75,2024-09-24 16:38:40+00:00,Unknown,69.75,2024,9,24
69736,45480,19428,2,43.99,2025-03-31 23:24:07+00:00,Unknown,87.98,2025,3,31
70332,44989,19589,1,54.75,2024-08-01 01:30:26+00:00,Unknown,54.75,2024,8,1
64336,46537,19168,1,63.5,2024-09-23 15:39:14+00:00,Unknown,63.5,2024,9,23
68264,45317,18960,1,34.5,2024-12-24 06:21:47+00:00,Unknown,34.5,2024,12,24
66231,44697,19054,3,46.0,2025-02-18 16:56:04+00:00,Unknown,138.0,2025,2,18
66931,44384,19159,1,19.99,2025-07-19 11:41:00+00:00,"6652 Larson Courts, Carlosmouth, MN 12932-3500",19.99,2025,7,19
73535,45699,19419,1,53.25,2024-11-18 21:46:00+00:00,Unknown,53.25,2024,11,18
66062,44867,18875,2,45.75,2024-07-28 20:44:32+00:00,"Apt. 994 593 Hyatt Station, East Walter, CT 91789-8543",91.5,2024,7,28
64340,45778,19447,1,32.39,2024-11-13 04:43:42+00:00,Unknown,32.39,2024,11,13
72220,46054,19015,1,62.5,2025-06-27 20:04:53+00:00,Unknown,62.5,2025,6,27
66819,45432,19562,1,51.5,2024-10-13 15:48:23+00:00,Unknown,51.5,2024,10,13
65627,46238,19524,1,54.6,2024-07-21 06:52:37+00:00,Unknown,54.6,2024,7,21
72663,45665,19238,1,21.9,2024-12-19 21:53:50+00:00,Unknown,21.9,2024,12,19
65493,45427,19124,1,52.0,2024-12-28 14:26:23+00:00,Unknown,52.0,2024,12,28
71608,47488,19444,1,54.9,2025-06-14 22:01:00+00:00,Unknown,54.9,2025,6,14
70349,47110,18961,1,69.5,2024-11-03 15:05:00+00:00,Unknown,69.5,2024,11,3
63750,46463,19305,1,69.0,2024-11-17 15:15:00+00:00,Unknown,69.0,2024,11,17
67554,47617,19322,1,80.4,2025-01-27 06:21:00+00:00,Unknown,80.4,2025,1,27
63899,46424,18982,1,57.0,2024-06-30 07:15:52+00:00,Unknown,57.0,2024,6,30
66079,45136,19199,1,15.0,2025-04-06 07:18:45+00:00,Unknown,15.0,2025,4,6
73226,45486,18956,1,64.2,2024-08-10 07:21:00+00:00,"47540 Elwood Ridge, Gradyport, AR 72615-0740",64.2,2024,8,10
67350,46877,18898,1,89.99,2024-08-04 22:22:25+00:00,"99087 Herman Place, Geneviveside, NH 66990",89.99,2024,8,4
70252,47195,19199,1,20.7,2024-09-09 14:37:00+00:00,Unknown,20.7,2024,9,9
68435,44877,19538,1,65.4,2024-07-01 13:28:08+00:00,Unknown,65.4,2024,7,1
65434,46885,19527,1,73.99,2024-05-01 19:23:44.305000+00:00,"Suite 707 59997 Friesen Mews, New Stanfordton, AK 89574-4868",73.99,2024,5,1
68666,44703,19568,1,45.0,2024-08-20 13:03:14+00:00,"Apt. 575 40000 Leone Springs, North Sidney, WI 54095",45.0,2024,8,20
72708,44346,19259,1,61.0,2025-04-25 03:07:00+00:00,Unknown,61.0,2025,4,25
63063,44661,18846,5,23.25,2024-03-28 13:47:42+00:00,Unknown,116.25,2024,3,28
67636,44685,18856,2,56.39,2025-07-09 23:03:55+00:00,Unknown,112.78,2025,7,9
67681,45101,18983,3,35.0,2024-12-22 23:54:00+00:00,Unknown,105.0,2024,12,22
67983,46893,19018,1,20.39,2024-03-21 10:08:00+00:00,Unknown,20.39,2024,3,21
64287,45450,19523,1,33.5,2024-08-23 14:24:24+00:00,Unknown,33.5,2024,8,23
69537,44751,19148,1,39.0,2025-01-17 20:58:58+00:00,"Apt. 706 165 Cordell Tunnel, Rashadfurt, VT 62232",39.0,2025,1,17
73593,46039,18887,2,57.59,2025-04-07 00:59:59+00:00,Unknown,115.18,2025,4,7
69740,46721,18870,2,64.79,2024-05-16 07:45:20+00:00,Unknown,129.58,2024,5,16
70910,45921,19502,2,39.99,2024-04-03 07:19:52+00:00,Unknown,79.98,2024,4,3
68132,45299,19052,3,85.2,2024-12-20 12:26:01+00:00,Unknown,255.6,2024,12,20
69041,45992,19032,1,73.5,2024-05-12 15:17:30+00:00,Unknown,73.5,2024,5,12
70726,47038,19053,4,53.25,2025-04-06 17:30:00+00:00,"Suite 805 356 Grady Hollow, North Kevin, NJ 82342",213.0,2025,4,6
69312,47298,19043,1,17.5,2024-09-25 01:10:57+00:00,Unknown,17.5,2024,9,25
71022,46000,19219,1,30.5,2024-07-16 12:54:26+00:00,"Suite 505 56935 Beier Forge, Cruickshankfurt, NE 78924-9065",30.5,2024,7,16
72356,44487,19024,2,71.4,2025-02-21 08:20:58+00:00,"91073 Conn Extensions, North Luella, AL 73096-7135",142.8,2025,2,21
70505,45048,19162,2,66.25,2025-07-06 19:47:06.288000+00:00,"Suite 256 4320 Bernhard Divide, Lake Janeenborough, UT 46104",132.5,2025,7,6
68067,46601,19144,1,57.3,2024-11-11 04:56:00+00:00,Unknown,57.3,2024,11,11
66424,47563,18912,1,63.5,2025-01-06 22:43:32+00:00,Unknown,63.5,2025,1,6
71119,45998,19574,1,50.25,2024-02-28 02:08:19+00:00,Unknown,50.25,2024,2,28
73715,44888,19589,2,68.1,2024-07-28 10:41:53.082000+00:00,Unknown,136.2,2024,7,28
67863,44592,18893,1,64.2,2024-10-16 23:30:00+00:00,Unknown,64.2,2024,10,16
68100,46753,19024,1,66.3,2024-11-26 10:52:03+00:00,Unknown,66.3,2024,11,26
66862,46171,18862,1,30.75,2024-05-31 17:23:54+00:00,Unknown,30.75,2024,5,31
73882,47407,19020,1,16.0,2025-01-21 23:29:45+00:00,Unknown,16.0,2025,1,21
69179,44752,18839,4,28.79,2024-07-01 22:27:00+00:00,Unknown,115.16,2024,7,1
69595,45414,19497,5,54.0,2025-01-17 03:27:10.591000+00:00,Unknown,270.0,2025,1,17
66186,45561,19401,1,57.0,2024-09-27 10:58:53+00:00,Unknown,57.0,2024,9,27
63097,46819,19129,1,22.5,2025-02-24 14:08:22+00:00,Unknown,22.5,2025,2,24
72182,46745,19004,3,69.5,2024-10-12 10:05:50.642000+00:00,"Apt. 921 35048 Hilll Overpass, Lesleechester, SC 00463",208.5,2024,10,12
62891,45415,18961,1,70.5,2025-03-14 00:26:00+00:00,Unknown,70.5,2025,3,14
70319,44515,19563,1,67.5,2025-06-08 08:01:00+00:00,Unknown,67.5,2025,6,8
64805,44463,19336,1,46.0,2024-10-14 12:10:38+00:00,Unknown,46.0,2024,10,14
70315,44955,18961,1,72.99,2024-12-16 12:58:46+00:00,Unknown,72.99,2024,12,16
72544,47320,18980,2,60.0,2025-03-30 04:40:00+00:00,"Apt. 971 974 Eli Hill, Georgettemouth, RI 40360-8776",120.0,2025,3,30
69433,46807,19379,1,53.5,2025-09-17 19:31:53.578000+00:00,Unknown,53.5,2025,9,17
66285,44605,19086,1,73.25,2024-11-02 02:00:57+00:00,Unknown,73.25,2024,11,2
70530,46362,18918,1,70.0,2025-07-14 04:38:36+00:00,Unknown,70.0,2025,7,14
68228,45306,19119,3,61.5,2025-04-04 09:04:00+00:00,Unknown,184.5,2025,4,4
66596,45623,18944,3,19.2,2025-01-29 13:24:00+00:00,"505 Schiller Roads, East Cary, NM 02146",57.6,2025,1,29
64557,46358,19299,2,38.4,2025-02-20 08:49:31+00:00,Unknown,76.8,2025,2,20
66441,46832,19333,5,31.99,2025-06-24 21:06:00+00:00,"63207 Blythe Cove, Lehnerstad, SD 62983",159.95,2025,6,24
63110,45921,18887,1,48.5,2024-08-25 17:14:14+00:00,Unknown,48.5,2024,8,25
70108,47025,19526,2,83.99,2024-12-21 19:12:05+00:00,Unknown,167.98,2024,12,21
71434,47263,19404,2,32.75,2024-09-20 17:14:13+00:00,"303 Dooley Loaf, West Jodymouth, WY 46761-3550",65.5,2024,9,20
65667,45474,19434,1,18.6,2024-08-01 15:37:00+00:00,"Apt. 488 7704 Boehm Trace, Hoppeburgh, NV 03223-7801",18.6,2024,8,1
68858,45634,18921,1,45.0,2024-08-31 02:54:41+00:00,Unknown,45.0,2024,8,31
65529,46393,19309,1,68.5,2025-04-22 19:21:47+00:00,"2050 Larkin Center, East Marshallburgh, MO 84051",68.5,2025,4,22
69996,44369,19243,1,38.99,2024-12-27 09:03:17+00:00,Unknown,38.99,2024,12,27
70334,47017,19553,4,55.2,2025-02-03 20:01:03+00:00,"Suite 437 234 Metz Land, Robinborough, TX 07017",220.8,2025,2,3
65857,45231,18877,1,52.0,2025-06-24 06:44:36.194000+00:00,Unknown,52.0,2025,6,24
67357,44490,19309,5,69.0,2025-05-27 01:56:00+00:00,Unknown,345.0,2025,5,27
71915,45389,19161,1,36.0,2024-08-27 00:33:46+00:00,"Suite 254 63023 Beer Estate, Greenholtport, ID 11766-7363",36.0,2024,8,27
63408,45326,19157,2,31.99,2024-04-01 00:27:38+00:00,Unknown,63.98,2024,4,1
66174,47165,18909,1,27.0,2024-07-28 07:58:00+00:00,Unknown,27.0,2024,7,28
73201,47370,19005,1,35.5,2025-06-26 19:10:46+00:00,Unknown,35.5,2025,6,26
68221,46480,19562,1,63.59,2025-08-09 09:44:00+00:00,Unknown,63.59,2025,8,9
73941,44976,18954,1,40.5,2025-03-05 03:45:37+00:00,"5125 Luvenia Views, Natoshaview, OK 17568-4608",40.5,2025,3,5
71575,45708,19050,1,79.19,2024-07-24 02:18:38+00:00,Unknown,79.19,2024,7,24
64165,45911,19548,1,50.99,2025-04-10 23:41:00+00:00,Unknown,50.99,2025,4,10
65968,46236,19588,1,65.0,2024-11-15 16:19:59+00:00,Unknown,65.0,2024,11,15
69696,44418,19582,3,47.25,2025-01-06 15:10:16+00:00,Unknown,141.75,2025,1,6
64908,47135,19336,5,49.0,2025-06-04 09:46:00+00:00,Unknown,245.0,2025,6,4
69771,45123,19495,1,37.5,2024-08-28 09:26:30+00:00,"697 Lien Track, Sipeshaven, OR 60574-6267",37.5,2024,8,28
68660,46240,19354,3,50.1,2025-02-12 00:18:24+00:00,Unknown,150.3,2025,2,12
72758,44945,18840,3,48.5,2025-04-12 05:49:10+00:00,Unknown,145.5,2025,4,12
68655,46316,19449,1,57.0,2024-07-12 10:09:51+00:00,Unknown,57.0,2024,7,12
73963,44395,19211,1,48.75,2025-02-05 02:03:59+00:00,"855 Monte Stream, South Ilene, UT 39916-4716",48.75,2025,2,5
68424,44676,19504,2,74.1,2024-08-23 09:13:56.648000+00:00,Unknown,148.2,2024,8,23
63415,47174,18956,1,65.4,2024-03-03 02:10:43+00:00,"39676 Moen Station, Boyleshire, DE 28150",65.4,2024,3,3
70366,44340,19052,1,80.1,2024-12-28 14:44:10+00:00,Unknown,80.1,2024,12,28
63651,45404,19448,3,58.0,2024-07-31 11:29:04.622000+00:00,Unknown,174.0,2024,7,31
73626,44668,19564,1,53.75,2024-09-07 20:16:19.131000+00:00,"880 Cormier Trafficway, Lake Abbyton, NM 64905",53.75,2024,9,7
64904,46454,19397,4,27.0,2024-11-30 17:54:54+00:00,Unknown,108.0,2024,11,30
65669,46587,19188,2,52.79,2024-12-26 21:56:00+00:00,"406 Schoen Mill, Lake Kathrynborough, KS 90295",105.58,2024,12,26
66899,46626,19273,1,44.0,2025-01-17 07:07:38+00:00,Unknown,44.0,2025,1,17
68363,45293,18916,1,53.5,2024-09-28 23:22:00+00:00,"6246 Wisozk Park, West Reita, AL 58927",53.5,2024,9,28
68186,45862,18845,2,70.5,2024-08-08 03:28:35.822000+00:00,Unknown,141.0,2024,8,8
68549,46474,19305,1,55.75,2024-11-20 08:27:29+00:00,"Suite 794 46675 Dalton Well, Sammieville, NC 01680-2830",55.75,2024,11,20
73068,44927,18974,1,48.0,2024-12-24 09:29:00+00:00,Unknown,48.0,2024,12,24
67009,46834,19058,2,21.6,2025-05-20 03:24:00+00:00,Unknown,43.2,2025,5,20
63370,46822,19095,1,76.8,2024-02-08 05:33:26+00:00,Unknown,76.8,2024,2,8
68635,47594,19359,2,48.0,2025-01-07 10:42:00+00:00,"Apt. 655 417 Schiller Road, Lake Nicol, UT 46098-3131",96.0,2025,1,7
70733,45760,19107,1,89.4,2025-02-16 00:51:04+00:00,Unknown,89.4,2025,2,16
65558,46465,18967,1,70.0,2024-03-19 02:13:00+00:00,Unknown,70.0,2024,3,19
66668,45300,19525,1,61.75,2024-08-29 18:39:00+00:00,Unknown,61.75,2024,8,29
69119,45030,19025,2,42.0,2025-02-12 21:25:00+00:00,Unknown,84.0,2025,2,12
66282,46804,19333,1,34.8,2024-10-21 15:37:32+00:00,Unknown,34.8,2024,10,21
69244,44418,19561,1,32.39,2024-09-07 12:54:52+00:00,Unknown,32.39,2024,9,7
68351,46405,19215,1,20.0,2024-10-25 00:48:59+00:00,"7422 Reynolds Isle, West Vinnie, VT 69097-2973",20.0,2024,10,25
64902,46213,18937,1,66.0,2025-08-16 22:19:00+00:00,Unknown,66.0,2025,8,16
67472,46970,18840,1,59.7,2025-01-22 18:59:37+00:00,Unknown,59.7,2025,1,22
63170,45885,18857,1,73.25,2024-07-10 05:20:31+00:00,Unknown,73.25,2024,7,10
63487,47045,19479,1,68.7,2024-04-25 05:32:23+00:00,Unknown,68.7,2024,4,25
66034,47298,19374,5,21.5,2025-06-17 07:03:15+00:00,Unknown,107.5,2025,6,17
68056,47525,18981,1,68.25,2024-10-02 14:06:06+00:00,Unknown,68.25,2024,10,2
72367,46912,19417,1,22.75,2025-05-29 01:40:00+00:00,Unknown,22.75,2025,5,29
62893,46982,19533,1,49.0,2024-11-16 20:44:52+00:00,Unknown,49.0,2024,11,16
66378,45149,19169,1,70.5,2024-07-22 20:24:00+00:00,Unknown,70.5,2024,7,22
72987,46976,19439,1,71.75,2025-05-27 09:45:01+00:00,"Suite 663 9525 Wolff Station, Lake Margarito, NE 15324-0895",71.75,2025,5,27
72772,45385,19017,1,64.2,2024-06-28 15:49:10+00:00,"507 Sidney Mission, East Lula, AR 90860",64.2,2024,6,28
68418,44665,19220,1,61.0,2024-11-02 15:03:07+00:00,Unknown,61.0,2024,11,2
68299,45246,19443,1,29.4,2025-01-29 04:00:58+00:00,Unknown,29.4,2025,1,29
72209,47551,18926,1,37.99,2024-08-03 20:44:05.091000+00:00,Unknown,37.99,2024,8,3
65297,45027,19012,2,45.5,2025-01-28 06:59:00+00:00,Unknown,91.0,2025,1,28
63473,46202,19467,1,71.0,2024-04-12 10:44:09+00:00,"Apt. 504 15137 Denver Bridge, Port Monroe, WA 84929",71.0,2024,4,12
66183,46809,19099,1,56.75,2024-12-20 02:50:00+00:00,Unknown,56.75,2024,12,20
65412,47189,19358,3,63.0,2024-12-06 21:06:00+00:00,Unknown,189.0,2024,12,6
68837,44603,18906,2,42.99,2024-11-25 03:08:11+00:00,Unknown,85.98,2024,11,25
70402,46790,19033,1,38.4,2024-07-24 23:54:00+00:00,"1926 Rachelle Alley, South Dorine, NH 44890-6255",38.4,2024,7,24
68930,45691,19253,1,38.0,2024-10-27 23:16:28.602000+00:00,Unknown,38.0,2024,10,27
71869,44674,19307,1,26.99,2025-03-19 02:06:55+00:00,"Suite 721 76916 Myles Course, Lake Inell, HI 54112-2593",26.99,2025,3,19
71350,47260,19451,1,54.99,2024-07-19 06:36:11+00:00,Unknown,54.99,2024,7,19
65799,47157,19276,1,20.7,2024-11-16 21:40:21+00:00,"482 Ruben Isle, North Julianhaven, WV 95003",20.7,2024,11,16
69109,47015,19059,1,63.0,2024-12-07 04:15:29+00:00,"Apt. 421 32379 Bauch Branch, North Elliottland, IA 60167",63.0,2024,12,7
72931,45089,19372,2,59.0,2024-07-15 04:39:00+00:00,Unknown,118.0,2024,7,15
72838,44610,18994,2,38.75,2024-10-21 00:50:11+00:00,Unknown,77.5,2024,10,21
69514,46123,19105,1,39.9,2025-01-01 04:00:12+00:00,"86955 Sharda Oval, New Dannyton, ME 18995-9403",39.9,2025,1,1
66295,46000,19494,1,32.99,2025-07-12 00:09:08+00:00,Unknown,32.99,2025,7,12
73240,45415,19236,1,69.0,2025-07-01 06:45:32+00:00,"33116 Schamberger Ridge, Reingerton, WY 45449",69.0,2025,7,1
73425,47578,19311,1,64.75,2024-11-01 17:31:01+00:00,"Apt. 353 950 Schoen Mountain, South Davinachester, NE 21867-9337",64.75,2024,11,1
69184,46169,19097,1,63.0,2024-09-16 00:21:55+00:00,Unknown,63.0,2024,9,16
63401,47032,18972,1,29.0,2025-08-18 18:19:48.743000+00:00,Unknown,29.0,2025,8,18
68504,45344,19356,1,64.8,2024-07-07 19:45:30+00:00,"Apt. 726 922 Becker Shore, New Dirk, ME 76953-7711",64.8,2024,7,7
65353,46525,19402,2,26.99,2024-12-16 21:20:00+00:00,"Suite 734 28378 Leuschke Wall, Wittingfort, IL 71594",53.98,2024,12,16
72749,46143,19160,1,72.0,2025-02-18 15:16:59+00:00,Unknown,72.0,2025,2,18
63272,47312,19573,1,36.0,2024-11-18 06:32:05.315000+00:00,Unknown,36.0,2024,11,18
65726,44771,19330,3,63.5,2024-07-23 05:17:00+00:00,"24442 Kunze Key, Kihnberg, OR 34857",190.5,2024,7,23
72127,44556,19392,1,58.8,2025-05-30 03:20:00+00:00,Unknown,58.8,2025,5,30
65153,45651,19360,1,62.25,2025-06-08 09:59:42.338000+00:00,Unknown,62.25,2025,6,8
71074,47136,19263,1,32.7,2025-03-09 12:42:00+00:00,Unknown,32.7,2025,3,9
63579,46746,19345,1,62.0,2025-01-03 10:42:00+00:00,Unknown,62.0,2025,1,3
69872,46684,18976,1,30.6,2025-01-26 13:06:15+00:00,Unknown,30.6,2025,1,26
69168,47234,19031,1,20.4,2024-08-14 00:57:08+00:00,Unknown,20.4,2024,8,14
72824,44567,19169,1,70.0,2024-09-09 02:15:13+00:00,"Apt. 705 147 Ralph Viaduct, Gorczanyton, WV 17753",70.0,2024,9,9
68346,45392,19430,1,64.2,2025-03-23 11:25:23+00:00,Unknown,64.2,2025,3,23
66577,46935,19433,3,81.59,2024-10-03 12:04:11+00:00,"5324 Pacocha Hill, Cheriseton, IN 14427-1229",244.77,2024,10,3
69363,45384,19562,1,53.5,2024-11-06 15:53:00+00:00,Unknown,53.5,2024,11,6
72485,44469,19309,1,68.0,2024-10-04 02:06:46+00:00,Unknown,68.0,2024,10,4
69250,46489,19207,1,54.0,2024-08-21 12:39:01+00:00,Unknown,54.0,2024,8,21
63605,47421,19412,4,30.5,2024-04-11 16:46:16+00:00,Unknown,122.0,2024,4,11
71578,47517,19229,1,22.79,2024-05-19 18:32:03+00:00,"Apt. 588 352 Gleichner Crescent, South Lupefurt, VT 24808",22.79,2024,5,19
73293,46774,19218,1,69.5,2024-10-02 12:00:34+00:00,Unknown,69.5,2024,10,2
68214,45647,19365,1,78.3,2024-09-05 05:44:50+00:00,"Suite 547 7112 Nita Villages, Lindgrenside, WI 74504",78.3,2024,9,5
71327,45036,19217,1,32.5,2025-01-08 09:40:06+00:00,"Apt. 203 119 Kertzmann Via, Stromanton, AK 32810-6470",32.5,2025,1,8
62995,47386,19583,3,56.99,2024-10-28 01:08:00+00:00,Unknown,170.97,2024,10,28
67974,45669,19356,1,50.0,2024-10-07 19:16:00+00:00,Unknown,50.0,2024,10,7
64867,46413,19541,2,30.5,2025-01-06 05:05:50+00:00,"Suite 634 3828 Hintz Square, Port Dennisland, MS 33380-9653",61.0,2025,1,6
68756,47247,19527,2,73.0,2024-08-31 12:36:47+00:00,Unknown,146.0,2024,8,31
64237,45620,19139,1,67.2,2024-11-05 14:26:04.950000+00:00,"1910 Pollich Skyway, Charleyberg, MS 29517-1132",67.2,2024,11,5
67047,45685,19062,1,21.9,2025-05-21 23:43:29+00:00,"916 Hipolito Camp, West Scotthaven, WI 65023",21.9,2025,5,21
63534,45705,18984,1,23.1,2025-05-06 21:52:45.085000+00:00,"Apt. 514 32569 Howe Islands, South Eliasburgh, NH 31192",23.1,2025,5,6
64518,46229,19490,1,50.0,2024-11-09 11:48:40+00:00,Unknown,50.0,2024,11,9
63189,45964,19473,1,27.6,2025-02-08 20:46:36+00:00,"5919 Christiansen Skyway, Burlport, OH 77054-2675",27.6,2025,2,8
69487,44496,19411,1,53.1,2025-01-29 06:57:40+00:00,"14371 Kozey Cove, North Beata, MT 93735",53.1,2025,1,29
67996,47280,18922,1,18.0,2024-09-19 16:15:15+00:00,Unknown,18.0,2024,9,19
73303,45345,19176,1,22.0,2025-01-12 14:46:41+00:00,Unknown,22.0,2025,1,12
69120,47189,19127,1,74.7,2024-12-01 18:15:01+00:00,Unknown,74.7,2024,12,1
72166,47274,19011,1,54.99,2024-04-04 07:18:45+00:00,Unknown,54.99,2024,4,4
63484,46090,19163,2,13.5,2024-09-14 23:28:15+00:00,Unknown,27.0,2024,9,14
65711,47022,19520,2,29.5,2025-02-10 17:10:06+00:00,"68076 Marty Fork, Quintonfurt, NM 31831-9435",59.0,2025,2,10
70603,44931,19250,1,30.5,2024-09-21 15:01:19+00:00,Unknown,30.5,2024,9,21
71252,46252,19010,1,79.5,2024-06-27 21:12:47.990000+00:00,Unknown,79.5,2024,6,27
72384,46790,19309,3,66.0,2024-10-02 16:23:00+00:00,"1926 Rachelle Alley, South Dorine, NH 44890-6255",198.0,2024,10,2
65333,45470,19559,1,68.75,2025-04-16 09:05:06+00:00,Unknown,68.75,2025,4,16
63746,45594,19529,1,22.79,2025-02-17 04:21:49+00:00,Unknown,22.79,2025,2,17
72622,47121,19301,4,68.5,2024-10-15 03:51:00+00:00,Unknown,274.0,2024,10,15
73204,46957,18867,1,56.75,2025-01-19 22:37:00+00:00,"2112 Luann Port, Jacelynberg, NJ 27829-3725",56.75,2025,1,19
68376,46280,19561,4,23.75,2024-08-08 13:01:21+00:00,Unknown,95.0,2024,8,8
63503,45624,19229,3,19.0,2025-01-29 17:10:10+00:00,Unknown,57.0,2025,1,29
64192,47552,19020,1,20.0,2025-03-29 15:01:38+00:00,Unknown,20.0,2025,3,29
63655,47452,19201,4,47.99,2025-03-08 15:39:00+00:00,"Apt. 354 29008 Roberto Lakes, Novellaland, NV 96667",191.96,2025,3,8
73834,45034,19355,1,40.75,2025-02-07 13:18:34+00:00,"Suite 169 865 Moira Row, New Ezekielshire, MT 63914",40.75,2025,2,7
73370,47088,19419,1,49.0,2025-09-14 10:37:47+00:00,"7469 Ortiz Fork, South Maynard, CT 36117",49.0,2025,9,14
73084,46827,18951,2,66.0,2025-04-15 12:14:04+00:00,Unknown,132.0,2025,4,15
64844,46903,18856,1,48.75,2025-02-28 20:35:00+00:00,Unknown,48.75,2025,2,28
70498,44780,19095,1,71.7,2024-08-01 03:17:28+00:00,Unknown,71.7,2024,8,1
63594,44417,19535,1,65.25,2024-02-27 17:38:28+00:00,Unknown,65.25,2024,2,27
64718,46505,19021,1,35.0,2025-04-04 21:53:42.494000+00:00,Unknown,35.0,2025,4,4
69561,46388,19016,1,54.9,2024-03-14 10:36:31.661000+00:00,Unknown,54.9,2024,3,14
64911,45288,19114,1,51.6,2024-12-03 02:02:55+00:00,"881 Maud Well, Renaburgh, CA 20556-8196",51.6,2024,12,3
64338,45593,19055,2,23.4,2025-04-19 17:50:00+00:00,Unknown,46.8,2025,4,19
67363,46104,19352,1,34.75,2025-01-18 10:03:40+00:00,Unknown,34.75,2025,1,18
64829,44997,19396,1,54.6,2024-07-11 15:44:09+00:00,"41395 Powlowski Villages, East Joaquina, AZ 23988",54.6,2024,7,11
71848,46873,19456,2,34.5,2024-10-25 19:08:30+00:00,Unknown,69.0,2024,10,25
65088,45680,19293,1,30.0,2025-08-06 10:56:50+00:00,Unknown,30.0,2025,8,6
73611,45443,18959,1,61.8,2024-02-08 14:21:06+00:00,Unknown,61.8,2024,2,8
71321,47501,19250,1,27.0,2024-12-08 00:56:03+00:00,Unknown,27.0,2024,12,8
66658,45275,19274,3,73.0,2024-11-02 21:22:00+00:00,Unknown,219.0,2024,11,2
72241,47414,18943,2,85.5,2025-02-10 03:39:55.487000+00:00,Unknown,171.0,2025,2,10
71200,45303,19456,1,39.0,2025-05-24 12:01:11+00:00,Unknown,39.0,2025,5,24
70812,45115,19465,1,55.2,2024-08-07 00:37:50.377000+00:00,Unknown,55.2,2024,8,7
72085,46471,19330,1,58.5,2024-09-25 04:16:32+00:00,Unknown,58.5,2024,9,25
67024,44830,19150,1,45.0,2024-08-29 12:41:09+00:00,"62427 Yolonda Avenue, New Normand, MO 49902-1345",45.0,2024,8,29
71827,46121,19287,1,34.75,2024-08-17 23:56:15+00:00,"Suite 441 2318 Lianne Mall, West Baoland, AL 06257",34.75,2024,8,17
69687,45021,19032,1,83.4,2024-12-02 02:56:09+00:00,"Apt. 583 98429 Romona Locks, Carmeloton, ME 35184",83.4,2024,12,2
67155,46515,19437,1,43.8,2024-10-24 13:20:00+00:00,"6737 Eden Cove, Murazikburgh, UT 62610-9281",43.8,2024,10,24
71345,45960,19542,2,69.9,2024-12-31 04:18:00+00:00,Unknown,139.8,2024,12,31
68174,45074,19359,1,46.99,2025-03-13 09:56:21.407000+00:00,Unknown,46.99,2025,3,13
70925,46123,19121,2,89.7,2024-06-04 08:17:48+00:00,"86955 Sharda Oval, New Dannyton, ME 18995-9403",179.4,2024,6,4
73876,46648,19412,1,33.0,2024-07-04 22:28:12+00:00,"63753 Lurlene Land, Franeckibury, NJ 86647-7842",33.0,2024,7,4
70969,46268,19011,1,67.2,2024-12-30 06:13:59+00:00,"Suite 277 6065 Jeremiah Turnpike, North Mathew, ID 92997-3282",67.2,2024,12,30
67462,46341,19021,2,41.99,2024-12-26 03:55:22+00:00,Unknown,83.98,2024,12,26
70023,46551,19115,1,53.5,2024-03-25 21:10:38+00:00,Unknown,53.5,2024,3,25
70761,44543,19037,1,30.75,2024-07-12 06:48:00+00:00,Unknown,30.75,2024,7,12
66674,45692,19435,1,83.7,2024-12-20 03:57:04+00:00,"Suite 649 409 Leandro Mountains, West Bobby, OK 78671-4430",83.7,2024,12,20
65122,45534,19182,2,66.3,2024-08-14 06:43:00+00:00,Unknown,132.6,2024,8,14
73493,46059,19073,2,76.0,2025-04-17 00:00:37+00:00,Unknown,152.0,2025,4,17
65975,46729,19072,3,63.0,2025-06-02 12:28:00+00:00,Unknown,189.0,2025,6,2
68044,45052,19451,2,54.75,2024-12-01 10:18:44+00:00,Unknown,109.5,2024,12,1
63569,44365,19018,2,14.0,2025-01-04 10:50:03+00:00,Unknown,28.0,2025,1,4
73289,45979,19359,1,46.75,2025-02-23 15:11:00+00:00,"Apt. 893 161 Romaguera Vista, Alfredomouth, MI 36698",46.75,2025,2,23
68596,46909,18950,3,48.0,2024-12-29 12:55:21.016000+00:00,"5621 Soila Knolls, East Zackmouth, MO 82794-3011",144.0,2024,12,29
68434,47335,18850,3,33.99,2024-08-30 03:02:16+00:00,Unknown,101.97,2024,8,30
73637,44367,19524,2,49.5,2024-05-08 05:20:20+00:00,Unknown,99.0,2024,5,8
70741,45638,18944,5,13.0,2024-11-04 08:38:00+00:00,Unknown,65.0,2024,11,4
73594,45261,19309,1,67.25,2025-02-16 14:53:00+00:00,"Suite 737 54143 Miyoko Hollow, South Youngshire, HI 02561",67.25,2025,2,16
72494,44734,19072,1,58.5,2024-12-30 12:39:00+00:00,Unknown,58.5,2024,12,30
72628,44637,19243,4,46.79,2025-02-16 19:40:43+00:00,Unknown,187.16,2025,2,16
69705,45249,19552,5,44.1,2025-01-24 21:56:15.627000+00:00,Unknown,220.5,2025,1,24
69789,45384,19028,1,60.99,2024-12-22 21:56:03+00:00,"40080 Koss Cove, Marindastad, LA 55721-7761",60.99,2024,12,22
72979,47192,19404,1,27.0,2024-08-09 03:04:50+00:00,"18688 Altenwerth Glens, Port Shakita, AK 01009-9695",27.0,2024,8,9
72842,44594,19328,2,31.8,2024-12-25 09:08:21+00:00,Unknown,63.6,2024,12,25
66743,46007,18982,1,72.9,2024-08-25 16:16:11+00:00,Unknown,72.9,2024,8,25
68869,44924,19513,1,28.8,2025-05-30 20:51:36+00:00,"Apt. 168 52445 O'Reilly Green, Lake Lance, OK 82814-0503",28.8,2025,5,30
70081,44338,19518,1,34.8,2024-06-02 20:18:55+00:00,Unknown,34.8,2024,6,2
71943,44479,19533,2,48.75,2024-12-23 12:18:47+00:00,"Suite 645 290 Swaniawski Common, North Fatimah, DE 91912",97.5,2024,12,23
71001,47319,18943,1,70.0,2024-11-13 10:25:06+00:00,Unknown,70.0,2024,11,13
68417,45196,18967,1,88.2,2024-10-31 23:06:22+00:00,Unknown,88.2,2024,10,31
73827,47400,19064,1,77.1,2024-08-17 04:59:00+00:00,"3563 Kindra Light, Gleichnerside, KY 19277",77.1,2024,8,17
69708,47097,19396,1,46.75,2024-08-23 05:45:20+00:00,Unknown,46.75,2024,8,23
70575,46659,19039,3,42.75,2024-11-23 18:22:21+00:00,Unknown,128.25,2024,11,23
70955,45178,19521,1,15.75,2025-04-06 12:34:20+00:00,"84832 Del Plains, Sengerborough, WI 53162-2381",15.75,2025,4,6
63849,44364,18989,3,50.4,2024-10-15 17:55:21+00:00,Unknown,151.2,2024,10,15
73277,46942,19413,2,37.5,2025-07-04 12:23:00+00:00,Unknown,75.0,2025,7,4
63508,45099,19533,4,49.75,2025-03-14 05:46:36+00:00,Unknown,199.0,2025,3,14
66119,44622,19188,1,49.5,2024-11-14 04:14:00+00:00,Unknown,49.5,2024,11,14
63186,45640,19201,1,44.7,2025-03-24 05:18:00+00:00,"Apt. 660 15981 Little Junction, Fayview, MA 28265",44.7,2025,3,24
65488,44826,19213,2,34.0,2024-08-27 09:56:53+00:00,"7733 Tyrone Shores, Brakusland, ID 91099-2022",68.0,2024,8,27
63488,45877,19376,3,46.0,2024-11-09 07:27:22+00:00,Unknown,138.0,2024,11,9
65013,46830,19464,1,51.9,2025-03-16 10:53:00+00:00,Unknown,51.9,2025,3,16
71238,45084,19188,3,54.3,2025-07-24 14:32:00+00:00,Unknown,162.9,2025,7,24
66426,45726,19069,1,55.5,2024-11-25 06:44:18+00:00,Unknown,55.5,2024,11,25
67891,45081,18863,3,28.2,2024-08-05 13:51:00+00:00,"Apt. 167 4735 Douglas Bridge, West Lourie, MO 84030-7523",84.6,2024,8,5
69580,44660,18838,1,65.1,2024-12-31 21:10:42+00:00,"132 Mohr Key, Lake Angel, OK 72861",65.1,2024,12,31
68979,46367,19522,2,69.0,2025-07-25 04:33:58+00:00,Unknown,138.0,2025,7,25
70748,45913,19056,1,24.0,2025-01-11 16:19:00+00:00,Unknown,24.0,2025,1,11
67516,46480,19026,2,19.0,2024-12-11 23:00:34+00:00,Unknown,38.0,2024,12,11
64229,45433,19017,1,64.79,2024-10-09 21:46:51+00:00,Unknown,64.79,2024,10,9
65953,47065,19571,5,14.75,2024-10-01 09:51:32.967000+00:00,Unknown,73.75,2024,10,1
65618,46442,18900,1,81.59,2025-01-24 02:40:00+00:00,Unknown,81.59,2025,1,24
69719,45160,19581,1,28.99,2025-01-17 06:19:00+00:00,Unknown,28.99,2025,1,17
67917,45272,19537,1,54.0,2025-05-03 00:51:09+00:00,Unknown,54.0,2025,5,3
72074,45055,19225,1,77.4,2025-01-01 19:33:42.233000+00:00,"8614 Sporer Drives, Ricardoville, NH 46195-0457",77.4,2025,1,1
73157,45791,18942,1,21.25,2025-03-15 09:45:00+00:00,Unknown,21.25,2025,3,15
73501,45811,18909,1,30.0,2025-05-04 20:07:02+00:00,"Suite 112 290 Parker Stravenue, Russelfurt, MN 30548-1014",30.0,2025,5,4
64031,47034,19154,1,74.75,2025-04-14 06:37:17+00:00,Unknown,74.75,2025,4,14
67465,47459,19144,4,46.5,2024-04-18 19:14:00+00:00,Unknown,186.0,2024,4,18
63271,46111,19193,1,18.0,2024-10-03 13:28:48+00:00,Unknown,18.0,2024,10,3
65361,45522,19146,1,78.0,2025-01-11 10:22:42+00:00,"Suite 682 7178 Gavin Trace, Cummingsville, VA 62547",78.0,2025,1,11
63153,45631,19116,1,19.8,2024-10-02 13:28:00+00:00,"62801 Ruben Villages, Ferdinandburgh, KS 65210",19.8,2024,10,2
68727,44500,19099,1,53.0,2025-04-01 19:20:14+00:00,Unknown,53.0,2025,4,1
69717,47368,18841,2,23.7,2024-10-22 06:01:57.950000+00:00,Unknown,47.4,2024,10,22
71031,44747,19178,1,43.8,2025-04-23 15:56:15+00:00,Unknown,43.8,2025,4,23
72553,46327,19215,1,17.25,2024-02-08 07:39:23+00:00,"9677 Ferry Falls, North Chungside, MN 73940",17.25,2024,2,8
63834,45589,19028,1,62.0,2025-03-25 09:01:41.109000+00:00,Unknown,62.0,2025,3,25
64499,45804,19563,5,81.3,2025-01-21 10:58:58+00:00,Unknown,406.5,2025,1,21
65305,47173,18982,1,59.0,2025-01-29 13:32:00+00:00,Unknown,59.0,2025,1,29
69149,46694,18947,2,71.5,2024-11-16 23:12:00+00:00,Unknown,143.0,2024,11,16
73849,45692,18879,1,66.0,2025-04-29 01:12:59+00:00,Unknown,66.0,2025,4,29
66022,45940,18976,1,33.6,2025-09-05 15:41:00+00:00,Unknown,33.6,2025,9,5
73040,46716,19373,2,49.0,2024-09-11 11:56:47+00:00,Unknown,98.0,2024,9,11
64076,45896,19162,1,77.7,2024-12-13 11:37:00+00:00,Unknown,77.7,2024,12,13
67425,47358,19041,2,17.0,2025-03-13 04:20:40.644000+00:00,Unknown,34.0,2025,3,13
69246,46694,19494,1,31.5,2024-12-01 13:51:45+00:00,Unknown,31.5,2024,12,1
73006,47610,19291,5,73.8,2024-11-24 05:49:31+00:00,Unknown,369.0,2024,11,24
64011,45057,19458,1,69.6,2025-03-30 15:47:50.733000+00:00,Unknown,69.6,2025,3,30
66458,44740,19037,2,30.5,2025-01-22 10:32:19+00:00,Unknown,61.0,2025,1,22
67232,47047,19504,1,59.75,2024-08-27 18:43:34+00:00,Unknown,59.75,2024,8,27
69695,46789,19530,1,22.25,2025-02-05 21:25:03+00:00,Unknown,22.25,2025,2,5
66102,45572,19127,1,59.0,2024-07-26 13:48:11+00:00,"73032 Octavio Hill, Penelopeside, CT 43365-4603",59.0,2024,7,26
68621,47290,18992,1,86.1,2025-04-18 03:34:23.178000+00:00,"13685 Wally Way, Russelmouth, TX 18986-7669",86.1,2025,4,18
65094,45498,19373,1,49.5,2024-10-14 18:32:00+00:00,Unknown,49.5,2024,10,14
65272,46280,19570,1,46.25,2024-10-10 17:47:48+00:00,Unknown,46.25,2024,10,10
66005,44421,19069,2,41.0,2024-11-08 06:42:00+00:00,"5086 Erdman Fall, West Elois, CO 77141-0250",82.0,2024,11,8
64315,44526,18883,3,22.0,2024-05-10 07:24:45+00:00,Unknown,66.0,2024,5,10
72811,46648,18919,5,21.25,2025-02-12 15:37:39+00:00,Unknown,106.25,2025,2,12
66221,47452,18976,2,28.25,2024-10-27 03:00:00+00:00,"Apt. 354 29008 Roberto Lakes, Novellaland, NV 96667",56.5,2024,10,27
68652,44390,18981,1,70.0,2024-07-04 23:06:00+00:00,Unknown,70.0,2024,7,4
70996,46398,19466,1,26.7,2024-04-20 08:01:01+00:00,Unknown,26.7,2024,4,20
67964,45623,19516,2,37.5,2024-12-12 09:59:43+00:00,Unknown,75.0,2024,12,12
64622,44848,19092,1,48.5,2025-03-06 02:03:00+00:00,"Suite 192 12975 Halvorson Points, South Fredrick, MD 79230-3027",48.5,2025,3,6
70861,46616,19499,1,28.25,2024-10-24 23:04:00+00:00,"Apt. 811 40723 Demetrice Route, Heidenreichton, CA 47819-7679",28.25,2024,10,24
66414,44671,18992,1,70.0,2025-07-06 08:17:46+00:00,"47854 Schiller Court, Ernserchester, SD 13935-1819",70.0,2025,7,6
71067,46296,19315,1,58.5,2025-01-12 08:04:00+00:00,Unknown,58.5,2025,1,12
63667,45076,19146,1,67.99,2024-12-05 07:43:35+00:00,"4965 Homenick Ford, Durganmouth, NH 04710-8940",67.99,2024,12,5
72228,47160,19366,1,25.5,2024-08-10 08:27:42+00:00,Unknown,25.5,2024,8,10
69451,44519,19311,1,69.5,2025-01-09 23:15:18+00:00,Unknown,69.5,2025,1,9
72413,46667,19120,1,64.0,2025-01-11 08:30:00+00:00,"Apt. 279 98511 Cronin Center, Reynafort, NV 66956",64.0,2025,1,11
63845,45651,18844,1,48.9,2025-03-08 00:56:40+00:00,Unknown,48.9,2025,3,8
66897,45640,19108,1,37.5,2024-06-07 19:19:07.885000+00:00,"Apt. 660 15981 Little Junction, Fayview, MA 28265",37.5,2024,6,7
63567,47317,19580,2,72.25,2025-01-24 22:19:19+00:00,Unknown,144.5,2025,1,24
73531,47271,19005,1,38.0,2024-06-29 10:57:55+00:00,Unknown,38.0,2024,6,29
66192,47086,18990,1,58.8,2024-05-10 17:38:19+00:00,"Apt. 909 942 Christiansen Flat, Gilbertview, IA 00046",58.8,2024,5,10
69977,46276,19137,1,60.0,2025-04-29 18:58:00+00:00,"381 Herman Groves, North Darenview, WA 40932-2806",60.0,2025,4,29
66592,45932,18986,1,63.0,2024-05-10 04:04:00+00:00,"4588 Mohr Brook, Schroederton, ME 92095-0124",63.0,2024,5,10
65902,47363,18924,1,28.99,2025-03-05 10:28:35+00:00,Unknown,28.99,2025,3,5
65577,44424,19589,1,67.8,2024-12-15 20:09:00+00:00,Unknown,67.8,2024,12,15
73394,46194,19485,1,63.25,2024-10-11 16:29:00+00:00,"Apt. 310 129 Stamm Drive, Hintzville, WV 49645",63.25,2024,10,11
67603,44605,19072,1,75.3,2024-12-12 12:03:13+00:00,Unknown,75.3,2024,12,12
66310,44940,19569,1,70.0,2024-09-18 02:11:00+00:00,Unknown,70.0,2024,9,18
71424,44567,19396,1,56.1,2025-01-11 13:18:54+00:00,Unknown,56.1,2025,1,11
65804,45444,18922,3,19.0,2025-03-11 18:21:35.420000+00:00,Unknown,57.0,2025,3,11
70860,46378,18874,1,55.0,2025-05-02 16:16:00+00:00,Unknown,55.0,2025,5,2
67706,47518,19521,1,14.0,2024-11-18 03:33:14+00:00,Unknown,14.0,2024,11,18
68020,45175,19406,1,57.0,2025-06-03 13:12:00+00:00,Unknown,57.0,2025,6,3
63840,47148,18867,5,58.0,2024-09-18 21:37:28+00:00,"Apt. 251 84540 Tiffiny Dale, Shiraside, AR 09535",290.0,2024,9,18
66949,44807,19443,5,28.5,2024-12-23 18:40:00+00:00,Unknown,142.5,2024,12,23
63904,44750,19285,4,61.5,2024-09-08 13:48:00+00:00,Unknown,246.0,2024,9,8
72094,47401,19357,1,12.0,2024-09-23 18:25:00+00:00,Unknown,12.0,2024,9,23
70139,47086,19568,2,57.9,2024-06-15 23:30:54+00:00,"Apt. 909 942 Christiansen Flat, Gilbertview, IA 00046",115.8,2024,6,15
71423,46769,18985,1,55.0,2024-11-08 23:55:00+00:00,"3502 Jeromy Corner, North Sol, HI 45275-4149",55.0,2024,11,8
63841,45466,19399,1,18.6,2025-01-10 12:11:08.630000+00:00,Unknown,18.6,2025,1,10
66093,46681,18843,1,16.8,2025-02-07 14:35:46+00:00,Unknown,16.8,2025,2,7
71137,46752,18919,3,18.99,2025-01-11 01:29:28+00:00,Unknown,56.97,2025,1,11
64422,46071,19036,1,65.5,2025-04-29 06:07:00+00:00,Unknown,65.5,2025,4,29
67043,44509,19561,1,27.0,2025-01-30 18:09:54+00:00,"62222 Keneth Neck, West Brockbury, WV 10426-4853",27.0,2025,1,30
72665,46521,19039,2,51.9,2024-09-08 11:11:00+00:00,Unknown,103.8,2024,9,8
65058,46515,19187,1,60.0,2024-12-26 06:17:00+00:00,"6737 Eden Cove, Murazikburgh, UT 62610-9281",60.0,2024,12,26
64781,47325,18977,1,31.75,2024-08-25 17:13:31+00:00,Unknown,31.75,2024,8,25
65310,45468,19538,1,58.25,2025-03-24 22:25:24+00:00,Unknown,58.25,2025,3,24
70866,45259,19164,1,36.5,2024-07-22 22:12:53+00:00,Unknown,36.5,2024,7,22
72419,45758,19239,1,73.75,2025-04-22 05:25:06+00:00,Unknown,73.75,2025,4,22
69423,45225,19073,4,76.75,2024-05-14 23:31:00+00:00,Unknown,307.0,2024,5,14
73696,45007,19578,1,43.25,2024-06-05 18:54:00+00:00,Unknown,43.25,2024,6,5
70664,46365,18985,2,70.2,2024-10-21 00:23:37+00:00,Unknown,140.4,2024,10,21
65941,46360,19013,2,53.4,2024-07-22 14:42:00+00:00,"22074 McGlynn Plains, North Helen, NM 53887-9972",106.8,2024,7,22
65395,47118,19170,3,72.75,2024-12-25 11:51:44+00:00,Unknown,218.25,2024,12,25
68142,46381,19283,3,21.6,2024-11-07 18:49:42+00:00,Unknown,64.8,2024,11,7
71993,45913,19022,1,79.2,2025-01-31 00:30:48+00:00,Unknown,79.2,2025,1,31
69659,46289,19147,3,27.0,2024-10-25 15:35:52.953000+00:00,Unknown,81.0,2024,10,25
71922,45716,19412,1,30.0,2025-06-26 00:24:30.036000+00:00,Unknown,30.0,2025,6,26
66170,46466,18984,1,15.99,2024-07-16 00:41:00+00:00,Unknown,15.99,2024,7,16
68354,46168,19143,1,31.5,2025-04-19 17:19:36+00:00,Unknown,31.5,2025,4,19
73805,44643,19437,2,43.2,2024-11-05 13:53:50+00:00,Unknown,86.4,2024,11,5
72692,44961,19219,1,25.0,2025-01-04 20:48:39+00:00,Unknown,25.0,2025,1,4
72344,44399,19036,1,68.5,2024-03-18 13:14:00+00:00,"3608 Zack Parkway, New Florenechester, NE 15739",68.5,2024,3,18
70728,44543,18935,1,69.0,2024-07-13 20:34:02+00:00,Unknown,69.0,2024,7,13
70491,45137,19399,1,15.0,2025-01-07 01:27:04+00:00,"Apt. 829 65212 Rippin Walk, Eveliatown, SD 99712",15.0,2025,1,7
72465,45498,19040,1,15.99,2025-04-13 14:39:00+00:00,"78873 Joe Lakes, Dachchester, HI 15241-7083",15.99,2025,4,13
65495,45621,19076,1,18.0,2025-01-27 03:17:01+00:00,Unknown,18.0,2025,1,27
71955,46559,18971,1,58.25,2025-07-30 12:57:00+00:00,Unknown,58.25,2025,7,30
63360,47097,19086,1,76.0,2025-01-07 00:30:42.907000+00:00,Unknown,76.0,2025,1,7
72434,46528,19134,1,69.99,2025-01-26 22:23:09+00:00,Unknown,69.99,2025,1,26
64495,46239,19508,5,35.0,2025-02-18 23:37:44+00:00,Unknown,175.0,2025,2,18
64605,46115,19086,1,71.0,2024-11-10 07:38:05+00:00,"Apt. 643 6908 Lucille Underpass, Yongfort, HI 97467",71.0,2024,11,10
65077,46563,19168,1,64.5,2025-05-13 17:31:39+00:00,"Suite 377 438 Matilda Squares, Denvermouth, FL 61165-1096",64.5,2025,5,13
68225,46785,19439,1,71.0,2025-01-07 12:15:33+00:00,Unknown,71.0,2025,1,7
64686,46140,19508,3,39.6,2025-08-07 06:15:12+00:00,Unknown,118.8,2025,8,7
66395,46942,19038,1,72.6,2025-02-27 09:14:00+00:00,Unknown,72.6,2025,2,27
68690,44816,19154,2,74.75,2025-02-21 17:18:00+00:00,Unknown,149.5,2025,2,21
62793,44658,19136,1,50.99,2024-09-17 03:05:17+00:00,Unknown,50.99,2024,9,17
72058,47263,19458,1,71.99,2024-10-16 16:59:00+00:00,Unknown,71.99,2024,10,16
73162,46323,18923,2,29.0,2024-11-20 23:36:00+00:00,"22072 Dewey Club, West Stewart, WY 50687-3584",58.0,2024,11,20
70432,45582,18863,1,26.75,2025-01-05 12:18:00+00:00,Unknown,26.75,2025,1,5
66744,46385,19551,1,27.5,2024-06-16 04:37:00+00:00,"Suite 407 98812 Runte Drive, Juttafort, TX 02557",27.5,2024,6,16
66805,45308,19502,1,37.75,2024-08-30 07:32:00+00:00,Unknown,37.75,2024,8,30
68988,45297,19116,1,19.0,2025-03-15 13:36:25.917000+00:00,Unknown,19.0,2025,3,15
63698,47080,19303,1,64.0,2025-01-27 19:30:34+00:00,Unknown,64.0,2025,1,27
70780,46909,19475,3,39.5,2024-08-30 23:12:09+00:00,Unknown,118.5,2024,8,30
70212,46409,19439,1,71.25,2025-01-02 01:24:53+00:00,Unknown,71.25,2025,1,2
73142,45855,19418,1,55.25,2024-09-14 15:22:13+00:00,Unknown,55.25,2024,9,14
69400,46794,19491,1,35.0,2025-03-19 07:03:01+00:00,Unknown,35.0,2025,3,19
70152,44896,19388,1,52.75,2024-10-05 22:24:59+00:00,"721 Heidenreich Valley, New Anibal, KS 99441-3145",52.75,2024,10,5
67523,45145,19533,1,57.6,2024-10-05 23:02:29+00:00,Unknown,57.6,2024,10,5
67624,47287,18938,1,50.5,2024-06-15 09:40:53+00:00,Unknown,50.5,2024,6,15
69257,44504,19579,3,26.4,2025-09-18 17:59:56+00:00,Unknown,79.2,2025,9,18
72907,47009,19337,2,62.0,2024-10-03 01:21:01+00:00,Unknown,124.0,2024,10,3
65132,45065,19568,2,47.0,2024-12-11 18:46:50.091000+00:00,Unknown,94.0,2024,12,11
68946,45738,19588,1,65.5,2024-10-26 09:03:32+00:00,Unknown,65.5,2024,10,26
71727,45403,19108,1,50.4,2024-12-17 01:58:00+00:00,Unknown,50.4,2024,12,17
68991,47007,18990,3,53.7,2025-01-26 11:14:00+00:00,"Apt. 987 936 Parisian Via, Kathyrnton, FL 82582",161.1,2025,1,26
67338,45883,19020,3,24.3,2025-06-12 10:51:09+00:00,Unknown,72.9,2025,6,12
70949,44921,19459,1,43.5,2025-01-09 01:52:00+00:00,"Suite 446 40867 Elida Brooks, Metzview, NJ 50431-4166",43.5,2025,1,9
64355,45660,19210,1,44.39,2024-06-17 23:06:11+00:00,Unknown,44.39,2024,6,17
68743,45322,19432,1,30.9,2025-10-01 08:22:22+00:00,Unknown,30.9,2025,10,1
73430,45310,19044,3,76.5,2024-12-01 15:15:00+00:00,Unknown,229.5,2024,12,1
71665,45966,18853,1,64.0,2024-11-01 13:31:21+00:00,Unknown,64.0,2024,11,1
65689,45716,19168,1,74.1,2025-02-11 21:33:00+00:00,Unknown,74.1,2025,2,11
67962,45471,18976,1,23.99,2024-09-01 04:43:52+00:00,Unknown,23.99,2024,9,1
64494,45579,18902,4,22.5,2025-02-27 21:38:42+00:00,Unknown,90.0,2025,2,27
63086,44727,19071,2,15.75,2025-07-17 08:52:37+00:00,Unknown,31.5,2025,7,17
64961,44574,19190,1,44.5,2024-11-06 12:31:00+00:00,Unknown,44.5,2024,11,6
64133,46067,19202,5,55.0,2025-01-01 15:44:32+00:00,Unknown,275.0,2025,1,1
63402,47220,19504,1,61.99,2024-05-18 14:17:29.207000+00:00,Unknown,61.99,2024,5,18
68736,44415,19098,1,60.0,2024-09-25 03:48:07+00:00,Unknown,60.0,2024,9,25
69658,44608,19223,1,21.0,2024-04-17 19:45:45+00:00,Unknown,21.0,2024,4,17
70448,44516,19424,1,16.99,2024-11-22 07:30:39+00:00,Unknown,16.99,2024,11,22
65362,47447,19361,1,39.75,2025-06-04 18:17:46.523000+00:00,Unknown,39.75,2025,6,4
72636,45396,19534,1,39.5,2024-10-07 20:15:00+00:00,Unknown,39.5,2024,10,7
70571,44770,18993,1,64.5,2025-06-17 10:07:37+00:00,Unknown,64.5,2025,6,17
71617,46911,18963,1,54.99,2025-02-06 07:44:05+00:00,Unknown,54.99,2025,2,6
68058,46317,19572,3,16.5,2025-05-18 22:51:33+00:00,Unknown,49.5,2025,5,18
65520,44969,19219,1,32.1,2025-01-18 17:48:50+00:00,Unknown,32.1,2025,1,18
70831,45882,19383,2,63.25,2024-07-10 09:36:04.456000+00:00,Unknown,126.5,2024,7,10
69961,45560,18922,1,18.0,2025-03-30 22:51:32+00:00,"44499 Thi Center, West Kiethport, NY 20467",18.0,2025,3,30
70229,47238,19397,1,33.6,2024-10-28 04:43:56+00:00,Unknown,33.6,2024,10,28
71659,45151,19556,1,32.99,2025-01-04 22:40:20+00:00,Unknown,32.99,2025,1,4
64567,45479,18889,2,71.0,2025-06-14 12:19:48.496000+00:00,Unknown,142.0,2025,6,14
66513,45811,19166,1,60.75,2025-02-21 19:58:04+00:00,Unknown,60.75,2025,2,21
73375,44792,18961,1,87.0,2025-01-14 06:06:46+00:00,Unknown,87.0,2025,1,14
62892,46650,19551,1,26.0,2024-12-08 01:35:08+00:00,Unknown,26.0,2024,12,8
72769,44487,19508,1,36.75,2025-01-17 21:53:05.471000+00:00,Unknown,36.75,2025,1,17
65818,46176,19380,1,65.0,2024-08-13 15:04:05+00:00,Unknown,65.0,2024,8,13
68447,46128,19526,1,69.99,2024-07-25 09:35:11.730000+00:00,Unknown,69.99,2024,7,25
70436,46574,19275,1,62.1,2025-04-28 23:06:35+00:00,"Suite 622 1945 Dante Extension, New Deonna, NV 91785-4245",62.1,2025,4,28
70952,47166,19509,5,55.0,2025-02-12 23:15:18+00:00,"9951 Joshua Brook, Kevinport, IN 25774",275.0,2025,2,12
73479,46067,19285,2,78.3,2025-02-19 16:27:59+00:00,Unknown,156.6,2025,2,19
70082,46289,19416,1,63.0,2025-02-27 09:27:41+00:00,"Suite 321 16570 Patricia Parkways, Hudsonchester, AZ 72447",63.0,2025,2,27
71213,46338,19131,1,58.25,2024-10-04 16:31:00+00:00,Unknown,58.25,2024,10,4
68151,46209,19390,1,35.0,2024-04-23 07:16:14+00:00,Unknown,35.0,2024,4,23
70242,47277,19202,4,65.7,2024-04-25 08:07:00+00:00,Unknown,262.8,2024,4,25
63789,47199,19050,1,81.9,2025-08-20 04:37:57.668000+00:00,"Suite 491 98613 Alexis Spur, South Frankview, WA 89970",81.9,2025,8,20
71929,45825,18880,1,86.39,2024-01-12 08:47:47+00:00,Unknown,86.39,2024,1,12
64862,47308,18852,3,18.0,2024-04-02 01:21:00+00:00,Unknown,54.0,2024,4,2
65738,44537,19391,1,52.5,2025-03-23 07:51:19+00:00,"9751 Casper Drives, West Will, NY 99845-0973",52.5,2025,3,23
67086,47437,19493,1,67.99,2025-04-10 21:20:46+00:00,Unknown,67.99,2025,4,10
66027,45569,19498,2,59.4,2024-10-16 03:05:00+00:00,Unknown,118.8,2024,10,16
64875,46229,18973,1,56.5,2024-11-06 10:37:11+00:00,"Apt. 798 9730 Freeda Stravenue, McDermottshire, NE 73109-8477",56.5,2024,11,6
68694,44339,19407,2,20.5,2024-11-19 07:42:42+00:00,"217 Erik Ports, O'Keefefort, NM 29616",41.0,2024,11,19
69557,46581,19138,1,28.99,2025-02-24 06:23:25+00:00,Unknown,28.99,2025,2,24
70951,45399,18973,1,53.25,2025-05-07 21:18:00+00:00,Unknown,53.25,2025,5,7
63903,45154,18903,2,17.5,2025-01-06 15:41:19+00:00,Unknown,35.0,2025,1,6
72969,45289,19136,1,52.0,2024-11-13 16:53:00+00:00,Unknown,52.0,2024,11,13
63795,45605,18973,1,54.99,2024-09-02 19:34:57+00:00,Unknown,54.99,2024,9,2
64735,45646,19508,1,38.5,2024-12-31 15:54:23+00:00,Unknown,38.5,2024,12,31
69923,46916,19379,1,69.0,2025-09-08 14:41:07+00:00,Unknown,69.0,2025,9,8
64454,46114,18971,1,70.2,2024-04-26 17:05:36+00:00,Unknown,70.2,2024,4,26
64356,47317,18975,1,64.8,2024-02-11 16:37:37+00:00,"1661 Alexis Ranch, East Larrymouth, AZ 54352-4120",64.8,2024,2,11
63054,46260,19009,2,90.9,2024-03-08 05:29:07+00:00,Unknown,181.8,2024,3,8
68145,47216,19066,1,46.8,2025-03-29 05:32:22+00:00,Unknown,46.8,2025,3,29
68137,45953,18960,1,30.5,2024-12-10 22:22:17+00:00,Unknown,30.5,2024,12,10
73092,47446,19152,2,27.5,2024-11-21 10:41:00+00:00,Unknown,55.0,2024,11,21
64378,47027,19163,2,12.0,2024-09-04 05:39:05+00:00,Unknown,24.0,2024,9,4
70447,46307,19587,1,35.75,2024-11-22 10:28:29.457000+00:00,Unknown,35.75,2024,11,22
73072,45192,19366,3,27.25,2024-08-03 23:39:56+00:00,Unknown,81.75,2024,8,3
63391,47017,19476,1,25.19,2024-05-27 14:37:57+00:00,Unknown,25.19,2024,5,27
63511,47356,19054,1,45.0,2025-03-06 06:23:03.532000+00:00,Unknown,45.0,2025,3,6
66132,44783,19095,3,72.0,2024-12-08 07:21:10+00:00,Unknown,216.0,2024,12,8
73716,44715,19588,1,82.2,2025-01-11 09:41:30+00:00,"8203 Jarvis Place, Keshiamouth, MA 46617",82.2,2025,1,11
69218,45901,18959,3,61.2,2024-09-17 07:18:30+00:00,Unknown,183.6,2024,9,17
67326,46274,19005,1,36.0,2025-02-12 17:47:16+00:00,Unknown,36.0,2025,2,12
71050,47215,19294,2,51.99,2025-02-10 04:51:21+00:00,Unknown,103.98,2025,2,10
62942,47382,18849,4,33.5,2024-11-18 00:03:00+00:00,"4410 Tianna Springs, East Erick, OK 44094",134.0,2024,11,18
71719,46954,19038,1,70.8,2024-07-19 23:33:49+00:00,Unknown,70.8,2024,7,19
64004,44840,19157,3,38.1,2025-02-11 01:51:39+00:00,"Suite 340 9107 Schneider Village, West Lilianatown, VA 20093-5251",114.3,2025,2,11
72091,46434,19383,2,60.5,2024-12-14 22:32:47+00:00,Unknown,121.0,2024,12,14
70856,45604,19200,3,23.5,2024-06-21 08:16:53.967000+00:00,Unknown,70.5,2024,6,21
68320,44403,19554,1,60.25,2025-03-13 07:25:07+00:00,Unknown,60.25,2025,3,13
67211,45809,19552,5,45.6,2025-03-02 11:12:31.673000+00:00,Unknown,228.0,2025,3,2
70652,47256,19345,1,61.25,2025-04-05 06:53:49+00:00,"Suite 246 56446 Dierdre Stravenue, North Rachaelborough, CT 53090",61.25,2025,4,5
65482,45899,19261,1,82.5,2024-12-21 06:02:08+00:00,"Apt. 587 75990 Jonas Views, Port Donnie, NC 36293",82.5,2024,12,21
71875,45941,19044,3,58.0,2024-08-07 16:01:20+00:00,Unknown,174.0,2024,8,7
64537,45999,19025,1,44.4,2025-03-22 05:12:08+00:00,Unknown,44.4,2025,3,22
66855,45226,19520,4,34.2,2024-07-09 14:15:39+00:00,"Suite 407 206 Waters Vista, Irvinton, IA 44691-1102",136.8,2024,7,9
73719,47087,19197,1,42.5,2024-12-26 10:16:23+00:00,"762 Connie Valleys, New Inell, IL 43005",42.5,2024,12,26
67029,46280,19568,3,58.2,2024-11-21 18:44:14+00:00,Unknown,174.6,2024,11,21
66009,46646,18939,1,52.0,2025-03-04 07:10:32+00:00,Unknown,52.0,2025,3,4
72205,45228,19556,1,30.5,2024-06-25 17:16:27+00:00,Unknown,30.5,2024,6,25
71963,44709,19486,1,44.75,2024-08-25 13:33:40+00:00,Unknown,44.75,2024,8,25
73307,45028,18917,1,67.0,2024-10-23 08:17:52+00:00,Unknown,67.0,2024,10,23
73873,46719,19167,1,44.5,2025-01-04 22:11:10+00:00,Unknown,44.5,2025,1,4
69567,46659,19167,1,41.5,2024-04-24 16:17:00+00:00,Unknown,41.5,2024,4,24
73136,47297,19185,1,55.25,2024-10-29 15:59:04.614000+00:00,Unknown,55.25,2024,10,29
72711,46393,18868,1,25.0,2025-01-16 14:26:53+00:00,Unknown,25.0,2025,1,16
70289,47063,19068,1,51.0,2025-09-15 10:06:13+00:00,Unknown,51.0,2025,9,15
64116,46468,19046,2,21.99,2025-02-23 07:04:30+00:00,"Apt. 142 81315 Marvin Junctions, North Gabrielleburgh, HI 94074",43.98,2025,2,23
73869,46303,19087,1,53.0,2024-08-21 05:02:03+00:00,Unknown,53.0,2024,8,21
69863,44703,19532,2,32.99,2025-02-03 11:32:15.456000+00:00,Unknown,65.98,2025,2,3
71068,45818,18884,1,70.99,2024-09-02 19:54:04+00:00,Unknown,70.99,2024,9,2
64484,45620,18883,1,23.7,2025-07-19 04:16:00+00:00,"1910 Pollich Skyway, Charleyberg, MS 29517-1132",23.7,2025,7,19
67434,46883,18900,1,62.0,2025-02-05 09:11:11+00:00,"202 Russel Prairie, East Eliasborough, AK 73480-8372",62.0,2025,2,5
66269,46891,19016,1,48.0,2025-07-03 03:22:13+00:00,Unknown,48.0,2025,7,3
67930,45482,19223,1,21.0,2024-10-03 19:16:00+00:00,Unknown,21.0,2024,10,3
69507,46740,18948,1,26.39,2024-10-11 17:10:55+00:00,Unknown,26.39,2024,10,11
64298,45500,19553,1,56.4,2025-03-03 07:51:55+00:00,Unknown,56.4,2025,3,3
73111,45276,19361,1,34.5,2024-08-09 14:17:00+00:00,Unknown,34.5,2024,8,9
63825,47119,18983,2,33.99,2025-05-17 07:35:20+00:00,"99554 Legros Circle, North Lovettaton, HI 70352",67.98,2025,5,17
63493,45101,19321,1,47.99,2025-02-02 03:00:33+00:00,Unknown,47.99,2025,2,2
65186,46283,19063,1,48.5,2024-12-16 06:21:25+00:00,Unknown,48.5,2024,12,16
69661,47420,19425,1,56.1,2025-04-28 18:57:20+00:00,Unknown,56.1,2025,4,28
70744,46761,18891,3,24.75,2025-03-22 13:14:23+00:00,Unknown,74.25,2025,3,22
62973,44570,19453,2,30.25,2025-01-30 03:53:53+00:00,Unknown,60.5,2025,1,30
65003,45182,19422,1,32.7,2025-04-08 16:07:00+00:00,Unknown,32.7,2025,4,8
65228,46621,19198,2,48.5,2024-09-06 09:31:04+00:00,Unknown,97.0,2024,9,6
68523,46828,18946,2,50.0,2024-11-09 18:37:00+00:00,Unknown,100.0,2024,11,9
69151,44868,19282,5,84.0,2024-12-04 04:48:00+00:00,Unknown,420.0,2024,12,4
71023,46953,19040,1,14.75,2025-05-06 00:09:00+00:00,Unknown,14.75,2025,5,6
63185,47574,19015,1,61.25,2025-05-05 10:47:00+00:00,Unknown,61.25,2025,5,5
62784,45754,19334,3,70.75,2025-03-10 13:41:58+00:00,Unknown,212.25,2025,3,10
67765,46804,19496,2,27.5,2025-04-13 18:20:55.055000+00:00,Unknown,55.0,2025,4,13
67060,46153,19040,1,19.0,2024-08-16 17:56:23+00:00,Unknown,19.0,2024,8,16
69143,47124,19246,1,25.0,2024-09-29 07:49:14.671000+00:00,Unknown,25.0,2024,9,29
66716,46885,19067,1,47.1,2025-06-06 06:35:26+00:00,Unknown,47.1,2025,6,6
66606,46510,19585,1,66.0,2024-06-10 20:22:00+00:00,Unknown,66.0,2024,6,10
64321,46515,19292,1,49.99,2025-03-09 04:00:15+00:00,Unknown,49.99,2025,3,9
66056,45226,19126,1,31.8,2024-11-05 19:28:10.755000+00:00,Unknown,31.8,2024,11,5
67313,47158,18896,1,29.0,2024-11-23 08:31:50+00:00,Unknown,29.0,2024,11,23
62839,45151,19214,1,51.9,2024-09-19 15:46:00+00:00,Unknown,51.9,2024,9,19
67678,45719,18910,1,50.5,2024-10-14 01:51:00+00:00,Unknown,50.5,2024,10,14
65601,44677,18960,3,31.0,2024-08-15 21:52:00+00:00,Unknown,93.0,2024,8,15
64955,45135,18997,5,36.25,2024-10-24 16:31:03+00:00,Unknown,181.25,2024,10,24
73267,47262,18981,1,81.0,2025-04-02 04:25:19+00:00,Unknown,81.0,2025,4,2
70804,44705,19268,1,48.0,2024-05-20 16:05:00+00:00,"Apt. 732 77242 Ryan Views, East Mariel, SD 16508",48.0,2024,5,20
70567,45336,19245,1,83.4,2025-01-09 00:03:03+00:00,"590 Abbott Orchard, West Karlmouth, VA 27190-8995",83.4,2025,1,9
63972,46446,18991,1,56.75,2025-01-11 17:43:28+00:00,Unknown,56.75,2025,1,11
71630,44546,19208,2,55.99,2024-11-01 23:37:32+00:00,Unknown,111.98,2024,11,1
73738,46895,19360,1,62.5,2024-09-05 11:31:00+00:00,"Suite 439 2889 Marcene Plains, Lake Isaias, MO 91614-2737",62.5,2024,9,5
71892,47184,19474,1,31.0,2024-11-20 01:10:24+00:00,"Apt. 808 5228 Kemmer Camp, Leaton, WY 11036",31.0,2024,11,20
73450,46374,19471,1,51.0,2025-02-04 03:56:06+00:00,Unknown,51.0,2025,2,4
66593,45931,19311,5,68.0,2025-02-11 10:12:46+00:00,Unknown,340.0,2025,2,11
68397,46711,19274,1,73.0,2025-04-25 23:43:19+00:00,"648 Zora Green, North Clemente, RI 74989-8786",73.0,2025,4,25
70718,47364,19550,1,41.7,2025-03-10 06:56:00+00:00,"Suite 734 963 O'Connell Drive, North Althaton, WV 79190",41.7,2025,3,10
71184,47583,18909,1,26.5,2024-08-18 19:09:44+00:00,Unknown,26.5,2024,8,18
66892,46305,18972,1,25.99,2024-06-25 01:41:37+00:00,Unknown,25.99,2024,6,25
67508,45292,19277,1,57.25,2024-04-14 14:34:05+00:00,"Suite 116 819 Will Extension, North Leon, AZ 30216-4569",57.25,2024,4,14
72631,44685,19525,1,78.3,2024-11-17 07:13:50+00:00,Unknown,78.3,2024,11,17
63049,46756,19523,1,28.0,2024-12-20 20:29:29+00:00,"50289 Blaine Overpass, West Edward, SC 50608",28.0,2024,12,20
72542,45305,19360,1,58.75,2024-07-20 19:15:20+00:00,"9981 Russel Rapid, Lake Leonida, WY 69820",58.75,2024,7,20
64271,46935,18874,1,55.75,2025-07-31 09:03:03+00:00,"5324 Pacocha Hill, Cheriseton, IN 14427-1229",55.75,2025,7,31
72767,44677,19496,2,27.0,2025-04-10 23:26:13+00:00,"55639 Osinski Turnpike, New Jewellbury, CO 02218",54.0,2025,4,10
62996,45088,18900,1,74.7,2025-05-01 12:35:35.789000+00:00,Unknown,74.7,2025,5,1
66338,46081,19280,3,52.2,2024-09-09 11:06:34+00:00,Unknown,156.6,2024,9,9
70679,45383,19505,2,17.0,2025-02-12 14:40:00+00:00,"Apt. 265 68237 Keith Harbor, Port Shannon, MI 05606-6953",34.0,2025,2,12
64029,44851,19343,1,73.99,2024-10-19 19:55:59+00:00,Unknown,73.99,2024,10,19
67454,45777,19455,2,15.25,2025-05-14 08:54:00+00:00,Unknown,30.5,2025,5,14
69023,46124,19537,1,52.0,2024-12-19 02:45:00+00:00,"790 Nikolaus Bridge, South Billy, MN 35409",52.0,2024,12,19
70231,47131,19421,4,22.0,2025-03-30 19:58:17+00:00,Unknown,88.0,2025,3,30
72446,45150,18853,3,73.8,2024-12-06 08:19:35+00:00,Unknown,221.4,2024,12,6
63920,44833,18980,1,61.5,2024-04-15 18:26:00+00:00,"349 Langosh Field, Dannychester, DE 98655",61.5,2024,4,15
69880,45863,19516,2,37.0,2024-11-12 07:41:55+00:00,Unknown,74.0,2024,11,12
72999,44810,19530,1,22.8,2024-09-05 17:40:20+00:00,Unknown,22.8,2024,9,5
64186,46050,19389,1,22.75,2025-06-01 11:41:52+00:00,Unknown,22.75,2025,6,1
63201,44879,19502,1,38.99,2024-11-24 17:43:40+00:00,Unknown,38.99,2024,11,24
72462,45206,19222,1,53.0,2024-06-15 22:35:53+00:00,Unknown,53.0,2024,6,15
67500,44879,19313,1,30.0,2024-06-24 20:17:00+00:00,Unknown,30.0,2024,6,24
70162,45524,19236,1,66.99,2025-07-01 08:41:41+00:00,Unknown,66.99,2025,7,1
65498,44950,19185,1,70.79,2024-08-21 00:57:17+00:00,Unknown,70.79,2024,8,21
66604,45564,18936,1,62.75,2024-12-20 00:37:37+00:00,Unknown,62.75,2024,12,20
69481,46870,19494,1,31.99,2025-05-10 09:21:00+00:00,"Apt. 860 462 Mann Station, New Eulah, WV 06469-1344",31.99,2025,5,10
66545,46888,19325,2,32.99,2025-03-23 22:03:45+00:00,Unknown,65.98,2025,3,23
64380,47274,19056,1,24.0,2025-08-11 22:03:48+00:00,Unknown,24.0,2025,8,11
68083,46695,19403,1,50.75,2025-02-10 06:16:00+00:00,Unknown,50.75,2025,2,10
66428,47182,19086,1,75.0,2025-03-12 08:57:00+00:00,Unknown,75.0,2025,3,12
73639,46749,19056,5,23.0,2025-03-12 17:02:00+00:00,Unknown,115.0,2025,3,12
71116,47068,18922,1,17.7,2024-09-29 16:38:09+00:00,"Apt. 641 4087 Elbert Rapids, South Hanghaven, OK 72880-4177",17.7,2024,9,29
71300,44989,19565,3,68.0,2025-08-29 06:50:51+00:00,"644 Schuppe Manors, Mayertown, VT 68494",204.0,2025,8,29
66941,47100,19578,3,44.99,2025-01-31 05:24:18.565000+00:00,Unknown,134.97,2025,1,31
65546,44403,19168,1,64.0,2024-08-08 13:25:40.793000+00:00,"Suite 351 44680 Adalberto Groves, Abernathyton, MA 75554",64.0,2024,8,8
70633,45833,19280,2,45.0,2025-01-30 22:43:33+00:00,Unknown,90.0,2025,1,30
69121,45000,19107,1,70.5,2025-06-08 23:40:55.996000+00:00,"Apt. 177 2538 Daniel Avenue, East Kristofermouth, WI 52206-0586",70.5,2025,6,8
68675,47178,19315,2,58.5,2024-07-12 22:47:58+00:00,"6111 Krajcik Avenue, Jessietown, IL 61465-0515",117.0,2024,7,12
72223,47305,19113,1,88.8,2024-10-11 20:51:44+00:00,Unknown,88.8,2024,10,11
64658,44415,18875,1,59.7,2025-01-29 13:10:00+00:00,Unknown,59.7,2025,1,29
71232,45176,19306,4,41.1,2025-04-13 13:44:46+00:00,Unknown,164.4,2025,4,13
71526,46890,19165,1,29.25,2024-12-17 01:17:57+00:00,"36563 Elwanda Plaza, Lake Mindy, ME 82126-2731",29.25,2024,12,17
66018,45778,18991,1,58.5,2024-12-02 08:53:32+00:00,Unknown,58.5,2024,12,2
70892,44760,19448,1,54.0,2024-10-14 21:29:45+00:00,Unknown,54.0,2024,10,14
65521,46437,19336,1,55.2,2025-03-29 05:41:41+00:00,"Suite 553 2462 Fabiola Shoal, Lake Thanh, ME 76171",55.2,2025,3,29
72616,45563,18995,1,41.4,2025-03-06 14:18:00+00:00,Unknown,41.4,2025,3,6
66835,47407,19243,1,41.0,2024-07-22 04:01:58.782000+00:00,Unknown,41.0,2024,7,22
66078,44874,19474,4,31.99,2024-04-12 00:00:48+00:00,Unknown,127.96,2024,4,12
70956,45581,19132,1,65.0,2024-09-17 02:31:15+00:00,Unknown,65.0,2024,9,17
71185,46363,19366,1,27.0,2024-12-10 07:48:29+00:00,Unknown,27.0,2024,12,10
69003,45541,18917,1,68.99,2024-09-14 07:52:00+00:00,Unknown,68.99,2024,9,14
73750,44664,19053,1,53.0,2025-04-05 23:34:28+00:00,"361 Padberg Circles, Josueshire, IN 05808-6345",53.0,2025,4,5
64060,46292,18927,1,68.99,2024-09-11 16:47:23.180000+00:00,Unknown,68.99,2024,9,11
71728,46161,19165,1,32.5,2024-12-13 15:18:46+00:00,Unknown,32.5,2024,12,13
62758,45121,19246,1,21.0,2024-10-24 09:41:53+00:00,"35124 Marquardt Prairie, Manuelport, TN 74769-2788",21.0,2024,10,24
65051,44542,19320,1,23.25,2024-10-13 11:48:13+00:00,Unknown,23.25,2024,10,13
63019,44855,19161,1,35.5,2025-01-15 07:04:00+00:00,Unknown,35.5,2025,1,15
68210,46817,19527,2,75.5,2024-11-02 21:30:18+00:00,Unknown,151.0,2024,11,2
71585,46579,19533,1,49.0,2025-02-01 01:14:08+00:00,Unknown,49.0,2025,2,1
73389,45524,19007,1,49.99,2025-04-27 21:45:29.782000+00:00,"Suite 740 17083 Jeramy Forge, West Paulina, TX 84836",49.99,2025,4,27
66940,44983,18992,1,67.0,2025-02-20 01:32:00+00:00,Unknown,67.0,2025,2,20
73315,45847,19174,4,32.0,2025-06-10 08:28:00+00:00,"Suite 624 56805 Jeffie Locks, South Mireyaview, SC 68975-2283",128.0,2025,6,10
73002,47195,19260,1,88.79,2024-12-12 03:43:09+00:00,Unknown,88.79,2024,12,12
68705,45922,18940,4,19.0,2024-09-03 01:29:00+00:00,Unknown,76.0,2024,9,3
71573,46133,19034,1,55.8,2025-03-25 15:28:27+00:00,Unknown,55.8,2025,3,25
73586,45992,19097,1,66.0,2024-06-28 23:07:00+00:00,Unknown,66.0,2024,6,28
71494,46852,18840,1,54.9,2024-08-14 05:05:56+00:00,Unknown,54.9,2024,8,14
72174,46666,19274,2,91.2,2025-05-19 15:18:00+00:00,Unknown,182.4,2025,5,19
69441,45555,19584,1,43.5,2024-11-06 17:37:05+00:00,Unknown,43.5,2024,11,6
67566,45819,19187,1,71.7,2024-10-17 16:53:14+00:00,Unknown,71.7,2024,10,17
69045,46779,18977,3,40.79,2024-06-30 19:03:35+00:00,Unknown,122.37,2024,6,30
65911,45508,18944,1,17.99,2024-10-29 10:56:03+00:00,Unknown,17.99,2024,10,29
67911,47017,19309,1,82.79,2025-05-24 19:36:39+00:00,"Suite 437 234 Metz Land, Robinborough, TX 07017",82.79,2025,5,24
64786,47488,19356,1,49.25,2024-09-02 16:45:50+00:00,Unknown,49.25,2024,9,2
72531,46684,18871,4,59.0,2024-06-30 14:26:00+00:00,Unknown,236.0,2024,6,30
65419,47402,19116,1,17.25,2024-11-28 14:46:00+00:00,Unknown,17.25,2024,11,28
69283,46374,19306,1,39.0,2025-02-23 15:00:34+00:00,Unknown,39.0,2025,2,23
69369,46312,19554,1,60.5,2024-07-04 05:48:21+00:00,Unknown,60.5,2024,7,4
66676,46077,19558,2,28.5,2024-08-11 20:14:36+00:00,Unknown,57.0,2024,8,11
70975,47114,19447,1,33.9,2025-03-24 07:09:00+00:00,Unknown,33.9,2025,3,24
70615,45675,19455,1,13.25,2024-10-16 19:40:10+00:00,Unknown,13.25,2024,10,16
67684,46412,19267,1,20.75,2024-11-08 22:43:11+00:00,Unknown,20.75,2024,11,8
72591,47494,19081,1,15.75,2024-10-20 11:00:18+00:00,Unknown,15.75,2024,10,20
65285,44452,18969,2,43.0,2024-09-18 13:11:30+00:00,"Apt. 460 6773 Armando Gardens, Port Harold, FL 81026-2358",86.0,2024,9,18
72723,46925,18936,1,76.79,2025-04-18 09:52:20+00:00,Unknown,76.79,2025,4,18
66172,47435,19418,1,59.99,2024-07-29 23:58:46+00:00,Unknown,59.99,2024,7,29
65211,45715,19204,1,56.4,2024-11-30 11:05:24+00:00,Unknown,56.4,2024,11,30
70299,46305,18877,1,56.4,2024-08-26 11:48:50+00:00,Unknown,56.4,2024,8,26
63637,46196,19003,1,42.0,2024-09-07 18:45:06+00:00,"Apt. 858 1090 Cordia Spurs, East Mistie, OH 62889-6932",42.0,2024,9,7
73841,46647,19540,1,68.0,2024-08-13 06:37:11+00:00,"1487 Nikolaus Flat, West Rubinstad, NY 47647",68.0,2024,8,13
67958,45510,19326,1,29.0,2024-09-07 10:12:18+00:00,Unknown,29.0,2024,9,7
67333,45949,18951,1,82.8,2025-03-10 06:55:00+00:00,Unknown,82.8,2025,3,10
66666,45811,19018,1,16.79,2024-11-08 14:22:46+00:00,Unknown,16.79,2024,11,8
65679,47583,19448,5,57.99,2025-02-25 08:33:48+00:00,Unknown,289.95,2025,2,25
71058,47467,19084,1,50.75,2024-09-06 14:35:14+00:00,Unknown,50.75,2024,9,6
73340,46628,19095,1,64.5,2025-07-17 19:23:08+00:00,Unknown,64.5,2025,7,17
73867,44577,19441,1,17.25,2024-10-23 17:41:41+00:00,"539 Klocko Alley, West Jamison, WV 96625",17.25,2024,10,23
71333,47111,19222,1,55.0,2025-01-01 02:09:16+00:00,"44426 Mann Junction, East Ruthe, WY 17390-1199",55.0,2025,1,1
67567,44537,18980,1,62.0,2024-07-16 07:07:41+00:00,Unknown,62.0,2024,7,16
66608,45644,18921,1,44.0,2024-08-19 00:37:36+00:00,Unknown,44.0,2024,8,19
65542,45906,19565,1,70.99,2025-01-02 22:50:10+00:00,Unknown,70.99,2025,1,2
72263,45760,19544,3,39.5,2025-06-16 05:03:58+00:00,Unknown,118.5,2025,6,16
67054,47548,19129,1,23.5,2024-10-27 16:29:44+00:00,Unknown,23.5,2024,10,27
69372,47159,19568,5,47.0,2025-01-05 19:12:46+00:00,Unknown,235.0,2025,1,5
71343,44900,19557,1,53.0,2024-09-17 14:10:00+00:00,Unknown,53.0,2024,9,17
68884,46749,18995,1,31.0,2024-07-14 22:45:00+00:00,"Suite 863 9780 Tromp Parkways, Randellfort, OH 22811-9532",31.0,2024,7,14
67181,45174,19100,1,19.25,2024-07-21 20:03:17+00:00,Unknown,19.25,2024,7,21
70161,47586,19468,1,40.0,2024-07-13 16:33:31.713000+00:00,Unknown,40.0,2024,7,13
69379,46609,19089,1,48.99,2025-01-06 21:11:52+00:00,Unknown,48.99,2025,1,6
66264,46840,19240,1,68.5,2024-09-13 13:18:52.069000+00:00,Unknown,68.5,2024,9,13
64429,47544,19348,1,30.99,2025-01-09 09:40:44+00:00,Unknown,30.99,2025,1,9
67393,47249,19174,1,32.25,2024-11-14 22:21:00+00:00,Unknown,32.25,2024,11,14
64189,47000,19043,1,20.1,2025-03-04 00:27:00+00:00,"Apt. 973 6559 Dare Centers, Hoegerhaven, ME 53034-7047",20.1,2025,3,4
73609,46497,19139,1,60.25,2024-12-04 22:26:34+00:00,"Apt. 158 707 Leroy Drive, New Keenanport, WI 44546",60.25,2024,12,4
68724,45000,19012,1,42.99,2024-10-10 17:41:44+00:00,Unknown,42.99,2024,10,10
72885,46344,19497,1,57.0,2025-05-26 19:31:25+00:00,Unknown,57.0,2025,5,26
66392,46844,19498,2,49.5,2024-09-03 05:57:00+00:00,Unknown,99.0,2024,9,3
67048,47344,19139,1,68.39,2024-08-10 14:39:53+00:00,"2013 Crooks Terrace, South Martha, NH 84406-6951",68.39,2024,8,10
67227,45522,19439,1,87.0,2024-12-18 07:27:28+00:00,"Suite 682 7178 Gavin Trace, Cummingsville, VA 62547",87.0,2024,12,18
62913,47528,19440,2,36.3,2024-08-02 17:33:54+00:00,Unknown,72.6,2024,8,2
73519,44529,18986,2,61.99,2024-11-03 16:38:51+00:00,Unknown,123.98,2024,11,3
73127,46889,19474,1,34.5,2024-11-08 13:36:47+00:00,Unknown,34.5,2024,11,8
63692,46016,19276,1,20.4,2024-08-15 13:31:36.440000+00:00,Unknown,20.4,2024,8,15
67415,45679,19319,3,43.8,2025-04-11 00:45:14+00:00,Unknown,131.4,2025,4,11
71286,45013,19055,3,23.4,2024-05-09 21:49:37+00:00,Unknown,70.2,2024,5,9
73285,44352,18917,1,68.0,2024-11-17 18:21:46+00:00,Unknown,68.0,2024,11,17
64306,45194,19504,1,60.5,2024-04-20 19:14:00+00:00,Unknown,60.5,2024,4,20
72325,45763,19477,1,40.5,2025-05-03 04:49:23+00:00,Unknown,40.5,2025,5,3
72967,44670,19205,1,16.5,2024-08-21 22:41:00+00:00,Unknown,16.5,2024,8,21
71475,45445,18986,1,78.6,2025-06-13 02:42:11+00:00,Unknown,78.6,2025,6,13
69267,45564,19496,1,36.3,2024-10-09 03:55:00+00:00,Unknown,36.3,2024,10,9
73762,45541,19476,2,16.0,2024-09-08 10:17:00+00:00,Unknown,32.0,2024,9,8
71178,45888,19049,1,58.75,2024-06-14 06:04:56.572000+00:00,Unknown,58.75,2024,6,14
64258,45921,18859,1,56.5,2024-07-23 11:20:58+00:00,Unknown,56.5,2024,7,23
73940,45677,18934,1,18.0,2024-12-17 11:37:23.628000+00:00,"Apt. 120 24570 Thiel Haven, Leonorburgh, OH 37052",18.0,2024,12,17
67121,46844,18983,1,43.2,2024-09-29 06:05:00+00:00,Unknown,43.2,2024,9,29
66216,44774,19008,1,49.0,2025-01-26 09:54:32+00:00,"Apt. 441 353 Borer Dam, Maeganstad, IL 79653",49.0,2025,1,26
72176,44699,19104,1,55.99,2024-11-11 15:29:00+00:00,Unknown,55.99,2024,11,11
70100,47470,19425,1,45.0,2024-07-14 05:42:43+00:00,Unknown,45.0,2024,7,14
73542,45114,19077,1,40.5,2025-03-31 16:08:13.407000+00:00,Unknown,40.5,2025,3,31
66775,44855,19421,1,27.9,2025-03-13 13:50:10+00:00,Unknown,27.9,2025,3,13
73920,44622,19273,1,42.75,2024-11-23 22:49:09+00:00,Unknown,42.75,2024,11,23
73487,47530,19443,2,33.6,2024-09-30 07:17:00+00:00,"Suite 332 440 Maurice Crossroad, Port Akilah, HI 57077-7615",67.2,2024,9,30
73872,45886,18956,1,52.5,2024-09-30 13:40:00+00:00,Unknown,52.5,2024,9,30
63322,47389,19311,1,67.0,2024-12-29 16:04:45.457000+00:00,Unknown,67.0,2024,12,29
73644,44514,19340,1,32.0,2024-08-26 07:36:00+00:00,Unknown,32.0,2024,8,26
68982,47099,19429,2,68.25,2025-07-24 10:30:14+00:00,Unknown,136.5,2025,7,24
65964,45243,19343,4,88.8,2024-04-05 03:43:48+00:00,Unknown,355.2,2024,4,5
72215,47088,19013,1,49.25,2025-03-11 13:54:01+00:00,Unknown,49.25,2025,3,11
63088,47074,18873,1,86.4,2025-07-03 00:24:45+00:00,"955 Kirlin Parkways, Lake Chan, AK 17376",86.4,2025,7,3
69252,44418,19224,2,59.0,2024-09-19 11:28:14+00:00,Unknown,118.0,2024,9,19
68510,47507,18994,3,47.99,2024-11-23 08:35:29+00:00,Unknown,143.97,2024,11,23
67650,44818,19094,3,49.5,2024-08-14 16:30:00+00:00,Unknown,148.5,2024,8,14
67124,45176,18956,1,53.5,2025-07-14 07:22:48+00:00,Unknown,53.5,2025,7,14
65803,45956,19198,1,46.25,2025-02-15 10:31:59+00:00,Unknown,46.25,2025,2,15
63546,46925,18842,1,70.8,2025-03-10 11:28:23+00:00,Unknown,70.8,2025,3,10
69464,44738,19508,1,33.25,2025-03-17 23:08:48+00:00,Unknown,33.25,2025,3,17
65992,46083,19568,1,47.75,2025-01-29 09:27:00+00:00,Unknown,47.75,2025,1,29
67464,46351,18930,4,33.5,2024-07-04 19:32:00+00:00,"2199 Prohaska Rest, Terryfort, WY 30783",134.0,2024,7,4
73545,44711,19383,1,60.75,2025-04-23 21:00:00+00:00,"1669 Mai Skyway, South Coraliefort, SC 51908",60.75,2025,4,23
68886,45805,19330,2,69.6,2024-07-05 21:40:42+00:00,Unknown,139.2,2024,7,5
70853,47264,19229,1,26.1,2025-01-21 04:49:00+00:00,Unknown,26.1,2025,1,21
69972,45794,18857,1,86.4,2025-04-09 06:08:00+00:00,Unknown,86.4,2025,4,9
71543,47106,18889,1,76.25,2024-11-22 00:19:00+00:00,Unknown,76.25,2024,11,22
73104,45856,18852,1,14.0,2025-02-13 08:44:00+00:00,Unknown,14.0,2025,2,13
70309,45222,19230,1,72.6,2025-02-27 00:48:20+00:00,Unknown,72.6,2025,2,27
69082,46764,19430,1,52.5,2024-06-13 18:31:00+00:00,Unknown,52.5,2024,6,13
71678,47112,19426,1,43.0,2025-05-04 10:56:43+00:00,"91023 Homenick Station, West Barryland, WV 79948-9542",43.0,2025,5,4
72153,45385,19504,4,75.9,2024-07-14 05:04:00+00:00,Unknown,303.6,2024,7,14
66077,44574,19015,4,70.8,2025-01-13 13:52:00+00:00,"638 Merrie Plain, North Darinstad, TN 95854-6741",283.2,2025,1,13
65655,45457,18975,2,53.5,2024-12-03 21:44:26+00:00,Unknown,107.0,2024,12,3
73152,46960,19374,2,19.0,2024-12-25 04:01:41+00:00,Unknown,38.0,2024,12,25
66955,45630,19439,1,87.9,2025-06-15 09:46:35+00:00,"Apt. 662 25839 Maxwell Valley, Port Zachariah, AR 15403-3302",87.9,2025,6,15
68431,44493,19319,1,36.25,2025-02-16 12:08:07+00:00,Unknown,36.25,2025,2,16
67493,46428,19197,1,43.25,2024-10-24 03:44:22+00:00,Unknown,43.25,2024,10,24
65389,45088,18954,2,32.0,2025-03-02 21:53:00+00:00,"9984 Kohler Trace, South Gilbert, NM 56438",64.0,2025,3,2
69643,45990,19106,1,48.25,2025-04-18 19:37:08+00:00,"89764 Karan Camp, Jamalville, IL 11917",48.25,2025,4,18
66485,45423,18891,1,28.2,2024-06-03 17:19:59+00:00,Unknown,28.2,2024,6,3
72080,45352,19123,2,63.59,2024-06-17 07:23:04+00:00,Unknown,127.18,2024,6,17
65698,46439,19092,1,50.0,2024-12-07 07:37:25+00:00,Unknown,50.0,2024,12,7
64374,45132,18850,1,34.5,2025-01-05 16:21:46+00:00,Unknown,34.5,2025,1,5
72518,47161,19560,1,35.99,2025-05-04 09:51:00+00:00,Unknown,35.99,2025,5,4
70099,47003,18944,1,14.0,2024-12-05 18:15:36+00:00,Unknown,14.0,2024,12,5
63475,46608,19433,2,85.5,2025-02-24 11:00:51+00:00,Unknown,171.0,2025,2,24
64050,44871,19481,1,64.0,2025-06-16 18:13:35+00:00,Unknown,64.0,2025,6,16
63577,46996,19474,1,39.0,2025-06-04 06:06:06+00:00,"Suite 257 7562 Ron Fort, Meliaborough, RI 67819",39.0,2025,6,4
63295,47599,19467,1,89.4,2024-06-07 09:29:07+00:00,Unknown,89.4,2024,6,7
73435,44709,19089,1,52.0,2024-11-14 17:41:00+00:00,Unknown,52.0,2024,11,14
69716,46436,19545,1,59.4,2025-05-29 07:42:00+00:00,Unknown,59.4,2025,5,29
69981,46201,18867,2,55.5,2024-12-19 14:07:59+00:00,"Apt. 627 54011 Argelia Dale, Port Renataland, NM 91711",111.0,2024,12,19
66291,47282,18960,1,30.5,2024-06-04 08:33:00+00:00,"Suite 398 9885 Rolland Crescent, North Ona, VA 02994",30.5,2024,6,4
69641,44705,19184,3,16.5,2025-06-08 05:46:29.632000+00:00,Unknown,49.5,2025,6,8
71958,46959,18955,1,67.99,2025-01-21 06:58:44+00:00,"Apt. 417 8075 Enriqueta Pines, Lucinaberg, MD 96464-3899",67.99,2025,1,21
71014,45231,19085,1,56.0,2024-12-17 06:41:41+00:00,Unknown,56.0,2024,12,17
66024,45445,19038,1,61.5,2024-10-25 20:38:23.253000+00:00,Unknown,61.5,2024,10,25
64890,46297,19151,4,40.0,2025-04-18 12:57:00+00:00,Unknown,160.0,2025,4,18
68239,47360,19385,1,17.99,2024-09-17 07:54:28+00:00,Unknown,17.99,2024,9,17
67778,44529,18867,1,54.25,2024-11-09 01:50:03+00:00,Unknown,54.25,2024,11,9
65213,46403,18846,1,20.0,2025-02-10 15:20:00+00:00,"270 Nathanial Burg, East Kandis, NV 06358-0153",20.0,2025,2,10
72110,44637,18968,2,82.8,2024-12-04 15:08:31+00:00,Unknown,165.6,2024,12,4
73599,45039,18917,2,66.25,2025-08-23 20:24:06+00:00,"Apt. 676 12220 Zemlak Avenue, Allysonport, VT 58780",132.5,2025,8,23
66996,46776,19242,1,46.5,2025-06-23 22:18:28+00:00,"Apt. 368 608 Emmerich Mountain, Lake Dariofurt, OK 20563-5232",46.5,2025,6,23
66306,46088,19010,1,64.0,2025-07-21 11:52:00+00:00,Unknown,64.0,2025,7,21
67114,47135,19540,1,70.0,2025-06-13 19:58:05+00:00,Unknown,70.0,2025,6,13
66243,44882,18974,3,39.5,2024-11-08 17:32:47+00:00,Unknown,118.5,2024,11,8
64859,45075,19015,1,58.0,2025-01-01 00:28:00+00:00,Unknown,58.0,2025,1,1
73175,47251,19129,1,25.5,2024-05-30 05:06:13+00:00,"Apt. 202 74428 Leffler Ways, West Randa, SD 51766",25.5,2024,5,30
64038,45547,19559,1,69.5,2024-11-21 09:01:24+00:00,Unknown,69.5,2024,11,21
69908,44402,19204,3,49.5,2024-08-02 09:39:00+00:00,"720 Emmett Plaza, Jamieport, KS 86141",148.5,2024,8,2
70604,44746,19007,1,61.2,2024-10-18 23:41:10+00:00,Unknown,61.2,2024,10,18
73500,45727,19309,1,82.5,2025-01-19 23:12:22.051000+00:00,Unknown,82.5,2025,1,19
66315,46657,18904,5,34.75,2024-10-30 15:05:06+00:00,Unknown,173.75,2024,10,30
71819,47458,18950,1,58.5,2024-06-14 07:27:00+00:00,Unknown,58.5,2024,6,14
69623,46790,19128,2,71.5,2025-01-18 10:57:15+00:00,Unknown,143.0,2025,1,18
66382,46759,19455,1,20.7,2024-12-17 04:13:26+00:00,Unknown,20.7,2024,12,17
68062,46784,19184,1,23.99,2024-10-04 17:14:41+00:00,Unknown,23.99,2024,10,4
71362,47133,19445,2,61.75,2025-03-06 16:24:00+00:00,Unknown,123.5,2025,3,6
67935,46382,19220,1,59.5,2025-05-20 12:45:00+00:00,Unknown,59.5,2025,5,20
63192,47444,19429,1,69.75,2025-05-24 07:31:34+00:00,Unknown,69.75,2025,5,24
67203,45792,19030,1,24.75,2025-01-25 10:06:15+00:00,Unknown,24.75,2025,1,25
72155,44847,19383,1,62.25,2025-07-01 12:10:00+00:00,"Apt. 465 6924 Mayer Forges, Pourosmouth, MA 05075",62.25,2025,7,1
67979,44668,19521,1,15.0,2024-07-20 07:42:29+00:00,"880 Cormier Trafficway, Lake Abbyton, NM 64905",15.0,2024,7,20
69790,46154,19359,1,50.25,2025-07-30 03:18:47+00:00,Unknown,50.25,2025,7,30
69787,45104,18965,1,62.99,2025-01-30 03:02:00+00:00,"67051 Lucrecia Greens, Lake Burtonchester, TN 95808-6533",62.99,2025,1,30
69060,46764,19074,1,72.0,2024-10-09 23:08:08+00:00,"39517 Sammy Brooks, Olsonchester, CO 78383",72.0,2024,10,9
62802,45737,19170,2,86.4,2025-01-28 21:57:03+00:00,Unknown,172.8,2025,1,28
66654,46419,19143,2,31.0,2025-06-29 14:49:45+00:00,Unknown,62.0,2025,6,29
63543,45397,18956,2,54.5,2024-10-14 16:48:08.111000+00:00,Unknown,109.0,2024,10,14
65909,47322,19141,1,51.99,2024-09-12 09:35:10.696000+00:00,Unknown,51.99,2024,9,12
66983,46727,19257,1,83.4,2024-09-06 21:51:00+00:00,Unknown,83.4,2024,9,6
64919,45845,19482,1,32.4,2024-12-31 10:37:00+00:00,Unknown,32.4,2024,12,31
71149,46555,19267,1,17.0,2024-08-22 03:01:18+00:00,"986 Keebler Keys, Purdytown, ME 23731-6143",17.0,2024,8,22
69774,45969,19180,1,52.79,2024-11-02 01:38:55+00:00,Unknown,52.79,2024,11,2
66133,44548,19245,1,81.59,2025-02-06 03:28:24+00:00,Unknown,81.59,2025,2,6
72713,47511,19146,1,68.75,2024-11-07 02:56:07+00:00,Unknown,68.75,2024,11,7
63874,45936,19033,1,40.79,2024-12-25 04:29:00+00:00,Unknown,40.79,2024,12,25
65485,44949,19273,2,54.3,2024-04-05 22:52:41+00:00,Unknown,108.6,2024,4,5
73214,45807,19579,1,22.75,2025-02-28 08:56:00+00:00,Unknown,22.75,2025,2,28
65458,45075,19226,1,25.0,2024-08-18 04:58:00+00:00,Unknown,25.0,2024,8,18
69262,45570,19498,1,60.6,2024-08-29 02:30:00+00:00,"531 Naida Walk, Darellport, MO 34560",60.6,2024,8,29
71275,47211,19557,1,54.0,2024-03-05 03:22:00+00:00,Unknown,54.0,2024,3,5
71117,47258,19212,2,60.0,2024-09-11 09:04:10+00:00,"1295 Schroeder Freeway, East Vincenttown, ID 93024",120.0,2024,9,11
64701,47197,19019,1,17.75,2025-02-25 11:22:30+00:00,Unknown,17.75,2025,2,25
69010,47296,19080,5,63.3,2024-12-26 15:08:41+00:00,Unknown,316.5,2024,12,26
71906,44694,19270,2,27.59,2025-04-24 10:09:17+00:00,Unknown,55.18,2025,4,24
67686,45518,19270,1,20.0,2024-08-14 20:50:56.907000+00:00,"Apt. 331 7662 Shon Vista, Hillshaven, MN 97319-3379",20.0,2024,8,14
67036,46805,19512,1,54.0,2024-06-03 20:32:17+00:00,Unknown,54.0,2024,6,3
63867,45762,19408,4,22.5,2025-05-07 11:50:19.092000+00:00,Unknown,90.0,2025,5,7
63596,47453,18941,1,56.0,2025-04-07 22:37:27+00:00,Unknown,56.0,2025,4,7
69610,45876,19324,1,64.0,2025-06-03 20:29:53+00:00,Unknown,64.0,2025,6,3
66995,47404,19137,1,50.0,2024-07-10 13:12:00+00:00,Unknown,50.0,2024,7,10
63285,46866,18914,2,47.25,2025-02-03 11:46:19+00:00,Unknown,94.5,2025,2,3
68874,45818,18860,1,53.4,2024-12-14 16:35:00+00:00,Unknown,53.4,2024,12,14
62761,45224,19235,1,62.75,2025-01-05 08:06:00+00:00,"59671 Howard Springs, Lefflershire, CO 17472-4372",62.75,2025,1,5
64528,45337,19023,1,51.6,2025-01-11 19:26:01+00:00,Unknown,51.6,2025,1,11
68288,44881,18890,4,87.3,2025-05-01 11:34:49+00:00,Unknown,349.2,2025,5,1
70330,44494,19355,1,45.6,2024-08-25 10:16:57+00:00,"136 Rico Mountain, Celestinaton, MS 59406",45.6,2024,8,25
63892,47515,19463,1,73.5,2024-10-12 09:49:20+00:00,Unknown,73.5,2024,10,12
63001,46084,19518,1,25.25,2025-07-07 21:46:02+00:00,Unknown,25.25,2025,7,7
62984,45844,18946,1,50.99,2025-01-30 07:52:17+00:00,"3862 Turcotte Falls, Dominiqueview, GA 15866-7380",50.99,2025,1,30
67659,45177,19054,1,41.25,2024-09-30 03:50:00+00:00,Unknown,41.25,2024,9,30
63210,44768,19538,1,59.0,2024-09-17 06:49:00+00:00,Unknown,59.0,2024,9,17
71772,45427,18853,1,59.0,2024-06-18 04:19:36+00:00,"Apt. 390 18478 Nola Streets, Katharinachester, SC 29161-6753",59.0,2024,6,18
67551,46238,19456,3,36.5,2024-03-24 17:05:41+00:00,Unknown,109.5,2024,3,24
73408,46285,19452,2,45.6,2025-08-03 11:54:03+00:00,Unknown,91.2,2025,8,3
70743,45773,19326,3,26.0,2024-04-21 20:40:00+00:00,Unknown,78.0,2024,4,21
67416,45889,19240,1,65.99,2025-06-08 14:25:00+00:00,"Suite 523 3321 Cronin Parkway, Buckfort, NJ 69110-9433",65.99,2025,6,8
65950,44878,19582,1,51.6,2024-02-28 18:34:00+00:00,Unknown,51.6,2024,2,28
73309,46376,19166,1,76.8,2025-02-08 16:30:53+00:00,Unknown,76.8,2025,2,8
65722,46562,19248,5,55.5,2024-07-18 12:54:00+00:00,Unknown,277.5,2024,7,18
70281,45458,19005,1,43.2,2024-10-24 20:58:02+00:00,Unknown,43.2,2024,10,24
70066,46655,19584,1,43.5,2024-07-21 03:03:37+00:00,Unknown,43.5,2024,7,21
65808,44754,18901,2,74.75,2024-09-02 00:28:00+00:00,Unknown,149.5,2024,9,2
72612,45826,19495,1,30.25,2025-07-25 18:51:21+00:00,Unknown,30.25,2025,7,25
64966,44530,19101,1,71.5,2024-11-07 16:17:15+00:00,Unknown,71.5,2024,11,7
65846,44395,19066,1,38.0,2024-11-20 16:56:04.839000+00:00,"855 Monte Stream, South Ilene, UT 39916-4716",38.0,2024,11,20
64312,45002,18871,1,58.99,2024-11-05 14:05:00+00:00,Unknown,58.99,2024,11,5
65312,47567,19456,1,43.2,2024-12-01 22:35:47+00:00,Unknown,43.2,2024,12,1
73702,45745,18855,1,38.1,2025-04-03 08:38:47+00:00,Unknown,38.1,2025,4,3
68563,47105,19299,3,28.0,2025-01-02 07:14:00+00:00,"59282 Norman Mountain, Lake Soila, ID 56112",84.0,2025,1,2
65828,44704,18885,1,33.0,2025-04-13 16:10:26+00:00,Unknown,33.0,2025,4,13
64006,46896,19293,1,32.0,2024-12-23 23:08:32+00:00,Unknown,32.0,2024,12,23
67143,45183,18838,1,53.0,2024-09-18 22:10:00+00:00,Unknown,53.0,2024,9,18
67495,45312,18869,2,27.9,2025-03-18 05:38:08+00:00,Unknown,55.8,2025,3,18
65373,44947,19309,1,65.5,2025-04-17 11:41:25+00:00,Unknown,65.5,2025,4,17
68325,46122,19076,1,26.4,2025-01-21 13:02:18+00:00,Unknown,26.4,2025,1,21
73228,45851,19382,2,33.59,2025-05-21 01:13:00+00:00,Unknown,67.18,2025,5,21
64924,46752,19579,1,27.3,2024-03-13 07:43:24+00:00,"Apt. 738 32871 Wehner Loop, North Floystad, VA 93316-1243",27.3,2024,3,13
73276,47160,19131,1,56.99,2025-01-23 23:05:50+00:00,Unknown,56.99,2025,1,23
68216,45040,19218,4,87.3,2024-11-06 19:35:09+00:00,Unknown,349.2,2024,11,6
73379,44431,19007,3,56.4,2024-12-09 23:31:57+00:00,Unknown,169.2,2024,12,9
65848,44736,19341,1,30.25,2025-02-14 17:29:00+00:00,Unknown,30.25,2025,2,14
72881,46405,19466,1,27.3,2025-01-25 20:50:27+00:00,Unknown,27.3,2025,1,25
70360,46747,19524,1,45.75,2025-03-03 01:28:44+00:00,Unknown,45.75,2025,3,3
71325,46350,18846,1,21.99,2025-02-26 03:04:00+00:00,Unknown,21.99,2025,2,26
67147,44762,19135,1,51.0,2024-10-12 13:07:21+00:00,"Apt. 366 7355 Nitzsche Islands, Dariusland, WV 07936-1315",51.0,2024,10,12
64246,45705,19488,3,86.39,2024-10-18 01:13:23+00:00,Unknown,259.17,2024,10,18
66460,44732,18963,3,53.5,2024-04-30 10:13:25.542000+00:00,Unknown,160.5,2024,4,30
71642,45555,19371,1,63.25,2024-11-06 05:17:00+00:00,Unknown,63.25,2024,11,6
72797,44943,18842,2,58.99,2024-09-15 01:45:41+00:00,"Suite 281 547 Paulette Well, Priceville, TX 01224-2413",117.98,2024,9,15
71620,46045,19018,1,17.4,2024-08-30 19:17:35+00:00,Unknown,17.4,2024,8,30
73842,45377,19353,2,13.75,2025-03-24 09:24:00+00:00,"Apt. 904 86789 Jesenia Ridges, Dennyland, FL 30283",27.5,2025,3,24
64170,46936,19437,1,35.0,2025-03-31 07:21:39+00:00,Unknown,35.0,2025,3,31
68190,45207,19552,1,39.0,2024-07-12 02:27:09.078000+00:00,Unknown,39.0,2024,7,12
71274,44990,19543,1,47.1,2024-09-19 23:47:47+00:00,Unknown,47.1,2024,9,19
68536,46133,18850,1,32.99,2024-11-29 11:52:25+00:00,"56131 Towne Forge, West Leifmouth, MA 84172",32.99,2024,11,29
69417,45209,18923,3,27.5,2024-11-26 03:47:47+00:00,"Apt. 615 8699 Conn Points, Kirlintown, KS 94033-6195",82.5,2024,11,26
66126,45240,19254,1,64.2,2025-05-14 12:34:58.539000+00:00,Unknown,64.2,2025,5,14
66864,46737,19205,1,12.5,2025-02-18 11:49:00+00:00,Unknown,12.5,2025,2,18
66552,45538,19190,1,49.0,2024-07-04 09:33:00+00:00,Unknown,49.0,2024,7,4
66207,47463,18875,1,58.2,2024-11-26 16:42:07+00:00,Unknown,58.2,2024,11,26
73468,45760,19496,1,30.99,2025-04-03 02:32:51+00:00,Unknown,30.99,2025,4,3
70967,45415,19024,2,58.75,2024-10-05 03:22:23+00:00,"33116 Schamberger Ridge, Reingerton, WY 45449",117.5,2024,10,5
64612,44777,18989,1,42.0,2024-10-07 22:45:39+00:00,"Suite 822 38408 Anthony Plaza, Lake Lakita, MD 80255-5391",42.0,2024,10,7
63490,46701,19028,1,60.0,2024-06-27 22:34:10+00:00,Unknown,60.0,2024,6,27
65031,46238,18896,2,32.1,2024-10-09 09:33:00+00:00,"55178 Lanell Curve, Port Damonfort, IA 67155-2886",64.2,2024,10,9
70271,46011,19558,1,33.75,2025-02-12 13:28:33+00:00,"Suite 231 894 Luciano Spring, West Rebecaview, WV 67744",33.75,2025,2,12
71699,47307,19063,1,49.0,2024-03-03 18:40:44+00:00,Unknown,49.0,2024,3,3
71155,46440,19115,1,54.25,2024-08-15 13:30:57+00:00,Unknown,54.25,2024,8,15
64487,47016,19110,1,61.75,2024-07-04 07:27:00+00:00,Unknown,61.75,2024,7,4
71436,44376,19032,1,70.75,2025-02-25 01:58:50+00:00,Unknown,70.75,2025,2,25
64475,45751,19409,1,19.8,2024-08-24 00:29:35+00:00,"15881 Eduardo Islands, Rodriguezstad, AR 92734",19.8,2024,8,24
70170,45331,19534,1,41.0,2024-11-18 02:01:21+00:00,Unknown,41.0,2024,11,18
69444,46360,19442,1,53.1,2025-07-08 19:36:00+00:00,Unknown,53.1,2025,7,8
70259,45341,19020,4,24.0,2025-04-22 16:44:16+00:00,Unknown,96.0,2025,4,22
68084,45201,19177,1,14.75,2024-03-27 11:05:00+00:00,Unknown,14.75,2024,3,27
64361,47165,19165,2,27.5,2025-05-31 04:23:00+00:00,"Suite 648 473 Rolfson Mountains, VonRuedenton, MO 08425",55.0,2025,5,31
73396,46109,19167,1,40.99,2025-05-29 05:47:00+00:00,Unknown,40.99,2025,5,29
63174,45060,19007,2,48.5,2025-01-16 10:24:33+00:00,Unknown,97.0,2025,1,16
69026,47136,18967,1,84.0,2024-09-18 19:21:26+00:00,Unknown,84.0,2024,9,18
66400,45983,19028,2,58.0,2024-07-31 03:10:53+00:00,Unknown,116.0,2024,7,31
67580,45960,18840,1,53.1,2025-04-27 08:37:00+00:00,"Suite 203 51030 Quitzon Port, Melvinberg, NY 25307-0477",53.1,2025,4,27
67961,47142,18988,2,62.5,2024-08-18 07:58:49+00:00,"4695 Ledner Park, Boylebury, KS 65638",125.0,2024,8,18
67305,44367,19051,3,69.99,2024-11-09 22:46:00+00:00,Unknown,209.97,2024,11,9
72741,46123,19394,2,19.0,2025-02-28 23:19:31+00:00,Unknown,38.0,2025,2,28
63933,47359,19085,1,56.5,2024-11-21 08:18:31+00:00,Unknown,56.5,2024,11,21
63669,46038,19486,1,48.75,2024-10-28 11:18:38+00:00,"28981 Cruickshank Loop, Charmainechester, OH 21571",48.75,2024,10,28
66331,47043,18993,1,76.8,2024-09-29 18:17:26+00:00,Unknown,76.8,2024,9,29
73897,44940,19087,1,65.7,2024-12-01 19:09:00+00:00,Unknown,65.7,2024,12,1
71016,44363,18909,1,26.99,2024-08-16 12:06:45.509000+00:00,"4656 Torp Viaduct, Cliffordside, MA 86136-4484",26.99,2024,8,16
63902,44913,19385,1,20.99,2024-09-19 02:57:30+00:00,Unknown,20.99,2024,9,19
69005,46034,19514,5,23.4,2024-08-27 14:02:00+00:00,"Apt. 867 498 Ryan Unions, South Jenaehaven, NV 23464",117.0,2024,8,27
64877,44876,19101,1,70.25,2024-09-21 04:56:00+00:00,Unknown,70.25,2024,9,21
67452,46952,19061,1,71.4,2025-01-16 01:36:57+00:00,Unknown,71.4,2025,1,16
68792,45729,19416,1,78.9,2025-02-03 16:10:25+00:00,Unknown,78.9,2025,2,3
64269,44898,19095,4,62.0,2024-08-02 16:19:10.763000+00:00,Unknown,248.0,2024,8,2
72732,44617,18917,1,70.75,2024-12-18 09:21:00+00:00,Unknown,70.75,2024,12,18
64122,46255,18920,1,41.99,2024-09-24 11:40:14+00:00,Unknown,41.99,2024,9,24
73879,45292,18872,1,42.5,2025-02-06 01:19:54+00:00,Unknown,42.5,2025,2,6
71914,47504,19428,1,44.0,2024-10-20 10:00:07+00:00,Unknown,44.0,2024,10,20
64080,47522,19569,1,65.99,2024-08-03 11:05:30+00:00,Unknown,65.99,2024,8,3
70579,45374,18854,1,50.39,2024-11-19 00:20:47+00:00,Unknown,50.39,2024,11,19
63124,47129,19167,1,40.5,2025-10-03 07:16:40+00:00,Unknown,40.5,2025,10,3
71428,46205,19106,2,55.8,2024-09-17 18:43:33.216000+00:00,Unknown,111.6,2024,9,17
71473,47366,19581,1,27.0,2024-07-05 14:44:00+00:00,Unknown,27.0,2024,7,5
72056,46752,19369,2,37.2,2024-09-23 14:50:00+00:00,Unknown,74.4,2024,9,23
66921,46497,19104,1,72.3,2024-07-05 22:19:12.056000+00:00,Unknown,72.3,2024,7,5
66572,46916,19473,1,29.4,2025-03-11 09:46:43+00:00,"Suite 690 8928 Franecki Ramp, Miltonland, RI 54545",29.4,2025,3,11
69842,44623,19299,1,30.99,2024-03-25 11:31:00+00:00,Unknown,30.99,2024,3,25
71218,46708,19539,1,62.5,2024-12-22 07:59:00+00:00,Unknown,62.5,2024,12,22
65767,46890,19011,1,54.75,2025-05-20 08:07:02+00:00,"36563 Elwanda Plaza, Lake Mindy, ME 82126-2731",54.75,2025,5,20
70958,44604,19134,3,65.0,2024-09-25 07:50:00+00:00,"18011 Koch Harbor, Nicolashire, TN 19153-8468",195.0,2024,9,25
70345,44933,19349,2,44.5,2024-02-11 17:12:12+00:00,Unknown,89.0,2024,2,11
65706,46006,18937,3,64.5,2024-05-18 14:13:32+00:00,Unknown,193.5,2024,5,18
64931,45792,19302,2,28.75,2025-03-02 15:18:32+00:00,"33031 Swift Place, Shieldsberg, LA 06604",57.5,2025,3,2
70443,47285,19446,1,50.5,2024-08-15 18:53:19+00:00,Unknown,50.5,2024,8,15
68718,46008,19400,1,33.5,2025-01-29 18:15:16+00:00,Unknown,33.5,2025,1,29
69236,45507,18880,1,70.75,2024-07-01 02:45:00+00:00,Unknown,70.75,2024,7,1
70095,45839,19106,1,49.99,2025-01-24 19:42:31+00:00,Unknown,49.99,2025,1,24
68883,45972,19538,1,55.0,2025-01-18 03:11:13+00:00,"Apt. 986 418 Mason Road, Tempiefurt, HI 03862-6516",55.0,2025,1,18
69540,47273,19532,1,39.0,2025-07-18 21:03:08+00:00,Unknown,39.0,2025,7,18
68130,47497,18959,1,62.39,2024-08-18 10:39:00+00:00,"888 Derrick Port, West Renateberg, WA 00789-1098",62.39,2024,8,18
65057,47023,18887,1,56.1,2025-01-02 04:32:03+00:00,"Suite 880 7602 Petronila Knolls, Rempelmouth, LA 03861-7890",56.1,2025,1,2
64968,46828,19335,1,17.7,2024-10-31 21:34:00+00:00,Unknown,17.7,2024,10,31
70120,47601,19092,1,46.75,2024-11-23 21:53:01+00:00,Unknown,46.75,2024,11,23
70324,46396,18839,1,24.3,2025-02-08 20:31:00+00:00,"Suite 791 6039 Rodrigo Fort, Port Isiah, OR 70687",24.3,2025,2,8
64595,44351,19430,1,56.75,2025-02-08 07:28:13+00:00,"7957 Predovic Harbors, Schroederborough, VA 28741",56.75,2025,2,8
71010,46647,18879,1,67.25,2024-04-04 14:43:35+00:00,"1487 Nikolaus Flat, West Rubinstad, NY 47647",67.25,2024,4,4
68203,45497,18999,5,54.25,2024-10-14 21:57:55+00:00,"6871 Sylvester Drive, Lake Aleaseland, IN 95488-5289",271.25,2024,10,14
67836,47521,19083,3,46.0,2025-05-17 22:46:03+00:00,"207 Terry Shoal, New Elijah, TN 87146-8770",138.0,2025,5,17
71450,47042,19562,1,53.75,2024-10-31 08:33:00+00:00,"Apt. 690 5926 Kip Crest, Zboncakport, KS 45297",53.75,2024,10,31
72404,46670,19411,4,45.0,2024-11-14 10:00:00+00:00,"550 Thomas Brooks, Teodoraside, NM 21885",180.0,2024,11,14
73062,44689,19192,1,62.0,2024-08-07 02:15:27.938000+00:00,Unknown,62.0,2024,8,7
71877,47479,19041,4,18.0,2024-09-06 23:15:17.253000+00:00,"5315 Tonisha Knolls, West Lillianaside, IA 85442-4187",72.0,2024,9,6
69418,45708,19125,4,14.5,2024-03-27 16:42:00+00:00,"254 Balistreri Isle, Lake Magaret, OH 16696-3538",58.0,2024,3,27
71656,46111,18923,2,29.4,2025-02-18 15:19:00+00:00,Unknown,58.8,2025,2,18
71480,47522,18920,2,41.5,2024-11-05 20:37:16+00:00,Unknown,83.0,2024,11,5
69896,46448,19507,1,23.99,2025-01-21 17:32:00+00:00,Unknown,23.99,2025,1,21
70709,46749,19463,1,75.0,2024-09-12 15:27:00+00:00,Unknown,75.0,2024,9,12
66746,44726,19377,1,51.5,2025-03-05 13:40:00+00:00,Unknown,51.5,2025,3,5
71027,47392,19089,1,47.0,2024-05-10 02:40:00+00:00,"Apt. 116 489 Wintheiser Lakes, North Dannymouth, AR 95901-5753",47.0,2024,5,10
66308,47266,19174,1,31.5,2025-05-02 20:29:21+00:00,"97172 Kerstin Square, Jessicastad, MI 13023-8484",31.5,2025,5,2
67677,46032,19361,2,35.5,2025-05-16 09:35:00+00:00,Unknown,71.0,2025,5,16
63912,44789,18941,1,57.5,2025-07-03 18:00:19+00:00,Unknown,57.5,2025,7,3
73660,45168,19385,1,19.5,2024-07-19 01:16:52+00:00,Unknown,19.5,2024,7,19
66563,44598,19130,1,26.4,2024-05-02 22:00:01+00:00,Unknown,26.4,2024,5,2
62959,47177,18839,1,28.8,2025-01-30 12:11:00+00:00,"Apt. 835 9778 Dee Junctions, Lefflerhaven, KY 68337-6185",28.8,2025,1,30
70736,46056,19200,2,24.6,2025-02-17 01:49:26+00:00,Unknown,49.2,2025,2,17
68286,46099,18945,1,47.75,2025-02-10 14:05:59+00:00,"85111 Ryan Parkways, Arthurport, KS 53532",47.75,2025,2,10
67216,44878,19488,1,70.5,2024-10-05 13:39:27+00:00,Unknown,70.5,2024,10,5
71207,46510,19091,1,25.0,2024-07-25 06:59:00+00:00,Unknown,25.0,2024,7,25
71255,46555,19441,1,17.5,2025-02-16 19:21:51+00:00,Unknown,17.5,2025,2,16
69858,47128,19356,1,49.0,2024-12-22 23:20:00+00:00,Unknown,49.0,2024,12,22
67254,44808,19377,1,63.6,2024-10-30 13:46:21.927000+00:00,Unknown,63.6,2024,10,30
66761,45235,19325,1,32.75,2024-09-25 03:26:58+00:00,Unknown,32.75,2024,9,25
72437,46037,18862,1,27.0,2024-09-21 04:11:43+00:00,Unknown,27.0,2024,9,21
65680,46649,19426,1,40.0,2024-06-13 12:07:09+00:00,"271 Owen Cove, Jorgebury, NH 88980",40.0,2024,6,13
67725,45168,19473,1,25.0,2024-04-27 03:46:49+00:00,Unknown,25.0,2024,4,27
64984,44943,19151,1,39.25,2025-06-07 03:14:02+00:00,Unknown,39.25,2025,6,7
71744,44908,19311,1,69.99,2024-12-25 13:24:54+00:00,"Apt. 650 66088 Cassy Prairie, Jacobsbury, NJ 83792",69.99,2024,12,25
65076,47595,18882,1,47.99,2025-05-08 18:13:38+00:00,Unknown,47.99,2025,5,8
62957,44562,19031,1,27.0,2024-08-17 11:19:26+00:00,Unknown,27.0,2024,8,17
63112,44850,19240,1,81.6,2024-10-23 05:50:00+00:00,"Apt. 245 5042 Annette Islands, South Andreville, AZ 43566",81.6,2024,10,23
69775,46170,19541,3,29.5,2024-09-13 13:22:00+00:00,Unknown,88.5,2024,9,13
64400,47562,19182,1,50.5,2025-06-17 09:01:22+00:00,"Suite 177 3837 Stroman Bridge, West Eliseoshire, CT 10734",50.5,2025,6,17
63790,46456,19183,3,16.25,2024-12-19 00:35:24+00:00,Unknown,48.75,2024,12,19
71476,46474,19316,1,22.75,2025-02-03 04:27:47+00:00,Unknown,22.75,2025,2,3
70147,46776,18948,1,21.59,2024-06-06 17:27:42+00:00,Unknown,21.59,2024,6,6
72177,46152,19473,1,22.5,2024-06-15 01:15:51+00:00,Unknown,22.5,2024,6,15
64937,45540,18930,1,39.6,2025-04-17 10:22:54+00:00,"Apt. 550 11393 Lee Viaduct, East Dessieport, IL 37240",39.6,2025,4,17
68940,47140,18860,1,56.39,2024-11-30 12:32:36+00:00,Unknown,56.39,2024,11,30
68244,45027,19354,1,40.0,2024-12-12 05:52:21+00:00,Unknown,40.0,2024,12,12
67932,47126,19379,1,55.0,2024-07-31 17:58:53.894000+00:00,"Suite 699 8868 Maryann Avenue, West Karie, HI 57915-6303",55.0,2024,7,31
72218,47060,19335,3,17.99,2024-08-24 12:14:11+00:00,Unknown,53.97,2024,8,24
70824,45270,19000,1,57.0,2025-04-03 01:09:46+00:00,"923 Jaime Wall, East Hipolitomouth, CT 79827-3690",57.0,2025,4,3
69943,46247,19046,1,26.4,2024-07-22 17:17:00+00:00,Unknown,26.4,2024,7,22
73576,45590,19293,1,32.5,2024-09-18 23:07:45+00:00,Unknown,32.5,2024,9,18
67663,44654,19514,1,20.99,2024-10-24 20:21:00+00:00,"455 Man Stream, Hicklefurt, DE 44027",20.99,2024,10,24
63482,44494,19081,1,17.5,2024-07-01 21:38:44+00:00,Unknown,17.5,2024,7,1
72491,47128,19379,1,70.79,2025-03-15 04:46:22+00:00,Unknown,70.79,2025,3,15
73871,45313,19189,2,21.0,2024-11-28 01:08:18+00:00,Unknown,42.0,2024,11,28
72740,45014,19162,2,78.0,2025-01-12 13:15:31+00:00,"24424 Jamika Turnpike, Port Sherwoodfurt, LA 57202-0184",156.0,2025,1,12
72573,44726,18916,1,55.5,2025-01-20 05:10:51+00:00,Unknown,55.5,2025,1,20
72360,46044,19076,1,25.2,2024-08-05 21:55:00+00:00,"Apt. 116 9264 MacGyver Avenue, Codyfort, ND 07587-0313",25.2,2024,8,5
65044,44775,18989,1,46.0,2024-09-05 23:31:43+00:00,Unknown,46.0,2024,9,5
73155,45214,19249,1,77.99,2024-09-29 06:11:27+00:00,"Apt. 168 541 Kulas Prairie, Beattyfurt, MN 69910",77.99,2024,9,29
70756,47620,18847,1,40.25,2024-06-16 07:32:28+00:00,Unknown,40.25,2024,6,16
66153,45391,19251,2,23.75,2024-11-09 10:23:00+00:00,Unknown,47.5,2024,11,9
63832,47573,19034,1,51.0,2024-08-04 07:29:35+00:00,"3236 Hane Parks, East Johnny, RI 16057-8533",51.0,2024,8,4
68750,45084,19438,1,83.1,2024-11-05 19:42:25+00:00,Unknown,83.1,2024,11,5
72049,46894,19053,2,55.5,2025-03-07 12:56:34+00:00,Unknown,111.0,2025,3,7
71470,46702,19322,1,65.0,2024-09-06 07:17:19.203000+00:00,Unknown,65.0,2024,9,6
66644,45394,19348,1,33.75,2024-04-23 02:52:00+00:00,Unknown,33.75,2024,4,23
66439,44533,19394,1,18.0,2025-07-04 06:28:32.036000+00:00,Unknown,18.0,2025,7,4
67244,46005,19115,3,55.5,2025-03-16 02:40:25+00:00,Unknown,166.5,2025,3,16
66233,44972,19310,1,31.8,2025-01-20 09:32:50+00:00,Unknown,31.8,2025,1,20
65794,45883,19409,1,18.0,2024-12-13 02:32:15.936000+00:00,"7048 David Hill, Port Winford, MI 90386-0113",18.0,2024,12,13
72068,47521,19452,1,39.0,2024-08-25 04:30:11+00:00,Unknown,39.0,2024,8,25
68653,44894,19297,1,59.4,2024-02-11 03:07:07+00:00,"3491 Mario Alley, Gloverchester, TX 56900-8052",59.4,2024,2,11
70058,44719,19273,1,45.0,2024-10-06 06:02:00+00:00,Unknown,45.0,2024,10,6
68030,46476,19201,1,40.25,2024-10-25 20:39:00+00:00,"35515 Stoltenberg Springs, North Donnell, NY 82445",40.25,2024,10,25
68958,45273,19022,3,67.0,2024-06-10 17:49:27+00:00,"30382 Hackett Harbors, East Haywoodhaven, NC 67446-6875",201.0,2024,6,10
73011,45787,18922,4,14.0,2025-03-28 07:51:00+00:00,Unknown,56.0,2025,3,28
66178,44504,18858,1,14.99,2024-11-14 11:26:39.894000+00:00,"981 Nader Hills, Houstonton, IN 42502",14.99,2024,11,14
69739,47284,19295,1,46.8,2024-09-04 13:30:00+00:00,Unknown,46.8,2024,9,4
63928,45455,19317,1,24.99,2025-03-12 13:08:39.424000+00:00,Unknown,24.99,2025,3,12
70165,45539,19280,1,45.0,2024-10-01 13:55:00+00:00,Unknown,45.0,2024,10,1
64807,46533,19224,1,66.6,2024-11-20 09:04:00+00:00,Unknown,66.6,2024,11,20
73720,44641,19397,1,29.0,2025-02-03 13:11:05+00:00,"5126 Mel Fields, North Gordonchester, NC 77962",29.0,2025,2,3
62736,46557,19241,2,45.0,2024-08-10 14:36:02+00:00,Unknown,90.0,2024,8,10
68529,45041,18953,2,72.0,2025-05-23 21:28:38+00:00,"Suite 863 10897 Ullrich Squares, North Lloyd, IA 50117",144.0,2025,5,23
68011,47155,19120,2,61.25,2025-01-16 11:31:16+00:00,Unknown,122.5,2025,1,16
63020,46440,18921,1,46.0,2025-03-17 21:32:29+00:00,Unknown,46.0,2025,3,17
63694,45074,19459,2,42.25,2025-01-15 22:44:34+00:00,Unknown,84.5,2025,1,15
65760,44654,19505,3,18.99,2024-11-23 12:24:00+00:00,Unknown,56.97,2024,11,23
69920,47183,19424,2,19.8,2025-01-03 19:41:33+00:00,Unknown,39.6,2025,1,3
73466,45844,18962,1,61.25,2024-06-15 19:29:00+00:00,Unknown,61.25,2024,6,15
73684,47345,19205,1,13.0,2024-11-18 18:32:48+00:00,"Apt. 172 812 Nikolaus Parkway, Mayerport, MI 37744-0114",13.0,2024,11,18
64876,44364,19208,1,64.8,2025-01-25 04:21:00+00:00,Unknown,64.8,2025,1,25
72735,46146,18945,1,58.79,2025-05-05 08:34:35+00:00,Unknown,58.79,2025,5,5
71109,47304,19553,4,51.0,2025-04-19 01:44:54+00:00,Unknown,204.0,2025,4,19
67195,46660,19505,5,21.99,2024-12-01 22:42:51+00:00,Unknown,109.95,2024,12,1
64505,47223,19277,1,59.0,2025-02-26 16:23:10+00:00,Unknown,59.0,2025,2,26
68023,45239,18983,1,39.6,2024-04-22 16:44:00+00:00,Unknown,39.6,2024,4,22
68171,47540,19081,1,22.79,2025-01-23 13:26:18+00:00,Unknown,22.79,2025,1,23
67448,46813,19383,1,61.5,2024-07-13 05:14:46+00:00,Unknown,61.5,2024,7,13
70119,45240,19125,1,22.79,2024-08-02 22:47:22.108000+00:00,Unknown,22.79,2024,8,2
72244,46750,19213,2,31.0,2024-09-28 07:55:01+00:00,Unknown,62.0,2024,9,28
73161,46474,18952,1,50.5,2025-01-16 19:19:00+00:00,Unknown,50.5,2025,1,16
64999,46570,19234,1,22.0,2024-02-06 20:45:52+00:00,Unknown,22.0,2024,2,6
68882,45348,19266,3,55.2,2024-10-27 19:47:47+00:00,Unknown,165.6,2024,10,27
72071,47447,19270,1,18.0,2024-12-16 02:46:00+00:00,"34578 Ramon Skyway, Wilkinsonhaven, VT 92035",18.0,2024,12,16
67176,45716,18873,2,68.0,2024-09-27 15:58:32+00:00,Unknown,136.0,2024,9,27
63211,46107,19513,3,26.0,2024-06-29 07:24:00+00:00,Unknown,78.0,2024,6,29
65337,46698,19346,1,36.0,2025-07-23 12:44:01+00:00,Unknown,36.0,2025,7,23
65306,44360,19043,1,19.25,2024-12-07 15:49:00+00:00,Unknown,19.25,2024,12,7
66595,46345,19231,1,13.0,2024-02-06 09:46:00+00:00,"Suite 844 9967 Katelin Spurs, Manuelberg, OH 67031-4056",13.0,2024,2,6
71557,46091,18993,2,77.4,2024-08-15 04:18:00+00:00,Unknown,154.8,2024,8,15
67003,46419,18944,4,16.25,2024-06-16 01:08:00+00:00,Unknown,65.0,2024,6,16
73323,46104,19065,1,24.9,2025-03-16 21:58:00+00:00,Unknown,24.9,2025,3,16
73153,46300,19021,2,35.5,2024-10-25 18:08:46+00:00,Unknown,71.0,2024,10,25
65120,47567,19256,1,63.5,2024-07-22 18:48:45+00:00,Unknown,63.5,2024,7,22
71760,44852,19189,2,25.8,2025-05-02 03:51:53+00:00,Unknown,51.6,2025,5,2
73613,46919,19554,3,73.2,2024-12-02 10:30:52+00:00,Unknown,219.6,2024,12,2
62787,45119,18859,1,55.0,2024-05-10 09:10:03+00:00,"474 Ignacio Ports, Port Vernellville, NY 69844-0415",55.0,2024,5,10
71737,44728,18966,1,55.5,2025-03-18 09:38:38+00:00,"Apt. 635 872 Cummings Unions, East Manie, FL 28054",55.5,2025,3,18
62858,45218,19447,1,26.75,2024-12-23 07:54:34+00:00,Unknown,26.75,2024,12,23
71776,45998,19409,1,19.0,2025-01-07 19:14:15+00:00,Unknown,19.0,2025,1,7
72718,45678,19170,1,82.2,2025-02-27 21:51:42+00:00,Unknown,82.2,2025,2,27
65126,47274,19506,4,61.75,2024-12-31 23:10:00+00:00,"Suite 541 86944 Bennett Squares, West Timmyside, KY 70868-7635",247.0,2024,12,31
70608,46364,19464,1,42.0,2024-06-12 05:41:00+00:00,Unknown,42.0,2024,6,12
70661,46491,19523,1,32.5,2024-10-25 17:55:18.217000+00:00,"1841 Volkman Valley, VonRuedenmouth, WA 84133",32.5,2024,10,25
69036,47553,19481,1,64.0,2024-11-22 23:02:10+00:00,Unknown,64.0,2024,11,22
72417,46208,19038,1,74.39,2024-12-23 17:39:57+00:00,Unknown,74.39,2024,12,23
64018,46186,19389,4,22.5,2025-07-02 13:32:17+00:00,Unknown,90.0,2025,7,2
72160,46995,19012,1,45.0,2025-01-01 05:12:27+00:00,Unknown,45.0,2025,1,1
65184,47245,19583,1,54.5,2024-11-11 20:04:00+00:00,Unknown,54.5,2024,11,11
63758,45448,19338,3,83.4,2024-09-10 06:33:10+00:00,Unknown,250.2,2024,9,10
66438,45013,19233,1,82.8,2024-08-08 14:45:27+00:00,Unknown,82.8,2024,8,8
67997,45956,19289,1,31.0,2024-09-09 11:10:02+00:00,Unknown,31.0,2024,9,9
72540,45215,19047,3,55.5,2025-04-06 03:40:30+00:00,Unknown,166.5,2025,4,6
69883,46419,19449,1,47.5,2025-02-18 22:35:13+00:00,Unknown,47.5,2025,2,18
69975,47078,18975,1,55.0,2025-06-05 03:51:00+00:00,Unknown,55.0,2025,6,5
67799,45493,19543,3,42.25,2024-12-26 00:41:37+00:00,Unknown,126.75,2024,12,26
71217,44516,19281,1,38.99,2024-09-13 21:25:00+00:00,Unknown,38.99,2024,9,13
63423,46623,19444,1,53.1,2024-10-04 07:25:42+00:00,"8132 Marcie Fort, New Barrett, NJ 08508",53.1,2024,10,4
62867,45203,19371,2,67.75,2025-05-18 15:55:43+00:00,Unknown,135.5,2025,5,18
67816,47275,19189,1,28.5,2024-11-25 04:37:27+00:00,Unknown,28.5,2024,11,25
66128,46864,18998,1,57.0,2024-09-25 22:57:00+00:00,Unknown,57.0,2024,9,25
66859,45349,19488,3,73.0,2024-12-27 02:29:05+00:00,Unknown,219.0,2024,12,27
65475,47017,19074,5,83.7,2024-12-30 09:34:48+00:00,Unknown,418.5,2024,12,30
68646,44824,18943,1,69.99,2025-06-02 23:41:25+00:00,"Apt. 897 9422 Jeremy Common, East Katharynmouth, NE 70113-1548",69.99,2025,6,2
65639,45953,19283,1,21.0,2024-09-01 18:43:40+00:00,Unknown,21.0,2024,9,1
69054,46721,19146,1,77.7,2024-12-12 08:56:00+00:00,Unknown,77.7,2024,12,12
63183,46819,19404,1,29.0,2024-05-11 10:37:07+00:00,Unknown,29.0,2024,5,11
68470,44659,19517,1,71.25,2024-10-22 03:17:34+00:00,Unknown,71.25,2024,10,22
67723,45918,19438,1,72.0,2024-12-27 21:26:00+00:00,Unknown,72.0,2024,12,27
70977,45096,19312,1,87.9,2024-05-11 07:47:42+00:00,Unknown,87.9,2024,5,11
70609,44439,18930,1,35.75,2024-11-01 19:43:00+00:00,Unknown,35.75,2024,11,1
64375,46703,19253,1,39.0,2025-05-01 02:51:37+00:00,Unknown,39.0,2025,5,1
70177,47608,19407,1,21.0,2024-12-07 23:54:04.292000+00:00,"Suite 878 40616 Robin Street, Kunzeland, NC 48154",21.0,2024,12,7
62894,45240,19098,1,60.75,2024-12-19 23:16:00+00:00,Unknown,60.75,2024,12,19
73645,46637,19262,1,85.2,2025-03-05 21:11:21+00:00,Unknown,85.2,2025,3,5
66978,46225,19138,1,34.5,2025-03-06 18:14:24+00:00,"2620 Stoltenberg Village, Huelmouth, SD 33087",34.5,2025,3,6
65079,45864,18985,1,64.8,2024-10-13 01:32:25+00:00,Unknown,64.8,2024,10,13
64126,45647,19184,1,17.0,2024-08-10 11:56:16+00:00,"Suite 547 7112 Nita Villages, Lindgrenside, WI 74504",17.0,2024,8,10
63654,45935,19168,2,62.75,2024-11-01 00:38:00+00:00,Unknown,125.5,2024,11,1
65291,47206,19271,3,45.5,2024-10-21 23:33:00+00:00,"Suite 151 73077 Milissa Ports, Gleasonchester, WY 07834-2282",136.5,2024,10,21
71775,44345,19313,2,30.9,2025-04-17 17:30:59+00:00,"Apt. 931 2246 Bradtke Forge, East Dawne, SD 34463",61.8,2025,4,17
67869,44505,19471,2,48.6,2024-09-05 20:35:45+00:00,Unknown,97.2,2024,9,5
66922,47429,19394,1,16.0,2024-07-24 17:58:22+00:00,Unknown,16.0,2024,7,24
72163,46856,19246,1,22.0,2024-06-18 04:49:58+00:00,"Suite 174 6532 Pfeffer Fork, North Alexia, NJ 59004",22.0,2024,6,18
71478,45948,19560,1,26.25,2024-06-21 14:13:45+00:00,Unknown,26.25,2024,6,21
67336,44761,19217,1,37.2,2024-11-07 02:49:32+00:00,"Apt. 309 1105 Rudolph Lodge, North Ismael, KS 36239",37.2,2024,11,7
68790,46547,19296,1,25.5,2024-12-26 14:32:14+00:00,Unknown,25.5,2024,12,26
66694,46012,18939,1,52.75,2024-06-13 01:59:29+00:00,Unknown,52.75,2024,6,13
70681,45926,19523,1,30.25,2024-10-07 08:07:24+00:00,Unknown,30.25,2024,10,7
68021,46079,19387,1,60.99,2025-03-14 03:51:18+00:00,"Suite 110 8617 Wes Manor, Nienowmouth, AZ 40156-4440",60.99,2025,3,14
70057,45546,19581,1,25.5,2025-03-15 13:22:37+00:00,Unknown,25.5,2025,3,15
63862,46281,19226,1,25.0,2024-11-30 11:33:23+00:00,Unknown,25.0,2024,11,30
71602,46496,19235,3,62.5,2024-12-17 08:12:52+00:00,Unknown,187.5,2024,12,17
65937,46642,18894,1,24.75,2024-12-09 20:29:00+00:00,Unknown,24.75,2024,12,9
72158,44378,19460,1,36.0,2025-06-16 21:22:34+00:00,Unknown,36.0,2025,6,16
67072,45530,19163,1,19.8,2024-11-28 12:37:16+00:00,Unknown,19.8,2024,11,28
68328,45630,19331,1,32.25,2024-09-23 21:11:00+00:00,Unknown,32.25,2024,9,23
69689,47034,18840,3,58.5,2024-07-13 23:41:41+00:00,"7390 Dietrich Brook, Port Cole, AR 60542-4610",175.5,2024,7,13
69096,44519,19218,2,84.0,2025-05-19 16:32:00+00:00,Unknown,168.0,2025,5,19
64871,45429,19051,1,73.0,2025-04-04 23:35:00+00:00,Unknown,73.0,2025,4,4
63770,46815,19292,1,51.5,2024-11-13 04:29:00+00:00,Unknown,51.5,2024,11,13
67190,45806,19392,2,49.0,2024-09-24 22:33:12+00:00,Unknown,98.0,2024,9,24
72571,46374,18916,5,67.2,2024-11-22 06:21:00+00:00,Unknown,336.0,2024,11,22
68804,44785,19352,1,40.79,2024-08-12 22:53:00+00:00,Unknown,40.79,2024,8,12
71971,47492,19323,1,55.19,2024-08-03 19:38:17+00:00,Unknown,55.19,2024,8,3
65910,47364,19083,1,51.25,2024-10-20 04:04:06+00:00,Unknown,51.25,2024,10,20
70051,45513,19396,1,46.5,2024-11-13 06:40:00+00:00,Unknown,46.5,2024,11,13
72212,46737,19516,1,50.39,2024-10-16 23:43:00+00:00,"314 Welch Land, North Chelsie, ND 63976-7158",50.39,2024,10,16
73019,46234,19301,5,82.79,2025-03-16 11:49:55+00:00,Unknown,413.95,2025,3,16
68942,44736,18937,1,65.99,2025-02-17 05:31:00+00:00,Unknown,65.99,2025,2,17
72113,46813,18900,2,63.25,2025-03-22 14:47:17+00:00,Unknown,126.5,2025,3,22
67773,45430,19046,1,22.8,2025-03-30 07:43:52+00:00,Unknown,22.8,2025,3,30
70503,45340,19377,1,51.25,2025-07-20 11:13:00+00:00,Unknown,51.25,2025,7,20
69377,47621,19013,1,49.0,2025-04-21 02:27:30+00:00,Unknown,49.0,2025,4,21
66391,45204,19492,1,57.9,2024-11-08 12:41:38+00:00,Unknown,57.9,2024,11,8
70247,46020,19071,1,14.0,2025-05-05 19:59:45+00:00,Unknown,14.0,2025,5,5
63126,47002,19482,1,31.19,2024-07-13 10:27:00+00:00,Unknown,31.19,2024,7,13
68702,46870,19352,2,33.0,2024-07-02 04:28:09+00:00,Unknown,66.0,2024,7,2
73141,44676,19220,2,60.0,2024-08-12 09:42:00+00:00,Unknown,120.0,2024,8,12
68629,45667,19123,1,53.5,2024-09-08 08:44:07+00:00,Unknown,53.5,2024,9,8
66511,44383,19320,1,33.0,2025-02-25 13:17:08+00:00,Unknown,33.0,2025,2,25
66980,47028,19269,3,32.4,2024-08-11 10:04:41+00:00,"2810 Jama Junction, Bennyfort, SD 74014",97.2,2024,8,11
66033,44557,19567,1,46.5,2024-04-24 19:54:36+00:00,"Suite 335 1633 Cole Loaf, Kingville, LA 22356-2257",46.5,2024,4,24
73837,45027,19111,2,32.1,2024-08-29 08:30:47+00:00,Unknown,64.2,2024,8,29
63132,45608,19175,1,37.0,2024-09-01 02:35:39+00:00,Unknown,37.0,2024,9,1
64413,44770,19156,2,41.0,2024-11-22 23:57:06+00:00,Unknown,82.0,2024,11,22
62853,44570,19445,1,59.0,2025-03-08 21:31:42+00:00,Unknown,59.0,2025,3,8
64088,44953,18917,1,67.0,2025-01-06 04:09:10+00:00,"6584 Vanessa Loaf, South Keisha, NE 95393",67.0,2025,1,6
64580,45433,19388,2,52.5,2025-02-13 15:14:41+00:00,Unknown,105.0,2025,2,13
69011,47167,19478,1,57.0,2025-03-25 01:27:27+00:00,Unknown,57.0,2025,3,25
63597,47450,18886,1,67.0,2024-09-12 22:45:05+00:00,Unknown,67.0,2024,9,12
72028,46326,18857,1,68.0,2024-09-24 03:12:00+00:00,Unknown,68.0,2024,9,24
72556,45782,19107,2,72.25,2025-02-15 03:17:08+00:00,Unknown,144.5,2025,2,15
69720,45772,19072,1,75.3,2024-06-22 10:56:00+00:00,Unknown,75.3,2024,6,22
69783,44567,18919,1,20.5,2024-10-20 14:25:00+00:00,Unknown,20.5,2024,10,20
65991,45679,19550,2,35.25,2024-12-01 01:39:20+00:00,Unknown,70.5,2024,12,1
68143,46695,19237,2,80.4,2024-09-01 02:56:00+00:00,Unknown,160.8,2024,9,1
69992,45855,18866,1,25.8,2025-01-30 04:45:45+00:00,Unknown,25.8,2025,1,30
64838,45094,19488,1,71.5,2025-01-03 06:02:00+00:00,Unknown,71.5,2025,1,3
70300,45252,19185,1,59.5,2024-10-18 03:51:00+00:00,Unknown,59.5,2024,10,18
68224,45906,19167,2,42.99,2025-01-26 18:44:00+00:00,Unknown,85.98,2025,1,26
65551,46166,19247,1,75.6,2024-11-24 18:21:57+00:00,"Suite 440 722 Rocco Glens, Bahringerville, NV 68760",75.6,2024,11,24
69156,45817,18901,1,91.5,2024-03-04 06:22:56+00:00,"2516 Esther Loaf, East Laticiaborough, NH 32278-0141",91.5,2024,3,4
67440,45850,19211,1,48.99,2025-01-01 07:21:00+00:00,"78819 Sawayn Mountains, Trompmouth, OK 00497-1474",48.99,2025,1,1
71790,46769,19137,1,51.0,2024-10-16 01:00:00+00:00,"3502 Jeromy Corner, North Sol, HI 45275-4149",51.0,2024,10,16
69690,47172,19173,1,59.0,2024-09-02 06:45:36+00:00,Unknown,59.0,2024,9,2
73402,46720,19289,1,32.0,2024-08-02 04:01:29+00:00,Unknown,32.0,2024,8,2
67793,46090,19563,3,83.1,2025-02-05 16:03:34+00:00,Unknown,249.3,2025,2,5
67022,47066,19121,1,85.2,2025-01-21 00:30:00+00:00,Unknown,85.2,2025,1,21
72017,46937,19587,5,38.7,2024-10-21 22:00:14+00:00,"721 Mante Fork, New Leif, OH 96093",193.5,2024,10,21
72873,44440,19438,2,72.75,2024-09-21 07:28:00+00:00,Unknown,145.5,2024,9,21
65562,45920,19279,1,18.0,2025-01-28 16:55:11+00:00,Unknown,18.0,2025,1,28
64564,46305,18974,2,48.3,2024-05-03 00:11:58+00:00,"Apt. 702 769 Murazik Highway, Willyborough, WV 10452-3464",96.6,2024,5,3
70314,44826,19040,4,19.75,2024-12-23 17:49:00+00:00,Unknown,79.0,2024,12,23
72971,45539,19142,1,38.0,2024-09-06 22:10:58+00:00,Unknown,38.0,2024,9,6
66444,46668,18874,1,55.0,2024-07-03 04:41:22+00:00,Unknown,55.0,2024,7,3
72142,46081,19486,1,54.6,2024-12-26 22:24:05+00:00,"78420 Chester Tunnel, Kuphaltown, MD 79070-0817",54.6,2024,12,26
70801,47447,18971,1,65.4,2025-07-17 07:44:29+00:00,Unknown,65.4,2025,7,17
66418,45427,18948,1,20.75,2025-05-10 07:37:23.898000+00:00,Unknown,20.75,2025,5,10
62998,45044,18927,1,63.75,2024-12-15 02:21:09+00:00,"4267 Dirk Cliff, New Marjorymouth, PA 73279",63.75,2024,12,15
64650,45563,19101,1,84.9,2024-10-04 11:56:37+00:00,Unknown,84.9,2024,10,4
65104,46010,18929,2,45.0,2024-07-07 06:06:00+00:00,"Apt. 278 682 Yost Avenue, West Corrina, AZ 55572-5900",90.0,2024,7,7
66501,47007,19411,2,52.5,2024-07-06 21:02:00+00:00,Unknown,105.0,2024,7,6
67972,45311,19535,2,76.8,2024-08-13 14:19:03.322000+00:00,Unknown,153.6,2024,8,13
64477,46890,19475,1,47.4,2024-11-05 05:31:43.089000+00:00,Unknown,47.4,2024,11,5
65835,47013,19368,1,28.5,2024-10-22 07:02:20+00:00,Unknown,28.5,2024,10,22
67862,45257,19359,1,56.4,2024-09-09 04:53:40+00:00,Unknown,56.4,2024,9,9
71987,46759,19266,1,59.4,2025-02-15 11:10:46+00:00,Unknown,59.4,2025,2,15
71242,44940,19414,1,58.25,2025-08-07 04:19:36+00:00,Unknown,58.25,2025,8,7
72791,46079,18908,1,43.5,2025-01-20 16:52:58+00:00,"Suite 110 8617 Wes Manor, Nienowmouth, AZ 40156-4440",43.5,2025,1,20
65440,47065,19193,1,19.2,2024-09-21 20:06:04+00:00,Unknown,19.2,2024,9,21
69204,46793,19030,3,24.75,2025-04-19 11:52:00+00:00,Unknown,74.25,2025,4,19
68414,45049,19091,1,24.5,2024-06-14 07:22:42+00:00,"46135 Deon Forge, Tabethaburgh, MS 52009",24.5,2024,6,14
72729,47096,18850,1,33.0,2024-11-09 22:39:14+00:00,"Suite 407 2662 Lashay Common, East Garrett, KS 18559-8428",33.0,2024,11,9
65243,46789,19544,1,41.75,2024-06-08 23:16:58+00:00,Unknown,41.75,2024,6,8
70336,46137,19208,2,68.39,2024-08-13 03:46:44.565000+00:00,"84208 Rolf Roads, Sharitafurt, DE 85104-3737",136.78,2024,8,13
68728,45490,19186,1,26.0,2024-09-28 17:51:03+00:00,Unknown,26.0,2024,9,28
65761,47066,19571,2,17.5,2024-12-01 21:28:42+00:00,Unknown,35.0,2024,12,1
73811,47323,18897,1,53.5,2025-02-27 00:20:56+00:00,Unknown,53.5,2025,2,27
73438,46228,19350,1,33.9,2024-10-06 18:39:26+00:00,"Apt. 646 83932 Eugenio Ports, Lake Silvanashire, NM 73569",33.9,2024,10,6
67506,47096,19415,1,15.5,2024-12-11 09:54:49+00:00,Unknown,15.5,2024,12,11
69249,46841,18923,1,32.4,2025-06-01 08:02:00+00:00,"251 Gidget Crossing, West Tilda, VA 82627",32.4,2025,6,1
65185,46957,19146,1,65.0,2025-03-15 21:25:26+00:00,"2112 Luann Port, Jacelynberg, NJ 27829-3725",65.0,2025,3,15
66632,45491,18899,1,28.0,2025-01-10 17:42:00+00:00,"Suite 948 8062 Rosenbaum Springs, Harveyhaven, MA 14197",28.0,2025,1,10
72678,47387,19026,5,21.0,2024-09-21 20:31:00+00:00,Unknown,105.0,2024,9,21
64733,44474,19531,1,35.7,2025-02-21 15:39:00+00:00,"Suite 714 684 Botsford Pine, Tannerville, CA 17350",35.7,2025,2,21
72100,47363,18933,1,37.5,2025-08-26 21:10:51+00:00,Unknown,37.5,2025,8,26
67726,47483,19192,3,62.0,2024-10-26 01:09:23+00:00,"59839 Hauck Pine, Metzchester, OH 04201-3616",186.0,2024,10,26
70506,46314,18996,1,47.5,2024-12-30 10:53:05+00:00,Unknown,47.5,2024,12,30
71601,46584,19505,1,17.0,2024-12-22 13:49:23+00:00,Unknown,17.0,2024,12,22
71726,47084,19216,1,62.0,2024-12-15 00:53:24+00:00,Unknown,62.0,2024,12,15
72588,46458,18851,1,61.5,2025-05-24 15:40:00+00:00,Unknown,61.5,2025,5,24
69766,47580,18928,3,18.75,2025-01-21 07:47:18+00:00,Unknown,56.25,2025,1,21
64044,47338,19476,1,24.6,2024-10-19 08:27:59+00:00,"958 Zulauf Lodge, Izolaburgh, ME 53005-8321",24.6,2024,10,19
63863,47578,19333,1,30.25,2024-09-17 06:30:48+00:00,"Apt. 353 950 Schoen Mountain, South Davinachester, NE 21867-9337",30.25,2024,9,17
67556,47015,19516,1,36.5,2024-11-21 14:48:37+00:00,"Apt. 421 32379 Bauch Branch, North Elliottland, IA 60167",36.5,2024,11,21
70322,44982,19079,1,30.9,2024-10-24 11:45:00+00:00,"559 Elida Cape, Clorindaport, MD 85716-7691",30.9,2024,10,24
65879,46075,19131,5,56.75,2024-07-17 09:25:57+00:00,"Apt. 857 20568 Murazik Springs, West Kortneyshire, TN 54642",283.75,2024,7,17
71935,44434,19163,2,14.5,2024-10-24 09:20:27+00:00,Unknown,29.0,2024,10,24
64112,46059,19524,1,47.5,2025-04-24 18:36:09+00:00,"Apt. 331 81341 Koelpin Knolls, East Ernestside, CA 96086",47.5,2025,4,24
66304,46508,19310,1,23.0,2024-09-02 04:14:57+00:00,Unknown,23.0,2024,9,2
71735,45177,19093,2,27.25,2025-03-22 20:48:52+00:00,Unknown,54.5,2025,3,22
72745,45680,19284,1,61.19,2024-06-02 11:57:19+00:00,Unknown,61.19,2024,6,2
66952,45352,18945,1,47.99,2025-03-02 18:27:00+00:00,"Suite 535 1879 Kessler Skyway, Port Adalbertoside, NV 83592-1230",47.99,2025,3,2
68603,45658,19518,1,25.5,2024-10-15 19:10:43+00:00,"Apt. 492 174 Homenick Vista, Effertztown, UT 72944-0170",25.5,2024,10,15
68080,46233,19054,1,41.99,2024-11-17 11:27:04+00:00,Unknown,41.99,2024,11,17
69515,44848,18972,1,25.0,2025-01-08 22:24:00+00:00,Unknown,25.0,2025,1,8
66893,46686,19323,1,49.5,2025-03-28 11:21:40+00:00,"5497 Marco Turnpike, Schillerfort, ND 60769",49.5,2025,3,28
69596,46297,18857,1,73.99,2024-10-06 00:14:00+00:00,Unknown,73.99,2024,10,6
66083,46847,19157,1,36.0,2024-03-24 05:14:00+00:00,Unknown,36.0,2024,3,24
68551,47213,19385,1,21.3,2025-05-21 09:18:03+00:00,"669 Roselia Way, Howardfurt, WA 59466",21.3,2025,5,21
66195,46088,19475,1,44.0,2024-04-23 03:33:46+00:00,Unknown,44.0,2024,4,23
64569,46904,19330,2,75.6,2025-01-15 10:17:00+00:00,Unknown,151.2,2025,1,15
68261,46128,19070,2,75.0,2025-04-12 21:47:00+00:00,Unknown,150.0,2025,4,12
65166,46926,18994,1,40.5,2025-02-01 05:32:08+00:00,"576 Loriann Lock, East Nannetteland, CT 87816",40.5,2025,2,1
70158,46688,19093,2,27.75,2025-04-24 00:38:00+00:00,Unknown,55.5,2025,4,24
70198,46917,19534,1,37.75,2025-01-04 01:25:54+00:00,Unknown,37.75,2025,1,4
65645,46849,19416,1,74.4,2024-11-07 20:17:14+00:00,"Suite 995 3430 Sipes Ville, Port Lanelle, ID 65573-0998",74.4,2024,11,7
63050,46948,19456,3,34.25,2025-01-24 09:42:00+00:00,Unknown,102.75,2025,1,24
71446,46705,19281,1,39.0,2024-12-13 00:23:44.111000+00:00,Unknown,39.0,2024,12,13
72372,47224,19401,1,58.75,2024-08-14 00:36:49+00:00,"Apt. 462 900 Feeney Mountains, Lesfurt, NH 62145",58.75,2024,8,14
68095,45700,19306,2,38.99,2025-03-26 01:50:34+00:00,Unknown,77.98,2025,3,26
67083,47283,18941,1,59.99,2024-10-04 07:14:13+00:00,"Suite 270 498 Daugherty Lodge, East Candyce, UT 45835-6645",59.99,2024,10,4
63267,44633,19003,1,46.2,2025-02-20 10:23:50+00:00,"Suite 431 157 Schmitt Mountain, East Cyrus, VA 15045-0451",46.2,2025,2,20
72565,45624,19541,1,32.4,2024-07-14 19:20:00+00:00,"Suite 539 3643 Jordan Lane, Samtown, AK 73368-2876",32.4,2024,7,14
69458,46590,19442,1,59.7,2024-09-04 08:09:42+00:00,Unknown,59.7,2024,9,4
63589,46595,19115,1,63.6,2025-01-13 13:15:25+00:00,Unknown,63.6,2025,1,13
67404,45126,18908,3,58.79,2024-10-22 01:52:00+00:00,Unknown,176.37,2024,10,22
72460,45100,19306,1,38.5,2025-01-04 19:40:00+00:00,Unknown,38.5,2025,1,4
72189,46013,19320,1,22.5,2025-02-10 17:24:29+00:00,Unknown,22.5,2025,2,10
64991,44894,19273,5,46.0,2024-07-30 22:50:10+00:00,Unknown,230.0,2024,7,30
70535,47242,19342,1,45.3,2024-11-06 04:27:34+00:00,Unknown,45.3,2024,11,6
68643,47208,19518,2,27.0,2025-02-11 07:29:00+00:00,"Apt. 964 28310 Erick Hill, Zboncakmouth, AK 07825",54.0,2025,2,11
70223,47001,19217,1,31.0,2024-06-22 02:39:00+00:00,Unknown,31.0,2024,6,22
72593,46066,19116,2,16.75,2024-11-17 14:14:00+00:00,Unknown,33.5,2024,11,17
66386,47270,19211,1,46.0,2024-03-11 09:48:00+00:00,Unknown,46.0,2024,3,11
73441,45974,18930,1,37.5,2025-02-10 13:15:04.464000+00:00,Unknown,37.5,2025,2,10
72313,44576,18915,1,66.0,2024-12-26 09:36:00+00:00,Unknown,66.0,2024,12,26
66073,46452,19199,1,22.8,2024-07-01 18:39:29+00:00,Unknown,22.8,2024,7,1
69887,47407,19024,1,60.5,2024-07-12 16:04:37+00:00,"90448 Francisco Alley, West Rachalland, MN 19192",60.5,2024,7,12
69600,45187,19057,1,70.0,2024-06-17 23:34:00+00:00,Unknown,70.0,2024,6,17
66214,46118,19579,1,30.9,2024-10-28 19:41:51+00:00,Unknown,30.9,2024,10,28
65590,47163,19004,1,71.0,2024-08-02 22:51:48+00:00,Unknown,71.0,2024,8,2
69677,47430,18949,1,38.4,2024-12-25 10:10:00+00:00,Unknown,38.4,2024,12,25
73388,46007,19417,1,25.8,2025-01-09 09:44:30+00:00,Unknown,25.8,2025,1,9
66998,44461,18956,1,53.0,2025-02-08 11:17:01+00:00,Unknown,53.0,2025,2,8
67223,46802,19588,1,67.0,2025-04-24 19:03:02+00:00,"Apt. 973 6559 Dare Centers, Hoegerhaven, ME 53034-7047",67.0,2025,4,24
68206,46476,19093,1,25.75,2024-07-20 07:13:00+00:00,Unknown,25.75,2024,7,20
71091,46172,19174,1,30.5,2024-10-26 22:47:15+00:00,"Suite 976 2985 Zandra Vista, Lynchhaven, AK 06345-0951",30.5,2024,10,26
72820,44480,19437,1,42.3,2024-11-05 00:17:00+00:00,Unknown,42.3,2024,11,5
70382,45195,19239,1,74.75,2025-05-21 21:02:00+00:00,Unknown,74.75,2025,5,21
69253,46139,19479,1,61.0,2024-08-26 00:26:00+00:00,"500 O'Reilly Motorway, Schimmelstad, WV 01380-1692",61.0,2024,8,26
70054,46861,19330,4,59.0,2025-05-25 11:37:42+00:00,"Suite 537 5066 Bauch Summit, Port Clark, NJ 65206",236.0,2025,5,25
67826,46842,19089,1,48.0,2025-03-11 19:22:43+00:00,Unknown,48.0,2025,3,11
66478,44618,19062,1,16.5,2024-10-26 14:34:05+00:00,Unknown,16.5,2024,10,26
71399,47343,18986,1,63.99,2024-12-23 12:06:00+00:00,Unknown,63.99,2024,12,23
67943,46254,19377,1,50.25,2024-09-30 17:11:00+00:00,Unknown,50.25,2024,9,30
65868,46094,19136,1,63.6,2024-12-16 08:35:00+00:00,Unknown,63.6,2024,12,16
72288,47453,19242,1,51.25,2025-04-15 03:51:18+00:00,Unknown,51.25,2025,4,15
73361,45885,19195,1,71.0,2024-12-31 04:17:34+00:00,Unknown,71.0,2024,12,31
64434,47546,19185,1,57.5,2024-06-02 18:56:59+00:00,Unknown,57.5,2024,6,2
69639,44791,19022,3,69.0,2025-04-16 19:25:18+00:00,"7913 Alvera Throughway, Johnstown, TN 23013-6173",207.0,2025,4,16
70255,44405,19261,4,69.99,2025-03-19 12:21:00+00:00,Unknown,279.96,2025,3,19
73821,46043,19296,5,29.4,2025-03-22 03:45:00+00:00,Unknown,147.0,2025,3,22
71024,45096,19144,1,54.6,2025-03-19 06:37:37+00:00,Unknown,54.6,2025,3,19
63118,45878,19281,2,44.4,2024-06-16 15:02:06+00:00,"41410 Ina Springs, New Winford, OK 10699",88.8,2024,6,16
63852,44827,19286,1,21.5,2025-07-19 03:08:45+00:00,"Apt. 304 61298 Andra Shores, Kihnchester, NC 57670-7207",21.5,2025,7,19
65696,47304,19396,1,53.4,2024-10-23 06:26:00+00:00,Unknown,53.4,2024,10,23
63369,45418,19128,1,74.25,2024-09-05 11:19:00+00:00,"280 Del Pines, Labadieborough, WV 61147-1842",74.25,2024,9,5
67128,46661,19031,1,21.0,2024-09-29 18:40:02+00:00,Unknown,21.0,2024,9,29
68505,46672,19201,1,48.3,2025-02-08 09:41:51+00:00,"2003 Graig Throughway, Coyshire, OR 03738",48.3,2025,2,8
65056,47574,19560,1,35.4,2025-02-27 13:25:20.755000+00:00,"902 Effertz Port, Greenstad, CA 70345-8303",35.4,2025,2,27
67883,47434,19539,1,64.0,2025-03-03 02:48:48+00:00,Unknown,64.0,2025,3,3
67050,46369,19358,1,47.75,2025-07-02 11:08:08+00:00,"Suite 962 2175 Paucek Fords, New Nora, OR 14926",47.75,2025,7,2
72953,44752,19447,5,26.5,2024-11-15 16:35:49+00:00,Unknown,132.5,2024,11,15
66705,45644,19523,1,32.25,2025-01-24 11:03:38+00:00,Unknown,32.25,2025,1,24
67528,45454,18861,1,43.8,2024-06-29 18:14:00+00:00,Unknown,43.8,2024,6,29
69403,45446,18917,1,66.0,2024-08-28 03:46:13+00:00,Unknown,66.0,2024,8,28
73863,45704,18966,1,53.99,2024-09-10 00:48:32+00:00,Unknown,53.99,2024,9,10
70923,46285,19535,2,66.0,2024-12-11 10:43:00+00:00,Unknown,132.0,2024,12,11
67065,45204,19377,1,52.0,2024-03-27 10:24:12+00:00,Unknown,52.0,2024,3,27
68250,45652,19449,1,58.2,2024-07-31 18:54:12+00:00,Unknown,58.2,2024,7,31
65191,45910,19499,1,27.99,2025-09-29 23:17:16+00:00,Unknown,27.99,2025,9,29
64804,45262,19049,1,57.99,2024-10-18 14:15:13+00:00,Unknown,57.99,2024,10,18
66071,46710,19507,1,27.0,2025-08-10 20:58:22+00:00,Unknown,27.0,2025,8,10
73745,44593,19077,2,50.1,2024-12-23 07:17:00+00:00,"Suite 691 172 Hane Skyway, Denitaton, SC 59643-2000",100.2,2024,12,23
69242,45124,19454,1,65.0,2025-02-16 22:24:12+00:00,"8172 Wyman Ville, South Kiethchester, SC 49176",65.0,2025,2,16
67950,46631,19491,1,40.79,2024-12-30 03:27:53+00:00,Unknown,40.79,2024,12,30
66967,46493,19324,1,62.0,2025-02-01 21:22:59+00:00,"Suite 290 4624 Wilderman Lane, South Jennifferfurt, DE 66543-9957",62.0,2025,2,1
67040,45256,18938,1,45.0,2024-11-06 17:20:00+00:00,Unknown,45.0,2024,11,6
69350,45940,19490,1,53.75,2024-12-01 17:32:00+00:00,Unknown,53.75,2024,12,1
64776,46572,19255,2,43.99,2024-08-23 12:43:00+00:00,Unknown,87.98,2024,8,23
67239,44638,19292,1,51.0,2024-11-20 22:31:00+00:00,"Suite 215 8882 Predovic Trafficway, Carlyshire, SC 29349-9768",51.0,2024,11,20
67382,44961,19153,1,57.0,2025-06-30 12:43:00+00:00,Unknown,57.0,2025,6,30
63213,45731,19268,1,52.2,2025-09-06 17:36:36+00:00,Unknown,52.2,2025,9,6
69888,44823,19049,1,66.0,2024-11-24 03:27:00+00:00,"Apt. 118 53303 Patsy Green, Legrosburgh, TN 22372",66.0,2024,11,24
66209,45557,19268,2,46.25,2024-08-06 22:18:32+00:00,Unknown,92.5,2024,8,6
66184,45299,19266,2,57.9,2024-12-29 18:21:45+00:00,"Apt. 770 25793 Reilly Motorway, West Georgianneberg, AR 19918-9583",115.8,2024,12,29
63015,47361,18881,1,31.5,2025-05-01 01:16:38+00:00,"Apt. 993 84470 Garry Viaduct, South Clementeport, SC 99488",31.5,2025,5,1
68609,46914,19455,1,16.99,2024-12-22 05:49:54+00:00,Unknown,16.99,2024,12,22
63668,44936,19585,2,65.0,2024-08-17 02:17:04+00:00,Unknown,130.0,2024,8,17
71633,47345,19486,1,43.5,2025-03-25 00:32:00+00:00,Unknown,43.5,2025,3,25
65463,47500,19296,1,24.99,2024-06-10 02:59:30+00:00,Unknown,24.99,2024,6,10
64864,47514,19135,1,67.2,2025-04-05 14:11:00+00:00,"203 Wisozk Stream, Lake Lynda, FL 95719",67.2,2025,4,5
63419,45549,19581,1,24.75,2024-08-13 02:51:53+00:00,Unknown,24.75,2024,8,13
72959,44607,19008,1,59.7,2024-11-24 06:57:26+00:00,Unknown,59.7,2024,11,24
68843,45780,19130,1,27.6,2025-07-02 06:05:00+00:00,Unknown,27.6,2025,7,2
71134,44843,19568,1,55.2,2025-04-11 05:51:00+00:00,Unknown,55.2,2025,4,11
64099,45874,19001,2,32.5,2024-09-12 11:16:00+00:00,Unknown,65.0,2024,9,12
64344,46116,19227,5,61.2,2025-01-28 06:38:40+00:00,Unknown,306.0,2025,1,28
63314,45556,19250,2,34.8,2024-08-31 05:12:19+00:00,"97577 Johnson Stream, New Ginoberg, NV 03805",69.6,2024,8,31
72722,44618,19139,2,57.99,2024-09-13 00:40:11+00:00,"Apt. 451 46447 Alphonso Plaza, Carriefurt, RI 86347-8862",115.98,2024,9,13
72035,45978,19123,1,62.39,2024-03-14 03:26:30+00:00,Unknown,62.39,2024,3,14
68818,47195,19538,1,54.5,2024-09-01 01:51:36+00:00,Unknown,54.5,2024,9,1
65745,45617,19383,5,60.99,2025-03-20 11:08:00+00:00,Unknown,304.95,2025,3,20
71012,47025,19100,5,15.0,2024-12-15 22:59:47+00:00,Unknown,75.0,2024,12,15
68953,45620,19158,1,64.5,2024-12-05 22:00:00+00:00,"1910 Pollich Skyway, Charleyberg, MS 29517-1132",64.5,2024,12,5
71328,47391,19147,1,26.0,2024-10-19 04:23:04.594000+00:00,"Suite 195 610 Kulas Greens, Port Sonny, KY 53422",26.0,2024,10,19
68909,46068,19328,1,34.2,2024-12-03 04:31:00+00:00,Unknown,34.2,2024,12,3
69277,45292,18968,2,68.75,2024-09-29 01:30:13+00:00,Unknown,137.5,2024,9,29
65256,46852,18893,1,49.75,2024-09-01 10:34:40+00:00,Unknown,49.75,2024,9,1
70130,46393,19163,4,15.59,2025-05-28 17:50:00+00:00,Unknown,62.36,2025,5,28
69748,44531,19217,1,28.99,2024-07-30 06:10:44+00:00,Unknown,28.99,2024,7,30
71598,45108,19500,1,45.5,2025-04-15 03:24:50+00:00,Unknown,45.5,2025,4,15
70536,47389,19105,1,37.0,2025-04-24 07:46:23+00:00,Unknown,37.0,2025,4,24
68746,46025,19011,1,66.6,2025-02-14 04:30:45+00:00,Unknown,66.6,2025,2,14
68530,45233,18986,2,80.39,2025-05-20 12:14:03+00:00,"824 Mercedes Skyway, Burlside, GA 04649-9920",160.78,2025,5,20
69608,44891,19431,2,33.99,2024-11-11 14:59:30+00:00,Unknown,67.98,2024,11,11
68348,46036,19005,5,40.75,2024-05-27 18:25:13+00:00,"Suite 412 6556 Arnold Turnpike, Cummerataview, HI 15088-5645",203.75,2024,5,27
71864,47496,19581,1,32.7,2025-02-21 20:33:13.723000+00:00,Unknown,32.7,2025,2,21
71368,44540,18961,1,73.99,2024-03-18 19:59:30+00:00,Unknown,73.99,2024,3,18
70073,45174,19174,1,38.4,2024-09-21 09:15:15+00:00,Unknown,38.4,2024,9,21
64697,46031,19417,3,22.25,2025-02-01 08:32:59+00:00,Unknown,66.75,2025,2,1
65899,46216,18939,1,56.5,2025-01-18 12:51:00+00:00,Unknown,56.5,2025,1,18
70596,46663,19157,1,30.0,2024-11-15 11:13:49.043000+00:00,Unknown,30.0,2024,11,15
71537,44571,19248,1,71.99,2024-08-25 00:00:00+00:00,Unknown,71.99,2024,8,25
70186,44675,19455,1,12.5,2024-11-23 13:07:50+00:00,"Suite 378 3587 Weimann Skyway, Lake Tainaland, RI 69983-5455",12.5,2024,11,23
69346,46480,19366,1,29.5,2025-05-14 16:45:11+00:00,Unknown,29.5,2025,5,14
66813,44669,19585,2,68.0,2024-10-10 04:15:00+00:00,Unknown,136.0,2024,10,10
69738,47143,18946,1,50.5,2025-03-02 06:57:53+00:00,Unknown,50.5,2025,3,2
70257,47001,19015,1,61.75,2025-02-21 18:59:26+00:00,Unknown,61.75,2025,2,21
68518,46637,19036,1,69.0,2025-03-07 10:10:17+00:00,"Suite 350 939 Lynch Views, Borerhaven, MO 19809",69.0,2025,3,7
69732,45253,19099,2,54.0,2025-01-18 00:15:34.302000+00:00,Unknown,108.0,2025,1,18
68548,46494,19118,1,72.0,2025-03-21 22:43:02+00:00,Unknown,72.0,2025,3,21
71759,47203,19251,1,23.0,2025-01-02 10:15:55+00:00,"14508 Turcotte Loop, East Jed, WI 66882",23.0,2025,1,2
66490,47143,19561,1,26.4,2025-07-13 14:10:21+00:00,"5184 Ethan Street, Port Nereidaberg, NE 76544",26.4,2025,7,13
69421,46291,19562,2,53.0,2024-09-12 04:52:34+00:00,Unknown,106.0,2024,9,12
64483,46278,19560,2,28.75,2024-09-04 11:50:19+00:00,"Apt. 777 4159 Silva Alley, Hyattmouth, LA 34173-2294",57.5,2024,9,4
68590,47291,18969,1,44.5,2025-04-24 09:28:56+00:00,Unknown,44.5,2025,4,24
70240,44969,18934,5,17.0,2025-02-15 22:12:30+00:00,Unknown,85.0,2025,2,15
64556,45774,19387,1,64.75,2024-07-26 12:11:30+00:00,Unknown,64.75,2024,7,26
71897,45230,19050,1,84.6,2025-01-16 00:23:00+00:00,Unknown,84.6,2025,1,16
64548,46014,19417,1,25.0,2024-09-21 05:04:36.470000+00:00,Unknown,25.0,2024,9,21
68791,44533,19533,3,46.75,2025-07-12 12:40:41+00:00,Unknown,140.25,2025,7,12
65988,47026,19339,1,45.0,2025-02-17 19:27:34+00:00,"839 Neil Ranch, East Nannieview, SD 96510-4324",45.0,2025,2,17
71324,47480,18859,3,61.2,2025-01-19 13:05:30+00:00,"8509 Cammy Cliffs, North Nellieton, RI 15636-6629",183.6,2025,1,19
62769,46200,19472,1,67.5,2025-05-13 19:31:32.424000+00:00,"Apt. 177 516 Shay Brooks, Lake Newtonside, FL 83587-6444",67.5,2025,5,13
72375,47423,19444,5,42.0,2025-02-24 02:10:00+00:00,Unknown,210.0,2025,2,24
66788,46095,18903,1,24.6,2025-02-05 00:50:00+00:00,Unknown,24.6,2025,2,5
68552,46880,19370,2,17.0,2025-03-07 08:19:00+00:00,"Suite 316 14792 Reichert Estates, Kuhlmanview, CO 96931-5507",34.0,2025,3,7
63812,44925,19318,1,31.8,2024-08-13 22:46:00+00:00,Unknown,31.8,2024,8,13
65231,45806,18929,1,57.6,2024-11-09 00:04:00+00:00,"Suite 946 59106 Ledner Village, Port Sid, MD 21744-3099",57.6,2024,11,9
65687,46538,19509,2,57.0,2025-02-11 05:33:00+00:00,Unknown,114.0,2025,2,11
68452,44912,19014,1,22.5,2025-01-04 04:42:00+00:00,Unknown,22.5,2025,1,4
63107,46086,19346,2,39.5,2024-12-02 09:48:34.884000+00:00,Unknown,79.0,2024,12,2
73666,45006,19294,1,46.0,2025-04-16 03:31:47+00:00,Unknown,46.0,2025,4,16
65864,46205,19420,1,52.0,2024-02-06 03:29:57+00:00,Unknown,52.0,2024,2,6
66982,45821,19155,1,53.0,2024-09-27 15:04:32+00:00,Unknown,53.0,2024,9,27
66031,44588,19125,5,17.25,2024-08-06 16:51:00+00:00,Unknown,86.25,2024,8,6
68416,47002,19153,5,54.25,2024-11-14 03:38:20+00:00,Unknown,271.25,2024,11,14
70820,44504,19008,1,58.8,2024-09-10 02:08:37+00:00,Unknown,58.8,2024,9,10
62788,47065,19313,1,26.5,2024-11-29 22:23:00+00:00,"Suite 560 6971 Koepp Square, New Trenttown, MD 44347-6973",26.5,2024,11,29
65535,45383,19494,1,28.5,2024-11-08 23:34:00+00:00,"Apt. 265 68237 Keith Harbor, Port Shannon, MI 05606-6953",28.5,2024,11,8
63005,44456,19205,4,12.5,2024-10-11 08:53:04.528000+00:00,Unknown,50.0,2024,10,11
72112,46077,19031,2,18.5,2024-09-20 12:49:00+00:00,Unknown,37.0,2024,9,20
71177,47033,19478,1,64.2,2024-07-14 17:07:43+00:00,"247 Lemke Orchard, South Toshiafurt, HI 89577",64.2,2024,7,14
63206,44374,19370,1,21.6,2025-03-18 08:56:48+00:00,Unknown,21.6,2025,3,18
64640,46078,19053,2,56.5,2024-07-28 15:22:00+00:00,Unknown,113.0,2024,7,28
70573,45613,19129,3,26.1,2024-07-26 23:34:33+00:00,Unknown,78.3,2024,7,26
71000,45361,19020,2,23.4,2024-11-14 11:21:13+00:00,Unknown,46.8,2024,11,14
68446,45386,19480,1,73.0,2025-01-30 16:08:50+00:00,Unknown,73.0,2025,1,30
66419,45878,19286,1,30.9,2025-02-13 23:25:27.717000+00:00,Unknown,30.9,2025,2,13
73297,47184,19093,1,34.2,2024-09-16 22:10:04+00:00,Unknown,34.2,2024,9,16
64587,46776,19072,3,63.5,2025-09-23 15:30:11+00:00,Unknown,190.5,2025,9,23
71806,44767,19550,3,30.25,2024-10-13 00:14:00+00:00,Unknown,90.75,2024,10,13
71279,44579,18903,2,17.75,2025-02-18 12:37:55.628000+00:00,"Apt. 190 410 Reichert Road, Fisherland, SD 86798",35.5,2025,2,18
68755,47533,18963,1,70.79,2024-11-21 12:46:00+00:00,"Suite 574 181 Vernetta Isle, West Ronshire, CA 95416-3248",70.79,2024,11,21
63114,45538,19385,1,19.8,2025-04-15 22:31:33+00:00,Unknown,19.8,2025,4,15
73951,46705,19154,1,71.5,2025-03-29 14:01:59+00:00,Unknown,71.5,2025,3,29
73756,47190,18884,1,68.0,2025-06-10 19:14:02+00:00,Unknown,68.0,2025,6,10
72412,47071,19417,1,21.99,2024-09-12 21:10:23+00:00,Unknown,21.99,2024,9,12
62895,46644,19395,1,51.0,2025-03-28 16:47:51+00:00,Unknown,51.0,2025,3,28
64645,44721,19035,1,22.5,2025-02-10 12:01:00+00:00,"796 Garnett Plaza, Chloeport, OR 99943",22.5,2025,2,10
70384,45201,18838,2,68.4,2025-03-02 04:32:23+00:00,"299 Dorethea Squares, Volkmanport, CT 62305-7413",136.8,2025,3,2
63456,46634,19362,2,40.0,2025-03-06 15:12:47+00:00,Unknown,80.0,2025,3,6
67614,45516,19415,1,17.0,2025-01-25 02:50:13+00:00,Unknown,17.0,2025,1,25
66981,44795,18862,3,30.0,2025-03-16 05:40:00+00:00,Unknown,90.0,2025,3,16
66938,46337,18893,1,61.2,2024-11-18 00:33:08+00:00,Unknown,61.2,2024,11,18
69724,45114,19377,2,48.99,2025-07-31 20:07:23+00:00,Unknown,97.98,2025,7,31
69150,44813,19548,1,47.5,2025-02-16 21:13:30+00:00,Unknown,47.5,2025,2,16
69334,46114,19340,1,35.4,2024-08-05 06:31:00+00:00,Unknown,35.4,2024,8,5
68350,44737,18949,1,37.8,2025-04-30 13:00:01+00:00,Unknown,37.8,2025,4,30
69008,46506,19143,3,32.5,2025-03-10 01:49:00+00:00,"4800 Kohler Falls, Deangeloview, AL 35484-8617",97.5,2025,3,10
65900,46151,19413,1,34.75,2025-01-09 03:13:59+00:00,Unknown,34.75,2025,1,9
69254,46489,18932,1,22.75,2024-10-04 22:50:00+00:00,Unknown,22.75,2024,10,4
70492,47586,19445,5,60.25,2024-08-16 14:56:28.158000+00:00,"Apt. 840 384 Leffler Views, Considinetown, DE 64278",301.25,2024,8,16
63865,46892,19478,1,55.0,2024-10-06 19:14:00+00:00,Unknown,55.0,2024,10,6
64462,44667,19430,2,55.5,2025-03-03 19:24:12.459000+00:00,Unknown,111.0,2025,3,3
63349,44514,19360,2,61.0,2024-11-21 05:35:00+00:00,"618 Schroeder Stream, Port Lesterchester, TX 55651",122.0,2024,11,21
65807,44776,19345,1,72.6,2025-04-18 13:28:03+00:00,Unknown,72.6,2025,4,18
73485,46352,19224,1,57.5,2025-04-29 02:19:50+00:00,Unknown,57.5,2025,4,29
73460,44414,19074,1,73.75,2024-11-13 15:33:04+00:00,"Apt. 638 51645 Batz Road, Port Teresita, VA 09155",73.75,2024,11,13
73131,46832,19143,2,28.25,2024-10-10 02:40:33+00:00,Unknown,56.5,2024,10,10
63388,46745,18866,1,24.3,2024-11-30 22:15:17+00:00,Unknown,24.3,2024,11,30
63355,45077,19286,1,21.25,2024-05-09 06:46:45+00:00,Unknown,21.25,2024,5,9
70368,45560,18891,2,22.5,2025-01-29 17:08:58+00:00,"44499 Thi Center, West Kiethport, NY 20467",45.0,2025,1,29
67762,47019,19458,1,56.99,2024-11-10 23:16:23+00:00,"78233 Luvenia Throughway, East Marita, CA 67277-1186",56.99,2024,11,10
73311,45136,18861,1,35.0,2024-09-18 13:15:00+00:00,Unknown,35.0,2024,9,18
66498,46938,19423,1,30.0,2024-08-18 19:39:09+00:00,Unknown,30.0,2024,8,18
64292,47394,18838,1,67.2,2025-02-05 17:46:05+00:00,Unknown,67.2,2025,2,5
69501,47021,19302,1,33.59,2024-10-03 05:13:11+00:00,Unknown,33.59,2024,10,3
70808,44441,19235,3,79.8,2025-05-17 23:26:00+00:00,"Suite 802 3924 Onita Trace, Delbertview, DE 92731-3465",239.4,2025,5,17
62740,45165,19377,1,64.79,2024-08-11 21:40:57+00:00,Unknown,64.79,2024,8,11
73227,47060,19168,1,75.9,2024-12-02 05:18:19.763000+00:00,Unknown,75.9,2024,12,2
73382,46994,19129,1,30.6,2024-10-03 08:26:30+00:00,Unknown,30.6,2024,10,3
70561,45297,19187,1,63.25,2024-10-05 10:32:55+00:00,Unknown,63.25,2024,10,5
71110,46426,19447,3,29.7,2024-06-02 00:15:00+00:00,Unknown,89.1,2024,6,2
64785,45920,19445,1,60.5,2025-04-10 09:24:33+00:00,Unknown,60.5,2025,4,10
71571,44337,19122,1,34.5,2024-08-27 08:12:00+00:00,Unknown,34.5,2024,8,27
68415,45127,19037,1,30.25,2024-07-05 19:05:29.059000+00:00,Unknown,30.25,2024,7,5
64685,45840,19516,1,36.0,2024-09-09 12:15:09+00:00,Unknown,36.0,2024,9,9
71167,44540,19002,1,24.99,2025-01-26 07:24:00+00:00,"Suite 857 87933 Erdman Circle, Goldnerton, IN 18447-4289",24.99,2025,1,26
66411,44953,18894,1,20.5,2024-10-01 11:17:36+00:00,Unknown,20.5,2024,10,1
66718,44382,19503,1,19.25,2025-02-03 23:04:51+00:00,Unknown,19.25,2025,2,3
73956,47503,19260,1,73.75,2024-10-20 03:09:09+00:00,"2302 Wiza Springs, Terryport, RI 52943-7974",73.75,2024,10,20
71198,45275,19510,1,19.0,2025-04-05 22:00:40+00:00,"Apt. 279 5485 Sidney Islands, North Mistie, ND 56675",19.0,2025,4,5
72410,46372,19402,2,26.5,2024-06-24 02:46:00+00:00,Unknown,53.0,2024,6,24
64750,46088,19405,1,49.99,2024-04-10 13:30:29+00:00,"88203 Kasey Green, Feilville, AL 86004-9672",49.99,2024,4,10
63828,46228,19498,1,56.4,2025-06-08 11:04:04+00:00,Unknown,56.4,2025,6,8
69773,46402,18906,1,41.0,2025-04-06 12:12:12+00:00,Unknown,41.0,2025,4,6
68277,44773,19336,1,51.5,2025-04-22 23:29:46+00:00,Unknown,51.5,2025,4,22
67647,44777,18856,1,48.5,2024-11-26 09:25:13.655000+00:00,Unknown,48.5,2024,11,26
73259,44827,19227,2,61.8,2024-07-16 00:04:30+00:00,Unknown,123.6,2024,7,16
64920,46765,19318,1,28.25,2025-04-15 14:18:15+00:00,Unknown,28.25,2025,4,15
65364,44378,19583,1,69.6,2024-12-12 06:48:00+00:00,Unknown,69.6,2024,12,12
68932,44410,18935,2,70.8,2025-07-19 11:20:03+00:00,Unknown,141.6,2025,7,19
66734,47243,19051,1,72.99,2025-03-21 16:36:35+00:00,Unknown,72.99,2025,3,21
64393,46272,18932,3,21.0,2024-12-28 11:03:50+00:00,Unknown,63.0,2024,12,28
65307,47390,19478,1,55.75,2024-10-07 09:18:53+00:00,Unknown,55.75,2024,10,7
66080,45820,18848,1,21.75,2024-11-18 22:24:21+00:00,"Apt. 475 8364 Mayer Light, Auermouth, AZ 61452",21.75,2024,11,18
66425,45934,19387,1,61.0,2025-03-01 06:47:25+00:00,"Suite 716 90296 Lueilwitz Canyon, McLaughlinview, SC 74515-5870",61.0,2025,3,1
66735,45143,18987,1,60.0,2025-09-10 05:26:37+00:00,Unknown,60.0,2025,9,10
64288,45330,18934,1,14.0,2024-08-16 17:20:00+00:00,Unknown,14.0,2024,8,16
65271,45800,19094,1,53.0,2024-08-08 13:37:00+00:00,Unknown,53.0,2024,8,8
73449,45657,19520,1,33.0,2024-12-02 20:48:59+00:00,Unknown,33.0,2024,12,2
71004,44482,19026,1,20.0,2025-01-25 06:38:21+00:00,Unknown,20.0,2025,1,25
67837,47453,19321,2,59.1,2024-08-09 07:05:54+00:00,Unknown,118.2,2024,8,9
64559,45100,19197,1,44.75,2025-06-12 00:53:00+00:00,Unknown,44.75,2025,6,12
69273,47229,19432,1,25.5,2025-03-23 00:06:00+00:00,Unknown,25.5,2025,3,23
73646,45200,19024,1,72.0,2025-03-02 12:19:00+00:00,Unknown,72.0,2025,3,2
70865,47437,18953,1,74.7,2024-07-15 15:11:33+00:00,Unknown,74.7,2024,7,15
70230,44979,19571,1,20.4,2025-08-11 03:05:01+00:00,Unknown,20.4,2025,8,11
67963,45030,19084,1,49.5,2024-11-28 21:46:00+00:00,"81741 Schroeder Radial, South Carmineview, AR 57320",49.5,2024,11,28
73069,47493,19359,1,50.75,2024-06-18 10:38:07+00:00,"719 Latrina Ville, Elinamouth, SD 82304",50.75,2024,6,18
66408,45879,19114,1,53.99,2024-10-24 08:16:07+00:00,Unknown,53.99,2024,10,24
68051,46611,19174,1,33.6,2025-01-28 11:56:35+00:00,Unknown,33.6,2025,1,28
68748,46034,19397,2,26.0,2025-04-20 17:33:06+00:00,"Apt. 867 498 Ryan Unions, South Jenaehaven, NV 23464",52.0,2025,4,20
64123,47547,19394,1,24.6,2024-04-28 11:45:13+00:00,"169 Donnie Causeway, Gulgowskifurt, AR 79551-4307",24.6,2024,4,28
71612,47360,19471,1,40.0,2024-12-15 15:57:05+00:00,Unknown,40.0,2024,12,15
65806,47133,19232,1,35.99,2024-12-20 07:56:00+00:00,"Apt. 797 800 Cole Center, Morarville, VT 69147-0051",35.99,2024,12,20
73556,46844,18897,1,53.99,2025-03-25 20:07:13+00:00,"373 Alayna Cliff, Bahringerstad, OK 91787-1786",53.99,2025,3,25
66984,45626,19372,2,58.0,2024-06-26 19:32:10+00:00,Unknown,116.0,2024,6,26
63973,45709,19147,1,26.75,2024-12-07 05:28:00+00:00,Unknown,26.75,2024,12,7
62799,45258,19246,1,22.0,2024-11-02 09:16:42+00:00,Unknown,22.0,2024,11,2
68035,47533,19278,2,44.39,2024-08-09 11:14:57+00:00,Unknown,88.78,2024,8,9
65020,44683,19145,1,87.6,2024-05-12 09:26:00+00:00,"Apt. 204 74948 Stokes Loaf, Jinport, AZ 98041",87.6,2024,5,12
70796,45955,19506,2,56.5,2025-02-25 20:23:00+00:00,"Suite 141 98787 Tenesha Plain, Fishermouth, NV 36046",113.0,2025,2,25
73101,44360,18998,1,48.0,2024-08-28 00:21:00+00:00,Unknown,48.0,2024,8,28
69000,45760,18957,1,61.99,2024-12-12 10:16:29+00:00,Unknown,61.99,2024,12,12
64794,44569,19568,1,45.0,2025-02-15 08:06:06+00:00,Unknown,45.0,2025,2,15
73533,44499,19253,2,39.0,2024-11-05 15:39:00+00:00,Unknown,78.0,2024,11,5
65238,46266,19380,1,68.0,2025-06-17 12:08:43+00:00,Unknown,68.0,2025,6,17
64293,44534,19143,1,31.0,2024-09-23 22:53:43+00:00,"Suite 510 46728 Christopher Tunnel, Nolanhaven, HI 07848-0539",31.0,2024,9,23
68053,45963,19267,2,25.5,2024-09-20 02:52:00+00:00,Unknown,51.0,2024,9,20
70477,45855,19375,2,18.5,2024-08-22 19:52:00+00:00,Unknown,37.0,2024,8,22
64977,46208,19268,2,55.2,2025-03-27 01:50:46+00:00,Unknown,110.4,2025,3,27
66249,47530,19458,2,56.0,2024-11-15 17:58:46+00:00,Unknown,112.0,2024,11,15
63864,47218,19063,1,49.75,2025-03-02 23:06:29+00:00,Unknown,49.75,2025,3,2
67978,45326,18965,1,79.5,2025-05-25 08:07:26+00:00,Unknown,79.5,2025,5,25
69866,46273,18858,1,21.0,2025-03-02 23:42:00+00:00,"867 Maya Glen, Samshire, TN 59248",21.0,2025,3,2
62929,47507,18873,1,68.5,2024-09-10 14:36:17.664000+00:00,"6087 Issac Valley, New Shielaton, WY 54283",68.5,2024,9,10
63995,46549,19292,1,65.1,2025-06-01 06:38:00+00:00,Unknown,65.1,2025,6,1
63376,47451,19525,1,73.2,2024-08-15 16:55:40.286000+00:00,Unknown,73.2,2024,8,15
73755,45764,18846,1,20.0,2025-01-04 14:03:00+00:00,Unknown,20.0,2025,1,4
73700,44961,19295,1,35.5,2024-11-14 20:40:30.615000+00:00,Unknown,35.5,2024,11,14
62854,44791,18961,1,70.25,2024-08-11 17:43:42+00:00,Unknown,70.25,2024,8,11
68574,46849,19152,2,32.25,2024-06-12 00:21:38.565000+00:00,"Suite 995 3430 Sipes Ville, Port Lanelle, ID 65573-0998",64.5,2024,6,12
73446,45221,19519,1,37.5,2024-07-11 01:13:00+00:00,"Apt. 977 91588 Reynolds Bypass, Herschelburgh, MO 77269",37.5,2024,7,11
71979,47124,19221,1,65.1,2024-11-16 14:50:00+00:00,Unknown,65.1,2024,11,16
70714,47463,19056,1,29.7,2025-11-09 14:42:15+00:00,Unknown,29.7,2025,11,9
71579,45897,19428,3,41.75,2025-04-27 20:26:55+00:00,"Suite 997 28140 Sharleen Isle, D'Amoreburgh, ID 05811",125.25,2025,4,27
64880,46032,19370,1,27.0,2024-06-11 18:21:12+00:00,Unknown,27.0,2024,6,11
64625,46685,18918,4,84.6,2024-08-15 07:49:00+00:00,Unknown,338.4,2024,8,15
73887,45675,19194,1,39.25,2025-01-09 02:27:00+00:00,Unknown,39.25,2025,1,9
70344,44499,18946,1,46.25,2024-06-10 06:37:14+00:00,"Suite 935 99382 King Unions, Schuppetown, TN 87229",46.25,2024,6,10
65791,47442,18880,2,67.5,2024-10-19 15:37:27+00:00,Unknown,135.0,2024,10,19
71136,45630,19166,1,60.0,2024-11-11 00:28:00+00:00,Unknown,60.0,2024,11,11
62815,44367,19543,2,50.4,2024-08-09 01:26:54.355000+00:00,Unknown,100.8,2024,8,9
69522,46075,19016,1,56.4,2025-01-06 06:25:00+00:00,Unknown,56.4,2025,1,6
69448,46838,19245,1,67.75,2024-12-26 16:40:25+00:00,"Apt. 395 98750 DuBuque Forest, East Shanice, MN 55505-8629",67.75,2024,12,26
72469,47466,19372,5,58.75,2024-09-01 20:09:28+00:00,Unknown,293.75,2024,9,1
70059,46032,19408,1,25.5,2024-06-14 20:20:35+00:00,Unknown,25.5,2024,6,14
62879,45702,18923,1,26.0,2025-01-17 02:59:47+00:00,Unknown,26.0,2025,1,17
73322,45572,19339,1,43.0,2024-09-02 15:12:54+00:00,Unknown,43.0,2024,9,2
67019,44986,19166,2,59.99,2025-03-06 23:12:18+00:00,Unknown,119.98,2025,3,6
67513,45918,18926,5,37.25,2024-11-21 10:34:00+00:00,Unknown,186.25,2024,11,21
64729,46151,19105,1,45.0,2025-04-09 12:15:05+00:00,Unknown,45.0,2025,4,9
73552,46640,18916,1,54.5,2025-07-23 18:01:00+00:00,Unknown,54.5,2025,7,23
72666,44991,18989,1,43.5,2024-09-25 04:53:09+00:00,Unknown,43.5,2024,9,25
71835,45497,19216,1,66.5,2024-11-06 14:18:09+00:00,Unknown,66.5,2024,11,6
62994,46996,18859,2,64.8,2024-09-22 07:31:36+00:00,Unknown,129.6,2024,9,22
69950,46268,19466,1,27.3,2024-11-22 11:04:37+00:00,"Suite 277 6065 Jeremiah Turnpike, North Mathew, ID 92997-3282",27.3,2024,11,22
67925,44652,18890,5,83.4,2025-04-01 14:42:46+00:00,Unknown,417.0,2025,4,1
68266,44627,19532,1,28.75,2024-11-22 20:36:54+00:00,Unknown,28.75,2024,11,22
71176,44852,19236,1,68.5,2025-06-02 01:56:59+00:00,Unknown,68.5,2025,6,2
63123,45662,19408,1,26.7,2025-04-13 00:33:39+00:00,Unknown,26.7,2025,4,13
64754,44970,19482,1,31.5,2025-03-09 07:56:55+00:00,Unknown,31.5,2025,3,9
68559,44999,18917,2,66.75,2024-10-15 17:21:58.220000+00:00,Unknown,133.5,2024,10,15
68996,46229,19490,1,49.0,2024-11-09 11:19:15+00:00,"Apt. 798 9730 Freeda Stravenue, McDermottshire, NE 73109-8477",49.0,2024,11,9
72307,47472,18840,2,46.25,2024-11-10 18:34:15+00:00,Unknown,92.5,2024,11,10
69227,47094,18987,2,62.75,2025-01-14 05:25:21+00:00,"27694 Eloise Trace, Hortensiastad, MN 25025-2894",125.5,2025,1,14
67916,44864,19559,1,68.5,2025-02-05 14:30:00+00:00,Unknown,68.5,2025,2,5
68642,46761,19333,2,28.25,2024-05-12 02:23:24+00:00,Unknown,56.5,2024,5,12
64863,44836,19084,1,53.0,2024-09-01 07:59:00+00:00,Unknown,53.0,2024,9,1
68173,44844,18876,2,17.5,2025-09-01 00:33:33+00:00,"5426 Micaela Place, Runolfsdottirberg, NY 15352-7238",35.0,2025,9,1
72097,44985,18977,1,37.5,2024-10-02 00:22:00+00:00,Unknown,37.5,2024,10,2
72890,45809,19387,1,62.0,2024-11-10 17:52:21+00:00,Unknown,62.0,2024,11,10
66354,47283,19112,1,19.0,2024-10-24 04:07:39+00:00,Unknown,19.0,2024,10,24
62897,44510,18986,1,65.99,2024-10-18 19:30:42+00:00,Unknown,65.99,2024,10,18
67332,46380,18976,1,32.7,2025-07-19 10:18:00+00:00,Unknown,32.7,2025,7,19
64555,46075,18931,4,37.25,2024-10-22 06:01:00+00:00,"Apt. 857 20568 Murazik Springs, West Kortneyshire, TN 54642",149.0,2024,10,22
73255,45277,19063,1,55.8,2024-06-15 04:14:45.687000+00:00,Unknown,55.8,2024,6,15
65793,44411,19052,2,81.6,2025-05-29 17:52:26+00:00,Unknown,163.2,2025,5,29
65497,46573,19425,5,50.39,2025-06-21 16:56:52+00:00,Unknown,251.95,2025,6,21
70131,45535,19442,1,58.2,2025-02-09 20:27:03+00:00,Unknown,58.2,2025,2,9
66561,46081,19110,1,57.0,2024-09-21 17:58:54+00:00,Unknown,57.0,2024,9,21
66518,46921,19440,1,26.75,2025-09-17 18:54:41+00:00,"Apt. 617 77229 Braun Oval, West Tuantown, GA 51903-8013",26.75,2025,9,17
68188,44892,18898,1,69.0,2025-03-13 11:44:40+00:00,Unknown,69.0,2025,3,13
68805,45293,19472,1,66.75,2024-07-10 14:10:00+00:00,Unknown,66.75,2024,7,10
66260,44594,18881,1,32.0,2024-06-07 09:38:18+00:00,Unknown,32.0,2024,6,7
65730,45972,18951,1,70.0,2025-03-25 00:16:00+00:00,"Apt. 986 418 Mason Road, Tempiefurt, HI 03862-6516",70.0,2025,3,25
63483,44409,19405,1,52.5,2025-04-08 10:18:00+00:00,Unknown,52.5,2025,4,8
67487,45136,19133,1,26.0,2024-09-24 21:52:00+00:00,"Suite 594 216 Zieme Square, Gerardoview, PA 07120-0022",26.0,2024,9,24
65483,46306,19494,1,31.25,2024-11-02 21:03:11+00:00,Unknown,31.25,2024,11,2
70750,44921,19202,1,53.0,2024-09-23 17:04:00+00:00,Unknown,53.0,2024,9,23
66394,44520,18914,1,55.19,2024-10-05 07:34:00+00:00,Unknown,55.19,2024,10,5
72476,46980,18942,1,23.99,2025-07-10 18:33:00+00:00,Unknown,23.99,2025,7,10
70711,46693,19175,3,38.5,2024-07-23 14:31:00+00:00,Unknown,115.5,2024,7,23
72974,44676,19280,1,53.4,2025-05-21 01:37:26+00:00,Unknown,53.4,2025,5,21
72502,45573,18850,1,29.0,2024-10-23 05:07:50+00:00,Unknown,29.0,2024,10,23
71114,44995,19449,2,47.0,2024-11-12 02:59:00+00:00,Unknown,94.0,2024,11,12
64329,46947,19349,4,51.6,2024-12-13 19:58:22+00:00,Unknown,206.4,2024,12,13
68004,45897,19120,2,63.75,2024-09-01 15:35:00+00:00,Unknown,127.5,2024,9,1
70197,46866,19449,1,61.19,2025-03-19 05:15:00+00:00,Unknown,61.19,2025,3,19
72956,44636,19111,1,26.25,2025-03-24 07:57:08+00:00,"Suite 394 64743 Bayer Well, New Carlos, CO 77839",26.25,2025,3,24
71688,44922,19512,1,44.25,2024-08-21 10:11:00+00:00,Unknown,44.25,2024,8,21
71061,46919,19428,2,41.5,2025-01-31 02:25:04+00:00,Unknown,83.0,2025,1,31
71755,46692,19399,1,18.0,2025-04-12 05:32:52+00:00,"5125 Elwood Heights, Port Silas, UT 73157-7364",18.0,2025,4,12
64033,45051,19370,2,17.25,2025-04-20 04:24:00+00:00,Unknown,34.5,2025,4,20
63695,45777,18917,5,69.0,2024-04-15 16:34:43+00:00,Unknown,345.0,2024,4,15
71863,47604,19075,5,45.0,2024-10-10 18:48:00+00:00,Unknown,225.0,2024,10,10
68865,47232,19333,1,36.9,2024-09-01 05:02:02+00:00,Unknown,36.9,2024,9,1
62955,44387,19138,1,31.25,2024-09-11 21:32:00+00:00,Unknown,31.25,2024,9,11
65131,47254,19276,2,16.5,2025-01-31 08:52:49+00:00,Unknown,33.0,2025,1,31
70367,47281,19034,1,56.4,2025-03-19 01:46:45+00:00,"73957 Raeann Haven, Littleborough, MI 55020-7040",56.4,2025,3,19
63793,47280,19295,1,37.5,2024-05-29 01:35:01+00:00,Unknown,37.5,2024,5,29
65792,46905,19336,1,51.5,2024-08-24 05:17:00+00:00,"Suite 811 84859 Opal Turnpike, Kuvalisberg, MT 73227-8224",51.5,2024,8,24
66296,44881,18882,1,47.25,2024-12-14 17:52:15.711000+00:00,Unknown,47.25,2024,12,14
66605,44770,18857,2,72.0,2024-09-06 15:50:00+00:00,Unknown,144.0,2024,9,6
73426,45429,18976,1,28.0,2025-01-20 20:34:30+00:00,Unknown,28.0,2025,1,20
64979,44486,19306,1,36.25,2025-05-25 02:42:52+00:00,Unknown,36.25,2025,5,25
64365,46229,19140,3,64.25,2024-10-07 21:15:00+00:00,Unknown,192.75,2024,10,7
66143,46400,19203,2,58.75,2024-11-01 14:27:00+00:00,Unknown,117.5,2024,11,1
68241,47109,19551,1,27.5,2024-09-30 01:24:00+00:00,"Apt. 614 60412 Joselyn Tunnel, Meryltown, MO 58507",27.5,2024,9,30
70237,44540,18930,5,33.75,2024-08-29 04:22:01.920000+00:00,Unknown,168.75,2024,8,29
69714,45992,18935,1,73.2,2025-06-06 20:19:10+00:00,Unknown,73.2,2025,6,6
64814,46474,19224,1,64.8,2025-03-10 08:47:10+00:00,Unknown,64.8,2025,3,10
65161,45522,19128,1,89.4,2025-01-04 08:33:29+00:00,"Suite 682 7178 Gavin Trace, Cummingsville, VA 62547",89.4,2025,1,4
65288,45585,19189,1,18.0,2025-02-23 10:14:32+00:00,Unknown,18.0,2025,2,23
64363,47060,18960,1,32.0,2025-03-13 16:43:47+00:00,Unknown,32.0,2025,3,13
63281,45734,19479,1,62.0,2025-08-01 13:44:59+00:00,Unknown,62.0,2025,8,1
72250,46511,19267,1,18.0,2024-07-12 05:58:27+00:00,Unknown,18.0,2024,7,12
68054,44466,18917,1,70.0,2024-08-03 14:24:00+00:00,Unknown,70.0,2024,8,3
73779,47021,19171,1,43.25,2025-02-02 01:16:39+00:00,Unknown,43.25,2025,2,2
64049,47463,19161,1,33.0,2024-08-10 04:57:35+00:00,Unknown,33.0,2024,8,10
63465,46909,19315,2,58.99,2025-03-29 19:20:14+00:00,Unknown,117.98,2025,3,29
65289,46026,18979,2,82.8,2024-07-14 04:07:52+00:00,Unknown,165.6,2024,7,14
68226,46009,19145,1,73.99,2025-01-04 03:33:37+00:00,Unknown,73.99,2025,1,4
69462,46766,19419,1,49.5,2025-03-31 02:14:15+00:00,"Apt. 844 221 Lang Passage, Simonismouth, OH 75192-3215",49.5,2025,3,31
72558,44383,18924,1,26.99,2024-07-06 12:31:33+00:00,Unknown,26.99,2024,7,6
72119,46860,19243,1,41.5,2024-09-18 17:57:19+00:00,Unknown,41.5,2024,9,18
69779,44711,19464,1,51.0,2024-06-11 06:38:15+00:00,Unknown,51.0,2024,6,11
65359,45867,19213,1,37.5,2024-12-08 11:01:00+00:00,Unknown,37.5,2024,12,8
68986,47379,19114,1,51.3,2024-09-24 14:17:04+00:00,Unknown,51.3,2024,9,24
66469,44341,19549,1,37.5,2025-02-12 21:37:05+00:00,Unknown,37.5,2025,2,12
71141,45574,18940,1,18.0,2024-11-11 07:11:33+00:00,Unknown,18.0,2024,11,11
66780,45772,19387,1,65.5,2025-02-08 01:13:13+00:00,Unknown,65.5,2025,2,8
63460,47269,19450,2,39.0,2024-12-13 07:28:00+00:00,Unknown,78.0,2024,12,13
70343,44564,19257,3,80.7,2024-09-02 16:55:00+00:00,"Suite 104 395 Stokes Mall, Bobbietown, OK 94404-6479",242.1,2024,9,2
69733,44958,18847,1,46.79,2025-02-03 04:27:00+00:00,"18047 Prince Street, Joeyside, MI 52666-1599",46.79,2025,2,3
63171,45381,19106,4,58.79,2025-04-05 01:17:00+00:00,Unknown,235.16,2025,4,5
66257,44947,19545,1,55.8,2024-10-22 05:17:19+00:00,"1631 Delmar Ports, North Yukochester, OK 69159-7522",55.8,2024,10,22
65338,46960,18865,2,44.0,2024-10-11 02:06:00+00:00,Unknown,88.0,2024,10,11
62832,46764,19195,4,81.0,2025-04-07 10:17:03.019000+00:00,Unknown,324.0,2025,4,7
66603,46158,18907,2,48.0,2025-02-20 20:48:00+00:00,"183 Cummings Keys, New Randall, WA 36663",96.0,2025,2,20
71438,45884,19178,1,36.25,2024-09-24 04:24:40+00:00,Unknown,36.25,2024,9,24
64615,44673,19397,2,32.1,2024-12-18 04:30:26+00:00,Unknown,64.2,2024,12,18
66910,46592,19406,2,56.5,2025-08-15 15:13:12+00:00,Unknown,113.0,2025,8,15
69231,44723,19509,1,53.0,2025-08-06 06:00:00+00:00,"29409 Rath Place, Lake Clintonhaven, GA 76167",53.0,2025,8,6
67772,45689,19329,1,65.25,2025-02-11 07:53:18+00:00,"1960 Jack Wells, Archieport, AK 55513",65.25,2025,2,11
63205,47315,19300,1,76.5,2024-12-02 17:28:00+00:00,"90844 Blick Throughway, Graigfort, WA 57208",76.5,2024,12,2
66198,45809,19546,1,53.4,2025-03-28 23:02:34+00:00,Unknown,53.4,2025,3,28
63455,46320,19119,1,60.5,2025-04-18 23:00:59+00:00,"458 Bahringer Pass, Port Wesleyshire, WV 81773-4090",60.5,2025,4,18
66585,46258,19526,2,83.4,2024-07-12 11:49:00+00:00,Unknown,166.8,2024,7,12
66123,46810,18942,2,25.0,2024-10-20 17:16:06+00:00,Unknown,50.0,2024,10,20
72264,45617,19252,1,32.1,2024-10-25 12:40:30+00:00,Unknown,32.1,2024,10,25
71794,46281,19173,2,60.0,2024-10-21 13:48:27+00:00,Unknown,120.0,2024,10,21
69162,44929,19435,3,81.9,2025-01-25 16:12:21+00:00,Unknown,245.7,2025,1,25
67126,44337,19247,1,64.0,2025-04-30 07:02:00+00:00,Unknown,64.0,2025,4,30
63214,45515,18953,5,59.75,2024-07-01 18:22:17+00:00,Unknown,298.75,2024,7,1
65409,45942,18927,2,67.5,2024-09-14 08:42:53+00:00,Unknown,135.0,2024,9,14
66531,47281,19071,2,17.5,2024-10-07 03:34:00+00:00,Unknown,35.0,2024,10,7
66402,45075,18938,1,46.5,2025-01-16 12:40:05+00:00,"165 Charley Center, Fabiolaport, CT 35360-0914",46.5,2025,1,16
66175,44458,18938,1,55.5,2024-12-15 13:18:45+00:00,Unknown,55.5,2024,12,15
64286,45949,19491,1,37.25,2024-09-02 01:02:00+00:00,Unknown,37.25,2024,9,2
67578,45393,19148,1,43.2,2025-02-01 22:50:38+00:00,Unknown,43.2,2025,2,1
69226,47089,19420,1,53.99,2024-06-01 18:48:01+00:00,Unknown,53.99,2024,6,1
70009,45011,19041,1,18.9,2024-07-21 17:59:03+00:00,Unknown,18.9,2024,7,21
70236,44930,19310,1,22.5,2024-11-09 12:16:24+00:00,Unknown,22.5,2024,11,9
64311,45446,19273,1,42.0,2024-10-15 05:41:00+00:00,Unknown,42.0,2024,10,15
68742,44919,19477,1,52.8,2025-02-25 15:04:18+00:00,Unknown,52.8,2025,2,25
63507,46579,19046,1,20.99,2024-08-04 21:35:24+00:00,"91869 Gregorio Mountain, West Lester, WY 78873-4165",20.99,2024,8,4
69088,47151,19512,1,56.7,2024-09-03 19:47:39+00:00,Unknown,56.7,2024,9,3
66945,44731,19341,1,32.25,2025-05-13 00:57:52+00:00,"18081 Nader Extensions, Nienowborough, UT 42531",32.25,2025,5,13
66629,45758,19303,1,62.0,2024-11-13 00:50:59+00:00,Unknown,62.0,2024,11,13
69803,45247,19326,1,25.99,2024-11-30 16:19:29+00:00,Unknown,25.99,2024,11,30
66348,46052,19034,1,57.59,2025-01-13 18:15:00+00:00,Unknown,57.59,2025,1,13
71280,47273,18966,1,70.2,2025-05-06 06:38:00+00:00,Unknown,70.2,2025,5,6
69847,47391,19506,1,60.0,2024-09-23 00:30:00+00:00,Unknown,60.0,2024,9,23
71626,45199,19260,1,88.2,2024-07-05 05:43:07+00:00,Unknown,88.2,2024,7,5
71245,45686,19194,2,34.5,2024-10-02 19:08:14+00:00,Unknown,69.0,2024,10,2
64679,47079,18997,1,44.7,2024-04-29 04:45:00+00:00,Unknown,44.7,2024,4,29
68557,45823,18964,1,58.2,2025-05-14 14:38:00+00:00,Unknown,58.2,2025,5,14
71648,45906,19299,3,39.59,2024-11-21 17:40:17+00:00,Unknown,118.77,2024,11,21
68055,44906,19134,1,67.25,2024-11-12 10:53:53+00:00,Unknown,67.25,2024,11,12
70352,46009,18925,1,25.25,2025-01-16 21:35:07+00:00,Unknown,25.25,2025,1,16
64244,46118,19465,1,42.5,2025-03-23 17:11:00+00:00,Unknown,42.5,2025,3,23
65453,46201,19502,1,35.99,2024-11-18 16:00:23+00:00,"Apt. 627 54011 Argelia Dale, Port Renataland, NM 91711",35.99,2024,11,18
71802,46724,19434,1,21.0,2024-08-24 05:03:46+00:00,Unknown,21.0,2024,8,24
67488,45015,18890,1,72.5,2025-04-05 14:48:37+00:00,Unknown,72.5,2025,4,5
69655,45713,19517,1,87.59,2024-04-11 10:42:02+00:00,Unknown,87.59,2024,4,11
62920,45997,19588,1,68.0,2024-06-29 05:23:41.467000+00:00,"8822 O'Keefe Cliffs, Dougfurt, NH 25644",68.0,2024,6,29
65716,47431,18895,1,41.0,2025-05-02 18:47:29+00:00,Unknown,41.0,2025,5,2
69329,44912,18982,5,60.0,2024-08-15 07:35:35+00:00,Unknown,300.0,2024,8,15
72232,44391,19329,1,82.2,2025-01-28 16:24:52+00:00,"43960 Bernhard Rue, Lake Murraychester, RI 54985",82.2,2025,1,28
71986,44948,18933,2,40.5,2025-05-08 15:44:27+00:00,Unknown,81.0,2025,5,8
64331,47520,19304,1,23.0,2024-09-19 23:36:56+00:00,Unknown,23.0,2024,9,19
63216,46385,19545,2,47.25,2024-10-17 18:51:00+00:00,"Suite 407 98812 Runte Drive, Juttafort, TX 02557",94.5,2024,10,17
68731,46534,19474,2,31.0,2024-07-14 22:05:31+00:00,Unknown,62.0,2024,7,14
69597,46569,18948,1,20.75,2025-09-22 15:29:37+00:00,Unknown,20.75,2025,9,22
65827,46413,19298,1,63.5,2024-09-11 01:09:14+00:00,Unknown,63.5,2024,9,11
71007,47284,18873,5,82.2,2024-12-27 06:46:46+00:00,Unknown,411.0,2024,12,27
67090,45251,19405,2,49.5,2024-12-24 07:24:23+00:00,Unknown,99.0,2024,12,24
65178,45333,19544,3,48.9,2024-12-30 18:32:32+00:00,Unknown,146.7,2024,12,30
73037,46956,19229,1,22.8,2025-03-18 07:41:00+00:00,Unknown,22.8,2025,3,18
66801,46506,19149,2,30.6,2024-05-28 13:15:00+00:00,Unknown,61.2,2024,5,28
64316,46633,19227,1,62.7,2024-09-26 04:33:41+00:00,Unknown,62.7,2024,9,26
65602,46569,19271,1,46.0,2024-12-01 04:12:00+00:00,Unknown,46.0,2024,12,1
63756,47628,19497,1,56.25,2024-08-02 17:48:00+00:00,Unknown,56.25,2024,8,2
71782,44653,19001,1,29.99,2024-07-03 17:22:09+00:00,Unknown,29.99,2024,7,3
66524,45923,19433,2,66.0,2025-03-25 23:31:00+00:00,Unknown,132.0,2025,3,25
64291,46775,19396,1,54.9,2024-10-16 06:22:55+00:00,Unknown,54.9,2024,10,16
73489,46901,19172,1,65.25,2025-01-25 22:25:32.377000+00:00,Unknown,65.25,2025,1,25
73151,44946,19465,1,45.5,2025-04-15 16:21:51+00:00,Unknown,45.5,2025,4,15
73343,47475,19191,1,27.0,2025-06-08 03:44:27+00:00,"3126 Block Plain, O'Reillyberg, NV 31671",27.0,2025,6,8
72072,46069,19182,3,51.25,2024-11-13 15:21:42+00:00,"4666 O'Conner Via, Oberbrunnerbury, UT 56165",153.75,2024,11,13
69498,47516,19194,1,43.2,2025-03-28 12:09:41+00:00,Unknown,43.2,2025,3,28
70473,46173,19329,1,66.0,2024-05-24 11:13:34+00:00,Unknown,66.0,2024,5,24
70469,45312,19386,1,71.25,2024-10-13 20:51:21+00:00,Unknown,71.25,2024,10,13
62960,46244,19439,1,71.0,2025-04-12 11:00:10+00:00,Unknown,71.0,2025,4,12
64492,45861,19223,3,20.5,2024-08-08 23:13:00+00:00,Unknown,61.5,2024,8,8
70656,46205,19019,1,16.75,2025-03-10 15:15:42+00:00,Unknown,16.75,2025,3,10
68915,45028,19164,2,37.0,2024-11-07 09:29:00+00:00,Unknown,74.0,2024,11,7
70218,46177,18929,2,47.0,2025-01-12 21:35:00+00:00,Unknown,94.0,2025,1,12
71949,47465,19124,1,56.99,2024-10-15 16:23:52+00:00,Unknown,56.99,2024,10,15
63454,44612,19472,1,80.7,2024-10-01 11:36:01+00:00,Unknown,80.7,2024,10,1
67507,47596,19481,1,63.25,2024-11-12 09:57:54+00:00,Unknown,63.25,2024,11,12
65198,46455,19074,1,69.99,2025-04-19 12:36:31+00:00,Unknown,69.99,2025,4,19
66710,44749,19312,2,90.0,2025-03-10 23:25:42+00:00,Unknown,180.0,2025,3,10
67501,46114,19300,3,85.8,2024-12-02 11:29:18+00:00,Unknown,257.4,2024,12,2
64205,46565,19204,1,57.6,2025-01-07 11:21:25+00:00,Unknown,57.6,2025,1,7
69656,47293,19409,1,17.0,2024-07-02 04:39:00+00:00,Unknown,17.0,2024,7,2
65110,45937,19227,1,52.0,2024-11-14 03:31:44+00:00,"Apt. 762 134 Noble Mills, Sontown, TX 04350-6377",52.0,2024,11,14
65632,44983,19304,1,22.5,2024-08-31 15:52:40+00:00,Unknown,22.5,2024,8,31
65906,45716,19122,2,34.99,2024-09-19 21:55:00+00:00,"82379 Marcus Ports, Basilmouth, LA 71919",69.98,2024,9,19
70817,47512,18881,1,30.75,2024-10-22 12:21:00+00:00,Unknown,30.75,2024,10,22
67127,47397,18895,1,41.5,2025-02-02 08:34:00+00:00,Unknown,41.5,2025,2,2
71713,47267,19362,1,36.5,2025-04-21 21:38:12+00:00,Unknown,36.5,2025,4,21
69330,44407,19467,1,76.5,2024-07-02 02:51:13+00:00,Unknown,76.5,2024,7,2
71064,47290,19455,3,19.2,2024-07-23 06:52:00+00:00,Unknown,57.6,2024,7,23
73622,45021,19499,1,28.0,2025-03-11 14:37:00+00:00,Unknown,28.0,2025,3,11
67469,46699,18986,4,65.99,2024-05-25 07:37:00+00:00,Unknown,263.96,2024,5,25
69862,46257,19121,1,72.99,2025-04-26 09:26:00+00:00,Unknown,72.99,2025,4,26
63430,47266,19104,1,60.75,2025-07-03 11:35:22+00:00,Unknown,60.75,2025,7,3
65547,46713,19338,1,78.0,2025-03-13 13:00:44+00:00,Unknown,78.0,2025,3,13
68384,46707,19405,2,53.75,2025-03-29 22:25:28+00:00,Unknown,107.5,2025,3,29
73674,45462,19003,1,39.99,2025-05-31 14:05:00+00:00,Unknown,39.99,2025,5,31
68542,46899,19421,2,28.8,2025-05-30 09:46:31+00:00,"352 McGlynn Dam, Mirnafort, WY 15197-1632",57.6,2025,5,30
67056,46123,19008,1,47.25,2024-07-12 06:50:28+00:00,Unknown,47.25,2024,7,12
72382,46982,19492,1,62.4,2024-11-01 13:05:37+00:00,Unknown,62.4,2024,11,1
67246,44916,19505,1,20.25,2024-08-31 20:34:21+00:00,Unknown,20.25,2024,8,31
68698,44971,18875,1,44.0,2024-11-10 11:34:44+00:00,Unknown,44.0,2024,11,10
69339,47411,19354,2,39.0,2025-08-02 09:34:00+00:00,Unknown,78.0,2025,8,2
66711,47319,18958,1,17.4,2025-03-16 00:02:39+00:00,Unknown,17.4,2025,3,16
67705,45805,19342,1,37.0,2025-06-30 08:22:54+00:00,Unknown,37.0,2025,6,30
66776,45607,19389,1,18.0,2024-05-25 20:16:55+00:00,Unknown,18.0,2024,5,25
67273,47438,19541,2,25.25,2025-03-12 16:41:00+00:00,Unknown,50.5,2025,3,12
62814,46100,19511,1,41.5,2024-12-15 03:11:48+00:00,"Apt. 218 6968 Smitham Cove, South Sammy, IL 82143-1917",41.5,2024,12,15
67174,46911,19412,3,28.0,2024-02-17 11:29:41+00:00,"Apt. 305 9983 Dare Center, East Omerburgh, TN 70868-7903",84.0,2024,2,17
69777,46949,19418,2,56.25,2024-07-02 20:52:03+00:00,Unknown,112.5,2024,7,2
71974,45039,19425,1,42.25,2024-09-20 05:22:25+00:00,Unknown,42.25,2024,9,20
66377,47221,19120,2,78.0,2024-12-11 20:55:33+00:00,Unknown,156.0,2024,12,11
71777,44495,19149,2,25.5,2024-09-17 18:04:20.385000+00:00,"6698 Bruen Dale, East Raelene, NY 03151-0579",51.0,2024,9,17
73783,45552,19532,2,30.0,2025-03-27 17:46:04+00:00,Unknown,60.0,2025,3,27
70427,44694,19222,1,57.0,2024-08-21 17:26:27+00:00,Unknown,57.0,2024,8,21
64304,46457,19440,1,35.99,2024-05-15 19:13:00+00:00,"Suite 830 931 Emard Divide, Port Taville, TX 58940-5985",35.99,2024,5,15
66075,47005,19378,2,15.25,2025-07-19 01:54:39+00:00,Unknown,30.5,2025,7,19
73944,45296,19582,1,51.0,2025-03-25 04:41:02+00:00,Unknown,51.0,2025,3,25
69799,44576,19515,2,66.0,2025-04-28 18:37:00+00:00,Unknown,132.0,2025,4,28
71824,45993,18990,5,49.0,2025-05-10 11:54:00+00:00,Unknown,245.0,2025,5,10
73427,45817,19576,1,59.25,2024-12-18 13:00:46+00:00,Unknown,59.25,2024,12,18
62878,45667,18861,2,41.99,2024-08-22 02:44:04+00:00,Unknown,83.98,2024,8,22
63350,47061,19497,2,57.75,2024-07-20 16:45:34+00:00,"Suite 690 54001 Barrows Views, Kingfurt, KY 51700-9955",115.5,2024,7,20
67304,44711,19553,3,51.25,2024-07-21 17:26:32+00:00,Unknown,153.75,2024,7,21
67035,46023,19031,2,27.3,2025-07-23 08:40:36+00:00,Unknown,54.6,2025,7,23
66298,44548,19521,2,16.75,2024-11-25 00:18:52+00:00,"9777 Bobette Valleys, Ritchiefort, CO 33803-2865",33.5,2024,11,25
68735,47055,19471,1,38.0,2024-10-21 06:06:00+00:00,Unknown,38.0,2024,10,21
65365,44546,19405,1,51.0,2024-07-10 23:54:50+00:00,Unknown,51.0,2024,7,10
62792,45094,19590,1,37.2,2024-09-21 00:20:16+00:00,"Suite 846 9257 Marketta Mews, Sherleyhaven, WA 31025",37.2,2024,9,21
68468,47067,19191,1,29.0,2025-09-13 11:25:03+00:00,Unknown,29.0,2025,9,13
73895,46352,18865,2,42.0,2025-04-15 16:06:06.043000+00:00,Unknown,84.0,2025,4,15
64161,45323,19513,1,31.2,2025-01-03 14:38:00+00:00,Unknown,31.2,2025,1,3
71966,45800,19345,5,74.1,2024-12-17 02:11:23+00:00,Unknown,370.5,2024,12,17
67664,44798,19123,2,48.75,2024-07-18 13:46:39+00:00,Unknown,97.5,2024,7,18
62875,45465,19292,2,61.2,2024-08-14 03:59:00+00:00,Unknown,122.4,2024,8,14
66821,46586,19508,3,42.0,2024-08-16 22:22:28.242000+00:00,Unknown,126.0,2024,8,16
63471,46171,18954,2,31.5,2025-03-27 23:22:25+00:00,Unknown,63.0,2025,3,27
63437,46768,19057,1,70.5,2024-06-30 12:24:10+00:00,Unknown,70.5,2024,6,30
73447,45968,19248,1,56.0,2024-09-26 01:32:50+00:00,Unknown,56.0,2024,9,26
64385,45703,18881,1,28.0,2025-02-24 07:45:38+00:00,Unknown,28.0,2025,2,24
70342,47356,19358,1,61.2,2024-12-13 05:55:23+00:00,Unknown,61.2,2024,12,13
63481,47179,18998,1,48.0,2024-10-25 11:43:20+00:00,"Apt. 654 84404 Shonna Court, Kazukoberg, NY 07190",48.0,2024,10,25
68179,46765,19109,1,41.0,2024-11-11 23:28:00+00:00,Unknown,41.0,2024,11,11
63378,46212,18946,4,46.5,2025-02-01 03:21:14.020000+00:00,Unknown,186.0,2025,2,1
67767,44398,19504,1,62.0,2025-05-12 22:46:06+00:00,Unknown,62.0,2025,5,12
65625,45150,19188,3,40.5,2024-10-23 01:07:00+00:00,Unknown,121.5,2024,10,23
63026,46617,19208,1,55.25,2025-01-14 00:42:42+00:00,Unknown,55.25,2025,1,14
69139,46325,19283,1,16.0,2025-01-07 00:53:11+00:00,"5717 Dora Burg, Bostad, IN 20059",16.0,2025,1,7
64476,44735,19015,1,60.0,2025-07-28 17:40:33+00:00,"Suite 706 8695 Jorge Viaduct, West Scottieshire, NE 19857",60.0,2025,7,28
71957,46391,19075,2,52.8,2024-12-30 08:28:55+00:00,"Apt. 183 86710 Grimes Villages, Linomouth, OR 84864",105.6,2024,12,30
65824,44667,19567,2,46.5,2025-02-28 00:20:58+00:00,Unknown,93.0,2025,2,28
66888,44703,18848,1,17.0,2025-07-08 04:33:28.568000+00:00,Unknown,17.0,2025,7,8
69897,47222,19012,2,46.25,2025-05-14 23:57:27+00:00,Unknown,92.5,2025,5,14
63287,44551,18855,3,29.75,2025-05-13 10:51:24.319000+00:00,Unknown,89.25,2025,5,13
71069,45579,18918,1,71.5,2025-01-03 09:57:00+00:00,"8523 Jacobs Estate, North Rosalieport, GA 09433",71.5,2025,1,3
65587,46563,19171,2,39.0,2024-09-13 15:49:24+00:00,Unknown,78.0,2024,9,13
63590,45386,19011,1,55.0,2025-02-14 20:39:00+00:00,Unknown,55.0,2025,2,14
64600,46651,19393,1,19.5,2024-12-01 22:41:04+00:00,"545 Anderson Fords, Rennermouth, ME 06103",19.5,2024,12,1
73505,44579,19182,1,53.0,2024-07-05 12:16:00+00:00,"Apt. 190 410 Reichert Road, Fisherland, SD 86798",53.0,2024,7,5
63223,46728,19250,2,35.7,2024-12-19 01:12:12+00:00,Unknown,71.4,2024,12,19
72982,44460,18910,1,50.5,2024-10-25 20:13:36+00:00,Unknown,50.5,2024,10,25
62781,45624,19194,1,44.39,2024-07-27 10:43:00+00:00,"Suite 539 3643 Jordan Lane, Samtown, AK 73368-2876",44.39,2024,7,27
64682,45958,19315,1,63.0,2024-07-13 14:24:55+00:00,Unknown,63.0,2024,7,13
62876,47327,19092,1,50.5,2024-09-29 23:14:00+00:00,Unknown,50.5,2024,9,29
69584,45272,19396,1,52.2,2024-07-19 16:57:46+00:00,Unknown,52.2,2024,7,19
70595,47365,19329,1,65.0,2025-02-24 07:48:22+00:00,Unknown,65.0,2025,2,24
71342,46818,18885,1,35.99,2025-01-12 10:53:01+00:00,Unknown,35.99,2025,1,12
69626,46112,19530,1,19.0,2025-09-16 19:45:39+00:00,"Suite 578 441 Thanh Brook, Balistreriberg, AL 69798",19.0,2025,9,16
63650,45302,19003,2,35.5,2024-12-09 02:37:12+00:00,Unknown,71.0,2024,12,9
67729,45275,19212,1,61.8,2025-01-05 20:02:14.040000+00:00,Unknown,61.8,2025,1,5
73758,47516,19498,2,47.75,2025-03-21 20:36:55+00:00,Unknown,95.5,2025,3,21
66107,44626,19554,1,58.99,2025-06-14 03:14:18+00:00,Unknown,58.99,2025,6,14
71037,46385,19088,1,44.4,2025-04-15 02:29:35+00:00,Unknown,44.4,2025,4,15
68677,47269,19092,1,46.5,2025-04-07 05:23:04+00:00,Unknown,46.5,2025,4,7
68280,46117,19253,1,36.5,2024-03-11 13:20:33+00:00,Unknown,36.5,2024,3,11
68019,45922,18942,1,30.6,2025-01-25 11:44:30+00:00,Unknown,30.6,2025,1,25
65710,44924,18940,1,15.75,2025-05-24 16:30:44+00:00,"Apt. 168 52445 O'Reilly Green, Lake Lance, OK 82814-0503",15.75,2025,5,24
72363,45207,19120,1,65.75,2024-09-22 22:36:30+00:00,Unknown,65.75,2024,9,22
70819,44677,19173,1,69.6,2024-12-01 15:57:51+00:00,Unknown,69.6,2024,12,1
66087,46546,19339,1,52.2,2025-01-12 18:01:00+00:00,"83359 Doretha Motorway, Runolfsdottirbury, ND 70812",52.2,2025,1,12
66573,46964,19240,1,67.99,2025-01-25 06:01:49+00:00,"912 Hollis Forest, Huelsmouth, MI 69728-4505",67.99,2025,1,25
73199,47519,18980,3,74.7,2024-11-10 11:24:40+00:00,Unknown,224.1,2024,11,10
66569,46306,19279,1,21.75,2024-08-06 15:30:38+00:00,Unknown,21.75,2024,8,6
73045,45708,19380,1,80.1,2025-02-14 02:41:33+00:00,Unknown,80.1,2025,2,14
73616,46567,19152,4,29.99,2024-12-19 15:05:56+00:00,Unknown,119.96,2024,12,19
73612,44411,19452,1,46.5,2024-05-31 18:53:40+00:00,Unknown,46.5,2024,5,31
64768,45037,19064,1,60.0,2024-11-21 23:02:00+00:00,Unknown,60.0,2024,11,21
67823,46569,19587,1,35.25,2024-12-27 14:15:10+00:00,Unknown,35.25,2024,12,27
64823,44977,19590,1,30.25,2024-06-28 08:41:00+00:00,Unknown,30.25,2024,6,28
73803,45740,19567,3,59.4,2024-10-04 18:26:59.471000+00:00,Unknown,178.2,2024,10,4
67331,45335,19205,1,16.5,2024-12-05 02:13:40+00:00,"Apt. 715 110 Quigley Valley, New Alainamouth, UT 59219-6048",16.5,2024,12,5
63647,46624,19448,1,53.0,2024-07-16 15:21:00+00:00,Unknown,53.0,2024,7,16
70036,46279,19322,1,67.25,2025-02-07 18:12:00+00:00,"Apt. 766 899 Della Mountains, West Alyssa, WI 99369",67.25,2025,2,7
73118,46400,18914,2,47.0,2025-05-08 18:09:00+00:00,Unknown,94.0,2025,5,8
64801,46075,19075,2,56.7,2024-04-15 16:58:32+00:00,"Apt. 857 20568 Murazik Springs, West Kortneyshire, TN 54642",113.4,2024,4,15
65240,47448,19244,1,59.99,2025-09-18 04:33:36+00:00,"Suite 507 3609 Vern Mills, New Josephview, AR 12313-6151",59.99,2025,9,18
67927,46101,19152,1,36.3,2025-01-25 17:54:36+00:00,Unknown,36.3,2025,1,25
73748,45681,19296,1,24.0,2025-08-03 19:35:41+00:00,Unknown,24.0,2025,8,3
69964,45425,19337,1,76.8,2024-09-19 22:42:52+00:00,Unknown,76.8,2024,9,19
68714,47543,19285,1,64.0,2025-02-03 16:50:27+00:00,Unknown,64.0,2025,2,3
70429,44993,19328,5,29.5,2024-11-20 15:03:33+00:00,Unknown,147.5,2024,11,20
66303,44729,18838,1,57.0,2025-01-21 09:52:46+00:00,Unknown,57.0,2025,1,21
70248,46387,19140,1,65.5,2025-05-08 17:38:56+00:00,Unknown,65.5,2025,5,8
65244,46146,19245,1,83.4,2024-09-27 12:23:00+00:00,"Suite 705 6546 Zboncak Light, Lake Missy, WA 38865",83.4,2024,9,27
71774,45175,19405,1,48.99,2024-06-22 21:22:00+00:00,"Suite 958 62517 Fidel Shore, North Bertie, NE 95638-8002",48.99,2024,6,22
66989,44463,18945,1,43.5,2025-03-15 05:29:40+00:00,Unknown,43.5,2025,3,15
67002,44379,18991,2,66.3,2024-09-27 14:25:00+00:00,Unknown,132.6,2024,9,27
64207,44484,19244,4,63.3,2025-05-21 12:49:00+00:00,Unknown,253.2,2025,5,21
66721,45658,19186,1,29.5,2025-01-02 04:04:16+00:00,Unknown,29.5,2025,1,2
65320,46276,19068,1,53.99,2024-12-10 09:47:14+00:00,Unknown,53.99,2024,12,10
62782,46585,19323,1,45.5,2024-09-24 17:33:00+00:00,"483 Reynaldo Valleys, New Giuseppina, MD 05828",45.5,2024,9,24
69409,45384,19271,1,45.5,2025-04-21 10:01:15+00:00,Unknown,45.5,2025,4,21
70798,44947,19486,1,44.99,2025-03-10 13:53:00+00:00,"1631 Delmar Ports, North Yukochester, OK 69159-7522",44.99,2025,3,10
66762,45922,19507,1,28.8,2024-03-27 23:33:17+00:00,Unknown,28.8,2024,3,27
65270,46557,19442,1,45.5,2024-09-25 16:10:00+00:00,"Suite 495 2516 Joel Trafficway, North Earlmouth, NV 11707",45.5,2024,9,25
64800,46555,18989,1,44.75,2024-07-30 22:16:42+00:00,Unknown,44.75,2024,7,30
64610,45067,19422,1,34.8,2025-01-06 14:56:58+00:00,"6216 Crist Falls, Howebury, WY 19946-6263",34.8,2025,1,6
71621,46253,19345,4,73.8,2024-04-04 19:04:35+00:00,Unknown,295.2,2024,4,4
73875,47511,19542,2,70.2,2024-10-03 23:10:48+00:00,Unknown,140.4,2024,10,3
64866,46789,18889,3,72.5,2025-05-17 23:56:34+00:00,Unknown,217.5,2025,5,17
71781,46298,19118,1,88.8,2025-07-28 17:03:00+00:00,Unknown,88.8,2025,7,28
72291,45366,19567,3,57.9,2025-04-11 21:50:52+00:00,Unknown,173.7,2025,4,11
66548,45890,18965,1,66.0,2025-01-09 19:16:10+00:00,Unknown,66.0,2025,1,9
65372,47467,19428,1,42.99,2025-02-16 22:19:25+00:00,"Apt. 918 227 Trey Plaza, Runteville, NM 39569",42.99,2025,2,16
68955,46830,18877,1,47.0,2025-03-13 14:55:49+00:00,Unknown,47.0,2025,3,13
68983,46324,19116,1,14.75,2024-08-26 05:34:00+00:00,Unknown,14.75,2024,8,26
72613,46100,19136,1,49.25,2024-11-04 09:19:58+00:00,Unknown,49.25,2024,11,4
69055,45386,19261,1,68.75,2025-02-22 17:29:04+00:00,Unknown,68.75,2025,2,22
63303,45064,19437,2,46.2,2024-09-26 14:44:53+00:00,Unknown,92.4,2024,9,26
67409,45210,19506,1,58.0,2025-03-31 02:34:12.209000+00:00,"9516 Rubie Loop, North Tammibury, NE 90300",58.0,2025,3,31
72654,45328,19468,2,41.5,2024-12-01 11:15:00+00:00,"Apt. 852 591 Strosin Lodge, Cyrusborough, CO 74204-4100",83.0,2024,12,1
64693,47287,19015,4,74.39,2024-07-22 15:42:03+00:00,"Apt. 126 548 Friesen Vista, Treutelfort, NJ 65314",297.56,2024,7,22
70635,46720,19172,1,67.99,2024-12-23 11:59:00+00:00,Unknown,67.99,2024,12,23
63584,45877,18933,2,37.99,2025-03-22 23:03:36+00:00,Unknown,75.98,2025,3,22
64210,46839,19079,1,29.75,2024-07-06 17:14:00+00:00,Unknown,29.75,2024,7,6
70396,45860,19242,3,46.5,2025-05-26 02:34:00+00:00,"725 Medhurst Key, Owenville, CT 76004-3587",139.5,2025,5,26
69987,44583,19413,3,33.0,2024-09-02 15:28:00+00:00,Unknown,99.0,2024,9,2
65309,45488,19161,1,34.5,2025-03-26 18:35:07+00:00,Unknown,34.5,2025,3,26
67214,45112,18845,1,61.75,2024-11-22 13:15:38.934000+00:00,"Apt. 909 3669 Champlin Ramp, South Conceptionbury, AL 21578-8008",61.75,2024,11,22
72733,46494,18963,3,69.59,2025-06-24 14:19:13+00:00,Unknown,208.77,2025,6,24
65809,45817,18902,5,21.0,2024-02-10 09:10:00+00:00,Unknown,105.0,2024,2,10
70331,46836,19062,1,14.0,2025-02-11 18:27:00.055000+00:00,"Suite 186 9845 Richie Stream, Kyleberg, IL 02927",14.0,2025,2,11
73823,45275,19310,3,23.99,2024-04-11 06:42:31.717000+00:00,Unknown,71.97,2024,4,11
64720,46486,19155,1,64.8,2025-07-19 04:45:00+00:00,Unknown,64.8,2025,7,19
64015,45336,19416,2,67.75,2025-02-05 00:30:44+00:00,Unknown,135.5,2025,2,5
66246,46391,18856,1,50.75,2024-11-17 21:20:41.752000+00:00,Unknown,50.75,2024,11,17
66473,45727,18879,1,82.5,2024-04-13 02:24:45+00:00,Unknown,82.5,2024,4,13
73917,45127,19020,1,18.5,2024-09-24 08:47:00+00:00,Unknown,18.5,2024,9,24
68553,45066,18983,5,34.0,2024-10-12 07:03:24+00:00,"Suite 918 4225 Romeo Row, Schaeferport, NJ 93713-7752",170.0,2024,10,12
72381,44480,19169,3,71.0,2024-12-31 03:01:00+00:00,Unknown,213.0,2024,12,31
65169,47415,19394,1,16.5,2024-06-12 16:06:06+00:00,Unknown,16.5,2024,6,12
66534,46063,19514,3,18.0,2024-12-06 23:47:30+00:00,Unknown,54.0,2024,12,6
65133,46287,19511,1,41.99,2024-09-21 08:35:00+00:00,Unknown,41.99,2024,9,21
69823,46256,19404,2,36.3,2025-02-23 08:19:55.875000+00:00,Unknown,72.6,2025,2,23
67918,46720,19447,1,26.0,2025-07-28 06:15:28+00:00,Unknown,26.0,2025,7,28
70864,47565,19434,1,21.0,2024-07-29 12:12:00+00:00,Unknown,21.0,2024,7,29
69190,46334,19375,1,25.19,2025-05-25 22:22:00+00:00,Unknown,25.19,2025,5,25
73788,45540,18875,1,46.0,2025-02-03 02:38:25+00:00,"Apt. 550 11393 Lee Viaduct, East Dessieport, IL 37240",46.0,2025,2,3
67672,45156,19005,1,35.0,2024-07-08 03:57:12+00:00,Unknown,35.0,2024,7,8
71639,46599,19258,5,72.0,2025-07-07 10:39:11.927000+00:00,Unknown,360.0,2025,7,7
67099,46954,19326,1,25.0,2025-06-18 23:26:05+00:00,Unknown,25.0,2025,6,18
71340,45827,18904,1,32.5,2025-06-10 03:01:32+00:00,Unknown,32.5,2025,6,10
64642,44883,19452,2,36.99,2025-01-29 11:26:12+00:00,Unknown,73.98,2025,1,29
73731,44582,19372,2,58.75,2024-11-20 05:17:37+00:00,Unknown,117.5,2024,11,20
67412,46895,19065,1,19.0,2025-02-13 06:56:25+00:00,Unknown,19.0,2025,2,13
67524,44431,19217,2,31.99,2025-05-06 17:08:34.446000+00:00,"14452 Gutkowski Fields, McLaughlinhaven, MN 36847",63.98,2025,5,6
67848,47115,19532,2,30.99,2025-01-21 00:36:01+00:00,Unknown,61.98,2025,1,21
63444,47210,18930,2,41.4,2025-07-23 11:38:37+00:00,Unknown,82.8,2025,7,23
72014,46873,19509,1,64.2,2025-01-18 01:18:44.842000+00:00,Unknown,64.2,2025,1,18
63182,47193,19258,1,70.0,2024-05-30 15:12:40+00:00,"Suite 875 796 Hodkiewicz Keys, Gastonview, WY 54993",70.0,2024,5,30
66288,44405,19446,1,51.0,2024-08-30 04:17:42.697000+00:00,Unknown,51.0,2024,8,30
65826,46121,19161,2,36.25,2025-05-31 07:06:00+00:00,Unknown,72.5,2025,5,31
73061,47282,19469,1,30.0,2024-06-16 14:38:35+00:00,"Suite 398 9885 Rolland Crescent, North Ona, VA 02994",30.0,2024,6,16
66203,45917,18887,1,50.75,2025-01-12 00:45:00+00:00,Unknown,50.75,2025,1,12
73555,46624,19399,1,20.0,2024-09-12 04:23:32+00:00,"Apt. 437 404 Jonna Ridges, New Olivia, WI 79994",20.0,2024,9,12
70701,44613,19294,1,58.8,2025-02-25 03:59:00+00:00,Unknown,58.8,2025,2,25
72658,46252,19548,1,46.99,2024-12-18 19:15:07+00:00,Unknown,46.99,2024,12,18
64992,45472,19431,1,39.0,2024-07-10 07:45:21+00:00,Unknown,39.0,2024,7,10
64935,47612,19406,1,70.8,2025-03-06 14:26:52+00:00,"419 Quitzon Road, Port Frankie, OH 66531-2454",70.8,2025,3,6
72851,45320,19263,2,27.5,2025-07-23 21:11:49.158000+00:00,Unknown,55.0,2025,7,23
70578,45801,19165,1,38.39,2025-01-28 07:00:00+00:00,Unknown,38.39,2025,1,28
67894,45640,19544,2,38.99,2025-01-27 09:14:50+00:00,Unknown,77.98,2025,1,27
68094,46803,19135,1,52.25,2025-02-26 04:58:27+00:00,Unknown,52.25,2025,2,26
73718,45742,19379,3,57.5,2024-10-16 15:37:00+00:00,Unknown,172.5,2024,10,16
64780,45916,19341,1,39.0,2025-03-27 23:57:17+00:00,Unknown,39.0,2025,3,27
70906,44836,19110,1,57.0,2024-12-11 16:51:48+00:00,Unknown,57.0,2024,12,11
64951,45785,19491,4,44.39,2024-10-26 05:02:00+00:00,Unknown,177.56,2024,10,26
73475,44760,19528,1,32.25,2025-01-29 18:57:50+00:00,"24211 Porter Knolls, Vitotown, RI 83631",32.25,2025,1,29
69388,47564,19175,1,38.99,2024-10-27 01:24:11+00:00,Unknown,38.99,2024,10,27
67366,47469,18941,2,68.7,2025-07-18 16:46:00+00:00,Unknown,137.4,2025,7,18
70874,45036,18922,4,17.0,2025-01-23 12:15:53+00:00,"Apt. 203 119 Kertzmann Via, Stromanton, AK 32810-6470",68.0,2025,1,23
73187,44919,18909,1,22.25,2024-06-17 17:22:24+00:00,Unknown,22.25,2024,6,17
70645,47011,18930,1,45.59,2024-09-19 15:29:00+00:00,Unknown,45.59,2024,9,19
71387,47039,19245,1,71.0,2024-12-04 11:12:42+00:00,Unknown,71.0,2024,12,4
69590,46013,19041,2,17.99,2024-10-12 17:51:39+00:00,Unknown,35.98,2024,10,12
63552,45598,19040,2,23.4,2024-05-10 15:54:45+00:00,Unknown,46.8,2024,5,10
71634,46643,19294,1,49.75,2025-04-06 18:26:26+00:00,Unknown,49.75,2025,4,6
64621,45728,19115,1,52.0,2024-12-30 21:58:26+00:00,Unknown,52.0,2024,12,30
64945,46123,19254,1,56.0,2025-02-01 01:52:00+00:00,Unknown,56.0,2025,2,1
73085,44652,19148,1,39.5,2024-12-27 21:14:19+00:00,"20215 Travis Forge, West Estebanburgh, NM 96110-1719",39.5,2024,12,27
62993,47602,19228,3,68.75,2024-10-31 15:49:35.796000+00:00,Unknown,206.25,2024,10,31
73216,47156,19527,3,74.75,2025-10-03 03:09:28+00:00,Unknown,224.25,2025,10,3
62819,46118,19014,4,26.7,2024-10-22 22:50:32+00:00,Unknown,106.8,2024,10,22
65930,44903,19525,1,64.0,2024-06-25 21:34:29.755000+00:00,Unknown,64.0,2024,6,25
70655,45536,19036,3,69.0,2024-11-03 08:13:00+00:00,Unknown,207.0,2024,11,3
68729,44504,18847,1,38.75,2024-11-04 00:27:00+00:00,Unknown,38.75,2024,11,4
69466,46150,19037,1,27.99,2025-01-01 02:50:00+00:00,"Apt. 897 34292 Farrell Crossing, Morganfort, OK 63835",27.99,2025,1,1
72336,45132,19453,1,30.99,2024-10-26 20:51:00+00:00,Unknown,30.99,2024,10,26
64222,47111,19068,1,54.0,2025-02-15 05:22:00+00:00,Unknown,54.0,2025,2,15
67675,47027,19528,1,28.0,2024-11-01 23:10:18+00:00,Unknown,28.0,2024,11,1
65476,47273,19441,1,17.75,2025-02-16 14:13:32+00:00,"Apt. 909 7850 Lowe Lodge, North Petrinaville, TN 11597",17.75,2025,2,16
64249,47318,18924,1,33.6,2024-11-14 07:02:09+00:00,Unknown,33.6,2024,11,14
64747,46680,19248,1,68.39,2024-07-26 00:18:00+00:00,Unknown,68.39,2024,7,26
70420,46476,19221,1,57.0,2025-04-07 12:55:00+00:00,Unknown,57.0,2025,4,7
70090,45445,19537,1,53.75,2024-08-30 13:34:00+00:00,"129 Boehm Causeway, Giovanniberg, NV 71368-4344",53.75,2024,8,30
73384,46975,19543,5,42.0,2024-08-17 16:53:43+00:00,Unknown,210.0,2024,8,17
66300,47546,19549,1,44.4,2024-10-06 11:02:22+00:00,Unknown,44.4,2024,10,6
72492,45355,19317,2,23.99,2024-11-26 04:41:00+00:00,"4612 Lizbeth Vista, North Maxwell, ID 81032",47.98,2024,11,26
64725,45992,18917,1,68.5,2025-01-21 23:55:40+00:00,"Suite 967 2310 Marks Parkway, Port Josiahview, OR 21813",68.5,2025,1,21
67593,44563,19472,1,69.0,2024-05-10 22:31:00.848000+00:00,Unknown,69.0,2024,5,10
72138,44801,19336,1,46.99,2025-01-28 05:55:25+00:00,"408 Noreen Centers, South Johnson, WI 25627-8844",46.99,2025,1,28
68163,47337,19241,1,44.4,2024-11-16 13:29:19+00:00,Unknown,44.4,2024,11,16
64176,46080,18935,1,59.5,2024-11-30 15:16:00+00:00,"Suite 641 5277 Marcelo Causeway, Ruthieview, SC 25122-6347",59.5,2024,11,30
67795,44484,19265,1,61.19,2025-02-23 11:24:32+00:00,Unknown,61.19,2025,2,23
64639,46866,19311,1,65.75,2024-07-28 18:23:32+00:00,Unknown,65.75,2024,7,28
72310,44359,19292,2,50.0,2024-11-02 12:23:00+00:00,Unknown,100.0,2024,11,2
64091,44809,19548,1,49.75,2024-03-23 13:34:13+00:00,Unknown,49.75,2024,3,23
66831,45653,19562,1,60.9,2025-01-05 10:33:02+00:00,"Apt. 711 43938 Alexia Forge, Littelview, GA 77350",60.9,2025,1,5
67474,45710,19354,1,53.1,2025-06-08 20:51:38+00:00,Unknown,53.1,2025,6,8
67073,45497,18896,1,30.5,2025-02-11 00:31:34+00:00,"6871 Sylvester Drive, Lake Aleaseland, IN 95488-5289",30.5,2025,2,11
67875,47577,19010,1,61.0,2025-01-31 19:38:35+00:00,"Suite 304 605 Nathan Mountain, Mellisamouth, FL 41859-3279",61.0,2025,1,31
70700,45389,19061,1,61.5,2024-05-23 14:23:00+00:00,Unknown,61.5,2024,5,23
73028,45964,19287,2,37.75,2024-04-04 01:47:51+00:00,Unknown,75.5,2024,4,4
69816,45566,19551,2,31.5,2025-02-11 08:34:00+00:00,Unknown,63.0,2025,2,11
63628,44614,18931,1,37.0,2024-06-15 22:43:00+00:00,"Suite 175 882 Collette Summit, North Averyburgh, PA 38143-4918",37.0,2024,6,15
64013,45649,19581,1,29.0,2025-02-07 22:32:48.960000+00:00,Unknown,29.0,2025,2,7
65148,46928,19589,1,59.5,2024-08-30 08:02:00+00:00,Unknown,59.5,2024,8,30
68981,46238,18911,1,68.5,2024-11-09 11:17:07+00:00,Unknown,68.5,2024,11,9
68507,45935,19101,2,85.2,2024-10-07 16:08:00+00:00,Unknown,170.4,2024,10,7
68460,45176,19292,1,50.0,2025-09-03 02:56:34+00:00,Unknown,50.0,2025,9,3
63606,45770,19247,1,73.2,2024-08-25 21:19:35.032000+00:00,Unknown,73.2,2024,8,25
63791,47317,19109,1,39.0,2024-12-29 19:39:00+00:00,Unknown,39.0,2024,12,29
65292,46410,19211,1,46.75,2024-04-02 00:42:37.960000+00:00,Unknown,46.75,2024,4,2
63233,46007,19054,5,46.0,2024-09-29 03:27:00+00:00,Unknown,230.0,2024,9,29
63190,46789,19445,1,61.99,2025-04-25 00:08:08+00:00,"Suite 781 56516 Kelvin Passage, South Saul, MO 61817",61.99,2025,4,25
63324,46346,19472,1,78.6,2025-01-18 19:00:56+00:00,Unknown,78.6,2025,1,18
72200,47399,18980,1,60.0,2024-09-25 06:27:02+00:00,Unknown,60.0,2024,9,25
73868,44744,19447,1,26.25,2025-06-20 03:51:41+00:00,Unknown,26.25,2025,6,20
63571,46718,19131,2,60.0,2025-01-02 05:22:19+00:00,Unknown,120.0,2025,1,2
73932,46706,19435,2,69.5,2024-09-06 10:11:27+00:00,Unknown,139.0,2024,9,6
65016,44606,19457,1,27.0,2024-08-17 03:07:13+00:00,"40091 Russel Loop, Boyerfurt, OK 13343",27.0,2024,8,17
63161,45938,19332,1,47.4,2024-09-20 08:51:13+00:00,Unknown,47.4,2024,9,20
71555,45004,19177,2,16.5,2025-04-04 22:12:02+00:00,Unknown,33.0,2025,4,4
73093,45192,19431,5,35.0,2024-08-17 14:55:56+00:00,Unknown,175.0,2024,8,17
73734,45019,19109,1,51.0,2025-04-08 00:08:27+00:00,Unknown,51.0,2025,4,8
66520,46759,19080,4,50.0,2024-11-11 16:26:00+00:00,"Apt. 889 449 Emard Plaza, Marloton, VT 06274-4881",200.0,2024,11,11
64989,47247,18928,1,21.5,2025-09-18 10:26:00+00:00,Unknown,21.5,2025,9,18
71379,44427,18951,3,67.5,2024-11-19 10:17:42+00:00,Unknown,202.5,2024,11,19
64827,44495,19246,1,31.2,2025-03-25 01:38:00+00:00,"6698 Bruen Dale, East Raelene, NY 03151-0579",31.2,2025,3,25
66068,46684,19143,2,29.99,2025-03-11 05:17:03+00:00,Unknown,59.98,2025,3,11
65861,45829,19306,2,42.0,2024-10-10 01:47:30+00:00,Unknown,84.0,2024,10,10
71831,45094,19003,1,39.75,2025-04-08 04:21:00+00:00,Unknown,39.75,2025,4,8
66882,44739,19307,1,22.0,2025-03-30 09:56:21+00:00,"652 Herzog Unions, Lake Lizzieview, MI 90707-6308",22.0,2025,3,30
73764,46749,19400,1,36.99,2024-08-12 21:05:13+00:00,Unknown,36.99,2024,8,12
69353,47378,19590,1,26.5,2024-11-03 20:29:00+00:00,Unknown,26.5,2024,11,3
70509,47299,19146,1,66.75,2024-11-28 01:58:12+00:00,Unknown,66.75,2024,11,28
71796,45959,19303,1,63.99,2025-05-30 02:08:00+00:00,Unknown,63.99,2025,5,30
73881,46444,19484,1,51.75,2024-07-27 10:07:39+00:00,Unknown,51.75,2024,7,27
63227,46906,19027,2,72.0,2025-04-29 14:00:57+00:00,Unknown,144.0,2025,4,29
63719,44602,18889,3,73.5,2024-08-17 19:42:37+00:00,Unknown,220.5,2024,8,17
63175,45630,19124,1,57.5,2025-04-21 10:59:19+00:00,Unknown,57.5,2025,4,21
63516,47106,18844,1,51.6,2025-03-22 21:58:21.641000+00:00,"Apt. 388 2201 Wyman Cliffs, South Wilfordburgh, NJ 78452-7876",51.6,2025,3,22
67356,44522,19534,2,45.6,2024-09-22 02:02:00+00:00,Unknown,91.2,2024,9,22
66470,44932,18870,2,67.8,2024-08-19 17:24:51.802000+00:00,Unknown,135.6,2024,8,19
71299,47189,19249,4,60.99,2024-08-14 09:12:33+00:00,Unknown,243.96,2024,8,14
70941,44756,19380,1,67.75,2024-05-14 03:26:00+00:00,Unknown,67.75,2024,5,14
69384,45632,19580,2,85.5,2024-06-17 17:32:52+00:00,Unknown,171.0,2024,6,17
67754,46689,19252,3,27.0,2024-12-16 05:23:41+00:00,Unknown,81.0,2024,12,16
68285,45056,18917,1,71.0,2025-01-05 13:30:39+00:00,Unknown,71.0,2025,1,5
68765,45943,19254,1,54.5,2025-02-07 21:01:00+00:00,Unknown,54.5,2025,2,7
66375,46610,19579,1,20.0,2025-05-27 01:17:35+00:00,Unknown,20.0,2025,5,27
69202,44875,19130,1,25.99,2025-05-02 10:47:47+00:00,"672 Block Point, Durganbury, PA 31363",25.99,2025,5,2
63587,44803,18944,2,15.25,2024-11-30 08:07:26+00:00,Unknown,30.5,2024,11,30
67695,44486,18901,1,75.0,2024-10-10 10:12:22+00:00,Unknown,75.0,2024,10,10
67377,45501,19452,1,44.4,2025-04-08 13:44:19+00:00,Unknown,44.4,2025,4,8
68184,44669,19134,1,65.99,2024-12-15 00:29:00+00:00,Unknown,65.99,2024,12,15
65573,44842,19571,2,20.4,2025-02-27 15:06:51+00:00,Unknown,40.8,2025,2,27
68784,46670,19314,3,31.25,2025-01-14 18:14:15+00:00,Unknown,93.75,2025,1,14
73473,47498,19589,1,58.5,2024-09-26 00:04:00+00:00,Unknown,58.5,2024,9,26
63352,47189,19166,1,60.75,2025-03-02 23:01:17+00:00,"Apt. 137 35101 Riley Green, Scottfurt, MT 53227",60.75,2025,3,2
65686,45252,19565,1,68.5,2025-02-02 00:37:12+00:00,Unknown,68.5,2025,2,2
73156,46343,19436,1,32.4,2024-09-02 20:22:42+00:00,"98940 Wilton Square, South Sammiefurt, TX 59675-7724",32.4,2024,9,2
67877,44896,19131,1,60.5,2024-12-24 08:25:00+00:00,"721 Heidenreich Valley, New Anibal, KS 99441-3145",60.5,2024,12,24
66450,45984,19096,1,19.0,2024-03-19 16:34:08+00:00,Unknown,19.0,2024,3,19
72321,46199,19427,1,41.0,2025-07-18 13:36:56+00:00,Unknown,41.0,2025,7,18
69602,46509,19414,1,57.99,2025-04-01 20:51:43+00:00,Unknown,57.99,2025,4,1
73397,47163,18865,1,44.25,2024-10-05 17:46:28+00:00,Unknown,44.25,2024,10,5
66224,47257,19575,1,51.0,2024-12-05 16:33:00+00:00,Unknown,51.0,2024,12,5
66054,46703,19245,2,67.0,2024-11-23 08:59:01+00:00,Unknown,134.0,2024,11,23
70637,46984,18977,3,42.6,2024-05-16 19:22:29+00:00,Unknown,127.8,2024,5,16
64900,45463,19227,2,49.0,2025-03-02 14:08:27+00:00,Unknown,98.0,2025,3,2
72169,46862,19009,2,74.99,2025-02-01 18:47:47+00:00,Unknown,149.98,2025,2,1
73135,45885,19503,1,19.25,2024-09-01 20:40:00+00:00,Unknown,19.25,2024,9,1
68235,46079,19029,1,76.8,2024-11-16 17:24:54+00:00,Unknown,76.8,2024,11,16
73030,46660,18846,2,22.75,2024-07-27 11:04:33+00:00,"Apt. 115 85045 Larson Course, West Dorla, MI 07774",45.5,2024,7,27
73539,46116,19126,3,25.5,2025-06-04 18:07:34+00:00,Unknown,76.5,2025,6,4
73619,44791,19225,1,64.0,2024-08-28 06:34:00+00:00,Unknown,64.0,2024,8,28
72923,45730,18872,2,48.9,2024-10-25 06:03:35+00:00,Unknown,97.8,2024,10,25
63188,44361,19452,3,37.0,2024-11-13 05:01:42+00:00,Unknown,111.0,2024,11,13
69219,45118,18946,1,48.0,2024-06-03 22:37:57+00:00,Unknown,48.0,2024,6,3
68118,46836,18905,1,57.0,2025-08-21 16:23:02+00:00,"Suite 186 9845 Richie Stream, Kyleberg, IL 02927",57.0,2025,8,21
64397,47607,19051,1,83.4,2024-10-20 05:23:37+00:00,Unknown,83.4,2024,10,20
69092,44352,19450,1,28.5,2024-06-22 12:14:00+00:00,Unknown,28.5,2024,6,22
67194,46690,19296,1,27.5,2025-01-08 12:43:00+00:00,Unknown,27.5,2025,1,8
64332,46902,19413,1,35.5,2024-10-23 08:14:18+00:00,Unknown,35.5,2024,10,23
69266,47292,18985,2,64.8,2024-04-14 23:00:29+00:00,Unknown,129.6,2024,4,14
72032,46158,19410,4,49.5,2024-07-13 16:50:06+00:00,Unknown,198.0,2024,7,13
67937,47145,19138,1,34.8,2024-11-30 16:18:00+00:00,Unknown,34.8,2024,11,30
63965,47337,19458,1,68.1,2024-05-08 21:44:22+00:00,Unknown,68.1,2024,5,8
71457,45863,19529,2,14.0,2024-10-14 07:22:42+00:00,"Suite 393 54811 Quigley Trafficway, New Tyler, FL 65078-3181",28.0,2024,10,14
70182,45290,19092,2,47.0,2025-03-01 05:20:08+00:00,Unknown,94.0,2025,3,1
73596,46608,19366,1,25.0,2024-12-24 13:52:52+00:00,Unknown,25.0,2024,12,24
70788,45347,19324,1,65.5,2025-05-07 04:46:40+00:00,"Apt. 866 398 Feest Keys, Konopelskiport, IL 72357-2557",65.5,2025,5,7
67604,44518,19045,2,51.0,2025-02-17 15:47:00+00:00,Unknown,102.0,2025,2,17
69599,47482,18965,1,64.0,2024-12-26 01:35:46+00:00,"Apt. 120 5119 Hilpert Port, East Trinidad, VA 30086",64.0,2024,12,26
71269,45523,19281,1,45.0,2025-01-14 09:23:06+00:00,Unknown,45.0,2025,1,14
72234,46097,19288,2,55.0,2025-05-22 03:32:50+00:00,Unknown,110.0,2025,5,22
63764,45215,19221,1,68.7,2024-10-16 09:15:00+00:00,Unknown,68.7,2024,10,16
71646,44357,19470,3,58.0,2025-04-25 16:54:36+00:00,Unknown,174.0,2025,4,25
70359,46706,19472,3,78.6,2025-10-18 11:25:16+00:00,Unknown,235.8,2025,10,18
62954,44581,19322,1,81.0,2024-10-14 05:34:26+00:00,Unknown,81.0,2024,10,14
66074,45032,19115,2,63.9,2024-05-17 01:16:43+00:00,Unknown,127.8,2024,5,17
72498,46072,19090,1,78.9,2025-03-06 09:09:44+00:00,"Apt. 140 3289 Hane Land, Nicolabury, CA 30754-2061",78.9,2025,3,6
72149,46780,19483,1,59.99,2025-04-04 10:51:00+00:00,Unknown,59.99,2025,4,4
66432,45788,19313,1,33.6,2024-07-31 05:27:41+00:00,Unknown,33.6,2024,7,31
73651,44348,19166,1,74.4,2024-04-30 11:04:52+00:00,Unknown,74.4,2024,4,30
71880,45714,19527,1,71.0,2024-10-10 23:52:51+00:00,"Apt. 273 697 Hannelore Fall, North Romeoburgh, VT 89439-4491",71.0,2024,10,10
66163,45192,18947,2,70.5,2024-05-23 13:53:14+00:00,"Apt. 472 85518 Gottlieb Rapids, Port Dane, OK 65923-9837",141.0,2024,5,23
64155,46998,19065,2,21.25,2024-09-15 18:43:00+00:00,Unknown,42.5,2024,9,15
63822,44994,19222,1,56.99,2024-04-08 04:48:03+00:00,Unknown,56.99,2024,4,8
66011,45319,19318,1,27.0,2025-05-25 10:47:00+00:00,Unknown,27.0,2025,5,25
64178,46740,19113,3,90.0,2024-11-12 00:37:00+00:00,Unknown,270.0,2024,11,12
64704,44434,19400,1,44.7,2024-07-09 01:21:12+00:00,Unknown,44.7,2024,7,9
73302,45206,18859,1,64.8,2025-05-09 20:00:52.203000+00:00,Unknown,64.8,2025,5,9
71769,46457,19471,1,50.1,2025-09-08 13:55:57+00:00,"Suite 830 931 Emard Divide, Port Taville, TX 58940-5985",50.1,2025,9,8
66311,45401,19243,1,41.0,2025-01-31 01:59:00+00:00,Unknown,41.0,2025,1,31
70891,46783,19583,2,53.99,2025-01-27 14:05:28+00:00,"Suite 195 183 Runolfsson Stream, Kubtown, IA 92186",107.98,2025,1,27
65742,44448,19297,4,50.0,2025-04-25 19:23:52+00:00,Unknown,200.0,2025,4,25
72677,46839,19486,1,56.1,2024-11-06 23:08:46+00:00,Unknown,56.1,2024,11,6
63620,47314,19053,1,54.5,2025-04-20 12:58:03+00:00,Unknown,54.5,2025,4,20
73766,45862,19257,3,79.8,2025-02-06 07:50:48+00:00,Unknown,239.4,2025,2,6
66610,45373,19257,1,80.4,2024-08-24 18:58:16+00:00,"Apt. 864 1718 Grant Corner, Lakenyaberg, AL 49133-8781",80.4,2024,8,24
67655,46585,19089,1,50.0,2025-06-17 04:44:00+00:00,"483 Reynaldo Valleys, New Giuseppina, MD 05828",50.0,2025,6,17
63312,46770,19271,1,51.59,2024-12-24 16:29:00+00:00,"Suite 669 5658 Reginia Isle, Schillershire, NJ 14256-0106",51.59,2024,12,24
69622,44507,18907,1,37.75,2024-10-15 18:53:46+00:00,Unknown,37.75,2024,10,15
70417,44438,19017,1,57.0,2024-08-23 10:01:33+00:00,Unknown,57.0,2024,8,23
68856,47457,19097,1,81.9,2025-05-27 10:23:03+00:00,Unknown,81.9,2025,5,27
73095,46363,19455,1,15.0,2024-09-21 16:54:22+00:00,Unknown,15.0,2024,9,21
71932,45467,18898,2,69.0,2024-10-22 14:26:37+00:00,Unknown,138.0,2024,10,22
63450,44584,19346,5,40.99,2024-12-02 05:47:28+00:00,Unknown,204.95,2024,12,2
73655,47335,18887,2,48.0,2024-09-30 01:33:01+00:00,Unknown,96.0,2024,9,30
67449,47290,19219,1,28.0,2024-10-20 15:27:44+00:00,Unknown,28.0,2024,10,20
63659,46033,19123,1,61.2,2024-11-30 19:49:20+00:00,"6255 Brakus Trafficway, East Charisse, IA 61491-3513",61.2,2024,11,30
64819,46754,18969,1,43.5,2024-07-30 12:52:03+00:00,"3722 Kip Junctions, Prohaskastad, VA 33854-8136",43.5,2024,7,30
62766,46257,19491,1,35.75,2024-11-29 17:15:00+00:00,"Suite 554 768 Toya Spurs, West Dominick, UT 16766-5351",35.75,2024,11,29
66932,47234,18872,1,39.0,2024-11-22 20:43:33+00:00,Unknown,39.0,2024,11,22
70176,45585,19179,1,64.2,2024-11-20 10:46:32+00:00,"Suite 644 77149 Schiller Villages, Beattyfort, OH 69481-8065",64.2,2024,11,20
71521,46498,19419,1,54.5,2024-11-05 12:19:00.582000+00:00,"27323 Young Club, New Teofilastad, PA 01531",54.5,2024,11,5
63830,45501,19221,1,55.75,2025-01-01 19:46:15+00:00,Unknown,55.75,2025,1,1
73504,45443,18957,1,62.25,2024-11-05 15:55:00+00:00,Unknown,62.25,2024,11,5
67775,45091,19170,1,70.0,2024-11-21 01:21:00+00:00,"71804 Kulas Pass, Tulaville, VA 22476-5783",70.0,2024,11,21
68713,46210,19192,2,59.5,2024-02-24 19:03:00+00:00,Unknown,119.0,2024,2,24
63513,47179,19017,1,57.25,2024-10-31 17:27:00+00:00,"Apt. 654 84404 Shonna Court, Kazukoberg, NY 07190",57.25,2024,10,31
64782,45332,19478,2,54.0,2025-04-07 11:21:30+00:00,"267 Daniel Centers, New Marcelinofurt, PA 44079",108.0,2025,4,7
66256,45859,19403,3,61.5,2024-11-30 02:46:09+00:00,Unknown,184.5,2024,11,30
73585,45391,19150,1,42.0,2025-03-02 06:22:56+00:00,Unknown,42.0,2025,3,2
63217,46446,19158,5,65.0,2025-03-30 06:25:00+00:00,Unknown,325.0,2025,3,30
67520,45330,19095,1,61.75,2024-08-11 22:06:00+00:00,Unknown,61.75,2024,8,11
65955,45356,19063,1,56.1,2025-01-23 02:01:00+00:00,Unknown,56.1,2025,1,23
64232,46268,19209,1,28.0,2024-09-06 08:37:19.697000+00:00,Unknown,28.0,2024,9,6
70063,46357,19473,2,20.5,2025-04-22 02:23:23+00:00,Unknown,41.0,2025,4,22
62912,46816,19505,4,17.5,2025-01-12 23:45:33+00:00,Unknown,70.0,2025,1,12
66362,45588,19298,1,76.5,2024-08-29 06:52:31+00:00,"64565 Valery Orchard, Hilpertton, CA 85445-9043",76.5,2024,8,29
64175,47382,19436,1,29.1,2024-07-09 12:57:05+00:00,Unknown,29.1,2024,7,9
64265,44445,19477,1,45.0,2024-09-02 09:56:57+00:00,"Apt. 322 72061 Frederick Ports, New Arturofort, AL 45038-7958",45.0,2024,9,2
71853,47079,19446,1,53.5,2025-07-22 03:25:00+00:00,Unknown,53.5,2025,7,22
72440,44806,19565,2,68.0,2024-11-11 10:04:45+00:00,"8465 Goyette Shores, Colinchester, MI 26685",136.0,2024,11,11
66181,47614,18906,1,38.25,2025-02-22 03:06:00+00:00,Unknown,38.25,2025,2,22
72582,45693,19275,1,63.59,2024-05-01 06:07:00+00:00,Unknown,63.59,2024,5,1
71611,46333,19453,1,29.5,2024-12-19 23:28:13.599000+00:00,Unknown,29.5,2024,12,19
72900,47138,18842,1,62.5,2024-12-11 20:18:48+00:00,Unknown,62.5,2024,12,11
68175,47241,19211,2,54.6,2024-12-20 12:30:12+00:00,"913 Brakus Keys, Tieshaborough, KS 74048",109.2,2024,12,20
70205,44414,19473,1,25.5,2024-10-01 12:31:30+00:00,"Apt. 638 51645 Batz Road, Port Teresita, VA 09155",25.5,2024,10,1
67095,44389,18844,1,49.2,2024-06-07 13:59:00+00:00,Unknown,49.2,2024,6,7
68492,45538,18928,2,23.7,2024-10-14 03:05:53+00:00,Unknown,47.4,2024,10,14
71086,45940,19101,1,72.99,2025-02-19 23:30:14+00:00,Unknown,72.99,2025,2,19
70518,44526,19032,1,70.0,2025-04-06 13:56:39+00:00,"1648 Faviola Bridge, Carlton, KY 11380-4565",70.0,2025,4,6
68726,45976,18923,1,26.0,2024-05-10 20:21:47+00:00,Unknown,26.0,2024,5,10
72046,47445,19195,1,67.5,2025-03-05 13:40:00+00:00,Unknown,67.5,2025,3,5
63894,47419,19362,1,42.9,2025-10-15 20:16:31+00:00,Unknown,42.9,2025,10,15
72093,44784,19254,2,56.75,2024-10-15 16:07:00+00:00,"Apt. 449 9304 Price Inlet, Saturninaborough, MN 18182",113.5,2024,10,15
73017,47477,19333,1,29.5,2024-11-11 22:31:07+00:00,Unknown,29.5,2024,11,11
64261,45339,19190,1,54.6,2024-11-06 10:01:19+00:00,"Suite 185 649 Bashirian Plaza, East Roger, IN 48531-6359",54.6,2024,11,6
70164,44604,19428,1,51.0,2025-08-05 00:08:27+00:00,Unknown,51.0,2025,8,5
69541,44862,19048,1,29.0,2025-09-13 23:57:00+00:00,Unknown,29.0,2025,9,13
73041,46349,19589,2,66.0,2025-06-02 20:03:44+00:00,"Apt. 220 2072 Lamar Hills, Port Rivaview, IL 78383-0258",132.0,2025,6,2
68297,44858,19584,1,49.2,2025-02-25 19:13:22+00:00,Unknown,49.2,2025,2,25
69397,47056,19080,2,60.0,2025-06-09 08:00:00+00:00,"Suite 880 7602 Petronila Knolls, Rempelmouth, LA 03861-7890",120.0,2025,6,9
66731,44584,19488,1,73.5,2024-11-10 09:13:27+00:00,Unknown,73.5,2024,11,10
70121,45918,19589,1,54.5,2025-02-08 07:12:53+00:00,Unknown,54.5,2025,2,8
64923,46592,19569,1,66.0,2024-02-12 09:07:07+00:00,"82400 Schuppe Parkways, Krisville, ID 11904",66.0,2024,2,12
69291,45319,19426,2,52.8,2025-05-10 16:44:00+00:00,Unknown,105.6,2025,5,10
73923,45017,19033,1,28.99,2025-05-17 10:49:00+00:00,Unknown,28.99,2025,5,17
73024,46886,18904,1,34.0,2025-02-25 14:56:11+00:00,Unknown,34.0,2025,2,25
64566,44854,19410,2,45.0,2025-07-09 00:34:27+00:00,Unknown,90.0,2025,7,9
67685,46134,18954,3,34.0,2025-04-22 02:51:00+00:00,Unknown,102.0,2025,4,22
63855,46321,19429,3,70.5,2025-02-28 06:33:47.963000+00:00,Unknown,211.5,2025,2,28
66589,44601,19422,3,26.25,2024-07-21 04:29:43+00:00,"Apt. 620 28011 Bruno Unions, Gerholdland, CA 53798",78.75,2024,7,21
71832,47495,19434,1,17.4,2024-11-26 21:30:12+00:00,"8280 Kathline Mountain, Cyrilville, CT 99081-9641",17.4,2024,11,26
73128,46690,18910,4,51.0,2024-12-14 09:17:03+00:00,"2600 Brice River, Lake Lesleyfurt, NC 21183-2451",204.0,2024,12,14
69913,46687,19401,1,57.75,2025-03-22 17:30:00+00:00,Unknown,57.75,2025,3,22
69942,44589,18939,1,55.99,2025-06-09 08:09:38.832000+00:00,Unknown,55.99,2025,6,9
63027,44561,19339,1,44.0,2025-04-02 01:40:27+00:00,Unknown,44.0,2025,4,2
69074,45195,18843,1,22.8,2025-05-01 18:29:23+00:00,Unknown,22.8,2025,5,1
65177,45062,18964,1,48.0,2024-08-06 23:01:19+00:00,"Apt. 245 5042 Annette Islands, South Andreville, AZ 43566",48.0,2024,8,6
64423,44708,19197,1,40.5,2025-04-28 07:42:19+00:00,Unknown,40.5,2025,4,28
68016,46703,19360,1,58.0,2024-12-08 18:03:36+00:00,Unknown,58.0,2024,12,8
67606,44649,19546,2,48.99,2024-07-19 11:12:12+00:00,Unknown,97.98,2024,7,19
72038,46420,19581,1,35.7,2025-03-30 07:08:00+00:00,Unknown,35.7,2025,3,30
72664,47367,19197,1,42.99,2024-11-16 03:23:46+00:00,"8139 Lowe Prairie, Schummshire, NM 96104",42.99,2024,11,16
67402,46073,19114,2,42.0,2025-05-14 09:59:44+00:00,Unknown,84.0,2025,5,14
64317,44650,18886,1,69.99,2025-05-27 15:23:24+00:00,Unknown,69.99,2025,5,27
69635,45350,19545,3,49.75,2025-02-03 06:00:15.099000+00:00,Unknown,149.25,2025,2,3
69852,45241,19039,1,57.0,2024-11-05 23:16:55+00:00,"Suite 155 8709 Alonzo Field, Rickeyview, NH 31527-0270",57.0,2024,11,5
72554,46821,19005,1,35.0,2024-12-31 14:38:27+00:00,Unknown,35.0,2024,12,31
67748,46814,19270,1,18.0,2024-12-21 15:30:26+00:00,Unknown,18.0,2024,12,21
73263,47046,19406,1,55.99,2025-06-06 15:29:41+00:00,Unknown,55.99,2025,6,6
72684,45551,19213,2,32.99,2025-03-21 03:14:02.792000+00:00,Unknown,65.98,2025,3,21
73795,45169,19164,1,37.5,2024-11-30 01:29:37+00:00,Unknown,37.5,2024,11,30
66886,44865,19358,1,52.0,2025-06-12 09:42:00+00:00,Unknown,52.0,2025,6,12
67224,46223,19395,1,45.25,2025-01-17 05:26:35+00:00,"Apt. 624 6601 O'Keefe Cove, Goyettefort, AZ 63179",45.25,2025,1,17
71535,45392,19203,3,69.59,2025-09-01 02:33:40+00:00,Unknown,208.77,2025,9,1
69166,46244,19394,1,20.4,2024-07-16 12:39:00+00:00,Unknown,20.4,2024,7,16
63313,46100,19212,2,65.99,2024-02-02 22:30:07+00:00,Unknown,131.98,2024,2,2
68834,44464,19302,1,26.5,2024-04-01 09:50:45+00:00,Unknown,26.5,2024,4,1
67395,47064,19431,1,40.8,2025-01-16 05:28:00+00:00,"Suite 892 260 Ernser Canyon, Lake Kassie, LA 04588-2376",40.8,2025,1,16
73049,45963,18954,1,34.0,2025-01-22 21:28:39+00:00,"Apt. 829 203 Gottlieb Via, North Monte, NE 73168-6756",34.0,2025,1,22
71444,45361,19292,1,49.25,2025-01-18 20:36:00+00:00,Unknown,49.25,2025,1,18
63877,45182,18860,1,45.5,2024-03-15 12:28:36+00:00,Unknown,45.5,2024,3,15
73188,47057,18949,2,29.5,2024-12-22 11:54:00+00:00,Unknown,59.0,2024,12,22
73099,44394,19143,3,31.5,2024-11-28 06:01:00+00:00,Unknown,94.5,2024,11,28
66082,44497,19102,1,74.4,2025-03-23 22:02:58+00:00,"Apt. 604 66787 Lemke Courts, New Robbie, NH 24175",74.4,2025,3,23
64547,46280,18874,2,53.75,2024-07-31 12:44:19+00:00,Unknown,107.5,2024,7,31
71209,46823,19206,3,28.25,2025-01-23 16:15:00+00:00,Unknown,84.75,2025,1,23
67796,46699,19536,1,65.99,2024-08-23 15:40:00+00:00,"Apt. 681 73213 Katherin Fall, Bergeshire, TN 98665-5699",65.99,2024,8,23
66707,45637,19253,1,36.0,2024-09-28 04:52:16+00:00,Unknown,36.0,2024,9,28
65069,45879,19242,1,47.75,2024-09-27 12:45:48+00:00,Unknown,47.75,2024,9,27
73690,45791,19260,1,75.0,2024-08-09 20:47:07+00:00,Unknown,75.0,2024,8,9
65367,46555,18881,1,30.25,2024-12-03 03:36:21+00:00,Unknown,30.25,2024,12,3
69178,47178,19193,1,16.75,2024-09-19 00:04:00+00:00,Unknown,16.75,2024,9,19
67576,46267,19217,1,32.75,2025-07-01 04:19:00+00:00,"Suite 323 528 Cruickshank Club, Cormierbury, UT 52957-6639",32.75,2025,7,1
65352,44834,19505,1,21.0,2024-07-31 22:48:23+00:00,Unknown,21.0,2024,7,31
65262,45729,19411,4,52.2,2024-08-25 21:10:36+00:00,"Suite 943 584 Dario Green, North Risa, AZ 50989-5863",208.8,2024,8,25
69474,46752,19247,1,78.6,2024-12-15 08:19:00+00:00,Unknown,78.6,2024,12,15
70888,47152,19001,1,28.99,2025-02-09 11:22:26+00:00,Unknown,28.99,2025,2,9
73190,45707,19259,2,58.99,2024-08-30 16:07:50+00:00,Unknown,117.98,2024,8,30
63308,44550,19263,1,27.99,2024-10-20 13:52:08+00:00,Unknown,27.99,2024,10,20
64707,45689,19026,1,26.7,2025-02-23 18:02:31+00:00,Unknown,26.7,2025,2,23
66519,45253,19247,1,73.2,2024-02-11 18:01:01+00:00,"64595 Flatley Island, Constanceberg, DE 82479",73.2,2024,2,11
68009,47572,19567,1,48.0,2025-02-19 02:26:00+00:00,Unknown,48.0,2025,2,19
72144,46866,19124,1,56.5,2024-06-05 00:15:44.454000+00:00,Unknown,56.5,2024,6,5
68323,47542,18903,4,22.79,2025-02-01 22:59:58+00:00,Unknown,91.16,2025,2,1
69426,47617,19049,2,53.0,2024-10-24 02:28:00+00:00,"114 Cruickshank Plains, Romaguerahaven, SC 40127-1388",106.0,2024,10,24
69853,44901,19381,1,29.5,2024-12-24 05:54:09+00:00,Unknown,29.5,2024,12,24
70251,44714,19571,1,17.99,2025-05-05 08:11:05+00:00,Unknown,17.99,2025,5,5
69953,46414,18861,2,36.0,2025-08-08 07:29:52+00:00,Unknown,72.0,2025,8,8
67045,44630,19356,2,50.25,2024-09-13 17:02:00+00:00,"9919 Sharen Isle, New Chishire, OR 15090",100.5,2024,9,13
64394,46586,19152,1,33.0,2024-05-07 04:07:19+00:00,"Suite 395 1584 Herzog Forks, Kuphalbury, AL 33521-6675",33.0,2024,5,7
65516,45224,19367,2,51.0,2024-11-14 16:10:00+00:00,Unknown,102.0,2024,11,14
67102,46012,19571,2,16.5,2024-07-07 02:36:00+00:00,Unknown,33.0,2024,7,7
66241,46970,19049,1,57.99,2024-04-27 02:55:44+00:00,Unknown,57.99,2024,4,27
65673,46132,18957,1,61.25,2024-10-08 15:13:33+00:00,Unknown,61.25,2024,10,8
67715,45757,18924,1,28.5,2024-12-07 03:58:00+00:00,Unknown,28.5,2024,12,7
73776,47154,18946,3,46.75,2024-12-07 21:50:00+00:00,"76172 Heriberto Islands, Mraztown, IA 60277-8330",140.25,2024,12,7
63944,46521,19324,1,64.5,2024-10-18 07:07:42+00:00,Unknown,64.5,2024,10,18
73706,47205,19093,3,26.25,2024-09-14 18:28:51+00:00,Unknown,78.75,2024,9,14
66763,44940,18850,1,33.0,2024-09-14 13:56:32+00:00,"136 Shondra Heights, Hagenesville, NV 00393-9327",33.0,2024,9,14
65536,45841,19421,1,22.0,2024-09-06 03:54:00+00:00,Unknown,22.0,2024,9,6
71298,47267,19055,1,16.8,2025-05-04 11:27:00+00:00,Unknown,16.8,2025,5,4
71360,44931,19317,1,25.2,2024-12-18 06:52:20+00:00,Unknown,25.2,2024,12,18
73482,46139,19013,1,48.5,2025-01-10 14:51:42+00:00,Unknown,48.5,2025,1,10
67428,46355,19189,1,19.99,2024-11-28 21:53:57+00:00,Unknown,19.99,2024,11,28
67934,45907,19014,1,21.6,2024-05-09 05:49:00+00:00,Unknown,21.6,2024,5,9
68081,47368,19186,1,33.6,2024-12-20 22:16:00+00:00,Unknown,33.6,2024,12,20
72259,46798,18924,1,37.19,2024-06-22 15:24:16+00:00,"Suite 822 4405 Prosacco Mountains, New Lemueltown, KS 31728",37.19,2024,6,22
73686,45870,19527,1,75.75,2024-10-18 21:29:41+00:00,Unknown,75.75,2024,10,18
64137,47119,18861,1,37.25,2025-01-31 08:22:59+00:00,"99554 Legros Circle, North Lovettaton, HI 70352",37.25,2025,1,31
73298,46174,19050,3,83.7,2024-09-23 16:23:03+00:00,Unknown,251.1,2024,9,23
65140,47041,19384,2,28.2,2024-09-02 03:33:29+00:00,"510 Barton Crossroad, Kuvalisfort, PA 81406",56.4,2024,9,2
67763,46904,19029,1,80.1,2024-06-03 11:48:02+00:00,Unknown,80.1,2024,6,3
63563,46366,19126,4,26.0,2024-12-20 12:22:00+00:00,"Suite 140 5078 Preston Lodge, Willieland, SD 18649",104.0,2024,12,20
71525,45490,19590,1,34.79,2024-11-19 07:30:13.214000+00:00,Unknown,34.79,2024,11,19
71780,46177,18916,2,57.5,2024-07-13 21:24:17+00:00,"602 Anderson Unions, Hyattchester, OK 08668",115.0,2024,7,13
70884,46897,18915,1,67.0,2024-10-07 20:38:29+00:00,Unknown,67.0,2024,10,7
71896,44398,19097,1,68.0,2024-09-08 04:02:52.627000+00:00,Unknown,68.0,2024,9,8
71938,45901,18979,1,68.0,2025-03-04 18:02:00+00:00,Unknown,68.0,2025,3,4
67822,44696,19293,1,29.99,2024-08-02 04:01:00+00:00,Unknown,29.99,2024,8,2
65969,46196,19038,1,58.0,2025-07-01 19:39:21+00:00,Unknown,58.0,2025,7,1
66006,44661,19021,1,38.7,2025-05-23 04:03:27+00:00,Unknown,38.7,2025,5,23
68943,46279,19445,1,60.99,2024-08-13 12:57:06+00:00,"Apt. 766 899 Della Mountains, West Alyssa, WI 99369",60.99,2024,8,13
63591,46945,19021,1,32.0,2024-12-29 12:46:00+00:00,Unknown,32.0,2024,12,29
70283,45652,19150,1,42.25,2024-09-03 11:05:00+00:00,Unknown,42.25,2024,9,3
69997,46878,19218,1,69.0,2024-11-04 19:14:00+00:00,"Suite 214 96246 Lekisha Stravenue, Lake Fredericberg, MS 55426-5002",69.0,2024,11,4
70096,45719,19332,1,42.99,2025-05-26 09:37:07+00:00,Unknown,42.99,2025,5,26
63930,47461,19439,1,70.5,2025-07-27 11:58:44+00:00,"767 Kohler Crossing, Wilburbury, VA 76654",70.5,2025,7,27
72743,44498,19025,2,34.5,2025-09-08 11:17:00+00:00,"Apt. 499 94257 Jude Lane, West Jenelle, OR 29177-7799",69.0,2025,9,8
70619,47451,19581,2,27.99,2024-09-06 23:04:08+00:00,"Apt. 373 660 Strosin Falls, West Joliestad, MA 11281",55.98,2024,9,6
64764,46219,18931,1,37.99,2024-10-07 14:59:44+00:00,"Apt. 353 287 Grant Lights, Hilllhaven, SD 34439",37.99,2024,10,7
63847,44763,18908,1,53.1,2025-04-10 23:45:12+00:00,Unknown,53.1,2025,4,10
68516,45083,19304,1,22.5,2025-07-22 10:13:00+00:00,Unknown,22.5,2025,7,22
70898,46944,19060,1,64.75,2025-03-06 17:40:00+00:00,Unknown,64.75,2025,3,6
70676,46087,19082,1,15.0,2025-02-26 06:30:00+00:00,"374 Petra Summit, South Clemmieville, NY 22379-2170",15.0,2025,2,26
71947,46544,18845,1,73.8,2024-04-24 21:50:37+00:00,Unknown,73.8,2024,4,24
64228,45353,19090,1,72.3,2024-12-26 18:15:00+00:00,Unknown,72.3,2024,12,26
65676,44799,18876,4,24.9,2024-04-14 11:50:58+00:00,Unknown,99.6,2024,4,14
63334,45606,18951,1,82.5,2024-06-20 21:08:04+00:00,Unknown,82.5,2024,6,20
69135,45000,19562,2,51.75,2025-03-27 07:36:21.670000+00:00,Unknown,103.5,2025,3,27
68042,47340,19316,1,26.4,2024-07-11 10:21:00+00:00,Unknown,26.4,2024,7,11
71797,47292,18981,1,85.5,2024-05-29 23:01:01+00:00,Unknown,85.5,2024,5,29
65246,47193,19259,1,71.4,2024-12-22 12:08:57.622000+00:00,"Suite 875 796 Hodkiewicz Keys, Gastonview, WY 54993",71.4,2024,12,22
63007,44904,19287,1,44.4,2024-12-11 07:40:00+00:00,Unknown,44.4,2024,12,11
68588,46762,19165,1,27.0,2024-04-06 20:04:20+00:00,"79414 Sandy Parks, Kohlertown, NH 53063-0093",27.0,2024,4,6
69340,44736,19508,1,45.59,2025-01-06 17:18:00+00:00,Unknown,45.59,2025,1,6
67870,47444,19073,2,71.0,2024-08-28 21:27:00+00:00,Unknown,142.0,2024,8,28
65324,45756,19078,1,61.2,2025-01-18 18:25:00+00:00,Unknown,61.2,2025,1,18
64129,46631,18850,1,32.75,2024-06-21 20:57:31+00:00,Unknown,32.75,2024,6,21
70668,46162,18983,1,32.5,2024-09-27 14:54:00+00:00,Unknown,32.5,2024,9,27
73442,44656,19468,1,38.99,2025-02-21 04:27:00+00:00,"Apt. 892 61936 Cory Prairie, Cedrichaven, PA 57987",38.99,2025,2,21
72805,45126,18978,1,60.5,2024-03-31 03:56:01+00:00,Unknown,60.5,2024,3,31
64903,47031,19106,1,55.2,2024-12-03 17:16:04+00:00,"269 Schumm Station, Port Nannie, CO 79823-5971",55.2,2024,12,3
69492,44939,19073,2,87.59,2025-03-30 04:58:11.960000+00:00,Unknown,175.18,2025,3,30
73242,47574,19422,1,33.3,2025-01-09 04:08:49+00:00,Unknown,33.3,2025,1,9
68306,44829,19525,1,74.4,2024-07-18 10:11:00+00:00,Unknown,74.4,2024,7,18
63626,47586,18881,1,32.99,2024-08-30 07:44:16+00:00,"Apt. 840 384 Leffler Views, Considinetown, DE 64278",32.99,2024,8,30
64690,44874,18995,3,31.5,2024-09-20 20:28:00+00:00,Unknown,94.5,2024,9,20
73945,45047,19134,5,85.19,2024-10-20 08:59:26+00:00,Unknown,425.95,2024,10,20
72337,44842,18979,2,83.7,2025-06-14 19:57:53+00:00,Unknown,167.4,2025,6,14
68361,45187,19041,1,16.25,2024-12-16 12:21:44+00:00,"64946 Schulist Stravenue, Barrybury, OH 84978-1202",16.25,2024,12,16
72863,45258,19110,1,56.99,2024-03-31 22:50:39+00:00,Unknown,56.99,2024,3,31
71372,44807,19456,2,35.0,2024-11-30 18:53:31+00:00,Unknown,70.0,2024,11,30
63364,46802,19056,2,25.5,2025-05-15 02:45:00+00:00,Unknown,51.0,2025,5,15
65524,47186,19230,1,74.39,2025-03-02 22:48:14+00:00,Unknown,74.39,2025,3,2
73806,46689,19020,1,18.99,2025-06-23 07:53:36.887000+00:00,Unknown,18.99,2025,6,23
63755,45833,19434,2,14.0,2025-01-12 16:39:37+00:00,Unknown,28.0,2025,1,12
68237,45465,19249,1,65.99,2024-04-13 21:06:44+00:00,Unknown,65.99,2024,4,13
64592,45793,19306,1,38.75,2025-03-16 13:08:00+00:00,"Apt. 238 3284 Murazik Islands, Minervaside, MN 23872-9593",38.75,2025,3,16
72928,47464,19222,1,56.5,2025-02-22 00:16:31+00:00,Unknown,56.5,2025,2,22
71536,46510,19284,1,51.75,2024-09-12 06:05:05+00:00,Unknown,51.75,2024,9,12
65566,46888,19202,1,55.0,2025-01-06 18:29:39+00:00,Unknown,55.0,2025,1,6
68291,45116,19239,4,86.4,2024-12-29 10:12:00+00:00,Unknown,345.6,2024,12,29
70557,46509,18954,1,32.5,2025-09-06 19:27:50+00:00,Unknown,32.5,2025,9,6
73213,45339,18901,3,76.0,2025-06-23 15:45:15+00:00,Unknown,228.0,2025,6,23
66149,47252,18967,2,87.0,2025-01-30 19:16:17+00:00,Unknown,174.0,2025,1,30
63013,47106,19577,1,74.5,2025-01-04 14:38:22+00:00,Unknown,74.5,2025,1,4
69237,45154,19568,1,53.4,2024-12-19 00:09:18+00:00,"69735 Brakus Cliff, North Luciana, ND 65719",53.4,2024,12,19
65766,44992,19166,1,72.6,2024-06-21 17:06:41+00:00,"740 Stokes Shore, MacGyvermouth, TN 70563-3196",72.6,2024,6,21
72748,46875,19235,1,62.0,2024-09-03 06:26:02+00:00,Unknown,62.0,2024,9,3
65422,46737,18928,2,22.5,2024-10-31 03:25:00+00:00,Unknown,45.0,2024,10,31
67629,46533,19380,1,63.25,2024-09-22 01:48:00+00:00,"786 Crooks Landing, Dooleyshire, GA 72554",63.25,2024,9,22
64523,45095,19168,1,64.0,2025-01-23 14:51:49+00:00,Unknown,64.0,2025,1,23
62759,47180,19395,2,43.0,2024-10-17 05:34:25+00:00,Unknown,86.0,2024,10,17
65881,44586,19091,1,32.1,2025-01-31 22:47:49+00:00,Unknown,32.1,2025,1,31
72013,46025,18873,1,82.2,2024-09-20 23:26:00+00:00,Unknown,82.2,2024,9,20
64585,46482,19431,1,30.75,2025-05-10 04:34:00+00:00,Unknown,30.75,2025,5,10
71305,46195,19245,1,70.0,2024-12-01 11:33:00+00:00,Unknown,70.0,2024,12,1
67638,45052,19238,2,18.99,2025-04-13 01:32:37+00:00,Unknown,37.98,2025,4,13
63310,44675,19424,1,20.0,2024-08-29 03:40:53+00:00,Unknown,20.0,2024,8,29
68929,45048,19544,1,41.0,2025-01-05 13:00:55+00:00,Unknown,41.0,2025,1,5
69752,44864,18945,1,47.0,2024-10-05 15:06:13+00:00,Unknown,47.0,2024,10,5
73181,46121,19216,2,62.0,2024-08-22 09:27:37+00:00,Unknown,124.0,2024,8,22
71192,45645,19404,1,28.0,2025-03-06 14:48:00+00:00,"Suite 525 51538 Oliver Fields, Mickeyville, MT 83500-4442",28.0,2025,3,6
68877,47046,19293,1,39.0,2024-08-19 17:06:53+00:00,Unknown,39.0,2024,8,19
71870,47038,19503,1,19.5,2024-08-11 11:32:44.025000+00:00,"Suite 805 356 Grady Hollow, North Kevin, NJ 82342",19.5,2024,8,11
66151,45994,19305,1,53.75,2025-02-15 03:48:18+00:00,Unknown,53.75,2025,2,15
73698,46724,18996,1,46.25,2024-06-08 04:32:13+00:00,"Apt. 372 367 Earle Views, West Desiremouth, SC 19399",46.25,2024,6,8
63738,45913,19260,2,87.0,2024-10-17 17:25:00+00:00,"Apt. 137 310 Ryan River, Shanaberg, MO 76150-4425",174.0,2024,10,17
73865,45922,19384,1,22.0,2025-05-14 20:53:25+00:00,Unknown,22.0,2025,5,14
64173,46570,19481,1,79.8,2025-04-09 10:35:53.894000+00:00,Unknown,79.8,2025,4,9
68317,46825,19002,2,29.4,2024-04-30 08:13:41+00:00,Unknown,58.8,2024,4,30
67608,46368,19035,1,24.6,2025-03-26 00:47:52+00:00,Unknown,24.6,2025,3,26
67592,45370,19295,2,38.75,2025-01-14 21:53:00+00:00,Unknown,77.5,2025,1,14
66713,44679,19009,1,75.25,2024-03-26 06:21:47+00:00,Unknown,75.25,2024,3,26
65075,47023,19395,1,43.99,2024-12-07 22:17:58.155000+00:00,Unknown,43.99,2024,12,7
73653,45900,19121,1,71.5,2025-03-01 19:26:58+00:00,Unknown,71.5,2025,3,1
71751,45292,19411,1,48.0,2025-06-01 00:05:39+00:00,"Suite 116 819 Will Extension, North Leon, AZ 30216-4569",48.0,2025,6,1
70354,45865,19448,1,63.6,2024-09-20 18:09:03+00:00,"87156 Van Mountain, Lake Jodyland, NV 30740",63.6,2024,9,20
72443,45179,19172,2,65.99,2025-05-25 19:13:07+00:00,Unknown,131.98,2025,5,25
69693,46149,19001,1,28.99,2024-11-22 17:49:47+00:00,Unknown,28.99,2024,11,22
72913,46305,19521,2,14.0,2025-06-06 02:59:53+00:00,"Apt. 702 769 Murazik Highway, Willyborough, WV 10452-3464",28.0,2025,6,6
73757,46451,19022,1,65.0,2024-05-01 11:00:50+00:00,"1175 Geneva Parkways, North Marylou, MA 04321-0039",65.0,2024,5,1
65421,47259,19455,1,16.2,2025-05-01 23:22:30.385000+00:00,Unknown,16.2,2025,5,1
64762,45319,18996,1,45.75,2024-03-28 13:41:14+00:00,Unknown,45.75,2024,3,28
64204,45119,19467,1,71.0,2024-06-19 03:46:00+00:00,"474 Ignacio Ports, Port Vernellville, NY 69844-0415",71.0,2024,6,19
70166,46494,19335,2,15.25,2024-08-20 16:26:01+00:00,Unknown,30.5,2024,8,20
73324,44691,19065,2,19.5,2024-06-08 04:45:10+00:00,Unknown,39.0,2024,6,8
63932,47596,19517,2,68.75,2024-09-18 22:52:00+00:00,"Suite 351 406 Shields Union, Yongstad, OK 54996",137.5,2024,9,18
66508,46601,19210,1,37.25,2024-10-07 08:35:56+00:00,Unknown,37.25,2024,10,7
69197,47601,18838,1,67.2,2025-04-03 19:46:13+00:00,Unknown,67.2,2025,4,3
72696,44782,19030,1,19.0,2024-11-17 22:44:00+00:00,Unknown,19.0,2024,11,17
72777,47377,19459,1,41.5,2025-02-25 05:48:22+00:00,Unknown,41.5,2025,2,25
70378,44812,19162,1,63.25,2024-03-11 20:37:38+00:00,Unknown,63.25,2024,3,11
66808,44635,19387,1,62.0,2024-01-05 17:22:22+00:00,Unknown,62.0,2024,1,5
73063,47090,19468,1,36.75,2024-04-04 21:28:55+00:00,"87336 Carlton Run, Chanelletown, NC 17507",36.75,2024,4,4
65222,44902,19206,1,25.5,2025-01-25 02:55:58+00:00,"60923 Steuber Burgs, Penelopehaven, AZ 67908-7880",25.5,2025,1,25
71725,44653,19437,3,44.7,2024-10-09 02:38:21+00:00,Unknown,134.1,2024,10,9
63083,46407,19435,2,67.75,2024-12-07 01:06:00+00:00,"Apt. 174 39450 Mohr Rapids, Port Neomistad, AL 80283",135.5,2024,12,7
70893,46365,18975,1,52.5,2024-10-23 21:18:18+00:00,Unknown,52.5,2024,10,23
69430,46789,19167,1,39.5,2025-03-04 04:08:00+00:00,"Suite 781 56516 Kelvin Passage, South Saul, MO 61817",39.5,2025,3,4
63085,46482,19168,1,65.99,2024-12-27 14:17:59+00:00,"Apt. 924 640 Neida Plaza, Nanton, NE 09974",65.99,2024,12,27
70497,47000,18973,1,51.75,2025-04-18 07:08:20+00:00,Unknown,51.75,2025,4,18
67240,44728,19483,1,65.4,2024-10-12 18:56:56+00:00,Unknown,65.4,2024,10,12
67242,45673,18913,3,41.75,2024-11-08 08:31:29+00:00,"8012 Sal Pike, Carlenaberg, SC 03961-4632",125.25,2024,11,8
66379,45000,19475,2,39.0,2024-11-06 14:36:00+00:00,Unknown,78.0,2024,11,6
64163,47014,19406,2,72.6,2024-10-24 20:56:53+00:00,Unknown,145.2,2024,10,24
63909,45096,18946,1,54.6,2024-10-06 04:27:04+00:00,Unknown,54.6,2024,10,6
73937,46958,19023,1,55.19,2025-07-22 10:46:13+00:00,Unknown,55.19,2025,7,22
65437,46833,18906,1,43.99,2024-05-20 07:22:00+00:00,Unknown,43.99,2024,5,20
64881,45321,19407,1,19.0,2025-02-25 23:27:12+00:00,Unknown,19.0,2025,2,25
72675,45882,19223,2,22.79,2024-09-27 00:52:04+00:00,"Apt. 656 274 Zack Harbors, Andersonton, VA 22253-2785",45.58,2024,9,27
67341,45654,18946,2,50.5,2025-02-23 13:29:31+00:00,"69165 Jaime Summit, West Walterfort, SD 98333-3054",101.0,2025,2,23
69616,46905,19512,1,47.5,2024-11-14 00:27:55+00:00,Unknown,47.5,2024,11,14
67830,45175,18940,2,19.75,2025-07-07 05:40:00+00:00,Unknown,39.5,2025,7,7
68000,46313,19304,1,25.0,2024-08-09 13:19:01+00:00,Unknown,25.0,2024,8,9
66023,45708,19298,1,66.0,2025-06-05 06:49:46.198000+00:00,"254 Balistreri Isle, Lake Magaret, OH 16696-3538",66.0,2025,6,5
73395,46153,19503,1,20.5,2024-02-19 05:59:00+00:00,Unknown,20.5,2024,2,19
73624,44852,19505,3,18.25,2025-02-10 21:13:58+00:00,Unknown,54.75,2025,2,10
68619,46987,19158,5,67.0,2025-01-21 19:02:00+00:00,Unknown,335.0,2025,1,21
64535,45943,19056,2,24.5,2025-07-23 20:35:00+00:00,Unknown,49.0,2025,7,23
72645,45725,19395,1,44.75,2024-10-07 02:04:51+00:00,Unknown,44.75,2024,10,7
67479,47158,19313,2,33.9,2024-12-16 01:50:14+00:00,Unknown,67.8,2024,12,16
68676,44934,18980,2,76.2,2024-06-18 21:24:50+00:00,Unknown,152.4,2024,6,18
67391,44481,19081,2,18.99,2024-04-12 12:08:33+00:00,Unknown,37.98,2024,4,12
69445,45576,19079,1,28.75,2024-09-09 14:40:43+00:00,Unknown,28.75,2024,9,9
73816,45990,19506,1,57.5,2024-12-30 23:03:00+00:00,Unknown,57.5,2024,12,30
71411,47500,19083,1,46.0,2025-04-02 14:03:29.865000+00:00,"585 Gutmann Streets, Waelchiberg, IA 02335-2013",46.0,2025,4,2
72862,47211,19461,1,68.5,2024-08-28 08:19:00+00:00,Unknown,68.5,2024,8,28
73528,46510,19261,1,84.0,2024-10-17 11:40:02+00:00,Unknown,84.0,2024,10,17
66902,45423,19114,1,40.25,2025-04-11 13:57:00+00:00,Unknown,40.25,2025,4,11
69140,46105,19348,5,39.6,2025-01-23 22:21:20+00:00,Unknown,198.0,2025,1,23
73770,47475,19484,1,64.2,2025-07-02 10:31:14+00:00,Unknown,64.2,2025,7,2
67571,46702,19197,1,53.1,2024-05-11 20:24:11+00:00,Unknown,53.1,2024,5,11
72463,44850,19130,1,32.4,2025-01-25 20:32:00+00:00,"Apt. 245 5042 Annette Islands, South Andreville, AZ 43566",32.4,2025,1,25
72637,45430,19481,2,64.0,2025-05-19 01:32:00+00:00,Unknown,128.0,2025,5,19
63967,46277,19335,1,15.75,2024-08-16 14:10:22+00:00,"Apt. 974 3426 Ira Light, Jeannetteton, IA 81895",15.75,2024,8,16
73558,46955,19395,1,45.25,2024-10-02 22:42:00+00:00,Unknown,45.25,2024,10,2
65194,46864,18918,1,81.9,2024-08-27 07:22:28+00:00,"35884 Janetta Forge, Lake Harlanshire, NE 81832-4288",81.9,2024,8,27
73400,46444,19154,1,75.0,2025-08-24 09:36:11+00:00,Unknown,75.0,2025,8,24
73392,46411,19174,1,30.0,2024-10-17 04:56:42+00:00,"72116 Guy Inlet, West Dionton, WA 64694",30.0,2024,10,17
68517,45374,19329,5,67.75,2024-10-27 22:54:40+00:00,Unknown,338.75,2024,10,27
70499,47401,19360,1,60.25,2024-08-15 00:28:30+00:00,Unknown,60.25,2024,8,15
64594,44974,19456,1,36.75,2024-10-06 13:42:00+00:00,Unknown,36.75,2024,10,6
70227,44730,18847,1,40.5,2024-09-21 14:43:37+00:00,"Apt. 699 187 Kozey Skyway, West Antioneburgh, NC 79374-3922",40.5,2024,9,21
65109,47005,19220,2,62.75,2025-01-01 03:58:46+00:00,Unknown,125.5,2025,1,1
73018,45567,19063,1,50.99,2025-04-27 09:43:57+00:00,"87797 Maggio Harbor, North Ursulaville, KY 92002",50.99,2025,4,27
67299,47290,19030,2,21.99,2024-11-18 14:52:58+00:00,Unknown,43.98,2024,11,18
69559,47248,18875,1,49.0,2024-07-25 19:03:41+00:00,Unknown,49.0,2024,7,25
70919,46788,19226,3,22.5,2024-12-03 22:46:00+00:00,Unknown,67.5,2024,12,3
65387,47081,19378,2,17.0,2024-08-20 18:31:55+00:00,Unknown,34.0,2024,8,20
71503,46511,19438,2,88.5,2024-09-19 08:09:00+00:00,Unknown,177.0,2024,9,19
69754,47168,18989,3,42.99,2025-07-05 06:23:00+00:00,Unknown,128.97,2025,7,5
71919,44632,19435,1,82.8,2024-02-08 21:11:32+00:00,Unknown,82.8,2024,2,8
73238,45840,19563,2,69.5,2024-10-01 11:31:09+00:00,"5904 Genevive Views, North Willene, NM 60089",139.0,2024,10,1
70168,46136,19366,1,28.0,2025-03-02 15:28:43+00:00,Unknown,28.0,2025,3,2
71352,47326,19258,1,71.0,2025-01-05 03:13:00+00:00,Unknown,71.0,2025,1,5
71078,45996,19059,4,51.99,2024-03-19 20:15:13+00:00,Unknown,207.96,2024,3,19
72555,46865,19262,2,71.99,2024-05-06 19:02:02+00:00,"Apt. 711 80500 Liberty Bridge, Cummeratastad, WY 92479-4778",143.98,2024,5,6
69367,46311,19308,1,61.75,2024-12-12 06:21:42+00:00,Unknown,61.75,2024,12,12
69322,46890,18848,1,20.7,2024-07-22 23:45:00+00:00,Unknown,20.7,2024,7,22
71029,47412,19358,2,52.5,2024-12-30 19:19:00+00:00,Unknown,105.0,2024,12,30
65006,44814,19205,1,14.0,2025-02-03 21:30:00+00:00,Unknown,14.0,2025,2,3
69758,47264,19239,2,72.0,2024-10-24 15:26:00+00:00,Unknown,144.0,2024,10,24
73477,46343,18991,1,55.5,2024-08-22 18:55:00+00:00,"98940 Wilton Square, South Sammiefurt, TX 59675-7724",55.5,2024,8,22
69884,45322,18853,1,77.1,2024-08-01 17:29:45+00:00,Unknown,77.1,2024,8,1
66323,47138,19239,1,84.0,2024-12-27 12:56:00+00:00,Unknown,84.0,2024,12,27
68382,47483,19167,1,42.75,2024-10-16 21:14:02.569000+00:00,Unknown,42.75,2024,10,16
66060,45777,19465,1,45.0,2024-12-14 05:02:06+00:00,Unknown,45.0,2024,12,14
63394,46148,19562,1,53.0,2024-09-27 12:27:53+00:00,Unknown,53.0,2024,9,27
63954,44432,19134,1,69.5,2024-09-28 05:36:53+00:00,"Suite 358 62564 Burl Shore, South Hiediview, NM 34663",69.5,2024,9,28
64468,44575,19025,1,37.99,2025-02-09 21:24:48+00:00,Unknown,37.99,2025,2,9
73638,45360,19315,1,62.0,2024-09-23 00:16:16.301000+00:00,Unknown,62.0,2024,9,23
71838,45904,18860,1,49.5,2025-05-09 12:18:26+00:00,Unknown,49.5,2025,5,9
64474,46611,19216,1,81.0,2024-12-11 04:50:10+00:00,Unknown,81.0,2024,12,11
65901,46385,19481,5,68.0,2024-03-23 17:08:00+00:00,Unknown,340.0,2024,3,23
70157,44956,19356,1,61.19,2024-11-17 08:42:00+00:00,"9193 Sheila Knoll, North Wilburnport, KS 10666-7675",61.19,2024,11,17
70112,45310,19569,1,83.1,2024-08-16 15:57:32+00:00,"Apt. 379 49052 Kunze Prairie, Bodeshire, KY 30773-2218",83.1,2024,8,16
66199,44944,19020,2,19.0,2024-12-13 07:15:41+00:00,Unknown,38.0,2024,12,13
67477,46670,19589,1,68.4,2024-06-26 14:57:00+00:00,Unknown,68.4,2024,6,26
63354,46167,19356,1,64.8,2024-10-26 14:53:22+00:00,Unknown,64.8,2024,10,26
73021,47236,18944,1,17.0,2025-02-16 20:58:01+00:00,Unknown,17.0,2025,2,16
63624,44876,19533,1,47.99,2025-02-09 08:39:42.415000+00:00,Unknown,47.99,2025,2,9
65951,45062,19005,1,37.5,2024-10-17 22:11:00+00:00,Unknown,37.5,2024,10,17
66602,46069,19021,1,33.0,2024-11-25 12:41:37+00:00,Unknown,33.0,2024,11,25
73166,47590,19014,1,22.79,2024-11-14 18:02:26+00:00,Unknown,22.79,2024,11,14
69478,45704,19353,2,15.59,2025-06-15 17:45:00+00:00,Unknown,31.18,2025,6,15
72280,47365,19123,1,48.0,2025-04-01 09:55:34+00:00,Unknown,48.0,2025,4,1
66043,44770,19064,3,59.0,2025-07-11 05:33:08.654000+00:00,Unknown,177.0,2025,7,11
64467,46085,18843,4,18.5,2024-10-31 18:55:07+00:00,Unknown,74.0,2024,10,31
63554,47136,19377,1,58.8,2024-12-15 14:07:44+00:00,Unknown,58.8,2024,12,15
63446,44407,19022,2,65.0,2024-10-22 08:13:00+00:00,"704 O'Kon Islands, South Jamey, VA 04309-4326",130.0,2024,10,22
69620,46202,19020,1,19.0,2024-11-23 11:16:52+00:00,Unknown,19.0,2024,11,23
67745,44451,19102,1,63.0,2024-11-04 14:44:16.799000+00:00,Unknown,63.0,2024,11,4
69004,46720,19015,1,63.5,2024-08-27 21:56:11+00:00,Unknown,63.5,2024,8,27
64828,47049,18909,1,25.0,2024-11-19 20:43:00+00:00,Unknown,25.0,2024,11,19
68977,44871,19152,3,32.75,2024-09-21 17:20:59+00:00,"9767 Gusikowski Via, Mariannburgh, UT 30830-9999",98.25,2024,9,21
70706,46411,19370,1,18.75,2025-02-09 06:33:37+00:00,Unknown,18.75,2025,2,9
72019,45801,18977,2,33.5,2025-04-16 12:05:00+00:00,"534 Louis Park, Erinfurt, AZ 30515",67.0,2025,4,16
64830,47081,19133,1,26.25,2024-09-08 06:33:00+00:00,Unknown,26.25,2024,9,8
71707,44765,19105,1,37.99,2025-02-07 13:47:04+00:00,Unknown,37.99,2025,2,7
71158,46076,19113,3,71.0,2025-01-02 13:10:39+00:00,"2199 Schultz Shoals, Emelinaburgh, UT 07223-4075",213.0,2025,1,2
69873,44960,19351,1,29.0,2024-10-22 10:36:10+00:00,Unknown,29.0,2024,10,22
66647,46569,19171,1,38.0,2025-07-10 21:15:08+00:00,Unknown,38.0,2025,7,10
71983,47469,19242,1,48.5,2025-02-03 00:33:00+00:00,Unknown,48.5,2025,2,3
63531,46647,19544,1,36.25,2024-12-16 20:31:37+00:00,Unknown,36.25,2024,12,16
67400,46391,19388,1,57.25,2024-04-15 13:51:00+00:00,Unknown,57.25,2024,4,15
73960,47609,19046,3,24.5,2024-06-04 22:45:00+00:00,Unknown,73.5,2024,6,4
70916,46204,19248,1,55.0,2025-01-24 13:28:59+00:00,Unknown,55.0,2025,1,24
68373,45383,19145,1,70.75,2024-10-03 03:20:00+00:00,"Apt. 265 68237 Keith Harbor, Port Shannon, MI 05606-6953",70.75,2024,10,3
71981,46663,19083,2,46.0,2025-01-31 12:06:07+00:00,"Apt. 844 10040 Jc Road, Port Geraldofurt, VA 82204-2647",92.0,2025,1,31
64460,46077,19225,1,66.0,2025-02-19 02:45:03+00:00,Unknown,66.0,2025,2,19
68477,45497,18973,1,55.5,2024-11-13 04:55:47+00:00,Unknown,55.5,2024,11,13
71969,47596,19495,1,29.5,2025-06-05 16:47:48+00:00,Unknown,29.5,2025,6,5
72634,46304,19468,3,40.0,2025-02-04 07:59:16+00:00,Unknown,120.0,2025,2,4
66786,47177,19110,1,59.5,2024-09-04 19:57:24.019000+00:00,Unknown,59.5,2024,9,4
64364,47004,19321,2,45.5,2024-12-22 16:18:00+00:00,Unknown,91.0,2024,12,22
64688,47056,18920,2,47.1,2024-11-23 22:59:24.700000+00:00,Unknown,94.2,2024,11,23
66185,47159,18897,1,54.75,2024-10-25 14:03:50+00:00,Unknown,54.75,2024,10,25
66152,46955,18917,2,71.99,2024-09-06 10:04:57+00:00,"Apt. 245 5042 Annette Islands, South Andreville, AZ 43566",143.98,2024,9,6
63095,44809,19111,1,36.3,2025-04-28 06:44:28+00:00,Unknown,36.3,2025,4,28
64054,45529,18963,1,67.8,2025-03-25 07:20:10+00:00,"717 Dewey Manor, West Loria, CO 30826-9944",67.8,2025,3,25
72669,46161,19118,1,72.75,2024-06-19 03:05:00+00:00,Unknown,72.75,2024,6,19
69760,47338,19155,1,52.25,2024-10-09 04:37:30+00:00,"958 Zulauf Lodge, Izolaburgh, ME 53005-8321",52.25,2024,10,9
68978,44961,19135,1,52.75,2025-05-08 07:54:06+00:00,Unknown,52.75,2025,5,8
68498,47256,19206,1,35.4,2025-03-24 21:42:24+00:00,Unknown,35.4,2025,3,24
69685,45668,19088,1,47.4,2024-07-07 00:56:20+00:00,Unknown,47.4,2024,7,7
65363,45814,18938,1,45.0,2024-06-22 22:53:55+00:00,"1039 Caroll Mountain, Pacochaborough, OR 59716",45.0,2024,6,22
65429,45532,18986,1,61.25,2025-02-23 16:27:36+00:00,Unknown,61.25,2025,2,23
68697,44873,19019,1,12.0,2025-02-08 12:28:46+00:00,"Apt. 576 12277 Orn Vista, North Rocky, IL 11370",12.0,2025,2,8
69362,47603,19081,1,14.99,2024-12-30 02:22:46+00:00,"587 Howe Underpass, Port Jacalyn, KS 99399-1384",14.99,2024,12,30
73410,45400,18923,2,28.99,2024-10-14 19:41:11+00:00,Unknown,57.98,2024,10,14
66901,45674,19270,1,26.4,2025-03-29 02:06:00+00:00,"99047 Veum Stream, Lake Freemanburgh, ND 89022-6695",26.4,2025,3,29
68329,45889,19261,1,70.99,2024-02-26 14:29:41+00:00,Unknown,70.99,2024,2,26
65944,47219,19097,1,66.5,2025-03-09 12:10:00+00:00,Unknown,66.5,2025,3,9
63458,44733,19445,1,58.25,2024-12-17 02:37:00+00:00,"374 Parker Prairie, West Destinyshire, OR 37793-0986",58.25,2024,12,17
70670,44739,19383,1,63.99,2024-12-16 14:59:00+00:00,Unknown,63.99,2024,12,16
73355,47054,19566,1,20.5,2024-09-29 05:29:00+00:00,Unknown,20.5,2024,9,29
66430,47007,19545,1,45.0,2025-03-20 22:24:03+00:00,"Apt. 987 936 Parisian Via, Kathyrnton, FL 82582",45.0,2025,3,20
70371,45090,19272,2,48.75,2024-12-05 14:59:00+00:00,Unknown,97.5,2024,12,5
68533,47047,19556,3,37.2,2025-05-15 22:11:00+00:00,Unknown,111.6,2025,5,15
67810,45076,19273,1,42.25,2025-05-29 05:05:22+00:00,Unknown,42.25,2025,5,29
72076,47607,19261,1,65.5,2025-01-30 17:02:11+00:00,Unknown,65.5,2025,1,30
64681,47396,19134,5,67.0,2025-04-05 11:16:00+00:00,"Suite 102 38460 Monet Crescent, Hansenberg, OK 87514",335.0,2025,4,5
64190,46793,19250,1,32.0,2024-08-01 22:45:31+00:00,"85673 Yer Flat, Patrickmouth, AZ 10432",32.0,2024,8,1
63514,47475,18849,4,37.8,2025-02-22 19:23:23+00:00,Unknown,151.2,2025,2,22
64997,46302,19148,1,41.0,2025-03-06 14:40:56+00:00,Unknown,41.0,2025,3,6
68370,46070,19245,1,67.5,2025-03-05 11:22:12+00:00,Unknown,67.5,2025,3,5
70127,45904,19229,1,19.5,2025-03-18 11:21:54.654000+00:00,Unknown,19.5,2025,3,18
71702,46866,18988,5,59.0,2025-03-29 06:26:30+00:00,"Suite 333 5339 Greenfelder Junctions, Danetown, UT 12504",295.0,2025,3,29
72579,45896,19447,2,29.1,2024-10-30 18:22:30+00:00,Unknown,58.2,2024,10,30
70472,45372,19165,1,31.5,2024-06-15 01:38:17+00:00,Unknown,31.5,2024,6,15
65408,44410,19022,3,68.5,2024-11-24 08:30:00+00:00,Unknown,205.5,2024,11,24
63703,44829,19063,1,51.0,2024-12-12 22:02:02+00:00,"Apt. 621 74688 Gislason Fort, Cliffordmouth, MO 13471",51.0,2024,12,12
73087,45878,19412,1,31.0,2025-01-25 17:33:00+00:00,Unknown,31.0,2025,1,25
65768,47243,19109,2,39.75,2024-07-28 12:50:52+00:00,"55140 Lorenza Vista, West Consuela, IA 53416",79.5,2024,7,28
73511,46968,19351,2,26.5,2025-07-25 12:39:02+00:00,Unknown,53.0,2025,7,25
70465,45593,18851,1,59.5,2024-10-14 07:21:54.280000+00:00,Unknown,59.5,2024,10,14
70421,47585,19125,1,17.7,2025-08-05 17:42:00+00:00,Unknown,17.7,2025,8,5
66704,44421,19038,1,59.99,2024-10-05 11:19:11+00:00,Unknown,59.99,2024,10,5
73529,45414,18993,1,66.0,2025-02-09 23:03:00+00:00,"Apt. 528 11358 Minna Islands, Vandervortmouth, ID 92098-6314",66.0,2025,2,9
73059,45028,19106,4,48.0,2024-05-21 21:34:48+00:00,Unknown,192.0,2024,5,21
64894,47288,19376,1,55.8,2024-12-08 05:36:29+00:00,Unknown,55.8,2024,12,8
73184,46044,18965,4,64.0,2024-08-02 11:00:35+00:00,Unknown,256.0,2024,8,2
69710,45308,19413,1,40.5,2025-02-21 14:27:00+00:00,"245 Corwin Ranch, Rippinchester, CT 94004-0403",40.5,2025,2,21
63044,46385,19570,1,56.4,2025-04-27 13:27:28+00:00,Unknown,56.4,2025,4,27
67285,46396,19185,1,56.5,2024-12-20 07:41:00+00:00,Unknown,56.5,2024,12,20
73140,46605,18935,1,61.5,2025-04-08 05:09:59+00:00,Unknown,61.5,2025,4,8
67515,46602,19372,1,63.5,2024-05-12 13:55:00+00:00,Unknown,63.5,2024,5,12
73459,46550,19092,5,47.0,2024-09-08 00:39:00+00:00,Unknown,235.0,2024,9,8
66493,45002,19105,1,37.0,2024-12-06 23:19:12+00:00,Unknown,37.0,2024,12,6
71867,47611,19197,3,42.75,2024-11-27 05:42:01+00:00,Unknown,128.25,2024,11,27
71250,44731,19077,1,41.0,2024-04-23 01:04:58+00:00,"18081 Nader Extensions, Nienowborough, UT 42531",41.0,2024,4,23
72007,46880,19221,1,54.0,2025-01-10 22:08:19+00:00,Unknown,54.0,2025,1,10
68521,46357,19510,2,19.0,2025-01-07 06:27:29+00:00,Unknown,38.0,2025,1,7
71706,45816,19216,1,65.0,2025-02-17 07:08:00+00:00,"984 Schmitt Shores, Lake Lidiaville, TN 25807-2437",65.0,2025,2,17
68614,46478,19141,1,52.0,2024-11-06 01:26:54.362000+00:00,Unknown,52.0,2024,11,6
64664,45475,19288,1,52.0,2025-02-03 22:46:56+00:00,Unknown,52.0,2025,2,3
70326,47536,19347,1,21.0,2025-01-06 04:21:41+00:00,Unknown,21.0,2025,1,6
65670,47473,19312,1,72.0,2024-07-19 06:37:14+00:00,Unknown,72.0,2024,7,19
69551,46420,19572,1,22.8,2025-05-05 01:25:01+00:00,Unknown,22.8,2025,5,5
66159,44811,19079,1,28.8,2024-07-17 21:14:34+00:00,Unknown,28.8,2024,7,17
67702,45329,19184,1,24.0,2025-04-11 23:40:52+00:00,Unknown,24.0,2025,4,11
69320,45675,19089,1,58.8,2024-06-02 20:34:16+00:00,Unknown,58.8,2024,6,2
72278,45054,19292,1,49.75,2025-08-08 06:31:00+00:00,Unknown,49.75,2025,8,8
69999,47294,18882,1,45.0,2024-07-28 13:19:13+00:00,Unknown,45.0,2024,7,28
71533,46506,19087,2,69.0,2025-05-29 21:38:01+00:00,Unknown,138.0,2025,5,29
71087,45143,19300,1,91.5,2024-06-27 06:51:00+00:00,Unknown,91.5,2024,6,27
71003,45330,19498,3,62.4,2025-02-18 20:24:00+00:00,"3708 Schamberger Lodge, Streichstad, MD 05843-7086",187.2,2025,2,18
72061,45095,19499,1,33.0,2025-07-06 21:26:47+00:00,Unknown,33.0,2025,7,6
71017,46302,19091,2,24.0,2024-05-12 20:28:30+00:00,Unknown,48.0,2024,5,12
69456,44482,19337,2,80.1,2025-03-12 05:20:36+00:00,"Suite 387 15722 Powlowski Rue, East Robertachester, OR 75085",160.2,2025,3,12
71551,47091,19053,1,55.0,2025-06-06 00:01:32+00:00,Unknown,55.0,2025,6,6
68316,45778,19004,3,70.0,2024-06-11 11:25:32+00:00,Unknown,210.0,2024,6,11
70005,46454,19132,1,68.5,2025-01-05 16:54:34+00:00,"Suite 159 5513 Leffler Walk, Kovacekfort, WY 93132",68.5,2025,1,5
70199,45796,19236,1,65.0,2024-10-15 20:32:34+00:00,Unknown,65.0,2024,10,15
68931,45576,19012,3,47.0,2024-04-29 09:33:00+00:00,Unknown,141.0,2024,4,29
67666,44724,19120,1,77.99,2024-08-09 01:19:25+00:00,Unknown,77.99,2024,8,9
62970,47611,18908,1,55.5,2024-11-26 15:33:58+00:00,Unknown,55.5,2024,11,26
71404,46933,19038,1,60.5,2024-09-15 16:39:28+00:00,Unknown,60.5,2024,9,15
70220,44708,19495,1,32.75,2024-08-24 07:17:34+00:00,"896 Suzette Fort, East Doria, MI 13785",32.75,2024,8,24
65538,47247,18856,1,47.75,2024-08-11 22:07:00+00:00,Unknown,47.75,2024,8,11
73717,44400,18940,1,16.5,2025-02-10 18:18:00+00:00,Unknown,16.5,2025,2,10
71461,45558,19045,1,43.5,2024-11-21 21:38:03+00:00,"Suite 600 792 Kozey Run, East Michealhaven, MD 59075-5533",43.5,2024,11,21
72680,46529,19031,1,22.0,2024-09-18 10:29:22+00:00,Unknown,22.0,2024,9,18
67704,46658,19365,2,75.0,2024-08-23 19:58:08+00:00,Unknown,150.0,2024,8,23
67369,45647,19415,2,16.8,2024-08-02 20:55:04+00:00,Unknown,33.6,2024,8,2
70966,47189,19278,1,39.99,2024-12-17 19:46:02+00:00,Unknown,39.99,2024,12,17
69969,47318,19256,1,64.5,2024-09-21 21:19:18+00:00,"7156 Jason Walks, Christopherland, NV 36927-6340",64.5,2024,9,21
70539,47399,19287,1,41.4,2024-10-03 20:08:21+00:00,"Apt. 523 78219 Simon Branch, North Elinore, SC 27160-5086",41.4,2024,10,3
72963,47451,19216,1,74.4,2024-05-10 07:12:03+00:00,Unknown,74.4,2024,5,10
63139,46934,18939,3,56.0,2024-10-27 01:47:00+00:00,Unknown,168.0,2024,10,27
72922,45315,19392,1,49.99,2024-10-05 04:50:00+00:00,"Apt. 819 452 Bayer Parkways, East Elina, FL 89405-9039",49.99,2024,10,5
71259,46640,19242,1,50.0,2024-06-09 19:08:33+00:00,Unknown,50.0,2024,6,9
72857,45358,19051,1,86.4,2025-01-30 18:17:00+00:00,Unknown,86.4,2025,1,30
70878,45159,19110,1,70.5,2025-02-12 09:30:43+00:00,Unknown,70.5,2025,2,12
63509,44499,19399,1,18.3,2025-01-12 05:55:07+00:00,Unknown,18.3,2025,1,12
71654,46861,18861,2,38.0,2025-04-30 11:45:00+00:00,"Suite 537 5066 Bauch Summit, Port Clark, NJ 65206",76.0,2025,4,30
69770,47249,19410,1,57.0,2024-07-29 04:04:00+00:00,Unknown,57.0,2024,7,29
71689,45342,19546,4,56.7,2025-06-27 08:36:27+00:00,"3356 Mitsuko Plaza, Lake Cassibury, RI 49171",226.8,2025,6,27
65653,44685,19089,1,47.75,2024-03-08 11:45:25+00:00,"Apt. 117 1124 Lowe Mall, Theoport, MT 42371-1495",47.75,2024,3,8
70667,45956,19210,2,40.5,2024-08-30 22:00:45+00:00,"90838 Cordia Orchard, South Emile, MT 88379",81.0,2024,8,30
73403,46136,19399,1,24.3,2025-04-14 18:58:39+00:00,Unknown,24.3,2025,4,14
66597,46603,19244,1,58.5,2024-12-31 03:50:00+00:00,Unknown,58.5,2024,12,31
73912,46616,19417,1,30.6,2024-05-24 21:39:00+00:00,Unknown,30.6,2024,5,24
70628,46081,18979,1,83.1,2025-03-20 00:44:50+00:00,Unknown,83.1,2025,3,20
63374,44632,19102,1,78.6,2025-03-25 22:25:14+00:00,Unknown,78.6,2025,3,25
64200,44560,18848,1,21.0,2024-11-12 06:11:56+00:00,"Apt. 973 6559 Dare Centers, Hoegerhaven, ME 53034-7047",21.0,2024,11,12
69550,44717,19513,4,31.8,2024-08-18 02:53:53+00:00,Unknown,127.2,2024,8,18
68773,45508,19525,1,75.59,2024-10-29 08:01:00+00:00,Unknown,75.59,2024,10,29
69917,44340,19100,1,21.3,2024-08-24 08:18:31+00:00,"Apt. 796 73165 Ankunding Roads, Ezekielfurt, PA 89948",21.3,2024,8,24
67311,46997,19045,1,53.7,2025-08-19 02:06:11+00:00,Unknown,53.7,2025,8,19
64861,44770,19470,4,57.5,2024-06-06 11:38:50.421000+00:00,Unknown,230.0,2024,6,6
66270,45777,19232,1,32.99,2025-05-16 08:19:38.467000+00:00,Unknown,32.99,2025,5,16
67569,46965,19134,1,66.0,2024-09-28 23:36:00+00:00,Unknown,66.0,2024,9,28
64395,44445,19213,1,31.0,2025-04-09 23:03:00+00:00,Unknown,31.0,2025,4,9
64093,45226,19454,1,69.99,2024-10-30 23:59:48+00:00,Unknown,69.99,2024,10,30
68796,47618,19292,1,49.0,2025-07-15 05:01:00+00:00,Unknown,49.0,2025,7,15
68540,46862,19535,2,64.75,2024-07-24 04:28:34+00:00,"Suite 273 500 Fahey Mountains, Thielview, NC 93489",129.5,2024,7,24
67107,47306,19228,1,82.2,2024-11-27 08:16:33+00:00,Unknown,82.2,2024,11,27
66148,45703,19192,1,58.5,2024-12-09 04:56:00+00:00,Unknown,58.5,2024,12,9
65298,44411,19338,2,69.0,2025-01-18 21:45:33+00:00,Unknown,138.0,2025,1,18
66814,44905,19115,1,55.75,2024-10-08 23:18:20+00:00,Unknown,55.75,2024,10,8
71337,46334,19374,1,21.0,2025-01-24 12:42:28+00:00,Unknown,21.0,2025,1,24
67998,46565,19160,1,70.0,2024-08-14 10:53:26+00:00,Unknown,70.0,2024,8,14
68059,46109,19521,1,21.6,2025-04-25 09:23:00+00:00,Unknown,21.6,2025,4,25
66536,45787,19029,1,80.7,2025-01-17 19:13:34+00:00,Unknown,80.7,2025,1,17
68830,47557,19201,1,37.75,2025-06-18 08:39:21+00:00,Unknown,37.75,2025,6,18
66271,47378,19490,1,52.99,2025-04-28 15:16:16+00:00,Unknown,52.99,2025,4,28
63043,45411,18883,1,22.99,2024-11-28 09:25:00+00:00,Unknown,22.99,2024,11,28
69980,46673,19429,1,69.0,2024-10-07 01:46:17+00:00,Unknown,69.0,2024,10,7
65570,46944,19305,1,55.75,2024-06-30 20:36:51+00:00,Unknown,55.75,2024,6,30
66973,47479,19257,1,85.2,2024-11-13 17:56:05+00:00,"5315 Tonisha Knolls, West Lillianaside, IA 85442-4187",85.2,2024,11,13
71224,45530,19332,1,39.75,2024-07-13 14:23:00+00:00,"Suite 600 147 Waters Expressway, Blandaville, WY 10919-9411",39.75,2024,7,13
68102,45097,19299,1,29.0,2025-07-11 05:36:08+00:00,Unknown,29.0,2025,7,11
70020,46008,19069,2,44.75,2025-01-05 14:16:29+00:00,Unknown,89.5,2025,1,5
63871,46219,18987,2,63.0,2024-07-11 10:43:08+00:00,"Apt. 353 287 Grant Lights, Hilllhaven, SD 34439",126.0,2024,7,11
69938,47125,19546,1,48.5,2025-02-27 19:26:00+00:00,Unknown,48.5,2025,2,27
73623,44419,19456,1,37.8,2024-07-19 15:07:00+00:00,Unknown,37.8,2024,7,19
65709,46316,19352,1,33.5,2024-12-25 17:59:00+00:00,Unknown,33.5,2024,12,25
72427,47546,19036,1,81.59,2024-10-01 12:14:00+00:00,"Apt. 434 173 Kemmer Common, North Vicente, KS 96400-9928",81.59,2024,10,1
67245,46765,19410,1,46.5,2024-11-30 20:32:00+00:00,Unknown,46.5,2024,11,30
69424,46772,19117,1,39.25,2024-09-26 07:59:55+00:00,"Suite 210 93768 Hunter Lakes, Hiltonview, UT 26940",39.25,2024,9,26
67552,44872,18961,1,70.5,2024-08-23 11:09:42+00:00,"Apt. 822 57376 Jast Crescent, South Deandreland, AL 75021-2859",70.5,2024,8,23
62743,45301,18897,1,55.99,2024-10-14 15:15:20+00:00,"768 Tiffanie Squares, Turnerburgh, TX 25764",55.99,2024,10,14
67814,45955,19384,2,26.7,2025-12-05 22:24:24+00:00,"Suite 141 98787 Tenesha Plain, Fishermouth, NV 36046",53.4,2025,12,5
67840,46894,19391,1,50.5,2025-02-23 22:26:38+00:00,Unknown,50.5,2025,2,23
63337,44593,19463,1,74.39,2025-01-12 18:41:32+00:00,Unknown,74.39,2025,1,12
70651,46475,18981,2,83.4,2024-12-23 12:34:53+00:00,"Suite 254 794 Katy Stravenue, Harberfort, NE 25072-7989",166.8,2024,12,23
63194,46776,19561,5,24.75,2025-03-30 03:18:43.684000+00:00,Unknown,123.75,2025,3,30
63602,46137,19537,4,56.5,2024-11-23 11:32:32+00:00,Unknown,226.0,2024,11,23
72048,45508,19230,5,59.0,2024-12-14 23:38:54+00:00,Unknown,295.0,2024,12,14
68632,45895,19060,3,63.5,2025-01-09 16:57:00+00:00,Unknown,190.5,2025,1,9
64673,46344,18951,1,82.2,2025-02-26 02:34:00+00:00,"Apt. 795 937 Hoppe Falls, Krisborough, IL 77348-3667",82.2,2025,2,26
72036,46865,19555,1,51.3,2024-07-24 18:33:09+00:00,Unknown,51.3,2024,7,24
66131,46785,19285,1,61.0,2024-12-17 12:23:00+00:00,Unknown,61.0,2024,12,17
70478,45651,19028,1,74.4,2024-07-07 20:47:53+00:00,"Suite 943 891 Morgan Loaf, Lake Anitraland, ID 20303-3920",74.4,2024,7,7
71701,46496,19091,1,25.75,2024-11-21 11:57:00+00:00,Unknown,25.75,2024,11,21
65739,45238,19192,5,61.0,2024-10-07 19:19:28.911000+00:00,"Suite 470 2735 Schoen Cliffs, Marceneshire, MD 89714-3447",305.0,2024,10,7
63960,44877,19365,1,74.4,2024-06-14 17:01:47+00:00,Unknown,74.4,2024,6,14
64925,45013,18923,2,35.1,2024-12-12 07:59:32+00:00,Unknown,70.2,2024,12,12
69802,45484,19312,1,72.99,2025-09-05 21:21:00+00:00,Unknown,72.99,2025,9,5
70546,44904,19433,1,85.2,2024-05-17 09:56:00+00:00,"975 Roxann Rapid, Bednarton, WV 72616",85.2,2024,5,17
65360,45190,19135,1,52.0,2025-02-03 00:38:00+00:00,Unknown,52.0,2025,2,3
68984,46604,19047,4,47.75,2025-02-21 23:32:27+00:00,"9964 Raynor Mill, Rachalland, WY 74080",191.0,2025,2,21
63221,45153,19478,1,56.0,2024-08-06 18:29:00+00:00,"87072 Daniella Rapid, East Kassandra, AZ 69657-8677",56.0,2024,8,6
64689,46771,19229,1,18.0,2025-03-11 19:45:14+00:00,"Apt. 108 642 Georgina Ways, West Antoniaberg, CT 23981",18.0,2025,3,11
69318,46794,18922,2,17.1,2024-08-09 04:20:00+00:00,Unknown,34.2,2024,8,9
68408,45512,19033,2,39.59,2025-04-21 05:23:20+00:00,Unknown,79.18,2025,4,21
72274,46902,19297,1,50.5,2024-12-11 00:35:00+00:00,Unknown,50.5,2024,12,11
67680,44615,19158,1,81.0,2024-09-16 09:28:08.671000+00:00,"Suite 349 3475 Caryn Dam, North Roxanna, CT 77094-8727",81.0,2024,9,16
69563,44716,19484,1,54.75,2024-04-03 02:11:26+00:00,Unknown,54.75,2024,4,3
73627,44459,19168,3,61.75,2024-11-17 06:31:20+00:00,Unknown,185.25,2024,11,17
65225,46707,18943,1,72.75,2024-12-25 08:25:57+00:00,Unknown,72.75,2024,12,25
67878,45326,19415,1,12.5,2024-10-13 16:38:49+00:00,Unknown,12.5,2024,10,13
72530,46881,19405,5,60.9,2025-06-07 11:38:25+00:00,Unknown,304.5,2025,6,7
71539,47197,19008,2,56.1,2024-08-09 14:37:00+00:00,Unknown,112.2,2024,8,9
68550,44969,19027,2,87.9,2024-08-30 16:45:54+00:00,Unknown,175.8,2024,8,30
66267,47552,19399,1,18.0,2024-12-18 05:24:00+00:00,Unknown,18.0,2024,12,18
68433,44708,18905,1,71.4,2024-07-08 03:43:00+00:00,Unknown,71.4,2024,7,8
70419,44340,19414,1,58.25,2024-06-23 00:05:57+00:00,Unknown,58.25,2024,6,23
68182,44978,19532,1,37.8,2024-05-15 21:30:24+00:00,"Suite 217 1846 Beier Roads, Haagmouth, MS 82421",37.8,2024,5,15
65423,44591,19100,1,16.0,2025-01-15 21:58:09+00:00,Unknown,16.0,2025,1,15
68075,44472,19073,1,72.99,2025-01-14 01:38:40+00:00,"31453 Ryan Landing, East Oda, MO 83023",72.99,2025,1,14
67132,46792,19107,1,69.5,2024-10-20 10:44:00+00:00,Unknown,69.5,2024,10,20
67902,45264,18868,1,24.25,2025-01-31 14:55:00+00:00,Unknown,24.25,2025,1,31
71670,47372,18921,1,52.5,2024-08-11 04:04:58+00:00,Unknown,52.5,2024,8,11
72754,46009,19505,5,26.1,2024-10-21 23:29:47+00:00,Unknown,130.5,2024,10,21
69700,46347,19343,1,86.4,2025-01-03 07:07:00+00:00,Unknown,86.4,2025,1,3
71903,44461,19197,2,40.75,2025-07-23 13:29:39+00:00,Unknown,81.5,2025,7,23
70666,45339,18930,1,36.5,2025-04-27 15:23:00+00:00,Unknown,36.5,2025,4,27
73641,45404,19455,1,16.8,2024-07-18 06:16:56.903000+00:00,Unknown,16.8,2024,7,18
63600,45479,19463,1,59.25,2024-09-12 14:26:47+00:00,Unknown,59.25,2024,9,12
63848,47492,19223,3,20.0,2025-03-13 23:52:14+00:00,"Apt. 235 69224 Candida Green, Bernierport, HI 49564",60.0,2025,3,13
64042,46620,19229,2,18.25,2024-03-07 16:42:10+00:00,Unknown,36.5,2024,3,7
72304,46184,19544,3,36.5,2025-02-25 16:38:43+00:00,Unknown,109.5,2025,2,25
71748,47539,19455,1,15.0,2025-01-15 16:14:00+00:00,Unknown,15.0,2025,1,15
66936,44956,19477,5,49.2,2024-11-25 22:05:46+00:00,Unknown,246.0,2024,11,25
63305,46746,19215,2,20.4,2025-04-24 00:54:22+00:00,Unknown,40.8,2025,4,24
70050,45298,19224,2,69.6,2025-03-10 16:38:00+00:00,Unknown,139.2,2025,3,10
69629,46057,19191,1,25.5,2024-10-17 03:28:19+00:00,Unknown,25.5,2024,10,17
72781,45634,18867,5,57.0,2024-10-26 18:19:35+00:00,"392 Upton Spur, New Honeyside, OR 44734-8556",285.0,2024,10,26
72917,46753,19086,1,85.8,2024-10-04 17:33:23+00:00,"1001 Kris Path, Tiffaniemouth, KY 68291",85.8,2024,10,4
66841,44789,18987,1,73.19,2024-11-25 14:23:01+00:00,Unknown,73.19,2024,11,25
65811,44449,19551,1,34.2,2025-09-01 23:54:04+00:00,Unknown,34.2,2025,9,1
70552,45198,19190,1,52.8,2025-10-09 09:23:00+00:00,Unknown,52.8,2025,10,9
69939,45888,19386,1,75.0,2025-04-26 17:12:14+00:00,"Apt. 472 3217 Dach Branch, Stammburgh, OR 03707-1772",75.0,2025,4,26
64235,46780,19447,1,27.0,2025-06-26 21:20:22+00:00,Unknown,27.0,2025,6,26
71624,46486,18992,5,70.5,2024-10-02 03:30:02+00:00,Unknown,352.5,2024,10,2
63282,46062,19544,1,47.7,2025-03-29 13:09:34.757000+00:00,"Suite 967 37446 Shelby Vista, MacGyverton, NV 13885",47.7,2025,3,29
67910,44996,18914,1,49.0,2024-06-21 09:28:00+00:00,Unknown,49.0,2024,6,21
72399,45574,18856,3,59.99,2025-01-06 02:22:55+00:00,Unknown,179.97,2025,1,6
72794,44874,19230,1,58.0,2024-12-13 10:31:04+00:00,Unknown,58.0,2024,12,13
72103,47572,19052,1,67.0,2024-11-20 14:54:00+00:00,Unknown,67.0,2024,11,20
72993,46528,19420,1,53.5,2024-08-18 10:22:00+00:00,Unknown,53.5,2024,8,18
70605,44467,19501,1,18.0,2024-02-20 03:54:37+00:00,Unknown,18.0,2024,2,20
64967,46592,19424,1,20.5,2024-09-21 14:09:00+00:00,Unknown,20.5,2024,9,21
70699,47430,18980,2,63.5,2025-04-12 07:39:37+00:00,Unknown,127.0,2025,4,12
67644,46308,19583,5,58.5,2024-11-22 05:28:09+00:00,"Suite 733 75566 Wiegand Drives, Ashliemouth, ID 74587",292.5,2024,11,22
72738,45071,19421,1,24.0,2024-10-12 13:56:45+00:00,"8195 Okuneva Ports, Markstown, SC 30511",24.0,2024,10,12
68265,44673,19034,1,59.1,2025-01-23 17:59:22+00:00,"792 Bayer Station, Gutkowskiberg, AZ 89448-7475",59.1,2025,1,23
70296,47292,19529,1,18.5,2024-09-21 07:51:00+00:00,Unknown,18.5,2024,9,21
68070,45163,19205,4,12.75,2025-04-22 12:01:46.631000+00:00,"5675 Yost Rue, East Grantland, OK 99543",51.0,2025,4,22
69594,46005,19063,5,46.99,2024-07-30 15:58:55+00:00,Unknown,234.95,2024,7,30
65322,46077,19401,1,60.0,2024-11-15 14:19:00+00:00,Unknown,60.0,2024,11,15
64710,47207,19108,1,38.0,2025-03-15 18:56:25+00:00,Unknown,38.0,2025,3,15
66820,46854,19500,2,48.0,2025-02-19 19:31:12.746000+00:00,Unknown,96.0,2025,2,19
70084,47009,19410,1,58.5,2024-12-02 04:44:00+00:00,Unknown,58.5,2024,12,2
64398,45090,19096,1,22.0,2025-02-26 03:18:58+00:00,Unknown,22.0,2025,2,26
72167,45318,19492,1,61.2,2025-01-03 17:30:59+00:00,"Apt. 825 6477 Marvin Mews, Port Lavera, IN 00653-7528",61.2,2025,1,3
72005,45247,18849,1,35.99,2024-11-04 03:34:23+00:00,Unknown,35.99,2024,11,4
67262,44878,19184,1,22.8,2024-12-31 15:38:05+00:00,"Apt. 940 3043 Lorraine Field, Lake Paulette, UT 01238",22.8,2024,12,31
65456,46863,19017,2,63.6,2025-03-27 17:47:39+00:00,"Suite 409 9378 Graig Fields, Farrellburgh, CT 94476",127.2,2025,3,27
63700,46258,19325,5,29.0,2024-10-20 12:23:44.473000+00:00,"Suite 605 2088 Jermaine Ridges, South Xochitl, CA 46947-6074",145.0,2024,10,20
65635,45927,19411,1,45.0,2024-06-20 09:07:07+00:00,Unknown,45.0,2024,6,20
69331,44651,19453,2,25.0,2024-12-22 03:45:11+00:00,Unknown,50.0,2024,12,22
64719,47158,19332,1,38.0,2025-07-18 01:32:00+00:00,"1058 Kary Turnpike, West Malcomchester, MT 15938-9175",38.0,2025,7,18
62816,44624,19447,1,28.0,2025-02-14 06:47:00+00:00,"Apt. 791 878 McDermott Neck, East Mickie, OH 00702-7290",28.0,2025,2,14
71382,47614,19126,3,27.0,2025-02-11 13:53:00+00:00,Unknown,81.0,2025,2,11
72877,46673,19289,1,31.0,2024-02-24 21:58:00+00:00,Unknown,31.0,2024,2,24
68233,44944,19001,2,33.6,2025-02-03 16:55:00+00:00,Unknown,67.2,2025,2,3
73386,44349,19538,1,69.9,2024-11-20 01:56:00+00:00,Unknown,69.9,2024,11,20
72276,46861,19314,1,42.0,2025-03-10 12:14:07+00:00,Unknown,42.0,2025,3,10
71477,46176,19483,1,56.99,2024-10-30 22:36:33+00:00,Unknown,56.99,2024,10,30
69857,47276,19281,1,37.5,2025-05-29 08:12:59+00:00,Unknown,37.5,2025,5,29
69609,44988,19347,4,17.99,2024-10-16 00:11:27+00:00,Unknown,71.96,2024,10,16
67113,46480,19537,3,65.4,2024-10-20 19:51:04+00:00,Unknown,196.2,2024,10,20
71301,46124,19295,5,40.0,2024-04-23 03:40:01+00:00,Unknown,200.0,2024,4,23
67274,44619,19013,1,54.6,2025-02-23 03:16:57+00:00,Unknown,54.6,2025,2,23
70481,46322,19509,1,57.0,2024-08-02 00:02:00+00:00,Unknown,57.0,2024,8,2
63774,45268,19453,5,26.5,2024-05-09 22:04:23.114000+00:00,Unknown,132.5,2024,5,9
65878,47473,19258,2,68.75,2025-02-12 00:18:15+00:00,"Apt. 154 516 Hessel Stream, Dareburgh, CT 14053",137.5,2025,2,12
67053,47601,19505,1,16.25,2025-02-06 13:05:58+00:00,Unknown,16.25,2025,2,6
71262,44423,19563,2,65.75,2024-09-04 05:36:33+00:00,"Apt. 412 364 Macejkovic Track, New Cary, VA 35961",131.5,2024,9,4
73163,46187,18978,1,74.4,2025-04-30 14:47:58+00:00,Unknown,74.4,2025,4,30
64742,46624,19028,1,61.0,2025-05-02 18:04:56+00:00,Unknown,61.0,2025,5,2
69265,47577,18912,1,61.75,2024-05-07 03:27:00+00:00,Unknown,61.75,2024,5,7
71363,47333,19387,2,61.99,2024-10-24 06:36:17+00:00,Unknown,123.98,2024,10,24
70338,47119,18875,1,45.5,2025-01-19 04:08:39+00:00,"99554 Legros Circle, North Lovettaton, HI 70352",45.5,2025,1,19
67300,45568,19378,2,17.7,2025-02-10 04:55:49+00:00,"Suite 581 732 Ollie Falls, West Tracyburgh, MD 84670",35.4,2025,2,10
69019,45662,18924,3,34.8,2025-05-15 15:30:56+00:00,Unknown,104.4,2025,5,15
64571,45921,18880,1,66.0,2025-03-09 07:49:00+00:00,Unknown,66.0,2025,3,9
66833,46341,19262,1,85.5,2025-01-07 16:55:16+00:00,Unknown,85.5,2025,1,7
64604,45096,19203,1,58.0,2024-11-10 02:56:43+00:00,"670 Turcotte Via, Roscoeberg, GA 52608",58.0,2024,11,10
71619,45943,19142,1,49.2,2025-01-06 21:15:55+00:00,Unknown,49.2,2025,1,6
64419,46962,19556,1,29.75,2024-07-01 09:17:00+00:00,Unknown,29.75,2024,7,1
72140,45042,18841,1,19.25,2024-07-23 17:39:53+00:00,Unknown,19.25,2024,7,23
63476,47377,19048,1,39.6,2024-08-17 18:39:22+00:00,Unknown,39.6,2024,8,17
73262,47352,19346,4,40.0,2025-01-02 00:51:51+00:00,Unknown,160.0,2025,1,2
71597,45470,19279,1,18.5,2025-02-25 10:54:21+00:00,"2573 Carlton Forges, West Amandabury, IN 88994-4870",18.5,2025,2,25
73751,46702,19506,4,73.19,2025-07-02 14:28:20.276000+00:00,Unknown,292.76,2025,7,2
64043,45957,19131,1,57.0,2025-02-20 15:19:50+00:00,Unknown,57.0,2025,2,20
66717,45739,18992,1,69.99,2025-02-13 01:43:00+00:00,Unknown,69.99,2025,2,13
70882,45038,19550,1,33.25,2024-11-01 15:57:45+00:00,Unknown,33.25,2024,11,1
71858,46184,19219,2,35.4,2025-01-18 18:18:59+00:00,"Suite 277 9430 Feeney Lane, Leandroville, SC 25280",70.8,2025,1,18
67923,47137,19326,3,29.5,2024-10-16 08:18:25+00:00,Unknown,88.5,2024,10,16
72898,46525,18928,1,21.6,2024-08-31 11:41:12+00:00,"Suite 734 28378 Leuschke Wall, Wittingfort, IL 71594",21.6,2024,8,31
65576,46256,19298,4,77.7,2024-11-15 10:50:17+00:00,Unknown,310.8,2024,11,15
73916,46149,19167,1,48.3,2025-05-19 15:46:46+00:00,Unknown,48.3,2025,5,19
63549,47379,19139,1,56.0,2025-03-31 23:05:41+00:00,Unknown,56.0,2025,3,31
65887,45216,19048,1,28.99,2024-11-24 06:37:00+00:00,Unknown,28.99,2024,11,24
68730,44928,18907,1,46.79,2024-08-05 03:45:00+00:00,Unknown,46.79,2024,8,5
72105,47269,19216,2,64.5,2025-03-02 17:19:00+00:00,"20967 Balistreri Tunnel, Franeckiton, HI 94693-7261",129.0,2025,3,2
70598,47196,19349,1,39.0,2024-10-27 09:21:10.867000+00:00,Unknown,39.0,2024,10,27
71975,45803,18841,3,20.4,2024-06-30 08:31:31+00:00,Unknown,61.2,2024,6,30
65467,45014,18976,1,26.75,2024-08-27 03:25:18+00:00,Unknown,26.75,2024,8,27
64578,44676,18882,1,46.0,2024-11-17 07:43:57+00:00,Unknown,46.0,2024,11,17
66544,44806,19494,2,32.0,2024-08-19 16:04:00+00:00,Unknown,64.0,2024,8,19
66336,47498,19064,1,62.0,2024-05-20 12:20:38+00:00,"Suite 885 6407 Haley Mills, South Johnathontown, NJ 53886",62.0,2024,5,20
73158,44349,19012,1,46.0,2025-04-25 07:29:07+00:00,Unknown,46.0,2025,4,25
72878,44392,19340,1,31.75,2025-01-06 05:12:31.390000+00:00,Unknown,31.75,2025,1,6
63286,46777,19399,1,23.1,2024-05-30 15:39:27+00:00,Unknown,23.1,2024,5,30
65302,44837,19510,1,22.2,2025-04-27 07:32:14+00:00,Unknown,22.2,2025,4,27
73588,45681,19539,4,63.75,2025-02-14 07:41:25+00:00,Unknown,255.0,2025,2,14
66789,46910,19093,3,27.0,2024-07-18 04:35:40+00:00,Unknown,81.0,2024,7,18
66724,44468,18970,1,46.0,2024-04-20 23:18:00+00:00,"Suite 927 811 Boyce Curve, Deckowfurt, VT 11698-5534",46.0,2024,4,20
68278,45827,19032,5,72.5,2024-08-25 23:54:35+00:00,Unknown,362.5,2024,8,25
69374,45920,19281,2,38.0,2025-01-17 14:52:27+00:00,"Apt. 280 83572 O'Reilly Locks, Lake Wai, NV 87077",76.0,2025,1,17
67431,45958,19086,2,73.25,2024-12-29 00:19:07+00:00,Unknown,146.5,2024,12,29
65331,45716,19355,2,37.0,2024-12-03 04:03:30+00:00,Unknown,74.0,2024,12,3
64107,45518,19306,1,37.0,2025-04-01 17:58:08+00:00,Unknown,37.0,2025,4,1
67858,45940,19218,3,72.99,2025-03-07 07:24:51+00:00,Unknown,218.97,2025,3,7
70545,47214,19097,1,82.2,2025-03-05 02:10:00+00:00,Unknown,82.2,2025,3,5
65596,45665,18938,2,45.5,2024-09-12 08:07:25+00:00,Unknown,91.0,2024,9,12
72453,47100,18899,1,28.0,2024-10-08 13:30:51.236000+00:00,Unknown,28.0,2024,10,8
73160,46137,18854,1,50.1,2024-07-14 22:07:41+00:00,Unknown,50.1,2024,7,14
68503,45646,19392,1,60.9,2025-04-24 23:33:00+00:00,"Apt. 789 75617 Sporer Run, Koeppland, MT 93779",60.9,2025,4,24
63468,46291,19239,1,90.0,2025-06-08 14:25:21.644000+00:00,"Suite 889 96192 Watsica Fords, North Graigchester, PA 81978-8551",90.0,2025,6,8
67718,47175,19117,1,40.8,2025-06-08 17:58:00+00:00,Unknown,40.8,2025,6,8
66363,44501,19255,1,45.0,2024-08-16 22:53:58+00:00,"Apt. 523 9030 Bobbi Pike, Mackton, RI 50112-4793",45.0,2024,8,16
71435,44356,19405,1,63.0,2024-09-10 20:15:59+00:00,"3280 Bosco Port, Madeleinemouth, AZ 69561-5178",63.0,2024,9,10
68827,46312,19325,4,29.0,2024-09-06 16:10:36.878000+00:00,Unknown,116.0,2024,9,6
68579,46609,18959,1,54.5,2024-11-30 04:50:15+00:00,Unknown,54.5,2024,11,30
73747,45534,19478,2,53.99,2025-05-17 19:33:00+00:00,Unknown,107.98,2025,5,17
63346,46759,19205,1,18.0,2025-02-20 13:29:00+00:00,Unknown,18.0,2025,2,20
71705,45667,19010,1,63.5,2024-10-14 21:27:04.391000+00:00,"Apt. 650 66088 Cassy Prairie, Jacobsbury, NJ 83792",63.5,2024,10,14
64014,46500,19186,5,30.75,2024-07-23 09:21:46+00:00,Unknown,153.75,2024,7,23
70088,45223,18909,1,22.75,2025-02-02 07:55:47+00:00,Unknown,22.75,2025,2,2
65561,46349,19200,1,22.0,2025-01-11 01:08:08+00:00,"Apt. 220 2072 Lamar Hills, Port Rivaview, IL 78383-0258",22.0,2025,1,11
72859,46075,19309,5,80.7,2025-01-07 04:26:19+00:00,Unknown,403.5,2025,1,7
68577,46495,19122,1,34.25,2025-08-08 06:50:58+00:00,Unknown,34.25,2025,8,8
63173,46372,19087,1,65.4,2024-10-05 06:51:23+00:00,Unknown,65.4,2024,10,5
71496,45885,19343,1,74.5,2025-07-11 13:12:11+00:00,Unknown,74.5,2025,7,11
70840,47387,19232,3,34.5,2024-12-24 05:23:37+00:00,"94652 Hartmann Fall, Veumport, LA 99406-0551",103.5,2024,12,24
65268,46918,19294,1,51.5,2025-03-25 14:38:26+00:00,Unknown,51.5,2025,3,25
70228,47497,18894,1,21.99,2025-01-25 08:45:09+00:00,"888 Derrick Port, West Renateberg, WA 00789-1098",21.99,2025,1,25
66847,47475,18846,1,21.0,2024-03-24 22:39:12+00:00,Unknown,21.0,2024,3,24
65180,45877,19364,1,62.5,2024-12-16 20:18:44.130000+00:00,Unknown,62.5,2024,12,16
66670,46704,19245,5,68.25,2024-09-15 14:19:00+00:00,Unknown,341.25,2024,9,15
69504,47150,19499,1,26.25,2024-10-11 14:21:11+00:00,"Suite 479 745 Torp Summit, New Aline, NH 73339-9530",26.25,2024,10,11
73183,46728,19131,1,56.99,2025-01-18 01:06:06.733000+00:00,"18525 Trantow Junctions, New Stevefort, NC 77676",56.99,2025,1,18
73583,44809,19315,3,59.99,2025-01-02 17:57:40+00:00,Unknown,179.97,2025,1,2
67430,46390,19174,2,36.6,2025-03-09 03:13:27+00:00,Unknown,73.2,2025,3,9
65078,46980,19019,4,12.99,2025-01-05 00:33:56+00:00,Unknown,51.96,2025,1,5
65384,47178,19329,1,68.75,2024-03-31 08:56:27+00:00,Unknown,68.75,2024,3,31
63159,45744,19025,1,37.5,2024-12-29 20:17:05+00:00,"34743 Vincenzo Centers, Brownton, IL 32795-1577",37.5,2024,12,29
72273,46058,19481,1,63.0,2025-03-23 19:47:49+00:00,Unknown,63.0,2025,3,23
73621,45885,19074,1,89.99,2025-05-29 20:48:47+00:00,"Apt. 178 5565 Murphy Prairie, Port Dorian, FL 95580-9960",89.99,2025,5,29
65534,46161,18942,1,30.0,2024-11-19 12:47:47+00:00,Unknown,30.0,2024,11,19
70838,45822,19354,1,42.0,2025-04-16 16:15:00+00:00,Unknown,42.0,2025,4,16
63996,46503,19118,1,73.0,2024-01-18 08:38:01+00:00,Unknown,73.0,2024,1,18
64711,45513,19420,1,52.5,2025-05-28 07:27:01+00:00,"Apt. 939 57837 Delsie Wall, Julianburgh, KY 53517-4395",52.5,2025,5,28
68638,46561,19133,3,24.0,2024-05-30 16:17:17+00:00,Unknown,72.0,2024,5,30
65939,47255,19318,1,25.25,2024-11-19 03:39:55+00:00,Unknown,25.25,2024,11,19
63526,45953,19473,1,30.6,2025-05-19 18:47:00+00:00,Unknown,30.6,2025,5,19
68475,47319,19080,5,57.6,2025-05-08 21:48:16+00:00,"845 Niesha Plaza, Ricechester, KY 20730-6392",288.0,2025,5,8
65171,45679,19094,1,53.0,2024-07-13 19:52:00+00:00,Unknown,53.0,2024,7,13
68393,45706,19102,2,77.4,2025-05-26 02:42:01+00:00,Unknown,154.8,2025,5,26
67376,44616,19276,1,21.5,2024-10-23 10:46:00+00:00,Unknown,21.5,2024,10,23
69646,45436,19390,1,36.25,2024-09-18 18:26:57+00:00,Unknown,36.25,2024,9,18
66872,47054,19408,1,31.8,2024-06-03 00:15:23+00:00,Unknown,31.8,2024,6,3
72789,44424,18936,2,76.79,2024-12-08 18:22:44+00:00,"6179 Fisher Mill, Wiegandbury, MA 85583",153.58,2024,12,8
63882,47198,19307,1,29.4,2025-08-03 20:27:44+00:00,Unknown,29.4,2025,8,3
72731,46093,18895,5,46.8,2024-11-10 10:53:54+00:00,Unknown,234.0,2024,11,10
70411,46452,19174,5,39.0,2024-11-01 06:34:42+00:00,Unknown,195.0,2024,11,1
67564,45137,19273,3,43.5,2025-01-28 23:48:58.852000+00:00,"Apt. 829 65212 Rippin Walk, Eveliatown, SD 99712",130.5,2025,1,28
63037,45769,19328,1,36.6,2024-10-28 23:49:51+00:00,Unknown,36.6,2024,10,28
65248,44350,19566,1,16.99,2025-02-11 16:59:16+00:00,Unknown,16.99,2025,2,11
69727,44445,19295,1,42.6,2024-12-02 02:02:00+00:00,"Apt. 322 72061 Frederick Ports, New Arturofort, AL 45038-7958",42.6,2024,12,2
66066,47544,19034,1,46.0,2024-06-28 01:29:00+00:00,"88137 Tom Crest, Mistifort, MT 38766",46.0,2024,6,28
70446,44668,18956,1,53.5,2025-05-18 14:10:11+00:00,Unknown,53.5,2025,5,18
70795,47574,19118,1,91.2,2025-02-01 12:04:14+00:00,Unknown,91.2,2025,2,1
64030,46450,19306,1,39.5,2025-03-07 14:51:51+00:00,"449 O'Kon Forge, Port Rollandview, SD 56432",39.5,2025,3,7
66482,47592,18996,2,48.0,2025-05-04 02:44:29+00:00,Unknown,96.0,2025,5,4
64168,46312,19252,1,23.5,2024-11-03 22:49:44+00:00,"Suite 997 718 Leffler Estate, Joeystad, ND 72225-1682",23.5,2024,11,3
66556,47413,19187,4,61.99,2024-12-06 14:48:07+00:00,"Apt. 269 209 Tod Inlet, North Man, OR 50112-8912",247.96,2024,12,6
65474,46795,18880,1,68.99,2024-08-04 01:35:13+00:00,Unknown,68.99,2024,8,4
70924,45502,18899,3,34.8,2024-12-17 15:33:56+00:00,Unknown,104.4,2024,12,17
73147,44893,19232,1,34.5,2025-03-06 21:11:45+00:00,Unknown,34.5,2025,3,6
66124,46903,19339,1,57.6,2024-12-11 01:14:00+00:00,Unknown,57.6,2024,12,11
64350,45098,19337,3,75.6,2024-07-29 17:27:05+00:00,Unknown,226.8,2024,7,29
73513,46449,19056,2,25.0,2025-03-28 00:35:00+00:00,Unknown,50.0,2025,3,28
69743,45550,19008,2,47.5,2025-04-03 19:30:46.111000+00:00,Unknown,95.0,2025,4,3
73579,45157,19346,1,48.0,2025-01-09 21:44:01+00:00,Unknown,48.0,2025,1,9
63878,46960,18950,3,44.0,2024-10-29 05:01:39+00:00,Unknown,132.0,2024,10,29
65351,46781,19567,1,50.0,2025-05-31 17:15:00+00:00,"69015 Zemlak Mountain, Augustineburgh, TX 35059",50.0,2025,5,31
65675,45826,19540,3,79.5,2025-01-27 15:06:57+00:00,Unknown,238.5,2025,1,27
68522,45003,19298,1,62.75,2024-11-16 22:11:00+00:00,"Apt. 257 885 Windler Drive, Satterfieldton, TN 97639",62.75,2024,11,16
66905,44603,18932,1,20.99,2024-09-23 21:09:21.163000+00:00,Unknown,20.99,2024,9,23
70541,46015,19156,1,38.25,2025-02-17 01:52:49+00:00,Unknown,38.25,2025,2,17
67971,45303,19541,5,33.3,2025-02-27 02:47:11+00:00,Unknown,166.5,2025,2,27
68881,44925,19386,1,89.4,2024-09-08 23:34:00+00:00,Unknown,89.4,2024,9,8
66046,47007,19289,1,31.75,2024-06-12 10:19:51+00:00,Unknown,31.75,2024,6,12
63275,44626,19048,1,28.99,2025-02-20 17:30:26+00:00,Unknown,28.99,2025,2,20
71448,45433,19104,1,57.25,2024-12-16 21:47:13+00:00,Unknown,57.25,2024,12,16
70256,46113,19124,1,52.75,2025-03-02 08:37:53+00:00,Unknown,52.75,2025,3,2
69274,46915,19377,3,49.5,2024-12-08 14:06:30+00:00,Unknown,148.5,2024,12,8
69078,45621,19462,1,60.5,2024-07-13 04:24:00+00:00,"294 Cronin Fords, East Lawerenceland, AK 10778",60.5,2024,7,13
70412,45253,18862,2,31.75,2025-01-23 08:21:33+00:00,Unknown,63.5,2025,1,23
68310,46325,19274,1,74.5,2024-07-09 09:47:00+00:00,"5717 Dora Burg, Bostad, IN 20059",74.5,2024,7,9
70311,47330,18843,2,15.25,2024-08-24 23:25:14.742000+00:00,Unknown,30.5,2024,8,24
68956,45475,18859,3,52.0,2024-08-14 21:34:24+00:00,Unknown,156.0,2024,8,14
71615,44657,19545,1,46.75,2024-09-19 13:26:00+00:00,"5692 Robel Trafficway, Boscotown, OH 53613-9194",46.75,2024,9,19
72339,47149,18916,3,55.0,2024-08-22 17:25:00+00:00,"Apt. 668 899 Amado Valley, Percyton, VT 72619-1110",165.0,2024,8,22
69338,46642,19413,1,32.0,2025-08-10 08:23:27.736000+00:00,Unknown,32.0,2025,8,10
69737,47036,19321,1,57.6,2024-07-10 18:14:07+00:00,Unknown,57.6,2024,7,10
67421,46389,19563,3,80.4,2024-09-20 01:33:41+00:00,Unknown,241.2,2024,9,20
65972,45542,19273,1,45.99,2024-04-23 07:18:53+00:00,Unknown,45.99,2024,4,23
72858,47170,19099,2,54.0,2025-02-04 04:40:14+00:00,Unknown,108.0,2025,2,4
64787,47259,18962,1,58.99,2024-12-08 23:13:50+00:00,Unknown,58.99,2024,12,8
69697,46967,18995,1,30.5,2025-07-01 09:55:03+00:00,Unknown,30.5,2025,7,1
64552,46982,19338,1,65.0,2025-10-25 15:42:39.857000+00:00,Unknown,65.0,2025,10,25
69836,44930,19199,1,21.59,2024-10-06 22:37:18+00:00,Unknown,21.59,2024,10,6
70241,46138,19008,1,51.0,2024-08-03 19:30:19+00:00,Unknown,51.0,2024,8,3
73851,45215,19127,1,58.75,2024-06-27 20:59:08+00:00,Unknown,58.75,2024,6,27
71469,45321,19060,2,63.0,2024-12-12 16:26:00+00:00,"Apt. 279 70333 Margareta Creek, Medhursttown, MS 25312-0419",126.0,2024,12,12
73264,47151,18914,1,50.75,2024-08-26 14:28:46+00:00,Unknown,50.75,2024,8,26
67482,46351,18956,1,56.5,2025-04-17 04:24:09+00:00,Unknown,56.5,2025,4,17
70461,45281,18966,2,55.75,2025-04-25 18:44:00+00:00,Unknown,111.5,2025,4,25
66213,47584,19348,1,41.7,2025-01-18 14:42:00+00:00,"Apt. 247 28230 Prohaska Fall, North Burt, NE 59494-3720",41.7,2025,1,18
68240,44353,19343,2,74.0,2024-10-28 11:05:03+00:00,Unknown,148.0,2024,10,28
66630,46838,18847,1,46.79,2024-05-28 09:53:45+00:00,Unknown,46.79,2024,5,28
71316,46040,19419,2,51.5,2024-08-10 05:20:04+00:00,Unknown,103.0,2024,8,10
64698,45727,19224,1,55.5,2024-07-31 02:34:45+00:00,Unknown,55.5,2024,7,31
73012,47061,19507,1,24.5,2024-12-10 08:49:57+00:00,Unknown,24.5,2024,12,10
68838,46515,19484,1,63.6,2024-08-01 06:09:32.891000+00:00,"6737 Eden Cove, Murazikburgh, UT 62610-9281",63.6,2024,8,1
69566,44909,19182,1,63.6,2025-01-23 04:54:31+00:00,Unknown,63.6,2025,1,23
67436,46888,19258,1,68.0,2025-08-06 20:23:51+00:00,Unknown,68.0,2025,8,6
73088,47363,19276,2,25.19,2025-02-04 06:06:24+00:00,Unknown,50.38,2025,2,4
69245,46189,19210,1,40.0,2025-04-01 21:43:23+00:00,Unknown,40.0,2025,4,1
68061,44566,19420,3,54.0,2025-05-16 11:08:21+00:00,Unknown,162.0,2025,5,16
63273,46984,19416,1,67.0,2024-12-30 22:00:59+00:00,Unknown,67.0,2024,12,30
66349,45074,19373,1,53.5,2024-12-30 15:17:00+00:00,"Suite 253 68530 Schuster Locks, Port Dayna, HI 52968-7117",53.5,2024,12,30
70335,47098,19077,1,53.1,2024-05-05 08:02:32+00:00,Unknown,53.1,2024,5,5
68674,45130,18871,1,56.0,2025-01-07 23:02:29+00:00,Unknown,56.0,2025,1,7
65189,45249,19441,1,20.4,2024-11-30 23:59:00+00:00,"Apt. 310 5269 Dorthea Lakes, Eliaburgh, MA 83179-2789",20.4,2024,11,30
66347,47042,19124,1,67.2,2024-12-13 04:45:31.703000+00:00,Unknown,67.2,2024,12,13
64630,46649,19172,2,67.0,2024-10-10 18:48:42+00:00,Unknown,134.0,2024,10,10
71899,45777,19442,1,59.7,2024-08-03 10:35:00+00:00,Unknown,59.7,2024,8,3
67832,46026,19488,1,71.0,2024-08-04 23:47:12+00:00,Unknown,71.0,2024,8,4
68116,46029,19053,1,55.0,2025-01-06 02:31:40+00:00,Unknown,55.0,2025,1,6
63662,46652,19454,3,68.5,2024-12-29 12:14:53+00:00,Unknown,205.5,2024,12,29
73538,44589,18868,1,26.99,2024-03-19 11:37:00+00:00,Unknown,26.99,2024,3,19
68485,45539,19327,2,52.79,2025-01-13 10:37:16+00:00,Unknown,105.58,2025,1,13
73712,44629,18884,1,81.59,2025-03-17 18:30:38+00:00,Unknown,81.59,2025,3,17
62934,47392,19235,1,79.8,2025-09-30 19:42:07+00:00,Unknown,79.8,2025,9,30
68461,46208,19009,3,70.75,2025-02-07 04:51:00+00:00,Unknown,212.25,2025,2,7
68788,45779,19392,1,51.99,2024-08-07 11:25:58+00:00,Unknown,51.99,2024,8,7
71055,46814,19015,1,60.25,2024-07-14 09:39:46+00:00,Unknown,60.25,2024,7,14
68664,45322,18880,1,70.5,2024-08-25 19:07:00+00:00,Unknown,70.5,2024,8,25
70053,45004,19511,1,36.25,2025-03-08 17:07:21+00:00,Unknown,36.25,2025,3,8
63541,45164,19209,1,36.0,2024-11-22 17:23:12+00:00,"Suite 905 362 Wehner Mission, Jannetteborough, AR 35018-1710",36.0,2024,11,22
71344,45868,19320,1,29.4,2025-05-22 10:18:48+00:00,Unknown,29.4,2025,5,22
63289,47207,19091,2,32.39,2025-02-12 02:02:00+00:00,"9777 Bobette Valleys, Ritchiefort, CO 33803-2865",64.78,2025,2,12
67020,45450,19380,1,77.4,2025-06-28 01:54:53+00:00,Unknown,77.4,2025,6,28
66600,46159,19009,4,74.75,2024-07-19 17:52:59+00:00,Unknown,299.0,2024,7,19
63796,44787,19009,1,75.25,2025-01-21 18:43:44+00:00,Unknown,75.25,2025,1,21
64084,45114,19160,1,71.0,2024-08-28 01:57:44+00:00,Unknown,71.0,2024,8,28
72316,47596,19356,1,64.5,2024-12-04 07:03:00+00:00,"Suite 351 406 Shields Union, Yongstad, OK 54996",64.5,2024,12,4
73261,47012,19543,1,38.0,2024-11-21 07:06:35+00:00,Unknown,38.0,2024,11,21
64417,46589,19093,2,29.0,2024-10-23 04:19:00+00:00,Unknown,58.0,2024,10,23
67800,46213,18929,5,47.0,2024-10-12 13:26:00+00:00,"Apt. 225 4158 Mario Lodge, Garyhaven, CO 16804",235.0,2024,10,12
73053,45187,19520,2,29.75,2024-10-20 19:16:04+00:00,"64946 Schulist Stravenue, Barrybury, OH 84978-1202",59.5,2024,10,20
66581,44817,18975,1,51.0,2024-12-07 00:11:01+00:00,Unknown,51.0,2024,12,7
63009,46980,19188,3,41.25,2024-09-02 02:34:09.696000+00:00,Unknown,123.75,2024,9,2
71563,47320,19223,2,22.99,2024-12-26 09:48:30+00:00,Unknown,45.98,2024,12,26
70674,44680,19566,1,24.3,2024-06-16 03:15:23+00:00,Unknown,24.3,2024,6,16
66715,46895,19110,1,56.99,2024-12-09 06:26:45+00:00,Unknown,56.99,2024,12,9
68185,45627,18875,3,46.75,2024-09-21 22:47:00+00:00,Unknown,140.25,2024,9,21
72256,46702,19089,1,57.59,2025-02-03 08:16:01+00:00,Unknown,57.59,2025,2,3
64589,45391,19400,2,38.5,2024-11-24 10:27:14+00:00,Unknown,77.0,2024,11,24
66008,44486,19212,4,65.1,2024-09-08 20:57:36+00:00,Unknown,260.4,2024,9,8
70028,46023,19035,1,26.4,2024-06-18 00:34:52+00:00,Unknown,26.4,2024,6,18
72662,46318,19052,5,69.99,2025-07-04 14:55:42+00:00,Unknown,349.95,2025,7,4
67078,47357,19452,1,45.9,2024-09-22 17:01:00+00:00,Unknown,45.9,2024,9,22
72252,46153,18899,1,35.1,2025-01-28 20:03:51.459000+00:00,Unknown,35.1,2025,1,28
67062,45398,19528,1,30.25,2025-02-01 09:27:00+00:00,Unknown,30.25,2025,2,1
72785,45489,18919,3,23.4,2024-12-16 13:42:25+00:00,Unknown,70.2,2024,12,16
67505,47437,19170,1,72.75,2025-05-06 23:17:49+00:00,"37826 Leticia Port, South Bruce, CO 65004",72.75,2025,5,6
69826,44964,19319,2,38.0,2025-03-21 05:04:23+00:00,Unknown,76.0,2025,3,21
70826,45307,19043,1,24.6,2024-11-27 19:06:56+00:00,Unknown,24.6,2024,11,27
68017,46835,19434,1,16.2,2024-07-29 20:11:19+00:00,Unknown,16.2,2024,7,29
72685,46848,19374,3,24.6,2024-10-16 08:59:06.523000+00:00,Unknown,73.8,2024,10,16
72207,44563,19328,1,30.0,2024-12-26 03:08:00+00:00,Unknown,30.0,2024,12,26
64683,45727,19321,2,58.8,2024-12-04 00:19:13+00:00,Unknown,117.6,2024,12,4
64692,46602,19216,2,77.7,2024-11-04 08:09:42+00:00,Unknown,155.4,2024,11,4
71371,45333,19478,1,55.0,2024-12-30 20:47:05+00:00,"Apt. 995 6701 Clement Mountain, West Rudolf, FL 19092-9440",55.0,2024,12,30
64988,47200,18929,2,44.5,2024-09-07 04:15:10+00:00,Unknown,89.0,2024,9,7
66092,44902,19103,1,34.0,2024-05-01 02:45:53+00:00,"60923 Steuber Burgs, Penelopehaven, AZ 67908-7880",34.0,2024,5,1
73172,47055,19428,1,44.0,2025-04-21 02:02:00+00:00,Unknown,44.0,2025,4,21
68923,45663,18856,1,46.0,2024-09-30 18:56:32+00:00,"Suite 314 2178 Abdul Falls, Schultzview, SD 22536",46.0,2024,9,30
68466,47352,19158,1,67.0,2025-07-25 14:32:12+00:00,"65914 Brett Estate, Tommyfort, WI 97150-5506",67.0,2025,7,25
69509,46263,19405,1,60.6,2025-02-17 20:04:26+00:00,Unknown,60.6,2025,2,17
70105,44681,19482,1,31.8,2024-09-29 07:39:50+00:00,Unknown,31.8,2024,9,29
62869,47181,19134,1,82.79,2025-05-02 15:38:30+00:00,Unknown,82.79,2025,5,2
72132,45381,19075,2,56.39,2025-08-13 01:58:00+00:00,Unknown,112.78,2025,8,13
65505,45344,18890,3,67.5,2024-12-18 16:14:00+00:00,"Apt. 726 922 Becker Shore, New Dirk, ME 76953-7711",202.5,2024,12,18
71313,47093,19295,1,37.25,2024-06-18 01:23:00+00:00,"Apt. 864 7136 Russel Cliffs, Thurmanberg, GA 06731",37.25,2024,6,18
73058,45294,19099,1,56.0,2024-12-21 20:34:55+00:00,"3642 Mueller Curve, Mariaborough, MO 87077-4585",56.0,2024,12,21
71924,46768,19524,2,50.99,2024-12-28 10:02:59+00:00,Unknown,101.98,2024,12,28
64148,45418,19211,1,44.99,2025-02-18 21:15:58+00:00,Unknown,44.99,2025,2,18
68207,45791,18963,2,54.5,2024-07-29 00:12:00+00:00,Unknown,109.0,2024,7,29
70049,46957,19150,1,45.0,2025-01-24 10:48:00+00:00,Unknown,45.0,2025,1,24
68689,44479,19027,5,85.8,2025-05-28 21:07:00+00:00,"Suite 645 290 Swaniawski Common, North Fatimah, DE 91912",429.0,2025,5,28
64513,44874,19524,3,47.5,2025-06-09 19:49:53+00:00,Unknown,142.5,2025,6,9
71054,44424,19152,1,29.99,2024-08-10 20:39:00+00:00,Unknown,29.99,2024,8,10
67316,46576,19050,2,66.99,2024-09-26 00:44:06+00:00,Unknown,133.98,2024,9,26
63989,46260,19169,1,73.0,2024-04-26 10:25:11+00:00,Unknown,73.0,2024,4,26
64915,45197,19114,2,42.25,2024-04-05 23:16:00+00:00,"Suite 314 871 Vandervort Loaf, Ziemannberg, KY 39822-7962",84.5,2024,4,5
68167,47181,18943,1,69.75,2024-07-10 22:35:20+00:00,"Suite 999 2136 Willms Vista, South Omaburgh, NM 51106",69.75,2024,7,10
68133,45801,18843,1,22.79,2025-06-03 13:47:00+00:00,Unknown,22.79,2025,6,3
71613,45916,19413,2,35.25,2024-08-10 04:15:38+00:00,"Apt. 431 343 Ollie Mission, West Leoniafurt, MT 42173-8989",70.5,2024,8,10
73125,44490,19433,1,70.75,2025-01-12 02:06:59+00:00,"Suite 748 42833 Melvin Turnpike, Delmouth, OK 81353",70.75,2025,1,12
72652,45199,19161,3,37.99,2025-03-08 16:21:37+00:00,Unknown,113.97,2025,3,8
65468,47284,19484,1,64.2,2025-03-17 15:53:00+00:00,Unknown,64.2,2025,3,17
73605,47101,18893,5,50.0,2025-03-18 23:04:00+00:00,Unknown,250.0,2025,3,18
73348,45874,18926,2,33.0,2025-01-02 21:23:00+00:00,Unknown,66.0,2025,1,2
62840,45955,19258,1,70.25,2024-12-26 10:30:21+00:00,"Suite 141 98787 Tenesha Plain, Fishermouth, NV 36046",70.25,2024,12,26
71181,45496,18868,1,32.39,2025-04-03 15:22:12+00:00,Unknown,32.39,2025,4,3
71679,45575,19402,2,29.0,2025-07-03 04:18:00+00:00,"Suite 480 129 Trantow Rue, Osinskitown, NJ 35367-7129",58.0,2025,7,3
68934,45626,19208,1,64.5,2024-12-18 02:45:00+00:00,Unknown,64.5,2024,12,18
69571,44589,19550,2,36.6,2025-05-14 10:16:21+00:00,"Suite 568 103 Lueilwitz Gateway, Martyville, ND 53881-8629",73.2,2025,5,14
70405,44439,19474,1,31.0,2024-12-01 22:24:00+00:00,Unknown,31.0,2024,12,1
72262,47230,19252,1,27.9,2024-08-21 04:26:21+00:00,Unknown,27.9,2024,8,21
67427,47120,19379,1,53.5,2025-03-09 01:34:22+00:00,"8182 Toby Forges, Lake Bernieberg, NV 90823-7190",53.5,2025,3,9
62928,45676,19499,4,29.0,2025-07-04 01:07:26+00:00,Unknown,116.0,2025,7,4
63191,47094,19530,2,18.25,2025-07-12 18:31:09+00:00,"27694 Eloise Trace, Hortensiastad, MN 25025-2894",36.5,2025,7,12
64333,45106,18950,1,56.39,2024-09-24 13:53:00+00:00,Unknown,56.39,2024,9,24
71923,45492,19396,1,43.5,2024-12-11 08:50:27+00:00,Unknown,43.5,2024,12,11
63108,46950,19373,1,48.25,2025-02-03 12:50:20+00:00,Unknown,48.25,2025,2,3
68631,46697,19425,3,41.25,2024-08-24 15:00:32+00:00,"595 Hermann Rapids, New Jarodstad, MO 49716-1096",123.75,2024,8,24
73723,45033,18852,1,18.25,2024-12-25 11:54:10+00:00,Unknown,18.25,2024,12,25
68259,47048,19278,2,38.0,2024-03-21 17:38:38+00:00,Unknown,76.0,2024,3,21
66767,44425,18883,1,28.5,2024-10-27 06:19:00+00:00,"Apt. 210 1172 Greenfelder Coves, East Ashley, CT 83754-4190",28.5,2024,10,27
63699,45912,19415,1,13.25,2024-08-17 16:56:00+00:00,Unknown,13.25,2024,8,17
72199,44806,18906,1,38.75,2024-10-20 10:24:23+00:00,"8465 Goyette Shores, Colinchester, MI 26685",38.75,2024,10,20
73091,45133,18868,2,26.25,2024-09-11 07:39:47+00:00,Unknown,52.5,2024,9,11
64643,45915,19311,1,69.5,2024-10-10 23:07:00+00:00,Unknown,69.5,2024,10,10
65141,47600,19582,1,42.0,2024-10-21 06:21:56+00:00,Unknown,42.0,2024,10,21
62963,45895,18983,1,31.5,2024-08-25 15:13:21+00:00,Unknown,31.5,2024,8,25
63686,45561,19269,2,30.0,2024-12-22 23:34:54+00:00,Unknown,60.0,2024,12,22
68501,44927,19189,2,19.5,2024-08-08 03:23:21+00:00,Unknown,39.0,2024,8,8
72504,45763,19446,1,53.0,2024-08-29 23:17:11+00:00,"Suite 718 2504 Connelly Mountains, Funkfurt, OR 36196-0952",53.0,2024,8,29
63573,44681,19190,1,54.6,2024-09-17 23:23:13+00:00,Unknown,54.6,2024,9,17
63393,46619,19164,2,40.8,2024-04-16 23:24:47.302000+00:00,Unknown,81.6,2024,4,16
70306,46027,18998,1,48.5,2025-08-07 20:28:05+00:00,Unknown,48.5,2025,8,7
73742,45514,19426,1,42.0,2025-01-05 14:57:04+00:00,Unknown,42.0,2025,1,5
67370,46060,19071,1,14.25,2024-11-29 14:11:00+00:00,"8816 Isaiah Neck, Port Sebastian, OR 91569-4521",14.25,2024,11,29
63907,44572,19348,1,31.99,2024-10-02 11:14:26+00:00,Unknown,31.99,2024,10,2
70822,44381,19121,1,71.0,2025-01-22 22:16:09+00:00,Unknown,71.0,2025,1,22
68165,45978,19505,1,17.5,2024-09-14 14:41:51+00:00,Unknown,17.5,2024,9,14
65983,46671,19510,1,17.0,2025-03-19 07:05:34+00:00,Unknown,17.0,2025,3,19
66659,47047,19040,1,17.0,2025-06-25 15:54:54+00:00,Unknown,17.0,2025,6,25
64136,47546,19571,3,16.0,2024-07-20 22:55:04+00:00,Unknown,48.0,2024,7,20
63753,46825,19005,1,40.75,2024-09-29 16:23:25+00:00,Unknown,40.75,2024,9,29
66045,45141,19349,1,42.25,2025-01-18 01:36:00+00:00,Unknown,42.25,2025,1,18
72474,44717,18931,2,35.5,2024-11-26 11:49:00+00:00,Unknown,71.0,2024,11,26
64458,45040,19154,1,70.5,2025-03-23 18:40:13+00:00,Unknown,70.5,2025,3,23
72509,46801,19235,1,76.8,2024-07-18 16:58:25+00:00,Unknown,76.8,2024,7,18
73825,45698,19110,2,58.75,2024-08-24 22:58:03+00:00,Unknown,117.5,2024,8,24
70391,46079,18904,2,36.5,2024-10-27 02:52:26+00:00,"Suite 110 8617 Wes Manor, Nienowmouth, AZ 40156-4440",73.0,2024,10,27
67811,46377,19038,1,61.5,2025-04-06 14:04:43+00:00,Unknown,61.5,2025,4,6
71607,46093,19460,1,43.19,2024-09-25 11:55:20+00:00,Unknown,43.19,2024,9,25
69527,47321,19520,4,29.0,2025-02-24 07:03:04+00:00,Unknown,116.0,2025,2,24
68104,47533,19095,3,74.1,2024-03-26 02:15:00+00:00,Unknown,222.3,2024,3,26
71825,44500,19362,2,46.2,2025-07-07 21:18:39+00:00,"Suite 302 27763 Lesch Trace, Bahringerview, VA 23707-7571",92.4,2025,7,7
67251,44689,19584,2,46.5,2024-08-12 10:30:24+00:00,Unknown,93.0,2024,8,12
70312,44459,19048,1,40.79,2024-05-08 06:09:30.331000+00:00,Unknown,40.79,2024,5,8
70275,46455,19104,1,72.0,2024-04-26 06:12:12+00:00,Unknown,72.0,2024,4,26
69536,47359,18841,4,19.75,2024-10-16 21:40:45+00:00,Unknown,79.0,2024,10,16
68960,47187,19379,1,55.0,2025-05-15 06:52:55+00:00,Unknown,55.0,2025,5,15
66852,44882,19024,1,56.25,2024-08-29 07:50:27+00:00,"6022 Coleen Course, North Jennetteport, MA 90025",56.25,2024,8,29
72597,47171,19379,2,53.0,2024-07-14 00:27:00+00:00,Unknown,106.0,2024,7,14
68069,45949,18965,2,62.75,2025-01-26 06:13:00+00:00,Unknown,125.5,2025,1,26
72771,46341,18876,1,22.2,2025-06-14 14:54:09+00:00,Unknown,22.2,2025,6,14
73233,44720,19402,1,28.99,2025-01-20 06:03:00+00:00,"20172 Stehr Cliff, Hagenesborough, NE 31405-2619",28.99,2025,1,20
72520,46967,18917,1,68.0,2024-12-11 05:31:44+00:00,Unknown,68.0,2024,12,11
70827,45871,19206,1,25.5,2025-02-16 04:46:56+00:00,"Suite 672 745 Mohamed Field, New Kenny, MN 26611-4016",25.5,2025,2,16
70380,47181,19055,3,19.0,2024-03-07 21:34:00+00:00,"Suite 999 2136 Willms Vista, South Omaburgh, NM 51106",57.0,2024,3,7
72783,46316,19293,2,37.19,2025-04-15 17:32:09+00:00,"7883 Rasheeda Wells, Port Hugochester, KY 86234-1032",74.38,2025,4,15
65414,46080,19223,2,20.5,2025-04-09 17:47:20+00:00,"Suite 641 5277 Marcelo Causeway, Ruthieview, SC 25122-6347",41.0,2025,4,9
65694,47334,19220,1,62.25,2024-12-06 18:19:00+00:00,Unknown,62.25,2024,12,6
72265,47547,19122,1,35.99,2025-04-18 00:44:46+00:00,Unknown,35.99,2025,4,18
66407,47241,19577,2,87.6,2024-12-31 04:56:34+00:00,Unknown,175.2,2024,12,31
71977,46048,19052,1,80.4,2024-12-13 11:01:20+00:00,"4482 Streich Ford, South Berryberg, MO 63965",80.4,2024,12,13
68041,46325,18844,1,41.5,2024-12-27 11:22:18+00:00,Unknown,41.5,2024,12,27
73713,47316,19333,1,27.5,2025-02-14 20:05:00+00:00,Unknown,27.5,2025,2,14
69386,46971,18862,2,27.0,2025-03-31 12:05:28+00:00,"Apt. 702 965 Edra Shoal, Langbury, WI 56179-3244",54.0,2025,3,31
72328,47390,19543,1,37.5,2024-10-17 03:18:00+00:00,Unknown,37.5,2024,10,17
69545,46561,19009,2,74.5,2024-10-26 12:53:58+00:00,Unknown,149.0,2024,10,26
71393,46874,19204,1,56.4,2024-10-27 06:28:47+00:00,Unknown,56.4,2024,10,27
72183,46863,19150,1,43.0,2025-05-19 04:25:00+00:00,Unknown,43.0,2025,5,19
64062,45476,19529,1,18.99,2024-11-16 11:00:11+00:00,Unknown,18.99,2024,11,16
70981,47361,19444,1,41.0,2025-04-01 21:56:00+00:00,Unknown,41.0,2025,4,1
69573,46129,19381,1,27.75,2024-07-26 03:38:47+00:00,Unknown,27.75,2024,7,26
72830,46182,18891,2,22.75,2025-08-10 00:52:31+00:00,"Apt. 534 7541 Ortiz Grove, South Marianmouth, CO 48259",45.5,2025,8,10
73067,45267,19279,1,18.0,2024-05-11 04:39:05+00:00,Unknown,18.0,2024,5,11
72290,44665,19286,1,22.25,2024-10-27 02:24:17+00:00,Unknown,22.25,2024,10,27
65024,46564,19013,1,48.5,2025-01-09 11:39:15+00:00,"Apt. 613 47227 Runolfsson Parkways, West Rudolph, RI 65324",48.5,2025,1,9
69601,44950,19507,2,22.0,2024-06-23 03:47:01+00:00,Unknown,44.0,2024,6,23
64611,46100,19094,1,50.0,2025-03-21 22:03:44+00:00,"Apt. 218 6968 Smitham Cove, South Sammy, IL 82143-1917",50.0,2025,3,21
69978,47024,19401,1,60.25,2024-10-24 22:06:24+00:00,Unknown,60.25,2024,10,24
67185,46370,19361,1,38.5,2024-05-30 14:32:00+00:00,Unknown,38.5,2024,5,30
72986,45145,19032,1,71.5,2024-11-17 10:55:52+00:00,Unknown,71.5,2024,11,17
63532,45816,19288,1,62.4,2024-11-18 21:15:56+00:00,Unknown,62.4,2024,11,18
65054,44761,19216,2,64.25,2024-07-18 07:52:00+00:00,"Apt. 309 1105 Rudolph Lodge, North Ismael, KS 36239",128.5,2024,7,18
72580,47432,18903,1,18.25,2025-04-14 16:41:28+00:00,Unknown,18.25,2025,4,14
65469,45903,19555,1,49.8,2025-05-29 04:28:14+00:00,Unknown,49.8,2025,5,29
67117,45677,19197,1,41.99,2024-06-01 15:23:47+00:00,Unknown,41.99,2024,6,1
68752,44698,19101,1,73.25,2024-11-22 23:40:56+00:00,Unknown,73.25,2024,11,22
72734,45002,19289,1,32.25,2024-12-26 10:14:00+00:00,"Apt. 136 20762 Victor Prairie, Port Lavonna, CO 65250",32.25,2024,12,26
63103,45062,18921,2,54.6,2024-11-06 01:11:00+00:00,Unknown,109.2,2024,11,6
64354,44492,19363,1,31.8,2025-07-02 08:39:32+00:00,"Suite 320 58516 Pfannerstill Junctions, Manualbury, FL 09480",31.8,2025,7,2
66570,47311,19458,1,69.6,2025-05-18 23:42:41+00:00,"2350 Alina Brooks, Lake Theronberg, AK 12260-5997",69.6,2025,5,18
70978,45205,19231,1,21.6,2025-02-25 06:04:49+00:00,Unknown,21.6,2025,2,25
67104,44854,18962,3,67.8,2024-07-07 10:47:39+00:00,Unknown,203.4,2024,7,7
70591,47234,19542,1,61.0,2024-07-25 00:01:32+00:00,Unknown,61.0,2024,7,25
65609,45601,18958,1,13.0,2025-04-16 05:52:00+00:00,Unknown,13.0,2025,4,16
69819,46622,19472,1,80.4,2025-01-13 06:54:44+00:00,Unknown,80.4,2025,1,13
73080,47389,19100,3,18.0,2025-03-21 07:41:02+00:00,Unknown,54.0,2025,3,21
63860,45560,18961,1,70.5,2024-10-06 14:35:43+00:00,Unknown,70.5,2024,10,6
62887,44921,19123,1,49.5,2025-04-08 03:22:00+00:00,"Suite 446 40867 Elida Brooks, Metzview, NJ 50431-4166",49.5,2025,4,8
70437,45906,18859,1,53.0,2024-12-06 03:43:00+00:00,"Suite 570 9103 Casandra Lake, McGlynnville, MS 22248",53.0,2024,12,6
64946,45876,19097,1,63.99,2024-09-16 22:11:31+00:00,Unknown,63.99,2024,9,16
72827,46348,19032,2,70.0,2024-07-13 02:09:07.038000+00:00,"4553 Elicia Ford, New Elliot, AZ 32744-9417",140.0,2024,7,13
71268,44846,18866,1,26.39,2024-09-10 13:46:46+00:00,Unknown,26.39,2024,9,10
69037,47295,19361,1,39.5,2025-04-22 07:00:59+00:00,Unknown,39.5,2025,4,22
73606,44695,19454,1,68.0,2024-10-28 17:28:00+00:00,Unknown,68.0,2024,10,28
67952,45798,19336,1,46.75,2024-07-18 04:05:05+00:00,"Suite 752 196 Pacocha Keys, North Tyrellside, TX 83870-5314",46.75,2024,7,18
64596,47298,18875,2,48.5,2024-11-20 06:39:00+00:00,Unknown,97.0,2024,11,20
71588,45935,18928,1,21.25,2025-03-04 09:15:34+00:00,Unknown,21.25,2025,3,4
72322,44557,19560,1,26.0,2024-09-14 05:44:58+00:00,Unknown,26.0,2024,9,14
72849,46284,19208,1,53.5,2025-03-01 13:33:50+00:00,"Suite 164 9361 Bogan Pass, West Glenborough, CT 50209",53.5,2025,3,1
69612,45120,18999,1,52.99,2025-05-24 10:13:02+00:00,Unknown,52.99,2025,5,24
65030,46894,19476,1,20.25,2024-11-08 04:33:00+00:00,Unknown,20.25,2024,11,8
71964,46366,19483,1,59.0,2024-12-29 08:37:00+00:00,"Suite 140 5078 Preston Lodge, Willieland, SD 18649",59.0,2024,12,29
68607,44504,19570,1,45.5,2025-01-11 23:26:26+00:00,Unknown,45.5,2025,1,11
72422,44425,19016,1,49.75,2024-02-03 07:44:00+00:00,Unknown,49.75,2024,2,3
65252,44409,19076,1,18.75,2024-04-18 14:53:48+00:00,Unknown,18.75,2024,4,18
66607,45870,19346,1,39.0,2024-12-05 21:25:00+00:00,"Suite 562 132 Mario Junctions, Stuartport, DE 29043-3232",39.0,2024,12,5
66455,47150,19140,1,67.99,2024-11-12 08:00:00+00:00,Unknown,67.99,2024,11,12
72456,46782,19136,1,48.0,2025-03-29 19:38:25.407000+00:00,Unknown,48.0,2025,3,29
64396,44569,18872,4,41.0,2025-03-14 06:54:41+00:00,Unknown,164.0,2025,3,14
66373,46344,19334,1,67.0,2024-08-28 08:16:57+00:00,"Apt. 795 937 Hoppe Falls, Krisborough, IL 77348-3667",67.0,2024,8,28
66542,46604,19126,1,30.0,2024-07-30 06:49:00+00:00,Unknown,30.0,2024,7,30
63696,46725,19342,1,40.99,2024-09-20 01:49:20.836000+00:00,Unknown,40.99,2024,9,20
64154,45750,18844,2,48.3,2025-02-10 02:43:55.483000+00:00,Unknown,96.6,2025,2,10
67865,46126,19547,1,75.0,2024-10-19 05:18:00+00:00,Unknown,75.0,2024,10,19
62989,45431,19049,2,54.0,2024-10-03 04:43:00+00:00,Unknown,108.0,2024,10,3
70428,44363,18851,2,63.5,2025-04-14 10:22:22+00:00,Unknown,127.0,2025,4,14
68797,45216,18842,1,72.0,2024-10-05 16:39:00+00:00,"404 Teena Passage, New Lennaland, IL 85293",72.0,2024,10,5
69497,46070,19318,1,26.0,2025-04-23 15:35:00+00:00,"Suite 186 2226 Talia Alley, Fritschshire, FL 52192",26.0,2025,4,23
70753,46304,19241,1,37.5,2024-06-04 08:20:59+00:00,Unknown,37.5,2024,6,4
67766,46306,19151,1,41.0,2024-09-30 19:35:17+00:00,"Apt. 371 6460 Mraz Crescent, Larkinborough, KY 48918",41.0,2024,9,30
71047,47137,19125,1,14.0,2025-02-20 06:30:00+00:00,"Apt. 168 5943 Ankunding Rapid, Mandibury, VA 28100",14.0,2025,2,20
63975,45624,18902,3,16.99,2025-07-26 10:33:53+00:00,Unknown,50.97,2025,7,26
62818,45890,19578,2,44.0,2024-05-22 20:20:16+00:00,Unknown,88.0,2024,5,22
73699,47083,19051,1,74.0,2024-11-17 01:28:42+00:00,"1832 Kuphal Lock, Boganfort, TN 90349",74.0,2024,11,17
71940,44891,19215,1,17.0,2024-09-27 13:50:47+00:00,"4765 Conchita Green, Lake Claytonshire, NJ 71932-6685",17.0,2024,9,27
71355,46301,19106,1,44.25,2024-08-07 03:24:25+00:00,Unknown,44.25,2024,8,7
65105,47301,19463,1,76.2,2024-10-10 10:27:00+00:00,Unknown,76.2,2024,10,10
68833,46606,19127,1,73.2,2024-10-23 22:20:00+00:00,Unknown,73.2,2024,10,23
70740,45459,18930,1,33.75,2025-04-09 19:17:41.025000+00:00,Unknown,33.75,2025,4,9
70449,47318,19487,1,84.0,2024-12-29 20:59:57+00:00,Unknown,84.0,2024,12,29
70375,45428,19469,1,41.4,2025-08-18 20:49:05+00:00,"Apt. 530 5821 Abshire Crossroad, North Obdulia, NC 18814",41.4,2025,8,18
63067,46379,18851,1,61.0,2024-05-29 22:05:00+00:00,Unknown,61.0,2024,5,29
65154,47300,19224,3,58.25,2024-03-14 20:22:35+00:00,Unknown,174.75,2024,3,14
63448,46064,19011,5,67.5,2025-04-16 05:43:43+00:00,Unknown,337.5,2025,4,16
70114,45406,18890,1,81.3,2024-09-11 03:01:07+00:00,"Apt. 225 804 Tillman Hill, Chasemouth, NC 11865-4288",81.3,2024,9,11
62746,46750,19502,4,39.5,2025-01-02 18:06:15+00:00,Unknown,158.0,2025,1,2
73075,44740,19457,1,35.99,2024-12-01 00:04:16+00:00,Unknown,35.99,2024,12,1
70383,45605,19555,1,42.0,2025-02-17 00:37:44+00:00,"7070 Fisher Mountains, South Isabel, AK 91706-3406",42.0,2025,2,17
71251,47129,18863,1,28.0,2024-09-15 04:56:37+00:00,Unknown,28.0,2024,9,15
68814,47556,19113,1,71.0,2024-10-01 05:10:24+00:00,Unknown,71.0,2024,10,1
69830,44552,19091,5,27.6,2024-12-13 05:46:05+00:00,Unknown,138.0,2024,12,13
66926,45165,19158,1,76.8,2024-10-06 18:19:00+00:00,Unknown,76.8,2024,10,6
63741,46976,18979,1,81.6,2025-03-06 18:48:40+00:00,Unknown,81.6,2025,3,6
64296,47376,19046,1,29.4,2024-12-07 07:41:37+00:00,"Apt. 542 9413 Rayford Mall, South Renato, KY 56989-3821",29.4,2024,12,7
70938,46098,18985,1,54.5,2025-04-04 22:43:37+00:00,Unknown,54.5,2025,4,4
68949,45170,18972,3,26.75,2025-01-06 06:50:10+00:00,Unknown,80.25,2025,1,6
69855,44735,19587,1,33.5,2024-10-23 17:03:00+00:00,"Suite 706 8695 Jorge Viaduct, West Scottieshire, NE 19857",33.5,2024,10,23
67059,45462,19479,2,60.0,2025-04-20 10:51:00+00:00,Unknown,120.0,2025,4,20
63693,45465,19362,1,37.5,2025-03-04 01:53:55+00:00,Unknown,37.5,2025,3,4
66599,47046,18931,1,47.99,2025-02-11 04:54:34+00:00,Unknown,47.99,2025,2,11
70876,44658,19454,2,81.6,2025-09-07 17:40:16+00:00,Unknown,163.2,2025,9,7
71437,44463,19494,4,30.5,2024-11-23 01:37:41+00:00,Unknown,122.0,2024,11,23
64297,47473,18928,5,19.0,2025-05-06 20:12:24+00:00,Unknown,95.0,2025,5,6
73844,45299,19000,1,57.99,2024-11-22 04:43:24.371000+00:00,Unknown,57.99,2024,11,22
71757,45275,18856,1,50.25,2024-12-20 20:37:19+00:00,"Apt. 279 5485 Sidney Islands, North Mistie, ND 56675",50.25,2024,12,20
65917,44938,19332,1,40.25,2024-10-09 22:07:06+00:00,Unknown,40.25,2024,10,9
63876,45849,18885,1,28.0,2025-04-27 19:34:00+00:00,"89159 Nathan Turnpike, Bayerport, VT 42787",28.0,2025,4,27
66240,44999,19140,1,66.5,2025-07-30 18:18:41+00:00,Unknown,66.5,2025,7,30
64209,47189,19182,1,66.3,2024-09-04 19:05:00+00:00,Unknown,66.3,2024,9,4
65584,46865,19270,1,20.0,2025-03-10 23:12:54+00:00,Unknown,20.0,2025,3,10
72865,46230,18875,1,45.75,2025-06-05 14:03:51+00:00,"2452 Sanford Passage, Georgettaton, WA 11960-7469",45.75,2025,6,5
72601,46643,19289,1,32.5,2024-09-19 03:24:09+00:00,Unknown,32.5,2024,9,19
64002,47529,19452,2,43.5,2024-11-11 15:20:00+00:00,"Apt. 300 912 Shay Summit, Rayeville, IL 74149",87.0,2024,11,11
73737,44482,19399,1,21.6,2024-11-01 20:34:57+00:00,Unknown,21.6,2024,11,1
71818,44363,19405,1,52.75,2025-01-16 03:54:19+00:00,"4656 Torp Viaduct, Cliffordside, MA 86136-4484",52.75,2025,1,16
67315,47474,19526,1,67.0,2025-04-24 21:53:22.091000+00:00,Unknown,67.0,2025,4,24
66869,44491,19464,1,43.75,2025-05-28 16:36:00+00:00,Unknown,43.75,2025,5,28
66709,46782,18964,1,53.0,2024-05-19 20:08:37.253000+00:00,Unknown,53.0,2024,5,19
73752,46593,18936,5,65.0,2025-03-14 19:16:50.109000+00:00,Unknown,325.0,2025,3,14
69157,45797,18860,5,47.5,2024-09-04 06:03:20+00:00,Unknown,237.5,2024,9,4
73687,44479,18992,1,72.25,2024-12-01 00:28:04+00:00,"Suite 645 290 Swaniawski Common, North Fatimah, DE 91912",72.25,2024,12,1
65616,44547,19209,1,27.25,2024-10-31 18:56:00+00:00,"113 Cristopher Hill, Deangeloport, VT 20897-4351",27.25,2024,10,31
71577,44968,19158,1,64.5,2024-09-24 12:30:05+00:00,Unknown,64.5,2024,9,24
67573,45620,18879,2,70.25,2024-02-04 22:04:23+00:00,"1910 Pollich Skyway, Charleyberg, MS 29517-1132",140.5,2024,2,4
73810,44719,19335,1,16.0,2024-08-08 00:26:03+00:00,Unknown,16.0,2024,8,8
64869,46697,18966,3,57.5,2024-08-19 06:51:01+00:00,Unknown,172.5,2024,8,19
72644,47358,19371,5,62.25,2024-11-19 16:14:00+00:00,Unknown,311.25,2024,11,19
68338,46770,19109,1,48.6,2025-06-18 01:06:39+00:00,"Suite 669 5658 Reginia Isle, Schillershire, NJ 14256-0106",48.6,2025,6,18
63259,44938,19494,1,30.5,2024-11-20 22:16:36+00:00,Unknown,30.5,2024,11,20
68136,46621,19053,1,66.3,2025-05-21 14:24:10+00:00,Unknown,66.3,2025,5,21
71159,45192,19398,1,66.5,2024-09-05 04:13:01+00:00,"Apt. 472 85518 Gottlieb Rapids, Port Dane, OK 65923-9837",66.5,2024,9,5
66703,47299,19524,1,49.75,2025-07-09 08:33:27+00:00,Unknown,49.75,2025,7,9
68785,45925,19119,1,59.5,2025-03-21 16:52:11+00:00,Unknown,59.5,2025,3,21
67924,47017,19358,1,47.0,2024-10-30 11:50:56+00:00,"Suite 437 234 Metz Land, Robinborough, TX 07017",47.0,2024,10,30
63879,46922,19091,1,32.7,2025-04-17 19:41:00+00:00,"Suite 420 3138 Alda Forges, New Weston, WA 98391-2919",32.7,2025,4,17
72958,46326,19048,1,33.0,2025-06-18 00:49:00+00:00,Unknown,33.0,2025,6,18
67295,47414,19104,1,57.0,2024-11-13 06:06:06+00:00,Unknown,57.0,2024,11,13
73349,46874,19540,1,70.5,2024-06-25 07:21:00+00:00,Unknown,70.5,2024,6,25
66826,46896,19055,1,18.0,2024-12-22 06:32:05+00:00,Unknown,18.0,2024,12,22
67348,47103,19340,1,30.5,2024-07-31 18:06:00+00:00,Unknown,30.5,2024,7,31
71487,44440,18999,1,61.19,2025-01-21 23:00:47+00:00,Unknown,61.19,2025,1,21
72850,47406,19489,1,37.0,2025-03-02 02:13:00+00:00,"40954 Fritsch Lodge, West Nanette, IL 75628",37.0,2025,3,2
69804,47489,19468,2,36.99,2025-02-13 03:50:00+00:00,Unknown,73.98,2025,2,13
63478,45201,18983,1,36.0,2024-07-28 11:43:43+00:00,Unknown,36.0,2024,7,28
65002,44370,19312,2,89.4,2025-06-04 02:43:51+00:00,Unknown,178.8,2025,6,4
70064,45841,19108,2,42.75,2025-04-07 19:35:39+00:00,Unknown,85.5,2025,4,7
63407,45994,19263,1,32.0,2025-01-25 21:24:00+00:00,Unknown,32.0,2025,1,25
71348,45513,19302,1,33.6,2025-03-10 14:02:03.492000+00:00,Unknown,33.6,2025,3,10
63400,45118,19497,2,54.75,2025-03-01 11:41:37+00:00,Unknown,109.5,2025,3,1
73670,46755,19423,1,42.6,2024-12-25 19:34:10+00:00,Unknown,42.6,2024,12,25
71319,47402,19018,2,17.0,2024-07-21 13:30:17+00:00,Unknown,34.0,2024,7,21
68219,44660,18895,1,46.2,2025-03-15 09:33:00+00:00,Unknown,46.2,2025,3,15
66832,45171,18845,1,59.0,2024-04-09 11:43:00+00:00,Unknown,59.0,2024,4,9
66618,45957,19434,1,21.0,2024-06-01 05:14:09+00:00,Unknown,21.0,2024,6,1
73428,45071,19546,3,56.39,2025-02-14 06:20:17.654000+00:00,"8195 Okuneva Ports, Markstown, SC 30511",169.17,2025,2,14
64260,44914,18961,1,71.75,2024-09-07 00:59:57.834000+00:00,Unknown,71.75,2024,9,7
72403,46497,19238,1,18.25,2024-10-01 17:07:00+00:00,Unknown,18.25,2024,10,1
71650,46080,19432,1,28.5,2024-12-11 11:11:35+00:00,Unknown,28.5,2024,12,11
64921,45404,19313,2,29.5,2024-08-12 14:58:05+00:00,Unknown,59.0,2024,8,12
66026,44734,18944,1,17.0,2024-08-11 08:23:58+00:00,Unknown,17.0,2024,8,11
67282,45560,18924,1,28.75,2025-02-19 12:02:26+00:00,Unknown,28.75,2025,2,19
65708,44984,19303,1,63.0,2024-11-11 06:49:39+00:00,"196 Ronny Route, Port Emile, CT 28207",63.0,2024,11,11
65065,45153,18947,5,72.5,2025-07-04 21:28:00+00:00,Unknown,362.5,2025,7,4
64096,46781,19378,5,15.75,2024-12-25 07:36:11+00:00,Unknown,78.75,2024,12,25
68293,45325,19411,4,45.0,2025-07-19 10:36:44+00:00,Unknown,180.0,2025,7,19
69535,46936,19523,3,31.5,2024-09-12 11:40:25+00:00,"Apt. 744 285 Camie Neck, New Miquel, CO 64984",94.5,2024,9,12
68396,45301,19220,2,58.0,2024-12-28 10:06:00+00:00,Unknown,116.0,2024,12,28
71999,45453,19497,2,55.5,2024-12-23 02:16:29+00:00,Unknown,111.0,2024,12,23
63900,46352,19275,1,53.25,2025-05-28 12:04:44+00:00,Unknown,53.25,2025,5,28
70133,44341,19071,1,20.39,2025-01-19 18:15:00+00:00,Unknown,20.39,2025,1,19
73444,45136,19456,1,33.5,2024-12-03 10:46:02+00:00,"Suite 594 216 Zieme Square, Gerardoview, PA 07120-0022",33.5,2024,12,3
73859,44441,19391,1,54.5,2025-04-26 14:43:07.121000+00:00,"Suite 802 3924 Onita Trace, Delbertview, DE 92731-3465",54.5,2025,4,26
65628,45560,19237,2,66.5,2024-11-14 18:27:16+00:00,"44499 Thi Center, West Kiethport, NY 20467",133.0,2024,11,14
69554,46138,19213,1,29.75,2024-11-30 01:07:56+00:00,Unknown,29.75,2024,11,30
71731,44435,18886,2,70.0,2025-04-04 04:40:00+00:00,"491 Juan Orchard, Iveyville, WY 75887",140.0,2025,4,4
73889,47529,19021,1,37.99,2024-10-05 14:24:33+00:00,"Apt. 300 912 Shay Summit, Rayeville, IL 74149",37.99,2024,10,5
69851,47618,19443,1,28.5,2024-09-24 04:34:34+00:00,"Suite 691 50530 Breitenberg Cape, Delphinemouth, CO 39175",28.5,2024,9,24
66503,47162,19302,1,28.99,2025-04-26 12:20:00+00:00,Unknown,28.99,2025,4,26
64193,46983,19407,1,17.0,2024-04-27 09:58:34.387000+00:00,Unknown,17.0,2024,4,27
67542,45434,19500,1,48.0,2025-04-14 23:01:06+00:00,Unknown,48.0,2025,4,14
63629,45930,19008,3,49.75,2024-09-16 12:40:08+00:00,Unknown,149.25,2024,9,16
71201,45087,19026,1,25.2,2025-07-19 18:43:11+00:00,Unknown,25.2,2025,7,19
68166,46059,19521,1,15.0,2024-12-29 05:41:26+00:00,Unknown,15.0,2024,12,29
66346,45367,18903,1,22.8,2024-11-19 16:38:38+00:00,Unknown,22.8,2024,11,19
69916,46569,19190,2,52.8,2025-06-28 17:17:27+00:00,"130 McDermott Glen, West Clintshire, CO 61705-7034",105.6,2025,6,28
68524,45970,19086,1,87.3,2025-02-16 22:13:09+00:00,Unknown,87.3,2025,2,16
70441,46901,19134,1,78.0,2024-12-06 10:06:05+00:00,Unknown,78.0,2024,12,6
63718,45709,18939,1,67.8,2025-02-25 04:14:24+00:00,"2098 Signe Cape, North Stanford, CA 31636-8900",67.8,2025,2,25
64983,45080,19369,1,32.99,2024-07-09 03:25:33+00:00,Unknown,32.99,2024,7,9
73969,46044,18875,1,44.5,2025-02-05 13:02:40+00:00,Unknown,44.5,2025,2,5
73174,46220,18860,1,45.5,2024-12-25 14:43:00+00:00,Unknown,45.5,2024,12,25
65356,44519,19194,1,38.99,2024-06-12 09:17:00+00:00,Unknown,38.99,2024,6,12
66948,44897,19315,1,59.0,2025-04-25 13:37:00+00:00,Unknown,59.0,2025,4,25
66049,46618,19348,4,35.99,2024-11-15 20:04:30+00:00,Unknown,143.96,2024,11,15
68283,44878,18844,1,42.5,2025-04-19 02:45:00+00:00,Unknown,42.5,2025,4,19
63593,45330,18884,3,82.79,2024-09-20 13:18:00+00:00,Unknown,248.37,2024,9,20
69216,44650,19235,1,65.75,2025-02-03 16:00:37+00:00,"Suite 952 474 Corkery Haven, Port Clair, KY 93222",65.75,2025,2,3
68124,46692,18851,1,59.25,2024-12-06 20:59:47.842000+00:00,"5125 Elwood Heights, Port Silas, UT 73157-7364",59.25,2024,12,6
73208,46665,19370,1,22.75,2024-09-23 22:50:17+00:00,"158 Walter Mews, East Hung, GA 90026-2041",22.75,2024,9,23
63893,46878,19037,1,29.0,2025-10-10 02:21:00+00:00,Unknown,29.0,2025,10,10
64521,46617,18984,2,17.75,2025-03-20 13:46:41+00:00,Unknown,35.5,2025,3,20
71675,45837,19343,1,87.3,2024-10-29 14:38:36+00:00,Unknown,87.3,2024,10,29
70828,47083,19326,1,28.0,2025-02-07 16:39:41+00:00,Unknown,28.0,2025,2,7
69214,47417,19319,1,39.0,2024-07-01 00:01:00+00:00,Unknown,39.0,2024,7,1
62904,46265,19183,1,16.5,2024-08-07 11:53:00+00:00,Unknown,16.5,2024,8,7
67371,47017,19212,1,50.0,2025-02-10 05:03:00+00:00,Unknown,50.0,2025,2,10
73540,45994,19278,1,41.7,2024-08-15 12:34:56.187000+00:00,Unknown,41.7,2024,8,15
63539,44559,19325,1,29.75,2025-03-15 14:12:23+00:00,Unknown,29.75,2025,3,15
65074,44989,19082,2,19.25,2024-09-05 16:08:46+00:00,Unknown,38.5,2024,9,5
68043,46186,18858,1,18.3,2024-10-30 21:37:00+00:00,Unknown,18.3,2024,10,30
69958,45245,19251,1,29.99,2024-10-10 16:21:27+00:00,Unknown,29.99,2024,10,10
66036,44635,18957,1,64.0,2025-01-22 09:08:00+00:00,Unknown,64.0,2025,1,22
69383,46744,18886,1,80.4,2025-07-19 05:54:02+00:00,Unknown,80.4,2025,7,19
66109,45811,19101,1,72.5,2024-08-04 19:59:47+00:00,"Suite 112 290 Parker Stravenue, Russelfurt, MN 30548-1014",72.5,2024,8,4
67450,46766,19392,1,57.0,2025-01-04 01:24:28+00:00,Unknown,57.0,2025,1,4
73559,45579,19008,1,60.6,2025-03-10 22:57:59+00:00,Unknown,60.6,2025,3,10
73850,46012,19272,1,45.5,2025-02-28 00:20:10+00:00,Unknown,45.5,2025,2,28
67995,47486,19176,3,22.0,2025-06-08 22:11:00+00:00,Unknown,66.0,2025,6,8
71297,45524,19435,1,80.1,2024-12-07 11:18:05+00:00,Unknown,80.1,2024,12,7
64755,45605,19020,1,18.5,2025-06-05 12:55:09.171000+00:00,Unknown,18.5,2025,6,5
67476,45614,19525,1,73.2,2024-03-30 20:46:57+00:00,Unknown,73.2,2024,3,30
67884,46558,19355,1,37.0,2024-04-29 19:17:54+00:00,Unknown,37.0,2024,4,29
70513,45744,19482,1,27.0,2024-09-19 01:15:39+00:00,Unknown,27.0,2024,9,19
65405,44401,19186,1,28.75,2024-12-11 02:17:33+00:00,"92094 Yuri Lights, South Dorseybury, HI 71170",28.75,2024,12,11
70953,45048,18888,1,47.0,2025-05-06 23:18:00+00:00,Unknown,47.0,2025,5,6
63442,46008,19479,2,57.25,2024-06-25 19:40:22+00:00,Unknown,114.5,2024,6,25
66727,45523,19478,4,53.5,2025-02-22 16:16:00+00:00,"Apt. 163 80312 Runte Mountain, Yundtland, AR 54710",214.0,2025,2,22
65176,47556,19364,3,78.9,2024-09-06 07:35:58+00:00,Unknown,236.7,2024,9,6
69769,46184,19369,1,28.5,2025-02-09 12:08:29+00:00,Unknown,28.5,2025,2,9
72548,44362,19160,2,71.5,2024-11-07 08:36:00+00:00,Unknown,143.0,2024,11,7
66640,46268,19464,1,43.5,2024-09-29 21:07:57+00:00,Unknown,43.5,2024,9,29
63113,45964,19378,2,20.4,2024-11-10 00:45:22+00:00,Unknown,40.8,2024,11,10
64345,45104,18881,1,28.75,2025-01-21 23:52:00+00:00,Unknown,28.75,2025,1,21
69076,44463,19117,1,45.9,2024-08-16 23:53:43.746000+00:00,"Suite 447 864 Rosenbaum Islands, North Wanetta, VT 07261",45.9,2024,8,16
64848,47548,18932,1,18.75,2024-10-12 22:58:00+00:00,Unknown,18.75,2024,10,12
72926,46642,19250,1,29.99,2025-03-05 09:58:11+00:00,Unknown,29.99,2025,3,5
65783,47279,19284,1,63.6,2024-10-20 14:54:40+00:00,Unknown,63.6,2024,10,20
71166,45229,18908,1,45.75,2024-12-22 18:54:17+00:00,Unknown,45.75,2024,12,22
63274,46529,19310,1,22.0,2024-08-21 06:39:18.045000+00:00,Unknown,22.0,2024,8,21
63811,44535,19299,1,39.6,2025-07-10 19:02:00+00:00,Unknown,39.6,2025,7,10
64276,46124,19560,2,30.5,2025-01-25 05:56:12+00:00,Unknown,61.0,2025,1,25
65115,46563,18873,1,81.6,2025-04-22 22:53:28+00:00,Unknown,81.6,2025,4,22
66085,47078,19543,1,41.75,2025-03-19 05:02:36.253000+00:00,"Suite 118 9394 Stroman Creek, Cedricfort, KS 39363",41.75,2025,3,19
70550,46820,19537,2,53.5,2025-01-14 10:07:00+00:00,Unknown,107.0,2025,1,14
67667,47434,19456,1,33.5,2025-03-06 00:20:00+00:00,Unknown,33.5,2025,3,6
73089,47349,19309,2,78.0,2025-02-09 06:41:00+00:00,"Suite 729 24407 McDermott Lock, Port Marianelaton, GA 32200",156.0,2025,2,9
69381,47335,18906,1,42.0,2025-01-17 16:20:30+00:00,"Suite 176 7509 Rosenbaum Wells, Hillsfort, LA 25765",42.0,2025,1,17
63970,44376,19450,2,30.25,2024-08-13 01:50:18+00:00,"Suite 759 7720 Chong Square, Noelleland, SD 18297-9433",60.5,2024,8,13
72114,46348,19131,1,69.6,2024-12-30 13:34:03+00:00,Unknown,69.6,2024,12,30
67172,47227,19014,2,23.99,2025-05-18 18:38:38+00:00,Unknown,47.98,2025,5,18
70377,46671,18999,2,53.75,2025-04-30 08:30:00+00:00,"404 Gutmann Plains, North Latoshashire, ND 91027",107.5,2025,4,30
64335,45642,19321,2,45.99,2025-05-18 03:02:58+00:00,Unknown,91.98,2025,5,18
73026,44732,19055,1,18.0,2024-09-07 04:16:49+00:00,"Apt. 453 41653 Maggio Fork, Windlerside, IL 09420-4076",18.0,2024,9,7
67880,45061,19285,1,78.0,2024-09-03 11:47:10+00:00,"8700 Yesenia Cliff, East Jerrodberg, ME 10052-2533",78.0,2024,9,3
70080,45931,19040,1,14.0,2025-03-18 19:28:54+00:00,Unknown,14.0,2025,3,18
66055,46824,19416,1,64.99,2024-09-09 20:40:56+00:00,Unknown,64.99,2024,9,9
66697,45896,19469,1,30.0,2025-01-23 07:32:32+00:00,Unknown,30.0,2025,1,23
70847,45477,19465,1,47.75,2024-11-13 08:42:08+00:00,Unknown,47.75,2024,11,13
71307,46397,19071,1,14.0,2025-04-12 07:51:02+00:00,Unknown,14.0,2025,4,12
69209,44728,19006,2,45.75,2025-07-16 19:09:00+00:00,"Apt. 635 872 Cummings Unions, East Manie, FL 28054",91.5,2025,7,16
69729,45237,19488,1,75.75,2025-01-03 05:16:38+00:00,Unknown,75.75,2025,1,3
67292,45892,19589,1,69.3,2024-04-20 17:52:50+00:00,"230 Effertz River, Alphonsoview, RI 45912-5883",69.3,2024,4,20
65607,46743,19293,1,28.25,2024-12-14 11:27:00+00:00,Unknown,28.25,2024,12,14
64215,46016,19199,2,15.5,2024-09-25 05:48:00+00:00,Unknown,31.0,2024,9,25
71671,45698,19246,1,21.0,2025-07-29 13:28:00+00:00,Unknown,21.0,2025,7,29
70626,44987,19534,1,38.0,2025-02-26 20:00:00+00:00,Unknown,38.0,2025,2,26
63885,45596,18859,1,53.25,2025-09-12 03:02:47+00:00,Unknown,53.25,2025,9,12
69389,44519,19342,1,45.59,2025-06-12 11:19:10+00:00,Unknown,45.59,2025,6,12
71850,46012,18846,1,27.6,2024-09-05 02:32:00+00:00,"91869 Gregorio Mountain, West Lester, WY 78873-4165",27.6,2024,9,5
71647,46402,18908,2,43.0,2024-09-01 23:29:55+00:00,Unknown,86.0,2024,9,1
68101,45912,19056,1,25.0,2024-11-19 22:38:00+00:00,Unknown,25.0,2024,11,19
65454,46617,19330,3,63.0,2025-04-24 14:22:48+00:00,Unknown,189.0,2025,4,24
64337,47234,18953,2,61.5,2024-10-30 07:12:36+00:00,"72546 Jean View, Kurtside, WA 02016-8049",123.0,2024,10,30
70072,45399,19330,1,60.99,2024-10-28 22:09:53+00:00,Unknown,60.99,2024,10,28
65283,45973,18844,1,43.5,2025-04-19 09:01:32+00:00,"4990 Earle Gardens, North Brittani, MD 08333",43.5,2025,4,19
66088,44356,19299,3,34.79,2024-09-11 10:55:15+00:00,Unknown,104.37,2024,9,11
64367,44568,19453,1,26.75,2025-02-08 07:45:29+00:00,"9751 Elliott Views, Bergeburgh, WA 02357",26.75,2025,2,8
70766,47180,19534,1,41.99,2024-11-21 18:07:00+00:00,"49903 Zachariah Island, Eduardoburgh, CA 30316-5148",41.99,2024,11,21
66138,45748,19274,1,91.8,2025-01-25 13:46:00+00:00,"441 Larkin Fort, West Refugio, MT 41538-7413",91.8,2025,1,25
72031,46151,19277,1,58.0,2024-10-21 19:57:00+00:00,Unknown,58.0,2024,10,21
65502,44962,18951,1,70.0,2025-02-14 03:43:17+00:00,Unknown,70.0,2025,2,14
70029,45211,19363,1,21.75,2024-11-16 22:40:57+00:00,Unknown,21.75,2024,11,16
62933,44689,19362,2,43.8,2025-01-31 11:24:31+00:00,Unknown,87.6,2025,1,31
72475,46677,19462,1,59.0,2024-12-25 07:59:44+00:00,"5305 Oberbrunner Alley, Francescobury, TN 36425",59.0,2024,12,25
68208,46146,19357,1,16.8,2024-10-25 05:19:00+00:00,Unknown,16.8,2024,10,25
65093,46047,18855,1,27.5,2024-09-24 23:03:53+00:00,Unknown,27.5,2024,9,24
67000,46993,19135,1,54.99,2024-10-18 04:41:09+00:00,Unknown,54.99,2024,10,18
73647,47529,19238,1,17.25,2025-01-06 18:29:26+00:00,Unknown,17.25,2025,1,6
67237,47536,19449,1,51.5,2025-02-24 16:35:40+00:00,Unknown,51.5,2025,2,24
69175,46359,19212,5,54.0,2024-11-15 15:13:57+00:00,"3387 Abbott Passage, New Jonathonhaven, KY 83934-4451",270.0,2024,11,15
67671,44391,19258,1,70.0,2024-06-04 14:15:00+00:00,"43960 Bernhard Rue, Lake Murraychester, RI 54985",70.0,2024,6,4
72391,45058,18959,1,51.75,2025-02-04 08:50:52+00:00,Unknown,51.75,2025,2,4
66968,45762,18995,1,29.25,2024-09-28 21:19:42+00:00,"Apt. 347 88306 Margarette Ports, East Gil, KY 00881",29.25,2024,9,28
67742,47172,19120,2,65.5,2025-03-13 15:09:08+00:00,"Apt. 743 33339 Dori Landing, North Elanortown, OR 95080",131.0,2025,3,13
66557,47164,18873,1,87.3,2024-10-15 22:01:48+00:00,Unknown,87.3,2024,10,15
64926,45877,19244,1,49.5,2025-08-24 12:19:47+00:00,Unknown,49.5,2025,8,24
71468,44948,19399,2,17.0,2024-09-06 12:21:00+00:00,Unknown,34.0,2024,9,6
69100,44654,19043,2,21.75,2025-04-19 00:47:00+00:00,"455 Man Stream, Hicklefurt, DE 44027",43.5,2025,4,19
71051,44994,19149,3,30.9,2025-02-10 22:01:56+00:00,Unknown,92.7,2025,2,10
66685,45421,19351,1,27.0,2025-04-19 16:49:24+00:00,Unknown,27.0,2025,4,19
66302,45609,19182,2,64.5,2024-12-13 22:00:07+00:00,Unknown,129.0,2024,12,13
64003,46941,19232,1,42.0,2024-08-23 13:47:00+00:00,"278 Kerluke Corner, Lake Augusta, OR 24390",42.0,2024,8,23
64239,47005,18882,1,53.7,2024-08-06 14:15:00+00:00,Unknown,53.7,2024,8,6
67263,45788,19333,3,28.0,2024-12-05 02:20:17+00:00,"2388 Jewell Viaduct, Lake Isabelton, KS 87394",84.0,2024,12,5
66741,47484,18913,2,43.0,2024-03-24 11:34:00+00:00,Unknown,86.0,2024,3,24
66468,44926,18915,1,65.75,2025-04-01 00:34:09+00:00,Unknown,65.75,2025,4,1
69349,45572,19341,2,29.5,2024-02-28 05:02:33+00:00,"73032 Octavio Hill, Penelopeside, CT 43365-4603",59.0,2024,2,28
63035,47270,19562,2,59.99,2024-08-03 07:36:09+00:00,Unknown,119.98,2024,8,3
71810,44729,19146,1,77.4,2025-03-04 00:08:48+00:00,Unknown,77.4,2025,3,4
65619,47277,19506,2,74.1,2025-03-03 00:48:00+00:00,Unknown,148.2,2025,3,3
72977,44785,19058,1,18.99,2025-06-18 23:59:00+00:00,Unknown,18.99,2025,6,18
67888,46708,19183,1,16.25,2025-01-15 22:46:40+00:00,Unknown,16.25,2025,1,15
68149,44982,19514,2,20.0,2024-08-27 08:34:15+00:00,Unknown,40.0,2024,8,27
73081,45986,18871,1,56.25,2024-09-03 00:39:00+00:00,Unknown,56.25,2024,9,3
70035,46601,18971,1,58.0,2024-10-12 03:52:00+00:00,"Apt. 584 87121 Tabatha Forest, South Terisa, AR 06805-6608",58.0,2024,10,12
69499,47445,19516,1,38.0,2025-02-08 16:32:40+00:00,"824 Pacocha Locks, North Mauricio, SC 48743",38.0,2025,2,8
63135,46620,19170,1,69.75,2024-08-21 16:33:00+00:00,Unknown,69.75,2024,8,21
65382,45644,19389,1,18.0,2024-10-08 10:25:47+00:00,"Suite 811 860 Susie Well, South Isidrashire, MS 20327",18.0,2024,10,8
70554,46317,19083,1,51.75,2024-11-15 05:50:00+00:00,"32224 Armstrong Landing, Townebury, MN 00975",51.75,2024,11,15
73013,45771,19292,4,60.0,2025-01-20 14:40:13+00:00,Unknown,240.0,2025,1,20
72839,47293,19189,1,23.0,2025-02-14 05:03:07+00:00,Unknown,23.0,2025,2,14
63184,46532,19048,1,33.99,2024-11-11 16:58:27+00:00,Unknown,33.99,2024,11,11
63588,44966,18980,2,69.6,2024-03-02 07:21:33+00:00,Unknown,139.2,2024,3,2
71008,46463,19331,2,30.75,2024-06-24 06:27:00+00:00,Unknown,61.5,2024,6,24
70305,45041,18884,1,67.25,2024-09-04 09:32:33+00:00,Unknown,67.25,2024,9,4
70680,44979,19527,1,72.0,2024-03-23 18:51:00+00:00,Unknown,72.0,2024,3,23
73212,46663,18949,1,39.0,2024-09-24 00:03:04+00:00,Unknown,39.0,2024,9,24
66108,47212,19283,1,17.75,2025-02-03 15:21:00+00:00,Unknown,17.75,2025,2,3
68026,46330,19474,1,38.39,2025-02-10 21:47:36+00:00,Unknown,38.39,2025,2,10
66506,47005,19577,1,70.5,2025-01-09 15:14:55+00:00,Unknown,70.5,2025,1,9
73774,45773,18864,1,68.99,2025-02-05 09:39:15+00:00,Unknown,68.99,2025,2,5
63057,44398,19219,1,30.0,2024-12-19 12:05:37+00:00,Unknown,30.0,2024,12,19
63857,47110,19048,1,32.0,2024-07-21 05:36:00+00:00,Unknown,32.0,2024,7,21
69811,47202,19156,1,37.5,2024-12-06 10:34:40+00:00,Unknown,37.5,2024,12,6
73753,46797,18857,1,68.25,2024-07-10 23:58:00+00:00,"7883 Rasheeda Wells, Port Hugochester, KY 86234-1032",68.25,2024,7,10
66116,46980,19056,1,22.5,2024-06-01 12:33:22+00:00,"948 Bobette Gardens, East Jospehfort, AZ 25293",22.5,2024,6,1
70931,47248,19096,3,20.25,2024-08-31 17:47:58+00:00,Unknown,60.75,2024,8,31
69949,45644,19087,1,57.0,2025-08-04 18:49:00+00:00,"Suite 811 860 Susie Well, South Isidrashire, MS 20327",57.0,2025,8,4
66313,45199,18935,2,60.0,2025-04-01 07:55:43+00:00,"557 Douglas Corners, South Jarodburgh, NJ 33448-6118",120.0,2025,4,1
66459,44793,19278,1,45.6,2025-01-04 19:57:00+00:00,Unknown,45.6,2025,1,4
71189,47484,19459,1,50.1,2024-05-10 09:35:00+00:00,"Suite 635 41755 Kerri Mission, Port Juan, IA 72365",50.1,2024,5,10
70640,45920,19549,3,37.0,2024-10-26 10:53:39+00:00,Unknown,111.0,2024,10,26
68257,44926,19285,1,64.25,2024-07-18 12:57:00+00:00,Unknown,64.25,2024,7,18
69704,47545,19524,1,58.2,2024-11-26 03:34:05+00:00,Unknown,58.2,2024,11,26
68753,45240,19315,1,61.0,2025-04-28 02:52:16+00:00,"Suite 288 475 Kuphal Mountain, Kacistad, SD 13939",61.0,2025,4,28
66541,46956,19500,1,50.0,2024-03-31 03:09:21+00:00,Unknown,50.0,2024,3,31
70381,45195,19119,2,58.5,2024-11-18 04:04:17+00:00,Unknown,117.0,2024,11,18
68644,44456,19172,2,65.5,2025-01-29 19:09:45+00:00,"Suite 631 66701 Jennine Place, New Bryonville, MS 61790-3757",131.0,2025,1,29
70590,45631,19332,5,48.0,2024-09-17 11:55:00+00:00,Unknown,240.0,2024,9,17
72950,46864,19107,1,73.75,2024-10-01 10:15:00+00:00,"35884 Janetta Forge, Lake Harlanshire, NE 81832-4288",73.75,2024,10,1
66236,45019,19315,1,62.25,2025-02-28 21:14:00+00:00,"Apt. 883 28219 Kittie Trafficway, Ellsworthland, NV 08815-3756",62.25,2025,2,28
70621,44713,18986,1,66.0,2024-08-21 16:48:46+00:00,Unknown,66.0,2024,8,21
72701,46935,19172,1,66.0,2024-05-24 01:41:36.096000+00:00,Unknown,66.0,2024,5,24
63727,44366,18926,1,37.0,2024-11-22 07:49:40+00:00,Unknown,37.0,2024,11,22
73908,44803,19374,1,23.1,2024-06-28 11:55:00+00:00,Unknown,23.1,2024,6,28
72117,44988,18868,4,26.0,2025-03-16 18:06:06+00:00,Unknown,104.0,2025,3,16
63386,46170,19255,3,43.25,2024-09-14 13:49:47+00:00,Unknown,129.75,2024,9,14
73144,46304,19227,1,62.39,2025-04-07 05:52:28+00:00,Unknown,62.39,2025,4,7
71550,46540,19006,1,45.0,2025-03-21 13:57:00+00:00,Unknown,45.0,2025,3,21
67992,47163,19488,3,74.0,2024-10-09 00:03:05.928000+00:00,"Apt. 719 6055 Pouros Crescent, Hilllfort, CT 09541-4347",222.0,2024,10,9
65242,47586,19439,1,73.25,2024-10-20 13:25:00+00:00,"Apt. 840 384 Leffler Views, Considinetown, DE 64278",73.25,2024,10,20
64779,47504,19351,1,26.0,2024-06-29 02:05:28+00:00,Unknown,26.0,2024,6,29
65610,45976,19198,2,44.0,2024-10-30 08:44:30+00:00,Unknown,88.0,2024,10,30
69131,45227,19304,2,24.75,2024-10-29 05:44:53+00:00,"Apt. 600 2964 Murazik Plaza, Grimesbury, MS 26992-8665",49.5,2024,10,29
67813,47234,19335,1,13.5,2025-03-20 02:28:13+00:00,Unknown,13.5,2025,3,20
70356,45327,19072,1,62.25,2024-11-09 22:15:30+00:00,"6013 Robbi Lodge, West Paolaland, OK 02548-8216",62.25,2024,11,9
69837,46393,19225,1,77.1,2024-09-08 22:30:33+00:00,Unknown,77.1,2024,9,8
66986,45735,19418,2,56.5,2025-02-22 21:58:42+00:00,Unknown,113.0,2025,2,22
70279,46905,19080,1,49.75,2024-05-23 10:51:02.753000+00:00,Unknown,49.75,2024,5,23
72860,46610,19206,2,24.0,2024-11-13 18:58:38+00:00,"Suite 213 714 Danyell Ports, Jarvisview, NE 69492",48.0,2024,11,13
65042,44782,19388,1,52.5,2024-07-15 10:51:00+00:00,"1322 Johns Centers, Port Ivanmouth, TX 74712",52.5,2024,7,15
63120,47163,19368,1,30.0,2024-09-03 05:20:00+00:00,Unknown,30.0,2024,9,3
66530,44557,19223,1,22.0,2024-05-21 08:23:00+00:00,Unknown,22.0,2024,5,21
69251,46435,19444,1,41.5,2025-06-30 03:13:00+00:00,Unknown,41.5,2025,6,30
66104,44341,19508,1,37.0,2024-09-17 11:44:40+00:00,Unknown,37.0,2024,9,17
68888,45370,18882,1,47.0,2024-08-19 20:54:52+00:00,Unknown,47.0,2024,8,19
67857,47000,19064,1,75.9,2024-08-03 10:11:02+00:00,Unknown,75.9,2024,8,3
70630,45424,19487,1,83.4,2025-10-02 09:19:19+00:00,Unknown,83.4,2025,10,2
68620,45686,19267,1,20.0,2024-04-02 21:00:00+00:00,Unknown,20.0,2024,4,2
73338,45185,19111,2,29.0,2024-09-24 06:36:59+00:00,Unknown,58.0,2024,9,24
68793,46281,19038,1,59.75,2024-04-18 16:56:32+00:00,"Apt. 295 270 Wolf Locks, South Theronburgh, WA 84914",59.75,2024,4,18
65659,45750,19003,1,39.0,2024-06-04 13:58:00+00:00,Unknown,39.0,2024,6,4
63765,45633,19323,1,44.25,2024-08-15 05:52:25.196000+00:00,Unknown,44.25,2024,8,15
69155,45267,18928,1,20.7,2024-11-15 11:19:05.746000+00:00,Unknown,20.7,2024,11,15
69118,46779,19384,1,23.75,2024-11-17 16:14:00+00:00,Unknown,23.75,2024,11,17
65424,45724,19087,1,55.5,2025-07-07 11:55:51+00:00,Unknown,55.5,2025,7,7
66623,46522,19559,5,66.75,2024-09-08 00:31:00+00:00,Unknown,333.75,2024,9,8
70868,47205,19363,1,26.75,2024-05-07 12:08:00+00:00,Unknown,26.75,2024,5,7
70146,45146,19518,3,35.1,2024-05-14 12:28:00+00:00,Unknown,105.3,2024,5,14
67423,44390,19360,1,71.4,2024-11-02 04:39:00+00:00,"Suite 861 36112 Nelia Road, O'Keefefort, KY 90565",71.4,2024,11,2
71375,44643,19018,2,17.4,2024-12-09 10:30:18+00:00,Unknown,34.8,2024,12,9
62825,45469,18935,1,59.0,2025-03-28 00:27:17+00:00,Unknown,59.0,2025,3,28
71787,46775,19258,1,67.0,2025-03-23 08:57:57+00:00,Unknown,67.0,2025,3,23
73145,45317,19342,1,40.5,2025-03-05 07:47:04+00:00,Unknown,40.5,2025,3,5
67599,46245,19212,2,50.5,2024-08-12 12:48:16+00:00,"Suite 776 5651 Tromp Vista, Port Alinamouth, MD 86888-7738",101.0,2024,8,12
70070,46163,19277,1,69.59,2025-05-11 06:46:12+00:00,"Suite 354 78387 Herman Landing, North Tessietown, ME 46944-8707",69.59,2025,5,11
72976,47359,19298,1,62.75,2025-01-18 08:48:29+00:00,Unknown,62.75,2025,1,18
68253,47007,19454,2,66.0,2025-07-07 20:46:11+00:00,Unknown,132.0,2025,7,7
67034,47084,19336,1,47.99,2024-04-28 13:20:12.216000+00:00,Unknown,47.99,2024,4,28
65989,45610,19293,1,31.99,2024-12-12 23:11:03+00:00,Unknown,31.99,2024,12,12
71635,47285,19035,1,22.99,2024-09-08 17:17:39+00:00,"Apt. 510 978 Coleman Wall, New Ollie, GA 01171-2209",22.99,2024,9,8
64501,46500,19552,1,45.3,2024-05-12 23:40:31+00:00,Unknown,45.3,2024,5,12
66547,46053,19013,2,49.75,2025-05-16 09:38:00+00:00,Unknown,99.5,2025,5,16
71431,47418,19297,3,51.0,2025-04-25 15:47:47+00:00,"762 Connie Valleys, New Inell, IL 43005",153.0,2025,4,25
68860,44759,18950,1,55.19,2024-12-20 11:32:26+00:00,Unknown,55.19,2024,12,20
73523,44802,18973,2,53.5,2025-01-25 00:22:24+00:00,"Apt. 285 16786 Trinidad Mews, East Joesph, ME 62197",107.0,2025,1,25
65216,45910,19559,1,81.6,2025-06-24 17:01:26.066000+00:00,Unknown,81.6,2025,6,24
64048,46022,18969,1,45.5,2025-01-15 20:15:07+00:00,"Apt. 589 4687 Greenholt Pike, West Chuckport, KS 65336",45.5,2025,1,15
63404,44833,19400,1,39.6,2025-08-09 12:47:55+00:00,Unknown,39.6,2025,8,9
72272,44532,19232,1,32.75,2025-03-25 17:36:00+00:00,Unknown,32.75,2025,3,25
63162,47386,19142,1,38.5,2025-04-19 00:10:00+00:00,"586 Mohammed Inlet, Barrowsville, ME 23410",38.5,2025,4,19
66358,46250,19303,5,61.5,2024-11-16 06:46:00+00:00,"Suite 469 672 Courtney Valleys, West Haitown, ME 84349-1521",307.5,2024,11,16
71695,44550,19043,1,20.99,2024-08-13 14:02:21.158000+00:00,Unknown,20.99,2024,8,13
68015,45453,18954,1,30.25,2024-10-18 11:24:00+00:00,Unknown,30.25,2024,10,18
68258,46937,19534,2,37.99,2025-01-11 18:39:45.844000+00:00,"721 Mante Fork, New Leif, OH 96093",75.98,2025,1,11
70037,47418,18863,1,28.5,2024-09-23 12:35:32.644000+00:00,"762 Connie Valleys, New Inell, IL 43005",28.5,2024,9,23
69820,45343,18862,1,28.25,2024-10-28 06:18:35+00:00,"44171 Ritchie Street, North Leon, IN 87320-6002",28.25,2024,10,28
72284,46436,19514,3,20.99,2024-10-10 12:21:54+00:00,Unknown,62.97,2024,10,10
66769,46407,19519,5,31.5,2024-12-04 13:26:00+00:00,Unknown,157.5,2024,12,4
70137,47329,18956,2,66.6,2024-12-08 06:51:26+00:00,Unknown,133.2,2024,12,8
72700,46121,18973,1,66.6,2024-06-22 00:49:00+00:00,Unknown,66.6,2024,6,22
65026,44573,19043,2,18.0,2024-07-20 16:40:50+00:00,Unknown,36.0,2024,7,20
71998,46559,19590,1,27.0,2024-07-05 13:47:43+00:00,Unknown,27.0,2024,7,5
64465,45168,19053,1,57.5,2024-12-27 02:50:29+00:00,Unknown,57.5,2024,12,27
71506,47507,19022,1,81.0,2025-03-04 10:15:39.344000+00:00,"6087 Issac Valley, New Shielaton, WY 54283",81.0,2025,3,4
70532,46696,19451,1,56.5,2025-08-14 19:22:56+00:00,Unknown,56.5,2025,8,14
63949,47352,19352,4,29.0,2024-08-18 09:45:33.293000+00:00,Unknown,116.0,2024,8,18
68168,44594,19169,1,71.75,2024-06-26 02:59:42.328000+00:00,Unknown,71.75,2024,6,26
68826,46943,19211,1,49.75,2024-09-12 17:21:15+00:00,Unknown,49.75,2024,9,12
73792,47027,19470,4,69.9,2024-11-23 07:35:05+00:00,Unknown,279.6,2024,11,23
64005,45222,19317,1,23.1,2024-04-20 20:20:50+00:00,Unknown,23.1,2024,4,20
65774,45957,19338,2,69.75,2024-07-14 05:17:00+00:00,Unknown,139.5,2024,7,14
63999,46703,19377,1,52.99,2024-07-23 02:26:00+00:00,Unknown,52.99,2024,7,23
73291,47304,18986,1,66.5,2024-10-22 20:38:08.917000+00:00,Unknown,66.5,2024,10,22
63981,47424,19227,1,54.75,2025-07-26 14:53:29+00:00,Unknown,54.75,2025,7,26
64671,47017,18861,2,46.5,2024-11-10 14:43:00+00:00,Unknown,93.0,2024,11,10
73930,45509,19277,1,59.25,2024-07-21 02:49:40+00:00,"Suite 407 33040 Klocko Ways, North Moiseschester, TN 58056-1472",59.25,2024,7,21
65735,44367,19196,2,13.0,2024-11-27 03:29:37+00:00,Unknown,26.0,2024,11,27
72525,45604,18953,1,71.99,2024-11-17 00:13:17+00:00,Unknown,71.99,2024,11,17
68387,45246,19054,1,55.8,2024-11-29 06:07:00+00:00,Unknown,55.8,2024,11,29
72951,46006,19548,1,49.75,2025-02-18 19:56:22+00:00,Unknown,49.75,2025,2,18
70673,47085,18888,1,44.0,2024-09-06 14:58:22.088000+00:00,Unknown,44.0,2024,9,6
72204,47102,19394,1,20.5,2024-08-10 11:58:45+00:00,Unknown,20.5,2024,8,10
72895,44494,18850,1,34.0,2024-08-06 06:59:15+00:00,"136 Rico Mountain, Celestinaton, MS 59406",34.0,2024,8,6
67899,44481,19465,1,45.0,2025-03-04 20:09:35+00:00,Unknown,45.0,2025,3,4
72996,45448,19191,1,26.0,2024-06-14 09:45:00+00:00,Unknown,26.0,2024,6,14
71481,47196,19082,1,20.1,2024-12-18 00:04:00+00:00,Unknown,20.1,2024,12,18
67586,47601,19513,2,24.5,2024-06-07 05:55:04+00:00,Unknown,49.0,2024,6,7
65513,46579,19351,1,29.25,2024-07-20 18:27:17+00:00,"91869 Gregorio Mountain, West Lester, WY 78873-4165",29.25,2024,7,20
65754,46796,19567,1,58.8,2024-07-02 03:25:36+00:00,"Apt. 893 82842 Dick Manor, New Rickyhaven, ND 01935-3378",58.8,2024,7,2
69317,45761,19198,1,52.2,2024-09-20 10:53:51+00:00,Unknown,52.2,2024,9,20
68152,46195,19183,1,16.0,2024-08-12 05:19:08+00:00,Unknown,16.0,2024,8,12
62806,46627,19218,1,84.3,2025-05-02 10:43:00+00:00,"5804 Basil Junction, Nadenehaven, NM 47132",84.3,2025,5,2
63017,45103,19321,1,50.25,2024-12-17 06:00:50+00:00,"Suite 709 4140 Botsford Circle, Hellerfort, IL 15313-6560",50.25,2024,12,17
67407,44650,18886,5,66.0,2024-10-26 17:11:00+00:00,Unknown,330.0,2024,10,26
72753,47614,19075,3,47.5,2025-03-19 08:23:04+00:00,Unknown,142.5,2025,3,19
68654,46615,19083,1,47.5,2025-01-16 17:57:46+00:00,"4876 Champlin Knoll, Thompsonborough, FL 61472-7088",47.5,2025,1,16
70353,44403,19272,4,48.25,2025-06-15 12:17:52+00:00,Unknown,193.0,2025,6,15
71409,44635,19390,1,36.0,2024-05-29 01:35:25+00:00,"9117 Watsica Vista, Port Jamie, PA 56948-8055",36.0,2024,5,29
73510,45915,19252,1,25.75,2025-02-02 20:47:22+00:00,Unknown,25.75,2025,2,2
67351,46110,19206,2,31.2,2025-03-23 04:59:20.086000+00:00,"Suite 335 1957 Talitha Valley, Shandaview, AK 74494",62.4,2025,3,23
65743,45553,19554,1,60.5,2024-07-03 00:29:17+00:00,"Apt. 938 2153 Lavone Fort, Trevorfurt, TN 24809",60.5,2024,7,3
68985,44397,19388,1,54.99,2024-10-17 10:45:33+00:00,Unknown,54.99,2024,10,17
72532,44526,19200,1,19.75,2025-07-06 00:59:47.450000+00:00,Unknown,19.75,2025,7,6
66903,47462,19161,1,35.5,2024-05-03 08:25:30+00:00,Unknown,35.5,2024,5,3
71425,46523,18924,1,35.1,2024-08-11 07:17:24.572000+00:00,Unknown,35.1,2024,8,11
67642,44801,19151,1,51.0,2025-01-24 14:42:00+00:00,Unknown,51.0,2025,1,24
65152,45143,19367,2,61.5,2024-12-10 07:49:38+00:00,"4359 Pollich Mill, Lake Jenine, NV 39637",123.0,2024,12,10
71549,46055,18883,1,22.79,2025-03-12 17:51:00+00:00,Unknown,22.79,2025,3,12
67609,46278,19557,1,57.0,2024-05-27 13:03:06+00:00,Unknown,57.0,2024,5,27
68006,44448,19500,2,47.0,2024-11-02 21:01:00+00:00,Unknown,94.0,2024,11,2
64532,44921,19449,1,47.75,2024-02-22 06:39:01+00:00,"Suite 446 40867 Elida Brooks, Metzview, NJ 50431-4166",47.75,2024,2,22
67732,46094,19252,1,23.0,2025-01-10 13:08:00+00:00,Unknown,23.0,2025,1,10
62871,45020,19094,1,50.99,2025-02-17 12:43:47+00:00,"984 Fidela Pass, New Reuben, UT 94883",50.99,2025,2,17
69948,44480,19344,1,30.25,2024-10-04 04:25:35+00:00,Unknown,30.25,2024,10,4
68622,45954,19215,1,16.25,2025-02-16 06:51:00+00:00,Unknown,16.25,2025,2,16
63485,46821,19533,1,48.25,2024-08-16 18:01:00+00:00,Unknown,48.25,2024,8,16
72225,46158,18840,1,47.25,2024-11-08 12:09:00+00:00,Unknown,47.25,2024,11,8
64934,46419,18999,1,52.0,2024-08-12 01:44:00+00:00,Unknown,52.0,2024,8,12
66316,46357,19297,1,58.8,2024-12-14 09:37:39+00:00,Unknown,58.8,2024,12,14
62915,47597,19308,2,63.75,2025-02-05 00:06:18+00:00,"920 Mosciski Plains, Lake Demetrius, AR 46671",127.5,2025,2,5
71852,46244,19552,2,43.5,2025-06-10 08:20:00+00:00,"6827 Lakin Tunnel, West Justinaview, SD 13883",87.0,2025,6,10
69910,46085,19329,1,64.75,2024-12-07 16:45:00+00:00,"72159 Shavonda Fall, North Sharee, IL 04275",64.75,2024,12,7
65174,45023,19518,2,33.59,2024-10-14 20:40:17+00:00,"Suite 231 894 Luciano Spring, West Rebecaview, WV 67744",67.18,2024,10,14
64289,47463,19137,1,51.5,2024-09-20 17:59:01+00:00,Unknown,51.5,2024,9,20
66961,45273,19316,1,27.59,2024-09-03 02:27:05+00:00,Unknown,27.59,2024,9,3
64586,46561,18841,1,20.5,2025-05-12 17:04:00+00:00,Unknown,20.5,2025,5,12
70769,47558,19349,1,42.25,2025-01-21 12:57:00+00:00,Unknown,42.25,2025,1,21
63387,46836,19587,3,36.5,2024-09-05 10:41:34+00:00,Unknown,109.5,2024,9,5
71267,47541,19349,2,40.25,2025-05-03 18:17:45+00:00,Unknown,80.5,2025,5,3
64169,44743,19559,1,69.0,2025-01-29 21:30:00+00:00,Unknown,69.0,2025,1,29
68404,46901,19346,1,36.5,2025-04-25 05:40:00+00:00,Unknown,36.5,2025,4,25
69990,46472,18962,1,60.0,2025-01-12 03:11:40+00:00,Unknown,60.0,2025,1,12
65239,47076,19472,1,66.0,2024-03-05 21:32:00+00:00,Unknown,66.0,2024,3,5
72380,46573,19583,1,56.99,2024-12-03 04:55:20+00:00,Unknown,56.99,2024,12,3
72615,46088,19083,1,51.75,2024-09-02 16:07:02+00:00,Unknown,51.75,2024,9,2
73421,45228,19285,1,72.9,2025-03-02 22:26:00+00:00,"129 Brigette Cape, Karrymouth, NV 94292",72.9,2025,3,2
65948,45510,19560,1,31.8,2025-06-04 19:58:21+00:00,Unknown,31.8,2025,6,4
67574,45286,19349,1,40.0,2025-02-05 11:02:43+00:00,Unknown,40.0,2025,2,5
71392,45480,19230,1,59.0,2024-08-01 08:45:30.188000+00:00,Unknown,59.0,2024,8,1
73820,45888,19445,2,59.5,2024-10-01 16:37:00+00:00,"Apt. 472 3217 Dach Branch, Stammburgh, OR 03707-1772",119.0,2024,10,1
69309,45778,18840,2,54.9,2024-11-22 03:42:00+00:00,"5878 Paris Flats, Colemanfort, NE 64086-4920",109.8,2024,11,22
62850,45442,19401,1,60.0,2024-11-24 21:34:02+00:00,Unknown,60.0,2024,11,24
65838,45496,18872,1,40.0,2024-07-13 19:06:19+00:00,Unknown,40.0,2024,7,13
68282,45793,19456,2,32.0,2024-09-15 12:24:07+00:00,"Apt. 238 3284 Murazik Islands, Minervaside, MN 23872-9593",64.0,2024,9,15
72473,45614,18956,1,62.4,2024-12-26 23:06:52.483000+00:00,Unknown,62.4,2024,12,26
67575,45344,19140,1,62.25,2024-05-19 10:49:27+00:00,Unknown,62.25,2024,5,19
69606,45946,19221,3,66.0,2024-08-01 22:59:22+00:00,"3642 Mueller Curve, Mariaborough, MO 87077-4585",198.0,2024,8,1
64151,45720,19319,1,37.5,2024-11-22 08:04:04+00:00,Unknown,37.5,2024,11,22
70351,44892,19258,1,70.99,2025-07-18 14:25:49.822000+00:00,Unknown,70.99,2025,7,18
64808,46175,19120,3,66.25,2024-09-17 22:45:11+00:00,"632 Schultz Isle, Mandyborough, IN 80857-5515",198.75,2024,9,17
67392,45122,19272,1,56.7,2025-01-28 05:25:02+00:00,Unknown,56.7,2025,1,28
73471,46347,19439,1,74.75,2025-03-24 16:24:00+00:00,"Apt. 930 29881 Abshire Street, Weldonport, IN 53974",74.75,2025,3,24
63284,47115,19233,1,70.0,2025-05-13 17:42:23+00:00,Unknown,70.0,2025,5,13
70288,47095,18911,1,70.25,2024-12-07 12:42:45+00:00,Unknown,70.25,2024,12,7
66546,47408,18844,5,42.0,2025-06-09 19:16:57+00:00,Unknown,210.0,2025,6,9
70286,44982,19079,1,33.6,2024-09-29 20:48:48+00:00,Unknown,33.6,2024,9,29
64019,45870,19215,3,22.8,2025-06-16 16:03:06+00:00,Unknown,68.4,2025,6,16
70921,46598,19441,1,20.25,2024-12-01 14:20:16+00:00,Unknown,20.25,2024,12,1
68057,45525,19277,1,75.0,2024-07-11 06:54:51+00:00,Unknown,75.0,2024,7,11
65517,45510,19056,1,24.0,2025-03-01 14:38:00+00:00,"Suite 894 81332 Clarence Hill, South Taneshaton, ME 72520",24.0,2025,3,1
71994,45127,19480,1,72.5,2025-04-28 16:51:50+00:00,Unknown,72.5,2025,4,28
71764,45553,19177,1,13.0,2024-10-19 12:00:27+00:00,Unknown,13.0,2024,10,19
69582,45472,19532,1,35.99,2025-07-07 08:04:30+00:00,"1622 Loren Motorway, Latashaview, TN 02018-3597",35.99,2025,7,7
69523,46593,18870,2,54.5,2025-01-13 20:10:38+00:00,"Suite 856 7228 Rowe Fork, New Alphonsetown, AL 88572-3606",109.0,2025,1,13
67202,47592,18971,1,69.59,2025-04-25 10:43:31+00:00,Unknown,69.59,2025,4,25
62778,45110,18955,1,70.99,2024-11-19 16:48:00+00:00,Unknown,70.99,2024,11,19
71840,44518,18988,1,59.5,2025-04-25 04:22:00+00:00,Unknown,59.5,2025,4,25
69850,46498,19515,1,79.2,2024-05-09 08:17:55+00:00,"27323 Young Club, New Teofilastad, PA 01531",79.2,2024,5,9
65894,44592,19515,1,76.8,2024-07-17 11:54:29.204000+00:00,Unknown,76.8,2024,7,17
63827,46739,19031,1,20.0,2024-09-01 05:14:27+00:00,Unknown,20.0,2024,9,1
64464,46351,19347,1,23.4,2024-12-23 06:52:58+00:00,"2199 Prohaska Rest, Terryfort, WY 30783",23.4,2024,12,23
71586,45478,19455,1,13.5,2024-10-11 10:25:16+00:00,Unknown,13.5,2024,10,11
72196,45669,19178,1,47.4,2024-09-03 04:27:00+00:00,Unknown,47.4,2024,9,3
64480,44825,19540,1,68.5,2024-05-15 21:42:14.029000+00:00,"Apt. 890 878 Aisha Lights, Stoltenbergburgh, TX 26580-3919",68.5,2024,5,15
71510,45677,19341,1,32.5,2024-09-29 19:02:50+00:00,Unknown,32.5,2024,9,29
73015,45211,19224,1,58.0,2024-10-31 15:58:09+00:00,Unknown,58.0,2024,10,31
66825,47027,19266,1,50.5,2025-01-23 01:31:02+00:00,Unknown,50.5,2025,1,23
70529,44517,19437,1,36.5,2025-07-26 12:11:49.168000+00:00,Unknown,36.5,2025,7,26
69963,47474,18953,1,59.0,2024-10-24 22:37:07+00:00,Unknown,59.0,2024,10,24
70721,47342,19125,1,17.99,2024-09-22 10:05:14+00:00,Unknown,17.99,2024,9,22
68852,44660,19265,1,47.75,2024-08-31 06:07:47+00:00,Unknown,47.75,2024,8,31
65640,45667,18898,1,87.6,2024-11-24 02:44:51+00:00,Unknown,87.6,2024,11,24
67968,46824,19141,1,54.0,2024-07-20 23:06:20+00:00,Unknown,54.0,2024,7,20
72095,46009,19479,2,57.0,2025-06-15 02:39:29+00:00,Unknown,114.0,2025,6,15
68817,45164,19043,2,16.25,2024-09-22 13:21:22+00:00,Unknown,32.5,2024,9,22
65575,46001,19525,2,73.5,2024-09-09 02:44:58+00:00,Unknown,147.0,2024,9,9
69087,46442,18984,2,15.25,2025-04-14 07:31:13.947000+00:00,Unknown,30.5,2025,4,14
73046,47183,19104,3,58.99,2024-10-24 21:29:47+00:00,Unknown,176.97,2024,10,24
66516,45415,19002,3,33.0,2025-04-29 23:15:00+00:00,Unknown,99.0,2025,4,29
63576,44489,19431,1,42.0,2025-01-19 11:58:28+00:00,"Suite 153 606 Kiehn Overpass, Powlowskifurt, LA 46437-9465",42.0,2025,1,19
69931,46186,19497,1,58.0,2024-05-20 21:05:01+00:00,Unknown,58.0,2024,5,20
64777,46236,19417,2,23.0,2025-01-01 14:29:55+00:00,"Apt. 632 872 Waelchi Street, East Guy, ID 29804",46.0,2025,1,1
66467,46197,18928,3,18.0,2024-08-26 05:48:35+00:00,Unknown,54.0,2024,8,26
66875,44955,19409,1,23.7,2025-02-22 15:13:41+00:00,"Suite 113 1715 Kiehn Alley, Lake Rufus, GA 75388",23.7,2025,2,22
65779,44943,19569,1,69.0,2025-08-03 23:55:25+00:00,Unknown,69.0,2025,8,3
68509,45486,19116,1,16.0,2024-09-12 06:15:22+00:00,Unknown,16.0,2024,9,12
71581,45348,19495,1,37.8,2025-04-08 23:21:47+00:00,Unknown,37.8,2025,4,8
70713,44920,19267,1,21.3,2025-02-15 01:39:00+00:00,Unknown,21.3,2025,2,15
67819,45517,19413,1,36.5,2024-10-13 02:12:00+00:00,Unknown,36.5,2024,10,13
69039,45299,19186,1,31.99,2024-10-08 09:32:00+00:00,Unknown,31.99,2024,10,8
68486,45900,19135,2,53.0,2024-04-26 05:11:00+00:00,Unknown,106.0,2024,4,26
73778,46466,19439,1,71.0,2025-04-16 21:56:00+00:00,"616 Porter Junction, Lake Corabury, GA 07985-1386",71.0,2025,4,16
65138,47035,19396,1,53.7,2025-03-08 09:59:10+00:00,Unknown,53.7,2025,3,8
67645,45451,19328,1,27.25,2024-11-05 00:10:15+00:00,Unknown,27.25,2024,11,5
70639,47130,19304,2,24.5,2024-08-27 23:23:33+00:00,"Apt. 580 802 Donnelly Tunnel, South Anthonymouth, IN 24811",49.0,2024,8,27
65533,45939,19180,1,53.4,2025-07-02 07:21:56+00:00,Unknown,53.4,2025,7,2
72724,44848,18905,1,56.0,2025-05-13 20:27:02+00:00,Unknown,56.0,2025,5,13
67294,46083,19562,1,61.5,2025-01-13 08:14:00+00:00,Unknown,61.5,2025,1,13
64152,47042,19239,2,73.0,2024-11-06 21:06:00+00:00,"Apt. 690 5926 Kip Crest, Zboncakport, KS 45297",146.0,2024,11,6
73955,47346,19225,3,67.99,2024-09-04 20:54:31+00:00,"537 Christoper Brook, Port Chere, CA 94201-5573",203.97,2024,9,4
63895,45401,19437,1,39.0,2024-12-13 05:08:10+00:00,Unknown,39.0,2024,12,13
68013,45316,19486,1,47.0,2024-10-21 14:56:55+00:00,"542 Pacocha Manors, Bethview, MT 48500-6506",47.0,2024,10,21
67076,47257,19503,1,20.99,2024-10-10 05:45:21.213000+00:00,Unknown,20.99,2024,10,10
64124,46178,19206,1,24.75,2024-10-07 03:30:00+00:00,Unknown,24.75,2024,10,7
72128,46744,19074,1,69.0,2024-10-18 12:28:00+00:00,"137 Cesar Park, Buddymouth, VT 91861-9888",69.0,2024,10,18
62863,46906,19125,1,17.75,2024-08-28 14:31:21+00:00,"Suite 994 268 Ruecker Junctions, South Maurohaven, VT 55924",17.75,2024,8,28
67378,46294,19392,1,46.0,2025-01-24 11:05:12+00:00,Unknown,46.0,2025,1,24
69568,46695,19244,1,57.9,2024-04-26 14:03:20+00:00,Unknown,57.9,2024,4,26
69984,45048,19214,1,40.5,2025-03-05 01:08:41+00:00,Unknown,40.5,2025,3,5
70486,47109,19536,2,68.25,2024-12-18 23:21:00+00:00,Unknown,136.5,2024,12,18
62952,45395,19460,1,34.0,2024-10-31 15:55:50.217000+00:00,Unknown,34.0,2024,10,31
66722,45779,18915,1,69.75,2024-12-20 04:53:00+00:00,Unknown,69.75,2024,12,20
62804,45819,19339,1,47.0,2025-02-11 09:46:57+00:00,Unknown,47.0,2025,2,11
66804,45272,18958,1,13.99,2025-02-13 01:43:00+00:00,Unknown,13.99,2025,2,13
64194,45180,19183,2,20.99,2025-06-18 13:15:00+00:00,Unknown,41.98,2025,6,18
69875,45651,18854,1,44.5,2025-06-10 19:15:25+00:00,Unknown,44.5,2025,6,10
71318,47090,18945,2,53.1,2025-03-30 15:37:22+00:00,Unknown,106.2,2025,3,30
67150,47075,18996,1,44.0,2025-03-31 10:13:00+00:00,Unknown,44.0,2025,3,31
72206,45940,19042,1,35.1,2025-01-28 22:34:03+00:00,"9269 Vena Road, Schummland, DE 47731",35.1,2025,1,28
69503,47204,19538,2,54.5,2025-06-10 12:02:00+00:00,Unknown,109.0,2025,6,10
64105,47182,19255,3,45.0,2025-02-24 07:33:00+00:00,Unknown,135.0,2025,2,24
69764,45902,19267,1,16.99,2024-10-26 18:41:00+00:00,Unknown,16.99,2024,10,26
64629,46782,19196,2,20.4,2024-08-02 09:59:48+00:00,Unknown,40.8,2024,8,2
71541,46066,19236,3,70.0,2024-12-19 08:33:54+00:00,Unknown,210.0,2024,12,19
65215,46341,18909,1,29.99,2024-05-21 14:17:00+00:00,Unknown,29.99,2024,5,21
63146,46787,18850,3,32.25,2025-01-02 21:31:21+00:00,Unknown,96.75,2025,1,2
67854,47132,19378,1,18.0,2025-01-13 11:15:18+00:00,"Apt. 496 39120 Donnette Rest, West Tonitaside, AZ 78063-0618",18.0,2025,1,13
69047,46061,18920,1,41.75,2025-04-05 18:24:57+00:00,Unknown,41.75,2025,4,5
71168,44912,19528,1,36.0,2025-01-21 11:43:49+00:00,"Apt. 187 51656 Neal Courts, New Toya, TX 20159-2693",36.0,2025,1,21
71770,45552,19375,2,26.1,2024-08-24 06:19:01.183000+00:00,Unknown,52.2,2024,8,24
68670,45148,19015,3,62.75,2024-09-20 22:19:35+00:00,Unknown,188.25,2024,9,20
64226,44732,19381,1,33.59,2024-07-04 03:12:00+00:00,Unknown,33.59,2024,7,4
68236,45269,19174,3,33.99,2025-07-08 03:03:18+00:00,Unknown,101.97,2025,7,8
71749,47198,19173,1,59.5,2024-06-17 12:42:02+00:00,Unknown,59.5,2024,6,17
66361,46029,18892,1,38.4,2024-10-13 16:10:33+00:00,Unknown,38.4,2024,10,13
67821,45461,19065,1,28.5,2024-08-08 07:41:41+00:00,Unknown,28.5,2024,8,8
64810,47138,19514,1,23.4,2025-04-01 16:48:00+00:00,"Suite 300 104 Curt Trafficway, East Virginia, FL 74159",23.4,2025,4,1
69014,44741,19201,1,37.5,2025-07-07 10:56:00+00:00,"5675 Yost Rue, East Grantland, OK 99543",37.5,2025,7,7
64763,45170,18966,1,56.5,2024-08-08 03:22:26+00:00,Unknown,56.5,2024,8,8
69633,47456,19073,1,89.4,2024-10-12 23:29:00+00:00,Unknown,89.4,2024,10,12
63421,45224,18867,1,57.75,2025-01-28 14:39:25+00:00,Unknown,57.75,2025,1,28
73230,46457,19521,1,17.75,2024-05-18 09:50:21+00:00,Unknown,17.75,2024,5,18
65041,47234,19217,1,34.2,2024-10-29 03:13:00+00:00,Unknown,34.2,2024,10,29
68912,46729,19268,2,45.0,2025-03-03 18:27:52+00:00,Unknown,90.0,2025,3,3
67491,45530,19062,2,17.5,2025-02-11 04:37:29.434000+00:00,Unknown,35.0,2025,2,11
67101,46355,19279,2,18.5,2025-04-23 07:47:10.984000+00:00,Unknown,37.0,2025,4,23
73001,45590,19301,2,70.0,2024-10-14 13:39:53+00:00,"Suite 898 561 Roob Light, Lake Reinaldo, KY 90092",140.0,2024,10,14
65101,47214,19195,1,84.0,2025-08-01 01:38:37+00:00,Unknown,84.0,2025,8,1
71386,46281,18931,3,42.9,2024-10-28 22:38:00+00:00,Unknown,128.7,2024,10,28
63757,44348,19579,1,25.5,2024-09-15 01:25:35+00:00,Unknown,25.5,2024,9,15
72037,47578,19300,1,74.75,2025-07-23 20:39:51+00:00,Unknown,74.75,2025,7,23
72564,45461,19558,1,33.99,2025-07-16 13:19:42+00:00,"Apt. 380 8990 Lemke Points, Donnieshire, IA 67282-9376",33.99,2025,7,16
64883,44732,18994,3,40.5,2024-11-05 09:42:00+00:00,Unknown,121.5,2024,11,5
64947,46154,19506,1,59.5,2024-12-15 02:19:00+00:00,Unknown,59.5,2024,12,15
72480,45100,19457,1,29.25,2024-10-22 13:33:00+00:00,"Apt. 105 9358 Rita Alley, Lake Scott, AR 22967-0343",29.25,2024,10,22
72983,47216,18857,1,70.0,2024-11-14 05:11:02+00:00,Unknown,70.0,2024,11,14
71105,46746,18857,1,87.59,2024-04-07 03:11:00+00:00,Unknown,87.59,2024,4,7
66645,47142,19318,3,23.99,2025-01-15 05:30:00+00:00,Unknown,71.97,2025,1,15
69965,47333,19317,1,19.5,2024-10-10 04:26:00+00:00,"Suite 128 59578 Cassidy Lane, Jonnaville, NH 42727-1775",19.5,2024,10,10
70587,46484,18859,3,52.0,2025-05-26 06:24:16+00:00,Unknown,156.0,2025,5,26
63806,47328,19308,1,69.6,2025-01-31 01:06:03+00:00,Unknown,69.6,2025,1,31
70301,46891,19143,2,37.5,2024-12-17 15:02:00+00:00,Unknown,75.0,2024,12,17
72009,45755,19226,1,28.8,2024-12-03 11:30:00+00:00,Unknown,28.8,2024,12,3
66649,46977,19554,1,59.5,2024-11-08 20:26:26+00:00,Unknown,59.5,2024,11,8
72784,45250,19304,5,27.5,2024-06-05 15:23:59+00:00,Unknown,137.5,2024,6,5
71809,44869,18908,1,48.5,2025-06-05 05:12:15+00:00,"Suite 481 148 Gutmann Forks, Port Jerry, MT 87619",48.5,2025,6,5
70922,46215,19059,1,68.39,2024-09-24 09:21:48+00:00,"33433 Jessie Center, Port Vennie, RI 51667-5717",68.39,2024,9,24
73643,47454,19314,1,33.5,2024-12-29 09:05:07+00:00,"Suite 346 76130 McDermott Spring, Bobbiehaven, OR 46097-9090",33.5,2024,12,29
65165,46764,19243,1,46.8,2025-02-04 03:46:00+00:00,Unknown,46.8,2025,2,4
69235,46246,19350,1,25.75,2025-03-15 06:00:00+00:00,Unknown,25.75,2025,3,15
63771,45396,18924,2,33.0,2024-09-13 22:47:16+00:00,Unknown,66.0,2024,9,13
71019,44663,19424,1,23.99,2025-05-07 16:51:00+00:00,Unknown,23.99,2025,5,7
70200,46642,18902,1,24.0,2025-04-09 17:15:03+00:00,"Apt. 965 24030 Schiller Trace, Lake Sammytown, IN 95286-4700",24.0,2025,4,9
68800,45331,19392,1,57.3,2024-06-14 03:07:07+00:00,"Suite 773 49637 Schoen Passage, Christiansenchester, IN 27032-6922",57.3,2024,6,14
66431,46963,19051,3,71.5,2024-11-14 14:09:11+00:00,Unknown,214.5,2024,11,14
72638,47518,18970,4,47.0,2025-07-07 20:03:00+00:00,Unknown,188.0,2025,7,7
67757,44592,19302,1,28.0,2024-10-08 08:55:11+00:00,Unknown,28.0,2024,10,8
73892,44802,19299,4,31.5,2024-10-22 14:41:00+00:00,Unknown,126.0,2024,10,22
63301,47415,18902,2,18.0,2025-03-24 12:08:00+00:00,Unknown,36.0,2025,3,24
64969,46044,19230,1,58.99,2024-07-28 06:09:00+00:00,"Apt. 116 9264 MacGyver Avenue, Codyfort, ND 07587-0313",58.99,2024,7,28
63736,44682,19226,2,24.5,2024-10-10 21:17:11+00:00,Unknown,49.0,2024,10,10
64267,46095,19449,3,49.99,2025-03-04 18:29:13+00:00,"2366 Abdul Curve, Kuphalmouth, WY 27208",149.97,2025,3,4
69983,45995,18944,1,13.75,2024-11-28 05:43:11+00:00,Unknown,13.75,2024,11,28
65471,45610,18868,1,26.0,2024-07-11 21:32:40+00:00,Unknown,26.0,2024,7,11
68786,45737,18845,1,61.5,2025-07-15 20:45:20+00:00,Unknown,61.5,2025,7,15
66180,47399,19295,1,39.99,2024-12-28 12:47:55+00:00,Unknown,39.99,2024,12,28
65677,46761,18894,1,23.99,2025-10-16 08:07:18+00:00,Unknown,23.99,2025,10,16
64101,47496,19317,1,24.9,2024-09-22 15:59:34+00:00,Unknown,24.9,2024,9,22
65224,44907,18983,4,34.99,2025-06-06 18:08:00+00:00,Unknown,139.96,2025,6,6
66966,45255,18841,4,17.0,2024-04-16 21:56:38+00:00,Unknown,68.0,2024,4,16
72104,46697,18926,2,33.0,2024-05-01 04:56:15+00:00,Unknown,66.0,2024,5,1
69806,46189,19302,3,35.1,2025-05-13 16:07:40+00:00,Unknown,105.3,2025,5,13
62810,44717,19406,1,71.4,2024-08-22 13:10:46+00:00,"Suite 134 253 Sawayn Vista, East Laurena, AK 15475",71.4,2024,8,22
69484,47266,19032,1,69.0,2024-10-23 20:54:57.496000+00:00,Unknown,69.0,2024,10,23
63985,45591,19011,3,52.0,2025-06-05 23:26:18+00:00,Unknown,156.0,2025,6,5
65496,44926,19341,1,38.4,2025-04-09 05:55:37+00:00,"Apt. 496 5891 Brant Place, Herzogburgh, CA 93315-6088",38.4,2025,4,9
64717,45812,19337,2,78.6,2024-12-10 21:05:13.780000+00:00,Unknown,157.2,2024,12,10
73615,46312,18887,1,48.99,2025-05-12 04:07:00+00:00,Unknown,48.99,2025,5,12
65924,44778,18845,1,72.3,2024-10-17 17:04:00+00:00,Unknown,72.3,2024,10,17
71455,45870,19126,1,33.0,2024-11-08 12:15:30.832000+00:00,Unknown,33.0,2024,11,8
67030,46330,19371,2,64.5,2025-05-10 04:40:00.799000+00:00,"534 Louis Park, Erinfurt, AZ 30515",129.0,2025,5,10
69572,45654,18917,1,69.0,2024-11-22 00:32:10+00:00,"69165 Jaime Summit, West Walterfort, SD 98333-3054",69.0,2024,11,22
64081,44489,19383,1,58.25,2025-06-06 12:35:50+00:00,Unknown,58.25,2025,6,6
66977,46670,19050,2,68.0,2025-04-09 10:16:07+00:00,"550 Thomas Brooks, Teodoraside, NM 21885",136.0,2025,4,9
73947,45943,19183,4,18.0,2025-02-16 22:59:00+00:00,Unknown,72.0,2025,2,16
65525,47189,19426,4,40.0,2024-12-07 15:13:33+00:00,Unknown,160.0,2024,12,7
71427,46460,19392,1,57.6,2025-07-28 06:55:40+00:00,Unknown,57.6,2025,7,28
72154,44934,18940,3,18.5,2025-02-24 01:19:15+00:00,Unknown,55.5,2025,2,24
69801,45723,19464,1,46.0,2024-12-17 01:17:38+00:00,Unknown,46.0,2024,12,17
70793,45574,19201,2,37.5,2024-09-12 08:53:00+00:00,Unknown,75.0,2024,9,12
70883,46122,18858,1,15.75,2024-08-07 08:37:46+00:00,Unknown,15.75,2024,8,7
64678,45581,19450,1,31.0,2024-07-19 21:07:18+00:00,Unknown,31.0,2024,7,19
68413,46778,18848,1,17.99,2025-04-02 04:58:00+00:00,Unknown,17.99,2025,4,2
67728,44648,18896,1,27.0,2025-01-05 03:09:55.835000+00:00,Unknown,27.0,2025,1,5
66013,46939,19174,4,39.6,2025-01-26 16:25:00+00:00,"Suite 635 41755 Kerri Mission, Port Juan, IA 72365",158.4,2025,1,26
68032,45730,18892,1,30.99,2025-01-18 10:43:00+00:00,Unknown,30.99,2025,1,18
65528,46264,18943,1,73.5,2024-07-01 02:50:00+00:00,"34199 Kim Plains, New Kennethberg, AK 24862",73.5,2024,7,1
69412,44523,19304,1,28.2,2024-11-05 23:11:39+00:00,Unknown,28.2,2024,11,5
68613,45413,19074,1,74.0,2025-01-31 02:31:52+00:00,Unknown,74.0,2025,1,31
63277,46078,19026,1,22.99,2024-09-26 14:16:54+00:00,Unknown,22.99,2024,9,26
63030,44907,19426,2,42.5,2025-06-12 07:56:30+00:00,"31317 Ileana Brook, North Kimberliview, NY 22798",85.0,2025,6,12
72899,44800,19516,3,39.25,2024-09-29 06:47:54+00:00,Unknown,117.75,2024,9,29
65212,45505,19328,1,26.75,2025-07-18 14:54:32+00:00,"Apt. 477 867 Boehm Street, New Lornaburgh, MA 46643",26.75,2025,7,18
63179,44851,19106,2,44.0,2025-05-11 12:01:07.345000+00:00,Unknown,88.0,2025,5,11
64362,45317,19194,1,39.0,2025-04-14 00:50:53+00:00,"632 Cronin Union, Carlosport, NM 65534",39.0,2025,4,14
70784,46314,19018,1,19.5,2025-01-19 09:24:58+00:00,Unknown,19.5,2025,1,19
63158,44808,18981,4,69.75,2024-11-11 05:01:16+00:00,Unknown,279.0,2024,11,11
65328,46137,19165,1,28.25,2025-03-24 18:35:38+00:00,Unknown,28.25,2025,3,24
70556,47590,18848,1,20.0,2024-08-02 18:43:21+00:00,Unknown,20.0,2024,8,2
65819,44665,19371,1,64.0,2024-12-27 11:41:00+00:00,Unknown,64.0,2024,12,27
69746,46613,19254,3,52.5,2024-09-17 19:37:45+00:00,Unknown,157.5,2024,9,17
72916,46624,18890,1,80.4,2024-11-09 00:02:03+00:00,"Apt. 437 404 Jonna Ridges, New Olivia, WI 79994",80.4,2024,11,9
65484,47091,19133,1,25.75,2025-01-06 16:30:59+00:00,Unknown,25.75,2025,1,6
71440,47019,19571,1,15.75,2024-12-19 16:15:00+00:00,Unknown,15.75,2024,12,19
72864,47262,19590,1,35.1,2025-02-05 08:51:19+00:00,Unknown,35.1,2025,2,5
68585,45517,19275,1,53.5,2025-01-08 14:59:09+00:00,Unknown,53.5,2025,1,8
67115,46527,18989,5,45.0,2025-01-03 15:38:16.109000+00:00,Unknown,225.0,2025,1,3
67468,47075,19036,1,84.9,2025-06-23 22:19:00+00:00,Unknown,84.9,2025,6,23
65633,46751,18988,1,75.59,2024-12-13 08:15:36+00:00,"Apt. 821 4834 Koepp Roads, Port Lavettefort, ND 81391-7202",75.59,2024,12,13
63961,44794,19009,1,85.19,2025-02-22 00:08:33+00:00,Unknown,85.19,2025,2,22
66366,44706,18863,1,27.99,2025-08-08 04:23:05.019000+00:00,Unknown,27.99,2025,8,8
71519,45332,19481,1,68.5,2024-08-25 00:32:00+00:00,"267 Daniel Centers, New Marcelinofurt, PA 44079",68.5,2024,8,25
71700,44698,19332,1,41.25,2025-02-07 11:15:32+00:00,Unknown,41.25,2025,2,7
72511,47170,19127,1,58.0,2024-10-18 04:27:04+00:00,Unknown,58.0,2024,10,18
64784,44338,19493,1,65.0,2024-06-20 10:07:00+00:00,Unknown,65.0,2024,6,20
63256,45157,19013,1,53.7,2024-09-19 01:15:41.114000+00:00,Unknown,53.7,2024,9,19
64637,45236,19039,2,45.25,2024-07-27 05:35:54+00:00,Unknown,90.5,2024,7,27
63917,46750,19238,1,25.8,2024-10-03 12:39:05+00:00,"71045 Lyndia Extension, West Daren, AZ 00108",25.8,2024,10,3
67808,47443,19478,3,68.7,2024-11-21 00:45:00+00:00,Unknown,206.1,2024,11,21
69838,45668,19027,1,71.99,2025-02-07 12:14:41+00:00,"Suite 571 80385 Luciano Ramp, Bauchborough, OR 55843-4360",71.99,2025,2,7
67157,47560,18840,1,49.0,2025-07-20 23:53:40+00:00,Unknown,49.0,2025,7,20
67879,46974,19536,1,68.0,2024-10-18 06:21:51+00:00,Unknown,68.0,2024,10,18
71376,45729,19174,1,31.5,2025-05-20 05:50:48+00:00,Unknown,31.5,2025,5,20
63133,45626,19266,1,46.0,2025-08-19 12:05:00+00:00,Unknown,46.0,2025,8,19
66242,44855,19475,2,42.0,2024-08-24 19:04:36+00:00,Unknown,84.0,2024,8,24
66332,46903,19450,2,38.4,2025-01-27 03:18:15+00:00,Unknown,76.8,2025,1,27
66635,47302,19371,1,79.2,2024-10-04 19:18:22+00:00,Unknown,79.2,2024,10,4
72512,45460,18990,1,48.25,2025-02-18 16:29:16+00:00,Unknown,48.25,2025,2,18
68700,45989,19377,1,50.0,2025-03-23 02:47:40+00:00,Unknown,50.0,2025,3,23
67161,44663,19113,4,74.0,2025-05-07 16:56:41+00:00,Unknown,296.0,2025,5,7
71453,44916,19350,1,30.0,2024-04-16 20:04:37+00:00,"Apt. 667 424 Willms Pass, East Courtneybury, IL 89785",30.0,2024,4,16
70392,46879,19484,1,50.5,2024-06-14 15:51:00+00:00,Unknown,50.5,2024,6,14
72659,46182,19443,1,24.99,2025-10-04 05:09:51+00:00,Unknown,24.99,2025,10,4
67154,45224,18974,5,39.0,2025-10-19 13:04:00+00:00,Unknown,195.0,2025,10,19
70646,44624,19133,2,26.5,2024-12-01 11:02:22+00:00,Unknown,53.0,2024,12,1
65348,47215,19542,1,58.0,2025-01-30 09:49:57+00:00,"Apt. 272 37035 Wisoky Spurs, Willardshire, MS 97340-0611",58.0,2025,1,30
65183,47593,19449,1,58.2,2024-07-14 06:27:18+00:00,Unknown,58.2,2024,7,14
64541,46330,18975,2,55.99,2024-09-18 18:20:50+00:00,Unknown,111.98,2024,9,18
70693,45417,18840,2,54.0,2024-12-10 21:36:57+00:00,"Apt. 445 914 Kenyetta Isle, East Brett, FL 12147",108.0,2024,12,10
70599,44625,19353,1,14.0,2024-05-07 09:09:41.792000+00:00,"641 Courtney Circles, Gorczanymouth, FL 43370-7545",14.0,2024,5,7
67290,47097,18874,1,55.25,2025-02-17 05:59:26+00:00,Unknown,55.25,2025,2,17
66723,44997,18898,1,74.99,2025-04-22 11:19:47+00:00,"41395 Powlowski Villages, East Joaquina, AZ 23988",74.99,2025,4,22
71542,44995,19049,1,57.75,2025-05-25 20:15:18+00:00,"Suite 255 37606 Ana Square, Porterhaven, AR 43728",57.75,2025,5,25
68471,46588,19241,1,37.99,2024-10-08 13:13:19+00:00,Unknown,37.99,2024,10,8
66261,47161,18909,1,25.0,2025-01-20 03:46:00+00:00,"4361 Sipes Lakes, Elanaborough, MN 94706",25.0,2025,1,20
73168,44385,19552,1,36.99,2024-11-16 13:44:29.163000+00:00,Unknown,36.99,2024,11,16
63016,46756,18890,1,68.0,2024-08-19 11:41:06.483000+00:00,Unknown,68.0,2024,8,19
64421,46237,19526,1,79.8,2024-12-01 04:00:05+00:00,"Apt. 910 476 Eda Field, South Junie, IN 20490-0272",79.8,2024,12,1
62907,45166,18872,1,42.99,2024-07-19 17:39:33+00:00,Unknown,42.99,2024,7,19
71142,44461,18850,2,31.0,2024-07-11 03:15:55+00:00,Unknown,62.0,2024,7,11
63769,47270,18880,1,71.0,2024-09-02 13:31:50+00:00,Unknown,71.0,2024,9,2
65960,47542,19535,1,83.99,2025-09-03 12:16:28+00:00,Unknown,83.99,2025,9,3
70297,45289,18984,3,16.25,2024-09-10 00:33:19+00:00,"638 Boyle Well, West Bariside, CT 13475",48.75,2024,9,10
71599,44591,19589,2,59.0,2025-07-05 09:04:22+00:00,"5123 Cummerata Rapid, Graciahaven, AZ 84979",118.0,2025,7,5
71284,45798,19143,1,31.5,2024-09-16 00:11:42.956000+00:00,Unknown,31.5,2024,9,16
72550,45195,18912,1,76.5,2024-01-10 01:02:02+00:00,"Suite 945 941 Hyatt Prairie, Laurieberg, NJ 10038-5092",76.5,2024,1,10
66617,45755,19213,1,32.0,2024-08-30 18:19:59+00:00,Unknown,32.0,2024,8,30
64270,44910,18973,1,51.0,2024-10-07 21:31:05+00:00,Unknown,51.0,2024,10,7
71488,46941,19243,1,47.7,2024-08-26 09:39:24+00:00,Unknown,47.7,2024,8,26
65692,46888,19248,2,67.2,2024-11-03 17:37:00+00:00,"Suite 675 37475 Randy Vista, New Margret, AZ 47108-9691",134.4,2024,11,3
63939,47568,19513,3,27.75,2024-11-01 14:39:29+00:00,Unknown,83.25,2024,11,1
66320,47213,18927,1,67.5,2025-01-19 05:13:01+00:00,Unknown,67.5,2025,1,19
64675,46477,19384,2,23.0,2024-10-11 21:21:16.937000+00:00,Unknown,46.0,2024,10,11
72507,44914,18974,2,41.5,2024-07-25 01:10:45+00:00,Unknown,83.0,2024,7,25
65980,46778,19264,1,75.6,2024-10-01 21:42:00+00:00,"Apt. 877 46337 Jacinto Islands, Kristalville, MI 39285-8994",75.6,2024,10,1
69333,45728,18970,1,55.5,2024-12-09 05:38:00+00:00,Unknown,55.5,2024,12,9
73801,44490,19315,3,63.0,2025-02-14 14:39:08+00:00,Unknown,189.0,2025,2,14
66234,45549,18842,1,69.3,2024-09-13 09:28:00+00:00,Unknown,69.3,2024,9,13
71945,45074,19004,5,80.4,2025-05-13 17:27:24+00:00,Unknown,402.0,2025,5,13
65466,45365,19076,1,20.0,2024-10-17 18:18:41.426000+00:00,Unknown,20.0,2024,10,17
70660,46341,19021,1,40.8,2024-08-10 16:10:14+00:00,Unknown,40.8,2024,8,10
69040,46058,19394,1,17.0,2024-08-13 12:11:00+00:00,Unknown,17.0,2024,8,13
64143,44727,19044,2,61.25,2024-06-24 03:30:16+00:00,Unknown,122.5,2024,6,24
64582,47273,19359,1,48.75,2025-01-11 20:11:00+00:00,Unknown,48.75,2025,1,11
66494,46177,18846,2,22.0,2024-05-07 10:34:13+00:00,"602 Anderson Unions, Hyattchester, OK 08668",44.0,2024,5,7
69914,45639,19183,1,15.0,2024-09-07 18:16:56+00:00,Unknown,15.0,2024,9,7
65398,45998,19045,4,43.5,2024-08-14 12:40:29+00:00,Unknown,174.0,2024,8,14
73714,45950,19240,1,64.5,2025-02-20 12:58:15+00:00,Unknown,64.5,2025,2,20
69221,47388,19102,1,64.0,2024-07-27 06:21:16+00:00,Unknown,64.0,2024,7,27
69702,46134,19379,1,56.75,2024-08-01 03:26:49+00:00,"4993 Franecki Gardens, Dorettabury, CA 68355",56.75,2024,8,1
71657,45407,19152,1,29.25,2025-01-09 21:17:33+00:00,"Apt. 892 49215 Luettgen Extension, Harveyside, NE 20783",29.25,2025,1,9
72973,46771,19067,1,41.25,2024-07-12 08:29:00+00:00,Unknown,41.25,2024,7,12
71462,45236,18976,1,23.75,2025-01-13 01:01:33+00:00,"933 Kozey Knolls, Rudolfbury, VT 75278",23.75,2025,1,13
65557,46955,19509,3,55.5,2025-01-27 21:02:00+00:00,Unknown,166.5,2025,1,27
70759,45714,19020,2,16.0,2024-12-14 11:28:36+00:00,Unknown,32.0,2024,12,14
67414,44845,18873,3,86.4,2024-11-03 14:01:35+00:00,Unknown,259.2,2024,11,3
66330,47493,19508,2,41.99,2024-08-28 20:48:36.313000+00:00,Unknown,83.98,2024,8,28
72004,44404,19305,1,54.75,2024-09-27 18:35:00+00:00,Unknown,54.75,2024,9,27
65391,46322,19078,1,64.8,2025-03-19 17:51:34.088000+00:00,Unknown,64.8,2025,3,19
72639,44568,19044,1,74.4,2024-10-25 14:33:00+00:00,Unknown,74.4,2024,10,25
67529,45295,18860,1,44.25,2024-10-01 18:49:00+00:00,Unknown,44.25,2024,10,1
70525,45731,19141,1,65.4,2024-12-07 23:21:00+00:00,Unknown,65.4,2024,12,7
63326,44993,19239,1,88.2,2024-07-25 09:35:46+00:00,Unknown,88.2,2024,7,25
66957,46945,19196,1,17.7,2024-09-20 08:42:05+00:00,Unknown,17.7,2024,9,20
66621,46165,18952,1,60.0,2024-10-07 02:25:08.289000+00:00,Unknown,60.0,2024,10,7
70601,46622,19461,1,68.0,2025-01-03 03:14:28+00:00,Unknown,68.0,2025,1,3
67856,44358,18974,1,38.99,2024-09-21 06:53:00+00:00,Unknown,38.99,2024,9,21
67514,44916,19177,1,20.39,2025-02-27 08:07:57+00:00,Unknown,20.39,2025,2,27
63494,47295,19426,1,42.75,2024-11-20 20:27:06+00:00,Unknown,42.75,2024,11,20
72227,46298,19136,3,50.5,2024-11-14 03:56:23+00:00,"Apt. 993 45961 Rogahn Parkways, North Joline, FL 87096",151.5,2024,11,14
69344,45802,19527,1,88.8,2025-01-17 13:31:07+00:00,Unknown,88.8,2025,1,17
67222,45242,19476,1,17.75,2025-04-03 16:11:19+00:00,"6641 Jeannette Road, Grimeston, ME 62317",17.75,2025,4,3
71107,45775,19038,1,59.25,2025-03-14 10:41:00+00:00,Unknown,59.25,2025,3,14
70672,44914,18929,1,46.0,2025-02-10 13:10:00+00:00,"23705 Salena Street, East Tammybury, AZ 45804-7400",46.0,2025,2,10
64618,46829,19025,4,45.3,2025-08-23 04:07:00+00:00,"Suite 166 32957 Thiel Junctions, Christopherberg, PA 18904-2800",181.2,2025,8,23
65007,44755,19103,1,32.0,2025-09-16 22:14:04+00:00,Unknown,32.0,2025,9,16
69925,46756,19139,3,61.75,2025-05-30 05:02:00+00:00,"50289 Blaine Overpass, West Edward, SC 50608",185.25,2025,5,30
72633,45029,19085,1,59.5,2025-02-25 05:17:08+00:00,Unknown,59.5,2025,2,25
66420,47352,18902,1,20.4,2024-10-25 05:17:00+00:00,Unknown,20.4,2024,10,25
64264,45181,19320,2,27.5,2025-03-03 23:08:00+00:00,"Apt. 406 4813 Fritsch Shores, West Lenny, SD 26399-0369",55.0,2025,3,3
73458,45398,18980,1,63.0,2024-06-17 12:20:07+00:00,"Suite 149 675 Reynaldo Glens, West Aja, KY 41738-0725",63.0,2024,6,17
70715,44474,19097,1,82.79,2024-04-25 08:28:51+00:00,"Suite 714 684 Botsford Pine, Tannerville, CA 17350",82.79,2024,4,25
68954,47002,19356,1,50.75,2025-05-23 06:06:04+00:00,Unknown,50.75,2025,5,23
71038,45578,19506,1,61.0,2024-08-14 18:50:00+00:00,Unknown,61.0,2024,8,14
67733,46537,19301,1,84.9,2025-02-23 11:43:00+00:00,Unknown,84.9,2025,2,23
73282,47447,19171,1,49.2,2025-03-06 04:40:46+00:00,Unknown,49.2,2025,3,6
65965,47194,19149,1,26.1,2024-12-24 14:20:52+00:00,Unknown,26.1,2024,12,24
65934,46092,19021,2,43.5,2024-12-10 19:58:58+00:00,Unknown,87.0,2024,12,10
71139,45783,19397,1,29.0,2025-01-04 01:41:27+00:00,Unknown,29.0,2025,1,4
65503,47088,19002,1,22.0,2024-09-26 10:12:22+00:00,Unknown,22.0,2024,9,26
66397,45577,18911,5,79.19,2024-07-13 21:37:29.315000+00:00,"Apt. 713 38311 Pollich Brook, East Korey, MT 33599",395.95,2024,7,13
66360,47432,19321,3,55.8,2024-12-12 00:10:42+00:00,Unknown,167.4,2024,12,12
73880,47441,19323,1,54.9,2025-03-18 02:27:23+00:00,"800 Hagenes Lodge, Rosenbaumchester, MN 86684-6176",54.9,2025,3,18
64041,45803,19158,1,67.25,2024-11-14 21:57:15+00:00,"Apt. 732 769 Kemmer Avenue, Hectorport, MS 78842",67.25,2024,11,14
68813,44460,18975,1,52.5,2024-07-06 04:23:49+00:00,Unknown,52.5,2024,7,6
66510,45700,18851,1,76.8,2024-05-13 16:28:00+00:00,Unknown,76.8,2024,5,13
72773,45557,19518,2,30.0,2024-12-10 06:13:00+00:00,"224 Lesch Crossing, North Janellechester, CO 01023",60.0,2024,12,10
73119,44472,19463,1,76.2,2024-10-08 10:31:12+00:00,Unknown,76.2,2024,10,8
64757,44675,19110,3,57.0,2024-11-27 11:10:17+00:00,Unknown,171.0,2024,11,27
73270,44913,19069,3,44.0,2024-09-04 23:10:56+00:00,Unknown,132.0,2024,9,4
63708,44590,18898,1,74.5,2025-04-07 17:52:12+00:00,Unknown,74.5,2025,4,7
73564,47507,18964,4,58.79,2024-10-31 04:51:17.566000+00:00,Unknown,235.16,2024,10,31
64662,46150,19490,1,52.25,2024-12-12 18:49:50+00:00,Unknown,52.25,2024,12,12
71653,46906,19095,1,71.4,2024-10-25 16:54:00+00:00,"Suite 994 268 Ruecker Junctions, South Maurohaven, VT 55924",71.4,2024,10,25
62905,46209,19423,1,33.0,2024-06-01 09:15:00+00:00,"Suite 195 7999 Elmer Prairie, Port Jeanette, TN 85693",33.0,2024,6,1
63410,46034,19410,1,48.75,2024-07-01 21:35:40+00:00,Unknown,48.75,2024,7,1
67485,45246,19432,1,28.75,2025-07-21 16:56:06+00:00,"2823 Jerde Ports, Lake Jodyhaven, NM 96374",28.75,2025,7,21
65847,45826,18911,2,70.5,2024-08-17 04:44:00+00:00,"Suite 410 1327 Randell Plains, Lake Adolph, MA 98149-4404",141.0,2024,8,17
71546,47307,19337,1,64.5,2024-11-07 12:03:00+00:00,Unknown,64.5,2024,11,7
66433,44458,18934,1,16.75,2025-03-29 13:28:22+00:00,"19728 Lockman Keys, Precioushaven, AL 63060",16.75,2025,3,29
73517,45807,19147,1,29.4,2024-09-05 02:38:27.910000+00:00,Unknown,29.4,2024,9,5
68586,47231,18994,1,39.5,2025-04-01 09:13:13+00:00,Unknown,39.5,2025,4,1
72374,45701,19314,1,30.5,2024-12-02 00:11:45+00:00,Unknown,30.5,2024,12,2
71063,44739,19559,1,69.75,2024-10-20 00:41:10+00:00,Unknown,69.75,2024,10,20
67353,44369,19252,1,25.75,2025-02-26 08:17:56+00:00,Unknown,25.75,2025,2,26
70142,44782,19567,1,46.0,2024-11-12 05:07:23+00:00,"1322 Johns Centers, Port Ivanmouth, TX 74712",46.0,2024,11,12
68776,47056,19033,1,30.25,2025-01-14 05:11:00+00:00,"Suite 880 7602 Petronila Knolls, Rempelmouth, LA 03861-7890",30.25,2025,1,14
69201,47317,18954,1,38.7,2025-04-08 16:13:20.926000+00:00,Unknown,38.7,2025,4,8
71569,47196,19367,1,51.0,2025-05-03 16:34:00+00:00,Unknown,51.0,2025,5,3
67234,46561,18941,1,59.75,2025-02-23 17:40:12+00:00,Unknown,59.75,2025,2,23
64497,47541,19104,1,60.0,2025-05-19 06:59:00+00:00,Unknown,60.0,2025,5,19
67175,45030,19472,1,68.0,2025-02-27 18:11:59+00:00,Unknown,68.0,2025,2,27
64089,46995,19335,1,12.25,2024-05-22 04:12:55+00:00,"Apt. 868 774 Schmitt Port, West Michaeltown, NJ 29048",12.25,2024,5,22
69598,44548,19424,2,24.3,2024-09-29 01:37:23+00:00,Unknown,48.6,2024,9,29
72311,46201,19039,1,45.75,2024-05-29 17:25:00+00:00,Unknown,45.75,2024,5,29
72914,44906,19206,1,26.0,2024-10-24 21:56:00+00:00,Unknown,26.0,2024,10,24
66771,47372,19588,2,63.5,2024-06-08 17:19:41+00:00,Unknown,127.0,2024,6,8
68148,46241,19145,2,70.75,2024-06-09 19:28:28+00:00,Unknown,141.5,2024,6,9
66003,45664,18901,1,89.99,2024-06-18 11:39:43+00:00,Unknown,89.99,2024,6,18
66406,44348,19546,1,45.0,2024-09-30 14:54:18+00:00,Unknown,45.0,2024,9,30
64631,44531,19326,1,28.5,2024-10-19 22:23:00+00:00,Unknown,28.5,2024,10,19
65236,46229,18957,1,72.0,2024-11-25 15:30:47+00:00,Unknown,72.0,2024,11,25
65279,45503,19216,1,63.25,2024-05-17 13:19:00+00:00,Unknown,63.25,2024,5,17
65748,46936,19077,1,45.0,2025-05-27 13:58:05+00:00,"Apt. 744 285 Camie Neck, New Miquel, CO 64984",45.0,2025,5,27
66794,44520,19222,3,55.0,2024-06-21 12:27:38+00:00,Unknown,165.0,2024,6,21
66281,45280,18849,1,38.1,2024-10-09 09:28:04+00:00,Unknown,38.1,2024,10,9
68349,45178,19435,2,85.8,2025-01-24 23:23:04+00:00,Unknown,171.6,2025,1,24
73530,46378,19204,5,62.39,2024-11-22 15:32:00+00:00,"Apt. 675 30290 Randell Orchard, McCulloughside, CT 44213",311.95,2024,11,22
63713,44432,19227,1,54.0,2024-11-29 14:32:21+00:00,Unknown,54.0,2024,11,29
65081,45456,19452,1,46.79,2024-03-23 03:27:32+00:00,Unknown,46.79,2024,3,23
66322,46529,19495,2,38.4,2025-02-21 16:01:01+00:00,Unknown,76.8,2025,2,21
68914,44823,19557,1,54.0,2025-03-21 14:34:34+00:00,Unknown,54.0,2025,3,21
71978,47343,19417,3,28.2,2024-07-22 18:58:34+00:00,"Suite 100 7886 Brown Haven, South Margertstad, KY 99773-2682",84.6,2024,7,22
67352,46296,19571,1,14.25,2025-03-11 14:06:00+00:00,"Suite 195 610 Kulas Greens, Port Sonny, KY 53422",14.25,2025,3,11
66058,46725,19107,1,70.0,2024-04-08 07:02:02+00:00,Unknown,70.0,2024,4,8
71768,46382,18926,2,34.99,2024-05-18 05:20:00.394000+00:00,Unknown,69.98,2024,5,18
73927,45173,19253,2,48.9,2025-08-26 21:38:32+00:00,Unknown,97.8,2025,8,26
62896,47287,19403,5,53.5,2024-11-08 14:56:49+00:00,"Apt. 126 548 Friesen Vista, Treutelfort, NJ 65314",267.5,2024,11,8
65284,47097,18883,5,21.0,2024-11-29 04:12:58+00:00,Unknown,105.0,2024,11,29
70560,44718,19531,1,31.19,2025-06-03 23:28:12+00:00,"Apt. 132 1278 Merle Centers, Irenamouth, ID 84950",31.19,2025,6,3
65945,46269,19329,4,64.0,2024-09-12 04:04:00+00:00,Unknown,256.0,2024,9,12
69382,46927,19108,1,39.25,2025-01-21 16:20:14+00:00,"Suite 166 700 Patrice Lodge, New Cesar, IA 74587-7254",39.25,2025,1,21
70413,46694,18853,1,59.0,2024-08-05 01:15:55+00:00,Unknown,59.0,2024,8,5
70767,47069,19071,2,16.8,2024-03-30 16:30:00+00:00,Unknown,33.6,2024,3,30
66958,44792,18917,1,79.8,2024-06-21 01:06:00+00:00,Unknown,79.8,2024,6,21
68314,45077,19573,2,35.0,2024-05-08 23:11:20+00:00,Unknown,70.0,2024,5,8
71803,44884,19045,3,40.5,2024-12-02 07:59:00+00:00,Unknown,121.5,2024,12,2
72526,45188,19155,1,62.7,2024-12-06 18:37:00+00:00,Unknown,62.7,2024,12,6
71734,44842,19267,1,21.9,2025-02-04 14:48:03+00:00,Unknown,21.9,2025,2,4
69741,46559,19027,1,70.0,2025-03-02 07:00:39+00:00,Unknown,70.0,2025,3,2
69577,47068,18952,1,52.25,2024-09-21 07:33:30+00:00,Unknown,52.25,2024,9,21
63723,46105,19505,1,17.25,2024-11-28 01:07:00+00:00,Unknown,17.25,2024,11,28
64471,44379,19577,1,75.5,2024-08-28 08:41:00+00:00,Unknown,75.5,2024,8,28
66766,46646,19260,5,85.2,2025-01-02 17:21:42+00:00,Unknown,426.0,2025,1,2
65523,44398,19243,1,44.4,2024-08-12 15:19:40+00:00,Unknown,44.4,2024,8,12
64665,45541,19422,2,36.0,2024-11-20 12:34:28+00:00,Unknown,72.0,2024,11,20
66580,46730,18993,1,67.5,2025-05-06 13:58:48+00:00,Unknown,67.5,2025,5,6
66753,47433,19025,1,33.75,2024-11-07 09:21:00+00:00,"865 Delila Track, East Allyn, NV 53182",33.75,2024,11,7
63279,45699,18904,2,37.99,2024-09-05 22:06:00+00:00,Unknown,75.98,2024,9,5
69182,47343,19398,1,69.99,2025-01-19 07:41:51+00:00,Unknown,69.99,2025,1,19
71862,45394,19385,1,20.99,2025-05-21 23:13:13+00:00,Unknown,20.99,2025,5,21
66517,44570,19085,1,61.75,2025-01-20 08:53:04+00:00,Unknown,61.75,2025,1,20
71412,45021,19141,2,54.25,2024-11-13 09:08:08+00:00,Unknown,108.5,2024,11,13
64868,44675,19287,1,37.5,2025-05-16 03:40:18+00:00,"Suite 378 3587 Weimann Skyway, Lake Tainaland, RI 69983-5455",37.5,2025,5,16
64584,46786,18843,3,15.75,2024-12-19 02:07:51.657000+00:00,Unknown,47.25,2024,12,19
66646,45101,19160,1,69.0,2024-12-11 21:45:45+00:00,Unknown,69.0,2024,12,11
72744,46378,19096,1,18.5,2025-03-08 22:17:52+00:00,"Apt. 675 30290 Randell Orchard, McCulloughside, CT 44213",18.5,2025,3,8
71065,44510,19153,1,59.25,2024-09-04 00:09:36+00:00,"93152 Kuhlman Spur, North Mari, IL 22864-1161",59.25,2024,9,4
64694,46463,19109,1,48.6,2024-12-20 04:42:37+00:00,Unknown,48.6,2024,12,20
67148,46669,19061,1,60.99,2024-12-12 15:50:00+00:00,"5655 Buster Causeway, Lake Keturah, MA 75511",60.99,2024,12,12
69472,45043,19215,1,21.6,2025-02-09 00:05:50+00:00,Unknown,21.6,2025,2,9
67531,45625,19171,1,38.0,2025-01-31 22:59:16+00:00,Unknown,38.0,2025,1,31
71039,45343,19080,1,51.99,2024-09-05 07:11:19+00:00,"44171 Ritchie Street, North Leon, IN 87320-6002",51.99,2024,9,5
64220,44660,19173,2,71.7,2024-11-16 02:14:00+00:00,Unknown,143.4,2024,11,16
65974,46314,19440,1,27.0,2024-07-20 22:29:42+00:00,"Suite 277 5242 Blick Glens, New Breanaton, HI 59699-1995",27.0,2024,7,20
64663,46994,19583,1,66.6,2024-11-14 04:35:25+00:00,"Suite 355 281 Loren Plains, East Vasilikiland, AL 12102-3005",66.6,2024,11,14
73572,44644,18972,1,28.5,2025-05-29 05:14:56+00:00,Unknown,28.5,2025,5,29
70056,45273,19005,1,40.25,2024-11-18 05:53:22+00:00,Unknown,40.25,2024,11,18
69904,47256,19179,1,52.0,2025-05-17 14:11:39+00:00,"Suite 246 56446 Dierdre Stravenue, North Rachaelborough, CT 53090",52.0,2025,5,17
65729,44899,19489,2,35.25,2025-01-10 05:32:00+00:00,"6927 Goodwin Neck, North Katherineshire, NJ 75101",70.5,2025,1,10
72648,45830,19167,1,49.2,2025-03-18 13:36:09+00:00,Unknown,49.2,2025,3,18
62752,44634,19465,5,54.6,2024-05-31 00:10:00+00:00,Unknown,273.0,2024,5,31
72406,47176,19121,1,69.99,2025-09-24 00:00:00+00:00,Unknown,69.99,2025,9,24
63745,45764,19054,1,43.5,2024-09-04 00:48:17.339000+00:00,Unknown,43.5,2024,9,4
67153,47551,19201,1,37.75,2024-08-18 14:44:00+00:00,Unknown,37.75,2024,8,18
63748,46640,19382,1,34.8,2024-09-28 15:10:54+00:00,Unknown,34.8,2024,9,28
65287,46227,18980,2,75.9,2025-03-30 10:35:00+00:00,Unknown,151.8,2025,3,30
65973,46611,18864,1,84.6,2024-12-23 22:59:00+00:00,Unknown,84.6,2024,12,23
65691,45388,19342,2,41.75,2025-06-11 11:38:00+00:00,Unknown,83.5,2025,6,11
71129,45755,19588,2,75.6,2025-03-02 23:58:00+00:00,Unknown,151.2,2025,3,2
71447,46109,19032,1,73.5,2024-12-07 03:01:28+00:00,Unknown,73.5,2024,12,7
63644,46097,19256,1,63.0,2025-02-21 23:48:09+00:00,Unknown,63.0,2025,2,21
71171,46287,19000,1,56.75,2024-09-25 21:38:34+00:00,Unknown,56.75,2024,9,25
69653,47431,19027,1,71.0,2024-06-29 13:21:00+00:00,"Suite 228 830 Howe Summit, New Joanna, MN 91009-9713",71.0,2024,6,29
64486,45910,19208,1,65.99,2025-07-23 05:06:00+00:00,Unknown,65.99,2025,7,23
73793,46335,18888,1,42.5,2025-01-20 03:44:29+00:00,Unknown,42.5,2025,1,20
64737,45037,19318,2,28.99,2024-08-23 17:10:00+00:00,Unknown,57.98,2024,8,23
69428,45585,19292,1,63.3,2024-07-23 08:19:19+00:00,Unknown,63.3,2024,7,23
69177,46401,19508,1,42.0,2024-08-14 16:41:01+00:00,Unknown,42.0,2024,8,14
67410,44811,18958,1,15.0,2024-11-20 03:09:09+00:00,Unknown,15.0,2024,11,20
70855,47476,19464,1,54.6,2024-03-11 23:54:16+00:00,Unknown,54.6,2024,3,11
64641,46333,19050,1,68.5,2024-11-18 11:07:07+00:00,"Apt. 775 51128 Parisian Fields, Port Serafina, TX 04175",68.5,2024,11,18
64339,44560,19118,1,76.0,2025-01-10 11:18:55+00:00,Unknown,76.0,2025,1,10
66562,46792,19188,1,45.5,2024-12-15 03:10:03+00:00,Unknown,45.5,2024,12,15
73707,46360,19463,2,60.5,2024-03-02 14:36:35+00:00,Unknown,121.0,2024,3,2
69986,46388,19345,3,59.75,2025-02-17 16:59:41+00:00,"Apt. 965 2289 Murazik Spring, Katherinshire, VT 18308-1330",179.25,2025,2,17
68828,47202,19492,1,61.5,2025-03-24 01:46:42+00:00,Unknown,61.5,2025,3,24
68636,47384,19215,1,15.0,2025-05-10 11:22:00+00:00,Unknown,15.0,2025,5,10
63134,46152,18911,1,65.99,2025-01-05 22:43:39+00:00,Unknown,65.99,2025,1,5
66784,46222,18932,1,25.5,2025-04-28 21:41:44+00:00,"26903 Noble Ridge, Wunschfurt, UT 47641-4942",25.5,2025,4,28
64944,47302,19489,1,39.0,2024-06-28 03:49:32+00:00,"Apt. 736 58738 Mona Point, Cormierton, LA 69254-7191",39.0,2024,6,28
64893,45722,19376,1,55.8,2024-10-25 11:20:50+00:00,"3615 Rutherford Valley, Greenfelderfort, SC 13129",55.8,2024,10,25
65027,47377,19385,3,15.0,2024-05-06 21:02:13+00:00,"29997 Sherilyn Ridges, Lake Johnnie, AR 45874-9408",45.0,2024,5,6
64461,46548,19147,2,26.25,2024-12-31 20:59:40+00:00,Unknown,52.5,2024,12,31
70372,46777,19295,1,38.0,2024-10-22 10:50:08+00:00,Unknown,38.0,2024,10,22
67938,46271,19489,1,48.0,2025-01-17 21:51:40+00:00,"Apt. 677 7035 Grover Shoal, North Santiago, MT 55580",48.0,2025,1,17
68803,45975,18956,1,66.6,2025-01-17 06:18:44+00:00,"643 Roob Ramp, Wynonastad, IL 47245",66.6,2025,1,17
65370,45930,19326,1,28.5,2025-02-25 06:23:00+00:00,Unknown,28.5,2025,2,25
70501,46523,19217,1,31.5,2024-07-26 05:57:08.822000+00:00,Unknown,31.5,2024,7,26
64821,47604,19231,2,13.99,2024-04-30 18:16:33+00:00,Unknown,27.98,2024,4,30
68665,47239,19213,1,29.5,2024-07-20 23:31:52+00:00,Unknown,29.5,2024,7,20
64748,46456,19454,2,82.2,2025-04-19 08:34:41+00:00,Unknown,164.4,2025,4,19
72187,46098,19268,1,45.99,2024-04-22 04:02:02+00:00,Unknown,45.99,2024,4,22
64888,45100,19128,1,74.0,2024-05-19 05:46:46+00:00,Unknown,74.0,2024,5,19
72219,45015,19334,1,84.6,2024-10-19 18:39:18+00:00,Unknown,84.6,2024,10,19
69784,47542,19085,1,73.5,2024-08-22 05:26:55+00:00,Unknown,73.5,2024,8,22
70734,47289,19287,2,38.0,2025-08-08 07:08:45+00:00,Unknown,76.0,2025,8,8
63550,47413,19031,2,27.0,2025-01-11 23:45:24.865000+00:00,"Apt. 269 209 Tod Inlet, North Man, OR 50112-8912",54.0,2025,1,11
70226,47524,19257,1,81.3,2025-05-12 20:18:00+00:00,Unknown,81.3,2025,5,12
64134,44972,19405,1,50.25,2024-09-12 03:55:23.017000+00:00,Unknown,50.25,2024,9,12
72129,44972,19365,1,66.25,2025-01-29 16:55:30+00:00,Unknown,66.25,2025,1,29
63520,46357,19546,4,45.0,2024-05-19 11:51:00+00:00,Unknown,180.0,2024,5,19
65715,46225,19537,1,61.5,2024-05-08 16:43:45+00:00,Unknown,61.5,2024,5,8
66812,44545,19027,1,70.5,2025-01-05 02:35:54+00:00,"Apt. 999 72316 Herzog Port, Port Emmitt, MS 64335",70.5,2025,1,5
66537,45176,19389,3,22.0,2024-09-06 22:02:31+00:00,Unknown,66.0,2024,9,6
67473,44951,19489,1,36.75,2024-05-18 19:56:00+00:00,Unknown,36.75,2024,5,18
68386,47104,19337,1,61.5,2024-07-12 16:26:14+00:00,Unknown,61.5,2024,7,12
72253,46597,19442,1,59.99,2024-07-29 09:11:28+00:00,Unknown,59.99,2024,7,29
70295,47110,19382,2,27.5,2025-03-28 06:05:00+00:00,Unknown,55.0,2025,3,28
66566,46291,18962,2,70.8,2024-09-20 07:11:55.319000+00:00,"Suite 889 96192 Watsica Fords, North Graigchester, PA 81978-8551",141.6,2024,9,20
64201,47530,19253,1,47.4,2025-04-06 11:44:00+00:00,Unknown,47.4,2025,4,6
73628,46301,19353,2,15.6,2024-08-18 09:55:16+00:00,Unknown,31.2,2024,8,18
70047,46685,19085,1,71.4,2024-04-12 12:26:44+00:00,Unknown,71.4,2024,4,12
71193,46243,19493,2,65.0,2024-09-26 10:18:37+00:00,Unknown,130.0,2024,9,26
72964,47404,19150,5,50.1,2025-02-15 04:40:12+00:00,"Suite 978 77945 Cruickshank Brooks, West Abel, WA 03217-7497",250.5,2025,2,15
71202,45825,19108,3,42.5,2024-07-07 02:18:35.273000+00:00,Unknown,127.5,2024,7,7
62932,47400,19157,1,30.99,2024-04-15 04:05:47+00:00,"3563 Kindra Light, Gleichnerside, KY 19277",30.99,2024,4,15
68682,44423,19061,1,58.0,2025-02-01 19:02:58+00:00,Unknown,58.0,2025,2,1
68604,46187,19195,1,67.75,2024-06-27 18:43:00+00:00,Unknown,67.75,2024,6,27
63658,46396,19183,4,19.25,2025-04-22 02:59:00+00:00,"Suite 791 6039 Rodrigo Fort, Port Isiah, OR 70687",77.0,2025,4,22
66917,46916,19080,1,50.5,2025-03-28 22:00:47+00:00,Unknown,50.5,2025,3,28
63072,46553,19155,2,51.0,2025-01-03 09:51:00+00:00,Unknown,102.0,2025,1,3
65892,44446,19178,1,37.99,2025-01-22 14:04:50+00:00,Unknown,37.99,2025,1,22
67755,47552,19199,1,19.0,2025-06-18 05:59:24+00:00,"Suite 946 9852 Hermiston Ranch, Murazikfurt, LA 45978-9482",19.0,2025,6,18
72661,47440,19072,1,63.0,2024-06-18 15:20:00+00:00,Unknown,63.0,2024,6,18
69053,47217,18907,1,42.99,2025-03-17 23:22:37+00:00,Unknown,42.99,2025,3,17
65778,44984,19096,4,23.0,2024-09-25 16:40:02+00:00,Unknown,92.0,2024,9,25
64466,45994,18965,2,79.8,2024-12-25 05:21:00+00:00,Unknown,159.6,2024,12,25
73512,46868,18894,1,26.39,2024-09-02 05:30:24+00:00,Unknown,26.39,2024,9,2
68464,46920,19430,2,57.75,2024-12-20 06:55:00+00:00,"Apt. 884 425 Rochell Point, Feestberg, OH 75637-2766",115.5,2024,12,20
66035,44726,19309,1,66.25,2024-09-16 20:11:09+00:00,Unknown,66.25,2024,9,16
64330,47279,19504,1,62.5,2025-01-26 13:53:00+00:00,Unknown,62.5,2025,1,26
66898,45887,19379,1,55.25,2024-12-17 04:28:31+00:00,Unknown,55.25,2024,12,17
72090,47326,19425,1,43.5,2024-10-05 22:03:00+00:00,"Apt. 353 67048 Gennie Rapids, Juanburgh, IL 40679",43.5,2024,10,5
72042,45539,18852,1,16.5,2025-02-23 18:39:13+00:00,Unknown,16.5,2025,2,23
66879,46798,19331,2,32.99,2025-01-10 03:21:00+00:00,Unknown,65.98,2025,1,10
73047,47179,19539,2,63.25,2024-09-28 16:45:39+00:00,Unknown,126.5,2024,9,28
73082,45509,19568,1,49.75,2024-09-10 16:46:00+00:00,Unknown,49.75,2024,9,10
71691,46957,19530,1,20.4,2024-10-02 17:34:52+00:00,Unknown,20.4,2024,10,2
66278,46456,19221,1,65.4,2025-04-23 14:28:56+00:00,Unknown,65.4,2025,4,23
69698,45754,19560,1,31.0,2025-02-20 05:12:01+00:00,Unknown,31.0,2025,2,20
65321,45783,19476,2,19.0,2025-03-07 10:32:10+00:00,"6934 Nolan Shoal, Ramonhaven, MS 20017-3666",38.0,2025,3,7
70650,45739,19027,1,70.0,2025-05-01 10:59:57+00:00,Unknown,70.0,2025,5,1
68343,46180,19157,1,31.0,2024-09-03 15:11:00+00:00,Unknown,31.0,2024,9,3
70407,46088,19479,1,72.6,2025-05-19 19:01:44+00:00,Unknown,72.6,2025,5,19
68033,47072,19415,1,15.5,2024-06-13 09:03:00+00:00,Unknown,15.5,2024,6,13
65413,46931,18932,1,22.5,2024-09-24 19:20:24+00:00,Unknown,22.5,2024,9,24
73034,46964,19135,1,54.5,2024-11-29 10:11:33+00:00,"912 Hollis Forest, Huelsmouth, MI 69728-4505",54.5,2024,11,29
70039,47460,19174,1,30.99,2025-02-21 11:50:08+00:00,Unknown,30.99,2025,2,21
63743,44487,19430,1,67.2,2024-12-17 23:35:26+00:00,Unknown,67.2,2024,12,17
70632,44738,19244,1,53.75,2024-03-21 21:50:38+00:00,Unknown,53.75,2024,3,21
66665,46916,18880,2,69.0,2024-05-08 08:32:35+00:00,Unknown,138.0,2024,5,8
71131,46631,19104,1,57.0,2024-11-23 16:24:00+00:00,Unknown,57.0,2024,11,23
67970,46965,18854,3,43.5,2025-03-02 22:44:54+00:00,Unknown,130.5,2025,3,2
63820,45451,19269,5,28.75,2024-12-30 14:15:43+00:00,Unknown,143.75,2024,12,30
66212,47311,18878,1,39.75,2024-11-25 03:22:20.263000+00:00,Unknown,39.75,2024,11,25
63946,47501,18845,1,58.25,2024-12-06 16:47:00+00:00,Unknown,58.25,2024,12,6
67533,45746,19463,1,72.0,2025-05-21 01:59:00+00:00,Unknown,72.0,2025,5,21
65156,46304,19109,1,38.0,2025-01-29 17:29:00+00:00,Unknown,38.0,2025,1,29
67206,46824,18973,1,55.75,2025-08-02 18:20:00+00:00,"8034 Perry Place, Olaside, ND 48687-5204",55.75,2025,8,2
66220,47202,19451,1,59.0,2025-03-18 22:38:33+00:00,"151 Hong Via, Averyburgh, NC 79524-0509",59.0,2025,3,18
70510,45719,19307,1,29.4,2025-04-12 14:50:00+00:00,Unknown,29.4,2025,4,12
68526,47068,18882,1,54.9,2024-09-01 18:12:17+00:00,Unknown,54.9,2024,9,1
70307,46413,19052,1,71.0,2025-02-14 18:34:01+00:00,Unknown,71.0,2025,2,14
64039,46354,19369,1,40.79,2025-04-20 12:45:51+00:00,Unknown,40.79,2025,4,20
63846,45547,19416,1,79.2,2025-04-28 13:15:22+00:00,Unknown,79.2,2025,4,28
73484,44582,19125,2,16.0,2025-04-12 14:30:00+00:00,Unknown,32.0,2025,4,12
66923,44830,18904,1,35.0,2025-03-04 22:10:31+00:00,Unknown,35.0,2025,3,4
71215,44343,19034,1,46.0,2025-05-01 12:38:56+00:00,"269 Gilberto Streets, New Lee, IA 93772-2174",46.0,2025,5,1
73629,46973,19536,1,64.0,2025-03-05 13:04:35+00:00,Unknown,64.0,2025,3,5
71710,47576,19077,1,52.2,2025-05-26 01:27:49+00:00,Unknown,52.2,2025,5,26
68701,45821,18953,1,61.5,2024-11-02 13:21:29+00:00,Unknown,61.5,2024,11,2
65727,47506,19228,1,69.99,2025-03-10 00:37:32.674000+00:00,Unknown,69.99,2025,3,10
70792,44350,19269,1,33.6,2025-02-06 20:32:18+00:00,"5928 Russel Meadows, New Hugoport, AR 27018-7141",33.6,2025,2,6
72222,46216,19152,1,32.5,2025-02-14 15:39:19+00:00,Unknown,32.5,2025,2,14
71513,45919,19015,1,60.5,2025-04-27 15:37:40+00:00,"1250 West Underpass, North Yuonneview, GA 70734",60.5,2025,4,27
70136,47351,18954,5,34.75,2025-02-10 18:06:00+00:00,Unknown,173.75,2025,2,10
73743,44698,18867,2,66.9,2024-11-25 05:50:22+00:00,Unknown,133.8,2024,11,25
66350,46731,19089,1,50.0,2025-01-18 15:50:32+00:00,Unknown,50.0,2025,1,18
65647,46856,19027,1,70.5,2025-08-20 00:35:15+00:00,Unknown,70.5,2025,8,20
63645,44933,19038,1,61.5,2024-12-12 12:34:00+00:00,Unknown,61.5,2024,12,12
73248,46855,19339,4,44.0,2024-08-28 15:05:49+00:00,Unknown,176.0,2024,8,28
70787,47098,19279,1,18.99,2024-10-19 03:26:39+00:00,Unknown,18.99,2024,10,19
62980,46803,19168,4,66.75,2024-12-25 08:50:24.838000+00:00,"80724 Blanda Lakes, Lake Emory, NC 74719-3783",267.0,2024,12,25
70947,45510,19329,1,66.0,2024-09-02 09:40:46+00:00,Unknown,66.0,2024,9,2
63443,44482,18870,3,54.0,2024-09-13 11:46:36.694000+00:00,Unknown,162.0,2024,9,13
68921,46858,18896,1,27.5,2025-05-28 19:47:00+00:00,Unknown,27.5,2025,5,28
70617,47234,19019,1,17.7,2025-05-11 15:29:52+00:00,Unknown,17.7,2025,5,11
64905,44931,19589,4,59.0,2024-09-16 08:56:09+00:00,Unknown,236.0,2024,9,16
73149,46630,19560,1,36.3,2025-01-30 21:08:48+00:00,Unknown,36.3,2025,1,30
63500,45710,19444,2,54.3,2024-04-14 02:30:42+00:00,Unknown,108.6,2024,4,14
71592,47335,19247,2,62.99,2024-11-03 17:24:57+00:00,Unknown,125.98,2024,11,3
70774,46608,19487,2,71.0,2025-06-22 03:09:44+00:00,"Apt. 165 393 Schoen Loaf, Carliville, NC 82754-7264",142.0,2025,6,22
68105,47622,19446,1,49.5,2024-10-03 19:02:10+00:00,Unknown,49.5,2024,10,3
67905,46429,18980,1,58.0,2025-05-28 07:02:31+00:00,"55267 Christian Unions, South Rory, SD 79594",58.0,2025,5,28
68189,45778,19528,1,27.25,2025-05-20 12:35:02+00:00,Unknown,27.25,2025,5,20
69824,44360,19065,1,19.0,2024-11-17 23:21:46+00:00,Unknown,19.0,2024,11,17
67289,47224,19140,1,64.5,2025-03-31 23:53:00+00:00,"Apt. 462 900 Feeney Mountains, Lesfurt, NH 62145",64.5,2025,3,31
65723,47158,19440,1,25.75,2024-08-06 21:32:12+00:00,Unknown,25.75,2024,8,6
73455,45992,18873,1,83.1,2024-11-14 02:23:00+00:00,"Suite 967 2310 Marks Parkway, Port Josiahview, OR 21813",83.1,2024,11,14
68600,46595,19493,2,66.75,2024-10-03 02:36:30+00:00,"Apt. 715 194 Kirlin Crest, South Yvonnemouth, PA 02196",133.5,2024,10,3
67373,44714,19589,1,54.99,2024-10-24 22:52:15+00:00,Unknown,54.99,2024,10,24
64045,45171,19524,5,48.5,2024-06-28 13:37:06+00:00,"640 Luci Crescent, New Treenahaven, IN 01303",242.5,2024,6,28
68335,45292,19555,1,48.0,2025-06-20 15:39:00+00:00,Unknown,48.0,2025,6,20
68568,47289,19569,1,81.9,2024-11-04 01:28:00+00:00,Unknown,81.9,2024,11,4
64619,44632,19031,1,17.5,2025-03-01 00:32:05+00:00,Unknown,17.5,2025,3,1
67591,45056,19227,1,63.6,2025-03-21 15:10:57+00:00,Unknown,63.6,2025,3,21
72618,47448,19181,1,64.0,2025-07-28 12:57:48+00:00,"Suite 507 3609 Vern Mills, New Josephview, AR 12313-6151",64.0,2025,7,28
67727,47156,19294,1,48.75,2024-12-22 19:23:00+00:00,"9255 Torrie Crossing, Floydport, WV 78489",48.75,2024,12,22
70403,45102,19490,1,52.99,2025-05-12 15:08:51+00:00,"7320 Conrad Forest, Indiashire, MI 44467-7791",52.99,2025,5,12
62962,45219,19281,3,39.0,2024-11-20 05:16:46+00:00,Unknown,117.0,2024,11,20
65128,46072,18869,1,25.0,2024-11-27 05:20:14+00:00,Unknown,25.0,2024,11,27
63102,45534,19404,4,31.99,2025-02-04 14:31:00+00:00,"27089 Leannon Wall, South Ouidaburgh, VT 72050",127.96,2025,2,4
73439,45727,18947,1,71.5,2024-09-11 16:33:01+00:00,"Suite 394 638 Newton Grove, Audreyville, MN 55243-8013",71.5,2024,9,11
67167,47482,19544,1,37.5,2024-10-20 05:29:46+00:00,Unknown,37.5,2024,10,20
72954,46556,19138,1,30.0,2025-09-15 22:26:06.706000+00:00,Unknown,30.0,2025,9,15
66099,45323,18966,1,54.0,2024-11-07 14:27:00+00:00,Unknown,54.0,2024,11,7
64736,46436,19389,2,22.75,2024-12-06 11:57:37+00:00,Unknown,45.5,2024,12,6
70980,46548,19028,1,60.99,2024-07-20 13:17:32+00:00,"574 Ankunding Common, Port Colemanburgh, ME 65220",60.99,2024,7,20
70143,45762,19232,1,32.0,2025-01-20 23:49:43+00:00,"Apt. 347 88306 Margarette Ports, East Gil, KY 00881",32.0,2025,1,20
63612,45306,19237,2,67.0,2025-07-07 08:30:22+00:00,"17146 Tomasa Hollow, South Irvingmouth, CA 03388-7320",134.0,2025,7,7
71651,46788,18941,1,58.99,2025-03-09 20:05:56+00:00,Unknown,58.99,2025,3,9
72920,46931,19384,1,19.5,2024-06-24 15:42:12+00:00,Unknown,19.5,2024,6,24
65772,46856,19465,1,47.99,2024-08-25 08:42:33+00:00,Unknown,47.99,2024,8,25
70995,47315,19223,1,22.25,2025-01-11 07:06:33+00:00,"90844 Blick Throughway, Graigfort, WA 57208",22.25,2025,1,11
71115,47089,18921,1,43.5,2024-12-18 17:59:00+00:00,Unknown,43.5,2024,12,18
67458,44509,19441,1,21.99,2024-06-13 11:13:50+00:00,"62222 Keneth Neck, West Brockbury, WV 10426-4853",21.99,2024,6,13
63880,45719,19522,1,80.4,2024-12-24 12:52:48+00:00,Unknown,80.4,2024,12,24
66208,47318,19068,1,60.0,2024-11-12 15:35:12+00:00,Unknown,60.0,2024,11,12
65749,46595,19511,1,41.5,2025-05-26 10:07:41+00:00,"Apt. 715 194 Kirlin Crest, South Yvonnemouth, PA 02196",41.5,2025,5,26
67897,44866,19426,1,44.5,2024-03-27 02:49:00+00:00,Unknown,44.5,2024,3,27
63826,45349,19392,1,51.5,2024-09-23 06:43:03+00:00,"939 Keebler Flats, Herminiabury, CT 58714",51.5,2024,9,23
65290,45154,18994,1,40.0,2024-11-14 15:54:00+00:00,Unknown,40.0,2024,11,14
72326,44626,19276,1,18.25,2024-09-11 02:43:42+00:00,Unknown,18.25,2024,9,11
71950,44817,19305,1,69.0,2024-09-23 06:38:00+00:00,Unknown,69.0,2024,9,23
64068,45259,19362,2,37.0,2025-04-10 19:27:10+00:00,Unknown,74.0,2025,4,10
73704,45966,19494,1,28.0,2024-10-21 02:12:12+00:00,Unknown,28.0,2024,10,21
70178,45233,18878,1,36.75,2025-02-04 04:28:44+00:00,"824 Mercedes Skyway, Burlside, GA 04649-9920",36.75,2025,2,4
65316,44924,18928,5,21.0,2025-01-12 00:04:07+00:00,"Apt. 168 52445 O'Reilly Green, Lake Lance, OK 82814-0503",105.0,2025,1,12
69973,45571,19282,1,73.5,2024-12-05 19:25:30+00:00,Unknown,73.5,2024,12,5
64857,46721,19109,1,40.0,2024-03-24 05:43:16.770000+00:00,Unknown,40.0,2024,3,24
67851,47187,19488,5,85.2,2024-10-06 02:53:34+00:00,Unknown,426.0,2024,10,6
67130,46262,19527,1,87.59,2024-08-22 01:25:32.812000+00:00,"68301 Lindgren Road, Port Alonsoside, AL 80159-5626",87.59,2024,8,22
66765,45106,18914,1,57.6,2025-03-04 09:10:32+00:00,"6292 Howell Passage, Shanaemouth, OK 86059",57.6,2025,3,4
70379,46551,19172,1,81.59,2024-08-22 07:27:48+00:00,Unknown,81.59,2024,8,22
64313,45619,19210,1,47.4,2024-12-28 15:41:26.013000+00:00,Unknown,47.4,2024,12,28
71486,46470,19291,2,58.0,2024-05-17 11:34:00+00:00,Unknown,116.0,2024,5,17
68305,47229,19371,2,80.4,2024-07-29 17:45:00+00:00,Unknown,160.8,2024,7,29
66890,46355,19331,2,27.0,2025-02-17 16:26:00+00:00,Unknown,54.0,2025,2,17
66225,45301,19541,1,25.75,2024-09-22 23:55:00+00:00,Unknown,25.75,2024,9,22
73258,44712,19107,1,84.6,2025-02-10 03:21:00+00:00,Unknown,84.6,2025,2,10
66097,46403,19427,2,40.0,2025-03-17 08:01:06+00:00,Unknown,80.0,2025,3,17
70904,46565,19373,1,52.0,2024-08-16 11:48:00+00:00,Unknown,52.0,2024,8,16
69587,47542,19230,2,75.0,2025-01-20 23:36:34+00:00,Unknown,150.0,2025,1,20
71883,45734,19181,1,78.9,2025-02-26 04:44:58+00:00,"Apt. 263 677 Gregg Track, Pfefferton, NJ 22775",78.9,2025,2,26
73419,45130,19159,1,18.25,2024-12-07 06:18:00+00:00,Unknown,18.25,2024,12,7
67774,44870,19377,1,59.1,2024-03-06 16:24:00+00:00,Unknown,59.1,2024,3,6
63340,45763,18838,1,67.19,2024-07-15 00:38:23+00:00,Unknown,67.19,2024,7,15
65652,44581,19192,1,60.0,2025-01-19 17:56:48+00:00,Unknown,60.0,2025,1,19
64181,46308,19353,2,13.0,2025-02-13 14:08:08+00:00,Unknown,26.0,2025,2,13
72814,45387,18999,1,49.75,2024-04-09 20:30:27.642000+00:00,"Apt. 634 41673 Dominique Parkway, Torpstad, VT 25120",49.75,2024,4,9
73054,47390,19275,1,54.0,2024-12-31 15:24:00+00:00,Unknown,54.0,2024,12,31
69044,44478,19021,1,44.4,2025-01-15 15:23:29+00:00,"727 Nader Lake, New Nikki, UT 67496",44.4,2025,1,15
63722,45892,19152,2,28.99,2025-02-10 12:56:38+00:00,Unknown,57.98,2025,2,10
72557,47491,18963,1,70.79,2025-03-14 06:03:00+00:00,Unknown,70.79,2025,3,14
63280,46743,19574,5,51.25,2025-05-12 11:11:39+00:00,Unknown,256.25,2025,5,12
69080,44562,18891,1,20.0,2024-11-15 23:29:29+00:00,Unknown,20.0,2024,11,15
69163,46482,18853,1,59.5,2024-06-19 02:15:26.316000+00:00,Unknown,59.5,2024,6,19
69378,45986,19402,1,29.0,2025-05-01 01:01:00+00:00,Unknown,29.0,2025,5,1
70031,47184,19155,1,52.5,2024-12-21 18:38:22+00:00,Unknown,52.5,2024,12,21
69035,47273,19531,1,30.5,2024-08-20 13:55:22+00:00,Unknown,30.5,2024,8,20
68775,46345,19034,2,50.5,2024-05-29 02:17:00+00:00,Unknown,101.0,2024,5,29
70325,45065,19077,1,51.0,2025-01-14 16:38:00+00:00,Unknown,51.0,2025,1,14
65249,45890,19472,1,70.75,2024-09-10 19:04:00+00:00,Unknown,70.75,2024,9,10
72045,47360,19041,1,14.5,2024-11-16 14:05:01+00:00,Unknown,14.5,2024,11,16
68696,45169,19482,2,27.75,2024-03-22 00:11:52+00:00,Unknown,55.5,2024,3,22
71381,44939,19329,1,63.99,2024-05-21 07:28:39+00:00,Unknown,63.99,2024,5,21
65928,45894,18871,1,67.2,2024-10-22 08:45:34.821000+00:00,"Apt. 564 4617 Witting Union, West Rosaura, IN 94877-8474",67.2,2024,10,22
69757,44715,19343,2,70.5,2024-12-24 07:35:00+00:00,"8203 Jarvis Place, Keshiamouth, MA 46617",141.0,2024,12,24
73659,45779,19227,1,65.99,2024-09-14 06:17:03+00:00,Unknown,65.99,2024,9,14
66975,45748,19132,2,70.5,2024-10-11 18:24:04+00:00,"441 Larkin Fort, West Refugio, MT 41538-7413",141.0,2024,10,11
63486,45161,19107,1,70.99,2025-02-16 04:46:26+00:00,"21150 Fay Parkway, Gladyton, DE 12233",70.99,2025,2,16
64268,45091,18933,1,41.75,2025-05-21 14:05:00+00:00,Unknown,41.75,2025,5,21
66839,46124,19316,1,22.0,2024-09-24 10:36:18+00:00,"790 Nikolaus Bridge, South Billy, MN 35409",22.0,2024,9,24
66614,47291,19289,2,31.5,2025-03-04 15:54:41+00:00,Unknown,63.0,2025,3,4
72581,46550,19216,1,63.5,2024-08-20 16:40:43+00:00,Unknown,63.5,2024,8,20
72366,45305,19534,1,45.59,2024-08-31 01:51:00+00:00,Unknown,45.59,2024,8,31
72450,45733,18993,1,66.99,2025-03-10 18:23:33+00:00,Unknown,66.99,2025,3,10
63396,45006,19191,1,35.4,2024-10-28 02:21:15+00:00,Unknown,35.4,2024,10,28
70691,46776,19418,1,57.75,2025-03-05 10:25:26+00:00,"Apt. 368 608 Emmerich Mountain, Lake Dariofurt, OK 20563-5232",57.75,2025,3,5
71574,47556,19329,1,68.25,2025-01-09 07:11:56+00:00,"Apt. 367 47092 Ward Hills, Wehnerport, ME 67919-5144",68.25,2025,1,9
73708,45837,18838,1,58.75,2025-02-02 13:30:56+00:00,Unknown,58.75,2025,2,2
67173,47389,19423,1,31.99,2024-09-07 18:59:18+00:00,Unknown,31.99,2024,9,7
68820,45468,19147,1,27.25,2024-05-01 08:01:52+00:00,Unknown,27.25,2024,5,1
71214,45644,19142,1,42.0,2024-08-17 00:14:00+00:00,"Suite 811 860 Susie Well, South Isidrashire, MS 20327",42.0,2024,8,17
66021,45441,19115,1,52.75,2025-02-13 09:25:47+00:00,Unknown,52.75,2025,2,13
72668,45878,18944,2,17.99,2025-04-09 11:31:39+00:00,Unknown,35.98,2025,4,9
72400,46634,19414,2,57.25,2024-02-05 23:39:00+00:00,Unknown,114.5,2024,2,5
69477,46989,19292,5,51.75,2024-12-05 10:46:59+00:00,Unknown,258.75,2024,12,5
69101,47545,18862,1,34.8,2024-09-04 01:11:44.690000+00:00,Unknown,34.8,2024,9,4
64300,46835,19503,1,24.3,2025-01-12 14:41:51+00:00,"94697 Sid Summit, South Exieport, FL 18723-6915",24.3,2025,1,12
65943,44714,18904,1,43.2,2024-11-16 07:48:19+00:00,Unknown,43.2,2024,11,16
73207,45664,18864,1,71.5,2024-08-08 04:25:09+00:00,"Suite 704 6350 Wilfred Crest, Robertsland, IA 76946-6950",71.5,2024,8,8
73608,47318,19093,1,26.5,2024-12-26 14:36:00+00:00,Unknown,26.5,2024,12,26
71847,46471,19580,1,84.9,2024-04-26 20:04:56+00:00,Unknown,84.9,2024,4,26
62737,44583,19323,3,55.19,2025-03-01 16:00:49.105000+00:00,Unknown,165.57,2025,3,1
66974,46822,19498,1,56.4,2025-01-13 21:45:06+00:00,Unknown,56.4,2025,1,13
72330,44661,19482,3,25.0,2025-02-14 00:28:00+00:00,Unknown,75.0,2025,2,14
67257,46110,19064,1,62.5,2025-02-05 16:28:21+00:00,Unknown,62.5,2025,2,5
70989,44698,19238,2,20.4,2025-06-17 20:58:00+00:00,Unknown,40.8,2025,6,17
63994,45181,19168,3,79.19,2024-07-20 06:32:39+00:00,Unknown,237.57,2024,7,20
73526,47199,19575,1,61.8,2024-08-07 15:27:22.118000+00:00,Unknown,61.8,2024,8,7
67484,46090,19129,3,31.2,2024-12-24 21:29:52+00:00,Unknown,93.6,2024,12,24
67339,45938,19487,1,71.5,2024-12-03 14:18:00+00:00,"Suite 221 3854 Block Mall, Laviniabury, VA 08956",71.5,2024,12,3
67091,44481,18868,1,26.0,2025-07-16 17:36:00+00:00,Unknown,26.0,2025,7,16
71567,46940,19268,1,47.25,2025-01-02 14:49:37+00:00,Unknown,47.25,2025,1,2
69734,46784,19357,1,13.0,2024-10-09 01:22:20+00:00,Unknown,13.0,2024,10,9
71220,44971,18975,1,56.0,2025-03-22 08:48:15+00:00,Unknown,56.0,2025,3,22
65970,44871,19516,1,37.75,2025-02-01 15:39:31+00:00,Unknown,37.75,2025,2,1
64590,46322,19128,1,88.2,2025-03-12 19:42:32+00:00,Unknown,88.2,2025,3,12
64854,44950,18888,1,42.0,2024-10-16 22:51:03+00:00,"7036 Rosenbaum Garden, North Silvaville, VT 13858-2209",42.0,2024,10,16
72815,45911,19542,5,61.99,2024-06-12 06:13:59+00:00,"55920 Schmitt Greens, New Kirby, GA 62048",309.95,2024,6,12
68202,45855,19355,2,41.75,2024-11-12 09:15:12+00:00,"16102 Ahmed Valley, New Vicente, WY 53266-0955",83.5,2024,11,12
73453,46983,19362,1,36.99,2024-08-29 21:19:51+00:00,Unknown,36.99,2024,8,29
63921,46045,19102,1,60.0,2024-06-18 14:32:50+00:00,"852 Lubowitz Ferry, Reichertborough, NV 31444",60.0,2024,6,18
62881,46961,19339,1,48.5,2025-02-05 03:46:29+00:00,"Suite 673 7988 Jesse Heights, West Austin, SD 19360",48.5,2025,2,5
72247,47337,19291,1,56.99,2025-03-31 19:12:00+00:00,Unknown,56.99,2025,3,31
72315,44483,19286,1,22.5,2024-05-22 18:42:41+00:00,Unknown,22.5,2024,5,22
63942,44701,19142,1,41.5,2025-03-18 11:14:18+00:00,Unknown,41.5,2025,3,18
69365,46495,19536,2,76.8,2025-05-29 05:46:51+00:00,"Suite 670 2536 Feil Lock, Ryanland, KY 94783",153.6,2025,5,29
64661,44400,19544,1,41.5,2024-09-11 11:15:10+00:00,"Apt. 728 147 Rigoberto Dam, Shinberg, RI 63645-2267",41.5,2024,9,11
67417,47304,19200,1,27.59,2025-02-16 20:14:54+00:00,Unknown,27.59,2025,2,16
71309,47528,18965,1,65.0,2024-07-27 01:21:25+00:00,"Suite 125 6495 Carroll Creek, Sanfordfurt, FL 44351",65.0,2024,7,27
67171,46136,19193,1,17.0,2024-08-05 21:06:00+00:00,Unknown,17.0,2024,8,5
70284,44543,19499,1,30.99,2024-09-20 02:13:22+00:00,Unknown,30.99,2024,9,20
70141,47575,19138,1,34.5,2025-03-08 20:09:00+00:00,Unknown,34.5,2025,3,8
68040,44552,19572,1,23.4,2024-10-13 19:29:42+00:00,Unknown,23.4,2024,10,13
69944,47088,19085,1,73.8,2025-05-10 18:33:11+00:00,Unknown,73.8,2025,5,10
66500,45164,19255,1,43.0,2025-01-01 23:09:25.546000+00:00,Unknown,43.0,2025,1,1
70216,47542,19252,2,23.5,2025-03-06 17:09:46+00:00,"Suite 312 34698 Haag Ports, Bryannachester, IL 00849-4310",47.0,2025,3,6
69142,44622,18863,1,24.0,2024-11-22 10:52:17+00:00,Unknown,24.0,2024,11,22
64509,45738,19436,1,27.75,2024-09-24 05:21:54.960000+00:00,Unknown,27.75,2024,9,24
69670,46615,18942,1,24.25,2024-05-18 17:54:46+00:00,Unknown,24.25,2024,5,18
63927,45137,19496,1,30.0,2024-07-31 22:34:00+00:00,Unknown,30.0,2024,7,31
71465,47099,19258,1,70.0,2025-02-15 22:02:31+00:00,Unknown,70.0,2025,2,15
69865,46415,19452,1,44.4,2024-12-01 04:28:14+00:00,Unknown,44.4,2024,12,1
68952,47543,19097,1,78.6,2025-02-02 07:20:45+00:00,"43668 Sammy Point, East Kim, AL 04209",78.6,2025,2,2
66906,44983,19518,5,29.5,2025-02-03 05:19:41+00:00,Unknown,147.5,2025,2,3
63268,45129,19294,2,48.75,2024-09-13 19:01:00+00:00,Unknown,97.5,2024,9,13
69552,45053,19543,1,38.75,2025-03-27 15:37:00+00:00,"Apt. 304 5145 McCullough Mews, South Von, NJ 50407",38.75,2025,3,27
70280,44621,19571,1,21.3,2025-03-12 21:26:00+00:00,"12801 Schneider Wells, New Shandiville, PA 68627",21.3,2025,3,12
72296,45243,19158,1,67.0,2024-10-20 06:24:12+00:00,Unknown,67.0,2024,10,20
72388,46044,19359,1,49.0,2024-11-17 14:14:32.651000+00:00,Unknown,49.0,2024,11,17
72294,45354,18881,1,28.25,2024-07-11 00:43:00+00:00,Unknown,28.25,2024,7,11
70355,46456,19442,3,44.5,2025-04-28 20:02:32+00:00,Unknown,133.5,2025,4,28
63716,47347,19066,1,42.0,2024-10-25 01:27:50+00:00,Unknown,42.0,2024,10,25
72984,46823,18931,2,38.0,2025-02-13 10:54:32+00:00,Unknown,76.0,2025,2,13
73683,46372,19545,1,47.0,2024-10-09 01:13:50.262000+00:00,"874 Leonel Haven, Port Graigshire, VT 37118-3566",47.0,2024,10,9
67441,46734,19139,2,60.0,2024-08-24 00:20:00+00:00,"Suite 439 65803 Major Island, South Logan, RI 09403",120.0,2024,8,24
69217,46232,19275,1,53.0,2025-02-14 22:19:34+00:00,"2007 Lucrecia Lake, Port Jeaneneton, MS 85207",53.0,2025,2,14
73815,47320,19210,3,40.5,2025-03-01 14:36:00+00:00,Unknown,121.5,2025,3,1
64502,45819,19096,1,21.0,2025-07-30 20:45:27+00:00,Unknown,21.0,2025,7,30
65841,47025,19116,1,16.75,2025-01-23 05:40:00+00:00,Unknown,16.75,2025,1,23
64023,44644,19183,1,18.0,2024-12-20 18:17:29+00:00,Unknown,18.0,2024,12,20
68388,45261,19017,1,54.5,2024-06-26 12:44:01+00:00,"Suite 737 54143 Miyoko Hollow, South Youngshire, HI 02561",54.5,2024,6,26
70961,44828,19110,1,61.0,2024-12-19 08:30:34+00:00,"Apt. 860 58627 Okuneva Turnpike, Breitenbergside, MO 93833-1951",61.0,2024,12,19
69136,47522,19460,1,37.5,2025-04-22 00:51:00+00:00,Unknown,37.5,2025,4,22
73568,46486,19570,1,49.5,2025-03-06 20:36:00+00:00,Unknown,49.5,2025,3,6
70692,44660,19038,1,60.0,2024-11-27 00:17:00+00:00,Unknown,60.0,2024,11,27
70204,46647,19118,1,72.25,2025-03-19 05:27:05+00:00,Unknown,72.25,2025,3,19
68780,45619,19027,3,71.99,2025-02-10 04:05:32.663000+00:00,Unknown,215.97,2025,2,10
73570,46763,19083,1,50.0,2024-12-22 11:54:00+00:00,Unknown,50.0,2024,12,22
69454,47308,19069,1,55.5,2024-12-29 10:35:05+00:00,"Apt. 692 47705 Cyrus Pass, Shawnport, HI 05870-5708",55.5,2024,12,29
65831,47378,19474,1,35.75,2025-03-23 00:20:00+00:00,Unknown,35.75,2025,3,23
66472,44894,19428,5,55.8,2024-12-10 08:17:00+00:00,Unknown,279.0,2024,12,10
71211,45007,19496,1,29.5,2024-08-20 01:07:10+00:00,Unknown,29.5,2024,8,20
71407,46155,19128,1,72.75,2025-05-07 15:19:00+00:00,Unknown,72.75,2025,5,7
64058,46121,19346,3,35.75,2024-11-02 16:22:39+00:00,Unknown,107.25,2024,11,2
63242,46658,19457,1,35.7,2024-09-13 16:00:00+00:00,Unknown,35.7,2024,9,13
69749,45762,18915,1,80.4,2025-05-28 22:42:06+00:00,Unknown,80.4,2025,5,28
65998,47433,18880,1,80.1,2024-07-17 12:33:03+00:00,Unknown,80.1,2024,7,17
63739,44592,19421,1,20.5,2025-02-28 02:09:27+00:00,Unknown,20.5,2025,2,28
64482,46258,19564,2,52.5,2025-09-15 00:08:00+00:00,Unknown,105.0,2025,9,15
68964,47204,19229,1,22.8,2025-06-03 06:09:18+00:00,"913 Wilderman Point, Rennerland, CT 14703",22.8,2025,6,3
67192,47182,18923,1,26.25,2025-04-01 19:26:56+00:00,Unknown,26.25,2025,4,1
65752,45584,18845,1,63.5,2024-10-12 14:50:00+00:00,Unknown,63.5,2024,10,12
66141,46381,19251,1,23.0,2024-06-11 07:43:00+00:00,Unknown,23.0,2024,6,11
72765,47288,19376,1,45.5,2024-05-29 02:34:34+00:00,Unknown,45.5,2024,5,29
72016,44573,18941,1,69.6,2025-03-10 03:22:00+00:00,Unknown,69.6,2025,3,10
73775,46051,19185,2,58.5,2025-02-21 09:34:44+00:00,Unknown,117.0,2025,2,21
67026,45401,18960,1,33.25,2025-04-18 04:55:00+00:00,Unknown,33.25,2025,4,18
73377,45737,19572,2,17.0,2024-09-16 00:16:00+00:00,Unknown,34.0,2024,9,16
73730,47422,19013,1,45.99,2025-01-19 10:31:00+00:00,Unknown,45.99,2025,1,19
64878,46449,19037,1,29.99,2024-09-30 14:40:27+00:00,Unknown,29.99,2024,9,30
64760,44522,19215,1,18.25,2025-03-09 00:41:00+00:00,Unknown,18.25,2025,3,9
72575,46476,19164,1,44.39,2024-11-17 12:47:37+00:00,Unknown,44.39,2024,11,17
63786,46840,19231,4,14.0,2025-05-15 04:14:15+00:00,Unknown,56.0,2025,5,15
73537,45411,19355,2,40.0,2025-03-11 22:25:00+00:00,Unknown,80.0,2025,3,11
69376,47278,19478,1,55.0,2024-12-01 05:32:53+00:00,Unknown,55.0,2024,12,1
63979,46335,19118,3,71.5,2024-12-15 18:13:50+00:00,"Suite 957 654 Gorczany Lights, Leannonbury, KS 64639",214.5,2024,12,15
69172,45650,19260,1,72.99,2025-01-29 12:27:26+00:00,Unknown,72.99,2025,1,29
70460,45111,19009,1,86.7,2024-04-07 01:11:55+00:00,Unknown,86.7,2024,4,7
68129,44484,19392,2,60.9,2024-09-28 11:19:00+00:00,Unknown,121.8,2024,9,28
70534,46142,18883,1,23.75,2025-06-06 10:49:00+00:00,Unknown,23.75,2025,6,6
70659,45092,19360,1,59.5,2025-04-20 13:21:00+00:00,"Apt. 428 8276 Marvin Junctions, Waldoberg, ID 99028-8076",59.5,2025,4,20
71174,47222,19349,1,52.2,2025-01-14 00:37:06+00:00,Unknown,52.2,2025,1,14
68990,46100,19206,1,27.5,2025-02-09 01:07:10+00:00,Unknown,27.5,2025,2,9
68969,45138,19406,2,57.75,2024-10-08 13:35:44+00:00,"Apt. 230 793 Paucek Extension, East Kyoko, AR 23338-5336",115.5,2024,10,8
67577,45962,19218,1,69.5,2024-12-03 04:31:00+00:00,Unknown,69.5,2024,12,3
68965,44948,19441,1,18.5,2025-03-29 23:16:30+00:00,Unknown,18.5,2025,3,29
72884,45756,19169,1,86.4,2024-09-27 15:03:11+00:00,"75591 Issac Islands, Cassinchester, AK 02770",86.4,2024,9,27
70254,46579,19333,3,32.0,2025-01-17 08:59:00+00:00,Unknown,96.0,2025,1,17
65666,44343,18931,1,34.75,2024-08-04 20:08:08+00:00,Unknown,34.75,2024,8,4
69029,44962,19115,4,65.7,2024-08-03 06:12:00+00:00,Unknown,262.8,2024,8,3
65410,44819,19349,5,48.6,2024-07-26 05:25:00+00:00,Unknown,243.0,2024,7,26
68289,45085,19016,1,46.0,2024-12-25 18:46:00+00:00,Unknown,46.0,2024,12,25
63321,46723,18946,2,47.0,2024-09-16 14:17:49+00:00,Unknown,94.0,2024,9,16
72596,47067,19105,1,42.9,2025-02-22 08:33:24+00:00,Unknown,42.9,2025,2,22
67390,46700,19012,1,42.0,2024-09-26 14:18:19+00:00,Unknown,42.0,2024,9,26
70085,45613,19405,1,51.0,2024-12-27 16:55:35+00:00,Unknown,51.0,2024,12,27
64061,44819,19474,1,31.25,2024-08-23 23:24:18+00:00,Unknown,31.25,2024,8,23
71118,45275,18888,1,56.7,2024-12-10 08:18:00+00:00,"Apt. 279 5485 Sidney Islands, North Mistie, ND 56675",56.7,2024,12,10
66226,44862,19022,1,67.25,2024-12-28 04:19:00+00:00,Unknown,67.25,2024,12,28
71900,45321,19304,1,26.75,2024-08-19 03:13:06+00:00,Unknown,26.75,2024,8,19
70610,45276,19373,1,49.0,2025-01-26 20:02:00+00:00,Unknown,49.0,2025,1,26
72251,46428,19291,4,57.75,2024-09-21 18:41:00+00:00,Unknown,231.0,2024,9,21
64113,46133,19061,2,61.99,2025-03-08 02:17:52+00:00,Unknown,123.98,2025,3,8
65714,44462,19498,1,61.19,2024-09-09 06:28:00+00:00,Unknown,61.19,2024,9,9
65642,44572,19561,1,27.9,2024-11-10 05:06:31+00:00,Unknown,27.9,2024,11,10
64095,44408,18874,1,53.0,2025-01-31 19:52:27+00:00,Unknown,53.0,2025,1,31
72508,47151,19542,1,60.99,2024-10-16 23:03:09+00:00,Unknown,60.99,2024,10,16
68761,45394,19153,1,57.0,2025-04-08 20:53:07+00:00,Unknown,57.0,2025,4,8
72625,46458,19181,2,63.5,2024-10-22 12:13:00+00:00,"Suite 902 67889 Walter Shore, West Bertha, NM 95674-2993",127.0,2024,10,22
68074,45080,19077,4,44.5,2025-04-08 06:59:31+00:00,Unknown,178.0,2025,4,8
67012,44907,18855,1,31.0,2024-07-18 10:31:58.069000+00:00,Unknown,31.0,2024,7,18
73567,47135,19389,1,21.25,2024-08-23 03:38:22.859000+00:00,"71816 Hilll Trafficway, East Minhshire, WI 76126",21.25,2024,8,23
69722,45987,19465,1,47.75,2024-11-03 21:27:54+00:00,Unknown,47.75,2024,11,3
70077,45357,18854,1,42.5,2025-06-24 06:36:11+00:00,Unknown,42.5,2025,6,24
63302,47334,19407,1,24.0,2024-03-29 11:11:13.147000+00:00,Unknown,24.0,2024,3,29
65617,47615,19105,5,34.5,2024-08-22 07:22:50+00:00,Unknown,172.5,2024,8,22
65958,45536,19437,1,38.25,2024-07-21 08:17:23+00:00,Unknown,38.25,2024,7,21
65142,45176,19243,3,45.6,2024-10-30 16:25:37+00:00,Unknown,136.8,2024,10,30
66725,46073,19283,1,18.0,2024-08-12 13:33:08+00:00,"1884 Leland Passage, Capriceshire, SD 05091-3309",18.0,2024,8,12
63522,45543,19027,1,75.5,2024-12-14 12:54:30+00:00,Unknown,75.5,2024,12,14
70195,45361,18935,1,60.0,2024-08-06 05:38:00+00:00,Unknown,60.0,2024,8,6
69439,44894,19026,1,19.75,2025-05-14 08:35:00+00:00,Unknown,19.75,2025,5,14
68271,46407,19533,1,48.99,2025-07-29 07:32:30.845000+00:00,Unknown,48.99,2025,7,29
73904,46707,19536,1,68.75,2024-07-15 03:57:13+00:00,Unknown,68.75,2024,7,15
66410,46102,18840,1,49.0,2025-03-30 08:43:00+00:00,Unknown,49.0,2025,3,30
73434,44554,19078,1,63.3,2024-10-28 04:18:43+00:00,Unknown,63.3,2024,10,28
66497,45276,19098,1,74.39,2025-04-17 07:57:57+00:00,Unknown,74.39,2025,4,17
65049,45747,19165,1,35.7,2025-04-14 12:45:58+00:00,Unknown,35.7,2025,4,14
64097,46550,19471,1,39.99,2025-01-19 12:25:00+00:00,"Apt. 962 6628 Efren Landing, Port Mechelleborough, ID 00951-2896",39.99,2025,1,19
71040,46378,19234,2,26.75,2025-02-06 21:02:20+00:00,Unknown,53.5,2025,2,6
72040,47442,19552,1,47.7,2024-10-04 01:57:00+00:00,"56419 Dot Cove, Faustinoland, WA 25392-7848",47.7,2024,10,4
63901,46599,19406,1,72.3,2025-04-08 10:23:41+00:00,Unknown,72.3,2025,4,8
72870,46997,19461,1,87.6,2025-01-06 21:14:00+00:00,"Suite 232 3238 Toy Walk, Lockmanport, NC 15784-8753",87.6,2025,1,6
64914,44926,19269,1,32.39,2024-09-10 09:59:00+00:00,Unknown,32.39,2024,9,10
69399,46277,19390,1,44.4,2025-03-25 14:45:21+00:00,"Apt. 974 3426 Ira Light, Jeannetteton, IA 81895",44.4,2025,3,25
67309,47538,19305,1,52.25,2024-06-16 00:46:50+00:00,Unknown,52.25,2024,6,16
67481,46716,18879,1,68.0,2024-12-18 08:37:25+00:00,Unknown,68.0,2024,12,18
65117,46522,19516,1,38.5,2025-01-26 13:07:14+00:00,Unknown,38.5,2025,1,26
62944,46811,19213,3,33.5,2025-07-28 03:01:25+00:00,Unknown,100.5,2025,7,28
73548,44403,19544,1,36.75,2024-11-10 18:06:25+00:00,Unknown,36.75,2024,11,10
63685,46612,19559,1,67.5,2025-03-14 12:59:17+00:00,"Suite 584 808 Will Locks, South Leonila, CO 75697-8474",67.5,2025,3,14
64756,46236,19228,1,69.25,2024-11-27 13:55:14+00:00,"Apt. 632 872 Waelchi Street, East Guy, ID 29804",69.25,2024,11,27
68113,46661,19516,1,36.75,2024-11-19 11:43:22.091000+00:00,Unknown,36.75,2024,11,19
67887,47214,19440,3,26.0,2024-12-11 12:44:00+00:00,"114 Pouros Crescent, Lake Thanh, NV 69648",78.0,2024,12,11
71442,46686,19128,2,72.75,2025-02-25 12:18:05+00:00,Unknown,145.5,2025,2,25
67258,44534,19447,2,28.5,2024-05-27 17:59:51+00:00,Unknown,57.0,2024,5,27
64174,46344,18966,2,68.4,2024-05-11 06:00:00+00:00,Unknown,136.8,2024,5,11
72156,46931,19472,1,68.25,2024-10-14 09:37:06+00:00,Unknown,68.25,2024,10,14
69306,47252,19454,1,78.6,2024-12-16 00:11:11+00:00,Unknown,78.6,2024,12,16
64831,47478,18952,1,61.2,2024-06-16 13:52:03+00:00,Unknown,61.2,2024,6,16
66756,45580,19290,4,28.2,2025-05-27 18:42:14+00:00,Unknown,112.8,2025,5,27
62947,45870,19048,1,34.79,2024-12-31 15:42:00+00:00,Unknown,34.79,2024,12,31
68364,45742,19222,1,54.25,2024-09-28 00:17:00+00:00,Unknown,54.25,2024,9,28
65336,47556,18857,3,72.99,2025-01-25 18:30:23+00:00,Unknown,218.97,2025,1,25
73268,47330,18909,1,27.3,2025-02-16 15:33:21+00:00,Unknown,27.3,2025,2,16
66385,46422,19119,1,63.0,2025-01-20 19:10:24+00:00,Unknown,63.0,2025,1,20
71403,45331,19220,1,61.75,2024-08-22 13:22:00+00:00,"Suite 773 49637 Schoen Passage, Christiansenchester, IN 27032-6922",61.75,2024,8,22
63524,45456,19327,2,47.0,2024-11-23 15:57:19+00:00,Unknown,94.0,2024,11,23
65725,44557,19398,2,69.0,2024-11-24 05:59:00+00:00,Unknown,138.0,2024,11,24
68566,44591,19187,1,74.1,2025-06-06 15:13:56+00:00,Unknown,74.1,2025,6,6
70173,45276,19401,5,61.0,2024-09-29 02:13:27.463000+00:00,Unknown,305.0,2024,9,29
66100,45405,19259,5,61.0,2024-12-31 20:07:00+00:00,Unknown,305.0,2024,12,31
66684,47525,19452,1,46.8,2025-02-22 14:34:00+00:00,Unknown,46.8,2025,2,22
66142,45697,19277,3,61.99,2024-08-25 22:46:00+00:00,Unknown,185.97,2024,8,25
72047,45302,18888,1,42.0,2025-01-09 18:59:00+00:00,"Apt. 235 4025 Deckow Tunnel, South Kellistad, MN 77961-8770",42.0,2025,1,9
63935,45549,19059,1,66.0,2025-01-19 09:40:00+00:00,"Apt. 347 446 Letitia Locks, Masonshire, NH 08609-6890",66.0,2025,1,19
64962,47539,19362,2,36.25,2025-03-13 15:47:47+00:00,Unknown,72.5,2025,3,13
65777,47494,19056,1,20.0,2024-08-19 17:55:41+00:00,Unknown,20.0,2024,8,19
67038,44595,19438,2,70.0,2025-03-20 01:46:59+00:00,Unknown,140.0,2025,3,20
63070,46982,19101,2,69.0,2024-10-29 20:26:00+00:00,Unknown,138.0,2024,10,29
66956,47589,19359,1,47.5,2024-08-11 20:22:00+00:00,"51048 Bergstrom Walk, Kulasmouth, ME 70548",47.5,2024,8,11
72496,45085,18879,3,83.1,2024-09-06 03:08:16+00:00,Unknown,249.3,2024,9,6
73746,45823,19054,1,46.75,2025-01-24 00:25:12+00:00,Unknown,46.75,2025,1,24
71589,45083,19315,5,73.8,2024-09-16 07:22:00+00:00,Unknown,369.0,2024,9,16
69085,46451,19407,1,20.5,2024-12-18 14:28:01+00:00,Unknown,20.5,2024,12,18
71514,44365,19166,1,64.25,2024-09-29 16:50:18+00:00,"18330 Gaynell Ford, East Otischester, UT 50211-9154",64.25,2024,9,29
71891,44503,18914,1,48.75,2025-04-03 19:45:58+00:00,Unknown,48.75,2025,4,3
65915,46176,19570,1,55.5,2025-02-26 19:26:37+00:00,Unknown,55.5,2025,2,26
65036,44365,19303,1,78.0,2025-05-17 11:46:30+00:00,Unknown,78.0,2025,5,17
73000,45006,19451,1,65.1,2025-04-18 21:07:00+00:00,Unknown,65.1,2025,4,18
68090,47427,19371,5,63.5,2024-10-03 18:05:08+00:00,Unknown,317.5,2024,10,3
72704,44624,19444,1,43.0,2024-09-09 16:18:31+00:00,Unknown,43.0,2024,9,9
64372,46451,19027,1,72.75,2024-06-04 11:23:00+00:00,Unknown,72.75,2024,6,4
62885,46801,19467,1,75.5,2025-02-09 01:47:40+00:00,"8838 Wehner Lodge, Johniehaven, FL 84093-5200",75.5,2025,2,9
64573,45247,19170,1,86.1,2024-07-19 21:47:18+00:00,Unknown,86.1,2024,7,19
70208,45705,19512,1,56.4,2025-02-25 18:21:28+00:00,Unknown,56.4,2025,2,25
66586,46101,19143,1,28.5,2025-01-02 20:54:08+00:00,Unknown,28.5,2025,1,2
66803,46517,19115,1,53.25,2024-09-08 08:59:59+00:00,Unknown,53.25,2024,9,8
72689,45402,19238,1,20.0,2024-12-18 07:19:00+00:00,"Apt. 296 885 Sean Shoals, South Christoperstad, NC 73095",20.0,2024,12,18
69812,45445,18847,1,48.6,2025-05-25 16:28:46+00:00,Unknown,48.6,2025,5,25
69194,46187,19210,1,40.0,2024-11-08 19:45:00+00:00,Unknown,40.0,2024,11,8
67080,47031,19582,5,42.99,2024-08-01 14:25:00+00:00,Unknown,214.95,2024,8,1
66900,46532,19271,1,44.0,2025-07-03 10:30:00+00:00,"2547 Grady Glen, Port Manual, TX 47649",44.0,2025,7,3
71970,44803,19587,1,38.7,2024-11-26 01:31:30.118000+00:00,Unknown,38.7,2024,11,26
68119,44875,19074,1,74.0,2025-02-25 07:01:15+00:00,"672 Block Point, Durganbury, PA 31363",74.0,2025,2,25
73502,46405,18978,2,70.8,2024-04-07 14:43:43+00:00,Unknown,141.6,2024,4,7
71449,44700,19553,1,57.3,2024-12-15 02:15:23+00:00,"604 Dante Overpass, Padbergmouth, NY 28942-9059",57.3,2024,12,15
72866,45922,18979,1,86.4,2024-06-26 01:56:41+00:00,Unknown,86.4,2024,6,26
68419,45136,19448,2,55.0,2025-02-03 13:34:33+00:00,Unknown,110.0,2025,2,3
67103,45592,19586,1,18.0,2024-06-30 22:23:00+00:00,Unknown,18.0,2024,6,30
70012,46406,18878,2,39.0,2024-12-28 00:34:00+00:00,Unknown,78.0,2024,12,28
67776,46730,19428,1,41.25,2025-05-20 19:07:00+00:00,Unknown,41.25,2025,5,20
72694,45714,19159,1,18.5,2024-02-09 14:45:45+00:00,Unknown,18.5,2024,2,9
63325,45068,19003,1,36.99,2025-05-14 12:09:24.822000+00:00,Unknown,36.99,2025,5,14
63798,45359,18853,1,60.75,2025-02-04 09:54:00+00:00,Unknown,60.75,2025,2,4
71254,45286,19037,1,35.1,2024-09-01 20:59:55+00:00,Unknown,35.1,2024,9,1
70022,45430,19348,1,32.5,2025-04-30 00:47:58.184000+00:00,Unknown,32.5,2025,4,30
66642,45090,19531,2,25.0,2024-11-21 10:53:00+00:00,Unknown,50.0,2024,11,21
73448,45447,19067,1,44.99,2025-08-01 06:22:14+00:00,Unknown,44.99,2025,8,1
73560,45288,19367,1,47.5,2025-01-10 12:01:49+00:00,Unknown,47.5,2025,1,10
69124,45029,19556,5,29.25,2025-01-25 21:29:45+00:00,"Suite 794 919 Klocko Stravenue, West Shirleyhaven, SC 37796",146.25,2025,1,25
65981,47613,18859,1,52.0,2024-12-11 21:48:09+00:00,Unknown,52.0,2024,12,11
68294,46462,19034,1,49.5,2024-10-11 14:56:45+00:00,Unknown,49.5,2024,10,11
69576,47550,19111,1,34.2,2024-12-04 09:17:52+00:00,"Suite 246 102 Walsh Junction, Helenfort, AZ 06631",34.2,2024,12,4
71660,47020,19115,1,64.2,2025-03-03 01:30:16.038000+00:00,Unknown,64.2,2025,3,3
72908,44804,19211,1,58.8,2024-08-29 04:35:49+00:00,Unknown,58.8,2024,8,29
67613,46787,19280,1,46.75,2024-09-23 17:18:27+00:00,Unknown,46.75,2024,9,23
64110,46468,19167,5,42.75,2025-03-05 02:50:44+00:00,Unknown,213.75,2025,3,5
72312,45388,19340,1,27.0,2024-10-19 15:21:00+00:00,Unknown,27.0,2024,10,19
62937,45312,18849,1,34.0,2025-03-16 23:34:58+00:00,Unknown,34.0,2025,3,16
72449,44961,19466,2,21.0,2024-08-14 01:22:36+00:00,Unknown,42.0,2024,8,14
66760,46505,19583,1,58.0,2024-12-20 11:22:30+00:00,"Apt. 568 2562 Gusikowski Inlet, Dewittton, SD 05121",58.0,2024,12,20
70395,45213,19502,1,38.25,2025-02-01 06:37:00+00:00,Unknown,38.25,2025,2,1
64428,46491,19033,2,29.0,2024-12-28 06:36:32+00:00,"1841 Volkman Valley, VonRuedenmouth, WA 84133",58.0,2024,12,28
63288,45607,19485,3,68.25,2024-08-22 09:21:59+00:00,Unknown,204.75,2024,8,22
70129,47298,19519,1,40.8,2024-06-06 22:56:23+00:00,Unknown,40.8,2024,6,6
68987,46414,19354,1,40.25,2024-11-18 23:27:57+00:00,Unknown,40.25,2024,11,18
71205,45908,19461,1,81.9,2024-10-28 18:17:00+00:00,Unknown,81.9,2024,10,28
68307,44366,19192,1,59.99,2024-11-21 10:46:19.589000+00:00,Unknown,59.99,2024,11,21
65832,45023,19306,1,35.99,2024-09-03 17:00:00+00:00,"Suite 231 894 Luciano Spring, West Rebecaview, WV 67744",35.99,2024,9,3
64856,46029,19047,3,46.5,2025-01-21 06:45:00+00:00,Unknown,139.5,2025,1,21
70211,46310,19234,5,25.0,2024-06-27 23:02:00+00:00,Unknown,125.0,2024,6,27
70104,44369,19493,1,82.2,2024-12-19 07:20:08+00:00,Unknown,82.2,2024,12,19
73116,44631,18995,1,33.0,2024-09-22 15:55:17+00:00,"72756 Toi Junctions, North Blairton, MN 14006",33.0,2024,9,22
72349,47425,19253,1,47.4,2025-04-14 04:35:41+00:00,Unknown,47.4,2025,4,14
71336,44744,19443,1,33.6,2025-04-07 05:21:55.877000+00:00,Unknown,33.6,2025,4,7
66782,47103,19470,1,69.0,2024-06-22 07:31:50+00:00,Unknown,69.0,2024,6,22
68063,44952,18921,1,47.5,2025-05-01 10:30:30+00:00,"40005 Cartwright Pass, Lake Fred, NY 64544-3694",47.5,2025,5,1
68421,46125,19554,1,59.25,2024-04-05 06:13:29+00:00,Unknown,59.25,2024,4,5
64554,46696,19427,3,41.0,2025-05-01 02:00:10+00:00,Unknown,123.0,2025,5,1
69393,47510,18889,1,87.59,2024-10-04 16:49:18+00:00,Unknown,87.59,2024,10,4
72879,46456,19103,5,32.5,2024-07-20 15:35:25+00:00,"15555 Osvaldo Shores, O'Konland, TN 16009-7375",162.5,2024,7,20
68332,44522,19150,1,43.0,2024-11-30 02:08:14+00:00,Unknown,43.0,2024,11,30
68737,45899,19558,3,35.1,2024-08-23 23:54:48+00:00,"Apt. 587 75990 Jonas Views, Port Donnie, NC 36293",105.3,2024,8,23
67991,45544,19292,5,51.5,2024-09-27 01:08:29+00:00,"Suite 101 470 Veta Lane, New Cristopher, OH 46624",257.5,2024,9,27
71738,47029,19130,1,31.19,2025-01-26 17:23:33+00:00,"811 Amada Mount, Howellburgh, ME 51076",31.19,2025,1,26
68212,45378,19189,1,22.2,2024-12-12 00:58:06+00:00,Unknown,22.2,2024,12,12
68662,45512,19149,2,25.0,2025-07-21 06:06:17+00:00,Unknown,50.0,2025,7,21
64435,46020,19388,1,52.99,2025-01-15 16:14:00+00:00,Unknown,52.99,2025,1,15
68528,45908,19183,1,21.6,2025-07-11 13:21:20+00:00,"3255 Bergnaum Brooks, Lake Evelia, KS 59438",21.6,2025,7,11
70397,47483,19568,2,45.25,2025-03-12 14:13:00+00:00,Unknown,90.5,2025,3,12
68783,45268,19311,1,65.0,2025-02-21 01:07:07+00:00,Unknown,65.0,2025,2,21
66387,45991,19034,1,47.75,2024-10-05 16:54:48+00:00,Unknown,47.75,2024,10,5
71680,46714,19577,2,75.75,2025-01-29 11:34:51+00:00,Unknown,151.5,2025,1,29
67789,46500,19134,4,67.0,2025-01-13 21:01:00+00:00,Unknown,268.0,2025,1,13
67570,45367,19510,1,23.4,2025-06-09 01:45:00+00:00,"Suite 714 8803 Yost Heights, West Dennisview, VT 97018-2031",23.4,2025,6,9
71628,44459,19521,1,17.0,2025-02-20 10:42:14+00:00,Unknown,17.0,2025,2,20
72522,46743,19206,1,28.5,2024-07-07 21:36:11+00:00,Unknown,28.5,2024,7,7
63687,47610,19096,2,19.0,2024-06-30 19:53:05+00:00,"Suite 298 798 Witting Circles, Mylesbury, WV 43605",38.0,2024,6,30
71517,45622,18885,1,31.25,2025-01-16 22:25:54+00:00,Unknown,31.25,2025,1,16
72173,45946,19064,1,64.5,2024-10-15 03:47:40+00:00,"3642 Mueller Curve, Mariaborough, MO 87077-4585",64.5,2024,10,15
68478,45866,18903,1,19.0,2025-03-10 12:22:31+00:00,"Suite 605 8063 Herzog Ford, Johanaberg, MN 12482",19.0,2025,3,10
67213,46298,18844,2,39.5,2024-11-16 21:30:10+00:00,Unknown,79.0,2024,11,16
69591,47028,19165,1,32.0,2024-11-26 07:16:01+00:00,"2810 Jama Junction, Bennyfort, SD 74014",32.0,2024,11,26
68974,45317,19324,1,74.7,2025-01-15 08:19:01+00:00,Unknown,74.7,2025,1,15
72629,45836,19148,3,39.5,2025-01-18 00:01:56+00:00,Unknown,118.5,2025,1,18
72079,46410,19498,1,63.3,2024-05-12 08:20:49+00:00,Unknown,63.3,2024,5,12
67015,46985,19435,2,69.99,2024-08-18 10:06:44+00:00,Unknown,139.98,2024,8,18
70172,44767,19498,1,48.75,2024-09-30 22:23:31+00:00,Unknown,48.75,2024,9,30
64253,44541,19532,1,31.75,2024-06-11 03:28:05+00:00,Unknown,31.75,2024,6,11
70782,45458,19585,2,69.0,2024-10-10 08:14:37+00:00,Unknown,138.0,2024,10,10
72831,47421,19297,3,50.0,2024-10-19 01:42:00+00:00,"Suite 338 72784 Pouros Tunnel, Michelland, MT 33115-4181",150.0,2024,10,19
69517,44457,19011,2,67.2,2025-01-20 01:36:54+00:00,"6437 Margert Ports, North Trinityport, MI 19205-3118",134.4,2025,1,20
67617,46941,19257,1,84.6,2024-11-19 18:10:41+00:00,"278 Kerluke Corner, Lake Augusta, OR 24390",84.6,2024,11,19
73903,46748,19066,1,39.0,2024-08-19 13:55:40+00:00,Unknown,39.0,2024,8,19
67306,45404,19123,1,63.3,2024-08-26 03:30:48+00:00,Unknown,63.3,2024,8,26
65085,46958,19001,1,30.0,2024-12-24 14:14:53+00:00,Unknown,30.0,2024,12,24
68269,46189,19363,2,21.0,2024-12-28 19:56:00+00:00,Unknown,42.0,2024,12,28
73822,45833,18889,1,72.75,2024-07-20 19:50:52+00:00,Unknown,72.75,2024,7,20
64027,44508,19496,1,28.0,2025-01-22 05:14:46+00:00,Unknown,28.0,2025,1,22
69726,45908,19180,1,50.4,2024-04-08 13:20:06+00:00,Unknown,50.4,2024,4,8
73313,46347,19430,1,54.75,2024-10-19 08:14:38.282000+00:00,Unknown,54.75,2024,10,19
63038,44725,18972,1,35.4,2024-11-27 20:04:17+00:00,Unknown,35.4,2024,11,27
72590,47618,19001,1,34.2,2024-07-06 03:53:00+00:00,Unknown,34.2,2024,7,6
69373,46800,19250,2,29.75,2024-11-11 01:42:52+00:00,"1254 Cedrick Place, Legrosfurt, SC 90151-3684",59.5,2024,11,11
67668,44503,18858,1,15.75,2025-03-17 06:36:33+00:00,Unknown,15.75,2025,3,17
72635,45779,19209,1,33.59,2024-09-29 18:46:50.888000+00:00,Unknown,33.59,2024,9,29
67456,47291,19223,2,19.25,2025-01-13 18:05:00+00:00,Unknown,38.5,2025,1,13
66655,45701,19211,1,59.4,2024-11-18 14:28:24+00:00,Unknown,59.4,2024,11,18
72803,44910,19280,2,46.25,2024-07-02 00:48:40+00:00,"Suite 929 2714 Ullrich Isle, East Derekport, WY 11778",92.5,2024,7,2
63980,44663,18872,1,41.0,2024-08-20 15:44:00+00:00,Unknown,41.0,2024,8,20
63619,44446,19505,2,18.5,2024-09-19 12:57:18+00:00,"5713 Blanda Plaza, Charlieberg, MA 28014-4130",37.0,2024,9,19
71910,46667,19091,1,27.0,2025-04-09 23:21:46+00:00,Unknown,27.0,2025,4,9
68870,46922,19527,1,74.0,2024-08-16 02:04:28+00:00,Unknown,74.0,2024,8,16
69228,45782,19313,1,32.7,2024-07-05 22:52:46+00:00,Unknown,32.7,2024,7,5
64481,45528,18939,1,51.0,2024-10-13 09:18:04+00:00,Unknown,51.0,2024,10,13
72146,46838,18863,1,27.75,2025-03-22 18:55:00+00:00,"Apt. 395 98750 DuBuque Forest, East Shanice, MN 55505-8629",27.75,2025,3,22
66856,44731,18910,1,49.0,2025-02-01 04:04:58+00:00,Unknown,49.0,2025,2,1
67480,47168,19233,1,70.5,2025-05-08 23:11:48+00:00,Unknown,70.5,2025,5,8
71836,45781,19010,1,78.0,2024-09-23 05:13:00+00:00,Unknown,78.0,2024,9,23
73657,45245,18949,1,30.99,2024-10-25 20:34:41+00:00,"92930 Elroy Canyon, Strackeville, IN 52481",30.99,2024,10,25
70480,46301,19180,1,52.2,2025-03-30 23:45:20+00:00,"Apt. 300 895 Harris Path, Alesiaside, WA 28247",52.2,2025,3,30
65014,45495,19046,3,20.25,2025-02-14 03:51:37+00:00,"Suite 199 800 Glynda Squares, Port Teshaberg, MN 44431-5179",60.75,2025,2,14
66280,44901,19267,1,21.5,2025-02-02 08:31:18+00:00,Unknown,21.5,2025,2,2
70215,45768,18907,1,38.25,2024-06-11 00:55:53+00:00,"Apt. 130 888 Torphy Loop, Lake Giuseppe, KS 24279",38.25,2024,6,11
73457,46949,18942,3,28.2,2025-04-30 11:54:47+00:00,Unknown,84.6,2025,4,30
66086,44810,18893,2,54.25,2025-03-14 20:24:26+00:00,Unknown,108.5,2025,3,14
73847,47361,19374,1,24.3,2024-05-15 13:09:59.691000+00:00,Unknown,24.3,2024,5,15
63598,45167,19340,1,31.99,2025-08-30 03:31:00+00:00,Unknown,31.99,2025,8,30
68256,44497,19423,2,37.19,2025-04-15 06:40:20+00:00,Unknown,74.38,2025,4,15
71538,46536,19310,2,23.0,2024-08-03 22:17:00+00:00,Unknown,46.0,2024,8,3
65508,45441,19140,1,80.4,2024-06-22 16:23:41+00:00,Unknown,80.4,2024,6,22
63673,44971,19414,1,56.99,2024-09-20 17:50:47+00:00,Unknown,56.99,2024,9,20
73595,46309,19076,1,18.0,2025-02-07 21:55:00+00:00,Unknown,18.0,2025,2,7
73115,44914,18874,2,68.1,2024-05-02 09:20:00+00:00,"23705 Salena Street, East Tammybury, AZ 45804-7400",136.2,2024,5,2
72239,46116,19341,1,30.75,2024-09-08 13:13:42+00:00,Unknown,30.75,2024,9,8
72432,45582,19445,4,61.5,2025-03-20 14:59:22+00:00,Unknown,246.0,2025,3,20
67724,45344,19389,2,21.0,2025-04-12 06:13:06+00:00,Unknown,42.0,2025,4,12
68889,47293,19309,2,67.5,2025-04-18 06:25:07.048000+00:00,Unknown,135.0,2025,4,18
64478,45710,19131,1,67.2,2024-11-11 19:57:50+00:00,Unknown,67.2,2024,11,11
68967,46900,19141,1,60.9,2024-10-05 16:21:14+00:00,Unknown,60.9,2024,10,5
62908,47200,19545,2,60.3,2024-07-10 21:56:54+00:00,Unknown,120.6,2024,7,10
65378,44398,19563,3,67.5,2024-07-17 06:57:16+00:00,"Suite 481 10050 Hudson Land, Chongland, OH 32978",202.5,2024,7,17
62974,45139,19376,1,46.0,2024-11-23 08:18:13+00:00,Unknown,46.0,2024,11,23
63249,46013,18998,1,55.2,2024-10-14 08:38:03+00:00,Unknown,55.2,2024,10,14
65345,45456,19512,2,43.75,2025-01-05 04:24:10.950000+00:00,Unknown,87.5,2025,1,5
64889,44394,19006,2,48.0,2025-01-15 16:07:00+00:00,"612 Tricia Fort, Uptonside, TX 86847",96.0,2025,1,15
73520,45435,19239,1,72.0,2025-07-09 03:52:30.657000+00:00,Unknown,72.0,2025,7,9
67074,44746,19254,1,56.0,2024-12-14 04:56:00+00:00,Unknown,56.0,2024,12,14
67669,45272,18853,2,64.99,2025-04-13 21:58:30+00:00,Unknown,129.98,2025,4,13
63332,44929,19406,1,68.4,2024-12-24 05:57:00+00:00,"551 Fernande Curve, East Forrest, AZ 34011-0446",68.4,2024,12,24
67408,46737,19329,1,66.25,2025-04-14 08:50:18+00:00,Unknown,66.25,2025,4,14
65907,47504,19284,5,49.5,2024-03-01 21:40:09+00:00,Unknown,247.5,2024,3,1
70985,47628,19549,1,41.25,2024-11-12 13:24:30+00:00,Unknown,41.25,2024,11,12
65149,44437,19431,1,34.25,2025-01-13 16:28:08+00:00,Unknown,34.25,2025,1,13
71529,46912,19181,2,78.9,2024-12-22 03:20:05.457000+00:00,Unknown,157.8,2024,12,22
72421,46490,19202,1,63.6,2025-06-27 19:39:26+00:00,Unknown,63.6,2025,6,27
67340,44412,19084,1,62.4,2024-12-15 01:06:09+00:00,"Apt. 660 1069 Horacio Ways, Strosinberg, HI 89431-1162",62.4,2024,12,15
71216,45211,19263,1,30.5,2025-07-02 10:43:44+00:00,Unknown,30.5,2025,7,2
67298,44519,18964,1,58.8,2024-07-21 05:59:00+00:00,"2362 Labadie Manor, Ferryfort, CA 50238-0157",58.8,2024,7,21
70222,46248,19563,2,67.99,2025-06-22 01:53:40+00:00,Unknown,135.98,2025,6,22
73673,46726,18961,1,74.0,2024-07-07 00:48:37+00:00,"Suite 760 655 Johanne Green, Rohanberg, TN 88055",74.0,2024,7,7
68880,47486,18897,1,56.5,2025-03-12 09:55:35+00:00,"Apt. 478 5122 Morris Branch, Desireborough, LA 82096",56.5,2025,3,12
66206,44422,19356,1,54.5,2024-06-09 18:39:00+00:00,Unknown,54.5,2024,6,9
72368,46040,19030,1,21.5,2025-01-05 15:27:05+00:00,Unknown,21.5,2025,1,5
69618,45357,19390,1,38.5,2024-04-30 09:33:06+00:00,Unknown,38.5,2024,4,30
68449,44489,19557,1,56.0,2024-10-18 12:53:53.785000+00:00,Unknown,56.0,2024,10,18
68383,46091,18941,1,74.1,2024-12-21 21:38:55+00:00,"33348 Brakus Track, Altenwerthville, IA 55928-4338",74.1,2024,12,21
65399,45050,19298,1,63.0,2024-07-03 12:10:11.650000+00:00,"Apt. 362 6547 Sergio Dam, Adolfoville, OR 52040",63.0,2024,7,3
73391,46721,19430,2,67.5,2024-11-18 02:41:55+00:00,Unknown,135.0,2024,11,18
65438,46380,18888,1,44.5,2025-01-10 17:00:30+00:00,Unknown,44.5,2025,1,10
71147,46201,19529,1,22.79,2024-10-04 23:37:36+00:00,Unknown,22.79,2024,10,4
68242,46742,19192,2,60.0,2024-07-28 00:59:54+00:00,"24072 Dorian Square, Cathyton, NE 15305",120.0,2024,7,28
73802,47045,19106,1,48.0,2025-01-09 16:07:33+00:00,Unknown,48.0,2025,1,9
72833,46376,19353,1,12.99,2025-05-23 04:11:04.910000+00:00,Unknown,12.99,2025,5,23
68769,46468,19372,3,72.6,2024-11-09 17:03:00+00:00,"Apt. 142 81315 Marvin Junctions, North Gabrielleburgh, HI 94074",217.8,2024,11,9
66454,45781,19471,1,40.5,2024-08-07 09:01:38+00:00,Unknown,40.5,2024,8,7
65377,45132,19086,1,75.99,2024-08-29 14:20:32+00:00,Unknown,75.99,2024,8,29
70214,45719,19287,1,43.8,2024-12-31 02:57:53+00:00,"Apt. 111 208 Rodriguez Inlet, East Ronshire, TX 32070",43.8,2024,12,31
67583,46047,18956,1,52.5,2025-01-29 07:28:46+00:00,Unknown,52.5,2025,1,29
64575,44839,18899,1,28.75,2024-10-19 16:33:47+00:00,Unknown,28.75,2024,10,19
70329,47289,19577,3,88.8,2024-04-04 04:27:51+00:00,Unknown,266.4,2024,4,4
66751,44877,19553,1,49.0,2025-02-18 17:05:13+00:00,Unknown,49.0,2025,2,18
66620,46510,19193,3,20.39,2025-06-20 11:11:00+00:00,"Suite 129 607 Arnoldo Run, Kreigerview, OK 74792",61.17,2025,6,20
62846,47536,19112,1,16.0,2025-04-16 10:38:00+00:00,Unknown,16.0,2025,4,16
67707,46050,19284,1,58.8,2025-03-30 16:17:00+00:00,Unknown,58.8,2025,3,30
64845,44504,19475,1,43.0,2025-06-16 05:44:00+00:00,Unknown,43.0,2025,6,16
71493,44796,19522,1,68.0,2024-06-18 21:01:00+00:00,Unknown,68.0,2024,6,18
71815,44649,19443,1,26.5,2025-07-15 16:24:33+00:00,Unknown,26.5,2025,7,15
71652,44491,19128,1,87.0,2024-11-03 13:20:14+00:00,"984 Sauer Lights, South Sandee, IA 14804",87.0,2024,11,3
63918,47179,18944,3,21.59,2025-08-14 10:45:00+00:00,Unknown,64.77,2025,8,14
67293,46159,19410,1,44.0,2024-08-21 08:10:00+00:00,Unknown,44.0,2024,8,21
63829,45063,19326,5,24.5,2024-11-16 17:15:58.921000+00:00,Unknown,122.5,2024,11,16
64433,45041,19016,1,45.0,2024-12-17 05:29:25+00:00,Unknown,45.0,2024,12,17
62739,44426,19514,1,18.0,2024-11-05 15:24:32.190000+00:00,Unknown,18.0,2024,11,5
68658,46516,19326,1,25.0,2025-04-28 14:36:37+00:00,Unknown,25.0,2025,4,28
65170,45551,19212,2,62.1,2024-06-22 09:56:09+00:00,Unknown,124.2,2024,6,22
73318,47090,19086,1,71.75,2024-07-10 23:23:24+00:00,"87336 Carlton Run, Chanelletown, NC 17507",71.75,2024,7,10
68377,45902,19145,1,84.3,2024-08-15 19:36:00+00:00,"Suite 719 827 Verlene Landing, Coleborough, GA 08473-8301",84.3,2024,8,15
73883,47597,19486,1,56.7,2025-07-16 15:24:27+00:00,Unknown,56.7,2025,7,16
65053,45015,19330,2,69.6,2024-08-11 12:30:00+00:00,Unknown,139.2,2024,8,11
65330,47085,19200,1,18.0,2025-07-09 18:00:24+00:00,Unknown,18.0,2025,7,9
66742,46848,19424,1,20.0,2025-01-07 06:33:43+00:00,Unknown,20.0,2025,1,7
69798,44624,19285,1,62.5,2024-06-14 16:35:00+00:00,"Apt. 791 878 McDermott Neck, East Mickie, OH 00702-7290",62.5,2024,6,14
70886,46756,19320,3,23.0,2024-09-04 02:29:00+00:00,Unknown,69.0,2024,9,4
72497,47110,19132,2,66.75,2024-08-16 15:32:00+00:00,Unknown,133.5,2024,8,16
73543,46597,19121,1,69.0,2024-07-11 04:11:39+00:00,Unknown,69.0,2024,7,11
67323,44819,19511,1,44.4,2025-04-18 23:19:07+00:00,Unknown,44.4,2025,4,18
70021,46723,19084,2,59.4,2024-12-07 18:47:36+00:00,Unknown,118.8,2024,12,7
73617,47289,18879,1,78.0,2024-09-27 07:50:56+00:00,"341 Nathan Ways, Zanechester, SD 52766-6298",78.0,2024,9,27
68300,45247,19216,1,78.9,2025-02-07 18:28:54+00:00,Unknown,78.9,2025,2,7
73577,46403,19003,1,37.75,2024-11-16 07:20:31+00:00,Unknown,37.75,2024,11,16
68107,44457,18881,2,29.5,2024-10-07 08:59:00+00:00,"6437 Margert Ports, North Trinityport, MI 19205-3118",59.0,2024,10,7
62830,44609,19508,1,45.59,2024-05-30 11:38:15+00:00,Unknown,45.59,2024,5,30
67906,46471,19421,1,22.75,2024-09-19 19:01:00+00:00,Unknown,22.75,2024,9,19
68045,45158,19203,2,58.0,2025-01-02 10:12:00+00:00,Unknown,116.0,2025,1,2
66934,45507,19270,1,24.9,2025-04-12 05:30:00+00:00,Unknown,24.9,2025,4,12
64284,45628,19225,1,78.0,2024-12-15 22:58:56+00:00,"40851 O'Hara Valleys, North Ernie, HI 89907-1933",78.0,2024,12,15
64543,47286,19577,4,74.25,2024-12-12 07:29:35+00:00,Unknown,297.0,2024,12,12
68164,46710,19457,1,29.75,2025-05-23 02:40:12+00:00,Unknown,29.75,2025,5,23
64649,47505,19281,1,38.75,2025-03-18 08:35:06+00:00,Unknown,38.75,2025,3,18
65417,45738,19264,1,73.5,2024-12-20 16:42:49.858000+00:00,Unknown,73.5,2024,12,20
71406,45023,19199,1,16.5,2025-07-14 19:50:00+00:00,Unknown,16.5,2025,7,14
69637,46203,19154,1,73.25,2024-08-17 22:38:00+00:00,Unknown,73.25,2024,8,17
67913,44898,19446,1,50.0,2025-02-19 05:43:00+00:00,Unknown,50.0,2025,2,19
65050,46386,19462,1,62.75,2025-03-02 20:53:32+00:00,Unknown,62.75,2025,3,2
63116,44503,18918,1,69.0,2024-05-12 04:11:53+00:00,Unknown,69.0,2024,5,12
62742,46979,18926,1,34.99,2025-03-06 06:54:00+00:00,Unknown,34.99,2025,3,6
66935,45388,19192,5,60.5,2024-05-24 16:47:00+00:00,Unknown,302.5,2024,5,24
64103,46531,19445,1,70.2,2025-03-20 14:03:27+00:00,"Apt. 264 3599 Balistreri Turnpike, West Luigistad, MT 75332",70.2,2025,3,20
67347,44643,19034,1,56.7,2024-11-17 01:53:26+00:00,Unknown,56.7,2024,11,17
70702,44906,18894,2,22.75,2024-09-15 01:33:00+00:00,"Suite 385 293 Braun Islands, Yosttown, AK 21911",45.5,2024,9,15
71484,45404,19420,3,53.75,2024-09-24 07:46:00+00:00,"Suite 639 9172 Enrique Knolls, Schambergerbury, ND 35593-1987",161.25,2024,9,24
65873,45489,19324,1,67.5,2025-04-21 19:10:22+00:00,Unknown,67.5,2025,4,21
69765,47330,19349,1,42.0,2024-04-28 11:19:00+00:00,Unknown,42.0,2024,4,28
64932,46124,19030,1,24.0,2025-04-10 03:00:10+00:00,Unknown,24.0,2025,4,10
72988,45702,19016,1,50.75,2025-05-22 22:06:35+00:00,"Suite 159 5513 Leffler Walk, Kovacekfort, WY 93132",50.75,2025,5,22
65055,46348,19441,1,21.0,2024-10-18 20:03:05+00:00,Unknown,21.0,2024,10,18
68340,46900,19266,1,58.79,2024-10-06 19:30:00+00:00,"279 Lorenzo Cape, East Dimple, NH 26447",58.79,2024,10,6
72755,45139,18890,4,72.5,2024-09-11 10:25:18+00:00,Unknown,290.0,2024,9,11
71203,46598,19532,1,33.75,2024-08-19 11:08:00+00:00,Unknown,33.75,2024,8,19
72393,45793,19427,5,42.99,2024-06-20 11:12:01+00:00,Unknown,214.95,2024,6,20
70462,47315,19379,1,58.0,2024-08-19 20:42:31+00:00,Unknown,58.0,2024,8,19
73692,44665,19307,1,26.7,2025-05-26 03:31:10+00:00,Unknown,26.7,2025,5,26
72083,46510,19414,1,71.4,2024-07-06 08:20:07+00:00,"Suite 129 607 Arnoldo Run, Kreigerview, OK 74792",71.4,2024,7,6
71694,44676,19192,1,75.59,2025-04-18 01:38:40+00:00,"52714 Batz Throughway, Alvinview, NC 67944-0683",75.59,2025,4,18
69988,45998,19526,5,67.0,2024-11-29 11:44:44+00:00,Unknown,335.0,2024,11,29
69989,44449,18922,1,17.7,2025-02-10 08:59:00+00:00,Unknown,17.7,2025,2,10
71544,45840,19310,2,26.0,2024-11-15 21:43:00+00:00,Unknown,52.0,2024,11,15
66551,45468,19009,5,85.8,2024-08-26 17:41:59+00:00,Unknown,429.0,2024,8,26
68879,45001,19330,5,71.4,2025-05-23 14:18:13+00:00,Unknown,357.0,2025,5,23
72807,45359,19027,1,89.4,2024-11-13 13:39:00+00:00,"Suite 985 8778 Soila Trail, Bartellchester, MT 32044-8117",89.4,2024,11,13
66969,46082,18932,1,21.0,2025-02-03 11:16:00+00:00,Unknown,21.0,2025,2,3
71221,46445,18924,1,28.5,2024-10-15 01:00:00+00:00,"Suite 245 34776 Elmer Divide, East Coletta, CA 35819",28.5,2024,10,15
70076,47013,19384,1,22.8,2025-03-22 09:01:54+00:00,"34478 Melba Port, South Nguyet, WV 57675",22.8,2025,3,22
71077,44446,19152,1,29.5,2024-10-12 02:04:57+00:00,Unknown,29.5,2024,10,12
72560,45302,19018,1,16.0,2025-06-28 19:50:00+00:00,Unknown,16.0,2025,6,28
71373,47112,18862,1,34.5,2025-02-22 10:09:58+00:00,Unknown,34.5,2025,2,22
63426,47440,19006,1,47.5,2025-05-24 02:01:46+00:00,Unknown,47.5,2025,5,24
73393,47180,19116,1,17.0,2025-03-20 04:50:37+00:00,Unknown,17.0,2025,3,20
67208,45261,18966,2,53.0,2024-12-19 15:42:00+00:00,Unknown,106.0,2024,12,19
68402,45562,19419,2,61.2,2024-12-23 19:32:10+00:00,Unknown,122.4,2024,12,23
63166,46784,19388,1,52.5,2024-08-10 02:04:00+00:00,Unknown,52.5,2024,8,10
67041,46210,19244,1,48.5,2025-04-14 21:29:56+00:00,"3294 Gwenn Fall, South Chadwick, DE 75538",48.5,2025,4,14
69479,46776,19271,1,52.2,2024-07-30 02:00:00+00:00,Unknown,52.2,2024,7,30
64897,45097,19291,4,57.0,2025-07-28 07:06:11+00:00,Unknown,228.0,2025,7,28
67253,45139,19361,1,36.0,2024-10-19 12:39:41+00:00,Unknown,36.0,2024,10,19
65719,45847,19584,1,39.99,2024-08-11 10:54:32+00:00,"Suite 624 56805 Jeffie Locks, South Mireyaview, SC 68975-2283",39.99,2024,8,11
73514,46268,19034,1,55.2,2024-12-10 20:57:22+00:00,Unknown,55.2,2024,12,10
67764,46324,19262,1,80.4,2024-09-17 16:52:21+00:00,"34757 Torphy Fields, East Ricarda, WA 05090-1834",80.4,2024,9,17
68873,44426,19065,1,23.5,2024-08-26 05:58:00+00:00,Unknown,23.5,2024,8,26
69954,47587,19039,1,43.0,2024-09-01 19:26:13+00:00,Unknown,43.0,2024,9,1
73266,45793,19285,1,62.0,2024-07-03 21:44:21+00:00,Unknown,62.0,2024,7,3
72305,47457,18970,1,60.0,2024-09-09 18:38:57+00:00,Unknown,60.0,2024,9,9
64783,47061,19454,2,81.0,2024-06-16 23:22:14+00:00,"Suite 690 54001 Barrows Views, Kingfurt, KY 51700-9955",162.0,2024,6,16
69581,45654,19009,5,73.99,2024-04-19 19:43:33+00:00,Unknown,369.95,2024,4,19
62754,46876,19390,3,34.0,2024-08-20 02:53:00+00:00,Unknown,102.0,2024,8,20
65952,44800,19415,2,16.0,2024-11-01 03:58:25+00:00,"5059 Alonso Manor, Cleostad, DE 67123-5539",32.0,2024,11,1
63818,46905,19152,1,29.99,2025-02-06 19:20:00+00:00,Unknown,29.99,2025,2,6
65091,45859,18876,2,23.99,2025-03-12 07:50:04+00:00,Unknown,47.98,2025,3,12
66072,45081,19541,2,36.3,2024-11-30 17:52:00+00:00,"Apt. 167 4735 Douglas Bridge, West Lourie, MO 84030-7523",72.6,2024,11,30
73845,44818,18842,1,62.5,2024-11-08 04:31:09+00:00,Unknown,62.5,2024,11,8
64560,44901,19257,1,69.99,2024-12-14 03:12:03+00:00,Unknown,69.99,2024,12,14
63307,46556,19186,1,30.0,2025-01-26 21:43:19+00:00,"Apt. 315 586 Gregory Extension, Chayafort, KS 52618-0483",30.0,2025,1,26
69909,46554,19330,1,58.0,2024-11-30 23:22:58+00:00,"Suite 419 540 Preston Light, South Ilsehaven, DE 45231",58.0,2024,11,30
65313,46232,19245,1,86.7,2025-07-15 21:44:27+00:00,Unknown,86.7,2025,7,15
72719,44825,19171,1,38.75,2025-02-16 08:25:00+00:00,Unknown,38.75,2025,2,16
72224,46734,19486,1,44.5,2024-11-18 19:02:00+00:00,"Suite 439 65803 Major Island, South Logan, RI 09403",44.5,2024,11,18
71048,45169,19345,2,74.4,2025-03-29 05:39:00+00:00,Unknown,148.8,2025,3,29
67687,46143,19526,5,67.0,2025-01-24 14:22:24+00:00,Unknown,335.0,2025,1,24
72267,44620,19339,1,58.2,2024-11-21 22:25:00+00:00,"3126 Block Plain, O'Reillyberg, NV 31671",58.2,2024,11,21
68936,44701,19306,2,36.0,2025-03-27 09:50:23+00:00,"Apt. 219 8539 Boyer Mount, Stiedemanntown, MA 92600",72.0,2025,3,27
64811,46727,19556,1,33.6,2024-07-22 03:29:00+00:00,"89799 Hartmann Glen, Nevilleberg, SC 13322-5737",33.6,2024,7,22
63814,44741,19014,4,21.99,2025-03-23 05:23:41.220000+00:00,Unknown,87.96,2025,3,23
65318,45578,19392,3,47.0,2025-03-07 04:57:27+00:00,Unknown,141.0,2025,3,7
64667,45152,19020,1,19.0,2024-11-03 18:48:00+00:00,Unknown,19.0,2024,11,3
68437,47188,19261,1,80.4,2025-04-13 02:44:29+00:00,Unknown,80.4,2025,4,13
72101,46050,18945,1,57.59,2025-01-09 11:41:00+00:00,"Apt. 780 741 Lexie Vista, Leoburgh, MS 40812",57.59,2025,1,9
68903,45246,18893,1,53.99,2025-04-07 07:27:18+00:00,Unknown,53.99,2025,4,7
67011,46486,19215,1,20.0,2025-03-05 17:27:32+00:00,"Apt. 308 34394 Freddie Burgs, Port Shannon, PA 50981-8694",20.0,2025,3,5
66853,46535,19267,1,20.99,2025-05-13 18:06:01+00:00,Unknown,20.99,2025,5,13
63087,44913,19528,3,29.0,2025-05-02 11:06:03.625000+00:00,Unknown,87.0,2025,5,2
64909,46624,19302,1,28.0,2025-06-22 07:33:54.763000+00:00,Unknown,28.0,2025,6,22
68315,46820,19205,1,12.0,2024-09-29 13:55:00+00:00,Unknown,12.0,2024,9,29
69243,46429,19508,2,43.5,2024-12-30 10:20:46+00:00,Unknown,87.0,2024,12,30
65820,46323,19228,1,68.0,2024-03-18 12:01:00+00:00,Unknown,68.0,2024,3,18
63317,46943,19215,1,17.0,2025-01-04 04:24:24+00:00,Unknown,17.0,2025,1,4
69625,46871,19167,3,47.7,2024-09-26 17:53:00+00:00,"10962 Amie Greens, Eugenieshire, NE 85324-5824",143.1,2024,9,26
65066,47280,19528,1,39.59,2024-12-19 19:15:47+00:00,Unknown,39.59,2024,12,19
66878,47086,19470,1,69.59,2025-01-12 08:43:11+00:00,Unknown,69.59,2025,1,12
66591,46985,19070,1,78.3,2024-12-16 22:54:00+00:00,Unknown,78.3,2024,12,16
71383,46686,19149,1,21.5,2024-04-15 22:45:00+00:00,Unknown,21.5,2024,4,15
62916,47191,19032,1,82.8,2024-09-23 05:40:26+00:00,Unknown,82.8,2024,9,23
69470,44890,19487,1,73.0,2025-06-07 07:13:17+00:00,Unknown,73.0,2025,6,7
72888,46495,19401,1,58.0,2024-11-02 15:40:05+00:00,Unknown,58.0,2024,11,2
65543,46872,19367,1,56.1,2024-08-28 23:28:19+00:00,Unknown,56.1,2024,8,28
69564,44956,19253,1,35.0,2024-10-26 20:20:13+00:00,"9193 Sheila Knoll, North Wilburnport, KS 10666-7675",35.0,2024,10,26
73728,47316,19010,1,76.8,2025-03-27 15:19:47+00:00,"Apt. 828 7965 Cummings Locks, Satterfieldfort, AK 81309",76.8,2025,3,27
65470,45605,18893,2,52.0,2025-03-10 17:48:42+00:00,Unknown,104.0,2025,3,10
67346,46167,19054,1,46.99,2024-10-13 10:23:57.345000+00:00,"Apt. 207 96602 Luis Island, New Rolanda, IA 56921-9285",46.99,2024,10,13
68160,44745,18905,3,55.25,2025-03-14 19:12:00+00:00,Unknown,165.75,2025,3,14
64153,47434,19066,4,46.79,2025-01-25 01:24:00+00:00,Unknown,187.16,2025,1,25
68937,46364,19165,1,38.1,2024-07-31 11:25:47+00:00,Unknown,38.1,2024,7,31
67788,47014,18875,1,44.5,2024-09-27 22:30:13+00:00,Unknown,44.5,2024,9,27
63819,45898,19087,2,54.0,2025-02-01 00:09:00+00:00,Unknown,108.0,2025,2,1
66686,45028,19370,1,21.0,2025-07-11 15:28:00+00:00,Unknown,21.0,2025,7,11
64722,45990,19074,3,70.75,2024-12-10 18:34:24.908000+00:00,"89764 Karan Camp, Jamalville, IL 11917",212.25,2024,12,10
62828,44534,19354,2,49.2,2024-10-09 22:53:17+00:00,"Suite 510 46728 Christopher Tunnel, Nolanhaven, HI 07848-0539",98.4,2024,10,9
64020,45194,18921,1,44.0,2024-05-01 11:19:00+00:00,Unknown,44.0,2024,5,1
73884,47099,18981,1,85.5,2024-08-24 15:35:47+00:00,Unknown,85.5,2024,8,24
69127,46101,19042,1,30.25,2025-02-17 00:49:49+00:00,Unknown,30.25,2025,2,17
66173,44553,18879,1,81.6,2025-04-22 13:05:25+00:00,Unknown,81.6,2025,4,22
63767,44387,18865,2,44.5,2024-06-08 09:48:59+00:00,Unknown,89.0,2024,6,8
67701,47150,19482,1,25.0,2025-04-15 17:22:00+00:00,"Suite 479 745 Torp Summit, New Aline, NH 73339-9530",25.0,2025,4,15
72817,47553,19531,1,29.5,2024-08-28 06:48:41+00:00,Unknown,29.5,2024,8,28
64986,46513,18871,1,56.5,2024-07-02 05:41:58.071000+00:00,"Suite 344 217 Renner Passage, Lake Lamontfurt, AZ 07106-2589",56.5,2024,7,2
70627,46632,19489,1,35.75,2025-02-24 08:02:00+00:00,"Suite 388 8812 Emilia Unions, Carlshire, FL 87092-9979",35.75,2025,2,24
72098,46283,19011,1,64.2,2024-10-13 02:02:45.415000+00:00,Unknown,64.2,2024,10,13
67987,45330,19177,1,14.25,2025-03-01 01:12:00+00:00,"3708 Schamberger Lodge, Streichstad, MD 05843-7086",14.25,2025,3,1
65685,44850,19311,1,68.5,2024-07-18 12:17:00+00:00,Unknown,68.5,2024,7,18
63071,45791,19079,1,27.75,2024-12-23 21:38:01+00:00,Unknown,27.75,2024,12,23
69427,45404,19236,1,66.75,2024-10-09 14:32:23+00:00,Unknown,66.75,2024,10,9
66838,44774,19479,1,62.5,2025-02-26 04:12:21+00:00,Unknown,62.5,2025,2,26
65571,45699,19300,1,72.5,2025-02-06 19:59:00+00:00,"8860 Lianne Center, New Nicolle, MA 86544",72.5,2025,2,6
66942,46851,18847,1,43.25,2024-10-12 06:58:00+00:00,Unknown,43.25,2024,10,12
71887,46532,19229,1,24.0,2024-10-21 17:38:00+00:00,Unknown,24.0,2024,10,21
69352,44742,19173,2,63.99,2025-01-05 20:51:39+00:00,Unknown,127.98,2025,1,5
67317,47190,19538,1,55.5,2025-04-07 16:40:00+00:00,"716 Keeling Fall, Nidiatown, NH 67282",55.5,2025,4,7
69459,45179,19081,1,16.99,2025-04-13 16:02:50+00:00,Unknown,16.99,2025,4,13
65048,45886,18889,1,72.0,2025-04-09 07:44:04+00:00,Unknown,72.0,2025,4,9
65404,45704,18846,4,28.2,2024-11-17 18:58:00+00:00,"6786 Nannette Extensions, East Mathew, MD 11794",112.8,2024,11,17
67321,47025,19045,1,41.75,2025-01-15 15:20:33+00:00,Unknown,41.75,2025,1,15
69075,45536,18941,2,59.5,2025-07-13 01:20:00+00:00,Unknown,119.0,2025,7,13
69414,47270,19350,1,27.99,2025-01-07 00:30:51+00:00,Unknown,27.99,2025,1,7
73469,46837,19343,2,74.99,2025-03-21 17:30:33+00:00,Unknown,149.98,2025,3,21
67537,45465,19195,1,68.25,2024-12-21 04:14:25+00:00,"235 Lynch Lake, Chelseyfort, AR 79327-7272",68.25,2024,12,21
66933,44416,19583,2,56.0,2025-04-27 05:22:45+00:00,"Suite 158 5624 Nader Flat, South Guadalupeshire, NE 65359-1287",112.0,2025,4,27
67188,44598,19268,1,48.5,2024-11-06 17:41:38+00:00,Unknown,48.5,2024,11,6
72567,45163,19126,2,26.5,2024-11-16 02:41:14+00:00,"5675 Yost Rue, East Grantland, OK 99543",53.0,2024,11,16
67133,44735,19416,2,62.25,2025-03-23 03:10:51+00:00,"Suite 706 8695 Jorge Viaduct, West Scottieshire, NE 19857",124.5,2025,3,23
69371,46400,19168,1,65.25,2025-03-03 20:53:46.871000+00:00,Unknown,65.25,2025,3,3
67717,44508,19031,1,25.8,2024-11-27 17:08:00+00:00,Unknown,25.8,2024,11,27
68989,46524,19026,1,19.25,2025-03-08 11:12:58+00:00,Unknown,19.25,2025,3,8
64627,47603,19203,2,58.5,2025-04-20 14:36:57+00:00,Unknown,117.0,2025,4,20
64327,45929,19145,1,87.6,2024-08-02 09:13:00+00:00,"989 Tremblay Fort, East Analisa, NV 29063-8590",87.6,2024,8,2
70363,45549,19552,1,36.75,2024-10-10 15:50:00+00:00,"Apt. 347 446 Letitia Locks, Masonshire, NH 08609-6890",36.75,2024,10,10
73476,45033,19427,1,45.3,2025-02-07 11:32:17+00:00,Unknown,45.3,2025,2,7
69278,44634,19310,1,21.75,2025-03-21 17:27:48+00:00,Unknown,21.75,2025,3,21
64469,47333,18879,1,68.0,2024-11-14 22:35:35+00:00,"Suite 128 59578 Cassidy Lane, Jonnaville, NH 42727-1775",68.0,2024,11,14
73351,45550,19036,1,66.0,2024-09-23 06:00:00+00:00,"Apt. 206 53728 Tomoko Square, Port Monroe, MS 55748-3822",66.0,2024,9,23
65668,45577,19207,1,71.4,2025-06-24 19:41:27+00:00,Unknown,71.4,2025,6,24
63283,46953,19016,2,59.4,2025-04-11 00:44:30+00:00,Unknown,118.8,2025,4,11
68490,45381,19459,1,41.0,2025-04-18 07:13:49.917000+00:00,Unknown,41.0,2025,4,18
72655,46554,19331,1,29.0,2024-11-16 16:43:06+00:00,Unknown,29.0,2024,11,16
63380,45566,18976,2,23.25,2025-01-21 22:40:50+00:00,Unknown,46.5,2025,1,21
69660,46502,19289,1,31.0,2025-03-29 03:46:00+00:00,"5418 Theo Fork, West Colebury, GA 83587",31.0,2025,3,29
68611,44663,19265,2,49.75,2024-12-09 20:58:34+00:00,Unknown,99.5,2024,12,9
70285,46391,18855,1,30.5,2024-11-26 19:23:00+00:00,Unknown,30.5,2024,11,26
69762,44727,19220,2,59.0,2024-09-27 18:17:16+00:00,Unknown,118.0,2024,9,27
62829,47166,19402,1,33.0,2024-11-26 05:20:55+00:00,Unknown,33.0,2024,11,26
67310,46947,19539,2,60.0,2024-12-22 14:04:00+00:00,Unknown,120.0,2024,12,22
72191,45824,19099,2,67.2,2025-04-29 13:36:35+00:00,"Suite 853 70461 Blick Path, Rollandstad, MO 55547-1274",134.4,2025,4,29
67098,46064,19440,2,33.0,2024-08-09 19:48:35+00:00,Unknown,66.0,2024,8,9
65431,44731,18866,1,23.0,2025-01-03 15:25:00+00:00,Unknown,23.0,2025,1,3
71576,46068,19520,1,28.0,2024-08-27 15:26:39+00:00,Unknown,28.0,2024,8,27
65604,44765,19328,1,30.5,2024-12-17 15:47:03+00:00,Unknown,30.5,2024,12,17
70463,45558,19478,1,68.7,2024-11-28 08:06:51+00:00,Unknown,68.7,2024,11,28
65762,44342,18908,1,57.59,2025-05-22 02:36:00+00:00,"Suite 184 8080 Friesen Plains, South Luciamouth, ME 40132",57.59,2025,5,22
73590,46034,19023,1,42.0,2025-04-09 03:40:45+00:00,Unknown,42.0,2025,4,9
70814,46872,19587,1,35.0,2024-08-28 04:34:26+00:00,Unknown,35.0,2024,8,28
68092,45213,18940,3,14.99,2024-07-16 22:35:25+00:00,Unknown,44.97,2024,7,16
67453,47601,19588,1,63.0,2025-01-07 15:37:22+00:00,Unknown,63.0,2025,1,7
66495,44559,19515,1,68.99,2025-02-12 07:04:54+00:00,Unknown,68.99,2025,2,12
66965,44992,19433,1,69.5,2024-10-17 09:19:00+00:00,Unknown,69.5,2024,10,17
64459,47421,18930,1,40.2,2025-03-09 09:28:00+00:00,Unknown,40.2,2025,3,9
64051,47577,19587,1,31.75,2025-02-18 04:41:11+00:00,Unknown,31.75,2025,2,18
62811,44884,19460,1,39.0,2024-11-02 06:39:00+00:00,"Suite 471 474 Kittie Shore, South Luciana, IL 65762-4907",39.0,2024,11,2
72962,47118,18866,2,20.25,2024-11-20 16:34:21+00:00,"8777 Esther Views, Markchester, CO 03399-4379",40.5,2024,11,20
68993,47475,19240,1,68.5,2024-08-05 14:36:44+00:00,"3126 Block Plain, O'Reillyberg, NV 31671",68.5,2024,8,5
63251,47377,19518,1,27.0,2024-08-06 09:12:49+00:00,Unknown,27.0,2024,8,6
65790,45187,19459,2,41.0,2025-02-23 20:46:40+00:00,Unknown,82.0,2025,2,23
62808,46037,19500,1,60.9,2024-10-17 06:06:28+00:00,Unknown,60.9,2024,10,17
70971,47260,19166,1,71.4,2024-10-18 15:29:44+00:00,Unknown,71.4,2024,10,18
64234,45881,19211,1,58.8,2024-05-28 05:13:50+00:00,Unknown,58.8,2024,5,28
72825,44882,18873,2,81.59,2025-02-24 02:54:01+00:00,Unknown,163.18,2025,2,24
69628,47454,19059,1,54.0,2025-02-23 05:39:00+00:00,Unknown,54.0,2025,2,23
66328,45921,19181,2,61.5,2024-05-27 14:41:53+00:00,Unknown,123.0,2024,5,27
71456,46991,18839,1,24.5,2024-10-16 22:03:29+00:00,Unknown,24.5,2024,10,16
69052,46721,18993,1,63.25,2024-10-21 01:32:39+00:00,Unknown,63.25,2024,10,21
63794,46099,19121,1,73.99,2025-07-07 11:41:21+00:00,"85111 Ryan Parkways, Arthurport, KS 53532",73.99,2025,7,7
68661,45649,19214,1,49.8,2024-10-05 01:37:34+00:00,"33939 Johnson Well, New Kristeen, TN 06347",49.8,2024,10,5
70758,44537,19333,1,33.6,2024-09-27 18:54:54+00:00,Unknown,33.6,2024,9,27
69506,46825,19454,1,80.4,2024-10-02 11:59:54+00:00,"Suite 494 61229 Melodee Manors, Lake Burton, SD 81853-6239",80.4,2024,10,2
72587,44930,19581,1,24.99,2025-07-22 11:50:00+00:00,Unknown,24.99,2025,7,22
71002,46672,19318,1,28.2,2024-12-01 15:08:00+00:00,Unknown,28.2,2024,12,1
71237,45002,19186,1,34.8,2024-11-04 13:21:36+00:00,Unknown,34.8,2024,11,4
68560,44571,19473,1,30.6,2024-07-13 19:19:00+00:00,Unknown,30.6,2024,7,13
66680,47549,19359,4,58.2,2025-05-22 12:13:32+00:00,Unknown,232.8,2025,5,22
66333,47075,19243,1,49.2,2025-01-31 01:46:10+00:00,"6007 Kuhic Run, North Judson, NH 90532-6015",49.2,2025,1,31
63339,46640,19095,2,76.8,2024-10-21 18:06:17+00:00,Unknown,153.6,2024,10,21
65187,47605,18963,1,56.5,2024-06-08 21:50:58+00:00,Unknown,56.5,2024,6,8
67743,45663,18953,1,59.25,2024-06-30 20:09:00+00:00,"Suite 314 2178 Abdul Falls, Schultzview, SD 22536",59.25,2024,6,30
70109,44656,19371,1,62.99,2024-10-22 02:25:07+00:00,Unknown,62.99,2024,10,22
63157,44588,18869,1,25.5,2024-11-06 08:57:05+00:00,Unknown,25.5,2024,11,6
70688,44570,19533,1,48.75,2024-04-22 18:39:29+00:00,Unknown,48.75,2024,4,22
63568,46880,19318,1,25.0,2024-11-26 04:43:00+00:00,Unknown,25.0,2024,11,26
66274,45423,19177,1,20.4,2024-10-12 05:51:00+00:00,Unknown,20.4,2024,10,12
70401,47442,19180,1,43.25,2024-08-15 23:44:14+00:00,Unknown,43.25,2024,8,15
66575,46352,19419,1,63.59,2024-10-13 16:05:17.265000+00:00,Unknown,63.59,2024,10,13
69782,45515,19180,1,46.0,2025-02-18 01:56:28.821000+00:00,Unknown,46.0,2025,2,18
63663,44461,19043,1,25.2,2024-05-28 13:54:16+00:00,"Apt. 766 923 Stamm Parkway, Cruzburgh, IA 40523",25.2,2024,5,28
70466,44880,19483,3,54.0,2024-12-06 19:39:00+00:00,Unknown,162.0,2024,12,6
71967,46794,18865,1,43.0,2025-03-05 16:02:08+00:00,Unknown,43.0,2025,3,5
66738,47487,19335,1,16.75,2024-09-23 23:33:26+00:00,Unknown,16.75,2024,9,23
70871,46665,19167,1,46.8,2025-01-14 08:25:15+00:00,Unknown,46.8,2025,1,14
65638,46018,19055,5,18.0,2024-11-12 21:04:00+00:00,"5510 Collier Heights, Walshport, OH 26215-5707",90.0,2024,11,12
71009,46858,19030,1,20.99,2024-09-10 17:02:00+00:00,Unknown,20.99,2024,9,10
64130,45784,19187,1,74.4,2024-10-22 13:57:14.871000+00:00,Unknown,74.4,2024,10,22
65904,44902,19101,2,74.75,2024-12-14 22:52:59+00:00,Unknown,149.5,2024,12,14
68362,45686,19127,1,59.0,2024-11-10 04:43:22+00:00,Unknown,59.0,2024,11,10
63316,46760,18879,4,70.0,2024-10-27 23:45:45+00:00,Unknown,280.0,2024,10,27
63809,45210,19326,1,26.0,2024-10-31 21:55:00+00:00,Unknown,26.0,2024,10,31
63717,47560,18984,1,24.9,2025-02-06 20:58:23+00:00,Unknown,24.9,2025,2,6
72106,46300,18847,1,40.75,2024-12-18 18:40:00+00:00,Unknown,40.75,2024,12,18
69196,45602,19328,2,35.4,2024-11-02 20:37:43+00:00,Unknown,70.8,2024,11,2
71661,45556,18926,1,36.5,2025-06-13 21:12:31+00:00,Unknown,36.5,2025,6,13
65250,45075,19421,2,25.99,2025-01-05 18:39:56+00:00,Unknown,51.98,2025,1,5
67714,46515,19437,1,47.4,2024-10-22 23:57:39+00:00,Unknown,47.4,2024,10,22
67118,44628,19141,1,52.0,2024-04-07 04:00:17+00:00,Unknown,52.0,2024,4,7
72975,45197,18952,1,65.4,2024-09-05 00:15:37+00:00,"Suite 314 871 Vandervort Loaf, Ziemannberg, KY 39822-7962",65.4,2024,9,5
67094,45617,19251,1,33.59,2024-12-05 08:55:00+00:00,Unknown,33.59,2024,12,5
67335,46999,19304,1,25.5,2024-09-26 10:49:58+00:00,"Apt. 920 9700 Hintz Flat, Pedrostad, NE 48821",25.5,2024,9,26
72610,44440,18943,1,69.5,2024-11-13 20:05:48+00:00,Unknown,69.5,2024,11,13
70167,45208,19383,1,61.5,2024-12-29 00:42:00+00:00,Unknown,61.5,2024,12,29
63045,44856,19339,5,46.5,2025-06-25 20:50:00+00:00,Unknown,232.5,2025,6,25
71807,47196,19203,1,73.19,2025-03-14 10:35:52+00:00,Unknown,73.19,2025,3,14
70863,47492,19158,1,68.99,2024-11-10 01:33:00+00:00,Unknown,68.99,2024,11,10
73703,45855,19267,1,17.0,2024-12-01 15:14:21+00:00,Unknown,17.0,2024,12,1
70174,46139,19256,1,66.5,2024-09-08 14:02:00+00:00,Unknown,66.5,2024,9,8
63721,44419,18846,1,25.19,2024-09-14 03:59:09+00:00,Unknown,25.19,2024,9,14
64832,46115,18983,1,36.75,2025-07-08 19:58:08.901000+00:00,Unknown,36.75,2025,7,8
72454,46268,19268,1,44.0,2024-04-24 22:40:26+00:00,Unknown,44.0,2024,4,24
71033,45544,19212,1,51.75,2024-10-22 13:58:00+00:00,Unknown,51.75,2024,10,22
70757,47586,19005,1,37.99,2025-01-19 15:06:31+00:00,Unknown,37.99,2025,1,19
71483,46378,19375,1,22.5,2025-04-29 16:52:38.723000+00:00,"Apt. 675 30290 Randell Orchard, McCulloughside, CT 44213",22.5,2025,4,29
70752,47507,19131,1,57.0,2024-07-03 06:43:33+00:00,Unknown,57.0,2024,7,3
72151,46142,19183,1,16.0,2024-10-17 17:04:06+00:00,Unknown,16.0,2024,10,17
66538,46877,19579,1,25.0,2024-09-24 14:41:13+00:00,Unknown,25.0,2024,9,24
72739,45226,18848,1,26.4,2024-12-30 02:00:06+00:00,"Suite 407 206 Waters Vista, Irvinton, IA 44691-1102",26.4,2024,12,30
73106,45390,19031,1,18.99,2024-09-19 07:00:21+00:00,Unknown,18.99,2024,9,19
71518,45417,19290,1,26.0,2025-01-08 21:24:23+00:00,Unknown,26.0,2025,1,8
70496,45355,18991,1,68.7,2025-03-05 14:46:00+00:00,Unknown,68.7,2025,3,5
72285,45469,19393,1,22.5,2025-03-05 20:36:57+00:00,Unknown,22.5,2025,3,5
65921,46093,18974,1,44.4,2025-02-02 21:37:00+00:00,Unknown,44.4,2025,2,2
64916,45683,19475,2,41.0,2025-07-19 17:22:27.496000+00:00,Unknown,82.0,2025,7,19
63660,47357,19387,1,60.0,2025-02-05 10:41:46+00:00,Unknown,60.0,2025,2,5
67451,46529,19184,1,19.0,2024-11-27 11:22:54+00:00,Unknown,19.0,2024,11,27
73633,45781,19588,1,67.25,2024-10-29 12:14:13+00:00,Unknown,67.25,2024,10,29
64342,45745,18857,1,86.4,2025-05-30 22:05:00+00:00,Unknown,86.4,2025,5,30
68450,44995,19559,2,84.3,2025-10-11 17:02:22+00:00,Unknown,168.6,2025,10,11
69892,47367,19350,2,26.0,2024-12-01 17:25:29.474000+00:00,Unknown,52.0,2024,12,1
71712,46884,18869,2,23.0,2024-12-27 21:30:00+00:00,Unknown,46.0,2024,12,27
64328,46034,19479,4,73.2,2024-12-24 01:30:19+00:00,Unknown,292.8,2024,12,24
65842,46412,19423,1,36.6,2024-11-14 18:44:33+00:00,Unknown,36.6,2024,11,14
66677,45267,18877,1,50.75,2024-10-16 03:57:00+00:00,Unknown,50.75,2024,10,16
64550,44346,19218,1,69.0,2024-09-23 06:16:00+00:00,Unknown,69.0,2024,9,23
72808,47393,18955,1,84.0,2024-11-08 06:35:00+00:00,Unknown,84.0,2024,11,8
69683,45207,19367,1,47.25,2024-12-13 12:41:00+00:00,Unknown,47.25,2024,12,13
69929,46109,19207,1,55.5,2024-02-07 12:18:37+00:00,Unknown,55.5,2024,2,7
64074,46126,18838,1,56.99,2025-02-28 17:48:58+00:00,Unknown,56.99,2025,2,28
69110,45092,19552,5,39.0,2024-03-03 08:39:10+00:00,Unknown,195.0,2024,3,3
64655,46861,19529,1,16.0,2024-09-08 15:13:55+00:00,Unknown,16.0,2024,9,8
69725,46291,19530,2,17.0,2024-10-11 10:41:52+00:00,Unknown,34.0,2024,10,11
67693,46885,19333,4,29.0,2024-07-24 02:19:00+00:00,Unknown,116.0,2024,7,24
65266,47063,19383,3,76.2,2024-05-21 14:46:00+00:00,Unknown,228.6,2024,5,21
71595,45189,19065,1,20.0,2024-05-25 23:21:39.792000+00:00,Unknown,20.0,2024,5,25
72929,45725,19101,1,74.25,2024-12-05 19:59:47+00:00,Unknown,74.25,2024,12,5
67786,44377,18854,3,54.9,2024-09-16 11:54:00+00:00,"3101 Eugenie Light, New Doreatha, LA 74469",164.7,2024,9,16
71151,46174,19373,1,49.5,2024-11-09 16:12:13+00:00,"383 Nicky Extension, North Edward, NC 92376-1559",49.5,2024,11,9
62922,45733,19002,1,27.9,2025-05-15 14:23:19+00:00,"800 Janessa Junctions, North Dot, AK 70308-7877",27.9,2025,5,15
63335,45237,19152,1,39.3,2024-07-16 04:21:00+00:00,Unknown,39.3,2024,7,16
65100,44428,19532,1,33.9,2024-12-13 12:28:00+00:00,Unknown,33.9,2024,12,13
68252,45035,19501,1,21.9,2024-03-24 12:08:00+00:00,Unknown,21.9,2024,3,24
67141,46297,19042,1,29.25,2025-01-22 23:11:36+00:00,Unknown,29.25,2025,1,22
66907,46106,19051,1,69.5,2025-01-08 02:42:08+00:00,Unknown,69.5,2025,1,8
71740,47026,19537,1,55.99,2025-06-23 07:16:28+00:00,Unknown,55.99,2025,6,23
64285,46964,18918,1,71.0,2024-12-25 11:41:09+00:00,"912 Hollis Forest, Huelsmouth, MI 69728-4505",71.0,2024,12,25
67159,47188,18997,3,37.75,2025-09-12 16:06:14+00:00,Unknown,113.25,2025,9,12
72385,45882,19398,1,67.25,2025-03-09 07:19:03+00:00,Unknown,67.25,2025,3,9
65718,47478,19054,1,43.99,2025-02-07 07:31:18+00:00,Unknown,43.99,2025,2,7
71043,45343,19397,1,31.19,2024-06-22 19:27:11.775000+00:00,"44171 Ritchie Street, North Leon, IN 87320-6002",31.19,2024,6,22
66252,47225,19146,3,65.5,2024-07-12 04:30:00+00:00,Unknown,196.5,2024,7,12
64158,45451,19277,2,69.3,2025-01-21 15:25:00+00:00,"834 Ima Mall, Vandervortmouth, PA 10475-2421",138.6,2025,1,21
68201,44627,18977,1,33.25,2025-01-08 09:11:27.920000+00:00,Unknown,33.25,2025,1,8
66648,45215,19499,1,29.0,2024-09-03 20:25:30.046000+00:00,Unknown,29.0,2024,9,3
69644,46392,19533,1,46.0,2024-10-12 03:59:39+00:00,Unknown,46.0,2024,10,12
66355,45181,18897,1,65.4,2024-08-23 04:19:58+00:00,Unknown,65.4,2024,8,23
69081,46699,19587,2,33.0,2024-11-09 06:30:00+00:00,Unknown,66.0,2024,11,9
70423,45864,19066,1,39.5,2024-12-10 06:51:00+00:00,"Suite 971 6712 Howell Cliffs, Whiteview, MO 91292",39.5,2024,12,10
66979,45238,19291,4,71.99,2025-01-19 17:08:54+00:00,"Suite 470 2735 Schoen Cliffs, Marceneshire, MD 89714-3447",287.96,2025,1,19
70260,45173,19276,1,22.8,2025-03-19 23:16:00+00:00,Unknown,22.8,2025,3,19
70959,44774,19451,2,54.5,2024-12-23 13:58:00+00:00,Unknown,109.0,2024,12,23
71614,44435,19423,1,38.4,2024-10-26 14:53:23+00:00,Unknown,38.4,2024,10,26
65966,45033,18931,1,36.0,2025-02-08 01:34:07+00:00,Unknown,36.0,2025,2,8
70588,45063,19158,1,68.5,2025-04-26 10:57:06+00:00,Unknown,68.5,2025,4,26
63255,44713,19212,1,51.99,2025-01-19 15:41:00+00:00,Unknown,51.99,2025,1,19
72854,45833,19388,2,69.0,2024-10-22 05:48:18+00:00,Unknown,138.0,2024,10,22
72364,45969,18951,1,84.9,2025-05-26 03:43:43+00:00,Unknown,84.9,2025,5,26
63869,47620,18950,2,47.25,2024-05-12 06:27:00+00:00,Unknown,94.5,2024,5,12
72461,46434,19026,2,20.0,2024-07-08 19:41:00+00:00,Unknown,40.0,2024,7,8
67919,46353,18924,1,27.99,2024-10-21 01:23:34.513000+00:00,Unknown,27.99,2024,10,21
73589,46387,19527,2,72.5,2025-04-13 07:37:24+00:00,Unknown,145.0,2025,4,13
70837,45021,19445,1,73.5,2024-12-10 08:40:00+00:00,Unknown,73.5,2024,12,10
71844,44532,19472,1,68.0,2025-01-13 20:40:00+00:00,Unknown,68.0,2025,1,13
71123,45879,19185,1,55.0,2024-10-26 00:53:10+00:00,Unknown,55.0,2024,10,26
69927,45359,19047,1,55.19,2024-12-01 21:27:00+00:00,Unknown,55.19,2024,12,1
70246,47088,19075,1,54.0,2025-04-02 13:52:48+00:00,"7469 Ortiz Fork, South Maynard, CT 36117",54.0,2025,4,2
69208,45410,19231,1,14.99,2024-09-02 23:09:15+00:00,Unknown,14.99,2024,9,2
70727,44389,19570,1,47.5,2024-10-24 10:56:00+00:00,Unknown,47.5,2024,10,24
65583,44676,19472,1,69.99,2024-12-20 15:40:32+00:00,Unknown,69.99,2024,12,20
64632,47074,19141,1,59.99,2024-04-12 02:23:41.832000+00:00,Unknown,59.99,2024,4,12
69493,44501,18966,1,56.0,2025-01-29 17:13:44+00:00,Unknown,56.0,2025,1,29
64918,46436,19166,1,61.99,2025-03-15 06:56:20+00:00,Unknown,61.99,2025,3,15
70123,47051,19473,1,27.0,2024-11-18 23:28:40+00:00,Unknown,27.0,2024,11,18
66522,44689,19092,1,55.8,2025-09-12 20:18:02+00:00,Unknown,55.8,2025,9,12
68582,45678,19029,1,68.0,2025-01-09 15:37:00+00:00,Unknown,68.0,2025,1,9
65411,44914,19414,1,58.0,2024-10-07 17:14:05.292000+00:00,Unknown,58.0,2024,10,7
68704,46921,19241,1,39.5,2025-04-17 08:43:00+00:00,Unknown,39.5,2025,4,17
72070,46594,19299,1,32.0,2024-08-11 04:40:03+00:00,"Suite 797 505 Stracke Road, Patriciaborough, FL 69451-7533",32.0,2024,8,11
67581,44358,19434,1,18.75,2024-10-03 16:37:00+00:00,Unknown,18.75,2024,10,3
71315,44916,19203,1,60.99,2024-10-07 21:04:50+00:00,Unknown,60.99,2024,10,7
66253,44598,19543,1,39.5,2024-10-23 16:02:33+00:00,Unknown,39.5,2024,10,23
70244,45161,19445,1,71.1,2025-01-09 04:10:52.167000+00:00,"21150 Fay Parkway, Gladyton, DE 12233",71.1,2025,1,9
73301,45071,18968,1,82.79,2025-04-16 02:14:06+00:00,Unknown,82.79,2025,4,16
68238,45963,19525,1,65.0,2025-05-23 23:37:17+00:00,Unknown,65.0,2025,5,23
63040,47098,19465,1,47.5,2024-07-13 13:52:52+00:00,Unknown,47.5,2024,7,13
73693,46263,19101,5,69.99,2024-08-22 19:49:14+00:00,Unknown,349.95,2024,8,22
65646,45205,19580,1,73.25,2024-10-27 11:54:00+00:00,"1401 Wally Unions, Krajcikbury, ID 28333",73.25,2024,10,27
64974,46212,19335,1,21.0,2025-05-19 17:18:47+00:00,Unknown,21.0,2025,5,19
64496,45934,19106,1,48.5,2024-08-28 05:16:00+00:00,Unknown,48.5,2024,8,28
66509,46123,19397,1,27.25,2024-07-14 18:28:00+00:00,"86955 Sharda Oval, New Dannyton, ME 18995-9403",27.25,2024,7,14
69902,44798,18868,1,31.19,2024-09-23 14:16:39+00:00,Unknown,31.19,2024,9,23
69348,46901,19056,4,20.0,2024-06-03 16:28:42+00:00,Unknown,80.0,2024,6,3
71682,44598,19364,4,77.4,2025-01-10 11:16:53+00:00,Unknown,309.6,2025,1,10
63385,46876,19467,2,71.25,2025-04-03 21:38:59+00:00,Unknown,142.5,2025,4,3
66719,45643,19097,5,63.75,2025-01-29 01:15:00+00:00,"522 Luciano Haven, Huelland, NM 06756",318.75,2025,1,29
63389,45531,19334,1,81.6,2025-07-28 04:47:01+00:00,"Suite 814 3237 Stroman Square, Collierchester, WA 02832-8477",81.6,2025,7,28
66169,44990,19549,1,39.75,2024-08-15 22:29:00+00:00,Unknown,39.75,2024,8,15
64117,47521,18931,3,46.79,2025-01-25 20:59:08+00:00,"207 Terry Shoal, New Elijah, TN 87146-8770",140.37,2025,1,25
63582,45501,18850,1,32.99,2025-06-21 20:29:00+00:00,Unknown,32.99,2025,6,21
67177,46613,19088,1,38.5,2025-02-28 08:12:20+00:00,Unknown,38.5,2025,2,28
62976,44382,18936,1,65.0,2024-08-17 13:50:03+00:00,"Suite 237 64360 Ledner Tunnel, Garymouth, OK 78323-2333",65.0,2024,8,17
70638,45120,19267,3,18.99,2024-11-09 14:43:08+00:00,Unknown,56.97,2024,11,9
68815,46228,19054,1,53.1,2024-09-10 02:48:00+00:00,Unknown,53.1,2024,9,10
67152,47079,18872,1,42.5,2025-01-15 06:34:53+00:00,"Suite 264 240 Gislason Garden, North Alysia, NE 59950-1034",42.5,2025,1,15
62927,46739,19257,1,69.0,2025-04-24 08:16:50+00:00,Unknown,69.0,2025,4,24
72137,46933,19064,1,61.5,2025-01-24 08:49:00+00:00,Unknown,61.5,2025,1,24
65737,46249,19154,2,89.4,2024-09-15 07:12:00+00:00,"Apt. 273 39552 Melodie Dale, New Feltonhaven, GA 75781-1269",178.8,2024,9,15
64712,46978,19451,1,58.0,2024-07-12 05:59:00+00:00,Unknown,58.0,2024,7,12
70987,46045,18865,1,41.0,2025-04-28 11:03:51+00:00,"852 Lubowitz Ferry, Reichertborough, NV 31444",41.0,2025,4,28
67210,44771,19088,3,39.99,2025-01-24 04:04:44+00:00,Unknown,119.97,2025,1,24
66409,44851,18996,1,46.25,2024-12-09 01:25:09+00:00,"3225 Reynolds Circles, South Thurmanbury, CA 92897-7526",46.25,2024,12,9
72324,44890,19215,1,20.0,2024-07-05 05:22:22+00:00,"32101 Jeana Squares, Port Anjelica, WA 22707",20.0,2024,7,5
73771,46852,19252,1,22.0,2025-03-25 04:44:40.950000+00:00,"Apt. 118 9545 Chanel Unions, West Hayleyland, MS 15809-4307",22.0,2025,3,25
72695,45656,18980,2,60.99,2024-11-05 03:21:35+00:00,"11764 Klein Garden, Williamtown, KS 61006-6695",121.98,2024,11,5
73236,46403,18948,1,17.25,2025-08-14 05:15:00+00:00,Unknown,17.25,2025,8,14
64280,45196,19479,2,62.5,2025-04-07 12:53:51+00:00,Unknown,125.0,2025,4,7
65545,46985,19048,1,39.0,2024-11-19 22:33:14+00:00,Unknown,39.0,2024,11,19
72905,45525,19318,1,26.0,2024-10-05 23:59:35+00:00,Unknown,26.0,2024,10,5
68076,46230,18848,5,21.9,2024-12-08 21:56:50.513000+00:00,Unknown,109.5,2024,12,8
68673,47052,19194,2,45.59,2024-11-14 08:33:55+00:00,Unknown,91.18,2024,11,14
67444,47013,19325,2,32.0,2024-12-09 17:23:14+00:00,"34478 Melba Port, South Nguyet, WV 57675",64.0,2024,12,9
72843,45211,19451,1,57.0,2025-04-30 03:17:50+00:00,Unknown,57.0,2025,4,30
70273,45831,19534,1,50.4,2024-12-29 06:35:00+00:00,Unknown,50.4,2024,12,29
66991,44904,19073,2,87.0,2024-11-27 14:47:00+00:00,Unknown,174.0,2024,11,27
72420,45462,19061,2,68.7,2024-09-04 09:05:00+00:00,Unknown,137.4,2024,9,4
66030,47072,19474,2,42.0,2025-03-11 15:17:50+00:00,Unknown,84.0,2025,3,11
63270,46313,18888,1,50.4,2024-06-28 18:06:07+00:00,"Apt. 987 699 Talisha Summit, South Horacio, NY 74519",50.4,2024,6,28
68157,45950,18982,1,73.2,2025-03-10 23:05:00+00:00,Unknown,73.2,2025,3,10
69241,46685,19025,2,35.99,2025-01-17 21:09:59+00:00,Unknown,71.98,2025,1,17
71070,45023,19095,1,75.6,2025-03-31 23:43:24+00:00,"Suite 231 894 Luciano Spring, West Rebecaview, WV 67744",75.6,2025,3,31
70946,45123,19274,4,74.0,2024-05-03 14:34:34+00:00,"697 Lien Track, Sipeshaven, OR 60574-6267",296.0,2024,5,3
71140,46052,19062,1,13.99,2024-12-16 00:55:34+00:00,Unknown,13.99,2024,12,16
66016,44920,19520,1,39.59,2024-10-15 17:57:01+00:00,"Apt. 746 345 Alejandra Cape, Lake Gregoria, NJ 40862-7373",39.59,2024,10,15
64111,46615,19035,1,21.0,2025-05-18 01:49:48+00:00,Unknown,21.0,2025,5,18
68077,44504,19313,1,30.0,2025-04-10 15:36:45+00:00,Unknown,30.0,2025,4,10
64626,45167,19397,2,27.0,2024-09-25 14:50:49+00:00,"216 Yael Turnpike, Nelsontown, MN 60936",54.0,2024,9,25
72647,44756,19382,1,27.0,2025-05-25 09:03:20+00:00,"3001 Tromp Rest, New Lucio, MD 91429",27.0,2025,5,25
66177,45746,19106,1,47.0,2024-08-20 22:33:28+00:00,Unknown,47.0,2024,8,20
64182,46409,19568,1,58.79,2024-11-30 18:39:36+00:00,Unknown,58.79,2024,11,30
72886,45148,19305,1,54.5,2025-07-18 10:47:20+00:00,Unknown,54.5,2025,7,18
64895,44455,18863,4,28.99,2025-04-24 00:36:24.665000+00:00,"822 Lowe Shore, West Jimland, VT 22191",115.96,2025,4,24
72909,45022,19005,1,47.7,2024-10-13 23:41:51+00:00,Unknown,47.7,2024,10,13
65143,47247,19208,2,55.0,2025-02-10 09:30:00+00:00,Unknown,110.0,2025,2,10
73877,45853,19376,1,55.8,2025-05-01 11:14:29+00:00,"228 Soledad Dale, North Norristown, DE 20581",55.8,2025,5,1
68420,44669,19044,1,62.75,2024-10-30 23:54:21+00:00,Unknown,62.75,2024,10,30
70302,46959,18999,1,61.8,2025-01-23 02:28:50+00:00,Unknown,61.8,2025,1,23
70261,45752,19257,1,82.79,2025-02-27 02:54:19+00:00,Unknown,82.79,2025,2,27
71030,45200,19224,1,57.0,2025-04-04 21:10:35+00:00,Unknown,57.0,2025,4,4
68156,46118,18916,1,64.8,2025-03-15 06:06:41+00:00,Unknown,64.8,2025,3,15
67658,44816,19269,4,28.0,2025-02-18 19:54:12+00:00,Unknown,112.0,2025,2,18
63218,47183,19200,2,23.99,2024-08-21 15:39:00+00:00,Unknown,47.98,2024,8,21
67589,46984,19406,1,66.9,2025-06-29 10:04:00+00:00,"Suite 526 107 Adolfo Land, South Christianside, FL 12104-8474",66.9,2025,6,29
64348,47541,18901,1,73.0,2025-01-16 11:44:44+00:00,Unknown,73.0,2025,1,16
70290,47475,18916,3,53.0,2024-08-19 18:25:27.760000+00:00,"3126 Block Plain, O'Reillyberg, NV 31671",159.0,2024,8,19
72275,45462,18975,1,55.99,2025-02-16 13:52:23+00:00,Unknown,55.99,2025,2,16
67396,46701,19458,1,56.0,2025-03-16 16:38:47+00:00,Unknown,56.0,2025,3,16
68846,47052,19237,1,82.8,2025-01-10 22:12:40+00:00,Unknown,82.8,2025,1,10
70018,46888,19555,1,54.0,2024-12-23 17:59:20+00:00,Unknown,54.0,2024,12,23
68686,47244,19489,1,36.0,2025-04-14 20:38:15+00:00,Unknown,36.0,2025,4,14
66235,45881,18848,5,27.3,2024-12-10 14:05:00+00:00,"Apt. 260 441 Cremin Lodge, Lake Ozzieland, HI 66160",136.5,2024,12,10
65436,46608,19421,1,24.99,2024-08-24 04:12:30+00:00,Unknown,24.99,2024,8,24
68950,45040,19126,3,33.0,2024-10-10 17:41:18+00:00,"Apt. 928 289 Oleta Course, Jannietown, AR 98094-3397",99.0,2024,10,10
68875,45656,19498,3,47.0,2025-04-15 05:20:00+00:00,Unknown,141.0,2025,4,15
65396,44820,19319,1,39.75,2024-05-27 01:13:00+00:00,Unknown,39.75,2024,5,27
66896,47108,19166,1,60.0,2025-01-30 17:25:16+00:00,Unknown,60.0,2025,1,30
63824,47019,19120,1,64.99,2024-03-01 19:54:21+00:00,Unknown,64.99,2024,3,1
70889,45883,18843,2,15.99,2025-08-26 21:16:42+00:00,Unknown,31.98,2025,8,26
72287,46274,19312,1,72.75,2024-06-11 09:48:48+00:00,Unknown,72.75,2024,6,11
72514,46958,19449,1,48.0,2025-02-25 10:17:35+00:00,"Suite 372 4304 Russel Glen, South Abigail, WV 82688",48.0,2025,2,25
67867,45460,18853,1,64.0,2024-03-24 18:56:51+00:00,Unknown,64.0,2024,3,24
70962,47147,19119,2,60.5,2025-01-19 13:50:25+00:00,Unknown,121.0,2025,1,19
68134,47460,18981,2,69.0,2024-09-24 16:09:00+00:00,Unknown,138.0,2024,9,24
62919,45771,19196,1,14.0,2025-01-20 17:19:00+00:00,"5333 Beatty Walk, South Othaland, IA 55446-0664",14.0,2025,1,20
71243,47074,18941,2,69.0,2024-09-19 09:48:00+00:00,"955 Kirlin Parkways, Lake Chan, AK 17376",138.0,2024,9,19
64274,45715,19492,3,60.9,2024-12-09 15:07:00+00:00,Unknown,182.7,2024,12,9
65540,44412,19087,3,67.19,2024-12-31 05:55:11+00:00,Unknown,201.57,2024,12,31
67088,46089,19247,1,62.99,2025-03-03 22:36:40+00:00,Unknown,62.99,2025,3,3
72672,46449,19148,2,37.0,2024-10-11 10:34:00+00:00,Unknown,74.0,2024,10,11
70791,46497,19493,1,67.99,2024-10-09 02:34:41+00:00,Unknown,67.99,2024,10,9
67785,45727,18990,3,48.5,2025-02-23 00:47:40+00:00,Unknown,145.5,2025,2,23
66147,44723,19526,1,70.75,2024-08-07 07:07:54.499000+00:00,"29409 Rath Place, Lake Clintonhaven, GA 76167",70.75,2024,8,7
65383,46836,18944,1,17.4,2025-05-29 07:47:41+00:00,Unknown,17.4,2025,5,29
63813,44817,19199,1,23.7,2024-11-16 15:34:11+00:00,Unknown,23.7,2024,11,16
70394,45252,18883,1,25.2,2025-02-16 01:57:39+00:00,Unknown,25.2,2025,2,16
69259,45977,19063,1,58.5,2024-08-12 17:21:00+00:00,Unknown,58.5,2024,8,12
72159,44683,19404,1,36.6,2024-07-21 19:42:12+00:00,"Apt. 204 74948 Stokes Loaf, Jinport, AZ 98041",36.6,2024,7,21
68453,46086,19054,2,44.5,2025-01-30 17:38:00+00:00,Unknown,89.0,2025,1,30
71552,45929,19132,1,67.5,2024-12-10 05:27:40+00:00,Unknown,67.5,2024,12,10
73253,46701,19190,1,45.0,2024-12-25 06:51:44+00:00,Unknown,45.0,2024,12,25
70245,47076,19141,1,65.4,2024-11-07 17:57:24+00:00,Unknown,65.4,2024,11,7
69370,44590,19585,1,65.0,2024-04-25 05:43:00+00:00,Unknown,65.0,2024,4,25
71961,47516,19257,1,66.5,2024-10-29 08:59:09+00:00,Unknown,66.5,2024,10,29
65862,46802,19167,1,43.0,2024-10-17 20:59:54+00:00,Unknown,43.0,2024,10,17
73902,47097,18945,2,45.0,2024-05-29 14:53:00+00:00,Unknown,90.0,2024,5,29
72875,47529,19377,1,50.99,2024-05-20 17:45:59+00:00,Unknown,50.99,2024,5,20
64562,46165,18880,1,69.75,2024-09-15 18:54:08+00:00,Unknown,69.75,2024,9,15
65060,46863,19286,2,23.25,2024-12-28 19:35:46+00:00,"Suite 409 9378 Graig Fields, Farrellburgh, CT 94476",46.5,2024,12,28
65840,46662,18891,1,23.1,2025-01-24 10:23:07+00:00,Unknown,23.1,2025,1,24
64047,46713,19094,1,64.2,2024-07-08 09:13:00+00:00,Unknown,64.2,2024,7,8
69548,46321,18939,1,55.5,2025-05-10 05:34:24+00:00,Unknown,55.5,2025,5,10
71606,47000,18909,2,22.0,2025-01-31 00:37:00+00:00,Unknown,44.0,2025,1,31
63783,47160,19375,1,19.0,2024-12-09 15:40:05+00:00,Unknown,19.0,2024,12,9
63199,44458,19537,1,67.8,2025-01-07 16:32:03+00:00,"19728 Lockman Keys, Precioushaven, AL 63060",67.8,2025,1,7
70083,44892,19454,1,69.5,2024-12-17 02:24:52+00:00,Unknown,69.5,2024,12,17
67226,47257,18961,1,73.0,2024-12-12 08:08:10+00:00,Unknown,73.0,2024,12,12
73860,47237,19429,1,70.0,2025-06-18 09:37:00+00:00,Unknown,70.0,2025,6,18
73749,47522,19581,1,24.5,2024-11-24 22:38:49+00:00,Unknown,24.5,2024,11,24
71229,45562,19488,1,89.4,2025-04-13 05:22:20+00:00,Unknown,89.4,2025,4,13
66845,45325,19522,1,68.99,2024-08-25 05:19:00+00:00,"Apt. 215 11401 Winifred Path, Heaneychester, NC 05382-6728",68.99,2024,8,25
71156,47479,18975,1,52.75,2025-01-18 16:59:30+00:00,Unknown,52.75,2025,1,18
67221,46428,19529,1,16.8,2024-10-06 06:39:49+00:00,Unknown,16.8,2024,10,6
71746,47033,19328,1,35.4,2025-02-08 07:18:00+00:00,"247 Lemke Orchard, South Toshiafurt, HI 89577",35.4,2025,2,8
67497,46678,19181,1,60.5,2024-10-04 00:34:00+00:00,"Suite 372 2685 Casper Trail, Port Bettina, OR 68920",60.5,2024,10,4
71893,46294,19482,4,28.8,2025-04-13 11:40:50+00:00,Unknown,115.2,2025,4,13
68422,44470,19536,1,80.39,2025-02-24 19:23:39+00:00,"Suite 258 7720 Joana Lake, New Kevenhaven, MS 62824-0095",80.39,2025,2,24
66515,44831,18879,4,85.19,2024-06-17 12:33:00+00:00,Unknown,340.76,2024,6,17
71400,45977,18863,1,28.5,2025-02-01 16:38:04+00:00,Unknown,28.5,2025,2,1
73286,47144,19560,2,27.75,2024-08-29 12:03:07+00:00,Unknown,55.5,2024,8,29
71173,45608,19475,5,42.25,2025-02-10 23:30:51+00:00,Unknown,211.25,2025,2,10
65099,45505,19382,1,35.1,2025-04-11 03:52:16+00:00,Unknown,35.1,2025,4,11
63772,47128,19537,1,52.0,2024-09-30 02:42:04+00:00,"Suite 498 86114 Doug Summit, Jayneville, WV 37728-2576",52.0,2024,9,30
71276,46633,19336,1,49.25,2025-10-11 18:08:57+00:00,Unknown,49.25,2025,10,11
73672,44938,19568,3,48.5,2024-04-25 22:40:10.730000+00:00,"Suite 495 41646 Louis Greens, Hughmouth, WV 89996",145.5,2024,4,25
69099,46426,19055,1,21.0,2024-12-19 18:23:37+00:00,Unknown,21.0,2024,12,19
68973,47018,19448,1,53.5,2024-11-21 05:53:17+00:00,Unknown,53.5,2024,11,21
72968,45429,19090,1,60.5,2025-06-17 04:16:00+00:00,"822 Ferry Track, Rafaelhaven, LA 81073",60.5,2025,6,17
69105,45723,19377,1,52.5,2025-02-08 08:59:18+00:00,"2335 Schaefer Point, South Kristianchester, AZ 73590",52.5,2025,2,8
64797,44703,19510,1,14.0,2024-12-31 11:37:00+00:00,Unknown,14.0,2024,12,31
71098,47583,18935,1,67.2,2024-09-03 21:54:09+00:00,Unknown,67.2,2024,9,3
70735,45708,19309,1,65.0,2024-12-07 20:17:41+00:00,Unknown,65.0,2024,12,7
63833,44431,19107,1,69.5,2024-10-18 21:21:07+00:00,Unknown,69.5,2024,10,18
68085,46947,19560,1,33.59,2024-10-27 18:42:00+00:00,Unknown,33.59,2024,10,27
70034,47338,19489,2,43.2,2025-02-22 05:13:00+00:00,Unknown,86.4,2025,2,22
62874,45926,19280,1,47.99,2024-11-08 19:25:49+00:00,Unknown,47.99,2024,11,8
72697,47616,19498,1,50.0,2025-03-31 01:47:57+00:00,Unknown,50.0,2025,3,31
73465,46511,18873,1,86.4,2025-05-13 20:31:05+00:00,Unknown,86.4,2025,5,13
63634,47530,19112,1,18.25,2024-03-21 00:16:19+00:00,"Suite 332 440 Maurice Crossroad, Port Akilah, HI 57077-7615",18.25,2024,3,21
67926,44596,19069,1,45.25,2024-12-21 00:12:11+00:00,"53410 Eveline Spring, West Janeenton, MS 63881",45.25,2024,12,21
72096,47363,19501,1,18.99,2025-01-26 09:30:14+00:00,Unknown,18.99,2025,1,26
69681,45683,19319,2,38.5,2024-09-17 15:39:28+00:00,Unknown,77.0,2024,9,17
66112,45254,18881,4,28.5,2024-07-25 15:51:00+00:00,"650 Nader Field, Ivorystad, VT 69565",114.0,2024,7,25
65392,45207,18911,1,78.0,2025-02-14 21:46:31+00:00,Unknown,78.0,2025,2,14
68538,47201,19581,1,27.0,2024-05-01 04:27:08+00:00,Unknown,27.0,2024,5,1
70451,45888,19244,1,60.9,2024-11-13 09:05:01+00:00,"Apt. 472 3217 Dach Branch, Stammburgh, OR 03707-1772",60.9,2024,11,13
64248,47292,19523,1,32.75,2025-01-07 19:56:40+00:00,Unknown,32.75,2025,1,7
70841,46958,19104,1,59.5,2024-09-12 01:04:00+00:00,"Suite 372 4304 Russel Glen, South Abigail, WV 82688",59.5,2024,9,12
64281,45906,18859,5,61.2,2025-01-01 18:55:55+00:00,Unknown,306.0,2025,1,1
67084,46125,19353,3,13.0,2024-08-05 15:32:11+00:00,Unknown,39.0,2024,8,5
65277,45605,19178,2,45.0,2024-07-19 04:58:00+00:00,"7070 Fisher Mountains, South Isabel, AK 91706-3406",90.0,2024,7,19
73861,44457,19299,2,37.19,2025-03-03 00:00:41+00:00,Unknown,74.38,2025,3,3
73754,46325,19467,1,72.0,2025-01-17 23:02:00+00:00,Unknown,72.0,2025,1,17
62945,44857,19518,3,36.6,2024-11-11 10:44:25+00:00,Unknown,109.8,2024,11,11
63679,46731,18857,4,81.6,2024-09-14 23:49:21+00:00,"861 Owen Court, Nicolasfort, DE 32325",326.4,2024,9,14
71583,47187,19156,1,36.75,2024-06-08 14:18:40+00:00,Unknown,36.75,2024,6,8
65963,46909,19415,2,12.0,2024-07-08 12:59:35+00:00,Unknown,24.0,2024,7,8
68308,45426,19245,4,80.4,2024-08-03 00:46:00+00:00,Unknown,321.6,2024,8,3
68428,47549,19158,1,69.99,2024-12-14 23:32:24.789000+00:00,Unknown,69.99,2024,12,14
72341,47094,19217,1,33.0,2024-06-24 03:21:10.319000+00:00,Unknown,33.0,2024,6,24
70647,47200,18858,1,21.0,2025-10-18 01:32:00+00:00,Unknown,21.0,2025,10,18
69657,46012,19151,1,46.5,2025-01-15 23:29:47.326000+00:00,Unknown,46.5,2025,1,15
63435,44976,19574,1,55.0,2025-01-23 06:57:12+00:00,"5125 Luvenia Views, Natoshaview, OK 17568-4608",55.0,2025,1,23
67563,45705,19363,1,28.5,2024-12-23 22:27:00+00:00,Unknown,28.5,2024,12,23
67278,46102,19535,2,82.8,2025-05-06 15:46:00+00:00,"Suite 755 2396 Suzanna Gateway, Hammeshaven, RI 47407",165.6,2025,5,6
72761,44418,18913,2,41.75,2024-09-06 06:37:59+00:00,Unknown,83.5,2024,9,6
69993,45720,19070,1,66.0,2024-05-17 17:16:00+00:00,Unknown,66.0,2024,5,17
73573,45528,19301,1,67.0,2025-01-25 05:56:43+00:00,Unknown,67.0,2025,1,25
66732,46625,18850,1,37.2,2024-04-17 10:02:00+00:00,Unknown,37.2,2024,4,17
71005,44670,19078,1,52.5,2025-01-28 14:31:58+00:00,Unknown,52.5,2025,1,28
65699,46478,19278,1,35.25,2024-04-26 01:06:51+00:00,"Apt. 232 34562 Rochell Bypass, North Ruthaburgh, FL 71968",35.25,2024,4,26
64106,45065,19343,1,70.0,2024-11-28 07:41:29+00:00,Unknown,70.0,2024,11,28
65461,46999,19515,2,78.6,2024-08-05 11:53:20+00:00,Unknown,157.2,2024,8,5
64803,46229,19228,1,68.5,2025-02-23 12:43:00+00:00,Unknown,68.5,2025,2,23
73946,46908,19206,1,28.0,2025-01-04 17:09:31+00:00,"Suite 232 3238 Toy Walk, Lockmanport, NC 15784-8753",28.0,2025,1,4
70696,46216,19111,5,31.8,2025-03-20 05:16:38+00:00,Unknown,159.0,2025,3,20
71072,47306,18897,1,54.0,2025-02-09 17:07:51+00:00,"8759 Hal Plaza, Gusview, MS 49606-1448",54.0,2025,2,9
64066,46510,19495,3,32.7,2024-11-01 08:48:00+00:00,Unknown,98.1,2024,11,1
69686,45427,19152,1,33.3,2025-03-25 14:52:00+00:00,Unknown,33.3,2025,3,25
68213,46656,19289,4,38.39,2025-01-22 10:02:00+00:00,Unknown,153.56,2025,1,22
73182,44861,19133,2,28.5,2024-10-16 11:20:00+00:00,"9411 Kozey Mall, Kathernport, ME 95294",57.0,2024,10,16
69102,47213,19184,2,20.5,2025-01-10 02:04:00+00:00,"669 Roselia Way, Howardfurt, WA 59466",41.0,2025,1,10
69664,46567,19226,1,27.6,2024-10-15 07:35:00+00:00,Unknown,27.6,2024,10,15
69125,44850,18947,2,71.99,2024-08-11 19:02:02+00:00,Unknown,143.98,2024,8,11
68847,46853,19160,1,74.0,2024-12-24 13:19:04+00:00,Unknown,74.0,2024,12,24
63265,45389,19317,2,19.0,2024-09-01 17:08:37+00:00,Unknown,38.0,2024,9,1
69796,46616,19264,1,60.5,2024-10-31 18:48:01+00:00,"Apt. 811 40723 Demetrice Route, Heidenreichton, CA 47819-7679",60.5,2024,10,31
73785,45817,18852,1,13.5,2024-11-16 15:58:22+00:00,Unknown,13.5,2024,11,16
65935,46004,19545,1,55.2,2024-11-25 06:53:58+00:00,Unknown,55.2,2024,11,25
69940,45180,18949,1,32.0,2024-10-21 07:56:00+00:00,Unknown,32.0,2024,10,21
66273,45277,19544,1,36.75,2024-11-01 20:53:00+00:00,Unknown,36.75,2024,11,1
69579,45045,19334,2,78.0,2024-08-30 05:48:48+00:00,"Apt. 702 2649 Candi Land, Boscoside, ID 44919",156.0,2024,8,30
70806,47463,19587,1,35.0,2024-07-09 22:16:54+00:00,"645 Josette Brooks, Braunmouth, KY 93361",35.0,2024,7,9
70694,44487,18969,1,42.25,2024-08-02 00:33:14+00:00,Unknown,42.25,2024,8,2
71894,45462,19010,2,76.8,2025-03-29 19:06:47+00:00,Unknown,153.6,2025,3,29
72667,47114,19512,1,48.5,2025-05-02 10:05:36+00:00,Unknown,48.5,2025,5,2
64314,46940,19082,3,21.6,2024-09-06 16:00:45+00:00,Unknown,64.8,2024,9,6
66783,45423,19036,1,80.4,2024-12-07 17:33:00+00:00,"26254 Helen Grove, West Sabraberg, IL 22177-8091",80.4,2024,12,7
64852,46510,19097,1,78.0,2024-06-08 16:05:18+00:00,Unknown,78.0,2024,6,8
66276,45454,19506,1,71.99,2025-03-05 12:58:36+00:00,"21242 Roob Track, New Damion, NV 11835-8415",71.99,2025,3,5
66849,45552,19194,2,39.5,2024-10-17 09:36:58+00:00,Unknown,79.0,2024,10,17
69761,47310,19426,4,41.0,2024-06-13 05:12:22+00:00,"Apt. 561 593 Kutch Terrace, South Robert, MD 78792",164.0,2024,6,13
64524,44748,19041,1,17.0,2024-12-24 10:14:05+00:00,Unknown,17.0,2024,12,24
66010,47140,19355,1,46.8,2025-04-10 12:23:08+00:00,Unknown,46.8,2025,4,10
64616,44764,18937,1,79.2,2024-12-14 04:13:00+00:00,"Suite 264 240 Gislason Garden, North Alysia, NE 59950-1034",79.2,2024,12,14
67401,44971,19038,1,61.5,2024-05-17 04:18:56+00:00,"5834 Metz Street, Yeefort, CO 55323-7251",61.5,2024,5,17
66105,44919,19014,1,21.75,2025-02-04 22:29:46+00:00,Unknown,21.75,2025,2,4
64965,45364,19233,1,73.0,2024-02-18 02:46:00+00:00,Unknown,73.0,2024,2,18
68205,46583,19332,1,42.75,2024-07-23 09:43:42.489000+00:00,Unknown,42.75,2024,7,23
63397,44434,18868,2,28.0,2025-01-15 22:50:20+00:00,Unknown,56.0,2025,1,15
70813,47370,18877,1,59.4,2024-09-01 21:45:56+00:00,Unknown,59.4,2024,9,1
66764,44509,19079,1,33.0,2024-12-10 15:40:00+00:00,"62222 Keneth Neck, West Brockbury, WV 10426-4853",33.0,2024,12,10
63958,46415,19194,3,47.7,2024-11-18 00:41:00+00:00,Unknown,143.1,2024,11,18
70426,47102,19188,5,44.0,2024-09-20 10:17:54.263000+00:00,"Suite 928 1297 Dickens Hill, East Leo, MN 69339-9195",220.0,2024,9,20
71785,45280,18944,1,15.6,2025-05-12 06:52:48+00:00,"5507 Rowe Center, Port Donnie, WY 13577-9643",15.6,2025,5,12
67625,46669,19428,1,44.25,2025-02-09 16:16:00+00:00,Unknown,44.25,2025,2,9
72874,47027,19235,1,63.5,2024-12-18 18:28:49+00:00,"7309 Lewis Spring, East Taren, GA 37619-1871",63.5,2024,12,18
73494,45447,19412,1,32.99,2025-03-26 16:59:14+00:00,Unknown,32.99,2025,3,26
68917,47551,19114,1,49.2,2024-08-18 08:36:19+00:00,Unknown,49.2,2024,8,18
67699,46203,19028,3,61.0,2024-08-08 12:21:48+00:00,Unknown,183.0,2024,8,8
63859,45065,19249,1,61.0,2024-11-30 17:06:38+00:00,"Suite 685 12119 Tony Greens, Reichertbury, MA 55325",61.0,2024,11,30
65452,44656,19544,2,40.0,2024-09-25 14:25:54.634000+00:00,"Apt. 892 61936 Cory Prairie, Cedrichaven, PA 57987",80.0,2024,9,25
69325,44712,19143,1,27.75,2024-05-07 20:29:57+00:00,Unknown,27.75,2024,5,7
71822,47023,18994,1,46.8,2025-01-11 08:45:17+00:00,"Suite 880 7602 Petronila Knolls, Rempelmouth, LA 03861-7890",46.8,2025,1,11
71329,45316,19341,1,31.5,2024-12-02 12:54:59+00:00,Unknown,31.5,2024,12,2
71640,47155,19116,1,17.99,2025-02-21 05:14:16+00:00,Unknown,17.99,2025,2,21
70732,45557,19381,1,24.75,2024-11-28 11:52:27+00:00,Unknown,24.75,2024,11,28
71676,46573,19107,2,88.8,2024-08-23 00:14:05+00:00,Unknown,177.6,2024,8,23
70150,44707,19280,1,46.75,2024-07-12 22:22:08+00:00,"4264 Marks Curve, North Timmy, NE 15499",46.75,2024,7,12
70067,45262,19010,1,66.5,2025-01-28 01:21:00+00:00,"Apt. 269 183 Lesia Isle, North Nena, OK 40186",66.5,2025,1,28
68474,47187,19468,4,38.5,2025-01-25 23:12:00+00:00,Unknown,154.0,2025,1,25
65034,46530,18867,1,54.25,2024-07-20 13:12:42+00:00,Unknown,54.25,2024,7,20
71439,44928,19122,1,47.1,2025-02-09 02:44:00+00:00,Unknown,47.1,2025,2,9
69947,47316,18976,1,28.0,2024-02-06 00:24:07+00:00,Unknown,28.0,2024,2,6
69072,45706,18900,1,80.7,2024-08-09 19:02:00+00:00,Unknown,80.7,2024,8,9
68334,46588,19410,1,48.0,2024-05-01 09:23:51+00:00,Unknown,48.0,2024,5,1
71872,47508,18955,2,82.2,2024-07-31 22:15:49+00:00,Unknown,164.4,2024,7,31
72763,44441,19237,1,64.0,2024-12-02 00:17:41+00:00,Unknown,64.0,2024,12,2
66759,47315,19587,1,34.5,2025-05-14 19:59:00+00:00,"90844 Blick Throughway, Graigfort, WA 57208",34.5,2025,5,14
69213,45676,19087,1,53.75,2025-01-26 04:07:49+00:00,"Apt. 182 928 Vincent Street, Humbertomouth, WV 24939-2889",53.75,2025,1,26
73143,45811,19521,1,17.5,2024-10-05 02:34:00+00:00,Unknown,17.5,2024,10,5
67255,45336,19317,1,19.5,2025-02-13 07:28:00+00:00,Unknown,19.5,2025,2,13
70452,44370,19197,2,52.8,2025-06-28 16:05:00+00:00,Unknown,105.6,2025,6,28
70698,45958,19095,2,64.99,2025-01-31 08:07:04+00:00,Unknown,129.98,2025,1,31
65061,47000,18866,1,25.2,2025-07-21 20:52:01+00:00,Unknown,25.2,2025,7,21
67111,47137,18849,1,35.5,2024-12-12 04:22:42+00:00,Unknown,35.5,2024,12,12
69434,47173,19560,1,31.0,2025-03-05 09:16:14+00:00,Unknown,31.0,2025,3,5
63866,45002,19456,3,34.5,2025-03-27 09:56:45+00:00,Unknown,103.5,2025,3,27
73553,44795,18980,1,72.6,2025-03-05 15:10:55+00:00,"Apt. 394 5186 Waelchi Garden, North Samanthamouth, KY 95027-1156",72.6,2025,3,5
64874,44864,19112,1,18.0,2024-11-17 21:03:00+00:00,Unknown,18.0,2024,11,17
67933,45020,19513,3,26.5,2024-10-20 16:46:00+00:00,Unknown,79.5,2024,10,20
65227,46149,19354,1,40.0,2024-12-13 12:54:14+00:00,Unknown,40.0,2024,12,13
69198,45139,19492,1,52.5,2025-04-10 04:12:01+00:00,"388 Liana Via, North Cleo, IL 22344",52.5,2025,4,10
69808,47345,19180,3,41.25,2024-06-23 02:34:00+00:00,Unknown,123.75,2024,6,23
73953,44351,19130,3,26.0,2024-12-05 22:46:50.131000+00:00,"7957 Predovic Harbors, Schroederborough, VA 28741",78.0,2024,12,5
64184,47534,19299,1,39.6,2025-02-12 04:55:18+00:00,"632 Cronin Union, Carlosport, NM 65534",39.6,2025,2,12
66461,44441,19544,2,37.5,2024-10-12 14:38:28+00:00,Unknown,75.0,2024,10,12
65620,47580,19334,1,68.0,2024-06-10 11:29:01+00:00,Unknown,68.0,2024,6,10
70145,46398,18959,1,50.0,2024-10-15 16:00:46+00:00,Unknown,50.0,2024,10,15
70810,46064,19327,1,52.8,2025-04-16 08:18:00+00:00,Unknown,52.8,2025,4,16
73632,44989,18993,3,77.1,2024-11-14 19:50:42+00:00,Unknown,231.3,2024,11,14
66781,47537,19053,1,56.75,2024-11-19 02:50:03+00:00,Unknown,56.75,2024,11,19
64657,46555,18995,1,38.1,2025-08-25 12:58:34+00:00,Unknown,38.1,2025,8,25
70809,44993,19346,1,35.5,2025-04-14 16:24:56+00:00,Unknown,35.5,2025,4,14
70968,46767,19138,2,38.4,2024-09-09 03:49:00+00:00,Unknown,76.8,2024,9,9
66015,46581,19263,1,39.3,2024-05-31 08:24:23+00:00,"Apt. 715 50358 Okuneva Drive, Brekkestad, MS 63998-3156",39.3,2024,5,31
66284,46717,19035,4,26.7,2024-12-14 10:08:41+00:00,"Apt. 117 768 Stracke Garden, North Leeanna, AZ 26663",106.8,2024,12,14
67780,44565,19237,1,65.0,2024-11-27 03:22:00+00:00,"Apt. 815 91302 Schoen Ports, Nickyview, SC 60260-6523",65.0,2024,11,27
70611,45562,19387,1,60.0,2024-12-03 04:15:00+00:00,Unknown,60.0,2024,12,3
68169,47018,19257,1,68.0,2024-10-10 08:26:00+00:00,Unknown,68.0,2024,10,10
69673,47456,19078,1,52.75,2025-02-25 15:56:13+00:00,Unknown,52.75,2025,2,25
66190,46473,18896,4,31.25,2024-07-04 06:44:30+00:00,"8611 Hand Gardens, East Tommie, HI 73638-5255",125.0,2024,7,4
68287,45063,19260,4,71.75,2025-01-06 17:05:32+00:00,Unknown,287.0,2025,1,6
66560,45011,19550,1,33.5,2024-10-13 13:39:57+00:00,Unknown,33.5,2024,10,13
67372,46416,19327,2,44.5,2025-03-29 21:16:08+00:00,"Suite 183 94891 Lona Wells, Sharitaburgh, GA 22328",89.0,2025,3,29
70523,45447,19548,1,49.75,2025-01-07 03:10:00+00:00,Unknown,49.75,2025,1,7
71773,47008,19391,1,49.99,2025-01-31 09:01:08+00:00,Unknown,49.99,2025,1,31
63195,44801,18911,2,68.0,2025-04-15 03:53:17+00:00,"408 Noreen Centers, South Johnson, WI 25627-8844",136.0,2025,4,15
72775,46011,19576,1,59.75,2024-11-26 04:19:00+00:00,Unknown,59.75,2024,11,26
63678,44862,19011,1,53.0,2024-11-09 02:21:00+00:00,Unknown,53.0,2024,11,9
67328,46066,19167,1,41.75,2025-02-21 23:52:21+00:00,Unknown,41.75,2025,2,21
70190,45748,19277,1,62.0,2024-11-19 12:44:57+00:00,"441 Larkin Fort, West Refugio, MT 41538-7413",62.0,2024,11,19
72736,46254,19412,1,31.5,2025-01-03 07:34:58.233000+00:00,"4462 Claudine Valleys, Hellerside, AL 59726",31.5,2025,1,3
68710,44826,18864,1,66.5,2025-01-31 04:40:40+00:00,Unknown,66.5,2025,1,31
70540,45525,18981,1,85.8,2025-06-25 22:29:52+00:00,Unknown,85.8,2025,6,25
67976,44564,19384,3,22.0,2025-05-18 11:27:45+00:00,Unknown,66.0,2025,5,18
69335,45612,19327,1,43.99,2025-02-03 19:21:00+00:00,Unknown,43.99,2025,2,3
70027,46392,19306,1,38.25,2024-03-15 18:01:59+00:00,Unknown,38.25,2024,3,15
66937,44336,19175,1,40.0,2025-07-22 19:01:12+00:00,Unknown,40.0,2025,7,22
63252,44838,19155,5,63.6,2025-05-22 21:28:00.484000+00:00,Unknown,318.0,2025,5,22
68089,46278,19560,2,31.0,2024-08-30 19:25:33+00:00,Unknown,62.0,2024,8,30
66908,47141,18978,1,62.0,2024-10-31 18:52:52+00:00,Unknown,62.0,2024,10,31
71322,45204,19551,1,31.75,2024-10-08 15:57:00+00:00,Unknown,31.75,2024,10,8
63963,45785,18983,1,33.5,2024-06-21 15:47:17+00:00,Unknown,33.5,2024,6,21
68245,47243,18914,1,58.5,2024-11-26 02:26:29+00:00,Unknown,58.5,2024,11,26
68103,44835,18997,5,39.5,2024-09-22 14:05:09+00:00,Unknown,197.5,2024,9,22
70543,46574,19211,1,57.0,2025-03-14 17:22:26+00:00,"Suite 622 1945 Dante Extension, New Deonna, NV 91785-4245",57.0,2025,3,14
68576,44376,19455,1,17.75,2024-12-02 03:02:00+00:00,Unknown,17.75,2024,12,2
73796,45565,19497,1,54.0,2025-05-27 08:09:26+00:00,"Suite 421 3874 Williamson Burg, Charlenahaven, KY 13550-1485",54.0,2025,5,27
66200,44916,18844,1,42.0,2025-02-06 18:57:30+00:00,Unknown,42.0,2025,2,6
65605,45139,19336,1,50.5,2025-02-20 08:36:05+00:00,Unknown,50.5,2025,2,20
70144,46678,19031,1,20.4,2025-05-25 01:57:48.865000+00:00,"Suite 372 2685 Casper Trail, Port Bettina, OR 68920",20.4,2025,5,25
73604,47239,19400,1,45.6,2025-01-28 20:57:00+00:00,Unknown,45.6,2025,1,28
70001,44592,19513,1,34.8,2025-04-25 00:42:42+00:00,"9623 Jenkins Plaza, New Graham, UT 43743",34.8,2025,4,25
67615,45238,19301,1,68.5,2024-08-25 19:56:00+00:00,Unknown,68.5,2024,8,25
70708,46890,18849,1,35.0,2024-06-28 12:56:00+00:00,"36563 Elwanda Plaza, Lake Mindy, ME 82126-2731",35.0,2024,6,28
69899,45979,19020,3,21.59,2024-10-03 00:25:16+00:00,Unknown,64.77,2024,10,3
63145,46731,18914,1,45.5,2024-09-27 11:09:48+00:00,"861 Owen Court, Nicolasfort, DE 32325",45.5,2024,9,27
70716,44994,19580,2,72.5,2025-01-16 12:13:57+00:00,Unknown,145.0,2025,1,16
69967,46509,18842,1,58.0,2025-09-03 04:51:51+00:00,Unknown,58.0,2025,9,3
68624,45994,18975,2,66.6,2025-02-12 23:23:39+00:00,Unknown,133.2,2025,2,12
68263,46611,19229,1,20.99,2024-09-17 12:52:15+00:00,Unknown,20.99,2024,9,17
68570,46567,18962,1,56.0,2024-09-14 23:07:08+00:00,Unknown,56.0,2024,9,14
72447,46017,18866,1,20.25,2025-01-07 08:46:00+00:00,"Apt. 458 739 Gusikowski View, South Versie, NV 22199-2192",20.25,2025,1,7
72796,45776,19006,1,49.5,2025-04-08 00:01:56+00:00,Unknown,49.5,2025,4,8
70011,47594,19168,1,62.5,2024-09-29 19:37:43+00:00,Unknown,62.5,2024,9,29
73086,46683,19142,1,42.5,2024-10-23 20:29:00+00:00,Unknown,42.5,2024,10,23
70404,46881,18865,2,49.5,2025-02-12 17:34:59+00:00,"Suite 117 32335 Michel Rest, West Denita, DE 80801",99.0,2025,2,12
72649,44727,19445,1,59.25,2024-12-26 12:51:51+00:00,Unknown,59.25,2024,12,26
68795,45338,19175,1,38.0,2025-06-03 21:59:32+00:00,Unknown,38.0,2025,6,3
63702,44432,19562,1,49.75,2025-08-27 22:16:56+00:00,Unknown,49.75,2025,8,27
72656,46992,19478,1,54.75,2025-05-17 20:02:23+00:00,Unknown,54.75,2025,5,17
66228,44386,19306,1,34.5,2024-05-23 23:53:00+00:00,Unknown,34.5,2024,5,23
64009,45882,18951,2,81.6,2025-01-14 16:19:04+00:00,Unknown,163.2,2025,1,14
69111,46950,19109,1,41.99,2024-07-06 03:25:26+00:00,Unknown,41.99,2024,7,6
65588,44929,19590,2,32.39,2025-08-05 22:56:56+00:00,Unknown,64.78,2025,8,5
66448,45897,19201,1,48.6,2025-06-21 16:41:52+00:00,Unknown,48.6,2025,6,21
66539,47051,19023,1,42.25,2025-05-09 20:01:10+00:00,Unknown,42.25,2025,5,9
67324,46623,19397,1,27.75,2025-07-01 21:54:16+00:00,"8132 Marcie Fort, New Barrett, NJ 08508",27.75,2025,7,1
71083,45542,19017,1,54.99,2025-04-26 23:43:42+00:00,Unknown,54.99,2025,4,26
63914,45790,19132,1,81.6,2025-04-08 10:05:39+00:00,"Apt. 176 83682 Schmeler Haven, South Janettstad, MT 34006-7800",81.6,2025,4,8
70433,46091,19021,1,42.0,2024-08-24 00:33:00+00:00,"33348 Brakus Track, Altenwerthville, IA 55928-4338",42.0,2024,8,24
73532,45218,19463,2,77.99,2024-07-03 09:52:00+00:00,Unknown,155.98,2024,7,3
71960,47297,18917,1,85.19,2024-09-21 15:57:00+00:00,Unknown,85.19,2024,9,21
68037,45893,18873,4,85.19,2024-10-03 19:31:34+00:00,"1391 Samatha Port, New Anishafort, NH 58075-1942",340.76,2024,10,3
72965,45837,19479,2,60.5,2024-09-22 16:07:00+00:00,Unknown,121.0,2024,9,22
69652,45090,19292,1,52.75,2024-12-31 22:39:00+00:00,"6550 Ozie Dam, Jeromytown, WA 76282-9195",52.75,2024,12,31
69058,45119,19472,1,81.0,2025-02-01 08:37:39+00:00,Unknown,81.0,2025,2,1
68975,47230,19443,1,30.6,2024-09-11 17:51:27+00:00,Unknown,30.6,2024,9,11
65507,45213,19245,1,82.2,2025-01-03 10:07:34+00:00,"Apt. 511 208 Deckow Square, Lianeview, NY 94442-9533",82.2,2025,1,3
72832,44479,19344,3,30.25,2024-11-30 18:25:39+00:00,"Suite 645 290 Swaniawski Common, North Fatimah, DE 91912",90.75,2024,11,30
64391,45396,19545,4,56.39,2024-06-02 05:12:00+00:00,"9623 Witting Highway, New Melisaberg, CT 07544",225.56,2024,6,2
72617,45991,19373,1,58.8,2024-05-03 09:43:00+00:00,Unknown,58.8,2024,5,3
71454,46330,19484,2,53.5,2025-01-17 19:36:00+00:00,Unknown,107.0,2025,1,17
64855,45625,18996,1,45.0,2025-01-11 20:58:00+00:00,Unknown,45.0,2025,1,11
63130,46750,18941,1,56.0,2025-02-02 23:39:00+00:00,Unknown,56.0,2025,2,2
65631,47110,18931,1,45.6,2024-07-06 20:01:32+00:00,Unknown,45.6,2024,7,6
73650,45891,19317,1,23.25,2025-01-13 15:13:04+00:00,Unknown,23.25,2025,1,13
72416,46970,19221,1,57.0,2024-07-28 23:51:51+00:00,Unknown,57.0,2024,7,28
72025,45918,19033,1,28.0,2024-04-07 00:08:18+00:00,Unknown,28.0,2024,4,7
66687,45508,18856,4,47.25,2024-09-02 05:06:05+00:00,Unknown,189.0,2024,9,2
64416,47623,19275,1,51.25,2025-05-10 15:33:12+00:00,Unknown,51.25,2025,5,10
73052,47294,18994,1,43.75,2024-11-25 06:17:32+00:00,Unknown,43.75,2024,11,25
65491,46926,19285,1,63.5,2024-11-23 01:32:00+00:00,"576 Loriann Lock, East Nannetteland, CT 87816",63.5,2024,11,23
65071,44901,19590,1,37.19,2025-04-18 19:41:56+00:00,Unknown,37.19,2025,4,18
63978,45395,19087,1,55.0,2024-11-12 00:58:50+00:00,"43240 Carola Neck, North Jedborough, MA 97657",55.0,2024,11,12
68855,44733,19036,1,70.75,2025-02-18 13:21:39+00:00,Unknown,70.75,2025,2,18
63581,44705,19138,1,30.5,2025-01-21 21:52:32+00:00,Unknown,30.5,2025,1,21
62795,46648,19118,1,73.25,2025-03-23 07:08:38+00:00,Unknown,73.25,2025,3,23
73164,45911,19181,1,61.99,2024-11-04 10:08:55+00:00,Unknown,61.99,2024,11,4
65068,46614,18952,1,61.8,2025-04-28 11:24:00+00:00,Unknown,61.8,2025,4,28
65622,45011,18933,2,49.2,2024-11-16 11:27:38+00:00,Unknown,98.4,2024,11,16
71240,46928,19509,1,53.75,2025-04-13 21:25:13+00:00,"Apt. 984 438 Rowe Pass, Astridfurt, WI 98885",53.75,2025,4,13
67653,47353,18900,1,80.4,2024-08-12 01:10:28+00:00,Unknown,80.4,2024,8,12
65217,46135,18927,1,78.0,2024-11-11 00:14:00+00:00,Unknown,78.0,2024,11,11
64236,46991,19552,1,43.8,2024-10-12 13:26:25+00:00,Unknown,43.8,2024,10,12
71277,47433,18971,1,57.75,2024-12-01 13:59:00+00:00,Unknown,57.75,2024,12,1
73186,45185,19255,1,43.5,2024-12-06 07:38:11+00:00,Unknown,43.5,2024,12,6
65755,44398,19118,5,76.25,2024-12-03 19:12:36+00:00,"Suite 481 10050 Hudson Land, Chongland, OH 32978",381.25,2024,12,3
73663,45058,19080,1,62.4,2025-05-23 23:00:20+00:00,Unknown,62.4,2025,5,23
64243,45089,19126,1,27.0,2024-11-17 19:18:00+00:00,Unknown,27.0,2024,11,17
66598,44800,18944,1,21.6,2024-11-24 05:59:00+00:00,Unknown,21.6,2024,11,24
69835,46646,19037,1,25.0,2025-07-08 19:50:57+00:00,Unknown,25.0,2025,7,8
68782,46206,19567,1,47.0,2024-12-22 15:15:00+00:00,"333 Marianela Turnpike, Port Dawna, AK 55250",47.0,2024,12,22
71590,46876,19396,1,43.5,2024-07-15 15:16:47+00:00,Unknown,43.5,2024,7,15
69358,46360,19415,1,16.0,2024-08-27 17:42:00+00:00,Unknown,16.0,2024,8,27
69345,45115,18894,1,24.25,2024-06-25 11:58:46+00:00,Unknown,24.25,2024,6,25
73740,46188,19097,1,64.75,2024-09-15 03:12:00+00:00,"Suite 246 82456 Yundt Stream, East Hilton, HI 74182-7579",64.75,2024,9,15
67929,45622,18946,1,46.25,2024-08-15 16:53:19.009000+00:00,Unknown,46.25,2024,8,15
71432,46052,19062,1,15.0,2024-11-05 12:47:05+00:00,Unknown,15.0,2024,11,5
67630,45173,19072,1,76.2,2024-10-31 18:54:54+00:00,Unknown,76.2,2024,10,31
68902,44690,19189,1,19.75,2024-08-05 02:03:28+00:00,Unknown,19.75,2024,8,5
66625,46086,19083,1,48.0,2025-03-08 00:51:47+00:00,Unknown,48.0,2025,3,8
64638,44466,19323,1,42.0,2024-10-03 09:48:00+00:00,Unknown,42.0,2024,10,3
70398,44646,18844,4,41.75,2024-10-19 10:19:48+00:00,"Apt. 256 948 Odilia Islands, Patriabury, CT 89190",167.0,2024,10,19
64472,45861,19048,1,30.25,2025-03-24 03:08:57+00:00,Unknown,30.25,2025,3,24
66344,44811,19013,2,52.8,2025-02-01 04:37:58+00:00,Unknown,105.6,2025,2,1
63545,47405,19106,1,48.99,2025-01-16 01:33:31+00:00,Unknown,48.99,2025,1,16
71681,45556,19433,5,79.2,2024-09-06 05:24:00+00:00,Unknown,396.0,2024,9,6
65346,47541,19033,1,31.5,2024-08-03 03:36:45+00:00,Unknown,31.5,2024,8,3
72632,46073,19325,2,31.0,2025-07-08 19:35:05+00:00,Unknown,62.0,2025,7,8
67833,46341,19354,1,53.99,2024-08-11 16:37:07+00:00,Unknown,53.99,2024,8,11
63464,47487,19144,2,45.99,2024-05-09 03:09:19+00:00,"Suite 612 924 Bode Ville, New Colin, NM 17832-1421",91.98,2024,5,9
65579,45511,19522,5,66.5,2024-08-25 14:55:28+00:00,Unknown,332.5,2024,8,25
68649,44504,18957,1,62.25,2024-08-26 05:51:33+00:00,Unknown,62.25,2024,8,26
68330,46947,19339,1,45.5,2024-06-06 23:30:00+00:00,"3829 Vernie Trail, East Zinaville, KS 63034",45.5,2024,6,6
64418,46893,18920,2,39.25,2024-10-28 02:12:03+00:00,"223 Considine Vista, Ryanshire, FL 84340-2225",78.5,2024,10,28
63018,44928,19286,1,28.5,2025-04-05 21:33:16+00:00,"Apt. 641 95870 Haag Cape, Port Busterchester, NE 09315",28.5,2025,4,5
73423,47238,19305,4,69.0,2024-07-04 15:18:25+00:00,Unknown,276.0,2024,7,4
63093,46440,18842,1,59.75,2024-10-13 06:18:00+00:00,Unknown,59.75,2024,10,13
70094,46186,19288,1,55.0,2024-05-31 12:30:16+00:00,Unknown,55.0,2024,5,31
64138,45339,19069,5,45.5,2025-03-08 00:18:32+00:00,Unknown,227.5,2025,3,8
71849,44818,18893,1,53.0,2025-03-15 19:38:36+00:00,Unknown,53.0,2025,3,15
65402,47363,19329,1,66.5,2024-08-01 23:55:00+00:00,Unknown,66.5,2024,8,1
69489,45554,19372,1,58.5,2024-10-23 11:42:39+00:00,Unknown,58.5,2024,10,23
70613,46815,18985,1,55.75,2024-09-30 00:16:00+00:00,Unknown,55.75,2024,9,30
66777,47066,19054,1,53.4,2024-06-24 06:57:27+00:00,Unknown,53.4,2024,6,24
68669,45708,19135,2,61.8,2024-09-16 18:48:18+00:00,Unknown,123.6,2024,9,16
65282,44791,19099,1,66.0,2024-03-18 20:22:00+00:00,Unknown,66.0,2024,3,18
66532,47082,19072,2,62.5,2025-01-21 01:17:47+00:00,Unknown,125.0,2025,1,21
66887,46056,19028,1,73.2,2024-04-21 23:29:00+00:00,Unknown,73.2,2024,4,21
64457,46681,19513,2,27.75,2025-02-16 07:24:56+00:00,"346 Thurman Drives, Kyleeberg, SC 12019",55.5,2025,2,16
72201,45888,18844,1,39.75,2024-09-23 12:20:49+00:00,Unknown,39.75,2024,9,23
73433,47076,19562,1,62.4,2024-08-23 20:56:57+00:00,Unknown,62.4,2024,8,23
69473,46672,18891,3,22.8,2024-12-27 23:42:34.437000+00:00,Unknown,68.4,2024,12,27
73942,44407,19065,1,26.39,2024-12-15 11:56:50+00:00,Unknown,26.39,2024,12,15
63039,46155,19289,1,37.2,2025-02-14 03:56:14+00:00,"49322 Kuvalis Locks, Tremblayfort, MD 51806",37.2,2025,2,14
65615,45743,19213,1,40.5,2025-01-26 06:36:56+00:00,Unknown,40.5,2025,1,26
65043,46730,19542,1,67.8,2025-03-02 08:32:23.635000+00:00,Unknown,67.8,2025,3,2
64775,46451,18945,2,44.75,2024-08-18 04:20:45+00:00,Unknown,89.5,2024,8,18
63367,45210,19178,1,42.0,2024-11-15 06:26:42.269000+00:00,Unknown,42.0,2024,11,15
65800,46528,19545,1,45.0,2024-07-22 03:20:00+00:00,Unknown,45.0,2024,7,22
66976,45896,19290,1,27.0,2024-09-18 01:46:27.676000+00:00,Unknown,27.0,2024,9,18
64077,45493,18907,2,44.4,2025-02-13 21:38:41+00:00,"Suite 551 82513 Rolfson Causeway, Howardmouth, WI 31233",88.8,2025,2,13
67028,44746,19077,3,42.0,2024-07-18 18:26:33+00:00,Unknown,126.0,2024,7,18
72903,45729,18926,1,34.0,2025-01-10 15:07:46+00:00,"Suite 943 584 Dario Green, North Risa, AZ 50989-5863",34.0,2025,1,10
68052,44383,19391,3,52.5,2024-08-31 01:21:30+00:00,Unknown,157.5,2024,8,31
72543,46663,19198,3,43.25,2024-10-04 17:36:11+00:00,Unknown,129.75,2024,10,4
63472,46995,19475,4,43.0,2024-09-16 11:12:49+00:00,Unknown,172.0,2024,9,16
72650,44546,19555,1,45.5,2024-07-19 22:20:49+00:00,Unknown,45.5,2024,7,19
67521,47196,19211,1,56.4,2024-10-16 01:33:00+00:00,Unknown,56.4,2024,10,16
64007,45292,19547,1,58.75,2024-09-19 13:19:55+00:00,Unknown,58.75,2024,9,19
72018,44994,19221,1,68.7,2024-09-28 18:28:27+00:00,"16335 Kulas Spring, Bashirianbury, CA 17555-5948",68.7,2024,9,28
67544,45535,19020,1,24.3,2024-11-14 08:23:51.315000+00:00,Unknown,24.3,2024,11,14
70219,46384,19277,1,60.99,2024-11-13 12:41:00+00:00,"Suite 665 58159 Shiela Harbor, North Pasqualeport, OH 78662",60.99,2024,11,13
65918,45792,19180,1,55.8,2025-04-11 15:36:53+00:00,"33031 Swift Place, Shieldsberg, LA 06604",55.8,2025,4,11
66380,46164,18905,1,71.1,2025-03-07 20:37:00+00:00,Unknown,71.1,2025,3,7
70737,47228,19193,1,22.2,2024-12-23 08:42:07+00:00,Unknown,22.2,2024,12,23
63971,47233,19497,2,53.0,2025-03-11 22:03:00+00:00,Unknown,106.0,2025,3,11
63003,47401,19331,2,27.99,2025-03-28 23:48:00+00:00,"Suite 697 8905 Gayle Centers, New Pierreside, HI 41283-7051",55.98,2025,3,28
72314,46463,19268,5,44.75,2024-07-28 10:58:59+00:00,"Suite 943 9716 Krishna Knoll, Tremblayshire, LA 53668",223.75,2024,7,28
73906,45351,19184,1,25.2,2025-04-03 08:11:00+00:00,Unknown,25.2,2025,4,3
69534,45937,18953,2,62.75,2024-11-29 04:20:07+00:00,Unknown,125.5,2024,11,29
65490,46360,19533,1,46.0,2025-02-22 12:09:00+00:00,Unknown,46.0,2025,2,22
69531,46645,19170,1,67.0,2025-06-10 19:50:59.460000+00:00,"Suite 640 17498 Emard Neck, North Delorseberg, WV 86380-2374",67.0,2025,6,10
65855,45936,18967,1,69.5,2025-03-13 11:05:30+00:00,Unknown,69.5,2025,3,13
71426,44863,19347,2,21.5,2024-07-18 11:45:24+00:00,"Apt. 844 7682 Abbott Cove, West Silvaview, ND 03748-9948",43.0,2024,7,18
72022,47121,19325,1,29.75,2024-11-15 12:56:40+00:00,Unknown,29.75,2024,11,15
71511,47396,19334,5,69.25,2024-11-25 09:33:11+00:00,"Suite 102 38460 Monet Crescent, Hansenberg, OK 87514",346.25,2024,11,25
69921,45980,19552,1,37.0,2024-10-28 00:38:50+00:00,Unknown,37.0,2024,10,28
72991,47269,19175,2,41.0,2025-01-07 16:30:07+00:00,"20967 Balistreri Tunnel, Franeckiton, HI 94693-7261",82.0,2025,1,7
71445,44951,19324,1,65.5,2024-10-31 21:14:00+00:00,Unknown,65.5,2024,10,31
67945,46216,19031,1,22.0,2025-04-16 04:49:05+00:00,Unknown,22.0,2025,4,16
70358,46025,19446,1,63.0,2024-12-06 00:51:34+00:00,"31130 Bechtelar Causeway, Port Wm, CO 17895-3840",63.0,2024,12,6
73398,44866,19563,1,64.5,2024-06-01 09:45:00+00:00,Unknown,64.5,2024,6,1
70277,46861,18941,1,74.39,2025-01-13 01:05:23+00:00,"Suite 537 5066 Bauch Summit, Port Clark, NJ 65206",74.39,2025,1,13
63763,47324,18975,1,56.25,2024-10-09 20:24:33+00:00,Unknown,56.25,2024,10,9
69903,45268,19330,1,75.59,2024-10-15 17:16:00+00:00,"Suite 199 580 Effertz Mill, New Jesus, FL 53956",75.59,2024,10,15
70008,45913,18999,4,50.0,2025-08-31 14:35:00+00:00,"Apt. 137 310 Ryan River, Shanaberg, MO 76150-4425",200.0,2025,8,31
63140,44642,19328,2,29.75,2024-11-19 06:55:09+00:00,Unknown,59.5,2024,11,19
69692,46899,19198,1,47.5,2024-12-02 07:09:12+00:00,Unknown,47.5,2024,12,2
67920,45664,19033,5,33.99,2025-01-05 21:12:00+00:00,Unknown,169.95,2025,1,5
72433,45865,19524,1,57.59,2024-09-24 20:27:10+00:00,Unknown,57.59,2024,9,24
64922,44921,19015,1,59.0,2024-04-26 13:33:06+00:00,"Suite 446 40867 Elida Brooks, Metzview, NJ 50431-4166",59.0,2024,4,26
73330,46610,18980,1,74.7,2024-09-06 23:03:44+00:00,"Suite 213 714 Danyell Ports, Jarvisview, NE 69492",74.7,2024,9,6
69876,47241,19052,5,69.99,2024-07-02 03:54:07+00:00,Unknown,349.95,2024,7,2
65403,44989,19352,1,34.0,2024-11-09 12:00:15+00:00,Unknown,34.0,2024,11,9
65993,44637,19523,1,38.4,2025-02-20 08:41:02+00:00,Unknown,38.4,2025,2,20
72702,44770,19375,3,26.4,2025-01-20 09:12:00+00:00,Unknown,79.2,2025,1,20
71524,46715,18850,5,29.0,2025-01-16 23:02:03+00:00,Unknown,145.0,2025,1,16
68511,44750,19039,1,44.0,2025-03-13 08:10:00+00:00,Unknown,44.0,2025,3,13
68525,46446,18874,1,56.99,2025-03-18 09:02:34+00:00,"Suite 396 4187 Herzog Radial, New Ramon, KY 11563",56.99,2025,3,18
65509,44853,19093,1,32.1,2025-04-30 17:24:28+00:00,Unknown,32.1,2025,4,30
66219,46990,19461,2,69.5,2024-11-02 00:05:39+00:00,Unknown,139.0,2024,11,2
63548,45172,18923,5,26.0,2024-11-15 11:46:00+00:00,Unknown,130.0,2024,11,15
65586,46411,19540,1,70.0,2025-06-17 19:01:00+00:00,Unknown,70.0,2025,6,17
64699,46878,19300,1,72.0,2025-04-12 19:01:28+00:00,Unknown,72.0,2025,4,12
65504,45170,19547,1,61.25,2024-11-19 07:24:06+00:00,Unknown,61.25,2024,11,19
73840,47386,19227,2,51.5,2024-10-21 03:37:40.947000+00:00,Unknown,103.0,2024,10,21
65865,46965,19377,1,49.0,2025-10-09 07:45:00+00:00,Unknown,49.0,2025,10,9
67460,44518,19115,1,55.5,2024-12-06 01:27:08.563000+00:00,Unknown,55.5,2024,12,6
67037,44819,18934,1,18.99,2024-11-09 06:10:30+00:00,Unknown,18.99,2024,11,9
65999,44415,19528,1,32.5,2024-10-19 02:35:23+00:00,"3909 Spencer Terrace, Huelsbury, MT 43306-4524",32.5,2024,10,19
63730,46253,19107,1,83.7,2024-05-07 15:00:14.209000+00:00,Unknown,83.7,2024,5,7
63342,45131,19118,1,90.0,2024-07-25 02:17:30+00:00,Unknown,90.0,2024,7,25
73688,46629,18978,2,64.0,2024-09-30 03:55:01+00:00,Unknown,128.0,2024,9,30
66811,46319,19363,1,27.0,2025-03-10 20:08:42+00:00,"Suite 672 3826 Chang Unions, West Ronview, NY 52525-7474",27.0,2025,3,10
72809,45390,19559,1,66.75,2025-01-22 17:27:00+00:00,Unknown,66.75,2025,1,22
73171,45267,19420,1,52.25,2024-06-25 03:41:00+00:00,Unknown,52.25,2024,6,25
62860,45552,19298,1,76.8,2024-12-07 00:22:00+00:00,Unknown,76.8,2024,12,7
72510,46378,18926,5,42.9,2024-07-13 00:45:34+00:00,Unknown,214.5,2024,7,13
70562,45375,19009,1,73.5,2025-03-24 01:59:00+00:00,Unknown,73.5,2025,3,24
66089,46747,19000,1,71.99,2025-05-24 22:12:14+00:00,"Apt. 764 37440 Billie Station, North Liseview, PA 93331-5412",71.99,2025,5,24
72389,47595,19432,1,26.0,2025-01-18 02:12:00+00:00,"Suite 740 16596 McCullough Keys, Pouroston, SC 39802",26.0,2025,1,18
67424,46179,19219,5,25.0,2025-02-22 09:12:56+00:00,Unknown,125.0,2025,2,22
63905,44584,18981,1,70.5,2025-03-20 10:25:00+00:00,Unknown,70.5,2025,3,20
69225,46744,18926,1,39.59,2025-01-17 16:22:00+00:00,Unknown,39.59,2025,1,17
65893,46122,18851,1,59.99,2025-01-16 02:10:34+00:00,Unknown,59.99,2025,1,16
71160,45479,19346,1,48.3,2024-10-25 07:29:00+00:00,"292 Willms Locks, Port Delmar, AK 93961-6414",48.3,2024,10,25
65581,45831,19308,1,58.0,2025-01-02 11:27:10+00:00,Unknown,58.0,2025,1,2
68569,46980,19462,1,60.75,2024-12-06 05:17:00+00:00,"948 Bobette Gardens, East Jospehfort, AZ 25293",60.75,2024,12,6
68904,45278,19391,2,52.0,2024-07-02 03:58:36+00:00,Unknown,104.0,2024,7,2
68499,47052,18900,1,74.4,2025-02-15 23:14:45+00:00,"Apt. 178 5565 Murphy Prairie, Port Dorian, FL 95580-9960",74.4,2025,2,15
63149,45704,19236,1,80.1,2025-05-06 17:17:00+00:00,Unknown,80.1,2025,5,6
68541,45407,19529,1,21.0,2025-06-03 12:14:00+00:00,Unknown,21.0,2025,6,3
70564,44577,19352,1,32.25,2025-02-26 19:40:00+00:00,Unknown,32.25,2025,2,26
71933,44830,19096,1,21.5,2025-04-02 04:39:35+00:00,Unknown,21.5,2025,4,2
67225,46218,18925,2,31.8,2024-10-16 00:51:00+00:00,Unknown,63.6,2024,10,16
71042,46658,19021,1,36.0,2024-09-12 23:52:11+00:00,"Suite 321 94429 Mills Bypass, Port Cliff, MI 02503-3906",36.0,2024,9,12
64000,44986,18881,1,29.99,2024-12-26 20:09:02+00:00,Unknown,29.99,2024,12,26
63082,46287,19529,1,18.0,2024-10-16 22:58:30+00:00,Unknown,18.0,2024,10,16
73065,44933,19171,1,42.5,2025-05-09 09:51:00+00:00,Unknown,42.5,2025,5,9
65480,46596,19217,2,29.0,2025-07-19 20:16:28+00:00,Unknown,58.0,2025,7,19
64326,45534,19136,1,48.75,2025-04-28 23:03:23+00:00,"27089 Leannon Wall, South Ouidaburgh, VT 72050",48.75,2025,4,28
67166,45286,19134,1,66.0,2024-10-16 08:47:00+00:00,Unknown,66.0,2024,10,16
73807,47414,19496,1,31.5,2024-10-20 01:52:03+00:00,Unknown,31.5,2024,10,20
73362,46647,19334,1,70.0,2025-02-10 13:45:10+00:00,"1487 Nikolaus Flat, West Rubinstad, NY 47647",70.0,2025,2,10
70544,47625,19012,1,42.0,2024-11-18 19:07:31+00:00,Unknown,42.0,2024,11,18
71282,45102,19266,1,59.4,2025-01-23 02:16:14.721000+00:00,"7320 Conrad Forest, Indiashire, MI 44467-7791",59.4,2025,1,23
65233,46235,19312,1,88.5,2024-05-07 17:42:44+00:00,Unknown,88.5,2024,5,7
72059,46570,19048,1,39.9,2024-12-19 18:09:41+00:00,Unknown,39.9,2024,12,19
63065,46017,19340,1,27.5,2024-04-12 12:42:31+00:00,Unknown,27.5,2024,4,12
69817,44948,19380,1,79.19,2024-12-09 17:17:37+00:00,"Apt. 650 66088 Cassy Prairie, Jacobsbury, NJ 83792",79.19,2024,12,9
67756,44435,18908,2,46.99,2025-03-31 20:17:00+00:00,Unknown,93.98,2025,3,31
64407,47300,19087,3,65.4,2024-12-08 16:01:31+00:00,Unknown,196.2,2024,12,8
65797,47113,19031,1,24.0,2024-09-01 13:05:33+00:00,Unknown,24.0,2024,9,1
72226,45587,19348,1,35.0,2024-02-05 09:58:58+00:00,Unknown,35.0,2024,2,5
63922,47095,19255,1,47.5,2025-05-16 08:38:00+00:00,Unknown,47.5,2025,5,16
64410,46502,19466,4,22.0,2024-08-12 00:54:44+00:00,Unknown,88.0,2024,8,12
68114,47360,18992,1,67.0,2024-07-13 15:11:05+00:00,"Suite 225 708 O'Kon Ridges, Josiahton, WA 43554",67.0,2024,7,13
70388,46286,19564,1,61.19,2025-02-18 04:56:00+00:00,Unknown,61.19,2025,2,18
69410,46970,19531,1,34.2,2025-02-12 05:35:45+00:00,Unknown,34.2,2025,2,12
68347,46203,18872,1,46.2,2024-09-05 15:24:01+00:00,Unknown,46.2,2024,9,5
72180,45972,19370,1,23.7,2024-12-23 22:13:00+00:00,Unknown,23.7,2024,12,23
73220,45798,19143,4,36.9,2024-07-09 14:38:06+00:00,Unknown,147.6,2024,7,9
71501,44401,19247,1,66.0,2025-01-26 09:08:00+00:00,Unknown,66.0,2025,1,26
69603,46632,19276,1,25.8,2025-07-28 10:56:10+00:00,Unknown,25.8,2025,7,28
69937,45193,19191,1,27.0,2024-11-12 12:57:56+00:00,Unknown,27.0,2024,11,12
65019,47345,19308,4,61.5,2024-09-09 06:35:55+00:00,"Apt. 172 812 Nikolaus Parkway, Mayerport, MI 37744-0114",246.0,2024,9,9
68717,44483,19491,1,42.9,2024-09-18 05:03:05+00:00,Unknown,42.9,2024,9,18
68268,45153,19118,1,75.5,2024-10-09 05:19:56+00:00,Unknown,75.5,2024,10,9
66040,46560,18965,1,61.25,2025-09-13 10:22:30.088000+00:00,Unknown,61.25,2025,9,13
67519,44933,18950,4,49.99,2025-06-25 02:42:00+00:00,Unknown,199.96,2025,6,25
66484,45934,19343,1,75.75,2024-09-06 15:36:22.486000+00:00,Unknown,75.75,2024,9,6
63778,46337,19580,3,74.5,2024-10-05 04:52:49+00:00,Unknown,223.5,2024,10,5
65898,45441,19214,1,43.0,2025-07-25 01:51:00+00:00,Unknown,43.0,2025,7,25
65671,44649,19430,1,68.39,2024-11-09 15:53:00+00:00,"Suite 993 270 Colleen Run, Beerton, AK 49043-4374",68.39,2024,11,9
66851,44730,18971,1,64.2,2025-06-13 13:15:15+00:00,Unknown,64.2,2025,6,13
70563,47070,18949,1,31.75,2025-01-06 21:49:43.285000+00:00,Unknown,31.75,2025,1,6
66639,45102,19192,1,59.0,2025-06-20 23:45:00+00:00,Unknown,59.0,2025,6,20
69032,46345,18997,1,35.0,2025-09-05 22:04:04+00:00,"Suite 844 9967 Katelin Spurs, Manuelberg, OH 67031-4056",35.0,2025,9,5
70385,46461,19461,1,73.0,2025-06-11 01:26:46+00:00,Unknown,73.0,2025,6,11
70834,47338,19237,3,64.99,2025-02-23 02:49:12+00:00,Unknown,194.97,2025,2,23
62951,45211,19233,1,73.25,2025-06-30 19:20:49+00:00,Unknown,73.25,2025,6,30
69665,46195,19017,1,67.19,2025-04-01 03:54:01+00:00,Unknown,67.19,2025,4,1
63011,45715,19009,1,71.5,2024-11-26 23:44:00+00:00,"Apt. 840 140 Stokes Well, East Kentville, SD 11033",71.5,2024,11,26
73857,45358,19260,1,73.75,2024-09-26 12:30:19+00:00,Unknown,73.75,2024,9,26
69013,44573,19428,1,46.99,2025-06-05 00:06:00+00:00,Unknown,46.99,2025,6,5
67032,46197,19024,1,67.8,2025-01-16 16:12:00+00:00,"8811 Samantha Brook, North Angelita, TX 69599",67.8,2025,1,16
72882,45617,19173,1,58.0,2024-04-24 12:19:57+00:00,"29432 Tremblay Orchard, North Tisha, CA 44187-8079",58.0,2024,4,24
71523,44556,19586,1,17.99,2025-06-23 17:44:52+00:00,Unknown,17.99,2025,6,23
63075,44842,18843,1,18.3,2024-12-06 22:06:34+00:00,"1462 Steuber Dale, Kilbackport, MI 60933-9714",18.3,2024,12,6
67779,47205,18982,1,57.75,2024-07-27 11:29:27+00:00,Unknown,57.75,2024,7,27
72342,44477,19320,1,26.4,2024-06-26 21:41:00+00:00,"Suite 272 4702 Clyde Fords, Omegahaven, AK 76118",26.4,2024,6,26
72800,45591,19319,1,44.4,2025-03-17 04:35:54+00:00,"Suite 432 4910 Trantow Harbors, Bechtelarshire, UT 10996-7757",44.4,2025,3,17
66171,45273,19139,1,59.0,2024-12-29 14:59:18+00:00,"30382 Hackett Harbors, East Haywoodhaven, NC 67446-6875",59.0,2024,12,29
64040,46316,18862,1,27.0,2025-01-29 16:02:35.717000+00:00,Unknown,27.0,2025,1,29
73043,44578,19067,1,40.99,2025-03-15 00:17:22.197000+00:00,Unknown,40.99,2025,3,15
65938,47013,19058,2,17.99,2024-11-07 15:34:00+00:00,Unknown,35.98,2024,11,7
66698,44478,19161,1,45.0,2025-05-01 01:12:35+00:00,Unknown,45.0,2025,5,1
65603,45603,19379,1,70.5,2024-11-02 01:50:27+00:00,"Apt. 118 53303 Patsy Green, Legrosburgh, TN 22372",70.5,2024,11,2
67307,46737,19260,1,73.0,2025-01-09 14:11:00+00:00,"314 Welch Land, North Chelsie, ND 63976-7158",73.0,2025,1,9
65407,44778,19321,1,46.25,2025-03-23 01:46:34+00:00,Unknown,46.25,2025,3,23
63417,45598,19579,1,20.25,2024-09-11 17:56:35+00:00,Unknown,20.25,2024,9,11
64741,46981,19108,1,49.2,2025-07-19 07:06:00+00:00,Unknown,49.2,2025,7,19
72852,45418,19456,1,39.0,2024-09-12 22:46:00+00:00,Unknown,39.0,2024,9,12
68369,45891,19445,1,69.9,2024-12-10 05:17:26+00:00,Unknown,69.9,2024,12,10
72289,44870,18995,1,29.0,2024-07-02 07:51:31+00:00,Unknown,29.0,2024,7,2
72133,44857,18960,1,37.2,2025-01-29 23:11:51.127000+00:00,Unknown,37.2,2025,1,29
63800,44983,18939,2,62.4,2025-02-06 04:57:11+00:00,Unknown,124.8,2025,2,6
66238,47326,19513,1,27.0,2024-02-05 08:43:00+00:00,"Apt. 353 67048 Gennie Rapids, Juanburgh, IL 40679",27.0,2024,2,5
71317,46091,19063,1,48.99,2025-01-22 15:30:28+00:00,"33348 Brakus Track, Altenwerthville, IA 55928-4338",48.99,2025,1,22
71559,46764,19066,1,38.99,2025-02-21 11:55:16.878000+00:00,Unknown,38.99,2025,2,21
73534,44965,19284,1,52.0,2024-08-05 15:57:49+00:00,Unknown,52.0,2024,8,5
69879,45321,19366,3,26.75,2024-12-30 10:14:20+00:00,Unknown,80.25,2024,12,30
73195,46368,19020,4,24.6,2024-03-13 08:59:37+00:00,Unknown,98.4,2024,3,13
73113,45323,19241,1,43.2,2025-02-12 01:33:22+00:00,"714 Ritchie Center, New Stanfordtown, PA 27854",43.2,2025,2,12
67411,46521,19077,1,40.0,2024-11-28 12:54:19+00:00,Unknown,40.0,2024,11,28
69059,46063,19534,1,37.5,2024-11-10 21:47:00+00:00,Unknown,37.5,2024,11,10
64056,45791,19516,1,39.99,2024-09-27 00:51:03+00:00,Unknown,39.99,2024,9,27
70850,45597,19248,1,55.5,2024-10-16 02:32:45+00:00,Unknown,55.5,2024,10,16
72190,47342,19090,1,64.0,2024-10-31 14:05:12.552000+00:00,Unknown,64.0,2024,10,31
71162,45320,19449,1,57.0,2025-03-30 09:31:37+00:00,Unknown,57.0,2025,3,30
63358,47254,19450,1,30.25,2025-04-22 15:39:00+00:00,Unknown,30.25,2025,4,22
73925,44762,19473,1,27.6,2024-10-11 14:18:27+00:00,Unknown,27.6,2024,10,11
63405,46687,19406,2,67.19,2024-05-25 13:57:43+00:00,Unknown,134.38,2024,5,25
68556,46592,19161,1,44.1,2024-08-20 10:53:00+00:00,Unknown,44.1,2024,8,20
66339,46924,19321,4,55.8,2025-03-14 22:08:40.809000+00:00,Unknown,223.2,2025,3,14
63677,44815,19475,4,47.99,2024-11-03 13:33:44+00:00,"Suite 217 941 Weissnat Mountains, Cedricbury, DE 34818-9710",191.96,2024,11,3
63613,44372,19127,1,61.75,2024-08-01 04:04:23.325000+00:00,"Suite 258 611 Pfeffer Summit, North Donnie, OK 16652",61.75,2024,8,1
65499,44414,18913,4,43.25,2024-10-27 16:26:41+00:00,"Apt. 638 51645 Batz Road, Port Teresita, VA 09155",173.0,2024,10,27
63883,44556,19089,1,52.75,2025-01-27 14:45:31+00:00,Unknown,52.75,2025,1,27
66070,45706,19476,3,26.39,2024-09-24 01:47:33+00:00,Unknown,79.17,2024,9,24
65693,44750,19496,3,27.75,2025-04-05 11:09:56+00:00,Unknown,83.25,2025,4,5
72935,45388,19111,1,33.0,2025-07-11 08:59:36+00:00,"88725 Bartell Plains, Terrytown, NH 83495",33.0,2025,7,11
70276,47542,18928,1,20.75,2024-12-17 22:37:53+00:00,Unknown,20.75,2024,12,17
69453,44855,19480,2,71.0,2024-11-06 03:37:14+00:00,Unknown,142.0,2024,11,6
64949,46183,19202,1,55.25,2025-09-08 22:53:04+00:00,Unknown,55.25,2025,9,8
67696,46052,19353,1,12.0,2024-09-26 13:49:00+00:00,Unknown,12.0,2024,9,26
64972,45432,19458,4,61.75,2025-01-06 21:35:00+00:00,"Apt. 745 9389 Pouros Ville, Baileyland, OH 65232-6759",247.0,2025,1,6
66627,44370,19355,1,40.5,2024-08-26 12:18:54+00:00,Unknown,40.5,2024,8,26
70764,45749,19434,1,17.0,2025-07-19 10:44:35.819000+00:00,Unknown,17.0,2025,7,19
62849,44790,19079,1,33.9,2025-02-04 01:51:00+00:00,"Suite 855 45504 Ian Walk, North Haberg, NM 80820-3950",33.9,2025,2,4
66758,45203,19161,1,35.0,2024-07-01 04:26:19+00:00,Unknown,35.0,2024,7,1
64950,47322,18932,1,27.0,2025-04-07 16:14:10+00:00,"90189 Moen Roads, New Virgilshire, KY 54726-0027",27.0,2025,4,7
66342,44427,19566,1,18.3,2024-07-24 02:47:00+00:00,Unknown,18.3,2024,7,24
70524,45753,19044,1,60.0,2024-10-29 21:28:05+00:00,"Apt. 342 5674 Dennis Streets, Lake Twanaland, MA 38072-0179",60.0,2024,10,29
70816,46598,19513,1,26.99,2025-08-01 21:40:49+00:00,"30623 Efren Knoll, West Martyshire, MN 06196-0153",26.99,2025,8,1
72948,45165,18880,1,66.25,2025-05-23 19:08:59+00:00,Unknown,66.25,2025,5,23
71104,45735,19203,1,56.5,2024-10-16 05:30:57+00:00,Unknown,56.5,2024,10,16
69193,46368,19571,1,18.6,2024-12-26 04:21:00+00:00,Unknown,18.6,2024,12,26
67605,45961,19186,1,28.5,2025-09-17 14:31:34+00:00,Unknown,28.5,2025,9,17
65707,46494,19111,2,31.0,2025-02-28 12:50:48+00:00,Unknown,62.0,2025,2,28
72539,45271,19363,4,26.75,2025-02-09 15:25:05+00:00,Unknown,107.0,2025,2,9
71182,45338,19046,1,22.75,2025-02-27 03:28:21+00:00,Unknown,22.75,2025,2,27
70106,45918,19507,1,25.5,2025-03-16 00:59:40.283000+00:00,Unknown,25.5,2025,3,16
65190,45029,19357,1,14.4,2025-02-22 18:36:23+00:00,Unknown,14.4,2025,2,22
69043,46076,19442,2,44.0,2025-02-14 00:11:36+00:00,Unknown,88.0,2025,2,14
63934,47458,19280,1,52.8,2025-06-11 02:52:21.915000+00:00,"Apt. 980 8359 Donya Mill, East Dewitt, MD 45380-4717",52.8,2025,6,11
66850,45244,18918,1,71.25,2025-04-12 22:44:00+00:00,"Suite 630 3726 Anderson Causeway, Nitzscheberg, WI 22637",71.25,2025,4,12
63061,45568,18844,1,51.3,2024-06-14 00:32:00+00:00,"Suite 581 732 Ollie Falls, West Tracyburgh, MD 84670",51.3,2024,6,14
63258,46560,19554,1,58.5,2025-03-01 00:22:00+00:00,"Suite 539 661 Ngan Lake, Magaretshire, NH 53865-9686",58.5,2025,3,1
69631,45382,19484,1,51.5,2024-09-25 20:12:53+00:00,Unknown,51.5,2024,9,25
68539,46860,19220,3,75.9,2024-10-14 01:53:53+00:00,"Suite 727 1133 Lavona Locks, North Evelinborough, MT 02857",227.7,2024,10,14
67112,45730,19268,1,46.0,2024-08-04 13:36:00+00:00,Unknown,46.0,2024,8,4
70264,45501,18977,2,38.4,2025-03-04 09:39:59+00:00,Unknown,76.8,2025,3,4
73584,46532,19003,2,40.25,2025-01-12 14:24:29+00:00,Unknown,80.5,2025,1,12
67582,45295,19427,1,46.2,2024-06-10 14:42:41+00:00,Unknown,46.2,2024,6,10
72107,44590,19314,1,35.75,2024-11-27 00:07:07+00:00,Unknown,35.75,2024,11,27
65218,46267,19308,1,61.5,2025-04-05 11:47:00+00:00,Unknown,61.5,2025,4,5
67261,44495,19251,1,25.99,2024-06-03 01:18:00+00:00,"6698 Bruen Dale, East Raelene, NY 03151-0579",25.99,2024,6,3
65684,45418,18862,1,37.8,2024-10-13 04:17:29+00:00,"280 Del Pines, Labadieborough, WV 61147-1842",37.8,2024,10,13
69295,46687,19148,1,37.75,2025-04-28 10:57:14.519000+00:00,Unknown,37.75,2025,4,28
65420,45749,19173,4,59.75,2024-09-28 10:13:36+00:00,Unknown,239.0,2024,9,28
64213,46615,19156,1,44.4,2024-11-30 15:55:21+00:00,Unknown,44.4,2024,11,30
64691,44450,18978,2,72.6,2025-04-01 10:28:33+00:00,Unknown,145.2,2025,4,1
70476,46681,19184,1,19.25,2025-03-29 03:09:03+00:00,Unknown,19.25,2025,3,29
70763,44930,19340,1,27.5,2025-04-20 20:28:21+00:00,Unknown,27.5,2025,4,20
71490,46432,19268,1,58.2,2024-08-05 18:33:04+00:00,Unknown,58.2,2024,8,5
67835,45834,19477,1,45.99,2025-09-18 07:26:01.966000+00:00,Unknown,45.99,2025,9,18
63502,45408,19303,1,64.0,2025-02-19 22:32:00+00:00,"70290 Lemke Tunnel, Kshlerinland, LA 22191",64.0,2025,2,19
66701,44484,19236,1,68.5,2024-08-14 20:13:01+00:00,Unknown,68.5,2024,8,14
66318,46229,19421,2,24.99,2025-08-28 03:19:20+00:00,"Apt. 798 9730 Freeda Stravenue, McDermottshire, NE 73109-8477",49.98,2025,8,28
70994,46212,19490,4,52.0,2024-10-22 04:17:00+00:00,Unknown,208.0,2024,10,22
73777,46564,19266,1,49.99,2024-09-06 04:01:53+00:00,Unknown,49.99,2024,9,6
63243,44559,19530,1,19.75,2024-08-15 15:55:16+00:00,Unknown,19.75,2024,8,15
68331,44355,19489,2,35.0,2024-12-16 21:32:55+00:00,Unknown,70.0,2024,12,16
70201,45662,19031,1,23.4,2025-03-22 03:17:37+00:00,Unknown,23.4,2025,3,22
72679,46636,19583,1,54.99,2024-03-09 10:10:26+00:00,Unknown,54.99,2024,3,9
67509,44864,19265,1,51.25,2024-06-18 22:06:12+00:00,"Apt. 141 5172 Kathie Summit, New Nila, NM 48594",51.25,2024,6,18
69002,46598,19327,1,55.5,2024-12-10 07:00:18+00:00,"30623 Efren Knoll, West Martyshire, MN 06196-0153",55.5,2024,12,10
73689,46534,18906,2,43.5,2025-04-07 18:17:17+00:00,Unknown,87.0,2025,4,7
68994,47241,19274,1,72.75,2024-10-22 23:42:11+00:00,Unknown,72.75,2024,10,22
70890,45134,19286,1,28.79,2024-09-09 07:16:04.438000+00:00,Unknown,28.79,2024,9,9
73665,47199,18863,1,24.0,2024-10-14 23:12:09+00:00,Unknown,24.0,2024,10,14
66588,47182,18911,1,66.5,2024-10-17 15:31:33+00:00,"Suite 494 32269 Sanford Divide, Hesselburgh, DE 19421",66.5,2024,10,17
72901,47586,19076,4,23.7,2024-07-13 05:14:20+00:00,"Apt. 840 384 Leffler Views, Considinetown, DE 64278",94.8,2024,7,13
65366,46982,19113,1,71.0,2025-01-05 10:08:13+00:00,Unknown,71.0,2025,1,5
73333,45911,19155,1,51.5,2025-09-07 12:15:30+00:00,Unknown,51.5,2025,9,7
71410,44379,18990,1,49.5,2025-03-02 11:16:51+00:00,Unknown,49.5,2025,3,2
65478,47344,19236,4,80.4,2025-05-02 01:21:24+00:00,Unknown,321.6,2025,5,2
72457,45124,19216,4,62.0,2024-10-13 01:48:30+00:00,Unknown,248.0,2024,10,13
64373,45918,19259,1,58.75,2024-05-12 19:48:44+00:00,Unknown,58.75,2024,5,12
62966,45059,19223,1,18.75,2024-12-10 12:59:00+00:00,"Apt. 781 39014 Dietrich Prairie, Edgardoton, UT 15287-1015",18.75,2024,12,10
69203,47390,18926,1,33.25,2024-09-18 19:07:00+00:00,Unknown,33.25,2024,9,18
70942,44665,19294,1,50.0,2024-02-09 01:32:32+00:00,Unknown,50.0,2024,2,9
65032,46098,19066,1,48.9,2025-02-17 21:01:00+00:00,Unknown,48.9,2025,2,17
64167,44633,18857,1,70.99,2025-01-04 09:48:30+00:00,Unknown,70.99,2025,1,4
62831,46720,18842,3,60.75,2024-06-06 21:11:17+00:00,Unknown,182.25,2024,6,6
71926,44978,19164,2,42.6,2025-04-22 11:40:56+00:00,"Suite 217 1846 Beier Roads, Haagmouth, MS 82421",85.2,2025,4,22
66985,46425,19357,1,14.4,2024-12-27 21:29:01+00:00,Unknown,14.4,2024,12,27
68939,44814,18935,3,57.0,2024-06-25 16:56:32+00:00,Unknown,171.0,2024,6,25
73966,44923,19169,2,74.0,2024-08-19 19:23:00+00:00,"5857 Robbie Brook, Edgardoview, TN 49623-8431",148.0,2024,8,19
73210,45764,19502,5,42.0,2024-09-01 18:45:00+00:00,"7071 Johnson Manors, West Matt, NH 21400",210.0,2024,9,1
68204,45606,19024,3,59.99,2024-12-18 03:12:46+00:00,Unknown,179.97,2024,12,18
70196,44452,19047,3,42.0,2025-05-28 12:47:01+00:00,Unknown,126.0,2025,5,28
65770,44781,18962,1,71.4,2025-02-19 19:12:29+00:00,"Apt. 509 1667 Schaefer Garden, Metzbury, NY 86507",71.4,2025,2,19
67004,46497,18945,2,48.25,2025-03-15 09:54:43.796000+00:00,"Apt. 158 707 Leroy Drive, New Keenanport, WI 44546",96.5,2025,3,15
67806,44976,19071,1,14.0,2024-10-18 06:11:00+00:00,"5125 Luvenia Views, Natoshaview, OK 17568-4608",14.0,2024,10,18
64100,44384,19384,1,19.0,2024-12-01 17:37:00+00:00,Unknown,19.0,2024,12,1
69476,46054,19167,2,42.0,2024-07-22 05:28:00+00:00,"Apt. 116 48004 Sidney Prairie, South Marivel, WI 29092-0442",84.0,2024,7,22
72607,45211,19265,1,58.2,2024-07-26 21:40:00+00:00,Unknown,58.2,2024,7,26
64669,45439,19331,1,31.5,2024-08-15 07:16:00+00:00,Unknown,31.5,2024,8,15
71793,46711,19200,1,19.99,2025-03-14 14:54:47+00:00,Unknown,19.99,2025,3,14
73888,46530,18894,1,22.0,2024-10-03 21:29:28+00:00,Unknown,22.0,2024,10,3
65444,46250,19025,1,36.0,2024-12-29 21:26:25+00:00,Unknown,36.0,2024,12,29
72737,46169,18944,1,17.7,2025-01-12 06:24:42+00:00,Unknown,17.7,2025,1,12
72934,45257,19436,1,27.0,2024-09-10 01:27:53+00:00,Unknown,27.0,2024,9,10
64938,44875,19224,5,54.0,2024-12-22 22:52:00+00:00,"672 Block Point, Durganbury, PA 31363",270.0,2024,12,22
63136,47576,19565,1,85.5,2025-03-04 20:44:02+00:00,Unknown,85.5,2025,3,4
64257,45488,19033,2,36.3,2024-10-25 14:24:23+00:00,"Apt. 520 6416 Taylor Streets, West Aleshaview, IA 20520",72.6,2024,10,25
72872,46587,19091,1,25.25,2025-02-01 19:55:39+00:00,"406 Schoen Mill, Lake Kathrynborough, KS 90295",25.25,2025,2,1
70862,45341,19199,1,18.5,2025-03-23 10:53:38+00:00,"638 Auer Village, Keelingborough, KS 30335",18.5,2025,3,23
69147,46201,19083,1,48.5,2024-09-18 12:58:53+00:00,Unknown,48.5,2024,9,18
70153,46897,19305,2,66.6,2024-09-07 09:56:49+00:00,"1546 Lesch Camp, Langside, IL 52241",133.2,2024,9,7
71025,44967,19056,1,30.6,2025-02-17 23:04:48+00:00,"Apt. 379 197 Bernardo Field, West Oleta, AL 77203",30.6,2025,2,17
63897,45773,19436,1,27.75,2025-01-27 07:09:04+00:00,Unknown,27.75,2025,1,27
72472,47469,19109,1,40.75,2025-05-20 17:06:22+00:00,"136 Thiel Path, Gutmannfurt, VT 90310",40.75,2025,5,20
65986,44829,19127,2,59.75,2024-11-16 05:02:00+00:00,Unknown,119.5,2024,11,16
70484,44759,19529,1,18.5,2025-04-13 02:17:25.112000+00:00,Unknown,18.5,2025,4,13
65394,46675,19147,2,23.0,2025-07-30 09:45:00+00:00,Unknown,46.0,2025,7,30
73656,46264,19417,1,23.75,2025-05-23 00:26:50+00:00,"34199 Kim Plains, New Kennethberg, AK 24862",23.75,2025,5,23
68472,44778,19359,1,46.25,2025-08-06 14:45:00+00:00,Unknown,46.25,2025,8,6
65083,44459,18969,1,46.0,2025-03-06 11:53:00+00:00,Unknown,46.0,2025,3,6
67186,46416,19426,3,52.2,2025-06-30 01:30:59+00:00,Unknown,156.6,2025,6,30
65008,46949,19132,1,78.3,2024-11-18 06:25:00+00:00,Unknown,78.3,2024,11,18
67197,44642,19158,1,65.0,2025-06-17 17:02:00+00:00,Unknown,65.0,2025,6,17
73759,45073,19485,2,75.9,2025-02-10 16:31:59+00:00,"56031 Tammera Cove, New Dorothy, NJ 64415-4695",151.8,2025,2,10
64726,46905,19339,1,54.6,2024-07-23 14:05:54+00:00,Unknown,54.6,2024,7,23
66427,45525,19192,1,75.0,2025-05-10 03:31:45+00:00,Unknown,75.0,2025,5,10
63055,44373,19228,1,79.8,2024-11-28 11:11:02+00:00,Unknown,79.8,2024,11,28
63366,46635,18972,1,27.0,2025-07-20 02:08:26+00:00,Unknown,27.0,2025,7,20
65978,45504,19239,5,71.75,2024-07-31 06:46:00+00:00,Unknown,358.75,2024,7,31
64430,45282,19562,1,51.0,2024-09-12 17:38:44+00:00,Unknown,51.0,2024,9,12
70901,45513,19161,1,43.2,2024-09-01 07:53:56+00:00,Unknown,43.2,2024,9,1
67547,47090,19139,2,56.0,2024-09-09 10:55:55+00:00,Unknown,112.0,2024,9,9
70052,44809,19029,1,78.0,2025-03-28 07:37:28.565000+00:00,Unknown,78.0,2025,3,28
63073,47081,19300,3,74.0,2024-07-25 20:15:53+00:00,"4212 Skiles Plains, West Jimmie, WY 74639-4832",222.0,2024,7,25
64438,46492,19459,2,49.19,2024-04-22 04:34:00+00:00,Unknown,98.38,2024,4,22
73367,46873,19335,1,17.5,2024-12-07 10:42:40+00:00,Unknown,17.5,2024,12,7
68768,47263,18918,1,84.0,2025-03-25 14:55:00+00:00,"303 Dooley Loaf, West Jodymouth, WY 46761-3550",84.0,2025,3,25
63611,46163,19135,3,52.99,2024-10-18 12:11:22+00:00,Unknown,158.97,2024,10,18
70779,46383,19193,5,18.5,2025-01-01 01:55:28+00:00,Unknown,92.5,2025,1,1
67291,45235,19161,4,35.5,2025-01-09 12:56:08+00:00,Unknown,142.0,2025,1,9
71871,45961,19015,1,62.0,2024-09-17 19:27:00+00:00,Unknown,62.0,2024,9,17
63801,45152,19053,1,64.2,2025-03-19 04:16:58+00:00,Unknown,64.2,2025,3,19
66044,46152,19155,1,55.5,2024-08-29 21:01:16+00:00,Unknown,55.5,2024,8,29
73424,45988,19023,1,48.6,2024-11-05 08:42:13+00:00,Unknown,48.6,2024,11,5
68957,47107,18971,1,54.0,2024-12-27 21:54:00+00:00,Unknown,54.0,2024,12,27
66774,47562,19439,1,70.0,2024-10-26 17:05:10+00:00,Unknown,70.0,2024,10,26
72927,45040,19566,2,24.0,2024-10-20 23:46:00+00:00,"Apt. 928 289 Oleta Course, Jannietown, AR 98094-3397",48.0,2024,10,20
64358,47416,18988,1,61.99,2025-02-18 04:24:00+00:00,"Suite 685 6652 Lashaun Rapid, Johnsport, AR 32388",61.99,2025,2,18
73070,45804,19215,2,21.9,2025-04-17 23:12:00+00:00,Unknown,43.8,2025,4,17
72584,47369,18920,3,49.8,2024-12-06 16:16:26+00:00,Unknown,149.4,2024,12,6
64709,45052,19063,1,48.0,2024-09-19 03:43:00+00:00,Unknown,48.0,2024,9,19
71222,45464,19539,1,63.5,2025-01-30 18:41:04+00:00,Unknown,63.5,2025,1,30
68900,44692,19404,1,27.0,2024-08-22 22:11:00+00:00,Unknown,27.0,2024,8,22
70624,44821,19497,1,55.5,2025-04-06 11:35:00+00:00,"5932 Lindgren Mission, Sashaport, MS 00317",55.5,2025,4,6
65994,45815,18955,2,67.5,2024-06-27 23:19:34+00:00,"Suite 216 10974 VonRueden Underpass, South Lisha, LA 47425-9687",135.0,2024,6,27
71905,45106,19016,1,56.4,2025-02-13 08:31:48+00:00,Unknown,56.4,2025,2,13
73176,44720,19304,2,27.0,2025-07-01 21:40:40+00:00,Unknown,54.0,2025,7,1
70339,46518,19336,5,50.25,2025-02-22 14:58:46+00:00,Unknown,251.25,2025,2,22
67007,46836,19528,1,37.5,2025-03-18 15:35:43+00:00,"Suite 186 9845 Richie Stream, Kyleberg, IL 02927",37.5,2025,3,18
71808,44778,19048,1,30.25,2025-01-19 07:12:10+00:00,Unknown,30.25,2025,1,19
64177,46970,19584,1,48.0,2024-10-31 22:18:03+00:00,"7984 Daren Vista, Sengermouth, MS 21265-5029",48.0,2024,10,31
62823,47206,18854,2,45.0,2024-12-15 00:12:10.384000+00:00,Unknown,90.0,2024,12,15
67607,45595,19059,1,56.75,2025-02-23 18:17:00+00:00,Unknown,56.75,2025,2,23
70641,46705,19562,2,48.75,2024-09-14 03:20:28+00:00,Unknown,97.5,2024,9,14
73274,45704,19282,1,74.75,2024-09-10 15:29:33+00:00,Unknown,74.75,2024,9,10
64577,46146,19437,1,35.5,2025-02-03 07:12:44+00:00,"Suite 705 6546 Zboncak Light, Lake Missy, WA 38865",35.5,2025,2,3
66137,45122,19258,1,72.75,2024-03-04 07:34:11.786000+00:00,Unknown,72.75,2024,3,4
62771,45480,19552,1,38.0,2024-10-11 12:37:30.349000+00:00,Unknown,38.0,2024,10,11
63707,44962,18898,1,82.8,2024-07-05 23:39:00+00:00,Unknown,82.8,2024,7,5
65728,45438,19290,1,29.4,2024-10-30 23:43:11.684000+00:00,Unknown,29.4,2024,10,30
63359,46186,19032,1,71.25,2024-11-15 10:15:51+00:00,"Apt. 683 231 Muller Via, Streichton, PA 26816-4569",71.25,2024,11,15
64409,45690,18860,1,45.0,2024-12-09 02:44:00+00:00,Unknown,45.0,2024,12,9
64525,45167,19371,2,80.4,2024-08-17 03:21:00+00:00,Unknown,160.8,2024,8,17
66972,45371,19296,1,32.4,2025-05-11 04:02:47+00:00,Unknown,32.4,2025,5,11
63913,44740,19215,1,16.5,2025-03-07 18:04:45+00:00,Unknown,16.5,2025,3,7
68759,44886,19326,1,34.2,2025-01-25 05:37:32+00:00,"Suite 802 1276 Conn Oval, Uptonmouth, PA 42561",34.2,2025,1,25
68706,45761,19142,4,38.75,2025-07-27 13:12:00+00:00,Unknown,155.0,2025,7,27
71492,44980,19175,2,40.5,2025-01-02 10:33:24+00:00,Unknown,81.0,2025,1,2
65015,46202,19345,5,61.5,2025-01-27 11:21:00+00:00,Unknown,307.5,2025,1,27
69264,47279,18967,3,70.5,2024-10-28 04:55:00+00:00,Unknown,211.5,2024,10,28
64519,46642,19364,1,64.0,2024-10-09 05:32:37+00:00,"Apt. 965 24030 Schiller Trace, Lake Sammytown, IN 95286-4700",64.0,2024,10,9
71752,45127,19502,1,37.5,2024-06-18 17:28:36+00:00,Unknown,37.5,2024,6,18
68708,44844,18972,2,36.9,2024-09-23 00:24:07+00:00,Unknown,73.8,2024,9,23
63438,46339,18905,1,58.99,2024-09-14 13:54:13+00:00,Unknown,58.99,2024,9,14
70370,45966,19374,2,20.75,2024-08-08 14:18:30+00:00,Unknown,41.5,2024,8,8
65740,45743,19108,1,46.5,2024-11-19 01:07:00+00:00,Unknown,46.5,2024,11,19
70533,46695,18973,1,63.0,2024-10-26 11:21:03+00:00,Unknown,63.0,2024,10,26
70625,47235,19522,2,70.5,2024-04-03 14:32:03+00:00,"Apt. 814 4126 Kamala Light, West Emelina, ID 21354-0999",141.0,2024,4,3
71767,44811,19115,1,52.75,2024-12-31 01:40:24+00:00,Unknown,52.75,2024,12,31
67525,47308,18909,2,24.25,2025-05-08 15:29:16+00:00,Unknown,48.5,2025,5,8
67572,46106,18986,1,61.5,2025-01-28 19:14:50+00:00,Unknown,61.5,2025,1,28
64279,46466,19557,1,52.25,2024-10-16 12:19:30+00:00,"616 Porter Junction, Lake Corabury, GA 07985-1386",52.25,2024,10,16
64809,45451,18973,1,51.75,2024-10-27 16:34:44+00:00,"834 Ima Mall, Vandervortmouth, PA 10475-2421",51.75,2024,10,27
64446,45609,19574,2,63.9,2024-12-16 17:17:15+00:00,"Suite 765 3445 Wilkinson Pine, South Linnchester, KY 75210-8753",127.8,2024,12,16
73364,46621,19263,1,30.0,2024-10-17 04:29:08+00:00,"10260 Borer Ville, West Noel, NY 92380",30.0,2024,10,17
65929,45709,19371,1,66.0,2024-06-04 03:39:17.798000+00:00,Unknown,66.0,2024,6,4
65585,44627,19463,2,59.5,2024-05-19 05:59:06+00:00,Unknown,119.0,2024,5,19
63712,45845,18914,1,46.0,2025-03-09 16:46:00+00:00,Unknown,46.0,2025,3,9
72721,44581,19030,1,29.99,2025-02-24 19:12:00+00:00,"Apt. 654 1578 Osinski Ranch, East Hayden, WY 30828",29.99,2025,2,24
68777,47502,19395,5,41.75,2024-11-16 14:00:30+00:00,Unknown,208.75,2024,11,16
68640,45230,19044,4,61.75,2025-05-24 06:17:26+00:00,Unknown,247.0,2025,5,24
69113,45051,19579,1,30.0,2025-04-11 19:03:52+00:00,Unknown,30.0,2025,4,11
73896,46784,19372,3,62.5,2025-03-01 12:38:00+00:00,Unknown,187.5,2025,3,1
67618,47191,19470,1,58.5,2025-01-22 14:07:26+00:00,Unknown,58.5,2025,1,22
66837,45471,18957,3,70.8,2025-01-31 15:13:24+00:00,Unknown,212.4,2025,1,31
64609,47422,19512,1,46.75,2025-02-08 11:31:00+00:00,Unknown,46.75,2025,2,8
71045,45770,19315,1,75.6,2025-06-01 19:33:04+00:00,Unknown,75.6,2025,6,1
63792,47489,18971,1,58.0,2024-04-01 14:31:40+00:00,Unknown,58.0,2024,4,1
70686,47551,18879,1,68.0,2024-12-25 11:41:00+00:00,Unknown,68.0,2024,12,25
66096,47357,19121,2,87.6,2024-04-09 15:52:52+00:00,"76386 Lakisha Parkways, Bennettfurt, CT 56488",175.2,2024,4,9
63872,46649,19088,1,37.75,2024-06-14 04:48:36.990000+00:00,Unknown,37.75,2024,6,14
68890,44801,19056,1,24.6,2024-11-11 21:28:17+00:00,Unknown,24.6,2024,11,11
73404,47374,18965,1,74.1,2024-12-31 19:01:00+00:00,"Suite 246 267 Olen Avenue, Bernierfurt, ID 59677",74.1,2024,12,31
71106,46046,19501,1,25.8,2024-05-06 22:20:33+00:00,"57704 Odette Oval, Littlemouth, IL 42877",25.8,2024,5,6
65139,45739,19178,1,41.7,2025-02-06 06:38:00+00:00,"Apt. 347 66998 Romaguera Rapid, East Rochelfort, WV 32028-7290",41.7,2025,2,6
63799,46874,19503,2,24.6,2024-11-28 19:14:58+00:00,Unknown,49.2,2024,11,28
67170,45358,18908,1,45.5,2025-01-28 23:08:28+00:00,"27213 Mohr Wall, West Myrafurt, OK 21759-3074",45.5,2025,1,28
71669,44812,19151,1,39.0,2025-01-12 01:49:00+00:00,Unknown,39.0,2025,1,12
71901,47129,19432,1,26.5,2024-11-13 05:34:00+00:00,Unknown,26.5,2024,11,13
70846,45003,19230,1,59.0,2024-10-26 21:19:04+00:00,Unknown,59.0,2024,10,26
73722,45867,19430,1,57.99,2025-02-27 13:08:06+00:00,Unknown,57.99,2025,2,27
64115,44541,19161,1,34.0,2024-12-20 05:52:15.648000+00:00,Unknown,34.0,2024,12,20
71500,45324,19429,1,66.0,2024-08-23 08:18:45+00:00,"332 Lueilwitz Locks, Carmenfurt, MD 21496-5614",66.0,2024,8,23
65107,44657,19247,2,74.39,2024-11-12 09:23:26+00:00,Unknown,148.78,2024,11,12
63193,46616,19562,1,53.99,2025-02-26 05:15:30+00:00,Unknown,53.99,2025,2,26
71236,44350,19494,1,29.99,2024-10-03 18:03:12+00:00,Unknown,29.99,2024,10,3
63675,44792,19518,1,26.0,2025-01-23 09:07:00+00:00,Unknown,26.0,2025,1,23
64376,46435,19336,4,59.1,2024-06-22 05:11:00+00:00,"Apt. 830 7354 Cedrick Road, East Todton, NC 42044-7408",236.4,2024,6,22
66447,47055,19227,1,54.0,2024-05-20 17:51:35+00:00,Unknown,54.0,2024,5,20
71982,44834,19099,1,53.5,2025-07-29 16:50:14+00:00,"Apt. 987 84576 Elizabet Cliff, Cristfurt, ME 94573",53.5,2025,7,29
64379,44800,19026,1,24.6,2024-12-28 10:10:10+00:00,Unknown,24.6,2024,12,28
69592,45479,19373,1,63.9,2025-02-13 03:58:00+00:00,Unknown,63.9,2025,2,13
71459,46098,18931,2,35.5,2025-06-01 14:22:03+00:00,Unknown,71.0,2025,6,1
66651,44580,19203,1,58.5,2024-07-12 01:06:28+00:00,Unknown,58.5,2024,7,12
67270,44396,18848,1,20.99,2025-02-08 06:35:59+00:00,Unknown,20.99,2025,2,8
68407,46975,19306,1,41.4,2025-01-03 22:45:10+00:00,Unknown,41.4,2025,1,3
72418,45289,19108,2,41.0,2024-11-09 04:44:12+00:00,Unknown,82.0,2024,11,9
64715,44432,19185,1,58.0,2024-12-01 11:06:42.500000+00:00,Unknown,58.0,2024,12,1
71417,44404,19333,1,28.0,2025-01-12 07:17:00+00:00,Unknown,28.0,2025,1,12
68002,47109,19085,1,60.5,2025-02-02 23:12:00+00:00,Unknown,60.5,2025,2,2
70444,44716,19322,3,67.0,2024-09-07 00:12:04.959000+00:00,Unknown,201.0,2024,9,7
72609,47421,19394,1,21.0,2024-10-03 16:35:12+00:00,"Suite 338 72784 Pouros Tunnel, Michelland, MT 33115-4181",21.0,2024,10,3
64319,47258,19206,2,30.6,2024-12-03 13:01:00+00:00,"1295 Schroeder Freeway, East Vincenttown, ID 93024",61.2,2024,12,3
68117,47541,19187,1,75.6,2025-07-13 08:25:25+00:00,Unknown,75.6,2025,7,13
69813,44484,19387,5,72.3,2024-10-10 19:14:21+00:00,Unknown,361.5,2024,10,10
63362,46782,19406,1,57.0,2025-07-26 10:49:00+00:00,Unknown,57.0,2025,7,26
67631,44848,18978,1,59.99,2024-07-06 02:56:17+00:00,Unknown,59.99,2024,7,6
70935,47292,19092,1,54.0,2025-04-13 12:27:41+00:00,Unknown,54.0,2025,4,13
63544,45091,19008,1,49.75,2025-03-07 13:19:00+00:00,Unknown,49.75,2025,3,7
72774,45323,19074,1,69.0,2024-12-22 08:16:53+00:00,Unknown,69.0,2024,12,22
63047,44350,18866,1,21.5,2025-06-06 10:13:14+00:00,Unknown,21.5,2025,6,6
63300,46843,19284,2,52.99,2024-10-24 06:44:00+00:00,Unknown,105.98,2024,10,24
65845,45771,19267,1,20.5,2025-05-09 13:38:00+00:00,Unknown,20.5,2025,5,9
65876,45544,19032,1,71.25,2025-02-27 12:20:50+00:00,Unknown,71.25,2025,2,27
64128,46105,19462,5,60.25,2025-08-10 18:12:15+00:00,Unknown,301.25,2025,8,10
72210,46160,19140,1,65.25,2025-05-05 08:17:27+00:00,Unknown,65.25,2025,5,5
73304,47165,19084,1,62.4,2024-09-14 07:48:22+00:00,"Suite 648 473 Rolfson Mountains, VonRuedenton, MO 08425",62.4,2024,9,14
63676,45989,19192,4,71.7,2024-09-23 17:29:45+00:00,Unknown,286.8,2024,9,23
72118,45188,18968,1,70.99,2025-05-16 05:15:52.878000+00:00,"1128 Hettinger Ports, West Arlen, VT 99269",70.99,2025,5,16
64815,45438,19116,1,19.19,2024-08-16 22:28:34+00:00,Unknown,19.19,2024,8,16
66039,45717,19351,1,24.99,2024-11-19 04:57:12+00:00,Unknown,24.99,2024,11,19
72726,45080,18999,1,65.1,2024-06-28 05:47:13+00:00,Unknown,65.1,2024,6,28
70365,47542,19300,2,73.0,2024-10-04 08:21:00+00:00,Unknown,146.0,2024,10,4
63891,47538,19024,1,58.99,2025-02-06 08:07:56+00:00,Unknown,58.99,2025,2,6
64436,45957,19570,1,45.99,2024-09-29 01:55:35+00:00,Unknown,45.99,2024,9,29
63338,46595,19090,2,63.75,2024-08-27 02:11:31+00:00,Unknown,127.5,2024,8,27
64758,45110,19374,1,18.0,2024-10-28 06:40:03+00:00,Unknown,18.0,2024,10,28
69854,44829,19322,1,84.0,2024-12-31 19:08:00+00:00,Unknown,84.0,2024,12,31
64219,45136,19053,2,67.8,2024-11-25 13:16:00+00:00,Unknown,135.6,2024,11,25
73678,44755,19481,1,66.0,2024-08-26 04:50:43+00:00,Unknown,66.0,2024,8,26
70618,44603,19104,5,58.0,2024-09-10 22:19:43+00:00,Unknown,290.0,2024,9,10
71323,45871,19422,1,37.2,2025-01-30 05:55:39+00:00,Unknown,37.2,2025,1,30
70772,44514,19223,1,27.3,2024-12-23 18:55:25+00:00,Unknown,27.3,2024,12,23
62923,46490,19579,1,21.0,2024-11-23 00:20:00+00:00,Unknown,21.0,2024,11,23
68342,46482,19013,1,54.9,2025-09-21 17:54:51.795000+00:00,"Apt. 924 640 Neida Plaza, Nanton, NE 09974",54.9,2025,9,21
69945,46370,19125,2,15.25,2024-08-25 06:48:35+00:00,Unknown,30.5,2024,8,25
62847,45700,19504,1,63.99,2024-10-27 02:42:28+00:00,Unknown,63.99,2024,10,27
70685,47094,19324,1,75.59,2024-06-05 06:20:47+00:00,Unknown,75.59,2024,6,5
67752,45598,19345,2,72.6,2025-02-04 14:59:00+00:00,Unknown,145.2,2025,2,4
65674,47084,19509,2,69.3,2025-02-22 12:57:00+00:00,Unknown,138.6,2025,2,22
65756,45713,19066,5,45.0,2024-09-11 11:20:00+00:00,Unknown,225.0,2024,9,11
69239,47066,19064,1,76.8,2025-04-08 17:06:40+00:00,Unknown,76.8,2025,4,8
70589,47530,19048,1,33.5,2025-07-01 04:53:53+00:00,Unknown,33.5,2025,7,1
65702,47484,19151,1,51.9,2025-01-23 00:54:38+00:00,"Suite 635 41755 Kerri Mission, Port Juan, IA 72365",51.9,2025,1,23
72856,44947,18844,2,49.8,2024-04-16 22:55:09+00:00,Unknown,99.6,2024,4,16
65531,46264,18933,1,41.5,2024-11-10 05:51:02+00:00,Unknown,41.5,2024,11,10
64948,46766,19318,3,25.0,2024-10-28 23:55:52+00:00,Unknown,75.0,2024,10,28
69360,44631,18878,1,43.8,2025-01-01 05:01:21+00:00,"72756 Toi Junctions, North Blairton, MN 14006",43.8,2025,1,1
68400,47085,18977,1,38.4,2025-03-25 22:38:44+00:00,Unknown,38.4,2025,3,25
69133,45452,19100,1,17.5,2025-02-03 07:11:53.467000+00:00,"Suite 646 359 Brown Knoll, South Tessa, UT 44795-2900",17.5,2025,2,3
63353,44378,18866,1,22.5,2025-03-31 03:05:27+00:00,Unknown,22.5,2025,3,31
63601,47278,18956,1,56.0,2024-06-12 01:33:35+00:00,"53746 Corkery Mountains, Port Johnathonton, MN 51221-6332",56.0,2024,6,12
66970,46507,19057,1,67.99,2025-02-02 06:39:02+00:00,Unknown,67.99,2025,2,2
68779,47234,18933,1,37.99,2024-12-03 07:32:03+00:00,Unknown,37.99,2024,12,3
73701,46822,19557,2,56.0,2025-01-09 09:39:00+00:00,Unknown,112.0,2025,1,9
69491,46543,19217,4,31.0,2025-04-11 01:09:12.404000+00:00,Unknown,124.0,2025,4,11
70439,47400,18914,1,54.0,2024-06-19 14:24:52+00:00,"3563 Kindra Light, Gleichnerside, KY 19277",54.0,2024,6,19
71758,44735,19331,1,27.75,2025-05-07 06:51:46+00:00,Unknown,27.75,2025,5,7
62889,46271,19465,1,57.59,2024-12-23 11:31:42+00:00,Unknown,57.59,2024,12,23
70033,45486,19016,1,57.59,2025-03-25 10:39:52+00:00,Unknown,57.59,2025,3,25
64635,46832,18883,1,19.5,2025-02-09 01:07:21+00:00,Unknown,19.5,2025,2,9
71662,46669,19246,1,25.2,2024-05-14 20:49:00+00:00,Unknown,25.2,2024,5,14
70282,45473,19224,1,70.5,2024-02-21 03:13:15.151000+00:00,Unknown,70.5,2024,2,21
65125,45658,19101,1,73.5,2024-07-03 06:05:00+00:00,Unknown,73.5,2024,7,3
71271,47411,19014,1,22.0,2024-09-02 11:31:52.918000+00:00,Unknown,22.0,2024,9,2
69364,45273,19235,2,62.0,2024-10-24 10:09:09+00:00,Unknown,124.0,2024,10,24
73244,46955,19024,1,66.6,2025-06-12 21:20:49+00:00,Unknown,66.6,2025,6,12
68159,46312,19374,1,18.5,2024-08-09 01:57:28+00:00,Unknown,18.5,2024,8,9
68659,46556,18928,2,21.0,2025-01-23 05:17:00+00:00,Unknown,42.0,2025,1,23
69663,46686,19148,1,39.75,2025-02-02 02:00:28+00:00,Unknown,39.75,2025,2,2
68473,46566,19443,1,33.6,2024-10-23 07:28:00+00:00,"Apt. 743 1687 Fadel Streets, Lefflerhaven, WY 80202",33.6,2024,10,23
70776,47106,19482,2,23.75,2024-12-25 13:16:01+00:00,Unknown,47.5,2024,12,25
66870,47592,19566,1,20.99,2024-12-04 15:22:00+00:00,Unknown,20.99,2024,12,4
71532,45180,19265,4,62.7,2025-01-02 14:34:00+00:00,Unknown,250.8,2025,1,2
70851,44463,19507,2,24.0,2025-03-27 18:24:00+00:00,"Suite 447 864 Rosenbaum Islands, North Wanetta, VT 07261",48.0,2025,3,27
63470,46965,19236,4,65.25,2025-02-19 01:12:49+00:00,Unknown,261.0,2025,2,19
73939,47132,19023,1,40.0,2025-02-15 03:50:50+00:00,Unknown,40.0,2025,2,15
69604,46675,19337,1,64.25,2025-03-01 18:19:47+00:00,Unknown,64.25,2025,3,1
65595,44799,19498,4,50.5,2025-05-13 15:03:03+00:00,"6094 Heidenreich Neck, South Helga, KS 67133-8306",202.0,2025,5,13
68493,46361,19294,5,50.0,2024-09-27 04:18:00+00:00,Unknown,250.0,2024,9,27
72933,47554,19093,1,28.0,2024-11-24 23:00:54+00:00,Unknown,28.0,2024,11,24
67419,45661,19512,1,47.75,2024-10-23 18:35:42+00:00,Unknown,47.75,2024,10,23
63356,46147,19456,1,33.5,2024-08-23 13:03:20+00:00,Unknown,33.5,2024,8,23
66187,45499,19229,1,22.2,2025-02-07 12:51:17+00:00,"88142 Aleta Fall, Purdyview, OH 70325-3454",22.2,2025,2,7
69090,44413,18907,5,37.75,2024-08-15 10:45:56+00:00,"888 Wehner Spurs, Granthaven, CA 49249-2920",188.75,2024,8,15
71370,46056,19317,1,19.5,2025-04-28 11:36:26+00:00,Unknown,19.5,2025,4,28
70004,47160,19326,1,27.99,2025-04-09 17:40:25+00:00,Unknown,27.99,2025,4,9
72387,45019,18843,3,19.0,2025-03-07 11:57:00+00:00,Unknown,57.0,2025,3,7
66842,45005,19529,1,18.0,2025-03-30 20:48:48+00:00,Unknown,18.0,2025,3,30
71674,45544,19444,4,40.75,2024-11-23 06:36:00+00:00,"Suite 101 470 Veta Lane, New Cristopher, OH 46624",163.0,2024,11,23
68628,47498,18867,1,63.6,2024-06-11 07:36:00+00:00,"Suite 885 6407 Haley Mills, South Johnathontown, NJ 53886",63.6,2024,6,11
71591,45100,19486,1,52.8,2025-07-26 10:38:52+00:00,"Apt. 105 9358 Rita Alley, Lake Scott, AR 22967-0343",52.8,2025,7,26
72397,46723,19088,2,42.0,2025-07-07 05:25:07+00:00,Unknown,84.0,2025,7,7
69287,47609,18945,3,48.0,2025-09-11 20:17:00+00:00,Unknown,144.0,2025,9,11
73416,45316,19025,1,35.75,2024-10-27 09:54:09.494000+00:00,Unknown,35.75,2024,10,27
65172,45952,19181,1,62.5,2024-12-03 23:25:41+00:00,Unknown,62.5,2024,12,3
63560,47235,19243,3,40.0,2025-04-30 12:44:16+00:00,Unknown,120.0,2025,4,30
68341,46809,19107,1,86.7,2025-01-06 23:40:00+00:00,Unknown,86.7,2025,1,6
73251,46917,19158,1,66.5,2025-06-04 13:14:00+00:00,"Apt. 650 80290 Margarette Motorway, New Maryettafurt, ME 83503-7783",66.5,2025,6,4
63604,44743,19159,2,18.0,2025-04-17 04:08:40+00:00,Unknown,36.0,2025,4,17
67688,44804,18934,2,17.0,2025-05-30 21:34:01.025000+00:00,"Apt. 551 3968 Wilkinson Mill, Port Leontineborough, AZ 61207",34.0,2025,5,30
73109,45451,19112,1,17.0,2025-01-18 12:07:36+00:00,Unknown,17.0,2025,1,18
71868,47332,18879,3,81.0,2024-10-07 12:02:02+00:00,Unknown,243.0,2024,10,7
67406,46136,19126,1,33.0,2024-09-19 15:52:59+00:00,Unknown,33.0,2024,9,19
72776,46417,18858,1,21.59,2025-08-05 00:13:17+00:00,Unknown,21.59,2025,8,5
72742,46277,19231,1,14.99,2025-03-27 05:37:27.944000+00:00,Unknown,14.99,2025,3,27
69776,45112,19380,2,67.5,2025-02-08 04:16:15+00:00,Unknown,135.0,2025,2,8
66042,46973,19237,1,66.75,2024-07-31 04:25:45+00:00,"4029 Kuhic Villages, Dylanton, NY 07478",66.75,2024,7,31
69730,46139,19104,4,69.6,2024-10-08 22:50:00+00:00,Unknown,278.4,2024,10,8
73901,44773,18903,1,22.8,2024-07-13 19:58:37+00:00,Unknown,22.8,2024,7,13
66641,46962,19558,1,40.5,2025-05-04 18:05:48+00:00,Unknown,40.5,2025,5,4
65825,44898,19218,1,82.2,2025-06-27 09:46:08+00:00,Unknown,82.2,2025,6,27
66797,44434,19451,1,69.0,2024-11-05 08:30:10+00:00,Unknown,69.0,2024,11,5
73546,44776,18984,1,23.7,2024-09-30 05:13:00+00:00,Unknown,23.7,2024,9,30
65479,46234,18891,2,24.6,2024-11-21 14:10:49+00:00,Unknown,49.2,2024,11,21
67058,46349,19083,1,51.75,2024-12-15 07:18:43+00:00,Unknown,51.75,2024,12,15
64837,46351,18991,2,53.0,2024-10-26 22:37:25+00:00,Unknown,106.0,2024,10,26
66004,45920,19425,1,54.3,2024-12-02 02:12:20+00:00,Unknown,54.3,2024,12,2
68078,47417,19109,1,39.0,2024-09-06 00:11:30+00:00,"65475 Schultz Estates, Harbermouth, ID 28679-7162",39.0,2024,9,6
66929,45166,19328,1,30.0,2024-09-24 14:11:00+00:00,Unknown,30.0,2024,9,24
68738,45794,18966,3,69.6,2024-11-03 12:01:48+00:00,Unknown,208.8,2024,11,3
68008,44472,19487,1,85.8,2025-02-14 18:23:38.068000+00:00,Unknown,85.8,2025,2,14
73551,45539,19568,1,57.6,2025-01-03 10:03:00+00:00,Unknown,57.6,2025,1,3
66822,46845,18888,1,56.7,2025-02-23 17:06:49+00:00,Unknown,56.7,2025,2,23
71239,46546,19511,1,39.5,2024-07-21 15:34:18+00:00,"83359 Doretha Motorway, Runolfsdottirbury, ND 70812",39.5,2024,7,21
67760,44470,18959,2,61.8,2024-06-08 05:28:00+00:00,"Suite 258 7720 Joana Lake, New Kevenhaven, MS 62824-0095",123.6,2024,6,8
70773,45466,18931,1,35.99,2025-08-08 04:03:40+00:00,Unknown,35.99,2025,8,8
69021,47561,18929,1,49.5,2024-10-05 14:46:44+00:00,"8798 Melvin Square, Rodriguezchester, UT 31249",49.5,2024,10,5
66873,44617,19010,3,63.0,2025-06-17 02:09:39+00:00,Unknown,189.0,2025,6,17
64025,46170,18879,1,84.6,2024-07-07 17:52:00+00:00,Unknown,84.6,2024,7,7
65931,45244,19543,2,38.0,2024-12-02 21:53:14+00:00,Unknown,76.0,2024,12,2
67385,45814,19089,1,51.0,2025-05-23 12:08:13+00:00,"1039 Caroll Mountain, Pacochaborough, OR 59716",51.0,2025,5,23
63431,44574,18855,1,28.25,2024-09-19 09:24:00+00:00,Unknown,28.25,2024,9,19
69303,46893,19159,3,21.0,2024-12-31 01:16:12+00:00,Unknown,63.0,2024,12,31
70577,45299,19004,1,67.0,2024-06-07 21:40:36+00:00,Unknown,67.0,2024,6,7
64613,45305,19529,1,18.6,2025-06-07 17:51:00+00:00,Unknown,18.6,2025,6,7
65253,46870,18856,3,48.0,2024-04-20 05:48:56+00:00,"Apt. 860 462 Mann Station, New Eulah, WV 06469-1344",144.0,2024,4,20
67665,46342,18863,1,28.0,2024-04-21 02:12:55+00:00,Unknown,28.0,2024,4,21
68925,46255,19058,1,17.5,2024-11-01 05:55:00+00:00,"4114 Elbert Crossroad, Keeblermouth, MS 77686-8081",17.5,2024,11,1
70079,45105,19476,1,21.5,2024-10-28 03:10:40+00:00,Unknown,21.5,2024,10,28
63241,47521,19156,2,49.5,2025-04-25 06:27:00+00:00,Unknown,99.0,2025,4,25
64644,44555,19050,1,78.3,2025-07-02 09:20:40+00:00,Unknown,78.3,2025,7,2
73492,46702,19518,1,26.25,2025-03-15 06:12:24+00:00,Unknown,26.25,2025,3,15
69186,46453,18860,1,45.75,2025-10-08 09:05:25+00:00,"5727 Turner Pike, North Lindy, AL 97492-3542",45.75,2025,10,8
68423,46849,19313,1,25.0,2024-04-07 21:30:30+00:00,Unknown,25.0,2024,4,7
68781,44648,18923,2,29.25,2025-04-29 19:41:36+00:00,Unknown,58.5,2025,4,29
63775,45563,19560,1,35.1,2025-03-28 21:04:00+00:00,Unknown,35.1,2025,3,28
69174,46941,19185,1,56.0,2024-11-20 03:47:00+00:00,Unknown,56.0,2024,11,20
73456,46406,19041,1,14.4,2024-06-19 22:51:19+00:00,Unknown,14.4,2024,6,19
69607,45288,19037,1,36.9,2024-06-02 06:51:08+00:00,Unknown,36.9,2024,6,2
68243,47311,19048,1,38.4,2025-08-12 03:31:33+00:00,Unknown,38.4,2025,8,12
67209,44864,18920,1,39.99,2025-03-21 09:01:55+00:00,Unknown,39.99,2025,3,21
68580,47186,19104,2,56.5,2024-09-11 15:13:52+00:00,"73453 Hansen Station, New Nathanielberg, WI 40662-2921",113.0,2024,9,11
70061,47409,19255,1,48.0,2024-08-21 15:17:00+00:00,"38329 Moen Trail, Murphyside, NE 53763-1610",48.0,2024,8,21
68679,47308,19145,1,86.4,2025-03-01 10:42:43+00:00,"Apt. 692 47705 Cyrus Pass, Shawnport, HI 05870-5708",86.4,2025,3,1
72925,45931,19219,1,28.0,2024-11-22 00:31:39+00:00,Unknown,28.0,2024,11,22
72847,47323,19056,1,20.75,2025-04-06 17:13:13+00:00,Unknown,20.75,2025,4,6
63076,44984,19154,1,75.0,2024-06-08 06:45:23+00:00,Unknown,75.0,2024,6,8
62948,44430,19264,1,63.0,2024-05-22 05:13:07+00:00,"Suite 121 5891 Norah Greens, North Tara, MD 96234-6888",63.0,2024,5,22
67075,46022,18920,2,38.99,2025-07-07 15:56:51+00:00,Unknown,77.98,2025,7,7
66061,46255,18948,2,20.0,2025-01-27 04:38:22+00:00,Unknown,40.0,2025,1,27
65096,45970,18898,2,72.5,2024-11-01 22:19:58+00:00,Unknown,145.0,2024,11,1
67280,47231,19362,1,38.75,2024-11-03 16:59:34+00:00,Unknown,38.75,2024,11,3
69294,44454,19429,1,71.5,2025-04-01 19:41:00+00:00,Unknown,71.5,2025,4,1
71204,44357,19548,2,48.5,2025-02-24 07:32:39+00:00,"83990 Gorczany Drive, VonRuedenport, WA 33224-9025",97.0,2025,2,24
66193,45486,19264,1,59.5,2025-02-13 03:22:22+00:00,"47540 Elwood Ridge, Gradyport, AR 72615-0740",59.5,2025,2,13
66084,46110,19034,1,51.99,2024-07-21 20:21:21+00:00,Unknown,51.99,2024,7,21
67466,45963,18938,1,46.0,2025-03-23 22:29:05+00:00,Unknown,46.0,2025,3,23
65942,46738,19096,5,23.75,2024-10-01 12:49:55+00:00,"10761 Nitzsche Village, New Armandoport, WY 40721-4611",118.75,2024,10,1
71839,46656,18980,1,58.25,2025-06-12 15:27:24+00:00,Unknown,58.25,2025,6,12
67651,46413,19002,1,25.75,2025-01-25 12:31:41+00:00,Unknown,25.75,2025,1,25
70508,46592,19567,1,47.0,2025-01-02 18:46:34+00:00,Unknown,47.0,2025,1,2
63720,46739,19486,1,46.75,2025-01-17 19:07:00+00:00,Unknown,46.75,2025,1,17
68633,45141,18981,4,69.0,2024-07-08 21:31:41+00:00,"97464 Kuvalis Plains, Shakirafurt, CO 49336",276.0,2024,7,8
63294,46573,19158,1,66.0,2024-09-02 14:32:00+00:00,Unknown,66.0,2024,9,2
65844,44548,18880,1,84.9,2024-09-15 18:02:19+00:00,"9777 Bobette Valleys, Ritchiefort, CO 33803-2865",84.9,2024,9,15
72477,46109,19246,1,26.0,2024-09-26 02:16:16+00:00,"8895 Lucio Valleys, North Woodrow, RI 64473-2975",26.0,2024,9,26
67868,46412,19031,1,19.5,2024-03-13 02:32:00+00:00,"4672 Tillman Street, Gislasonburgh, VA 91669-7553",19.5,2024,3,13
71928,45548,19109,1,39.25,2024-12-07 14:03:00+00:00,Unknown,39.25,2024,12,7
72712,46846,18888,4,43.5,2025-02-12 20:17:09+00:00,"42641 Tandra Path, Port Keisha, MS 44821-7148",174.0,2025,2,12
65209,45156,19202,3,54.99,2024-07-23 09:46:46+00:00,"Apt. 553 9713 Leroy Fields, Colebury, OR 62456-5882",164.97,2024,7,23
72779,44607,19066,1,47.99,2024-04-18 15:12:00+00:00,"Apt. 731 6031 Sebrina Tunnel, North Odis, OR 27088",47.99,2024,4,18
73495,45942,19247,1,66.75,2024-12-25 04:19:00+00:00,"62225 Ruben Station, Dannymouth, NH 99915",66.75,2024,12,25
67079,45011,19014,1,20.0,2024-09-11 05:31:00+00:00,Unknown,20.0,2024,9,11
63710,46525,18850,1,40.2,2025-08-09 22:12:00+00:00,"Suite 734 28378 Leuschke Wall, Wittingfort, IL 71594",40.2,2025,8,9
72869,45228,19291,4,58.75,2025-07-30 20:49:05+00:00,Unknown,235.0,2025,7,30
68920,46842,19540,2,82.5,2025-02-12 15:42:40+00:00,Unknown,165.0,2025,2,12
73205,45063,18957,1,64.5,2024-11-16 06:53:00+00:00,Unknown,64.5,2024,11,16
64939,45260,19560,1,30.5,2024-02-06 18:42:00+00:00,Unknown,30.5,2024,2,6
72715,46677,19562,1,57.6,2025-01-23 05:23:29+00:00,"5305 Oberbrunner Alley, Francescobury, TN 36425",57.6,2025,1,23
64382,44339,19380,1,79.2,2024-04-15 02:36:37+00:00,"217 Erik Ports, O'Keefefort, NM 29616",79.2,2024,4,15
63635,47007,18985,1,59.0,2024-12-19 15:10:20+00:00,Unknown,59.0,2024,12,19
64415,44564,19306,2,39.75,2024-10-13 03:58:29.747000+00:00,Unknown,79.5,2024,10,13
65805,47461,19273,1,51.6,2024-12-10 17:40:07.677000+00:00,"767 Kohler Crossing, Wilburbury, VA 76654",51.6,2024,12,10
71349,44691,19319,1,35.0,2025-04-14 07:50:00+00:00,Unknown,35.0,2025,4,14
69359,46447,19348,2,30.99,2024-12-20 20:38:16+00:00,Unknown,61.98,2024,12,20
62977,45940,19529,1,18.25,2025-07-13 05:31:00+00:00,Unknown,18.25,2025,7,13
63915,45970,19148,1,48.6,2024-12-03 06:50:00+00:00,Unknown,48.6,2024,12,3
66449,44656,19243,1,38.5,2024-09-22 20:39:00+00:00,Unknown,38.5,2024,9,22
70559,46247,19081,1,19.5,2024-12-23 09:27:15+00:00,"186 Kertzmann Extension, Port Emile, DE 19908",19.5,2024,12,23
73191,46477,19539,1,61.0,2025-03-24 12:48:46+00:00,Unknown,61.0,2025,3,24
70425,46166,18934,1,22.5,2024-08-23 11:40:00+00:00,"Suite 440 722 Rocco Glens, Bahringerville, NV 68760",22.5,2024,8,23
68835,46690,18912,2,60.25,2024-08-12 22:48:44+00:00,Unknown,120.5,2024,8,12
73970,47461,19129,1,28.8,2024-08-19 02:18:48+00:00,Unknown,28.8,2024,8,19
72286,45803,18893,1,50.5,2025-03-25 08:58:26+00:00,Unknown,50.5,2025,3,25
69094,45585,19276,1,21.25,2025-02-28 19:26:26+00:00,"Suite 644 77149 Schiller Villages, Beattyfort, OH 69481-8065",21.25,2025,2,28
69017,44435,18948,1,20.99,2024-08-10 07:48:00+00:00,Unknown,20.99,2024,8,10
69611,44632,19590,1,27.75,2024-12-25 00:14:51+00:00,"479 Berry Crest, East Luise, AR 44543-5836",27.75,2024,12,25
66299,44543,18947,2,75.5,2024-11-17 20:45:00+00:00,Unknown,151.0,2024,11,17
64696,44826,19066,2,41.0,2025-01-01 22:32:28+00:00,"7733 Tyrone Shores, Brakusland, ID 91099-2022",82.0,2025,1,1
73352,47288,19505,1,21.99,2024-08-04 21:09:00+00:00,Unknown,21.99,2024,8,4
69229,45925,19477,1,44.5,2025-04-24 02:47:00+00:00,"Suite 892 81580 Grant Skyway, New Krystin, AK 07664-6208",44.5,2025,4,24
73843,45168,18891,2,25.2,2024-10-12 23:02:00+00:00,Unknown,50.4,2024,10,12
73602,44514,19501,3,23.4,2025-02-27 05:11:00+00:00,Unknown,70.2,2025,2,27
63323,44847,19273,2,41.99,2024-11-15 16:06:00+00:00,Unknown,83.98,2024,11,15
67179,45347,19303,5,76.2,2025-05-05 01:31:10+00:00,Unknown,381.0,2025,5,5
66403,46195,19099,5,61.2,2024-07-09 00:37:46+00:00,Unknown,306.0,2024,7,9
72359,46012,19127,3,70.8,2025-03-29 06:36:19+00:00,Unknown,212.4,2025,3,29
64053,46090,19130,1,27.0,2025-01-20 16:30:40+00:00,Unknown,27.0,2025,1,20
72092,46388,19308,2,61.0,2025-04-05 23:23:57+00:00,"Apt. 965 2289 Murazik Spring, Katherinshire, VT 18308-1330",122.0,2025,4,5
72521,44686,19284,1,64.5,2025-03-19 03:04:00+00:00,"Suite 805 8367 Morris Common, Lake Bobbye, AL 20370",64.5,2025,3,19
68871,46576,19274,1,90.0,2024-09-14 03:57:01+00:00,Unknown,90.0,2024,9,14
70778,44521,19396,1,47.25,2025-02-07 13:10:00+00:00,Unknown,47.25,2025,2,7
63220,46017,19457,1,25.0,2024-08-29 03:08:20+00:00,Unknown,25.0,2024,8,29
70017,47221,19053,1,54.0,2025-02-22 19:46:10+00:00,Unknown,54.0,2025,2,22
64275,46804,18936,1,61.0,2024-10-14 16:20:22+00:00,"404 Predovic Ford, Harleyborough, IN 56837-3623",61.0,2024,10,14
65012,45556,19107,2,69.5,2025-02-21 08:09:10+00:00,"97577 Johnson Stream, New Ginoberg, NV 03805",139.0,2025,2,21
72188,47304,19401,1,59.99,2025-02-27 16:51:25+00:00,Unknown,59.99,2025,2,27
71187,45814,19194,2,36.0,2024-08-02 05:40:00+00:00,Unknown,72.0,2024,8,2
67433,46261,19288,2,66.6,2024-12-02 09:32:38+00:00,Unknown,133.2,2024,12,2
69405,44771,19478,2,58.5,2025-05-09 12:34:29+00:00,Unknown,117.0,2025,5,9
65757,46021,19238,1,22.5,2025-02-26 23:46:00+00:00,Unknown,22.5,2025,2,26
68455,46838,18937,1,63.99,2024-07-28 09:54:00+00:00,Unknown,63.99,2024,7,28
67057,46232,19588,1,76.2,2024-12-17 22:09:51+00:00,Unknown,76.2,2024,12,17
72192,46830,19325,2,27.25,2024-09-21 08:03:03+00:00,Unknown,54.5,2024,9,21
68711,47423,19252,2,27.0,2025-02-15 09:35:00+00:00,"Suite 254 71544 Tori Port, Lake Stacey, KY 34188-4000",54.0,2025,2,15
73668,46805,19242,2,47.75,2025-05-25 09:41:28+00:00,"5938 Lehner Pass, West Irwinshire, LA 49146",95.5,2025,5,25
70555,47538,19569,1,70.0,2024-07-02 10:50:00+00:00,Unknown,70.0,2024,7,2
71414,44798,19510,1,22.5,2024-06-15 00:54:41+00:00,Unknown,22.5,2024,6,15
62939,46661,19167,1,51.9,2025-02-25 04:11:51+00:00,Unknown,51.9,2025,2,25
64121,46785,19237,1,65.5,2024-05-07 18:40:40+00:00,Unknown,65.5,2024,5,7
63962,44466,19136,1,52.0,2024-09-05 18:42:00+00:00,Unknown,52.0,2024,9,5
71643,45408,19291,5,60.0,2025-01-31 07:13:06+00:00,"70290 Lemke Tunnel, Kshlerinland, LA 22191",300.0,2025,1,31
73432,47137,19215,1,16.5,2024-10-13 14:16:16+00:00,Unknown,16.5,2024,10,13
68976,44501,18980,1,59.0,2025-03-15 21:02:31+00:00,"Apt. 523 9030 Bobbi Pike, Mackton, RI 50112-4793",59.0,2025,3,15
65681,44873,19577,1,72.99,2025-04-13 12:38:20+00:00,"Apt. 576 12277 Orn Vista, North Rocky, IL 11370",72.99,2025,4,13
62800,47425,19226,1,27.6,2025-01-19 20:06:27+00:00,Unknown,27.6,2025,1,19
67532,45312,19130,2,25.0,2024-09-27 17:14:00+00:00,Unknown,50.0,2024,9,27
70014,45470,19360,2,69.6,2025-01-10 06:58:00+00:00,Unknown,139.2,2025,1,10
63293,47445,18992,5,81.0,2024-10-08 07:07:56+00:00,Unknown,405.0,2024,10,8
63570,44705,19423,4,31.0,2024-08-02 11:30:02+00:00,Unknown,124.0,2024,8,2
68079,45250,19135,4,52.5,2024-12-07 06:38:38+00:00,Unknown,210.0,2024,12,7
72122,44783,19438,1,72.99,2025-04-13 07:06:02+00:00,Unknown,72.99,2025,4,13
63931,46496,19012,5,42.0,2025-03-15 07:41:08+00:00,Unknown,210.0,2025,3,15
63986,45996,19170,2,67.0,2024-10-28 15:19:10+00:00,"Apt. 257 7828 Padberg Valley, Torpchester, OK 94973",134.0,2024,10,28
63032,46948,18838,1,53.0,2024-11-06 15:50:07+00:00,"10748 King Lodge, South Yongport, PA 49971",53.0,2024,11,6
70493,46360,19049,2,53.75,2025-07-23 00:35:28+00:00,Unknown,107.5,2025,7,23
66679,45730,18844,1,41.5,2024-07-30 13:13:00+00:00,Unknown,41.5,2024,7,30
68589,44526,19023,1,45.5,2025-02-22 01:33:00+00:00,Unknown,45.5,2025,2,22
67921,46326,19187,4,60.25,2025-05-02 08:12:00+00:00,Unknown,241.0,2025,5,2
68146,47113,19092,2,57.0,2024-09-13 12:21:35+00:00,"Apt. 790 5423 Raynor Mountains, Lynchport, PA 98191",114.0,2024,9,13
64057,45286,19272,1,56.4,2024-09-05 09:58:15+00:00,"Apt. 849 8081 Paucek Green, Tedfort, OH 86509",56.4,2024,9,5
69442,44655,18876,1,20.0,2024-06-30 12:11:00+00:00,Unknown,20.0,2024,6,30
66370,45863,19176,1,22.99,2025-01-09 18:15:18+00:00,Unknown,22.99,2025,1,9
66477,45499,19567,2,61.8,2025-03-10 05:32:08+00:00,"88142 Aleta Fall, Purdyview, OH 70325-3454",123.6,2025,3,10
64542,47079,18902,1,19.5,2024-11-15 07:05:00+00:00,Unknown,19.5,2024,11,15
64940,46456,18973,1,53.0,2024-12-30 17:22:00+00:00,Unknown,53.0,2024,12,30
69809,44612,18859,1,66.6,2024-12-12 22:19:40+00:00,Unknown,66.6,2024,12,12
73831,44936,19547,1,71.99,2024-07-17 09:03:53+00:00,"81161 Therese Parkways, New Rondaville, VT 73370",71.99,2024,7,17
72240,47401,19023,2,40.0,2025-02-13 15:02:47+00:00,Unknown,80.0,2025,2,13
72054,44884,19542,2,57.0,2025-03-03 19:51:16+00:00,Unknown,114.0,2025,3,3
71041,45355,18931,1,35.0,2024-06-17 04:30:00+00:00,"4612 Lizbeth Vista, North Maxwell, ID 81032",35.0,2024,6,17
67082,45098,18847,1,46.2,2024-06-25 22:30:00+00:00,Unknown,46.2,2024,6,25
68751,46367,19103,1,43.8,2024-10-02 19:59:37+00:00,Unknown,43.8,2024,10,2
69979,47419,19520,2,29.5,2024-08-01 07:42:00+00:00,"Suite 169 27048 Cartwright Vista, North Reyport, NE 82476-6188",59.0,2024,8,1
64648,46539,19069,1,50.4,2025-09-06 18:23:00+00:00,Unknown,50.4,2025,9,6
66672,46444,19448,3,58.0,2025-06-01 15:05:02+00:00,Unknown,174.0,2025,6,1
64082,44889,19342,2,36.0,2024-04-01 18:46:06+00:00,"534 Britt Mews, North Meg, ME 44196-2614",72.0,2024,4,1
68162,46026,19058,2,17.0,2024-11-27 01:30:24.177000+00:00,Unknown,34.0,2024,11,27
68144,44924,19065,1,20.0,2024-07-11 16:12:00+00:00,Unknown,20.0,2024,7,11
67827,45297,19115,2,54.5,2025-05-20 02:45:12+00:00,Unknown,109.0,2025,5,20
71902,45989,19428,1,49.2,2025-04-07 01:18:43.865000+00:00,Unknown,49.2,2025,4,7
70015,47552,18949,1,30.5,2024-12-23 04:39:09+00:00,"Suite 946 9852 Hermiston Ranch, Murazikfurt, LA 45978-9482",30.5,2024,12,23
67136,44777,19232,1,33.5,2025-01-14 12:05:41.993000+00:00,"Suite 822 38408 Anthony Plaza, Lake Lakita, MD 80255-5391",33.5,2025,1,14
63164,46706,19244,1,60.0,2024-08-13 08:15:00+00:00,Unknown,60.0,2024,8,13
67200,44338,19478,1,69.3,2024-12-28 05:43:44.640000+00:00,Unknown,69.3,2024,12,28
73506,45832,19440,1,26.5,2025-01-26 12:24:10+00:00,"Suite 469 843 Chu Cove, Connmouth, IA 53133-3503",26.5,2025,1,26
66325,46886,19120,2,77.99,2025-04-05 05:05:44+00:00,Unknown,155.98,2025,4,5
72889,46864,19280,1,54.6,2024-10-31 03:34:00+00:00,Unknown,54.6,2024,10,31
63144,47074,19042,2,38.7,2024-09-07 13:57:00+00:00,Unknown,77.4,2024,9,7
68651,45659,19517,1,85.2,2025-01-24 12:57:53+00:00,Unknown,85.2,2025,1,24
65956,44742,19059,1,61.5,2025-03-16 02:12:00+00:00,"231 Balistreri Port, Lake Alphonse, NH 42513-8929",61.5,2025,3,16
68227,45907,19517,1,67.99,2024-07-06 06:30:17+00:00,Unknown,67.99,2024,7,6
67492,47524,19093,2,24.0,2025-02-12 15:49:52+00:00,Unknown,48.0,2025,2,12
73260,45500,19409,1,18.99,2025-03-14 13:58:38.694000+00:00,Unknown,18.99,2025,3,14
70634,46473,19325,2,29.0,2024-07-12 13:03:10+00:00,Unknown,58.0,2024,7,12
64746,47483,19094,2,48.99,2024-09-20 13:28:00+00:00,Unknown,97.98,2024,9,20
63248,47351,19032,1,70.99,2025-04-19 18:08:00+00:00,Unknown,70.99,2025,4,19
69971,46651,19492,5,60.0,2025-04-09 20:43:27+00:00,Unknown,300.0,2025,4,9
64510,47062,19541,1,36.9,2025-03-06 15:30:00+00:00,Unknown,36.9,2025,3,6
67135,46012,19340,1,37.2,2025-03-15 14:44:22+00:00,Unknown,37.2,2025,3,15
65181,47563,19162,5,75.6,2024-09-05 13:12:31+00:00,Unknown,378.0,2024,9,5
69438,45254,19274,1,88.8,2024-09-29 14:04:29+00:00,Unknown,88.8,2024,9,29
65261,46875,19065,1,19.25,2025-03-27 09:00:33+00:00,Unknown,19.25,2025,3,27
68593,46880,19122,1,36.75,2025-05-11 03:59:31+00:00,Unknown,36.75,2025,5,11
66695,47560,19529,2,17.0,2025-01-19 08:29:00+00:00,Unknown,34.0,2025,1,19
69443,44928,18988,1,75.0,2024-10-01 21:25:00+00:00,Unknown,75.0,2024,10,1
62978,44354,18878,1,45.6,2025-06-05 23:53:05.016000+00:00,"Suite 855 60931 Schoen Ferry, Bertieport, WA 77102-1232",45.6,2025,6,5
64539,46460,19510,1,19.25,2024-05-14 17:39:00+00:00,"88361 Carter Lake, Drewstad, MS 51644-9871",19.25,2024,5,14
67628,45619,19189,1,23.99,2024-12-07 11:04:33+00:00,Unknown,23.99,2024,12,7
68127,46123,19407,2,24.0,2024-06-10 23:09:00+00:00,Unknown,48.0,2024,6,10
68484,44464,18956,2,53.5,2024-06-05 15:07:07+00:00,"214 Christian Causeway, East Mandifurt, MS 42751-5641",107.0,2024,6,5
65922,46299,19499,2,33.3,2025-04-05 11:24:47+00:00,"3947 Langosh Mountain, Wardfort, MT 78786",66.6,2025,4,5
69161,47474,19573,1,32.99,2024-12-12 09:21:00+00:00,Unknown,32.99,2024,12,12
69446,45614,18940,3,17.4,2025-02-24 07:12:27+00:00,Unknown,52.2,2025,2,24
67358,46664,18965,1,74.39,2025-05-21 11:18:36+00:00,Unknown,74.39,2025,5,21
69825,45467,19359,1,58.8,2024-10-18 13:16:01+00:00,Unknown,58.8,2024,10,18
71365,45016,19182,1,53.75,2024-10-19 22:30:03.476000+00:00,Unknown,53.75,2024,10,19
70188,46412,19418,1,54.0,2024-12-17 08:47:00+00:00,"4672 Tillman Street, Gislasonburgh, VA 91669-7553",54.0,2024,12,17
71786,46104,19041,2,16.5,2025-03-17 00:03:55+00:00,Unknown,33.0,2025,3,17
65473,44385,19239,4,84.6,2025-02-15 09:55:14+00:00,Unknown,338.4,2025,2,15
70213,47224,19096,1,24.0,2025-06-13 17:34:12+00:00,Unknown,24.0,2025,6,13
73962,47337,19406,1,60.0,2024-12-02 19:03:17+00:00,Unknown,60.0,2024,12,2
65731,47305,19233,1,88.5,2024-11-21 16:36:05+00:00,Unknown,88.5,2024,11,21
68597,46040,19089,5,56.7,2024-10-21 18:51:00+00:00,Unknown,283.5,2024,10,21
63527,44359,18945,1,45.0,2024-10-04 01:02:06+00:00,"Apt. 125 8476 Grimes Lights, Dooleyview, ID 83155-8299",45.0,2024,10,4
66884,44350,19145,5,73.5,2025-03-29 18:49:30+00:00,Unknown,367.5,2025,3,29
72495,46446,19067,1,51.3,2024-08-15 09:05:49+00:00,Unknown,51.3,2024,8,15
64299,46104,19395,1,41.5,2025-01-16 04:36:05+00:00,Unknown,41.5,2025,1,16
71334,44421,19135,1,53.5,2024-08-21 04:36:00+00:00,Unknown,53.5,2024,8,21
63547,46266,18889,1,76.25,2025-02-02 08:35:00+00:00,Unknown,76.25,2025,2,2
72782,44644,18903,1,17.99,2024-11-18 02:37:52+00:00,"93239 Bong Isle, East Eldonfurt, MS 30945",17.99,2024,11,18
66574,45590,19426,1,44.5,2024-11-13 20:54:00+00:00,Unknown,44.5,2024,11,13
62924,44701,18953,1,73.19,2024-11-28 17:31:00+00:00,Unknown,73.19,2024,11,28
63328,47303,18971,4,53.0,2024-05-31 03:28:46.210000+00:00,Unknown,212.0,2024,5,31
67967,46366,19355,1,39.0,2025-01-16 15:39:00+00:00,Unknown,39.0,2025,1,16
70103,46900,19121,1,82.8,2024-11-02 21:59:04+00:00,Unknown,82.8,2024,11,2
64055,44806,19308,2,74.1,2024-06-21 20:18:31+00:00,Unknown,148.2,2024,6,21
65961,46279,19383,1,60.25,2025-03-28 01:45:00+00:00,Unknown,60.25,2025,3,28
73799,46700,19363,1,31.8,2024-04-27 05:39:00+00:00,Unknown,31.8,2024,4,27
67146,46040,18865,1,54.9,2024-12-14 02:44:31.476000+00:00,Unknown,54.9,2024,12,14
70507,46702,19571,2,12.0,2025-02-17 22:41:36.677000+00:00,Unknown,24.0,2025,2,17
64936,44349,18915,1,69.75,2024-06-26 01:52:40+00:00,Unknown,69.75,2024,6,26
65127,44739,19128,1,76.99,2024-07-16 14:42:07.345000+00:00,Unknown,76.99,2024,7,16
68668,46621,19364,2,61.0,2025-07-19 12:46:54+00:00,"10260 Borer Ville, West Noel, NY 92380",122.0,2025,7,19
70409,46532,19141,1,53.75,2024-12-24 23:30:09+00:00,"2547 Grady Glen, Port Manual, TX 47649",53.75,2024,12,24
71502,45435,18949,1,37.19,2025-04-30 13:52:57+00:00,"Suite 937 1828 Crona Fords, North Anthonyfurt, CO 77468",37.19,2025,4,30
63155,47086,19558,1,33.5,2025-03-24 05:53:00+00:00,"Apt. 909 942 Christiansen Flat, Gilbertview, IA 00046",33.5,2025,3,24
67794,45521,19528,2,34.5,2024-10-25 09:14:00+00:00,"Apt. 301 2628 Eulalia Viaduct, West Kelle, NY 43927-4367",69.0,2024,10,25
69281,46274,19038,1,68.4,2024-09-04 14:20:43+00:00,Unknown,68.4,2024,9,4
73020,47582,19414,1,65.7,2025-04-03 17:23:11+00:00,Unknown,65.7,2025,4,3
66930,46265,19282,1,74.5,2024-12-10 10:07:34+00:00,Unknown,74.5,2024,12,10
72479,44562,19162,1,63.0,2025-07-21 00:18:26.421000+00:00,Unknown,63.0,2025,7,21
63022,47416,19375,1,21.5,2024-12-06 16:20:28+00:00,Unknown,21.5,2024,12,6
69307,45480,19116,2,18.0,2024-09-23 01:13:00+00:00,Unknown,36.0,2024,9,23
67183,46311,19505,3,22.8,2025-06-28 09:13:17+00:00,"Suite 941 21150 Volkman Lodge, East Zane, DE 23090-7890",68.4,2025,6,28
68816,44864,19546,1,57.6,2025-01-18 06:25:00+00:00,Unknown,57.6,2025,1,18
70400,46972,19253,5,39.99,2024-06-13 15:07:18+00:00,Unknown,199.95,2024,6,13
64606,46692,19076,1,18.75,2025-01-28 07:27:27+00:00,Unknown,18.75,2025,1,28
62817,47528,18867,1,56.99,2024-08-14 01:06:36.927000+00:00,"Suite 125 6495 Carroll Creek, Sanfordfurt, FL 44351",56.99,2024,8,14
67616,44483,19346,2,35.5,2025-01-26 08:01:10.765000+00:00,Unknown,71.0,2025,1,26
62941,47310,19402,1,26.0,2024-08-04 15:01:21+00:00,Unknown,26.0,2024,8,4
63154,45560,19051,4,69.99,2024-12-09 00:01:00+00:00,Unknown,279.96,2024,12,9
73591,44519,19048,1,37.2,2024-08-22 03:45:00+00:00,"2362 Labadie Manor, Ferryfort, CA 50238-0157",37.2,2024,8,22
69475,46764,19193,1,16.0,2024-08-06 16:47:06+00:00,"39517 Sammy Brooks, Olsonchester, CO 78383",16.0,2024,8,6
67334,46522,18904,1,44.1,2025-03-19 14:10:52+00:00,Unknown,44.1,2025,3,19
72426,46034,19153,1,66.3,2024-11-12 18:22:20.273000+00:00,Unknown,66.3,2024,11,12
72303,44738,19036,1,66.25,2024-10-15 12:06:00+00:00,"9159 Ellamae Stravenue, Ravenchester, VT 51486",66.25,2024,10,15
67204,46209,19036,1,65.99,2025-01-12 06:21:20.446000+00:00,Unknown,65.99,2025,1,12
65114,45371,19265,2,50.5,2024-12-09 09:25:00+00:00,"Suite 199 17226 Champlin Place, Lake Wilmerton, KY 37676-4194",101.0,2024,12,9
68482,44878,19383,1,59.0,2024-11-15 13:32:32+00:00,Unknown,59.0,2024,11,15
69569,44605,19416,1,65.0,2024-08-24 10:47:01+00:00,Unknown,65.0,2024,8,24
73710,44864,19444,1,45.75,2024-10-18 09:13:20+00:00,"Apt. 141 5172 Kathie Summit, New Nila, NM 48594",45.75,2024,10,18
67881,45254,18923,1,25.0,2025-01-21 06:39:50.434000+00:00,Unknown,25.0,2025,1,21
72172,47208,19467,1,73.0,2024-06-14 14:35:21+00:00,Unknown,73.0,2024,6,14
68564,46129,19272,1,45.0,2025-03-06 09:18:06+00:00,Unknown,45.0,2025,3,6
63152,47481,18859,1,55.0,2024-09-17 22:51:00+00:00,"Apt. 832 4294 Javier Via, East Rolandhaven, GA 10385-9379",55.0,2024,9,17
71742,46472,19055,1,22.2,2025-06-19 17:04:35+00:00,"Suite 118 43725 Lemke Pike, Lake Rowena, WY 23879-5663",22.2,2025,6,19
62981,47512,18838,1,68.4,2024-05-27 11:19:43+00:00,Unknown,68.4,2024,5,27
64942,46454,19272,1,47.99,2025-04-16 13:36:36+00:00,Unknown,47.99,2025,4,16
73328,45023,19025,1,35.5,2025-01-31 08:49:00+00:00,Unknown,35.5,2025,1,31
68110,46719,19229,1,21.5,2025-02-05 12:59:00+00:00,Unknown,21.5,2025,2,5
70720,45827,19224,2,69.6,2025-01-12 19:51:01+00:00,Unknown,139.2,2025,1,12
70983,46227,19203,1,56.0,2024-04-08 11:14:29+00:00,Unknown,56.0,2024,4,8
73481,46132,18865,2,54.6,2025-04-22 01:50:55.059000+00:00,Unknown,109.2,2025,4,22
67447,47514,19349,2,39.99,2025-04-20 21:10:15+00:00,Unknown,79.98,2025,4,20
69679,44612,19185,2,55.25,2025-03-02 14:20:00+00:00,Unknown,110.5,2025,3,2
69437,46425,19049,1,64.2,2024-09-12 21:10:46.063000+00:00,Unknown,64.2,2024,9,12
72139,45195,19293,2,34.8,2024-07-27 02:16:50+00:00,"Suite 945 941 Hyatt Prairie, Laurieberg, NJ 10038-5092",69.6,2024,7,27
63023,44790,18919,2,19.2,2025-04-14 02:22:21.990000+00:00,Unknown,38.4,2025,4,14
69398,46409,19264,1,62.5,2024-11-16 16:10:48+00:00,Unknown,62.5,2024,11,16
70107,45118,19416,2,65.75,2025-03-07 02:16:00+00:00,Unknown,131.5,2025,3,7
66868,45051,19575,1,50.99,2024-08-18 02:18:24+00:00,"96686 Aurea Roads, Mohammedport, NE 64803",50.99,2024,8,18
66028,45926,19330,1,75.6,2025-03-17 18:02:00+00:00,Unknown,75.6,2025,3,17
71421,44722,19590,1,37.2,2024-12-13 04:33:40+00:00,Unknown,37.2,2024,12,13
63330,47527,18990,1,52.8,2025-07-18 04:30:49+00:00,Unknown,52.8,2025,7,18
67993,47612,19258,1,71.75,2024-03-23 00:50:47+00:00,Unknown,71.75,2024,3,23
71984,45347,19306,2,35.25,2024-07-04 08:21:39+00:00,Unknown,70.5,2024,7,4
73014,45641,19170,1,71.0,2024-03-28 00:44:34+00:00,Unknown,71.0,2024,3,28
63609,46499,19416,1,63.0,2025-05-19 10:45:21+00:00,"Suite 719 81717 Kris Summit, Donnellyburgh, SC 22221",63.0,2025,5,19
70818,44408,19136,1,52.0,2025-02-27 12:23:16+00:00,Unknown,52.0,2025,2,27
69845,44410,19464,1,44.0,2024-12-29 19:21:51+00:00,"41894 McLaughlin Centers, Leifville, RI 01129-8711",44.0,2024,12,29
65654,45476,19134,1,65.0,2024-09-03 22:19:31+00:00,"1825 Joseph Hill, Shelleyburgh, KS 98548",65.0,2024,9,3
63916,44581,19503,1,17.0,2024-10-15 02:58:00+00:00,Unknown,17.0,2024,10,15
73305,45844,19157,1,35.99,2024-05-15 05:51:00+00:00,Unknown,35.99,2024,5,15
70025,46986,19582,2,47.25,2024-12-09 13:38:58.592000+00:00,Unknown,94.5,2024,12,9
72439,46791,19119,1,59.0,2024-08-10 01:57:51+00:00,Unknown,59.0,2024,8,10
73405,45100,19496,1,27.99,2025-04-27 18:28:01+00:00,Unknown,27.99,2025,4,27
67139,46324,19547,1,72.9,2025-07-21 01:19:24+00:00,Unknown,72.9,2025,7,21
69648,46704,19300,5,91.5,2024-08-26 13:07:18.844000+00:00,"4596 Bayer Expressway, West Damionstad, MN 13127-8726",457.5,2024,8,26
63117,47169,19081,1,14.5,2024-08-27 20:59:46+00:00,Unknown,14.5,2024,8,27
66369,47109,18905,1,54.75,2025-03-04 00:25:15+00:00,Unknown,54.75,2025,3,4
63823,47257,18889,1,91.2,2024-08-12 00:51:00+00:00,Unknown,91.2,2024,8,12
70829,47100,19435,1,70.99,2025-03-15 11:10:00+00:00,"Apt. 269 883 Eleonore Station, South Mertiefurt, SD 46410-7087",70.99,2025,3,15
69490,47290,18839,1,21.75,2024-10-13 21:19:17.187000+00:00,Unknown,21.75,2024,10,13
63105,45950,19504,2,63.5,2024-09-16 13:27:45+00:00,"7785 Demarcus Harbor, Fisherville, NM 87185-4102",127.0,2024,9,16
73325,44715,19359,1,49.5,2024-11-25 03:22:22+00:00,Unknown,49.5,2024,11,25
67233,46628,19395,1,51.0,2024-12-07 09:50:50+00:00,Unknown,51.0,2024,12,7
65741,45490,19585,2,64.25,2025-03-17 07:30:27+00:00,Unknown,128.5,2025,3,17
66891,45586,18856,1,46.0,2024-10-13 14:57:00+00:00,Unknown,46.0,2024,10,13
71522,45606,18917,1,80.4,2024-10-30 00:34:49+00:00,"598 Hugo Lock, Port Luciohaven, MA 43530",80.4,2024,10,30
64531,46060,19175,1,37.99,2024-06-20 16:46:48+00:00,Unknown,37.99,2024,6,20
71235,45183,19445,1,58.99,2025-01-21 04:04:33+00:00,Unknown,58.99,2025,1,21
63474,46955,18986,1,78.0,2024-12-23 13:34:10+00:00,"Apt. 245 5042 Annette Islands, South Andreville, AZ 43566",78.0,2024,12,23
70431,44776,18862,1,32.99,2024-10-11 10:06:51+00:00,Unknown,32.99,2024,10,11
69188,44357,19406,1,72.0,2025-02-12 07:31:18+00:00,"83990 Gorczany Drive, VonRuedenport, WA 33224-9025",72.0,2025,2,12
64850,45328,19037,1,26.99,2024-11-10 07:36:19+00:00,"Apt. 852 591 Strosin Lodge, Cyrusborough, CO 74204-4100",26.99,2024,11,10
66445,45546,19133,1,25.5,2025-07-16 23:34:04+00:00,Unknown,25.5,2025,7,16
66489,45144,19055,1,18.25,2024-08-19 14:55:20+00:00,"Suite 326 917 Runte Expressway, Schaefermouth, TN 09507-7042",18.25,2024,8,19
65486,47236,19420,1,50.25,2025-02-12 13:08:00+00:00,Unknown,50.25,2025,2,12
72952,46033,19063,1,46.0,2025-02-28 02:16:00+00:00,Unknown,46.0,2025,2,28
68587,45320,19501,2,22.5,2024-06-24 17:17:26+00:00,Unknown,45.0,2024,6,24
68519,46750,19015,1,58.99,2025-02-07 11:11:00+00:00,Unknown,58.99,2025,2,7
69171,46771,19393,1,19.99,2024-10-30 04:02:54+00:00,"Apt. 108 642 Georgina Ways, West Antoniaberg, CT 23981",19.99,2024,10,30
68758,46377,19154,1,72.25,2025-02-13 09:34:42+00:00,Unknown,72.25,2025,2,13
65103,45932,19250,1,29.75,2024-08-25 16:23:23+00:00,Unknown,29.75,2024,8,25
72792,45176,19081,2,19.0,2024-10-22 10:21:00+00:00,Unknown,38.0,2024,10,22
69315,46696,19224,1,55.5,2024-08-30 14:03:24+00:00,Unknown,55.5,2024,8,30
66990,44718,19076,1,18.0,2025-05-06 17:01:44+00:00,Unknown,18.0,2025,5,6
71792,45006,19446,1,50.25,2025-01-07 19:52:31.555000+00:00,Unknown,50.25,2025,1,7
72298,46705,19092,1,58.2,2024-09-23 22:45:51+00:00,"664 Josue Parks, Zackfurt, PA 68818-9486",58.2,2024,9,23
71911,45744,19555,1,50.39,2025-06-06 21:39:43+00:00,"34743 Vincenzo Centers, Brownton, IL 32795-1577",50.39,2025,6,6
73922,45160,19269,1,30.9,2025-06-05 16:42:17+00:00,Unknown,30.9,2025,6,5
65664,46845,19474,1,38.7,2025-03-19 18:49:00+00:00,"Suite 531 54506 Hessel Terrace, Twanabury, LA 04034",38.7,2025,3,19
63315,45374,19142,2,39.75,2025-04-12 08:40:00+00:00,Unknown,79.5,2025,4,12
66865,46894,18886,1,67.5,2025-04-19 00:56:06+00:00,Unknown,67.5,2025,4,19
63425,47247,19208,1,57.0,2025-01-08 20:19:01+00:00,Unknown,57.0,2025,1,8
64907,45032,19284,1,54.5,2024-10-27 00:32:00+00:00,Unknown,54.5,2024,10,27
64211,44383,19033,1,36.6,2024-10-22 05:02:02+00:00,Unknown,36.6,2024,10,22
67959,47433,19178,5,37.5,2024-12-06 13:36:24+00:00,Unknown,187.5,2024,12,6
73363,46524,19590,1,31.25,2024-10-14 20:34:11+00:00,Unknown,31.25,2024,10,14
66211,45074,18975,2,54.0,2024-10-19 00:06:12+00:00,Unknown,108.0,2024,10,19
70927,44742,19008,2,49.0,2024-07-07 19:04:03+00:00,"231 Balistreri Port, Lake Alphonse, NH 42513-8929",98.0,2024,7,7
68740,45729,18954,1,34.75,2024-10-25 14:00:05.688000+00:00,Unknown,34.75,2024,10,25
68544,45165,19338,3,84.0,2024-07-30 01:12:56+00:00,Unknown,252.0,2024,7,30
73724,44835,18897,1,56.0,2025-01-22 10:52:00+00:00,"Suite 262 47056 Dustin Fort, Hellerburgh, UT 28704-7405",56.0,2025,1,22
73781,45548,19539,1,64.5,2024-09-20 05:10:00+00:00,"Apt. 933 710 Milton Square, Cummeratamouth, OH 26008",64.5,2024,9,20
70291,46893,19040,3,17.5,2025-05-19 11:28:56+00:00,Unknown,52.5,2025,5,19
66866,44955,19250,1,32.0,2024-12-09 10:58:00+00:00,"Suite 113 1715 Kiehn Alley, Lake Rufus, GA 75388",32.0,2024,12,9
66657,47249,18955,3,82.5,2025-01-22 00:51:00+00:00,Unknown,247.5,2025,1,22
64451,46493,19017,1,58.0,2024-08-27 01:01:04+00:00,"Suite 290 4624 Wilderman Lane, South Jennifferfurt, DE 66543-9957",58.0,2024,8,27
65853,45840,19327,1,45.75,2025-03-27 23:46:45+00:00,Unknown,45.75,2025,3,27
71249,45825,19454,1,70.0,2024-06-09 23:42:00+00:00,Unknown,70.0,2024,6,9
64231,47357,19156,3,40.0,2024-07-17 23:25:02+00:00,Unknown,120.0,2024,7,17
65000,45192,19213,1,33.5,2025-03-05 13:17:35+00:00,Unknown,33.5,2025,3,5
66294,45585,19395,1,44.0,2025-03-12 03:38:41+00:00,Unknown,44.0,2025,3,12
65744,44738,19305,1,63.0,2024-12-18 05:30:37+00:00,Unknown,63.0,2024,12,18
65839,44775,19204,1,51.0,2024-10-31 13:00:20+00:00,"75060 Kelvin Extensions, East Jeanette, NY 75302-7581",51.0,2024,10,31
72924,46603,19422,1,29.25,2025-04-15 09:03:44+00:00,Unknown,29.25,2025,4,15
68197,45987,19516,1,41.0,2024-05-27 09:43:40+00:00,Unknown,41.0,2024,5,27
65843,45062,18982,1,57.75,2025-01-12 19:44:41+00:00,Unknown,57.75,2025,1,12
69678,46826,19515,1,65.0,2024-10-09 01:53:27+00:00,Unknown,65.0,2024,10,9
63704,46946,19136,1,50.99,2025-06-02 11:13:13+00:00,Unknown,50.99,2025,6,2
72592,45430,19482,5,24.0,2025-01-28 12:00:40+00:00,Unknown,120.0,2025,1,28
65552,45381,19434,1,16.25,2025-01-26 18:48:38+00:00,Unknown,16.25,2025,1,26
65852,45527,19470,2,55.5,2024-03-25 21:30:07+00:00,Unknown,111.0,2024,3,25
67731,44530,19538,1,58.5,2024-11-25 02:50:00+00:00,Unknown,58.5,2024,11,25
69375,46698,19485,1,65.25,2025-01-27 03:26:23+00:00,Unknown,65.25,2025,1,27
72725,46729,19052,1,85.8,2025-03-24 18:05:00+00:00,Unknown,85.8,2025,3,24
68135,45862,19383,1,75.6,2025-03-11 14:55:00+00:00,"551 O'Connell Squares, South Lannieburgh, MA 88337-1568",75.6,2025,3,11
65301,46607,18932,1,19.75,2024-09-27 20:26:31+00:00,Unknown,19.75,2024,9,27
69220,45627,19184,1,16.0,2025-06-25 14:01:09+00:00,"5086 Erdman Fall, West Elois, CO 77141-0250",16.0,2025,6,25
67598,44791,18944,1,18.0,2025-08-19 15:25:48+00:00,Unknown,18.0,2025,8,19
68612,44884,18881,1,32.99,2025-07-07 02:04:52+00:00,Unknown,32.99,2025,7,7
71789,46115,19284,4,54.5,2025-03-15 19:44:38+00:00,Unknown,218.0,2025,3,15
72798,44842,19084,1,61.8,2025-01-27 04:08:32+00:00,Unknown,61.8,2025,1,27
63553,46723,19430,1,54.0,2024-09-10 02:30:54.479000+00:00,"8418 Riley Field, South Garth, NC 21463",54.0,2024,9,10
63518,45947,19411,2,45.0,2024-09-12 23:02:41+00:00,"53419 Yundt Falls, East Karmahaven, WY 74624",90.0,2024,9,12
67600,47525,19169,3,69.99,2024-07-27 20:55:50+00:00,Unknown,209.97,2024,7,27
73007,46850,19306,3,35.5,2024-10-09 01:20:20+00:00,"2739 Witting Ville, Smithport, FL 59418-0309",106.5,2024,10,9
67790,47152,18956,1,62.7,2024-04-03 23:20:31+00:00,"24214 Tremblay Station, Murphyton, CO 02166-5767",62.7,2024,4,3
68558,46411,19224,1,58.0,2025-01-28 15:34:02+00:00,"72116 Guy Inlet, West Dionton, WA 64694",58.0,2025,1,28
73536,46916,19480,1,88.2,2025-03-28 13:27:00+00:00,Unknown,88.2,2025,3,28
66779,47280,18974,2,45.0,2025-07-24 06:21:12.713000+00:00,Unknown,90.0,2025,7,24
73036,46767,19354,3,39.75,2024-09-06 00:51:00+00:00,"8672 Emanuel Prairie, Parisianville, NV 30251",119.25,2024,9,6
62775,46379,19585,2,64.5,2024-09-04 12:57:00+00:00,Unknown,129.0,2024,9,4
71918,46279,19392,1,47.25,2025-03-16 13:32:19+00:00,Unknown,47.25,2025,3,16
73283,46007,19319,1,43.2,2025-05-11 02:29:00+00:00,Unknown,43.2,2025,5,11
68322,46796,19460,1,34.99,2024-05-20 00:52:00+00:00,Unknown,34.99,2024,5,20
66389,47619,19028,1,59.99,2024-07-02 05:10:00+00:00,"Apt. 923 83441 Hugh Spurs, North Leopoldo, LA 19949",59.99,2024,7,2
65086,47477,19204,2,47.0,2024-10-19 14:20:31+00:00,Unknown,94.0,2024,10,19
72075,44709,19155,2,53.0,2025-01-23 11:26:51+00:00,Unknown,106.0,2025,1,23
73051,45688,19225,1,79.8,2025-05-18 06:24:59+00:00,Unknown,79.8,2025,5,18
70926,45664,19180,2,42.0,2024-08-28 03:24:00+00:00,"Suite 704 6350 Wilfred Crest, Robertsland, IA 76946-6950",84.0,2024,8,28
63519,46338,19000,1,57.5,2025-03-18 13:16:16+00:00,"385 Goldner Trace, Turnerhaven, WY 93952-9737",57.5,2025,3,18
64218,46030,19348,1,36.3,2025-04-11 17:13:32.391000+00:00,Unknown,36.3,2025,4,11
69502,45431,19088,2,37.0,2025-02-28 21:17:00+00:00,Unknown,74.0,2025,2,28
65697,47349,19424,1,20.0,2024-07-23 13:26:46+00:00,"Suite 729 24407 McDermott Lock, Port Marianelaton, GA 32200",20.0,2024,7,23
65563,45718,19170,1,81.0,2024-05-29 05:05:37+00:00,Unknown,81.0,2024,5,29
65446,45162,19384,1,18.5,2025-01-17 10:20:52+00:00,Unknown,18.5,2025,1,17
64906,45994,19543,1,39.25,2024-10-03 03:51:04+00:00,"Suite 281 583 Carolyne Light, West Noel, FL 06179",39.25,2024,10,3
69542,45304,19238,1,21.5,2024-08-15 13:14:38.163000+00:00,Unknown,21.5,2024,8,15
64072,47623,19561,1,25.0,2025-01-11 03:26:50+00:00,Unknown,25.0,2025,1,11
71036,47529,19001,1,32.75,2024-12-23 22:43:50.849000+00:00,Unknown,32.75,2024,12,23
73786,45321,19259,3,72.0,2025-02-15 12:21:58+00:00,Unknown,216.0,2025,2,15
64381,45443,19037,1,27.0,2025-01-06 21:54:58+00:00,"766 Stacey Keys, New Taneka, NH 24133-5768",27.0,2025,1,6
68543,45442,19089,2,48.99,2024-09-19 11:40:42+00:00,Unknown,97.98,2024,9,19
63297,47494,19307,2,26.1,2024-11-16 21:12:51+00:00,Unknown,52.2,2024,11,16
68616,45460,19221,1,56.0,2025-03-03 10:28:03.865000+00:00,Unknown,56.0,2025,3,3
68170,44394,18985,1,56.5,2024-12-24 11:11:00+00:00,Unknown,56.5,2024,12,24
62986,47214,19237,1,81.0,2024-06-27 08:45:00+00:00,Unknown,81.0,2024,6,27
63363,46660,19058,1,16.99,2025-01-21 07:45:48+00:00,Unknown,16.99,2025,1,21
65254,45824,19230,4,60.99,2024-08-28 08:29:00+00:00,Unknown,243.96,2024,8,28
64899,46135,18896,2,28.0,2024-10-30 22:19:00+00:00,Unknown,56.0,2024,10,30
65599,44446,18854,5,46.5,2024-06-05 13:08:22+00:00,Unknown,232.5,2024,6,5
63091,45693,19181,1,77.4,2025-08-02 03:50:23+00:00,Unknown,77.4,2025,8,2
71097,47138,18977,1,31.0,2024-08-08 04:22:20+00:00,Unknown,31.0,2024,8,8
66590,46936,19230,1,68.4,2024-09-06 13:52:22.825000+00:00,Unknown,68.4,2024,9,6
68357,47034,19490,1,50.5,2025-03-23 18:29:06+00:00,"7390 Dietrich Brook, Port Cole, AR 60542-4610",50.5,2025,3,23
64252,46095,19497,1,53.0,2024-06-29 09:13:20+00:00,"2366 Abdul Curve, Kuphalmouth, WY 27208",53.0,2024,6,29
69822,45853,19365,1,63.99,2024-12-03 00:19:00+00:00,Unknown,63.99,2024,12,3
68246,44874,19309,5,66.0,2024-09-13 16:03:00+00:00,Unknown,330.0,2024,9,13
67033,46378,19216,1,62.0,2024-10-01 21:20:38+00:00,Unknown,62.0,2024,10,1
73601,47273,18940,1,16.5,2025-09-01 10:01:44+00:00,Unknown,16.5,2025,9,1
66266,46884,19087,1,56.99,2024-10-29 07:44:00+00:00,"Suite 969 80431 Connelly Camp, Greenshire, CA 02779",56.99,2024,10,29
63106,46070,19058,5,19.0,2024-09-20 18:49:00+00:00,Unknown,95.0,2024,9,20
67904,44656,19571,1,13.5,2025-04-08 01:52:17+00:00,Unknown,13.5,2025,4,8
73177,44582,19562,3,50.0,2025-08-05 05:28:08+00:00,Unknown,150.0,2025,8,5
71228,44959,19421,2,26.4,2024-09-20 18:03:00+00:00,Unknown,52.8,2024,9,20
68122,45467,19384,1,19.25,2025-09-21 05:25:18+00:00,Unknown,19.25,2025,9,21
65732,44413,18930,1,37.75,2024-08-15 20:08:10+00:00,Unknown,37.75,2024,8,15
62972,46755,19425,2,41.5,2024-12-08 09:16:44+00:00,Unknown,83.0,2024,12,8
71531,44628,19176,1,25.99,2024-10-12 18:14:40+00:00,Unknown,25.99,2024,10,12
67374,45629,19233,1,69.0,2025-06-15 17:58:45.335000+00:00,Unknown,69.0,2025,6,15
62753,47027,19477,2,44.0,2024-07-30 06:00:42+00:00,"7309 Lewis Spring, East Taren, GA 37619-1871",88.0,2024,7,30
67676,47127,19223,1,22.75,2025-07-19 13:33:00+00:00,Unknown,22.75,2025,7,19
72371,46327,19403,1,52.75,2024-12-03 00:34:08+00:00,Unknown,52.75,2024,12,3
64551,46825,19357,1,12.5,2024-12-27 03:19:00+00:00,Unknown,12.5,2024,12,27
69575,44499,19268,1,44.0,2024-10-24 16:04:25+00:00,Unknown,44.0,2024,10,24
63929,44824,18945,1,45.99,2025-05-12 23:32:11.319000+00:00,Unknown,45.99,2025,5,12
69033,45818,19208,1,54.0,2024-11-12 15:26:30+00:00,Unknown,54.0,2024,11,12
67279,44535,19041,1,16.99,2024-10-19 07:32:00+00:00,Unknown,16.99,2024,10,19
66528,46480,19338,1,80.4,2025-06-26 05:16:46+00:00,"939 Keebler Flats, Herminiabury, CT 58714",80.4,2025,6,26
73824,44915,19294,1,58.5,2025-06-08 20:50:05+00:00,"46167 Rutherford Forest, Port Renea, WY 73068-3451",58.5,2025,6,8
67955,45005,19313,1,28.25,2025-08-06 00:39:39+00:00,Unknown,28.25,2025,8,6
65530,44668,18878,5,44.1,2025-01-13 01:43:00+00:00,Unknown,220.5,2025,1,13
64841,46411,19233,1,69.0,2024-08-05 08:22:53+00:00,Unknown,69.0,2024,8,5
72333,47013,19060,2,77.7,2024-11-21 03:39:38+00:00,Unknown,155.4,2024,11,21
68641,45036,19298,1,76.8,2025-01-01 01:10:43+00:00,Unknown,76.8,2025,1,1
73497,46458,18965,2,64.25,2025-03-23 14:04:51+00:00,"Suite 902 67889 Walter Shore, West Bertha, NM 95674-2993",128.5,2025,3,23
63697,44790,19249,1,60.5,2024-08-09 21:58:23+00:00,Unknown,60.5,2024,8,9
73339,47238,19328,1,28.5,2024-07-18 01:38:02+00:00,Unknown,28.5,2024,7,18
69263,46353,19475,1,43.0,2024-06-17 20:13:58+00:00,Unknown,43.0,2024,6,17
71138,45600,19279,2,21.5,2024-12-25 17:37:00+00:00,Unknown,43.0,2024,12,25
63843,44364,19339,1,55.2,2024-11-03 11:32:00+00:00,Unknown,55.2,2024,11,3
64447,47624,19501,1,17.0,2024-11-01 13:41:47+00:00,Unknown,17.0,2024,11,1
72111,46971,19243,3,41.99,2024-03-21 13:43:00+00:00,Unknown,125.97,2024,3,21
64522,45285,19380,2,68.0,2025-05-04 02:56:00+00:00,Unknown,136.0,2025,5,4
67805,45607,19383,1,61.5,2024-08-12 11:21:53+00:00,Unknown,61.5,2024,8,12
73235,45685,19118,1,72.25,2024-10-17 06:46:52.543000+00:00,Unknown,72.25,2024,10,17
69998,46289,19330,1,73.2,2024-05-21 15:00:00+00:00,Unknown,73.2,2024,5,21
64527,44891,19040,1,20.4,2024-12-24 17:37:00+00:00,Unknown,20.4,2024,12,24
68772,47185,19480,1,86.4,2025-03-14 10:31:23+00:00,Unknown,86.4,2025,3,14
68267,46992,18945,1,45.0,2024-07-15 07:01:08+00:00,Unknown,45.0,2024,7,15
64565,45855,19182,3,54.0,2024-12-18 18:24:45+00:00,Unknown,162.0,2024,12,18
71226,45537,18912,3,59.0,2025-07-02 07:22:46+00:00,Unknown,177.0,2025,7,2
67049,46504,19506,1,59.25,2025-03-10 05:18:00+00:00,Unknown,59.25,2025,3,10
66356,46299,19216,1,66.25,2024-11-09 08:12:46+00:00,Unknown,66.25,2024,11,9
66115,47304,19562,1,52.0,2025-04-19 19:18:20+00:00,Unknown,52.0,2025,4,19
64666,45657,19556,3,33.6,2024-11-04 02:10:00+00:00,"2771 Watsica Valley, North Arielport, WA 53505",100.8,2024,11,4
65872,46700,19053,1,67.19,2025-01-31 04:01:43+00:00,Unknown,67.19,2025,1,31
68906,44626,18926,1,33.0,2024-12-04 01:28:24+00:00,Unknown,33.0,2024,12,4
66232,44349,19244,1,61.19,2024-08-28 03:58:09+00:00,Unknown,61.19,2024,8,28
67849,44919,19258,1,68.99,2024-08-18 13:48:44+00:00,Unknown,68.99,2024,8,18
66210,44707,18880,1,85.8,2024-08-20 11:35:10+00:00,Unknown,85.8,2024,8,20
63459,46577,19194,2,46.5,2024-11-17 06:23:00+00:00,"Suite 948 475 Nitzsche Knolls, Port Gennyville, MS 81562",93.0,2024,11,17
63510,46532,19388,1,52.0,2025-04-18 23:48:52.086000+00:00,Unknown,52.0,2025,4,18
62762,47581,19224,1,69.9,2024-09-22 09:11:00+00:00,Unknown,69.9,2024,9,22
71132,47077,19422,1,29.0,2024-10-21 09:56:00+00:00,"670 Stracke Orchard, Assuntaville, MO 31092",29.0,2024,10,21
72747,44976,18982,2,61.5,2025-04-20 16:32:00+00:00,"5125 Luvenia Views, Natoshaview, OK 17568-4608",123.0,2025,4,20
70030,46494,19401,1,60.0,2024-12-05 00:18:26+00:00,Unknown,60.0,2024,12,5
66688,46709,19053,2,57.0,2025-04-20 18:10:00+00:00,Unknown,114.0,2025,4,20
73496,45363,19383,1,62.75,2025-01-06 07:10:43+00:00,"357 Maurice View, North Kelleystad, NY 14165-5334",62.75,2025,1,6
71308,45517,19413,1,35.5,2024-11-08 16:34:54+00:00,Unknown,35.5,2024,11,8
71179,45756,19388,1,52.5,2025-07-18 16:04:04+00:00,"75591 Issac Islands, Cassinchester, AK 02770",52.5,2025,7,18
64506,45796,18916,1,57.0,2025-02-21 18:58:45+00:00,Unknown,57.0,2025,2,21
65875,44886,19139,1,56.0,2025-02-24 17:50:00+00:00,Unknown,56.0,2025,2,24
64455,47061,19176,1,23.0,2024-08-18 19:33:33+00:00,Unknown,23.0,2024,8,18
66217,45535,18868,1,32.4,2024-09-08 17:38:00+00:00,Unknown,32.4,2024,9,8
72912,46477,18849,3,32.0,2025-02-13 20:38:00+00:00,Unknown,96.0,2025,2,13
73009,44598,19374,2,19.0,2024-12-09 21:54:00+00:00,Unknown,38.0,2024,12,9
68303,47294,19108,3,45.9,2025-02-27 14:16:16+00:00,Unknown,137.7,2025,2,27
73310,45914,19579,1,25.5,2025-02-16 03:16:16+00:00,"455 Man Stream, Hicklefurt, DE 44027",25.5,2025,2,16
65039,47048,19216,1,63.25,2025-08-26 22:44:33+00:00,"Suite 185 87081 Feeney Forges, Goodwinmouth, RI 46582",63.25,2025,8,26
73129,45620,19122,1,44.1,2025-02-25 17:27:06+00:00,"1910 Pollich Skyway, Charleyberg, MS 29517-1132",44.1,2025,2,25
68255,45558,19473,1,23.0,2024-12-18 00:25:20+00:00,Unknown,23.0,2024,12,18
69022,44832,19095,1,59.25,2025-09-25 09:07:56+00:00,"Suite 908 92153 Schiller Forge, North Lancemouth, NY 43644-1422",59.25,2025,9,25
62770,46221,19453,1,27.0,2025-02-27 12:55:01+00:00,Unknown,27.0,2025,2,27
66189,46843,19459,1,42.0,2024-11-14 20:20:26+00:00,"Apt. 499 6768 Maria Burgs, Erwinland, IL 91918",42.0,2024,11,14
68744,46197,19452,1,45.0,2024-12-09 00:17:19+00:00,"8811 Samantha Brook, North Angelita, TX 69599",45.0,2024,12,9
63653,45691,19523,1,28.0,2024-05-30 08:47:37+00:00,Unknown,28.0,2024,5,30
67928,45012,19093,3,27.25,2025-05-12 07:43:36+00:00,Unknown,81.75,2025,5,12
71996,47548,18973,3,53.0,2025-01-08 07:04:00+00:00,Unknown,159.0,2025,1,8
66564,45247,19204,1,52.5,2024-09-10 03:51:29+00:00,"57925 Lang Court, Port Shannonfurt, CA 64418",52.5,2024,9,10
69756,47348,19548,1,47.0,2025-07-21 20:37:22+00:00,Unknown,47.0,2025,7,21
70006,47466,19204,1,48.0,2024-06-26 09:55:51+00:00,Unknown,48.0,2024,6,26
73603,47065,19016,1,45.0,2025-01-31 07:52:37+00:00,"Suite 560 6971 Koepp Square, New Trenttown, MD 44347-6973",45.0,2025,1,31
70568,46017,19560,1,27.5,2025-03-27 14:14:41+00:00,Unknown,27.5,2025,3,27
69207,45286,19474,4,34.75,2024-04-21 23:16:00+00:00,Unknown,139.0,2024,4,21
72559,44696,18967,1,71.25,2025-04-28 23:42:17+00:00,Unknown,71.25,2025,4,28
63004,44986,19236,1,82.5,2025-09-08 10:06:06+00:00,Unknown,82.5,2025,9,8
65624,46951,19313,1,28.0,2024-10-23 23:35:06+00:00,Unknown,28.0,2024,10,23
67885,45335,18860,1,46.75,2024-11-12 19:39:48+00:00,Unknown,46.75,2024,11,12
66398,45403,19230,1,62.0,2025-02-22 22:28:48+00:00,"Suite 404 57659 Francis Parkways, Schinnerside, SC 75283",62.0,2025,2,22
72802,45839,18898,1,70.5,2025-03-12 23:25:10+00:00,Unknown,70.5,2025,3,12
72942,46497,19300,1,87.3,2025-04-03 00:48:17+00:00,Unknown,87.3,2025,4,3
64305,46055,19520,1,33.0,2025-02-15 20:01:38+00:00,Unknown,33.0,2025,2,15
72698,47413,19058,2,15.0,2024-12-17 11:39:49+00:00,"Apt. 269 209 Tod Inlet, North Man, OR 50112-8912",30.0,2024,12,17
67874,44764,19225,1,64.0,2024-03-30 14:18:27+00:00,Unknown,64.0,2024,3,30
63681,44682,19027,1,72.0,2024-11-16 00:46:00+00:00,"Suite 816 67353 Waelchi Mission, Guschester, KS 02506",72.0,2024,11,16
67809,44415,19410,1,46.25,2024-12-17 22:41:02+00:00,Unknown,46.25,2024,12,17
63759,44559,19337,1,66.0,2025-02-17 12:58:35+00:00,Unknown,66.0,2025,2,17
69763,44536,19075,1,43.0,2024-05-31 01:03:00+00:00,"Suite 442 52145 Rusty Square, New Bibistad, OK 15649",43.0,2024,5,31
68141,46484,18980,1,62.75,2024-09-25 01:17:27+00:00,Unknown,62.75,2024,9,25
65426,47359,19049,1,56.0,2024-07-07 05:45:15+00:00,"947 Bartell Inlet, North Ardella, ID 88533-7754",56.0,2024,7,7
68535,44402,19313,1,30.5,2024-05-17 01:07:33+00:00,Unknown,30.5,2024,5,17
64716,46977,18979,1,71.0,2024-10-14 20:36:00+00:00,Unknown,71.0,2024,10,14
63436,45615,19444,1,55.19,2024-10-22 16:19:38+00:00,"7063 Ignacio Creek, Ziemannhaven, VA 89602-6259",55.19,2024,10,22
69028,44955,19101,3,74.0,2024-11-09 14:18:20+00:00,"Suite 113 1715 Kiehn Alley, Lake Rufus, GA 75388",222.0,2024,11,9
73381,46748,19239,1,73.0,2024-05-09 17:38:15+00:00,Unknown,73.0,2024,5,9
70930,46039,19269,1,30.25,2024-10-14 04:21:20+00:00,Unknown,30.25,2024,10,14
64802,45730,19152,1,32.7,2025-04-23 17:13:26+00:00,Unknown,32.7,2025,4,23
63109,46240,19165,1,34.79,2024-08-20 02:48:00+00:00,Unknown,34.79,2024,8,20
68336,45115,19526,1,66.5,2024-09-22 08:51:23+00:00,Unknown,66.5,2024,9,22
66167,46670,19056,1,24.75,2024-08-28 15:54:00+00:00,"550 Thomas Brooks, Teodoraside, NM 21885",24.75,2024,8,28
71261,46521,19492,1,63.0,2024-09-19 20:59:26+00:00,Unknown,63.0,2024,9,19
62982,46991,19474,1,40.8,2024-10-02 07:28:17+00:00,Unknown,40.8,2024,10,2
67055,45940,19113,1,75.5,2025-04-02 08:54:38+00:00,Unknown,75.5,2025,4,2
66953,45702,19017,1,53.0,2025-05-21 07:07:46+00:00,Unknown,53.0,2025,5,21
63029,47408,18953,1,76.8,2025-02-05 03:47:00+00:00,"Suite 151 1391 Aufderhar Forges, South Sebastianton, SC 16383-5529",76.8,2025,2,5
65432,44491,19012,2,56.39,2024-12-24 21:22:14+00:00,Unknown,112.78,2024,12,24
72001,46198,19042,1,38.39,2024-10-13 05:33:00+00:00,Unknown,38.39,2024,10,13
65237,44938,19515,2,64.0,2024-10-20 23:33:52+00:00,"Suite 495 41646 Louis Greens, Hughmouth, WV 89996",128.0,2024,10,20
70416,45034,19506,1,61.0,2024-09-20 17:16:32+00:00,Unknown,61.0,2024,9,20
72124,44873,18840,4,47.0,2025-03-01 21:39:36+00:00,Unknown,188.0,2025,3,1
69223,44650,19581,5,30.3,2025-05-13 08:44:15+00:00,Unknown,151.5,2025,5,13
65472,45208,19220,5,73.8,2024-11-02 01:42:16+00:00,Unknown,369.0,2024,11,2
65990,44336,19398,2,78.6,2025-06-17 03:11:06.901000+00:00,Unknown,157.2,2025,6,17
71164,44338,19163,3,15.25,2025-01-16 22:57:57+00:00,Unknown,45.75,2025,1,16
62824,46906,19537,2,53.75,2024-12-27 11:18:29+00:00,Unknown,107.5,2024,12,27
69048,44955,19226,4,26.0,2024-12-21 17:38:21+00:00,Unknown,104.0,2024,12,21
69313,45730,19206,1,25.0,2024-10-10 23:07:14+00:00,Unknown,25.0,2024,10,10
67362,44924,19128,1,91.8,2024-10-23 19:09:52+00:00,Unknown,91.8,2024,10,23
67587,45871,18918,1,80.39,2024-06-20 08:26:36+00:00,Unknown,80.39,2024,6,20
63231,46238,19390,1,45.6,2024-10-12 22:51:18.030000+00:00,Unknown,45.6,2024,10,12
63156,45452,19549,1,48.6,2025-04-06 05:56:00+00:00,"Suite 646 359 Brown Knoll, South Tessa, UT 44795-2900",48.6,2025,4,6
73231,46105,19041,2,19.8,2025-03-10 13:14:01+00:00,Unknown,39.6,2025,3,10
72424,44385,19134,1,84.0,2024-08-06 10:08:26+00:00,"Apt. 829 99724 Delphia Greens, East Lishaborough, OR 49096-1419",84.0,2024,8,6
62979,45045,18970,1,47.5,2024-11-01 01:46:22+00:00,Unknown,47.5,2024,11,1
66307,46865,19456,1,36.0,2025-02-03 10:05:00+00:00,Unknown,36.0,2025,2,3
66404,44687,19027,2,75.5,2025-01-23 21:54:01.844000+00:00,"56217 Wilmer Circle, Garthstad, PA 68688-6078",151.0,2025,1,23
63649,44477,19313,1,27.5,2024-03-08 05:53:00+00:00,Unknown,27.5,2024,3,8
70918,46561,18842,1,62.5,2025-03-28 10:01:26+00:00,"544 Wilhemina Ports, Langoshmouth, HI 17084-1745",62.5,2025,3,28
71272,46396,18992,3,68.99,2024-09-21 06:22:00+00:00,Unknown,206.97,2024,9,21
64773,47564,18854,4,46.5,2024-03-04 01:23:00+00:00,Unknown,186.0,2024,3,4
72340,44377,19113,1,76.0,2024-12-28 19:06:00+00:00,Unknown,76.0,2024,12,28
69529,44757,19253,2,44.4,2024-11-03 14:53:00+00:00,Unknown,88.8,2024,11,3
70979,47314,19094,2,48.25,2024-08-04 12:58:09+00:00,Unknown,96.5,2024,8,4
73891,46453,18932,3,22.0,2024-04-06 17:30:17+00:00,"5727 Turner Pike, North Lindy, AL 97492-3542",66.0,2024,4,6
66915,45598,19221,2,57.25,2025-04-14 00:14:32+00:00,Unknown,114.5,2025,4,14
64150,44788,19352,1,37.8,2024-10-22 04:58:12+00:00,"Apt. 150 227 Philip Villages, Wunschmouth, NY 79254",37.8,2024,10,22
65976,46158,18845,1,70.8,2024-10-27 12:52:32+00:00,"183 Cummings Keys, New Randall, WA 36663",70.8,2024,10,27
67568,46684,19491,3,36.25,2024-06-19 07:26:37+00:00,Unknown,108.75,2024,6,19
65733,45522,19463,5,64.5,2024-11-09 04:52:00+00:00,Unknown,322.5,2024,11,9
67483,46462,19160,2,69.0,2024-12-18 11:25:48+00:00,Unknown,138.0,2024,12,18
65829,45695,19582,2,57.3,2024-10-02 07:38:48+00:00,Unknown,114.6,2024,10,2
70895,46090,19543,1,40.0,2025-01-03 17:12:11.825000+00:00,Unknown,40.0,2025,1,3
67031,46010,19476,2,22.5,2024-09-28 20:50:31+00:00,"Apt. 278 682 Yost Avenue, West Corrina, AZ 55572-5900",45.0,2024,9,28
73907,45056,19195,1,67.0,2025-07-18 16:33:46.828000+00:00,"474 Goyette Rest, South Sherronborough, AK 86637-5075",67.0,2025,7,18
66327,46336,19440,2,26.0,2025-07-10 03:05:00+00:00,"6605 Sandra Streets, Fadelton, TN 22039-4480",52.0,2025,7,10
64647,45430,19267,2,17.25,2024-08-23 09:30:00+00:00,Unknown,34.5,2024,8,23
67327,45054,19181,1,64.5,2025-05-13 18:22:00+00:00,Unknown,64.5,2025,5,13
66987,45837,19230,1,70.79,2024-07-06 20:39:22+00:00,Unknown,70.79,2024,7,6
73726,46792,19109,3,38.0,2025-01-05 08:22:29+00:00,Unknown,114.0,2025,1,5
69093,46180,19391,4,52.5,2024-10-28 06:01:21+00:00,Unknown,210.0,2024,10,28
71956,46517,19351,1,27.0,2024-10-11 20:24:54+00:00,Unknown,27.0,2024,10,11
65443,44786,19399,1,20.7,2024-11-09 23:06:52+00:00,Unknown,20.7,2024,11,9
67518,45141,18926,1,37.25,2024-03-19 10:59:48+00:00,Unknown,37.25,2024,3,19
72029,44997,19507,2,23.75,2025-05-26 22:34:58+00:00,"41395 Powlowski Villages, East Joaquina, AZ 23988",47.5,2025,5,26
72836,45997,19202,3,51.99,2024-10-02 23:15:56+00:00,Unknown,155.97,2024,10,2
73346,47000,19224,1,58.5,2025-07-31 04:58:00+00:00,Unknown,58.5,2025,7,31
68715,46529,19447,2,34.2,2025-02-06 17:52:00+00:00,Unknown,68.4,2025,2,6
73550,46558,19192,1,58.75,2025-03-21 12:21:00+00:00,Unknown,58.75,2025,3,21
69668,46313,19565,1,68.99,2024-11-04 01:24:47+00:00,Unknown,68.99,2024,11,4
70789,46246,18908,1,55.2,2024-10-11 03:04:00+00:00,Unknown,55.2,2024,10,11
65449,45243,19318,1,33.59,2025-02-25 08:58:09+00:00,Unknown,33.59,2025,2,25
72813,45347,18860,1,47.99,2024-10-10 13:08:30+00:00,Unknown,47.99,2024,10,10
72835,44670,19567,1,49.25,2024-10-18 13:26:26+00:00,Unknown,49.25,2024,10,18
70771,45277,19111,1,26.0,2024-07-23 19:28:39.762000+00:00,Unknown,26.0,2024,7,23
71467,46113,18968,1,82.8,2024-12-03 12:04:00+00:00,Unknown,82.8,2024,12,3
62859,47304,19047,1,47.99,2025-03-04 22:42:05+00:00,"55562 Alysa Rest, New Gertieton, SC 93037-1662",47.99,2025,3,4
69289,46728,18926,1,44.4,2024-11-03 04:55:34+00:00,Unknown,44.4,2024,11,3
67750,47491,19518,1,27.99,2025-01-08 17:55:00+00:00,Unknown,27.99,2025,1,8
73635,46458,19143,1,36.9,2025-05-24 21:02:45+00:00,Unknown,36.9,2025,5,24
73132,45824,19083,1,46.5,2024-11-30 04:51:45+00:00,"Suite 853 70461 Blick Path, Rollandstad, MO 55547-1274",46.5,2024,11,30
73193,47047,19141,1,50.25,2025-03-09 04:56:57+00:00,Unknown,50.25,2025,3,9
64898,46914,19538,5,68.4,2025-02-13 01:49:46+00:00,"36900 Elmer Place, North Mairamouth, NM 57194-9475",342.0,2025,2,13
65235,46500,19417,1,26.75,2024-08-21 01:57:59.263000+00:00,Unknown,26.75,2024,8,21
67345,47214,19103,1,44.39,2024-11-14 16:38:41+00:00,Unknown,44.39,2024,11,14
64046,47523,19043,4,16.5,2025-01-31 11:59:48+00:00,Unknown,66.0,2025,1,31
70350,45576,19135,1,53.5,2024-09-21 04:48:50+00:00,Unknown,53.5,2024,9,21
68398,46016,19159,1,18.75,2024-10-28 20:10:07+00:00,Unknown,18.75,2024,10,28
65822,44482,19497,1,57.0,2024-07-06 21:55:00+00:00,"Suite 387 15722 Powlowski Rue, East Robertachester, OR 75085",57.0,2024,7,6
63732,45207,19243,1,40.75,2024-12-28 12:33:59+00:00,Unknown,40.75,2024,12,28
65273,44635,19380,2,68.25,2024-10-20 14:47:00+00:00,"9117 Watsica Vista, Port Jamie, PA 56948-8055",136.5,2024,10,20
65145,44907,19026,1,19.0,2024-09-14 00:20:39.073000+00:00,Unknown,19.0,2024,9,14
71733,45605,18901,1,85.8,2024-11-25 05:37:00+00:00,Unknown,85.8,2024,11,25
68457,44351,19491,1,36.99,2024-09-30 14:09:51+00:00,"7957 Predovic Harbors, Schroederborough, VA 28741",36.99,2024,9,30
64818,47326,19391,1,64.5,2024-10-12 10:36:51+00:00,Unknown,64.5,2024,10,12
63377,46211,19186,2,30.75,2025-05-26 23:45:56+00:00,"917 Tamesha River, Kertzmannbury, AR 95385-1393",61.5,2025,5,26
68319,47260,19418,1,55.5,2025-01-17 04:14:17+00:00,Unknown,55.5,2025,1,17
72595,45312,19316,1,23.5,2025-04-14 18:24:00+00:00,Unknown,23.5,2025,4,14
66505,44712,18869,1,26.0,2025-03-20 13:18:15+00:00,"Apt. 385 186 Kraig Ports, Nicolasborough, IL 22088-7425",26.0,2025,3,20
72756,45954,18939,1,52.25,2024-06-22 13:18:00+00:00,Unknown,52.25,2024,6,22
69025,45564,19270,2,19.5,2024-12-02 13:53:11+00:00,Unknown,39.0,2024,12,2
70976,47188,18867,1,53.0,2025-07-04 16:09:24+00:00,Unknown,53.0,2025,7,4
68591,45743,19556,2,31.0,2024-10-13 16:00:55+00:00,Unknown,62.0,2024,10,13
69447,46094,19248,2,55.0,2024-09-06 01:20:22+00:00,Unknown,110.0,2024,9,6
68627,47312,19315,1,75.3,2025-01-08 23:57:52+00:00,Unknown,75.3,2025,1,8
65004,44392,19043,1,21.0,2024-09-09 04:07:00+00:00,Unknown,21.0,2024,9,9
71133,46573,19453,1,35.1,2024-06-11 09:58:00+00:00,Unknown,35.1,2024,6,11
73914,44437,19258,1,82.79,2024-07-02 10:25:00+00:00,Unknown,82.79,2024,7,2
63462,45653,19078,2,52.75,2025-06-22 09:18:31+00:00,Unknown,105.5,2025,6,22
71603,46409,19012,2,42.75,2024-10-04 17:34:12+00:00,"920 Lucius Mountain, Brekkeville, AZ 16827",85.5,2024,10,4
66706,45549,19055,1,21.59,2025-03-06 13:36:56+00:00,Unknown,21.59,2025,3,6
70944,46901,19265,1,50.0,2025-05-03 06:08:00+00:00,Unknown,50.0,2025,5,3
69901,46961,19375,3,21.6,2024-08-26 04:59:46+00:00,Unknown,64.8,2024,8,26
64017,46114,19349,1,41.5,2024-11-13 02:31:05+00:00,Unknown,41.5,2024,11,13
73885,44467,19487,1,70.5,2025-02-16 23:31:41+00:00,Unknown,70.5,2025,2,16
70032,45057,19427,1,40.99,2025-04-08 19:12:55+00:00,"8573 White Crescent, Aaronfurt, VT 34949-3086",40.99,2025,4,8
71609,46531,19119,1,58.5,2024-09-22 08:39:58+00:00,"Apt. 264 3599 Balistreri Turnpike, West Luigistad, MT 75332",58.5,2024,9,22
72966,46946,19068,2,66.3,2024-10-14 17:03:53+00:00,Unknown,132.6,2024,10,14
63997,45632,19026,5,19.5,2024-07-02 01:10:00+00:00,Unknown,97.5,2024,7,2
68177,45266,19380,1,81.9,2025-01-09 04:46:30.882000+00:00,Unknown,81.9,2025,1,9
66994,44895,19329,1,79.2,2024-11-19 19:25:54+00:00,Unknown,79.2,2024,11,19
73491,46108,18989,1,51.59,2024-10-22 23:40:51+00:00,Unknown,51.59,2024,10,22
68789,47054,19269,1,28.5,2024-10-14 02:48:00+00:00,Unknown,28.5,2024,10,14
71175,45961,19548,2,46.0,2025-01-30 16:02:30+00:00,Unknown,92.0,2025,1,30
69436,47187,18870,1,54.99,2024-11-03 06:32:39.246000+00:00,"8104 Leland Point, New Nicholmouth, AK 69364-9724",54.99,2024,11,3
70262,46449,19200,2,22.5,2024-08-08 09:26:49+00:00,"Suite 371 400 Olin Club, Salomeland, FL 01485",45.0,2024,8,8
62969,46306,19391,2,61.2,2025-02-16 07:35:09+00:00,Unknown,122.4,2025,2,16
64028,47586,18885,1,28.0,2024-06-17 05:05:54+00:00,Unknown,28.0,2024,6,17
63951,44539,19517,1,85.8,2025-01-18 18:43:09.496000+00:00,Unknown,85.8,2025,1,18
71103,46297,19517,1,87.0,2024-09-03 15:17:01+00:00,Unknown,87.0,2024,9,3
63441,45810,19199,1,19.25,2024-03-22 03:10:41+00:00,"Apt. 635 796 Branda Branch, West Armando, WY 15285",19.25,2024,3,22
72533,45134,19022,1,65.25,2024-08-08 17:03:39+00:00,Unknown,65.25,2024,8,8
73862,45858,19492,2,49.99,2025-01-05 03:09:38+00:00,Unknown,99.98,2025,1,5
71046,45906,18854,4,41.5,2024-04-02 15:18:00+00:00,"Suite 570 9103 Casandra Lake, McGlynnville, MS 22248",166.0,2024,4,2
66554,47266,18865,1,42.75,2024-12-03 19:50:10+00:00,Unknown,42.75,2024,12,3
65208,45483,19162,2,75.6,2024-11-23 15:31:00+00:00,Unknown,151.2,2024,11,23
67397,46423,19136,1,50.25,2025-01-26 11:59:03+00:00,"20987 Quitzon Springs, South Hildestad, AR 32789",50.25,2025,1,26
67846,44872,19205,2,14.4,2024-09-15 02:52:00+00:00,Unknown,28.8,2024,9,15
63299,47071,19038,1,57.99,2024-05-10 07:33:41+00:00,Unknown,57.99,2024,5,10
73407,44853,18925,1,25.0,2024-12-08 16:52:03.835000+00:00,Unknown,25.0,2024,12,8
73620,44802,19130,1,24.99,2024-10-01 17:31:00+00:00,Unknown,24.99,2024,10,1
69794,45823,19202,1,55.99,2025-06-08 02:44:00+00:00,Unknown,55.99,2025,6,8
71430,45737,19005,2,43.19,2025-02-15 08:24:15.717000+00:00,Unknown,86.38,2025,2,15
68139,45200,19058,1,17.5,2025-07-08 14:14:00+00:00,Unknown,17.5,2025,7,8
64147,45024,19184,1,18.5,2025-07-16 08:50:02+00:00,Unknown,18.5,2025,7,16
64825,47357,19550,1,32.5,2024-12-15 22:55:00+00:00,Unknown,32.5,2024,12,15
70707,45031,19452,1,37.75,2025-02-11 10:22:21+00:00,Unknown,37.75,2025,2,11
71709,46783,18920,3,48.0,2025-01-08 03:14:59+00:00,Unknown,144.0,2025,1,8
65539,45439,18970,2,48.99,2025-02-07 14:01:08+00:00,Unknown,97.98,2025,2,7
71374,47067,19504,1,59.5,2024-10-09 17:08:36+00:00,Unknown,59.5,2024,10,9
65258,47033,18846,1,22.5,2025-07-15 11:14:07+00:00,Unknown,22.5,2025,7,15
64223,45378,19067,1,47.99,2025-08-25 16:40:24+00:00,Unknown,47.99,2025,8,25
73137,46057,19016,1,56.39,2025-03-21 08:02:36+00:00,Unknown,56.39,2025,3,21
66376,46180,19411,1,47.0,2025-02-12 08:20:00+00:00,Unknown,47.0,2025,2,12
64157,45882,19124,1,63.9,2025-05-27 08:46:16+00:00,Unknown,63.9,2025,5,27
73829,46946,19482,1,29.99,2024-07-08 00:23:23+00:00,Unknown,29.99,2024,7,8
69924,47080,18975,3,68.39,2024-09-10 12:45:47+00:00,Unknown,205.17,2024,9,10
69282,47101,18887,2,60.6,2024-12-06 13:06:00+00:00,Unknown,121.2,2024,12,6
68896,44885,19144,1,48.0,2024-05-16 06:12:49+00:00,Unknown,48.0,2024,5,16
66359,45643,19176,2,23.99,2025-03-28 03:51:00+00:00,"522 Luciano Haven, Huelland, NM 06756",47.98,2025,3,28
68096,46764,19450,1,38.4,2025-03-28 11:35:56+00:00,Unknown,38.4,2025,3,28
63615,44530,19051,2,72.25,2024-09-22 06:05:26+00:00,Unknown,144.5,2024,9,22
67046,47453,19040,1,16.99,2024-09-09 15:29:06+00:00,Unknown,16.99,2024,9,9
71881,46546,19432,1,30.0,2025-08-12 16:41:00+00:00,Unknown,30.0,2025,8,12
68217,47172,19185,1,69.0,2024-12-29 09:18:48+00:00,Unknown,69.0,2024,12,29
72484,46060,19464,3,41.75,2025-02-09 07:12:47+00:00,"8816 Isaiah Neck, Port Sebastian, OR 91569-4521",125.25,2025,2,9
71865,46280,19108,1,45.59,2024-12-24 09:34:46+00:00,Unknown,45.59,2024,12,24
67014,47350,18902,1,24.6,2024-08-10 22:25:00+00:00,Unknown,24.6,2024,8,10
66918,44661,18863,2,24.0,2024-07-04 18:06:31+00:00,Unknown,48.0,2024,7,4
64570,46403,19353,2,15.5,2024-05-31 23:31:05+00:00,Unknown,31.0,2024,5,31
71247,46943,19119,1,76.2,2024-07-09 01:35:00+00:00,Unknown,76.2,2024,7,9
71683,46046,18971,1,58.0,2025-01-21 08:22:51+00:00,Unknown,58.0,2025,1,21
65764,47286,19542,2,61.25,2024-12-09 20:07:51+00:00,Unknown,122.5,2024,12,9
64633,46929,19417,1,25.0,2024-09-30 18:01:09+00:00,Unknown,25.0,2024,9,30
69416,45733,18965,2,63.5,2024-10-30 19:27:43+00:00,Unknown,127.0,2024,10,30
72823,45665,18949,1,33.25,2024-08-20 06:47:45+00:00,Unknown,33.25,2024,8,20
67389,46681,19312,1,75.99,2025-01-11 15:14:00+00:00,Unknown,75.99,2025,1,11
69097,46313,19145,1,73.75,2024-11-28 00:43:00+00:00,Unknown,73.75,2024,11,28
67829,44635,19218,1,82.79,2024-10-12 02:03:12+00:00,"9117 Watsica Vista, Port Jamie, PA 56948-8055",82.79,2024,10,12
65108,45692,19401,1,60.5,2024-06-07 02:14:56+00:00,"Suite 649 409 Leandro Mountains, West Bobby, OK 78671-4430",60.5,2024,6,7
69153,44954,19262,2,69.99,2024-10-27 22:11:00+00:00,Unknown,139.98,2024,10,27
72710,46515,19316,1,30.3,2025-02-10 02:49:39.075000+00:00,Unknown,30.3,2025,2,10
65175,46852,19332,1,41.99,2024-08-22 18:34:38+00:00,Unknown,41.99,2024,8,22
72746,45767,19455,1,14.99,2024-08-05 00:23:32+00:00,Unknown,14.99,2024,8,5
66297,47240,19146,2,77.7,2024-11-26 20:08:00+00:00,Unknown,155.4,2024,11,26
67758,47375,19182,2,64.2,2024-08-30 18:38:46+00:00,"Apt. 656 6043 Jordan Mews, Lake Chester, HI 25809",128.4,2024,8,30
66292,44364,19050,2,82.5,2024-08-21 10:59:00+00:00,Unknown,165.0,2024,8,21
72238,46553,19167,1,47.1,2024-07-31 12:40:00+00:00,Unknown,47.1,2024,7,31
72408,45626,19204,1,51.99,2024-07-07 11:41:00+00:00,Unknown,51.99,2024,7,7
64517,46792,19154,5,70.75,2025-01-19 16:32:09+00:00,Unknown,353.75,2025,1,19
67982,45443,19044,1,61.0,2025-05-01 16:23:58+00:00,Unknown,61.0,2025,5,1
73676,46500,19146,1,66.5,2024-11-30 16:41:30+00:00,Unknown,66.5,2024,11,30
71306,46403,19353,1,21.0,2025-04-24 01:40:28+00:00,"270 Nathanial Burg, East Kandis, NV 06358-0153",21.0,2025,4,24
67119,45893,19441,3,19.5,2025-07-21 19:05:31+00:00,Unknown,58.5,2025,7,21
73874,47507,19296,1,30.3,2024-12-01 03:43:46+00:00,Unknown,30.3,2024,12,1
66290,45124,19151,2,49.2,2025-03-02 15:54:22+00:00,Unknown,98.4,2025,3,2
64022,44558,19575,4,55.75,2024-10-15 00:51:42+00:00,Unknown,223.0,2024,10,15
65095,44383,18964,3,63.6,2024-09-08 11:13:04+00:00,Unknown,190.8,2024,9,8
72482,47298,19288,1,51.0,2024-07-03 05:34:00+00:00,"Apt. 322 122 Ha Light, Ornchester, IA 60395-9377",51.0,2024,7,3
66712,45412,19152,3,38.4,2025-04-29 14:55:33+00:00,Unknown,115.2,2025,4,29
73279,45180,18839,1,20.0,2024-10-28 00:55:17+00:00,Unknown,20.0,2024,10,28
64259,46364,18852,1,13.25,2025-02-27 09:42:03+00:00,Unknown,13.25,2025,2,27
66415,45699,19247,1,64.0,2025-02-23 22:54:45+00:00,"8860 Lianne Center, New Nicolle, MA 86544",64.0,2025,2,23
68426,47047,19162,1,77.4,2025-02-04 05:04:00+00:00,Unknown,77.4,2025,2,4
64511,46927,19104,1,56.0,2025-04-22 01:46:16+00:00,"Suite 166 700 Patrice Lodge, New Cesar, IA 74587-7254",56.0,2025,4,22
66435,44479,18922,1,16.8,2024-05-30 09:22:05+00:00,"Suite 645 290 Swaniawski Common, North Fatimah, DE 91912",16.8,2024,5,30
69558,44912,19544,1,49.2,2025-01-09 07:09:02+00:00,Unknown,49.2,2025,1,9
67784,46000,19064,1,60.75,2024-10-13 16:43:35+00:00,Unknown,60.75,2024,10,13
73478,44858,18980,2,59.0,2024-04-14 18:35:50+00:00,Unknown,118.0,2024,4,14
72343,45489,19067,4,52.5,2025-02-25 16:30:01.459000+00:00,Unknown,210.0,2025,2,25
72193,45761,18939,2,52.0,2025-05-30 22:20:58+00:00,"671 Jacobs Track, Marvinborough, WA 83040",104.0,2025,5,30
71093,46116,19377,3,50.0,2025-07-31 23:27:36+00:00,Unknown,150.0,2025,7,31
72067,47504,19032,1,70.0,2024-09-11 10:14:28+00:00,"Suite 262 47056 Dustin Fort, Hellerburgh, UT 28704-7405",70.0,2024,9,11
69341,45283,18970,1,59.99,2024-05-26 04:46:58+00:00,Unknown,59.99,2024,5,26
67561,46598,18969,1,45.5,2024-06-08 00:19:00+00:00,Unknown,45.5,2024,6,8
63504,46820,19300,1,74.0,2024-06-05 09:23:15+00:00,Unknown,74.0,2024,6,5
71433,45731,18885,2,37.2,2025-01-25 12:58:32+00:00,"Apt. 805 66450 Lockman Station, East Hiram, SD 80675-2510",74.4,2025,1,25
73215,46366,19331,1,30.5,2024-08-13 13:03:46+00:00,Unknown,30.5,2024,8,13
64656,47245,19266,1,49.5,2025-03-18 08:35:18+00:00,"17866 Lionel Underpass, Port Nikifort, NC 69422",49.5,2025,3,18
66329,45547,18951,2,66.0,2024-09-13 12:43:25+00:00,Unknown,132.0,2024,9,13
68508,45253,19513,1,29.5,2024-11-01 15:23:00+00:00,"64595 Flatley Island, Constanceberg, DE 82479",29.5,2024,11,1
69347,47245,19007,1,46.5,2024-05-16 21:31:42+00:00,"17866 Lionel Underpass, Port Nikifort, NC 69422",46.5,2024,5,16
73661,45141,18911,2,79.2,2024-08-23 03:34:03+00:00,Unknown,158.4,2024,8,23
72431,45940,19337,1,63.0,2024-05-07 09:30:00+00:00,Unknown,63.0,2024,5,7
71035,46625,19574,1,52.5,2024-12-20 03:11:11+00:00,"1132 Schmeler Corner, West Jed, WI 03984",52.5,2024,12,20
67527,44988,19083,1,46.75,2024-07-25 15:33:00+00:00,Unknown,46.75,2024,7,25
73461,46553,19132,1,70.5,2024-10-31 06:00:35+00:00,Unknown,70.5,2024,10,31
69829,45781,19465,1,47.25,2024-09-21 04:29:49.523000+00:00,Unknown,47.25,2024,9,21
69084,47180,19545,1,58.8,2024-08-11 00:16:00+00:00,Unknown,58.8,2024,8,11
66443,45682,18956,1,52.5,2025-02-02 08:23:41+00:00,Unknown,52.5,2025,2,2
65758,44367,19244,1,49.0,2024-12-01 21:35:34+00:00,Unknown,49.0,2024,12,1
67375,46050,19090,1,61.0,2024-11-23 09:14:19+00:00,"Apt. 780 741 Lexie Vista, Leoburgh, MS 40812",61.0,2024,11,23
64813,45271,18842,1,60.5,2024-08-22 13:31:00+00:00,"67830 Gibson Street, Tonjastad, MD 05647",60.5,2024,8,22
71717,46982,19571,2,16.0,2024-09-14 04:19:40+00:00,Unknown,32.0,2024,9,14
70410,46523,19124,1,63.0,2025-01-20 01:13:12+00:00,Unknown,63.0,2025,1,20
71973,47095,19298,1,78.6,2024-12-11 14:55:00+00:00,"Apt. 840 397 Darryl Viaduct, Kerlukefort, VA 97084-3044",78.6,2024,12,11
68326,47302,18894,4,19.5,2024-12-23 12:52:49+00:00,"Apt. 736 58738 Mona Point, Cormierton, LA 69254-7191",78.0,2024,12,23
63148,46769,19141,1,54.0,2024-07-26 15:01:43.693000+00:00,Unknown,54.0,2024,7,26
71044,46556,19310,1,31.5,2024-08-27 20:32:07+00:00,Unknown,31.5,2024,8,27
71596,45429,18878,2,44.4,2025-04-30 05:47:00+00:00,Unknown,88.8,2025,4,30
63445,44442,19234,1,32.7,2024-09-19 12:43:00+00:00,Unknown,32.7,2024,9,19
64334,47422,19346,1,39.0,2024-06-19 19:10:00+00:00,Unknown,39.0,2024,6,19
71396,46226,19115,1,52.0,2024-11-25 16:47:52.996000+00:00,"685 Bayer Garden, New Natalyaburgh, MS 96102-2413",52.0,2024,11,25
69106,46071,19569,1,65.5,2025-01-24 12:55:26+00:00,Unknown,65.5,2025,1,24
63506,47438,18987,1,71.1,2024-09-15 01:32:28+00:00,Unknown,71.1,2024,9,15
69750,45207,19584,1,39.5,2024-08-13 07:36:28+00:00,Unknown,39.5,2024,8,13
68065,46435,19560,1,26.0,2025-03-22 05:22:00+00:00,Unknown,26.0,2025,3,22
72383,44488,18911,1,68.0,2025-01-26 06:45:00+00:00,Unknown,68.0,2025,1,26
69034,45486,19210,1,43.19,2024-08-01 14:52:15.720000+00:00,"47540 Elwood Ridge, Gradyport, AR 72615-0740",43.19,2024,8,1
69793,44449,19462,1,62.5,2024-09-10 23:22:29+00:00,Unknown,62.5,2024,9,10
67271,46413,19356,3,59.99,2025-01-09 21:53:05+00:00,Unknown,179.97,2025,1,9
68193,45927,19355,2,38.0,2024-08-07 15:15:39.351000+00:00,"107 Warner Loaf, Drewside, MD 70561",76.0,2024,8,7
73649,46037,19158,3,67.75,2024-07-10 08:45:00+00:00,Unknown,203.25,2024,7,10
73203,45228,19410,1,47.0,2025-02-07 07:52:06+00:00,Unknown,47.0,2025,2,7
68699,45519,19065,1,22.5,2024-08-11 09:21:00+00:00,Unknown,22.5,2024,8,11
62842,44876,19459,1,53.99,2024-10-25 20:36:47+00:00,Unknown,53.99,2024,10,25
62935,44695,19261,3,84.0,2025-02-28 18:11:00+00:00,Unknown,252.0,2025,2,28
71006,47337,19417,1,22.5,2024-10-09 14:01:00+00:00,Unknown,22.5,2024,10,9
73219,45085,19169,2,70.0,2025-04-19 08:56:47+00:00,Unknown,140.0,2025,4,19
69894,44789,19554,1,72.0,2024-09-21 09:10:23+00:00,Unknown,72.0,2024,9,21
67217,46440,19436,1,25.5,2024-08-24 08:09:29+00:00,Unknown,25.5,2024,8,24
69694,47426,19580,2,72.0,2024-09-14 00:58:00+00:00,Unknown,144.0,2024,9,14
71150,45187,19481,1,65.5,2025-05-13 10:09:17+00:00,Unknown,65.5,2025,5,13
68595,47214,19058,1,24.0,2024-05-08 20:38:10+00:00,"114 Pouros Crescent, Lake Thanh, NV 69648",24.0,2024,5,8
72699,46912,19170,1,67.25,2024-10-18 00:15:04+00:00,Unknown,67.25,2024,10,18
67622,44550,19477,1,45.25,2024-05-09 18:56:27+00:00,Unknown,45.25,2024,5,9
64636,47136,19529,4,15.0,2024-09-05 15:07:51+00:00,"737 Necole Stravenue, Port Francis, NC 35079",60.0,2024,9,5
69634,45709,18840,3,47.75,2025-05-25 07:56:00+00:00,Unknown,143.25,2025,5,25
63497,45116,19152,1,32.0,2024-07-23 02:42:26+00:00,Unknown,32.0,2024,7,23
73587,45011,19115,1,52.0,2024-12-11 17:57:37+00:00,Unknown,52.0,2024,12,11
73630,45281,19531,3,28.99,2024-12-07 21:42:14+00:00,Unknown,86.97,2024,12,7
69846,46590,19108,1,41.99,2024-11-27 22:36:44+00:00,Unknown,41.99,2024,11,27
72778,45991,19282,1,72.5,2024-03-22 21:55:00+00:00,Unknown,72.5,2024,3,22
72620,46319,18953,1,59.99,2024-07-25 18:14:14+00:00,Unknown,59.99,2024,7,25
63033,47421,19034,1,55.8,2025-02-02 15:12:24+00:00,Unknown,55.8,2025,2,2
68599,46413,19376,1,58.8,2024-08-13 15:33:56+00:00,Unknown,58.8,2024,8,13
64065,45351,19167,1,48.9,2025-03-16 09:51:35.558000+00:00,Unknown,48.9,2025,3,16
69528,46047,18965,2,62.0,2024-04-11 20:10:55+00:00,Unknown,124.0,2024,4,11
67288,46174,18960,1,31.0,2024-11-16 14:41:50+00:00,Unknown,31.0,2024,11,16
65046,46981,19521,1,17.5,2024-07-09 13:18:40+00:00,Unknown,17.5,2024,7,9
62926,46310,19264,4,64.25,2024-08-19 17:33:33+00:00,"Suite 839 38272 Sauer Turnpike, New Laraburgh, MA 62777",257.0,2024,8,19
73399,47442,18874,2,53.0,2025-02-13 08:16:00+00:00,Unknown,106.0,2025,2,13
72245,47335,19485,3,67.0,2024-11-29 02:04:00+00:00,Unknown,201.0,2024,11,29
69098,44412,19388,1,56.75,2024-11-07 09:13:57+00:00,"Apt. 660 1069 Horacio Ways, Strosinberg, HI 89431-1162",56.75,2024,11,7
67633,47380,19308,1,75.3,2025-02-12 03:15:00+00:00,"Apt. 345 6059 Marquardt Mountains, Port Emeliastad, FL 87783-2832",75.3,2025,2,12
68685,45629,19459,1,41.5,2024-09-08 16:41:31+00:00,Unknown,41.5,2024,9,8
65005,44726,19519,1,30.5,2024-10-04 00:30:00+00:00,Unknown,30.5,2024,10,4
68684,46487,19178,1,38.0,2024-12-28 02:58:47+00:00,"8936 Klein Ports, Priscilashire, MN 44548",38.0,2024,12,28
62899,46211,19331,1,35.7,2025-05-05 07:54:00+00:00,Unknown,35.7,2025,5,5
66479,44609,19343,1,85.19,2024-09-26 00:37:00+00:00,Unknown,85.19,2024,9,26
71739,46357,19278,1,36.5,2024-10-27 03:38:09+00:00,Unknown,36.5,2024,10,27
63803,46282,19369,1,33.5,2024-08-18 01:05:00+00:00,"Apt. 363 6131 Shaunna Light, North Lucienville, MA 19613-4324",33.5,2024,8,18
69962,45651,19032,5,71.25,2024-11-17 16:09:44+00:00,Unknown,356.25,2024,11,17
68723,45157,19364,1,74.4,2024-10-21 16:46:00+00:00,Unknown,74.4,2024,10,21
62901,46020,19017,1,55.99,2024-08-26 17:03:00+00:00,Unknown,55.99,2024,8,26
64674,46901,19317,1,24.5,2024-10-29 20:44:00+00:00,Unknown,24.5,2024,10,29
66529,47061,19056,1,25.19,2024-04-01 15:24:00+00:00,Unknown,25.19,2024,4,1
67698,45954,19590,1,35.1,2025-01-01 05:09:00+00:00,Unknown,35.1,2025,1,1
64118,46108,19054,2,45.0,2024-12-22 13:55:22+00:00,"Suite 992 60619 Marielle Burgs, South Sharonda, ND 47479",90.0,2024,12,22
68927,46997,19433,2,68.0,2024-06-05 19:43:35+00:00,Unknown,136.0,2024,6,5
63077,45253,19318,1,30.6,2024-12-21 08:39:56+00:00,Unknown,30.6,2024,12,21
64512,44988,19582,1,55.8,2025-01-17 00:12:42+00:00,Unknown,55.8,2025,1,17
64490,45996,19336,1,50.0,2024-12-12 22:20:36+00:00,Unknown,50.0,2024,12,12
68806,46609,18948,1,18.99,2024-08-04 11:25:52+00:00,Unknown,18.99,2024,8,4
71489,47132,18972,1,28.25,2024-10-31 07:15:58+00:00,"Apt. 496 39120 Donnette Rest, West Tonitaside, AZ 78063-0618",28.25,2024,10,31
72078,47269,19021,1,37.0,2025-05-02 20:23:00+00:00,"20967 Balistreri Tunnel, Franeckiton, HI 94693-7261",37.0,2025,5,2
72566,46302,19148,1,47.1,2025-05-13 05:43:48+00:00,Unknown,47.1,2025,5,13
68375,45038,19237,1,64.0,2024-08-29 03:56:00+00:00,Unknown,64.0,2024,8,29
72730,46831,18859,1,52.5,2025-01-10 21:47:28+00:00,Unknown,52.5,2025,1,10
71398,45724,19073,2,74.5,2024-12-30 07:14:11+00:00,"Suite 162 8634 Leannon Fork, Waelchimouth, PA 23031-1580",149.0,2024,12,30
71690,45370,18983,1,38.4,2024-05-26 10:03:08.321000+00:00,Unknown,38.4,2024,5,26
66594,44808,19511,1,38.5,2025-03-19 09:14:28+00:00,"381 Garrett Ford, Stehrshire, MN 08892",38.5,2025,3,19
63515,44651,19351,1,27.0,2024-10-23 23:19:09+00:00,Unknown,27.0,2024,10,23
70086,45795,18933,1,40.5,2025-01-25 20:40:53+00:00,Unknown,40.5,2025,1,25
71704,47175,18868,1,25.0,2024-12-21 11:28:21+00:00,Unknown,25.0,2024,12,21
69791,45092,19395,1,49.8,2024-10-08 17:45:35.048000+00:00,"Apt. 428 8276 Marvin Junctions, Waldoberg, ID 99028-8076",49.8,2024,10,8
62748,45432,19566,1,18.0,2025-02-17 17:03:16+00:00,Unknown,18.0,2025,2,17
68854,46250,19213,2,39.0,2024-08-23 01:42:00+00:00,"Suite 469 672 Courtney Valleys, West Haitown, ME 84349-1521",78.0,2024,8,23
65982,45183,19422,5,31.25,2025-06-26 22:43:08.236000+00:00,Unknown,156.25,2025,6,26
65192,44487,18922,1,17.4,2025-02-25 18:39:43+00:00,"91073 Conn Extensions, North Luella, AL 73096-7135",17.4,2025,2,25
71253,45442,18853,1,62.5,2024-10-08 04:19:03+00:00,Unknown,62.5,2024,10,8
72994,45024,19468,1,40.0,2025-05-03 08:12:33+00:00,Unknown,40.0,2025,5,3
66067,45708,19542,1,61.5,2025-07-04 02:41:11.530000+00:00,"254 Balistreri Isle, Lake Magaret, OH 16696-3538",61.5,2025,7,4
66565,46257,18852,2,19.19,2025-03-22 01:59:00+00:00,Unknown,38.38,2025,3,22
63059,46450,19375,3,23.99,2024-04-28 02:50:25+00:00,Unknown,71.97,2024,4,28
67855,45209,19025,1,40.5,2024-07-24 06:11:11+00:00,Unknown,40.5,2024,7,24
70724,46903,19279,1,22.0,2024-11-28 05:18:49+00:00,"Suite 893 129 Johns Flat, Littelshire, MO 89937-5832",22.0,2024,11,28
69709,44490,19478,1,58.0,2025-06-18 10:23:01+00:00,Unknown,58.0,2025,6,18
73600,44391,19437,1,42.0,2024-08-05 01:38:00+00:00,Unknown,42.0,2024,8,5
67511,46880,19291,5,56.5,2024-04-05 02:50:00+00:00,Unknown,282.5,2024,4,5
72361,46222,19559,1,66.0,2024-06-11 23:30:29.756000+00:00,Unknown,66.0,2024,6,11
67457,46196,19453,2,30.0,2024-04-23 22:05:47+00:00,"Apt. 858 1090 Cordia Spurs, East Mistie, OH 62889-6932",60.0,2024,4,23
71385,47611,19088,5,36.99,2025-03-25 14:34:16+00:00,Unknown,184.95,2025,3,25
65882,44775,19353,3,16.5,2024-08-13 12:13:25+00:00,Unknown,49.5,2024,8,13
68082,45325,18934,1,17.5,2025-04-30 08:00:00+00:00,Unknown,17.5,2025,4,30
63403,46246,19287,1,36.0,2024-09-15 17:55:46+00:00,Unknown,36.0,2024,9,15
72537,45265,18951,1,66.75,2024-06-09 22:22:09+00:00,Unknown,66.75,2024,6,9
73025,45450,19100,1,19.0,2024-10-16 03:33:55+00:00,"Suite 396 332 Donnie Manors, Ruthetown, NM 06217",19.0,2024,10,16
69391,44668,19230,2,70.79,2024-11-03 11:15:15+00:00,Unknown,141.58,2024,11,3
65501,44663,18933,1,38.5,2024-10-03 19:15:32+00:00,Unknown,38.5,2024,10,3
69919,46166,19421,1,27.0,2024-11-15 10:56:56+00:00,"Suite 440 722 Rocco Glens, Bahringerville, NV 68760",27.0,2024,11,15
72300,45398,19112,1,19.0,2025-03-16 11:09:49.391000+00:00,Unknown,19.0,2025,3,16
66317,44998,18843,1,15.0,2025-01-20 21:56:59+00:00,"54539 Bernie Lodge, Antoneton, DE 71686-1937",15.0,2025,1,20
73308,45835,19576,1,59.99,2024-12-16 08:42:00+00:00,Unknown,59.99,2024,12,16
68012,46033,18990,1,45.99,2024-12-26 17:57:00+00:00,Unknown,45.99,2024,12,26
69145,46009,19403,1,53.5,2024-10-11 07:15:15+00:00,Unknown,53.5,2024,10,11
72586,44341,19535,5,67.75,2024-12-10 20:03:12+00:00,Unknown,338.75,2024,12,10
73295,47226,19088,1,35.5,2024-08-20 22:13:00+00:00,"Suite 458 59131 Watsica Wells, Clarenceville, MD 75083",35.5,2024,8,20
71655,47085,19535,1,82.5,2024-11-20 03:07:33+00:00,Unknown,82.5,2024,11,20
62852,45326,19373,2,48.99,2024-10-06 12:26:00+00:00,Unknown,97.98,2024,10,6
71842,47009,19191,1,30.0,2024-06-20 19:27:00+00:00,Unknown,30.0,2024,6,20
69818,46641,18915,1,77.1,2025-06-06 09:35:52+00:00,Unknown,77.1,2025,6,6
66619,45297,19545,1,54.0,2024-09-16 01:52:16+00:00,Unknown,54.0,2024,9,16
64083,45202,19444,1,44.99,2024-09-21 03:42:00+00:00,"Apt. 371 911 Vincent Hills, Lake Karenaberg, CT 34863-5546",44.99,2024,9,21
71127,46484,19109,1,39.5,2024-11-27 05:02:00+00:00,Unknown,39.5,2024,11,27
66312,44620,19405,1,53.0,2025-04-29 20:25:00+00:00,"3126 Block Plain, O'Reillyberg, NV 31671",53.0,2025,4,29
68572,45394,19413,2,36.0,2024-09-21 20:29:00+00:00,Unknown,72.0,2024,9,21
70333,44936,19467,3,91.2,2024-08-06 02:06:25.148000+00:00,"81161 Therese Parkways, New Rondaville, VT 73370",273.6,2024,8,6
69672,47317,19585,1,67.0,2024-11-10 13:00:53+00:00,Unknown,67.0,2024,11,10
70872,45410,19476,2,16.99,2024-12-01 12:05:21+00:00,Unknown,33.98,2024,12,1
71366,45341,19364,1,60.0,2024-08-21 01:30:39+00:00,Unknown,60.0,2024,8,21
63373,47014,19297,1,54.5,2024-11-02 20:23:02+00:00,Unknown,54.5,2024,11,2
66912,45276,19475,1,40.99,2024-08-11 15:56:23+00:00,"Suite 665 890 Lockman Locks, Mickeyborough, WI 03301-1636",40.99,2024,8,11
72345,46478,19258,1,81.3,2025-02-25 11:51:14+00:00,Unknown,81.3,2025,2,25
63226,46454,19093,1,34.8,2025-03-22 03:42:43+00:00,Unknown,34.8,2025,3,22
73252,45318,19481,1,66.99,2024-06-10 07:40:49+00:00,"Apt. 825 6477 Marvin Mews, Port Lavera, IN 00653-7528",66.99,2024,6,10
62835,45486,19423,5,37.5,2024-12-31 03:24:48+00:00,Unknown,187.5,2024,12,31
71855,46757,19177,2,16.25,2024-09-13 22:00:00+00:00,Unknown,32.5,2024,9,13
72060,46863,19566,2,20.0,2025-01-20 06:12:00+00:00,Unknown,40.0,2025,1,20
72855,47441,19012,1,51.6,2024-07-20 04:40:01+00:00,Unknown,51.6,2024,7,20
67981,44566,19314,2,35.25,2025-02-15 18:10:35+00:00,Unknown,70.5,2025,2,15
69016,47334,19217,1,32.25,2024-06-17 01:14:01+00:00,Unknown,32.25,2024,6,17
69589,44877,19070,2,78.6,2024-11-20 17:58:00+00:00,"75718 Moen Branch, New Delmar, ME 23057-5761",157.2,2024,11,20
69860,45919,19238,1,18.25,2024-03-03 22:33:30.259000+00:00,"1250 West Underpass, North Yuonneview, GA 70734",18.25,2024,3,3
70098,47412,19056,1,20.0,2025-01-10 20:12:21+00:00,"425 Shayla Isle, South Mario, NE 24017",20.0,2025,1,10
65781,47203,19493,3,79.2,2024-04-19 13:34:45+00:00,Unknown,237.6,2024,4,19
65611,45994,19401,1,57.0,2024-12-09 09:26:51+00:00,Unknown,57.0,2024,12,9
63062,44446,19248,1,55.25,2025-03-03 01:58:00+00:00,Unknown,55.25,2025,3,3
71649,45263,19248,1,57.75,2024-12-14 06:55:41+00:00,Unknown,57.75,2024,12,14
73451,45376,19393,1,22.0,2024-10-14 08:20:11+00:00,Unknown,22.0,2024,10,14
66828,46439,18847,1,38.0,2024-11-12 08:15:15+00:00,Unknown,38.0,2024,11,12
72024,46557,19050,1,67.25,2025-02-01 20:57:00+00:00,Unknown,67.25,2025,2,1
64196,46934,19510,2,21.6,2024-12-28 12:33:49+00:00,Unknown,43.2,2024,12,28
62751,44718,18878,1,46.8,2025-05-31 19:21:00+00:00,"Apt. 132 1278 Merle Centers, Irenamouth, ID 84950",46.8,2025,5,31
69368,46081,19147,3,24.0,2024-05-19 16:44:31+00:00,Unknown,72.0,2024,5,19
62987,44433,19507,3,24.0,2025-03-29 07:24:13+00:00,"Apt. 572 7994 Schinner Pines, Waelchiborough, PA 21486-5209",72.0,2025,3,29
67965,44417,19573,1,35.0,2024-10-11 11:01:00+00:00,Unknown,35.0,2024,10,11
66229,45276,19286,2,30.0,2024-12-07 17:38:44+00:00,"Suite 665 890 Lockman Locks, Mickeyborough, WI 03301-1636",60.0,2024,12,7
72673,47229,19066,1,50.1,2025-03-11 16:32:29+00:00,Unknown,50.1,2025,3,11
71206,46709,19270,1,20.5,2025-05-07 04:59:45+00:00,Unknown,20.5,2025,5,7
64843,44743,19430,1,56.99,2024-10-23 10:48:56+00:00,Unknown,56.99,2024,10,23
65146,45844,18860,2,45.5,2025-06-20 02:51:09+00:00,Unknown,91.0,2025,6,20
63858,47452,19412,1,39.3,2024-10-01 19:25:00+00:00,Unknown,39.3,2024,10,1
70308,46828,19355,3,38.0,2024-10-17 14:13:30+00:00,"Suite 902 731 DuBuque View, East Andrabury, OK 71023",114.0,2024,10,17
69533,46839,19490,2,64.2,2025-01-03 02:09:27+00:00,Unknown,128.4,2025,1,3
72990,46355,19098,1,68.7,2024-09-27 17:32:47+00:00,"Apt. 521 96474 Thompson Points, Port Oneidashire, MN 79505-8954",68.7,2024,9,27
72208,46193,19073,2,87.0,2025-01-24 02:08:37+00:00,"3753 Jamel Parks, New Eliseoport, GA 55260",174.0,2025,1,24
65544,46642,19572,3,20.25,2025-06-19 23:31:04+00:00,"Apt. 965 24030 Schiller Trace, Lake Sammytown, IN 95286-4700",60.75,2025,6,19
70320,45130,19543,1,47.7,2025-06-19 00:37:00+00:00,"453 Prohaska Shores, Blickport, MA 17898-1797",47.7,2025,6,19
63422,45368,18873,1,87.0,2025-04-22 07:29:00+00:00,Unknown,87.0,2025,4,22
72320,46143,19501,1,22.75,2025-04-27 03:23:23+00:00,Unknown,22.75,2025,4,27
69134,44613,19250,4,31.0,2024-12-31 10:53:20+00:00,Unknown,124.0,2024,12,31
66874,46533,19195,1,84.0,2025-03-13 19:19:33+00:00,"786 Crooks Landing, Dooleyshire, GA 72554",84.0,2025,3,13
66947,46202,19186,1,27.75,2024-09-04 23:53:00+00:00,Unknown,27.75,2024,9,4
68275,46042,19159,3,15.25,2025-01-08 08:01:00+00:00,Unknown,45.75,2025,1,8
64670,45693,19533,1,47.25,2025-01-31 05:00:58+00:00,"1274 Abbott Manors, South Allenhaven, NV 45167-3091",47.25,2025,1,31
73390,47627,18928,1,19.99,2025-05-20 20:00:51+00:00,Unknown,19.99,2025,5,20
67463,45218,18874,1,53.0,2024-10-08 16:58:17.177000+00:00,Unknown,53.0,2024,10,8
67443,46454,19429,1,71.5,2024-03-21 01:09:33+00:00,"Suite 159 5513 Leffler Walk, Kovacekfort, WY 93132",71.5,2024,3,21
72377,46576,19322,1,70.0,2025-01-17 06:04:12+00:00,"Apt. 805 878 Voncile Overpass, Beerside, TX 51204",70.0,2025,1,17
64203,45863,18967,1,88.8,2024-12-30 10:43:00+00:00,Unknown,88.8,2024,12,30
72970,44755,18956,1,52.75,2025-02-09 06:57:00+00:00,Unknown,52.75,2025,2,9
66829,47167,19348,1,34.0,2025-02-03 02:10:49+00:00,Unknown,34.0,2025,2,3
72279,46243,19280,1,45.25,2025-06-23 17:16:37+00:00,Unknown,45.25,2025,6,23
64063,46525,19309,1,65.25,2025-01-26 02:10:08.642000+00:00,"Suite 734 28378 Leuschke Wall, Wittingfort, IL 71594",65.25,2025,1,26
68467,44999,18903,1,15.0,2025-06-27 16:33:30+00:00,"Suite 894 660 Usha Row, West Jean, AR 29519-9415",15.0,2025,6,27
69407,45424,19370,1,17.25,2024-11-26 20:09:38+00:00,Unknown,17.25,2024,11,26
62834,45351,19579,1,25.99,2024-07-17 19:54:18+00:00,"Suite 755 403 Mendy Avenue, Sungtown, HI 17634",25.99,2024,7,17
63253,45791,19176,1,25.5,2024-10-05 18:56:40+00:00,Unknown,25.5,2024,10,5
73846,45004,19116,1,20.39,2024-05-11 20:28:00+00:00,Unknown,20.39,2024,5,11
68584,45861,19443,1,29.7,2025-04-21 02:11:40+00:00,Unknown,29.7,2025,4,21
70390,46944,19194,5,39.5,2024-07-25 04:19:51+00:00,Unknown,197.5,2024,7,25
66277,44865,19100,1,19.8,2024-08-29 04:30:21+00:00,Unknown,19.8,2024,8,29
71233,45671,19267,3,24.0,2024-09-08 17:45:47+00:00,Unknown,72.0,2024,9,8
72184,46204,19134,1,68.75,2024-12-25 13:01:36+00:00,Unknown,68.75,2024,12,25
68031,46808,19058,1,15.5,2024-07-19 01:22:48+00:00,Unknown,15.5,2024,7,19
70644,44734,19094,1,64.2,2024-05-31 11:30:36+00:00,Unknown,64.2,2024,5,31
66993,46406,19464,1,44.5,2024-12-15 15:27:00+00:00,Unknown,44.5,2024,12,15
73515,46000,19403,2,53.5,2025-07-02 06:40:51+00:00,"Suite 505 56935 Beier Forge, Cruickshankfurt, NE 78924-9065",107.0,2025,7,2
64370,47003,19378,1,18.3,2024-07-17 14:01:00+00:00,Unknown,18.3,2024,7,17
71696,45055,19410,1,45.0,2024-12-03 15:56:14+00:00,Unknown,45.0,2024,12,3
69018,45982,19534,1,40.75,2024-11-15 20:47:05+00:00,"289 Antoinette Vista, Bahringerborough, GA 68881-6083",40.75,2024,11,15
72891,46162,19164,1,34.0,2024-07-11 19:24:29+00:00,Unknown,34.0,2024,7,11
67895,45257,18887,2,49.0,2024-08-24 23:41:37+00:00,Unknown,98.0,2024,8,24
63491,45804,19067,1,44.75,2025-02-15 05:23:25.676000+00:00,Unknown,44.75,2025,2,15
64230,47407,18917,1,85.2,2024-11-07 16:25:13+00:00,"90448 Francisco Alley, West Rachalland, MN 19192",85.2,2024,11,7
64221,47071,18909,1,26.0,2024-06-24 19:30:54+00:00,Unknown,26.0,2024,6,24
63440,46582,18936,1,62.0,2025-03-05 12:12:55.911000+00:00,Unknown,62.0,2025,3,5
70950,47578,19103,1,40.2,2025-07-14 18:15:00+00:00,Unknown,40.2,2025,7,14
63528,44815,19234,2,26.5,2025-03-26 10:27:00+00:00,Unknown,53.0,2025,3,26
72536,44694,18848,1,21.25,2024-08-18 07:01:27+00:00,Unknown,21.25,2024,8,18
66057,45701,18968,2,65.0,2024-12-23 16:50:21+00:00,"Apt. 737 6744 Metz Well, Kenyafurt, AL 80124",130.0,2024,12,23
67683,46861,19538,2,59.0,2024-07-09 00:42:17+00:00,Unknown,118.0,2024,7,9
69723,47419,19302,1,33.6,2024-11-28 07:26:35+00:00,Unknown,33.6,2024,11,28
68463,44425,19476,1,19.5,2025-07-30 11:36:27.288000+00:00,Unknown,19.5,2025,7,30
63797,45554,19506,1,59.75,2025-03-26 15:33:00+00:00,Unknown,59.75,2025,3,26
72603,45243,19185,1,58.75,2025-01-04 01:35:00+00:00,Unknown,58.75,2025,1,4
67302,45620,19312,1,74.0,2024-04-19 14:28:57+00:00,"1910 Pollich Skyway, Charleyberg, MS 29517-1132",74.0,2024,4,19
72681,47573,19172,1,75.6,2024-10-28 22:58:52+00:00,"3236 Hane Parks, East Johnny, RI 16057-8533",75.6,2024,10,28
66179,44774,19365,2,64.25,2024-09-23 17:11:00+00:00,"Apt. 441 353 Borer Dam, Maeganstad, IL 79653",128.5,2024,9,23
66335,44683,19414,1,59.99,2024-06-06 02:53:36+00:00,Unknown,59.99,2024,6,6
68770,45733,19320,1,23.0,2024-12-02 04:48:04+00:00,Unknown,23.0,2024,12,2
70502,47026,18964,4,53.0,2025-04-27 12:21:00+00:00,"839 Neil Ranch, East Nannieview, SD 96510-4324",212.0,2025,4,27
66139,45223,19015,3,62.5,2025-03-15 16:20:56.852000+00:00,Unknown,187.5,2025,3,15
72021,44991,19402,1,27.5,2025-04-20 07:02:03+00:00,Unknown,27.5,2025,4,20
67138,46260,19105,1,39.6,2024-12-12 20:33:03+00:00,Unknown,39.6,2024,12,12
66824,47074,19504,1,58.99,2025-03-19 11:13:55+00:00,"955 Kirlin Parkways, Lake Chan, AK 17376",58.99,2025,3,19
64971,44930,19508,1,34.25,2024-11-15 02:48:32+00:00,Unknown,34.25,2024,11,15
62964,47350,18881,1,32.0,2025-04-04 04:35:22.982000+00:00,"Suite 325 3723 Schmeler Roads, Hahnshire, KS 69403",32.0,2025,4,4
66834,46298,18899,2,29.75,2024-10-26 23:47:00+00:00,Unknown,59.5,2024,10,26
63089,46954,19072,1,62.0,2025-01-16 05:37:00+00:00,Unknown,62.0,2025,1,16
71326,46820,19451,1,55.0,2025-05-02 21:51:26+00:00,Unknown,55.0,2025,5,2
64544,46631,19223,2,21.0,2025-01-23 05:13:31+00:00,Unknown,42.0,2025,1,23
70160,47534,19336,1,49.99,2025-03-24 05:29:00+00:00,Unknown,49.99,2025,3,24
64037,47210,19144,1,49.0,2024-11-09 14:57:06+00:00,Unknown,49.0,2024,11,9
65578,46600,19458,1,56.0,2025-01-03 10:12:00+00:00,Unknown,56.0,2025,1,3
73010,44907,19564,2,49.25,2024-12-02 00:33:18.119000+00:00,Unknown,98.5,2024,12,2
71011,46613,19214,3,38.25,2025-02-05 19:02:00+00:00,Unknown,114.75,2025,2,5
64836,46615,19283,1,15.0,2024-09-19 21:20:00+00:00,Unknown,15.0,2024,9,19
62807,44891,19523,1,39.0,2025-02-06 22:22:22+00:00,Unknown,39.0,2025,2,6
65144,44654,18911,2,78.0,2025-03-04 06:15:43.344000+00:00,Unknown,156.0,2025,3,4
68741,44466,19393,1,27.9,2024-08-22 14:38:00+00:00,Unknown,27.9,2024,8,22
71018,47049,19183,1,18.75,2024-06-24 16:25:00+00:00,Unknown,18.75,2024,6,24
73358,45395,19463,1,60.5,2024-11-21 13:02:30+00:00,"43240 Carola Neck, North Jedborough, MA 97657",60.5,2024,11,21
72271,44468,19150,1,41.0,2024-11-28 08:47:14+00:00,Unknown,41.0,2024,11,28
67873,47262,19005,2,46.8,2024-11-10 22:01:37+00:00,Unknown,93.6,2024,11,10
63069,44341,19026,1,27.0,2024-11-15 21:52:24+00:00,Unknown,27.0,2024,11,15
70993,47155,19258,1,69.75,2024-09-15 12:47:00+00:00,Unknown,69.75,2024,9,15
66047,46854,19264,4,60.0,2025-03-24 16:47:00.575000+00:00,"442 Jarod Ridges, Gilbertestad, KS 05033-2286",240.0,2025,3,24
65682,45477,19108,1,39.0,2024-10-22 04:45:04+00:00,Unknown,39.0,2024,10,22
67314,45275,18937,4,63.25,2025-03-17 11:02:00+00:00,Unknown,253.0,2025,3,17
63298,47160,18967,1,71.75,2024-04-08 02:16:00+00:00,Unknown,71.75,2024,4,8
62902,45672,19465,1,52.8,2024-09-28 03:39:07.716000+00:00,Unknown,52.8,2024,9,28
65589,47227,18911,1,83.99,2025-03-28 18:44:33+00:00,Unknown,83.99,2025,3,28
68891,46052,19281,1,38.99,2025-08-05 11:56:22.855000+00:00,Unknown,38.99,2025,8,5
64993,45063,18975,2,56.25,2025-01-02 16:59:45+00:00,Unknown,112.5,2025,1,2
72123,45127,18988,1,60.75,2024-07-31 09:48:00+00:00,Unknown,60.75,2024,7,31
72012,45657,19524,1,45.75,2024-10-09 12:56:10+00:00,Unknown,45.75,2024,10,9
63725,44822,19080,1,52.5,2024-08-24 06:47:46+00:00,Unknown,52.5,2024,8,24
63390,45426,19388,2,57.5,2024-12-11 17:14:31+00:00,Unknown,115.0,2024,12,11
72600,45850,19080,1,58.2,2024-06-12 15:37:02+00:00,"78819 Sawayn Mountains, Trompmouth, OK 00497-1474",58.2,2024,6,12
71886,45857,19203,1,57.99,2024-11-04 10:04:51+00:00,Unknown,57.99,2024,11,4
66245,45242,19570,1,58.79,2025-02-18 05:21:22+00:00,Unknown,58.79,2025,2,18
63372,44543,19102,1,78.3,2025-01-18 23:30:00+00:00,Unknown,78.3,2025,1,18
64793,46579,18985,1,57.99,2024-12-22 18:20:53.167000+00:00,"91869 Gregorio Mountain, West Lester, WY 78873-4165",57.99,2024,12,22
73306,44804,19089,2,51.99,2025-04-24 13:39:45+00:00,Unknown,103.98,2025,4,24
63586,47111,19507,1,22.0,2025-10-22 20:48:30+00:00,Unknown,22.0,2025,10,22
70483,46743,19248,1,54.75,2025-04-27 07:08:16+00:00,"94928 Bertram Dale, Tromptown, AL 17604-2116",54.75,2025,4,27
64651,45857,18949,2,36.6,2024-12-26 21:17:00+00:00,Unknown,73.2,2024,12,26
64672,45007,19329,3,81.0,2024-10-22 21:10:36+00:00,"83610 Okuneva Vista, Port Bobbiefort, ID 96753-3701",243.0,2024,10,22
69885,46327,19269,1,30.5,2025-01-21 01:37:00+00:00,"9677 Ferry Falls, North Chungside, MN 73940",30.5,2025,1,21
67838,46143,18931,1,35.5,2024-09-26 23:23:09+00:00,Unknown,35.5,2024,9,26
69667,47304,19248,1,58.0,2025-01-02 23:39:47+00:00,Unknown,58.0,2025,1,2
67673,45635,19323,1,44.0,2024-12-14 16:16:00+00:00,"Suite 999 2136 Willms Vista, South Omaburgh, NM 51106",44.0,2024,12,14
69833,46657,19079,1,29.25,2025-04-08 00:44:00+00:00,Unknown,29.25,2025,4,8
63232,47510,19569,1,65.0,2024-12-29 02:30:39.704000+00:00,"700 Parisian Square, North Macie, IA 05918-3518",65.0,2024,12,29
72258,45363,19389,4,22.99,2025-01-14 19:45:57+00:00,Unknown,91.96,2025,1,14
73265,46257,18939,2,66.0,2024-10-29 09:05:54+00:00,"Suite 554 768 Toya Spurs, West Dominick, UT 16766-5351",132.0,2024,10,29
73705,46299,19342,1,44.4,2025-01-14 21:08:00+00:00,Unknown,44.4,2025,1,14
72918,46835,19287,3,37.0,2024-06-26 12:27:00+00:00,Unknown,111.0,2024,6,26
67365,44903,18983,1,32.0,2024-07-26 00:25:45+00:00,"45585 Littel Rue, Elnafurt, KY 45946-7517",32.0,2024,7,26
64349,47381,19436,1,25.25,2025-03-19 15:59:56.894000+00:00,Unknown,25.25,2025,3,19
70187,46701,19045,1,43.0,2024-05-12 05:40:54+00:00,"Apt. 421 6611 Salley Streets, Nolanberg, HI 34055",43.0,2024,5,12
67682,46539,19203,1,56.0,2024-04-21 14:30:53+00:00,Unknown,56.0,2024,4,21
70965,45875,19273,1,41.5,2025-05-09 17:02:43+00:00,"87670 Bradly Ville, Steubermouth, AK 31221-4758",41.5,2025,5,9
67954,45612,19410,1,49.5,2024-08-11 13:39:00+00:00,Unknown,49.5,2024,8,11
65511,47053,19106,3,44.25,2024-07-16 08:35:00+00:00,Unknown,132.75,2024,7,16
71616,45580,18853,1,59.0,2024-08-22 15:08:00+00:00,"93257 Lowell Light, Ebonymouth, OH 25935",59.0,2024,8,22
65903,46658,18957,1,75.0,2025-05-03 01:07:48+00:00,Unknown,75.0,2025,5,3
65118,47167,18995,4,34.0,2024-11-06 02:36:24+00:00,Unknown,136.0,2024,11,6
71854,45805,19401,1,56.25,2025-09-24 05:00:50+00:00,Unknown,56.25,2025,9,24
71992,45111,19196,3,20.4,2024-12-13 09:32:00+00:00,Unknown,61.2,2024,12,13
63555,47262,19361,1,35.75,2025-02-28 11:47:48+00:00,Unknown,35.75,2025,2,28
64930,45654,19529,1,22.8,2024-06-21 18:16:58+00:00,Unknown,22.8,2024,6,21
63608,46031,19273,1,46.75,2025-04-12 08:26:03+00:00,Unknown,46.75,2025,4,12
63734,45658,19440,1,34.8,2024-07-25 21:42:48+00:00,Unknown,34.8,2024,7,25
73374,47523,19575,1,60.6,2024-08-14 09:43:00+00:00,Unknown,60.6,2024,8,14
70327,45649,19049,3,54.99,2025-03-01 02:21:00+00:00,Unknown,164.97,2025,3,1
63562,45220,19523,1,30.75,2024-04-23 19:14:50+00:00,"Apt. 220 3973 Heathcote Views, Sammiechester, UT 45002-6042",30.75,2024,4,23
65663,47611,19271,1,45.0,2025-02-25 18:07:24+00:00,Unknown,45.0,2025,2,25
70583,46966,19461,1,70.25,2024-09-12 03:16:00+00:00,"Suite 148 1581 Mueller Ports, New Sherie, RI 84078-5506",70.25,2024,9,12
71230,45569,18870,1,55.0,2024-10-27 13:00:56+00:00,Unknown,55.0,2024,10,27
63428,46859,19201,1,40.0,2025-04-27 21:00:22+00:00,Unknown,40.0,2025,4,27
63665,47522,19000,3,59.5,2025-02-25 17:40:16+00:00,"Suite 859 11915 Farrell Mountains, Schoenside, OK 59949-6072",178.5,2025,2,25
70078,45278,19026,1,22.0,2025-04-21 08:47:46+00:00,"85052 Nohemi Rapid, Mohrton, NJ 51370",22.0,2025,4,21
68851,47458,19242,1,46.0,2024-09-07 16:03:09+00:00,Unknown,46.0,2024,9,7
69065,45971,19302,1,29.0,2025-09-03 17:24:49+00:00,Unknown,29.0,2025,9,3
66584,47344,19119,1,63.0,2025-02-04 10:06:56+00:00,"2013 Crooks Terrace, South Martha, NH 84406-6951",63.0,2025,2,4
63740,45758,19482,1,24.0,2024-05-15 14:40:07+00:00,Unknown,24.0,2024,5,15
72088,45926,18886,2,78.6,2024-05-25 22:00:07+00:00,Unknown,157.2,2024,5,25
72331,45792,19336,2,47.0,2024-12-11 14:53:23+00:00,Unknown,94.0,2024,12,11
66951,47432,19377,1,52.25,2024-09-18 20:24:47+00:00,Unknown,52.25,2024,9,18
68733,47541,19206,1,29.5,2024-07-18 10:45:30+00:00,Unknown,29.5,2024,7,18
65393,44392,19055,1,19.0,2024-12-21 04:28:09+00:00,Unknown,19.0,2024,12,21
68766,45300,19552,3,41.4,2024-12-21 23:45:00+00:00,Unknown,124.2,2024,12,21
67435,45780,19533,3,51.0,2025-01-27 14:48:57+00:00,Unknown,153.0,2025,1,27
68836,47106,19415,5,15.5,2025-06-10 20:11:00+00:00,"Apt. 388 2201 Wyman Cliffs, South Wilfordburgh, NJ 78452-7876",77.5,2025,6,10
72282,46762,19491,1,45.59,2025-03-14 05:23:49+00:00,Unknown,45.59,2025,3,14
68678,46308,18846,2,26.7,2025-01-06 14:58:26.926000+00:00,Unknown,53.4,2025,1,6
73652,44725,19462,1,63.5,2025-02-16 14:45:11+00:00,"Apt. 556 9384 Mardell Square, Langworthland, ND 61052-6429",63.5,2025,2,16
66182,47344,19219,1,26.75,2025-04-30 11:48:00+00:00,Unknown,26.75,2025,4,30
62796,44658,19397,1,28.25,2024-10-07 06:48:24+00:00,Unknown,28.25,2024,10,7
63779,45614,19200,3,21.0,2024-09-24 19:23:45+00:00,"Apt. 468 8549 Yundt Plains, South Mckinley, RI 94762",63.0,2024,9,24
70783,45876,18879,1,67.25,2025-04-16 17:48:00+00:00,"Apt. 506 21124 Lawrence Courts, Lake Tifany, NE 64092",67.25,2025,4,16
68123,44347,18864,1,81.0,2024-11-20 04:01:35+00:00,Unknown,81.0,2024,11,20
65786,45104,19172,1,68.0,2025-03-20 06:34:50+00:00,Unknown,68.0,2025,3,20
63689,44389,18999,1,54.5,2025-03-12 07:26:49+00:00,Unknown,54.5,2025,3,12
65168,45283,18982,2,60.25,2024-10-21 22:25:16+00:00,"Suite 467 25374 Little Crest, Skileston, MT 95247",120.5,2024,10,21
67948,47154,19385,1,22.8,2025-06-12 07:03:59+00:00,Unknown,22.8,2025,6,12
63101,46120,19498,2,63.0,2024-05-01 17:27:00+00:00,Unknown,126.0,2024,5,1
70777,46940,19168,1,74.4,2024-09-19 03:51:55+00:00,Unknown,74.4,2024,9,19
69083,47484,19372,3,59.25,2025-05-01 19:02:58+00:00,Unknown,177.75,2025,5,1
73809,47137,19301,1,67.5,2025-06-14 04:57:57+00:00,Unknown,67.5,2025,6,14
64001,46097,19323,1,42.5,2025-05-16 14:14:29+00:00,Unknown,42.5,2025,5,16
63336,45968,18873,1,67.25,2024-10-12 15:59:00+00:00,Unknown,67.25,2024,10,12
67908,45614,19194,4,37.5,2024-10-19 15:54:00+00:00,Unknown,150.0,2024,10,19
73350,46472,19487,3,69.25,2024-09-07 22:35:45+00:00,"Suite 118 43725 Lemke Pike, Lake Rowena, WY 23879-5663",207.75,2024,9,7
64538,44562,19261,1,67.25,2024-12-17 06:17:29+00:00,Unknown,67.25,2024,12,17
63306,45028,19292,1,63.6,2024-05-27 05:33:00+00:00,Unknown,63.6,2024,5,27
71548,46654,19336,1,48.99,2025-01-19 11:23:44+00:00,Unknown,48.99,2025,1,19
63466,47138,19413,1,42.6,2024-12-01 13:47:00+00:00,"Suite 300 104 Curt Trafficway, East Virginia, FL 74159",42.6,2024,12,1
64488,46862,19051,1,85.2,2025-03-12 10:47:00+00:00,Unknown,85.2,2025,3,12
71845,45219,18839,2,23.5,2025-05-28 19:40:40+00:00,Unknown,47.0,2025,5,28
64963,44719,18982,2,56.0,2024-12-05 22:49:00+00:00,Unknown,112.0,2024,12,5
71878,46283,19274,1,74.5,2025-01-28 08:55:03+00:00,"Suite 917 8306 Ziemann Squares, East Leta, MD 57538-7756",74.5,2025,1,28
71180,47359,19581,1,24.0,2024-09-10 20:18:00+00:00,Unknown,24.0,2024,9,10
65713,46757,19457,3,31.2,2025-02-18 15:29:34+00:00,Unknown,93.6,2025,2,18
68368,44916,19547,1,75.6,2025-05-03 21:11:00+00:00,Unknown,75.6,2025,5,3
70742,46019,18988,3,72.9,2024-11-21 22:17:00+00:00,Unknown,218.7,2024,11,21
69308,47359,19226,1,32.39,2024-05-06 18:35:09+00:00,Unknown,32.39,2024,5,6
64772,44377,18855,1,31.5,2025-01-01 21:09:18+00:00,Unknown,31.5,2025,1,1
70504,47057,19467,1,73.0,2025-02-26 14:26:26+00:00,Unknown,73.0,2025,2,26
72501,47040,19157,2,36.3,2025-02-28 11:25:50+00:00,Unknown,72.6,2025,2,28
65451,44727,19301,1,81.6,2025-01-23 04:10:52+00:00,Unknown,81.6,2025,1,23
65340,46884,19417,4,22.5,2024-09-10 01:51:25+00:00,"Suite 969 80431 Connelly Camp, Greenshire, CA 02779",90.0,2024,9,10
71931,44842,19426,2,44.0,2024-07-04 01:38:00+00:00,Unknown,88.0,2024,7,4
72214,46877,19564,1,53.25,2024-09-12 21:10:18+00:00,Unknown,53.25,2024,9,12
73229,45883,19191,1,25.99,2025-05-09 05:43:22+00:00,Unknown,25.99,2025,5,9
66196,46981,19054,2,45.0,2024-12-29 03:47:00+00:00,Unknown,90.0,2024,12,29
69324,44780,18852,3,18.9,2025-08-16 14:23:24+00:00,"568 Joette Via, South Darrelside, CO 01166-2893",56.7,2025,8,16
65308,45334,19177,1,16.8,2024-06-04 13:59:00+00:00,Unknown,16.8,2024,6,4
67265,45620,18859,1,56.5,2025-04-02 01:21:08.420000+00:00,"1910 Pollich Skyway, Charleyberg, MS 29517-1132",56.5,2025,4,2
63002,44930,19006,1,46.99,2025-07-20 12:44:00+00:00,Unknown,46.99,2025,7,20
63250,46287,19243,1,37.5,2025-02-09 16:08:47+00:00,Unknown,37.5,2025,2,9
73870,44702,19350,1,30.5,2025-02-18 10:54:49+00:00,Unknown,30.5,2025,2,18
68734,45056,18883,1,25.8,2024-10-10 12:04:18+00:00,"474 Goyette Rest, South Sherronborough, AK 86637-5075",25.8,2024,10,10
72619,44515,18922,2,19.2,2024-12-26 20:10:00+00:00,Unknown,38.4,2024,12,26
70929,45436,19180,2,45.99,2024-12-08 02:43:00+00:00,Unknown,91.98,2024,12,8
73035,45763,18873,1,86.39,2025-06-19 12:33:33+00:00,Unknown,86.39,2025,6,19
63163,47190,19476,3,16.0,2024-06-20 03:53:00+00:00,Unknown,48.0,2024,6,20
68014,45628,19097,2,65.5,2024-09-15 02:12:55+00:00,"40851 O'Hara Valleys, North Ernie, HI 89907-1933",131.0,2024,9,15
68223,45808,18847,1,40.0,2024-09-01 13:04:24+00:00,"39012 Schuppe Crossing, New Berneice, LA 58808-7644",40.0,2024,9,1
67471,45651,19044,2,61.99,2025-02-27 22:01:58+00:00,Unknown,123.98,2025,2,27
70038,47430,19365,1,64.0,2024-11-06 02:35:41+00:00,Unknown,64.0,2024,11,6
64309,46873,18855,4,29.99,2024-09-30 00:01:14+00:00,Unknown,119.96,2024,9,30
66678,45309,19169,1,84.0,2024-08-09 20:53:00+00:00,Unknown,84.0,2024,8,9
72466,44796,19441,1,17.5,2024-12-14 00:26:40+00:00,Unknown,17.5,2024,12,14
65518,45148,19362,2,46.79,2024-10-23 02:14:38+00:00,Unknown,93.58,2024,10,23
67712,44799,19575,2,55.99,2024-09-05 20:59:21+00:00,"6094 Heidenreich Neck, South Helga, KS 67133-8306",111.98,2024,9,5
63262,45039,19251,3,24.5,2024-07-12 13:19:56.121000+00:00,Unknown,73.5,2024,7,12
65750,47242,19175,1,37.5,2025-01-23 00:21:14+00:00,Unknown,37.5,2025,1,23
62837,44789,19568,1,45.5,2025-05-06 16:16:03+00:00,Unknown,45.5,2025,5,6
65084,46875,19585,1,69.75,2024-08-06 21:33:00+00:00,Unknown,69.75,2024,8,6
65532,46151,19302,1,33.0,2025-05-29 05:09:01+00:00,Unknown,33.0,2025,5,29
73854,46194,19483,1,59.75,2024-08-27 22:36:03+00:00,"Apt. 310 129 Stamm Drive, Hintzville, WV 49645",59.75,2024,8,27
72944,44918,19272,4,50.5,2025-01-17 10:00:00+00:00,Unknown,202.0,2025,1,17
73562,46841,19583,2,57.5,2024-05-01 19:15:11+00:00,Unknown,115.0,2024,5,1
68897,44530,19110,1,68.4,2024-10-09 17:39:29+00:00,Unknown,68.4,2024,10,9
63204,46319,19271,2,47.0,2024-05-15 05:06:30+00:00,"Suite 672 3826 Chang Unions, West Ronview, NY 52525-7474",94.0,2024,5,15
67461,46836,19404,1,31.99,2024-12-21 22:04:00+00:00,"Suite 186 9845 Richie Stream, Kyleberg, IL 02927",31.99,2024,12,21
65464,46953,18906,1,41.5,2025-01-08 03:46:00+00:00,"9692 Jacobi Streets, Brandahaven, NV 29095",41.5,2025,1,8
64272,45918,18976,1,30.9,2024-11-14 02:26:51+00:00,Unknown,30.9,2024,11,14
68606,44594,19013,1,54.0,2025-01-07 15:41:42+00:00,"492 Carlo Throughway, North Clarissa, CT 48653-7548",54.0,2025,1,7
70833,46735,18986,1,73.8,2025-04-10 10:46:35+00:00,"Suite 260 37234 Schimmel Gardens, North Verdabury, KS 13820-5562",73.8,2025,4,10
73016,47006,19041,1,15.25,2025-03-16 05:40:00+00:00,Unknown,15.25,2025,3,16
72467,44716,19109,1,41.25,2024-05-09 00:37:19+00:00,Unknown,41.25,2024,5,9
68938,46552,18846,3,23.0,2024-07-24 02:52:00+00:00,Unknown,69.0,2024,7,24
65221,46552,19394,5,25.19,2024-11-18 10:32:40+00:00,"683 Ferdinand Crossing, Hesselmouth, ID 51392",125.95,2024,11,18
62833,47362,19204,1,50.75,2025-01-22 06:11:21+00:00,Unknown,50.75,2025,1,22
73178,46199,19245,2,72.0,2025-03-26 09:08:30+00:00,Unknown,144.0,2025,3,26
63512,45578,19197,2,40.0,2025-03-10 00:24:34+00:00,Unknown,80.0,2025,3,10
66158,45859,19323,1,44.0,2024-10-15 12:56:40+00:00,Unknown,44.0,2024,10,15
64453,45438,19304,3,32.7,2024-09-25 10:36:00+00:00,Unknown,98.1,2024,9,25
72538,45238,18900,1,62.0,2024-07-07 18:23:10+00:00,Unknown,62.0,2024,7,7
71153,46991,19240,1,65.5,2025-04-28 11:56:00+00:00,"Suite 101 283 Hickle Island, Lukeport, KS 10398",65.5,2025,4,28
73239,46876,18962,3,58.25,2024-08-13 13:27:58+00:00,Unknown,174.75,2024,8,13
72448,46719,19509,1,57.25,2024-10-07 10:17:00+00:00,Unknown,57.25,2024,10,7
67272,45597,18931,1,44.1,2025-03-07 02:03:00+00:00,Unknown,44.1,2025,3,7
73943,45177,18932,1,17.5,2025-05-14 10:27:27+00:00,Unknown,17.5,2025,5,14
65701,44400,18966,1,64.8,2024-12-05 18:07:05+00:00,Unknown,64.8,2024,12,5
70124,45553,18966,1,69.6,2024-07-02 21:16:18+00:00,Unknown,69.6,2024,7,2
70041,46427,19473,1,22.5,2025-04-11 23:33:00+00:00,Unknown,22.5,2025,4,11
69114,46074,19458,2,56.5,2025-03-23 17:27:43+00:00,Unknown,113.0,2025,3,23
69898,44680,19387,1,75.0,2024-07-17 09:59:53+00:00,Unknown,75.0,2024,7,17
71186,45175,19012,1,42.0,2025-07-09 13:34:23+00:00,Unknown,42.0,2025,7,9
67783,45971,19025,1,42.3,2025-02-19 17:09:48+00:00,"378 Lang Plaza, Beulahview, AK 20758",42.3,2025,2,19
69781,44690,19222,1,67.2,2024-12-09 03:45:45+00:00,Unknown,67.2,2024,12,9
67643,45374,19441,1,21.0,2024-06-21 16:05:15+00:00,"Suite 735 504 Elayne Springs, Schaeferside, IL 85244-6865",21.0,2024,6,21
66480,46690,19544,1,48.6,2024-12-30 12:05:00+00:00,Unknown,48.6,2024,12,30
65299,46788,19455,1,16.8,2025-04-17 08:28:00+00:00,Unknown,16.8,2025,4,17
68445,46211,19305,1,64.5,2025-07-12 09:53:46+00:00,"917 Tamesha River, Kertzmannbury, AR 95385-1393",64.5,2025,7,12
65859,44736,18848,4,22.0,2025-02-27 16:05:20+00:00,Unknown,88.0,2025,2,27
66202,45105,19144,2,45.25,2025-05-18 17:56:08+00:00,"Apt. 764 1819 Turcotte Squares, Walterview, NH 21134-6552",90.5,2025,5,18
67318,46980,19262,2,68.75,2025-05-22 20:34:19+00:00,Unknown,137.5,2025,5,22
69210,45673,19047,1,42.0,2024-05-26 08:41:21.407000+00:00,Unknown,42.0,2024,5,26
72893,46581,19139,1,61.5,2024-06-26 14:27:13+00:00,Unknown,61.5,2024,6,26
67342,47310,19514,4,19.75,2024-10-24 13:33:00+00:00,Unknown,79.0,2024,10,24
72489,46213,18971,1,65.7,2025-03-21 14:38:24+00:00,Unknown,65.7,2025,3,21
73926,47559,19532,1,29.0,2025-02-05 09:43:45+00:00,Unknown,29.0,2025,2,5
72458,45979,19276,1,20.0,2024-11-23 19:03:00+00:00,Unknown,20.0,2024,11,23
66340,46951,19529,1,22.8,2024-10-11 12:06:28+00:00,Unknown,22.8,2024,10,11
63228,45685,18898,1,74.25,2024-06-07 09:14:25+00:00,Unknown,74.25,2024,6,7
65908,46618,19547,1,60.0,2025-06-05 00:16:00+00:00,Unknown,60.0,2025,6,5
69662,45340,19582,1,51.0,2024-09-29 19:23:08+00:00,Unknown,51.0,2024,9,29
65947,44741,18986,3,66.0,2024-12-28 07:27:47+00:00,"5675 Yost Rue, East Grantland, OK 99543",198.0,2024,12,28
69006,45211,19384,1,18.99,2024-08-07 01:10:56+00:00,Unknown,18.99,2024,8,7
68532,45447,19581,3,27.5,2025-07-19 04:03:00+00:00,Unknown,82.5,2025,7,19
66279,47498,19110,2,73.8,2024-06-28 03:11:45+00:00,"Suite 885 6407 Haley Mills, South Johnathontown, NJ 53886",147.6,2024,6,28
64198,47200,19544,1,39.25,2024-07-29 03:40:00+00:00,Unknown,39.25,2024,7,29
71314,47307,19071,1,15.0,2025-03-04 03:44:03+00:00,"Apt. 179 36599 Nitzsche Valley, Raymondemouth, ME 94347",15.0,2025,3,4
65816,46258,19270,1,23.25,2024-09-19 21:13:26+00:00,Unknown,23.25,2024,9,19
63081,46771,19277,1,61.0,2025-02-05 16:02:13+00:00,Unknown,61.0,2025,2,5
72641,45914,19055,1,22.8,2025-02-07 21:05:00+00:00,"455 Man Stream, Hicklefurt, DE 44027",22.8,2025,2,7
66997,44752,18882,5,57.6,2024-06-25 22:37:44+00:00,Unknown,288.0,2024,6,25
63433,46372,19146,1,67.75,2025-04-02 14:49:20+00:00,"874 Leonel Haven, Port Graigshire, VT 37118-3566",67.75,2025,4,2
70181,44912,18959,1,50.0,2025-02-22 18:11:37+00:00,"Apt. 187 51656 Neal Courts, New Toya, TX 20159-2693",50.0,2025,2,22
64860,45962,19107,1,73.5,2024-09-01 22:31:17+00:00,"216 Cory Circle, Wilmerview, NV 72367-7746",73.5,2024,9,1
69086,46613,19537,1,54.5,2025-01-27 20:16:09+00:00,Unknown,54.5,2025,1,27
69415,46141,19475,2,40.25,2025-03-14 12:28:43+00:00,Unknown,80.5,2025,3,14
62931,46418,19056,4,20.0,2024-10-14 02:18:00+00:00,Unknown,80.0,2024,10,14
67322,47265,19111,1,33.59,2024-07-06 12:48:00+00:00,Unknown,33.59,2024,7,6
66368,45458,19067,1,47.4,2025-03-01 21:55:38+00:00,Unknown,47.4,2025,3,1
69518,47503,18914,1,47.25,2024-08-25 21:18:51.007000+00:00,"2302 Wiza Springs, Terryport, RI 52943-7974",47.25,2024,8,25
63078,45192,19032,1,70.25,2024-10-06 02:43:00+00:00,Unknown,70.25,2024,10,6
73958,46492,19129,1,29.99,2024-10-11 20:21:53.618000+00:00,Unknown,29.99,2024,10,11
67588,44982,18917,4,71.0,2024-08-24 03:31:34+00:00,"559 Elida Cape, Clorindaport, MD 85716-7691",284.0,2024,8,24
72401,45215,19471,1,37.5,2025-01-04 07:40:00+00:00,Unknown,37.5,2025,1,4
66800,45144,18928,1,21.3,2025-04-06 19:02:00+00:00,Unknown,21.3,2025,4,6
65371,44428,19155,1,64.8,2025-04-13 21:37:00+00:00,Unknown,64.8,2025,4,13
67215,47463,19247,4,62.0,2024-04-13 11:29:00+00:00,"645 Josette Brooks, Braunmouth, KY 93361",248.0,2024,4,13
71530,47153,18980,1,59.25,2024-05-05 00:53:20+00:00,"930 Jarod Plains, South Phil, MT 88470",59.25,2024,5,5
71458,46802,19002,1,22.25,2025-02-16 04:06:00+00:00,Unknown,22.25,2025,2,16
65033,44449,19217,1,32.25,2025-04-02 15:09:48+00:00,Unknown,32.25,2025,4,2
69482,47520,18951,1,82.5,2024-05-08 10:37:48.515000+00:00,Unknown,82.5,2024,5,8
63125,45057,19174,1,31.5,2025-03-14 10:24:09+00:00,Unknown,31.5,2025,3,14
73936,47491,19493,1,82.8,2025-07-12 11:10:36+00:00,Unknown,82.8,2025,7,12
67184,45225,19199,2,20.0,2024-05-12 13:58:00+00:00,Unknown,40.0,2024,5,12
65329,47571,19340,2,33.9,2024-09-27 02:51:40+00:00,Unknown,67.8,2024,9,27
67798,47517,19237,1,66.0,2024-04-10 18:32:37.313000+00:00,"Apt. 588 352 Gleichner Crescent, South Lupefurt, VT 24808",66.0,2024,4,10
72175,46442,19035,1,26.4,2024-12-30 18:40:00+00:00,Unknown,26.4,2024,12,30
70802,45566,19433,1,70.0,2024-11-18 07:47:00+00:00,Unknown,70.0,2024,11,18
71346,45619,19132,3,70.75,2025-02-08 14:18:10+00:00,Unknown,212.25,2025,2,8
73342,47177,19529,1,16.8,2025-09-21 16:53:37+00:00,Unknown,16.8,2025,9,21
72883,45473,18949,2,39.6,2025-04-18 23:11:00+00:00,Unknown,79.2,2025,4,18
64500,46122,19110,2,60.99,2024-12-15 18:26:00+00:00,Unknown,121.98,2024,12,15
63850,46666,19194,1,45.9,2024-09-06 15:34:00+00:00,"Apt. 775 29923 Hintz Harbor, Lake Garret, AZ 44037-9295",45.9,2024,9,6
73856,47342,19409,1,17.25,2024-12-17 12:56:06+00:00,"Suite 909 874 Fae Light, Joanaburgh, HI 95699-8477",17.25,2024,12,17
69864,46935,19510,1,18.0,2025-04-29 06:41:00+00:00,"5324 Pacocha Hill, Cheriseton, IN 14427-1229",18.0,2025,4,29
71795,45810,19529,2,19.0,2025-01-06 17:58:00+00:00,"Apt. 635 796 Branda Branch, West Armando, WY 15285",38.0,2025,1,6
68321,47506,18882,1,52.2,2024-05-24 05:44:23+00:00,Unknown,52.2,2024,5,24
67562,44778,19558,1,32.0,2024-11-03 08:32:39+00:00,Unknown,32.0,2024,11,3
70934,45048,19579,1,24.25,2024-09-10 20:25:13+00:00,Unknown,24.25,2024,9,10
67946,46193,18941,1,72.6,2025-04-23 04:24:42+00:00,Unknown,72.6,2025,4,23
69630,46085,19403,1,61.8,2025-06-16 04:20:00+00:00,Unknown,61.8,2025,6,16
69735,44821,19244,1,49.75,2025-01-10 06:53:00+00:00,Unknown,49.75,2025,1,10
70844,45872,19109,1,50.39,2025-05-02 16:23:23+00:00,"Suite 505 339 Spencer Pike, New Justin, ME 54091-8834",50.39,2025,5,2
67957,47439,19483,1,59.0,2025-04-05 16:06:42+00:00,Unknown,59.0,2025,4,5
73189,47051,18931,1,37.5,2024-09-13 05:51:51+00:00,"Suite 299 61201 Toney Garden, McCulloughshire, VA 19608-2298",37.5,2024,9,13
69991,44356,19147,1,31.2,2025-01-28 16:39:39+00:00,"3280 Bosco Port, Madeleinemouth, AZ 69561-5178",31.2,2025,1,28
73732,46090,19386,2,87.6,2025-05-13 12:58:15+00:00,"Suite 614 6882 Jose Port, West Fatima, MS 49131-2533",175.2,2025,5,13
63187,44637,19065,1,21.5,2024-02-24 04:53:00+00:00,Unknown,21.5,2024,2,24
69061,44775,19486,2,44.0,2024-06-16 03:00:00+00:00,"75060 Kelvin Extensions, East Jeanette, NY 75302-7581",88.0,2024,6,16
64684,44507,18964,1,51.5,2024-06-20 05:04:16+00:00,"Apt. 610 734 Tremblay Hills, West Jacalynhaven, NC 87761-4775",51.5,2024,6,20
67797,45600,19523,1,28.99,2024-07-24 11:28:29+00:00,Unknown,28.99,2024,7,24
65554,44425,19531,1,29.5,2024-11-27 15:32:39+00:00,"Apt. 210 1172 Greenfelder Coves, East Ashley, CT 83754-4190",29.5,2024,11,27
72283,47545,19225,1,64.5,2025-01-04 07:00:26+00:00,Unknown,64.5,2025,1,4
65251,44875,19217,1,39.9,2024-08-11 04:09:04+00:00,Unknown,39.9,2024,8,11
67268,47538,19026,1,20.0,2024-09-24 06:25:08+00:00,Unknown,20.0,2024,9,24
71416,46221,19161,1,41.4,2024-02-15 08:09:57+00:00,Unknown,41.4,2024,2,15
68311,45779,19110,5,61.25,2024-10-03 16:39:50+00:00,Unknown,306.25,2024,10,3
72318,46749,19483,2,64.8,2024-07-13 06:07:21+00:00,Unknown,129.6,2024,7,13
69543,45096,19502,4,35.75,2024-12-04 23:50:06+00:00,"670 Turcotte Via, Roscoeberg, GA 52608",143.0,2024,12,4
72989,45767,19322,1,69.25,2025-03-13 02:38:02+00:00,"847 Anderson Oval, North Angelo, RI 92035",69.25,2025,3,13
69645,45460,18921,2,45.0,2025-06-15 00:42:05+00:00,Unknown,90.0,2025,6,15
71330,47477,18964,1,63.6,2024-12-21 09:57:56+00:00,Unknown,63.6,2024,12,21
67252,46462,19367,1,47.25,2024-11-03 21:05:00+00:00,Unknown,47.25,2024,11,3
66384,46667,19346,3,37.75,2024-06-19 22:24:00+00:00,"Apt. 279 98511 Cronin Center, Reynafort, NV 66956",113.25,2024,6,19
63622,45685,18895,1,41.25,2024-11-28 04:26:00+00:00,Unknown,41.25,2024,11,28
72709,46952,19170,1,86.7,2024-05-31 09:15:00+00:00,"4680 Kazuko Vista, Port Margottown, IL 09842",86.7,2024,5,31
63990,46793,19269,1,27.5,2024-10-18 12:15:00+00:00,Unknown,27.5,2024,10,18
64820,45305,19422,1,31.8,2025-05-02 03:46:39+00:00,Unknown,31.8,2025,5,2
64132,46863,18846,1,19.5,2025-01-01 11:09:07+00:00,Unknown,19.5,2025,1,1
64887,47334,18935,2,61.5,2025-08-30 23:00:46+00:00,Unknown,123.0,2025,8,30
67690,46296,18872,1,39.5,2024-11-07 15:33:23.740000+00:00,Unknown,39.5,2024,11,7
62790,45261,19002,1,23.0,2025-03-28 05:29:00+00:00,Unknown,23.0,2025,3,28
71920,44459,18955,1,71.0,2024-09-07 21:18:09+00:00,Unknown,71.0,2024,9,7
64976,46950,19446,1,53.75,2024-09-16 08:06:00+00:00,Unknown,53.75,2024,9,16
64012,45946,19051,1,70.0,2024-05-13 02:24:49+00:00,Unknown,70.0,2024,5,13
72455,46443,18858,1,15.6,2025-03-23 13:26:13+00:00,Unknown,15.6,2025,3,23
69861,45306,19025,5,44.4,2024-09-13 02:01:23.778000+00:00,Unknown,222.0,2024,9,13
69392,44377,19308,1,58.75,2025-04-26 20:32:13+00:00,Unknown,58.75,2025,4,26
71270,46105,19451,1,57.99,2024-11-16 14:14:00+00:00,Unknown,57.99,2024,11,16
69814,46641,19403,1,53.25,2024-11-16 22:14:15+00:00,"Suite 712 7650 Hills Landing, East Marlenberg, AZ 18767-4728",53.25,2024,11,16
69512,46149,18885,1,31.75,2024-10-24 23:31:00+00:00,Unknown,31.75,2024,10,24
73828,47107,19580,1,73.0,2025-02-11 22:31:53+00:00,Unknown,73.0,2025,2,11
68497,46789,19382,1,27.0,2024-09-17 07:15:24+00:00,Unknown,27.0,2024,9,17
70738,45978,19126,1,37.19,2025-08-02 01:39:00+00:00,Unknown,37.19,2025,8,2
65087,45448,18943,1,73.5,2025-04-11 06:39:49+00:00,"66750 Runolfsdottir Union, VonRuedenshire, DE 15792-2948",73.5,2025,4,11
70321,44734,18905,1,57.99,2025-09-12 02:25:36+00:00,Unknown,57.99,2025,9,12
71257,44800,19519,4,37.19,2025-01-27 02:59:33+00:00,Unknown,148.76,2025,1,27
67843,46141,19250,1,29.0,2025-05-24 13:04:10+00:00,Unknown,29.0,2025,5,24
65245,45149,18894,1,23.0,2024-06-20 10:47:02+00:00,"922 Dario Point, Fadelview, OH 96796",23.0,2024,6,20
63666,47186,19251,1,32.39,2024-08-19 00:05:29+00:00,Unknown,32.39,2024,8,19
67207,44565,19359,1,47.5,2025-03-18 10:28:00+00:00,Unknown,47.5,2025,3,18
70839,47389,19182,1,52.5,2024-12-20 05:35:36+00:00,Unknown,52.5,2024,12,20
73383,46252,19446,1,60.9,2024-08-26 03:24:23+00:00,Unknown,60.9,2024,8,26
68554,46233,18994,1,49.2,2025-04-21 22:39:20+00:00,Unknown,49.2,2025,4,21
70629,45096,19433,3,66.75,2024-02-24 13:24:46+00:00,"670 Turcotte Via, Roscoeberg, GA 52608",200.25,2024,2,24
73372,44648,19180,1,52.79,2025-02-09 05:58:58+00:00,Unknown,52.79,2025,2,9
64085,46641,19119,1,62.25,2025-11-02 07:48:48+00:00,Unknown,62.25,2025,11,2
64401,46884,18869,1,26.7,2025-02-24 02:24:44+00:00,"Suite 969 80431 Connelly Camp, Greenshire, CA 02779",26.7,2025,2,24
73004,47419,18945,3,47.0,2025-03-25 14:13:38+00:00,"Suite 169 27048 Cartwright Vista, North Reyport, NE 82476-6188",141.0,2025,3,25
68602,45955,19317,1,23.5,2025-08-07 20:45:00+00:00,"Suite 141 98787 Tenesha Plain, Fishermouth, NV 36046",23.5,2025,8,7
71645,46456,19381,2,35.99,2024-11-19 11:44:30.206000+00:00,"15555 Osvaldo Shores, O'Konland, TN 16009-7375",71.98,2024,11,19
70943,47550,19152,2,32.25,2024-11-12 08:29:25+00:00,Unknown,64.5,2024,11,12
63383,44773,18997,1,47.99,2025-06-19 05:56:20+00:00,Unknown,47.99,2025,6,19
71939,45886,19370,1,17.99,2024-10-17 10:46:00+00:00,Unknown,17.99,2024,10,17
71879,47389,18995,1,32.0,2024-04-12 12:14:47+00:00,Unknown,32.0,2024,4,12
65662,44801,19489,1,37.99,2025-01-14 02:09:00+00:00,"408 Noreen Centers, South Johnson, WI 25627-8844",37.99,2025,1,14
68178,47453,19485,1,63.0,2025-03-06 08:46:03+00:00,Unknown,63.0,2025,3,6
70585,45576,19197,3,39.0,2024-11-09 19:49:49+00:00,Unknown,117.0,2024,11,9
66094,45842,18944,3,20.7,2024-10-10 08:20:48+00:00,Unknown,62.1,2024,10,10
71560,44742,19139,3,70.8,2025-03-07 00:48:40+00:00,Unknown,212.4,2025,3,7
65854,45804,18933,1,39.25,2025-01-10 23:09:39+00:00,Unknown,39.25,2025,1,10
67956,45391,19263,2,29.99,2024-12-05 09:04:27+00:00,Unknown,59.98,2024,12,5
68339,45831,19111,1,26.0,2024-11-30 04:05:36+00:00,Unknown,26.0,2024,11,30
71714,47575,19485,1,63.0,2024-11-29 21:37:00+00:00,Unknown,63.0,2024,11,29
67109,44974,19246,1,28.8,2025-06-04 20:07:09+00:00,Unknown,28.8,2025,6,4
67387,44453,18861,1,34.75,2025-05-02 21:03:03+00:00,"44223 Loyd Via, Hagenesfurt, MT 44829",34.75,2025,5,2
69299,44626,19251,1,28.2,2025-03-23 06:10:00+00:00,Unknown,28.2,2025,3,23
69327,46913,18893,3,63.3,2025-03-25 16:31:52+00:00,Unknown,189.9,2025,3,25
68324,47342,19004,1,85.2,2025-01-26 11:37:02+00:00,Unknown,85.2,2025,1,26
70268,45988,19027,1,84.6,2024-10-10 09:09:46+00:00,Unknown,84.6,2024,10,10
68745,46606,18923,2,24.5,2025-03-12 05:01:00+00:00,"655 Yung Islands, Karrenland, IN 07691",49.0,2025,3,12
69525,45044,18946,1,46.5,2025-05-22 00:28:28+00:00,Unknown,46.5,2025,5,22
66095,45750,19072,1,62.0,2025-03-01 10:03:08+00:00,Unknown,62.0,2025,3,1
68465,44622,18908,3,46.25,2025-02-14 19:59:25.213000+00:00,Unknown,138.75,2025,2,14
71034,46755,19346,1,35.99,2024-09-04 21:32:49+00:00,Unknown,35.99,2024,9,4
69906,47461,19163,4,17.25,2025-02-09 06:10:56+00:00,"767 Kohler Crossing, Wilburbury, VA 76654",69.0,2025,2,9
73918,44463,18957,1,61.25,2024-09-12 01:44:35+00:00,Unknown,61.25,2024,9,12
72039,45107,19410,1,47.0,2024-10-15 07:24:24+00:00,Unknown,47.0,2024,10,15
64456,44735,19379,4,55.0,2024-07-31 19:53:00+00:00,Unknown,220.0,2024,7,31
63603,45279,19327,1,47.75,2024-12-18 09:43:25+00:00,Unknown,47.75,2024,12,18
73948,44468,18988,1,59.99,2025-05-04 23:17:00+00:00,Unknown,59.99,2025,5,4
72910,45781,19181,1,75.3,2024-08-09 16:41:00+00:00,Unknown,75.3,2024,8,9
63868,47229,19115,1,62.4,2025-07-30 17:48:07+00:00,Unknown,62.4,2025,7,30
66064,44352,19278,1,37.25,2024-06-29 20:18:28+00:00,"Apt. 970 6674 Hobert Ways, Patricialand, CT 69109",37.25,2024,6,29
63525,46114,19214,1,52.79,2024-09-01 14:41:29+00:00,Unknown,52.79,2024,9,1
69588,46473,19103,1,42.6,2025-03-04 22:06:24.855000+00:00,Unknown,42.6,2025,3,4
69160,45166,19332,2,49.2,2025-03-01 23:38:55+00:00,"Apt. 932 893 Carol Fall, Lake Maybellehaven, MO 36331",98.4,2025,3,1
67426,46308,19135,1,63.0,2025-01-07 23:07:38+00:00,"Suite 733 75566 Wiegand Drives, Ashliemouth, ID 74587",63.0,2025,1,7
71357,47378,18876,1,19.2,2025-03-26 08:34:00+00:00,Unknown,19.2,2025,3,26
73097,45715,19124,1,53.99,2024-11-01 12:03:22.624000+00:00,Unknown,53.99,2024,11,1
68027,45680,19539,3,64.5,2025-01-05 14:40:28+00:00,Unknown,193.5,2025,1,5
63751,44758,19465,1,50.7,2025-03-28 15:56:14+00:00,Unknown,50.7,2025,3,28
73780,47619,18846,1,22.5,2024-12-09 17:29:12.693000+00:00,Unknown,22.5,2024,12,9
67557,44998,18846,1,18.0,2024-10-01 20:54:41+00:00,Unknown,18.0,2024,10,1
71367,45129,19096,1,27.6,2025-03-12 16:19:27+00:00,Unknown,27.6,2025,3,12
64368,47120,19112,1,18.0,2024-08-09 12:27:00+00:00,Unknown,18.0,2024,8,9
65097,46894,19169,1,69.0,2024-10-07 19:42:02+00:00,Unknown,69.0,2024,10,7
73344,47456,18914,1,50.75,2024-07-19 17:09:00+00:00,Unknown,50.75,2024,7,19
70089,47411,19250,5,31.0,2025-02-15 05:29:41+00:00,Unknown,155.0,2025,2,15
67539,47388,19068,1,60.9,2024-09-21 08:06:00+00:00,Unknown,60.9,2024,9,21
73852,47346,19570,1,49.0,2025-03-21 03:54:30+00:00,Unknown,49.0,2025,3,21
72727,45646,18918,1,70.5,2025-01-04 20:03:00+00:00,Unknown,70.5,2025,1,4
68617,47470,19396,1,54.0,2024-12-12 12:57:15+00:00,"182 Denesik Bridge, West Larryfort, KS 02717-5441",54.0,2024,12,12
70470,46108,19414,2,57.99,2024-11-16 15:26:02+00:00,Unknown,115.98,2024,11,16
63266,46973,19316,1,23.75,2025-03-23 12:17:00+00:00,Unknown,23.75,2025,3,23
64159,46657,19404,1,37.2,2024-11-26 19:07:00+00:00,"Apt. 845 30533 Blaine Keys, East Tressie, TN 08040",37.2,2024,11,26
72108,44377,19077,1,42.0,2025-01-22 19:09:36+00:00,Unknown,42.0,2025,1,22
63036,45516,19579,1,25.75,2024-11-17 12:22:46+00:00,Unknown,25.75,2024,11,17
69841,46120,19186,2,31.75,2024-11-08 03:42:58+00:00,Unknown,63.5,2024,11,8
65339,44796,19459,1,50.4,2025-03-15 06:33:00+00:00,Unknown,50.4,2025,3,15
68968,44460,18904,1,32.5,2025-04-22 08:01:59+00:00,Unknown,32.5,2025,4,22
66637,45480,19023,1,51.6,2024-04-12 12:15:37+00:00,Unknown,51.6,2024,4,12
64426,45006,19486,1,55.2,2025-02-01 11:42:59.013000+00:00,Unknown,55.2,2025,2,1
70026,46247,19369,1,33.75,2025-04-07 01:32:23+00:00,"186 Kertzmann Extension, Port Emile, DE 19908",33.75,2025,4,7
71564,45833,19577,1,72.0,2025-01-17 21:38:47+00:00,Unknown,72.0,2025,1,17
63121,45621,19022,1,70.5,2024-10-23 22:59:00+00:00,Unknown,70.5,2024,10,23
68615,44683,18931,1,34.0,2024-10-24 20:58:00+00:00,Unknown,34.0,2024,10,24
71904,45479,19582,2,45.0,2025-02-25 15:23:00+00:00,"292 Willms Locks, Port Delmar, AK 93961-6414",90.0,2025,2,25
62950,46770,19078,1,63.6,2025-01-25 04:47:27+00:00,Unknown,63.6,2025,1,25
67815,45515,18926,2,32.5,2025-01-01 20:17:03+00:00,Unknown,65.0,2025,1,1
68898,46193,19042,1,29.25,2025-01-26 19:55:27+00:00,Unknown,29.25,2025,1,26
67831,44699,18906,1,42.5,2024-10-05 22:45:31+00:00,Unknown,42.5,2024,10,5
73503,46443,19445,1,58.0,2024-08-11 04:32:11.802000+00:00,Unknown,58.0,2024,8,11
69932,45241,19300,1,73.5,2024-10-22 08:01:52+00:00,"Suite 155 8709 Alonzo Field, Rickeyview, NH 31527-0270",73.5,2024,10,22
71798,45485,19249,2,73.5,2024-10-06 06:53:36+00:00,Unknown,147.0,2024,10,6
72960,45601,19456,1,35.0,2025-02-17 14:39:00+00:00,Unknown,35.0,2025,2,17
73027,47078,19538,1,57.5,2024-06-15 17:27:46.723000+00:00,Unknown,57.5,2024,6,15
67212,46537,18911,4,70.75,2024-07-05 14:11:00+00:00,Unknown,283.0,2024,7,5
66885,47162,18870,2,70.79,2025-05-31 06:03:00+00:00,Unknown,141.58,2025,5,31
64620,44955,19283,1,18.75,2024-08-04 08:51:52+00:00,Unknown,18.75,2024,8,4
65082,44876,18925,1,34.79,2025-10-15 14:46:00+00:00,Unknown,34.79,2025,10,15
69069,44365,19357,1,20.4,2025-05-07 18:22:00+00:00,"18330 Gaynell Ford, East Otischester, UT 50211-9154",20.4,2025,5,7
71623,47451,18970,2,47.5,2025-01-26 01:25:36.622000+00:00,Unknown,95.0,2025,1,26
65597,46967,19193,5,18.5,2025-04-17 12:44:00+00:00,Unknown,92.5,2025,4,17
65232,44697,19093,1,29.5,2024-10-11 00:26:57+00:00,"2021 Rowe Ferry, Noelhaven, PA 92421",29.5,2024,10,11
72409,46310,19023,3,43.0,2024-09-24 05:52:00+00:00,Unknown,129.0,2024,9,24
73100,45629,19068,1,52.25,2024-12-14 22:25:00+00:00,Unknown,52.25,2024,12,14
71718,45321,18999,2,61.8,2024-09-26 22:18:12+00:00,"Apt. 279 70333 Margareta Creek, Medhursttown, MS 25312-0419",123.6,2024,9,26
65932,46403,19295,4,39.5,2025-05-20 14:49:32+00:00,Unknown,158.0,2025,5,20
73385,44831,18920,1,41.75,2024-12-07 06:17:31+00:00,Unknown,41.75,2024,12,7
66733,45738,19162,1,75.6,2025-08-07 22:48:41+00:00,Unknown,75.6,2025,8,7
65296,47110,19175,2,37.0,2024-11-12 19:11:18.348000+00:00,Unknown,74.0,2024,11,12
71965,47609,18980,2,60.75,2024-07-08 10:25:00+00:00,Unknown,121.5,2024,7,8
65439,45285,19441,3,18.5,2024-08-23 04:49:10+00:00,Unknown,55.5,2024,8,23
71361,46454,19393,1,22.0,2024-11-30 07:05:05+00:00,Unknown,22.0,2024,11,30
67025,45002,19377,1,48.25,2024-12-21 10:07:00+00:00,Unknown,48.25,2024,12,21
69918,44684,19356,3,51.25,2024-06-17 10:21:00+00:00,Unknown,153.75,2024,6,17
67106,46170,19412,1,32.75,2024-12-08 13:51:05+00:00,"Suite 495 41646 Louis Greens, Hughmouth, WV 89996",32.75,2024,12,8
68254,44761,19508,4,35.0,2024-03-07 16:34:10+00:00,Unknown,140.0,2024,3,7
64687,46988,19251,2,23.0,2024-12-01 22:57:54+00:00,Unknown,46.0,2024,12,1
64752,45469,18927,1,81.6,2025-01-15 11:38:21+00:00,"95253 Dominic Ford, Gerlachport, FL 38389",81.6,2025,1,15
64389,45722,19322,1,70.0,2024-09-01 00:17:09.621000+00:00,Unknown,70.0,2024,9,1
71195,47227,19169,1,69.25,2024-07-11 21:10:12+00:00,"782 Funk Village, South Noel, VA 46528",69.25,2024,7,11
65863,45532,19555,5,43.0,2025-04-01 13:39:48.417000+00:00,Unknown,215.0,2025,4,1
71283,44822,19091,1,24.0,2024-04-09 22:45:58+00:00,Unknown,24.0,2024,4,9
69056,47236,19061,1,62.0,2025-04-06 13:59:00+00:00,Unknown,62.0,2025,4,6
63623,46173,19428,2,49.2,2024-05-15 18:32:28+00:00,Unknown,98.4,2024,5,15
69394,46464,19185,3,55.0,2024-09-21 06:38:00+00:00,"Apt. 554 276 Kimiko Turnpike, Arlethamouth, CO 51012",165.0,2024,9,21
63592,45438,19276,1,17.99,2025-06-16 19:59:20.733000+00:00,Unknown,17.99,2025,6,16
69077,46470,18883,1,23.75,2024-07-30 11:21:00+00:00,Unknown,23.75,2024,7,30
67648,45630,19287,1,37.5,2024-10-31 09:59:00+00:00,Unknown,37.5,2024,10,31
62738,44638,19279,1,19.5,2024-06-09 13:51:33+00:00,"Suite 215 8882 Predovic Trafficway, Carlyshire, SC 29349-9768",19.5,2024,6,9
70521,46405,19327,2,47.5,2024-07-25 11:53:27+00:00,Unknown,95.0,2024,7,25
67984,44650,19099,1,63.0,2024-11-12 19:10:30+00:00,"Suite 952 474 Corkery Haven, Port Clair, KY 93222",63.0,2024,11,12
69112,45224,19065,1,23.0,2025-01-26 10:10:56.237000+00:00,Unknown,23.0,2025,1,26
70454,46750,18948,1,20.5,2024-09-16 22:24:24+00:00,"71045 Lyndia Extension, West Daren, AZ 00108",20.5,2024,9,16
66778,45176,19449,1,46.25,2024-09-10 08:34:00+00:00,"88177 Reinger Camp, West Elia, WV 71284",46.25,2024,9,10
62906,45344,19164,1,42.0,2025-01-20 18:15:24+00:00,Unknown,42.0,2025,1,20
67720,44703,19425,1,45.75,2024-08-11 04:03:00+00:00,Unknown,45.75,2024,8,11
72171,47043,18871,1,70.8,2024-11-07 06:35:00+00:00,"Suite 240 4669 Celeste Fork, Port Korey, RI 52724-8321",70.8,2024,11,7
68637,47219,19202,1,61.5,2025-07-11 14:22:17+00:00,Unknown,61.5,2025,7,11
64822,45770,19236,3,80.7,2024-09-18 12:18:43+00:00,Unknown,242.1,2024,9,18
68360,44642,19079,1,31.8,2024-06-04 14:07:01+00:00,Unknown,31.8,2024,6,4
63580,44945,19304,1,32.1,2024-12-21 19:23:22+00:00,"69918 Xavier Port, South Gusland, IN 60187",32.1,2024,12,21
64217,47459,19060,1,72.9,2025-01-28 23:35:00+00:00,Unknown,72.9,2025,1,28
67238,44821,19041,1,12.75,2025-06-26 19:13:19+00:00,"5932 Lindgren Mission, Sashaport, MS 00317",12.75,2025,6,26
68327,46767,19577,1,72.0,2025-03-01 19:37:37+00:00,Unknown,72.0,2025,3,1
66750,45820,19558,4,38.7,2024-12-17 06:18:25+00:00,Unknown,154.8,2024,12,17
71402,44421,19426,1,42.5,2024-07-04 10:09:00+00:00,Unknown,42.5,2024,7,4
69496,44585,19269,1,35.4,2024-08-11 00:37:43+00:00,"18112 Powlowski Harbor, Rhettstad, WA 67221",35.4,2024,8,11
63776,45045,18911,2,67.0,2024-09-15 07:11:00+00:00,Unknown,134.0,2024,9,15
73784,44639,18865,1,41.5,2025-03-03 07:19:13.782000+00:00,"Apt. 654 2857 Lindgren Locks, Jinaville, UT 76240",41.5,2025,3,3
73414,47431,19019,1,17.75,2024-10-30 09:28:36+00:00,Unknown,17.75,2024,10,30
66041,44345,19018,1,12.99,2025-01-10 11:23:00+00:00,"Apt. 931 2246 Bradtke Forge, East Dawne, SD 34463",12.99,2025,1,10
62801,46850,19408,4,26.4,2025-04-15 14:52:13+00:00,Unknown,105.6,2025,4,15
66293,44440,18943,1,85.2,2024-03-30 08:24:28+00:00,"Suite 267 92969 Eve Springs, Wisokyberg, ID 16895-5382",85.2,2024,3,30
67129,44746,18892,1,33.5,2024-12-08 00:42:27+00:00,"Apt. 103 618 Mante Trace, Gussiefurt, MO 92612-5280",33.5,2024,12,8
72535,44696,18962,3,70.8,2024-12-12 09:13:07+00:00,Unknown,212.4,2024,12,12
72506,44933,19397,3,28.0,2025-04-04 12:47:00+00:00,Unknown,84.0,2025,4,4
68198,45179,19519,1,34.5,2025-02-10 10:54:33+00:00,"Suite 541 5710 Chance Ramp, Jaimeetown, CO 60182",34.5,2025,2,10
69744,45566,19533,1,49.0,2025-03-17 08:40:00+00:00,Unknown,49.0,2025,3,17
70885,45693,18983,5,34.0,2024-09-28 06:29:27.882000+00:00,"1274 Abbott Manors, South Allenhaven, NV 45167-3091",170.0,2024,9,28
72513,44790,18967,5,83.1,2025-02-21 06:08:00+00:00,Unknown,415.5,2025,2,21
66255,47398,19584,1,40.75,2024-12-20 17:39:00+00:00,Unknown,40.75,2024,12,20
63643,45355,19424,1,21.0,2024-09-27 12:16:38+00:00,Unknown,21.0,2024,9,27
70393,45583,19126,1,27.99,2025-01-29 07:38:05+00:00,Unknown,27.99,2025,1,29
68513,46742,19311,1,83.7,2024-12-11 09:17:11.148000+00:00,Unknown,83.7,2024,12,11
71443,46107,19075,1,52.8,2025-04-30 21:14:03+00:00,Unknown,52.8,2025,4,30
73331,44772,19003,1,36.0,2024-11-16 17:45:00+00:00,"Suite 783 63412 Claud Drives, Rolffurt, AK 06403-8761",36.0,2024,11,16
65657,47303,19170,1,70.0,2024-08-18 17:15:17+00:00,Unknown,70.0,2024,8,18
71208,47628,19419,2,61.2,2025-08-23 13:23:41+00:00,Unknown,122.4,2025,8,23
63633,47568,18990,2,47.5,2024-09-25 14:35:23+00:00,"Apt. 683 5541 Kunde Island, Cynthiaport, IA 09135-7304",95.0,2024,9,25
64425,46961,19531,1,31.8,2024-08-03 04:26:25+00:00,Unknown,31.8,2024,8,3
64751,45102,19474,3,34.5,2025-02-23 19:50:12+00:00,Unknown,103.5,2025,2,23
66962,44737,19121,1,85.19,2025-03-10 10:17:00+00:00,"Apt. 836 72713 Shanahan Club, Port Nicol, NV 81818",85.19,2025,3,10
64849,44488,19125,1,17.5,2024-12-21 15:29:00+00:00,Unknown,17.5,2024,12,21
70933,45386,19260,1,90.6,2025-01-05 05:31:01+00:00,Unknown,90.6,2025,1,5
72334,47366,19295,1,40.25,2024-11-04 22:50:00+00:00,Unknown,40.25,2024,11,4
65506,44976,19302,1,24.99,2024-07-26 10:04:00+00:00,"5125 Luvenia Views, Natoshaview, OK 17568-4608",24.99,2024,7,26
63709,45778,19364,1,76.8,2024-10-16 13:28:11.302000+00:00,Unknown,76.8,2024,10,16
67149,44477,19299,1,33.25,2024-10-21 17:26:00+00:00,Unknown,33.25,2024,10,21
65021,46750,19496,2,29.75,2024-07-14 01:36:45+00:00,Unknown,59.5,2024,7,14
72217,45105,18909,2,27.25,2024-11-12 01:23:34+00:00,"Apt. 764 1819 Turcotte Squares, Walterview, NH 21134-6552",54.5,2024,11,12
72716,45684,19016,1,48.0,2024-11-27 06:12:41+00:00,Unknown,48.0,2024,11,27
70154,45402,19459,1,41.99,2025-01-16 01:50:27+00:00,"Apt. 296 885 Sean Shoals, South Christoperstad, NC 73095",41.99,2025,1,16
68928,47567,18847,1,39.5,2024-12-17 01:08:00+00:00,Unknown,39.5,2024,12,17
62990,47294,18884,4,65.0,2025-02-20 05:47:03+00:00,"Suite 320 8641 Maritza Prairie, South Wilburnburgh, TX 67493-2426",260.0,2025,2,20
63329,46230,18881,2,33.0,2024-10-07 13:45:30+00:00,Unknown,66.0,2024,10,7
63209,46118,19140,1,62.0,2025-03-28 06:48:33+00:00,Unknown,62.0,2025,3,28
65199,45643,19218,1,68.0,2025-07-06 14:35:00+00:00,"522 Luciano Haven, Huelland, NM 06756",68.0,2025,7,6
70602,45231,19096,1,21.9,2024-12-05 06:45:40+00:00,Unknown,21.9,2024,12,5
69293,46272,18937,1,62.25,2025-02-26 02:44:00+00:00,Unknown,62.25,2025,2,26
69212,45982,18931,1,35.25,2025-01-17 08:53:07+00:00,"289 Antoinette Vista, Bahringerborough, GA 68881-6083",35.25,2025,1,17
65526,46491,19288,1,54.5,2024-05-21 00:06:25+00:00,Unknown,54.5,2024,5,21
64144,46634,19305,1,56.0,2024-10-11 17:23:09+00:00,Unknown,56.0,2024,10,11
68561,46647,19542,2,59.5,2024-07-26 09:50:40+00:00,Unknown,119.0,2024,7,26
63816,47255,19107,2,74.5,2024-08-12 05:41:45+00:00,"Apt. 279 603 Schumm Heights, South Chesterberg, WV 74241",149.0,2024,8,12
73126,47400,19387,5,73.2,2024-05-29 00:18:29+00:00,Unknown,366.0,2024,5,29
73733,45131,19532,1,33.0,2025-01-15 01:15:25+00:00,Unknown,33.0,2025,1,15
72848,46019,19322,2,67.0,2024-08-31 23:47:07+00:00,Unknown,134.0,2024,8,31
66364,45240,18866,1,21.75,2025-01-10 17:46:12+00:00,Unknown,21.75,2025,1,10
63357,47119,18940,1,19.0,2024-11-07 20:35:36+00:00,"99554 Legros Circle, North Lovettaton, HI 70352",19.0,2024,11,7
67787,45614,19319,1,36.75,2024-11-07 02:27:48+00:00,"Apt. 468 8549 Yundt Plains, South Mckinley, RI 94762",36.75,2024,11,7
64796,45378,19476,2,17.0,2024-11-28 15:03:32+00:00,Unknown,34.0,2024,11,28
66476,46407,19282,3,69.99,2024-11-20 15:50:00+00:00,Unknown,209.97,2024,11,20
62865,46680,19131,1,72.6,2024-10-18 05:15:00+00:00,Unknown,72.6,2024,10,18
68318,44755,19434,1,17.0,2024-08-08 04:06:00+00:00,Unknown,17.0,2024,8,8
69485,47196,19517,1,86.7,2024-11-16 04:34:54+00:00,Unknown,86.7,2024,11,16
65315,44593,19323,1,53.1,2025-04-08 01:50:07+00:00,Unknown,53.1,2025,4,8
67330,46604,19240,1,76.8,2024-10-06 18:53:00+00:00,Unknown,76.8,2024,10,6
73711,44538,19362,3,39.99,2025-07-02 12:47:47+00:00,"Apt. 328 2596 Quitzon Knoll, Irisport, MO 21824",119.97,2025,7,2
72116,44345,19056,1,24.9,2024-12-26 16:16:37+00:00,Unknown,24.9,2024,12,26
71889,47348,19084,1,52.75,2025-05-30 18:07:00+00:00,"Suite 950 779 Nienow Streets, Haleyville, MI 35210",52.75,2025,5,30
73197,45032,19423,2,34.75,2025-04-30 13:29:09+00:00,Unknown,69.5,2025,4,30
65135,47357,19244,1,57.9,2025-07-14 06:50:01+00:00,"76386 Lakisha Parkways, Bennettfurt, CT 56488",57.9,2025,7,14
65556,45783,19534,1,51.0,2024-12-24 23:45:00+00:00,"6934 Nolan Shoal, Ramonhaven, MS 20017-3666",51.0,2024,12,24
69015,46130,19472,2,69.5,2024-03-10 00:44:00+00:00,Unknown,139.0,2024,3,10
67901,47531,19547,1,72.9,2024-05-14 08:56:40+00:00,Unknown,72.9,2024,5,14
64308,45774,18965,1,65.0,2024-07-29 15:09:31+00:00,Unknown,65.0,2024,7,29
64723,45300,19266,2,48.0,2025-06-07 05:09:10+00:00,Unknown,96.0,2025,6,7
73105,45981,19450,1,30.0,2024-12-15 15:57:00+00:00,Unknown,30.0,2024,12,15
67999,45599,19444,1,40.5,2025-03-28 14:49:45.861000+00:00,Unknown,40.5,2025,3,28
73417,45765,19188,2,45.99,2025-04-16 13:11:00+00:00,"6790 Tobias Villages, Lake Halville, MT 65358-4481",91.98,2025,4,16
66959,44866,18879,1,66.0,2025-01-13 00:20:19+00:00,Unknown,66.0,2025,1,13
69152,47511,19132,2,67.75,2024-09-12 07:10:47+00:00,Unknown,135.5,2024,9,12
68812,46255,18926,5,44.39,2024-07-06 03:32:05+00:00,Unknown,221.95,2024,7,6
70755,44855,19029,4,77.4,2024-12-21 05:32:25+00:00,Unknown,309.6,2024,12,21
67912,45916,19149,1,21.99,2024-11-29 05:31:24+00:00,Unknown,21.99,2024,11,29
64840,45797,19159,1,19.2,2024-10-25 19:25:46+00:00,Unknown,19.2,2024,10,25
69520,44559,19225,1,65.75,2024-12-10 22:01:00+00:00,Unknown,65.75,2024,12,10
67941,46098,19438,5,73.0,2024-11-11 10:28:00+00:00,Unknown,365.0,2024,11,11
69247,46681,18945,1,54.6,2024-09-28 11:07:28+00:00,Unknown,54.6,2024,9,28
67236,46650,18891,3,24.25,2025-02-19 12:22:00+00:00,Unknown,72.75,2025,2,19
72125,47000,19408,5,25.5,2024-04-03 18:47:00+00:00,Unknown,127.5,2024,4,3
64858,44966,19183,2,19.0,2025-01-07 03:09:30.322000+00:00,Unknown,38.0,2025,1,7
63034,47084,19509,1,55.5,2024-12-16 12:13:26+00:00,"31121 Gidget Bypass, East Marianaland, WI 23250-8975",55.5,2024,12,16
63538,47592,19472,2,81.3,2025-03-25 16:54:00+00:00,"5944 Lacie Fields, Bobview, NE 11747-4142",162.6,2025,3,25
64826,45543,19135,1,55.5,2024-09-30 12:45:08+00:00,"Apt. 114 4613 White Bridge, Harlanton, TX 01067-9695",55.5,2024,9,30
71909,46298,19489,5,36.0,2025-05-07 06:56:15.513000+00:00,Unknown,180.0,2025,5,7
66230,44930,19267,2,19.5,2025-03-11 12:34:50+00:00,Unknown,39.0,2025,3,11
71266,46311,19402,1,27.5,2025-02-11 14:09:00+00:00,Unknown,27.5,2025,2,11
66663,45121,19035,1,23.0,2025-03-07 19:35:00+00:00,Unknown,23.0,2025,3,7
70973,45250,18866,2,24.0,2024-09-17 07:47:26+00:00,Unknown,48.0,2024,9,17
73360,47433,19280,1,42.25,2024-09-19 08:32:43+00:00,Unknown,42.25,2024,9,19
63429,47183,19464,1,43.5,2024-10-25 00:02:11+00:00,Unknown,43.5,2024,10,25
65695,47236,19193,4,17.75,2025-01-24 19:41:00+00:00,Unknown,71.0,2025,1,24
73314,44755,19555,4,52.8,2025-05-01 06:37:21+00:00,Unknown,211.2,2025,5,1
71124,46122,19576,1,56.75,2025-06-03 19:01:00+00:00,Unknown,56.75,2025,6,3
67085,46959,19248,1,58.5,2024-08-21 07:11:53+00:00,"Apt. 417 8075 Enriqueta Pines, Lucinaberg, MD 96464-3899",58.5,2024,8,21
65448,46755,18859,2,67.2,2025-02-01 04:28:43+00:00,"778 Carla Brook, South Holley, NC 56490",134.4,2025,2,1
68109,46157,19019,4,14.5,2024-12-04 20:36:00+00:00,"35966 Johnston River, South Donte, RI 28790-7469",58.0,2024,12,4
71788,45747,19380,1,66.0,2024-12-17 20:45:00+00:00,Unknown,66.0,2024,12,17
63787,45354,19502,3,45.59,2024-09-14 03:00:47+00:00,Unknown,136.77,2024,9,14
73294,47525,18912,1,62.5,2024-10-27 07:41:00+00:00,Unknown,62.5,2024,10,27
71289,45242,19040,1,19.99,2025-01-03 02:40:52+00:00,Unknown,19.99,2025,1,3
71057,47082,19199,1,19.25,2024-07-15 01:49:00+00:00,Unknown,19.25,2024,7,15
68071,44573,18882,2,47.99,2025-01-03 21:01:54+00:00,Unknown,95.98,2025,1,3
69449,46735,18951,1,70.99,2024-05-07 13:31:41+00:00,Unknown,70.99,2024,5,7
69870,46205,19154,1,72.25,2024-10-23 11:12:00+00:00,"Apt. 928 87444 Hamill Roads, South Stellaton, TN 00992-4872",72.25,2024,10,23
73817,47338,19130,1,23.0,2025-06-22 17:32:00+00:00,Unknown,23.0,2025,6,22
69869,45863,19121,1,84.0,2024-10-07 17:47:00+00:00,Unknown,84.0,2024,10,7
63203,46248,19257,2,81.6,2024-06-05 13:48:07+00:00,Unknown,163.2,2024,6,5
68916,44498,19379,1,54.0,2025-02-03 10:34:00+00:00,Unknown,54.0,2025,2,3
63923,44352,19193,1,19.75,2025-02-13 18:16:15.855000+00:00,Unknown,19.75,2025,2,13
65064,47538,19072,1,61.99,2025-05-16 01:16:58+00:00,"746 Brad Pine, East Norris, SC 54630",61.99,2025,5,16
68691,46255,18873,2,67.0,2024-11-09 20:28:00+00:00,"4114 Elbert Crossroad, Keeblermouth, MS 77686-8081",134.0,2024,11,9
69123,45869,18971,1,53.99,2024-05-22 09:44:41+00:00,Unknown,53.99,2024,5,22
66038,46774,19363,1,24.0,2024-11-22 03:10:22+00:00,Unknown,24.0,2024,11,22
73341,47491,19426,2,43.25,2025-03-30 08:13:19.697000+00:00,"Suite 193 91421 Claude Points, East Josiahton, LA 59734",86.5,2025,3,30
67429,47287,19540,1,65.75,2025-01-09 20:05:00+00:00,Unknown,65.75,2025,1,9
73167,45004,19107,2,89.4,2024-11-22 16:08:43.157000+00:00,Unknown,178.8,2024,11,22
67781,44582,18842,5,74.4,2024-06-20 06:33:54+00:00,Unknown,372.0,2024,6,20
69467,44402,19002,1,26.0,2024-10-17 17:39:00+00:00,"720 Emmett Plaza, Jamieport, KS 86141",26.0,2024,10,17
73329,44439,18866,1,23.5,2024-08-26 05:34:00+00:00,Unknown,23.5,2024,8,26
68086,45114,18905,1,59.0,2024-11-30 18:34:14+00:00,Unknown,59.0,2024,11,30
72646,44648,19207,1,57.25,2025-02-28 21:55:51+00:00,"97395 Kulas Inlet, Weissnatfort, DE 41068",57.25,2025,2,28
70570,47196,19231,2,17.5,2024-06-21 22:22:00+00:00,Unknown,35.0,2024,6,21
67168,45686,19202,1,68.1,2024-09-17 12:36:28+00:00,Unknown,68.1,2024,9,17
71736,44834,19427,2,45.0,2024-06-23 23:00:33+00:00,Unknown,90.0,2024,6,23
62841,46555,19380,1,81.6,2025-09-08 15:48:27+00:00,"986 Keebler Keys, Purdytown, ME 23731-6143",81.6,2025,9,8
71056,46424,18862,1,34.8,2024-12-19 18:49:19+00:00,Unknown,34.8,2024,12,19
70475,44768,19131,2,58.75,2025-01-31 12:09:19+00:00,Unknown,117.5,2025,1,31
68200,45199,19165,1,37.8,2024-09-19 04:16:52+00:00,Unknown,37.8,2024,9,19
68068,46284,19361,1,35.0,2025-07-09 15:21:00+00:00,Unknown,35.0,2025,7,9
72147,45439,19136,1,61.2,2025-04-29 10:01:00+00:00,"1993 Dudley Shoal, Port Orvalshire, KY 58099",61.2,2025,4,29
72500,47028,19222,1,54.5,2025-05-12 17:14:46+00:00,"2810 Jama Junction, Bennyfort, SD 74014",54.5,2025,5,12
70915,45871,19565,4,68.25,2025-03-30 19:58:14+00:00,Unknown,273.0,2025,3,30
71341,44387,19110,1,56.99,2025-04-09 02:59:07+00:00,Unknown,56.99,2025,4,9
71429,45923,19240,1,77.1,2025-02-22 09:23:00+00:00,Unknown,77.1,2025,2,22
73812,47587,19018,1,15.0,2024-09-23 16:39:00+00:00,"Apt. 109 96330 Runolfsson Forge, New Eugene, KY 96077-7343",15.0,2024,9,23
66204,47366,18935,1,57.5,2024-12-27 02:55:17+00:00,Unknown,57.5,2024,12,27
73296,44508,19341,3,33.6,2024-12-15 05:02:00+00:00,"Suite 294 35055 Rohan Inlet, Kozeyfurt, SD 38014-8335",100.8,2024,12,15
69288,46211,19277,2,72.6,2025-04-24 01:53:00+00:00,Unknown,145.2,2025,4,24
62943,46707,19559,2,68.0,2025-04-30 16:35:23+00:00,Unknown,136.0,2025,4,30
62785,45977,19292,1,50.99,2025-04-30 13:39:29+00:00,Unknown,50.99,2025,4,30
70294,44451,19161,1,43.8,2025-06-20 01:15:53+00:00,Unknown,43.8,2025,6,20
66127,44412,19343,3,87.9,2025-03-10 11:00:07+00:00,Unknown,263.7,2025,3,10
71698,45877,19528,1,33.59,2024-11-10 10:16:00+00:00,Unknown,33.59,2024,11,10
72152,45270,19529,1,14.0,2024-11-06 15:23:24+00:00,Unknown,14.0,2024,11,6
67131,46815,19044,3,59.0,2025-03-25 16:54:00+00:00,Unknown,177.0,2025,3,25
71062,45413,19552,1,36.0,2024-08-08 19:52:16+00:00,Unknown,36.0,2024,8,8
63652,47181,19494,1,28.0,2024-10-07 16:19:46.132000+00:00,Unknown,28.0,2024,10,7
67791,46106,19203,1,70.5,2024-08-29 20:42:24+00:00,"Apt. 530 7724 Willy Islands, Huelberg, DE 22660",70.5,2024,8,29
64959,46205,19544,1,40.25,2025-01-12 11:28:43+00:00,Unknown,40.25,2025,1,12
64216,46574,19356,2,49.5,2024-12-26 22:45:00+00:00,"Suite 622 1945 Dante Extension, New Deonna, NV 91785-4245",99.0,2024,12,26
69146,44490,19084,2,49.99,2024-07-28 22:59:59+00:00,Unknown,99.98,2024,7,28
71144,46559,18846,1,20.0,2024-08-27 16:47:00+00:00,Unknown,20.0,2024,8,27
67771,46528,19091,2,23.99,2024-09-21 19:43:19+00:00,Unknown,47.98,2024,9,21
63177,47444,19501,1,20.7,2025-02-19 01:32:28+00:00,Unknown,20.7,2025,2,19
72871,45358,19158,4,81.0,2024-05-16 02:51:24+00:00,"27213 Mohr Wall, West Myrafurt, OK 21759-3074",324.0,2024,5,16
73185,44856,19298,4,76.2,2024-12-08 09:00:08+00:00,"26035 Emil Spring, North Shannanfort, WY 01118-8758",304.8,2024,12,8
67499,46717,19426,5,42.5,2025-01-02 23:26:04+00:00,"Apt. 117 768 Stracke Garden, North Leeanna, AZ 26663",212.5,2025,1,2
66130,46567,18952,1,50.75,2024-08-17 03:49:00+00:00,Unknown,50.75,2024,8,17
67850,44817,19147,2,25.25,2025-04-05 02:43:11+00:00,"Suite 944 25848 Edda Road, Sherillton, GA 51871",50.5,2025,4,5
69279,47406,19143,1,31.0,2024-08-25 04:12:00+00:00,Unknown,31.0,2024,8,25
70902,46848,19278,3,34.25,2025-04-04 18:33:50+00:00,Unknown,102.75,2025,4,4
72430,45510,19093,2,27.5,2025-02-14 12:29:05+00:00,Unknown,55.0,2025,2,14
63969,47559,19377,1,53.0,2025-01-28 00:18:16+00:00,"5131 Lanie Dam, New Adanmouth, AR 08711-0935",53.0,2025,1,28
71856,46724,19025,1,43.19,2024-07-22 08:51:00+00:00,"Apt. 372 367 Earle Views, West Desiremouth, SC 19399",43.19,2024,7,22
71079,47495,19577,1,71.0,2024-06-17 10:04:00+00:00,Unknown,71.0,2024,6,17
71130,44938,19326,2,27.5,2025-02-21 11:41:56+00:00,Unknown,55.0,2025,2,21
63807,46048,19503,3,17.99,2024-05-18 14:20:50+00:00,Unknown,53.97,2024,5,18
63453,45039,19231,1,16.5,2024-08-20 04:58:39+00:00,"Apt. 676 12220 Zemlak Avenue, Allysonport, VT 58780",16.5,2024,8,20
69457,45836,19423,1,39.0,2025-01-23 16:41:26+00:00,Unknown,39.0,2025,1,23
71415,46951,19175,1,47.4,2024-10-14 21:12:38+00:00,"Apt. 918 7418 Marks Port, Port Lilli, MS 87471",47.4,2024,10,14
64412,46141,19169,1,73.0,2024-11-29 00:01:18+00:00,Unknown,73.0,2024,11,29
65555,46028,19129,1,26.0,2024-04-30 22:28:00+00:00,Unknown,26.0,2024,4,30
71753,45666,19510,2,18.0,2024-09-04 00:53:00+00:00,Unknown,36.0,2024,9,4
65751,45166,19155,1,55.5,2025-01-06 11:42:59+00:00,Unknown,55.5,2025,1,6
70192,47474,19255,1,51.6,2024-10-19 02:55:28+00:00,Unknown,51.6,2024,10,19
72445,47056,19190,1,47.0,2025-08-21 17:37:49+00:00,Unknown,47.0,2025,8,21
69159,45288,18949,1,28.0,2024-09-24 15:09:00+00:00,Unknown,28.0,2024,9,24
70964,46737,19314,4,32.0,2024-05-17 04:55:00+00:00,"314 Welch Land, North Chelsie, ND 63976-7158",128.0,2024,5,17
66118,46975,19083,1,56.4,2025-03-30 16:06:10+00:00,"2223 Hane Loop, Athenaville, KS 01891-7799",56.4,2025,3,30
67703,46273,19488,1,70.0,2025-01-31 20:44:40+00:00,"867 Maya Glen, Samshire, TN 59248",70.0,2025,1,31
72651,45504,19132,1,70.0,2025-08-26 14:52:37+00:00,Unknown,70.0,2025,8,26
65914,46539,19391,5,61.5,2024-07-18 20:55:51.821000+00:00,Unknown,307.5,2024,7,18
63168,45593,18949,2,28.5,2024-10-08 11:56:10+00:00,Unknown,57.0,2024,10,8
70347,44848,19429,1,68.75,2024-10-16 16:32:25+00:00,Unknown,68.75,2024,10,16
69886,45867,19584,1,38.99,2024-12-17 10:11:52.117000+00:00,"65516 Caryn Green, Blockton, NM 54170-3533",38.99,2024,12,17
63731,47154,19207,1,65.99,2024-12-05 06:59:00+00:00,Unknown,65.99,2024,12,5
65977,46888,19203,1,57.0,2025-01-29 21:01:00+00:00,Unknown,57.0,2025,1,29
67657,45270,19152,1,29.0,2024-10-17 14:40:17+00:00,Unknown,29.0,2024,10,17
68825,47493,19522,1,70.0,2024-11-12 09:42:32+00:00,Unknown,70.0,2024,11,12
71730,47037,18941,1,60.25,2024-06-19 05:50:03+00:00,Unknown,60.25,2024,6,19
70266,47312,19442,2,47.99,2024-06-21 11:38:01+00:00,"8860 Crist Court, North Conrad, TX 57477-4018",95.98,2024,6,21
63244,45161,19378,1,19.99,2025-05-06 17:06:55+00:00,Unknown,19.99,2025,5,6
73401,44517,19450,1,33.0,2025-06-13 02:02:16+00:00,"30738 Roob Rapids, New Jay, NH 73977-1668",33.0,2025,6,13
67320,46077,19560,1,36.0,2025-06-04 10:09:00+00:00,Unknown,36.0,2025,6,4
71234,44414,19496,4,26.0,2025-04-19 08:19:03+00:00,Unknown,104.0,2025,4,19
69001,46713,19240,1,66.75,2024-10-28 06:42:21.470000+00:00,Unknown,66.75,2024,10,28
66682,44932,19343,1,73.75,2024-05-18 15:59:00+00:00,Unknown,73.75,2024,5,18
64788,46873,19075,1,44.0,2025-05-12 09:35:05+00:00,"Apt. 775 3460 Predovic Stravenue, Lake Benitoside, CT 27461",44.0,2025,5,12
70920,47545,18877,1,56.4,2024-10-07 07:38:31+00:00,Unknown,56.4,2024,10,7
67949,46734,18870,1,58.0,2025-01-20 16:30:28+00:00,Unknown,58.0,2025,1,20
71148,44745,18865,3,44.25,2025-07-07 15:59:30.924000+00:00,Unknown,132.75,2025,7,7
67097,45802,18883,1,22.79,2024-04-01 04:03:00+00:00,Unknown,22.79,2024,4,1
67432,47274,19152,1,30.5,2024-09-23 20:46:34+00:00,"Suite 541 86944 Bennett Squares, West Timmyside, KY 70868-7635",30.5,2024,9,23
69772,47038,19521,3,22.79,2024-12-19 00:18:00+00:00,Unknown,68.37,2024,12,19
73005,47301,19136,1,60.0,2025-04-12 00:43:00+00:00,Unknown,60.0,2025,4,12
66785,46122,18961,1,89.7,2024-02-23 15:55:00+00:00,Unknown,89.7,2024,2,23
69715,45572,19357,5,15.3,2025-01-31 09:19:00+00:00,"73032 Octavio Hill, Penelopeside, CT 43365-4603",76.5,2025,1,31
68183,47057,19091,1,27.99,2024-05-26 07:45:00+00:00,"Suite 355 5807 McKenzie Stream, Walshhaven, IA 91577-8771",27.99,2024,5,26
67006,46543,19079,1,35.4,2024-12-02 06:01:00+00:00,"Apt. 854 2676 Kihn Rue, Shanahanside, AR 21230",35.4,2024,12,2
68272,46280,19153,1,58.99,2024-11-18 21:00:55+00:00,Unknown,58.99,2024,11,18
66001,45536,18857,1,70.5,2024-06-29 07:48:35+00:00,"Apt. 670 7384 Fermin Club, South Maryatown, NM 73394-0609",70.5,2024,6,29
73083,47402,19523,2,29.0,2024-05-20 10:48:36+00:00,Unknown,58.0,2024,5,20
69593,44708,19510,1,19.0,2024-08-28 00:54:00+00:00,Unknown,19.0,2024,8,28
70574,45708,18894,1,20.5,2024-04-09 00:20:47.921000+00:00,Unknown,20.5,2024,4,9
67250,45864,18936,3,62.25,2025-06-14 04:24:42+00:00,Unknown,186.75,2025,6,14
65869,44897,19028,1,60.75,2024-08-22 06:32:47+00:00,"Apt. 112 14727 Bahringer Creek, Strosinstad, MS 40520-3986",60.75,2024,8,22
71408,45281,19568,1,45.0,2024-09-08 08:47:00+00:00,Unknown,45.0,2024,9,8
66156,45906,19229,1,24.6,2024-11-08 13:51:00+00:00,Unknown,24.6,2024,11,8
63202,44843,19479,1,68.4,2025-06-11 20:54:00+00:00,Unknown,68.4,2025,6,11
65059,45895,19220,1,63.0,2024-12-29 07:07:52+00:00,Unknown,63.0,2024,12,29
68997,45058,19573,1,35.0,2025-05-09 06:53:04.785000+00:00,Unknown,35.0,2025,5,9
63782,44961,19189,1,22.5,2025-07-21 05:06:00+00:00,"Suite 404 72922 DuBuque Station, New Suellen, UT 93870",22.5,2025,7,21
73133,46627,19277,1,58.5,2024-12-04 19:28:00+00:00,Unknown,58.5,2024,12,4
72911,45019,19512,2,44.25,2024-11-14 18:00:48+00:00,"Apt. 883 28219 Kittie Trafficway, Ellsworthland, NV 08815-3756",88.5,2024,11,14
65037,45509,19323,1,45.0,2024-06-17 13:15:42.871000+00:00,Unknown,45.0,2024,6,17
72642,47270,19113,2,71.25,2024-04-29 16:03:00+00:00,Unknown,142.5,2024,4,29
69130,46279,18961,5,74.0,2025-09-22 06:26:37+00:00,Unknown,370.0,2025,9,22
67337,47059,19204,2,49.5,2024-11-11 08:22:00+00:00,"748 Whitley Rapid, South Arica, AR 85862",99.0,2024,11,11
65435,46163,19026,1,21.0,2024-05-04 02:12:08+00:00,Unknown,21.0,2024,5,4
65814,45262,19043,1,17.5,2025-04-01 04:38:40+00:00,Unknown,17.5,2025,4,1
67260,44811,18886,1,65.99,2024-07-22 18:18:14+00:00,"Apt. 451 8950 Nathan Fords, Patstad, NE 72332-9652",65.99,2024,7,22
64214,46190,19212,1,53.99,2025-01-29 02:36:54+00:00,"Apt. 278 24610 Armstrong Plaza, East Felipe, CA 00826",53.99,2025,1,29
70689,44774,18945,1,55.5,2025-01-04 07:04:00+00:00,"Apt. 441 353 Borer Dam, Maeganstad, IL 79653",55.5,2025,1,4
72563,46569,19292,1,59.7,2024-12-30 07:29:00+00:00,"130 McDermott Glen, West Clintshire, CO 61705-7034",59.7,2024,12,30
69621,44809,18935,1,71.4,2024-10-03 12:49:04.602000+00:00,"Apt. 579 5341 Greenfelder Throughway, Port Hyon, OR 65472",71.4,2024,10,3
70253,44659,19211,1,46.25,2024-11-02 07:04:27+00:00,Unknown,46.25,2024,11,2
68605,46155,18881,1,27.5,2024-07-05 02:48:29+00:00,"49322 Kuvalis Locks, Tremblayfort, MD 51806",27.5,2024,7,5
72062,47112,19017,1,54.0,2025-05-13 09:51:56+00:00,Unknown,54.0,2025,5,13
65375,46522,19509,5,53.0,2025-01-21 03:14:35+00:00,"Apt. 866 4525 Schultz Forges, New Anika, KY 44229-4285",265.0,2025,1,21
70835,44433,19281,1,36.5,2025-04-11 07:11:27+00:00,Unknown,36.5,2025,4,11
64439,44913,18957,1,75.0,2024-08-21 04:31:31+00:00,Unknown,75.0,2024,8,21
65567,45119,19581,2,27.0,2025-03-07 15:03:00+00:00,Unknown,54.0,2025,3,7
68859,45441,19444,1,42.5,2024-11-19 19:49:02+00:00,"Suite 149 897 Adam Bridge, Stantonfort, ME 62560",42.5,2024,11,19
67740,46277,19187,1,61.99,2025-01-30 16:16:55+00:00,Unknown,61.99,2025,1,30
73335,45662,18888,1,44.99,2024-12-08 01:25:03+00:00,"Suite 199 853 Isreal Summit, Schoenburgh, ND 31559-4674",44.99,2024,12,8
65736,46807,19488,3,73.99,2025-01-18 10:04:54+00:00,Unknown,221.97,2025,1,18
65070,45004,18934,1,17.0,2024-07-06 06:36:57+00:00,Unknown,17.0,2024,7,6
65335,46954,19242,1,47.0,2024-03-11 14:31:31+00:00,Unknown,47.0,2024,3,11
73952,47025,19137,1,58.79,2025-02-04 19:20:38.756000+00:00,Unknown,58.79,2025,2,4
70880,45823,19391,1,53.5,2024-02-04 19:19:57+00:00,Unknown,53.5,2024,2,4
63384,45978,19495,1,27.25,2025-01-27 20:19:00+00:00,Unknown,27.25,2025,1,27
63773,46056,19480,1,85.5,2025-06-30 16:28:15+00:00,Unknown,85.5,2025,6,30
68196,47113,19239,1,75.0,2024-08-03 20:30:33+00:00,Unknown,75.0,2024,8,3
70500,44697,19342,1,37.0,2024-10-24 12:47:47+00:00,Unknown,37.0,2024,10,24
70304,45956,19108,1,38.5,2024-07-06 19:44:00+00:00,Unknown,38.5,2024,7,6
64247,46699,18872,1,38.25,2024-04-21 04:39:00+00:00,Unknown,38.25,2024,4,21
71339,45020,19249,1,63.0,2025-01-16 09:16:57+00:00,Unknown,63.0,2025,1,16
72121,46452,18853,3,61.5,2025-05-02 09:12:00+00:00,Unknown,184.5,2025,5,2
71290,46387,19335,1,14.0,2024-12-06 07:38:00+00:00,Unknown,14.0,2024,12,6
69276,45556,19014,1,18.75,2024-09-19 10:09:54+00:00,"97577 Johnson Stream, New Ginoberg, NV 03805",18.75,2024,9,19
69642,44390,19453,1,33.6,2024-10-18 14:46:00+00:00,"Suite 861 36112 Nelia Road, O'Keefefort, KY 90565",33.6,2024,10,18
70631,46335,19169,2,72.25,2024-10-07 09:39:31+00:00,Unknown,144.5,2024,10,7
66787,45408,19485,3,78.0,2025-01-31 18:18:14+00:00,"70290 Lemke Tunnel, Kshlerinland, LA 22191",234.0,2025,1,31
71756,46577,18847,1,42.75,2024-08-22 11:18:50+00:00,"Suite 948 475 Nitzsche Knolls, Port Gennyville, MS 81562",42.75,2024,8,22
71294,46380,19319,2,35.0,2025-05-20 14:00:11+00:00,Unknown,70.0,2025,5,20
67635,46966,18907,1,39.0,2025-09-23 20:31:00+00:00,Unknown,39.0,2025,9,23
70207,45116,19511,3,40.0,2025-01-16 13:41:30+00:00,Unknown,120.0,2025,1,16
71667,46320,18963,1,66.6,2024-12-15 23:18:44+00:00,Unknown,66.6,2024,12,15
69530,45905,19251,5,22.0,2024-12-09 17:11:00+00:00,Unknown,110.0,2024,12,9
68801,45910,19040,2,16.0,2025-03-05 12:23:04+00:00,"10844 Napoleon Mountain, Christiansenhaven, HI 88462",32.0,2025,3,5
64094,46327,19302,1,32.1,2025-05-03 22:59:34+00:00,Unknown,32.1,2025,5,3
71594,44694,19058,3,15.75,2024-11-26 12:09:14+00:00,Unknown,47.25,2024,11,26
64540,45506,19351,1,26.5,2025-05-20 02:39:00+00:00,Unknown,26.5,2025,5,20
72394,44493,18994,1,41.5,2024-09-09 00:04:08+00:00,Unknown,41.5,2024,9,9
70221,45482,19324,1,65.0,2025-01-21 10:39:05+00:00,Unknown,65.0,2025,1,21
69419,46647,18975,1,55.5,2024-05-23 11:41:59+00:00,"1487 Nikolaus Flat, West Rubinstad, NY 47647",55.5,2024,5,23
73284,45635,19163,1,21.0,2024-08-27 02:42:48.391000+00:00,Unknown,21.0,2024,8,27
64929,44644,19532,2,31.0,2025-06-05 13:34:17.426000+00:00,Unknown,62.0,2025,6,5
64283,46466,18985,4,55.0,2024-10-25 16:47:00+00:00,Unknown,220.0,2024,10,25
65717,46987,18974,1,41.25,2024-09-01 04:44:00+00:00,Unknown,41.25,2024,9,1
66615,46071,19316,1,22.0,2024-12-09 10:19:35+00:00,Unknown,22.0,2024,12,9
66798,45994,19339,1,56.4,2025-02-20 00:48:38+00:00,"Suite 281 583 Carolyne Light, West Noel, FL 06179",56.4,2025,2,20
66488,45784,18991,1,56.5,2024-08-11 23:18:18+00:00,Unknown,56.5,2024,8,11
64227,46453,18864,2,71.0,2024-09-13 08:03:55+00:00,Unknown,142.0,2024,9,13
72087,47091,19319,3,45.9,2024-10-16 10:06:12.737000+00:00,Unknown,137.7,2024,10,16
67016,46283,19384,2,18.0,2024-10-29 16:46:03+00:00,Unknown,36.0,2024,10,29
71498,46193,18915,1,64.25,2024-05-25 18:57:20+00:00,Unknown,64.25,2024,5,25
71684,44755,19415,5,15.5,2025-01-28 16:41:33+00:00,Unknown,77.5,2025,1,28
73200,46509,18850,1,40.2,2024-07-29 02:32:29+00:00,"Apt. 920 178 Effertz Mews, New Nathanael, WY 59615-3640",40.2,2024,7,29
73452,45546,19152,3,39.0,2024-12-07 04:39:28+00:00,Unknown,117.0,2024,12,7
70649,45431,18960,1,37.2,2024-12-17 17:26:26+00:00,Unknown,37.2,2024,12,17
70159,46848,19492,1,53.5,2024-10-08 15:00:39.680000+00:00,Unknown,53.5,2024,10,8
73654,45002,19456,1,36.0,2024-10-29 20:58:10.809000+00:00,Unknown,36.0,2024,10,29
64985,45774,19086,1,87.59,2024-10-22 15:39:22+00:00,Unknown,87.59,2024,10,22
68905,47297,19515,2,82.8,2025-01-06 22:00:57+00:00,"Apt. 120 156 Hammes Shore, Walshfort, ID 08362",165.6,2025,1,6
65357,47412,19256,1,78.6,2025-04-11 01:17:08+00:00,Unknown,78.6,2025,4,11
73760,46066,19482,1,23.99,2024-09-10 06:18:00+00:00,Unknown,23.99,2024,9,10
66372,44410,19089,1,61.19,2024-11-26 00:01:40+00:00,Unknown,61.19,2024,11,26
64473,44815,18941,1,73.2,2024-09-13 05:36:22+00:00,"Suite 217 941 Weissnat Mountains, Cedricbury, DE 34818-9710",73.2,2024,9,13
70471,47214,19231,2,17.75,2024-08-02 20:17:00+00:00,Unknown,35.5,2024,8,2
71568,47622,19129,1,22.99,2024-08-30 09:18:33+00:00,"5010 Pfeffer Island, West Randalburgh, TX 83835-4451",22.99,2024,8,30
67845,45652,19309,1,67.5,2024-08-03 22:54:42+00:00,Unknown,67.5,2024,8,3
65817,45095,19383,2,61.75,2024-10-10 09:30:18+00:00,Unknown,123.5,2024,10,10
63263,46110,19181,1,61.25,2025-04-18 20:52:00+00:00,Unknown,61.25,2025,4,18
68842,44418,18841,1,19.99,2024-10-07 13:00:17+00:00,Unknown,19.99,2024,10,7
73910,47596,19262,1,71.75,2025-01-28 08:23:00+00:00,Unknown,71.75,2025,1,28
65204,46021,18971,1,54.5,2024-10-06 00:45:52+00:00,Unknown,54.5,2024,10,6
72468,47254,19000,1,71.7,2024-08-28 20:25:00+00:00,Unknown,71.7,2024,8,28
66110,45073,19201,1,39.99,2024-12-30 06:06:36+00:00,Unknown,39.99,2024,12,30
72478,44449,19341,1,29.0,2024-12-30 14:45:11+00:00,Unknown,29.0,2024,12,30
66371,45540,19457,5,26.0,2025-03-06 00:05:02+00:00,"Apt. 550 11393 Lee Viaduct, East Dessieport, IL 37240",130.0,2025,3,6
66321,45566,18922,1,18.0,2025-05-20 02:21:05+00:00,"50211 Salvatore Greens, East Earl, IN 55148-8474",18.0,2025,5,20
68098,45851,19180,1,44.0,2025-04-30 22:34:00+00:00,Unknown,44.0,2025,4,30
66405,46490,18964,5,48.5,2025-03-25 07:24:00+00:00,Unknown,242.5,2025,3,25
71820,44769,18980,1,59.0,2025-01-23 04:02:37+00:00,Unknown,59.0,2025,1,23
71395,44917,19462,1,72.6,2024-05-04 02:42:00+00:00,Unknown,72.6,2024,5,4
66144,45431,19584,1,42.0,2025-01-14 18:15:23+00:00,Unknown,42.0,2025,1,14
69881,45422,19588,1,67.75,2024-12-31 20:24:12+00:00,Unknown,67.75,2024,12,31
65349,47152,19429,3,67.0,2025-04-01 17:59:00+00:00,Unknown,201.0,2025,4,1
66161,44422,19556,1,33.6,2025-07-02 15:16:00+00:00,Unknown,33.6,2025,7,2
71668,44371,19356,1,52.0,2025-05-02 11:05:12+00:00,"Apt. 412 89021 Rempel Center, Kohlerburgh, IN 95644-0179",52.0,2025,5,2
70482,45996,19231,1,16.0,2024-08-01 03:25:24+00:00,"Apt. 257 7828 Padberg Valley, Torpchester, OK 94973",16.0,2024,8,1
65202,46347,19522,1,70.99,2025-02-13 16:30:00+00:00,Unknown,70.99,2025,2,13
62857,45256,18915,1,64.5,2024-08-05 08:09:13+00:00,Unknown,64.5,2024,8,5
67081,44659,19063,1,47.25,2024-09-18 08:09:38.654000+00:00,Unknown,47.25,2024,9,18
70936,46453,19356,5,59.99,2024-09-06 20:23:38.561000+00:00,"5727 Turner Pike, North Lindy, AL 97492-3542",299.95,2024,9,6
69544,46481,19019,5,15.25,2024-04-23 20:23:00+00:00,Unknown,76.25,2024,4,23
64790,45426,19345,4,59.0,2025-01-14 12:53:02+00:00,"501 Nigel Rapids, South Toryview, TN 76415-4715",236.0,2025,1,14
63042,46787,18890,1,68.25,2024-12-13 15:10:54+00:00,"5903 Mohr Turnpike, Skilesville, AZ 91952-7856",68.25,2024,12,13
72323,47357,19424,1,24.0,2025-02-23 10:59:00+00:00,Unknown,24.0,2025,2,23
63835,46677,19194,1,43.8,2025-08-04 00:20:05+00:00,Unknown,43.8,2025,8,4
62898,45572,19502,1,35.5,2025-02-13 16:33:55+00:00,"73032 Octavio Hill, Penelopeside, CT 43365-4603",35.5,2025,2,13
72992,44614,19293,1,31.0,2024-11-03 18:00:53+00:00,"Suite 175 882 Collette Summit, North Averyburgh, PA 38143-4918",31.0,2024,11,3
67944,47347,19403,1,64.5,2024-07-16 23:31:41+00:00,Unknown,64.5,2024,7,16
71384,45573,18978,1,59.5,2025-02-09 22:46:00+00:00,Unknown,59.5,2025,2,9
69843,47601,19173,2,61.0,2024-11-05 09:25:20+00:00,Unknown,122.0,2024,11,5
67621,45290,19357,2,15.75,2025-06-03 12:39:55+00:00,"Suite 144 268 Feest Mountain, Yostberg, DE 41922",31.5,2025,6,3
68112,45073,19516,1,41.0,2025-03-03 02:41:06+00:00,Unknown,41.0,2025,3,3
63618,47387,18938,1,60.9,2024-09-02 15:49:00+00:00,Unknown,60.9,2024,9,2
65158,45810,19424,1,18.75,2025-08-01 23:49:55.664000+00:00,Unknown,18.75,2025,8,1
66913,45217,19259,1,70.5,2025-05-14 00:42:08.540000+00:00,"Apt. 373 43930 Anderson Glens, West Cliffordberg, OR 65872",70.5,2025,5,14
67230,45265,19306,1,40.8,2024-08-03 19:55:16+00:00,"939 Colby Square, Boganbury, AL 07963",40.8,2024,8,3
66483,44337,18995,1,29.0,2024-10-27 02:17:37+00:00,"8235 Lynch Junctions, Heidenreichfort, IN 58961-9782",29.0,2024,10,27
71161,45270,19558,1,39.6,2024-09-21 10:42:42+00:00,Unknown,39.6,2024,9,21
72527,46365,18930,2,41.7,2024-06-23 21:25:00+00:00,Unknown,83.4,2024,6,23
73124,46194,18859,1,67.2,2025-02-11 10:44:00+00:00,"Apt. 310 129 Stamm Drive, Hintzville, WV 49645",67.2,2025,2,11
73744,45482,19079,1,26.5,2025-07-30 07:36:03+00:00,Unknown,26.5,2025,7,30
73221,45552,19187,2,64.0,2024-10-14 04:35:00+00:00,"461 Adams Drive, South Kristine, ID 89783",128.0,2024,10,14
65568,46175,19330,2,70.8,2024-10-14 21:11:40+00:00,Unknown,141.6,2024,10,14
64090,44919,19175,1,37.0,2024-11-18 10:44:00+00:00,Unknown,37.0,2024,11,18
63318,47504,18882,2,44.0,2025-02-14 09:20:00+00:00,Unknown,88.0,2025,2,14
68688,47242,19031,1,17.5,2024-04-11 19:34:54+00:00,Unknown,17.5,2024,4,11
65834,45559,18902,4,16.25,2024-12-18 00:25:00+00:00,Unknown,65.0,2024,12,18
72064,47307,19395,1,55.2,2024-05-01 04:30:43+00:00,Unknown,55.2,2024,5,1
63064,46857,19208,1,54.75,2024-07-30 15:39:04+00:00,Unknown,54.75,2024,7,30
72066,47302,19062,1,19.8,2024-09-01 17:04:11+00:00,Unknown,19.8,2024,9,1
72338,46851,19427,1,37.75,2024-11-06 01:46:00+00:00,Unknown,37.75,2024,11,6
65379,47254,19219,1,25.0,2024-09-18 05:37:46+00:00,Unknown,25.0,2024,9,18
68352,47204,19205,1,13.99,2025-04-23 09:30:00+00:00,Unknown,13.99,2025,4,23
63838,45725,18923,1,28.0,2025-03-16 22:04:46+00:00,"544 Turcotte Curve, Mernamouth, CO 70454",28.0,2025,3,16
67303,47468,19230,1,61.0,2024-12-03 08:04:01+00:00,Unknown,61.0,2024,12,3
62999,46561,18989,1,43.0,2024-11-17 11:24:29+00:00,"544 Wilhemina Ports, Langoshmouth, HI 17084-1745",43.0,2024,11,17
69526,44356,19211,2,49.0,2025-04-23 13:18:07+00:00,Unknown,98.0,2025,4,23
63098,45610,19023,1,44.75,2025-01-20 10:01:59+00:00,Unknown,44.75,2025,1,20
71092,44845,19569,1,82.8,2025-01-27 19:52:00+00:00,Unknown,82.8,2025,1,27
63982,44933,19374,1,22.5,2024-09-05 03:23:27+00:00,Unknown,22.5,2024,9,5
67940,45664,19187,1,63.99,2024-05-06 19:43:56+00:00,Unknown,63.99,2024,5,6
71866,44369,19182,1,61.2,2025-07-10 17:21:01+00:00,"Suite 555 8276 Delora Avenue, Jadwigatown, KS 79694",61.2,2025,7,10
66613,46888,19539,3,65.5,2024-08-17 09:48:56.709000+00:00,Unknown,196.5,2024,8,17
63348,46633,19522,2,81.0,2025-01-08 08:49:27.361000+00:00,Unknown,162.0,2025,1,8
65946,46981,19552,1,36.75,2024-10-28 06:48:55+00:00,Unknown,36.75,2024,10,28
71219,45733,18854,1,42.5,2024-09-04 16:31:56+00:00,Unknown,42.5,2024,9,4
73066,45296,19358,5,58.2,2024-09-30 14:08:17+00:00,Unknown,291.0,2024,9,30
68374,46270,19326,1,33.6,2024-12-12 15:06:25+00:00,Unknown,33.6,2024,12,12
63331,47355,19230,2,58.5,2025-01-14 08:49:11+00:00,Unknown,117.0,2025,1,14
67736,44559,19066,1,42.0,2024-06-14 08:51:00+00:00,Unknown,42.0,2024,6,14
73247,44981,18840,1,47.99,2024-06-03 17:21:26+00:00,"Apt. 426 687 Cruz Squares, East Neal, WI 99108",47.99,2024,6,3
65009,46376,19113,1,85.8,2025-01-14 01:34:00+00:00,Unknown,85.8,2025,1,14
63501,45079,19247,4,63.0,2025-04-01 06:33:00+00:00,Unknown,252.0,2025,4,1
67953,46460,19231,1,15.9,2024-11-23 22:52:12+00:00,Unknown,15.9,2024,11,23
72407,45408,19196,2,18.6,2024-10-19 12:56:16+00:00,Unknown,37.2,2024,10,19
66289,46640,19452,2,39.99,2024-10-18 20:53:35+00:00,Unknown,79.98,2024,10,18
72524,45558,19358,1,50.0,2024-09-17 20:25:25+00:00,Unknown,50.0,2024,9,17
65203,45654,19058,1,17.5,2024-08-06 08:24:18+00:00,Unknown,17.5,2024,8,6
73445,47054,19313,1,27.0,2024-08-02 19:23:20+00:00,Unknown,27.0,2024,8,2
70616,45229,19563,1,68.5,2024-04-26 14:07:27+00:00,"Apt. 750 573 Shana Trail, Frankville, WA 39482",68.5,2024,4,26
65519,44556,19516,2,45.0,2024-11-13 18:15:32+00:00,Unknown,90.0,2024,11,13
71032,47139,19307,1,23.5,2024-12-03 00:23:30+00:00,Unknown,23.5,2024,12,3
71995,45525,19460,1,32.0,2024-11-23 19:57:32+00:00,Unknown,32.0,2024,11,23
65746,47535,19465,1,51.6,2024-12-21 08:47:46+00:00,"74890 Dietrich Key, West Mark, MI 82535",51.6,2024,12,21
63564,45878,19200,4,28.79,2024-09-28 13:15:50+00:00,Unknown,115.16,2024,9,28
70111,44918,19254,1,54.5,2024-07-28 22:35:49+00:00,Unknown,54.5,2024,7,28
63207,45597,19144,1,49.0,2025-01-01 02:42:43+00:00,Unknown,49.0,2025,1,1
73245,46319,19276,2,16.0,2025-02-22 08:26:09+00:00,Unknown,32.0,2025,2,22
70183,46975,19065,1,23.4,2024-10-19 04:31:18+00:00,Unknown,23.4,2024,10,19
72415,44688,19063,1,51.5,2024-06-03 05:32:00+00:00,Unknown,51.5,2024,6,3
65319,44850,19539,1,63.25,2025-01-14 04:48:10+00:00,Unknown,63.25,2025,1,14
65788,44486,19334,1,67.0,2025-06-01 08:36:21+00:00,Unknown,67.0,2025,6,1
64021,46982,19308,5,59.0,2024-11-29 07:00:18.273000+00:00,Unknown,295.0,2024,11,29
63672,45977,19497,1,58.0,2024-10-28 07:54:52+00:00,Unknown,58.0,2024,10,28
71121,47294,19038,1,59.99,2024-11-14 08:48:00+00:00,"Suite 320 8641 Maritza Prairie, South Wilburnburgh, TX 67493-2426",59.99,2024,11,14
69728,46705,19153,1,69.6,2024-12-19 12:30:00+00:00,Unknown,69.6,2024,12,19
72955,47078,19522,2,66.0,2025-03-10 20:17:58+00:00,Unknown,132.0,2025,3,10
69935,45298,19036,1,68.99,2024-05-01 04:10:00+00:00,Unknown,68.99,2024,5,1
71356,44722,19040,2,19.5,2024-10-23 01:46:16+00:00,"Suite 692 244 Fadel Islands, Lynellmouth, UT 90162",39.0,2024,10,23
68992,44350,19541,1,26.5,2024-07-17 13:01:00+00:00,Unknown,26.5,2024,7,17
65207,47489,18841,3,15.25,2024-08-14 20:20:46+00:00,Unknown,45.75,2024,8,14
64533,45267,19543,1,45.3,2024-10-23 03:11:43+00:00,Unknown,45.3,2024,10,23
68476,45933,18964,1,52.0,2025-01-11 20:56:50+00:00,Unknown,52.0,2025,1,11
65789,44804,19305,1,53.5,2024-10-04 06:32:20+00:00,Unknown,53.5,2024,10,4
64119,47132,19486,1,54.0,2025-01-19 22:44:00+00:00,Unknown,54.0,2025,1,19
67640,45543,19546,1,57.59,2025-01-04 19:12:00+00:00,"Apt. 114 4613 White Bridge, Harlanton, TX 01067-9695",57.59,2025,1,4
67803,46654,19028,1,63.5,2024-10-07 13:36:25+00:00,Unknown,63.5,2024,10,7
69874,45573,19068,1,54.5,2024-05-19 10:02:07+00:00,Unknown,54.5,2024,5,19
65344,46422,19177,1,14.75,2024-05-06 07:15:27+00:00,Unknown,14.75,2024,5,6
71499,44972,18992,1,81.6,2024-08-06 08:36:36+00:00,Unknown,81.6,2024,8,6
67825,44738,19561,1,26.75,2025-03-16 13:54:12+00:00,Unknown,26.75,2025,3,16
73057,44567,19017,1,55.5,2025-04-11 14:46:59+00:00,Unknown,55.5,2025,4,11
70445,47049,19522,1,70.0,2025-06-20 08:38:00+00:00,"4940 Arnoldo Keys, West Arnette, KS 77599",70.0,2025,6,20
67180,46321,19551,1,31.5,2025-01-25 14:37:49.032000+00:00,Unknown,31.5,2025,1,25
72398,46132,18871,1,56.5,2025-01-27 10:14:48+00:00,Unknown,56.5,2025,1,27
67360,46357,18945,1,53.99,2024-09-06 23:43:00+00:00,Unknown,53.99,2024,9,6
66286,46179,19252,2,25.5,2025-04-22 16:57:06+00:00,Unknown,51.0,2025,4,22
71191,47503,18928,2,21.9,2024-02-11 11:34:06+00:00,Unknown,43.8,2024,2,11
70316,46280,19013,1,58.79,2025-01-24 08:27:00+00:00,Unknown,58.79,2025,1,24
66894,46310,19404,4,32.0,2025-03-30 18:48:00+00:00,"Suite 839 38272 Sauer Turnpike, New Laraburgh, MA 62777",128.0,2025,3,30
69556,47189,19334,1,67.99,2025-03-25 18:45:00+00:00,Unknown,67.99,2025,3,25
72640,44808,19567,1,57.3,2024-11-19 07:05:31+00:00,"381 Garrett Ford, Stehrshire, MN 08892",57.3,2024,11,19
69521,46489,19480,5,88.2,2025-01-21 20:32:00+00:00,Unknown,441.0,2025,1,21
68232,44913,19469,1,32.99,2024-03-07 21:30:54+00:00,Unknown,32.99,2024,3,7
72281,47385,19308,1,58.99,2024-09-16 14:33:00+00:00,Unknown,58.99,2024,9,16
64263,45422,19082,2,16.25,2024-12-01 03:57:26+00:00,Unknown,32.5,2024,12,1
73202,44642,18932,1,22.0,2024-08-10 00:42:30+00:00,"3816 Legros Spurs, South Mauricio, NC 61289-8001",22.0,2024,8,10
65705,44354,19323,2,42.5,2024-11-02 02:59:02+00:00,Unknown,85.0,2024,11,2
67269,44696,18944,2,19.8,2025-06-25 15:54:00+00:00,Unknown,39.6,2025,6,25
70007,45788,18932,1,27.59,2024-10-18 07:51:05+00:00,Unknown,27.59,2024,10,18
63616,46296,19038,1,56.0,2024-12-06 20:06:38+00:00,Unknown,56.0,2024,12,6
73243,46304,18928,1,20.0,2025-09-01 23:29:57+00:00,"Apt. 285 85528 Sal Road, Jeraldmouth, LA 06960",20.0,2025,9,1
73209,44651,19361,4,34.0,2024-07-26 19:52:55+00:00,"Apt. 310 470 Rubye River, Lake Dannie, NM 00175-3981",136.0,2024,7,26
70520,45609,19073,1,75.5,2025-01-14 17:39:00+00:00,"Suite 765 3445 Wilkinson Pine, South Linnchester, KY 75210-8753",75.5,2025,1,14
66754,45828,19067,1,39.75,2025-01-22 13:09:00+00:00,Unknown,39.75,2025,1,22
70917,47144,18893,2,49.75,2024-09-16 15:47:00+00:00,"92189 Nicol Lock, Davidbury, GA 27511-5729",99.5,2024,9,16
67540,45392,19375,1,25.2,2024-11-19 07:04:19+00:00,Unknown,25.2,2024,11,19
68720,46177,19077,1,44.5,2024-09-22 20:41:26+00:00,Unknown,44.5,2024,9,22
71895,44885,19337,1,73.8,2024-12-10 19:07:03+00:00,Unknown,73.8,2024,12,10
68749,44359,19503,1,16.0,2024-06-06 01:01:00+00:00,Unknown,16.0,2024,6,6
67674,45562,19060,1,64.0,2025-03-02 09:35:41.335000+00:00,Unknown,64.0,2025,3,2
69009,46336,18976,1,27.5,2024-09-30 22:01:34+00:00,Unknown,27.5,2024,9,30
67820,47081,19018,1,17.75,2024-06-23 06:25:36+00:00,Unknown,17.75,2024,6,23
73614,44540,19549,1,37.75,2025-05-30 18:06:39+00:00,Unknown,37.75,2025,5,30
64749,46685,19126,1,29.99,2024-08-04 17:36:46.520000+00:00,Unknown,29.99,2024,8,4
64553,47381,19328,1,31.0,2024-08-05 17:57:02+00:00,Unknown,31.0,2024,8,5
69706,44591,18849,1,31.0,2024-03-15 21:54:18+00:00,"5123 Cummerata Rapid, Graciahaven, AZ 84979",31.0,2024,3,15
70547,47027,19111,4,26.5,2025-04-12 08:03:42+00:00,Unknown,106.0,2025,4,12
64323,47579,19170,1,71.0,2025-01-23 18:47:02+00:00,Unknown,71.0,2025,1,23
68181,47009,19459,2,42.99,2024-07-23 03:24:14+00:00,"Apt. 856 106 Marth Circles, Lawerencebury, VT 77650-8323",85.98,2024,7,23
65090,45376,19162,2,64.99,2024-11-08 23:48:08+00:00,Unknown,129.98,2024,11,8
72203,46565,18982,1,59.0,2025-02-19 07:59:51+00:00,"Apt. 585 96768 Leuschke Mall, Lake Manual, MT 60732",59.0,2025,2,19
69712,46930,19081,1,17.99,2024-10-07 03:49:47+00:00,Unknown,17.99,2024,10,7
72826,45794,19483,3,54.75,2024-10-08 11:39:22+00:00,"Suite 922 3794 Shemika Wells, New Qiana, SD 90063-7453",164.25,2024,10,8
63523,46456,19377,1,50.99,2024-08-08 17:23:28+00:00,Unknown,50.99,2024,8,8
64504,47094,18928,2,20.5,2024-06-15 00:56:06+00:00,"27694 Eloise Trace, Hortensiastad, MN 25025-2894",41.0,2024,6,15
69211,44862,19197,2,43.99,2025-03-23 05:07:42+00:00,Unknown,87.98,2025,3,23
66125,46702,19035,2,21.5,2025-01-20 17:01:05+00:00,Unknown,43.0,2025,1,20
68892,45486,19017,1,53.0,2024-12-09 09:09:00+00:00,Unknown,53.0,2024,12,9
64225,46271,18999,2,60.0,2024-10-10 04:47:00+00:00,"Apt. 677 7035 Grover Shoal, North Santiago, MT 55580",120.0,2024,10,10
71378,45944,19442,1,47.0,2024-09-15 17:05:29+00:00,"Apt. 854 69119 Leuschke Point, Port Jenetteberg, HI 09473",47.0,2024,9,15
65465,44776,19456,2,32.25,2024-11-22 08:24:00+00:00,"Apt. 495 925 Schulist Crest, West Moses, IL 37449",64.5,2024,11,22
70389,46520,19292,1,52.5,2025-03-03 15:23:14.480000+00:00,Unknown,52.5,2025,3,3
64172,45321,19298,1,81.0,2024-10-12 04:54:00+00:00,"Apt. 279 70333 Margareta Creek, Medhursttown, MS 25312-0419",81.0,2024,10,12
72211,45513,19250,1,32.0,2024-06-21 16:36:30+00:00,Unknown,32.0,2024,6,21
63844,47555,19376,1,49.5,2025-01-02 00:11:49+00:00,Unknown,49.5,2025,1,2
72822,46379,19110,3,59.99,2024-12-04 13:00:31+00:00,Unknown,179.97,2024,12,4
66790,45388,19466,1,17.5,2025-03-25 20:55:01+00:00,Unknown,17.5,2025,3,25
67719,46886,19498,1,47.5,2025-02-25 02:22:00+00:00,Unknown,47.5,2025,2,25
62763,46393,19280,1,45.5,2025-05-20 02:41:11+00:00,Unknown,45.5,2025,5,20
65933,44371,19126,1,26.5,2024-12-13 10:20:47+00:00,Unknown,26.5,2024,12,13
66474,45976,19331,2,36.0,2024-11-13 02:00:00+00:00,"5834 Metz Street, Yeefort, CO 55323-7251",72.0,2024,11,13
69079,47285,19067,1,40.25,2024-08-09 15:29:04+00:00,Unknown,40.25,2024,8,9
66103,45281,19319,2,40.75,2024-05-15 10:14:08+00:00,Unknown,81.5,2024,5,15
64530,46436,18919,4,24.3,2024-08-23 01:45:38+00:00,Unknown,97.2,2024,8,23
67196,45801,19135,2,56.0,2024-11-04 22:41:00+00:00,Unknown,112.0,2024,11,4
69941,45879,19438,1,84.9,2024-09-15 10:45:01+00:00,Unknown,84.9,2024,9,15
68295,45370,19134,1,69.0,2025-04-10 04:47:12+00:00,Unknown,69.0,2025,4,10
64677,46064,19203,5,55.0,2024-08-02 17:35:00+00:00,"5176 Ramon Squares, West Eric, ID 16502-8623",275.0,2024,8,2
62783,47391,19529,1,17.0,2024-05-27 22:08:27+00:00,Unknown,17.0,2024,5,27
69792,45910,19300,2,76.5,2025-02-27 06:34:38+00:00,"10844 Napoleon Mountain, Christiansenhaven, HI 88462",153.0,2025,2,27
71754,46120,19587,1,31.5,2025-02-21 09:30:00+00:00,Unknown,31.5,2025,2,21
63060,44766,19167,5,40.0,2025-05-29 18:44:00+00:00,Unknown,200.0,2025,5,29
73763,44951,18954,1,34.8,2025-03-17 23:18:26+00:00,"Suite 721 76916 Myles Course, Lake Inell, HI 54112-2593",34.8,2025,3,17
67585,44846,19339,3,56.39,2024-09-14 16:37:13+00:00,"Apt. 377 47915 Jann Court, South Haydeebury, MI 94220-8229",169.17,2024,9,14
72946,44819,19062,1,18.6,2024-06-14 17:28:12+00:00,Unknown,18.6,2024,6,14
65634,45525,19426,2,40.25,2024-11-28 18:21:19+00:00,Unknown,80.5,2024,11,28
66352,45718,18859,1,53.0,2024-11-21 20:15:00+00:00,Unknown,53.0,2024,11,21
62797,45771,19074,1,69.0,2024-12-21 08:54:41+00:00,Unknown,69.0,2024,12,21
67852,46813,19125,1,19.19,2025-05-22 21:14:14+00:00,Unknown,19.19,2025,5,22
73326,44544,19042,1,31.0,2025-02-10 09:34:20+00:00,Unknown,31.0,2025,2,10
69624,45784,19099,4,54.99,2024-10-28 13:00:21+00:00,"444 Adah Ramp, Lake Mistyberg, NM 88728",219.96,2024,10,28
63008,44579,19100,2,21.6,2025-02-19 21:09:00+00:00,"Apt. 190 410 Reichert Road, Fisherland, SD 86798",43.2,2025,2,19
72523,47132,18890,2,86.4,2025-12-06 23:22:22+00:00,Unknown,172.8,2025,12,6
65017,45092,18875,1,46.25,2024-11-13 03:59:15+00:00,Unknown,46.25,2024,11,13
65860,47496,19011,1,66.0,2024-09-16 05:59:00+00:00,Unknown,66.0,2024,9,16
65771,45157,18962,1,73.19,2025-05-30 20:58:35+00:00,Unknown,73.19,2025,5,30
73898,45727,18987,2,73.19,2024-12-08 05:48:58+00:00,Unknown,146.38,2024,12,8
71723,46695,18902,1,20.99,2024-10-29 13:03:00+00:00,Unknown,20.99,2024,10,29
70341,44922,19293,1,35.1,2025-07-14 09:08:55+00:00,"85187 Bogisich Square, North Lanniemouth, KY 60710",35.1,2025,7,14
68512,44878,19448,1,53.0,2024-11-23 21:53:52+00:00,Unknown,53.0,2024,11,23
63537,44517,19038,1,70.5,2025-02-17 08:48:00+00:00,Unknown,70.5,2025,2,17
67459,44790,18840,3,57.0,2025-02-20 06:40:40+00:00,"Suite 855 45504 Ian Walk, North Haberg, NM 80820-3950",171.0,2025,2,20
65759,46513,19375,1,22.25,2025-02-23 12:58:19+00:00,Unknown,22.25,2025,2,23
62949,46512,18908,1,44.5,2025-05-26 05:08:58+00:00,Unknown,44.5,2025,5,26
63559,45228,19380,1,79.2,2024-11-11 04:43:00+00:00,"129 Brigette Cape, Karrymouth, NV 94292",79.2,2024,11,11
72997,47506,18970,1,49.5,2025-01-10 13:25:00+00:00,Unknown,49.5,2025,1,10
63319,47392,18997,5,37.0,2025-01-02 11:22:00+00:00,"Apt. 116 489 Wintheiser Lakes, North Dannymouth, AR 95901-5753",185.0,2025,1,2
72351,44482,19356,1,53.0,2024-09-11 16:18:53+00:00,Unknown,53.0,2024,9,11
68862,47500,19515,1,69.0,2024-12-11 01:36:00+00:00,Unknown,69.0,2024,12,11
68456,45266,19448,1,66.0,2024-12-29 21:10:31+00:00,Unknown,66.0,2024,12,29
71197,44967,19529,1,17.75,2025-03-17 23:47:00+00:00,Unknown,17.75,2025,3,17
62734,46848,19496,1,27.0,2025-02-06 19:41:05+00:00,Unknown,27.0,2025,2,6
69103,45784,19385,1,19.0,2024-08-26 06:49:35+00:00,Unknown,19.0,2024,8,26
64774,45427,18985,2,69.0,2024-09-02 19:22:00+00:00,"Apt. 390 18478 Nola Streets, Katharinachester, SC 29161-6753",138.0,2024,9,2
67534,46636,18847,1,40.5,2025-05-23 02:52:00+00:00,Unknown,40.5,2025,5,23
69682,46046,19141,5,54.0,2024-11-09 04:43:47+00:00,Unknown,270.0,2024,11,9
66239,45998,19262,2,70.99,2024-03-26 15:05:00+00:00,Unknown,141.98,2024,3,26
70387,46871,18970,4,45.0,2025-05-21 22:28:00+00:00,Unknown,180.0,2025,5,21
70317,44425,19128,1,72.5,2025-06-07 05:26:00+00:00,Unknown,72.5,2025,6,7
73524,47009,18988,1,70.8,2025-03-11 04:27:59+00:00,"Apt. 856 106 Marth Circles, Lawerencebury, VT 77650-8323",70.8,2025,3,11
72604,47350,18866,1,21.0,2024-05-18 16:50:00+00:00,Unknown,21.0,2024,5,18
67178,46443,19305,3,55.75,2024-09-28 06:26:32+00:00,Unknown,167.25,2024,9,28
72405,44473,19265,1,51.75,2025-05-25 22:23:23+00:00,"Suite 976 87479 Torp Mountains, North Roycebury, WV 77879-1670",51.75,2025,5,25
62988,45395,19581,1,33.9,2024-07-03 19:20:00+00:00,Unknown,33.9,2024,7,3
65406,47082,18911,1,65.5,2024-10-05 19:17:41+00:00,Unknown,65.5,2024,10,5
70424,45116,18980,1,60.25,2025-05-11 07:00:56.374000+00:00,"Apt. 333 6101 Tanya Drives, Joselynstad, LA 44640",60.25,2025,5,11
72517,46331,19256,1,62.25,2025-04-27 17:50:49+00:00,Unknown,62.25,2025,4,27
64835,46329,18949,1,29.0,2024-11-06 04:59:00+00:00,Unknown,29.0,2024,11,6
68502,45918,19424,1,22.8,2025-06-01 00:58:12+00:00,Unknown,22.8,2025,6,1
66051,45946,19173,1,58.75,2025-05-30 12:08:53+00:00,Unknown,58.75,2025,5,30
69895,47053,19048,1,36.6,2024-06-09 14:12:46+00:00,"Apt. 842 50243 Weber Mission, Lake Judithview, AR 78896-1443",36.6,2024,6,9
72000,44888,18978,1,74.7,2025-01-02 18:23:07+00:00,Unknown,74.7,2025,1,2
68581,46083,18844,1,41.75,2024-11-25 19:49:08+00:00,"Apt. 711 533 Roberts Rest, Klockoborough, PA 91894-8190",41.75,2024,11,25
64956,45489,19454,1,80.7,2024-08-10 04:37:00+00:00,Unknown,80.7,2024,8,10
71338,46662,19444,2,50.1,2024-10-16 01:59:28+00:00,Unknown,100.2,2024,10,16
68024,46308,19181,3,60.99,2025-03-17 18:37:37+00:00,Unknown,182.97,2025,3,17
65303,44471,19360,1,73.2,2025-01-18 11:21:25+00:00,Unknown,73.2,2025,1,18
63447,45323,19255,1,47.25,2025-05-30 02:08:42+00:00,"714 Ritchie Center, New Stanfordtown, PA 27854",47.25,2025,5,30
73819,44519,19245,1,80.4,2024-08-31 19:57:53+00:00,Unknown,80.4,2024,8,31
64202,45113,19570,1,46.99,2024-12-17 04:33:50+00:00,"81056 Paul Meadow, Lake Richborough, KS 94620",46.99,2024,12,17
68893,47470,18923,1,25.5,2024-03-31 09:01:00+00:00,"182 Denesik Bridge, West Larryfort, KS 02717-5441",25.5,2024,3,31
70062,45926,19003,1,44.4,2024-07-28 21:19:37+00:00,"Suite 772 690 Schinner Haven, West Jessitown, AL 78174",44.4,2024,7,28
63760,46893,18841,1,17.0,2025-04-17 14:19:00+00:00,Unknown,17.0,2025,4,17
68911,46249,19169,1,87.6,2025-04-29 15:04:04+00:00,"Apt. 273 39552 Melodie Dale, New Feltonhaven, GA 75781-1269",87.6,2025,4,29
73280,45193,19148,4,36.99,2024-07-24 05:27:37+00:00,Unknown,147.96,2024,7,24
71111,47040,19313,1,27.5,2025-01-21 14:37:30+00:00,"55564 Freida Parkways, Dickinsonfurt, MT 89666-0759",27.5,2025,1,21
73288,46929,19578,2,54.0,2025-07-10 11:50:25+00:00,Unknown,108.0,2025,7,10
68128,46577,19155,1,64.2,2025-01-30 21:43:24+00:00,"Suite 948 475 Nitzsche Knolls, Port Gennyville, MS 81562",64.2,2025,1,30
65608,46467,19019,4,16.5,2024-11-12 19:44:00+00:00,Unknown,66.0,2024,11,12
69286,45380,19375,1,23.0,2024-08-28 00:45:00+00:00,Unknown,23.0,2024,8,28
66218,46987,19261,1,69.5,2024-10-15 07:53:00+00:00,Unknown,69.5,2024,10,15
65884,47600,18882,1,47.0,2024-11-02 17:31:22+00:00,Unknown,47.0,2024,11,2
64865,45578,19287,2,41.1,2024-09-15 01:03:03+00:00,Unknown,82.2,2024,9,15
63229,46995,19360,1,59.5,2025-03-19 07:55:58+00:00,Unknown,59.5,2025,3,19
72034,45751,19122,1,46.79,2025-03-23 20:36:54+00:00,"15881 Eduardo Islands, Rodriguezstad, AR 92734",46.79,2025,3,23
72578,46539,19473,1,25.25,2024-10-16 09:30:48+00:00,Unknown,25.25,2024,10,16
71225,44812,18969,2,55.2,2025-02-03 05:18:50+00:00,Unknown,110.4,2025,2,3
68887,46126,19469,1,38.4,2024-11-29 07:33:00+00:00,Unknown,38.4,2024,11,29
69718,46896,18939,2,56.5,2024-10-19 16:50:00+00:00,Unknown,113.0,2024,10,19
65219,47346,19412,1,38.4,2024-08-10 19:29:41+00:00,Unknown,38.4,2024,8,10
72452,46200,19541,1,36.9,2025-03-14 11:35:00+00:00,Unknown,36.9,2025,3,14
71507,45770,19093,1,25.75,2024-10-03 14:26:16+00:00,"Apt. 456 470 Farrell Brooks, Lake Teresia, MN 98149",25.75,2024,10,3
66499,46475,19379,2,56.0,2024-03-22 05:30:00+00:00,"Suite 254 794 Katy Stravenue, Harberfort, NE 25072-7989",112.0,2024,3,22
65720,46204,19289,5,27.0,2024-07-29 16:07:08+00:00,Unknown,135.0,2024,7,29
64075,47388,18907,1,47.4,2025-04-18 23:11:00+00:00,Unknown,47.4,2025,4,18
73179,46848,19194,1,36.0,2025-01-22 13:35:44+00:00,Unknown,36.0,2025,1,22
71952,45813,19379,1,63.6,2024-02-29 10:06:50+00:00,Unknown,63.6,2024,2,29
63639,44453,18923,1,27.5,2025-07-29 02:25:49+00:00,Unknown,27.5,2025,7,29
63469,47305,18850,5,35.4,2024-09-09 22:07:00+00:00,Unknown,177.0,2024,9,9
71026,44763,19150,1,52.8,2024-09-07 19:33:40+00:00,Unknown,52.8,2024,9,7
72084,46168,19191,1,33.0,2025-04-13 08:56:03+00:00,Unknown,33.0,2025,4,13
68111,45398,18934,3,16.8,2025-09-14 07:51:00+00:00,Unknown,50.4,2025,9,14
71554,47513,19214,1,51.0,2024-11-23 08:27:10+00:00,Unknown,51.0,2024,11,23
73557,44702,19289,2,30.75,2024-12-17 07:22:17+00:00,Unknown,61.5,2024,12,17
65159,46809,19014,3,23.4,2025-03-21 07:13:57+00:00,Unknown,70.2,2025,3,21
67730,47430,19378,1,18.0,2025-02-09 10:48:08+00:00,Unknown,18.0,2025,2,9
65163,45272,19081,3,23.99,2025-05-26 18:29:58+00:00,Unknown,71.97,2025,5,26
72515,46579,18929,1,56.7,2024-10-19 02:51:00+00:00,"91869 Gregorio Mountain, West Lester, WY 78873-4165",56.7,2024,10,19
69900,46550,19349,1,42.25,2025-01-14 14:08:16.960000+00:00,"Apt. 962 6628 Efren Landing, Port Mechelleborough, ID 00951-2896",42.25,2025,1,14
70002,46082,19241,1,42.9,2024-09-27 09:48:54+00:00,"Apt. 894 66138 Satterfield Isle, Trulaport, NV 03337",42.9,2024,9,27
70313,44480,19543,2,51.0,2024-10-31 19:53:23+00:00,Unknown,102.0,2024,10,31
67398,45541,19072,1,63.0,2024-09-22 16:11:00+00:00,"782 Koelpin Prairie, Rempelburgh, AR 52930-8757",63.0,2024,9,22
65926,47238,19123,5,60.3,2024-06-28 19:56:47+00:00,Unknown,301.5,2024,6,28
67692,46433,19433,3,71.0,2024-07-30 04:11:11+00:00,Unknown,213.0,2024,7,30
66836,47274,19129,1,30.6,2025-01-09 20:00:00+00:00,Unknown,30.6,2025,1,9
67777,45729,18945,2,47.99,2025-01-27 18:13:38+00:00,"Suite 943 584 Dario Green, North Risa, AZ 50989-5863",95.98,2025,1,27
70135,45817,19493,1,79.19,2024-12-17 01:36:01+00:00,"2516 Esther Loaf, East Laticiaborough, NH 32278-0141",79.19,2024,12,17
71020,45907,18940,1,16.5,2024-08-19 06:50:49+00:00,Unknown,16.5,2024,8,19
63167,46232,19272,2,50.0,2024-10-12 14:55:35.108000+00:00,Unknown,100.0,2024,10,12
65833,46971,19103,1,32.75,2024-12-27 16:17:30+00:00,Unknown,32.75,2024,12,27
71990,45171,19390,1,38.5,2024-11-02 13:14:00+00:00,"640 Luci Crescent, New Treenahaven, IN 01303",38.5,2024,11,2
69091,45709,19074,1,85.2,2024-12-06 06:58:22+00:00,"2098 Signe Cape, North Stanford, CA 31636-8900",85.2,2024,12,6
66558,46931,18845,1,61.75,2025-04-27 16:57:51+00:00,Unknown,61.75,2025,4,27
73640,46969,19433,1,66.0,2024-12-31 13:38:56+00:00,"78272 Nannette Mission, Macieland, FL 30062",66.0,2024,12,31
73832,46430,19478,3,58.0,2024-09-03 11:56:47+00:00,Unknown,174.0,2024,9,3
66275,47086,19195,1,72.0,2024-05-31 14:53:27+00:00,Unknown,72.0,2024,5,31
63451,44380,19195,1,72.0,2025-06-16 22:24:05.736000+00:00,Unknown,72.0,2025,6,16
63729,46128,19179,1,64.79,2024-09-27 06:41:00+00:00,Unknown,64.79,2024,9,27
62953,44726,19316,1,21.99,2025-07-11 21:46:22+00:00,Unknown,21.99,2025,7,11
72643,46907,19437,4,42.6,2024-08-28 20:18:00+00:00,Unknown,170.4,2024,8,28
67536,46205,18842,1,61.0,2024-10-18 20:39:42+00:00,Unknown,61.0,2024,10,18
63141,45976,19438,1,71.0,2024-09-04 12:54:56+00:00,Unknown,71.0,2024,9,4
65022,46629,18870,1,56.25,2024-12-28 16:44:17+00:00,Unknown,56.25,2024,12,28
68647,44635,19573,1,33.5,2025-02-01 03:24:05+00:00,Unknown,33.5,2025,2,1
64444,46027,19329,1,67.5,2024-05-30 05:48:25+00:00,Unknown,67.5,2024,5,30
63785,47184,19444,1,42.0,2024-11-08 05:00:44+00:00,Unknown,42.0,2024,11,8
64179,47476,18906,1,49.2,2024-07-03 07:07:26+00:00,Unknown,49.2,2024,7,3
73954,46732,19338,1,80.1,2025-05-11 11:10:58.694000+00:00,Unknown,80.1,2025,5,11
65327,46728,19285,1,61.25,2024-05-21 08:05:00+00:00,Unknown,61.25,2024,5,21
69148,44995,19406,3,60.5,2025-02-20 19:11:00+00:00,"Suite 255 37606 Ana Square, Porterhaven, AR 43728",181.5,2025,2,20
69615,47351,19155,1,51.0,2025-04-09 07:14:28+00:00,Unknown,51.0,2025,4,9
62864,45969,19372,1,63.0,2025-04-04 20:38:38+00:00,"967 Cameron Falls, South Kermitburgh, AK 65094-9495",63.0,2025,4,4
72131,45555,19167,1,43.25,2024-07-31 14:41:31+00:00,Unknown,43.25,2024,7,31
64498,46270,19398,1,70.0,2025-01-22 13:22:00+00:00,Unknown,70.0,2025,1,22
73574,46944,19164,1,37.0,2024-11-01 02:46:26+00:00,Unknown,37.0,2024,11,1
72435,47603,18942,1,27.6,2025-07-13 18:09:00+00:00,Unknown,27.6,2025,7,13
65047,44416,19305,1,57.5,2024-10-21 15:30:46+00:00,Unknown,57.5,2024,10,21
62777,46497,19561,1,26.0,2025-03-12 21:40:37.161000+00:00,Unknown,26.0,2025,3,12
68091,47619,19032,1,71.5,2025-05-29 22:22:38+00:00,"Apt. 923 83441 Hugh Spurs, North Leopoldo, LA 19949",71.5,2025,5,29
66944,46244,19287,1,39.0,2024-11-25 06:23:46+00:00,Unknown,39.0,2024,11,25
66319,44983,19366,1,24.99,2024-09-14 08:08:16+00:00,Unknown,24.99,2024,9,14
64142,47470,19480,2,73.25,2024-12-08 17:06:10+00:00,Unknown,146.5,2024,12,8
68757,46338,19361,5,41.4,2025-06-10 17:31:12+00:00,Unknown,207.0,2025,6,10
65940,45922,18935,1,61.75,2025-08-21 15:29:00+00:00,"671 Jacobs Track, Marvinborough, WA 83040",61.75,2025,8,21
67721,46630,19048,1,35.99,2025-03-06 02:08:39+00:00,Unknown,35.99,2025,3,6
62786,45411,18926,1,37.5,2025-04-24 04:19:00+00:00,Unknown,37.5,2025,4,24
71089,45829,19396,1,55.8,2024-11-24 22:54:01.523000+00:00,Unknown,55.8,2024,11,24
66739,44678,19421,1,22.99,2024-10-20 12:47:00+00:00,Unknown,22.99,2024,10,20
65494,44820,18960,1,41.1,2024-09-01 03:35:04+00:00,"Suite 313 6352 Stan Field, Wiltonmouth, NM 10894-2523",41.1,2024,9,1
63566,45924,19236,5,82.8,2024-05-18 09:45:20+00:00,"570 Abbott Harbor, Dachborough, IN 30412-9841",414.0,2024,5,18
70527,47314,19575,1,51.75,2025-04-20 21:36:00+00:00,Unknown,51.75,2025,4,20
64070,44681,18939,5,54.25,2025-01-27 09:26:31+00:00,Unknown,271.25,2025,1,27
66535,44499,18844,1,43.75,2025-02-16 22:26:10+00:00,Unknown,43.75,2025,2,16
70553,45383,19148,1,40.0,2024-06-28 18:15:29+00:00,Unknown,40.0,2024,6,28
66481,46776,19298,1,67.0,2025-05-02 22:55:00+00:00,"Apt. 368 608 Emmerich Mountain, Lake Dariofurt, OK 20563-5232",67.0,2025,5,2
66815,46231,19399,1,16.99,2025-07-19 12:05:32+00:00,Unknown,16.99,2025,7,19
69230,44427,18991,1,58.0,2024-07-04 04:57:57+00:00,Unknown,58.0,2024,7,4
70522,47306,19154,1,75.5,2024-12-28 12:36:00+00:00,Unknown,75.5,2024,12,28
73662,46672,19154,1,72.0,2025-03-20 17:10:00+00:00,Unknown,72.0,2025,3,20
65830,46135,19255,2,43.99,2024-10-31 21:08:49+00:00,Unknown,87.98,2024,10,31
70043,45020,19477,1,41.75,2024-12-27 04:19:13.813000+00:00,Unknown,41.75,2024,12,27
62961,44568,19095,1,64.0,2024-05-15 14:23:39.946000+00:00,Unknown,64.0,2024,5,15
72089,47011,18960,3,39.3,2025-03-02 17:49:05+00:00,Unknown,117.9,2025,3,2
63884,44670,19374,1,21.0,2024-08-08 00:13:54+00:00,Unknown,21.0,2024,8,8
63143,44663,19298,1,62.0,2024-10-18 18:00:16+00:00,Unknown,62.0,2024,10,18
67205,46880,19533,1,50.0,2025-04-09 15:29:10+00:00,"Suite 316 14792 Reichert Estates, Kuhlmanview, CO 96931-5507",50.0,2025,4,9
66268,44372,18961,1,69.5,2024-12-06 15:08:00+00:00,Unknown,69.5,2024,12,6
64987,45948,19075,2,46.99,2024-05-12 20:59:59+00:00,"Apt. 768 901 Arlena Park, East Yee, DE 02805",93.98,2024,5,12
63906,44710,18928,1,17.0,2025-01-11 06:20:28+00:00,Unknown,17.0,2025,1,11
64303,46914,19084,1,50.0,2024-11-06 01:00:27+00:00,Unknown,50.0,2024,11,6
63006,45960,19480,1,73.0,2024-10-10 11:32:00+00:00,"Suite 203 51030 Quitzon Port, Melvinberg, NY 25307-0477",73.0,2024,10,10
69585,45001,19412,1,33.9,2025-03-13 19:24:00+00:00,"Suite 332 868 Napoleon Union, West Ivonne, LA 14233",33.9,2025,3,13
63247,47082,19150,2,51.6,2024-06-19 13:57:32+00:00,Unknown,103.2,2024,6,19
71566,47393,18896,2,30.5,2025-03-14 00:19:49+00:00,Unknown,61.0,2025,3,14
65985,45565,19364,1,73.5,2025-02-03 20:26:00+00:00,Unknown,73.5,2025,2,3
70175,47432,19167,1,41.0,2025-01-04 21:33:33+00:00,Unknown,41.0,2025,1,4
65341,45132,19097,2,63.0,2024-10-03 23:36:00+00:00,Unknown,126.0,2024,10,3
64120,47008,19275,1,53.99,2024-11-24 20:02:42+00:00,Unknown,53.99,2024,11,24
70346,45962,18863,2,28.5,2025-02-07 08:49:39+00:00,Unknown,57.0,2025,2,7
69117,46470,19177,1,16.8,2024-11-20 09:22:00+00:00,Unknown,16.8,2024,11,20
71263,47109,19416,5,65.99,2024-12-24 03:21:49+00:00,Unknown,329.95,2024,12,24
62813,47189,19379,4,54.0,2024-10-02 09:32:00+00:00,Unknown,216.0,2024,10,2
69463,47086,18899,1,32.25,2024-07-31 19:49:33+00:00,Unknown,32.25,2024,7,31
68064,47538,19543,1,41.0,2024-04-30 07:57:54.138000+00:00,Unknown,41.0,2024,4,30
64668,47206,19391,1,63.3,2025-01-31 03:15:49+00:00,Unknown,63.3,2025,1,31
72030,45042,19128,2,87.0,2024-07-04 11:44:22+00:00,"56414 McGlynn Glens, South Terri, ME 61449",174.0,2024,7,4
68868,47213,19039,1,44.5,2024-07-11 16:01:00+00:00,Unknown,44.5,2024,7,11
68907,46879,18931,1,35.5,2024-07-28 07:12:13+00:00,Unknown,35.5,2024,7,28
72269,46440,19468,1,39.0,2025-01-15 21:48:00+00:00,"653 Rohan Meadow, East Manuel, PA 50905-2576",39.0,2025,1,15
68003,47305,19126,2,31.8,2024-11-18 13:49:00+00:00,Unknown,63.6,2024,11,18
63127,45399,19390,1,37.25,2024-08-01 13:55:08+00:00,Unknown,37.25,2024,8,1
69780,47485,18917,1,70.25,2024-11-02 16:52:00+00:00,"72756 Toi Junctions, North Blairton, MN 14006",70.25,2024,11,2
63260,46135,19319,2,43.2,2025-01-29 07:56:00+00:00,Unknown,86.4,2025,1,29
69707,44507,19106,1,55.2,2025-01-03 13:44:55+00:00,"Apt. 610 734 Tremblay Hills, West Jacalynhaven, NC 87761-4775",55.2,2025,1,3
67694,46012,19439,1,83.4,2025-05-21 15:19:15+00:00,Unknown,83.4,2025,5,21
63657,46205,18976,1,25.5,2025-08-14 04:12:00+00:00,Unknown,25.5,2025,8,14
73830,47256,18849,1,42.0,2024-09-19 21:33:00+00:00,Unknown,42.0,2024,9,19
64724,47349,19329,5,68.5,2025-01-06 02:21:15+00:00,"Suite 729 24407 McDermott Lock, Port Marianelaton, GA 32200",342.5,2025,1,6
65651,46788,19168,1,65.5,2025-01-14 06:34:15+00:00,Unknown,65.5,2025,1,14
70087,46583,19358,1,47.0,2025-06-30 07:50:00+00:00,Unknown,47.0,2025,6,30
63269,44825,18920,2,50.4,2025-02-13 05:48:10+00:00,Unknown,100.8,2025,2,13
64740,47106,19501,1,19.75,2024-06-17 14:57:09+00:00,"Apt. 388 2201 Wyman Cliffs, South Wilfordburgh, NJ 78452-7876",19.75,2024,6,17
62975,46250,18858,1,13.25,2025-06-16 17:21:36+00:00,Unknown,13.25,2025,6,16
68819,45131,19536,1,68.99,2024-10-30 22:44:00+00:00,Unknown,68.99,2024,10,30
68038,46902,19458,1,56.75,2024-09-21 19:52:36+00:00,Unknown,56.75,2024,9,21
68575,47290,19253,1,36.25,2024-06-10 14:12:43.305000+00:00,Unknown,36.25,2024,6,10
63648,44724,18963,2,57.5,2025-06-17 09:43:27.934000+00:00,Unknown,115.0,2025,6,17
64886,44405,19184,1,21.75,2025-02-15 07:09:09+00:00,Unknown,21.75,2025,2,15
71812,44893,19387,1,63.25,2024-04-10 19:14:10+00:00,Unknown,63.25,2024,4,10
65281,47199,18900,1,79.8,2025-01-19 20:24:36+00:00,Unknown,79.8,2025,1,19
64146,44344,19313,3,33.6,2024-10-13 15:19:49+00:00,"Suite 648 9536 Deckow Wells, Rickiemouth, AL 82546",100.8,2024,10,13
68656,44575,19025,1,33.25,2024-10-10 21:36:00+00:00,Unknown,33.25,2024,10,10
65787,46820,19482,1,23.5,2025-02-17 05:41:39.805000+00:00,Unknown,23.5,2025,2,17
72396,46706,19387,2,61.5,2024-06-18 22:17:58+00:00,Unknown,123.0,2024,6,18
72301,45683,18895,1,41.0,2025-05-27 01:49:00+00:00,Unknown,41.0,2025,5,27
71907,46119,19394,1,24.9,2024-08-09 16:41:00+00:00,"151 Hong Via, Averyburgh, NC 79524-0509",24.9,2024,8,9
71841,47299,18930,2,33.0,2025-07-28 23:06:43+00:00,Unknown,66.0,2025,7,28
68230,47335,19488,2,71.0,2024-12-13 01:55:00+00:00,Unknown,142.0,2024,12,13
66314,44409,19150,1,45.75,2024-05-23 21:31:00+00:00,Unknown,45.75,2024,5,23
69298,46141,19288,1,53.25,2024-07-21 19:40:00+00:00,"Apt. 896 156 Davis Isle, Boehmhaven, NE 72493-9072",53.25,2024,7,21
70074,44866,19523,1,29.75,2024-07-21 11:10:00+00:00,"Suite 554 768 Toya Spurs, West Dominick, UT 16766-5351",29.75,2024,7,21
72892,47082,19507,2,21.5,2024-10-25 01:48:58+00:00,Unknown,43.0,2024,10,25
70879,47266,18915,1,67.99,2024-03-15 11:05:06+00:00,Unknown,67.99,2024,3,15
72358,45925,19590,4,33.59,2025-04-17 17:27:46+00:00,Unknown,134.36,2025,4,17
64817,45219,19179,2,52.99,2025-03-13 06:54:00+00:00,"4596 Bayer Expressway, West Damionstad, MN 13127-8726",105.98,2025,3,13
72115,44346,19580,2,73.0,2025-05-05 02:20:59+00:00,Unknown,146.0,2025,5,5
66848,46400,19444,1,43.0,2025-01-16 03:34:00+00:00,Unknown,43.0,2025,1,16
73042,45844,19130,1,24.75,2024-09-06 20:08:00+00:00,Unknown,24.75,2024,9,6
68767,45848,19227,1,50.0,2024-10-06 09:06:07.068000+00:00,Unknown,50.0,2024,10,6
73592,47523,19008,1,51.0,2024-08-27 07:13:27+00:00,Unknown,51.0,2024,8,27
66667,47203,19154,1,72.0,2024-07-09 23:03:27.081000+00:00,"14508 Turcotte Loop, East Jed, WI 66882",72.0,2024,7,9
66521,45025,19262,1,67.0,2024-12-08 21:31:20+00:00,Unknown,67.0,2024,12,8
64912,45221,19113,4,75.75,2025-03-31 03:45:23+00:00,"Apt. 977 91588 Reynolds Bypass, Herschelburgh, MO 77269",303.0,2025,3,31
71394,44499,19386,2,75.0,2025-03-19 02:45:26+00:00,Unknown,150.0,2025,3,19
67413,46196,19424,1,24.0,2025-06-30 05:45:32+00:00,Unknown,24.0,2025,6,30
71968,45153,19087,1,55.25,2024-04-01 03:27:28+00:00,Unknown,55.25,2024,4,1
68707,47388,19353,1,17.99,2025-01-02 09:13:00+00:00,Unknown,17.99,2025,1,2
66254,45203,19266,1,60.0,2024-09-17 23:33:58+00:00,Unknown,60.0,2024,9,17
63137,46166,19002,3,31.2,2024-09-16 05:00:39+00:00,Unknown,93.6,2024,9,16
73292,44443,19303,1,61.25,2025-02-16 23:35:47+00:00,"8453 Raphael Vista, Corwinberg, CO 91587-4060",61.25,2025,2,16
67710,47323,19305,1,52.0,2025-01-19 15:30:28+00:00,Unknown,52.0,2025,1,19
71791,45275,18866,1,22.25,2024-04-26 22:55:25+00:00,Unknown,22.25,2024,4,26
73022,46648,18900,2,78.0,2024-09-19 12:38:00+00:00,Unknown,156.0,2024,9,19
66770,45815,19395,1,49.8,2024-11-10 19:03:00+00:00,"Suite 216 10974 VonRueden Underpass, South Lisha, LA 47425-9687",49.8,2024,11,10
72003,47100,19342,2,44.39,2024-10-25 23:25:27+00:00,Unknown,88.78,2024,10,25
66624,46441,18924,1,27.25,2024-08-05 00:12:12+00:00,Unknown,27.25,2024,8,5
69955,46346,18946,1,57.0,2025-01-30 18:13:04+00:00,Unknown,57.0,2025,1,30
70858,46304,19486,1,54.6,2025-04-15 15:55:02+00:00,"Apt. 285 85528 Sal Road, Jeraldmouth, LA 06960",54.6,2025,4,15
70013,46378,18907,2,38.0,2025-01-28 11:03:48+00:00,Unknown,76.0,2025,1,28
70549,45942,19584,1,40.25,2024-03-27 23:29:23.493000+00:00,Unknown,40.25,2024,3,27
62940,45647,19218,1,86.4,2024-11-30 18:07:01+00:00,"Suite 547 7112 Nita Villages, Lindgrenside, WI 74504",86.4,2024,11,30
68545,44628,18910,1,57.6,2025-01-16 08:40:22+00:00,Unknown,57.6,2025,1,16
68822,44533,19335,1,17.99,2025-02-19 00:16:16+00:00,Unknown,17.99,2025,2,19
73463,46665,19013,1,49.5,2025-03-08 01:25:02.874000+00:00,"158 Walter Mews, East Hung, GA 90026-2041",49.5,2025,3,8
66465,45009,19283,2,15.75,2025-08-11 18:56:51+00:00,Unknown,31.5,2025,8,11
65116,45220,18873,1,67.5,2024-12-06 18:38:24+00:00,Unknown,67.5,2024,12,6
63128,46083,19026,1,24.3,2024-10-05 13:26:00+00:00,Unknown,24.3,2024,10,5
73915,45880,19215,1,19.0,2024-09-29 13:33:05+00:00,"Suite 825 78326 Eldridge Gateway, Leschmouth, LA 57382",19.0,2024,9,29
66582,45937,19499,1,26.5,2025-06-07 02:06:19+00:00,Unknown,26.5,2025,6,7
73094,47370,19035,1,24.0,2025-05-10 20:43:00+00:00,Unknown,24.0,2025,5,10
69647,46135,19447,1,31.2,2024-09-02 23:30:00+00:00,Unknown,31.2,2024,9,2
62910,46180,18844,1,44.0,2024-08-02 00:51:25+00:00,Unknown,44.0,2024,8,2
65223,47163,19567,1,58.8,2024-10-04 08:29:48+00:00,Unknown,58.8,2024,10,4
66512,46250,19135,1,62.4,2024-11-08 11:44:56+00:00,Unknown,62.4,2024,11,8
66673,44730,19319,1,38.75,2024-10-07 20:13:23+00:00,Unknown,38.75,2024,10,7
69495,47460,19134,1,82.5,2024-08-15 23:24:00+00:00,Unknown,82.5,2024,8,15
71934,47115,19009,1,70.99,2024-11-17 20:59:38+00:00,Unknown,70.99,2024,11,17
68379,45717,19346,1,35.5,2025-02-26 08:25:12+00:00,Unknown,35.5,2025,2,26
73192,45289,19108,2,40.0,2024-12-07 09:36:43+00:00,Unknown,80.0,2024,12,7
66065,46304,19062,2,16.5,2025-04-01 12:52:12+00:00,Unknown,33.0,2025,4,1
73437,47105,19409,1,21.6,2025-03-08 07:52:36+00:00,Unknown,21.6,2025,3,8
67898,44380,19110,1,56.0,2024-11-12 16:37:18+00:00,Unknown,56.0,2024,11,12
67504,45107,19366,1,33.6,2024-06-25 11:49:00+00:00,"57003 Swaniawski Inlet, Port Estrella, CO 45747",33.6,2024,6,25
67193,46931,19108,1,38.0,2024-09-27 08:48:00+00:00,Unknown,38.0,2024,9,27
68248,47470,19104,1,56.0,2024-10-12 16:37:35+00:00,Unknown,56.0,2024,10,12
67160,44620,18892,1,29.0,2024-07-22 04:13:17+00:00,Unknown,29.0,2024,7,22
66745,44422,19490,1,48.75,2024-12-20 08:18:51+00:00,Unknown,48.75,2024,12,20
69800,45557,19312,2,70.5,2024-09-17 19:35:27+00:00,"224 Lesch Crossing, North Janellechester, CO 01023",141.0,2024,9,17
70455,45957,19442,1,48.0,2024-10-30 07:19:00+00:00,"Suite 563 8172 Emelia Ramp, New Cordiestad, KS 95818",48.0,2024,10,30
64958,45195,19288,1,56.0,2024-11-12 02:51:17+00:00,"Suite 945 941 Hyatt Prairie, Laurieberg, NJ 10038-5092",56.0,2024,11,12
63815,45010,19042,1,30.0,2024-09-12 13:39:50+00:00,Unknown,30.0,2024,9,12
68229,46220,18937,1,75.0,2024-10-17 06:42:57+00:00,Unknown,75.0,2024,10,17
68876,47530,19521,4,16.75,2025-02-13 03:38:51+00:00,"Suite 332 440 Maurice Crossroad, Port Akilah, HI 57077-7615",67.0,2025,2,13
72770,47029,19104,1,66.0,2024-06-23 08:09:00+00:00,Unknown,66.0,2024,6,23
72246,44366,19301,4,71.5,2024-05-13 17:17:23+00:00,Unknown,286.0,2024,5,13
65136,47400,19590,1,34.8,2024-09-22 05:17:31+00:00,Unknown,34.8,2024,9,22
72549,47580,19444,1,42.5,2025-01-10 00:12:00+00:00,Unknown,42.5,2025,1,10
65612,45875,19055,1,14.0,2024-12-24 15:32:09+00:00,Unknown,14.0,2024,12,24
69970,47484,19213,2,39.3,2024-06-10 21:31:32+00:00,Unknown,78.6,2024,6,10
70781,44991,19542,2,60.5,2025-09-22 21:01:00+00:00,Unknown,121.0,2025,9,22
67494,46652,19542,1,61.5,2025-03-03 19:25:00+00:00,Unknown,61.5,2025,3,3
65683,45485,19524,2,46.5,2024-09-02 17:01:19+00:00,Unknown,93.0,2024,9,2
73278,44803,19541,2,30.0,2024-04-28 07:37:30+00:00,Unknown,60.0,2024,4,28
66772,44660,19199,1,15.25,2025-07-11 18:55:13+00:00,Unknown,15.25,2025,7,11
65560,46580,19492,2,63.6,2024-07-29 00:17:13.667000+00:00,"955 Kirlin Parkways, Lake Chan, AK 17376",127.2,2024,7,29
70875,46270,19549,1,44.7,2024-10-20 09:17:57+00:00,Unknown,44.7,2024,10,20
73365,47008,19280,4,47.99,2025-04-07 17:17:51+00:00,Unknown,191.96,2025,4,7
73173,45785,18881,1,36.6,2024-08-22 15:51:37+00:00,Unknown,36.6,2024,8,22
70348,46817,19213,1,36.9,2025-02-26 10:17:54+00:00,"Apt. 377 767 Vasiliki Ports, Port Jasmine, WY 70321",36.9,2025,2,26
69827,46902,19498,1,59.4,2025-09-15 11:44:33+00:00,"6687 Marquerite Road, New Normanhaven, NE 18069",59.4,2025,9,15
70042,46933,19347,1,18.0,2024-09-11 17:44:16+00:00,Unknown,18.0,2024,9,11
65765,45863,18884,1,82.8,2024-11-07 00:29:38+00:00,Unknown,82.8,2024,11,7
64369,45851,19206,1,32.39,2024-10-17 20:53:03+00:00,"Suite 739 224 Henry Track, Christyport, NM 36459-9555",32.39,2024,10,17
65304,46112,19475,1,51.59,2024-12-08 07:27:16+00:00,"Suite 578 441 Thanh Brook, Balistreriberg, AL 69798",51.59,2024,12,8
67144,44356,19499,1,32.4,2025-01-24 21:40:00+00:00,Unknown,32.4,2025,1,24
65441,45827,19428,1,42.5,2024-08-04 08:18:48.371000+00:00,Unknown,42.5,2024,8,4
69455,47439,19436,5,28.5,2024-08-17 13:44:00+00:00,"2200 Mariam Underpass, East Merrillville, AR 79077-9095",142.5,2024,8,17
64812,46191,19333,1,30.25,2024-11-16 23:28:22+00:00,Unknown,30.25,2024,11,16
73965,46769,19382,2,28.25,2025-01-30 08:55:42+00:00,Unknown,56.5,2025,1,30
72390,45800,18846,1,22.5,2024-10-22 19:06:59+00:00,"Apt. 234 157 Candyce Dam, North Deidra, CA 96389-7424",22.5,2024,10,22
65214,47285,19097,1,64.99,2024-11-30 11:11:46+00:00,Unknown,64.99,2024,11,30
67071,45198,19558,1,33.5,2024-07-26 04:06:27+00:00,Unknown,33.5,2024,7,26
65124,46124,19148,1,36.0,2024-12-29 21:35:23+00:00,Unknown,36.0,2024,12,29
72053,47592,19528,1,30.5,2024-11-14 16:21:37+00:00,Unknown,30.5,2024,11,14
67470,47250,18871,1,59.0,2025-07-22 12:10:00+00:00,"Apt. 182 72562 Sauer Garden, Antoniahaven, WV 17834",59.0,2025,7,22
69164,45834,19120,1,61.5,2024-08-23 14:22:45.224000+00:00,Unknown,61.5,2024,8,23
70785,47529,18940,1,19.99,2025-01-19 21:56:04+00:00,Unknown,19.99,2025,1,19
65462,47426,19551,1,31.75,2024-09-24 11:11:00+00:00,"701 Art Ferry, Sunniside, AK 44468",31.75,2024,9,24
69304,47345,19105,3,42.6,2024-12-07 05:49:59+00:00,Unknown,127.8,2024,12,7
66889,47484,19401,1,69.0,2025-02-05 00:22:20+00:00,"Suite 635 41755 Kerri Mission, Port Juan, IA 72365",69.0,2025,2,5
69222,47604,19349,1,51.59,2025-06-12 15:36:00+00:00,Unknown,51.59,2025,6,12
72690,44457,18933,1,50.7,2024-12-23 18:38:09+00:00,Unknown,50.7,2024,12,23
71491,44848,19432,3,26.0,2024-09-27 01:16:47+00:00,Unknown,78.0,2024,9,27
63938,47474,18918,1,66.0,2025-05-15 05:42:13+00:00,"Suite 114 283 Rosenbaum Haven, West Jodieland, LA 29940-9544",66.0,2025,5,15
72236,45085,19007,1,50.99,2024-12-31 13:44:44+00:00,"9773 Lueilwitz Lodge, Port Garry, WI 98157-7351",50.99,2024,12,31
73582,45760,19216,1,76.8,2024-11-21 01:59:00+00:00,"Apt. 669 883 Gerlach Falls, Hermannhaven, WI 44765-8070",76.8,2024,11,21
64256,44669,18919,1,20.0,2024-05-06 11:34:16+00:00,"Apt. 161 404 McDermott Mill, South Jonahfort, OH 73422",20.0,2024,5,6
71545,44835,19219,1,27.25,2024-09-23 09:19:36+00:00,"Suite 262 47056 Dustin Fort, Hellerburgh, UT 28704-7405",27.25,2024,9,23
72683,44809,18893,1,63.6,2024-10-21 01:08:47+00:00,Unknown,63.6,2024,10,21
71466,46956,18973,1,64.8,2024-12-11 03:22:00+00:00,Unknown,64.8,2024,12,11
66992,46751,18922,1,18.0,2024-11-14 12:10:11+00:00,Unknown,18.0,2024,11,14
66843,47379,19021,2,34.0,2024-10-22 15:50:00+00:00,"85191 Ross Garden, South Joesphside, TX 71014-2995",68.0,2024,10,22
71823,45335,18924,1,30.99,2024-12-05 05:37:00+00:00,"Apt. 715 110 Quigley Valley, New Alainamouth, UT 59219-6048",30.99,2024,12,5
62809,44779,19220,3,58.5,2024-10-20 20:49:30+00:00,Unknown,175.5,2024,10,20
71711,45210,19186,1,28.75,2025-02-23 13:03:29+00:00,Unknown,28.75,2025,2,23
62866,46508,19057,2,82.2,2025-03-31 08:08:36+00:00,Unknown,164.4,2025,3,31
70854,46990,18897,1,53.0,2024-08-08 21:16:00+00:00,Unknown,53.0,2024,8,8
67502,46122,19562,1,53.0,2024-09-10 07:53:46+00:00,Unknown,53.0,2024,9,10
65167,46754,19139,1,68.1,2025-08-31 10:24:08+00:00,Unknown,68.1,2025,8,31
64891,47098,19193,1,19.0,2024-08-19 03:13:06+00:00,Unknown,19.0,2024,8,19
63398,46205,19371,3,62.5,2025-06-30 12:09:55+00:00,Unknown,187.5,2025,6,30
73950,47154,19133,1,29.7,2025-06-29 09:52:48+00:00,Unknown,29.7,2025,6,29
72570,45521,19487,1,73.25,2024-12-15 03:51:17+00:00,"Apt. 301 2628 Eulalia Viaduct, West Kelle, NY 43927-4367",73.25,2024,12,15
63908,46394,19166,1,77.4,2025-07-09 23:27:48+00:00,Unknown,77.4,2025,7,9
66700,47216,19014,1,20.25,2024-12-26 13:48:39+00:00,Unknown,20.25,2024,12,26
62838,45027,19223,3,17.5,2024-11-14 16:29:00+00:00,Unknown,52.5,2024,11,14
70597,45171,19039,1,43.0,2024-06-30 06:13:00+00:00,Unknown,43.0,2024,6,30
70551,45442,18843,1,22.2,2024-12-18 18:29:22+00:00,"110 Becker Groves, Lake Maud, MO 82910-5987",22.2,2024,12,18
68495,45875,19128,1,74.75,2024-09-27 14:47:52+00:00,Unknown,74.75,2024,9,27
63817,45265,19464,5,46.5,2025-01-19 21:03:49+00:00,Unknown,232.5,2025,1,19
67565,47256,19111,1,27.75,2024-11-30 08:59:29+00:00,Unknown,27.75,2024,11,30
65457,45101,18910,4,55.2,2024-09-27 15:38:40+00:00,"Apt. 963 72793 Katrice Burgs, Lake Allieland, CT 39098",220.8,2024,9,27
69711,44367,19301,1,68.99,2024-07-21 07:26:31+00:00,Unknown,68.99,2024,7,21
69183,44609,18852,1,14.75,2024-02-02 14:29:00+00:00,Unknown,14.75,2024,2,2
65418,44893,19024,1,60.0,2025-05-18 03:19:00+00:00,Unknown,60.0,2025,5,18
67467,46477,19352,1,32.0,2025-01-06 22:13:14+00:00,"Suite 206 9546 Gwyn Port, East Kenna, CA 61057-5771",32.0,2025,1,6
68029,45168,19076,2,19.0,2025-01-24 21:38:00+00:00,Unknown,38.0,2025,1,24
71882,46236,19203,1,57.5,2024-05-11 14:11:12+00:00,Unknown,57.5,2024,5,11
66437,45341,19224,1,71.4,2024-08-14 16:26:17+00:00,Unknown,71.4,2024,8,14
63365,44957,18840,2,45.5,2024-05-27 17:55:00+00:00,Unknown,91.0,2024,5,27
66357,46708,18892,1,33.75,2025-02-21 12:29:05+00:00,Unknown,33.75,2025,2,21
69539,46362,19310,1,29.7,2024-10-13 06:31:16+00:00,"589 Treasa Ridges, Connberg, VT 66460-8832",29.7,2024,10,13
67218,44883,18869,1,26.4,2024-08-30 10:23:56+00:00,Unknown,26.4,2024,8,30
68494,46397,19463,1,61.5,2024-11-19 16:44:00+00:00,Unknown,61.5,2024,11,19
66768,47372,19210,1,39.5,2024-11-21 07:02:39+00:00,Unknown,39.5,2024,11,21
64145,47107,19487,1,85.8,2024-06-08 14:30:00+00:00,Unknown,85.8,2024,6,8
64833,44611,19262,2,68.5,2024-07-09 03:31:00+00:00,Unknown,137.0,2024,7,9
70948,46477,19473,1,29.7,2024-11-20 07:42:06+00:00,Unknown,29.7,2024,11,20
71397,45400,19472,2,80.4,2024-08-25 00:42:00+00:00,"234 Hoa Street, Port Heathtown, MI 42719",160.8,2024,8,25
69049,47547,19112,1,17.0,2024-03-30 06:02:03+00:00,Unknown,17.0,2024,3,30
71627,44665,19329,1,66.5,2024-10-23 23:30:37+00:00,"Suite 133 503 Brakus Mountains, Hoegerhaven, FL 44308",66.5,2024,10,23
73921,44869,19239,1,73.99,2025-02-26 14:18:00+00:00,Unknown,73.99,2025,2,26
72930,45256,19551,4,34.79,2025-03-12 20:21:52+00:00,Unknown,139.16,2025,3,12
64067,44612,19005,1,35.99,2025-03-29 09:48:00+00:00,Unknown,35.99,2025,3,29
68913,45630,18947,1,74.5,2025-04-28 23:46:23+00:00,Unknown,74.5,2025,4,28
67649,47396,19207,1,66.6,2025-03-27 01:52:53+00:00,Unknown,66.6,2025,3,27
69638,45572,19133,1,25.2,2024-11-16 08:14:35+00:00,Unknown,25.2,2024,11,16
70648,44656,19186,3,28.5,2025-01-20 09:54:07+00:00,Unknown,85.5,2025,1,20
66466,46806,19309,1,70.0,2025-03-04 00:10:15+00:00,Unknown,70.0,2025,3,4
73275,46804,19337,1,66.5,2025-01-24 21:39:22+00:00,Unknown,66.5,2025,1,24
70318,45308,19160,1,69.5,2024-01-08 14:17:00+00:00,Unknown,69.5,2024,1,8
67936,46104,19049,1,53.0,2025-03-23 04:06:35+00:00,Unknown,53.0,2025,3,23
62856,45470,19308,1,62.0,2025-01-01 18:51:00+00:00,Unknown,62.0,2025,1,1
69767,47617,19581,1,29.0,2024-09-20 03:08:08+00:00,Unknown,29.0,2024,9,20
69404,45569,19566,4,24.6,2024-12-30 11:09:07.665000+00:00,Unknown,98.4,2024,12,30
72751,46263,19302,2,24.99,2025-06-29 02:32:26+00:00,"Suite 143 27444 Jacobs Curve, Leonashire, AK 62143-5490",49.98,2025,6,29
67380,46761,19236,5,67.0,2025-01-29 13:17:17+00:00,Unknown,335.0,2025,1,29
64870,46878,19327,1,55.8,2024-03-18 21:47:18+00:00,Unknown,55.8,2024,3,18
66456,46679,19497,5,58.99,2025-07-17 14:39:00+00:00,Unknown,294.95,2025,7,17
63761,47214,19268,5,52.5,2025-04-22 11:56:05+00:00,Unknown,262.5,2025,4,22
68066,45479,19232,1,35.99,2025-01-25 07:00:28+00:00,Unknown,35.99,2025,1,25
63246,47197,19403,1,63.0,2024-10-18 20:24:00+00:00,"Apt. 238 867 Sporer Mission, Kovacekshire, MO 04520-8176",63.0,2024,10,18
69721,46820,19218,1,87.0,2024-10-04 07:32:37+00:00,Unknown,87.0,2024,10,4
66111,44738,19505,1,21.5,2024-09-30 16:00:27+00:00,Unknown,21.5,2024,9,30
69224,45783,18971,1,57.5,2024-02-11 17:48:00+00:00,Unknown,57.5,2024,2,11
70600,45805,19482,1,25.75,2025-01-28 15:13:03.213000+00:00,Unknown,25.75,2025,1,28
70364,44677,19537,1,53.0,2025-01-07 10:55:05+00:00,Unknown,53.0,2025,1,7
70998,44419,19432,2,27.5,2025-04-27 21:45:48+00:00,Unknown,55.0,2025,4,27
69976,47083,18906,1,38.5,2024-08-22 08:20:06+00:00,Unknown,38.5,2024,8,22
64387,45356,19330,2,75.6,2025-05-08 17:14:59+00:00,"Apt. 759 833 Glendora Vista, East Curttown, MI 03009-1088",151.2,2025,5,8
71390,45818,19444,1,42.0,2025-01-14 00:20:21+00:00,Unknown,42.0,2025,1,14
63028,46235,19571,1,12.99,2024-10-03 02:16:00+00:00,Unknown,12.99,2024,10,3
73008,46793,19064,1,62.0,2025-01-24 05:44:18+00:00,Unknown,62.0,2025,1,24
65810,46246,19435,1,69.25,2025-02-12 10:47:59+00:00,Unknown,69.25,2025,2,12
64917,44627,19518,1,26.0,2025-04-29 20:17:09+00:00,"276 Price Circle, Port Leone, NC 30205",26.0,2025,4,29
66999,46326,19414,1,59.0,2024-07-19 11:12:59+00:00,Unknown,59.0,2024,7,19
70614,45293,19040,1,20.39,2025-04-02 00:43:43+00:00,Unknown,20.39,2025,4,2
70474,46815,19174,1,30.0,2024-06-27 18:32:14+00:00,Unknown,30.0,2024,6,27
70576,47218,19454,1,66.75,2024-11-14 13:17:00+00:00,Unknown,66.75,2024,11,14
69671,45546,19316,1,22.5,2025-05-22 01:26:41+00:00,Unknown,22.5,2025,5,22
62992,46339,19107,1,70.0,2024-08-11 13:01:47+00:00,"Suite 866 477 Lebsack Expressway, East Del, MA 11872",70.0,2024,8,11
65293,45063,19180,1,51.3,2025-02-05 01:15:49.325000+00:00,"Apt. 646 225 Demetra Pike, West Erasmo, TX 30895-6794",51.3,2025,2,5
70690,44590,18980,2,62.0,2024-11-14 01:47:16+00:00,"Apt. 450 4614 Garnett Ville, North Augustine, NH 68100-1288",124.0,2024,11,14
69532,46382,18975,1,61.2,2025-07-24 02:04:00+00:00,Unknown,61.2,2025,7,24
68945,45104,19373,1,53.99,2024-08-09 07:36:50+00:00,Unknown,53.99,2024,8,9
68671,44461,18986,1,79.2,2024-11-22 21:51:46+00:00,Unknown,79.2,2024,11,22
69270,47560,18900,2,66.0,2024-10-07 20:50:05+00:00,Unknown,132.0,2024,10,7
70870,45432,19091,3,27.99,2025-03-27 04:33:52+00:00,Unknown,83.97,2025,3,27
70538,47577,19589,4,69.0,2024-03-26 08:18:54+00:00,Unknown,276.0,2024,3,26
69361,45257,19355,1,40.25,2024-10-04 13:22:00+00:00,Unknown,40.25,2024,10,4
66773,45670,18894,3,19.5,2025-04-03 21:30:02+00:00,Unknown,58.5,2025,4,3
73440,44336,19454,1,78.0,2024-10-28 15:12:01+00:00,Unknown,78.0,2024,10,28
64404,47498,19353,1,17.0,2025-08-04 19:25:25+00:00,Unknown,17.0,2025,8,4
63583,45178,19532,2,33.75,2025-05-15 18:00:00+00:00,Unknown,67.5,2025,5,15
73317,45262,19559,3,81.6,2025-01-04 16:47:00+00:00,Unknown,244.8,2025,1,4
67249,45527,19072,1,63.5,2025-05-13 10:22:00+00:00,Unknown,63.5,2025,5,13
63631,45321,19486,2,44.5,2025-05-08 23:58:11+00:00,Unknown,89.0,2025,5,8
70357,44663,19394,1,17.99,2024-11-02 02:06:00+00:00,Unknown,17.99,2024,11,2
70156,47191,19097,1,65.99,2024-07-10 00:44:45+00:00,Unknown,65.99,2024,7,10
66122,45764,19328,4,29.5,2025-02-07 09:18:31+00:00,"7071 Johnson Manors, West Matt, NH 21400",118.0,2025,2,7
63291,45512,19450,1,33.5,2024-11-04 20:54:38+00:00,Unknown,33.5,2024,11,4
67123,47057,18945,1,45.99,2024-12-07 04:48:41+00:00,Unknown,45.99,2024,12,7
65688,45389,18949,1,32.0,2024-12-02 21:10:15+00:00,"Suite 254 63023 Beer Estate, Greenholtport, ID 11766-7363",32.0,2024,12,2
67951,46838,19461,1,68.75,2024-09-15 22:15:31+00:00,Unknown,68.75,2024,9,15
65317,46636,19506,2,61.0,2024-05-20 06:07:58+00:00,Unknown,122.0,2024,5,20
63952,45728,19270,1,20.5,2024-11-01 23:16:45+00:00,Unknown,20.5,2024,11,1
70669,46221,19069,3,45.5,2025-01-12 23:39:00+00:00,Unknown,136.5,2025,1,12
68771,47603,19329,1,63.25,2024-11-12 01:39:33+00:00,Unknown,63.25,2024,11,12
67510,46580,18913,2,39.0,2024-08-01 21:34:14.841000+00:00,Unknown,78.0,2024,8,1
70122,45851,19547,1,75.0,2025-01-17 11:28:00+00:00,Unknown,75.0,2025,1,17
62798,44400,19335,2,16.2,2024-06-07 01:16:34+00:00,"Apt. 728 147 Rigoberto Dam, Shinberg, RI 63645-2267",32.4,2024,6,7
63257,46221,19261,1,81.3,2024-08-03 01:33:53+00:00,Unknown,81.3,2024,8,3
70542,46808,19275,1,55.5,2025-06-05 04:55:15+00:00,Unknown,55.5,2025,6,5
67235,47345,19005,2,37.0,2024-07-30 04:21:45+00:00,Unknown,74.0,2024,7,30
73848,44787,19589,2,56.99,2024-12-07 15:08:51+00:00,"815 Corkery Pines, North Maragaret, UT 90483-4205",113.98,2024,12,7
72378,45709,18918,1,86.1,2024-12-15 18:38:02+00:00,Unknown,86.1,2024,12,15
69012,45724,18905,4,56.5,2024-08-06 05:24:16+00:00,Unknown,226.0,2024,8,6
72277,46939,18862,1,30.99,2024-03-25 23:32:02.243000+00:00,"Suite 635 41755 Kerri Mission, Port Juan, IA 72365",30.99,2024,3,25
70016,45919,19389,2,22.25,2025-02-26 02:44:48+00:00,Unknown,44.5,2025,2,26
66396,45132,18939,1,63.59,2024-09-13 23:49:54+00:00,Unknown,63.59,2024,9,13
63557,45474,19563,2,78.6,2025-04-12 17:32:55+00:00,Unknown,157.2,2025,4,12
65850,46200,19450,3,31.0,2025-01-11 01:50:15+00:00,Unknown,93.0,2025,1,11
72490,46881,19120,1,76.8,2025-02-22 22:35:21+00:00,"Suite 117 32335 Michel Rest, West Denita, DE 80801",76.8,2025,2,22
68187,44915,19430,1,66.3,2025-05-15 04:18:24+00:00,"46167 Rutherford Forest, Port Renea, WY 73068-3451",66.3,2025,5,15
70710,46900,19526,1,66.25,2024-10-19 19:11:00+00:00,"279 Lorenzo Cape, East Dimple, NH 26447",66.25,2024,10,19
65385,44784,19517,1,71.99,2025-04-10 16:16:00+00:00,"Apt. 449 9304 Price Inlet, Saturninaborough, MN 18182",71.99,2025,4,10
72329,45060,19374,1,16.5,2024-09-18 05:13:21+00:00,Unknown,16.5,2024,9,18
68910,44849,18923,1,30.9,2024-09-18 21:54:00+00:00,Unknown,30.9,2024,9,18
70194,45158,19226,4,23.0,2024-09-09 08:41:09+00:00,Unknown,92.0,2024,9,9
70832,47605,19507,4,22.0,2024-07-09 00:54:37+00:00,Unknown,88.0,2024,7,9
65514,45800,19558,5,33.5,2024-10-01 12:44:37.828000+00:00,Unknown,167.5,2024,10,1
71265,45135,18849,1,34.25,2025-01-31 19:46:55+00:00,Unknown,34.25,2025,1,31
71080,46701,19495,1,30.99,2025-02-22 01:04:19+00:00,Unknown,30.99,2025,2,22
68623,45866,19046,1,21.5,2024-10-21 08:39:39+00:00,Unknown,21.5,2024,10,21
68807,45396,19054,1,55.19,2024-08-13 12:21:52+00:00,"9623 Witting Highway, New Melisaberg, CT 07544",55.19,2024,8,13
70224,45292,18918,2,84.0,2024-07-16 14:42:30+00:00,Unknown,168.0,2024,7,16
65286,46101,19090,3,62.5,2025-03-26 08:17:46+00:00,Unknown,187.5,2025,3,26
70243,45051,19464,1,43.0,2024-09-09 14:50:50+00:00,Unknown,43.0,2024,9,9
72194,46681,18997,1,45.9,2025-06-04 17:47:21+00:00,Unknown,45.9,2025,6,4
62965,44667,18976,1,34.79,2024-10-13 09:34:13+00:00,Unknown,34.79,2024,10,13
66326,45983,18895,2,46.8,2025-01-08 13:45:00+00:00,Unknown,93.6,2025,1,8
72605,46755,19469,1,35.75,2025-01-17 14:23:49+00:00,"778 Carla Brook, South Holley, NC 56490",35.75,2025,1,17
63788,46777,19515,3,82.79,2024-10-04 15:09:56+00:00,Unknown,248.37,2024,10,4
65278,44666,19562,1,51.0,2025-06-04 21:44:00+00:00,Unknown,51.0,2025,6,4
64953,45403,19192,1,73.2,2024-11-08 17:19:00+00:00,Unknown,73.2,2024,11,8
72693,47273,19524,1,46.5,2024-07-03 13:16:35+00:00,Unknown,46.5,2024,7,3
66911,46156,19030,1,24.0,2024-09-11 00:26:00+00:00,Unknown,24.0,2024,9,11
65871,45624,19118,1,86.39,2025-03-17 01:08:00+00:00,"Suite 539 3643 Jordan Lane, Samtown, AK 73368-2876",86.39,2025,3,17
64834,45547,19433,1,85.8,2024-09-13 11:13:00+00:00,Unknown,85.8,2024,9,13
72181,47384,19128,1,71.0,2025-06-10 14:48:34+00:00,Unknown,71.0,2025,6,10
65265,45215,19094,1,53.0,2024-03-21 21:05:35+00:00,"4165 Ledner Rest, Lake Aleciamouth, IA 01498",53.0,2024,3,21
70940,45464,18910,5,48.0,2024-06-25 22:42:09.881000+00:00,"109 Schmidt Gardens, Blaineshire, IN 73108-5588",240.0,2024,6,25
68578,44991,18862,1,28.5,2024-10-08 22:04:24+00:00,Unknown,28.5,2024,10,8
73839,47404,19539,1,74.4,2024-03-23 21:19:21+00:00,Unknown,74.4,2024,3,23
70703,44429,19484,1,53.5,2024-06-29 11:28:58+00:00,Unknown,53.5,2024,6,29
69323,44586,19121,1,72.99,2025-04-22 18:13:44+00:00,Unknown,72.99,2025,4,22
67164,45482,19551,1,28.5,2024-12-03 00:33:00+00:00,Unknown,28.5,2024,12,3
71985,45389,18838,1,55.0,2024-07-08 15:52:23+00:00,Unknown,55.0,2024,7,8
72760,45367,19183,1,20.0,2024-10-29 12:48:49+00:00,Unknown,20.0,2024,10,29
68458,46070,19245,2,69.0,2024-11-21 05:54:12+00:00,"Suite 186 2226 Talia Alley, Fritschshire, FL 52192",138.0,2024,11,21
72561,44677,19338,3,70.99,2024-12-27 19:47:47+00:00,"55639 Osinski Turnpike, New Jewellbury, CO 02218",212.97,2024,12,27
72574,47059,18883,1,23.0,2024-10-27 14:29:21+00:00,Unknown,23.0,2024,10,27
64680,44360,18960,1,30.25,2025-03-13 12:59:14+00:00,"Suite 956 675 Gregory Passage, North Jedmouth, IL 37569",30.25,2025,3,13
66237,46572,19249,1,63.25,2025-01-23 15:08:23+00:00,Unknown,63.25,2025,1,23
72102,46633,19323,1,46.99,2024-10-04 14:40:46+00:00,Unknown,46.99,2024,10,4
64617,45284,19355,1,37.0,2024-09-13 13:33:28+00:00,"Suite 759 89357 Miguel Unions, New Viviana, NC 70011",37.0,2024,9,13
68385,47612,19510,1,17.0,2024-11-11 21:20:00+00:00,Unknown,17.0,2024,11,11
70184,45495,19424,1,22.2,2024-11-20 01:58:53.470000+00:00,Unknown,22.2,2024,11,20
69301,44508,19429,1,69.25,2024-08-15 05:57:15+00:00,Unknown,69.25,2024,8,15
71471,46114,19084,1,50.0,2025-04-18 21:56:00+00:00,Unknown,50.0,2025,4,18
73319,46924,19315,1,59.5,2024-10-04 11:53:17+00:00,Unknown,59.5,2024,10,4
70909,45757,19275,1,56.75,2025-01-20 21:36:59+00:00,Unknown,56.75,2025,1,20
62862,45073,19183,1,24.6,2024-11-06 17:41:47.375000+00:00,Unknown,24.6,2024,11,6
69343,47624,18958,1,17.5,2025-08-13 02:37:00+00:00,Unknown,17.5,2025,8,13
63399,45943,18878,3,39.99,2024-09-23 14:33:33+00:00,Unknown,119.97,2024,9,23
68249,45107,19384,1,20.99,2025-03-11 05:17:38+00:00,Unknown,20.99,2025,3,11
70373,44809,19505,1,16.99,2025-10-02 05:33:10+00:00,Unknown,16.99,2025,10,2
66388,45908,18910,1,47.5,2024-04-16 20:53:36.516000+00:00,Unknown,47.5,2024,4,16
65052,46617,19285,1,61.0,2024-03-10 21:51:53+00:00,Unknown,61.0,2024,3,10
73121,46036,19262,1,79.2,2025-01-17 18:48:49.872000+00:00,"Suite 412 6556 Arnold Turnpike, Cummerataview, HI 15088-5645",79.2,2025,1,17
71829,44715,19054,2,41.5,2025-08-11 22:25:28+00:00,Unknown,83.0,2025,8,11
68247,46346,19553,1,49.75,2025-03-22 20:16:00+00:00,Unknown,49.75,2025,3,22
72195,45378,18894,3,25.19,2024-07-05 06:54:40+00:00,"Apt. 822 6585 Elli Burg, Hamillchester, NJ 46872",75.57,2024,7,5
67548,45501,19293,1,28.0,2025-01-03 11:54:00+00:00,Unknown,28.0,2025,1,3
70896,46929,19337,1,74.1,2024-10-24 23:10:47+00:00,"612 Isabelle Pass, East Reidton, AZ 98460-6897",74.1,2024,10,24
70642,44660,19460,1,35.99,2024-10-27 02:34:53+00:00,Unknown,35.99,2024,10,27
72221,47349,18936,1,73.2,2025-01-15 08:00:04+00:00,"Suite 729 24407 McDermott Lock, Port Marianelaton, GA 32200",73.2,2025,1,15
66699,45795,19175,4,39.5,2024-06-10 18:00:33+00:00,Unknown,158.0,2024,6,10
66840,44906,19369,1,30.0,2025-01-10 01:23:00+00:00,"Suite 385 293 Braun Islands, Yosttown, AK 21911",30.0,2025,1,10
72611,45663,19256,1,62.25,2025-04-25 03:33:31+00:00,Unknown,62.25,2025,4,25
71351,45666,18841,2,21.3,2024-08-12 09:36:27+00:00,Unknown,42.6,2024,8,12
63733,46024,19320,1,32.4,2025-01-29 13:08:00+00:00,Unknown,32.4,2025,1,29
67611,46187,19012,1,44.75,2025-08-18 22:38:45+00:00,Unknown,44.75,2025,8,18
67697,47307,19028,1,58.99,2025-02-24 17:13:00+00:00,Unknown,58.99,2025,2,24
65927,45068,19463,3,70.8,2024-05-15 19:02:00+00:00,Unknown,212.4,2024,5,15
63715,44356,19179,1,53.75,2024-01-22 10:41:35+00:00,Unknown,53.75,2024,1,22
66634,46312,19014,1,22.25,2025-01-05 19:26:18+00:00,Unknown,22.25,2025,1,5
67067,46634,19324,1,67.25,2025-02-17 05:08:57+00:00,Unknown,67.25,2025,2,17
68459,47204,19073,4,76.5,2024-05-09 21:15:41+00:00,"913 Wilderman Point, Rennerland, CT 14703",306.0,2024,5,9
72099,44817,19466,1,22.5,2024-12-10 12:57:47+00:00,Unknown,22.5,2024,12,10
63726,45535,18842,1,60.0,2024-09-05 01:24:02+00:00,"742 Sterling Flats, Bayerfurt, TN 40219",60.0,2024,9,5
69871,45467,18846,5,20.75,2024-10-31 10:30:51+00:00,"Apt. 866 164 Dibbert Cove, Lake Melonie, NC 37910-2312",103.75,2024,10,31
67064,44972,19203,1,71.4,2024-12-15 20:35:26+00:00,"4568 Hammes Cliff, Johnstonhaven, WY 30746",71.4,2024,12,15
64325,47432,19062,1,16.0,2025-03-07 12:46:09+00:00,Unknown,16.0,2025,3,7
67013,46842,19027,2,90.9,2025-04-16 19:07:46+00:00,Unknown,181.8,2025,4,16
68645,45291,19521,3,22.2,2024-07-06 01:52:58+00:00,"368 Smitham Parkways, West Eloisa, MI 34294-1027",66.6,2024,7,6
71582,44374,19025,1,44.4,2024-04-17 21:01:47+00:00,Unknown,44.4,2024,4,17
68592,47185,19286,2,20.5,2024-11-22 06:06:44+00:00,Unknown,41.0,2024,11,22
65350,46872,19020,1,21.75,2024-11-26 16:40:50+00:00,Unknown,21.75,2024,11,26
67597,46692,19463,2,64.5,2024-09-04 05:05:00+00:00,"5125 Elwood Heights, Port Silas, UT 73157-7364",129.0,2024,9,4
63333,44470,19224,1,57.0,2024-09-11 15:38:48+00:00,"Suite 258 7720 Joana Lake, New Kevenhaven, MS 62824-0095",57.0,2024,9,11
71527,46776,18878,1,35.75,2024-08-05 23:03:31+00:00,Unknown,35.75,2024,8,5
69395,45387,19191,2,36.3,2024-11-08 07:57:45+00:00,Unknown,72.6,2024,11,8
73669,45177,19157,2,31.5,2024-07-22 14:27:00+00:00,Unknown,63.0,2024,7,22
69071,44779,19538,1,58.0,2025-05-01 07:38:00+00:00,"5032 Konopelski Court, East Trevor, WI 47365-6461",58.0,2025,5,1
66802,47000,19478,3,58.0,2024-05-09 06:56:15+00:00,Unknown,174.0,2024,5,9
66251,45523,19499,1,29.0,2025-02-08 06:43:24.151000+00:00,Unknown,29.0,2025,2,8
73353,44373,19066,1,45.6,2024-05-02 04:13:00+00:00,Unknown,45.6,2024,5,2
64872,45968,19058,2,16.0,2025-08-02 23:23:16+00:00,"Apt. 788 951 Dianna Pike, South Shawnta, MD 06705-1050",32.0,2025,8,2
69431,45503,18952,5,53.5,2024-03-25 04:22:27+00:00,Unknown,267.5,2024,3,25
64608,45019,19439,1,74.99,2024-11-10 09:55:58+00:00,Unknown,74.99,2024,11,10
64024,46613,19065,2,21.5,2025-02-28 20:57:00+00:00,"Apt. 326 4027 Spinka Harbor, Pollichborough, WY 96454",43.0,2025,2,28
70118,47152,18846,1,28.79,2024-09-19 01:06:08+00:00,Unknown,28.79,2024,9,19
65874,45390,19258,1,70.5,2025-01-22 09:26:15+00:00,"580 Ismael Locks, South Erniehaven, IL 12205-6192",70.5,2025,1,22
63752,44920,19149,4,24.75,2024-10-24 12:56:14+00:00,Unknown,99.0,2024,10,24
73575,47425,19485,1,81.6,2025-07-08 21:19:33+00:00,Unknown,81.6,2025,7,8
68491,47226,18848,1,18.0,2024-12-13 05:00:09+00:00,"Suite 458 59131 Watsica Wells, Clarenceville, MD 75083",18.0,2024,12,13
68610,44554,19005,1,39.75,2024-07-16 03:43:26+00:00,"227 Alfonzo Branch, Port Anissa, TN 48219-4089",39.75,2024,7,16
67560,46507,19141,1,52.5,2024-09-14 06:59:00+00:00,Unknown,52.5,2024,9,14
68555,47342,19275,1,65.4,2024-12-22 06:45:01.068000+00:00,Unknown,65.4,2024,12,22
72660,45125,19211,1,48.99,2024-05-26 23:20:39+00:00,Unknown,48.99,2024,5,26
64579,46590,19509,2,55.25,2024-05-30 18:01:01+00:00,"Apt. 598 72515 Van Ridge, Grimesside, SC 32464-4792",110.5,2024,5,30
67770,46811,19112,2,15.0,2024-07-20 00:55:08+00:00,Unknown,30.0,2024,7,20
64087,47030,19332,1,40.0,2024-08-19 17:44:27+00:00,Unknown,40.0,2024,8,19
64052,45375,18901,1,73.99,2024-08-08 08:23:00+00:00,Unknown,73.99,2024,8,8
64164,46411,19365,1,67.99,2024-09-25 03:43:14+00:00,Unknown,67.99,2024,9,25
72295,46641,19569,1,66.0,2024-09-24 19:59:12+00:00,"Suite 712 7650 Hills Landing, East Marlenberg, AZ 18767-4728",66.0,2024,9,24
70206,46408,19423,1,31.75,2025-04-27 21:10:00+00:00,Unknown,31.75,2025,4,27
62884,47363,19054,1,44.0,2024-11-09 04:30:00+00:00,"3806 Reuben Dale, East Napoleonshire, TN 84129-8779",44.0,2024,11,9
66916,46199,19358,1,49.5,2025-05-26 19:23:12+00:00,Unknown,49.5,2025,5,26
64064,46944,19406,1,60.0,2024-04-29 10:25:00+00:00,Unknown,60.0,2024,4,29
69848,47179,19246,2,22.0,2024-08-02 23:05:04+00:00,"Apt. 654 84404 Shonna Court, Kazukoberg, NY 07190",44.0,2024,8,2
65025,45766,19270,1,23.99,2025-05-23 12:10:00+00:00,"Suite 884 956 Schumm Corner, New Marlenmouth, AZ 72589",23.99,2025,5,23
70594,46707,19555,1,50.4,2024-02-09 04:28:00+00:00,"Suite 665 411 Buena Lights, Riceborough, CO 62002",50.4,2024,2,9
64343,47155,19331,1,38.1,2024-11-15 01:13:00+00:00,Unknown,38.1,2024,11,15
66752,45589,19172,1,79.19,2024-09-19 01:53:22+00:00,"9269 Renaldo Street, Watsicaville, IN 44027",79.19,2024,9,19
70566,46243,19297,1,53.75,2025-05-07 14:10:00+00:00,Unknown,53.75,2025,5,7
70468,46882,18856,1,50.0,2024-05-11 03:12:00+00:00,Unknown,50.0,2024,5,11
65230,45872,18949,1,37.2,2024-11-25 21:03:26+00:00,Unknown,37.2,2024,11,25
65112,47164,19061,3,57.99,2024-10-26 20:09:09+00:00,Unknown,173.97,2024,10,26
65896,46439,19060,1,77.4,2024-04-08 18:38:34+00:00,Unknown,77.4,2024,4,8
66583,45759,19412,1,27.75,2025-02-19 13:15:15+00:00,"Apt. 290 502 Dusti Mews, East Dwight, SD 18179",27.75,2025,2,19
66791,46285,19125,3,20.4,2024-12-11 08:36:54+00:00,Unknown,61.2,2024,12,11
68681,44649,19381,2,34.8,2024-11-14 12:49:52+00:00,Unknown,69.6,2024,11,14
72150,47432,18849,2,31.0,2025-06-12 18:25:33+00:00,"923 Andra Alley, Kshlerinmouth, NC 82989-5074",62.0,2025,6,12
65332,44783,19276,1,20.0,2024-11-07 02:22:00+00:00,Unknown,20.0,2024,11,7
63090,45469,19367,1,48.5,2025-01-12 03:32:00+00:00,Unknown,48.5,2025,1,12
71811,47617,18865,2,55.2,2025-04-01 16:21:00+00:00,Unknown,110.4,2025,4,1
70970,45022,18897,1,67.5,2024-09-21 19:50:40+00:00,Unknown,67.5,2024,9,21
71884,45478,19297,1,59.4,2024-09-14 07:12:35+00:00,Unknown,59.4,2024,9,14
73924,47421,19158,1,66.0,2024-10-08 01:35:35+00:00,Unknown,66.0,2024,10,8
66730,45342,19553,3,48.25,2024-11-05 13:07:25+00:00,"3356 Mitsuko Plaza, Lake Cassibury, RI 49171",144.75,2024,11,5
62773,46257,19143,1,39.0,2024-08-25 11:01:15+00:00,"Suite 554 768 Toya Spurs, West Dominick, UT 16766-5351",39.0,2024,8,25
69755,44349,19254,1,54.0,2024-02-06 21:50:50+00:00,Unknown,54.0,2024,2,6
65445,44391,18938,1,46.99,2024-03-23 16:43:00+00:00,"43960 Bernhard Rue, Lake Murraychester, RI 54985",46.99,2024,3,23
70900,46097,19560,1,28.99,2024-09-23 00:48:25+00:00,"Apt. 191 311 Reilly Drive, North Loyd, AZ 53804-8942",28.99,2024,9,23
68680,46809,19105,4,36.5,2024-09-09 07:05:23+00:00,"Suite 961 7101 Frank Lodge, Hesselville, VT 27294-9234",146.0,2024,9,9
71954,45482,19003,1,47.4,2024-10-17 16:02:20+00:00,Unknown,47.4,2024,10,17
66690,46482,18892,1,40.5,2024-11-26 03:57:22+00:00,Unknown,40.5,2024,11,26
66533,46590,19081,1,18.0,2024-08-15 00:38:55+00:00,Unknown,18.0,2024,8,15
73685,44424,18862,1,36.0,2025-10-03 20:00:00+00:00,Unknown,36.0,2025,10,3
67939,47571,19518,1,30.25,2024-08-12 02:31:58+00:00,Unknown,30.25,2024,8,12
66305,45946,19290,1,32.7,2024-12-27 04:21:24+00:00,Unknown,32.7,2024,12,27
67761,45761,19146,1,77.4,2024-10-16 02:00:05+00:00,"671 Jacobs Track, Marvinborough, WA 83040",77.4,2024,10,16
69138,44870,19222,1,65.4,2025-01-05 23:52:03+00:00,"Suite 129 6936 Erick Views, Jeanneton, NC 94196-5699",65.4,2025,1,5
67890,45263,19296,1,23.25,2025-04-12 23:13:43+00:00,"Suite 393 59149 Simonis Tunnel, Wunschfurt, NV 97135",23.25,2025,4,12
63479,46836,19329,2,82.2,2024-11-12 13:56:00+00:00,"Suite 186 9845 Richie Stream, Kyleberg, IL 02927",164.4,2024,11,12
70612,45002,19484,1,49.5,2025-01-20 01:11:21+00:00,"Apt. 136 20762 Victor Prairie, Port Lavonna, CO 65250",49.5,2025,1,20
63682,46538,19096,1,24.0,2024-12-07 18:33:28+00:00,Unknown,24.0,2024,12,7
67283,46985,19320,1,23.25,2025-02-23 21:46:54+00:00,"20978 Corwin Course, Port Josiah, OR 85137-9411",23.25,2025,2,23
72309,44999,19409,1,24.0,2025-05-22 17:49:00+00:00,Unknown,24.0,2025,5,22
64114,47003,18919,1,23.4,2024-06-18 18:31:31+00:00,Unknown,23.4,2024,6,18
70406,47169,19531,1,25.5,2024-11-20 19:20:22+00:00,Unknown,25.5,2024,11,20
72599,46729,19344,4,27.0,2024-06-25 04:29:41+00:00,Unknown,108.0,2024,6,25
65886,46649,19198,1,47.75,2025-03-11 13:39:37+00:00,Unknown,47.75,2025,3,11
69141,47439,19011,1,52.25,2025-04-22 22:56:00+00:00,Unknown,52.25,2025,4,22
66374,44962,18966,1,58.5,2025-01-11 21:41:20+00:00,Unknown,58.5,2025,1,11
65936,45526,18955,1,66.0,2024-09-12 08:02:00+00:00,Unknown,66.0,2024,9,12
66365,45842,19128,1,75.0,2025-04-22 05:01:00+00:00,Unknown,75.0,2025,4,22
71278,46215,18845,1,59.75,2024-11-06 22:50:52+00:00,Unknown,59.75,2024,11,6
66401,44485,19499,1,26.99,2025-03-29 09:52:50+00:00,Unknown,26.99,2025,3,29
69680,45710,19535,1,68.0,2024-12-11 13:47:10+00:00,Unknown,68.0,2024,12,11
72027,45632,19381,1,33.0,2024-03-12 08:56:00+00:00,Unknown,33.0,2024,3,12
66436,44695,18970,2,46.0,2025-02-05 13:15:00+00:00,"90778 Albert Underpass, Port Vickiland, SD 12681-6025",92.0,2025,2,5
62760,44401,18855,1,26.25,2024-05-27 09:38:00+00:00,Unknown,26.25,2024,5,27
73682,45471,18868,2,27.5,2025-01-23 17:47:54+00:00,Unknown,55.0,2025,1,23
62997,45718,19582,4,44.0,2025-03-22 13:40:47+00:00,"Suite 362 72708 Schaefer Fields, Boehmchester, MD 79735",176.0,2025,3,22
64199,45686,19125,1,18.99,2024-12-01 21:12:33+00:00,Unknown,18.99,2024,12,1
71256,47585,19442,4,57.6,2024-06-14 00:31:00+00:00,Unknown,230.4,2024,6,14
64882,44434,19411,2,55.8,2025-04-24 22:19:00+00:00,Unknown,111.6,2025,4,24
73134,45844,19412,2,34.8,2025-03-13 23:07:14+00:00,Unknown,69.6,2025,3,13
73525,47067,19538,1,59.25,2025-03-11 23:04:00+00:00,"Suite 821 61473 Tiffani Club, Port Marilu, NC 74729-3907",59.25,2025,3,11
71953,46569,19266,1,55.2,2025-05-18 01:46:00+00:00,"130 McDermott Glen, West Clintshire, CO 61705-7034",55.2,2025,5,18
67243,45855,19175,1,46.5,2024-12-08 01:17:55.494000+00:00,Unknown,46.5,2024,12,8
67722,46255,19202,1,54.5,2025-07-04 10:54:58+00:00,"4114 Elbert Crossroad, Keeblermouth, MS 77686-8081",54.5,2025,7,4
67691,45585,19573,1,35.0,2025-03-07 07:43:00+00:00,"Suite 644 77149 Schiller Villages, Beattyfort, OH 69481-8065",35.0,2025,3,7
63572,45109,19540,1,68.99,2024-03-16 23:25:00+00:00,Unknown,68.99,2024,3,16
69302,46383,18994,1,40.75,2025-04-17 17:38:00+00:00,"926 Arnold Village, Millsfurt, VA 35047",40.75,2025,4,17
67052,45415,19541,1,29.5,2025-03-28 00:32:47+00:00,Unknown,29.5,2025,3,28
71165,46463,19546,1,56.4,2024-10-14 02:42:50+00:00,"Suite 943 9716 Krishna Knoll, Tremblayshire, LA 53668",56.4,2024,10,14
63212,45793,18922,1,14.0,2024-11-30 10:42:00+00:00,Unknown,14.0,2024,11,30
68866,45939,19147,2,27.75,2024-08-19 02:44:00+00:00,Unknown,55.5,2024,8,19
73835,46050,19327,1,52.8,2025-02-12 01:02:28+00:00,Unknown,52.8,2025,2,12
73246,46497,19191,1,26.0,2024-12-10 01:41:41+00:00,Unknown,26.0,2024,12,10
69486,45881,19376,1,46.5,2024-09-04 13:00:33+00:00,Unknown,46.5,2024,9,4
66002,45954,19098,3,58.25,2025-04-08 10:36:00+00:00,Unknown,174.75,2025,4,8
73122,45493,19455,1,15.5,2025-05-07 18:21:35+00:00,Unknown,15.5,2025,5,7
72670,45483,19536,1,67.0,2024-10-12 09:34:00+00:00,Unknown,67.0,2024,10,12
65397,45530,19458,1,69.6,2025-04-25 10:59:38+00:00,Unknown,69.6,2025,4,25
66272,44798,19278,1,37.0,2024-10-01 19:16:04+00:00,"444 Dwayne Roads, West Caren, WA 72861-0434",37.0,2024,10,1
66101,46569,19164,4,42.3,2024-03-04 00:46:06+00:00,Unknown,169.2,2024,3,4
72086,46112,19577,1,70.99,2025-01-17 15:17:21+00:00,Unknown,70.99,2025,1,17
66550,45052,18846,2,19.25,2025-01-24 21:05:00+00:00,Unknown,38.5,2025,1,24
72577,45417,19208,1,70.79,2025-03-12 23:48:23.200000+00:00,"Apt. 445 914 Kenyetta Isle, East Brett, FL 12147",70.79,2025,3,12
67344,45851,18891,1,22.25,2024-02-27 10:01:00+00:00,Unknown,22.25,2024,2,27
66117,45900,19450,1,32.25,2024-12-03 15:32:00+00:00,Unknown,32.25,2024,12,3
63196,44772,19564,1,51.75,2025-02-27 22:42:55+00:00,Unknown,51.75,2025,2,27
70770,47126,19195,1,72.0,2024-10-09 20:25:44+00:00,Unknown,72.0,2024,10,9
64411,47396,19102,1,60.5,2025-04-22 05:43:07+00:00,Unknown,60.5,2025,4,22
64792,46284,19388,1,54.0,2025-03-23 02:36:00+00:00,"Suite 164 9361 Bogan Pass, West Glenborough, CT 50209",54.0,2025,3,23
71143,45518,19369,3,31.75,2024-09-24 01:59:41+00:00,Unknown,95.25,2024,9,24
69122,47474,19115,3,55.25,2025-07-31 21:49:49+00:00,Unknown,165.75,2025,7,31
63104,47554,18983,1,44.39,2024-09-28 19:24:19+00:00,Unknown,44.39,2024,9,28
72896,44353,19128,1,92.39,2025-02-20 08:27:00+00:00,Unknown,92.39,2025,2,20
62985,46481,19287,1,45.6,2025-04-20 14:49:00+00:00,"Suite 852 5164 Kali Stream, West Graig, SD 45428-4653",45.6,2025,4,20
71413,46793,19184,1,18.0,2024-09-20 09:36:21+00:00,"85673 Yer Flat, Patrickmouth, AZ 10432",18.0,2024,9,20
68048,47535,19180,2,52.8,2025-02-13 07:25:08+00:00,Unknown,105.6,2025,2,13
63529,45820,19344,1,30.0,2024-12-29 17:58:59.440000+00:00,Unknown,30.0,2024,12,29
70658,46940,19219,5,30.5,2024-04-28 09:17:22+00:00,"64649 Sammie Union, Haagbury, LA 16825-9414",152.5,2024,4,28
67741,46163,19527,4,76.5,2024-10-27 02:02:23+00:00,Unknown,306.0,2024,10,27
69158,46236,19299,1,32.25,2024-12-13 08:48:39+00:00,"Apt. 632 872 Waelchi Street, East Guy, ID 29804",32.25,2024,12,13
69260,46388,19365,1,67.0,2024-12-19 12:44:57+00:00,Unknown,67.0,2024,12,19
65971,44521,19303,2,63.99,2024-12-29 09:40:09+00:00,"277 McCullough Unions, Robertsville, IA 60378",127.98,2024,12,29
71664,47500,19562,1,61.2,2024-08-11 00:42:58+00:00,Unknown,61.2,2024,8,11
69640,44580,19389,1,20.0,2025-02-15 09:55:18+00:00,Unknown,20.0,2025,2,15
62750,44512,19094,1,52.5,2025-02-01 06:11:03+00:00,"32015 Larson Lock, West Leon, KY 44508-2631",52.5,2025,2,1
63641,45432,19482,2,25.0,2024-07-16 10:35:55+00:00,Unknown,50.0,2024,7,16
67446,45809,19445,2,58.25,2024-05-08 07:37:00+00:00,Unknown,116.5,2024,5,8
64442,45973,19383,3,60.75,2025-01-04 19:45:09+00:00,Unknown,182.25,2025,1,4
62938,46410,18859,1,65.4,2025-03-08 10:13:25+00:00,Unknown,65.4,2025,3,8
68867,46127,19566,1,19.8,2024-11-23 07:36:00+00:00,Unknown,19.8,2024,11,23
73813,44399,19180,2,43.25,2024-12-30 11:47:00+00:00,Unknown,86.5,2024,12,30
72768,44346,19575,1,54.99,2025-01-03 10:01:23+00:00,"727 Cruickshank Summit, East Tawny, FL 30789-5593",54.99,2025,1,3
69546,47472,19266,1,48.75,2025-01-01 00:31:18+00:00,Unknown,48.75,2025,1,1
63208,47289,19262,1,69.5,2024-11-07 04:40:49+00:00,"341 Nathan Ways, Zanechester, SD 52766-6298",69.5,2024,11,7
72572,45359,19496,1,28.25,2025-07-02 08:15:33+00:00,"Suite 985 8778 Soila Trail, Bartellchester, MT 32044-8117",28.25,2025,7,2
71821,45864,19544,1,40.75,2024-05-11 11:22:56+00:00,"Suite 971 6712 Howell Cliffs, Whiteview, MO 91292",40.75,2024,5,11
73150,44828,19415,1,13.0,2024-12-17 13:12:07+00:00,Unknown,13.0,2024,12,17
70687,45813,18937,1,64.5,2024-10-14 19:23:26.301000+00:00,Unknown,64.5,2024,10,14
71516,46211,18853,2,60.0,2024-08-21 23:22:45+00:00,Unknown,120.0,2024,8,21
62911,45134,19299,1,31.0,2024-11-30 02:10:00+00:00,Unknown,31.0,2024,11,30
73919,44372,19171,2,38.5,2024-03-21 08:13:32+00:00,Unknown,77.0,2024,3,21
68787,47305,19508,1,37.75,2025-05-17 17:49:19+00:00,"Suite 719 168 Bayer Land, Lake Jaimie, CO 89572-5698",37.75,2025,5,17
67297,44751,19327,1,45.99,2025-03-26 15:45:06+00:00,Unknown,45.99,2025,3,26
71082,45261,19136,2,60.3,2024-06-08 13:13:44+00:00,Unknown,120.6,2024,6,8
73894,45667,18941,3,60.0,2024-10-10 16:08:47+00:00,"Apt. 650 66088 Cassy Prairie, Jacobsbury, NJ 83792",180.0,2024,10,10
71600,45256,19080,3,52.5,2025-02-01 23:31:00+00:00,Unknown,157.5,2025,2,1
71561,47227,19062,1,17.75,2025-07-03 13:34:00+00:00,Unknown,17.75,2025,7,3
65700,47536,19150,2,50.4,2025-04-23 10:35:00+00:00,Unknown,100.8,2025,4,23
66553,46367,19527,2,90.0,2024-08-27 05:50:13+00:00,"24857 Philip Overpass, Stoltenbergmouth, MA 56161",180.0,2024,8,27
67670,47480,18912,2,64.75,2025-03-21 18:18:31+00:00,Unknown,129.5,2025,3,21
71188,44819,19339,1,46.75,2024-06-12 19:29:17.053000+00:00,Unknown,46.75,2024,6,12
65355,44671,18989,1,56.39,2024-09-05 11:22:01+00:00,"47854 Schiller Court, Ernserchester, SD 13935-1819",56.39,2024,9,5
67711,44607,19155,2,51.0,2024-12-04 01:28:00+00:00,"Apt. 731 6031 Sebrina Tunnel, North Odis, OR 27088",102.0,2024,12,4
66954,44815,18981,1,68.0,2024-10-08 20:41:59+00:00,Unknown,68.0,2024,10,8
73312,45859,19271,1,42.25,2025-01-21 14:19:32+00:00,Unknown,42.25,2025,1,21
71135,46559,19117,3,37.5,2024-04-06 18:42:05+00:00,Unknown,112.5,2024,4,6
73800,47379,19033,1,31.99,2025-04-21 11:08:00+00:00,"85191 Ross Garden, South Joesphside, TX 71014-2995",31.99,2025,4,21
66611,47324,19191,2,29.0,2025-04-18 19:22:17+00:00,Unknown,58.0,2025,4,18
64206,46505,19325,1,30.99,2025-05-31 09:28:12+00:00,"Apt. 568 2562 Gusikowski Inlet, Dewittton, SD 05121",30.99,2025,5,31
64910,44811,18882,1,47.0,2025-04-15 20:01:27+00:00,"Apt. 451 8950 Nathan Fords, Patstad, NE 72332-9652",47.0,2025,4,15
73680,44905,18938,2,46.5,2024-04-12 22:58:47.799000+00:00,Unknown,93.0,2024,4,12
68809,47037,19404,2,29.0,2024-10-14 23:29:46.812000+00:00,Unknown,58.0,2024,10,14
66792,45084,18892,1,29.5,2025-02-16 17:28:00+00:00,Unknown,29.5,2025,2,16
70815,46355,19309,1,84.9,2025-05-22 20:46:00+00:00,Unknown,84.9,2025,5,22
67749,45344,19112,2,18.0,2024-11-29 14:54:00+00:00,Unknown,36.0,2024,11,29
65913,46044,18954,1,34.0,2024-06-22 15:03:34+00:00,Unknown,34.0,2024,6,22
70069,44452,19000,1,70.8,2025-03-07 09:50:26+00:00,Unknown,70.8,2025,3,7
70997,47123,18995,5,29.0,2025-01-27 20:43:14+00:00,Unknown,145.0,2025,1,27
65889,47255,19310,1,30.6,2025-02-24 21:06:00+00:00,Unknown,30.6,2025,2,24
68567,47204,19040,1,17.5,2025-01-21 09:39:21+00:00,Unknown,17.5,2025,1,21
69128,46619,18919,3,21.99,2024-08-29 11:37:00+00:00,"5843 Rosette Locks, Parkermouth, MD 93442",65.97,2024,8,29
70516,45687,19125,1,18.25,2024-06-28 12:51:00+00:00,Unknown,18.25,2024,6,28
65188,45964,19250,1,31.5,2024-12-18 15:23:22.121000+00:00,Unknown,31.5,2024,12,18
72006,46468,19161,1,37.0,2024-12-07 16:39:00+00:00,Unknown,37.0,2024,12,7
70232,44549,18904,1,34.25,2025-06-23 01:29:24+00:00,Unknown,34.25,2025,6,23
67931,46317,19418,1,67.19,2024-05-12 06:57:00+00:00,Unknown,67.19,2024,5,12
65400,47058,19086,1,75.75,2024-07-03 14:57:16+00:00,Unknown,75.75,2024,7,3
68922,46009,19065,1,21.0,2025-06-22 02:13:10+00:00,"Suite 145 621 Halvorson Fords, Gerholdshire, IN 11366-8683",21.0,2025,6,22
70704,46009,19004,1,71.25,2024-10-20 12:06:09+00:00,Unknown,71.25,2024,10,20
67801,46879,19542,1,60.5,2025-06-23 14:19:51+00:00,Unknown,60.5,2025,6,23
68500,45514,19427,1,50.7,2025-02-17 20:50:49+00:00,Unknown,50.7,2025,2,17
70091,44672,19110,1,58.0,2025-01-15 15:58:00+00:00,"47492 Stanford Place, South Risashire, HI 63924",58.0,2025,1,15
73376,45281,18903,1,24.6,2024-09-24 13:52:00+00:00,Unknown,24.6,2024,9,24
68894,45353,19288,1,63.59,2025-06-18 18:37:27+00:00,Unknown,63.59,2025,6,18
65247,45993,18896,1,29.0,2024-10-10 08:30:56+00:00,"2766 Giovanni Junctions, Adalbertoborough, VT 56025",29.0,2024,10,10
71113,46761,19532,1,34.2,2024-06-24 21:03:00+00:00,"2013 Crooks Terrace, South Martha, NH 84406-6951",34.2,2024,6,24
69024,45343,19163,1,17.0,2024-11-15 00:24:22+00:00,Unknown,17.0,2024,11,15
68399,44702,18911,1,65.0,2024-06-24 21:46:00+00:00,Unknown,65.0,2024,6,24
63014,46808,19414,2,67.2,2024-12-23 12:44:14+00:00,Unknown,134.4,2024,12,23
66351,45070,18983,1,39.3,2025-04-02 01:09:45+00:00,Unknown,39.3,2025,4,2
67256,47233,19154,1,75.99,2024-10-07 07:20:00+00:00,Unknown,75.99,2024,10,7
64791,44397,19234,1,22.99,2025-08-11 07:31:12+00:00,Unknown,22.99,2025,8,11
68432,46192,19218,1,83.4,2025-01-09 03:39:04.852000+00:00,Unknown,83.4,2025,1,9
71264,45226,19001,1,31.25,2025-02-12 23:16:00+00:00,Unknown,31.25,2025,2,12
65812,44548,19188,1,50.4,2025-01-17 02:20:11+00:00,"9777 Bobette Valleys, Ritchiefort, CO 33803-2865",50.4,2025,1,17
65690,47507,19244,1,50.0,2025-01-12 19:48:00+00:00,"6087 Issac Valley, New Shielaton, WY 54283",50.0,2025,1,12
63416,45264,19458,1,67.8,2024-11-30 13:54:13+00:00,Unknown,67.8,2024,11,30
73249,45758,19547,1,61.5,2024-07-09 12:50:46+00:00,Unknown,61.5,2024,7,9
69422,45436,19410,1,58.2,2024-10-15 06:32:34+00:00,Unknown,58.2,2024,10,15
71528,47489,18990,1,55.5,2025-05-12 11:35:44+00:00,Unknown,55.5,2025,5,12
70101,45988,19109,2,41.99,2024-09-06 08:43:44+00:00,Unknown,83.98,2024,9,6
63074,46374,18941,1,68.7,2025-04-19 03:17:00+00:00,"49570 Drew Underpass, Schadenside, GA 84755",68.7,2025,4,19
66048,46827,19203,1,55.0,2025-02-18 03:16:57+00:00,Unknown,55.0,2025,2,18
73048,44993,19558,1,37.5,2024-06-24 09:54:46+00:00,Unknown,37.5,2024,6,24
64789,45234,19558,1,31.25,2024-09-08 18:20:35+00:00,"260 Margurite Green, New Zachariahshire, WY 09032",31.25,2024,9,8
65623,46093,19150,1,54.6,2024-06-28 05:00:00+00:00,Unknown,54.6,2024,6,28
65311,45131,18877,1,49.75,2025-04-10 11:54:46+00:00,Unknown,49.75,2025,4,10
70233,46227,19313,1,25.0,2024-10-14 09:41:00+00:00,Unknown,25.0,2024,10,14
64347,46699,19295,3,37.25,2025-01-27 22:06:29+00:00,Unknown,111.75,2025,1,27
63607,45658,19549,1,37.99,2024-11-15 04:06:00+00:00,"Apt. 492 174 Homenick Vista, Effertztown, UT 72944-0170",37.99,2024,11,15
71637,45240,19115,1,50.5,2024-10-12 06:03:00+00:00,Unknown,50.5,2024,10,12
64432,47469,19584,2,43.75,2024-09-15 15:41:43+00:00,Unknown,87.5,2024,9,15
69889,46115,19167,5,47.99,2024-10-06 14:33:00+00:00,Unknown,239.95,2024,10,6
72545,45457,19278,1,40.8,2024-08-23 11:15:00+00:00,"995 Mac Hills, New Marya, ID 08162-0808",40.8,2024,8,23
65782,46824,18949,1,34.8,2024-12-11 23:53:00+00:00,Unknown,34.8,2024,12,11
69510,45547,19219,1,26.99,2025-03-21 04:35:00+00:00,Unknown,26.99,2025,3,21
69562,44873,19525,1,62.0,2024-07-07 05:19:20+00:00,Unknown,62.0,2024,7,7
66559,45673,19099,1,62.7,2024-05-21 11:02:24+00:00,Unknown,62.7,2024,5,21
65323,44518,19106,1,54.0,2024-08-03 21:19:04+00:00,Unknown,54.0,2024,8,3
70825,45914,19212,1,53.99,2024-12-15 13:46:37+00:00,Unknown,53.99,2024,12,15
73949,46689,19526,2,70.0,2025-03-31 13:52:54+00:00,Unknown,140.0,2025,3,31
67689,46520,18868,1,23.25,2024-07-10 16:10:45+00:00,Unknown,23.25,2024,7,10
69297,46986,19573,1,39.0,2024-09-05 10:20:16+00:00,Unknown,39.0,2024,9,5
63406,46358,19164,1,34.25,2024-11-29 20:50:18+00:00,Unknown,34.25,2024,11,29
63599,47492,19260,1,72.99,2024-12-10 22:31:20.269000+00:00,Unknown,72.99,2024,12,10
69050,44459,19573,5,32.0,2024-06-09 02:11:24+00:00,Unknown,160.0,2024,6,9
67812,45879,19365,1,66.75,2024-05-07 07:51:00+00:00,Unknown,66.75,2024,5,7
64224,46681,19104,1,55.0,2025-07-21 08:53:12+00:00,Unknown,55.0,2025,7,21
70719,46288,18935,1,61.75,2024-11-26 00:28:33+00:00,Unknown,61.75,2024,11,26
65155,46723,19345,5,76.5,2024-12-05 00:37:55+00:00,Unknown,382.5,2024,12,5
68010,46013,18884,3,66.25,2024-08-23 09:19:28+00:00,Unknown,198.75,2024,8,23
69614,44622,18891,1,24.6,2024-11-02 05:41:07+00:00,Unknown,24.6,2024,11,2
66755,46509,19295,1,38.5,2025-02-01 11:21:00+00:00,Unknown,38.5,2025,2,1
73110,46535,19161,3,32.75,2024-04-29 04:25:00+00:00,"64194 Padberg Extension, Port Alexis, AK 62922",98.25,2024,4,29
69905,47019,19534,1,41.0,2024-11-08 01:49:10+00:00,"78233 Luvenia Throughway, East Marita, CA 67277-1186",41.0,2024,11,8
65063,47339,19210,2,38.75,2025-01-28 18:11:56+00:00,Unknown,77.5,2025,1,28
64705,45844,19271,1,46.0,2024-03-27 05:27:00+00:00,Unknown,46.0,2024,3,27
63100,44850,19425,1,46.0,2024-11-14 08:02:52.661000+00:00,Unknown,46.0,2024,11,14
69956,45363,18878,1,37.0,2025-01-30 07:44:44+00:00,Unknown,37.0,2025,1,30
64659,46895,19286,1,25.75,2024-12-16 17:04:21+00:00,Unknown,25.75,2024,12,16
65753,45814,19089,1,51.25,2025-04-02 06:32:00+00:00,Unknown,51.25,2025,4,2
70210,46970,19464,1,45.0,2024-09-07 20:50:00+00:00,Unknown,45.0,2024,9,7
64576,44974,19130,1,31.8,2025-02-08 20:42:37+00:00,Unknown,31.8,2025,2,8
72714,44607,19239,1,88.79,2025-03-23 00:55:22.822000+00:00,"Apt. 731 6031 Sebrina Tunnel, North Odis, OR 27088",88.79,2025,3,23
73833,45511,18952,1,55.75,2025-07-09 07:01:47+00:00,Unknown,55.75,2025,7,9
63371,45420,19346,2,39.25,2024-04-23 04:05:15+00:00,Unknown,78.5,2024,4,23
68409,46604,19277,1,60.0,2024-10-20 01:07:31+00:00,"9964 Raynor Mill, Rachalland, WY 74080",60.0,2024,10,20
69292,44418,19403,1,52.5,2025-03-02 11:07:24.589000+00:00,Unknown,52.5,2025,3,2
70075,47546,19547,1,70.5,2025-08-04 03:21:00+00:00,Unknown,70.5,2025,8,4
67354,45486,19501,1,19.99,2024-12-02 08:26:56+00:00,Unknown,19.99,2024,12,2
71287,46909,19268,1,51.6,2024-11-05 01:04:34+00:00,Unknown,51.6,2024,11,5
66720,47333,18886,1,65.0,2024-07-11 04:50:45+00:00,Unknown,65.0,2024,7,11
72470,44930,18883,1,25.8,2024-09-10 21:20:28+00:00,Unknown,25.8,2024,9,10
69067,46739,19254,1,53.0,2025-03-04 19:37:00+00:00,Unknown,53.0,2025,3,4
63688,47414,18928,1,19.0,2024-10-31 20:38:00+00:00,Unknown,19.0,2024,10,31
72459,47124,19347,5,18.0,2024-08-19 13:35:28.055000+00:00,"Apt. 603 7979 Beatty Knoll, Beattyland, WI 03510",90.0,2024,8,19
62971,45389,18872,1,40.25,2024-11-19 18:38:00+00:00,Unknown,40.25,2024,11,19
72653,45691,19382,2,30.25,2025-07-05 09:26:00+00:00,Unknown,60.5,2025,7,5
72235,47430,19541,1,32.7,2025-05-18 09:40:50+00:00,Unknown,32.7,2025,5,18
71120,46448,19248,1,59.25,2024-03-27 18:56:00+00:00,Unknown,59.25,2024,3,27
73499,46324,19564,2,61.8,2024-12-20 21:33:13+00:00,Unknown,123.6,2024,12,20
63048,46146,19075,2,53.99,2024-10-31 09:28:04+00:00,Unknown,107.98,2024,10,31
63489,45234,18882,1,48.5,2024-09-27 15:22:01+00:00,"260 Margurite Green, New Zachariahshire, WY 09032",48.5,2024,9,27
67490,47280,18966,1,57.75,2025-04-02 23:42:09+00:00,Unknown,57.75,2025,4,2
73269,45466,19588,1,78.6,2024-05-12 11:44:32+00:00,Unknown,78.6,2024,5,12
64140,45848,19419,1,50.0,2024-10-03 00:33:02+00:00,Unknown,50.0,2024,10,3
64078,46587,19270,2,20.5,2024-10-19 17:00:56+00:00,"406 Schoen Mill, Lake Kathrynborough, KS 90295",41.0,2024,10,19
67558,46117,19460,5,37.99,2024-11-19 06:04:33+00:00,Unknown,189.95,2024,11,19
73347,45376,19112,2,15.25,2025-06-07 17:28:38+00:00,Unknown,30.5,2025,6,7
72576,47241,18930,1,34.0,2024-07-25 09:51:33+00:00,Unknown,34.0,2024,7,25
72707,46629,18928,1,20.5,2024-11-02 05:11:33+00:00,Unknown,20.5,2024,11,2
67439,47381,19558,1,39.3,2024-12-22 07:00:00+00:00,Unknown,39.3,2024,12,22
66881,45448,18951,2,65.5,2024-07-02 04:17:15+00:00,Unknown,131.0,2024,7,2
73198,47198,19355,1,41.99,2025-04-27 17:23:17+00:00,Unknown,41.99,2025,4,27
68926,44595,19370,5,21.0,2025-09-18 20:43:36+00:00,Unknown,105.0,2025,9,18
73768,47495,19108,1,44.7,2024-11-03 21:01:44+00:00,Unknown,44.7,2024,11,3
70684,46252,19148,1,36.0,2025-03-14 05:03:04+00:00,Unknown,36.0,2025,3,14
62755,46556,18936,1,72.0,2024-07-20 14:37:39+00:00,Unknown,72.0,2024,7,20
69832,46520,18921,1,51.6,2025-02-20 11:26:44+00:00,"6742 Lebsack Coves, Jacobsshire, MT 03772-2766",51.6,2025,2,20
67708,45643,19555,1,43.25,2024-12-23 11:06:43+00:00,"522 Luciano Haven, Huelland, NM 06756",43.25,2024,12,23
73480,46605,19400,1,36.5,2025-02-02 21:51:40+00:00,Unknown,36.5,2025,2,2
62812,45390,18966,2,58.25,2025-07-06 09:37:04+00:00,"580 Ismael Locks, South Erniehaven, IL 12205-6192",116.5,2025,7,6
71128,47037,19294,4,47.25,2025-04-18 20:17:00+00:00,Unknown,189.0,2025,4,18
70269,46641,18884,1,69.0,2025-08-06 21:15:00+00:00,Unknown,69.0,2025,8,6
70873,44729,19201,3,37.5,2025-01-13 18:07:00+00:00,"Apt. 382 1022 Bradtke Rapid, Port Rickey, DE 51061",112.5,2025,1,13
71927,46066,19182,1,51.0,2025-01-31 09:49:00+00:00,Unknown,51.0,2025,1,31
73055,46243,19120,1,64.99,2025-02-10 15:33:00+00:00,Unknown,64.99,2025,2,10
65643,46013,19585,1,68.99,2025-02-27 20:50:26+00:00,Unknown,68.99,2025,2,27
66919,45562,18858,1,13.0,2025-06-30 02:52:00+00:00,Unknown,13.0,2025,6,30
66693,47155,18901,1,75.75,2024-11-01 14:38:47+00:00,Unknown,75.75,2024,11,1
71194,46002,19396,2,52.2,2024-09-14 16:28:00+00:00,Unknown,104.4,2024,9,14
65621,46929,19295,1,42.9,2025-02-04 08:36:00+00:00,Unknown,42.9,2025,2,4
62930,45052,19170,1,83.1,2025-05-24 04:52:16+00:00,Unknown,83.1,2025,5,24
73369,45173,19056,1,25.8,2025-04-28 04:20:12+00:00,Unknown,25.8,2025,4,28
72541,45446,19045,1,54.6,2024-08-08 13:43:51+00:00,Unknown,54.6,2024,8,8
70517,45105,19586,5,14.99,2025-04-04 13:10:00+00:00,Unknown,74.95,2025,4,4
71231,46193,19462,1,69.6,2024-10-24 04:18:21+00:00,Unknown,69.6,2024,10,24
65553,47557,19320,5,24.0,2024-06-29 18:40:00+00:00,Unknown,120.0,2024,6,29
70988,45024,18857,1,81.6,2024-11-06 04:37:29+00:00,Unknown,81.6,2024,11,6
62918,45752,19041,1,15.5,2024-12-16 19:26:34+00:00,Unknown,15.5,2024,12,16
63610,45340,18972,2,28.99,2024-10-27 07:07:35+00:00,Unknown,57.98,2024,10,27
67092,44684,19163,1,17.0,2025-01-21 20:01:00+00:00,Unknown,17.0,2025,1,21
70239,47339,19118,1,72.99,2024-09-18 01:51:22+00:00,Unknown,72.99,2024,9,18
71925,46647,19226,5,28.2,2024-12-21 13:42:19+00:00,Unknown,141.0,2024,12,21
62936,45364,18987,1,62.0,2024-12-16 12:36:28+00:00,Unknown,62.0,2024,12,16
69930,47365,19488,4,84.0,2025-04-10 06:32:52.286000+00:00,"660 Berge Pine, North Isaias, WV 60568-1379",336.0,2025,4,10
67367,45985,19360,1,57.0,2024-11-30 15:05:40+00:00,Unknown,57.0,2024,11,30
63222,44987,19350,3,29.0,2024-08-02 07:37:45+00:00,Unknown,87.0,2024,8,2
66345,46974,19354,1,42.5,2025-04-26 10:07:55+00:00,Unknown,42.5,2025,4,26
64892,46237,19518,2,35.4,2024-12-13 08:30:00+00:00,Unknown,70.8,2024,12,13
71419,44728,19374,1,20.0,2024-09-30 01:33:00+00:00,Unknown,20.0,2024,9,30
67383,47599,19055,1,21.9,2024-10-20 16:37:40+00:00,Unknown,21.9,2024,10,20
67259,46750,19361,1,38.5,2024-09-08 16:11:52+00:00,Unknown,38.5,2024,9,8
68845,44819,19039,4,46.0,2025-01-18 04:18:00+00:00,Unknown,184.0,2025,1,18
73486,45225,19544,5,41.5,2024-10-11 05:08:00+00:00,Unknown,207.5,2024,10,11
62803,46294,19520,2,34.79,2024-05-06 15:28:00+00:00,Unknown,69.58,2024,5,6
69387,44872,19279,1,22.0,2024-08-27 02:05:00+00:00,"Apt. 822 57376 Jast Crescent, South Deandreland, AL 75021-2859",22.0,2024,8,27
67486,47263,18898,2,72.75,2025-03-08 20:19:15+00:00,Unknown,145.5,2025,3,8
67594,44676,19338,1,68.5,2025-05-10 12:27:58+00:00,Unknown,68.5,2025,5,10
64853,47387,19227,1,60.0,2024-09-07 04:33:49+00:00,Unknown,60.0,2024,9,7
73483,46981,19456,1,35.0,2024-12-18 06:59:00+00:00,Unknown,35.0,2024,12,18
68345,44785,18841,1,20.0,2024-10-28 02:09:45+00:00,Unknown,20.0,2024,10,28
71099,44377,19416,1,79.2,2024-12-01 06:08:03+00:00,Unknown,79.2,2024,12,1
67747,46992,19361,1,46.2,2025-03-05 15:26:34+00:00,"Apt. 442 963 Windy Place, Port Robinburgh, WV 84367",46.2,2025,3,5
72834,46455,18907,2,41.25,2024-12-27 05:59:24+00:00,Unknown,82.5,2024,12,27
70607,46454,19449,1,61.2,2024-07-21 18:05:23+00:00,Unknown,61.2,2024,7,21
68488,45776,19250,1,39.59,2025-09-08 03:49:00+00:00,Unknown,39.59,2025,9,8
73507,44970,19288,1,51.75,2025-04-17 05:30:21+00:00,"Suite 597 76058 Johnston Oval, Schustermouth, NH 80325",51.75,2025,4,17
73217,45969,19386,2,87.6,2024-03-12 11:17:17+00:00,Unknown,175.2,2024,3,12
64730,46208,19061,3,75.59,2025-03-26 21:50:00+00:00,Unknown,226.77,2025,3,26
64294,45949,19067,1,47.4,2024-06-09 04:39:27+00:00,Unknown,47.4,2024,6,9
66250,45141,19107,2,86.4,2024-10-07 13:14:00+00:00,Unknown,172.8,2024,10,7
63320,45116,19234,1,22.0,2024-10-01 02:59:50+00:00,Unknown,22.0,2024,10,1
66188,45131,18854,1,44.5,2025-01-10 19:51:00+00:00,"7640 Reichel Island, Swaniawskichester, VA 38440-8395",44.5,2025,1,10
71991,46221,18896,1,33.3,2024-10-21 03:47:00+00:00,Unknown,33.3,2024,10,21
70849,44699,19128,3,90.3,2025-02-10 14:07:05+00:00,Unknown,270.9,2025,2,10
69461,45573,19561,1,23.5,2025-01-22 21:00:57.766000+00:00,"Apt. 466 87979 Koepp Field, East Carisashire, NC 25065",23.5,2025,1,22
63418,47275,19578,1,46.25,2025-01-12 23:31:00+00:00,Unknown,46.25,2025,1,12
64384,47232,19226,1,25.0,2024-10-02 05:23:00+00:00,Unknown,25.0,2024,10,2
72109,45895,19166,1,73.2,2024-10-31 21:59:00+00:00,"Suite 669 10936 Yundt Stravenue, East Nitaburgh, AZ 95786",73.2,2024,10,31
65010,45718,19480,1,73.0,2025-07-28 15:04:15+00:00,"Suite 362 72708 Schaefer Fields, Boehmchester, MD 79735",73.0,2025,7,28
71771,47031,19133,5,25.0,2024-04-27 17:37:17+00:00,Unknown,125.0,2024,4,27
65129,46711,18884,3,69.5,2024-09-26 07:23:01+00:00,Unknown,208.5,2024,9,26
63517,45118,19454,4,84.0,2024-07-26 17:34:41+00:00,Unknown,336.0,2024,7,26
73120,47397,19273,1,46.75,2024-11-28 19:20:06+00:00,Unknown,46.75,2024,11,28
68496,45384,19451,3,69.3,2024-07-14 22:01:02+00:00,Unknown,207.9,2024,7,14
71095,47084,19210,1,48.3,2024-08-10 00:58:00+00:00,Unknown,48.3,2024,8,10
64183,46917,19475,1,47.4,2025-01-29 14:31:04+00:00,"Apt. 650 80290 Margarette Motorway, New Maryettafurt, ME 83503-7783",47.4,2025,1,29
73516,46416,18958,1,15.0,2024-12-05 06:08:33+00:00,"Suite 183 94891 Lona Wells, Sharitaburgh, GA 22328",15.0,2024,12,5
68895,45002,19352,1,32.0,2024-12-31 09:35:36+00:00,Unknown,32.0,2024,12,31
62903,45012,19031,2,26.1,2024-09-29 05:34:06+00:00,"Apt. 361 21798 Monahan Locks, East Florentinaland, GA 98964",52.2,2024,9,29
65113,44497,19339,1,56.39,2024-11-19 14:31:59+00:00,Unknown,56.39,2024,11,19
73691,46186,19437,1,38.0,2025-05-10 23:57:04+00:00,"Apt. 683 231 Muller Via, Streichton, PA 26816-4569",38.0,2025,5,10
72845,47243,19531,1,28.0,2024-08-21 15:18:20+00:00,"55140 Lorenza Vista, West Consuela, IA 53416",28.0,2024,8,21
66421,44665,18963,2,57.99,2025-01-01 01:31:00+00:00,Unknown,115.98,2025,1,1
71112,44691,19410,2,48.0,2025-04-12 00:13:00+00:00,"Apt. 517 37336 Dulcie Ridges, East Dominicaville, VT 79553-0399",96.0,2025,4,12
64131,45354,19444,1,45.0,2024-12-31 23:32:00+00:00,Unknown,45.0,2024,12,31
69269,45466,19026,2,19.0,2024-12-04 04:59:00+00:00,"4115 Walter Prairie, Johnsonburgh, OK 23817-1594",38.0,2024,12,4
63012,46842,19284,3,51.0,2024-12-06 07:13:17+00:00,Unknown,153.0,2024,12,6
67264,46564,19019,1,12.5,2025-05-03 00:39:16+00:00,Unknown,12.5,2025,5,3
64034,47261,18887,1,54.9,2024-09-25 02:53:00+00:00,"Apt. 111 37509 Morissette Junction, West Chinabury, PA 48249-9983",54.9,2024,9,25
64761,47565,18903,1,16.0,2024-12-08 01:19:32.982000+00:00,Unknown,16.0,2024,12,8
64388,45768,19580,1,71.99,2025-01-03 00:05:11+00:00,Unknown,71.99,2025,1,3
64240,46074,19090,2,64.0,2025-05-02 06:45:07+00:00,"Apt. 785 1302 Antonia Dale, North Alvaberg, RI 45244",128.0,2025,5,2
71843,46287,19373,1,59.4,2024-08-04 14:51:18+00:00,Unknown,59.4,2024,8,4
72961,46787,19379,3,66.0,2024-07-06 13:59:13+00:00,Unknown,198.0,2024,7,6
64591,45746,19379,4,58.99,2024-09-14 19:49:00+00:00,Unknown,235.96,2024,9,14
68220,44400,19518,1,29.5,2024-09-26 17:33:14+00:00,Unknown,29.5,2024,9,26
69137,46352,18867,1,56.75,2024-08-20 05:04:14+00:00,Unknown,56.75,2024,8,20
63766,45590,18927,1,65.75,2025-03-13 15:18:36+00:00,Unknown,65.75,2025,3,13
66883,47486,19451,1,59.5,2024-08-11 16:28:23+00:00,Unknown,59.5,2024,8,11
65606,46362,18953,1,64.0,2024-10-21 19:01:46+00:00,"589 Treasa Ridges, Connberg, VT 66460-8832",64.0,2024,10,21
73878,44578,18988,2,61.25,2024-06-29 00:45:00+00:00,Unknown,122.5,2024,6,29
73544,44895,19571,1,15.5,2025-07-22 21:05:54+00:00,Unknown,15.5,2025,7,22
69296,44490,19423,1,32.25,2024-09-19 02:18:04.052000+00:00,Unknown,32.25,2024,9,19
63945,44403,19530,1,17.0,2025-01-30 18:42:00+00:00,Unknown,17.0,2025,1,30
69560,46701,18875,1,45.0,2024-07-08 13:30:26.092000+00:00,Unknown,45.0,2024,7,8
73429,46445,19245,2,82.2,2024-08-28 13:16:16+00:00,Unknown,164.4,2024,8,28
71353,47025,19532,1,29.5,2024-08-16 18:20:40+00:00,"470 Lakin Springs, Lake Sudie, CT 36453",29.5,2024,8,16
68412,45705,18910,4,47.5,2024-09-14 22:29:28+00:00,"Apt. 514 32569 Howe Islands, South Eliasburgh, NH 31192",190.0,2024,9,14
67163,44835,19091,1,27.25,2025-05-02 20:20:20+00:00,"Suite 262 47056 Dustin Fort, Hellerburgh, UT 28704-7405",27.25,2025,5,2
63427,47039,19408,1,22.25,2024-10-17 07:17:12.601000+00:00,Unknown,22.25,2024,10,17
69240,46704,19329,1,67.0,2024-07-11 05:40:00+00:00,"4596 Bayer Expressway, West Damionstad, MN 13127-8726",67.0,2024,7,11
65858,47221,19539,1,61.0,2024-08-08 10:31:05+00:00,"16890 Tarah Land, Columbusport, NJ 94596-1842",61.0,2024,8,8
71580,45170,19473,2,21.0,2025-08-02 05:17:05+00:00,Unknown,42.0,2025,8,2
62821,45152,19234,1,27.0,2024-08-16 01:39:47+00:00,"2444 Carlene Fields, Paucekville, RI 04188-3154",27.0,2024,8,16
72752,44546,19253,1,38.0,2024-09-01 02:37:29+00:00,Unknown,38.0,2024,9,1
73681,46763,18984,2,18.99,2024-07-22 06:48:28+00:00,"186 Taylor Burgs, Lake Lindaborough, NH 31077",37.98,2024,7,22
68672,47201,18921,1,47.0,2024-12-18 14:37:55.141000+00:00,Unknown,47.0,2024,12,18
67229,45680,18918,2,66.0,2025-03-24 11:58:54.966000+00:00,Unknown,132.0,2025,3,24
72213,46565,19068,4,66.6,2024-07-03 02:18:11+00:00,Unknown,266.4,2024,7,3
64302,47552,18976,2,23.0,2024-07-05 06:48:29+00:00,Unknown,46.0,2024,7,5
65641,45377,19261,2,67.25,2025-02-05 15:57:11+00:00,Unknown,134.5,2025,2,5
72585,44363,19527,1,73.0,2024-08-15 02:00:00+00:00,"4656 Torp Viaduct, Cliffordside, MA 86136-4484",73.0,2024,8,15
66737,44638,19122,2,46.79,2024-04-06 00:49:10+00:00,"Suite 215 8882 Predovic Trafficway, Carlyshire, SC 29349-9768",93.58,2024,4,6
66471,46520,19361,1,45.3,2025-07-11 17:20:00+00:00,Unknown,45.3,2025,7,11
70408,44394,19248,1,55.0,2025-09-12 13:50:25+00:00,Unknown,55.0,2025,9,12
65358,44987,19525,1,78.0,2024-12-12 17:24:16+00:00,Unknown,78.0,2024,12,12
67125,45501,19307,3,30.9,2025-03-02 23:13:28+00:00,"Suite 427 86936 Thompson Mill, New Caseyborough, AZ 47884",92.7,2025,3,2
67420,45384,18879,1,69.0,2025-08-06 21:06:00+00:00,"40080 Koss Cove, Marindastad, LA 55721-7761",69.0,2025,8,6
70760,45059,19499,2,30.5,2024-12-18 10:00:36+00:00,"Apt. 781 39014 Dietrich Prairie, Edgardoton, UT 15287-1015",61.0,2024,12,18
69574,47079,18948,3,21.25,2024-11-19 02:34:06.536000+00:00,Unknown,63.75,2024,11,19
70458,46191,19006,2,56.39,2025-06-23 11:42:01+00:00,Unknown,112.78,2025,6,23
62873,44499,18929,1,49.0,2025-01-13 08:42:00+00:00,"Suite 935 99382 King Unions, Schuppetown, TN 87229",49.0,2025,1,13
71629,45102,19341,3,35.4,2025-07-06 09:30:47+00:00,"7320 Conrad Forest, Indiashire, MI 44467-7791",106.2,2025,7,6
65255,45663,19379,1,56.0,2025-03-06 04:24:28+00:00,"Suite 314 2178 Abdul Falls, Schultzview, SD 22536",56.0,2025,3,6
65574,45541,18900,1,78.0,2024-06-02 11:28:00+00:00,Unknown,78.0,2024,6,2
70055,47278,19321,1,54.0,2024-11-28 05:48:27+00:00,"53746 Corkery Mountains, Port Johnathonton, MN 51221-6332",54.0,2024,11,28
68821,46924,19111,1,31.99,2024-08-09 00:06:02+00:00,Unknown,31.99,2024,8,9
67610,44867,18875,1,46.25,2025-07-27 20:23:45+00:00,Unknown,46.25,2025,7,27
73741,47110,19049,1,64.5,2024-08-15 00:57:00+00:00,"831 Torp Spur, Jaskolskimouth, AR 59234",64.5,2024,8,15
72764,45836,19283,1,24.0,2025-06-01 09:29:59+00:00,Unknown,24.0,2025,6,1
70274,44933,19292,2,49.99,2024-11-27 08:34:34+00:00,"Apt. 873 21378 Shasta Pine, Darrellshire, ND 98827",99.98,2024,11,27
64322,46574,19260,1,87.6,2024-08-13 04:38:08+00:00,Unknown,87.6,2024,8,13
65477,45853,19544,1,41.0,2025-01-23 23:57:20+00:00,Unknown,41.0,2025,1,23
68270,45289,19084,2,59.4,2025-06-18 18:33:56+00:00,Unknown,118.8,2025,6,18
66462,44521,18873,2,83.4,2024-11-09 14:24:43+00:00,Unknown,166.8,2024,11,9
70519,46117,18910,1,46.5,2025-04-02 10:44:02+00:00,Unknown,46.5,2025,4,2
71540,46295,19034,1,48.5,2025-08-04 09:24:00+00:00,Unknown,48.5,2025,8,4
72493,47623,19136,1,58.8,2025-01-03 00:10:00+00:00,Unknown,58.8,2025,1,3
65626,47032,19119,1,60.5,2024-10-04 02:27:00+00:00,Unknown,60.5,2024,10,4
70485,47242,19437,2,36.0,2025-04-08 03:56:05+00:00,"824 Moore Skyway, North Riley, WA 40523",72.0,2025,4,8
68028,46055,18896,2,26.5,2024-10-18 09:28:00+00:00,Unknown,53.0,2024,10,18
68618,46669,19334,1,85.19,2024-07-19 14:57:00+00:00,Unknown,85.19,2024,7,19
69144,47249,19284,2,51.0,2024-12-21 04:48:33+00:00,"Suite 840 519 Herb Extension, New Stevie, UT 27933",102.0,2024,12,21
63646,47487,18889,1,76.75,2024-09-21 15:40:42+00:00,Unknown,76.75,2024,9,21
63670,45577,18976,1,27.75,2024-08-17 11:30:44+00:00,"Apt. 713 38311 Pollich Brook, East Korey, MT 33599",27.75,2024,8,17
68106,46207,19516,4,40.0,2024-03-11 03:17:09+00:00,"Apt. 923 79477 Walsh Forge, Schimmelchester, SD 31331",160.0,2024,3,11
73488,46794,18860,1,45.0,2024-04-02 20:32:08+00:00,Unknown,45.0,2024,4,2
73934,47048,19006,2,56.4,2024-10-31 04:57:42+00:00,Unknown,112.8,2024,10,31
67044,46099,18965,1,64.5,2024-09-18 21:05:00+00:00,Unknown,64.5,2024,9,18
71610,47126,18909,1,24.0,2024-06-03 04:36:00+00:00,Unknown,24.0,2024,6,3
71358,47112,19159,1,23.7,2025-05-01 19:34:05+00:00,"91023 Homenick Station, West Barryland, WV 79948-9542",23.7,2025,5,1
67844,46684,19234,1,25.5,2024-07-30 15:09:00+00:00,Unknown,25.5,2024,7,30
73671,44668,19153,1,54.0,2025-03-23 08:59:00+00:00,Unknown,54.0,2025,3,23
68546,44853,18963,1,56.5,2024-06-12 04:46:00+00:00,Unknown,56.5,2024,6,12
72411,44623,18886,1,65.75,2024-05-27 07:27:45+00:00,Unknown,65.75,2024,5,27
70580,44584,19187,1,73.8,2025-01-21 18:05:04+00:00,Unknown,73.8,2025,1,21
71509,45940,19080,1,52.0,2024-09-27 16:42:42+00:00,Unknown,52.0,2024,9,27
68709,47590,19042,1,27.5,2025-01-25 08:39:09+00:00,"Suite 425 83876 Jerold Square, Jimmyshire, ID 88544",27.5,2025,1,25
72799,45143,19013,1,55.19,2024-09-15 11:38:46+00:00,"4359 Pollich Mill, Lake Jenine, NV 39637",55.19,2024,9,15
73961,45988,19272,1,50.5,2025-06-02 21:34:00+00:00,Unknown,50.5,2025,6,2
65326,46382,18994,1,38.0,2024-05-13 10:15:26+00:00,Unknown,38.0,2024,5,13
64546,46215,19177,1,17.5,2025-02-24 16:01:35+00:00,"33433 Jessie Center, Port Vennie, RI 51667-5717",17.5,2025,2,24
64583,47005,19165,1,38.39,2025-02-04 07:56:49+00:00,Unknown,38.39,2025,2,4
73634,45531,19554,4,62.75,2024-12-23 07:50:43+00:00,Unknown,251.0,2024,12,23
65200,45749,18918,1,68.75,2025-03-09 19:39:00+00:00,Unknown,68.75,2025,3,9
71828,44344,19280,1,56.4,2024-09-17 11:25:44+00:00,Unknown,56.4,2024,9,17
69314,47254,19107,5,71.75,2024-02-24 01:52:09+00:00,Unknown,358.75,2024,2,24
64188,45199,19557,1,57.75,2024-11-07 13:40:00+00:00,Unknown,57.75,2024,11,7
73224,44356,18951,2,69.0,2024-12-31 23:17:26+00:00,Unknown,138.0,2024,12,31
71946,46778,19589,2,69.6,2024-06-17 17:00:00+00:00,Unknown,139.2,2024,6,17
71311,44625,19159,1,20.39,2025-01-27 12:16:00+00:00,Unknown,20.39,2025,1,27
71441,44906,18939,1,51.99,2024-11-14 03:24:29+00:00,Unknown,51.99,2024,11,14
67445,46924,19459,1,45.0,2024-12-26 11:30:00+00:00,Unknown,45.0,2024,12,26
66098,46424,19409,1,19.5,2024-08-18 09:22:31+00:00,Unknown,19.5,2024,8,18
72793,46657,19352,2,41.99,2024-12-16 23:05:36+00:00,Unknown,83.98,2024,12,16
68998,45750,18898,1,71.0,2024-08-17 06:45:13.342000+00:00,Unknown,71.0,2024,8,17
67535,44782,19131,1,60.0,2024-09-14 19:37:00+00:00,Unknown,60.0,2024,9,14
66587,44381,19410,1,46.0,2025-05-18 00:07:59+00:00,Unknown,46.0,2025,5,18
73194,46018,19087,1,53.75,2024-05-26 17:29:48+00:00,"5510 Collier Heights, Walshport, OH 26215-5707",53.75,2024,5,26
72198,44945,19484,1,50.5,2025-02-05 15:39:48+00:00,Unknown,50.5,2025,2,5
69108,44480,18865,1,44.0,2024-08-13 18:00:00+00:00,Unknown,44.0,2024,8,13
63505,45202,19091,2,29.7,2025-03-16 17:31:00+00:00,Unknown,59.4,2025,3,16
66052,46633,18876,1,19.0,2025-04-13 17:33:36+00:00,Unknown,19.0,2025,4,13
66129,47042,19237,2,67.5,2025-01-06 16:18:44+00:00,"Apt. 690 5926 Kip Crest, Zboncakport, KS 45297",135.0,2025,1,6
70957,45793,18999,1,58.8,2025-03-25 09:19:31.901000+00:00,"Apt. 238 3284 Murazik Islands, Minervaside, MN 23872-9593",58.8,2025,3,25
64341,45398,19573,1,34.99,2024-10-27 19:33:00+00:00,"Suite 149 675 Reynaldo Glens, West Aja, KY 41738-0725",34.99,2024,10,27
69675,45189,19482,1,26.25,2024-12-03 07:16:07.272000+00:00,Unknown,26.25,2024,12,3
70179,45766,19135,1,67.19,2024-11-16 22:57:00+00:00,Unknown,67.19,2024,11,16
72352,44767,19087,1,66.0,2024-08-25 18:40:39+00:00,Unknown,66.0,2024,8,25
68562,44653,19530,1,22.5,2025-11-03 01:50:50+00:00,Unknown,22.5,2025,11,3
64873,45509,18865,1,50.1,2025-01-17 10:11:45.299000+00:00,Unknown,50.1,2025,1,17
65712,47128,19012,1,43.0,2024-09-20 00:33:47+00:00,Unknown,43.0,2024,9,20
67286,46533,18843,5,22.79,2024-10-16 02:18:27+00:00,Unknown,113.95,2024,10,16
69406,47446,19356,4,60.6,2024-07-23 07:55:00+00:00,"814 Halvorson Pine, Kingview, MN 00138",242.4,2024,7,23
67248,45086,19065,1,28.2,2025-01-16 22:18:17+00:00,"706 Karma Circle, Port Olimpiaside, TX 77071-9060",28.2,2025,1,16
66963,47137,18991,1,65.4,2024-11-23 21:30:56+00:00,Unknown,65.4,2024,11,23
63368,47361,19063,1,48.5,2024-05-11 17:18:52.022000+00:00,"Apt. 993 84470 Garry Viaduct, South Clementeport, SC 99488",48.5,2024,5,11
68284,45929,19228,1,79.5,2025-06-17 15:10:00+00:00,"989 Tremblay Fort, East Analisa, NV 29063-8590",79.5,2025,6,17
63551,45986,19066,2,40.25,2024-09-13 06:38:19+00:00,"4327 Braun Rest, Wilburside, TN 09741",80.5,2024,9,13
70623,47205,19074,2,84.3,2024-11-05 15:48:07+00:00,Unknown,168.6,2024,11,5
72033,47187,19317,1,29.99,2024-12-14 06:47:31+00:00,"8104 Leland Point, New Nicholmouth, AK 69364-9724",29.99,2024,12,14
63449,47143,18871,3,56.5,2025-05-14 02:15:18.963000+00:00,Unknown,169.5,2025,5,14
70323,46343,19561,1,24.99,2024-12-09 17:08:40+00:00,Unknown,24.99,2024,12,9
64141,44807,19578,1,46.75,2024-12-24 14:19:13+00:00,Unknown,46.75,2024,12,24
72268,46124,19280,1,57.0,2024-12-15 02:51:09+00:00,Unknown,57.0,2024,12,15
63680,47222,19063,3,51.0,2025-04-09 01:51:41+00:00,Unknown,153.0,2025,4,9
64653,47393,19544,1,40.25,2024-12-21 17:42:24+00:00,"8315 Jessi Knolls, Bryceport, NM 75080-8781",40.25,2024,12,21
73509,45569,18963,1,57.0,2024-10-03 15:48:00+00:00,"654 Caroll Falls, Kristinamouth, NY 80623",57.0,2024,10,3
70805,46045,18866,1,24.9,2024-07-20 02:37:38+00:00,Unknown,24.9,2024,7,20
69248,46916,19359,1,60.0,2024-09-10 18:38:38+00:00,Unknown,60.0,2024,9,10
63749,45859,19140,1,65.75,2024-12-19 18:24:53+00:00,Unknown,65.75,2024,12,19
72148,46367,19395,2,44.75,2025-03-20 12:19:45+00:00,"24857 Philip Overpass, Stoltenbergmouth, MA 56161",89.5,2025,3,20
65038,44928,18991,1,58.99,2024-10-11 18:05:57+00:00,Unknown,58.99,2024,10,11
66692,46935,19569,1,67.0,2024-09-27 17:01:00+00:00,"5324 Pacocha Hill, Cheriseton, IN 14427-1229",67.0,2024,9,27
65959,46561,18893,5,51.75,2024-09-06 19:40:49+00:00,Unknown,258.75,2024,9,6
65447,46177,19102,1,73.2,2025-05-12 22:24:06+00:00,Unknown,73.2,2025,5,12
67579,46758,19490,1,57.9,2025-07-17 23:28:03.332000+00:00,Unknown,57.9,2025,7,17
72981,46320,19025,1,45.6,2025-03-17 03:42:00+00:00,"458 Bahringer Pass, Port Wesleyshire, WV 81773-4090",45.6,2025,3,17
68425,44412,19498,1,51.0,2025-01-03 03:24:24.641000+00:00,Unknown,51.0,2025,1,3
64406,44462,19212,1,54.5,2024-09-08 20:45:09+00:00,"Apt. 843 5485 Upton Port, Abshireberg, TX 03658",54.5,2024,9,8
67679,46239,19522,1,86.39,2025-03-04 12:16:05+00:00,Unknown,86.39,2025,3,4
71805,46263,19522,1,67.5,2024-05-22 04:10:52+00:00,Unknown,67.5,2024,5,22
73420,45403,19174,1,36.6,2025-03-04 12:37:00+00:00,"Suite 404 57659 Francis Parkways, Schinnerside, SC 75283",36.6,2025,3,4
66452,45829,18846,1,22.0,2025-07-01 11:35:00+00:00,Unknown,22.0,2025,7,1
68301,45380,19096,1,23.75,2024-06-25 23:59:00+00:00,Unknown,23.75,2024,6,25
69321,45498,19247,2,73.2,2025-07-14 11:20:00+00:00,Unknown,146.4,2025,7,14
64104,46640,19537,1,52.0,2025-02-07 05:39:03+00:00,Unknown,52.0,2025,2,7
70912,44341,19254,1,52.0,2025-06-06 15:11:00+00:00,Unknown,52.0,2025,6,6
72728,46939,19376,3,58.5,2024-11-24 23:49:02+00:00,Unknown,175.5,2024,11,24
63781,46402,19243,1,49.2,2024-11-06 04:08:00+00:00,Unknown,49.2,2024,11,6
67988,44445,19236,5,83.1,2025-05-06 19:06:00+00:00,Unknown,415.5,2025,5,6
66157,46298,19518,1,26.0,2024-10-11 15:20:00+00:00,Unknown,26.0,2024,10,11
70712,46753,19457,3,26.99,2024-08-29 19:36:00+00:00,"1001 Kris Path, Tiffaniemouth, KY 68291",80.97,2024,8,29
67602,46409,19584,1,38.0,2024-12-14 21:03:00+00:00,Unknown,38.0,2024,12,14
73412,46903,19091,1,23.0,2025-05-20 11:57:58+00:00,Unknown,23.0,2025,5,20
67437,46064,19402,1,29.0,2025-04-02 23:20:00+00:00,Unknown,29.0,2025,4,2
69968,45396,19153,2,71.7,2024-10-12 11:57:48+00:00,Unknown,143.4,2024,10,12
73855,46987,19126,1,31.2,2025-07-20 20:39:00+00:00,"6416 Kovacek Drive, Port Ahmad, KY 32337",31.2,2025,7,20
65342,45373,19523,1,32.5,2025-02-19 16:20:09+00:00,Unknown,32.5,2025,2,19
72671,46325,19299,2,34.2,2025-03-28 20:50:43+00:00,"5717 Dora Burg, Bostad, IN 20059",68.4,2025,3,28
68565,46547,18853,1,61.75,2024-10-24 08:21:20+00:00,Unknown,61.75,2024,10,24
64437,47540,18923,1,24.0,2025-04-03 14:56:00+00:00,Unknown,24.0,2025,4,3
63684,45088,18847,1,49.5,2025-07-02 15:46:11+00:00,Unknown,49.5,2025,7,2
71295,45214,19346,1,42.6,2024-11-29 21:20:12+00:00,Unknown,42.6,2024,11,29
71495,46559,18845,1,62.0,2024-05-25 11:17:51+00:00,Unknown,62.0,2024,5,25
69649,47123,19486,3,56.4,2024-12-09 23:56:31+00:00,Unknown,169.2,2024,12,9
67017,44366,19511,1,36.0,2024-10-19 10:25:28+00:00,Unknown,36.0,2024,10,19
67817,46494,18896,1,29.75,2024-11-06 23:38:00+00:00,Unknown,29.75,2024,11,6
68441,45575,19511,1,41.75,2024-12-04 20:54:00+00:00,"Suite 480 129 Trantow Rue, Osinskitown, NJ 35367-7129",41.75,2024,12,4
70907,45993,19014,1,20.99,2024-03-29 04:15:34+00:00,Unknown,20.99,2024,3,29
70675,45598,19400,1,34.99,2024-12-24 17:28:05+00:00,Unknown,34.99,2024,12,24
69268,46653,18929,1,47.5,2025-07-11 09:36:11+00:00,Unknown,47.5,2025,7,11
63245,46010,19033,3,33.6,2024-06-15 05:37:31+00:00,"Apt. 278 682 Yost Avenue, West Corrina, AZ 55572-5900",100.8,2024,6,15
71693,46051,18969,2,43.99,2024-05-09 21:42:17+00:00,"Apt. 520 42182 Darcie Mill, West Florida, IL 50940-4618",87.98,2024,5,9
67284,46124,19217,1,31.5,2024-10-03 14:46:00+00:00,"790 Nikolaus Bridge, South Billy, MN 35409",31.5,2024,10,3
66146,45956,19480,1,83.4,2024-11-22 06:57:14+00:00,Unknown,83.4,2024,11,22
69974,45255,19209,4,28.25,2025-01-01 21:26:00+00:00,Unknown,113.0,2025,1,1
69488,46582,18932,3,17.5,2025-04-20 10:19:23+00:00,Unknown,52.5,2025,4,20
63309,46419,19166,1,59.0,2025-01-17 21:25:00+00:00,"Suite 416 13142 Ryan Mountains, East Lon, GA 80437",59.0,2025,1,17
72261,45423,19461,2,69.0,2024-05-11 20:08:08+00:00,Unknown,138.0,2024,5,11
64195,46826,18881,3,29.0,2025-02-22 14:27:05+00:00,Unknown,87.0,2025,2,22
66681,44533,18917,2,71.99,2024-12-30 15:32:00+00:00,"Apt. 300 8604 Ashlyn Wells, Effertzstad, ID 02997",143.98,2024,12,30
64352,46667,19162,2,65.25,2024-11-29 08:39:57+00:00,Unknown,130.5,2024,11,29
65089,45638,18861,2,38.75,2025-01-16 03:45:58+00:00,Unknown,77.5,2025,1,16
62956,47347,18871,1,57.5,2024-08-16 00:05:58+00:00,Unknown,57.5,2024,8,16
66920,44619,19312,1,86.1,2024-10-09 17:48:01+00:00,"89205 Merrill Plaza, Boylestad, CA 44081-4285",86.1,2024,10,9
68971,45174,19111,1,29.5,2024-09-23 19:48:00+00:00,Unknown,29.5,2024,9,23
66383,44816,19135,1,67.8,2025-01-25 18:17:29+00:00,Unknown,67.8,2025,1,25
66567,44758,19094,1,59.1,2024-11-27 17:12:43+00:00,"915 Suzanna Prairie, South Ilaton, MD 75492-2602",59.1,2024,11,27
71391,46221,18874,1,56.25,2025-02-11 08:03:01+00:00,Unknown,56.25,2025,2,11
72921,46034,18985,1,55.25,2024-10-12 15:38:00+00:00,"Apt. 867 498 Ryan Unions, South Jenaehaven, NV 23464",55.25,2024,10,12
72257,46364,19186,1,29.99,2024-08-24 13:03:00+00:00,Unknown,29.99,2024,8,24
72569,45224,19422,1,31.0,2025-06-13 16:36:56+00:00,Unknown,31.0,2025,6,13
72386,46822,19087,1,57.5,2024-08-15 11:54:03+00:00,Unknown,57.5,2024,8,15
70457,46313,19073,1,75.5,2024-09-13 01:15:15+00:00,Unknown,75.5,2024,9,13
66120,46718,19191,2,27.0,2024-11-01 06:56:31+00:00,Unknown,54.0,2024,11,1
66025,47026,19211,2,49.5,2025-05-10 22:10:00+00:00,Unknown,99.0,2025,5,10
72353,47138,19331,2,31.5,2025-07-08 12:16:00+00:00,"Suite 300 104 Curt Trafficway, East Virginia, FL 74159",63.0,2025,7,8
64310,44939,19380,1,65.0,2024-04-01 21:43:10+00:00,"Suite 654 63220 Yael Ports, South Adriennetown, KS 09085",65.0,2024,4,1
63111,47481,19560,1,30.25,2025-04-06 01:11:50+00:00,"Apt. 832 4294 Javier Via, East Rolandhaven, GA 10385-9379",30.25,2025,4,6
66135,45980,19054,1,41.25,2025-05-07 03:31:19.252000+00:00,"78111 Howell Place, Christeneland, SD 26928-7706",41.25,2025,5,7
69408,44557,19130,1,26.75,2025-02-23 04:22:20+00:00,Unknown,26.75,2025,2,23
70657,47253,19354,1,43.5,2024-10-13 03:41:58+00:00,"38852 Ledner Streets, Port Oswaldo, ND 31586",43.5,2024,10,13
65150,45204,19332,1,41.5,2024-07-29 22:53:51+00:00,Unknown,41.5,2024,7,29
67896,45306,19416,3,64.5,2024-07-22 06:06:35+00:00,"17146 Tomasa Hollow, South Irvingmouth, CA 03388-7320",193.5,2024,7,22
67359,45784,19478,1,58.99,2024-09-10 11:14:00+00:00,Unknown,58.99,2024,9,10
66309,45710,19378,2,17.5,2024-07-03 16:24:50+00:00,Unknown,35.0,2024,7,3
66810,45991,19406,1,59.0,2025-02-17 10:56:15.285000+00:00,Unknown,59.0,2025,2,17
70418,46923,18993,1,66.99,2024-10-08 14:08:38+00:00,Unknown,66.99,2024,10,8
65001,46727,18990,1,48.0,2025-04-28 13:10:55+00:00,Unknown,48.0,2025,4,28
67475,46591,19337,1,73.5,2025-02-08 03:30:56+00:00,Unknown,73.5,2025,2,8
65796,45524,19587,1,33.5,2024-08-31 09:40:32+00:00,Unknown,33.5,2024,8,31
72335,45300,19430,1,69.0,2024-12-10 06:43:55+00:00,Unknown,69.0,2024,12,10
72759,45593,19281,1,45.6,2024-11-14 02:17:07+00:00,Unknown,45.6,2024,11,14
65442,45821,18993,1,63.0,2024-06-07 23:57:57+00:00,"Apt. 204 818 Wiegand Views, Madelynview, HI 00947-2220",63.0,2024,6,7
63115,46400,19216,1,63.0,2024-07-09 23:43:12+00:00,"61558 Ward Parkway, South Phillip, ID 02222",63.0,2024,7,9
65594,47518,19564,2,63.6,2024-09-21 16:54:44+00:00,Unknown,127.2,2024,9,21
66757,45306,19502,1,46.2,2025-01-30 13:02:02+00:00,Unknown,46.2,2025,1,30
64445,47213,19112,4,19.5,2025-04-26 12:34:47+00:00,Unknown,78.0,2025,4,26
66653,44646,19529,2,16.8,2024-12-08 20:12:00+00:00,Unknown,33.6,2024,12,8
72623,44740,18998,5,47.0,2025-01-25 05:26:00+00:00,Unknown,235.0,2025,1,25
63842,44904,19190,1,56.4,2025-04-08 12:24:54+00:00,Unknown,56.4,2025,4,8
67627,47244,18883,1,19.25,2025-04-14 18:52:26+00:00,Unknown,19.25,2025,4,14
68392,47325,19151,1,40.75,2025-05-10 12:06:03+00:00,Unknown,40.75,2025,5,10
70954,45838,19042,1,33.9,2024-08-22 05:15:00+00:00,Unknown,33.9,2024,8,22
63674,46274,19293,1,28.75,2025-04-03 20:49:04+00:00,"40690 Edward Pike, New Evan, MS 91603",28.75,2025,4,3
63565,46520,19303,1,72.9,2024-11-23 15:09:06+00:00,"6742 Lebsack Coves, Jacobsshire, MT 03772-2766",72.9,2024,11,23
72703,44620,19309,1,65.99,2024-08-17 22:02:30.094000+00:00,Unknown,65.99,2024,8,17
65386,46092,19013,1,49.0,2025-01-04 02:55:22+00:00,Unknown,49.0,2025,1,4
66164,46796,19551,1,30.5,2024-08-19 07:11:46.477000+00:00,"Apt. 893 82842 Dick Manor, New Rickyhaven, ND 01935-3378",30.5,2024,8,19
67550,45390,19392,1,51.5,2024-11-09 23:17:00+00:00,"580 Ismael Locks, South Erniehaven, IL 12205-6192",51.5,2024,11,9
69650,47221,18856,1,45.0,2025-04-05 00:54:00+00:00,Unknown,45.0,2025,4,5
72376,46061,19549,1,36.0,2024-09-14 12:54:52+00:00,Unknown,36.0,2024,9,14
65376,46129,18892,1,28.0,2025-03-06 10:17:16.792000+00:00,Unknown,28.0,2025,3,6
67381,45584,19150,3,40.5,2025-01-10 14:34:00+00:00,Unknown,121.5,2025,1,10
73159,44499,19368,1,40.79,2024-08-09 08:16:00+00:00,Unknown,40.79,2024,8,9
71745,44535,18868,1,24.0,2025-07-19 00:18:04+00:00,Unknown,24.0,2025,7,19
69192,44336,19443,1,29.7,2025-04-28 23:32:38+00:00,Unknown,29.7,2025,4,28
67804,46409,18929,2,58.2,2025-01-14 07:53:56+00:00,Unknown,116.4,2025,1,14
64508,45767,18990,2,45.5,2025-03-04 22:54:41+00:00,Unknown,91.0,2025,3,4
67281,47581,19321,2,45.0,2025-01-17 02:45:00+00:00,"Apt. 730 71997 Bong Views, Port Haywood, MT 28637",90.0,2025,1,17
65106,45110,19273,1,45.0,2025-03-08 09:02:38+00:00,Unknown,45.0,2025,3,8
63533,44656,19418,1,54.0,2025-01-19 21:12:46+00:00,Unknown,54.0,2025,1,19
66909,46682,19203,1,58.0,2025-07-23 01:34:05+00:00,"Suite 244 62810 Mariel Plaza, New Antoniastad, CA 30910-3024",58.0,2025,7,23
66145,45819,19476,2,22.5,2025-07-08 20:20:26+00:00,Unknown,45.0,2025,7,8
64607,46627,19498,1,63.59,2025-01-15 10:08:49+00:00,Unknown,63.59,2025,1,15
73218,45549,19280,2,44.0,2024-01-30 18:17:26+00:00,Unknown,88.0,2024,1,30
68073,46615,19219,1,31.2,2025-06-10 20:55:56+00:00,"4876 Champlin Knoll, Thompsonborough, FL 61472-7088",31.2,2025,6,10
65957,44999,19298,1,62.0,2025-03-11 00:01:35+00:00,Unknown,62.0,2025,3,11
69911,45167,19492,3,58.2,2024-11-24 20:08:26+00:00,Unknown,174.6,2024,11,24
68995,44881,19414,1,56.5,2024-09-01 00:16:59+00:00,"5400 Rolfson Summit, Weissnatton, MO 35987-0783",56.5,2024,9,1
73300,46095,19394,2,16.0,2024-09-18 01:52:57+00:00,Unknown,32.0,2024,9,18
70999,45840,19446,1,50.25,2025-06-16 09:04:07+00:00,Unknown,50.25,2025,6,16
65428,45974,19118,1,73.75,2025-05-12 05:22:00+00:00,Unknown,73.75,2025,5,12
63724,45619,19486,1,48.0,2025-05-21 15:17:05+00:00,"Suite 903 4736 Min Valleys, East Yukiko, KS 79523-0850",48.0,2025,5,21
67182,46698,19263,1,29.0,2024-10-18 19:19:00+00:00,Unknown,29.0,2024,10,18
64371,45785,18924,1,25.5,2025-06-10 22:39:00+00:00,Unknown,25.5,2025,6,10
69922,45431,19416,1,80.39,2024-08-14 06:41:52+00:00,Unknown,80.39,2024,8,14
66367,47032,19101,1,73.0,2025-04-09 00:35:35+00:00,Unknown,73.0,2025,4,9
67120,47526,19380,1,81.59,2025-01-11 06:17:58+00:00,"4043 Brekke Stream, Erdmanport, HI 73124-4755",81.59,2025,1,11
64767,46619,18937,4,78.0,2024-12-23 19:19:42+00:00,"5843 Rosette Locks, Parkermouth, MD 93442",312.0,2024,12,23
65747,46385,18901,3,72.0,2024-07-13 23:18:59+00:00,Unknown,216.0,2024,7,13
65220,45841,19554,1,59.5,2025-01-29 02:29:44+00:00,"5909 Hills Glen, Jacquilinehaven, NC 35891-0601",59.5,2025,1,29
68683,45715,19572,1,16.75,2025-01-17 08:08:06+00:00,Unknown,16.75,2025,1,17
63327,46307,19394,1,16.99,2025-06-19 00:30:43+00:00,Unknown,16.99,2025,6,19
73899,45977,19466,2,20.5,2024-07-21 13:22:00+00:00,Unknown,41.0,2024,7,21
72821,46292,19142,2,38.25,2025-06-28 12:39:15+00:00,Unknown,76.5,2025,6,28
68018,46364,18987,1,64.0,2024-08-10 06:37:45+00:00,Unknown,64.0,2024,8,10
68161,47211,19427,1,39.0,2025-01-03 20:54:30.372000+00:00,Unknown,39.0,2025,1,3
70128,46079,19117,2,42.9,2024-10-03 13:41:06+00:00,Unknown,85.8,2024,10,3
66053,45822,19186,1,30.75,2024-08-09 21:17:46+00:00,"Suite 370 74484 Greenfelder Cape, Nieshashire, NH 36183",30.75,2024,8,9
71075,47303,19373,1,52.0,2025-02-17 23:32:49+00:00,Unknown,52.0,2025,2,17
73697,45785,19534,5,38.5,2024-11-01 18:22:47+00:00,"Suite 114 360 Lucretia Field, West Janella, MS 47232",192.5,2024,11,1
62791,45087,19248,1,70.8,2025-01-19 19:45:57+00:00,Unknown,70.8,2025,1,19
64731,44668,18909,4,31.19,2024-11-24 12:37:22+00:00,Unknown,124.76,2024,11,24
63964,44721,19106,3,53.7,2024-10-30 02:37:51+00:00,Unknown,161.1,2024,10,30
66656,44853,19363,1,23.25,2025-08-27 11:16:00+00:00,Unknown,23.25,2025,8,27
65569,46771,19560,1,31.5,2024-11-22 20:21:39+00:00,Unknown,31.5,2024,11,22
67134,46389,18904,1,43.8,2024-12-17 03:28:45+00:00,Unknown,43.8,2024,12,17
63536,46335,19055,1,15.0,2025-02-23 12:04:59+00:00,Unknown,15.0,2025,2,23
66012,46154,19430,2,66.3,2025-04-08 15:27:24+00:00,Unknown,132.6,2025,4,8
72165,47232,19005,1,39.75,2024-08-07 04:27:41+00:00,"Suite 186 4127 Heller Expressway, Port Johnsiemouth, MD 12394",39.75,2024,8,7
66201,47390,19488,2,87.6,2024-11-23 10:10:51+00:00,Unknown,175.2,2024,11,23
66863,46695,19095,5,59.5,2024-09-11 00:15:00+00:00,Unknown,297.5,2024,9,11
63413,45853,19536,2,78.6,2025-07-22 06:34:52+00:00,Unknown,157.2,2025,7,22
70440,46776,19163,1,15.5,2025-03-19 17:01:06+00:00,"Apt. 368 608 Emmerich Mountain, Lake Dariofurt, OK 20563-5232",15.5,2025,3,19
63452,46819,18999,1,52.25,2024-03-05 23:48:10+00:00,Unknown,52.25,2024,3,5
63851,47267,19377,1,50.25,2024-08-18 16:54:34+00:00,Unknown,50.25,2024,8,18
64721,45244,19207,2,67.19,2025-04-11 09:29:01+00:00,Unknown,134.38,2025,4,11
65815,47305,18917,1,66.75,2024-10-31 09:45:35+00:00,Unknown,66.75,2024,10,31
72186,47390,19431,1,36.9,2025-02-27 03:51:19+00:00,Unknown,36.9,2025,2,27
71801,44558,18858,2,13.5,2025-07-08 13:10:38.821000+00:00,Unknown,27.0,2025,7,8
63886,44949,18856,3,47.99,2024-09-10 23:41:18+00:00,"Suite 631 6352 Tyler Freeway, Crooksfurt, DE 98352",143.97,2024,9,10
70803,46932,19352,1,31.75,2024-05-12 23:59:15.726000+00:00,Unknown,31.75,2024,5,12
69104,44829,19000,1,73.5,2024-12-03 19:09:58+00:00,Unknown,73.5,2024,12,3
63839,44485,19465,1,54.6,2024-03-18 15:48:00+00:00,Unknown,54.6,2024,3,18
69500,44891,19489,1,46.5,2025-04-08 23:57:00+00:00,Unknown,46.5,2025,4,8
63664,45472,18878,2,46.2,2024-12-22 23:04:00+00:00,"1622 Loren Motorway, Latashaview, TN 02018-3597",92.4,2024,12,22
72248,45208,19119,1,75.0,2025-04-01 10:12:00+00:00,Unknown,75.0,2025,4,1
71021,47296,19021,1,41.99,2024-05-01 10:40:39+00:00,Unknown,41.99,2024,5,1
66925,45303,19242,1,51.99,2025-04-10 03:38:23+00:00,Unknown,51.99,2025,4,10
72077,47226,19044,4,71.1,2024-12-27 18:27:44+00:00,Unknown,284.4,2024,12,27
64277,44502,18879,2,66.5,2024-10-05 03:12:00+00:00,Unknown,133.0,2024,10,5
69882,47356,19560,2,26.25,2024-09-03 15:25:35+00:00,Unknown,52.5,2024,9,3
72627,46216,19392,1,46.0,2024-04-30 17:39:00+00:00,"Suite 501 415 Maybelle Extension, East Jordanburgh, IN 84433-1270",46.0,2024,4,30
70399,47178,19103,1,31.0,2025-02-10 01:08:00+00:00,"6111 Krajcik Avenue, Jessietown, IL 61465-0515",31.0,2025,2,10
69342,46377,19154,1,75.0,2024-06-30 20:30:27+00:00,Unknown,75.0,2024,6,30
66032,46015,19581,3,26.25,2025-03-10 04:25:26+00:00,Unknown,78.75,2025,3,10
64952,46531,19551,1,27.0,2024-11-20 21:29:59+00:00,"Apt. 264 3599 Balistreri Turnpike, West Luigistad, MT 75332",27.0,2024,11,20
63966,47079,19038,1,58.75,2025-03-08 14:30:00+00:00,"Suite 264 240 Gislason Garden, North Alysia, NE 59950-1034",58.75,2025,3,8
73098,45157,19068,2,60.6,2024-07-16 12:10:13+00:00,Unknown,121.2,2024,7,16
73721,46854,19236,1,65.5,2025-01-13 18:50:00+00:00,Unknown,65.5,2025,1,13
65614,47136,19457,1,33.3,2024-11-05 06:19:45+00:00,"737 Necole Stravenue, Port Francis, NC 35079",33.3,2024,11,5
64450,46946,19551,1,29.0,2025-07-19 23:25:27+00:00,Unknown,29.0,2025,7,19
71997,47020,19239,1,71.5,2025-02-08 16:54:50+00:00,Unknown,71.5,2025,2,8
64197,47621,19295,1,46.79,2025-03-29 06:51:25+00:00,Unknown,46.79,2025,3,29
71081,47225,19577,1,74.75,2024-09-15 13:48:15+00:00,"8984 Tromp Knoll, Rickiemouth, LA 47924",74.75,2024,9,15
72945,47519,19240,1,81.3,2024-09-28 13:46:07+00:00,"17973 Waters Tunnel, New Christoper, MD 23375",81.3,2024,9,28
65564,47361,19388,2,54.75,2024-09-05 21:29:41+00:00,Unknown,109.5,2024,9,5
73578,44967,19255,1,45.25,2024-11-24 03:28:49+00:00,Unknown,45.25,2024,11,24
63805,45327,19320,1,25.5,2024-10-26 16:17:40+00:00,Unknown,25.5,2024,10,26
71936,46314,19095,1,61.99,2024-05-04 13:43:00+00:00,"Suite 277 5242 Blick Glens, New Breanaton, HI 59699-1995",61.99,2024,5,4
63224,47495,19364,1,63.0,2025-01-05 09:27:16+00:00,Unknown,63.0,2025,1,5
64529,44349,18958,1,15.0,2024-12-11 04:38:31+00:00,Unknown,15.0,2024,12,11
72197,45401,19175,1,37.0,2024-12-01 23:30:57+00:00,Unknown,37.0,2024,12,1
64980,47568,18926,2,37.25,2025-07-10 22:41:14.635000+00:00,Unknown,74.5,2025,7,10
65548,45609,19490,2,52.25,2024-11-08 13:54:53+00:00,Unknown,104.5,2024,11,8
67893,45354,19563,2,66.25,2025-01-27 08:57:00+00:00,"Suite 431 977 Dibbert Dam, West Cathiefort, MS 00891",132.5,2025,1,27
73211,44389,19016,1,61.19,2025-05-05 09:56:16+00:00,Unknown,61.19,2025,5,5
65550,46103,19221,1,56.0,2024-12-20 03:50:28+00:00,Unknown,56.0,2024,12,20
62877,44942,19368,1,38.7,2024-09-12 07:19:49.670000+00:00,"49530 Charise Groves, Danielshire, IL 03733-3851",38.7,2024,9,12
70093,47475,19033,2,29.99,2024-08-21 15:34:36+00:00,"3126 Block Plain, O'Reillyberg, NV 31671",59.98,2024,8,21
69751,46102,19171,1,51.0,2024-10-09 06:11:33+00:00,Unknown,51.0,2024,10,9
63351,45376,19395,1,45.0,2024-08-23 20:25:20+00:00,"Suite 381 25720 Zack Common, Deaneton, MO 78443",45.0,2024,8,23
72904,45814,18965,1,79.2,2024-11-08 04:57:00+00:00,Unknown,79.2,2024,11,8
69095,46498,19104,1,59.99,2024-07-03 03:49:00+00:00,"27323 Young Club, New Teofilastad, PA 01531",59.99,2024,7,3
65649,46744,19510,2,19.5,2024-12-29 03:58:21+00:00,Unknown,39.0,2024,12,29
67442,47452,19217,1,33.0,2024-10-15 02:51:00+00:00,Unknown,33.0,2024,10,15
67989,45188,19529,1,22.8,2025-02-20 16:00:38+00:00,"1128 Hettinger Ports, West Arlen, VT 99269",22.8,2025,2,20
64732,44851,19345,1,59.75,2024-08-29 21:04:25.240000+00:00,Unknown,59.75,2024,8,29
73508,45551,19048,1,33.75,2025-02-13 18:20:04+00:00,Unknown,33.75,2025,2,13
72179,45698,19253,1,37.25,2024-12-02 05:50:17+00:00,Unknown,37.25,2024,12,2
72010,46955,19387,1,65.5,2024-11-06 13:12:25+00:00,Unknown,65.5,2024,11,6
63010,44378,18932,1,22.8,2024-08-31 12:42:59+00:00,Unknown,22.8,2024,8,31
64242,47455,18975,1,62.4,2025-04-12 20:17:52+00:00,"2720 Elvin Mountains, Irvingfort, NH 52171",62.4,2025,4,12
72551,46222,19178,1,40.8,2025-02-23 08:32:00+00:00,"26903 Noble Ridge, Wunschfurt, UT 47641-4942",40.8,2025,2,23
62767,47221,19493,1,69.5,2025-02-28 01:49:15+00:00,"16890 Tarah Land, Columbusport, NJ 94596-1842",69.5,2025,2,28
67027,45674,19147,1,27.5,2025-02-07 20:46:07+00:00,"99047 Veum Stream, Lake Freemanburgh, ND 89022-6695",27.5,2025,2,7
66928,46725,19219,1,29.25,2024-09-28 16:36:00+00:00,Unknown,29.25,2024,9,28
72897,47097,19394,2,24.6,2024-03-27 18:30:00+00:00,Unknown,49.2,2024,3,27
65851,47349,19405,5,51.5,2025-04-11 14:01:20+00:00,Unknown,257.5,2025,4,11
72319,44801,19385,2,17.5,2024-06-15 03:18:00+00:00,"408 Noreen Centers, South Johnson, WI 25627-8844",35.0,2024,6,15
72302,45229,19139,1,56.0,2024-11-27 15:53:10+00:00,Unknown,56.0,2024,11,27
71013,46834,18996,1,59.4,2025-07-02 20:47:00+00:00,Unknown,59.4,2025,7,2
68047,44819,19228,5,67.25,2024-11-28 08:27:07+00:00,Unknown,336.25,2024,11,28
71553,45543,19038,3,58.25,2025-07-14 08:10:00+00:00,Unknown,174.75,2025,7,14
69280,46224,19140,3,65.0,2024-11-13 17:14:39+00:00,Unknown,195.0,2024,11,13
63172,45845,19164,1,42.0,2024-07-21 12:28:00+00:00,"220 Jacobi Path, Port Angelicastad, TX 47631-5876",42.0,2024,7,21
72938,45157,18958,1,12.5,2025-03-14 14:46:00+00:00,"838 Janie Harbor, Batzland, DE 72311-0457",12.5,2025,3,14
71464,46881,18987,1,62.5,2025-03-31 23:47:37.193000+00:00,"Suite 117 32335 Michel Rest, West Denita, DE 80801",62.5,2025,3,31
68150,45324,19185,2,54.0,2024-08-29 07:35:00+00:00,Unknown,108.0,2024,8,29
68657,44887,19002,2,28.2,2025-04-27 02:31:08+00:00,Unknown,56.4,2025,4,27
67063,44882,19317,2,27.6,2024-09-18 16:52:18+00:00,Unknown,55.2,2024,9,18
65785,45635,19335,1,14.5,2024-10-12 15:47:34+00:00,Unknown,14.5,2024,10,12
66492,47585,18913,2,42.5,2025-05-30 02:12:00+00:00,Unknown,85.0,2025,5,30
73808,45596,19504,1,76.79,2025-01-15 16:07:21.997000+00:00,Unknown,76.79,2025,1,15
65226,46482,19341,1,39.6,2025-08-12 04:19:17+00:00,Unknown,39.6,2025,8,12
66971,47154,19385,1,18.0,2025-05-11 02:13:35.344000+00:00,"76172 Heriberto Islands, Mraztown, IA 60277-8330",18.0,2025,5,11
73050,44645,19192,1,57.0,2024-10-12 10:39:53+00:00,Unknown,57.0,2024,10,12
65923,44590,19365,1,65.0,2024-11-18 17:48:12+00:00,"Apt. 450 4614 Garnett Ville, North Augustine, NH 68100-1288",65.0,2024,11,18
68483,47319,18890,1,72.5,2025-05-28 19:47:00+00:00,Unknown,72.5,2025,5,28
70877,46253,19512,3,51.6,2025-03-13 19:11:43+00:00,"341 Hermann Green, Lekishatown, WV 59694",154.8,2025,3,13
72362,46858,19207,2,57.5,2024-04-19 12:05:00+00:00,Unknown,115.0,2024,4,19
72015,44836,18842,1,75.3,2024-06-10 18:24:00+00:00,Unknown,75.3,2024,6,10
68115,44810,19524,1,59.4,2024-11-19 23:19:06+00:00,Unknown,59.4,2024,11,19
64262,45520,19262,1,80.4,2025-01-24 02:21:46+00:00,"Suite 293 8255 Kevin Inlet, West Moses, PA 66211",80.4,2025,1,24
71942,46922,19346,1,35.25,2024-09-14 23:19:05+00:00,Unknown,35.25,2024,9,14
72720,44851,19259,3,68.39,2024-10-04 11:08:00+00:00,Unknown,205.17,2024,10,4
65157,47168,19422,1,29.5,2024-03-02 08:13:37+00:00,Unknown,29.5,2024,3,2
67018,45931,19245,1,72.75,2025-01-04 01:29:00+00:00,Unknown,72.75,2025,1,4
62844,44597,18918,1,67.0,2025-04-06 19:16:00+00:00,"Suite 469 760 Wuckert Trail, Colinview, AZ 63814",67.0,2025,4,6
63558,44849,19411,1,43.0,2024-11-07 02:54:00+00:00,"Suite 356 7471 Delmar Meadow, West Odell, MS 54384",43.0,2024,11,7
68390,45537,19199,1,17.0,2025-04-16 01:42:00+00:00,Unknown,17.0,2025,4,16
69200,45539,19177,1,18.99,2025-01-26 04:54:29+00:00,"3433 Rex Walks, Ondrickaberg, WV 15765",18.99,2025,1,26
63768,46588,19064,1,60.99,2024-07-22 05:48:00+00:00,Unknown,60.99,2024,7,22
69936,45612,19138,1,30.25,2024-08-29 13:16:00+00:00,Unknown,30.25,2024,8,29
64366,46900,19073,4,91.8,2025-03-23 13:35:11+00:00,Unknown,367.2,2025,3,23
70450,47205,18926,1,33.0,2024-07-02 13:07:12+00:00,Unknown,33.0,2024,7,2
67455,44413,19192,1,70.79,2024-09-16 22:33:00+00:00,Unknown,70.79,2024,9,16
64700,47564,18864,1,68.25,2024-11-01 13:44:56+00:00,Unknown,68.25,2024,11,1
68487,46242,19457,1,32.1,2024-05-25 03:24:10+00:00,Unknown,32.1,2024,5,25
68366,46326,19216,1,66.25,2025-01-14 18:04:00+00:00,"1393 Mitchell Circles, New Karltown, KY 84522-1633",66.25,2025,1,14
72626,45825,18914,1,55.2,2025-01-08 01:26:20+00:00,Unknown,55.2,2025,1,8
64318,44496,19256,1,76.5,2025-03-11 12:50:00+00:00,Unknown,76.5,2025,3,11
63754,45744,19318,1,27.6,2024-10-04 15:55:00+00:00,Unknown,27.6,2024,10,4
63530,46743,19504,1,63.0,2024-10-11 07:01:25+00:00,"94928 Bertram Dale, Tromptown, AL 17604-2116",63.0,2024,10,11
64448,45141,19330,1,73.8,2024-12-08 00:46:33+00:00,"97464 Kuvalis Plains, Shakirafurt, CO 49336",73.8,2024,12,8
71593,46309,19322,2,69.0,2024-05-20 00:43:25+00:00,Unknown,138.0,2024,5,20
65512,46567,19039,4,47.0,2024-11-27 18:04:26+00:00,"Suite 347 170 Jerome Harbor, Lake Lincolnfurt, MT 43155-0060",188.0,2024,11,27
67860,45521,18894,1,24.0,2024-06-24 19:53:00+00:00,Unknown,24.0,2024,6,24
69057,45310,18908,1,48.5,2024-08-30 23:47:00.854000+00:00,"Apt. 379 49052 Kunze Prairie, Bodeshire, KY 30773-2218",48.5,2024,8,30
70799,47063,18872,1,39.0,2024-09-21 15:21:47+00:00,Unknown,39.0,2024,9,21
67889,46524,18876,1,19.0,2024-11-23 18:59:21+00:00,"381 Skiles Haven, New Gregoryside, GA 57901-5073",19.0,2024,11,23
64964,44524,19105,1,33.99,2024-12-14 04:06:32+00:00,Unknown,33.99,2024,12,14
69465,45583,19416,1,63.5,2024-03-26 22:13:36.030000+00:00,Unknown,63.5,2024,3,26
69821,46971,19469,2,39.0,2024-05-24 17:21:50+00:00,Unknown,78.0,2024,5,24
65425,44726,19149,1,25.5,2024-08-22 04:15:07+00:00,"8935 Kutch Drive, Zboncakberg, OR 97329",25.5,2024,8,22
68359,44919,19294,2,51.5,2024-11-10 01:38:00+00:00,Unknown,103.0,2024,11,10
69258,45189,18886,1,82.8,2025-05-24 21:02:37+00:00,"Apt. 701 715 Koss Bridge, Nienowshire, NC 43422-2799",82.8,2025,5,24
72757,45314,19453,1,29.0,2025-04-27 17:01:10+00:00,Unknown,29.0,2025,4,27
66136,47531,18855,1,28.75,2024-11-25 21:49:49+00:00,Unknown,28.75,2024,11,25
70807,45195,18950,1,56.1,2024-12-26 13:01:00+00:00,Unknown,56.1,2024,12,26
64769,46782,19248,2,68.1,2025-02-04 07:18:57+00:00,Unknown,136.2,2025,2,4
68625,44588,19377,1,59.99,2024-10-12 20:02:58+00:00,Unknown,59.99,2024,10,12
73415,46679,19380,1,66.5,2025-01-12 22:22:18+00:00,Unknown,66.5,2025,1,12
64745,45985,19359,5,46.0,2025-03-07 23:20:03+00:00,Unknown,230.0,2025,3,7
73565,47200,19542,1,60.0,2025-01-01 16:26:53+00:00,Unknown,60.0,2025,1,1
73826,44576,19237,1,64.0,2025-01-01 20:56:43+00:00,Unknown,64.0,2025,1,1
65173,44750,18991,1,54.5,2024-09-07 20:42:00+00:00,Unknown,54.5,2024,9,7
68687,46220,18983,4,33.5,2024-12-22 04:48:19+00:00,Unknown,134.0,2024,12,22
72442,46150,19364,4,63.0,2025-01-12 02:30:11+00:00,Unknown,252.0,2025,1,12
66423,45824,18964,1,48.75,2024-09-12 23:44:44+00:00,Unknown,48.75,2024,9,12
67915,45595,19119,1,61.75,2024-11-07 23:57:03+00:00,Unknown,61.75,2024,11,7
69966,46097,19350,1,26.0,2024-09-20 18:09:43+00:00,"Apt. 191 311 Reilly Drive, North Loyd, AZ 53804-8942",26.0,2024,9,20
72233,47276,19220,4,72.6,2024-06-04 12:54:00+00:00,Unknown,290.4,2024,6,4
73957,44608,19484,1,59.99,2024-10-06 10:36:33+00:00,Unknown,59.99,2024,10,6
71618,46817,19084,1,52.75,2024-10-23 23:35:05+00:00,"Apt. 377 767 Vasiliki Ports, Port Jasmine, WY 70321",52.75,2024,10,23
73767,45731,18861,4,42.6,2025-01-13 07:23:28+00:00,Unknown,170.4,2025,1,13
70528,45067,18869,1,29.4,2024-07-29 23:11:28+00:00,Unknown,29.4,2024,7,29
72516,46978,19264,1,75.0,2025-05-22 19:18:39.398000+00:00,Unknown,75.0,2025,5,22
69007,46863,19289,1,37.2,2025-04-01 13:12:00+00:00,Unknown,37.2,2025,4,1
66691,44825,19216,1,66.99,2024-12-11 17:10:58+00:00,Unknown,66.99,2024,12,11
66197,46856,19412,1,29.75,2025-08-13 10:09:09+00:00,Unknown,29.75,2025,8,13
67969,45672,18981,3,81.6,2025-02-13 13:03:00+00:00,"144 Ilene Crescent, Marcelinefort, IN 90917",244.8,2025,2,13
68531,46173,19561,1,26.99,2025-03-16 15:04:32+00:00,Unknown,26.99,2025,3,16
64491,47112,19384,1,22.75,2024-06-04 22:42:18+00:00,Unknown,22.75,2024,6,4
68440,44926,18912,1,72.3,2024-12-17 16:01:17+00:00,"Apt. 496 5891 Brant Place, Herzogburgh, CA 93315-6088",72.3,2024,12,17
70678,46771,19013,3,58.2,2025-10-13 11:56:09+00:00,"Apt. 108 642 Georgina Ways, West Antoniaberg, CT 23981",174.6,2025,10,13
69669,46090,19003,1,45.9,2024-09-05 13:23:37+00:00,Unknown,45.9,2024,9,5
69786,47479,19116,1,16.0,2025-04-02 11:51:00+00:00,Unknown,16.0,2025,4,2
63854,45558,19403,1,51.0,2025-03-16 13:58:00+00:00,Unknown,51.0,2025,3,16
63987,45589,19336,1,47.5,2025-06-16 07:43:00+00:00,"9269 Renaldo Street, Watsicaville, IN 44027",47.5,2025,6,16
63977,45179,19103,1,42.0,2025-05-07 10:53:53+00:00,"Suite 541 5710 Chance Ramp, Jaimeetown, CO 60182",42.0,2025,5,7
69030,46467,18964,1,48.0,2024-11-17 23:49:38+00:00,Unknown,48.0,2024,11,17
63614,45541,19033,2,28.5,2024-08-01 22:54:00+00:00,Unknown,57.0,2024,8,1
73773,46632,19127,1,58.0,2024-06-09 20:18:00+00:00,Unknown,58.0,2024,6,9
73725,45563,19138,1,30.5,2025-05-26 18:22:32+00:00,"Apt. 644 67518 Lueilwitz Greens, Imogeneside, MN 00927",30.5,2025,5,26
64599,45385,19193,1,17.99,2025-06-01 16:13:52+00:00,Unknown,17.99,2025,6,1
70134,46929,19414,1,59.0,2024-09-13 00:15:00+00:00,Unknown,59.0,2024,9,13
65123,44552,19355,2,40.0,2025-02-04 01:27:10+00:00,Unknown,80.0,2025,2,4
68313,44980,19258,1,67.75,2024-10-11 21:30:00+00:00,Unknown,67.75,2024,10,11
65905,47099,18982,4,61.0,2025-03-05 17:29:00+00:00,Unknown,244.0,2025,3,5
67751,45458,19164,1,43.8,2025-04-30 03:23:37+00:00,Unknown,43.8,2025,4,30
72373,44658,19024,1,60.0,2024-04-06 20:28:55+00:00,Unknown,60.0,2024,4,6
72529,45508,19026,1,18.5,2024-10-24 11:18:18+00:00,Unknown,18.5,2024,10,24
69337,45864,19393,2,20.0,2024-12-13 18:03:00+00:00,Unknown,40.0,2024,12,13
64526,45860,19351,3,25.99,2025-05-08 05:03:00+00:00,Unknown,77.97,2025,5,8
70751,44978,19378,2,16.99,2024-02-17 07:40:11+00:00,Unknown,33.98,2024,2,17
71364,46127,18933,1,51.59,2025-01-17 08:30:58+00:00,Unknown,51.59,2025,1,17
64324,47063,19220,1,71.99,2024-09-27 05:16:00+00:00,Unknown,71.99,2024,9,27
68721,45169,19139,1,61.5,2025-05-12 11:11:05.640000+00:00,Unknown,61.5,2025,5,12
67201,46918,19356,1,52.0,2025-05-16 01:09:00+00:00,Unknown,52.0,2025,5,16
73772,44403,18894,3,19.5,2025-04-04 17:40:00+00:00,Unknown,58.5,2025,4,4
64628,46871,19236,1,66.75,2024-11-01 11:48:18+00:00,Unknown,66.75,2024,11,1
65920,47043,19129,4,29.99,2025-01-25 22:34:00+00:00,Unknown,119.96,2025,1,25
63439,46884,19210,1,46.2,2025-02-10 14:01:00+00:00,Unknown,46.2,2025,2,10
67864,44682,19511,1,43.8,2025-03-30 06:38:14+00:00,Unknown,43.8,2025,3,30
72135,44893,19011,1,53.75,2024-07-04 06:36:00+00:00,Unknown,53.75,2024,7,4
72354,45205,19211,1,58.8,2024-08-31 07:42:11+00:00,"1401 Wally Unions, Krajcikbury, ID 28333",58.8,2024,8,31
63585,45309,18989,1,42.0,2024-11-28 00:53:00+00:00,Unknown,42.0,2024,11,28
64251,47614,19117,5,34.25,2024-08-21 16:55:00+00:00,"27173 Glover Tunnel, Williemaeview, WI 92321",171.25,2024,8,21
69768,45706,19075,1,55.5,2024-08-22 20:00:40+00:00,"3000 Tyrone Highway, North Lillian, RI 75289",55.5,2024,8,22
62925,46524,19088,1,40.0,2025-01-12 00:38:00+00:00,Unknown,40.0,2025,1,12
67947,47249,19213,1,29.25,2024-10-01 19:43:00+00:00,"Suite 840 519 Herb Extension, New Stevie, UT 27933",29.25,2024,10,1
64320,46645,19572,1,18.75,2025-04-06 15:21:22+00:00,Unknown,18.75,2025,4,6
70928,46945,19219,1,26.75,2024-03-12 06:31:00+00:00,Unknown,26.75,2024,3,12
69420,45689,19237,1,80.7,2024-11-15 17:13:49+00:00,Unknown,80.7,2024,11,15
66939,46374,19176,1,25.5,2024-09-21 14:02:28+00:00,Unknown,25.5,2024,9,21
70489,44540,19035,3,21.25,2025-05-31 20:44:00+00:00,"Suite 857 87933 Erdman Circle, Goldnerton, IN 18447-4289",63.75,2025,5,31
69867,47053,19578,1,45.0,2024-08-27 00:22:38+00:00,"Apt. 842 50243 Weber Mission, Lake Judithview, AR 78896-1443",45.0,2024,8,27
71288,44513,19224,3,71.1,2024-11-14 21:14:57+00:00,Unknown,213.3,2024,11,14
70415,46243,19105,3,35.0,2025-08-03 02:58:37.848000+00:00,Unknown,105.0,2025,8,3
64998,44501,19118,5,71.25,2024-07-10 00:58:03+00:00,Unknown,356.25,2024,7,10
69187,46641,19417,1,25.0,2024-12-26 02:33:20+00:00,"Suite 712 7650 Hills Landing, East Marlenberg, AZ 18767-4728",25.0,2024,12,26
71071,46573,19506,5,68.7,2025-08-20 23:33:00+00:00,"Suite 975 10900 Bauch Forges, East Rigobertochester, MT 72893-6563",343.5,2025,8,20
69547,46150,18841,1,23.7,2024-12-11 11:57:59+00:00,"Apt. 897 34292 Farrell Crossing, Morganfort, OK 63835",23.7,2024,12,11
65111,46549,19529,1,20.4,2024-07-16 02:32:00+00:00,Unknown,20.4,2024,7,16
67503,46010,19342,1,37.0,2024-10-21 08:49:26+00:00,Unknown,37.0,2024,10,21
72488,45885,18938,1,48.25,2024-08-17 06:54:00+00:00,Unknown,48.25,2024,8,17
64847,45681,19541,1,28.5,2024-02-16 01:00:25+00:00,"2910 Kerluke Inlet, Mitchelville, NY 79576",28.5,2024,2,16
66795,44957,19112,2,15.0,2025-02-21 08:10:28.369000+00:00,Unknown,30.0,2025,2,21
71451,46842,19185,3,57.75,2025-01-22 12:30:18+00:00,Unknown,173.25,2025,1,22
64516,44373,19183,1,18.75,2025-02-18 03:32:27+00:00,Unknown,18.75,2025,2,18
67882,47345,19506,2,68.4,2024-09-18 16:16:10+00:00,Unknown,136.8,2024,9,18
66749,45726,19498,1,51.99,2024-08-10 21:33:00+00:00,Unknown,51.99,2024,8,10
70620,46802,19209,1,32.4,2024-12-11 06:24:15+00:00,Unknown,32.4,2024,12,11
71183,45301,18938,1,54.6,2025-02-01 19:50:56+00:00,Unknown,54.6,2025,2,1
64978,45112,19207,3,55.0,2025-06-29 13:13:03.898000+00:00,Unknown,165.0,2025,6,29
65354,45276,19242,1,48.0,2025-03-19 21:41:00+00:00,Unknown,48.0,2025,3,19
67700,45484,19288,1,67.2,2024-10-18 10:14:12+00:00,Unknown,67.2,2024,10,18
72237,45088,18968,1,67.0,2024-05-27 14:42:00+00:00,Unknown,67.0,2024,5,27
64414,44483,19258,1,69.0,2025-08-11 15:58:53+00:00,Unknown,69.0,2025,8,11
64108,47467,18971,3,57.0,2025-01-25 14:02:54+00:00,"Apt. 918 227 Trey Plaza, Runteville, NM 39569",171.0,2025,1,25
63808,44508,19281,1,34.0,2025-03-03 21:21:04+00:00,Unknown,34.0,2025,3,3
66650,46199,19081,1,18.0,2025-04-02 17:01:23+00:00,Unknown,18.0,2025,4,2
68231,46135,19311,5,80.4,2025-06-07 23:48:08+00:00,Unknown,402.0,2025,6,7
71913,47087,19387,1,74.4,2024-09-20 10:21:00+00:00,Unknown,74.4,2024,9,20
66429,47602,19089,1,47.99,2024-12-06 16:09:06+00:00,"340 Beahan Wells, Israelland, TX 54465-6863",47.99,2024,12,6
67759,46082,18999,1,61.2,2025-10-30 08:06:32+00:00,Unknown,61.2,2025,10,30
67634,46903,19518,2,25.75,2024-10-03 20:07:00+00:00,Unknown,51.5,2024,10,3
65885,47340,19349,1,42.0,2024-11-04 23:02:22+00:00,Unknown,42.0,2024,11,4
70209,44900,19199,1,17.99,2025-01-01 17:58:00+00:00,Unknown,17.99,2025,1,1
71570,47512,19339,1,57.6,2025-02-06 22:02:33.470000+00:00,Unknown,57.6,2025,2,6
63595,45357,19333,1,27.99,2024-10-27 14:41:31+00:00,Unknown,27.99,2024,10,27
63856,46291,19365,2,64.5,2024-09-13 04:25:00+00:00,Unknown,129.0,2024,9,13
67713,44385,19476,1,16.0,2024-06-25 11:27:21+00:00,"Apt. 829 99724 Delphia Greens, East Lishaborough, OR 49096-1419",16.0,2024,6,25
66334,45407,18920,3,39.0,2024-08-26 22:06:16+00:00,Unknown,117.0,2024,8,26
72292,44903,19099,1,55.0,2024-08-07 19:06:50+00:00,Unknown,55.0,2024,8,7
66861,45470,18919,1,24.6,2024-10-16 18:34:23.101000+00:00,"2573 Carlton Forges, West Amandabury, IN 88994-4870",24.6,2024,10,16
63706,47144,19555,2,41.75,2024-11-19 13:26:00+00:00,"92189 Nicol Lock, Davidbury, GA 27511-5729",83.5,2024,11,19
69234,45946,18968,1,69.0,2024-12-05 04:28:00+00:00,Unknown,69.0,2024,12,5
68211,46028,19217,1,33.99,2024-08-06 14:44:32+00:00,Unknown,33.99,2024,8,6
69483,44401,19427,1,39.5,2024-07-27 06:20:44+00:00,Unknown,39.5,2024,7,27
70859,47163,18877,1,58.2,2024-08-27 07:32:00+00:00,Unknown,58.2,2024,8,27
65427,46348,19083,1,50.75,2024-12-22 20:37:31+00:00,Unknown,50.75,2024,12,22
69982,46811,19358,2,47.75,2024-11-19 01:22:00+00:00,Unknown,95.5,2024,11,19
68176,46204,19219,2,30.25,2024-09-16 23:07:28+00:00,Unknown,60.5,2024,9,16
64463,44947,19343,1,89.4,2024-08-18 04:24:06+00:00,Unknown,89.4,2024,8,18
69878,44756,19525,1,73.8,2025-01-11 03:26:47+00:00,Unknown,73.8,2025,1,11
69957,44832,19211,1,48.99,2025-01-21 14:48:00+00:00,"Suite 908 92153 Schiller Forge, North Lancemouth, NY 43644-1422",48.99,2025,1,21
72050,45582,18951,1,81.6,2024-12-14 01:06:00+00:00,Unknown,81.6,2024,12,14
72041,47272,19245,1,69.5,2024-10-14 00:56:17+00:00,"Suite 149 661 Rory Mountains, Lake Ernestotown, OH 21924-5001",69.5,2024,10,14
73073,46031,19195,1,70.0,2024-10-21 14:43:00+00:00,Unknown,70.0,2024,10,21
67973,45026,19508,1,37.5,2025-01-22 00:42:18+00:00,"Apt. 730 54394 Tyrone Shore, Port Trisha, AK 53366",37.5,2025,1,22
68481,46223,18944,1,16.8,2024-12-25 15:55:10+00:00,"Apt. 624 6601 O'Keefe Cove, Goyettefort, AZ 63179",16.8,2024,12,25
67061,46429,19156,1,37.0,2024-08-04 13:37:52+00:00,Unknown,37.0,2024,8,4
65179,47239,19562,3,52.99,2024-08-04 22:45:47+00:00,Unknown,158.97,2024,8,4
69271,46528,19096,1,21.0,2024-12-24 04:30:23+00:00,Unknown,21.0,2024,12,24
71085,44401,18841,2,20.4,2025-06-23 06:24:00+00:00,Unknown,40.8,2025,6,23
72687,47103,18974,1,41.75,2024-07-16 20:43:00+00:00,Unknown,41.75,2024,7,16
69284,45669,18899,1,31.25,2024-11-23 09:36:00+00:00,Unknown,31.25,2024,11,23
68391,46094,19277,1,59.5,2025-02-15 06:39:21+00:00,"Apt. 942 5994 Agustin Meadows, Wehnermouth, IN 94894",59.5,2025,2,15
68861,44967,19239,1,88.79,2024-11-17 13:45:00+00:00,Unknown,88.79,2024,11,17
65164,44456,19480,2,71.0,2024-06-07 11:00:40+00:00,"Suite 631 66701 Jennine Place, New Bryonville, MS 61790-3757",142.0,2024,6,7
72940,44607,19504,5,63.0,2024-09-25 08:58:00+00:00,Unknown,315.0,2024,9,25
63983,46514,19285,1,73.19,2025-01-12 19:54:34+00:00,Unknown,73.19,2025,1,12
68760,47094,19162,1,66.99,2024-10-23 15:01:00+00:00,Unknown,66.99,2024,10,23
66683,46277,19224,1,54.75,2024-12-10 16:31:31+00:00,"Apt. 974 3426 Ira Light, Jeannetteton, IA 81895",54.75,2024,12,10
68304,45023,19501,1,18.0,2024-11-03 07:54:00+00:00,Unknown,18.0,2024,11,3
72402,45593,19159,1,22.2,2025-03-29 20:11:11+00:00,Unknown,22.2,2025,3,29
65160,46449,18946,1,48.0,2025-01-23 22:39:44+00:00,"Suite 371 400 Olin Club, Salomeland, FL 01485",48.0,2025,1,23
66337,45814,19218,2,69.0,2025-01-17 00:22:00+00:00,Unknown,138.0,2025,1,17
71799,47472,18960,4,40.8,2025-03-01 02:47:22.947000+00:00,Unknown,163.2,2025,3,1
66017,44461,19213,1,33.99,2025-02-22 01:31:13+00:00,Unknown,33.99,2025,2,22
67595,46826,19058,1,23.4,2024-12-17 01:29:16+00:00,Unknown,23.4,2024,12,17
67066,45137,19383,4,75.0,2024-12-15 18:02:00+00:00,Unknown,300.0,2024,12,15
70362,44648,19232,5,33.0,2024-09-18 07:10:54+00:00,Unknown,165.0,2024,9,18
66830,46665,18887,2,47.0,2024-12-12 02:00:38+00:00,"158 Walter Mews, East Hung, GA 90026-2041",94.0,2024,12,12
70267,44662,19099,1,54.0,2024-06-23 14:08:00+00:00,Unknown,54.0,2024,6,23
70811,46332,19101,1,84.0,2025-04-21 00:24:43+00:00,Unknown,84.0,2025,4,21
70731,45614,19135,1,61.8,2024-08-10 14:27:49+00:00,Unknown,61.8,2024,8,10
71015,46650,19418,1,68.4,2025-04-24 01:07:13+00:00,"434 Pauline Union, West Sethmouth, NJ 28766",68.4,2025,4,24
67151,45710,19007,2,50.0,2024-10-11 18:45:00+00:00,Unknown,100.0,2024,10,11
72464,44535,19273,1,54.6,2024-12-10 00:05:00+00:00,Unknown,54.6,2024,12,10
72365,46767,19584,1,38.0,2024-11-11 11:24:00+00:00,Unknown,38.0,2024,11,11
70217,46388,18883,4,20.5,2024-11-24 03:44:00+00:00,Unknown,82.0,2024,11,24
68367,44935,19112,2,18.25,2025-01-15 02:53:57+00:00,"48765 Dottie Station, Rathmouth, VT 11080-9575",36.5,2025,1,15
73607,45516,19208,1,56.0,2025-01-27 16:17:27+00:00,Unknown,56.0,2025,1,27
72810,45211,19402,1,27.5,2025-04-14 12:12:52+00:00,Unknown,27.5,2025,4,14
67496,46210,19030,1,29.4,2024-12-16 03:22:22+00:00,Unknown,29.4,2024,12,16
70487,44845,19319,1,36.0,2025-04-17 04:21:20+00:00,Unknown,36.0,2025,4,17
69300,47318,19143,5,29.99,2025-04-19 03:16:29.377000+00:00,Unknown,149.95,2025,4,19
69311,45596,18978,1,59.5,2025-08-29 00:26:00+00:00,Unknown,59.5,2025,8,29
70762,47119,19320,1,23.5,2024-08-03 21:39:09.477000+00:00,"99554 Legros Circle, North Lovettaton, HI 70352",23.5,2024,8,3
71094,45784,18915,5,68.0,2024-12-13 12:30:00+00:00,Unknown,340.0,2024,12,13
72350,46149,19526,1,84.9,2024-12-18 06:26:50+00:00,Unknown,84.9,2024,12,18
68878,44852,18987,1,59.0,2024-12-19 21:50:00+00:00,Unknown,59.0,2024,12,19
69951,46671,19338,2,69.5,2024-11-05 06:10:00+00:00,Unknown,139.0,2024,11,5
68778,46993,19132,2,65.0,2025-05-19 08:52:04+00:00,Unknown,130.0,2025,5,19
73356,44702,19185,3,57.0,2025-02-12 07:10:00+00:00,Unknown,171.0,2025,2,12
64351,47120,19260,1,75.99,2024-10-03 20:40:00.065000+00:00,"8182 Toby Forges, Lake Bernieberg, NV 90823-7190",75.99,2024,10,3
63625,44429,18881,1,32.99,2025-01-11 10:54:56+00:00,Unknown,32.99,2025,1,11
64960,47477,19301,1,68.75,2024-10-27 03:56:53.325000+00:00,"Apt. 700 482 Darrell Wells, Friedaview, MS 31001",68.75,2024,10,27
64127,45066,18966,2,55.99,2024-09-08 05:38:00+00:00,Unknown,111.98,2024,9,8
64623,46280,18921,1,44.5,2024-09-01 13:43:50+00:00,Unknown,44.5,2024,9,1
69354,46262,19296,3,22.25,2024-08-22 18:04:16+00:00,Unknown,66.75,2024,8,22
62909,46992,19054,1,43.5,2025-04-17 09:46:56.082000+00:00,Unknown,43.5,2025,4,17
73056,45373,19434,5,18.99,2024-10-10 21:50:00+00:00,Unknown,94.95,2024,10,10
69272,44338,18958,1,14.7,2025-03-16 09:27:16+00:00,Unknown,14.7,2025,3,16
72370,47248,19314,1,36.0,2025-01-20 10:06:04+00:00,Unknown,36.0,2025,1,20
65883,45668,18936,1,61.25,2025-05-27 02:00:22+00:00,"Suite 571 80385 Luciano Ramp, Bauchborough, OR 55843-4360",61.25,2025,5,27
72471,45948,19207,1,55.0,2024-12-04 06:29:00+00:00,Unknown,55.0,2024,12,4
68972,46473,19539,1,62.0,2025-09-29 20:53:53+00:00,Unknown,62.0,2025,9,29
66960,45273,18956,1,51.0,2024-11-21 03:20:00+00:00,Unknown,51.0,2024,11,21
67319,46942,19126,2,33.6,2025-02-06 23:53:49+00:00,Unknown,67.2,2025,2,6
67394,46088,19180,2,41.0,2025-04-19 08:07:00+00:00,Unknown,82.0,2025,4,19
66616,45117,19009,5,85.2,2025-04-10 20:55:07+00:00,Unknown,426.0,2025,4,10
65593,45532,19345,1,61.0,2024-11-01 11:41:36+00:00,Unknown,61.0,2024,11,1
67839,45363,18934,1,19.2,2025-05-31 17:25:58+00:00,Unknown,19.2,2025,5,31
69233,45396,19288,1,54.25,2024-11-29 12:53:00+00:00,Unknown,54.25,2024,11,29
73222,45237,18867,2,56.0,2024-07-22 11:16:25+00:00,Unknown,112.0,2024,7,22
69807,44435,19100,3,19.8,2024-09-24 07:53:10.697000+00:00,Unknown,59.4,2024,9,24
64766,45056,18846,1,22.2,2024-09-30 20:29:47+00:00,Unknown,22.2,2024,9,30
72395,47610,19151,1,43.5,2025-03-18 00:07:06+00:00,Unknown,43.5,2025,3,18
68963,46029,19072,1,62.75,2024-06-15 07:06:16+00:00,"Apt. 765 4790 Littel Fort, Franeckifort, WY 60109-5797",62.75,2024,6,15
63711,45176,19337,1,63.0,2024-12-14 05:53:49+00:00,"88177 Reinger Camp, West Elia, WV 71284",63.0,2024,12,14
68648,44891,19065,1,20.25,2024-09-25 20:02:19+00:00,Unknown,20.25,2024,9,25
69868,45040,19266,2,50.5,2024-11-14 20:34:28+00:00,Unknown,101.0,2024,11,14
65897,45712,19251,2,25.5,2024-12-26 21:43:42+00:00,"Apt. 857 20568 Murazik Springs, West Kortneyshire, TN 54642",51.0,2024,12,26
66988,46966,19493,1,79.2,2024-11-21 18:32:29+00:00,Unknown,79.2,2024,11,21
68140,45475,19566,1,19.5,2024-07-03 12:42:44+00:00,"9276 Adalberto Via, Port Jenfurt, IA 58417-8046",19.5,2024,7,3
70453,45459,19032,3,71.0,2024-11-15 12:04:38+00:00,Unknown,213.0,2024,11,15
72915,46845,19125,1,19.75,2025-05-13 01:10:54+00:00,Unknown,19.75,2025,5,13
64884,45185,19584,1,39.0,2024-04-15 13:35:00+00:00,Unknown,39.0,2024,4,15
64035,44542,19238,1,18.99,2024-03-20 01:22:54.349000+00:00,"1848 Haywood Valley, Lake Lanny, ID 24789-7212",18.99,2024,3,20
71562,46852,19053,1,65.4,2024-09-03 12:24:20+00:00,"Apt. 118 9545 Chanel Unions, West Hayleyland, MS 15809-4307",65.4,2024,9,3
65415,45358,19026,4,22.25,2024-12-13 22:00:40+00:00,Unknown,89.0,2024,12,13
64728,45466,19087,1,56.25,2025-02-23 18:45:00+00:00,Unknown,56.25,2025,2,23
63810,44873,19020,1,19.5,2025-03-29 10:59:31.739000+00:00,Unknown,19.5,2025,3,29
65023,46168,19225,1,66.25,2024-12-14 06:14:00+00:00,Unknown,66.25,2024,12,14
73332,46240,19527,1,73.5,2025-02-04 11:32:44+00:00,Unknown,73.5,2025,2,4
68703,46813,19546,1,43.75,2024-07-20 02:08:08+00:00,Unknown,43.75,2024,7,20
71401,45146,19589,1,57.0,2024-12-11 17:57:46+00:00,Unknown,57.0,2024,12,11
71049,46096,18853,2,62.5,2024-09-12 18:28:27+00:00,Unknown,125.0,2024,9,12
70148,46917,19161,1,34.25,2024-11-25 00:38:59+00:00,Unknown,34.25,2024,11,25
67907,45475,19126,1,29.5,2025-01-15 10:28:28+00:00,Unknown,29.5,2025,1,15
66106,46255,19399,1,19.5,2025-02-19 01:38:40+00:00,Unknown,19.5,2025,2,19
68443,44484,19201,1,36.5,2024-06-07 21:35:49+00:00,"90552 Bahringer Rue, Idaview, MN 01294-5540",36.5,2024,6,7
64759,45172,19409,1,20.4,2025-01-28 21:01:56+00:00,Unknown,20.4,2025,1,28
72369,45629,19147,3,32.1,2024-12-19 20:46:17+00:00,Unknown,96.3,2024,12,19
72614,45805,19432,1,28.99,2024-06-29 21:01:01+00:00,Unknown,28.99,2024,6,29
71302,45574,19391,1,53.99,2024-11-23 16:25:00+00:00,Unknown,53.99,2024,11,23
68405,46591,19470,1,55.5,2024-07-27 00:06:26+00:00,Unknown,55.5,2024,7,27
65784,46478,18951,1,79.5,2025-04-07 07:29:57+00:00,Unknown,79.5,2025,4,7
70671,44810,19190,1,49.0,2024-05-25 21:09:09+00:00,Unknown,49.0,2024,5,25
69290,45812,19262,1,70.0,2024-07-03 11:50:36+00:00,Unknown,70.0,2024,7,3
68380,44417,19307,1,25.0,2025-06-23 00:25:00+00:00,"Apt. 126 83414 Fisher Meadows, West Francesca, IL 94423",25.0,2025,6,23
72887,45369,19585,1,69.5,2024-07-03 03:50:57+00:00,Unknown,69.5,2024,7,3
66166,46151,18977,1,38.1,2025-04-10 16:02:41+00:00,Unknown,38.1,2025,4,10
70653,45447,18891,1,24.5,2024-10-30 10:13:31+00:00,Unknown,24.5,2024,10,30
65067,47001,19459,1,52.8,2024-11-12 22:57:33.756000+00:00,Unknown,52.8,2024,11,12
70235,46696,19482,1,24.0,2024-12-23 09:53:00+00:00,Unknown,24.0,2024,12,23
72995,46154,19317,1,24.6,2024-09-04 13:08:35.762000+00:00,Unknown,24.6,2024,9,4
64470,45340,19204,2,48.99,2024-09-15 13:24:20+00:00,Unknown,97.98,2024,9,15
65294,47338,19189,1,22.99,2024-10-12 14:21:53.118000+00:00,Unknown,22.99,2024,10,12
66523,46461,19219,5,29.99,2024-08-25 13:06:56+00:00,Unknown,149.95,2024,8,25
66696,46345,19552,1,42.3,2024-07-26 13:22:00+00:00,Unknown,42.3,2024,7,26
63714,47106,19415,2,16.5,2024-11-04 11:40:37+00:00,Unknown,33.0,2024,11,4
69651,47597,19283,1,21.6,2024-04-11 01:44:58+00:00,Unknown,21.6,2024,4,11
64008,45543,19448,1,57.99,2024-10-05 13:39:23+00:00,"Apt. 114 4613 White Bridge, Harlanton, TX 01067-9695",57.99,2024,10,5
63236,46328,19343,1,85.5,2025-07-11 10:41:00+00:00,Unknown,85.5,2025,7,11
68864,45378,19478,1,53.0,2025-03-31 07:55:00+00:00,Unknown,53.0,2025,3,31
73290,44618,19432,1,30.9,2024-10-28 15:19:17+00:00,Unknown,30.9,2024,10,28
72868,45110,19042,1,28.0,2025-02-20 14:37:45.805000+00:00,"Apt. 567 597 Royal Wells, New Napoleonfurt, MO 47513",28.0,2025,2,20
69107,45000,19563,1,66.0,2024-11-11 07:49:38+00:00,Unknown,66.0,2024,11,11
65401,47576,19475,1,39.0,2024-08-16 02:51:39+00:00,Unknown,39.0,2024,8,16
71632,46570,19061,1,57.0,2024-09-27 05:32:10+00:00,"97332 Hilaria Streets, Gleichnerborough, SC 59606",57.0,2024,9,27
63080,45707,19573,1,39.6,2024-10-12 16:20:23+00:00,Unknown,39.6,2024,10,12
68180,45077,19097,3,65.0,2025-03-28 01:52:00+00:00,"Suite 249 2571 Rubin Ferry, Lueilwitzbury, OH 80940-4566",195.0,2025,3,28
67267,46028,18928,1,21.5,2025-06-08 07:43:16+00:00,Unknown,21.5,2025,6,8
64245,45407,19035,2,20.0,2024-09-24 22:15:13+00:00,Unknown,40.0,2024,9,24
63432,46237,19535,1,68.99,2024-06-26 01:05:19+00:00,"Apt. 910 476 Eda Field, South Junie, IN 20490-0272",68.99,2024,6,26
65870,47347,19275,5,67.8,2025-09-01 05:04:04+00:00,"5316 Kulas Ways, North Jenisemouth, LA 94249",339.0,2025,9,1
71732,47029,18884,1,80.4,2025-03-24 10:08:47+00:00,"811 Amada Mount, Howellburgh, ME 51076",80.4,2025,3,24
63409,46809,19400,1,43.8,2024-05-13 20:08:00+00:00,Unknown,43.8,2024,5,13
64266,47073,19435,1,70.99,2025-03-20 04:10:12+00:00,"3866 Hackett Ferry, Gaylemouth, TN 31889-6727",70.99,2025,3,20
69355,45616,19584,1,42.0,2025-01-04 05:15:00+00:00,Unknown,42.0,2025,1,4
70842,47472,19358,2,52.0,2024-07-17 03:12:17+00:00,Unknown,104.0,2024,7,17
67276,45184,19022,1,69.99,2024-11-29 05:38:43+00:00,Unknown,69.99,2024,11,29
70643,45536,19533,2,49.99,2024-10-07 15:30:19.269000+00:00,Unknown,99.98,2024,10,7
71281,46608,19445,1,60.75,2025-04-27 03:54:00+00:00,"Apt. 165 393 Schoen Loaf, Carliville, NC 82754-7264",60.75,2025,4,27
70048,45124,19217,1,31.5,2024-12-09 12:05:44+00:00,Unknown,31.5,2024,12,9
63379,46460,19415,1,19.5,2025-03-06 16:58:00+00:00,Unknown,19.5,2025,3,6
73321,46391,18923,2,28.99,2025-03-04 16:13:13+00:00,Unknown,57.98,2025,3,4
72178,44491,19165,1,29.0,2024-06-17 16:35:00+00:00,Unknown,29.0,2024,6,17
73667,47506,19331,3,31.0,2024-09-04 16:08:00+00:00,"Suite 767 26423 Medhurst Glens, East Mathildaview, OH 27579-8957",93.0,2024,9,4
63151,45302,19409,1,23.99,2024-06-07 03:55:00+00:00,Unknown,23.99,2024,6,7
67818,47433,19268,2,47.25,2024-06-05 06:27:00+00:00,"865 Delila Track, East Allyn, NV 53182",94.5,2024,6,5
66858,45202,19000,1,74.1,2024-10-06 10:22:19+00:00,Unknown,74.1,2024,10,6
70584,44671,19330,4,74.39,2024-12-24 15:40:00+00:00,Unknown,297.56,2024,12,24
70963,45658,18865,1,50.4,2025-06-13 08:51:48+00:00,"Apt. 492 174 Homenick Vista, Effertztown, UT 72944-0170",50.4,2025,6,13
62886,44510,19494,1,30.0,2024-12-31 10:32:15+00:00,Unknown,30.0,2024,12,31
72505,46179,18844,1,42.5,2024-03-27 11:39:29+00:00,Unknown,42.5,2024,3,27
69185,44448,19106,1,48.75,2025-04-13 05:14:00+00:00,Unknown,48.75,2025,4,13
64970,46450,19207,1,56.5,2024-04-05 19:06:00+00:00,Unknown,56.5,2024,4,5
68959,46305,19487,1,73.5,2025-06-21 09:33:47+00:00,"Apt. 702 769 Murazik Highway, Willyborough, WV 10452-3464",73.5,2025,6,21
72332,46194,19338,1,66.5,2024-10-22 02:25:25+00:00,"Apt. 310 129 Stamm Drive, Hintzville, WV 49645",66.5,2024,10,22
69815,46166,19468,5,40.5,2024-04-02 07:27:32+00:00,Unknown,202.5,2024,4,2
67343,45500,19167,2,42.0,2025-09-30 05:21:24+00:00,"Suite 540 85049 Beer Track, North Dionmouth, NE 67130-9987",84.0,2025,9,30
68947,46491,19170,1,68.0,2024-11-03 16:19:00+00:00,Unknown,68.0,2024,11,3
73380,47294,19380,1,80.7,2024-08-01 00:29:17+00:00,"Suite 320 8641 Maritza Prairie, South Wilburnburgh, TX 67493-2426",80.7,2024,8,1
63984,45891,19142,2,41.75,2025-02-11 02:38:43.344000+00:00,Unknown,83.5,2025,2,11
63138,44336,19122,3,38.99,2024-06-28 19:10:00+00:00,Unknown,116.97,2024,6,28
68312,46963,19070,1,65.0,2024-10-25 13:28:00+00:00,"Suite 522 70253 Hal Turnpike, Sherymouth, RI 74941-5389",65.0,2024,10,25
70986,46693,19088,3,38.0,2024-11-21 11:55:31+00:00,Unknown,114.0,2024,11,21
66514,45259,19416,1,76.8,2025-12-04 20:34:34+00:00,Unknown,76.8,2025,12,4
67903,46231,19364,2,72.3,2025-01-02 00:55:29+00:00,Unknown,144.6,2025,1,2
64927,44410,18923,1,32.4,2024-10-25 12:06:22+00:00,Unknown,32.4,2024,10,25
72819,45266,19320,1,24.75,2025-01-16 08:52:39+00:00,Unknown,24.75,2025,1,16
65880,45631,18967,1,71.5,2024-09-05 01:14:51+00:00,Unknown,71.5,2024,9,5
71101,44865,19309,2,65.99,2024-11-30 10:04:04+00:00,Unknown,131.98,2024,11,30
63165,45147,19564,1,62.39,2024-03-26 03:58:59+00:00,Unknown,62.39,2024,3,26
64390,45439,19374,1,18.99,2024-12-08 18:17:12+00:00,"1993 Dudley Shoal, Port Orvalshire, KY 58099",18.99,2024,12,8
67142,44863,19589,1,71.1,2024-05-04 20:19:43+00:00,Unknown,71.1,2024,5,4
71622,46385,19414,2,55.75,2025-03-04 15:14:14+00:00,Unknown,111.5,2025,3,4
68454,46822,18907,2,49.8,2025-04-18 07:22:00+00:00,"3757 Hane View, New Horace, CT 35381",99.6,2025,4,18
68719,45339,18844,1,44.0,2024-10-01 15:26:00+00:00,Unknown,44.0,2024,10,1
67824,46487,19154,3,75.25,2025-02-15 17:47:21+00:00,Unknown,225.75,2025,2,15
68901,46645,18906,2,40.5,2024-07-05 07:03:00+00:00,Unknown,81.0,2024,7,5
69701,46633,19005,1,44.7,2025-03-27 06:54:24.377000+00:00,Unknown,44.7,2025,3,27
73938,45379,18839,2,20.5,2024-10-06 09:17:17+00:00,Unknown,41.0,2024,10,6
73336,46609,19143,1,32.5,2024-12-27 22:18:25+00:00,"Apt. 983 26633 Judson Drives, Lucyfurt, AR 62458-5995",32.5,2024,12,27
68857,44470,19175,1,40.0,2024-11-18 09:21:06+00:00,"Suite 258 7720 Joana Lake, New Kevenhaven, MS 62824-0095",40.0,2024,11,18
66507,47530,19519,1,33.0,2024-09-09 09:16:22.486000+00:00,"Suite 332 440 Maurice Crossroad, Port Akilah, HI 57077-7615",33.0,2024,9,9
67116,46285,19459,2,44.75,2024-11-23 03:23:00+00:00,Unknown,89.5,2024,11,23
70097,46893,19297,1,50.0,2024-12-05 22:29:56+00:00,"223 Considine Vista, Ryanshire, FL 84340-2225",50.0,2024,12,5
68199,46960,18853,1,75.0,2025-05-02 03:49:36+00:00,Unknown,75.0,2025,5,2
68401,45268,19485,2,67.75,2024-08-05 10:15:26+00:00,Unknown,135.5,2024,8,5
63574,45954,18993,1,64.0,2025-02-10 16:57:13+00:00,Unknown,64.0,2025,2,10
70044,45919,19321,2,60.9,2025-06-30 13:41:28+00:00,Unknown,121.8,2025,6,30
63092,45715,18979,1,70.0,2025-04-05 09:17:04+00:00,Unknown,70.0,2025,4,5
70636,47500,19511,1,45.3,2024-09-24 10:21:30+00:00,Unknown,45.3,2024,9,24
64241,47607,18988,1,64.25,2025-09-08 19:12:12+00:00,Unknown,64.25,2025,9,8
66412,44368,19177,2,16.8,2024-11-02 04:06:00+00:00,Unknown,33.6,2024,11,2
71860,46995,18959,1,50.5,2024-05-04 10:51:44+00:00,Unknown,50.5,2024,5,4
68794,46433,19541,1,25.5,2024-06-26 21:33:54+00:00,Unknown,25.5,2024,6,26
72947,46111,19221,1,56.0,2024-10-09 11:11:00+00:00,Unknown,56.0,2024,10,9
70490,44658,19584,1,40.0,2024-10-20 23:09:08+00:00,"Suite 158 101 Kerri Inlet, Corkeryborough, TN 42661-3940",40.0,2024,10,20
63296,47198,19015,1,63.25,2025-01-23 17:36:40+00:00,Unknown,63.25,2025,1,23
70511,45916,19520,3,28.75,2025-01-30 22:24:34+00:00,Unknown,86.25,2025,1,30
71244,46991,19213,1,32.5,2024-06-28 18:54:00+00:00,Unknown,32.5,2024,6,28
67399,46011,19432,1,28.5,2025-05-21 22:12:00+00:00,"Suite 231 894 Luciano Spring, West Rebecaview, WV 67744",28.5,2025,5,21
65314,47102,19257,2,67.0,2025-01-31 00:55:35+00:00,Unknown,134.0,2025,1,31
65996,45857,19287,1,39.25,2024-08-30 15:03:41.028000+00:00,Unknown,39.25,2024,8,30
66943,44522,19565,1,66.5,2024-08-04 00:49:04+00:00,"97716 Mercedez Walks, South Jorge, AK 82518-4223",66.5,2024,8,4
73929,46420,19525,1,63.5,2024-08-30 14:36:00+00:00,Unknown,63.5,2024,8,30
69068,44860,19165,1,32.25,2025-03-02 19:46:24+00:00,Unknown,32.25,2025,3,2
72630,45242,19487,1,74.99,2024-08-23 23:16:00+00:00,Unknown,74.99,2024,8,23
67275,44644,19177,2,14.5,2024-11-15 03:24:06+00:00,"93239 Bong Isle, East Eldonfurt, MS 30945",29.0,2024,11,15
71572,46772,18945,5,54.3,2024-11-07 15:16:22+00:00,Unknown,271.5,2024,11,7
68344,45496,19358,1,49.0,2025-06-26 12:20:24+00:00,"Suite 773 9031 Freeman Vista, Juliettatown, ID 60706-5676",49.0,2025,6,26
71485,45421,19328,1,31.99,2024-08-04 02:41:11+00:00,Unknown,31.99,2024,8,4
68754,45009,18942,1,22.75,2025-06-15 05:56:00+00:00,"855 Monte Stream, South Ilene, UT 39916-4716",22.75,2025,6,15
63821,45247,19453,2,27.5,2025-01-03 19:38:50+00:00,"57925 Lang Court, Port Shannonfurt, CA 64418",55.0,2025,1,3
63021,45528,19345,3,59.75,2025-03-12 20:21:07+00:00,"92596 Pollich Crescent, Dickensmouth, VA 94779-6610",179.25,2025,3,12
62946,46221,18859,1,51.0,2025-04-04 20:24:24+00:00,Unknown,51.0,2025,4,4
64982,46265,19353,1,15.0,2024-12-27 15:39:55+00:00,Unknown,15.0,2024,12,27
73695,46811,19107,2,88.79,2024-12-06 09:12:48.700000+00:00,"Apt. 772 8642 Bayer Estates, Daliaport, PA 03547",177.58,2024,12,6
65888,47128,19194,1,37.5,2024-06-27 22:44:00+00:00,Unknown,37.5,2024,6,27
64079,47256,19355,1,40.5,2025-01-31 04:07:06+00:00,Unknown,40.5,2025,1,31
62774,46324,19254,1,61.2,2024-11-05 20:59:00+00:00,"34757 Torphy Fields, East Ricarda, WA 05090-1834",61.2,2024,11,5
70514,45078,19285,1,61.5,2024-08-20 20:59:00+00:00,"Suite 877 681 Houston Avenue, New Sandie, MA 97570-6804",61.5,2024,8,20
72081,46150,19183,3,18.5,2024-11-04 14:07:34+00:00,"Apt. 897 34292 Farrell Crossing, Morganfort, OK 63835",55.5,2024,11,4
63575,47080,18979,1,80.4,2024-12-03 21:12:00+00:00,Unknown,80.4,2024,12,3
66069,46147,19288,1,54.25,2025-03-02 08:30:01+00:00,Unknown,54.25,2025,3,2
63780,45871,18927,1,82.2,2025-01-24 22:24:58.142000+00:00,Unknown,82.2,2025,1,24
71122,45528,19347,1,25.5,2025-04-13 03:37:00+00:00,"92596 Pollich Crescent, Dickensmouth, VA 94779-6610",25.5,2025,4,13
70191,44380,19001,1,29.0,2024-11-28 08:01:40+00:00,"Apt. 270 92511 Konopelski Burgs, South Liliana, NE 88751-8626",29.0,2024,11,28
70163,44902,19044,1,60.25,2024-03-04 22:42:52+00:00,Unknown,60.25,2024,3,4
70705,45729,19188,1,40.25,2025-10-06 23:36:00+00:00,Unknown,40.25,2025,10,6
70960,46522,19219,1,25.0,2025-01-25 15:11:50+00:00,"Apt. 866 4525 Schultz Forges, New Anika, KY 44229-4285",25.0,2025,1,25
66457,47286,19302,1,24.5,2025-02-08 14:59:14+00:00,Unknown,24.5,2025,2,8
68406,47064,19366,1,29.0,2024-07-21 18:37:10+00:00,Unknown,29.0,2024,7,21
73337,47564,19574,2,53.5,2024-07-19 09:00:00+00:00,Unknown,107.0,2024,7,19
65062,47360,19576,1,61.99,2024-06-05 11:21:00+00:00,Unknown,61.99,2024,6,5
65522,46435,19314,1,32.75,2024-10-18 21:33:12+00:00,Unknown,32.75,2024,10,18
63617,46649,19424,2,17.0,2025-04-21 14:27:00+00:00,Unknown,34.0,2025,4,21
65197,45135,18880,2,71.99,2024-08-26 22:00:17.121000+00:00,Unknown,143.98,2024,8,26
70730,46129,19389,1,22.5,2025-10-03 14:46:41.171000+00:00,Unknown,22.5,2025,10,3
67654,47516,19265,1,50.5,2024-08-05 11:48:40+00:00,"4453 Whitney Flats, North Roseanna, WA 15792-7907",50.5,2024,8,5
69810,45622,19516,2,36.25,2024-11-24 20:53:00+00:00,Unknown,72.5,2024,11,24
72978,44735,19065,2,22.5,2024-09-26 16:48:29+00:00,Unknown,45.0,2024,9,26
70823,45758,18895,2,39.75,2025-01-04 21:22:00+00:00,Unknown,79.5,2025,1,4
69452,46295,19168,1,61.75,2024-11-23 08:18:08+00:00,"9767 Leo Circles, West Ross, ME 57754",61.75,2024,11,23
64913,46489,19510,4,19.8,2025-01-06 22:49:50+00:00,Unknown,79.2,2025,1,6
68716,46247,19339,1,51.6,2024-10-18 21:49:49+00:00,Unknown,51.6,2024,10,18
71170,44926,19196,1,16.0,2024-09-02 02:12:24+00:00,Unknown,16.0,2024,9,2
68194,44737,19197,1,52.2,2025-02-19 02:56:31+00:00,Unknown,52.2,2025,2,19
70292,46701,18840,1,49.5,2024-08-15 08:26:18+00:00,Unknown,49.5,2024,8,15
68762,44459,18931,1,35.99,2024-10-13 03:23:20.605000+00:00,Unknown,35.99,2024,10,13
70729,47040,19411,1,44.75,2024-09-07 05:24:30+00:00,Unknown,44.75,2024,9,7
73521,46823,19456,4,39.6,2025-02-13 13:49:04+00:00,Unknown,158.4,2025,2,13
71980,47057,19293,1,29.5,2025-02-08 18:26:00+00:00,"Suite 355 5807 McKenzie Stream, Walshhaven, IA 91577-8771",29.5,2025,2,8
72932,46588,19231,1,15.0,2025-04-18 15:55:35+00:00,Unknown,15.0,2025,4,18
71310,45386,19354,1,43.75,2025-06-05 13:20:00+00:00,Unknown,43.75,2025,6,5
67834,47550,19358,1,47.0,2024-09-08 13:06:39+00:00,"Suite 246 102 Walsh Junction, Helenfort, AZ 06631",47.0,2024,9,8
62991,46271,19355,2,49.8,2024-10-14 16:46:19+00:00,Unknown,99.6,2024,10,14
68088,44643,19132,2,84.3,2025-03-28 08:40:38+00:00,"3570 Kulas Track, New Carie, WA 37270-0647",168.6,2025,3,28
71908,45140,19386,1,74.5,2025-07-10 02:57:01+00:00,Unknown,74.5,2025,7,10
72804,45425,19382,2,29.75,2024-10-06 11:48:46+00:00,Unknown,59.5,2024,10,6
65374,45338,19359,5,61.19,2024-06-23 14:25:00+00:00,Unknown,305.95,2024,6,23
68215,44548,19556,5,29.99,2025-02-10 12:34:19+00:00,"9777 Bobette Valleys, Ritchiefort, CO 33803-2865",149.95,2025,2,10
65919,46153,19443,1,26.0,2025-01-28 18:11:01.282000+00:00,Unknown,26.0,2025,1,28
73818,46280,19422,1,36.0,2024-11-01 03:39:54+00:00,Unknown,36.0,2024,11,1
73436,44945,19498,1,52.25,2024-11-26 22:21:35+00:00,Unknown,52.25,2024,11,26
67162,44443,19178,1,38.0,2024-07-20 16:21:42+00:00,"8453 Raphael Vista, Corwinberg, CO 91587-4060",38.0,2024,7,20
72243,45356,19588,1,64.5,2024-11-12 09:38:38+00:00,Unknown,64.5,2024,11,12
71885,46345,18986,1,75.9,2024-05-29 21:14:41+00:00,Unknown,75.9,2024,5,29
69586,45437,18890,3,69.0,2024-11-03 14:11:52+00:00,Unknown,207.0,2024,11,3
63230,46533,19294,1,47.5,2024-11-16 10:01:13.138000+00:00,Unknown,47.5,2024,11,16
68808,44856,19214,1,38.25,2024-09-19 10:23:23+00:00,Unknown,38.25,2024,9,19
66543,45085,19043,5,24.3,2024-10-26 14:53:44+00:00,Unknown,121.5,2024,10,26
70117,47543,19433,3,70.5,2024-10-26 06:37:13+00:00,Unknown,211.5,2024,10,26
62822,46767,19039,2,54.0,2025-02-21 03:12:00+00:00,"8672 Emanuel Prairie, Parisianville, NV 30251",108.0,2025,2,21
71190,45220,19106,1,45.0,2025-04-01 08:35:15+00:00,"Apt. 220 3973 Heathcote Views, Sammiechester, UT 45002-6042",45.0,2025,4,1
68747,44652,18888,1,54.9,2024-09-23 08:06:41+00:00,Unknown,54.9,2024,9,23
71088,45038,19119,1,61.25,2024-03-16 08:03:57+00:00,"590 Orn Light, Reynaldoborough, SD 12718",61.25,2024,3,16
63181,45576,19196,3,13.25,2024-08-23 09:48:48+00:00,Unknown,39.75,2024,8,23
71332,46631,19128,1,73.5,2025-01-25 12:41:00+00:00,"48038 Wuckert Estate, Dyanborough, CO 06342",73.5,2025,1,25
66799,47172,18971,1,64.5,2025-03-21 23:35:40+00:00,Unknown,64.5,2025,3,21
70991,45407,19174,2,36.0,2024-10-29 19:23:17+00:00,"Apt. 892 49215 Luettgen Extension, Harveyside, NE 20783",72.0,2024,10,29
67922,44628,19455,1,17.99,2024-11-20 12:14:42+00:00,Unknown,17.99,2024,11,20
73467,46129,18889,1,75.5,2025-03-21 12:44:47+00:00,Unknown,75.5,2025,3,21
69336,47342,19523,1,39.6,2024-10-01 02:23:00+00:00,"Suite 909 874 Fae Light, Joanaburgh, HI 95699-8477",39.6,2024,10,1
71873,45955,19314,1,30.75,2025-04-10 07:59:00+00:00,"Suite 141 98787 Tenesha Plain, Fishermouth, NV 36046",30.75,2025,4,10
72589,46723,19005,1,43.2,2024-10-25 06:25:08+00:00,Unknown,43.2,2024,10,25
68811,47036,19173,1,63.0,2024-11-08 03:45:24+00:00,Unknown,63.0,2024,11,8
65347,45361,18909,1,22.0,2024-10-13 12:17:09+00:00,Unknown,22.0,2024,10,13
64744,46396,18913,2,39.75,2025-01-14 10:40:56+00:00,Unknown,79.5,2025,1,14
69255,45474,19085,4,61.25,2025-04-14 06:47:41+00:00,"Apt. 488 7704 Boehm Trace, Hoppeburgh, NV 03223-7801",245.0,2025,4,14
73677,45590,19559,1,67.25,2024-10-05 12:16:58+00:00,Unknown,67.25,2024,10,5
69613,45309,19382,1,30.25,2024-11-16 05:50:16+00:00,Unknown,30.25,2024,11,16
67559,44476,19403,1,50.0,2024-08-26 15:42:30+00:00,Unknown,50.0,2024,8,26
73117,46744,19383,1,58.99,2024-09-14 01:01:15.053000+00:00,Unknown,58.99,2024,9,14
73316,46906,19441,2,17.99,2025-08-07 15:43:00+00:00,Unknown,35.98,2025,8,7
67199,45827,19009,2,74.0,2025-04-21 16:33:00+00:00,Unknown,148.0,2025,4,21
63728,47084,19455,1,14.0,2024-05-19 11:39:50+00:00,Unknown,14.0,2024,5,19
65912,46089,19287,1,39.25,2024-12-22 17:06:06+00:00,Unknown,39.25,2024,12,22
68290,44611,19568,1,58.8,2025-01-27 11:59:37+00:00,Unknown,58.8,2025,1,27
68829,46374,18845,2,75.6,2024-09-27 06:49:34+00:00,Unknown,151.2,2024,9,27
71658,46735,19235,1,67.0,2024-08-25 23:52:22+00:00,Unknown,67.0,2024,8,25
65487,46932,19256,1,76.5,2025-01-21 01:04:10+00:00,Unknown,76.5,2025,1,21
63784,47313,19492,1,50.99,2024-08-03 02:53:24+00:00,Unknown,50.99,2024,8,3
66446,45631,19169,1,70.0,2024-09-10 00:39:00+00:00,Unknown,70.0,2024,9,10
66301,45385,19588,1,65.0,2025-03-10 06:28:48+00:00,Unknown,65.0,2025,3,10
73769,44634,19475,2,42.75,2025-03-06 01:17:06+00:00,"776 Legros Track, West Deanland, IN 74715",85.5,2025,3,6
64016,45281,19121,2,87.9,2024-11-28 03:45:09+00:00,Unknown,175.8,2024,11,28
68298,46432,19579,3,22.0,2025-05-22 11:31:38+00:00,Unknown,66.0,2025,5,22
71876,45238,19180,1,42.5,2024-10-17 11:40:15+00:00,Unknown,42.5,2024,10,17
70984,44768,19283,1,17.0,2025-09-06 14:05:28+00:00,Unknown,17.0,2025,9,6
63498,44506,19479,1,57.99,2025-03-23 02:35:24+00:00,Unknown,57.99,2025,3,23
69396,47164,19112,1,21.0,2024-10-25 11:16:35+00:00,Unknown,21.0,2024,10,25
64250,46126,19125,1,14.5,2024-11-02 20:53:00+00:00,Unknown,14.5,2024,11,2
72829,44941,18920,1,41.75,2025-02-08 01:26:00+00:00,Unknown,41.75,2025,2,8
67403,46451,19177,1,19.8,2024-07-20 05:08:44+00:00,Unknown,19.8,2024,7,20
65147,47480,19146,3,76.8,2025-08-15 01:19:00+00:00,Unknown,230.4,2025,8,15
69089,44636,19502,1,34.5,2024-08-23 13:03:40.448000+00:00,Unknown,34.5,2024,8,23
72231,45379,19141,2,54.25,2024-02-11 15:05:05+00:00,Unknown,108.5,2024,2,11
67792,47544,19172,2,65.0,2025-07-24 20:36:29+00:00,Unknown,130.0,2025,7,24
67349,45665,19079,4,30.0,2025-03-03 14:46:12+00:00,Unknown,120.0,2025,3,3
62836,47615,19125,2,19.99,2025-07-26 11:45:20+00:00,Unknown,39.98,2025,7,26
70442,45463,19550,1,33.5,2024-06-30 01:14:37+00:00,Unknown,33.5,2024,6,30
72818,44729,19522,2,83.7,2025-06-09 15:07:53+00:00,Unknown,167.4,2025,6,9
68832,46127,19483,2,56.0,2025-01-23 23:36:00+00:00,Unknown,112.0,2025,1,23
67986,45888,19179,2,64.2,2025-06-01 06:21:38+00:00,Unknown,128.4,2025,6,1
65836,46713,19043,1,21.25,2024-07-06 15:28:32+00:00,Unknown,21.25,2024,7,6
62968,47007,19505,1,20.4,2024-12-12 00:55:54+00:00,"Apt. 987 936 Parisian Via, Kathyrnton, FL 82582",20.4,2024,12,12
69524,46700,19227,1,51.99,2024-12-09 22:59:26+00:00,Unknown,51.99,2024,12,9
72682,46177,19116,3,18.0,2025-02-04 12:35:57+00:00,Unknown,54.0,2025,2,4
69432,46040,18920,1,37.5,2024-10-05 15:34:18+00:00,"Suite 853 424 Hane Trail, Lake Hobert, VA 94840",37.5,2024,10,5
69893,45336,19104,2,66.3,2025-04-11 11:34:37+00:00,Unknown,132.6,2025,4,11
71763,44639,19263,1,30.0,2024-07-18 07:04:25+00:00,Unknown,30.0,2024,7,18
68279,46473,19033,1,28.0,2024-10-16 12:04:00+00:00,"8611 Hand Gardens, East Tommie, HI 73638-5255",28.0,2024,10,16
72073,46184,19156,2,39.75,2024-11-18 13:54:59+00:00,"Suite 277 9430 Feeney Lane, Leandroville, SC 25280",79.5,2024,11,18
64032,46983,19506,1,58.5,2025-04-13 17:01:24+00:00,Unknown,58.5,2025,4,13
64879,45646,18900,1,64.99,2025-01-21 18:30:11+00:00,Unknown,64.99,2025,1,21
68302,45590,18975,2,63.9,2025-01-06 18:07:30.237000+00:00,Unknown,127.8,2025,1,6
73709,44686,19288,2,52.99,2025-01-05 11:03:00+00:00,Unknown,105.98,2025,1,5
66526,45200,19187,1,62.25,2024-12-10 00:03:40.071000+00:00,Unknown,62.25,2024,12,10
70722,47084,18869,4,23.0,2025-03-12 01:14:05.857000+00:00,Unknown,92.0,2025,3,12
65018,44375,19416,3,77.4,2025-01-16 18:44:00+00:00,Unknown,232.2,2025,1,16
63392,47366,19015,1,58.75,2024-06-01 23:20:11+00:00,Unknown,58.75,2024,6,1
68439,46661,18898,1,71.75,2025-03-05 11:41:16+00:00,Unknown,71.75,2025,3,5
64059,44873,19249,1,63.0,2025-07-26 16:01:00+00:00,Unknown,63.0,2025,7,26
66020,44984,19283,1,15.0,2025-05-10 17:11:19.130000+00:00,Unknown,15.0,2025,5,10
64180,47116,19096,2,23.0,2024-05-27 22:08:08+00:00,Unknown,46.0,2024,5,27
73287,47600,19515,1,67.0,2024-11-07 14:25:56.598000+00:00,Unknown,67.0,2024,11,7
64765,44813,19395,2,42.75,2025-01-13 10:50:45+00:00,Unknown,85.5,2025,1,13
67802,46766,19068,1,54.0,2024-10-20 22:01:46+00:00,"Apt. 844 221 Lang Passage, Simonismouth, OH 75192-3215",54.0,2024,10,20
67596,44445,18846,1,18.25,2024-11-09 00:04:07.051000+00:00,Unknown,18.25,2024,11,9
69165,46815,19112,1,17.25,2024-05-25 09:02:36+00:00,Unknown,17.25,2024,5,25
71697,47168,19197,1,42.0,2025-08-27 10:48:20+00:00,Unknown,42.0,2025,8,27
67023,45207,19435,1,69.0,2025-03-08 23:21:00+00:00,Unknown,69.0,2025,3,8
66708,45263,18958,1,15.75,2024-11-24 17:54:21.746000+00:00,"Suite 393 59149 Simonis Tunnel, Wunschfurt, NV 97135",15.75,2024,11,24
64440,47135,19034,5,50.25,2024-09-25 08:52:23+00:00,Unknown,251.25,2024,9,25
72414,45854,19151,1,51.59,2025-01-22 04:53:09+00:00,Unknown,51.59,2025,1,22
68520,45490,19471,2,50.4,2025-04-29 17:17:00+00:00,Unknown,100.8,2025,4,29
64941,46505,19328,1,37.2,2025-01-11 12:23:49+00:00,Unknown,37.2,2025,1,11
64734,46598,19333,2,31.5,2024-09-09 15:39:06+00:00,Unknown,63.0,2024,9,9
71163,46583,18893,3,52.0,2025-04-01 19:23:52+00:00,"989 Gibson Stravenue, Dirkchester, WI 06524-4930",156.0,2025,4,1
65773,46336,19226,1,25.0,2024-11-24 01:40:00+00:00,Unknown,25.0,2024,11,24
68799,47020,19223,1,25.2,2024-09-14 23:18:58+00:00,"5495 Latoyia Greens, Nenaland, WA 77485",25.2,2024,9,14
63025,45220,19263,1,27.5,2025-01-11 13:11:00+00:00,Unknown,27.5,2025,1,11
72750,47601,19194,1,37.5,2024-06-18 14:48:00+00:00,Unknown,37.5,2024,6,18
62765,45907,19163,1,16.99,2024-08-11 08:55:38+00:00,Unknown,16.99,2024,8,11
73554,44485,19026,5,19.99,2025-03-21 03:31:00+00:00,Unknown,99.95,2025,3,21
72780,45458,19480,1,85.8,2024-05-12 19:46:26+00:00,Unknown,85.8,2024,5,12
67526,45644,19175,1,38.25,2025-06-19 23:00:00+00:00,Unknown,38.25,2025,6,19
71944,45436,18954,1,33.75,2025-01-25 00:56:37+00:00,Unknown,33.75,2025,1,25
73794,45528,19419,1,60.0,2024-12-24 08:18:00+00:00,Unknown,60.0,2024,12,24
63804,45306,19000,3,57.0,2024-07-22 08:42:00+00:00,Unknown,171.0,2024,7,22
69617,46315,18885,1,30.0,2024-11-07 21:24:32+00:00,Unknown,30.0,2024,11,7
67632,47058,19113,1,76.0,2024-09-08 12:39:51+00:00,Unknown,76.0,2024,9,8
70464,44720,19167,3,41.0,2024-06-26 22:26:17+00:00,Unknown,123.0,2024,6,26
70512,46707,19116,2,19.25,2024-12-19 19:29:07+00:00,Unknown,38.5,2024,12,19
69390,45693,19209,1,33.0,2024-12-06 11:51:26+00:00,Unknown,33.0,2024,12,6
71246,45435,19390,3,42.9,2025-03-12 11:13:00+00:00,Unknown,128.7,2025,3,12
66871,45615,19161,1,32.0,2024-10-04 13:14:00+00:00,Unknown,32.0,2024,10,4
69549,46146,19424,1,18.0,2024-12-21 02:09:00+00:00,Unknown,18.0,2024,12,21
73443,45114,19402,3,25.75,2024-11-01 00:31:58+00:00,Unknown,77.25,2024,11,1
62848,45125,19129,1,24.5,2024-08-08 20:18:53+00:00,Unknown,24.5,2024,8,8
63948,47476,19181,1,78.6,2024-06-13 22:30:35+00:00,Unknown,78.6,2024,6,13
72136,46563,19057,1,82.5,2024-10-29 01:55:27+00:00,Unknown,82.5,2024,10,29
70189,44595,19381,1,34.8,2024-12-11 11:40:00+00:00,"Suite 839 370 Floretta Rest, Joellestad, VT 66973-0542",34.8,2024,12,11
67418,46440,19081,1,22.5,2024-10-13 07:05:00+00:00,Unknown,22.5,2024,10,13
65823,46999,19416,1,66.0,2024-08-03 10:50:21.888000+00:00,"Apt. 920 9700 Hintz Flat, Pedrostad, NE 48821",66.0,2024,8,3
73547,45832,19037,1,25.5,2025-04-12 00:59:09+00:00,"Suite 469 843 Chu Cove, Connmouth, IA 53133-3503",25.5,2025,4,12
73237,47177,19412,1,37.19,2024-12-31 03:56:34+00:00,Unknown,37.19,2024,12,31
62794,44548,19116,1,18.5,2024-07-06 23:01:00+00:00,Unknown,18.5,2024,7,6
70430,46445,19359,2,60.3,2025-05-14 00:54:20+00:00,Unknown,120.6,2025,5,14
73234,45391,19354,1,40.5,2025-03-07 11:50:15+00:00,Unknown,40.5,2025,3,7
62880,44972,19157,1,34.5,2024-10-22 01:38:18+00:00,"4568 Hammes Cliff, Johnstonhaven, WY 30746",34.5,2024,10,22
72657,47342,19026,1,20.25,2025-05-05 04:20:02+00:00,Unknown,20.25,2025,5,5
72688,46694,19536,1,64.75,2024-10-11 00:49:30+00:00,Unknown,64.75,2024,10,11
73804,47613,19498,1,52.5,2025-02-07 04:32:00+00:00,"Suite 221 9695 Kohler Pass, South Yeemouth, OK 95953-9336",52.5,2025,2,7
70340,46727,19382,1,30.99,2025-02-22 13:45:17+00:00,Unknown,30.99,2025,2,22
68436,45217,18931,1,34.75,2024-12-23 05:17:31+00:00,Unknown,34.75,2024,12,23
65500,44380,19458,3,69.59,2024-11-14 18:51:00+00:00,Unknown,208.77,2024,11,14
73032,44745,18948,1,21.59,2024-08-05 02:14:28.834000+00:00,Unknown,21.59,2024,8,5
69654,44742,18928,2,26.4,2025-05-24 07:15:13+00:00,Unknown,52.8,2025,5,24
73736,45177,19522,1,69.0,2024-11-30 09:05:37+00:00,"80712 Thiel Manor, Florencioburgh, CO 89231",69.0,2024,11,30
66729,44872,19396,1,42.0,2025-03-08 13:01:45+00:00,Unknown,42.0,2025,3,8
63955,46835,19165,1,37.2,2025-03-30 15:56:50+00:00,Unknown,37.2,2025,3,30
69959,46786,19424,1,20.5,2024-08-05 10:57:07+00:00,Unknown,20.5,2024,8,5
65210,47130,19004,1,83.7,2025-01-18 19:16:42+00:00,Unknown,83.7,2025,1,18
70046,45549,19203,1,70.8,2024-09-28 16:12:54+00:00,Unknown,70.8,2024,9,28
66258,46422,19145,1,69.0,2024-11-27 09:07:37+00:00,Unknown,69.0,2024,11,27
68802,46082,19523,1,28.0,2025-02-04 07:28:23+00:00,Unknown,28.0,2025,2,4
63424,46031,19018,1,14.0,2025-03-08 04:34:01+00:00,Unknown,14.0,2025,3,8
66114,45901,18844,2,39.0,2025-01-06 07:37:27+00:00,Unknown,78.0,2025,1,6
72043,44366,19034,1,56.7,2025-02-27 05:27:13.736000+00:00,Unknown,56.7,2025,2,27
73527,47218,19356,1,54.5,2025-01-03 11:04:36+00:00,"Apt. 822 57376 Jast Crescent, South Deandreland, AL 75021-2859",54.5,2025,1,3
68087,44801,19458,1,58.0,2024-12-22 10:36:04+00:00,Unknown,58.0,2024,12,22
72023,46185,19068,1,50.75,2024-10-06 08:31:22+00:00,"Apt. 499 669 Freida Pike, Rolfsonborough, TX 61102-0000",50.75,2024,10,6
71722,45962,19317,2,24.5,2025-01-18 06:50:00+00:00,Unknown,49.0,2025,1,18
68430,45343,18859,1,52.25,2024-12-17 22:48:00+00:00,Unknown,52.25,2024,12,17
69073,46365,19338,4,82.79,2025-01-04 10:43:06+00:00,Unknown,331.16,2025,1,4
68158,44768,19556,1,31.5,2024-04-29 03:56:50+00:00,"4696 Austin Avenue, Lemuelchester, SD 81080-9008",31.5,2024,4,29
73254,44826,19343,1,87.6,2025-01-24 05:22:57+00:00,Unknown,87.6,2025,1,24
73464,46575,19248,5,59.0,2025-08-14 22:36:05.730000+00:00,Unknown,295.0,2025,8,14
63993,45721,19247,1,61.99,2025-06-21 00:57:50+00:00,Unknown,61.99,2025,6,21
67900,44347,19289,2,29.5,2024-12-15 14:57:00+00:00,"Suite 348 8546 Kovacek Terrace, Chasemouth, FL 44325-7045",59.0,2024,12,15
68155,46199,19373,1,59.1,2024-10-07 17:16:21+00:00,Unknown,59.1,2024,10,7
71851,47503,19404,1,30.99,2024-08-21 06:36:40+00:00,Unknown,30.99,2024,8,21
69380,47588,18937,2,66.99,2024-06-13 17:29:00+00:00,"45460 Ferry Plains, Goodwinbury, WV 54016",133.98,2024,6,13
63561,46990,19072,1,63.5,2024-06-23 22:49:38+00:00,Unknown,63.5,2024,6,23
69699,47431,19048,1,29.75,2024-10-30 21:35:58+00:00,Unknown,29.75,2024,10,30
69232,46390,19165,1,37.8,2025-04-22 12:42:11+00:00,Unknown,37.8,2025,4,22
73139,44559,19277,1,61.5,2024-09-08 17:57:27+00:00,"2887 Temeka Mount, West Milohaven, LA 04721",61.5,2024,9,8
70171,47540,19257,1,82.2,2025-01-09 07:32:47+00:00,Unknown,82.2,2025,1,9
72161,46676,19033,1,28.25,2024-07-15 10:46:07+00:00,"Apt. 587 77736 Champlin Roads, Port Georgann, PA 81424",28.25,2024,7,15
71210,44979,19489,1,36.0,2024-12-02 08:39:16+00:00,Unknown,36.0,2024,12,2
64928,45923,18920,5,50.4,2025-03-11 05:43:47+00:00,Unknown,252.0,2025,3,11
64572,46389,18847,1,50.4,2024-06-09 16:37:38+00:00,Unknown,50.4,2024,6,9
71096,44544,19289,1,32.7,2024-12-04 22:21:00+00:00,Unknown,32.7,2024,12,4
72392,45945,18940,5,20.7,2024-12-11 06:52:29.454000+00:00,Unknown,103.5,2024,12,11
65102,45206,19466,3,27.0,2024-12-17 03:19:00+00:00,"739 Raynor Lights, Boehmbury, NV 94555",81.0,2024,12,17
64278,44897,19351,2,24.0,2024-09-17 21:03:50+00:00,"Apt. 112 14727 Bahringer Creek, Strosinstad, MS 40520-3986",48.0,2024,9,17
66155,46235,19480,1,88.8,2025-05-17 18:52:20.707000+00:00,Unknown,88.8,2025,5,17
67985,47365,19536,1,69.75,2024-10-30 13:02:30+00:00,Unknown,69.75,2024,10,30
69189,47247,18840,1,47.0,2024-11-11 06:41:47+00:00,Unknown,47.0,2024,11,11
70972,45195,19427,2,37.99,2024-06-25 13:04:11+00:00,Unknown,75.98,2024,6,25
72624,47154,18925,1,28.25,2025-01-25 21:40:22+00:00,Unknown,28.25,2025,1,25
70830,45104,18951,1,69.25,2025-03-07 16:06:23.532000+00:00,Unknown,69.25,2025,3,7
72841,46657,18878,3,35.0,2024-07-23 23:40:06+00:00,Unknown,105.0,2024,7,23
68634,45146,18905,1,71.99,2025-02-16 20:25:57+00:00,Unknown,71.99,2025,2,16
63911,46051,19227,1,52.25,2025-01-05 15:57:13+00:00,Unknown,52.25,2025,1,5
64238,47448,19137,2,51.5,2024-11-30 02:01:46+00:00,Unknown,103.0,2024,11,30
72423,47048,19248,2,64.8,2025-01-01 04:28:28+00:00,"Suite 185 87081 Feeney Forges, Goodwinmouth, RI 46582",129.6,2025,1,1
70746,47075,19097,1,67.75,2024-08-24 23:18:00+00:00,"6007 Kuhic Run, North Judson, NH 90532-6015",67.75,2024,8,24
68276,45029,19317,1,20.25,2024-12-01 18:14:00+00:00,Unknown,20.25,2024,12,1
63873,47542,19422,1,31.99,2024-07-24 21:13:25+00:00,Unknown,31.99,2024,7,24
70586,46059,19082,3,14.25,2025-01-26 16:01:44+00:00,Unknown,42.75,2025,1,26
71504,47238,19280,1,47.0,2024-08-14 10:14:05+00:00,Unknown,47.0,2024,8,14
71761,45277,19583,1,53.0,2025-01-18 20:53:56+00:00,Unknown,53.0,2025,1,18
68966,46703,19035,2,23.7,2025-01-31 02:11:00+00:00,Unknown,47.4,2025,1,31
67361,45414,19434,3,19.2,2024-09-23 13:06:00+00:00,"Apt. 528 11358 Minna Islands, Vandervortmouth, ID 92098-6314",57.6,2024,9,23
67709,45185,19210,2,38.0,2024-11-12 15:05:00+00:00,Unknown,76.0,2024,11,12
72355,45682,19149,1,29.4,2025-01-05 21:17:31.746000+00:00,Unknown,29.4,2025,1,5
69429,45468,19584,2,45.9,2024-08-04 21:08:38+00:00,Unknown,91.8,2024,8,4
69565,46481,19199,1,17.5,2025-03-15 21:03:12+00:00,Unknown,17.5,2025,3,15
73108,44788,19186,1,30.99,2025-06-23 14:16:38+00:00,Unknown,30.99,2025,6,23
73411,46938,19506,2,58.25,2025-04-23 09:59:53+00:00,"237 Bashirian Spring, Micahfort, MT 80998-3420",116.5,2025,4,23
68438,44644,18994,1,38.0,2024-12-29 11:47:00+00:00,Unknown,38.0,2024,12,29
68999,45523,19006,2,48.5,2024-12-20 20:50:48+00:00,Unknown,97.0,2024,12,20
63041,47130,19129,1,26.75,2024-12-19 13:09:00+00:00,Unknown,26.75,2024,12,19
68598,45297,19213,1,29.0,2024-09-25 23:34:00+00:00,"Suite 545 615 Watsica Station, Rosenbaumberg, AR 21456-4192",29.0,2024,9,25
66262,46453,19263,2,29.99,2024-09-30 08:03:04.489000+00:00,Unknown,59.98,2024,9,30
72861,47118,18913,5,44.5,2024-10-25 17:46:16+00:00,Unknown,222.5,2024,10,25
72846,47028,19257,1,82.2,2024-10-31 03:50:27+00:00,"2810 Jama Junction, Bennyfort, SD 74014",82.2,2024,10,31
70765,46592,19301,2,72.25,2025-03-30 03:11:46+00:00,Unknown,144.5,2025,3,30
71053,45493,19457,1,27.99,2024-08-15 21:22:00+00:00,Unknown,27.99,2024,8,15
65658,46041,18950,1,47.99,2025-01-23 16:00:00+00:00,Unknown,47.99,2025,1,23
64360,45668,19017,1,58.99,2025-01-12 02:15:56+00:00,Unknown,58.99,2025,1,12
63094,45180,18955,1,84.9,2024-08-26 20:07:00+00:00,Unknown,84.9,2024,8,26
63640,45429,19397,1,32.39,2024-10-07 10:34:44.658000+00:00,Unknown,32.39,2024,10,7
73418,47235,19105,2,34.0,2025-07-26 14:24:17+00:00,Unknown,68.0,2025,7,26
70845,45418,19067,1,44.5,2024-10-03 01:51:00+00:00,Unknown,44.5,2024,10,3
63031,45143,19535,2,66.5,2025-04-11 23:32:52+00:00,Unknown,133.0,2025,4,11
68514,46168,19256,1,64.75,2024-07-02 17:13:34+00:00,"3959 Stark Trail, East Teisha, LA 57918",64.75,2024,7,2
70010,45399,19170,1,70.25,2024-12-07 08:54:06+00:00,Unknown,70.25,2024,12,7
73642,46335,19502,1,34.75,2024-07-25 02:05:45+00:00,Unknown,34.75,2024,7,25
71520,46865,19466,2,20.5,2024-06-30 17:00:26.786000+00:00,Unknown,41.0,2024,6,30
64125,44390,18976,2,23.99,2025-03-25 12:24:00+00:00,Unknown,47.98,2025,3,25
69191,45464,19561,1,27.59,2025-05-28 23:38:23+00:00,Unknown,27.59,2025,5,28
65801,44868,18871,1,59.0,2024-11-09 20:07:00+00:00,Unknown,59.0,2024,11,9
63937,47495,19123,1,58.2,2025-04-13 17:45:47+00:00,Unknown,58.2,2025,4,13
68763,46493,19049,2,55.5,2025-01-21 02:14:10.369000+00:00,Unknown,111.0,2025,1,21
70092,44887,19430,2,57.5,2024-11-26 20:59:37+00:00,Unknown,115.0,2024,11,26
67626,46096,19109,1,38.5,2024-08-28 20:37:07.823000+00:00,Unknown,38.5,2024,8,28
66728,45209,18948,1,19.5,2024-09-27 05:42:53.516000+00:00,Unknown,19.5,2024,9,27
70677,47292,19393,1,24.3,2024-10-16 13:11:00+00:00,Unknown,24.3,2024,10,16
71826,45130,19572,1,16.25,2025-02-28 16:52:00+00:00,Unknown,16.25,2025,2,28
66631,45613,19284,2,50.0,2024-05-30 06:13:45.720000+00:00,"275 Matthew Lodge, North Edgardofurt, ME 88367-3580",100.0,2024,5,30
65241,46384,19518,1,30.75,2024-12-28 02:48:00+00:00,"Suite 665 58159 Shiela Harbor, North Pasqualeport, OH 78662",30.75,2024,12,28
63499,46769,19510,2,16.0,2025-07-09 04:02:00+00:00,Unknown,32.0,2025,7,9
64503,45937,19229,4,18.5,2025-04-27 04:11:54+00:00,Unknown,74.0,2025,4,27
63219,44471,19137,3,60.9,2024-09-08 16:03:47+00:00,Unknown,182.7,2024,9,8
69181,44955,19502,1,36.5,2024-09-03 01:49:15+00:00,Unknown,36.5,2024,9,3
63341,45544,19495,2,29.5,2024-12-09 09:07:11+00:00,Unknown,59.0,2024,12,9
65134,45749,18902,1,18.0,2024-09-04 10:34:27+00:00,"Apt. 805 4066 Fay Village, Port Orville, MD 05350",18.0,2024,9,4
66895,46033,19294,1,49.0,2024-05-27 17:32:00+00:00,Unknown,49.0,2024,5,27
71152,45443,19261,2,69.0,2025-01-28 16:00:15+00:00,Unknown,138.0,2025,1,28
69505,46186,18991,2,53.5,2024-05-29 16:35:06+00:00,Unknown,107.0,2024,5,29
64073,45517,19303,3,79.19,2025-02-19 13:42:28+00:00,Unknown,237.57,2025,2,19
68480,46159,19218,4,71.99,2025-01-02 00:03:00+00:00,"Suite 460 114 Veum Squares, South Jarredport, FL 02211",287.96,2025,1,2
70932,46910,19541,2,27.5,2025-03-12 05:33:10+00:00,"920 Letha Pike, West Gilbert, NM 83012",55.0,2025,3,12
65481,45074,18910,1,47.75,2024-10-24 23:43:00+00:00,"Suite 253 68530 Schuster Locks, Port Dayna, HI 52968-7117",47.75,2024,10,24
64660,44796,19209,1,35.4,2024-11-12 00:31:44+00:00,Unknown,35.4,2024,11,12
66160,47538,19202,1,52.99,2025-06-09 23:57:17.065000+00:00,Unknown,52.99,2025,6,9
68337,47152,19170,1,81.9,2025-05-16 03:14:33+00:00,Unknown,81.9,2025,5,16
73077,46168,19434,1,20.39,2025-02-01 15:34:00+00:00,Unknown,20.39,2025,2,1
69994,46031,19003,1,35.99,2025-04-27 17:04:44+00:00,Unknown,35.99,2025,4,27
69170,47054,18920,5,40.0,2024-09-15 08:05:58+00:00,Unknown,200.0,2024,9,15
72943,44423,19426,1,43.0,2024-10-22 13:44:00+00:00,Unknown,43.0,2024,10,22
64549,46243,18968,1,68.25,2024-11-30 08:54:22+00:00,Unknown,68.25,2024,11,30
65630,46448,19297,2,54.25,2024-12-18 05:32:00+00:00,"Suite 261 33370 Stroman Plaza, South Janellchester, NM 96003-6361",108.5,2024,12,18
66924,44748,19457,1,25.0,2024-06-12 06:39:00+00:00,Unknown,25.0,2024,6,12
68732,46970,19196,3,15.6,2025-06-22 17:19:32+00:00,Unknown,46.8,2025,6,22
65954,44973,19275,1,64.2,2024-05-05 19:57:19.480000+00:00,"Apt. 186 290 Moore Mountains, Strosinside, NM 96486-4138",64.2,2024,5,5
64010,44398,19247,1,61.0,2025-05-23 07:02:00+00:00,Unknown,61.0,2025,5,23
68131,45221,19563,1,67.5,2025-01-14 18:13:24+00:00,"Apt. 977 91588 Reynolds Bypass, Herschelburgh, MO 77269",67.5,2025,1,14
67070,45470,19280,1,46.5,2024-10-17 02:47:05+00:00,"2573 Carlton Forges, West Amandabury, IN 88994-4870",46.5,2024,10,17
67866,45116,18926,1,43.2,2024-09-23 22:57:45+00:00,Unknown,43.2,2024,9,23
63853,45800,18845,1,61.0,2024-09-14 12:58:05+00:00,Unknown,61.0,2024,9,14
64676,45405,19217,1,31.0,2024-11-09 14:54:51+00:00,Unknown,31.0,2024,11,9
72052,46025,19174,1,36.9,2024-08-28 03:00:21+00:00,Unknown,36.9,2024,8,28
70754,45526,18965,1,65.5,2025-01-12 19:11:00+00:00,"Suite 890 3435 Cormier Point, Edmundport, WI 15262",65.5,2025,1,12
71988,44876,19290,1,26.99,2024-11-08 20:55:07+00:00,"36928 Fadel Street, Port Berniefurt, TX 05458-7066",26.99,2024,11,8
69877,45819,19128,1,86.7,2025-08-28 02:47:52+00:00,Unknown,86.7,2025,8,28
71817,46405,19207,1,57.0,2024-06-25 14:54:46+00:00,Unknown,57.0,2024,6,25
67329,45961,19136,1,49.75,2024-10-06 23:52:43+00:00,Unknown,49.75,2024,10,6
66714,44719,18849,1,34.99,2025-04-15 18:50:00+00:00,Unknown,34.99,2025,4,15
66946,46407,19478,1,66.0,2024-07-19 14:48:31+00:00,Unknown,66.0,2024,7,19
72260,46547,18993,3,81.59,2025-01-07 04:52:56+00:00,"14659 Keeling Village, East Annitaberg, MD 79633",244.77,2025,1,7
73371,46234,18887,2,50.75,2025-01-24 00:05:44+00:00,Unknown,101.5,2025,1,24
68534,44599,19212,1,61.19,2024-09-04 13:40:00+00:00,Unknown,61.19,2024,9,4
68970,47112,19107,1,70.0,2025-01-26 08:40:33+00:00,Unknown,70.0,2025,1,26
67543,46052,19120,1,65.75,2025-02-21 03:08:57+00:00,"Suite 652 302 Marvin Flats, West Norbertville, HI 29718",65.75,2025,2,21
68479,46392,19508,3,35.0,2024-10-07 17:53:18+00:00,"2008 Kurtis Mountains, Port Dalila, MI 83500-5747",105.0,2024,10,7
70821,45254,19197,1,43.5,2025-01-13 19:05:00+00:00,Unknown,43.5,2025,1,13
63343,47124,19346,1,45.59,2024-11-14 18:30:36+00:00,Unknown,45.59,2024,11,14
67620,45559,19530,1,25.19,2024-09-16 01:14:00+00:00,Unknown,25.19,2024,9,16
65073,45488,19072,1,58.0,2024-10-01 19:43:46+00:00,Unknown,58.0,2024,10,1
64403,46597,18861,1,34.5,2025-07-31 14:11:06+00:00,Unknown,34.5,2025,7,31
66162,46999,18931,1,43.5,2025-01-18 03:38:11+00:00,Unknown,43.5,2025,1,18
71930,45360,19183,1,19.75,2024-12-31 18:43:53+00:00,Unknown,19.75,2024,12,31
66222,45252,19477,2,54.6,2025-03-05 06:21:38.618000+00:00,Unknown,109.2,2025,3,5
70899,46623,18898,1,87.0,2024-03-18 04:29:01+00:00,Unknown,87.0,2024,3,18
66341,46995,18923,1,28.5,2024-05-14 11:50:51+00:00,Unknown,28.5,2024,5,14
70682,47320,19248,1,59.99,2024-12-11 18:04:38+00:00,"Apt. 971 974 Eli Hill, Georgettemouth, RI 40360-8776",59.99,2024,12,11
72919,46559,18957,2,59.25,2024-03-15 02:40:51+00:00,Unknown,118.5,2024,3,15
72441,46031,19112,1,22.8,2025-05-15 22:38:58+00:00,Unknown,22.8,2025,5,15
72130,44649,19108,1,42.75,2025-08-18 20:26:06+00:00,"Suite 993 270 Colleen Run, Beerton, AK 49043-4374",42.75,2025,8,18
66007,46391,19326,2,32.4,2024-04-23 23:57:50+00:00,Unknown,64.8,2024,4,23
64139,47601,18840,1,47.25,2024-10-11 01:19:56+00:00,Unknown,47.25,2024,10,11
70456,44982,19541,1,27.25,2025-06-11 19:15:09+00:00,Unknown,27.25,2025,6,11
65260,47208,19305,1,57.5,2024-12-31 22:28:08.088000+00:00,"Apt. 964 28310 Erick Hill, Zboncakmouth, AK 07825",57.5,2024,12,31
65598,45913,19041,1,16.75,2025-04-14 20:45:00+00:00,Unknown,16.75,2025,4,14
72568,45905,18904,2,36.5,2024-09-08 13:09:00+00:00,Unknown,73.0,2024,9,8
65098,47194,18921,2,45.5,2025-01-27 23:56:27+00:00,Unknown,91.0,2025,1,27
66661,45418,19357,1,16.0,2024-12-13 13:10:10+00:00,Unknown,16.0,2024,12,13
73378,44971,19124,1,57.25,2025-01-02 10:38:50+00:00,"5834 Metz Street, Yeefort, CO 55323-7251",57.25,2025,1,2
63276,46432,19195,4,71.0,2024-11-05 07:17:06+00:00,Unknown,284.0,2024,11,5
67308,45332,19351,1,28.0,2025-01-01 18:47:46+00:00,"267 Daniel Centers, New Marcelinofurt, PA 44079",28.0,2025,1,1
66113,46877,19127,1,59.0,2025-04-18 11:43:00+00:00,Unknown,59.0,2025,4,18
68147,46741,19465,1,42.75,2025-05-31 07:25:32+00:00,Unknown,42.75,2025,5,31
71631,47228,19567,1,50.0,2024-05-17 04:29:17+00:00,Unknown,50.0,2024,5,17
66636,46994,19488,1,70.5,2025-02-23 20:17:17+00:00,Unknown,70.5,2025,2,23
73563,45634,19484,1,62.4,2024-11-04 23:58:00+00:00,"392 Upton Spur, New Honeyside, OR 44734-8556",62.4,2024,11,4
69952,46210,18838,2,57.0,2024-04-12 05:26:06+00:00,Unknown,114.0,2024,4,12
70797,44820,18929,4,55.2,2024-09-19 19:33:47+00:00,Unknown,220.8,2024,9,19
67422,47482,18948,2,20.5,2025-02-23 19:39:00+00:00,Unknown,41.0,2025,2,23
69742,47245,19528,1,35.1,2024-08-06 01:23:00+00:00,"17866 Lionel Underpass, Port Nikifort, NC 69422",35.1,2024,8,6
73250,47426,19247,4,74.7,2025-03-01 07:51:23+00:00,Unknown,298.8,2025,3,1
66451,44410,19219,2,29.0,2024-11-30 06:47:00+00:00,Unknown,58.0,2024,11,30
71917,47003,18863,1,24.0,2025-01-07 00:02:00+00:00,Unknown,24.0,2025,1,7
71779,45878,18945,1,43.99,2025-02-11 22:45:52+00:00,Unknown,43.99,2025,2,11
70272,44828,18905,1,56.99,2025-04-22 22:40:38+00:00,Unknown,56.99,2025,4,22
72348,45912,18862,1,27.0,2024-06-05 04:30:49+00:00,Unknown,27.0,2024,6,5
67301,47110,19017,1,66.9,2025-02-27 09:42:17+00:00,"831 Torp Spur, Jaskolskimouth, AR 59234",66.9,2025,2,27
65137,47188,19518,1,30.0,2024-06-07 07:12:51+00:00,Unknown,30.0,2024,6,7
63264,46742,19313,2,27.99,2025-08-30 14:19:00+00:00,Unknown,55.98,2025,8,30
67876,45869,19377,1,64.2,2024-11-24 23:17:00+00:00,"650 Fay Orchard, Bahringerfort, DE 91018-9853",64.2,2024,11,24
65072,45497,18870,1,54.25,2024-10-07 03:21:36.723000+00:00,Unknown,54.25,2024,10,7
73518,46161,19526,1,70.25,2025-09-01 21:18:00+00:00,"Apt. 906 66777 Doyle Islands, Donettatown, MD 67566",70.25,2025,9,1
70250,44762,19089,1,51.5,2024-04-25 15:42:00+00:00,Unknown,51.5,2024,4,25
72519,46145,18973,1,56.99,2024-07-07 01:08:21+00:00,Unknown,56.99,2024,7,7
71258,44638,19498,3,52.5,2024-11-19 08:58:59+00:00,"Suite 215 8882 Predovic Trafficway, Carlyshire, SC 29349-9768",157.5,2024,11,19
71948,44411,19440,1,34.8,2024-10-11 10:11:20+00:00,Unknown,34.8,2024,10,11
63968,44343,19213,1,33.0,2025-04-06 20:05:00+00:00,Unknown,33.0,2025,4,6
63304,46175,19211,1,44.5,2025-02-20 09:25:32+00:00,Unknown,44.5,2025,2,20
71972,45371,19174,1,32.25,2024-11-21 22:37:00+00:00,"Suite 199 17226 Champlin Place, Lake Wilmerton, KY 37676-4194",32.25,2024,11,21
66417,46304,19355,1,46.5,2025-01-07 11:11:11+00:00,Unknown,46.5,2025,1,7
71084,47352,19151,1,48.3,2024-08-31 06:59:19+00:00,Unknown,48.3,2024,8,31
64614,46264,19286,1,25.99,2024-12-19 15:02:18+00:00,Unknown,25.99,2024,12,19
66076,47445,19449,1,47.0,2025-05-24 17:24:27+00:00,Unknown,47.0,2025,5,24
71497,46307,19177,1,15.5,2025-03-17 11:52:46.881000+00:00,Unknown,15.5,2025,3,17
69402,46858,19497,1,70.2,2025-05-01 20:10:00+00:00,Unknown,70.2,2025,5,1
72134,45407,18919,1,19.5,2024-11-09 02:41:51+00:00,Unknown,19.5,2024,11,9
73368,46844,19343,1,72.0,2025-05-22 06:04:07+00:00,Unknown,72.0,2025,5,22
71196,44890,19080,3,47.75,2024-09-16 08:29:13+00:00,Unknown,143.25,2024,9,16
65721,45018,18925,1,27.75,2024-02-08 18:42:45+00:00,Unknown,27.75,2024,2,8
71273,44409,19543,1,41.5,2024-09-07 01:21:39+00:00,Unknown,41.5,2024,9,7
73334,46149,19142,1,51.6,2024-07-26 02:23:55+00:00,Unknown,51.6,2024,7,26
63292,45120,19411,1,48.0,2024-07-06 04:38:45+00:00,"342 Jones Junctions, Abshiremouth, NE 88211",48.0,2024,7,6
71814,45041,19137,2,48.0,2025-01-29 08:50:55+00:00,Unknown,96.0,2025,1,29
64441,45200,19545,1,59.7,2024-11-15 03:59:32+00:00,Unknown,59.7,2024,11,15
65795,46934,19332,1,45.6,2024-09-24 03:05:00+00:00,Unknown,45.6,2024,9,24
68022,44552,18854,1,44.99,2025-09-22 15:39:00+00:00,Unknown,44.99,2025,9,22
65979,44659,19065,2,21.75,2024-07-07 17:19:55+00:00,Unknown,43.5,2024,7,7
64166,46202,19034,1,46.99,2024-12-09 06:00:15+00:00,"Apt. 504 15137 Denver Bridge, Port Monroe, WA 84929",46.99,2024,12,9
66876,47248,19439,2,73.0,2025-03-28 14:12:00+00:00,Unknown,146.0,2025,3,28
70775,47369,19463,1,60.5,2025-03-02 04:05:09.413000+00:00,Unknown,60.5,2025,3,2
66014,45686,19196,1,17.5,2024-06-19 10:30:45+00:00,"91643 Anthony Port, Bartolettiside, WY 91338",17.5,2024,6,19
66502,46940,19238,1,17.0,2024-07-30 13:03:19+00:00,Unknown,17.0,2024,7,30
69513,46061,19324,1,65.75,2025-02-19 23:40:02+00:00,Unknown,65.75,2025,2,19
69469,45704,19396,1,54.0,2024-10-30 19:19:27.539000+00:00,Unknown,54.0,2024,10,30
73327,45780,19003,1,39.0,2024-12-28 13:04:31+00:00,Unknown,39.0,2024,12,28
70869,45841,18940,5,23.1,2024-04-25 11:34:08+00:00,Unknown,115.5,2024,4,25
73864,47527,19497,1,53.25,2024-12-17 15:36:01+00:00,Unknown,53.25,2024,12,17
73180,44449,19105,1,36.5,2024-10-20 05:59:40+00:00,Unknown,36.5,2024,10,20
72552,46600,19375,1,23.0,2025-04-01 07:57:57+00:00,"Apt. 647 2601 Jacobs Key, Percyville, AL 64099-0128",23.0,2025,4,1
73581,44921,18925,1,34.2,2024-05-25 12:20:45+00:00,Unknown,34.2,2024,5,25
63925,45516,19042,1,37.19,2024-09-23 01:13:40+00:00,"584 Gale Spring, Fatimahside, WV 28564-3859",37.19,2024,9,23
70024,44899,19083,1,51.0,2024-12-05 09:18:01+00:00,"6927 Goodwin Neck, North Katherineshire, NJ 75101",51.0,2024,12,5
64995,45734,19215,1,18.5,2025-05-23 07:36:00+00:00,Unknown,18.5,2025,5,23
66191,44357,19304,1,28.8,2024-11-16 01:22:29+00:00,Unknown,28.8,2024,11,16
67538,45414,19354,1,39.0,2025-02-03 14:47:28+00:00,Unknown,39.0,2025,2,3
67069,47535,19421,1,24.25,2024-05-15 12:22:53+00:00,Unknown,24.25,2024,5,15
64383,47325,19509,1,52.0,2025-06-02 01:34:26+00:00,"Suite 702 922 Ian Pines, Moenborough, OR 66411",52.0,2025,6,2
68442,44435,18952,1,51.25,2024-09-05 21:01:33+00:00,Unknown,51.25,2024,9,5
69753,44865,18921,1,53.99,2025-01-02 05:51:02+00:00,Unknown,53.99,2025,1,2
66176,44992,18869,1,21.99,2024-12-20 05:49:51+00:00,"740 Stokes Shore, MacGyvermouth, TN 70563-3196",21.99,2024,12,20
67008,46989,19144,4,50.0,2025-10-03 12:45:20.096000+00:00,Unknown,200.0,2025,10,3
71482,45948,19368,1,30.99,2024-09-22 17:57:59+00:00,Unknown,30.99,2024,9,22
72598,45036,19525,1,65.0,2025-03-20 16:16:02+00:00,Unknown,65.0,2025,3,20
73933,45553,18926,3,43.5,2024-07-18 12:02:01+00:00,"Apt. 938 2153 Lavone Fort, Trevorfurt, TN 24809",130.5,2024,7,18
62883,47269,19230,1,73.8,2024-09-26 15:13:00+00:00,Unknown,73.8,2024,9,26
70060,45589,19570,1,50.25,2024-09-28 15:44:56+00:00,Unknown,50.25,2024,9,28
63956,45003,19352,1,30.0,2025-02-17 05:43:03+00:00,"Apt. 257 885 Windler Drive, Satterfieldton, TN 97639",30.0,2025,2,17
68234,44912,19067,1,42.0,2024-04-12 16:09:09+00:00,Unknown,42.0,2024,4,12
63200,44909,19258,2,83.1,2025-06-04 12:07:15+00:00,Unknown,166.2,2025,6,4
63974,47576,18973,2,53.99,2024-09-04 06:03:00+00:00,Unknown,107.98,2024,9,4
65196,45181,18991,1,64.5,2025-03-11 09:01:01+00:00,Unknown,64.5,2025,3,11
63142,46132,19294,1,49.99,2024-12-19 02:33:08+00:00,Unknown,49.99,2024,12,19
67769,46326,19500,2,49.0,2024-11-10 23:54:48.357000+00:00,Unknown,98.0,2024,11,10
71108,45177,19585,3,67.25,2025-02-14 17:56:56+00:00,Unknown,201.75,2025,2,14
71558,46575,19487,1,74.5,2025-03-22 09:43:35+00:00,Unknown,74.5,2025,3,22
71686,44754,18968,1,68.0,2024-07-07 20:37:18+00:00,"59016 Dillon Ridges, Port Berniece, AK 73636-5716",68.0,2024,7,7
72816,45436,19259,1,58.99,2025-03-22 21:22:23+00:00,Unknown,58.99,2025,3,22
71644,45240,19086,1,76.0,2024-10-19 11:34:37+00:00,Unknown,76.0,2024,10,19
71921,47280,19266,3,49.5,2025-04-28 23:10:47+00:00,Unknown,148.5,2025,4,28
68630,46909,19526,1,70.5,2025-03-13 01:34:00+00:00,"5621 Soila Knolls, East Zackmouth, MO 82794-3011",70.5,2025,3,13
63947,45241,18932,2,22.75,2025-05-24 02:28:56+00:00,Unknown,45.5,2025,5,24
64307,44528,19585,1,78.0,2025-05-22 16:39:04+00:00,Unknown,78.0,2025,5,22
72379,45947,19180,1,44.0,2024-11-08 07:15:16+00:00,"53419 Yundt Falls, East Karmahaven, WY 74624",44.0,2024,11,8
71720,46308,18923,1,26.25,2024-10-21 19:57:23+00:00,Unknown,26.25,2024,10,21
69960,45669,19353,1,13.0,2025-02-05 07:47:26+00:00,Unknown,13.0,2025,2,5
70800,47527,19291,1,58.0,2024-08-22 06:05:32+00:00,Unknown,58.0,2024,8,22
73256,45742,19401,1,69.0,2024-08-23 14:46:00+00:00,Unknown,69.0,2024,8,23
65381,46534,19285,1,61.25,2024-10-19 02:32:15.888000+00:00,"Suite 713 5236 Gleichner Isle, Kendrafort, AR 45415-5384",61.25,2024,10,19
68153,44847,19200,1,22.5,2024-12-30 23:48:00+00:00,Unknown,22.5,2024,12,30
70723,46179,19113,1,75.5,2025-02-17 22:31:55+00:00,Unknown,75.5,2025,2,17
64026,44362,19571,2,14.0,2025-01-22 05:37:44.989000+00:00,Unknown,28.0,2025,1,22
69173,44986,18913,1,44.0,2024-11-11 23:08:00+00:00,Unknown,44.0,2024,11,11
73761,46863,19557,1,54.99,2025-07-12 03:21:00+00:00,Unknown,54.99,2025,7,12
64489,46142,19215,1,17.99,2024-10-27 01:23:39+00:00,"485 Weber Rest, West Alycia, MA 27356-7501",17.99,2024,10,27
68941,46610,19202,1,63.59,2025-09-18 18:55:21+00:00,"Suite 213 714 Danyell Ports, Jarvisview, NE 69492",63.59,2025,9,18
71962,47512,19052,1,69.0,2024-11-14 00:00:52+00:00,Unknown,69.0,2024,11,14
63084,44736,19279,1,22.99,2025-03-05 06:43:29+00:00,Unknown,22.99,2025,3,5
65925,47544,18936,1,73.2,2024-04-04 10:27:58.558000+00:00,Unknown,73.2,2024,4,4
66818,45322,18858,5,17.99,2024-12-22 18:24:13+00:00,Unknown,89.95,2024,12,22
62843,45025,19085,1,67.2,2025-03-15 15:11:39+00:00,"36342 Michel Alley, New Edmond, ME 40739-7173",67.2,2025,3,15
65275,45035,19452,2,38.5,2024-09-12 16:32:42+00:00,Unknown,77.0,2024,9,12
69064,47530,19168,1,63.0,2024-11-26 21:59:11+00:00,Unknown,63.0,2024,11,26
70569,44895,18880,1,84.0,2024-08-02 09:47:03+00:00,Unknown,84.0,2024,8,2
71248,45517,18947,1,73.75,2025-03-01 00:06:00+00:00,Unknown,73.75,2025,3,1
68849,46671,19293,1,29.99,2024-11-05 20:07:53+00:00,Unknown,29.99,2024,11,5
64449,45668,19431,1,37.5,2024-05-22 10:01:27+00:00,Unknown,37.5,2024,5,22
69674,46464,19010,1,63.99,2024-10-01 17:14:40.048000+00:00,"Apt. 554 276 Kimiko Turnpike, Arlethamouth, CO 51012",63.99,2024,10,1
66736,46478,19111,3,27.99,2024-11-21 07:44:46.678000+00:00,Unknown,83.97,2024,11,21
67734,44885,19523,1,32.99,2024-06-09 18:44:00+00:00,Unknown,32.99,2024,6,9
70155,46735,19105,4,43.19,2024-06-06 00:57:00+00:00,"Suite 260 37234 Schimmel Gardens, North Verdabury, KS 13820-5562",172.76,2024,6,6
73114,46673,19235,1,63.75,2025-03-05 01:16:43+00:00,Unknown,63.75,2025,3,5
63744,44593,19498,5,48.75,2025-04-02 08:44:17+00:00,Unknown,243.75,2025,4,2
63480,45062,19445,1,60.75,2024-08-15 05:07:16+00:00,"Apt. 245 5042 Annette Islands, South Andreville, AZ 43566",60.75,2024,8,15
70225,47150,19226,1,27.0,2025-01-04 09:43:30+00:00,"Suite 479 745 Torp Summit, New Aline, NH 73339-9530",27.0,2025,1,4
67296,44466,19273,1,42.25,2025-03-03 03:18:48+00:00,Unknown,42.25,2025,3,3
66612,45348,19451,1,66.0,2024-06-08 08:46:46+00:00,Unknown,66.0,2024,6,8
63936,46752,18901,1,73.99,2024-05-30 21:50:31+00:00,"Apt. 738 32871 Wehner Loop, North Floystad, VA 93316-1243",73.99,2024,5,30
63988,46596,19244,1,61.2,2024-11-19 12:38:00+00:00,"Suite 971 3787 Manuela Heights, Rathbury, NE 33248",61.2,2024,11,19
67661,46524,19190,1,55.8,2024-11-21 03:18:00+00:00,Unknown,55.8,2024,11,21
68097,44535,19531,3,29.99,2024-08-01 07:18:00+00:00,Unknown,89.97,2024,8,1
63052,45831,18892,1,30.75,2025-01-25 19:36:00+00:00,Unknown,30.75,2025,1,25
64171,44682,19044,1,59.75,2025-12-02 21:34:34+00:00,Unknown,59.75,2025,12,2
69020,47306,19094,1,64.2,2024-08-14 22:04:00+00:00,"8759 Hal Plaza, Gusview, MS 49606-1448",64.2,2024,8,14
70265,45760,19130,1,30.0,2025-06-29 16:20:00+00:00,"Apt. 669 883 Gerlach Falls, Hermannhaven, WI 44765-8070",30.0,2025,6,29
68108,46240,19506,1,61.5,2025-01-31 07:49:00+00:00,Unknown,61.5,2025,1,31
66549,46763,19123,1,51.0,2025-03-18 16:46:06+00:00,Unknown,51.0,2025,3,18
72299,47231,19257,5,80.4,2024-08-16 22:58:28+00:00,Unknown,402.0,2024,8,16
65334,45440,18864,1,71.25,2024-12-10 11:19:00+00:00,Unknown,71.25,2024,12,10
62855,45486,19249,1,74.4,2025-05-09 15:12:00.015000+00:00,Unknown,74.4,2025,5,9
65565,46326,19112,5,15.0,2024-06-27 16:16:56+00:00,Unknown,75.0,2024,6,27
68547,45657,19089,1,52.75,2024-05-22 14:40:00+00:00,Unknown,52.75,2024,5,22
63234,45600,19404,1,33.59,2024-05-16 16:02:29+00:00,Unknown,33.59,2024,5,16
67478,46793,19317,1,22.5,2025-04-11 05:46:50+00:00,Unknown,22.5,2025,4,11
73836,46482,18948,1,21.0,2024-10-14 12:41:13.887000+00:00,Unknown,21.0,2024,10,14
64353,44928,19575,1,55.0,2025-01-16 21:19:00+00:00,Unknown,55.0,2025,1,16
66675,46034,19100,1,19.0,2025-01-02 15:34:52+00:00,"Apt. 867 498 Ryan Unions, South Jenaehaven, NV 23464",19.0,2025,1,2
62983,47223,19467,1,71.5,2024-05-29 04:06:28+00:00,"51465 Batz Valley, North Lecia, CA 05480-7939",71.5,2024,5,29
62900,45558,18864,2,84.0,2025-03-04 07:53:00+00:00,Unknown,168.0,2025,3,4
62827,46502,19490,4,48.5,2024-12-11 03:21:00+00:00,Unknown,194.0,2024,12,11
73610,47564,18852,1,14.0,2025-05-27 17:13:05+00:00,"47931 Botsford Meadow, West Nan, GA 47842-9623",14.0,2025,5,27
63919,47428,19586,1,17.4,2024-10-01 06:57:07+00:00,Unknown,17.4,2024,10,1
66628,44411,19431,1,38.39,2025-01-07 06:36:14.451000+00:00,"727 O'Hara Spur, Port Annalisaside, TX 53360-5186",38.39,2025,1,7
64479,47426,19231,1,19.8,2025-02-03 05:56:44+00:00,"701 Art Ferry, Sunniside, AK 44468",19.8,2025,2,3
67612,45956,19265,1,50.0,2024-12-22 10:42:58.042000+00:00,Unknown,50.0,2024,12,22
70361,47199,19291,1,58.0,2024-08-24 12:05:52+00:00,Unknown,58.0,2024,8,24
63240,46386,19377,1,62.4,2024-10-30 06:08:30+00:00,Unknown,62.4,2024,10,30
70438,45625,19534,1,49.8,2025-01-28 01:16:26+00:00,Unknown,49.8,2025,1,28
65280,46479,18858,1,21.6,2025-05-19 07:28:00+00:00,"45203 Kathlyn Pike, West Toneyhaven, NE 04330",21.6,2025,5,19
73549,45511,18985,1,57.75,2024-04-21 18:24:22.927000+00:00,Unknown,57.75,2024,4,21
65763,46378,19171,2,41.5,2024-10-06 13:45:00+00:00,Unknown,83.0,2024,10,6
65997,44435,19157,1,31.25,2024-11-28 03:28:28+00:00,Unknown,31.25,2024,11,28
70843,47040,19425,1,52.8,2024-12-30 13:56:57+00:00,Unknown,52.8,2024,12,30
65769,44838,19525,2,62.0,2024-10-06 11:29:22+00:00,Unknown,124.0,2024,10,6
68451,46108,19364,1,61.0,2024-03-12 02:45:00+00:00,Unknown,61.0,2024,3,12
67191,45990,19058,4,24.3,2024-09-20 21:51:20+00:00,Unknown,97.2,2024,9,20
65891,46942,18934,3,16.8,2025-01-13 06:43:00+00:00,Unknown,50.4,2025,1,13
70459,46471,19357,1,20.4,2025-01-02 02:15:23+00:00,Unknown,20.4,2025,1,2
63169,46509,19243,1,39.0,2024-12-18 08:18:11+00:00,Unknown,39.0,2024,12,18
68209,45734,18981,2,67.99,2024-09-18 01:52:29+00:00,Unknown,135.98,2024,9,18
62756,45091,19402,3,28.0,2024-08-09 20:28:23+00:00,Unknown,84.0,2024,8,9
69508,45526,18934,1,18.6,2024-07-24 01:01:17+00:00,Unknown,18.6,2024,7,24
63896,44987,19534,4,41.0,2024-09-05 09:03:59.338000+00:00,Unknown,164.0,2024,9,5
65195,45585,18871,2,70.2,2025-03-26 06:16:18+00:00,"Suite 644 77149 Schiller Villages, Beattyfort, OH 69481-8065",140.4,2025,3,26
71859,47115,18927,1,67.99,2024-03-11 00:30:00+00:00,Unknown,67.99,2024,3,11
70238,47165,19569,1,67.0,2025-01-11 21:14:51.125000+00:00,Unknown,67.0,2025,1,11
64996,45735,19072,2,60.0,2025-04-29 11:53:29+00:00,Unknown,120.0,2025,4,29
65489,47405,19564,1,52.5,2024-09-15 05:30:00+00:00,"Apt. 466 547 Anderson Club, North Gaynellborough, KY 07829-9629",52.5,2024,9,15
68001,46095,19476,1,20.0,2025-01-07 12:17:59+00:00,"2366 Abdul Curve, Kuphalmouth, WY 27208",20.0,2025,1,7
72346,47595,19413,1,37.5,2025-04-21 12:44:54+00:00,"Suite 740 16596 McCullough Keys, Pouroston, SC 39802",37.5,2025,4,21
70249,47483,19153,1,54.5,2024-04-26 11:18:00+00:00,Unknown,54.5,2024,4,26
66215,47411,19587,2,36.0,2025-04-17 09:11:00+00:00,Unknown,72.0,2025,4,17
71102,46741,19199,2,16.5,2025-02-23 18:45:00+00:00,"670 Stracke Orchard, Assuntaville, MO 31092",33.0,2025,2,23
67660,44832,19166,1,63.75,2025-01-08 11:43:12+00:00,"Suite 908 92153 Schiller Forge, North Lancemouth, NY 43644-1422",63.75,2025,1,8
64943,47138,19173,1,61.0,2024-07-08 11:40:29+00:00,Unknown,61.0,2024,7,8
73782,46776,19170,1,72.75,2025-01-17 06:12:31+00:00,"Apt. 368 608 Emmerich Mountain, Lake Dariofurt, OK 20563-5232",72.75,2025,1,17
72985,45197,19199,1,19.0,2024-03-01 23:11:41+00:00,Unknown,19.0,2024,3,1
64156,47178,19576,1,70.8,2024-05-22 05:07:32.888000+00:00,Unknown,70.8,2024,5,22
68924,46220,19283,2,22.8,2025-04-24 12:38:07+00:00,Unknown,45.6,2025,4,24
62851,45071,18982,1,70.8,2024-11-15 18:00:18+00:00,Unknown,70.8,2024,11,15
70263,44872,18926,1,37.25,2024-03-16 03:03:00+00:00,Unknown,37.25,2024,3,16
67388,45985,19378,5,16.8,2024-06-14 19:16:43+00:00,Unknown,84.0,2024,6,14
67021,46878,19524,2,48.5,2025-02-05 15:48:00+00:00,Unknown,97.0,2025,2,5
66399,46915,19369,5,40.2,2024-11-02 05:59:45+00:00,Unknown,201.0,2024,11,2
70526,47267,19426,1,41.0,2025-03-06 11:39:59+00:00,"9499 Connelly Stream, Hillsstad, RI 03947",41.0,2025,3,6
63160,44989,18956,1,55.5,2025-03-07 11:18:53+00:00,Unknown,55.5,2025,3,7
72438,44700,19491,3,42.0,2024-06-24 21:41:00+00:00,Unknown,126.0,2024,6,24
73090,45571,19471,1,41.0,2024-08-02 14:36:00+00:00,Unknown,41.0,2024,8,2
68262,46005,19083,2,46.75,2024-12-15 21:17:27.174000+00:00,"Suite 569 413 Augustus Highway, Lake Harlan, DE 87450",93.5,2024,12,15
64824,44873,19531,5,27.5,2024-09-25 20:32:50+00:00,Unknown,137.5,2024,9,25
65636,44344,19173,2,75.9,2025-02-11 09:32:18+00:00,"Suite 648 9536 Deckow Wells, Rickiemouth, AL 82546",151.8,2025,2,11
67966,46218,19580,4,70.0,2024-07-28 09:14:06+00:00,Unknown,280.0,2024,7,28
67590,47572,18871,1,60.0,2025-03-01 21:53:00+00:00,Unknown,60.0,2025,3,1
73679,47077,19421,1,25.19,2025-03-23 16:52:49+00:00,Unknown,25.19,2025,3,23
67641,45327,19255,2,45.0,2025-06-19 12:15:50.453000+00:00,Unknown,90.0,2025,6,19
62741,46031,19568,2,48.5,2025-07-15 08:33:00+00:00,Unknown,97.0,2025,7,15
70113,47531,18840,1,44.0,2025-04-26 03:04:55+00:00,Unknown,44.0,2025,4,26
71377,44848,19131,1,60.25,2024-10-22 00:42:00+00:00,"Suite 192 12975 Halvorson Points, South Fredrick, MD 79230-3027",60.25,2024,10,22
65592,46637,19217,1,39.6,2025-01-31 17:48:00+00:00,Unknown,39.6,2025,1,31
70768,46633,19117,4,36.0,2025-03-03 07:25:00+00:00,Unknown,144.0,2025,3,3
65193,44464,19022,1,80.4,2024-07-04 05:54:00+00:00,Unknown,80.4,2024,7,4
68395,46503,19070,1,79.2,2024-08-14 06:12:02+00:00,Unknown,79.2,2024,8,14
72168,44646,19009,1,70.99,2024-08-31 07:48:34+00:00,"Apt. 256 948 Odilia Islands, Patriabury, CT 89190",70.99,2024,8,31
71076,46382,19542,1,72.6,2025-01-03 18:07:00+00:00,Unknown,72.6,2025,1,3
65890,44384,19355,1,46.8,2025-01-03 07:57:05+00:00,Unknown,46.8,2025,1,3
63943,45845,19450,1,38.4,2024-12-27 04:26:59+00:00,Unknown,38.4,2024,12,27
67990,46521,19303,1,60.0,2024-09-02 01:19:30+00:00,Unknown,60.0,2024,9,2
69154,45515,19120,1,76.2,2024-06-20 01:12:50+00:00,Unknown,76.2,2024,6,20
67782,47596,19176,1,26.7,2024-12-25 15:38:49+00:00,Unknown,26.7,2024,12,25
69627,46091,19099,1,61.5,2024-08-30 13:21:00+00:00,Unknown,61.5,2024,8,30
62745,47157,19221,1,68.1,2025-05-02 05:09:00+00:00,Unknown,68.1,2025,5,2
68381,46206,19331,2,30.0,2024-06-25 17:32:32+00:00,"333 Marianela Turnpike, Port Dawna, AK 55250",60.0,2024,6,25
65527,45152,19569,1,80.4,2024-03-10 19:04:04+00:00,"2444 Carlene Fields, Paucekville, RI 04188-3154",80.4,2024,3,10
66050,47119,19224,1,58.5,2025-02-07 04:34:08+00:00,"99554 Legros Circle, North Lovettaton, HI 70352",58.5,2025,2,7
66029,45939,19010,1,63.99,2025-04-30 08:44:00+00:00,Unknown,63.99,2025,4,30
71293,46023,19382,3,31.5,2024-10-12 00:22:20+00:00,Unknown,94.5,2024,10,12
65229,45848,18893,2,51.25,2025-05-05 11:51:27+00:00,Unknown,102.5,2025,5,5
70665,45664,19510,1,21.6,2025-01-15 17:47:47+00:00,"Suite 704 6350 Wilfred Crest, Robertsland, IA 76946-6950",21.6,2025,1,15
66664,45567,18914,1,55.5,2024-07-21 02:16:00+00:00,"87797 Maggio Harbor, North Ursulaville, KY 92002",55.5,2024,7,21
67639,46380,19333,1,27.5,2024-12-13 22:10:47+00:00,"Suite 277 744 Jeromy Radial, Lilliaside, NC 72150-8301",27.5,2024,12,13
64806,45903,19146,1,67.5,2024-08-02 12:51:00+00:00,Unknown,67.5,2024,8,2
73103,45677,19099,1,55.0,2025-07-01 20:49:00+00:00,"Apt. 120 24570 Thiel Haven, Leonorburgh, OH 37052",55.0,2025,7,1
71028,44873,18905,1,56.25,2024-12-28 04:28:00+00:00,Unknown,56.25,2024,12,28
63361,44384,19358,1,50.5,2024-06-18 13:59:00+00:00,"6652 Larson Courts, Carlosmouth, MN 12932-3500",50.5,2024,6,18
70488,45581,19487,1,74.99,2024-11-07 12:13:13+00:00,Unknown,74.99,2024,11,7
63382,45908,19029,1,80.4,2024-11-14 02:55:00+00:00,Unknown,80.4,2024,11,14
68573,46198,18889,4,74.5,2024-09-04 09:12:00+00:00,"40574 Maire Forest, North Maryjaneside, UT 78519-3837",298.0,2024,9,4
71587,46846,19095,4,73.2,2025-06-18 11:57:52+00:00,"42641 Tandra Path, Port Keisha, MS 44821-7148",292.8,2025,6,18
70683,45917,19120,1,62.0,2025-02-14 05:36:00+00:00,"54222 Morgan Junction, North Tawanna, OK 49202",62.0,2025,2,14
72801,44862,19581,1,29.75,2024-07-29 15:10:48+00:00,"Apt. 172 9561 Jaime Key, Adrianeshire, NJ 64168-2257",29.75,2024,7,29
69366,44987,19424,2,16.0,2024-10-13 17:44:00+00:00,"171 Chassidy Fields, East Lizbeth, NM 77964-8149",32.0,2024,10,13
72202,46525,19304,1,26.0,2024-08-29 13:04:09+00:00,"Suite 734 28378 Leuschke Wall, Wittingfort, IL 71594",26.0,2024,8,29
69583,47303,19103,1,35.25,2024-11-09 04:20:13+00:00,Unknown,35.25,2024,11,9
66390,46518,19034,1,51.25,2025-04-12 22:56:25+00:00,Unknown,51.25,2025,4,12
73123,47386,19582,1,45.5,2025-05-25 02:39:24+00:00,Unknown,45.5,2025,5,25
67975,47490,19017,3,53.75,2024-11-30 22:48:00+00:00,Unknown,161.25,2024,11,30
66827,47278,19045,1,41.99,2024-09-04 01:54:16+00:00,Unknown,41.99,2024,9,4
73096,46730,19110,1,73.8,2024-05-10 19:45:11+00:00,Unknown,73.8,2024,5,10
68774,45971,19028,3,61.5,2024-12-26 02:37:37+00:00,Unknown,184.5,2024,12,26
63701,45453,19494,1,39.3,2024-11-02 18:48:18+00:00,Unknown,39.3,2024,11,2
65515,45211,18951,1,70.75,2025-01-08 20:01:00+00:00,"Apt. 707 5804 Rogahn Island, West Antioneburgh, AL 03453-9313",70.75,2025,1,8
70593,44576,19092,1,50.0,2024-12-23 05:52:38+00:00,Unknown,50.0,2024,12,23
70836,47007,19319,1,35.75,2024-11-30 14:36:11+00:00,Unknown,35.75,2024,11,30
68251,47552,18840,1,49.5,2024-07-18 17:10:59+00:00,Unknown,49.5,2024,7,18
66846,45771,19187,2,61.5,2024-10-05 09:57:21+00:00,"5333 Beatty Walk, South Othaland, IA 55446-0664",123.0,2024,10,5
66807,44795,19177,1,16.25,2025-04-09 20:25:36+00:00,Unknown,16.25,2025,4,9
63540,45405,19039,1,43.75,2025-01-07 21:51:00+00:00,"7733 Morissette Passage, South Kacietown, OK 44587",43.75,2025,1,7
68601,44708,19531,1,36.0,2024-09-11 02:37:11+00:00,"896 Suzette Fort, East Doria, MI 13785",36.0,2024,9,11
73853,45151,19124,1,63.9,2024-08-16 05:08:24+00:00,Unknown,63.9,2024,8,16
66643,47399,19559,2,71.99,2024-09-22 23:33:00+00:00,Unknown,143.98,2024,9,22
68848,46535,18839,2,21.75,2025-02-06 17:42:55+00:00,Unknown,43.5,2025,2,6
66555,47306,18998,5,45.99,2024-11-17 06:51:30+00:00,"8759 Hal Plaza, Gusview, MS 49606-1448",229.95,2024,11,17
68444,46011,19420,1,63.0,2024-09-04 04:36:53+00:00,Unknown,63.0,2024,9,4
66265,46987,19446,1,49.99,2024-06-05 14:49:00+00:00,"6416 Kovacek Drive, Port Ahmad, KY 32337",49.99,2024,6,5
69831,46477,19328,1,31.0,2024-11-26 04:12:00+00:00,Unknown,31.0,2024,11,26
71472,46882,19137,1,51.75,2024-11-12 21:52:22+00:00,Unknown,51.75,2024,11,12
73648,45278,19086,2,74.75,2024-08-26 00:32:55+00:00,Unknown,149.5,2024,8,26
73967,45326,19342,1,38.0,2024-08-26 19:33:00+00:00,Unknown,38.0,2024,8,26
73905,46401,18888,1,46.5,2024-10-22 15:18:00+00:00,Unknown,46.5,2024,10,22
67512,45806,19124,1,63.6,2024-06-10 15:49:00+00:00,Unknown,63.6,2024,6,10
72051,46713,19590,3,31.0,2025-02-07 07:40:00+00:00,Unknown,93.0,2025,2,7
71729,46407,19301,1,72.0,2025-02-07 22:37:58+00:00,Unknown,72.0,2025,2,7
71890,46612,19165,1,32.0,2025-05-12 14:00:18+00:00,Unknown,32.0,2025,5,12
66259,45923,19214,3,39.0,2025-09-18 08:35:00+00:00,"Apt. 953 782 Auer Glen, New Jude, KS 83898-0681",117.0,2025,9,18
70287,45124,19459,1,40.0,2024-09-09 12:12:37+00:00,Unknown,40.0,2024,9,9
71479,46850,18942,1,28.2,2025-02-26 16:16:00+00:00,Unknown,28.2,2025,2,26
67364,46325,19215,1,19.0,2025-02-28 01:34:39+00:00,Unknown,19.0,2025,2,28
67231,44746,19300,5,91.2,2025-06-05 15:32:43+00:00,Unknown,456.0,2025,6,5
66579,45374,19386,1,71.5,2025-01-16 17:19:00+00:00,Unknown,71.5,2025,1,16
64990,46544,19255,1,45.0,2025-01-12 10:50:54+00:00,Unknown,45.0,2025,1,12
63178,44522,19064,1,75.59,2024-12-24 01:46:02+00:00,Unknown,75.59,2024,12,24
63053,47551,19096,1,21.6,2025-04-06 20:01:53+00:00,"Suite 305 8658 Pfannerstill Crossing, West Garlandside, ME 38844-3858",21.6,2025,4,6
62789,46708,19452,1,41.0,2025-01-02 22:39:21+00:00,Unknown,41.0,2025,1,2
69180,44737,18901,1,72.99,2024-10-08 20:15:09+00:00,"Apt. 836 72713 Shanahan Club, Port Nicol, NV 81818",72.99,2024,10,8
65867,46481,19002,1,25.0,2025-01-31 17:16:46+00:00,Unknown,25.0,2025,1,31
70234,47579,18955,3,69.25,2024-09-11 22:34:00+00:00,"Apt. 623 39435 Schmitt Keys, East Shannon, WI 62083-1947",207.75,2024,9,11
67842,45320,18917,1,67.5,2024-08-07 22:10:00+00:00,Unknown,67.5,2024,8,7
68154,45628,19234,1,32.4,2025-03-17 13:30:00+00:00,"40851 O'Hara Valleys, North Ernie, HI 89907-1933",32.4,2025,3,17
65734,44705,18873,1,72.0,2024-09-26 02:36:27.398000+00:00,Unknown,72.0,2024,9,26
66413,44618,18981,1,81.9,2024-12-24 00:46:00+00:00,Unknown,81.9,2024,12,24
73271,46319,19115,1,52.0,2025-05-31 06:54:12+00:00,Unknown,52.0,2025,5,31
65559,44414,19465,2,55.19,2024-08-22 18:55:06.867000+00:00,"Apt. 638 51645 Batz Road, Port Teresita, VA 09155",110.38,2024,8,22
66568,44633,19542,2,56.0,2025-01-16 05:26:16+00:00,Unknown,112.0,2025,1,16
64408,45746,19133,3,29.7,2024-10-19 15:29:08+00:00,"Suite 438 83848 Kiehn Spur, Port Valerie, NC 23344-2442",89.1,2024,10,19
71666,44989,19506,2,71.1,2025-04-08 03:18:28+00:00,Unknown,142.2,2025,4,8
65343,46361,19297,1,54.0,2024-10-16 15:19:00+00:00,Unknown,54.0,2024,10,16
68371,45704,18908,3,53.7,2024-09-11 09:10:55+00:00,"6786 Nannette Extensions, East Mathew, MD 11794",161.1,2024,9,11
71512,44924,19428,1,46.99,2025-01-22 01:00:05+00:00,Unknown,46.99,2025,1,22
71976,47171,18964,4,52.0,2025-01-13 13:29:44+00:00,Unknown,208.0,2025,1,13
72082,45935,18899,1,29.99,2025-01-07 08:20:10.414000+00:00,"Apt. 417 38943 Anderson Fork, South Brentonmouth, NM 58118",29.99,2025,1,7
72270,45130,19051,1,89.4,2025-03-20 18:15:39+00:00,Unknown,89.4,2025,3,20
71157,44486,19478,1,54.5,2024-12-30 23:41:00+00:00,Unknown,54.5,2024,12,30
68667,45261,18874,2,56.25,2024-08-28 11:04:00+00:00,Unknown,112.5,2024,8,28
64212,47341,19424,1,17.99,2025-04-03 16:11:00+00:00,"775 Leonia Spurs, Armandofort, TX 80154-3423",17.99,2025,4,3
68365,45934,19289,2,31.25,2024-10-07 08:45:24+00:00,Unknown,62.5,2024,10,7
64603,45729,19425,1,45.25,2024-05-10 03:19:00+00:00,Unknown,45.25,2024,5,10
68841,47180,19258,1,80.4,2025-03-23 02:26:02+00:00,Unknown,80.4,2025,3,23
69356,47309,19494,2,32.99,2024-07-13 04:37:03+00:00,Unknown,65.98,2024,7,13
70479,45176,19392,1,46.75,2025-03-11 21:32:00+00:00,Unknown,46.75,2025,3,11
66150,45251,18921,1,46.0,2025-05-26 16:36:49+00:00,"944 Waters Canyon, Vickieburgh, MO 95190",46.0,2025,5,26
66134,44538,18948,3,25.2,2025-04-30 06:45:28+00:00,Unknown,75.6,2025,4,30
70913,44890,19171,2,40.0,2025-03-23 11:11:10+00:00,Unknown,80.0,2025,3,23
71460,46884,19474,1,36.0,2024-11-02 05:08:00+00:00,Unknown,36.0,2024,11,2
73797,47412,18957,1,61.25,2025-06-11 08:06:00+00:00,Unknown,61.25,2025,6,11
69703,45363,19373,1,61.8,2025-01-19 09:15:13+00:00,Unknown,61.8,2025,1,19
65092,45286,18965,3,65.5,2025-04-05 21:00:14+00:00,Unknown,196.5,2025,4,5
68722,46026,19130,1,22.0,2025-04-19 01:30:29+00:00,Unknown,22.0,2025,4,19
68831,44886,18955,1,83.99,2024-12-08 02:32:16+00:00,Unknown,83.99,2024,12,8
64839,45902,19021,1,36.25,2025-04-19 13:27:27+00:00,"Suite 719 827 Verlene Landing, Coleborough, GA 08473-8301",36.25,2025,4,19
68005,47406,19546,1,43.0,2025-05-17 02:35:52+00:00,"40954 Fritsch Lodge, West Nanette, IL 75628",43.0,2025,5,17
64568,44626,18867,1,58.0,2025-02-27 11:44:27+00:00,Unknown,58.0,2025,2,27
65325,44498,19427,1,47.99,2025-03-07 23:25:00+00:00,Unknown,47.99,2025,3,7
67662,47331,19390,5,41.4,2024-10-29 01:37:40+00:00,Unknown,207.0,2024,10,29
69849,45929,18996,5,49.5,2024-09-28 00:55:50+00:00,Unknown,247.5,2024,9,28
71331,46723,19326,1,24.5,2024-08-13 11:27:35+00:00,Unknown,24.5,2024,8,13
66486,46482,19535,1,68.0,2024-06-18 07:49:13+00:00,Unknown,68.0,2024,6,18
67555,46164,19510,5,17.0,2025-04-26 18:59:20+00:00,Unknown,85.0,2025,4,26
67914,45078,19285,1,73.8,2024-11-21 20:41:00+00:00,Unknown,73.8,2024,11,21
65650,44510,19049,1,58.25,2025-02-18 17:51:00+00:00,Unknown,58.25,2025,2,18
62757,47120,19166,1,63.99,2024-09-17 02:39:40+00:00,Unknown,63.99,2024,9,17
62890,47600,19504,1,61.0,2025-02-01 07:50:55+00:00,Unknown,61.0,2025,2,1
70328,46895,19015,1,60.0,2024-08-29 02:04:13+00:00,"Suite 439 2889 Marcene Plains, Lake Isaias, MO 91614-2737",60.0,2024,8,29
68489,44787,18950,1,53.1,2024-12-12 05:15:00+00:00,"815 Corkery Pines, North Maragaret, UT 90483-4205",53.1,2024,12,12
73044,45351,18985,1,66.0,2025-04-06 13:00:09+00:00,Unknown,66.0,2025,4,6
63411,47455,19186,3,33.3,2025-06-08 23:24:45+00:00,Unknown,99.9,2025,6,8
66578,45447,18871,3,56.0,2025-02-23 19:43:04+00:00,Unknown,168.0,2025,2,23
73281,47082,19232,1,39.6,2024-12-31 09:42:12+00:00,"7434 Bahringer Brooks, Eleonorshire, DE 84282-8855",39.6,2024,12,31
65028,45856,19143,3,28.25,2024-10-02 17:52:00+00:00,Unknown,84.75,2024,10,2
71154,45840,19272,1,59.7,2024-11-01 21:20:00+00:00,Unknown,59.7,2024,11,1
66090,46997,18871,5,73.2,2024-05-07 02:40:00+00:00,Unknown,366.0,2024,5,7
63742,45517,18994,1,45.9,2024-09-30 19:13:07+00:00,Unknown,45.9,2024,9,30
72293,45390,19460,1,34.99,2025-03-17 09:00:00+00:00,Unknown,34.99,2025,3,17
73858,46712,19142,1,46.8,2025-06-13 22:57:24+00:00,"Suite 818 527 Dach Fork, Kleinville, MI 22681-7215",46.8,2025,6,13
71354,46450,18922,3,20.7,2024-06-16 05:23:26.871000+00:00,Unknown,62.1,2024,6,16
70582,46059,18844,1,40.25,2024-10-17 22:04:07+00:00,Unknown,40.25,2024,10,17
63381,47488,19264,1,63.0,2025-06-21 11:47:11+00:00,Unknown,63.0,2025,6,21
72308,44704,19455,1,15.6,2024-08-01 23:23:00+00:00,"23968 Stracke Path, North Janettafurt, AR 81643-6733",15.6,2024,8,1
70125,46637,19185,1,58.75,2024-09-14 09:58:28+00:00,"Suite 350 939 Lynch Views, Borerhaven, MO 19809",58.75,2024,9,14
65267,44939,19227,1,50.75,2024-07-16 07:20:59+00:00,Unknown,50.75,2024,7,16
65821,46921,19249,1,61.75,2024-11-18 18:33:54+00:00,Unknown,61.75,2024,11,18
70790,46528,18896,1,30.99,2024-10-21 23:37:00+00:00,Unknown,30.99,2024,10,21
62921,45273,18857,4,73.5,2024-08-03 20:33:26+00:00,Unknown,294.0,2024,8,3
69538,45862,19544,1,37.5,2025-03-01 08:14:05+00:00,"551 O'Connell Squares, South Lannieburgh, MA 88337-1568",37.5,2025,3,1
65613,44578,19305,1,52.5,2025-03-06 00:41:06+00:00,"39609 Dianne Locks, Elveraside, CO 43681",52.5,2025,3,6
64851,45495,18864,1,82.2,2024-12-06 23:39:33+00:00,Unknown,82.2,2024,12,6
71743,44423,19007,1,49.75,2024-11-13 21:21:59.466000+00:00,Unknown,49.75,2024,11,13
69788,45088,19580,2,69.0,2025-06-08 18:01:25+00:00,Unknown,138.0,2025,6,8
64561,45129,19396,1,44.0,2024-12-06 15:49:38+00:00,"Apt. 547 509 Bok Lakes, West Shakiafort, TN 17605",44.0,2024,12,6
63180,45629,19213,1,40.8,2024-09-23 11:19:36.219000+00:00,Unknown,40.8,2024,9,23
73569,45170,18924,1,26.99,2025-06-16 10:41:59.230000+00:00,Unknown,26.99,2025,6,16
63461,47419,19341,1,39.6,2025-04-13 08:28:24+00:00,"Suite 169 27048 Cartwright Vista, North Reyport, NE 82476-6188",39.6,2025,4,13
71604,47577,19207,1,56.0,2025-05-09 16:36:55+00:00,Unknown,56.0,2025,5,9
63632,45713,18989,5,55.2,2025-05-03 09:27:00+00:00,Unknown,276.0,2025,5,3
66662,45311,19181,1,65.5,2024-10-05 06:32:51.125000+00:00,Unknown,65.5,2024,10,5
68951,45043,19063,2,49.0,2024-08-23 02:22:17+00:00,"Suite 736 45737 Herman Burg, New Blairtown, PA 39698-1707",98.0,2024,8,23
66880,44497,19166,2,59.0,2024-10-20 19:57:11+00:00,Unknown,118.0,2024,10,20
63881,46906,18890,1,69.25,2024-10-31 04:02:00+00:00,"Suite 994 268 Ruecker Junctions, South Maurohaven, VT 55924",69.25,2024,10,31
71703,44853,19107,3,70.5,2025-05-13 06:14:55+00:00,"Apt. 709 5364 Daphine Ramp, New Austin, OH 31257",211.5,2025,5,13
64534,47479,19441,1,17.25,2024-12-08 02:12:59+00:00,Unknown,17.25,2024,12,8
72828,47577,19233,2,69.99,2025-06-01 23:48:00+00:00,Unknown,139.98,2025,6,1
66747,44486,19007,1,49.5,2025-02-09 04:27:50+00:00,Unknown,49.5,2025,2,9
71861,47056,19471,1,37.0,2024-09-19 08:07:47.994000+00:00,Unknown,37.0,2024,9,19
70110,44776,18882,2,55.2,2024-06-28 01:57:00+00:00,"Apt. 495 925 Schulist Crest, West Moses, IL 37449",110.4,2024,6,28
70867,44911,19222,1,55.0,2025-01-29 19:22:55+00:00,Unknown,55.0,2025,1,29
67738,44518,19388,1,66.0,2025-02-17 09:12:00+00:00,"Suite 617 35843 Mariana Skyway, North Loriannhaven, CA 29641-9457",66.0,2025,2,17
64392,44473,19466,1,21.99,2024-10-17 11:36:45+00:00,Unknown,21.99,2024,10,17
72941,45932,19360,2,60.5,2024-10-20 11:10:39+00:00,Unknown,121.0,2024,10,20
71369,44636,19503,2,20.99,2024-08-17 19:39:00+00:00,Unknown,41.98,2024,8,17
67861,47112,19008,1,55.5,2024-10-09 11:07:51+00:00,"91023 Homenick Station, West Barryland, WV 79948-9542",55.5,2024,10,9
65416,44645,19367,1,50.75,2024-11-29 18:33:00+00:00,Unknown,50.75,2024,11,29
70558,46672,19260,1,72.0,2024-10-19 22:12:00+00:00,Unknown,72.0,2024,10,19
70376,44964,19306,1,36.0,2025-03-15 23:06:48+00:00,Unknown,36.0,2025,3,15
66227,45266,19256,2,63.0,2025-02-25 03:01:00+00:00,Unknown,126.0,2025,2,25
72126,44359,19164,1,36.99,2025-01-07 08:30:56+00:00,Unknown,36.99,2025,1,7
63414,45449,19287,1,37.0,2024-08-31 20:59:09+00:00,Unknown,37.0,2024,8,31
72008,44515,19515,1,68.99,2024-09-08 21:49:31+00:00,Unknown,68.99,2024,9,8
65130,47106,19394,1,21.0,2024-12-04 04:38:40.532000+00:00,"Apt. 388 2201 Wyman Cliffs, South Wilfordburgh, NJ 78452-7876",21.0,2024,12,4
64514,46307,19285,1,64.75,2025-04-18 05:21:49+00:00,Unknown,64.75,2025,4,18
71750,46315,19225,1,80.1,2024-11-01 06:32:21+00:00,Unknown,80.1,2024,11,1
65780,46207,19497,1,57.0,2024-08-28 20:21:21+00:00,Unknown,57.0,2024,8,28
63926,45662,19285,1,78.6,2025-01-11 08:50:55+00:00,Unknown,78.6,2025,1,11
71304,45616,19389,1,19.0,2024-12-18 18:01:05+00:00,Unknown,19.0,2024,12,18
72266,45692,19040,1,20.39,2024-06-08 17:12:34+00:00,Unknown,20.39,2024,6,8
67158,46443,19353,1,13.5,2024-10-02 03:23:17+00:00,"8316 Jacobs Mount, Port Kenneth, OH 30026-7326",13.5,2024,10,2
72229,45637,19431,1,31.5,2025-02-06 14:03:31+00:00,Unknown,31.5,2025,2,6
69632,44624,19210,3,45.0,2025-02-19 15:32:00+00:00,Unknown,135.0,2025,2,19
63278,46526,19306,1,38.5,2024-12-10 06:18:53+00:00,Unknown,38.5,2024,12,10
69840,44434,19424,2,19.2,2025-05-08 00:37:00+00:00,"Apt. 271 1730 Stehr Tunnel, East Vadastad, SC 35866",38.4,2025,5,8
73064,46350,19150,1,41.99,2025-03-09 08:46:09.404000+00:00,Unknown,41.99,2025,3,9
64160,46303,19008,1,50.0,2025-03-10 01:59:00+00:00,Unknown,50.0,2025,3,10
69413,45052,19201,1,37.25,2024-12-04 03:48:00+00:00,Unknown,37.25,2024,12,4
65264,45593,19394,1,25.5,2024-11-15 05:19:07+00:00,Unknown,25.5,2024,11,15
67277,46418,19037,3,33.0,2025-02-05 04:16:57+00:00,Unknown,99.0,2025,2,5
71673,44383,18881,1,30.25,2024-12-30 08:59:00+00:00,Unknown,30.25,2024,12,30
72998,47116,19515,1,69.0,2024-12-10 11:43:17+00:00,Unknown,69.0,2024,12,10
64377,47176,19260,1,85.2,2024-12-03 23:16:49+00:00,Unknown,85.2,2024,12,3
62888,45545,19424,2,18.25,2025-06-07 01:24:18+00:00,"93936 Tangela Walk, Loustad, WY 48316",36.5,2025,6,7
66633,45410,19033,1,33.9,2024-09-22 20:42:53.394000+00:00,Unknown,33.9,2024,9,22
69480,46808,18920,1,39.0,2025-06-21 13:11:34+00:00,Unknown,39.0,2025,6,21
64771,46151,18873,3,72.0,2024-12-19 13:17:58+00:00,Unknown,216.0,2024,12,19
66000,46692,19058,1,16.0,2024-11-11 12:22:17+00:00,Unknown,16.0,2024,11,11
69199,45806,18951,2,66.5,2024-10-19 23:16:57+00:00,Unknown,133.0,2024,10,19
71672,47431,18878,4,44.39,2024-12-09 07:45:27+00:00,Unknown,177.56,2024,12,9
63496,44639,18853,1,63.99,2024-04-07 22:34:58+00:00,Unknown,63.99,2024,4,7
70369,47443,19415,1,16.0,2024-12-17 20:50:00+00:00,"Apt. 537 4469 Botsford Crossing, West Christen, OR 80553",16.0,2024,12,17
67108,46118,18962,2,57.0,2025-04-16 21:08:00+00:00,Unknown,114.0,2025,4,16
71169,46125,19186,1,28.0,2024-09-03 07:52:00+00:00,Unknown,28.0,2024,9,3
70193,46922,19164,1,45.0,2025-02-17 15:38:10+00:00,Unknown,45.0,2025,2,17
68046,45505,19302,2,28.0,2025-03-19 07:41:29+00:00,Unknown,56.0,2025,3,19
70908,45785,18924,1,27.25,2025-01-28 00:51:59+00:00,Unknown,27.25,2025,1,28
71778,46161,19113,1,85.2,2024-11-14 02:28:52+00:00,Unknown,85.2,2024,11,14
63150,45498,19232,1,40.79,2025-01-23 13:24:00+00:00,Unknown,40.79,2025,1,23
71052,45772,19009,1,74.99,2025-02-01 12:58:33+00:00,Unknown,74.99,2025,2,1
73474,47024,19027,1,71.25,2024-12-11 00:01:05+00:00,"192 Morissette Camp, Rodrickmouth, PA 82410",71.25,2024,12,11
64703,44397,19543,1,40.75,2024-10-16 16:21:09+00:00,Unknown,40.75,2024,10,16
72255,46562,19288,1,61.5,2024-11-21 01:08:11+00:00,Unknown,61.5,2024,11,21
69305,47497,19335,1,20.4,2025-05-31 11:33:33+00:00,Unknown,20.4,2025,5,31
66223,46049,19048,3,33.0,2025-01-06 12:13:29+00:00,Unknown,99.0,2025,1,6
70572,46598,19043,1,18.5,2025-01-26 18:59:34+00:00,"30623 Efren Knoll, West Martyshire, MN 06196-0153",18.5,2025,1,26
71741,44497,19199,1,17.0,2025-06-04 08:31:00+00:00,"Apt. 604 66787 Lemke Courts, New Robbie, NH 24175",17.0,2025,6,4
71474,46537,18965,1,74.4,2024-06-24 07:33:42+00:00,"9623 Jenkins Plaza, New Graham, UT 43743",74.4,2024,6,24
63420,45509,19433,1,68.0,2024-12-28 14:33:47+00:00,"Suite 407 33040 Klocko Ways, North Moiseschester, TN 58056-1472",68.0,2024,12,28
73031,46159,18930,1,35.5,2025-02-21 01:32:11+00:00,Unknown,35.5,2025,2,21
67110,46717,19047,1,46.75,2024-06-28 16:19:41+00:00,"Apt. 117 768 Stracke Garden, North Leeanna, AZ 26663",46.75,2024,6,28
72044,47515,19104,1,60.25,2024-12-28 23:29:00+00:00,"Apt. 403 48103 Holley Crossing, Leifborough, AZ 36162-8992",60.25,2024,12,28
64597,46302,19218,4,73.0,2025-04-04 20:30:08+00:00,Unknown,292.0,2025,4,4
65591,45671,19027,1,75.5,2024-04-23 20:31:16+00:00,Unknown,75.5,2024,4,23
68739,44751,18922,2,16.99,2024-06-04 01:20:51+00:00,Unknown,33.98,2024,6,4
65629,45027,19328,2,27.0,2025-04-21 21:11:00+00:00,Unknown,54.0,2025,4,21
68191,46401,19491,1,38.25,2024-09-28 01:19:14+00:00,Unknown,38.25,2024,9,28
65459,45039,19528,1,27.5,2024-12-31 05:41:33+00:00,Unknown,27.5,2024,12,31
71126,46037,19068,1,63.6,2025-01-25 16:10:15.776000+00:00,Unknown,63.6,2025,1,25
68410,44339,19343,1,86.4,2024-12-13 23:30:38+00:00,Unknown,86.4,2024,12,13
62826,47339,18960,1,32.0,2024-05-17 14:50:24+00:00,Unknown,32.0,2024,5,17
69115,45788,19539,2,61.75,2024-02-10 08:35:35+00:00,"2388 Jewell Viaduct, Lake Isabelton, KS 87394",123.5,2024,2,10
67355,44766,19472,1,66.0,2025-01-02 21:34:00+00:00,Unknown,66.0,2025,1,2
65987,46940,19066,1,41.0,2024-08-27 16:55:09+00:00,"64649 Sammie Union, Haagbury, LA 16825-9414",41.0,2024,8,27
72837,44943,19478,1,55.0,2024-06-17 15:35:13.615000+00:00,Unknown,55.0,2024,6,17
67077,45590,19407,3,24.9,2025-02-14 08:28:36+00:00,Unknown,74.7,2025,2,14
65274,45741,18871,4,69.6,2025-06-19 12:03:24+00:00,Unknown,278.4,2025,6,19
73359,44722,19029,1,69.0,2024-03-05 07:40:00+00:00,"Suite 692 244 Fadel Islands, Lynellmouth, UT 90162",69.0,2024,3,5
64601,45113,19412,2,38.39,2025-05-06 05:34:56+00:00,Unknown,76.78,2025,5,6
63147,46772,19028,1,58.5,2025-02-01 23:47:58+00:00,Unknown,58.5,2025,2,1
66487,45556,19440,1,33.0,2025-10-30 03:03:51+00:00,Unknown,33.0,2025,10,30
70414,45916,19038,1,69.59,2025-02-14 20:54:32+00:00,Unknown,69.59,2025,2,14
72583,45067,19247,1,76.79,2024-03-15 16:19:08+00:00,Unknown,76.79,2024,3,15
70992,46033,18913,1,44.0,2024-11-29 10:39:52+00:00,Unknown,44.0,2024,11,29
65813,47393,19105,1,39.6,2024-09-19 13:01:27+00:00,"8315 Jessi Knolls, Bryceport, NM 75080-8781",39.6,2024,9,19
63959,45347,19382,1,32.5,2024-07-20 20:42:03.407000+00:00,Unknown,32.5,2024,7,20
73735,45496,18898,3,74.0,2025-09-15 00:31:15+00:00,Unknown,222.0,2025,9,15
66877,46558,18880,1,70.5,2025-04-21 07:29:34+00:00,"Apt. 329 321 Cummerata Springs, New Lionelberg, WY 93038",70.5,2025,4,21
73196,46702,19245,1,68.0,2024-09-21 11:48:46+00:00,Unknown,68.0,2024,9,21
66609,47246,19039,1,55.19,2025-06-09 14:42:00+00:00,Unknown,55.19,2025,6,9
68527,44717,19155,1,66.6,2024-11-04 06:40:21+00:00,Unknown,66.6,2024,11,4
71800,47366,19407,1,21.0,2024-11-29 02:17:00+00:00,Unknown,21.0,2024,11,29
63176,46912,19532,1,28.75,2024-12-08 09:22:11.792000+00:00,Unknown,28.75,2024,12,8
63691,46858,19144,1,45.0,2024-10-24 00:56:00+00:00,Unknown,45.0,2024,10,24
73913,46243,19584,4,49.2,2024-08-01 22:06:25+00:00,Unknown,196.8,2024,8,1
64386,45892,18949,1,40.79,2025-05-08 14:15:41+00:00,Unknown,40.79,2025,5,8
67656,44410,18987,1,61.5,2025-04-23 14:13:52.150000+00:00,"41894 McLaughlin Centers, Leifville, RI 01129-8711",61.5,2025,4,23
69747,46755,19380,2,67.99,2024-10-12 21:08:19+00:00,Unknown,135.98,2024,10,12
69070,46090,18846,1,23.0,2024-09-25 18:49:23+00:00,Unknown,23.0,2024,9,25
69676,46410,19436,1,24.0,2024-12-28 03:54:20+00:00,"999 Raymundo Freeway, Zemlakchester, DE 76112",24.0,2024,12,28
63046,44802,19517,1,85.5,2025-07-18 15:33:24+00:00,Unknown,85.5,2025,7,18
63836,46001,18997,1,36.0,2025-05-02 18:33:33+00:00,Unknown,36.0,2025,5,2
70126,45891,19236,1,68.5,2025-03-02 21:15:34+00:00,Unknown,68.5,2025,3,2
65455,46700,19371,1,74.4,2024-09-19 09:00:54+00:00,"Suite 405 26248 Towne Keys, Joanfort, SD 70877",74.4,2024,9,19
66422,44613,19426,3,39.0,2024-08-03 18:20:04.859000+00:00,Unknown,117.0,2024,8,3
68099,46326,19541,1,29.25,2025-03-04 05:05:42+00:00,Unknown,29.25,2025,3,4
65011,45847,18882,1,46.25,2024-12-08 09:32:23+00:00,"Suite 624 56805 Jeffie Locks, South Mireyaview, SC 68975-2283",46.25,2024,12,8
66601,45376,19007,1,49.75,2024-08-30 02:46:18+00:00,Unknown,49.75,2024,8,30
65916,47501,18871,2,73.2,2024-03-10 00:42:45+00:00,Unknown,146.4,2024,3,10
64520,46495,19203,1,72.0,2025-06-09 05:45:31+00:00,"Suite 670 2536 Feil Lock, Ryanland, KY 94783",72.0,2025,6,9
70467,44874,19426,1,51.6,2025-01-29 14:33:56+00:00,Unknown,51.6,2025,1,29
63119,44879,19190,1,46.5,2024-10-02 16:11:15+00:00,Unknown,46.5,2024,10,2
73345,45597,19543,2,41.0,2024-11-16 17:45:00+00:00,Unknown,82.0,2024,11,16
70185,46788,19541,1,26.0,2025-01-26 18:30:00+00:00,Unknown,26.0,2025,1,26
65035,44983,19544,1,40.5,2025-02-23 00:44:16.782000+00:00,Unknown,40.5,2025,2,23
68692,44665,19333,1,30.5,2025-01-26 03:17:30+00:00,Unknown,30.5,2025,1,26
67105,44430,19149,1,30.0,2024-11-26 23:00:25+00:00,"Suite 121 5891 Norah Greens, North Tara, MD 96234-6888",30.0,2024,11,26
71846,44941,19124,1,63.3,2025-04-20 04:29:00+00:00,"8909 Rosenbaum Motorway, South Wilburnmouth, MS 67187",63.3,2025,4,20
68537,44744,19272,1,46.5,2025-01-25 17:43:35+00:00,"745 Boehm Shoals, East Lucientown, OR 72543",46.5,2025,1,25
65537,46561,19391,2,50.5,2024-10-11 22:07:00+00:00,"544 Wilhemina Ports, Langoshmouth, HI 17084-1745",101.0,2024,10,11
67010,45596,19546,1,47.5,2024-11-20 00:32:00+00:00,Unknown,47.5,2024,11,20
65460,44590,19099,1,53.75,2024-11-23 14:36:23+00:00,Unknown,53.75,2024,11,23
69844,45886,18838,2,58.5,2025-09-22 00:22:00+00:00,Unknown,117.0,2025,9,22
72249,45292,19322,1,68.0,2025-04-01 01:53:15+00:00,Unknown,68.0,2025,4,1
72790,44834,19167,1,41.0,2024-07-23 15:10:36+00:00,Unknown,41.0,2024,7,23
68608,47042,19156,1,44.1,2024-11-27 06:07:07.894000+00:00,Unknown,44.1,2024,11,27
73886,46846,19099,1,54.0,2025-07-23 18:11:30+00:00,"42641 Tandra Path, Port Keisha, MS 44821-7148",54.0,2025,7,23
67241,45086,19398,1,69.5,2025-04-02 06:04:16.674000+00:00,Unknown,69.5,2025,4,2
63096,45159,19528,2,39.3,2025-01-16 09:33:47.336000+00:00,Unknown,78.6,2025,1,16
72026,47219,18867,1,55.0,2024-11-12 04:10:22+00:00,Unknown,55.0,2024,11,12
70606,45667,19474,1,31.0,2025-03-06 04:09:27+00:00,Unknown,31.0,2025,3,6
72425,45175,18844,3,43.75,2025-07-15 16:14:06+00:00,Unknown,131.25,2025,7,15
62870,47542,18880,1,69.0,2024-08-03 05:33:00+00:00,Unknown,69.0,2024,8,3
68980,46728,19035,1,23.25,2025-04-25 04:27:03+00:00,Unknown,23.25,2025,4,25
65151,46241,19021,1,34.99,2024-10-14 23:21:07+00:00,Unknown,34.99,2024,10,14
70149,47484,18871,1,60.5,2025-05-16 09:50:00+00:00,Unknown,60.5,2025,5,16
65637,47445,19225,1,65.0,2025-05-20 20:09:00+00:00,Unknown,65.0,2025,5,20
64885,46914,19049,1,53.0,2024-10-27 16:15:38+00:00,"36900 Elmer Place, North Mairamouth, NM 57194-9475",53.0,2024,10,27
70622,47022,18961,1,73.75,2025-06-05 08:56:32+00:00,Unknown,73.75,2025,6,5
64254,44343,19465,1,44.0,2024-12-21 01:25:55+00:00,Unknown,44.0,2024,12,21
73893,45935,18840,3,48.0,2024-12-10 14:48:24+00:00,Unknown,144.0,2024,12,10
69126,44662,18898,2,84.6,2025-02-17 02:13:01.158000+00:00,"Apt. 101 230 Tom Prairie, Rosenbaumberg, RI 25857",169.2,2025,2,17
69859,45359,19065,2,20.5,2025-04-08 19:56:00+00:00,Unknown,41.0,2025,4,8
71388,44754,18867,1,70.2,2025-04-22 11:23:30+00:00,Unknown,70.2,2025,4,22
72717,45627,19215,1,16.0,2024-08-20 06:03:41+00:00,"5086 Erdman Fall, West Elois, CO 77141-0250",16.0,2024,8,20
66622,46081,19538,1,68.39,2024-08-25 17:36:36+00:00,Unknown,68.39,2024,8,25
63861,46248,19269,1,30.5,2024-05-20 01:04:17+00:00,"797 Borer Lakes, North Gladyfurt, MS 63725",30.5,2024,5,20
64563,44841,19441,2,20.0,2024-08-06 12:07:07+00:00,Unknown,40.0,2024,8,6
63122,46987,19042,5,29.75,2024-06-20 22:44:32+00:00,Unknown,148.75,2024,6,20
63066,44544,19376,1,48.0,2024-12-29 16:10:00+00:00,Unknown,48.0,2024,12,29
71721,45173,18965,1,66.75,2024-08-05 14:29:00+00:00,"721 Boyle Mountains, Corwinfurt, MS 46345-4700",66.75,2024,8,5
73618,45005,19215,1,24.3,2025-04-19 15:02:28+00:00,Unknown,24.3,2025,4,19
63051,45289,18980,1,75.6,2025-02-18 23:54:39+00:00,Unknown,75.6,2025,2,18
68378,45281,19429,4,69.25,2025-03-04 06:07:00+00:00,Unknown,277.0,2025,3,4
63992,47101,19356,3,54.5,2024-08-05 14:17:08+00:00,Unknown,163.5,2024,8,5
63197,46237,18931,1,35.0,2025-03-21 17:16:39+00:00,Unknown,35.0,2025,3,21
70887,45988,19172,1,66.0,2025-01-20 17:40:07.615000+00:00,"Apt. 630 519 Craig Coves, Dareville, IL 20429-7844",66.0,2025,1,20
69351,47019,19428,1,41.0,2025-05-29 23:07:06+00:00,"78233 Luvenia Throughway, East Marita, CA 67277-1186",41.0,2025,5,29
67189,45385,19505,2,20.5,2024-11-15 18:37:18+00:00,"507 Sidney Mission, East Lula, AR 90860",41.0,2024,11,15
66059,45650,18928,1,18.0,2024-09-15 14:57:14+00:00,Unknown,18.0,2024,9,15
72906,46070,19558,1,38.4,2024-10-18 01:24:58+00:00,Unknown,38.4,2024,10,18
69731,44762,19519,1,42.9,2024-09-03 20:42:00+00:00,Unknown,42.9,2024,9,3
64581,44810,19322,1,68.99,2025-01-09 19:53:49+00:00,Unknown,68.99,2025,1,9
67198,44761,18963,1,57.5,2025-02-05 22:51:44+00:00,"Apt. 309 1105 Rudolph Lodge, North Ismael, KS 36239",57.5,2025,2,5
70435,47271,19359,1,49.0,2024-12-21 19:40:29+00:00,Unknown,49.0,2024,12,21
66527,45586,18905,1,59.0,2024-06-02 10:51:00+00:00,"Apt. 778 192 West Dam, Devorahmouth, KS 77995",59.0,2024,6,2
69834,46782,19411,1,45.25,2024-08-26 16:49:47+00:00,Unknown,45.25,2024,8,26
64558,46873,19242,1,49.25,2024-03-22 10:46:00+00:00,Unknown,49.25,2024,3,22
73076,45679,19011,2,52.25,2024-11-26 07:06:53+00:00,Unknown,104.5,2024,11,26
65582,44531,19176,2,23.0,2024-05-14 17:48:00+00:00,"Apt. 626 97915 Gutkowski Mill, Carroltown, AR 71520-7143",46.0,2024,5,14
67980,45713,19410,1,57.6,2024-11-03 05:03:53+00:00,Unknown,57.6,2024,11,3
69063,46423,18878,1,38.25,2025-01-06 03:50:00+00:00,Unknown,38.25,2025,1,6
70169,45262,19173,1,75.6,2024-08-17 08:13:00+00:00,Unknown,75.6,2024,8,17
72853,47317,19280,1,50.4,2025-01-18 22:28:00+00:00,"1661 Alexis Ranch, East Larrymouth, AZ 54352-4120",50.4,2025,1,18
63735,45810,18920,1,49.19,2025-04-09 19:26:11+00:00,Unknown,49.19,2025,4,9
65433,47092,19376,1,47.25,2024-04-03 13:12:00+00:00,Unknown,47.25,2024,4,3
72120,44433,19089,5,47.99,2024-10-08 12:02:00+00:00,"Apt. 572 7994 Schinner Pines, Waelchiborough, PA 21486-5209",239.95,2024,10,8
73130,45057,18915,5,65.5,2025-03-23 15:50:58+00:00,"8573 White Crescent, Aaronfurt, VT 34949-3086",327.5,2025,3,23
71916,45042,19486,1,48.5,2025-02-05 18:10:18+00:00,Unknown,48.5,2025,2,5
64357,46503,19562,1,48.99,2024-11-12 03:13:36.539000+00:00,"4075 Mariella Plain, New Santiagoburgh, WI 39860-4228",48.99,2024,11,12
68908,44401,19496,1,30.5,2024-12-24 01:46:12+00:00,Unknown,30.5,2024,12,24
68309,47125,18959,2,59.7,2024-10-10 02:54:05+00:00,"9381 Lang Shores, New Marchelleburgh, NC 54589",119.4,2024,10,10
71888,46801,18992,1,85.2,2024-09-02 10:07:50+00:00,Unknown,85.2,2024,9,2
72020,45000,19240,2,65.99,2024-08-02 14:50:00+00:00,Unknown,131.98,2024,8,2
66540,47227,19445,1,73.8,2024-06-13 08:33:00+00:00,Unknown,73.8,2024,6,13
72436,47269,19093,1,24.5,2024-04-20 13:33:39.721000+00:00,Unknown,24.5,2024,4,20
70905,47465,18865,1,42.25,2024-10-04 15:24:24.229000+00:00,Unknown,42.25,2024,10,4
70695,47422,19026,4,22.0,2024-08-27 16:08:47+00:00,"Apt. 398 866 Stoltenberg Views, Linotown, MI 48463-3690",88.0,2024,8,27
63495,45785,19090,1,75.6,2025-01-04 14:56:02+00:00,Unknown,75.6,2025,1,4
71090,46244,19589,1,54.25,2024-12-25 13:53:00+00:00,Unknown,54.25,2024,12,25
67386,44645,19328,1,27.75,2024-09-26 13:02:36.497000+00:00,"93936 Tangela Walk, Loustad, WY 48316",27.75,2024,9,26
69759,44921,19437,2,36.0,2025-02-27 19:01:00+00:00,Unknown,72.0,2025,2,27
67735,46993,19099,1,63.9,2024-10-26 14:53:22.460000+00:00,"912 Cornelius Brook, Darrelfurt, WA 75258",63.9,2024,10,26
73406,46640,18839,1,24.9,2024-05-08 03:20:00+00:00,Unknown,24.9,2024,5,8
68049,47330,19026,5,25.8,2024-11-20 07:51:00+00:00,Unknown,129.0,2024,11,20
65802,47268,19489,1,44.1,2025-08-16 09:19:00+00:00,Unknown,44.1,2025,8,16
65995,45402,19512,1,52.5,2024-10-27 04:32:00+00:00,"Apt. 296 885 Sean Shoals, South Christoperstad, NC 73095",52.5,2024,10,27
71227,45837,18855,1,33.6,2024-10-27 22:11:36.073000+00:00,Unknown,33.6,2024,10,27
68571,45686,19169,2,69.0,2024-10-07 08:06:51+00:00,"91643 Anthony Port, Bartolettiside, WY 91338",138.0,2024,10,7
66748,44654,18905,4,54.99,2025-01-30 10:16:03+00:00,Unknown,219.96,2025,1,30
65837,46890,18855,2,26.25,2025-01-29 13:18:51+00:00,Unknown,52.5,2025,1,29
67601,47081,18917,1,67.99,2024-04-14 06:34:47+00:00,"4212 Skiles Plains, West Jimmie, WY 74639-4832",67.99,2024,4,14
68353,46916,19283,2,23.4,2024-11-16 15:33:00+00:00,Unknown,46.8,2024,11,16
63737,45142,19522,1,66.0,2024-08-23 09:15:00+00:00,Unknown,66.0,2024,8,23
72980,45069,19456,1,34.0,2024-10-02 17:14:00+00:00,"Apt. 556 6197 Batz Landing, Maximamouth, AL 15253-0868",34.0,2024,10,2
72057,45009,18881,1,32.5,2024-07-25 23:48:00+00:00,Unknown,32.5,2024,7,25
65967,47064,19478,1,56.0,2024-11-09 14:29:00+00:00,Unknown,56.0,2024,11,9
63099,46598,19411,1,57.6,2024-12-13 13:53:00+00:00,Unknown,57.6,2024,12,13
69619,46831,19481,2,63.5,2024-06-13 19:53:58+00:00,Unknown,127.0,2024,6,13
71830,46055,18881,1,28.25,2024-10-05 07:35:00+00:00,"85720 Christopher Spring, East Verleneview, VT 53460",28.25,2024,10,5
69238,46507,18931,1,39.0,2025-03-11 10:48:18+00:00,"Apt. 106 6836 Mann Points, New Horaciomouth, ME 19547-5670",39.0,2025,3,11
70897,46223,19116,1,17.5,2024-11-24 21:38:05+00:00,Unknown,17.5,2024,11,24
69891,44870,19463,1,64.0,2024-10-25 05:07:30+00:00,Unknown,64.0,2024,10,25
73107,44804,18873,5,68.99,2024-08-01 06:36:47.438000+00:00,"Apt. 551 3968 Wilkinson Mill, Port Leontineborough, AZ 61207",344.95,2024,8,1
65080,46711,19263,1,27.99,2024-09-22 11:11:00+00:00,"648 Zora Green, North Clemente, RI 74989-8786",27.99,2024,9,22
63661,45665,19439,1,70.0,2024-08-30 05:32:00+00:00,Unknown,70.0,2024,8,30
73798,46470,19288,4,66.0,2024-06-16 07:26:23+00:00,Unknown,264.0,2024,6,16
72528,45472,18858,1,18.0,2024-11-20 15:39:00+00:00,Unknown,18.0,2024,11,20
70749,47587,19075,1,53.7,2024-10-18 00:51:35+00:00,"Apt. 109 96330 Runolfsson Forge, New Eugene, KY 96077-7343",53.7,2024,10,18
64493,45628,19071,1,13.99,2024-07-09 06:47:21+00:00,"40851 O'Hara Valleys, North Ernie, HI 89907-1933",13.99,2024,7,9
71125,45931,18859,1,53.25,2024-05-03 02:51:00+00:00,Unknown,53.25,2024,5,3
65724,45723,19184,3,25.2,2025-06-20 11:22:43+00:00,Unknown,75.6,2025,6,20
72594,46874,19245,1,68.99,2025-01-14 13:01:46+00:00,Unknown,68.99,2025,1,14
70739,45870,19429,2,70.5,2025-04-10 20:29:38+00:00,Unknown,141.0,2025,4,10
63198,45063,19044,1,74.1,2024-09-08 07:13:44+00:00,Unknown,74.1,2024,9,8
64739,44381,19134,1,68.5,2025-02-12 10:31:00+00:00,Unknown,68.5,2025,2,12
73935,45793,19248,1,54.75,2024-08-28 09:45:00+00:00,Unknown,54.75,2024,8,28
64795,44730,19324,2,64.0,2024-10-23 02:56:00+00:00,"Apt. 699 187 Kozey Skyway, West Antioneburgh, NC 79374-3922",128.0,2024,10,23
66652,45817,19470,1,67.2,2025-05-03 11:52:24+00:00,Unknown,67.2,2025,5,3
69169,46082,19001,1,39.6,2024-08-31 00:05:37+00:00,Unknown,39.6,2024,8,31
72357,45648,19380,3,77.7,2024-11-11 06:27:12+00:00,Unknown,233.1,2024,11,11
65182,46776,19133,1,22.5,2024-10-09 09:26:00+00:00,"Apt. 368 608 Emmerich Mountain, Lake Dariofurt, OK 20563-5232",22.5,2024,10,9
64399,46334,19155,1,53.5,2024-11-19 05:40:47+00:00,"881 Boehm Street, Port Laverna, CO 90153-8512",53.5,2024,11,19
73241,47457,19194,1,38.0,2024-11-19 04:57:54+00:00,Unknown,38.0,2024,11,19
72840,46597,19218,3,70.99,2024-10-10 10:39:00+00:00,Unknown,212.97,2024,10,10
64536,45474,19382,2,32.0,2024-06-15 18:22:43+00:00,"Apt. 488 7704 Boehm Trace, Hoppeburgh, NV 03223-7801",64.0,2024,6,15
72547,46665,19548,1,47.25,2024-06-25 06:27:53.296000+00:00,"158 Walter Mews, East Hung, GA 90026-2041",47.25,2024,6,25
69805,47256,18996,2,56.1,2025-07-24 15:55:00+00:00,Unknown,112.2,2025,7,24
70914,45618,19473,1,25.19,2025-07-08 01:28:00+00:00,"Apt. 366 490 Kassulke Shoals, Robertsstad, AR 82180-8846",25.19,2025,7,8
64743,46695,19177,2,18.0,2025-07-21 17:08:25+00:00,"2007 Jacobs Fork, North Idashire, CA 04861",36.0,2025,7,21
64191,44973,19440,2,30.5,2024-10-03 12:45:11+00:00,Unknown,61.0,2024,10,3
71766,45863,18961,1,83.99,2025-06-04 10:37:22+00:00,"Suite 393 54811 Quigley Trafficway, New Tyler, FL 65078-3181",83.99,2025,6,4
63239,47081,19512,1,44.99,2024-07-08 14:26:26+00:00,Unknown,44.99,2024,7,8
64071,45115,19063,1,48.0,2024-11-24 14:31:57+00:00,Unknown,48.0,2024,11,24
64975,45451,19470,3,71.4,2024-09-04 21:07:12+00:00,Unknown,214.2,2024,9,4
69310,46960,18992,1,67.99,2025-01-08 01:36:00+00:00,"Suite 432 322 Franecki Plain, Anthonyborough, OH 17912",67.99,2025,1,8
69027,44475,19018,2,13.0,2025-01-04 06:09:14+00:00,Unknown,26.0,2025,1,4
66671,44870,19347,1,23.4,2025-04-24 12:14:00+00:00,Unknown,23.4,2025,4,24
72002,47438,18840,1,48.0,2024-08-03 16:17:30+00:00,"Apt. 772 8642 Bayer Estates, Daliaport, PA 03547",48.0,2024,8,3
71837,45018,19274,1,88.2,2024-10-28 05:35:16+00:00,Unknown,88.2,2024,10,28
64713,46950,19445,1,60.75,2024-12-27 10:32:00+00:00,Unknown,60.75,2024,12,27
71100,46490,19046,3,25.2,2024-11-10 13:52:34+00:00,"Suite 453 691 Abdul Island, New Danmouth, IA 82369",75.6,2024,11,10
63888,47137,19197,1,44.75,2025-06-01 05:17:46+00:00,Unknown,44.75,2025,6,1
63950,47273,18890,2,67.75,2024-09-02 01:42:00+00:00,Unknown,135.5,2024,9,2
62780,45780,18958,1,16.99,2025-05-14 11:24:57+00:00,"533 Chadwick Burgs, Lindseyshire, AL 94100-4489",16.99,2025,5,14
67137,45405,19113,1,76.99,2024-09-02 06:08:45+00:00,"7733 Morissette Passage, South Kacietown, OK 44587",76.99,2024,9,2
70939,45087,19155,2,61.5,2025-03-24 17:06:38+00:00,Unknown,123.0,2025,3,24
65572,47077,19554,1,69.0,2025-04-16 01:38:00+00:00,Unknown,69.0,2025,4,16
73154,45557,19337,1,77.4,2025-03-02 05:23:00+00:00,Unknown,77.4,2025,3,2
62868,45243,19248,1,68.7,2024-10-13 11:40:00+00:00,Unknown,68.7,2024,10,13
63467,44803,19580,1,71.0,2024-10-27 08:48:33+00:00,Unknown,71.0,2024,10,27
68296,45814,18982,1,59.25,2024-11-18 05:33:23+00:00,"1039 Caroll Mountain, Pacochaborough, OR 59716",59.25,2024,11,18
70537,45353,19049,1,53.5,2025-03-11 07:22:40+00:00,Unknown,53.5,2025,3,11
67228,45564,19177,1,15.5,2024-10-13 03:24:36+00:00,Unknown,15.5,2024,10,13
67584,46140,19085,2,56.0,2024-06-23 14:44:01.921000+00:00,Unknown,112.0,2024,6,23
62805,47027,18846,1,25.8,2025-01-17 23:36:48+00:00,Unknown,25.8,2025,1,17
72806,45261,19388,1,57.25,2024-09-12 10:09:28.650000+00:00,Unknown,57.25,2024,9,12
64515,46407,19046,1,24.99,2024-06-15 18:00:02+00:00,Unknown,24.99,2024,6,15
62917,45104,19509,3,63.3,2024-11-07 18:46:43+00:00,Unknown,189.9,2024,11,7
69570,46883,19444,4,45.5,2024-09-14 08:34:21+00:00,Unknown,182.0,2024,9,14
66283,44731,19005,1,46.2,2024-10-26 20:33:25+00:00,Unknown,46.2,2024,10,26
73165,46191,19240,1,68.5,2025-03-20 22:39:39+00:00,Unknown,68.5,2025,3,20
63375,47177,19316,4,25.5,2025-03-11 16:10:27.265000+00:00,Unknown,102.0,2025,3,11
73232,44961,19506,1,57.0,2025-06-10 10:10:42+00:00,Unknown,57.0,2025,6,10
70258,45748,19281,1,36.25,2025-05-24 06:46:56+00:00,"441 Larkin Fort, West Refugio, MT 41538-7413",36.25,2025,5,24
65492,44436,19359,2,55.2,2025-05-15 00:25:25+00:00,"3666 Berge Mission, Harriettetown, AK 29618-7723",110.4,2025,5,15
72242,44711,19161,2,42.9,2025-06-13 19:20:52+00:00,"1669 Mai Skyway, South Coraliefort, SC 51908",85.8,2025,6,13
70019,44674,18917,3,67.25,2025-01-15 02:37:25+00:00,Unknown,201.75,2025,1,15
64102,46053,19187,1,64.99,2025-08-11 06:48:21+00:00,"97666 Bauch Forks, Deckowstad, WV 70371",64.99,2025,8,11
68863,46231,19550,1,30.75,2024-08-16 18:06:30+00:00,Unknown,30.75,2024,8,16
68840,45068,19135,1,55.0,2025-07-14 16:07:00+00:00,"38814 Mary Oval, West Garrett, IN 11253-4024",55.0,2025,7,14
72608,45455,19424,3,20.5,2024-09-03 16:57:51+00:00,Unknown,61.5,2024,9,3
64187,45244,18987,1,64.0,2024-11-12 00:14:00+00:00,"Suite 630 3726 Anderson Causeway, Nitzscheberg, WI 22637",64.0,2024,11,12
71765,44380,19448,4,54.99,2024-08-14 12:42:54+00:00,Unknown,219.96,2024,8,14
72428,44474,19066,4,38.0,2024-12-31 14:43:40+00:00,"Suite 714 684 Botsford Pine, Tannerville, CA 17350",152.0,2024,12,31
69411,44529,19262,4,70.5,2025-02-16 00:29:39+00:00,"598 Johns Rapid, East Staceyland, WY 45371",282.0,2025,2,16
65665,44759,19578,1,42.75,2025-01-13 03:43:02+00:00,Unknown,42.75,2025,1,13
71534,47353,19296,1,26.4,2024-04-05 16:03:32+00:00,Unknown,26.4,2024,4,5
69062,46154,19245,1,67.25,2025-05-30 11:20:00+00:00,"Apt. 139 74748 Burt Knoll, Lake Mckinleyfort, NV 02138-3353",67.25,2025,5,30
69357,44724,19086,1,90.0,2024-12-28 22:47:41+00:00,Unknown,90.0,2024,12,28
64452,45170,19284,1,50.0,2025-01-07 23:38:00+00:00,Unknown,50.0,2025,1,7
65661,45191,19164,1,32.25,2024-10-17 11:59:52+00:00,Unknown,32.25,2024,10,17
63870,46766,19209,1,28.0,2024-05-10 02:34:58+00:00,Unknown,28.0,2024,5,10
63831,45420,18991,1,54.25,2024-03-17 00:46:51+00:00,Unknown,54.25,2024,3,17
64424,47392,19381,2,34.8,2025-01-02 15:30:45+00:00,Unknown,69.6,2025,1,2
71418,47049,18949,1,29.25,2025-03-13 19:46:00+00:00,Unknown,29.25,2025,3,13
64842,45283,19067,1,51.0,2024-10-23 12:02:17.346000+00:00,"Suite 467 25374 Little Crest, Skileston, MT 95247",51.0,2024,10,23
71223,46217,18900,2,66.25,2025-02-21 17:03:01+00:00,Unknown,132.5,2025,2,21
63924,45851,18918,1,85.2,2024-04-12 20:41:00+00:00,Unknown,85.2,2024,4,12
66927,44733,19489,2,38.25,2024-09-25 13:38:00+00:00,Unknown,76.5,2024,9,25
70747,44948,19350,2,30.0,2024-12-25 10:07:58+00:00,Unknown,60.0,2024,12,25
71625,45197,19128,2,75.5,2024-09-30 00:53:02+00:00,Unknown,151.0,2024,9,30
63290,46424,18928,1,27.3,2025-09-06 22:11:11+00:00,Unknown,27.3,2025,9,6
71584,44360,18921,1,48.5,2024-08-14 08:49:13+00:00,Unknown,48.5,2024,8,14
70663,47474,18860,1,46.75,2025-01-18 05:51:17.134000+00:00,Unknown,46.75,2025,1,18
70857,46254,19499,1,28.0,2024-07-20 22:50:21+00:00,Unknown,28.0,2024,7,20
68469,46447,18975,4,54.0,2024-06-27 16:39:15+00:00,Unknown,216.0,2024,6,27
62768,45631,18971,1,58.25,2025-06-23 12:41:45+00:00,Unknown,58.25,2025,6,23
72170,46250,19441,1,21.25,2025-02-26 19:26:30+00:00,Unknown,21.25,2025,2,26
70654,45551,19342,1,40.75,2025-04-09 00:45:00+00:00,Unknown,40.75,2025,4,9
66353,47144,19047,1,51.3,2025-02-17 09:35:09+00:00,Unknown,51.3,2025,2,17
62735,44960,18978,1,63.5,2025-02-06 08:27:43+00:00,Unknown,63.5,2025,2,6
64654,46720,19147,1,28.5,2024-08-12 09:58:54.984000+00:00,Unknown,28.5,2024,8,12
67841,47599,19390,1,42.6,2024-08-08 22:55:12+00:00,"Suite 734 2834 Granville Port, Lonnieshire, MT 30366-5135",42.6,2024,8,8
69261,45672,19221,1,58.5,2024-11-15 17:12:00+00:00,Unknown,58.5,2024,11,15
68935,47310,19451,1,59.0,2024-12-05 22:49:36+00:00,Unknown,59.0,2024,12,5
63261,44641,19293,1,29.0,2024-09-07 22:35:00+00:00,Unknown,29.0,2024,9,7
69328,46139,19304,1,29.1,2025-02-02 19:07:23+00:00,Unknown,29.1,2025,2,2
65962,44368,18931,2,37.25,2024-12-18 05:51:12+00:00,Unknown,74.5,2024,12,18
73541,44613,19315,1,59.5,2025-07-11 00:31:00+00:00,Unknown,59.5,2025,7,11
63889,44666,19351,2,29.75,2024-08-19 10:06:18+00:00,Unknown,59.5,2024,8,19
63890,44735,18984,1,21.6,2024-04-04 13:55:53+00:00,Unknown,21.6,2024,4,4
72347,45610,19363,1,25.2,2025-07-06 15:33:00+00:00,"456 Luettgen Stream, Erdmanfurt, WI 62269-0902",25.2,2025,7,6
67089,44365,19287,1,35.0,2024-11-12 15:09:00+00:00,Unknown,35.0,2024,11,12
64346,45669,19196,1,12.99,2024-11-19 07:24:42+00:00,Unknown,12.99,2024,11,19
64420,46230,18890,1,84.0,2024-09-07 16:01:56+00:00,Unknown,84.0,2024,9,7
64359,47272,19266,1,57.0,2025-05-14 13:33:00+00:00,"Suite 149 661 Rory Mountains, Lake Ernestotown, OH 21924-5001",57.0,2025,5,14
64431,45168,19146,1,66.0,2024-09-29 09:51:40+00:00,"Apt. 208 6982 Davina Circle, Port Darinborough, MN 30828-4826",66.0,2024,9,29
65201,44411,18986,2,62.0,2024-05-21 19:31:00+00:00,Unknown,124.0,2024,5,21
64634,46014,19231,1,21.0,2024-12-19 08:57:00+00:00,Unknown,21.0,2024,12,19
66194,45337,18850,1,36.3,2024-07-23 08:45:10+00:00,"47007 Lynnette Plains, North Jaimiefort, SC 06147-0538",36.3,2024,7,23
64427,45968,18907,1,40.99,2025-06-06 09:31:31+00:00,Unknown,40.99,2025,6,6
69890,44385,19119,4,63.25,2024-12-02 02:41:14+00:00,"Apt. 829 99724 Delphia Greens, East Lishaborough, OR 49096-1419",253.0,2024,12,2
65849,46896,19573,1,35.75,2024-12-01 13:59:59+00:00,Unknown,35.75,2024,12,1
71515,46671,19272,1,50.0,2024-06-18 15:58:58+00:00,Unknown,50.0,2024,6,18
67379,47387,19531,2,30.99,2024-09-09 17:40:00+00:00,"94652 Hartmann Fall, Veumport, LA 99406-0551",61.98,2024,9,9
64798,46093,19423,2,34.5,2024-12-05 04:56:15+00:00,"9255 Hagenes Crossroad, Dietrichton, WV 11543-2635",69.0,2024,12,5
65644,47388,19026,1,22.2,2024-10-30 08:20:00+00:00,Unknown,22.2,2024,10,30
70270,45250,19032,5,71.75,2025-08-04 06:09:36+00:00,"Apt. 117 7656 Kautzer Pass, Jacobiport, GA 59945-6598",358.75,2025,8,4
62776,45536,18900,1,63.0,2024-03-25 08:19:23+00:00,Unknown,63.0,2024,3,25
64301,44896,19228,2,67.75,2024-08-16 19:15:00+00:00,Unknown,135.5,2024,8,16
63636,45719,19050,1,70.5,2025-06-30 20:23:00+00:00,Unknown,70.5,2025,6,30
70068,47238,19345,1,74.1,2024-09-12 21:45:40+00:00,"Suite 931 24127 Lacy Expressway, East Merlemouth, GA 01193-7058",74.1,2024,9,12
65600,47598,19063,1,61.8,2025-01-31 14:44:09.523000+00:00,Unknown,61.8,2025,1,31
66860,45626,19292,1,51.25,2025-02-11 09:14:00+00:00,Unknown,51.25,2025,2,11
72894,47279,19364,4,65.5,2025-04-13 14:41:50+00:00,Unknown,262.0,2025,4,13
64255,45820,18928,1,22.99,2024-09-30 14:56:54+00:00,Unknown,22.99,2024,9,30
70662,45439,18914,2,47.0,2024-03-19 07:25:00+00:00,Unknown,94.0,2024,3,19
63412,45012,19085,1,58.75,2024-03-30 13:36:00+00:00,Unknown,58.75,2024,3,30
70422,46878,19154,1,87.6,2024-11-08 07:11:20+00:00,Unknown,87.6,2024,11,8
66247,47219,19163,1,16.0,2024-09-06 16:33:29+00:00,Unknown,16.0,2024,9,6
71783,46179,19210,3,43.5,2025-05-22 08:55:04.693000+00:00,Unknown,130.5,2025,5,22
71066,44547,19135,2,51.0,2025-04-21 10:16:08+00:00,Unknown,102.0,2025,4,21
65040,44686,19338,1,69.5,2025-02-15 01:58:00+00:00,Unknown,69.5,2025,2,15
63556,46967,19111,2,35.1,2024-09-08 11:03:00+00:00,"Suite 442 6249 Koss View, North Margoriestad, OR 85101-5595",70.2,2024,9,8
63802,44380,19493,2,66.0,2024-10-03 16:59:43+00:00,Unknown,132.0,2024,10,3
63642,44466,19571,3,17.0,2025-03-03 11:19:40.295000+00:00,"4373 Vina Flats, Lake Tyra, SD 70669",51.0,2025,3,3
72141,46963,18967,5,72.5,2024-12-05 23:27:23+00:00,"Suite 522 70253 Hal Turnpike, Sherymouth, RI 74941-5389",362.5,2024,12,5
72486,47108,19573,1,32.0,2025-02-11 02:28:00+00:00,Unknown,32.0,2025,2,11
69578,47458,18998,1,46.0,2025-06-01 06:20:55+00:00,Unknown,46.0,2025,6,1
67498,45892,19219,4,26.75,2024-06-29 10:07:55+00:00,"230 Effertz River, Alphonsoview, RI 45912-5883",107.0,2024,6,29
69828,47106,19176,2,29.4,2025-03-10 13:38:13+00:00,Unknown,58.8,2025,3,10
69519,46252,19503,1,20.0,2025-02-08 12:18:11+00:00,"8007 Stracke Dale, New Willaberg, VT 82113",20.0,2025,2,8
68036,46208,19491,1,44.39,2024-11-15 02:05:15+00:00,Unknown,44.39,2024,11,15
69132,45181,19387,1,78.3,2024-10-13 14:04:17+00:00,Unknown,78.3,2024,10,13
69401,44703,19459,1,42.5,2024-11-08 02:24:00+00:00,Unknown,42.5,2024,11,8
64973,44419,19324,1,80.4,2025-04-04 21:16:00+00:00,"Apt. 582 37832 Gislason Street, New Mamouth, MN 87082",80.4,2025,4,4
72069,47305,19205,3,17.99,2024-12-27 01:26:50+00:00,Unknown,53.97,2024,12,27
64816,46580,19491,1,40.8,2024-10-14 03:08:52+00:00,"955 Kirlin Parkways, Lake Chan, AK 17376",40.8,2024,10,14
70495,45434,19059,1,55.99,2024-09-22 00:28:00+00:00,"Apt. 204 29464 Osinski Motorway, Lake Felicita, AR 71189",55.99,2024,9,22
73931,46157,18865,1,55.2,2025-04-20 11:33:20+00:00,Unknown,55.2,2025,4,20
65380,44527,18941,1,61.0,2024-03-19 09:57:16+00:00,Unknown,61.0,2024,3,19
66964,46185,19361,1,39.5,2024-05-04 18:26:46+00:00,Unknown,39.5,2024,5,4
70116,44850,19118,1,72.0,2024-10-10 23:56:00+00:00,Unknown,72.0,2024,10,10
63477,47286,19092,1,46.0,2024-05-14 04:39:16+00:00,"Apt. 167 561 Bosco Mills, West Laurencebury, MN 53772-8782",46.0,2024,5,14
65259,46432,19018,1,15.3,2025-04-20 14:47:57+00:00,Unknown,15.3,2025,4,20
63347,46181,19150,3,49.19,2024-07-29 19:25:00+00:00,Unknown,147.57,2024,7,29
71663,45879,19118,4,74.25,2025-06-21 22:28:00+00:00,Unknown,297.0,2025,6,21
69995,46237,19373,1,53.5,2025-03-09 02:13:00+00:00,Unknown,53.5,2025,3,9
68138,46637,19313,3,26.0,2024-04-30 12:14:46+00:00,Unknown,78.0,2024,4,30
70894,47384,18897,1,53.0,2025-02-01 15:36:00+00:00,"73022 Daniel Village, East Marindafort, NJ 51267",53.0,2025,2,1
71285,45431,19051,1,69.5,2024-11-16 06:09:15+00:00,Unknown,69.5,2024,11,16
73169,45131,19531,1,30.0,2024-06-29 08:16:40+00:00,Unknown,30.0,2024,6,29
65866,46463,18938,1,47.25,2024-12-02 22:04:37.780000+00:00,Unknown,47.25,2024,12,2
65580,46824,19395,1,42.0,2025-01-15 07:46:17+00:00,Unknown,42.0,2025,1,15
63578,44995,19099,2,51.75,2024-09-06 11:14:00+00:00,Unknown,103.5,2024,9,6
72972,45507,19116,1,17.0,2024-10-14 12:42:16+00:00,Unknown,17.0,2024,10,14
66442,44821,19074,2,87.9,2024-04-28 05:13:00+00:00,Unknown,175.8,2024,4,28
70374,44935,18841,2,21.3,2024-11-03 14:04:41+00:00,Unknown,42.6,2024,11,3
64405,47245,18964,1,52.0,2024-12-06 01:18:30+00:00,"17866 Lionel Underpass, Port Nikifort, NC 69422",52.0,2024,12,6
65234,45435,19392,1,47.0,2025-01-03 15:03:00+00:00,Unknown,47.0,2025,1,3
63000,47575,19005,1,39.75,2025-02-08 00:08:49+00:00,Unknown,39.75,2025,2,8
70310,47541,19434,1,15.6,2025-03-23 04:44:04+00:00,Unknown,15.6,2025,3,23
71505,46294,19123,3,63.59,2024-08-16 06:04:00+00:00,Unknown,190.77,2024,8,16
67646,46144,19163,2,14.5,2025-01-11 15:14:16+00:00,Unknown,29.0,2025,1,11
67553,46219,18838,3,57.99,2025-03-11 12:14:04+00:00,Unknown,173.97,2025,3,11
70202,44752,18940,1,15.99,2024-10-02 02:38:28+00:00,Unknown,15.99,2024,10,2
68355,46394,19423,1,36.0,2024-12-28 06:47:00+00:00,"15508 Dominica Estates, North Raeann, MA 88650-4231",36.0,2024,12,28
64896,45749,19077,4,54.9,2024-11-10 04:31:00+00:00,"Apt. 805 4066 Fay Village, Port Orville, MD 05350",219.6,2024,11,10
63991,44346,18973,1,56.75,2025-05-03 11:44:37+00:00,"727 Cruickshank Summit, East Tawny, FL 30789-5593",56.75,2025,5,3
69051,44822,19513,1,28.8,2024-12-16 22:01:08+00:00,Unknown,28.8,2024,12,16
70303,45913,18960,2,33.5,2024-11-12 11:44:21+00:00,"Apt. 137 310 Ryan River, Shanaberg, MO 76150-4425",67.0,2024,11,12
68389,46603,19283,1,15.99,2025-02-28 12:32:01+00:00,Unknown,15.99,2025,2,28
73112,44535,19344,2,35.4,2024-02-29 00:17:07+00:00,"Suite 834 5047 Hayes Street, Dickinsonborough, SC 58832",70.8,2024,2,29
69915,45232,19568,2,46.99,2024-10-01 13:00:09.818000+00:00,Unknown,93.98,2024,10,1
70911,44649,18951,5,69.75,2024-08-22 02:25:30+00:00,"Suite 993 270 Colleen Run, Beerton, AK 49043-4374",348.75,2024,8,22
71941,46033,18879,2,81.6,2025-08-01 17:41:27+00:00,Unknown,163.2,2025,8,1
71347,45750,19334,1,70.5,2024-10-09 12:46:18+00:00,Unknown,70.5,2024,10,9
66453,46019,19220,2,63.99,2025-02-19 08:00:35+00:00,"Apt. 260 29040 Kourtney Dam, New Kennyview, CA 59346-3669",127.98,2025,2,19
64282,45216,19529,2,16.8,2025-03-10 09:25:26+00:00,"404 Teena Passage, New Lennaland, IL 85293",33.6,2025,3,10
62779,44626,18922,1,15.75,2024-12-10 15:34:48.615000+00:00,Unknown,15.75,2024,12,10
69684,47042,19476,1,18.0,2024-12-16 11:43:54+00:00,"Apt. 690 5926 Kip Crest, Zboncakport, KS 45297",18.0,2024,12,16
62744,45784,19461,1,70.75,2025-01-12 01:20:11+00:00,Unknown,70.75,2025,1,12
62882,45145,19390,1,34.5,2024-08-31 15:07:18+00:00,"Apt. 413 421 Bernhard Spring, Floydbury, ME 36308",34.5,2024,8,31
64574,46436,19050,1,68.0,2025-02-09 23:26:00+00:00,Unknown,68.0,2025,2,9
63237,45280,18852,1,16.8,2024-07-31 15:30:00+00:00,"5507 Rowe Center, Port Donnie, WY 13577-9643",16.8,2024,7,31
69176,46720,19193,4,25.8,2025-03-10 07:24:56+00:00,"63354 Welch Path, Pfefferborough, ID 78688-6850",103.2,2025,3,10
65263,45978,19011,1,55.99,2025-01-03 11:07:07+00:00,Unknown,55.99,2025,1,3
67220,45542,19569,1,70.99,2025-02-14 15:54:00+00:00,"8843 Cronin Light, East Quiana, OH 63699",70.99,2025,2,14
67886,45946,19033,2,37.2,2025-01-15 05:44:07+00:00,"3642 Mueller Curve, Mariaborough, MO 87077-4585",74.4,2025,1,15
70745,46500,19509,1,53.0,2024-08-05 15:36:25+00:00,Unknown,53.0,2024,8,5
66287,46988,19571,1,13.25,2024-11-30 07:00:01+00:00,"587 Howe Underpass, Port Jacalyn, KS 99399-1384",13.25,2024,11,30
70151,46406,19402,1,33.0,2025-03-18 21:01:38+00:00,Unknown,33.0,2025,3,18
70974,47179,19004,3,79.5,2024-12-15 09:50:00+00:00,"Apt. 654 84404 Shonna Court, Kazukoberg, NY 07190",238.5,2024,12,15
73373,44696,19080,4,52.75,2024-12-04 18:27:00+00:00,"Apt. 125 8777 Graig Mountains, East Lindseyburgh, NH 14484",211.0,2024,12,4
64036,44847,19443,1,27.5,2024-10-29 09:05:37+00:00,Unknown,27.5,2024,10,29
63434,46952,19409,1,21.5,2025-02-20 01:42:00+00:00,Unknown,21.5,2025,2,20
68358,44927,19165,4,28.75,2024-12-01 00:26:25+00:00,Unknown,115.0,2024,12,1
63747,47620,19196,1,15.99,2025-01-15 10:55:00+00:00,"72323 Reuben Summit, Gleasonmouth, NH 94858",15.99,2025,1,15
63910,46713,18990,2,46.0,2024-11-30 02:17:00+00:00,Unknown,92.0,2024,11,30
65798,44462,19559,1,84.3,2025-02-16 05:28:00+00:00,Unknown,84.3,2025,2,16
65703,46469,18880,4,79.2,2025-03-11 09:47:15+00:00,Unknown,316.8,2025,3,11
63777,47202,19235,1,74.4,2025-04-12 10:46:00+00:00,Unknown,74.4,2025,4,12
69256,45500,19481,1,67.5,2025-04-27 05:26:41+00:00,Unknown,67.5,2025,4,27
65162,45115,19168,1,63.5,2024-07-04 00:11:54+00:00,"49367 Renetta Stream, East Hyacinth, MD 46621",63.5,2024,7,4
73170,44742,19535,3,65.5,2025-02-28 14:42:56+00:00,Unknown,196.5,2025,2,28
70386,45095,19436,1,33.0,2024-09-03 02:27:00+00:00,Unknown,33.0,2024,9,3
66844,47433,19535,1,83.99,2024-10-16 07:50:50+00:00,Unknown,83.99,2024,10,16
68899,46953,19425,1,43.99,2024-08-20 04:49:38+00:00,Unknown,43.99,2024,8,20
72162,45702,19539,1,65.99,2024-04-29 10:02:14+00:00,"Suite 159 5513 Leffler Walk, Kovacekfort, WY 93132",65.99,2024,4,29
67156,44354,19092,2,47.0,2024-04-19 05:30:01+00:00,Unknown,94.0,2024,4,19
67623,47111,19119,1,74.4,2024-10-22 00:27:06+00:00,Unknown,74.4,2024,10,22
69450,44483,19052,1,84.3,2025-07-17 00:29:29+00:00,Unknown,84.3,2025,7,17
73909,44454,19463,1,75.59,2024-03-11 06:13:00+00:00,Unknown,75.59,2024,3,11
65206,47302,19037,1,29.0,2025-05-17 08:59:05+00:00,Unknown,29.0,2025,5,17
69116,46225,19218,1,69.5,2025-05-10 09:06:29+00:00,Unknown,69.5,2025,5,10
72429,45380,19093,1,27.0,2025-01-17 04:14:18.971000+00:00,"147 Garrett Fort, North Lettie, NV 67295",27.0,2025,1,17
66464,45382,19424,3,20.39,2025-07-11 21:37:17+00:00,Unknown,61.17,2025,7,11
69316,46816,19117,1,35.75,2024-11-02 16:23:00+00:00,Unknown,35.75,2024,11,2
67169,46603,19244,5,48.0,2024-12-08 10:16:25+00:00,"Apt. 950 366 Beahan Burg, Mannborough, IN 67125-1325",240.0,2024,12,8
65648,46875,19173,1,63.5,2024-09-10 22:33:00+00:00,Unknown,63.5,2024,9,10
73959,44351,19128,1,73.0,2024-11-06 16:44:07+00:00,Unknown,73.0,2024,11,6
63235,45782,19141,2,49.75,2024-07-07 23:12:59+00:00,Unknown,99.5,2024,7,7
68961,47600,19368,1,29.5,2025-02-23 00:51:29+00:00,Unknown,29.5,2025,2,23
68695,47249,18913,1,40.5,2024-08-16 17:25:00+00:00,Unknown,40.5,2024,8,16
69636,45886,19043,1,18.5,2024-11-17 10:34:43+00:00,"Suite 833 74599 Ramonita Track, Hermannfurt, SD 59722",18.5,2024,11,17
68060,47326,19018,1,18.0,2025-02-19 21:42:10+00:00,"Apt. 353 67048 Gennie Rapids, Juanburgh, IL 40679",18.0,2025,2,19
70337,44607,18846,1,21.6,2025-04-29 03:41:59+00:00,Unknown,21.6,2025,4,29
72937,46892,19166,5,61.75,2024-11-17 16:28:14+00:00,Unknown,308.75,2024,11,17
68093,46155,18990,2,48.75,2025-04-10 20:52:00+00:00,"49322 Kuvalis Locks, Tremblayfort, MD 51806",97.5,2025,4,10
68919,44757,18894,1,27.0,2024-12-02 20:59:00+00:00,Unknown,27.0,2024,12,2
63630,47277,19020,4,18.99,2025-01-16 21:51:41.362000+00:00,Unknown,75.96,2025,1,16
72867,44537,18951,2,67.99,2025-07-10 12:21:04+00:00,Unknown,135.98,2025,7,10
73580,46715,19468,1,49.19,2024-08-28 18:35:37+00:00,"Suite 729 63652 Moore Roads, Aimeemouth, NC 15027",49.19,2024,8,28
72143,47580,19470,1,54.0,2024-08-16 04:05:13+00:00,Unknown,54.0,2024,8,16
64714,46780,19576,2,60.25,2024-11-14 18:22:45+00:00,"4458 Elizbeth Plains, Runtehaven, AZ 57094-3884",120.5,2024,11,14
72766,44834,19511,1,41.0,2024-12-07 04:24:58+00:00,Unknown,41.0,2024,12,7
73598,45264,19076,4,23.0,2025-06-16 16:06:37+00:00,Unknown,92.0,2025,6,16
67828,47262,19357,1,15.3,2024-11-12 21:40:32.048000+00:00,Unknown,15.3,2024,11,12
67859,47332,19118,1,87.3,2025-06-04 09:30:40.635000+00:00,"4226 Damon Track, North Olashire, NY 74055-2243",87.3,2025,6,4
71556,46725,19577,5,73.5,2024-12-06 05:55:55+00:00,Unknown,367.5,2024,12,6
73387,46310,18987,2,71.1,2025-06-24 13:48:00+00:00,Unknown,142.2,2025,6,24
73866,45661,19224,1,64.8,2024-12-03 13:02:05+00:00,Unknown,64.8,2024,12,3
72011,45160,19152,1,32.25,2024-09-22 22:42:00+00:00,Unknown,32.25,2024,9,22
65984,45986,19407,2,26.4,2025-02-04 12:15:25+00:00,"4327 Braun Rest, Wilburside, TN 09741",52.8,2025,2,4
71508,45789,18924,1,25.5,2025-01-14 06:52:37+00:00,"377 Wiegand Unions, North Prince, MD 68355-6170",25.5,2025,1,14
63238,47169,19466,1,24.6,2024-11-30 06:17:00+00:00,Unknown,24.6,2024,11,30
68120,46736,19027,3,87.0,2025-02-05 05:57:11+00:00,Unknown,261.0,2025,2,5
73675,46103,18846,1,23.0,2025-02-25 01:18:00+00:00,Unknown,23.0,2025,2,25
72621,45163,18940,1,23.99,2024-10-03 03:03:00+00:00,"5675 Yost Rue, East Grantland, OK 99543",23.99,2024,10,3
67744,47317,19574,1,50.0,2024-11-01 07:46:23+00:00,Unknown,50.0,2024,11,1
63690,44875,19501,1,21.0,2025-01-08 22:58:29+00:00,Unknown,21.0,2025,1,8
66796,47213,19336,1,51.99,2024-10-31 00:14:14+00:00,Unknown,51.99,2024,10,31
73223,45987,19210,1,35.0,2025-02-26 21:38:12+00:00,Unknown,35.0,2025,2,26
69468,46191,19081,1,16.0,2025-03-20 17:31:04+00:00,Unknown,16.0,2025,3,20
63998,46018,19170,1,68.0,2024-11-20 11:24:00+00:00,"5510 Collier Heights, Walshport, OH 26215-5707",68.0,2024,11,20
72499,46230,18853,1,71.99,2025-04-06 00:34:08+00:00,Unknown,71.99,2025,4,6
70592,45109,19543,1,46.2,2024-08-12 14:53:00+00:00,Unknown,46.2,2024,8,12
66823,46178,18968,1,67.0,2025-05-24 14:51:33+00:00,Unknown,67.0,2025,5,24
65368,45865,19312,1,73.0,2024-08-23 07:17:01+00:00,Unknown,73.0,2024,8,23
70515,47457,19150,1,45.75,2024-05-16 10:03:55+00:00,Unknown,45.75,2024,5,16
66063,47352,19340,1,31.0,2025-03-21 03:46:00+00:00,Unknown,31.0,2025,3,21
71405,45478,19407,1,19.5,2025-04-18 23:55:05+00:00,Unknown,19.5,2025,4,18
69066,47559,19123,1,50.25,2024-06-20 00:54:57+00:00,"5131 Lanie Dam, New Adanmouth, AR 08711-0935",50.25,2024,6,20
69605,47559,19130,1,27.5,2024-10-26 10:44:10+00:00,Unknown,27.5,2024,10,26
67652,46273,19498,1,47.0,2024-04-14 02:17:00+00:00,Unknown,47.0,2024,4,14
73636,46360,19484,1,59.99,2024-11-26 14:35:50+00:00,Unknown,59.99,2024,11,26
71687,45422,19548,1,46.0,2024-12-22 03:32:49+00:00,Unknown,46.0,2024,12,22
66244,46936,19315,1,59.0,2024-10-15 11:03:00+00:00,Unknown,59.0,2024,10,15
66914,45003,18913,1,41.99,2024-07-21 06:09:24.697000+00:00,Unknown,41.99,2024,7,21
73354,45557,18891,1,19.0,2024-11-19 13:05:40+00:00,Unknown,19.0,2024,11,19
71060,47119,18915,1,68.75,2024-11-03 08:40:00+00:00,"99554 Legros Circle, North Lovettaton, HI 70352",68.75,2024,11,3
71565,44722,19116,1,18.0,2024-04-04 01:30:03+00:00,Unknown,18.0,2024,4,4
65300,45933,19583,1,55.99,2024-10-01 10:05:37+00:00,"Suite 356 9835 Moen Junction, West Melanieview, SC 02980",55.99,2024,10,1
64593,44908,19402,2,36.9,2024-12-19 17:27:00+00:00,Unknown,73.8,2024,12,19
70717,44788,19333,1,35.4,2024-10-28 23:04:57+00:00,Unknown,35.4,2024,10,28
73470,46319,18948,2,26.4,2025-03-15 10:58:07+00:00,Unknown,52.8,2025,3,15
68823,45098,19582,3,47.5,2024-11-19 16:06:36.121000+00:00,Unknown,142.5,2024,11,19
65045,46145,19408,1,31.19,2024-11-16 02:59:00+00:00,Unknown,31.19,2024,11,16
72254,45947,19344,1,27.25,2024-10-26 02:04:49.115000+00:00,"53419 Yundt Falls, East Karmahaven, WY 74624",27.25,2024,10,26
68663,47244,19030,3,23.25,2024-10-21 14:01:27+00:00,"538 Heather Knoll, West Bennetthaven, NY 86475-6366",69.75,2024,10,21
64233,45709,19430,1,53.0,2025-01-17 20:59:18+00:00,Unknown,53.0,2025,1,17
66854,44439,19084,1,49.0,2025-05-12 06:40:19.437000+00:00,Unknown,49.0,2025,5,12
73038,45864,19091,5,32.4,2025-03-16 07:11:00+00:00,Unknown,162.0,2025,3,16
68025,44562,18901,1,71.0,2025-02-11 19:06:29+00:00,Unknown,71.0,2025,2,11
69928,45420,19097,1,63.0,2025-06-06 13:43:00+00:00,Unknown,63.0,2025,6,6
71359,46282,19394,1,21.6,2025-09-27 16:42:00+00:00,"Apt. 363 6131 Shaunna Light, North Lucienville, MA 19613-4324",21.6,2025,9,27
71833,45013,19367,1,47.99,2024-06-14 13:17:09+00:00,Unknown,47.99,2024,6,14
66525,45784,19372,1,60.0,2024-09-08 01:11:51+00:00,Unknown,60.0,2024,9,8
68126,44420,19528,2,29.0,2025-02-27 19:45:00+00:00,Unknown,58.0,2025,2,27
71059,45194,19568,2,59.1,2024-12-01 00:53:44+00:00,"Suite 905 599 Hahn Junctions, Lake Rachellborough, OH 80170-8368",118.2,2024,12,1
70494,45034,19207,2,69.59,2024-09-27 23:43:15+00:00,Unknown,139.18,2024,9,27
72055,46913,18980,1,71.7,2025-01-07 11:23:25+00:00,Unknown,71.7,2025,1,7
64149,44346,18987,1,63.5,2025-03-15 11:25:45+00:00,Unknown,63.5,2025,3,15
68072,45773,19367,1,61.19,2024-06-25 09:46:31.677000+00:00,"Apt. 726 40211 Goodwin Shoals, Parkermouth, RI 92184",61.19,2024,6,25
70140,44631,18842,1,60.25,2024-05-24 00:46:00+00:00,Unknown,60.25,2024,5,24
71816,46194,19312,1,75.0,2024-11-28 04:51:19+00:00,"Apt. 310 129 Stamm Drive, Hintzville, WV 49645",75.0,2024,11,28
68192,46164,18991,1,65.4,2025-06-10 02:40:57+00:00,Unknown,65.4,2025,6,10
72157,45229,18908,3,47.99,2025-01-02 19:43:00+00:00,Unknown,143.97,2025,1,2
67546,45594,19181,5,65.5,2025-01-17 13:48:52+00:00,"507 Adams Inlet, North Eleanora, UT 20535",327.5,2025,1,17
65119,45905,19330,2,62.99,2024-10-29 01:32:00+00:00,"Apt. 514 32569 Howe Islands, South Eliasburgh, NH 31192",125.98,2024,10,29
67737,46977,19544,1,38.0,2025-01-19 06:13:57+00:00,Unknown,38.0,2025,1,19
72546,45842,19448,1,55.0,2025-01-03 04:32:01+00:00,Unknown,55.0,2025,1,3
73597,45912,19386,1,71.99,2025-01-17 01:55:00.318000+00:00,Unknown,71.99,2025,1,17
63542,46933,19287,2,41.4,2025-03-13 22:05:00+00:00,"449 Hal Freeway, Schuppefort, FL 79046-7969",82.8,2025,3,13
71296,45843,19244,1,51.5,2024-03-08 12:03:45+00:00,Unknown,51.5,2024,3,8
64162,44476,19381,3,35.1,2024-04-17 05:10:00+00:00,Unknown,105.3,2024,4,17
69797,46766,19115,1,53.5,2025-01-18 03:14:47+00:00,Unknown,53.5,2025,1,18
69031,47463,19507,2,23.4,2024-05-25 08:58:49+00:00,Unknown,46.8,2024,5,25
72936,45604,19176,2,29.1,2024-09-06 03:05:28+00:00,Unknown,58.2,2024,9,6
73366,44617,19358,1,49.25,2024-09-21 17:27:30+00:00,Unknown,49.25,2024,9,21
73814,47605,18944,1,16.79,2025-05-26 15:59:40+00:00,"75930 Witting Stream, Strosinland, OK 85221",16.79,2025,5,26
70548,46831,19358,1,51.25,2024-02-09 11:00:18+00:00,Unknown,51.25,2024,2,9
64799,46710,19305,1,53.5,2025-01-17 09:12:00+00:00,"62408 Tom Trail, Lake Emmett, KS 45406",53.5,2025,1,17
64957,46611,19574,1,55.0,2025-04-03 08:08:00+00:00,Unknown,55.0,2025,4,3
63463,46956,19428,1,53.4,2025-03-26 07:38:00+00:00,"Suite 242 313 Wisozk Streets, North Norrisville, PA 25397-9028",53.4,2025,3,26
69907,46796,18922,1,16.99,2024-05-14 22:07:01+00:00,Unknown,16.99,2024,5,14
63941,45243,19168,2,65.5,2025-05-13 15:14:00+00:00,Unknown,131.0,2025,5,13
65369,46530,18978,2,64.0,2024-08-04 06:08:00+00:00,Unknown,128.0,2024,8,4
71898,45645,19178,3,37.99,2025-01-01 09:29:12+00:00,Unknown,113.97,2025,1,1
72602,46177,19434,1,17.99,2024-09-21 17:57:00+00:00,"602 Anderson Unions, Hyattchester, OK 08668",17.99,2024,9,21
71241,46838,19049,1,70.2,2025-01-09 06:57:10+00:00,Unknown,70.2,2025,1,9
72063,45747,19440,1,27.0,2025-01-16 23:50:32.651000+00:00,Unknown,27.0,2025,1,16
68764,44681,19531,1,25.75,2024-11-22 08:28:46+00:00,Unknown,25.75,2024,11,22
62764,44806,19577,1,90.3,2025-02-28 06:35:34+00:00,Unknown,90.3,2025,2,28
70040,46570,19526,1,66.0,2024-12-10 09:14:34+00:00,"97332 Hilaria Streets, Gleichnerborough, SC 59606",66.0,2024,12,10
68292,44948,19298,1,74.4,2024-10-05 09:11:10+00:00,Unknown,74.4,2024,10,5
68944,46636,19333,1,39.0,2024-11-10 06:53:06+00:00,Unknown,39.0,2024,11,10
71874,47428,19194,1,39.99,2025-03-21 23:50:56+00:00,Unknown,39.99,2025,3,21
70203,44638,19400,1,39.9,2024-11-01 18:54:38+00:00,"Suite 215 8882 Predovic Trafficway, Carlyshire, SC 29349-9768",39.9,2024,11,1
70000,45582,19583,1,53.0,2024-08-12 20:08:50+00:00,Unknown,53.0,2024,8,12
70115,44382,19017,2,53.0,2025-04-25 16:01:03+00:00,"Suite 237 64360 Ledner Tunnel, Garymouth, OK 78323-2333",106.0,2025,4,25
62820,47006,18892,1,34.2,2024-10-28 04:20:27+00:00,Unknown,34.2,2024,10,28
64402,46633,19410,2,53.1,2024-10-17 05:35:54+00:00,Unknown,106.2,2024,10,17
64290,44640,19355,1,41.0,2024-11-10 17:06:43.086000+00:00,Unknown,41.0,2024,11,10
66817,45786,19425,1,55.2,2024-03-22 14:57:40+00:00,Unknown,55.2,2024,3,22
63068,45627,19385,5,20.7,2025-05-06 13:19:00+00:00,Unknown,103.5,2025,5,6
65295,45004,19138,1,28.5,2025-03-08 03:29:11.607000+00:00,Unknown,28.5,2025,3,8
71422,44429,19139,2,67.5,2024-12-12 01:16:09+00:00,"Suite 661 7080 Shanelle Crossroad, Cesarfort, AR 61409",135.0,2024,12,12
63705,47455,18928,1,21.6,2024-09-05 12:45:52+00:00,"2720 Elvin Mountains, Irvingfort, NH 52171",21.6,2024,9,5
73739,45726,19325,1,28.5,2024-05-20 08:38:00+00:00,"Apt. 797 53472 Adan Lodge, Medhurstfort, OR 15106",28.5,2024,5,20
73272,47511,18956,3,51.75,2024-11-05 13:27:29+00:00,"67873 Beatty Gardens, Mindiside, NC 55247-9042",155.25,2024,11,5
64778,44755,19389,1,20.4,2024-06-25 21:22:07+00:00,Unknown,20.4,2024,6,25
73357,44498,19463,2,63.0,2024-04-18 12:10:13+00:00,"Apt. 499 94257 Jude Lane, West Jenelle, OR 29177-7799",126.0,2024,4,18
73964,47603,19028,1,61.0,2025-02-27 10:15:37.266000+00:00,Unknown,61.0,2025,2,27
63024,46111,19029,1,81.6,2025-02-07 02:59:31+00:00,Unknown,81.6,2025,2,7
72844,46576,19349,1,52.5,2025-08-03 11:54:30+00:00,Unknown,52.5,2025,8,3
70581,44392,19057,1,70.5,2025-02-12 10:26:28+00:00,Unknown,70.5,2025,2,12
67384,45873,18956,2,55.0,2024-07-19 14:11:58+00:00,Unknown,110.0,2024,7,19
64588,46486,19472,1,81.9,2024-12-23 19:43:01+00:00,Unknown,81.9,2024,12,23
62958,45434,19290,1,29.1,2025-01-28 12:32:44+00:00,Unknown,29.1,2025,1,28
71420,45769,19391,2,53.99,2024-12-15 23:57:00+00:00,Unknown,107.98,2024,12,15
68506,45094,18872,1,41.0,2024-07-28 11:49:57+00:00,Unknown,41.0,2024,7,28
73765,46184,18914,1,55.8,2024-06-04 23:54:34+00:00,Unknown,55.8,2024,6,4
62845,45345,19507,1,22.99,2025-05-09 23:22:26+00:00,"950 Tristan Tunnel, East Lindsayville, WI 56551",22.99,2025,5,9
73431,46129,19535,2,68.25,2024-05-13 22:29:21+00:00,"1826 Deckow Spurs, West Rodolfoton, UT 02801",136.5,2024,5,13
67100,47114,19345,1,60.0,2024-09-26 22:56:06+00:00,Unknown,60.0,2024,9,26
66669,45219,19012,2,45.99,2024-05-27 20:54:59+00:00,Unknown,91.98,2024,5,27
67977,44360,19201,1,37.0,2024-08-21 05:07:40+00:00,"Suite 956 675 Gregory Passage, North Jedmouth, IL 37569",37.0,2024,8,21
66689,46070,19056,4,20.75,2025-01-01 18:39:19+00:00,Unknown,83.0,2025,1,1
66381,46302,19161,3,43.2,2024-12-19 18:21:21+00:00,"43437 Padberg Field, Ligiaville, MS 19937",129.6,2024,12,19
70071,47286,19150,2,40.0,2025-03-04 10:01:34+00:00,"Apt. 167 561 Bosco Mills, West Laurencebury, MN 53772-8782",80.0,2025,3,4
73039,47448,19126,1,26.5,2025-08-19 13:59:21.269000+00:00,Unknown,26.5,2025,8,19
73658,47080,19279,1,21.5,2025-05-30 09:51:44+00:00,Unknown,21.5,2025,5,30
66440,44522,19518,2,27.25,2025-05-02 03:19:00+00:00,Unknown,54.5,2025,5,2
67847,44727,19373,1,51.75,2024-05-19 20:42:27+00:00,Unknown,51.75,2024,5,19
72483,47116,19316,1,22.99,2024-11-30 11:07:55+00:00,Unknown,22.99,2024,11,30
72481,46793,19342,3,43.2,2025-06-16 19:48:11.351000+00:00,Unknown,129.6,2025,6,16
62914,45114,19343,1,74.0,2025-04-26 09:39:00+00:00,Unknown,74.0,2025,4,26
67140,44998,19272,1,58.2,2025-01-24 12:09:59+00:00,Unknown,58.2,2025,1,24
63671,47267,19198,1,53.1,2024-12-16 07:09:30+00:00,Unknown,53.1,2024,12,16
71303,46480,19424,1,26.39,2025-07-23 00:49:05.525000+00:00,Unknown,26.39,2025,7,23
67122,46233,19063,1,59.99,2025-03-03 10:33:00+00:00,Unknown,59.99,2025,3,3
69042,47389,19121,2,69.5,2024-09-29 10:41:45.160000+00:00,Unknown,139.0,2024,9,29
70852,47000,19555,1,54.3,2024-10-28 10:32:24+00:00,"Apt. 973 6559 Dare Centers, Hoegerhaven, ME 53034-7047",54.3,2024,10,28
71834,47127,19089,1,52.0,2025-02-23 18:53:51+00:00,Unknown,52.0,2025,2,23
65430,47172,19325,1,34.2,2024-05-09 22:57:22+00:00,Unknown,34.2,2024,5,9
69511,46422,19532,1,36.6,2025-01-06 05:23:36+00:00,Unknown,36.6,2025,1,6
71547,45599,19191,1,35.1,2024-11-07 04:20:36+00:00,Unknown,35.1,2024,11,7
71452,47241,19149,1,25.5,2024-11-08 11:06:03+00:00,Unknown,25.5,2024,11,8
70786,46816,19017,1,55.5,2024-05-01 11:08:00+00:00,Unknown,55.5,2024,5,1
68839,47290,19331,2,32.5,2024-12-25 02:43:56+00:00,Unknown,65.0,2024,12,25
66867,44415,18918,1,66.5,2025-01-11 02:30:24+00:00,Unknown,66.5,2025,1,11
69713,44463,19131,1,59.0,2024-12-07 22:18:00+00:00,Unknown,59.0,2024,12,7
67530,46821,19469,1,32.99,2024-12-09 01:32:23+00:00,"Suite 899 1113 Metz Inlet, Karyport, VA 89681-3970",32.99,2024,12,9
71708,44605,19253,1,38.99,2025-05-04 11:27:07+00:00,Unknown,38.99,2025,5,4
73911,46979,19489,2,36.99,2024-10-14 02:56:09+00:00,Unknown,73.98,2024,10,14
72787,45463,19381,2,28.99,2024-09-05 14:27:59+00:00,Unknown,57.98,2024,9,5
68260,46303,19404,1,32.5,2024-11-01 15:01:40+00:00,Unknown,32.5,2024,11,1
63940,47112,19205,1,16.5,2024-08-15 03:14:00+00:00,"91023 Homenick Station, West Barryland, WV 79948-9542",16.5,2024,8,15
63131,46310,19563,1,83.4,2024-08-21 12:40:54+00:00,Unknown,83.4,2024,8,21
62772,45967,18986,1,66.75,2024-10-22 17:38:21+00:00,Unknown,66.75,2024,10,22
66626,47334,18998,1,48.0,2024-11-27 14:36:41+00:00,"Apt. 819 452 Bayer Parkways, East Elina, FL 89405-9039",48.0,2024,11,27
63215,46920,18978,3,64.25,2024-10-18 08:09:37+00:00,Unknown,192.75,2024,10,18
73078,44357,19291,1,60.99,2025-06-23 14:58:34+00:00,"83990 Gorczany Drive, VonRuedenport, WA 33224-9025",60.99,2025,6,23
68007,44915,19256,2,66.5,2024-10-07 06:18:55+00:00,Unknown,133.0,2024,10,7
67165,45466,19394,1,19.25,2024-09-30 20:46:49+00:00,Unknown,19.25,2024,9,30
71857,47458,19537,3,54.75,2024-11-02 08:22:35+00:00,Unknown,164.25,2024,11,2
70903,47130,19091,2,26.25,2025-04-25 02:06:49+00:00,Unknown,52.5,2025,4,25
71605,45474,19126,1,33.6,2024-12-28 14:22:31+00:00,"Apt. 488 7704 Boehm Trace, Hoppeburgh, NV 03223-7801",33.6,2024,12,28
72957,46957,19233,2,74.5,2025-05-06 20:23:51+00:00,Unknown,149.0,2025,5,6
67807,47481,19001,1,36.9,2024-10-18 04:57:30+00:00,"Apt. 832 4294 Javier Via, East Rolandhaven, GA 10385-9379",36.9,2024,10,18
66660,46449,19015,2,63.0,2024-10-20 16:31:31+00:00,"Suite 371 400 Olin Club, Salomeland, FL 01485",126.0,2024,10,20
64695,46694,19454,1,67.0,2025-02-02 05:22:20+00:00,"Suite 971 8446 Hortense Corner, Princefort, OR 66320",67.0,2025,2,2
72902,45147,19532,2,28.99,2025-01-06 01:22:52+00:00,Unknown,57.98,2025,1,6
67039,44886,19385,1,20.0,2025-01-21 09:33:48+00:00,"Suite 802 1276 Conn Oval, Uptonmouth, PA 42561",20.0,2025,1,21
64507,44771,19311,1,81.9,2025-01-07 15:01:59+00:00,Unknown,81.9,2025,1,7
67266,45309,19574,2,66.6,2025-03-27 03:25:50+00:00,Unknown,133.2,2025,3,27
62872,45347,18953,1,64.0,2025-06-08 16:05:00+00:00,"Apt. 866 398 Feest Keys, Konopelskiport, IL 72357-2557",64.0,2025,6,8
64770,46119,19137,1,47.5,2024-04-08 19:23:33+00:00,Unknown,47.5,2024,4,8
71804,44867,19283,1,16.75,2024-11-11 06:10:52+00:00,"Apt. 994 593 Hyatt Station, East Walter, CT 91789-8543",16.75,2024,11,11
66416,44521,19547,1,70.8,2025-05-13 17:36:08+00:00,Unknown,70.8,2025,5,13
65775,45155,19106,1,44.0,2025-05-24 22:59:00+00:00,Unknown,44.0,2025,5,24
63521,46718,19193,2,18.0,2024-07-10 22:20:02+00:00,Unknown,36.0,2024,7,10
67005,45212,19287,5,35.5,2024-09-16 15:43:50+00:00,"Apt. 702 41840 Fredric Key, Lake Filibertomouth, TX 55398",177.5,2024,9,16
63875,45323,19438,1,73.75,2025-08-16 13:58:19+00:00,Unknown,73.75,2025,8,16
66165,45247,19095,2,62.5,2024-11-04 04:58:16+00:00,Unknown,125.0,2024,11,4
66263,44880,19570,3,50.99,2024-06-28 11:09:52+00:00,Unknown,152.97,2024,6,28
67145,45646,19373,3,51.75,2024-04-22 06:25:00+00:00,Unknown,155.25,2024,4,22
67541,46330,19276,1,19.5,2025-02-19 04:16:00+00:00,"534 Louis Park, Erinfurt, AZ 30515",19.5,2025,2,19
68356,45450,19475,1,44.5,2025-01-09 02:23:00+00:00,Unknown,44.5,2025,1,9
73790,46683,19015,1,63.75,2024-11-09 14:08:54+00:00,"Suite 676 262 Feeney Rue, Violetshire, GA 85994",63.75,2024,11,9
67739,46887,19582,1,56.7,2024-11-23 02:26:05.769000+00:00,Unknown,56.7,2024,11,23
70794,46255,18839,1,23.75,2025-06-16 18:37:12+00:00,Unknown,23.75,2025,6,16
73462,45239,18943,1,89.1,2024-03-18 09:44:00+00:00,Unknown,89.1,2024,3,18
64846,46080,19004,1,71.0,2024-05-09 14:38:27+00:00,Unknown,71.0,2024,5,9
64545,45852,19172,1,63.99,2024-10-21 17:46:52+00:00,Unknown,63.99,2024,10,21
66019,46057,19155,1,60.0,2025-05-17 00:53:11+00:00,"85992 Krystal Roads, Kirkville, MS 56138",60.0,2025,5,17
65856,44384,19043,1,20.4,2025-02-13 14:53:30+00:00,Unknown,20.4,2025,2,13
70065,46561,19329,2,67.0,2025-09-05 14:11:45.930000+00:00,Unknown,134.0,2025,9,5
73664,45277,19023,2,40.5,2024-11-21 09:37:38+00:00,Unknown,81.0,2024,11,21
72762,46478,19266,1,50.25,2025-06-27 08:17:26+00:00,"Apt. 232 34562 Rochell Bypass, North Ruthaburgh, FL 71968",50.25,2025,6,27
64602,47624,19544,1,48.0,2024-11-03 00:44:03+00:00,Unknown,48.0,2024,11,3
73413,44581,19055,1,19.0,2024-09-19 11:33:00+00:00,Unknown,19.0,2024,9,19
68933,45286,18847,1,39.5,2025-03-16 15:25:00+00:00,Unknown,39.5,2025,3,16
65895,45716,18910,1,48.75,2025-02-06 17:43:00+00:00,Unknown,48.75,2025,2,6
66904,45090,19381,2,28.5,2025-03-12 15:55:00+00:00,Unknown,57.0,2025,3,12
72705,45121,19244,2,62.4,2024-08-16 06:30:00+00:00,Unknown,124.8,2024,8,16
63535,46477,19107,1,83.4,2025-01-28 06:47:46+00:00,Unknown,83.4,2025,1,28
73566,47313,19404,1,27.75,2025-03-06 14:30:32+00:00,"Apt. 696 84598 McKenzie Park, Manyport, PA 10880-7711",27.75,2025,3,6
65029,45237,18863,1,29.7,2024-12-16 23:10:32.743000+00:00,Unknown,29.7,2024,12,16
64901,45351,18915,2,77.7,2025-06-29 03:03:00+00:00,Unknown,155.4,2025,6,29
73498,44480,19511,2,48.6,2024-10-27 08:36:35+00:00,Unknown,97.2,2024,10,27
69205,46813,18838,2,68.39,2024-12-11 09:48:14.756000+00:00,Unknown,136.78,2024,12,11
66857,46786,19364,1,65.0,2025-03-12 13:13:31+00:00,Unknown,65.0,2025,3,12
68427,44884,19262,1,80.39,2025-01-11 07:00:35.319000+00:00,Unknown,80.39,2025,1,11
73148,46068,19000,2,61.5,2024-11-23 14:33:00+00:00,Unknown,123.0,2024,11,23
73422,46741,18979,1,67.99,2025-03-01 08:05:00+00:00,"670 Stracke Orchard, Assuntaville, MO 31092",67.99,2025,3,1
71291,45635,18906,1,39.0,2025-04-06 05:12:25+00:00,Unknown,39.0,2025,4,6
67746,45165,19207,1,55.99,2024-10-27 00:38:00+00:00,Unknown,55.99,2024,10,27
69440,44766,19343,2,72.75,2024-07-21 11:41:00+00:00,Unknown,145.5,2024,7,21
72812,44894,19074,5,89.1,2024-10-05 15:20:00+00:00,"3491 Mario Alley, Gloverchester, TX 56900-8052",445.5,2024,10,5
63656,46981,18840,3,44.5,2024-10-15 18:40:00+00:00,Unknown,133.5,2024,10,15
66702,45590,19494,1,30.75,2025-09-14 23:58:00+00:00,Unknown,30.75,2025,9,14
63837,47558,18937,1,66.5,2025-01-14 03:53:00+00:00,Unknown,66.5,2025,1,14
71463,45286,18978,4,63.0,2024-10-31 03:42:54+00:00,Unknown,252.0,2024,10,31
73138,47227,18987,1,59.5,2024-12-27 22:21:00+00:00,"782 Funk Village, South Noel, VA 46528",59.5,2024,12,27
63621,47287,18965,1,66.0,2024-09-26 14:06:00+00:00,"Apt. 126 548 Friesen Vista, Treutelfort, NJ 65314",66.0,2024,9,26
68850,45232,19042,1,30.5,2024-08-30 08:29:14+00:00,"Suite 751 609 Nick Flats, Herbertmouth, OK 27020-2588",30.5,2024,8,30
65121,44888,19083,2,49.5,2024-09-02 21:50:17+00:00,Unknown,99.0,2024,9,2
71715,44456,18846,1,27.59,2024-06-12 12:10:14+00:00,"Suite 631 66701 Jennine Place, New Bryonville, MS 61790-3757",27.59,2024,6,12
68639,47234,18929,1,59.1,2025-03-22 09:38:48+00:00,Unknown,59.1,2025,3,22
73928,44895,18921,1,56.1,2025-04-20 13:39:00+00:00,Unknown,56.1,2025,4,20
71312,47625,19486,1,46.5,2024-07-11 14:02:04+00:00,"90191 Shannan Wells, Nickieview, IL 22500",46.5,2024,7,11
68962,45874,19209,2,29.25,2025-01-18 14:11:00+00:00,"7005 Daniel Inlet, Bernicebury, SC 00376-1326",58.5,2025,1,18
72230,46574,19424,1,17.0,2025-07-29 17:22:00+00:00,"Suite 622 1945 Dante Extension, New Deonna, NV 91785-4245",17.0,2025,7,29
66324,44993,19084,4,49.0,2024-06-02 07:11:00+00:00,"Suite 831 711 Berge Divide, Zenafort, HI 82489-2852",196.0,2024,6,2
71641,46427,19367,1,60.3,2024-08-24 18:13:34+00:00,Unknown,60.3,2024,8,24
65672,46899,19240,1,82.8,2025-01-10 18:16:43+00:00,Unknown,82.8,2025,1,10
63457,46689,19511,1,46.8,2024-11-19 22:29:07+00:00,Unknown,46.8,2024,11,19
63492,44665,19545,1,49.5,2025-04-16 23:23:53+00:00,Unknown,49.5,2025,4,16
69555,46860,19266,1,48.99,2025-08-05 20:18:55+00:00,"Suite 727 1133 Lavona Locks, North Evelinborough, MT 02857",48.99,2025,8,5
69926,47303,19152,1,32.0,2024-07-12 18:16:48+00:00,Unknown,32.0,2024,7,12
69946,44488,19566,1,17.0,2025-01-10 06:05:19+00:00,Unknown,17.0,2025,1,10
63345,45819,19136,3,53.5,2024-12-21 19:09:46+00:00,Unknown,160.5,2024,12,21
63311,45597,19458,1,59.0,2024-07-06 12:19:20+00:00,Unknown,59.0,2024,7,6
73146,45302,18845,2,62.99,2024-09-21 13:12:19+00:00,Unknown,125.98,2024,9,21
66081,45600,19553,1,58.8,2025-01-25 19:08:00+00:00,Unknown,58.8,2025,1,25
64933,47375,19043,2,17.0,2024-09-23 10:09:00+00:00,Unknown,34.0,2024,9,23
71638,44439,19008,1,50.5,2025-02-07 05:16:00+00:00,Unknown,50.5,2025,2,7
70180,47096,19236,3,65.99,2025-03-14 09:04:56+00:00,Unknown,197.97,2025,3,14
62967,47273,19058,1,18.99,2025-01-18 19:28:26+00:00,Unknown,18.99,2025,1,18
64753,46506,19111,1,35.7,2024-11-19 05:14:14+00:00,Unknown,35.7,2024,11,19
68429,45144,19196,1,20.4,2025-10-13 17:33:00+00:00,"Suite 326 917 Runte Expressway, Schaefermouth, TN 09507-7042",20.4,2025,10,13
73102,44803,19525,1,73.2,2024-11-04 07:52:00+00:00,"Apt. 811 9838 Maxwell Field, East Marci, SD 93495-3401",73.2,2024,11,4
69195,44338,19542,1,57.75,2024-09-05 06:00:50+00:00,Unknown,57.75,2024,9,5
72185,46646,18974,1,45.3,2024-06-11 19:16:20+00:00,"Suite 198 654 Jerde Skyway, Wernermouth, AZ 58111-4486",45.3,2024,6,11
68333,47325,18884,1,80.39,2025-02-19 17:11:46+00:00,Unknown,80.39,2025,2,19
69425,46093,19464,2,44.25,2024-05-09 13:48:37+00:00,Unknown,88.5,2024,5,9
71073,46967,18865,1,45.0,2024-10-07 14:10:50+00:00,"Suite 442 6249 Koss View, North Margoriestad, OR 85101-5595",45.0,2024,10,7
71784,46012,19574,1,52.5,2025-05-03 22:37:04+00:00,Unknown,52.5,2025,5,3
71335,45756,19134,1,68.5,2024-11-07 04:38:16+00:00,Unknown,68.5,2024,11,7
66140,45026,19421,4,20.0,2024-11-04 10:29:00+00:00,Unknown,80.0,2024,11,4
68885,44826,19410,2,45.25,2025-03-24 15:06:33.124000+00:00,Unknown,90.5,2025,3,24
68372,45999,19405,1,50.0,2024-09-02 12:16:00+00:00,"Suite 360 5732 Ledner Junction, Erinville, MN 85641",50.0,2024,9,2
69275,45402,19019,1,15.25,2025-01-23 16:36:38+00:00,"Apt. 296 885 Sean Shoals, South Christoperstad, NC 73095",15.25,2025,1,23
72674,45608,18841,1,18.0,2025-01-12 22:19:52+00:00,Unknown,18.0,2025,1,12
71685,45662,19217,1,30.75,2024-08-26 07:46:23+00:00,Unknown,30.75,2024,8,26
64135,47477,18932,4,21.59,2025-02-28 06:21:35+00:00,Unknown,86.36,2025,2,28
65549,45137,19031,1,19.25,2024-04-06 23:16:02+00:00,Unknown,19.25,2024,4,6
70945,46097,18879,1,66.25,2025-02-10 10:51:00+00:00,"Apt. 191 311 Reilly Drive, North Loyd, AZ 53804-8942",66.25,2025,2,10
68125,47536,19199,1,15.0,2024-09-24 19:29:47+00:00,Unknown,15.0,2024,9,24
64185,47364,19042,1,36.0,2024-12-30 14:03:00+00:00,Unknown,36.0,2024,12,30
70132,46258,19503,1,25.2,2024-09-14 13:58:00+00:00,"Suite 605 2088 Jermaine Ridges, South Xochitl, CA 46947-6074",25.2,2024,9,14
63953,44481,19045,1,50.1,2024-11-01 11:20:54+00:00,Unknown,50.1,2024,11,1
70531,47033,19122,1,43.8,2025-03-30 20:32:52+00:00,Unknown,43.8,2025,3,30
64727,46208,18966,1,56.0,2024-08-13 11:09:00+00:00,Unknown,56.0,2024,8,13
72686,45780,19148,2,43.2,2024-08-08 00:08:08+00:00,Unknown,86.4,2024,8,8
69435,45878,18867,1,57.0,2024-09-28 02:10:00+00:00,"41410 Ina Springs, New Winford, OK 10699",57.0,2024,9,28
72216,45056,19497,3,68.39,2024-06-02 06:22:22+00:00,Unknown,205.17,2024,6,2
65257,47353,19436,1,25.99,2024-07-05 01:24:24+00:00,Unknown,25.99,2024,7,5
71677,45735,19484,3,54.75,2025-01-23 09:04:33+00:00,Unknown,164.25,2025,1,23
65660,46312,19319,1,40.99,2024-07-28 02:28:25+00:00,"Suite 997 718 Leffler Estate, Joeystad, ND 72225-1682",40.99,2024,7,28
67405,45893,19301,1,70.75,2024-10-06 15:52:50+00:00,Unknown,70.75,2024,10,6
66434,45109,18926,1,36.5,2024-09-23 15:15:00+00:00,Unknown,36.5,2024,9,23
71320,46060,19267,1,18.99,2024-12-28 11:36:36+00:00,Unknown,18.99,2024,12,28
69046,44505,19414,1,65.4,2024-11-16 02:44:52+00:00,Unknown,65.4,2024,11,16
67768,45631,19128,1,90.0,2025-03-31 21:20:21+00:00,Unknown,90.0,2025,3,31
73789,45422,18974,1,38.5,2024-08-01 08:45:00+00:00,Unknown,38.5,2024,8,1
69985,46221,18845,1,58.0,2025-01-09 08:53:44+00:00,Unknown,58.0,2025,1,9
72676,44540,18917,1,69.0,2025-01-14 09:55:00+00:00,Unknown,69.0,2025,1,14
69553,45240,19045,1,45.25,2025-01-17 04:50:00+00:00,Unknown,45.25,2025,1,17
72786,45878,19196,1,16.8,2025-02-24 16:31:39+00:00,Unknown,16.8,2025,2,24
66740,47415,18898,1,70.0,2024-07-20 16:52:07+00:00,Unknown,70.0,2024,7,20
72145,46960,19550,2,30.0,2024-04-12 12:18:05+00:00,"Suite 432 322 Franecki Plain, Anthonyborough, OH 17912",60.0,2024,4,12
72562,44717,19302,5,25.75,2024-07-14 23:05:00+00:00,Unknown,128.75,2024,7,14
72065,45654,19426,1,39.0,2025-02-06 17:09:41+00:00,Unknown,39.0,2025,2,6
69666,46573,19054,3,52.8,2025-03-01 02:23:00+00:00,"Suite 975 10900 Bauch Forges, East Rigobertochester, MT 72893-6563",158.4,2025,3,1
67753,46299,19296,1,27.5,2025-02-20 09:17:00+00:00,Unknown,27.5,2025,2,20
69516,46258,19519,1,33.25,2024-09-23 00:55:38+00:00,Unknown,33.25,2024,9,23
73625,46163,18969,2,46.5,2024-11-12 18:32:38+00:00,Unknown,93.0,2024,11,12
72706,46642,18856,3,50.5,2024-09-04 06:17:00+00:00,"Apt. 965 24030 Schiller Trace, Lake Sammytown, IN 95286-4700",151.5,2024,9,4
67517,46750,19422,4,28.5,2024-12-17 00:09:47+00:00,Unknown,114.0,2024,12,17
68039,45314,19244,3,53.5,2024-10-29 14:07:00+00:00,Unknown,160.5,2024,10,29
70278,47518,19413,1,35.99,2024-08-17 06:04:11.398000+00:00,Unknown,35.99,2024,8,17
65510,45957,19324,1,63.5,2024-11-29 11:56:03+00:00,Unknown,63.5,2024,11,29
71199,47097,18895,2,42.0,2024-09-30 10:41:25+00:00,Unknown,84.0,2024,9,30
72534,46250,18953,1,64.75,2025-07-23 09:24:00+00:00,Unknown,64.75,2025,7,23
64954,44773,19015,1,70.79,2024-03-19 20:46:00+00:00,Unknown,70.79,2024,3,19
67522,46704,19125,2,15.99,2024-09-26 08:45:00+00:00,Unknown,31.98,2024,9,26
68050,46737,19316,1,31.2,2025-05-26 09:30:02.216000+00:00,Unknown,31.2,2025,5,26
65269,47105,19409,1,19.5,2024-08-21 07:45:37+00:00,Unknown,19.5,2024,8,21
69038,46988,19075,1,43.5,2024-12-14 02:51:04+00:00,"587 Howe Underpass, Port Jacalyn, KS 99399-1384",43.5,2024,12,14
73273,44863,19467,1,85.8,2025-04-28 00:46:25+00:00,"Apt. 844 7682 Abbott Cove, West Silvaview, ND 03748-9948",85.8,2025,4,28
63056,44353,19156,1,40.5,2025-01-24 10:59:44+00:00,Unknown,40.5,2025,1,24
65877,44624,18911,1,66.5,2024-04-04 10:58:46+00:00,Unknown,66.5,2024,4,4
72795,46248,19494,1,34.5,2025-06-02 13:15:14+00:00,Unknown,34.5,2025,6,2
65541,47113,19273,1,52.2,2024-10-30 02:12:30+00:00,"Apt. 790 5423 Raynor Mountains, Lynchport, PA 98191",52.2,2024,10,30
67312,44360,18957,1,74.4,2025-02-03 12:06:38+00:00,Unknown,74.4,2025,2,3
73409,46618,18882,2,47.5,2024-12-24 10:13:00+00:00,Unknown,95.0,2024,12,24
68853,46572,19542,1,59.99,2024-08-09 12:33:00+00:00,Unknown,59.99,2024,8,9
65656,44387,19279,1,20.5,2024-12-11 23:13:33.140000+00:00,Unknown,20.5,2024,12,11
69934,46601,19572,1,16.25,2024-05-19 02:47:01+00:00,Unknown,16.25,2024,5,19
66806,45475,19417,5,22.99,2025-01-25 23:19:36+00:00,Unknown,114.95,2025,1,25
69167,47622,19088,1,35.99,2024-11-06 21:34:16+00:00,"5010 Pfeffer Island, West Randalburgh, TX 83835-4451",35.99,2024,11,6
67087,45244,19352,1,29.0,2024-10-06 10:44:15+00:00,"Suite 630 3726 Anderson Causeway, Nitzscheberg, WI 22637",29.0,2024,10,6
68872,46413,19147,2,26.0,2024-06-24 16:35:55+00:00,Unknown,52.0,2024,6,24
65205,46784,19144,1,54.0,2024-09-13 20:07:00+00:00,Unknown,54.0,2024,9,13
64295,46880,19356,2,53.25,2024-06-29 08:53:21+00:00,"Suite 316 14792 Reichert Estates, Kuhlmanview, CO 96931-5507",106.5,2024,6,29
70848,45938,19071,1,14.0,2024-12-16 02:33:11.132000+00:00,Unknown,14.0,2024,12,16
66037,47231,19003,1,37.25,2025-03-15 17:05:00+00:00,Unknown,37.25,2025,3,15
68411,46578,19028,4,62.75,2024-09-21 19:27:09+00:00,Unknown,251.0,2024,9,21
69778,46578,18938,1,47.5,2024-12-23 23:22:29+00:00,Unknown,47.5,2024,12,23
66809,44418,19204,1,48.0,2024-06-25 02:12:42+00:00,Unknown,48.0,2024,6,25
68583,46046,19014,1,24.6,2024-09-04 19:20:00+00:00,Unknown,24.6,2024,9,4
73033,45592,18875,2,48.75,2025-06-18 04:51:29+00:00,Unknown,97.5,2025,6,18
68650,47535,19280,1,51.6,2025-01-13 01:19:19+00:00,"74890 Dietrich Key, West Mark, MI 82535",51.6,2025,1,13
64652,46849,19457,1,32.1,2024-10-20 00:16:00+00:00,"Suite 995 3430 Sipes Ville, Port Lanelle, ID 65573-0998",32.1,2024,10,20
69795,46594,18860,1,53.4,2024-06-09 21:24:49+00:00,Unknown,53.4,2024,6,9
70990,46142,19310,1,21.0,2024-11-10 03:20:09+00:00,Unknown,21.0,2024,11,10
66950,46610,19166,1,61.75,2024-07-19 12:44:29+00:00,Unknown,61.75,2024,7,19
69912,44992,19238,2,25.2,2024-11-21 06:13:55+00:00,Unknown,50.4,2024,11,21
73490,45073,19107,2,74.25,2024-07-14 20:25:07.095000+00:00,"56031 Tammera Cove, New Dorothy, NJ 64415-4695",148.5,2024,7,14
73079,47010,19455,5,14.0,2024-11-09 03:59:04+00:00,Unknown,70.0,2024,11,9
66091,46799,18953,5,61.99,2024-03-20 20:29:43+00:00,"Apt. 299 481 Marline Mount, South Chun, NV 61067",309.95,2024,3,20
68948,44848,19491,1,37.5,2024-10-12 22:59:38+00:00,Unknown,37.5,2024,10,12
63976,44601,19521,1,19.0,2024-08-29 23:59:43+00:00,"Apt. 620 28011 Bruno Unions, Gerholdland, CA 53798",19.0,2024,8,29
70003,44408,19342,2,41.0,2025-07-29 09:00:23+00:00,Unknown,82.0,2025,7,29
64086,45986,19409,1,25.19,2024-10-30 15:23:23+00:00,Unknown,25.19,2024,10,30
66168,45981,19063,1,46.99,2024-07-13 23:30:16+00:00,Unknown,46.99,2024,7,13
65949,47078,18912,1,64.25,2025-04-02 08:22:48+00:00,Unknown,64.25,2025,4,2
63395,46130,19017,1,55.0,2024-11-16 01:07:27+00:00,"Suite 911 95273 Ronald Meadows, East Leannestad, KS 74290",55.0,2024,11,16
64208,45658,19586,2,23.4,2024-12-12 21:19:51+00:00,Unknown,46.8,2024,12,12
66393,47177,18924,1,31.5,2024-12-23 12:05:02+00:00,Unknown,31.5,2024,12,23
73003,46259,19193,1,19.0,2024-08-06 22:07:58.447000+00:00,Unknown,19.0,2024,8,6
72949,46961,19501,2,21.6,2024-07-10 11:06:53+00:00,Unknown,43.2,2024,7,10
73522,46063,19168,1,61.0,2025-10-02 19:25:25+00:00,"93064 Angelyn Inlet, Port Cory, OK 65411",61.0,2025,10,2
72444,45483,19452,2,43.8,2025-02-06 03:15:49+00:00,Unknown,87.6,2025,2,6
71912,44570,19019,4,15.0,2025-07-08 17:07:03+00:00,Unknown,60.0,2025,7,8
72503,45444,19039,1,45.0,2024-11-27 21:18:00+00:00,Unknown,45.0,2024,11,27
68195,44868,19378,1,17.99,2024-12-28 02:55:00+00:00,Unknown,17.99,2024,12,28
64624,45109,19431,3,36.0,2025-02-08 17:50:06.230000+00:00,Unknown,108.0,2025,2,8
67545,45050,18858,2,15.6,2025-01-22 15:29:00+00:00,Unknown,31.2,2025,1,22
65390,46553,18905,1,54.0,2025-04-07 20:03:04+00:00,Unknown,54.0,2025,4,7
63898,46826,19361,2,35.25,2025-03-28 11:48:00+00:00,Unknown,70.5,2025,3,28
70725,44740,19057,4,69.5,2024-09-11 12:26:50+00:00,"5086 Erdman Fall, West Elois, CO 77141-0250",278.0,2024,9,11
65276,46856,18973,2,66.3,2024-12-04 00:23:00+00:00,Unknown,132.6,2024,12,4
67960,47233,19075,2,44.5,2024-09-09 12:11:20+00:00,"3402 Era Lodge, West Chadside, IA 04987",89.0,2024,9,9
68725,47213,19308,2,71.4,2025-04-08 10:56:58+00:00,"669 Roselia Way, Howardfurt, WA 59466",142.8,2025,4,8
68218,45023,18882,2,48.99,2025-01-13 22:39:28+00:00,Unknown,97.98,2025,1,13
73694,47523,19518,1,25.5,2024-10-15 10:40:20+00:00,Unknown,25.5,2024,10,15
69326,46867,19145,2,72.99,2025-02-21 13:22:58+00:00,Unknown,145.98,2025,2,21
65388,46628,19290,1,26.5,2025-04-01 06:52:38+00:00,"748 Shiloh Ferry, Isaiasport, MA 77413",26.5,2025,4,1
67219,46761,19075,1,43.25,2024-11-24 19:56:54+00:00,Unknown,43.25,2024,11,24
67042,45998,19265,1,59.1,2024-05-19 03:47:41+00:00,Unknown,59.1,2024,5,19
68594,47443,19201,1,36.5,2024-04-10 11:42:12+00:00,Unknown,36.5,2024,4,10
67637,46975,18877,5,48.25,2025-03-03 21:22:05+00:00,"2223 Hane Loop, Athenaville, KS 01891-7799",241.25,2025,3,3
69206,45677,19442,1,45.99,2024-11-25 08:35:04+00:00,Unknown,45.99,2024,11,25
66793,45755,19410,1,57.9,2024-12-15 20:44:59+00:00,Unknown,57.9,2024,12,15
69285,45019,18997,1,37.75,2024-10-24 12:46:22+00:00,"Apt. 883 28219 Kittie Trafficway, Ellsworthland, NV 08815-3756",37.75,2024,10,24
67287,47267,18997,5,36.75,2024-12-10 16:46:55+00:00,"9499 Connelly Stream, Hillsstad, RI 03947",183.75,2024,12,10
72880,45412,19530,1,21.5,2025-09-05 00:33:37+00:00,Unknown,21.5,2025,9,5
70102,45066,18949,1,36.0,2025-03-11 16:49:37+00:00,Unknown,36.0,2025,3,11
73071,46708,18950,1,55.8,2024-09-28 21:22:29+00:00,"Suite 346 525 Grazyna Gardens, Deckowland, SD 87743",55.8,2024,9,28
67489,45458,19041,4,16.25,2024-10-17 01:00:12+00:00,Unknown,65.0,2024,10,17
73225,45291,19310,1,26.0,2024-09-28 20:05:06+00:00,Unknown,26.0,2024,9,28
64485,45377,18962,5,60.5,2025-02-13 07:09:00+00:00,"Apt. 904 86789 Jesenia Ridges, Dennyland, FL 30283",302.5,2025,2,13
69332,46674,19075,1,47.0,2024-04-05 00:22:22+00:00,Unknown,47.0,2024,4,5
71937,47163,19126,1,28.5,2025-08-05 02:45:40.312000+00:00,Unknown,28.5,2025,8,5
71716,47464,19179,1,55.99,2025-01-21 11:48:35+00:00,Unknown,55.99,2025,1,21
73320,44424,19092,3,57.0,2025-07-20 07:06:00+00:00,Unknown,171.0,2025,7,20
63627,45796,19423,1,33.99,2024-09-03 03:34:24+00:00,Unknown,33.99,2024,9,3
64738,47391,19519,2,33.0,2024-08-19 09:01:00+00:00,Unknown,66.0,2024,8,19
67001,44851,19094,1,50.75,2024-12-06 11:48:00+00:00,Unknown,50.75,2024,12,6
73257,46391,19326,1,25.5,2024-10-22 03:26:24+00:00,Unknown,25.5,2024,10,22
69691,46558,18930,1,33.5,2024-03-17 02:46:11.239000+00:00,Unknown,33.5,2024,3,17
68515,46972,19386,1,76.5,2024-10-08 14:21:00+00:00,"23054 Kling Stream, Lake Quyenside, NC 96481",76.5,2024,10,8
68172,45854,18864,2,71.5,2025-04-08 08:10:00+00:00,"3077 Smitham Pass, South Johnny, MN 09508-1778",143.0,2025,4,8
70298,47253,19444,1,55.19,2025-02-09 00:37:26+00:00,Unknown,55.19,2025,2,9
68394,45508,19465,1,46.25,2024-12-26 13:11:00+00:00,Unknown,46.25,2024,12,26
73729,45794,19569,3,70.5,2025-03-21 04:36:51+00:00,Unknown,211.5,2025,3,21
67068,46494,18972,5,36.6,2025-01-11 23:31:00+00:00,"2522 Maxwell Vista, East Nickhaven, KS 22653-9437",183.0,2025,1,11
73727,44564,19335,1,12.99,2024-08-05 21:43:52+00:00,Unknown,12.99,2024,8,5
66504,45883,18871,2,71.4,2024-03-27 09:16:00+00:00,Unknown,142.8,2024,3,27
63344,46556,19069,2,42.75,2025-03-13 02:21:00+00:00,Unknown,85.5,2025,3,13
63254,45318,19121,2,69.0,2024-05-15 13:34:00+00:00,Unknown,138.0,2024,5,15
67942,45196,19499,5,35.99,2024-12-08 10:21:46+00:00,Unknown,179.95,2024,12,8
67716,45682,19370,1,21.0,2024-08-23 05:48:00+00:00,Unknown,21.0,2024,8,23
69215,46279,19570,3,46.5,2025-05-16 02:52:12+00:00,"Apt. 766 899 Della Mountains, West Alyssa, WI 99369",139.5,2025,5,16
68281,45077,19237,1,77.4,2024-10-15 20:48:24+00:00,Unknown,77.4,2024,10,15
69745,45430,18842,1,61.5,2024-03-30 15:53:26+00:00,"884 Darwin Camp, Hesselton, NC 89155",61.5,2024,3,30
73900,46293,19205,2,14.75,2025-01-14 15:55:13+00:00,"Apt. 607 895 Jamey Lights, North Margueritaburgh, IN 62356-9175",29.5,2025,1,14
73561,47089,18904,2,32.0,2025-04-05 20:24:00+00:00,"90507 Lemke Trace, Schulistbury, LA 37235",64.0,2025,4,5
66205,47007,19420,1,51.99,2025-01-01 00:10:00+00:00,Unknown,51.99,2025,1,1
64708,45893,19046,1,22.25,2025-01-26 19:43:13+00:00,"1391 Samatha Port, New Anishafort, NH 58075-1942",22.25,2025,1,26
67994,46789,19227,4,51.99,2025-02-06 03:32:55+00:00,Unknown,207.96,2025,2,6
67368,44742,19267,2,25.5,2024-05-05 11:01:00+00:00,Unknown,51.0,2024,5,5
62749,46579,19089,2,52.5,2025-01-25 18:53:27+00:00,Unknown,105.0,2025,1,25
66121,47437,19208,1,64.2,2024-08-20 03:08:08+00:00,Unknown,64.2,2024,8,20
67325,44363,19539,1,65.5,2024-08-19 01:27:58+00:00,Unknown,65.5,2024,8,19
72297,44425,19579,2,20.0,2025-01-06 23:22:00+00:00,Unknown,40.0,2025,1,6
71260,46942,19138,2,30.5,2024-08-13 07:48:46+00:00,"29193 Randal Lights, Keenanfurt, HI 37100",61.0,2024,8,13
66463,45697,18878,1,35.0,2025-07-12 20:59:43.959000+00:00,Unknown,35.0,2025,7,12
64109,46469,19356,1,53.5,2025-04-03 02:10:31+00:00,"Apt. 531 79017 Kyle Courts, New Robby, KY 81174",53.5,2025,4,3
70045,45032,18966,1,69.59,2025-04-06 04:51:02+00:00,"Apt. 657 809 Karisa Dale, Port Moseshire, IN 28554",69.59,2025,4,6
72164,46481,18864,2,71.0,2024-06-20 00:38:25+00:00,Unknown,142.0,2024,6,20
70697,44686,19083,5,60.0,2024-12-11 14:52:00+00:00,Unknown,300.0,2024,12,11
64646,46203,19190,1,44.75,2025-05-17 11:09:00+00:00,Unknown,44.75,2025,5,17
67438,45415,18868,5,28.0,2024-09-25 19:54:28+00:00,"33116 Schamberger Ridge, Reingerton, WY 45449",140.0,2024,9,25
