id,name,address,phone,email,is_company,canonical_id
44533,Hoyt Carter,"Apt. 300 8604 Ashlyn Wells, Effertzstad, ID 02997",+14623854294,mckinley.rowe@harber.example,False,44533
46128,Marco Kulas,"Apt. 538 816 Bechtelar Ferry, Lincolnhaven, KS 47205-5856",+19134664487,francisco@murray-cronin.test,True,46128
46407,Denny Goyette Lld,"Apt. 174 39450 Mohr Rapids, Port Neomistad, AL 80283",+18019703335,marguerita@wuckert.test,True,46407
44602,Zackary Heller,"Apt. 608 74228 Bogan Valley, South Stepanieshire, VA 04814-7267",+18958295417,annabelle@hessel.test,False,44602
45828,Jess Beier,"2716 Jacobi Path, Ziemanntown, SC 65624-4660",+11137843410,minh@hettinger.example,False,45828
46005,Sen. Luann Borer,"Suite 569 413 Augustus Highway, Lake Harlan, DE 87450",+16230904763,maria@bayer.example,False,46005
45091,Else Watsica,"71804 Kulas Pass, Tulaville, VA 22476-5783",+11195341919,madge@mccullough.example,False,45091
47298,Gladys Stamm Sr.,"Apt. 322 122 Ha Light, Ornchester, IA 60395-9377",+18891635117,lucio.wiza@hermann.example,False,47298
44757,Pauline Senger,"Apt. 990 28804 Smitham Walks, Byronchester, NY 13772-1585",+13601085596,cammie@kling.example,False,44757
47274,Allan Bogisich,"Suite 541 86944 Bennett Squares, West Timmyside, KY 70868-7635",+18813289660,janetta_marvin@koelpin.example,False,47274
47248,Msgr. Ignacia Gerhold,"Apt. 351 9283 Susanne Lakes, Bettyhaven, FL 56711",+11641530124,cecil_rolfson@kilback.test,False,47248
46950,Rev. Asuncion Bruen,"20427 Hirthe Harbors, West Sungmouth, ME 96586",+16386034801,kirby@leffler.test,False,46950
47435,Rudy Dickens,"9109 Frami Cape, Rudolphfort, AK 14772-2920",+16598930947,carrol@kuhlman.test,False,47435
46747,Miquel Goodwin,"Apt. 764 37440 Billie Station, North Liseview, PA 93331-5412",+11027819971,alisia_dooley@kozey-braun.example,False,46747
44677,Antwan Schiller,"55639 Osinski Turnpike, New Jewellbury, CO 02218",+11315691245,valerie@kassulke.test,False,44677
45210,Fr. Tianna Leuschke,"9516 Rubie Loop, North Tammibury, NE 90300",+15306226189,virgie@haley.test,False,45210
45561,Latoria Wilkinson,"Apt. 348 6055 Stasia Flats, Edenhaven, WA 14821",+19455493476,cammy@johns.example,False,45561
46615,Tanner Tillman,"4876 Champlin Knoll, Thompsonborough, FL 61472-7088",+11572405712,jed.glover@rogahn.example,False,46615
46126,Priscila Kunze,"87993 Corey Street, Jeannettaburgh, DE 94066",+12411211415,emery.schumm@mayert.example,False,46126
45694,Amb. Myrna Lind,"Apt. 873 9419 Greenfelder Path, East Bryan, NV 94883-5224",+17686114320,lacy_kessler@sipes.example,False,45694
47223,Domitila Price Jd,"51465 Batz Valley, North Lecia, CA 05480-7939",+13887810039,lowell_ankunding@beahan.example,False,47223
47110,Merrilee Reichel,"831 Torp Spur, Jaskolskimouth, AR 59234",+17652465180,alfred@jacobson.example,False,47110
45136,Joseph Wuckert,"Suite 594 216 Zieme Square, Gerardoview, PA 07120-0022",+18153478984,valrie_wuckert@gulgowski-dare.example,False,45136
46387,Christy Ondricka,"Apt. 522 3471 Kerluke Haven, Port Vernon, CT 74170-6958",+17724221778,steven@gulgowski.test,False,46387
46488,Krishna Monahan,"52222 Osinski Spring, West Leslie, PA 40618-6667",+13475745462,natacha@bartoletti.example,False,46488
44587,Clarice Nikolaus,"Suite 814 890 Leigha Bridge, Mohrchester, NE 34312-3143",+15148313429,burton.hirthe@kertzmann-windler.test,False,44587
46360,Deonna Schaden,"22074 McGlynn Plains, North Helen, NM 53887-9972",+15451103061,dorian.rempel@legros.example,False,46360
45080,Mina Cassin,"9839 Renner Walk, Arleanchester, NV 81859-3444",+16951589763,eldon_murazik@cruickshank.example,False,45080
44652,Danial Becker,"20215 Travis Forge, West Estebanburgh, NM 96110-1719",+13582142222,sulema_hudson@gleason.test,False,44652
46419,Bo Waelchi Dds,"Suite 416 13142 Ryan Mountains, East Lon, GA 80437",+19260517602,ofelia@greenholt.test,False,46419
47358,Whitney Nitzsche,"4474 O'Hara Lake, Windlerfort, NE 69437-3461",+13045045605,brock@thompson.example,False,47358
44551,Msgr. Neville Johnson,"6970 Leota Parks, North Rashadton, ME 07029",+19711345775,maricruz@koepp.test,False,44551
44771,Amb. Marcus Kutch,"24442 Kunze Key, Kihnberg, OR 34857",+11248720081,cassey@hilpert-toy.example,False,44771
45791,Nona Kirlin,"Suite 935 70820 Rueben Valley, North Madelaine, MO 75389",+12197009759,jewel.mohr@monahan.example,False,45791
45560,Vincenzo Klocko,"44499 Thi Center, West Kiethport, NY 20467",+13181631622,mack.hilll@torp.test,True,45560
46951,Tod Barton Dc,"Apt. 918 7418 Marks Port, Port Lilli, MS 87471",+19895742852,toby.tromp@metz.test,False,46951
47417,Alex Franecki,"65475 Schultz Estates, Harbermouth, ID 28679-7162",+12587719554,pasquale.cassin@oberbrunner-nitzsche.test,False,47417
47157,Hortencia Ferry,"482 Ruben Isle, North Julianhaven, WV 95003",+12317506059,sandie_bednar@labadie-ondricka.example,False,47157
45932,Neil Collier,"4588 Mohr Brook, Schroederton, ME 92095-0124",+16127704631,otha@klein.test,True,45932
45727,Gov. Laronda Schimmel,"Suite 394 638 Newton Grove, Audreyville, MN 55243-8013",+19869885477,monroe.homenick@kuhic-pouros.test,False,45727
45655,Nita Thiel,"943 Nicky Loaf, South Marxburgh, TN 45370",+11301999667,rod@bartoletti.example,False,45655
45605,Coralee Anderson,"7070 Fisher Mountains, South Isabel, AK 91706-3406",+19372581174,evelin_walker@ziemann.test,True,45605
47116,Gov. Gwyneth Harber,"Suite 120 32586 Veola Streets, Bettyeville, PA 64201-8709",+11155415303,marty_kautzer@bashirian-vandervort.example,False,47116
46359,Wilmer Mayer,"3387 Abbott Passage, New Jonathonhaven, KY 83934-4451",+15882754488,briana@anderson.example,False,46359
46720,Xenia Adams,"63354 Welch Path, Pfefferborough, ID 78688-6850",+17919412889,sharonda@mann-schowalter.test,False,46720
46829,Edwardo Feil,"Suite 166 32957 Thiel Junctions, Christopherberg, PA 18904-2800",+11106820448,neely@rowe-dietrich.example,False,46829
47303,Imelda Harber,"Apt. 710 394 Kuhlman Cape, New Latoshamouth, HI 38294-4515",+16800219178,lois.hartmann@turcotte.example,False,47303
46543,Ann Klocko,"Apt. 854 2676 Kihn Rue, Shanahanside, AR 21230",+13220220596,gabriel_oberbrunner@hartmann.test,False,46543
47206,Evelynn Smith,"Suite 151 73077 Milissa Ports, Gleasonchester, WY 07834-2282",+12692692216,hai@simonis-cummerata.example,False,47206
46294,Dr. Lionel Powlowski,"Apt. 621 6903 Medhurst Point, New Coreyfort, OH 39639",+15767610046,oren.mertz@hansen-murphy.test,False,46294
46754,Krista Jacobson Ii,"3722 Kip Junctions, Prohaskastad, VA 33854-8136",+11941434569,whitley@brown.example,True,46754
44686,Ruben Hayes,"Suite 805 8367 Morris Common, Lake Bobbye, AL 20370",+18625536145,sandi@weissnat.example,False,44686
47420,Gov. Alba Sanford,"Apt. 153 8594 Batz Canyon, West Blanca, TN 50978-7605",+13828154357,antoine@murphy-kuhlman.example,False,47420
44531,Louie Mueller Esq.,"Apt. 626 97915 Gutkowski Mill, Carroltown, AR 71520-7143",+17488077268,elliott.hills@watsica.example,True,44531
46301,Shanae Dooley,"Apt. 300 895 Harris Path, Alesiaside, WA 28247",+17024930388,chuck@bergstrom.example,False,46301
44391,Caryl Denesik,"43960 Bernhard Rue, Lake Murraychester, RI 54985",+12199048117,christiana@lemke-schaden.example,False,44391
45750,Robby Cummerata,"9822 Labadie Via, Lake Justinchester, WA 62093",+12719965130,bertram@hessel-welch.example,False,45750
45679,Brice Bergstrom Iv,"Apt. 331 61528 Schroeder Track, West Miguelbury, MO 64373-3272",+19082522121,everett_bode@schoen.example,False,45679
44673,Twila Mccullough Phd,"792 Bayer Station, Gutkowskiberg, AZ 89448-7475",+19288216168,faustino.steuber@gorczany-berge.test,False,44673
44731,Danial Kuhic,"18081 Nader Extensions, Nienowborough, UT 42531",+17339763904,hunter.reynolds@hermann.example,False,44731
45181,Sarina Pfeffer,"Apt. 406 4813 Fritsch Shores, West Lenny, SD 26399-0369",+15986802671,cody.balistreri@spencer.test,False,45181
46969,Herbert Lesch,"78272 Nannette Mission, Macieland, FL 30062",+14080834336,yael@effertz.example,False,46969
46899,Rep. Marita Blanda,"352 McGlynn Dam, Mirnafort, WY 15197-1632",+17069067119,oren_schaden@nikolaus-halvorson.test,False,46899
44506,Lamar Weissnat,"774 Hyatt Ramp, East Buddy, OR 64688-8516",+15958866545,charles@hodkiewicz.test,False,44506
45617,Jake Roob Esq.,"29432 Tremblay Orchard, North Tisha, CA 44187-8079",+18237235250,clementina_gerlach@boehm.example,True,45617
46097,Waltraud Hilll Jr.,"Apt. 191 311 Reilly Drive, North Loyd, AZ 53804-8942",+11091645370,chad_paucek@schroeder-wehner.example,False,46097
45554,Gil Steuber,"2049 Hansen Way, New Stefanychester, OR 93885",+12642863345,yolanda@white.test,False,45554
45140,Pres. Wesley Hermiston,"3161 Deon Points, Sachikomouth, ND 15267-3361",+19561909800,retta.gutmann@kling-wuckert.example,False,45140
45246,Emily Weimann,"2823 Jerde Ports, Lake Jodyhaven, NM 96374",+17873614159,seth@waelchi.example,False,45246
46031,Richie Tromp,"248 Spinka Lakes, Bahringerborough, KS 35294-2331",+19385382949,michael@quigley.example,False,46031
45499,Prince Boyer,"88142 Aleta Fall, Purdyview, OH 70325-3454",+12619022884,chung@casper-oconner.test,True,45499
44803,Eugenio Towne,"Apt. 811 9838 Maxwell Field, East Marci, SD 93495-3401",+12527722522,carmelo@christiansen.test,False,44803
46878,Troy Hane,"Suite 214 96246 Lekisha Stravenue, Lake Fredericberg, MS 55426-5002",+17049986762,cristobal.bartoletti@mcdermott.example,False,46878
45106,Cecila Raynor,"6292 Howell Passage, Shanaemouth, OK 86059",+17669851224,sharyl.gorczany@bashirian.example,False,45106
45887,Russell Parisian,"598 Waelchi Pines, Leandromouth, NM 08793",+15995024617,leandro.koelpin@wiza-schulist.example,False,45887
44748,Darrel Heidenreich Phd,"Suite 436 5245 Janae Wells, Lehnerport, AZ 48746",+15974760220,claud.bergnaum@gusikowski.example,False,44748
45327,Marna Doyle,"6013 Robbi Lodge, West Paolaland, OK 02548-8216",+12314968106,trenton@gleason.example,False,45327
47592,Earnestine Brakus,"5944 Lacie Fields, Bobview, NE 11747-4142",+14000488002,mauricio@oconnell-kirlin.test,False,47592
46362,Herbert Kassulke,"589 Treasa Ridges, Connberg, VT 66460-8832",+11369010502,janetta@ortiz-schuppe.test,False,46362
47486,Terina Boyle,"Apt. 478 5122 Morris Branch, Desireborough, LA 82096",+16273436492,trudy@stroman-towne.test,False,47486
47365,Pres. Darell Nienow,"660 Berge Pine, North Isaias, WV 60568-1379",+12487619424,maria@wisoky.example,False,47365
45920,Ryan Upton Iv,"Apt. 280 83572 O'Reilly Locks, Lake Wai, NV 87077",+13639762363,moshe@kshlerin-hackett.test,False,45920
47377,Marlin Crist,"29997 Sherilyn Ridges, Lake Johnnie, AR 45874-9408",+11955441112,tanika_hermiston@nicolas-fisher.test,False,47377
45005,Nicholas Ward,"624 Kiehn Crossroad, North Napoleon, NJ 89468-7780",+12561969532,bernice@bayer.example,False,45005
44998,Jim Heidenreich,"54539 Bernie Lodge, Antoneton, DE 71686-1937",+14960221469,norine_howell@lowe.test,False,44998
45573,Harrison Weissnat,"Apt. 466 87979 Koepp Field, East Carisashire, NC 25065",+13623904832,christen@kiehn.example,False,45573
46769,Adelaida Lockman,"3502 Jeromy Corner, North Sol, HI 45275-4149",+19636354943,evonne.klein@davis-cummings.test,False,46769
45548,Clayton Ernser,"Apt. 933 710 Milton Square, Cummeratamouth, OH 26008",+13671961557,amiee.ernser@bailey.test,False,45548
47243,Tomas Sauer,"55140 Lorenza Vista, West Consuela, IA 53416",+16796143893,cassondra.hand@schumm.example,False,47243
44899,Lasandra Kohler,"6927 Goodwin Neck, North Katherineshire, NJ 75101",+13483146780,kasey_welch@macgyver.test,False,44899
47560,Bryon Bogisich,"92830 Rau Throughway, West Clint, AK 51231",+13438629297,tamesha_bernier@nolan-hayes.example,False,47560
44555,Winston Hermann Esq.,"87565 Yost Pass, East Jarrodmouth, PA 52657-8637",+16720893067,annis_hahn@gerlach.test,True,44555
46034,Annis Kub Vm,"Apt. 867 498 Ryan Unions, South Jenaehaven, NV 23464",+17886368223,callie@bode.test,False,46034
47589,Raymond Roob,"51048 Bergstrom Walk, Kulasmouth, ME 70548",+14146190976,staci@lakin.test,False,47589
47123,Timmy Hilll Iii,"2333 Jacobson Overpass, Port Latriciaview, NY 56317-9116",+15070512301,renae@weissnat.example,False,47123
44432,Msgr. Myron Schroeder,"Suite 358 62564 Burl Shore, South Hiediview, NM 34663",+18786207412,cherrie_zulauf@treutel.test,False,44432
45471,The Hon. Thanh Daugherty,"Apt. 981 4019 Simon Rapid, Brakusfort, KY 53054-3412",+16694743014,kris@larson-witting.test,False,45471
45307,Abraham Lebsack,"Apt. 441 50140 Hammes Garden, Lashandaberg, AR 17259-4067",+13904970831,jeremiah@anderson.test,False,45307
45081,Mercedes Kessler,"Apt. 167 4735 Douglas Bridge, West Lourie, MO 84030-7523",+17562068697,edgar.nienow@yost-kirlin.test,False,45081
47461,Rick Oberbrunner,"767 Kohler Crossing, Wilburbury, VA 76654",+12567269253,wade.mosciski@wyman.example,False,47461
44604,Dr. Cristen Olson,"18011 Koch Harbor, Nicolashire, TN 19153-8468",+17014525124,alexandra.bernhard@flatley.example,False,44604
44642,Prof. Antwan Mcclure,"3816 Legros Spurs, South Mauricio, NC 61289-8001",+15592153861,kerstin@breitenberg.example,False,44642
47072,Delmer Mante,"870 Monahan Springs, Wizaside, CA 66267-1824",+13131041072,jason_volkman@okeefe.example,False,47072
45531,Chanda Crooks Phd,"Suite 814 3237 Stroman Square, Collierchester, WA 02832-8477",+15206437409,debbra_will@fisher.test,False,45531
47564,Miss Dona Fisher,"47931 Botsford Meadow, West Nan, GA 47842-9623",+15736626385,shanna.breitenberg@mills.example,False,47564
46803,Fr. Sam Mraz,"80724 Blanda Lakes, Lake Emory, NC 74719-3783",+15545185874,ellsworth.barrows@moore.test,False,46803
44746,Sarai Johns,"Apt. 103 618 Mante Trace, Gussiefurt, MO 92612-5280",+18151066722,asa.huels@bashirian.example,False,44746
45197,Maria Muller,"Suite 314 871 Vandervort Loaf, Ziemannberg, KY 39822-7962",+15694391447,jere.hilpert@weimann.example,False,45197
47507,Carlo Marvin Sr.,"6087 Issac Valley, New Shielaton, WY 54283",+12041552965,carson.ratke@altenwerth.test,False,47507
45915,Myrta Grady,"Suite 736 68562 Fabian Port, East Lory, KY 07085",+16936046022,vern@schmitt-franecki.example,False,45915
47014,Doretta Bins,"39580 Carroll Mission, Lake Tysonfort, ND 90924-6277",+13830813248,sarah_botsford@ullrich.test,True,47014
46042,Adam Quigley,"Suite 715 4536 Jamie Oval, Port Duane, ME 44255-4376",+11918301585,rebbecca@sipes.test,False,46042
44467,Joseph Schmidt,"Apt. 731 561 Hackett Divide, Goyettefurt, CT 23538-6616",+16793062614,brenton@nitzsche.test,False,44467
45550,Newton Rosenbaum,"Apt. 206 53728 Tomoko Square, Port Monroe, MS 55748-3822",+17847748271,fredericka@johnson-graham.test,False,45550
47022,Merry Dubuque,"68076 Marty Fork, Quintonfurt, NM 31831-9435",+12563895267,alonzo.jerde@oconner.example,False,47022
45892,Rodolfo Runolfsdottir,"230 Effertz River, Alphonsoview, RI 45912-5883",+19028133668,terry_hessel@roob.example,False,45892
47092,Msgr. Mickey Becker,"Apt. 208 989 Cecille Roads, South Ghislainehaven, MS 03920",+12209868359,lance@kshlerin-emmerich.test,False,47092
46885,Burt Hahn,"Suite 707 59997 Friesen Mews, New Stanfordton, AK 89574-4868",+15624871461,john@ziemann-bayer.example,False,46885
45868,Shaquita Kris,"Suite 693 62015 Klocko Bypass, Lake Fredland, OR 62618-7191",+15939828132,marg@wiza.test,False,45868
46504,Tynisha Tromp,"Suite 629 113 Woodrow Rue, West Miguelberg, NC 16360-0416",+13553144713,lachelle.beatty@casper-ward.test,False,46504
45431,Clifford Friesen,"65378 Padberg Passage, West Chadborough, SD 43368",+15095047518,cleo@corkery.test,False,45431
44957,Dr. Idalia Kreiger,"Suite 807 57658 Bergstrom Groves, Lake Pat, CO 37918",+19814314799,granville.herman@adams-oberbrunner.example,False,44957
47008,Heriberto Blanda Md,"Suite 768 392 Albert Drive, Lake Augustineton, NJ 46281",+15489106306,ellsworth@hackett.test,False,47008
46474,Bert Gorczany,"Suite 794 46675 Dalton Well, Sammieville, NC 01680-2830",+17141401792,florentino@skiles.example,False,46474
46693,Jefferey Abernathy,"4978 Richard Plains, South Hubertfurt, IN 66634-6198",+16936935208,angela@heathcote.test,False,46693
45689,Reatha Watsica,"1960 Jack Wells, Archieport, AK 55513",+15104751427,clarice@kuhn.example,False,45689
45821,Micheline Rath,"Apt. 204 818 Wiegand Views, Madelynview, HI 00947-2220",+18814974638,gilbert_hackett@robel-gleason.test,False,45821
44401,Desire Legros,"92094 Yuri Lights, South Dorseybury, HI 71170",+11022162349,emmett.jerde@torphy.example,False,44401
45667,Leandro Beatty,"Apt. 650 66088 Cassy Prairie, Jacobsbury, NJ 83792",+15054904106,lekisha@champlin.example,False,45667
46740,Pasquale Bode Md,"476 Angelo Causeway, East Carltonburgh, FL 69738",+12514343471,roxanna_schulist@cassin.test,False,46740
47548,Grayce Zulauf,"Suite 614 3593 Donnie Trafficway, North Bennettland, NJ 21816-7937",+14624312674,bryon_feest@rohan.example,False,47548
45610,Larry Corkery,"456 Luettgen Stream, Erdmanfurt, WI 62269-0902",+18792524324,hillary@upton.test,True,45610
44972,Miss Candy Mohr,"4568 Hammes Cliff, Johnstonhaven, WY 30746",+16214135970,emerson@schaden.example,False,44972
44439,Michale Mitchell,"Suite 950 90652 Sophie Gardens, Port Jordanchester, NM 03416",+13284807367,serafina.walter@mante.test,False,44439
45870,Georgiann Harvey Phd,"Suite 562 132 Mario Junctions, Stuartport, DE 29043-3232",+14638637035,val@hegmann.test,False,45870
46879,Hugh Streich,"780 Hagenes Summit, West Darnellview, MN 24337-6056",+13733128292,dwain@sawayn-stamm.test,False,46879
44871,Guadalupe Wuckert,"9767 Gusikowski Via, Mariannburgh, UT 30830-9999",+13321446546,armand@treutel-ullrich.example,False,44871
45473,Leanna Kovacek,"Apt. 276 906 Von Estates, West Dorothea, IN 69581",+16217514405,hector.tremblay@fisher.example,False,45473
45061,Karina Rutherford,"8700 Yesenia Cliff, East Jerrodberg, ME 10052-2533",+17022723636,gino.blanda@ryan-nader.test,False,45061
46446,Malia Langworth,"Suite 396 4187 Herzog Radial, New Ramon, KY 11563",+14189381470,mac@marvin-stokes.example,False,46446
44546,Roberto Rogahn,"Suite 750 1339 Nestor Square, Macejkovicmouth, MN 25786",+17276091709,marleen_watsica@waelchi.test,False,44546
44785,Lindsey Goodwin I,"7499 Dina Forge, New Dante, IN 58492-3553",+14265915216,michael@wisoky.example,False,44785
45234,Dwain Heathcote,"260 Margurite Green, New Zachariahshire, WY 09032",+11496950438,mia.hirthe@purdy-mayer.example,True,45234
44441,Willie Schultz,"Suite 802 3924 Onita Trace, Delbertview, DE 92731-3465",+14931995917,jose@kris.test,False,44441
44816,Ms. Christinia Wuckert,"472 Jeannetta Station, South Richie, AL 04547",+12566860707,tova_kunde@anderson.test,False,44816
47062,Francis Runte,"825 Dessie Cliffs, East Dylanberg, TX 36677-8156",+17172060831,georgette_schroeder@hessel.example,False,47062
47155,Manda Hickle Lld,"Suite 293 934 Balistreri Wall, Lake Nena, WY 61690-7406",+11637630378,freida@schmitt-leuschke.test,True,47155
44763,Maragret Weissnat,"Apt. 998 22747 Diamond Spur, South Chang, PA 72514-8556",+16608008045,amal.okeefe@hand-oconner.test,True,44763
45959,Mandy Ebert,"Apt. 804 3558 Dia Vista, Lake Andresmouth, MI 41417-0714",+11560816005,laraine_boyer@terry-greenholt.example,False,45959
45177,Ahmad Bergstrom,"80712 Thiel Manor, Florencioburgh, CO 89231",+19955277672,exie.lebsack@conroy-casper.test,False,45177
44800,Nicolas Beer Dc,"5059 Alonso Manor, Cleostad, DE 67123-5539",+16332211579,phylis@jenkins-torphy.example,True,44800
46344,Jaye Hayes,"Apt. 795 937 Hoppe Falls, Krisborough, IL 77348-3667",+11938924058,angel@strosin-macejkovic.example,False,46344
45184,Max Dooley,"342 Kassulke Mount, Malikland, AR 16751-9248",+18356820360,elene@howe-nikolaus.test,False,45184
47189,Constance Mcglynn,"Apt. 137 35101 Riley Green, Scottfurt, MT 53227",+13566920432,vernon@russel.example,True,47189
46201,Emile Rau,"Apt. 627 54011 Argelia Dale, Port Renataland, NM 91711",+11808677048,kareem@corkery.example,False,46201
46060,Karyl Bruen,"8816 Isaiah Neck, Port Sebastian, OR 91569-4521",+14288786160,karri@stoltenberg.example,False,46060
46579,Shirlene Kris,"91869 Gregorio Mountain, West Lester, WY 78873-4165",+14754934550,ivory_kertzmann@kshlerin.test,False,46579
46125,Chere Hilll,"89615 Nicolas Mountain, Brakusborough, NC 17971-2559",+16102528583,long@padberg.test,False,46125
44964,Pres. Yulanda Gerhold,"29270 Brakus Drive, West Leola, IL 95219",+17832215242,keisha.carter@brakus-will.test,False,44964
46924,Jonah Heathcote,"55309 Ziemann Greens, Mavisview, DE 39975-8267",+19194848149,adelia_dooley@bauch.test,True,46924
45703,Coretta Macejkovic,"98819 Melvin Roads, Magnoliashire, MT 16053",+19783984569,maybelle.wunsch@okeefe.example,True,45703
45688,Lakenya Stehr,"929 Maisie Ramp, South Boris, AL 17971",+18523359071,felipe.treutel@gerhold.example,False,45688
47542,Rick Nikolaus,"Suite 312 34698 Haag Ports, Bryannachester, IL 00849-4310",+11249430747,edythe.walker@waters.test,False,47542
45006,Wilburn Koch,"520 Royce Branch, Frankshire, NV 44344",+15654996422,margarito@terry.example,False,45006
44906,Tammara Botsford Vm,"Suite 385 293 Braun Islands, Yosttown, AK 21911",+16867793758,ellyn.dickens@damore-corkery.example,False,44906
44347,Karyn Kuvalis,"Suite 348 8546 Kovacek Terrace, Chasemouth, FL 44325-7045",+18072328171,shelby_zulauf@haley.test,False,44347
46373,Terri Howe,"442 Weber Lakes, Ralphfurt, NM 84076",+14282117469,otelia@dicki.example,False,46373
47088,Tran Gutmann Md,"7469 Ortiz Fork, South Maynard, CT 36117",+19934604694,alex.larson@gusikowski.test,False,47088
44606,Ms. Samella Koepp,"40091 Russel Loop, Boyerfurt, OK 13343",+11336457795,donnie_rutherford@wolff.test,False,44606
45353,Noble Schaden,"Suite 481 148 Gutmann Forks, Port Jerry, MT 87619",+13368730857,gordon@lakin.example,False,45353
47613,Isiah Gibson,"Suite 221 9695 Kohler Pass, South Yeemouth, OK 95953-9336",+18817287879,carey_purdy@bradtke.example,False,47613
46819,Alvaro Franecki,"Apt. 885 100 Stamm Branch, Conceptiontown, AK 92045-2049",+12814454253,lessie@batz.example,False,46819
47426,Tomika Torphy,"701 Art Ferry, Sunniside, AK 44468",+12593633151,francisco_hamill@volkman.test,False,47426
45913,Miguel Buckridge Lld,"Apt. 137 310 Ryan River, Shanaberg, MO 76150-4425",+16401165203,gil.jakubowski@mayer.example,True,45913
47080,Judie Kulas,"Suite 836 856 Bergnaum Mill, Jamilamouth, MN 45931-8467",+12927467904,letisha.crona@haley-russel.test,False,47080
45074,Sharice Herman,"Suite 253 68530 Schuster Locks, Port Dayna, HI 52968-7117",+18359033107,rico_harvey@hintz.test,False,45074
44377,Rocky Mckenzie,"3101 Eugenie Light, New Doreatha, LA 74469",+11171171783,eloy_hudson@spencer-hackett.test,False,44377
45607,Edwin Tromp Jd,"Suite 684 989 Fritsch Stravenue, Port Jaquelinechester, OR 25766",+18263577928,homer@jast-howell.example,False,45607
45566,Mrs. Dion Herzog,"50211 Salvatore Greens, East Earl, IN 55148-8474",+15628450672,maxine@hoeger-homenick.test,False,45566
45729,Joanie Toy,"Suite 943 584 Dario Green, North Risa, AZ 50989-5863",+15710423822,marcus_mitchell@gusikowski-stamm.test,False,45729
46604,Gov. Emanuel Shields,"9964 Raynor Mill, Rachalland, WY 74080",+11955417735,benjamin_carter@wuckert.test,False,46604
47394,Al Schamberger,"657 Allan Lights, O'Harahaven, MD 83855-7404",+16553154902,clementine.russel@rutherford.example,False,47394
45066,Aurora Sipes I,"Suite 918 4225 Romeo Row, Schaeferport, NJ 93713-7752",+18085068851,jorge@dickens.test,False,45066
46152,Dewitt Boyle,"Suite 657 8952 Wolf Place, Jacobtown, MI 20235",+18043272518,janae@lowe-oconner.test,False,46152
45429,Tiffiny Hansen,"822 Ferry Track, Rafaelhaven, LA 81073",+12113823490,dominica@reichert.example,False,45429
47596,Larraine Ratke,"Suite 351 406 Shields Union, Yongstad, OK 54996",+13958633701,marshall.kohler@lowe-robel.example,False,47596
46484,Theressa Carroll,"Suite 149 8009 Gusikowski Fort, Mindafort, CO 30016",+16420848547,edith@runolfsson.example,False,46484
46725,Johnathon Spinka,"820 Schumm Roads, Port Armandobury, SD 00586-9329",+13661287657,erasmo@jacobi-graham.example,False,46725
47373,Kristle Simonis,"Suite 901 38610 Graham Underpass, West Emil, AZ 70217-9067",+17414642634,julia@muller.example,False,47373
44461,Mr. Alexis Daniel,"Apt. 766 923 Stamm Parkway, Cruzburgh, IA 40523",+19605508258,romaine.schuster@schaden-miller.example,False,44461
47304,Tawna Medhurst,"55562 Alysa Rest, New Gertieton, SC 93037-1662",+19480463902,jame_schimmel@lang-bednar.example,False,47304
45559,Ozzie Terry,"2286 Ismael Drive, East Sophiahaven, NC 10217",+14821382225,lorraine@jacobi.example,False,45559
45701,Toby Bosco Dds,"Apt. 737 6744 Metz Well, Kenyafurt, AL 80124",+14927448848,edgardo_bradtke@bahringer.test,True,45701
45457,Mrs. Huong Heathcote,"995 Mac Hills, New Marya, ID 08162-0808",+19859310497,randell.dach@johnson.example,True,45457
46891,Johna Brown,"Suite 447 48975 Michelina Centers, Kautzerton, NM 81783-7049",+12030133115,bethanie@leuschke.example,False,46891
45120,Msgr. Eneida Macejkovic,"342 Jones Junctions, Abshiremouth, NE 88211",+19921125306,miguel@beahan.test,False,45120
45891,Ahmed Jacobs,"Suite 315 107 Araceli Drive, West Carmeliaport, UT 74054",+14332572027,willian@mertz.test,True,45891
47135,Daysi Hartmann,"71816 Hilll Trafficway, East Minhshire, WI 76126",+18384643092,keira@ruecker.test,False,47135
46082,Wilfred Schmitt,"Apt. 894 66138 Satterfield Isle, Trulaport, NV 03337",+16617466831,abe_larson@huel-gorczany.test,False,46082
46959,Denny Ryan,"Apt. 417 8075 Enriqueta Pines, Lucinaberg, MD 96464-3899",+17630028418,nubia@adams.test,False,46959
47236,Miss Magan Heathcote,"Apt. 937 93486 Elease Trail, Cormierborough, WY 83524",+17182263924,jess@grimes.example,True,47236
46856,Sen. Magda Trantow,"Suite 174 6532 Pfeffer Fork, North Alexia, NJ 59004",+13076999263,odell.reichel@weber-collier.example,False,46856
45040,Myrtle Glover,"Apt. 928 289 Oleta Course, Jannietown, AR 98094-3397",+16879746190,blair@yost.test,False,45040
45564,Adrianne Corwin,"2362 Hilll Terrace, Shelbyport, OK 74793",+12319331492,coy.ziemann@ankunding.test,True,45564
45162,Hobert Wehner I,"66512 Tiera Isle, East Keenan, DE 58028",+11540724273,gayle_luettgen@armstrong.example,False,45162
47381,Dr. Alan Jacobs,"Suite 539 52193 Consuela Ferry, Lake Wileyview, ND 75372",+12423654501,jerold@reinger.test,True,47381
44922,Gregory Lindgren,"85187 Bogisich Square, North Lanniemouth, KY 60710",+16624176981,solomon@lang.example,False,44922
44676,Beryl Mills,"52714 Batz Throughway, Alvinview, NC 67944-0683",+18580635250,shantel@halvorson.example,False,44676
46636,Mr. Laurence Ledner,"657 Von Crest, North Courtneybury, NM 20126",+19134109934,guillermo_muller@oreilly-gulgowski.test,False,46636
46091,Fr. Lida Gerlach,"33348 Brakus Track, Altenwerthville, IA 55928-4338",+18366685614,lorrine.hansen@volkman.example,False,46091
46386,Ariel Ritchie,"Apt. 928 87444 Hamill Roads, South Stellaton, TN 00992-4872",+17831485500,johnnie@schulist.example,False,46386
47387,Jacqualine Hartmann,"94652 Hartmann Fall, Veumport, LA 99406-0551",+13288880293,shayne@kihn-ortiz.example,False,47387
44616,Miss Deetta Fahey,"4726 Maximo Mews, East Rosannstad, ND 95993-8291",+15378211345,billy@gusikowski.example,False,44616
47136,Blake Corkery,"737 Necole Stravenue, Port Francis, NC 35079",+18796432598,lanny_homenick@romaguera.example,True,47136
45582,Vinnie Mann Dvm,"Apt. 727 51964 Hane Overpass, Mitziborough, IA 22313-9192",+11936620846,annette@sanford.example,False,45582
45282,Raymon Morar,"Suite 724 89137 Carroll Trafficway, Yoshiemouth, FL 34418-4012",+14746809851,flora.romaguera@windler-reilly.example,False,45282
44950,Andy Gerhold,"7036 Rosenbaum Garden, North Silvaville, VT 13858-2209",+13376811183,katia@mcclure.test,False,44950
47453,Werner Walsh,"66666 Dooley Dale, Clementland, WI 64913-8669",+19588903509,apryl_tillman@kirlin-wolff.test,False,47453
44859,Jack Hauck,"380 Weber Port, New Sherrifurt, MN 17351-0076",+19168899577,elly_moen@blick-okeefe.test,False,44859
45319,Miss Shenika Kohler,"Suite 864 538 Pfannerstill Vista, West Heribertoshire, HI 26365-3618",+11594696449,miles@ondricka.test,False,45319
45090,Karri Hamill,"6550 Ozie Dam, Jeromytown, WA 76282-9195",+18692494766,alexander@kuhlman-herman.example,False,45090
46151,Rosina D'Amore,"137 Lizzette Viaduct, Ednaland, GA 13110",+12793763821,jong.daniel@turner-hamill.example,False,46151
46178,Sen. Tonette Jacobi,"83167 Nakesha Well, Laynemouth, AL 72735-1338",+15140514950,karla@larson.example,True,46178
47107,Roosevelt Prosacco,"76222 Lemke Port, New Trevortown, HI 35914-6600",+18088138846,denny@boehm.example,False,47107
47313,Amb. Dinah Emard,"Apt. 696 84598 McKenzie Park, Manyport, PA 10880-7711",+11816960793,wilton@mertz.test,False,47313
45134,Winnifred West,"Suite 183 6590 Savannah Curve, West Rayport, WA 16342-4041",+11044462218,mckinley.gibson@tremblay.test,False,45134
45357,Mrs. Towanda Runolfsdottir,"Apt. 763 422 Okuneva Parkways, North Luke, GA 64212-3634",+19885560615,michal_hilll@price.test,False,45357
45760,Dr. Travis Nikolaus,"Apt. 669 883 Gerlach Falls, Hermannhaven, WI 44765-8070",+15140001697,delmar.buckridge@vandervort-goldner.test,False,45760
44940,Emmett Gusikowski,"136 Shondra Heights, Hagenesville, NV 00393-9327",+17956429237,fransisca_green@becker-nienow.example,False,44940
46390,Domenic Leuschke Cpa,"Suite 438 711 Dach Tunnel, East Eliseoborough, PA 62344",+15817023358,cleta@hoeger.example,False,46390
46472,Prof. Ellis Upton,"Suite 118 43725 Lemke Pike, Lake Rowena, WY 23879-5663",+16282389623,felix@johnston-rice.test,False,46472
44336,Martin Williamson,"2593 Eloise Loaf, Kishaville, CO 65139-5161",+15089612388,moses_walker@greenfelder-tromp.test,False,44336
45187,Yolando Bogisich,"64946 Schulist Stravenue, Barrybury, OH 84978-1202",+19653167153,darius@roob.test,False,45187
44939,Ahmed Senger,"Suite 654 63220 Yael Ports, South Adriennetown, KS 09085",+19560366332,evelin@donnelly-hammes.example,False,44939
44774,Rev. Tyson Grant,"Apt. 441 353 Borer Dam, Maeganstad, IL 79653",+12109378400,petra.kutch@osinski.example,False,44774
47472,Jade Cole,"8928 Lanora Roads, Gloverchester, MS 80784-3980",+15549984200,angelo_balistreri@stoltenberg.test,True,47472
45831,Prof. Shenna Stokes,"19385 Floyd Pass, Wisokyside, ND 84053",+17625877708,keneth.ullrich@labadie-zemlak.example,False,45831
46992,Joycelyn Auer,"Apt. 442 963 Windy Place, Port Robinburgh, WV 84367",+14790754090,jody@jones.example,False,46992
45918,Dr. Harmony Braun,"63916 Pilar Crescent, East Manualshire, TN 02457-0132",+15856097077,andrew@hermann-stamm.test,False,45918
44700,Asia Hagenes,"604 Dante Overpass, Padbergmouth, NY 28942-9059",+16392024271,jeremy_kassulke@walter.example,False,44700
47086,Tristan Hammes,"Apt. 909 942 Christiansen Flat, Gilbertview, IA 00046",+12114247086,nilsa.brown@williamson.example,False,47086
46517,Clifton Roob,"51194 Farrell Garden, South Miguelinafort, PA 94332",+15327603946,siobhan@homenick.test,False,46517
47508,Sharmaine Bechtelar Dds,"9001 Milda Ports, Elliville, MT 35540-7756",+18214838585,violet_moore@orn.example,False,47508
45305,Dr. Francie Veum,"9981 Russel Rapid, Lake Leonida, WY 69820",+13671511557,williams_hirthe@dare-armstrong.test,False,45305
45676,Rayford Braun,"Apt. 182 928 Vincent Street, Humbertomouth, WV 24939-2889",+11655338952,maren_greenfelder@batz.test,False,45676
46108,Isaac Oberbrunner,"Suite 992 60619 Marielle Burgs, South Sharonda, ND 47479",+18892307369,lane@kulas.test,False,46108
45130,Cedric Larson,"453 Prohaska Shores, Blickport, MA 17898-1797",+11717087698,rey_wintheiser@marks.example,False,45130
46845,Delores Kihn,"Suite 531 54506 Hessel Terrace, Twanabury, LA 04034",+18351246860,lanora@von-fahey.example,False,46845
47051,Alba Reichert,"Suite 299 61201 Toney Garden, McCulloughshire, VA 19608-2298",+14144231264,grover.king@rosenbaum-schinner.test,False,47051
46650,Clemencia Harvey,"434 Pauline Union, West Sethmouth, NJ 28766",+15988739999,rudolph.kling@goodwin.test,False,46650
47504,Amb. Julia Thompson,"Suite 262 47056 Dustin Fort, Hellerburgh, UT 28704-7405",+19959659702,rogelio@goodwin.example,False,47504
45480,The Hon. Wei Moen,"Suite 237 4001 Jennefer View, Port Minerva, HI 09637-0646",+16557165513,deandra.fadel@barton.test,False,45480
44889,Dorathy Schmeler,"534 Britt Mews, North Meg, ME 44196-2614",+12661541691,scotty.bins@gusikowski.example,False,44889
46414,Hunter Heaney,"33669 Tiffiny Lane, South Kristen, WA 70718-9361",+14102260943,cecile@kreiger.example,False,46414
46634,Tad Strosin,"Suite 645 735 Hoppe Camp, Port Salvatore, SD 38741",+15981922386,eun@jenkins.test,False,46634
45166,Thanh Gottlieb,"Apt. 932 893 Carol Fall, Lake Maybellehaven, MO 36331",+14895554774,faustino_nikolaus@hand.test,False,45166
47242,Ricky Olson,"824 Moore Skyway, North Riley, WA 40523",+17754209399,brigida@barton.test,False,47242
47226,Phyllis Fahey Iv,"Suite 458 59131 Watsica Wells, Clarenceville, MD 75083",+17488352847,ray.bode@mclaughlin.test,False,47226
46597,Monroe Braun,"3835 Kurtis Shoal, West Merrileemouth, VA 50883",+16562536371,patricia@gerlach.example,False,46597
45509,Mrs. Marcus Bednar,"Suite 407 33040 Klocko Ways, North Moiseschester, TN 58056-1472",+12097401299,celsa@hayes.example,False,45509
45445,Irena Lynch,"129 Boehm Causeway, Giovanniberg, NV 71368-4344",+15158682784,sol@sanford.test,False,45445
45069,Christian Bartell,"Apt. 556 6197 Batz Landing, Maximamouth, AL 15253-0868",+13964241302,ulysses@labadie-rau.test,False,45069
47294,Lucy Ondricka Lld,"Suite 320 8641 Maritza Prairie, South Wilburnburgh, TX 67493-2426",+17166410747,issac@dooley.example,True,47294
45563,Miesha Stamm,"Apt. 644 67518 Lueilwitz Greens, Imogeneside, MN 00927",+18264009086,sanora@bailey-bernhard.example,False,45563
46229,Flor Braun Md,"Apt. 798 9730 Freeda Stravenue, McDermottshire, NE 73109-8477",+19927345230,elfrieda@flatley.example,False,46229
44535,Alfonzo Schulist,"Suite 834 5047 Hayes Street, Dickinsonborough, SC 58832",+18296448551,odilia@terry-dibbert.test,False,44535
46035,Roxanne Hermann,"Apt. 685 2695 Lavonne Creek, West Lynn, OR 12566",+16216773635,werner@trantow-zboncak.test,False,46035
46649,Tennille Waters V,"271 Owen Cove, Jorgebury, NH 88980",+17712738109,vickie@donnelly.test,False,46649
47278,Seth Schinner,"53746 Corkery Mountains, Port Johnathonton, MN 51221-6332",+17401550587,hong@kozey.example,False,47278
46177,Brant Metz,"602 Anderson Unions, Hyattchester, OK 08668",+11179671311,vashti@prosacco.test,False,46177
44846,Tamra Barrows,"Apt. 377 47915 Jann Court, South Haydeebury, MI 94220-8229",+19207063135,luciano@runolfsson.test,False,44846
45024,Fr. Dean Johnston,"767 Gislason Grove, East Darrell, UT 30972",+17600823420,sanford.predovic@lueilwitz.example,False,45024
46428,Pia Ledner,"1558 Steve Stream, Brainton, CO 66765-2327",+16950356733,nicky@jenkins.test,False,46428
46919,Roland Swift,"7245 Curtis Passage, East Adalineton, AK 67772",+17678302793,theresia@marvin.test,False,46919
44981,Edward Hegmann,"Apt. 426 687 Cruz Squares, East Neal, WI 99108",+15536013996,audie.hane@hermann-wunsch.test,False,44981
47307,Cyrus Jenkins,"Apt. 179 36599 Nitzsche Valley, Raymondemouth, ME 94347",+18709335414,maurine@homenick.example,False,47307
45087,Roxanne Kozey Phd,"3178 Curt Roads, Framitown, CA 55168-8919",+16706376435,chung_crooks@willms.example,False,45087
45939,Lorenzo Wuckert,"Suite 161 84822 Volkman Gateway, Luketon, LA 46335",+19587603075,moshe@bednar-volkman.test,False,45939
45245,Renate Breitenberg,"92930 Elroy Canyon, Strackeville, IN 52481",+15431340891,freddie.bayer@durgan.example,False,45245
46014,Amb. Joesph Reichert,"341 Kerluke Manor, Lake Granvilleview, NC 48988-0603",+19478371731,yetta_waelchi@bartell-ruecker.test,False,46014
44782,Bethel Turner,"1322 Johns Centers, Port Ivanmouth, TX 74712",+18369574745,stanley_bartell@kilback.example,False,44782
46459,Miss Wendell Rutherford,"29798 Altenwerth Lane, Earliefurt, ME 52220",+15193529025,earnest_hauck@wintheiser-ondricka.example,False,46459
45733,Rev. Shad Metz,"800 Janessa Junctions, North Dot, AK 70308-7877",+16202688088,bok.schultz@bode.test,False,45733
44915,Glenn Schinner Vm,"46167 Rutherford Forest, Port Renea, WY 73068-3451",+13385767777,elsy@ortiz.example,False,44915
47535,Rubi Kerluke,"74890 Dietrich Key, West Mark, MI 82535",+16353710790,murray@rohan.test,False,47535
47202,Eugena Harris,"151 Hong Via, Averyburgh, NC 79524-0509",+14168060507,slyvia@ortiz.example,False,47202
46202,Coy Sawayn Ret.,"Apt. 504 15137 Denver Bridge, Port Monroe, WA 84929",+17076383789,timmy_von@koch.test,True,46202
46786,Florida Osinski,"Apt. 864 9751 Shields Gateway, Lake Loganberg, WY 04338",+19206482947,vance_wilderman@wunsch.example,False,46786
44460,Eveline Skiles,"Apt. 182 3591 Wehner Parks, West Althamouth, KY 71335",+18365935477,valeria.hudson@fritsch.example,False,44460
45858,Tory Osinski,"2404 Craig Causeway, Rippinmouth, TX 37204",+15049564446,janette_thompson@berge-dare.test,False,45858
46710,Ian Nolan Lld,"62408 Tom Trail, Lake Emmett, KS 45406",+16777525240,abdul.kub@oconnell.example,True,46710
46616,Colton Paucek,"Apt. 811 40723 Demetrice Route, Heidenreichton, CA 47819-7679",+15480608908,sherman@abernathy.example,True,46616
47556,Irene Torphy,"Apt. 367 47092 Ward Hills, Wehnerport, ME 67919-5144",+12595247274,leontine@hessel.example,False,47556
47526,Kandice Powlowski,"4043 Brekke Stream, Erdmanport, HI 73124-4755",+19816752284,christoper@langworth.example,False,47526
44351,Vincenzo Orn,"7957 Predovic Harbors, Schroederborough, VA 28741",+13306696267,silas.macejkovic@tillman-crooks.test,True,44351
44722,Ezequiel Walker,"Suite 692 244 Fadel Islands, Lynellmouth, UT 90162",+15397939212,katie_murazik@kreiger.test,False,44722
46223,Ms. Renea Runolfsdottir,"Apt. 624 6601 O'Keefe Cove, Goyettefort, AZ 63179",+14355102940,fumiko@haag-little.example,False,46223
45781,Loren Ankunding,"342 Darrick Branch, South Arthaven, NH 98957",+12576986416,carolina_kautzer@farrell-casper.test,False,45781
46439,Jonah Schmeler Dvm,"Apt. 526 325 Smitham Glen, New Elseborough, LA 60067",+17255784491,miguel@littel.test,False,46439
45137,Sen. Cassey Schuster,"Apt. 829 65212 Rippin Walk, Eveliatown, SD 99712",+13649627016,hector@pouros-ritchie.example,False,45137
44370,Adan Krajcik,"67254 Powlowski Ville, West Averyview, OR 19676-6370",+15132468806,fermin@larkin.test,False,44370
47431,Casey Kessler,"Suite 228 830 Howe Summit, New Joanna, MN 91009-9713",+18592306337,kattie@leffler.test,False,47431
46839,Christopher Reilly,"Suite 198 5123 Dollie Divide, Bretside, RI 59297-4116",+19748731284,murray@rowe-muller.test,False,46839
46590,Raymon Langworth,"Apt. 598 72515 Van Ridge, Grimesside, SC 32464-4792",+19162952297,lauren@toy.example,False,46590
45651,Soila Runte,"Suite 943 891 Morgan Loaf, Lake Anitraland, ID 20303-3920",+16336034654,mose.dare@hermann.example,False,45651
47252,Deangelo Dooley,"Suite 871 4857 Thresa Harbors, North Jarvis, IL 93072-2806",+16227932595,robin@hackett.test,False,47252
44443,Dewey Jaskolski,"8453 Raphael Vista, Corwinberg, CO 91587-4060",+18096673118,patricia.herzog@mohr.example,False,44443
47220,Chelsey Towne,"7969 Boehm Gateway, East Kimberly, ND 98185",+15266118186,wilford@thompson-kohler.test,False,47220
46656,Dr. Nestor Koelpin,"Suite 368 66620 Upton Throughway, Jonesport, CO 00121",+12124453176,shante_keebler@yost-kilback.test,False,46656
46332,Al Thiel,"Apt. 840 3260 Machelle Canyon, East Ernestfort, MT 18852-8508",+19487052020,napoleon@thiel.example,False,46332
47002,Elden Dare,"828 Von Circles, Port Shantelle, VA 90176",+17965162290,chas@greenholt-sanford.example,False,47002
44453,Shaquana Mayer,"44223 Loyd Via, Hagenesfurt, MT 44829",+16656596427,sydney@senger.example,False,44453
46048,Priscilla Kozey,"4482 Streich Ford, South Berryberg, MO 63965",+13724480062,delma.carter@monahan.example,False,46048
45697,Heide Berge,"Apt. 565 9846 Kyle Valleys, Jacobsshire, NE 56101",+12982335463,claris_barton@watsica.test,False,45697
47302,Errol Dooley,"Apt. 736 58738 Mona Point, Cormierton, LA 69254-7191",+14482154078,arcelia.herzog@vonrueden.example,False,47302
45297,Bryant Stehr,"Suite 545 615 Watsica Station, Rosenbaumberg, AR 21456-4192",+14419964233,timothy@corkery.test,False,45297
47370,Kathleen Ledner,"Apt. 844 965 Sung Valley, Toytown, AR 69048",+16941020997,bernardina_hodkiewicz@glover.example,False,47370
45248,Candida Wunsch,"Suite 747 25548 Aubrey Bypass, Reginaldmouth, UT 63470-7128",+11581138213,micha.blanda@rolfson.test,False,45248
46482,Gennie Dicki,"Apt. 924 640 Neida Plaza, Nanton, NE 09974",+11421765569,refugio_cruickshank@ohara.test,False,46482
46157,Carli Lindgren,"35966 Johnston River, South Donte, RI 28790-7469",+19620504324,dorian@parisian.test,False,46157
46375,Emery Heathcote Iv,"Suite 347 71801 Mertz Manor, Olsonport, WV 42604",+18957247788,lettie.dicki@romaguera-hirthe.test,True,46375
45771,Wilbur Baumbach,"5333 Beatty Walk, South Othaland, IA 55446-0664",+19692936998,antonetta@haag.example,False,45771
44549,Emanuel Kuvalis Cpa,"Apt. 428 84312 Vada Canyon, Virginaview, CT 26957",+17169558329,elana@mosciski-oconnell.example,False,44549
45361,Jeromy Walker,"Suite 694 9810 Benjamin Pine, North Carlo, KY 14660-4882",+12098414932,issac_lynch@batz-kuhic.example,False,45361
47580,Dante Bahringer,"Apt. 379 8936 Raymon Hollow, Predovicview, CT 65912",+17069383733,kelley.veum@johnson-ritchie.test,False,47580
44744,Darell Emmerich,"745 Boehm Shoals, East Lucientown, OR 72543",+15470051777,lacy@cole.test,False,44744
46413,Etta Torp Phd,"Suite 634 3828 Hintz Square, Port Dennisland, MS 33380-9653",+18132570569,jim.stroman@mayer-berge.test,False,46413
45967,Jackie Cassin,"Suite 344 42029 Turner Villages, East Bryon, MA 59930-2014",+19294661425,brigid_schamberger@welch-schiller.test,False,45967
46493,Mamie Grant,"Suite 290 4624 Wilderman Lane, South Jennifferfurt, DE 66543-9957",+18287096245,clifton@collier.example,False,46493
45333,Loyd Rippin,"Apt. 995 6701 Clement Mountain, West Rudolf, FL 19092-9440",+14304802452,clementine@keeling.test,False,45333
46415,Karin Russel,"Suite 597 6974 Fay Forks, Port Theresafort, NE 69860-1664",+18021782437,lorene.kuhic@raynor.example,False,46415
45350,Dorsey Koelpin Sr.,"719 Welch Stream, Kulasborough, WI 11620",+19520972426,anne.vonrueden@okuneva-mills.test,False,45350
44568,Margery Treutel,"9751 Elliott Views, Bergeburgh, WA 02357",+15315281796,luis@skiles.example,False,44568
46989,Pres. Steven Hickle,"Apt. 655 1977 Bernier Mission, West Alejandroton, MT 77357",+13364319465,evon_klein@mcdermott-beer.example,False,46989
46931,Ms. Mike Reichert,"790 Kaley Squares, West Daniella, AK 98718-7411",+15862489097,ceola.gleichner@thompson.example,False,46931
45508,Brandon Wiza Iv,"57853 Cathi Ranch, Theoport, PA 71495",+13408615017,dwight.ferry@batz.test,False,45508
45368,Nickolas Rath,"367 Graham Passage, New Jonahbury, ID 92886",+19074527250,kent_gutkowski@breitenberg.test,False,45368
44352,Royal Zemlak,"Apt. 970 6674 Hobert Ways, Patricialand, CT 69109",+19133881492,graig@walter.example,False,44352
47537,Riva Hirthe,"Apt. 165 782 Bette Pine, North Lucretiaberg, AR 00358",+19843716607,chastity_ullrich@greenfelder-torp.example,False,47537
45586,Dewitt Willms Dvm,"Apt. 778 192 West Dam, Devorahmouth, KS 77995",+16568686966,teddy@ryan-littel.test,False,45586
45795,Racquel Kuhn,"973 Eryn Manors, Sangfort, CT 71329-1488",+15517946988,michelina.deckow@kshlerin.example,False,45795
46735,Analisa Hane,"Suite 260 37234 Schimmel Gardens, North Verdabury, KS 13820-5562",+19097805838,corrine@vandervort-wiegand.test,False,46735
45016,Vicki Nolan,"Apt. 431 8784 Chad Ridges, Coltonchester, IN 52558-8917",+18898391948,luann@corwin-beer.example,False,45016
45406,Amos Rice,"Apt. 225 804 Tillman Hill, Chasemouth, NC 11865-4288",+18464878567,horacio_hayes@zboncak.test,False,45406
46897,Florencio Fritsch,"1546 Lesch Camp, Langside, IL 52241",+18395555674,maryland_kutch@schumm.example,False,46897
47175,Glynis Waelchi,"Suite 799 594 Hintz Locks, Audriaview, NH 81783-4952",+18916009322,selene@smitham.example,False,47175
46834,Kory Schneider Dds,"Suite 842 4392 Karolyn Forges, Lake Scottie, MT 73343-3493",+14807788680,olinda@adams.example,False,46834
45779,Sonny Sporer,"Suite 555 2578 Cinda Mount, West Franklynside, AR 17342-5645",+16661791737,sebastian_jast@willms.test,False,45779
45052,Ms. Sherryl Lynch,"Suite 949 466 Mills Ridge, New Camelliaton, RI 08003-4547",+13616318448,guillermo@bahringer.example,False,45052
46944,Claudio Hegmann,"Apt. 274 38539 Okuneva Flats, East Jacquiline, VA 87683-6607",+14136318483,tim.abernathy@beahan.example,False,46944
44573,Lucius Strosin,"Suite 664 5517 Danuta Cove, East Gradyville, ID 84184",+18807800014,jaimie@leuschke.test,False,44573
45685,Rico Abshire,"916 Hipolito Camp, West Scotthaven, WI 65023",+11916646212,lyndon.marquardt@stoltenberg.example,True,45685
47587,Prof. Tomas Goldner,"Apt. 109 96330 Runolfsson Forge, New Eugene, KY 96077-7343",+15510961674,vennie_mraz@lindgren.example,False,47587
45928,Dorene Jaskolski,"Suite 584 8813 Smith Alley, Oberbrunnerbury, NJ 66706-4722",+15841568409,shaun_balistreri@braun.example,False,45928
44999,Logan Fadel,"Suite 894 660 Usha Row, West Jean, AR 29519-9415",+12986244919,sharon.heaney@kozey.example,False,44999
45437,Caitlyn Nitzsche,"3675 Ledner Meadows, Jeffereyhaven, ME 55426-6908",+18515162572,evelynn@larson-gorczany.example,False,45437
45660,Kaitlin Bailey,"4348 Walker Radial, Kingview, NV 44846",+17456904491,ethelyn_lowe@nader.example,False,45660
44781,Racquel Runolfsson,"Apt. 509 1667 Schaefer Garden, Metzbury, NY 86507",+13504770309,alysa.hammes@beatty.test,False,44781
45103,Dorene Medhurst,"Suite 709 4140 Botsford Circle, Hellerfort, IL 15313-6560",+14230857747,riley@welch-dooley.example,False,45103
44491,Toney Little,"984 Sauer Lights, South Sandee, IA 14804",+17109727494,woodrow@glover-heathcote.example,False,44491
45742,Marcellus Medhurst,"Apt. 938 2153 Lavone Fort, Trevorfurt, TN 24809",+12853560086,cecil@crist-bayer.example,False,45742
45591,Eleanor Brakus,"Suite 432 4910 Trantow Harbors, Bechtelarshire, UT 10996-7757",+17556253374,nakisha@rowe.test,False,45591
44852,Tennie Schoen,"Apt. 344 7788 Svetlana Cliff, Reginaldville, KS 57845",+17559681114,emory_huel@walsh.example,False,44852
47152,Pres. Lino Schmidt,"24214 Tremblay Station, Murphyton, CO 02166-5767",+11470919439,deeanna_turcotte@rohan-parker.example,False,47152
45154,Loise Turner,"69735 Brakus Cliff, North Luciana, ND 65719",+12678330637,crystle_schroeder@ankunding.test,False,45154
44561,Herma Lubowitz Do,"90861 Tyler Forest, West Stacy, NE 17479-5380",+16190364600,wilbur_herzog@reinger-stamm.example,False,44561
44811,Alphonse Gleason,"Apt. 451 8950 Nathan Fords, Patstad, NE 72332-9652",+17724303173,shannon_gleason@walker.test,False,44811
45822,Valencia Casper,"Suite 370 74484 Greenfelder Cape, Nieshashire, NH 36183",+11148061096,deedee.weber@herzog.test,False,45822
45009,Rep. Tosha Collins,"855 Monte Stream, South Ilene, UT 39916-4716",+18893055883,efrain.kuvalis@reinger.test,True,45009
47032,Rev. Trudy Muller,"Apt. 545 83493 Kunze Cove, Port Filomena, IN 23243-9405",+19693007483,madalyn@gleason-heller.example,False,47032
45303,Erasmo Streich,"Apt. 604 66787 Lemke Courts, New Robbie, NH 24175",+18341670947,carina.orn@fisher.example,False,45303
47013,Mandy Sipes,"34478 Melba Port, South Nguyet, WV 57675",+16208054996,ta.johnson@schuppe.example,False,47013
46757,Jeff Keebler Ret.,"857 Arcelia Run, Hughport, CT 21734",+19669726930,van@schmidt.example,True,46757
46679,Ema Crona,"Apt. 584 92788 Ratke Lodge, Felisaview, IN 58301-1098",+16839900314,tricia_kilback@russel-tillman.test,False,46679
44790,The Hon. Deanna Ledner,"Suite 855 45504 Ian Walk, North Haberg, NM 80820-3950",+12872366961,marshall@welch.test,False,44790
44613,Ernie Daniel Vm,"Suite 461 87445 Shayla Circles, South Kazuko, CA 28997",+14122175615,mindi_gusikowski@hagenes.test,False,44613
44666,Adele Deckow,"Suite 666 3186 Gabriela Stream, New Osvaldo, WY 27377-3398",+15330125268,alene@torp.test,False,44666
47141,Gil Langworth,"2139 Boyle Mills, New Berry, AR 38466",+19240422940,earl.heller@hilpert-nader.test,False,47141
47263,Lawerence Cartwright,"303 Dooley Loaf, West Jodymouth, WY 46761-3550",+11863729767,francoise_kiehn@dickens.test,False,47263
47056,Boyd Cronin Esq.,"Suite 880 7602 Petronila Knolls, Rempelmouth, LA 03861-7890",+17204295043,berry.zemlak@kirlin-klein.test,True,47056
45117,Prof. Delaine O'Conner,"Suite 448 9286 Mraz Crossing, New Johnie, MI 79161",+18969750945,freeman@swift.example,True,45117
45496,Sen. Nigel Romaguera,"Suite 773 9031 Freeman Vista, Juliettatown, ID 60706-5676",+14200554855,nick@baumbach.example,False,45496
47004,Mariano Kris,"Apt. 578 991 Adrian Bridge, Heathcoteborough, MI 05704",+13623147372,moises@leuschke.example,False,47004
46996,Alton Medhurst,"Suite 257 7562 Ron Fort, Meliaborough, RI 67819",+13485338024,johanna@jenkins-beer.example,False,46996
44481,Msgr. Lonnie Hilll,"3436 Mills Pine, Herbertburgh, AL 11201-2320",+19200886384,johnathan@west-schuppe.test,False,44481
46106,Desmond Murazik,"Apt. 530 7724 Willy Islands, Huelberg, DE 22660",+15385116384,yetta@reilly.test,False,46106
44529,Lupe Armstrong,"598 Johns Rapid, East Staceyland, WY 45371",+11277802603,eleanor.bosco@runte-heaney.example,False,44529
45491,Lanelle Schmidt Do,"Suite 948 8062 Rosenbaum Springs, Harveyhaven, MA 14197",+16680809709,bert_sawayn@kohler.example,False,45491
47246,Chong Macgyver,"4450 Cyrstal Lodge, New Louisview, WI 84929-8926",+17710808337,eric_kirlin@botsford.example,False,47246
45070,Walker Hermann,"875 Margarette Ville, Port Peterborough, NM 97838",+16252996524,mistie@prosacco.example,False,45070
47429,Emily Kessler,"Apt. 497 8053 Justin Village, Sporerhaven, NJ 29169-8588",+19884147311,kraig@flatley.example,False,47429
45025,Efrain Nicolas,"36342 Michel Alley, New Edmond, ME 40739-7173",+11846062497,susann@walter.example,True,45025
46242,Dr. Chrystal Kshlerin,"Suite 204 25169 Noe Street, Port Rigoberto, SC 38131",+12608378472,pam_mills@fritsch.example,False,46242
45109,Hugo Purdy,"Suite 591 58158 Blick Crossroad, Terisaville, RI 63756-6552",+14917396617,fausto@howell.example,False,45109
46807,Kendra Ziemann,"444 Schoen Mission, Thelmafort, GA 89904-4235",+12475858801,maye_treutel@cormier.test,False,46807
46936,Amb. Antonio Anderson,"Apt. 744 285 Camie Neck, New Miquel, CO 64984",+15070434614,devin_braun@paucek.test,False,46936
46140,Fr. Reginald Ruecker,"Suite 855 66980 Sporer Views, New Loritown, ND 32806-0342",+11981239182,vincenza.schimmel@klocko-veum.example,False,46140
44345,Gavin Barton,"Apt. 931 2246 Bradtke Forge, East Dawne, SD 34463",+14391249521,wilfredo.parker@gottlieb.test,False,44345
47012,Tamica Champlin,"Suite 631 50203 Stephania Extensions, South Terrellbury, CT 78875-9811",+11658727477,tony_king@fritsch-ortiz.example,False,47012
45951,Syble Kreiger Md,"631 Mraz Mission, Lake Briana, SC 91747-0353",+16867174393,bryce_parker@crona.example,False,45951
44590,Irvin Lebsack,"Apt. 450 4614 Garnett Ville, North Augustine, NH 68100-1288",+14466987737,jean.cremin@nienow.test,False,44590
45853,Tracy Buckridge,"228 Soledad Dale, North Norristown, DE 20581",+17465262003,clarice_schowalter@bogisich.example,False,45853
45728,Derrick Jenkins Sr.,"Apt. 255 11074 Cassaundra Green, South Edgar, MD 73733",+19433661410,teodora@grimes.test,False,45728
44515,Rep. Jerome Crona,"Apt. 735 846 Russel Hill, Julesbury, PA 68277",+17551869048,newton@reilly.example,False,44515
46468,Kiesha Corwin,"Apt. 142 81315 Marvin Junctions, North Gabrielleburgh, HI 94074",+14782495359,moshe.adams@mosciski-hoppe.test,True,46468
46377,Jewell Reilly Ret.,"718 Bartoletti Path, Lorrifort, DE 38221",+14549084167,stephanie_zemlak@mertz-stokes.test,True,46377
46638,Kristel Block,"Suite 393 42034 Michale Mountains, New Brady, HI 60840",+16818336704,octavio.cruickshank@emard.test,False,46638
45167,Fritz Satterfield,"216 Yael Turnpike, Nelsontown, MN 60936",+13230221607,delbert@kassulke-volkman.test,False,45167
46925,Laurene Keeling,"78896 Drew Points, New Marilynchester, DE 54369-3111",+13280365888,lorrie_windler@jerde.example,False,46925
46480,Viki Schiller,"939 Keebler Flats, Herminiabury, CT 58714",+18749794414,robby.larkin@erdman.example,False,46480
45584,Shirley Kovacek,"Suite 758 990 Pacocha Dam, New Wynellbury, WV 88755",+18829535634,sade_carter@romaguera.test,False,45584
46799,The Hon. Donnie Tillman,"Apt. 299 481 Marline Mount, South Chun, NV 61067",+19703576813,richelle.aufderhar@bradtke.example,False,46799
45938,Miles Mosciski,"Suite 221 3854 Block Mall, Laviniabury, VA 08956",+12637317569,duane@aufderhar-rath.example,False,45938
44659,Concetta Watsica,"8857 Marquardt Cape, Moenmouth, IN 24685",+19325843082,renda_witting@schultz.test,True,44659
44780,Louie Morar Lld,"568 Joette Via, South Darrelside, CO 01166-2893",+18066033573,thalia@douglas.test,True,44780
45224,Msgr. Laurence Cronin,"59671 Howard Springs, Lefflershire, CO 17472-4372",+14246444818,denver@blanda.example,False,45224
47433,Kory Leannon,"865 Delila Track, East Allyn, NV 53182",+13419665895,angel@sawayn.test,False,47433
44870,Kami Zemlak,"Suite 129 6936 Erick Views, Jeanneton, NC 94196-5699",+15047850085,rolande@schulist-hane.example,False,44870
45088,Josh Jones,"9984 Kohler Trace, South Gilbert, NM 56438",+13027851653,anabel.moen@jenkins.test,False,45088
47573,Phillip Schimmel,"3236 Hane Parks, East Johnny, RI 16057-8533",+17047214095,bill@botsford.example,False,47573
44814,The Hon. Ivory Boyle,"9508 Zieme Ville, Jakubowskifurt, CO 13133",+19875841621,asa_conn@stokes.example,False,44814
45640,Peter Cormier,"Apt. 660 15981 Little Junction, Fayview, MA 28265",+15660578752,neely.brekke@dooley-stamm.test,True,45640
45244,Arlette Ernser,"Suite 630 3726 Anderson Causeway, Nitzscheberg, WI 22637",+11539747912,jessie.ritchie@schmeler.example,False,45244
47376,Sen. Jami Sauer,"Apt. 542 9413 Rayford Mall, South Renato, KY 56989-3821",+14842628419,raleigh.doyle@deckow.example,False,47376
47432,Dr. Linette Nolan,"923 Andra Alley, Kshlerinmouth, NC 82989-5074",+14885644096,gavin.fahey@marquardt.example,False,47432
45158,Leeann King,"Apt. 928 82708 Bashirian Island, Mosheton, WA 81541-5434",+16740375118,kirk.hodkiewicz@gorczany-satterfield.test,False,45158
46311,Ela Williamson,"Suite 941 21150 Volkman Lodge, East Zane, DE 23090-7890",+12425375230,brenton@willms.test,False,46311
45039,Sen. Jonathon Champlin,"Apt. 676 12220 Zemlak Avenue, Allysonport, VT 58780",+19976426597,rene_champlin@wunsch.test,False,45039
46848,Mauricio Ruecker I,"Suite 417 892 Tawnya Crescent, Dickibury, MT 27205-0565",+13135780546,eda@thompson.test,False,46848
47287,Santos Kozey,"Apt. 126 548 Friesen Vista, Treutelfort, NJ 65314",+16599545828,deidra.brekke@pollich-grimes.test,False,47287
45029,Amb. Timika Fay,"Suite 794 919 Klocko Stravenue, West Shirleyhaven, SC 37796",+16885581668,derek@mueller.test,False,45029
46448,Allyn Flatley,"Suite 261 33370 Stroman Plaza, South Janellchester, NM 96003-6361",+14420395839,giovanni@swift.example,False,46448
45226,Muoi Mcclure,"Suite 407 206 Waters Vista, Irvinton, IA 44691-1102",+12705279711,anthony@rutherford-bode.test,False,45226
46815,Fr. Terry Mccullough,"Suite 814 777 Schultz River, Kirlinbury, TN 19025-2208",+16660897323,casey_ankunding@bins.example,False,46815
44557,Garland Weber,"Suite 335 1633 Cole Loaf, Kingville, LA 22356-2257",+15391895913,jalisa@waelchi.test,False,44557
46043,Norine Quitzon,"377 Leuschke Cliffs, North Glenna, IA 83423",+12781576310,oma@upton-barrows.test,False,46043
45256,Jacklyn Hermiston,"Apt. 728 98856 Blick Vista, Lake Nicki, ID 50638",+16512823326,rashad.ferry@volkman.test,False,45256
47476,Sarai Bogan,"Apt. 721 5473 Oretha Cliffs, New Nyla, DE 54326",+16450105465,cherrie.boyer@hahn.example,False,47476
45752,Cristopher Satterfield,"Suite 448 826 Annabell Vista, Klingbury, MS 60761",+15730417700,jaime.stehr@roberts.example,False,45752
45359,Emilio Boehm,"Suite 985 8778 Soila Trail, Bartellchester, MT 32044-8117",+12235892913,aurelio@ernser.example,False,45359
46134,Fr. Thea Gulgowski,"4993 Franecki Gardens, Dorettabury, CA 68355",+14473887332,margorie_goodwin@greenholt.test,False,46134
45583,Lessie Schowalter Dvm,"Apt. 871 614 Bogan Loaf, Hackettshire, VT 04756-7737",+16917920473,shay@mckenzie.example,False,45583
44387,Sol Prohaska,"32868 Shanahan Mission, Port Mittiehaven, AR 61189-4537",+13698983282,collene.cormier@stanton.example,False,44387
46259,Sid Lubowitz,"27217 Jacinto Parkways, North Estela, CA 21827",+18464457480,pierre_hilll@macgyver-fadel.test,False,46259
44487,Kaleigh Smitham,"91073 Conn Extensions, North Luella, AL 73096-7135",+13016812885,angelita.oconnell@huel.test,False,44487
46131,Wes Welch V,"Suite 268 532 Larson Lights, East Randymouth, ME 50124",+14161796853,paulita.harvey@lakin.example,False,46131
47187,Carmelita O'Hara Md,"8104 Leland Point, New Nicholmouth, AK 69364-9724",+18868375294,lawrence@williamson.test,False,47187
47173,Martin Gorczany,"Apt. 500 25842 Sommer Expressway, Gayleton, GA 91376",+16105439203,marvis@hermiston-lesch.example,False,47173
44445,Sydney Beer,"Apt. 322 72061 Frederick Ports, New Arturofort, AL 45038-7958",+14772813742,chase_feest@kihn-grady.example,False,44445
46211,Sherwood Abbott,"917 Tamesha River, Kertzmannbury, AR 95385-1393",+13434128599,gricelda@zieme.example,False,46211
44751,Leigh Krajcik,"Apt. 706 165 Cordell Tunnel, Rashadfurt, VT 62232",+13197414954,tuan@schultz.example,False,44751
46135,Elmer O'Reilly,"Apt. 652 541 Warren Burg, North Aleen, UT 99068-0743",+16035830257,burl.walsh@robel.test,False,46135
45672,Dino Swift,"144 Ilene Crescent, Marcelinefort, IN 90917",+12354770077,marshall@berge.test,False,45672
47200,Carol Muller,"Suite 438 37406 Brent Mountain, North Tawanna, AR 36486-0237",+11821540119,alyce@jerde.test,False,47200
46571,Shelby Lemke Do,"2298 MacGyver Tunnel, Marvinberg, TN 11407",+13000378696,mickey@beahan.test,False,46571
46109,Fabian Roob,"8895 Lucio Valleys, North Woodrow, RI 64473-2975",+14834837777,marguerita_abbott@upton.test,False,46109
46045,Mardell Hagenes,"852 Lubowitz Ferry, Reichertborough, NV 31444",+19151015170,patty@bernhard-barrows.test,False,46045
46099,Jordan Swaniawski,"85111 Ryan Parkways, Arthurport, KS 53532",+13918141456,kaylene@rohan.example,False,46099
47391,Felton Gorczany,"Suite 195 610 Kulas Greens, Port Sonny, KY 53422",+12232828519,rolf_tromp@ferry.example,False,47391
47579,Lynda Hessel,"Apt. 623 39435 Schmitt Keys, East Shannon, WI 62083-1947",+14640798000,cecil@roob.example,False,47579
46556,Msgr. Lenard Nolan,"Apt. 315 586 Gregory Extension, Chayafort, KS 52618-0483",+11100447711,argelia.cummerata@considine-murray.example,False,46556
45657,Mrs. Jessika Jacobs,"2771 Watsica Valley, North Arielport, WA 53505",+17600308428,samuel@barrows.test,True,45657
45568,Vernetta Stamm,"Suite 581 732 Ollie Falls, West Tracyburgh, MD 84670",+13519656894,anamaria@romaguera-nitzsche.example,False,45568
47089,Sen. Lavada Rutherford,"90507 Lemke Trace, Schulistbury, LA 37235",+13372663264,tanika@kihn.test,False,47089
45064,Kennith Homenick Ret.,"Suite 431 764 Ellyn Creek, Kennyborough, MO 16487",+16303175639,enrique@carter-schaden.test,True,45064
47257,Nathan Marvin,"Apt. 450 4962 Nida Overpass, Wileyview, RI 30345-8582",+15277477194,carrol@nitzsche.example,False,47257
44520,Ona Bahringer,"Apt. 259 767 Koch Highway, Williamsonport, NC 60351-4282",+14381516083,fredric@block.example,False,44520
45472,Dr. Avelina Mayert,"1622 Loren Motorway, Latashaview, TN 02018-3597",+11445251412,wilhelmina.crooks@grady-gutmann.example,False,45472
46914,Marlon Leannon Jr.,"36900 Elmer Place, North Mairamouth, NM 57194-9475",+18056838994,jefferson@skiles.example,False,46914
44710,Perry Fisher,"Suite 967 58775 Littel Mountain, Andrebury, AK 46414",+12079329265,laurence@mann-steuber.test,False,44710
47400,Lisette Schumm,"3563 Kindra Light, Gleichnerside, KY 19277",+17763807893,lorine@balistreri.test,False,47400
46921,Les Heaney,"Apt. 617 77229 Braun Oval, West Tuantown, GA 51903-8013",+18802599806,travis@bernhard.example,False,46921
45546,Bernie Douglas,"282 Linh Coves, Denesikhaven, NM 52506",+12274026270,keneth_bashirian@walsh.example,False,45546
44847,Jeffery Bernhard Jd,"Apt. 465 6924 Mayer Forges, Pourosmouth, MA 05075",+14820858303,gilbert_schmidt@powlowski-lakin.example,False,44847
44473,Kerry Adams,"Suite 976 87479 Torp Mountains, North Roycebury, WV 77879-1670",+14592726919,andrea.bartell@feest.example,False,44473
44864,Keven Gislason Ii,"Apt. 141 5172 Kathie Summit, New Nila, NM 48594",+19167593738,raymon@grady.test,False,44864
45385,Eliseo Kutch,"507 Sidney Mission, East Lula, AR 90860",+17253355987,barrie.feil@mills-orn.example,False,45385
45438,Veda Bernier,"880 Riley Causeway, Kiehnview, MA 58579",+19116787202,zita@crist-brakus.example,False,45438
45235,Gemma Tillman,"Suite 596 616 Gordon River, West Delmarburgh, OR 55855",+11679352268,britni.trantow@conroy-fahey.test,False,45235
44415,Burl Hackett,"3909 Spencer Terrace, Huelsbury, MT 43306-4524",+15590841528,joe@brakus.test,False,44415
45028,Amos Grady,"Suite 188 565 Paul Stravenue, Schoenside, GA 14514-7993",+15663020475,ronny@kuhn-ziemann.test,False,45028
44849,Alfredo Braun,"Suite 356 7471 Delmar Meadow, West Odell, MS 54384",+13526789338,oswaldo_bergnaum@ortiz.test,False,44849
44989,Rev. Louis Armstrong,"644 Schuppe Manors, Mayertown, VT 68494",+15600410888,ernesto@ratke.example,False,44989
46521,Dinah Cartwright,"1688 Shawnda Rapid, Michealtown, WV 83031",+16971689314,leonarda_paucek@bahringer.test,False,46521
47482,Zenia Sawayn,"Apt. 120 5119 Hilpert Port, East Trinidad, VA 30086",+16777244027,eduardo@conroy.test,False,47482
44984,Cathy Leffler,"196 Ronny Route, Port Emile, CT 28207",+18704327956,vernita@waelchi.test,False,44984
45432,Ike Cummings,"Apt. 745 9389 Pouros Ville, Baileyland, OH 65232-6759",+14895610392,josiah.medhurst@mante-kling.example,False,45432
45411,Joey Bode Md,"35940 Steuber Lodge, East Mahaliafurt, WY 73667",+16427060073,shenita@dickinson.example,False,45411
45621,Josh Kuhlman,"294 Cronin Fords, East Lawerenceland, AK 10778",+15592686121,siobhan_schaefer@bogisich.example,False,45621
44917,Roy Herman,"623 Aufderhar Island, Emmerichton, IL 69141-9029",+13392802500,waltraud@adams-lowe.test,False,44917
46026,Rosemarie Marks,"73221 Fisher Pine, Hyattshire, VT 00909-5646",+14817379481,donnette.haley@marvin.test,False,46026
46420,Rueben Schinner,"Suite 228 376 Kuhn Common, Ryanberg, MN 80157-6649",+13700863479,miles@emmerich-brakus.example,False,46420
46766,Marcos Gorczany,"Apt. 844 221 Lang Passage, Simonismouth, OH 75192-3215",+14315038148,pearlie.ankunding@ledner.test,True,46766
47133,Morgan Zboncak Iii,"Apt. 797 800 Cole Center, Morarville, VT 69147-0051",+14984594528,marvella.walter@mills.test,False,47133
44706,Guy Mcdermott,"2185 Carroll Pine, New Eldridgemouth, AL 31800-8242",+18515599191,deloras@pacocha.test,False,44706
46789,Alec Boyle Jd,"Suite 781 56516 Kelvin Passage, South Saul, MO 61817",+18967781614,zachary@farrell.example,False,46789
44775,Dave Kunze,"75060 Kelvin Extensions, East Jeanette, NY 75302-7581",+16204853037,milford_kiehn@ernser.test,False,44775
46400,Gregg Hammes,"61558 Ward Parkway, South Phillip, ID 02222",+17470940881,marissa.robel@glover-miller.test,False,46400
46278,Cortez Friesen,"Apt. 777 4159 Silva Alley, Hyattmouth, LA 34173-2294",+19244326334,shante@ohara-lemke.example,True,46278
44977,Jacquie Hilll,"7899 Wai Lakes, North Alfredberg, RI 65348-6927",+17065131474,jenelle_anderson@brakus.test,False,44977
45652,Moshe Aufderhar,"2906 Lauri Fields, Bryceville, KS 66514",+13540245005,mathilda@wintheiser-kertzmann.example,False,45652
46397,Keshia Sawayn,"Suite 704 197 Felicia Pike, Lonview, NM 19294",+14883682500,grover@dubuque-oreilly.example,False,46397
46575,Sonny Lebsack,"58333 Paul Underpass, West Jamelmouth, AL 41306",+11766799862,peter@krajcik.example,False,46575
44789,Shenna Lang,"81623 Doloris Island, New Van, SD 95948",+19630670115,zenobia@mayert-herzog.test,False,44789
46366,Melissia Cartwright Dds,"Suite 140 5078 Preston Lodge, Willieland, SD 18649",+13376190265,jody@volkman.example,False,46366
45944,Elsie Nienow,"Apt. 854 69119 Leuschke Point, Port Jenetteberg, HI 09473",+18101748502,jed@willms-halvorson.example,False,45944
47327,Emmanuel Schaden Cpa,"Apt. 702 862 Valeri Port, East Sachikochester, TX 01511-2427",+14694419879,essie.leuschke@legros.test,False,47327
46258,Mercedez Morissette,"Suite 605 2088 Jermaine Ridges, South Xochitl, CA 46947-6074",+19003491678,brooks@watsica-bahringer.test,False,46258
46057,Rep. Layla Rowe,"85992 Krystal Roads, Kirkville, MS 56138",+11104145036,felipa_runte@cole.example,False,46057
47615,Thaddeus Abernathy,"29823 McKenzie Passage, Lefflerborough, AZ 86201",+13701127804,morris.runolfsson@romaguera.example,False,47615
44675,Oscar Hettinger,"Suite 378 3587 Weimann Skyway, Lake Tainaland, RI 69983-5455",+15042194370,destiny@cruickshank.test,False,44675
46553,Shante O'Hara Jd,"1452 Purdy Alley, Port Stephnieville, MO 02002",+12761918951,dreama@luettgen.example,False,46553
45113,Frederick Boehm,"81056 Paul Meadow, Lake Richborough, KS 94620",+18396420810,camila_reichel@grant.example,False,45113
46828,Vicente Prohaska,"Suite 902 731 DuBuque View, East Andrabury, OK 71023",+18492378046,diamond_schaden@skiles-ebert.test,False,46828
46548,Patrica Schumm Dc,"574 Ankunding Common, Port Colemanburgh, ME 65220",+12274385774,derick@vonrueden.example,False,46548
46833,Jamel Kohler,"94895 Berge Ford, Ahmadside, MA 37717",+18815102297,kristopher_farrell@reilly.example,False,46833
47218,Alycia Oberbrunner,"Apt. 822 57376 Jast Crescent, South Deandreland, AL 75021-2859",+15542529255,vincent_stokes@kovacek.test,False,47218
46701,Donald Hills,"Apt. 421 6611 Salley Streets, Nolanberg, HI 34055",+17555353380,jewel.kilback@kautzer.example,False,46701
45257,Margarito Little,"Suite 466 5417 Dennis Creek, Lake Kristianfort, LA 66145-9755",+13286932331,horace@botsford.test,False,45257
46054,Merrill Medhurst,"Apt. 116 48004 Sidney Prairie, South Marivel, WI 29092-0442",+19763256561,ariel_champlin@pagac.example,False,46054
45723,Gov. Zachery Quitzon,"2335 Schaefer Point, South Kristianchester, AZ 73590",+19623441310,daniele@jacobs.test,False,45723
47483,Billie Muller Iii,"59839 Hauck Pine, Metzchester, OH 04201-3616",+11876198628,christoper.wunsch@oreilly-swift.example,False,47483
46203,Long Ferry,"Suite 770 47721 Joselyn Valley, Eugenioside, DE 63589",+17452848191,nakia_morissette@bogan.example,False,46203
47422,Jackqueline Prohaska,"Apt. 398 866 Stoltenberg Views, Linotown, MI 48463-3690",+13608950806,willie.waters@botsford.test,False,47422
44426,Spring Macejkovic,"Apt. 276 8587 Jarred Parkway, North Edraland, OH 07029-3106",+11830343017,leilani@abernathy.example,False,44426
44354,Synthia Kunze Esq.,"Suite 855 60931 Schoen Ferry, Bertieport, WA 77102-1232",+11049088110,bill@bogan-johns.test,True,44354
47406,Chelsey Kutch,"40954 Fritsch Lodge, West Nanette, IL 75628",+15894349153,eleonor.harris@okeefe-emmerich.test,False,47406
44446,Rev. Giovanni Schuster,"5713 Blanda Plaza, Charlieberg, MA 28014-4130",+17305675540,erick_ryan@torphy.example,False,44446
47516,Hugh Prosacco Cpa,"4453 Whitney Flats, North Roseanna, WA 15792-7907",+14295496400,jenny@lowe-weissnat.test,True,47516
46551,Isreal Bashirian,"Suite 928 944 Nikia Wall, Alfredastad, CA 90334",+17164506530,manuel@legros-breitenberg.example,False,46551
45994,Mel Nolan,"Suite 281 583 Carolyne Light, West Noel, FL 06179",+19182227885,garland@nicolas.example,False,45994
47500,Ms. Isaac Rath,"585 Gutmann Streets, Waelchiberg, IA 02335-2013",+17292415963,pearlie@lesch.test,False,47500
45784,Mr. Alysha Keeling,"444 Adah Ramp, Lake Mistyberg, NM 88728",+11432260339,dong.leffler@murazik.test,False,45784
45962,Mr. Nick Mertz,"216 Cory Circle, Wilmerview, NV 72367-7746",+19906891001,marty.oreilly@kessler.test,False,45962
45540,Fatima O'Keefe,"Apt. 550 11393 Lee Viaduct, East Dessieport, IL 37240",+18349619707,haywood@macgyver.example,False,45540
44542,Sidney Morissette,"1848 Haywood Valley, Lake Lanny, ID 24789-7212",+18692998170,lavern@wolff-kiehn.example,False,44542
46994,Delaine Muller,"Suite 355 281 Loren Plains, East Vasilikiland, AL 12102-3005",+17948217798,lai.mitchell@walsh.test,False,46994
46340,Don Heller,"2386 Kirlin Shore, East Noel, ID 88726",+15355876736,delbert.parisian@collins.example,False,46340
46806,Mr. Thad Wolff,"265 Towne Ridges, New Grantside, MI 05357-0702",+16892317455,merrill_abshire@daniel.test,False,46806
44878,Wally West,"Apt. 940 3043 Lorraine Field, Lake Paulette, UT 01238",+17244221639,florentino@lowe.test,False,44878
47414,Magdalen Stamm,"Suite 804 740 Karyn Inlet, New Damion, WY 91984",+15366700318,lily@hoeger.example,False,47414
44400,Bryan Sauer,"Apt. 728 147 Rigoberto Dam, Shinberg, RI 63645-2267",+13615626135,victor@steuber-conn.test,False,44400
45455,Rev. Kerri Kub,"9108 White Ranch, New Kasey, ID 65201",+11251237710,bryon_bechtelar@runolfsdottir.test,False,45455
45627,Ardella Mann Iv,"5086 Erdman Fall, West Elois, CO 77141-0250",+18342476702,tod_ernser@ankunding.test,False,45627
46250,Lemuel Langworth,"Suite 469 672 Courtney Valleys, West Haitown, ME 84349-1521",+17420301278,richard.schamberger@torp-fadel.test,False,46250
46234,Jerold Fay,"788 Carol Garden, South Cammie, ID 67096",+12563334151,sal_heathcote@spencer.test,False,46234
45065,Barbera Beier Lld,"Suite 685 12119 Tony Greens, Reichertbury, MA 55325",+17430831069,francie.thompson@green.example,True,45065
47340,Lamont Osinski,"Suite 495 41646 Louis Greens, Hughmouth, WV 89996",+19980871070,alphonso.hackett@bahringer.test,False,47340
46529,Billy Kilback,"Suite 356 58955 Sergio Fall, North Christeen, NV 28814",+17239080874,whitley@rice.example,False,46529
44873,Gov. Precious Mueller,"Apt. 576 12277 Orn Vista, North Rocky, IL 11370",+17555398493,herman_dubuque@heathcote.test,False,44873
46100,Tina Ferry,"Apt. 218 6968 Smitham Cove, South Sammy, IL 82143-1917",+12319958407,tristan.oberbrunner@frami.test,False,46100
47434,Chris Moore Sr.,"Apt. 953 52208 Yundt Crossing, New Roman, MD 35282-2609",+11818020411,luci_denesik@oconner.example,False,47434
45842,Michal Nienow Esq.,"34618 Andres Crest, Haleyton, TX 63796",+14722622189,zachary@bartell.test,True,45842
45141,Grace Kertzmann,"97464 Kuvalis Plains, Shakirafurt, CO 49336",+16307174662,lonny.gusikowski@crona.example,False,45141
45468,Yuki Batz,"167 Kuhlman Forest, Creminstad, VA 31101-1656",+12236648547,moshe@schinner-kovacek.test,False,45468
46443,Audrea Wolff Jd,"8316 Jacobs Mount, Port Kenneth, OH 30026-7326",+13207656773,doreen@luettgen.example,False,46443
46232,Regena Jacobs,"2007 Lucrecia Lake, Port Jeaneneton, MS 85207",+15189344662,raleigh.zboncak@barrows.example,True,46232
46588,Antony Zieme,"Apt. 418 22058 Marcelene Circle, Lake Booker, FL 89205",+15034394996,renetta.okeefe@williamson.test,False,46588
47228,Houston Schneider,"Apt. 752 63721 Schiller Fall, Kimbramouth, SD 08051-6985",+17564638422,babette_schneider@beahan-thiel.test,False,47228
45067,Ardell Schulist Dvm,"6216 Crist Falls, Howebury, WY 19946-6263",+14689697105,francesca@huel.example,False,45067
46112,Ramon Barrows,"Suite 578 441 Thanh Brook, Balistreriberg, AL 69798",+19822928428,fritz_mueller@lockman-ebert.test,False,46112
44404,Bethann Graham,"Apt. 917 751 Chery Lights, McGlynnport, OK 06696",+16263664029,camille_blanda@steuber-borer.example,False,44404
44941,Aretha Russel,"8909 Rosenbaum Motorway, South Wilburnmouth, MS 67187",+13791748046,magda@mclaughlin.example,True,44941
47057,Ashlee Halvorson Iii,"Suite 355 5807 McKenzie Stream, Walshhaven, IA 91577-8771",+14806412780,jonathon@mraz.test,False,47057
46624,Palmer Torphy,"Apt. 437 404 Jonna Ridges, New Olivia, WI 79994",+17691347325,milly@zieme.example,False,46624
45374,Erick Cronin,"Suite 735 504 Elayne Springs, Schaeferside, IL 85244-6865",+13547894787,vern_gislason@green-sipes.test,False,45374
46336,Reginald Mayert,"6605 Sandra Streets, Fadelton, TN 22039-4480",+13547489525,charita@veum.test,False,46336
45325,Jacinto Klocko,"Apt. 215 11401 Winifred Path, Heaneychester, NC 05382-6728",+14705955309,maura@schultz-blick.example,False,45325
44614,Coy Corkery,"Suite 175 882 Collette Summit, North Averyburgh, PA 38143-4918",+19425737185,devin.skiles@mitchell.test,True,44614
44843,Bettina Dickens,"29044 Essie Rapid, Gerlachmouth, CO 54850-6605",+16265591516,genna@bogan.test,False,44843
46764,Ms. Nestor Heller,"39517 Sammy Brooks, Olsonchester, CO 78383",+13618364391,christoper@russel.test,False,46764
46623,Henrietta Veum,"8132 Marcie Fort, New Barrett, NJ 08508",+18238708665,monty.gutkowski@lueilwitz.example,False,46623
44357,Deedra Marks,"83990 Gorczany Drive, VonRuedenport, WA 33224-9025",+16291680076,elwood.schuster@murray.example,False,44357
45254,Ms. Howard Stokes,"650 Nader Field, Ivorystad, VT 69565",+13472174507,portia.mante@cole-herman.test,False,45254
45623,Myrl Nienow,"505 Schiller Roads, East Cary, NM 02146",+11313580028,season@metz-wilderman.example,False,45623
45393,Carter Johnson,"2246 Mercedes Road, North Donny, WV 47771-9750",+12285173760,norman@jones.test,False,45393
47285,Orville Lubowitz,"Apt. 510 978 Coleman Wall, New Ollie, GA 01171-2209",+13327498064,merrilee_kuphal@mcdermott.test,False,47285
47513,Grover Lesch Sr.,"7820 Les Junction, Halvorsonfort, AR 08401-3432",+13606023346,leila@white.example,False,47513
47378,Nakesha Smitham,"93936 Tangela Walk, Loustad, WY 48316",+15978310011,randal.cremin@blick.example,False,47378
46705,Leland Wolff,"664 Josue Parks, Zackfurt, PA 68818-9486",+12457225228,dwight@wolf.test,False,46705
46528,Ty Mitchell,"1743 Katharyn Cliff, Gerlachberg, MI 47391",+18621136190,verlie_runte@mitchell.test,False,46528
46935,Herman Hodkiewicz,"5324 Pacocha Hill, Cheriseton, IN 14427-1229",+11499517353,jaymie.morar@mitchell.test,False,46935
47052,Fernando Konopelski,"Apt. 178 5565 Murphy Prairie, Port Dorian, FL 95580-9960",+15841792019,shaun@connelly.example,False,47052
47460,Marcelino Mitchell,"79520 Miller Light, Sanfordberg, ND 54829-1264",+17469781983,spencer.hodkiewicz@lebsack.example,False,47460
47194,Joeann Kirlin,"Suite 679 2781 Jacobi Neck, Port Herschel, MI 58889",+16526223460,walter@bartoletti.test,False,47194
47505,Shavon Bogisich,"Apt. 646 5600 Leannon Bridge, Lake Caridadburgh, UT 25892",+15663310239,helene.barton@vonrueden.test,False,47505
47590,Willene Kshlerin,"Suite 425 83876 Jerold Square, Jimmyshire, ID 88544",+19531385659,cori@ondricka.test,False,47590
47523,Angeles Robel,"Suite 143 294 Elliot Vista, Dickensmouth, NY 23892-7964",+14412134275,ardath_crooks@howe-feest.example,False,47523
47138,Frances Greenfelder,"Suite 300 104 Curt Trafficway, East Virginia, FL 74159",+15311550809,hallie_schulist@kuphal.test,False,47138
47603,Johnson Corwin,"587 Howe Underpass, Port Jacalyn, KS 99399-1384",+18155519353,lawerence@bednar.test,True,47603
46881,Ernest Halvorson,"Suite 117 32335 Michel Rest, West Denita, DE 80801",+18016125481,fidel@monahan.test,False,46881
44538,Leigha Leffler,"Apt. 328 2596 Quitzon Knoll, Irisport, MO 21824",+15605929229,tomas@ullrich-effertz.test,False,44538
45493,Brooks Ebert,"Suite 551 82513 Rolfson Causeway, Howardmouth, WI 31233",+15442819193,madison_volkman@jaskolski.test,False,45493
45590,Corine Ritchie,"Suite 898 561 Roob Light, Lake Reinaldo, KY 90092",+14574271737,tracey@leuschke.test,True,45590
47343,Robbin Sauer,"Suite 100 7886 Brown Haven, South Margertstad, KY 99773-2682",+17370682642,lynelle@adams.test,False,47343
47318,Prof. Eloy Schiller,"7156 Jason Walks, Christopherland, NV 36927-6340",+19593088560,francesco@shields.example,False,47318
45099,Sen. Gretta Pacocha,"Apt. 587 752 Reinger Centers, New Charlie, ND 29407",+18976168049,angeles_stroman@beier.example,True,45099
47386,Stephine Strosin,"586 Mohammed Inlet, Barrowsville, ME 23410",+14100309065,werner@rippin.test,False,47386
46730,Gavin Buckridge,"9443 Vernon Spurs, Vandervorttown, WA 93003-3598",+19127649393,kaycee.heathcote@luettgen.test,False,46730
45232,Lazaro Konopelski Vm,"Suite 751 609 Nick Flats, Herbertmouth, OK 27020-2588",+16460743903,sierra@goodwin.test,False,45232
45602,Dr. Catheryn Thiel,"40468 Schroeder Island, Lake Sherrie, TN 49199-2267",+17436071736,jorge_kub@treutel.example,False,45602
45587,Rudolph D'Amore,"Suite 805 72919 Shelby Valleys, South Ardenside, SC 60062-1247",+18789836619,cindi@koss-keebler.example,False,45587
47404,Tena Feest Cpa,"Suite 978 77945 Cruickshank Brooks, West Abel, WA 03217-7497",+17600296783,moshe_hyatt@luettgen-oreilly.test,False,47404
46347,Goldie Schulist,"Apt. 930 29881 Abshire Street, Weldonport, IN 53974",+14940581798,gino@hamill.example,False,46347
45514,Rep. Shera Prosacco,"46600 Corkery Junction, Port Rosanna, CO 98295-1621",+17117108818,delmer.hagenes@koch.example,False,45514
45288,Lora Satterfield,"881 Maud Well, Renaburgh, CA 20556-8196",+15558860889,blaine.leannon@mueller.example,False,45288
46087,Emiko Ortiz,"374 Petra Summit, South Clemmieville, NY 22379-2170",+17168482697,enid.ebert@nader.test,False,46087
45606,Terisa Mueller,"598 Hugo Lock, Port Luciohaven, MA 43530",+19441823549,essie.bauch@hirthe-nitzsche.test,False,45606
46124,Linwood Harber,"790 Nikolaus Bridge, South Billy, MN 35409",+13986930103,florencia.collier@stiedemann.example,False,46124
46569,Kristy Lueilwitz,"130 McDermott Glen, West Clintshire, CO 61705-7034",+11879151364,tashina.koch@schuppe.test,False,46569
45522,Bruno Green,"Suite 682 7178 Gavin Trace, Cummingsville, VA 62547",+12445964132,nathalie_aufderhar@miller.test,False,45522
46365,Sunni O'Keefe,"5202 Carol Street, Stammview, PA 52784",+14121204531,linette.kertzmann@pfeffer.example,False,46365
44944,Whitney Fay,"Apt. 252 88861 Fadel Bypass, North Verline, AK 98767-7706",+18795365422,florentino@pfeffer.example,False,44944
47041,Clayton Frami,"510 Barton Crossroad, Kuvalisfort, PA 81406",+15761163626,stephen@spinka.test,False,47041
45450,Giovanni Torp,"Suite 396 332 Donnie Manors, Ruthetown, NM 06217",+11925568586,evan@hickle-keebler.test,False,45450
46191,Irvin Johnston,"565 Rodolfo Inlet, Vaughnmouth, NY 03238",+11100353589,luise_parker@stracke.test,False,46191
45520,Weston Skiles Iv,"Suite 293 8255 Kevin Inlet, West Moses, PA 66211",+12477255571,lorean_hintz@macgyver.test,False,45520
46244,Dyan Hoeger,"6827 Lakin Tunnel, West Justinaview, SD 13883",+12757738025,eleanore.schmitt@wehner.test,False,46244
47120,Gov. Forrest O'Conner,"8182 Toby Forges, Lake Bernieberg, NV 90823-7190",+17643538745,alberto_klein@dare.test,True,47120
47311,Bo Okuneva,"2350 Alina Brooks, Lake Theronberg, AK 12260-5997",+16966847347,reginald.funk@klein.example,False,47311
46483,Dewitt Lockman,"Suite 946 9644 Kutch Freeway, McClurechester, ME 32688-2134",+15034898445,scott@hayes.test,False,46483
47291,Ronny Runolfsson,"4418 Flora Cliff, Lamontbury, DE 80177-6283",+12301307156,fidel_bednar@pouros-bogisich.test,False,47291
47161,Candra Runte Do,"4361 Sipes Lakes, Elanaborough, MN 94706",+19054643841,tony_pouros@dickens.example,False,47161
46562,So Konopelski V,"Apt. 375 26752 Debby Mill, New Noellaburgh, FL 92739-8814",+14158573291,alphonse.rosenbaum@herzog.test,False,46562
45941,Miss Elias Lakin,"447 Windler Club, East Hiedi, CT 41993",+18070136749,brent@kling-ritchie.example,False,45941
46643,Eusebia Botsford,"91368 Antonietta Creek, South Bricebury, AK 08608-0632",+11840290910,ebonie@wuckert.example,False,46643
45161,William Fahey,"21150 Fay Parkway, Gladyton, DE 12233",+15086557260,theola.ratke@carter-stiedemann.test,False,45161
47091,Clement Vonrueden,"3388 Ratke Forest, New Jodyburgh, CT 42220-6621",+12439392182,kristi@runte-kiehn.test,False,47091
46169,Jame Wintheiser Ii,"Apt. 879 1909 Kuvalis Rest, Botsfordmouth, GA 49485-7198",+17877673639,lucinda@hagenes-koss.test,False,46169
44559,Dr. Isiah Yost,"2887 Temeka Mount, West Milohaven, LA 04721",+15772359498,hilma@schamberger.test,False,44559
46246,Argentina Goldner,"134 Maryalice Ferry, New Abe, MD 75084-1454",+12958681732,gus@osinski-dickinson.test,False,46246
45835,Jenine Kub Jr.,"4536 Rachell Plaza, Lake Kiyoko, NV 40412-0466",+17628760057,allegra.dickens@spinka.example,False,45835
46348,Prof. Devin Kuvalis,"4553 Elicia Ford, New Elliot, AZ 32744-9417",+11966584069,reynaldo_stehr@ondricka-maggio.test,False,46348
45469,Gov. Abe Senger,"95253 Dominic Ford, Gerlachport, FL 38389",+15312063695,hal@swift-breitenberg.test,False,45469
45541,Holly Jenkins,"782 Koelpin Prairie, Rempelburgh, AR 52930-8757",+15139102391,chauncey@labadie.test,False,45541
45562,Emerson Erdman,"Apt. 682 3307 Cartwright Ports, Maiafurt, WI 85263",+19472036595,tomoko@fahey.example,False,45562
45236,Carmina Hoppe,"933 Kozey Knolls, Rudolfbury, VT 75278",+15594586310,lamont_feeney@haag.test,False,45236
44459,Dusty Nader,"808 Pat Terrace, Port Ozellburgh, MA 67239-8701",+16162314974,ramiro@marks.example,False,44459
44388,Ai Emard,"Suite 686 997 McDermott Garden, Lefflerton, FL 10802-7013",+16408793539,spencer@greenholt-pagac.example,False,44388
46084,Elisabeth Tillman,"Suite 978 952 Gavin Hollow, Lubowitzhaven, IL 81031-1097",+17993468294,benny.bins@turcotte-jast.example,False,46084
44353,Regine Kutch,"Apt. 256 95132 Mila Viaduct, Buddyfort, SC 91247",+17274120460,lance@cronin.test,False,44353
44571,Rigoberto Tillman,"Suite 804 2896 Stamm Oval, Corettaview, OR 79238-4639",+18032684721,sal@runolfsdottir.test,False,44571
46391,Jaime Carroll,"Apt. 183 86710 Grimes Villages, Linomouth, OR 84864",+14862738760,keila@mcclure-hickle.test,False,46391
46787,Mari Klocko,"5903 Mohr Turnpike, Skilesville, AZ 91952-7856",+12035977329,shan@kozey.test,False,46787
46696,Cody Gibson,"7432 Gricelda Row, Rohanton, FL 92643",+11129316737,dillon@kris.example,True,46696
45600,Kenneth Crona,"Suite 698 9940 Fanny Haven, Marquardtton, HI 87046",+11339192994,regan.block@nolan-white.example,False,45600
46372,Herta Lynch,"874 Leonel Haven, Port Graigshire, VT 37118-3566",+11442823904,eusebio@zulauf.example,False,46372
46236,Matilde Homenick,"Apt. 632 872 Waelchi Street, East Guy, ID 29804",+11231921424,michel.orn@jast.example,False,46236
44958,Kristine Powlowski,"18047 Prince Street, Joeyside, MI 52666-1599",+18695852159,rachelle@denesik.test,False,44958
45262,Theron Lang,"Apt. 269 183 Lesia Isle, North Nena, OK 40186",+19750502929,raymond.rice@jacobson-mcdermott.example,False,45262
45163,Elwanda Vandervort,"5675 Yost Rue, East Grantland, OK 99543",+15482858268,agnes_powlowski@morissette.example,False,45163
44902,Joel Harber,"60923 Steuber Burgs, Penelopehaven, AZ 67908-7880",+12834431265,ada_hane@pagac-kuvalis.test,False,44902
44655,Fausto Corkery,"Apt. 631 106 Phil View, North Alizaview, AK 11633-4230",+15038946815,blair_kirlin@mitchell.test,True,44655
46854,Dung Greenholt,"442 Jarod Ridges, Gilbertestad, KS 05033-2286",+12477675315,rema.goldner@murazik-wyman.example,False,46854
46875,Chris Konopelski,"36545 Jaskolski Pine, Tommyfurt, AR 87574-6843",+13441127759,brooks@bashirian.test,False,46875
46791,Pearline Boyer,"707 Prince Trail, South Bernardo, AR 77880",+19940109771,don_luettgen@runolfsson.example,False,46791
45102,Msgr. Buford Balistreri,"7320 Conrad Forest, Indiashire, MI 44467-7791",+15921197409,buster@olson-feest.test,False,45102
45886,Elisa Schowalter,"Suite 833 74599 Ramonita Track, Hermannfurt, SD 59722",+19912734208,tasha@connelly.test,False,45886
47231,Miss Rob Robel,"Suite 326 917 Runte Expressway, Schaefermouth, TN 09507-7042",+19659379013,daniela@reichert-kunde.test,False,47231
46796,Landon O'Reilly,"Apt. 893 82842 Dick Manor, New Rickyhaven, ND 01935-3378",+16946965712,zachary@barton.test,False,46796
44804,Rob Stehr,"Apt. 551 3968 Wilkinson Mill, Port Leontineborough, AZ 61207",+11066711025,renaldo@dubuque.test,False,44804
46589,Duncan Stark,"552 Grimes Route, Dachland, NE 88734",+17916526482,johnson_harris@fadel.example,False,46589
44954,Alvaro Gulgowski,"4346 Wiegand Turnpike, West Eloy, MT 36244",+17988782915,candis@braun.example,False,44954
46272,Billye Collier,"Suite 512 514 Pagac Shores, Watsicatown, RI 28553",+16680678705,leslie@heaney.example,True,46272
45118,Noah Predovic,"Apt. 171 9685 Kunde Mountain, Port Chaeland, MA 08927-2811",+15562384603,suzanna@stanton-kihn.example,False,45118
46412,Jeanette Johns,"4672 Tillman Street, Gislasonburgh, VA 91669-7553",+18794499233,vincenzo.waters@dietrich.example,False,46412
45371,Jerrell Hane,"Suite 199 17226 Champlin Place, Lake Wilmerton, KY 37676-4194",+11790606363,rosendo_donnelly@goyette-bechtelar.test,False,45371
46777,Trudie Lubowitz,"4928 Jenkins Ford, Rudybury, UT 90987",+19193403182,ashley@nicolas.test,False,46777
47053,Fr. Howard Koch,"Apt. 842 50243 Weber Mission, Lake Judithview, AR 78896-1443",+17424793588,tory.crooks@koss-runolfsson.example,False,47053
47040,Rosalba Fritsch,"55564 Freida Parkways, Dickinsonfurt, MT 89666-0759",+19271304675,raymundo.williamson@oberbrunner.test,False,47040
45174,Rev. Dario Kohler,"Suite 485 25708 Erick Lane, Stromanborough, AZ 87205",+15128123263,shantell_oconnell@nolan.example,False,45174
46208,Rev. Allan Feil,"81122 Danyel Point, Lake Ruben, AR 85328-7202",+19023466840,arron.dicki@gleason-weber.test,False,46208
44396,Ms. Rueben Gorczany,"408 Reinger Street, Colenefort, KY 78125",+14897076153,victor@kiehn.example,False,44396
46673,Sam Kuvalis Dc,"Suite 463 8975 Hansen Parkways, Sebastianbury, AL 04309-8846",+18962649262,randall@stark.test,False,46673
47217,Donn Skiles,"397 Harber Junction, Latoshamouth, TX 95723-9529",+13154331990,lenard@macgyver.example,False,47217
46654,Thad Kutch,"Suite 453 4126 Halvorson Drives, Terryville, DE 66261-3413",+12914606376,helena@simonis-little.example,False,46654
46894,Cammie Fahey,"Suite 516 42833 Ezekiel Parkway, New Salvador, CA 75347",+19489460401,cedric@mccullough-shields.example,False,46894
46434,Kerry Kuhic,"4496 Helaine Bridge, Nikiborough, SC 62125-7774",+16825592753,dustin_macejkovic@hauck.test,False,46434
45272,Bobbie Quigley,"22748 Domenic Harbors, Marahaven, UT 32703-8295",+17639197913,odell@kovacek.example,False,45272
47337,Miss Joseph Mcglynn,"570 Strosin Springs, Port Long, IN 97740-8653",+17854201705,jose_lueilwitz@langosh.test,False,47337
46726,Wyatt Wolf,"Suite 760 655 Johanne Green, Rohanberg, TN 88055",+18801770182,joaquin_bartoletti@padberg.test,False,46726
44550,Wava Willms,"Apt. 385 21176 Keebler Inlet, Dooleyton, WI 85131-7958",+11564838070,lucien_hilll@gleason.example,False,44550
47195,Alan Keeling,"Apt. 722 84999 Osinski Grove, New Amosberg, AK 54316-5138",+13277670617,kent.fisher@senger.test,False,47195
46422,Hiroko Wunsch,"Apt. 273 697 Hannelore Fall, North Romeoburgh, VT 89439-4491",+16091540510,devin.moen@wyman.example,False,46422
47585,Prof. Emmanuel Tromp,"Apt. 209 94540 Jewell Springs, West Edisonshire, WV 16622",+16715567979,terrell_watsica@lockman.example,False,47585
44393,Lorene Schneider,"Apt. 526 36255 Beatty Grove, Bernhardside, VT 08183",+13638656129,ja@murazik-yost.example,False,44393
44931,Brice Douglas,"Suite 918 987 Maple Road, Garymouth, ID 00081",+17539431483,susannah_goodwin@boyer-christiansen.example,False,44931
47275,Miguelina Grant,"Suite 339 13876 Petrina Manor, Gradyview, CO 58829-6257",+15137583318,dorothy.shanahan@bayer.example,False,47275
47464,Cecil Keeling,"Suite 650 729 Goldner Run, New Ozzie, HI 59535-8102",+14051166965,jonathon@schaden.test,False,47464
46077,Damion Shields Dds,"8074 Basilia Camp, Mullerville, OR 59784-2489",+17173980615,donya_wisoky@terry.example,False,46077
44962,Fr. Teri O'Connell,"Suite 926 9209 Schinner Neck, Port Rosalind, PA 14606",+12910430904,odis@stamm-schinner.test,True,44962
45793,Vito Fadel,"Apt. 238 3284 Murazik Islands, Minervaside, MN 23872-9593",+17134171103,francisco_reynolds@waters.example,False,45793
45311,Millard Mayer,"Suite 965 292 Hartmann Park, Wiegandberg, MS 46785-5771",+17139786789,damien@dickinson-ratke.example,False,45311
44583,Erich Leuschke,"54525 Austin Avenue, Port Bennett, WI 68647",+16242962624,vince_bradtke@sauer-west.test,False,44583
45539,Xavier Fisher,"3433 Rex Walks, Ondrickaberg, WV 15765",+17653933349,kandra@runolfsson-ortiz.test,False,45539
45484,Delbert Glover V,"421 Sirena Pike, Ambroseborough, GA 42057-3259",+11076523727,johnathan@feest.test,False,45484
44374,Jerrold Langosh Do,"Suite 473 2585 Clint Plaza, Port Johanamouth, NV 65718",+15621685881,beau_schmidt@daugherty.example,False,44374
45884,Kiley Buckridge,"Suite 835 5215 Quinton Haven, North Laurence, CA 99400",+12957822667,ilse@larkin.example,False,45884
47168,Rep. Bryon O'Keefe,"228 Beier Parks, Davisside, OK 00737",+15990221396,daryl.fay@dietrich-jacobi.example,False,47168
46281,Rod Auer,"Apt. 295 270 Wolf Locks, South Theronburgh, WA 84914",+11508923563,christal@daniel-feest.test,False,46281
44618,Morgan Vonrueden,"Apt. 451 46447 Alphonso Plaza, Carriefurt, RI 86347-8862",+15283941135,erich.littel@wiza.test,False,44618
45613,Theo Fahey,"275 Matthew Lodge, North Edgardofurt, ME 88367-3580",+18427247616,lazaro@gerhold.example,False,45613
45478,Christian Hessel,"4601 Rob Shoal, Herzogborough, GA 94897-6663",+17867168693,julee.oconner@stark-gusikowski.example,False,45478
45498,Tonita Watsica,"78873 Joe Lakes, Dachchester, HI 15241-7083",+15051377298,luciano_reilly@jaskolski-mccullough.example,False,45498
47325,Robt Hettinger,"Suite 702 922 Ian Pines, Moenborough, OR 66411",+19318543831,alix.mccullough@ferry.test,False,47325
47427,Vina Schoen,"Apt. 314 52183 Reynolds Place, West Leigh, NC 96325-3817",+13418243597,ardith.mohr@okuneva.test,False,47427
46534,Sebastian Jaskolski Jr.,"Suite 713 5236 Gleichner Isle, Kendrafort, AR 45415-5384",+11400676635,juanita@maggio-orn.example,False,46534
47007,Pablo Braun,"Apt. 987 936 Parisian Via, Kathyrnton, FL 82582",+16135332755,cleo@lebsack.example,False,47007
44457,Darius Christiansen,"6437 Margert Ports, North Trinityport, MI 19205-3118",+17615242015,cinthia_roob@hammes.example,False,44457
44929,Barry Jacobs,"551 Fernande Curve, East Forrest, AZ 34011-0446",+16920329341,andrew@koss-stoltenberg.example,True,44929
44903,Melody Stark,"45585 Littel Rue, Elnafurt, KY 45946-7517",+12391471549,santos.kozey@becker.example,False,44903
47067,Lera Wilkinson,"Suite 821 61473 Tiffani Club, Port Marilu, NC 74729-3907",+11276214942,ela_gerlach@fay-rowe.test,False,47067
44901,Scott Becker,"Suite 521 54608 Jarrod Spurs, Lake Shena, AK 09154-9075",+12554836443,kip_abshire@stehr-hyatt.example,True,44901
45415,Isidro Pfannerstill,"33116 Schamberger Ridge, Reingerton, WY 45449",+15242208413,bennie@mraz.test,False,45415
45179,Orville Lueilwitz,"Suite 541 5710 Chance Ramp, Jaimeetown, CO 60182",+15433577797,karisa_kovacek@mraz.test,False,45179
47322,Sen. Vincenzo Jerde,"90189 Moen Roads, New Virgilshire, KY 54726-0027",+18462250741,dia_kulas@emmerich.test,True,47322
46160,Reginald Boehm,"86871 Viola Islands, Lake Missyton, AL 92079-5856",+11689320640,jammie_green@schneider-gerhold.example,False,46160
45895,Dr. Garfield Konopelski,"Suite 669 10936 Yundt Stravenue, East Nitaburgh, AZ 95786",+16352997365,irving@kihn.example,False,45895
47005,Lavonna Adams,"84951 Upton Springs, Royalshire, MO 54504-8356",+12838519371,natacha.bins@fritsch.example,False,47005
44795,Annett Howell Do,"Apt. 394 5186 Waelchi Garden, North Samanthamouth, KY 95027-1156",+12179529496,rene_bayer@mclaughlin.test,False,44795
46047,Travis Kshlerin,"Suite 912 66186 Caitlyn Fords, East Galenfurt, PA 67613-2521",+14915383022,pamelia@luettgen.test,False,46047
44600,Derek Wisozk,"Suite 960 734 MacGyver Pass, Terrencebury, ME 12615",+17692828709,ivory_volkman@rosenbaum.example,False,44600
45757,Dave Braun,"5192 Douglas Courts, Cartertown, IA 91451",+14527211970,evan@carter-terry.example,False,45757
44512,Prof. Tim Balistreri,"32015 Larson Lock, West Leon, KY 44508-2631",+13382223268,roma@marquardt.example,False,44512
47221,Jenna O'Connell Jr.,"16890 Tarah Land, Columbusport, NJ 94596-1842",+14282857575,tinisha_lebsack@steuber-keebler.example,True,47221
47059,Quiana Reichel,"748 Whitley Rapid, South Arica, AR 85862",+11748393589,lenny@volkman.example,False,47059
45115,Melany Daniel,"49367 Renetta Stream, East Hyacinth, MD 46621",+12936358672,humberto@hickle.test,False,45115
46417,Danial Collins,"Suite 520 307 Wolff Views, West Desiree, ND 75433-5198",+11934122599,kendall@considine-stokes.example,True,46417
45847,Harlan Botsford,"Suite 624 56805 Jeffie Locks, South Mireyaview, SC 68975-2283",+17041600839,kelvin@upton.test,False,45847
47448,Bret Kertzmann,"Suite 507 3609 Vern Mills, New Josephview, AR 12313-6151",+14475890016,paul@witting.test,True,47448
46860,Natashia Yost,"Suite 727 1133 Lavona Locks, North Evelinborough, MT 02857",+15440947900,delila.prosacco@mills.test,False,46860
44657,Treena Goyette,"5692 Robel Trafficway, Boscotown, OH 53613-9194",+13880127826,brittany.oconnell@pacocha.example,False,44657
45838,Justin Muller,"2482 Denesik Islands, Donville, TX 43928-5294",+17096895420,cristopher_reynolds@willms.example,False,45838
46385,Julius Turner,"Suite 407 98812 Runte Drive, Juttafort, TX 02557",+11179435848,orville_rippin@lindgren.example,False,46385
46947,Miss Cameron Sawayn,"3829 Vernie Trail, East Zinaville, KS 63034",+14729887065,donte@pouros.example,False,46947
45441,Walker Batz Dc,"Suite 149 897 Adam Bridge, Stantonfort, ME 62560",+16095575504,verlene_wehner@bayer.test,False,45441
46782,Lillian Kihn,"70864 Ledner Stream, Lake Auraburgh, NY 16694-9239",+19100177691,stephani@bailey-yundt.example,False,46782
45577,Elena Hammes,"Apt. 713 38311 Pollich Brook, East Korey, MT 33599",+12564527692,manuela_rowe@schiller.example,False,45577
44456,Zelma Aufderhar,"Suite 631 66701 Jennine Place, New Bryonville, MS 61790-3757",+14440466531,elizabeth_ryan@oreilly-borer.test,False,44456
47540,Filomena Olson,"816 Daugherty Knolls, Pazborough, IN 76486-7056",+18630782741,rosann@stamm.test,False,47540
47037,Cole Gerlach,"Suite 416 1562 Jill Springs, Kovacekburgh, MD 12593-7295",+14272789386,antonetta@kerluke.example,True,47037
47205,Glen Lemke,"774 Pfeffer Track, Pfannerstillburgh, IN 99187-4627",+15055129998,caridad@rippin-jacobs.example,False,47205
45827,Elli Purdy,"Apt. 565 610 Bree Crescent, South Robt, IL 81902-8640",+16172692782,margo@beer.test,False,45827
45014,Amado Abbott,"24424 Jamika Turnpike, Port Sherwoodfurt, LA 57202-0184",+13703547440,armando@stanton.test,False,45014
46592,Chong Romaguera,"82400 Schuppe Parkways, Krisville, ID 11904",+14878428722,marlon@konopelski.example,False,46592
47142,Arlene Hane,"4695 Ledner Park, Boylebury, KS 65638",+19600597669,courtney_strosin@stokes.example,False,47142
45047,Filomena Sawayn,"53837 Kautzer Forges, Parisianstad, VA 84886-1822",+12276326135,maria@jast-daniel.example,False,45047
44337,Pres. Donte Orn,"8235 Lynch Junctions, Heidenreichfort, IN 58961-9782",+12688370369,florence.hackett@hilpert-schmeler.example,False,44337
44534,Jordon Lehner,"Suite 510 46728 Christopher Tunnel, Nolanhaven, HI 07848-0539",+17275245124,leatha.mann@smith-durgan.test,False,44534
46560,Avery Hartmann,"Suite 539 661 Ngan Lake, Magaretshire, NH 53865-9686",+18323186227,karma.hoeger@heathcote-schowalter.test,False,46560
47297,Andy Lockman,"Apt. 120 156 Hammes Shore, Walshfort, ID 08362",+16088984716,walton@collier.example,False,47297
47288,Clifton Leannon,"55970 Jin Wells, Edgarville, KY 52734-3318",+17610564908,alexandria@herman.test,False,47288
45985,Sheba Bashirian,"33155 Jamey Plains, Jonfurt, MT 70389",+12149927887,lucina@parker.test,False,45985
45794,Mr. Quiana Jaskolski,"Suite 922 3794 Shemika Wells, New Qiana, SD 90063-7453",+18775174283,irma.gulgowski@rolfson-nader.example,False,45794
46371,Kary Volkman,"Suite 699 551 Solange Falls, Thielfurt, WY 01953-0277",+17562455028,mana_senger@bradtke.example,False,46371
44791,Micaela Huel Iii,"7913 Alvera Throughway, Johnstown, TN 23013-6173",+16172769864,diana_gusikowski@herzog.example,False,44791
46586,Raina Barrows V,"Suite 395 1584 Herzog Forks, Kuphalbury, AL 33521-6675",+12626367880,ty_douglas@greenfelder-casper.example,False,46586
46526,Candice Crona,"Apt. 986 418 Mason Road, Tempiefurt, HI 03862-6516",+15382132882,marine_dubuque@bernhard-cummerata.example,False,46526
46402,Cleora Mills,"8798 Lamar Loaf, New Scottiemouth, SD 96759-0322",+12762427450,dudley@cummerata-abshire.example,False,46402
46461,Johnnie Schuster,"Suite 483 141 Funk Centers, Bruenmouth, MD 28277-7349",+12734939933,collin@harber.test,False,46461
47618,Alisia Auer,"Suite 691 50530 Breitenberg Cape, Delphinemouth, CO 39175",+14091303623,lashawn.sawayn@walsh.example,False,47618
44405,Yukiko Cummings,"Apt. 859 19977 Alfonso View, Lake Lorelei, MT 64419",+12550703634,joaquin_davis@kulas.test,False,44405
45934,Elba Romaguera Dc,"Suite 716 90296 Lueilwitz Canyon, McLaughlinview, SC 74515-5870",+15602462193,cameron@keebler.test,False,45934
45430,Randy Feil,"884 Darwin Camp, Hesselton, NC 89155",+15528560477,wilburn_crist@rohan-schumm.example,False,45430
46584,Rep. Chanell Collins,"15895 Nathanael Mount, North Seanburgh, MO 23029",+15177296390,inge.larkin@reynolds.example,True,46584
45487,Giovanni Abshire,"7855 Grover Spur, Chitown, CT 74605-4723",+14931022933,erik.douglas@ward-howe.example,False,45487
44783,Prof. Camila Dach,"2472 Pierre Corners, Zboncakville, WY 56115-1719",+14626827582,buddy.rau@gleason.example,False,44783
47428,Candance Block,"Apt. 348 32760 Rippin Groves, West Remedioston, SD 19978",+16495636444,cesar@grimes-price.test,False,47428
44635,Kimberly Bogisich Jr.,"9117 Watsica Vista, Port Jamie, PA 56948-8055",+15536104475,derick@lubowitz-haley.test,False,44635
44884,Roseanne Fahey,"Suite 471 474 Kittie Shore, South Luciana, IL 65762-4907",+15718266750,charisse.bradtke@cartwright.test,False,44884
46723,Barry Effertz,"8418 Riley Field, South Garth, NC 21463",+11068829541,magaly_johnston@hegmann-dach.test,False,46723
46978,Duane Glover,"Suite 769 45367 Mraz Vista, North Fidelia, VT 63241",+18589735334,rashad_rolfson@effertz.test,False,46978
45715,Fr. Danilo Dibbert,"Apt. 840 140 Stokes Well, East Kentville, SD 11033",+12484030456,jackie_feil@rutherford.example,False,45715
44970,Mickey Hansen,"Suite 597 76058 Johnston Oval, Schustermouth, NH 80325",+19860279966,miles_muller@weber.example,False,44970
46333,Charlette Baumbach,"Apt. 775 51128 Parisian Fields, Port Serafina, TX 04175",+15697119089,marcelino@dare.example,False,46333
46690,Ralph Jakubowski,"2600 Brice River, Lake Lesleyfurt, NC 21183-2451",+16520928046,william@wisozk.example,False,46690
46986,Tova Braun,"Suite 375 870 Sylvester Lakes, West Earl, NJ 63111",+18017222553,berry@rath-barrows.example,False,46986
46732,Kelvin Lehner,"Apt. 450 74109 Pamella Underpass, North Mendychester, FL 31105-0481",+14787576969,alberto.hermiston@dibbert.test,False,46732
46424,Emeline Goodwin Iii,"Apt. 528 19781 Irwin Plaza, New Ardelia, NE 48508-0195",+14837936240,zackary_homenick@rau.example,False,46424
46505,Rev. Danny Kuphal,"Apt. 568 2562 Gusikowski Inlet, Dewittton, SD 05121",+12859845433,helga@crist-cruickshank.example,False,46505
46429,Lasandra Steuber,"55267 Christian Unions, South Rory, SD 79594",+14426391601,brain.bode@murazik-koepp.example,False,46429
45789,Amb. Wilmer Jacobs,"377 Wiegand Unions, North Prince, MD 68355-6170",+16864282221,robbie_frami@reichel.example,True,45789
45044,Ms. Mendy Cummings,"4267 Dirk Cliff, New Marjorymouth, PA 73279",+11473876915,stuart@baumbach.example,False,45044
47286,Simon Bergstrom Ret.,"Apt. 167 561 Bosco Mills, West Laurencebury, MN 53772-8782",+11364918820,sung@kuhn-buckridge.test,True,47286
44926,Roderick Walter,"Apt. 496 5891 Brant Place, Herzogburgh, CA 93315-6088",+14059706559,dorian@hirthe.test,False,44926
46663,Parthenia Langworth Md,"Apt. 844 10040 Jc Road, Port Geraldofurt, VA 82204-2647",+18147721085,cristobal_boyle@larkin.test,False,46663
46727,Vance Stoltenberg,"89799 Hartmann Glen, Nevilleberg, SC 13322-5737",+17877586636,milan_pacocha@kirlin.test,False,46727
46576,Jeffrey Johns,"Apt. 805 878 Voncile Overpass, Beerside, TX 51204",+14996295590,dolly.franecki@mills.test,False,46576
46535,Miranda Dibbert,"64194 Padberg Extension, Port Alexis, AK 62922",+14543092803,duncan@kub-price.example,False,46535
44463,Silva Altenwerth,"Suite 447 864 Rosenbaum Islands, North Wanetta, VT 07261",+19713744044,warren.douglas@wintheiser.example,False,44463
45574,Darrick Veum,"6345 Eilene Plains, Lupefort, LA 82248-6453",+17693373839,veda_metz@armstrong.test,False,45574
47383,Elton Beatty,"Apt. 611 51832 Sherlene Garden, Richfurt, NV 87996-4435",+15722463098,amina_batz@will.example,False,47383
47293,Sen. Taylor Wiegand,"132 Boehm Fort, Stevefort, ND 86172",+19640706621,karima@stehr.test,False,47293
44697,Elbert Auer,"2021 Rowe Ferry, Noelhaven, PA 92421",+14339477366,salena.walsh@tromp-lynch.test,False,44697
44798,Chantell Medhurst,"444 Dwayne Roads, West Caren, WA 72861-0434",+19066624021,letty.marks@hane-prohaska.example,False,44798
46343,Galen Hickle I,"98940 Wilton Square, South Sammiefurt, TX 59675-7724",+12214508664,carley_nitzsche@jacobson.test,False,46343
44572,Boris Gorczany,"Suite 212 448 Schulist Field, New Jermaine, NC 57739-9588",+18735894267,joseph@lakin-altenwerth.example,False,44572
47463,Jed Dicki Md,"645 Josette Brooks, Braunmouth, KY 93361",+15662778171,marianna@kuhlman.example,False,47463
46123,Shasta Prohaska,"86955 Sharda Oval, New Dannyton, ME 18995-9403",+13939888821,heidy@daugherty.test,False,46123
47232,Karlyn Dietrich Dc,"Suite 186 4127 Heller Expressway, Port Johnsiemouth, MD 12394",+13085691804,alison@osinski.example,False,47232
47586,Cortez Walsh,"Apt. 840 384 Leffler Views, Considinetown, DE 64278",+13267963330,jonelle_vonrueden@hartmann.example,True,47586
46011,James Hegmann,"Suite 231 894 Luciano Spring, West Rebecaview, WV 67744",+11678984002,numbers.grady@kulas.example,False,46011
44760,Tarah Beahan,"24211 Porter Knolls, Vitotown, RI 83631",+16374971371,lashanda.langosh@ziemann-lang.test,False,44760
44750,Ms. Jamison Mills,"Suite 987 73235 Flatley Unions, West Hobert, AR 03466-9753",+12079988676,sarah.crooks@rice-padberg.example,False,44750
46263,Forest Mckenzie,"Suite 143 27444 Jacobs Curve, Leonashire, AK 62143-5490",+18191337836,britni.spinka@rosenbaum.test,False,46263
46974,Darrick Boyer,"50289 Blaine Overpass, West Edward, SC 50608",+13484942836,ofelia@lakin-wehner.test,False,46974
45963,Mel Anderson,"Apt. 829 203 Gottlieb Via, North Monte, NE 73168-6756",+13448857638,perry.renner@oreilly.example,False,45963
45092,Thomas Kirlin,"Apt. 428 8276 Marvin Junctions, Waldoberg, ID 99028-8076",+17743149016,pedro.conroy@fadel.test,False,45092
44912,Mercedez Littel,"Apt. 187 51656 Neal Courts, New Toya, TX 20159-2693",+19548622818,alycia.kuvalis@blick.test,False,44912
45216,Armand Jaskolski,"404 Teena Passage, New Lennaland, IL 85293",+12594180219,jordon.bosco@bogisich.test,False,45216
46245,Lynwood Gleason,"Suite 776 5651 Tromp Vista, Port Alinamouth, MD 86888-7738",+19193889761,merle@cummings-zulauf.test,False,46245
45877,Milo Wolf,"90228 Amos Streets, Christiansenborough, UT 74945-1605",+12992167295,dagmar_farrell@friesen.test,False,45877
47024,Camelia Roob,"192 Morissette Camp, Rodrickmouth, PA 82410",+12945941615,jarod_little@rosenbaum.test,False,47024
44956,Arnold Hartmann,"9193 Sheila Knoll, North Wilburnport, KS 10666-7675",+15098567659,lino_cartwright@williamson-feeney.test,False,44956
44974,Letitia Ruecker,"Apt. 517 28341 Nona Street, Lemkeside, NC 53347-5180",+11013912580,chris@goldner.test,False,44974
46374,Lashaun Hegmann,"49570 Drew Underpass, Schadenside, GA 84755",+16289919830,granville_schamberger@thompson.test,False,46374
47090,Lavern Aufderhar,"87336 Carlton Run, Chanelletown, NC 17507",+13103133780,emery.moore@wunsch.test,False,47090
45412,Lisa Raynor,"Apt. 572 648 Spencer Motorway, West Art, IL 11473-9427",+19893936955,alva.graham@cassin.example,False,45412
44729,Zina Feest,"Apt. 382 1022 Bradtke Rapid, Port Rickey, DE 51061",+17194586916,lyndia@zboncak-haag.test,False,44729
47216,Del Quitzon,"1004 Zachariah Mall, Thompsonborough, AR 51985",+14519790831,kelsi@king-hickle.test,False,47216
47270,Sheryll Kunze Md,"4265 Kemmer Station, North Elodiaton, SD 48308",+19991520226,nancee@gleichner-gerlach.example,False,47270
47139,Dorthey Labadie,"539 Hagenes Light, New Zackaryview, OK 87367",+11685793757,versie@towne.test,False,47139
46511,Tom Gottlieb,"7111 Katy Brook, Ethanmouth, WV 99886",+14343825284,lettie@wolf-mckenzie.example,False,46511
44992,Parker Walker Jd,"740 Stokes Shore, MacGyvermouth, TN 70563-3196",+16190766224,valentine_bins@leuschke.test,False,44992
46668,Octavio Howe,"Suite 676 838 Nicolas Overpass, Aleenton, TX 63751-8810",+11675479474,branda@schinner.test,False,46668
45769,Rudolf Crona,"Apt. 563 55636 Ebert Mount, Tambraport, FL 94752",+14739189175,carlo@farrell.example,False,45769
46862,Robt O'Connell,"Suite 273 500 Fahey Mountains, Thielview, NC 93489",+14964745390,billy@zemlak.example,True,46862
45813,Paige Farrell,"Suite 109 73106 Danica Way, Douglasfurt, MN 75633",+12527952100,dannie.bergstrom@bednar-rau.example,False,45813
44894,Many Mayert,"3491 Mario Alley, Gloverchester, TX 56900-8052",+11826527590,granville@fadel.test,False,44894
44865,Ayana O'Kon,"Suite 288 83616 Thad Springs, Lake Roland, ME 95800",+18787963127,bennett.considine@torp-hills.test,False,44865
47163,Siobhan Hamill,"Apt. 719 6055 Pouros Crescent, Hilllfort, CT 09541-4347",+11721931907,theron.bashirian@raynor.test,False,47163
47550,Pat Gerlach Jr.,"Suite 246 102 Walsh Junction, Helenfort, AZ 06631",+12362354306,marcellus.tremblay@emmerich.example,False,47550
46888,Fr. Herminia Fadel,"Suite 675 37475 Randy Vista, New Margret, AZ 47108-9691",+11394839754,annice@kirlin.test,False,46888
46887,Rev. Elsie Stamm,"Suite 650 414 Fay Parkway, Port Ebonie, WA 02723-8511",+19587668877,diana@ankunding-haag.test,False,46887
45489,Kecia Spencer,"472 Bruen View, Port Adellestad, NC 14282",+18483160786,letha@bergstrom.test,False,45489
46826,Van Wolff,"Apt. 162 238 Cherise Lake, Port Raymundo, SD 25346-2240",+17611254476,raymundo@doyle-kessler.test,False,46826
45740,Reuben Mayer,"1264 Kevin Route, Lake Kylee, CT 92886",+18340458031,fatima.hagenes@kirlin-bergnaum.example,False,45740
47338,Eddie Barton,"958 Zulauf Lodge, Izolaburgh, ME 53005-8321",+13639127785,september@harris-labadie.test,False,47338
45291,Mary Bradtke Cpa,"368 Smitham Parkways, West Eloisa, MI 34294-1027",+12885207119,michael_kling@west.test,False,45291
45208,Janeen Braun,"Apt. 678 285 Vandervort Path, Louischester, RI 45406",+18308120507,ryan_shields@ruecker-murazik.example,False,45208
45032,Libby Heaney,"Apt. 657 809 Karisa Dale, Port Moseshire, IN 28554",+14885939429,karyl.kub@wiza.test,False,45032
47255,Somer Nitzsche,"Apt. 279 603 Schumm Heights, South Chesterberg, WV 74241",+11876184149,hung@kemmer-waelchi.test,False,47255
44581,Stanford Reichel Do,"Apt. 654 1578 Osinski Ranch, East Hayden, WY 30828",+12918440863,hye_heathcote@marks.test,False,44581
44707,Dr. Noelia Braun,"4264 Marks Curve, North Timmy, NE 15499",+17612470436,nakisha@fay.test,False,44707
44839,Prof. Jarvis Braun,"575 Shantelle Orchard, Lake Jamey, KS 97361",+15983468584,annett.kerluke@okeefe-simonis.example,False,44839
44815,Willy Toy,"Suite 217 941 Weissnat Mountains, Cedricbury, DE 34818-9710",+11844893152,valencia@ratke.example,False,44815
47036,Rivka Hermann,"9735 Torp Forest, New Hye, OK 45104-9109",+11684406433,jasper_casper@oreilly.example,False,47036
44779,Amber Rosenbaum,"5032 Konopelski Court, East Trevor, WI 47365-6461",+17544958799,enid.bogan@gottlieb.example,False,44779
46911,Fr. Treva Feil,"Apt. 305 9983 Dare Center, East Omerburgh, TN 70868-7903",+14590820838,sonny@johnson.test,False,46911
46396,Johnson Gleason,"Suite 791 6039 Rodrigo Fort, Port Isiah, OR 70687",+16589633344,george@larson-brekke.example,False,46396
45003,Rep. Herman Mertz,"Apt. 257 885 Windler Drive, Satterfieldton, TN 97639",+17494110038,ivy.deckow@turcotte.example,False,45003
45063,Sen. Miles Cole,"Apt. 646 225 Demetra Pike, West Erasmo, TX 30895-6794",+13281137556,cassie@beer.test,True,45063
46813,Tristan Bins,"1006 Haag Rapids, North Barney, MO 85669",+11203662903,wilber@kassulke.example,False,46813
45818,Aron Gibson,"71425 Porter Orchard, Williamstown, LA 37989",+17092017686,latesha@littel.example,False,45818
45189,Nigel Macgyver,"Apt. 701 715 Koss Bridge, Nienowshire, NC 43422-2799",+14141604733,nydia.littel@beier.example,False,45189
44821,Valrie Runte,"5932 Lindgren Mission, Sashaport, MS 00317",+16499583104,wm_heaney@harber-schinner.example,False,44821
45344,Penni Lemke,"Apt. 726 922 Becker Shore, New Dirk, ME 76953-7711",+18160702535,heriberto@dietrich-shanahan.example,False,45344
46046,Jake Smith,"57704 Odette Oval, Littlemouth, IL 42877",+19154614310,edmundo.kling@champlin.test,False,46046
47623,Steven Wiza,"791 Koss Mills, Edwardostad, WY 99852",+13062959388,loreta_dach@konopelski-williamson.example,False,47623
44355,Prof. Hoyt Sporer,"147 Shavon Fall, Starkville, OR 59085",+11623809356,rhett.littel@mertz.example,False,44355
45692,Mr. Ayana Turner,"Suite 649 409 Leandro Mountains, West Bobby, OK 78671-4430",+17540114377,jodie@torphy.example,False,45692
46518,Irmgard Renner,"6089 Ortiz Place, Port Yong, WY 61506",+13398083167,cari.pacocha@powlowski.test,False,46518
44991,Prof. Jarrod Mcdermott,"Apt. 402 903 Wintheiser Passage, New Sandyberg, MS 70966-0635",+15265626655,alejandro@mcglynn.example,False,44991
47558,Nicki Beier,"Suite 904 435 Stacie Brook, West Hansland, AK 90787",+17266944749,stacey_gusikowski@casper.test,False,47558
46513,Mrs. Latonia Jacobson,"Suite 344 217 Renner Passage, Lake Lamontfurt, AZ 07106-2589",+15632669910,newton_johnston@feil-johnston.test,True,46513
44714,Darcey Marquardt,"91095 Kreiger Fork, Trantowtown, RI 27329",+15931241098,alexis_balistreri@weimann.test,False,44714
44630,Hortense Metz Dvm,"9919 Sharen Isle, New Chishire, OR 15090",+17449290628,rueben_wuckert@mante.test,False,44630
46555,Willis Langworth,"986 Keebler Keys, Purdytown, ME 23731-6143",+11582461971,torri_jakubowski@schmitt-lowe.example,False,46555
45213,Alexis Purdy,"Apt. 511 208 Deckow Square, Lianeview, NY 94442-9533",+15759950510,erin@dietrich.test,False,45213
46165,Dion Wehner,"48903 Champlin Ways, West Shirley, WY 32236-3515",+15506970348,tanisha@senger.test,False,46165
46637,The Hon. Augusta Schamberger,"Suite 350 939 Lynch Views, Borerhaven, MO 19809",+11265906202,buddy@wehner.example,False,46637
47269,Tim Leannon Iv,"20967 Balistreri Tunnel, Franeckiton, HI 94693-7261",+19398516681,heidy@berge-parisian.example,False,47269
44450,Elisa Graham,"Apt. 576 90409 Corwin Square, East Cecilside, MI 31579-8667",+11837588450,avery@hickle-wilderman.test,False,44450
46302,Keneth Block,"43437 Padberg Field, Ligiaville, MS 19937",+15010870402,otilia@kris.example,False,46302
45691,Paola Jakubowski,"938 Laura Plain, New Jamestown, KS 39735-4284",+13372551685,corrinne@thiel-hilll.example,False,45691
44985,Vilma Welch,"3823 Domitila Cliffs, Guillermoland, ID 37416",+18987139112,coretta.kunde@frami.example,False,44985
45530,Sadye Upton,"Suite 600 147 Waters Expressway, Blandaville, WY 10919-9411",+19016906205,aletha.cartwright@wyman-marks.example,False,45530
45345,Herta Conroy,"950 Tristan Tunnel, East Lindsayville, WI 56551",+13251107362,kesha_kirlin@beier-bailey.test,True,45345
46515,Xavier Kunze,"6737 Eden Cove, Murazikburgh, UT 62610-9281",+14869506200,marty@hermiston-leffler.example,False,46515
45969,Nestor Padberg,"967 Cameron Falls, South Kermitburgh, AK 65094-9495",+15543907367,kermit.rutherford@corkery.test,False,45969
47474,Elbert Konopelski Jr.,"Suite 114 283 Rosenbaum Haven, West Jodieland, LA 29940-9544",+16362432390,percy_king@dickinson.test,False,47474
46146,Jessie Metz,"Suite 705 6546 Zboncak Light, Lake Missy, WA 38865",+14192166593,lemuel.runolfsdottir@stoltenberg.example,False,46146
45494,Adella Dooley,"Suite 919 5241 Kulas Viaduct, North Tamara, MO 45677-9651",+19599422471,vernia_mraz@greenfelder.example,False,45494
46181,Dr. Sunni Treutel,"3683 Kemmer Lodge, North Hershelfurt, GA 42949",+12722028626,johnsie@kovacek-kihn.test,False,46181
46558,Jeri Heathcote,"Apt. 329 321 Cummerata Springs, New Lionelberg, WY 93038",+12376943699,vicente.gislason@reynolds-williamson.example,True,46558
46794,Leontine Purdy,"485 Myrtie Forge, Taylorstad, FL 77963",+19391101573,pierre@bogan.example,False,46794
45807,Rev. Wesley Hermiston,"2596 Eilene Mountain, East Harlanshire, AZ 73098",+17652860260,jed@goodwin-kuphal.test,False,45807
45572,Mrs. Devon Batz,"73032 Octavio Hill, Penelopeside, CT 43365-4603",+19501851017,long@kassulke.example,False,45572
44668,Gov. Clora Champlin,"880 Cormier Trafficway, Lake Abbyton, NM 64905",+15489690840,myron_reichert@osinski.test,False,44668
46069,Dawna Baumbach,"4666 O'Conner Via, Oberbrunnerbury, UT 56165",+15833916246,maragret@thiel.test,False,46069
44963,Cherelle Mckenzie,"495 Bashirian Creek, Port Concettabury, ID 64459",+15843096442,wendi@effertz.example,False,44963
47363,Ollie Cole,"3806 Reuben Dale, East Napoleonshire, TN 84129-8779",+14916235880,buford_sauer@marks.test,True,47363
45785,Arleen Orn,"Suite 114 360 Lucretia Field, West Janella, MS 47232",+16688631263,luciano_waelchi@sanford.test,False,45785
46524,Sarah Fisher,"381 Skiles Haven, New Gregoryside, GA 57901-5073",+12451822267,anneliese@cassin.example,False,46524
47418,Charlie Hirthe,"762 Connie Valleys, New Inell, IL 43005",+16921656316,sal@rau.example,False,47418
44961,Bernardo Cronin Esq.,"Suite 404 72922 DuBuque Station, New Suellen, UT 93870",+18152995261,noe@lakin.test,True,44961
47296,Mistie Kohler,"63774 Jeni Plaza, Isaiahfort, SD 82474",+14340780911,rodger.stanton@hand.test,False,47296
47595,Ryann Krajcik,"Suite 740 16596 McCullough Keys, Pouroston, SC 39802",+18410730126,stephnie@schowalter.example,False,47595
45904,Hollis Goyette,"517 Durgan Coves, Lake Pearl, WY 56481",+17741709811,aline@roob.test,False,45904
46314,Prof. Jude Swaniawski,"Suite 277 5242 Blick Glens, New Breanaton, HI 59699-1995",+13939786867,brigette@considine-lang.example,False,46314
45281,Darlena Boyle,"4633 McGlynn Prairie, East Bernieceville, AL 93962",+15594625424,anthony@swift-farrell.example,False,45281
47249,Collen Corkery Lld,"Suite 840 519 Herb Extension, New Stevie, UT 27933",+15643035595,numbers_oconner@aufderhar.example,True,47249
47410,Loyd Deckow,"Apt. 345 9445 Olinda Hills, Herzoghaven, SC 32234",+18483392876,jamey_bechtelar@trantow.test,False,47410
45212,Van Huels,"Apt. 702 41840 Fredric Key, Lake Filibertomouth, TX 55398",+12626227068,karan@farrell.test,False,45212
46092,Raul Gibson Do,"Suite 700 943 Schuppe Spring, New Leemouth, MS 95850",+12765423496,larae@cummerata.example,False,46092
44649,Isiah Wunsch,"Suite 993 270 Colleen Run, Beerton, AK 49043-4374",+19075329364,scotty@emmerich.example,False,44649
46976,Amb. Xavier Schulist,"Suite 663 9525 Wolff Station, Lake Margarito, NE 15324-0895",+13766757020,sharee@hills.test,False,46976
47010,Lilli Effertz,"360 Patty Plaza, Raymundoborough, SD 15592-7925",+19742448458,boyd@schmeler.test,False,47010
46187,Herbert Hirthe Dvm,"Apt. 288 5673 Luettgen Rest, New Estelleland, SC 62557-3908",+14850097337,magen@murphy.example,False,46187
44593,Dr. Jewel Steuber,"Suite 691 172 Hane Skyway, Denitaton, SC 59643-2000",+13222909944,bennett.mclaughlin@leffler-macejkovic.example,False,44593
46864,Ollie Beier,"35884 Janetta Forge, Lake Harlanshire, NE 81832-4288",+11895066647,jamal@schmeler.test,False,46864
45421,Griselda Hagenes Dvm,"Apt. 699 222 Otha Springs, Darronshire, CA 15275-9633",+19353720033,rachael@rodriguez.example,False,45421
46851,Dr. Darnell Paucek,"Apt. 318 344 Amira Fall, Braunfort, RI 65916-0350",+18689595268,classie_wyman@krajcik.example,False,46851
46953,Prof. Martine Walsh,"9692 Jacobi Streets, Brandahaven, NV 29095",+14430589678,marcia.maggio@prohaska.test,False,46953
47528,Barbara Crist,"Suite 125 6495 Carroll Creek, Sanfordfurt, FL 44351",+13516583089,bertram.monahan@bernier-bergstrom.example,False,47528
46755,Mr. Lawerence Kessler,"778 Carla Brook, South Holley, NC 56490",+13357787506,leif.yundt@stehr-pfannerstill.example,False,46755
45049,Gordon Hettinger,"46135 Deon Forge, Tabethaburgh, MS 52009",+16970548414,liana@bayer.example,False,45049
46622,Mrs. Reid Erdman,"Suite 938 311 Frances Curve, South Anaberg, MT 42840",+11912316945,quinton@renner-robel.example,False,46622
47356,Nicolasa Kuhic Dds,"Suite 927 93059 Von Avenue, Bradfordborough, FL 15446",+18329788315,christoper_kutch@ohara.example,True,47356
46308,Rev. Colin Bergnaum,"Suite 733 75566 Wiegand Drives, Ashliemouth, ID 74587",+15276889216,stanton@schmeler.test,True,46308
45770,Nelda Baumbach,"Apt. 456 470 Farrell Brooks, Lake Teresia, MN 98149",+14291814272,vicente@hahn-altenwerth.test,False,45770
46818,Devon Walker,"Suite 565 715 Grady Rapids, South Kareem, ME 53237",+17545458550,leslie.conroy@corwin.example,False,46818
45717,Mr. Tracie Heathcote,"Apt. 607 195 Carie Passage, Lake Ted, MT 09113",+18903022063,lonny@windler.test,True,45717
47151,Donnette Tillman,"78773 Schuster Ranch, Angelfurt, PA 34952-0080",+18312068737,jackeline@daugherty-green.test,False,47151
45255,Grady Wiza,"45070 Schiller Lodge, Greenfelderhaven, ID 52701-0319",+11192044326,deirdre_toy@schiller.test,False,45255
45914,Laurene Ritchie Vm,"455 Man Stream, Hicklefurt, DE 44027",+12856985422,reinaldo_walsh@quitzon-nienow.test,False,45914
46282,Mrs. Sally Orn,"Apt. 363 6131 Shaunna Light, North Lucienville, MA 19613-4324",+14992756356,norberto.toy@rempel-emard.test,False,46282
46561,Jonas Kuhn,"544 Wilhemina Ports, Langoshmouth, HI 17084-1745",+11500210751,derek.heidenreich@muller.example,False,46561
44407,Philip Lang,"704 O'Kon Islands, South Jamey, VA 04309-4326",+14348341049,tyson_marvin@nienow-thompson.example,False,44407
45404,Loyce Hand,"Suite 639 9172 Enrique Knolls, Schambergerbury, ND 35593-1987",+14027427764,li@luettgen.example,False,45404
46121,Felipe Romaguera,"Suite 441 2318 Lianne Mall, West Baoland, AL 06257",+18236190501,daron_boyle@schneider-howe.example,False,46121
46898,Rep. Isadora Feil,"44861 Steuber Terrace, Weimannmouth, NJ 05557-8756",+13934535188,kip@stracke-kertzmann.test,False,46898
45654,Teddy Spencer,"69165 Jaime Summit, West Walterfort, SD 98333-3054",+18426365312,blanche.carroll@gislason.example,False,45654
47602,Sonja Herzog,"340 Beahan Wells, Israelland, TX 54465-6863",+12229775900,larue.rosenbaum@kreiger.test,False,47602
46435,Cinthia Sanford,"Apt. 830 7354 Cedrick Road, East Todton, NC 42044-7408",+14118100592,patrick@rempel.example,False,46435
47171,Carolynn Hammes,"108 Grady Grove, West Lealand, TX 52834-8570",+18499901375,olin@kuphal-johnson.test,False,47171
45902,Marian Witting,"Suite 719 827 Verlene Landing, Coleborough, GA 08473-8301",+12169161534,antonette_schimmel@williamson.test,False,45902
46027,Angelika Harris Ii,"646 Alejandro Crossing, Connchester, NV 65216-9141",+17271851492,tami_connelly@ernser.example,False,46027
45603,Archie Schamberger,"Apt. 118 53303 Patsy Green, Legrosburgh, TN 22372",+15581952763,lonny@abernathy.test,False,45603
46053,Dr. Zulema Corkery,"97666 Bauch Forks, Deckowstad, WV 70371",+19792545734,benito@runolfsdottir.test,True,46053
44924,Donny Hoppe,"Apt. 168 52445 O'Reilly Green, Lake Lance, OK 82814-0503",+16499501987,federico.mertz@nikolaus.example,False,44924
45678,Edwina Reichert,"Suite 956 1188 Hessel Junction, Tracyville, NE 36846",+14090447976,maxwell@lowe-nitzsche.test,False,45678
45416,Msgr. Mason Roob,"60555 Shanita Drives, Ismaelbury, MA 12145-7640",+14053614711,annabell.mayer@turner.test,False,45416
44562,Autumn Stracke Ii,"Suite 474 1353 Shelby Knolls, Tyland, WV 60446",+18787623148,rex@koepp-hudson.example,False,44562
45477,Elijah Ritchie,"Apt. 196 49529 Oscar Village, Port Shondrafort, CT 31579-3375",+15446946335,eli.ryan@christiansen.test,False,45477
46376,Sen. Florentino Ryan,"Apt. 100 74842 Kareem Plaza, Corwinburgh, CO 64396",+19980758423,brendon@von.example,False,46376
45380,Sen. Ahmad O'Conner,"147 Garrett Fort, North Lettie, NV 67295",+14422915861,edmond.morar@runte.example,True,45380
46288,Clelia Beier,"Apt. 300 482 Marla Camp, Clarettafurt, VT 72221",+17751877502,candy@okuneva.test,False,46288
44513,Genaro Conn,"Apt. 296 185 Dickinson Ville, Port Walkerbury, NM 21183-3157",+15975881149,elizabeth@romaguera.test,True,44513
45458,Marlen Flatley Md,"Suite 597 32377 Georgia Hollow, McKenzieport, IL 92691",+12187438917,armand_breitenberg@hermiston.example,False,45458
46176,Debera Thompson,"272 Roob Walks, Littleville, MN 61142",+18089938166,dominic.veum@lehner.test,False,46176
47547,Rueben Bergstrom,"169 Donnie Causeway, Gulgowskifurt, AR 79551-4307",+18654665345,anette.ryan@greenfelder.example,False,47547
44475,Msgr. Joline Wilkinson,"Apt. 296 8189 Audrea Mission, Traceyview, HI 96430",+13953232785,lela@gibson.test,False,44475
45027,Geoffrey Murray,"201 Mattie Spur, East Elsamouth, WA 35275",+18486026674,usha.upton@murazik-feeney.example,False,45027
44914,Kiara Ryan Jr.,"23705 Salena Street, East Tammybury, AZ 45804-7400",+15538940742,brinda.wisoky@bruen.example,False,44914
45020,Stefanie Larson Do,"984 Fidela Pass, New Reuben, UT 94883",+17775820701,madelaine_rath@hartmann.test,False,45020
45439,Gustavo Stracke,"1993 Dudley Shoal, Port Orvalshire, KY 58099",+12780313377,deandre@leffler.test,False,45439
46287,Tyron Buckridge,"Suite 855 7165 Deon Lake, Karlview, WV 48783-3998",+15426944598,colby_heller@haag.test,False,46287
46852,Normand Skiles,"Apt. 118 9545 Chanel Unions, West Hayleyland, MS 15809-4307",+13523631716,alfonzo.marquardt@zemlak.test,False,46852
47144,Nelson West,"92189 Nicol Lock, Davidbury, GA 27511-5729",+12476096366,daniela@herzog.example,False,47144
47534,Sen. Darrin Toy,"632 Cronin Union, Carlosport, NM 65534",+14803779072,sandy@tremblay-feil.example,False,47534
47490,Ariel Rice,"3542 Bradly Skyway, Fridahaven, MT 91747",+15443254995,joelle_stehr@kertzmann.example,False,47490
45881,Miss Stephan Schaden,"Apt. 260 441 Cremin Lodge, Lake Ozzieland, HI 66160",+12871673752,palmira@buckridge.example,False,45881
47389,Lien Reichel,"6398 Reynolds Drives, McCluremouth, MA 30182-1149",+11147189212,bennett_rempel@bailey.example,False,47389
45312,Duncan Schmidt,"17165 Johnson Fall, Darlineton, ND 07564-8162",+17713164580,vivan_hauck@crist-gottlieb.example,False,45312
44365,Glynis Doyle,"18330 Gaynell Ford, East Otischester, UT 50211-9154",+18164298434,rubin@schroeder.example,False,44365
45190,Russell Kirlin,"Suite 862 995 Pearlie Springs, Kelliside, IL 30487",+16291917158,karen@bashirian.test,False,45190
47335,Sen. Willetta Ritchie,"Suite 176 7509 Rosenbaum Wells, Hillsfort, LA 25765",+16793303769,sharda.gislason@barton.test,False,47335
47219,Msgr. Dana Sanford,"Apt. 329 202 Mueller Turnpike, South Chara, RI 34666",+12928387642,jeffery_frami@white.test,False,47219
46628,Chuck Waters,"748 Shiloh Ferry, Isaiasport, MA 77413",+14240751665,kati@gutmann-hermann.example,False,46628
47617,Ka Jacobs Dds,"114 Cruickshank Plains, Romaguerahaven, SC 40127-1388",+12608611305,leola@paucek.test,True,47617
44980,Jesusa Lehner,"23982 Bednar Parkways, Kathrineshire, CO 64402",+12620326589,clay@champlin.example,False,44980
45195,Angel Bogisich,"Suite 945 941 Hyatt Prairie, Laurieberg, NJ 10038-5092",+18030891193,emmanuel@renner.test,False,45195
45906,Herbert Schinner V,"Suite 570 9103 Casandra Lake, McGlynnville, MS 22248",+13026208408,april_collier@turner.example,False,45906
46774,Jerrie Berge,"6654 Deon Alley, South Stevenmouth, IN 43835",+13875751274,jewell_welch@welch.example,False,46774
44624,Florentino Waelchi,"Apt. 791 878 McDermott Neck, East Mickie, OH 00702-7290",+13818012372,enrique@bartoletti.example,False,44624
46614,Lynn Steuber,"5674 Schroeder Locks, New Merle, UT 80912-6051",+15622402795,walton@emmerich-strosin.test,False,46614
47027,Ms. Corinna Stoltenberg,"7309 Lewis Spring, East Taren, GA 37619-1871",+17129495510,sharleen.rau@kozey-barton.test,True,47027
47256,Clifford Kub,"Suite 246 56446 Dierdre Stravenue, North Rachaelborough, CT 53090",+15158338371,wei.okon@connelly.example,False,47256
45900,Frank Lang,"Suite 132 474 Toy Extensions, Lake Jaredhaven, MT 09008",+15948819488,bernetta@wilderman.example,False,45900
46163,Dr. Hugo Weber,"Suite 354 78387 Herman Landing, North Tessietown, ME 46944-8707",+14676573991,joeann@pagac-tromp.example,False,46163
45699,Normand Casper,"8860 Lianne Center, New Nicolle, MA 86544",+13173471119,timothy@huel.example,False,45699
46922,Casimira Gleichner,"Suite 420 3138 Alda Forges, New Weston, WA 98391-2919",+15788659312,mary_conroy@hand.test,False,46922
45772,Sirena Okuneva,"Suite 214 6717 Kristopher Forks, South Wilbur, FL 52745-0421",+14157957551,dorotha.raynor@becker.test,False,45772
45773,Julian Bechtelar,"Apt. 726 40211 Goodwin Shoals, Parkermouth, RI 92184",+13478222102,shanae@adams-smitham.example,False,45773
44574,Leroy Gleichner,"638 Merrie Plain, North Darinstad, TN 95854-6741",+18365813721,derrick_hayes@abernathy.test,False,44574
46717,Brunilda Cronin,"Apt. 117 768 Stracke Garden, North Leeanna, AZ 26663",+14995339580,titus.spencer@schmidt.example,False,46717
45766,Prof. Margie Olson,"Suite 884 956 Schumm Corner, New Marlenmouth, AZ 72589",+15262720334,santos@hoeger-bashirian.test,False,45766
44617,Ezekiel Braun Vm,"Apt. 992 69241 Jeremiah Path, Wisokyberg, HI 03155",+13253036134,nakia@blick-wolff.example,False,44617
46867,Wes Rosenbaum,"77862 Schowalter Junctions, Port Danilostad, WI 47771-4970",+18478660005,ferdinand@feil.test,False,46867
47244,Joie Weber,"538 Heather Knoll, West Bennetthaven, NY 86475-6366",+18689280101,nanci.borer@brekke.test,False,47244
46463,Msgr. Antoine Barton,"Suite 943 9716 Krishna Knoll, Tremblayshire, LA 53668",+19156265036,alec.klein@feest-dickinson.test,False,46463
46320,Larissa Kuphal,"458 Bahringer Pass, Port Wesleyshire, WV 81773-4090",+12244900858,ellsworth_schowalter@schamberger.example,False,46320
47541,Ms. Melvin Ziemann,"169 Hand Greens, Mullershire, OK 87936",+17577176888,lawrence.leuschke@simonis.example,False,47541
47314,Chet Braun,"67697 Will Wall, Kuvalisland, TN 28522",+19406217000,shela@turner.example,False,47314
44471,An Larson,"Suite 845 45990 Fritsch Mountains, Port Vanitamouth, MI 74064-2886",+17993676158,theo@mcglynn-okon.example,False,44471
45050,Miss Patrick Oberbrunner,"Apt. 362 6547 Sergio Dam, Adolfoville, OR 52040",+15521772801,elvie_bahringer@wisozk-mcclure.example,False,45050
47262,Jeffry Goodwin,"637 Maggio Vista, Lake Leisa, CO 05834-7293",+17196211811,rosario_johnston@deckow.example,False,47262
45271,Sheldon Thiel Esq.,"67830 Gibson Street, Tonjastad, MD 05647",+13298149976,lonny@hauck.test,True,45271
44429,Xiomara Braun,"Suite 661 7080 Shanelle Crossroad, Cesarfort, AR 61409",+16094163447,buena.hansen@jacobson.test,False,44429
45422,Sen. Teodoro Graham,"Suite 317 79804 Jones Ferry, North Demetrius, SC 76956",+11610971003,samantha.rosenbaum@bradtke.example,False,45422
47436,Vernetta Sporer,"Suite 822 776 Braun Track, Port Coryburgh, NY 40223",+13317489291,efrain@anderson.test,False,47436
44776,Abraham Mante,"Apt. 495 925 Schulist Crest, West Moses, IL 37449",+18034435085,val@murray-kutch.test,False,44776
45331,Evan Abernathy,"Suite 773 49637 Schoen Passage, Christiansenchester, IN 27032-6922",+15456698541,bettyann@marks.test,False,45331
45423,Ian White,"26254 Helen Grove, West Sabraberg, IL 22177-8091",+17562674894,taylor.kris@ernser.example,False,45423
47578,Leo Jacobs,"Apt. 353 950 Schoen Mountain, South Davinachester, NE 21867-9337",+11464863663,mirna@turcotte.example,True,47578
45865,Jacquline Runolfsson Ii,"87156 Van Mountain, Lake Jodyland, NV 30740",+18274649551,glenn@kris-grant.example,False,45865
44701,Wanda Yost,"Apt. 219 8539 Boyer Mount, Stiedemanntown, MA 92600",+11114933670,garry.durgan@macejkovic-boehm.example,False,44701
46942,Julee Fritsch,"29193 Randal Lights, Keenanfurt, HI 37100",+13896382480,wendy.gorczany@treutel.test,False,46942
45280,Colin Bednar,"5507 Rowe Center, Port Donnie, WY 13577-9643",+18216401994,minh_ziemann@hahn.example,True,45280
47295,Ms. Mariann Kassulke,"4569 Marth Shores, North Nick, NC 49413",+15729790221,timika_wolf@bauch.example,False,47295
44721,Ms. Carson Goodwin,"796 Garnett Plaza, Chloeport, OR 99943",+11806205089,dora@wiegand.example,False,44721
45837,Pei Von V,"Apt. 943 30802 Feil Haven, Lake Lizburgh, RI 95889-8124",+12121750354,dierdre@greenfelder-hahn.example,False,45837
46598,Gov. Candy Thompson,"30623 Efren Knoll, West Martyshire, MN 06196-0153",+15801035094,fumiko.muller@berge.example,False,46598
47600,Msgr. Camelia Batz,"721 Heidenreich Valley, New Anibal, KS 99441-3145",+14435382869,jarvis@kuhlman-goyette.test,False,47600
46168,Mary Purdy,"3959 Stark Trail, East Teisha, LA 57918",+11197600512,peter@bogan-durgan.example,False,46168
47438,Mavis Muller Ii,"Apt. 772 8642 Bayer Estates, Daliaport, PA 03547",+15434891371,darcie.dicki@durgan-smith.example,False,47438
46912,Andree Bogan,"2650 Robel Glen, New Reyna, NH 06476",+12840714252,dana_mohr@powlowski.test,False,46912
47397,Dottie Champlin,"Suite 195 545 Isiah Shoals, South Jessie, NY 36539",+18938762744,retta.vandervort@powlowski.test,False,47397
45095,Forrest Mcglynn,"Suite 951 7329 Bergstrom Walk, Maynardtown, OR 08856-8365",+12848648033,patrick@stehr.example,False,45095
46353,Vernon Langworth,"Suite 275 663 Winter Points, West Hobertview, MD 45011",+17648648899,fernando_dach@walsh.test,False,46353
44547,Crissy Senger,"113 Cristopher Hill, Deangeloport, VT 20897-4351",+19465262069,deshawn@cartwright.test,False,44547
46659,Keli Yundt Phd,"8989 Rufina Fields, Nolanside, NH 51899-6118",+16634450336,roxanna@mcdermott.example,False,46659
47421,Jama Senger,"Suite 338 72784 Pouros Tunnel, Michelland, MT 33115-4181",+15060783001,jared@langosh.test,False,47421
44525,Mr. Karen Reynolds,"Suite 395 1230 Tillman Isle, West Soonland, KS 74247-2992",+19119511163,kermit_schulist@vonrueden-hirthe.example,False,44525
46129,Chantel Thompson,"1826 Deckow Spurs, West Rodolfoton, UT 02801",+15059311554,anderson.beier@will.example,False,46129
44955,Billye Nikolaus,"Suite 113 1715 Kiehn Alley, Lake Rufus, GA 75388",+14831082098,bernardo@grimes.example,False,44955
47096,Taylor Hills,"Suite 407 2662 Lashay Common, East Garrett, KS 18559-8428",+17624834757,celena.bernier@cormier.test,False,47096
44554,Cyrstal Smith,"227 Alfonzo Branch, Port Anissa, TN 48219-4089",+16097293688,aurelio@heaney.example,False,44554
45737,Amb. Ambrose Schuppe,"277 Karan Plaza, Landonhaven, IA 58181",+11538397198,fausto_hettinger@heaney.example,False,45737
47085,Fr. Franklin Schowalter,"90340 Renner Meadows, North Luztown, GA 58917-9311",+14672093967,isidro@price.test,False,47085
46657,Socorro Zemlak,"Apt. 845 30533 Blaine Keys, East Tressie, TN 08040",+19874399062,kiley.mayert@osinski.example,True,46657
44501,Francisco Wisozk,"Apt. 523 9030 Bobbi Pike, Mackton, RI 50112-4793",+16664261619,anita.hettinger@conn.example,True,44501
45105,Carmon Langworth,"Apt. 764 1819 Turcotte Squares, Walterview, NH 21134-6552",+16057397841,melita@will.test,False,45105
45378,Kelvin Lowe Iv,"Apt. 822 6585 Elli Burg, Hamillchester, NJ 46872",+13879935504,mikel.ortiz@emard.example,False,45378
46008,Latoya Rippin,"9249 Carter Oval, Anglestad, AR 17367-3049",+13732033044,cedric@vandervort.example,False,46008
45476,Dong Von Jr.,"1825 Joseph Hill, Shelleyburgh, KS 98548",+11184143642,roscoe.keebler@bosco-connelly.example,False,45476
45073,Shawn Roob,"56031 Tammera Cove, New Dorothy, NJ 64415-4695",+17723706404,jae@jacobson.example,False,45073
47348,Lakeshia Windler,"Suite 950 779 Nienow Streets, Haleyville, MI 35210",+12880543184,bert.fay@goyette-leffler.test,False,47348
46510,Lupe Schmitt,"Suite 129 607 Arnoldo Run, Kreigerview, OK 74792",+14428844859,holli@collier-cassin.example,False,46510
45588,Ara Ruecker,"64565 Valery Orchard, Hilpertton, CA 85445-9043",+16694813641,emanuel_stoltenberg@quitzon.example,False,45588
46184,Dr. Horacio Williamson,"Suite 277 9430 Feeney Lane, Leandroville, SC 25280",+19347377058,suzette@koepp.example,False,46184
45534,Eliseo O'Hara,"27089 Leannon Wall, South Ouidaburgh, VT 72050",+12339411852,jo.donnelly@towne-gibson.test,False,45534
44732,Corey Blanda,"Apt. 453 41653 Maggio Fork, Windlerside, IL 09420-4076",+18048436546,tish@okuneva.test,True,44732
44792,John Shanahan Dvm,"31047 Sylvie Fall, Watersfurt, TX 98752",+16421822228,adrienne@bahringer.example,False,44792
45515,Dick Rippin,"Apt. 661 7049 Nyla Plaza, Sungstad, HI 10294",+14991896964,august@farrell.test,False,45515
44838,Pres. Lorelei Zulauf,"Apt. 517 57900 Jacobson Crossing, Salvadorville, NH 71968",+11082547050,herman@rice-schoen.test,False,44838
45964,Arletha Homenick,"5919 Christiansen Skyway, Burlport, OH 77054-2675",+14995096738,jazmin@bergstrom-koss.example,False,45964
44648,Marcos Wiza,"97395 Kulas Inlet, Weissnatfort, DE 41068",+18827504985,sandra@wintheiser-schaden.test,True,44648
46326,Jonell Deckow,"1393 Mitchell Circles, New Karltown, KY 84522-1633",+14018726702,angelo@schuster.example,False,46326
45861,Machelle O'Reilly,"598 Jean Key, West Martyfurt, IL 76575-4069",+16291697664,emile_kuvalis@barrows.test,False,45861
44932,Ellis Bosco,"435 Rippin Rapids, East Alexia, NH 81353-1328",+12542044883,norris_gorczany@windler.test,False,44932
45746,Damion Streich,"Suite 438 83848 Kiehn Spur, Port Valerie, NC 23344-2442",+19267343679,deloris_ondricka@schaefer.test,False,45746
46028,Rep. Starla Bergstrom,"Suite 529 60626 Beatriz Lane, Bogisichshire, IN 76096",+14976453832,norberto@ratke.test,False,46028
44723,Mr. Breann Berge,"29409 Rath Place, Lake Clintonhaven, GA 76167",+13137855027,dwain.rowe@treutel.test,False,44723
46838,Romeo Bradtke,"Apt. 395 98750 DuBuque Forest, East Shanice, MN 55505-8629",+19272263137,galen@stokes-walter.test,False,46838
45578,Dirk Maggio,"7691 Zachariah Lights, New Valentine, FL 71450",+13316329267,della.abernathy@kassulke.test,False,45578
45171,Austin Leuschke,"640 Luci Crescent, New Treenahaven, IN 01303",+11393494414,alfred@collins.test,False,45171
46175,Prof. Christie Dach,"632 Schultz Isle, Mandyborough, IN 80857-5515",+19730668459,rupert_koelpin@carter.test,False,46175
46036,Nathan Hilpert,"Suite 412 6556 Arnold Turnpike, Cummerataview, HI 15088-5645",+17849182549,daren_haag@kling.example,False,46036
45237,Dallas Flatley,"12059 Edmond Stream, East Buford, NJ 17344",+12920564886,melani_hegmann@jaskolski.test,False,45237
44484,Carmelita Blanda,"90552 Bahringer Rue, Idaview, MN 01294-5540",+17480405194,cleveland_mohr@gutkowski.test,False,44484
46198,Chanelle Kautzer,"40574 Maire Forest, North Maryjaneside, UT 78519-3837",+18104264398,tanisha@ratke-dickinson.example,False,46198
44945,Enoch Jones,"69918 Xavier Port, South Gusland, IN 60187",+14349373428,harry.koelpin@cronin.example,False,44945
45057,Saul Kozey Esq.,"8573 White Crescent, Aaronfurt, VT 34949-3086",+11669663541,andria_klein@olson-padberg.example,True,45057
45982,Francie Hessel Dvm,"289 Antoinette Vista, Bahringerborough, GA 68881-6083",+15756815874,robby@metz.test,False,45982
46361,Vance Lakin Iv,"956 Horace Islands, Rippinside, MT 29641",+11018717044,devon@hills.example,False,46361
47545,Shanna Reichert,"748 Jewel Squares, Johnsonberg, ME 21924-7982",+15972343348,jude.jacobs@boyer.test,False,47545
45335,Cliff West,"Apt. 715 110 Quigley Valley, New Alainamouth, UT 59219-6048",+18489342630,marisa@lesch.test,False,45335
46164,Cameron Mayer,"782 Carlo Trail, Kimberleyview, WI 15778-0244",+11509747046,gwendolyn_hudson@greenfelder.example,False,46164
46750,Beatrice Hudson,"71045 Lyndia Extension, West Daren, AZ 00108",+11996557885,keith_fisher@rippin.example,False,46750
45901,The Hon. Ernesto Stark,"736 Henry River, Olsonland, AZ 81732-3092",+18476234965,brett.stoltenberg@durgan-luettgen.test,False,45901
46549,Tonita Herzog Phd,"Suite 665 58159 Shiela Harbor, North Pasqualeport, OH 78662",+15084495742,zonia.hessel@johns-treutel.test,False,46549
46495,Denis Sanford,"Suite 670 2536 Feil Lock, Ryanland, KY 94783",+19236259760,toshia@dibbert.example,False,46495
47029,King Rosenbaum,"811 Amada Mount, Howellburgh, ME 51076",+14654492140,miles_howe@collins-shanahan.test,False,47029
45101,Heidy Lind,"Apt. 963 72793 Katrice Burgs, Lake Allieland, CT 39098",+16920055382,marisha.oconner@anderson-dickinson.example,False,45101
44947,Milford Kuphal,"1631 Delmar Ports, North Yukochester, OK 69159-7522",+16461804664,georgine@ziemann-rogahn.example,False,44947
45058,Curtis Dibbert,"Apt. 341 6974 Emanuel Neck, Mertzbury, RI 14700-9708",+15563435142,hiram_koss@crist.example,False,45058
45008,Josue Deckow,"Apt. 123 72377 Ernesto Corners, Littleshire, IA 41193",+18276319222,napoleon@considine-lemke.test,False,45008
47230,Fabiola Johnson Phd,"714 Otis Place, New Joanneborough, OR 29710-2460",+19387957985,wesley.toy@wintheiser-ruecker.example,False,47230
44425,Fr. Camelia Wilderman,"Apt. 210 1172 Greenfelder Coves, East Ashley, CT 83754-4190",+14486765154,claudine@swift-collins.example,False,44425
44536,Krystin Lindgren,"Suite 442 52145 Rusty Square, New Bibistad, OK 15649",+19941754217,roxann@braun.example,False,44536
47487,Eleanor Ritchie,"Suite 612 924 Bode Ville, New Colin, NM 17832-1421",+18830828945,percy@funk.example,False,47487
47609,Alvin Bayer,"Suite 145 3879 Bode Ferry, Port Takishahaven, PA 06327",+19247937782,israel.larkin@welch-kirlin.example,False,47609
45186,Maynard West,"Apt. 943 4447 Kohler Unions, West Lavettemouth, NV 00751",+16580540484,vicki@okuneva-altenwerth.example,False,45186
45860,Miguel Hirthe,"725 Medhurst Key, Owenville, CT 76004-3587",+18596314749,jong.pfeffer@kiehn.example,False,45860
46712,Andre Runolfsson,"Suite 818 527 Dach Fork, Kleinville, MI 22681-7215",+11163912473,zackary@satterfield-feest.example,False,46712
46265,Amb. Leigh Robel,"5547 Johnson Valleys, South Harveyport, SD 88501",+14713419298,andra.jakubowski@watsica.example,False,46265
45447,Dewey Welch,"Apt. 940 944 Jerde Street, Magenshire, ND 87175-0120",+12251249486,kelly.casper@bayer.example,False,45447
46688,Mickey Wilkinson,"Suite 334 1845 Gusikowski Terrace, South Rochellbury, VT 82470",+14939126677,marna_glover@mayer.example,False,46688
46256,Deon Hermiston,"Apt. 539 9615 Dexter Knoll, South Ceciliaton, NV 25579-9486",+18054736976,pasquale.kihn@hayes-turner.test,False,46256
46697,Nelly Stracke,"595 Hermann Rapids, New Jarodstad, MO 49716-1096",+16204535838,patrick.predovic@parker.test,False,46697
46514,Dewitt Dickinson,"Apt. 751 7099 Bartoletti Glen, Juliofurt, NE 59484-4310",+15350255939,erika@raynor.test,False,46514
45599,Ivory Langosh,"81740 Muriel Path, Lake Cyrusland, NE 39062-0527",+12874677588,towanda@kuvalis-raynor.example,False,45599
46002,Reagan Welch,"19728 Lockman Keys, Precioushaven, AL 63060",+12126676271,christopher.beier@will.test,False,46002
47030,Rhea Streich,"Apt. 967 530 Krysten Center, Nakitashire, GA 08557-8171",+13188948901,georgie@goyette-nolan.test,False,47030
45598,Seth Goyette,"65625 Schulist Curve, North Reneefort, TN 92991",+19058844432,delphia@hartmann.test,False,45598
45223,Katharine Fadel I,"378 Kenny Crossing, South Goldie, AK 62707-0257",+16496404997,cherilyn.langosh@friesen-stracke.test,False,45223
44682,Gwendolyn Watsica Ret.,"Suite 816 67353 Waelchi Mission, Guschester, KS 02506",+19425647587,leanora.nikolaus@legros.example,True,44682
47502,Amalia Runte,"694 Bruen Isle, Walterland, IA 17125-3746",+17364202966,jaymie@emard.example,False,47502
44897,Annabelle Shanahan,"Apt. 112 14727 Bahringer Creek, Strosinstad, MS 40520-3986",+11587535979,leroy@stark.example,False,44897
45322,Dr. Nolan Volkman,"Suite 346 823 Lonnie Rapid, Rolfsonberg, ME 51482",+16374664806,malka@goodwin.test,False,45322
47565,William Jenkins,"Apt. 809 82972 Joan Lake, North Candice, DE 81481-2188",+18218455739,myles@farrell-daniel.example,False,47565
46291,Curt Thompson I,"Suite 889 96192 Watsica Fords, North Graigchester, PA 81978-8551",+14358330246,genie@tremblay.example,False,46291
44639,Rep. Kenny O'Reilly,"Apt. 654 2857 Lindgren Locks, Jinaville, UT 76240",+18812739037,anibal_gerlach@beier.example,False,44639
45500,Hassan Berge,"Suite 540 85049 Beer Track, North Dionmouth, NE 67130-9987",+15780170968,carman_lehner@hintz.example,False,45500
46478,Maurita Herzog,"Apt. 232 34562 Rochell Bypass, North Ruthaburgh, FL 71968",+18413708751,hayden.lesch@gottlieb.example,False,46478
45313,Loyd Legros,"842 Cyrus Centers, Delenaburgh, ND 79442-5940",+14217893487,brant_doyle@schoen.example,False,45313
45945,Ashlee Kunde,"7021 Patricia Creek, East Ulysses, WI 63194-7375",+14258006961,dario.johns@beatty.test,False,45945
47289,Donella Wintheiser,"341 Nathan Ways, Zanechester, SD 52766-6298",+14969849829,chadwick.fritsch@thompson-mosciski.example,False,47289
47182,Sterling Mckenzie,"Suite 494 32269 Sanford Divide, Hesselburgh, DE 19421",+15253510845,julee@schultz-vandervort.example,False,47182
46780,Lamar Reichert Jd,"4458 Elizbeth Plains, Runtehaven, AZ 57094-3884",+17277177902,svetlana@bins-mclaughlin.example,False,46780
45815,Meggan Wolf,"Suite 216 10974 VonRueden Underpass, South Lisha, LA 47425-9687",+15378521086,kaylee@miller.example,False,45815
47084,Dr. Chasidy Lakin,"31121 Gidget Bypass, East Marianaland, WI 23250-8975",+13238559916,noah@durgan-hansen.example,False,47084
44891,Thanh Kessler,"4765 Conchita Green, Lake Claytonshire, NJ 71932-6685",+18569148927,arturo@strosin.test,False,44891
46009,Cynthia Reinger,"Suite 145 621 Halvorson Fords, Gerholdshire, IN 11366-8683",+18386617239,jerrica_jenkins@kunze.example,False,46009
47162,Rigoberto Feest I,"269 Dee Stravenue, Port Norris, IL 70216",+17780329325,shayne_armstrong@cole.example,False,47162
47506,Ms. Mariela Windler,"Suite 767 26423 Medhurst Glens, East Mathildaview, OH 27579-8957",+18129658037,edwin.schroeder@lind.test,False,47506
44647,Berry Mertz,"Suite 835 383 Kuphal Radial, Maryaliceberg, PA 47954",+17171579639,clay.herzog@witting.example,False,44647
46465,Roy Walker,"Suite 761 658 Hodkiewicz Flats, Faheyshire, AR 98656-9913",+16984677890,randy@quitzon-hermann.example,False,46465
46276,Alfred Anderson Cpa,"381 Herman Groves, North Darenview, WA 40932-2806",+18962277222,dick_rodriguez@auer.test,False,46276
45940,Nellie Bartell Dc,"9269 Vena Road, Schummland, DE 47731",+13697223279,ezequiel@breitenberg-purdy.test,False,45940
46321,Rep. Chuck Medhurst,"710 Bauch Station, Bomouth, NJ 67914-9104",+13712093142,dee@jones-pollich.example,False,46321
46567,Fred Schiller,"Suite 347 170 Jerome Harbor, Lake Lincolnfurt, MT 43155-0060",+12770277464,retha@ankunding.test,False,46567
45666,Gail Reilly,"Apt. 422 20187 Freddy Shoals, Rogahnport, KY 95325",+13552633903,jong@orn-romaguera.example,False,45666
44516,Jerry Beier,"1096 Sidney Via, Minaville, WA 32685",+11634679598,cristal.hermiston@jerde.test,False,44516
45974,Tiffiny Shanahan,"Suite 723 3224 Garret Mills, Jasminfurt, MO 67746",+19756680546,minnie_feeney@shanahan.test,False,45974
46767,Columbus Reichert,"8672 Emanuel Prairie, Parisianville, NV 30251",+13898351710,concetta.schiller@marvin-hegmann.example,True,46767
46312,Lynwood Bechtelar,"Suite 997 718 Leffler Estate, Joeystad, ND 72225-1682",+17713663502,casey@kuhlman-hagenes.test,False,46312
45732,Vida Kiehn,"1323 Gislason Isle, Feilhaven, TX 75004-5299",+17982659192,moses.carter@mann-kuvalis.example,False,45732
44777,Ignacio Shanahan,"Suite 822 38408 Anthony Plaza, Lake Lakita, MD 80255-5391",+12873794647,song.corwin@connelly.test,False,44777
47380,Keli O'Kon,"Apt. 345 6059 Marquardt Mountains, Port Emeliastad, FL 87783-2832",+16633841584,grady_herzog@strosin.test,False,47380
45295,Ngan Schultz,"Suite 870 714 Ka Springs, South Naomi, MN 01333",+16325130771,lenny@jerde-corwin.test,False,45295
46502,Floretta Jacobs,"5418 Theo Fork, West Colebury, GA 83587",+15739696755,elisabeth_sanford@bechtelar-hills.example,True,46502
46248,Xavier Dare Dvm,"797 Borer Lakes, North Gladyfurt, MS 63725",+15967779522,russell_schaefer@oreilly-franecki.example,False,46248
46930,Rev. Donya Ledner,"Apt. 714 3111 Helene Union, Ronaldmouth, WY 34455",+11933808316,hubert@kohler.test,False,46930
45270,Miss Benton Schaden,"923 Jaime Wall, East Hipolitomouth, CT 79827-3690",+18017687577,debbie.hermann@weber.example,False,45270
46948,Vernia Ankunding,"10748 King Lodge, South Yongport, PA 49971",+17129312899,dan@boehm-morissette.example,False,46948
47061,Pasquale Gulgowski,"Suite 690 54001 Barrows Views, Kingfurt, KY 51700-9955",+17573653686,myron_okon@wiegand.example,False,47061
47584,Kathe Zboncak,"Apt. 247 28230 Prohaska Fall, North Burt, NE 59494-3720",+12779060354,nathan.schmitt@satterfield-johns.test,False,47584
44527,Diann Lindgren,"Suite 202 329 Donald Viaduct, Ullrichview, IA 36639-8659",+18966963698,will.dooley@wehner-keeling.example,False,44527
46678,Jeffery Jacobs,"Suite 372 2685 Casper Trail, Port Bettina, OR 68920",+16438004184,lindsay@botsford.test,True,46678
45323,Loise Doyle,"714 Ritchie Center, New Stanfordtown, PA 27854",+16801519446,justin.zboncak@collier.example,False,45323
44406,Hobert Langosh,"786 McLaughlin Lodge, Lake Gabriel, PA 91902",+13873455583,janett@prosacco.example,False,44406
46380,Joel Rempel,"Suite 277 744 Jeromy Radial, Lilliaside, NC 72150-8301",+19197344787,kimberley_damore@casper-sanford.example,False,46380
46849,Buck Simonis,"Suite 995 3430 Sipes Ville, Port Lanelle, ID 65573-0998",+17099161451,shelba@casper.test,False,46849
47100,Rev. Mel Hansen,"Apt. 269 883 Eleonore Station, South Mertiefurt, SD 46410-7087",+16383324221,erika.towne@mccullough.example,False,47100
47552,Annette Collins,"Suite 946 9852 Hermiston Ranch, Murazikfurt, LA 45978-9482",+12517729553,grisel@bergstrom.example,True,47552
46457,Trisha Stark,"Suite 830 931 Emard Divide, Port Taville, TX 58940-5985",+14371124573,leoma_west@gerlach.example,False,46457
46646,Benny Berge Vm,"Suite 198 654 Jerde Skyway, Wernermouth, AZ 58111-4486",+18421280402,marcelino.terry@kreiger-heathcote.example,False,46646
44918,Denisse Lebsack,"49660 Darrin Mountain, Port Janfort, AK 01434-4877",+14540727849,shirlee@welch.example,False,44918
44705,Dwight Marvin,"Apt. 732 77242 Ryan Views, East Mariel, SD 16508",+17353650973,tamika@kilback.test,False,44705
45738,Chauncey Hickle,"657 Yael Shores, South Maybelle, SC 78289-9672",+16152090828,lane@ratke-kuhic.example,False,45738
46467,Renato Nitzsche,"Apt. 197 9953 Cruz Wells, South Dan, MT 55474-9344",+11460087910,jerald@schultz.test,False,46467
45935,Maribel Raynor,"Apt. 417 38943 Anderson Fork, South Brentonmouth, NM 58118",+19934309627,claudio_thiel@ankunding-legros.example,False,45935
44448,Audra Rolfson,"65266 Veum Alley, Millerberg, WY 60018-8604",+16518396631,jed_kunze@bauch-bartoletti.example,False,44448
47588,Neil Grimes,"45460 Ferry Plains, Goodwinbury, WV 54016",+16831612957,cristopher@mohr.example,False,47588
44982,Kirk Parker,"559 Elida Cape, Clorindaport, MD 85716-7691",+16066386006,delinda@brekke-gutkowski.example,False,44982
46858,Art Harber,"Suite 307 974 Colin Flats, Collierfort, NY 16815-2944",+17588481076,damon.west@wintheiser-altenwerth.test,False,46858
46539,Gov. Joe Walker,"2121 Vito Road, Lynchberg, RI 15456",+17927471188,jamison@white-mclaughlin.test,False,46539
46771,Santa Keebler,"Apt. 108 642 Georgina Ways, West Antoniaberg, CT 23981",+13684277599,mohamed.cormier@braun.example,False,46771
47003,Rep. Valeria Green,"Suite 760 3714 McLaughlin Glens, Hirtheville, MS 96420",+18154010129,christena@kutch.test,False,47003
44759,Willy Mckenzie,"44781 Deandrea Crossroad, Isrealshire, MO 23522",+19027300398,georgetta@ferry.example,False,44759
45389,Rosario Veum Dds,"Suite 254 63023 Beer Estate, Greenholtport, ID 11766-7363",+13520431739,zackary@rodriguez.test,False,45389
45988,Randolph Reichert,"Apt. 630 519 Craig Coves, Dareville, IL 20429-7844",+17999367554,jarvis.gorczany@littel.example,False,45988
45863,Vanita Bednar,"Suite 393 54811 Quigley Trafficway, New Tyler, FL 65078-3181",+14924434591,laree.streich@mosciski.example,False,45863
46610,Pablo Flatley,"Suite 213 714 Danyell Ports, Jarvisview, NE 69492",+11988344308,abigail@treutel-corwin.test,False,46610
44953,Mireille Kuhic Vm,"6584 Vanessa Loaf, South Keisha, NE 95393",+19719114675,man_leuschke@haag-beahan.example,False,44953
46684,Pearline Ryan,"3453 Marilynn Summit, North Trentonshire, PA 10895",+14291314826,anneliese@moore.example,False,46684
47559,Alphonso Cruickshank,"5131 Lanie Dam, New Adanmouth, AR 08711-0935",+19897825423,erick.kunde@bahringer.example,False,47559
46760,Otto West Dc,"22602 Brad Mills, New Tadport, ND 35106",+14408598832,heidy.wisoky@bailey.example,False,46760
45664,Belle Graham,"Suite 704 6350 Wilfred Crest, Robertsland, IA 76946-6950",+11548520931,whitney_hammes@mayer-prohaska.example,False,45664
45133,Joannie Wintheiser Vm,"4556 Nolan Mission, Stasiabury, NC 97203",+11967988640,amal.dibbert@powlowski-kuphal.example,False,45133
47551,Ernest Bogan Iv,"Suite 305 8658 Pfannerstill Crossing, West Garlandside, ME 38844-3858",+15326289894,danny@doyle.example,False,47551
47122,Vern Osinski,"7039 Collene Squares, Teodoroview, NH 32255-4146",+16742173874,amelia_deckow@lehner.example,False,47122
45083,Cruz Ziemann Do,"388 Tremblay Brooks, Bauchstad, WA 41970",+12525501813,treva.oberbrunner@glover.test,False,45083
46222,Lauren Nitzsche,"26903 Noble Ridge, Wunschfurt, UT 47641-4942",+16663888876,cliff_weber@schimmel.test,False,46222
46955,Yukiko Becker,"Apt. 245 5042 Annette Islands, South Andreville, AZ 43566",+14438931024,jorge@hartmann-medhurst.example,False,46955
45908,Vanna Kihn,"3255 Bergnaum Brooks, Lake Evelia, KS 59438",+11783525399,hildred@blanda-littel.test,False,45908
45440,Spring Boyer,"Suite 380 403 Reinger Springs, New Dalemouth, NE 43780-2758",+18750632382,karoline.olson@okon.example,False,45440
46225,Elwood Funk,"2620 Stoltenberg Village, Huelmouth, SD 33087",+18744775377,odell.quitzon@bruen-carroll.example,False,46225
47143,Rep. Ellyn Windler,"5184 Ethan Street, Port Nereidaberg, NE 76544",+11105513840,madie@greenfelder.example,False,47143
47208,Yvonne Ledner,"Apt. 964 28310 Erick Hill, Zboncakmouth, AK 07825",+14307999391,mollie_bartell@muller.test,False,47208
46453,Jackie Medhurst,"5727 Turner Pike, North Lindy, AL 97492-3542",+17498177268,lawanda.hagenes@turner-schroeder.example,False,46453
45381,Laila Bernhard,"937 Stamm Hills, Vincenzoborough, GA 97824",+12336358155,jarod.christiansen@howell.test,False,45381
45191,Mrs. Quinton Vonrueden,"7937 Brekke Hills, Maggioshire, IN 06757",+12190422179,antoine@littel.example,False,45191
44717,Gov. Verena Pfannerstill,"Suite 134 253 Sawayn Vista, East Laurena, AK 15475",+19130989353,allen@kuphal.example,False,44717
47563,Delbert Bauch,"537 Metz Expressway, East Nathanaelchester, IL 51639-2105",+15328124450,lola@marvin-kulas.example,False,47563
46805,Hattie Goodwin,"5938 Lehner Pass, West Irwinshire, LA 49146",+12782784556,alanna@stiedemann.test,False,46805
46405,Elvis Dibbert,"7422 Reynolds Isle, West Vinnie, VT 69097-2973",+16968658046,lindsay_cormier@hahn.test,False,46405
44519,Mr. Marcia Terry,"2362 Labadie Manor, Ferryfort, CA 50238-0157",+12348091133,vanita@welch.example,False,44519
46970,Cornelius Schmidt,"7984 Daren Vista, Sengermouth, MS 21265-5029",+15843677241,brad.hansen@fadel-nitzsche.test,True,46970
46050,Latoya Oberbrunner Ret.,"Apt. 780 741 Lexie Vista, Leoburgh, MS 40812",+17684193151,robby.mosciski@stark.example,True,46050
47156,Dee Corwin,"9255 Torrie Crossing, Floydport, WV 78489",+16890439240,charley@ohara.test,True,47156
47101,Emory Blick Lld,"Apt. 873 31832 Dickens Mountains, Brianfurt, IA 82290",+11106293018,lyman.blanda@miller.example,True,47101
46323,Raina Bins,"22072 Dewey Club, West Stewart, WY 50687-3584",+18810493405,christia.volkman@ebert.example,False,46323
47455,Rep. Migdalia Herman,"2720 Elvin Mountains, Irvingfort, NH 52171",+11075594206,merry@heidenreich.test,False,47455
47283,Marco Steuber,"Suite 270 498 Daugherty Lodge, East Candyce, UT 45835-6645",+17111436469,horace_schroeder@kris-shanahan.test,True,47283
45507,Inga Ullrich,"Apt. 691 2761 Carter Roads, Hilllshire, NM 36272-9879",+14445963379,shawna_block@dickinson.test,False,45507
47452,Ernestine Kuphal,"Apt. 354 29008 Roberto Lakes, Novellaland, NV 96667",+13931625860,marianna@lemke.test,False,47452
47131,Mrs. Mia Monahan,"Apt. 192 5189 Wolff Drive, South Delicia, TX 06057-0005",+13871383623,lyndon_volkman@farrell.test,False,47131
45707,Angela Hammes,"Apt. 444 839 Tracie Prairie, East Diegoburgh, MO 83753",+19248040134,fernando_lubowitz@murazik-blanda.example,False,45707
46798,Margie Lind,"Suite 822 4405 Prosacco Mountains, New Lemueltown, KS 31728",+17878806420,pinkie.lebsack@west-beier.example,False,46798
46795,Kennith Bashirian I,"Apt. 308 684 Roslyn Road, East Duncan, LA 55782",+11838165971,june@rempel.example,False,46795
46345,The Hon. Tonita Nader,"Suite 844 9967 Katelin Spurs, Manuelberg, OH 67031-4056",+17023936528,terrell.abshire@schamberger.example,False,46345
46770,Jarrod Medhurst,"Suite 669 5658 Reginia Isle, Schillershire, NJ 14256-0106",+18055728955,kathie@hirthe.example,False,46770
46143,Mrs. Kareem Schowalter,"Apt. 207 8913 Pfeffer Shores, West Hiltonbury, MD 93288-5422",+19331838411,khadijah.luettgen@feil.test,False,46143
47457,Marquis Johns Phd,"93239 Bong Isle, East Eldonfurt, MS 30945",+11813958868,eric@greenfelder.test,False,47457
45135,Elvina Hegmann Jr.,"Apt. 842 6142 Renato Lights, Schmittfurt, MI 33570",+12876776665,raymonde@mayert.test,False,45135
47177,Von Bosco,"Apt. 835 9778 Dee Junctions, Lefflerhaven, KY 68337-6185",+13490819187,edmund@kub-murazik.example,False,47177
44477,Lamar Medhurst,"Suite 272 4702 Clyde Fords, Omegahaven, AK 76118",+14137187621,sadie@heathcote.test,False,44477
47625,Charlsie Schamberger Dc,"90191 Shannan Wells, Nickieview, IL 22500",+19230974756,willia.lubowitz@russel.example,False,47625
45348,Sherri Flatley Jr.,"8924 Cruickshank Vista, West Deloris, MI 35346-6988",+14074537374,patrick@bradtke.test,False,45348
46661,Sammy Feest,"54449 Madge Islands, South Sadye, ND 45381",+17431953526,alisa@breitenberg.example,False,46661
45286,Mauro Funk,"Apt. 849 8081 Paucek Green, Tedfort, OH 86509",+11833244272,blanche@lakin.example,False,45286
46983,Oleta Kuphal,"77196 Leonida Pine, Port Julio, FL 98073-9274",+16431594549,myrl.cormier@stehr.example,False,46983
47621,Thresa Pollich,"Suite 904 198 Howell Light, Paolaburgh, WA 62143",+13331905473,brian_nicolas@fisher.example,False,47621
46519,Scotty Howe Ii,"4523 Miller Fort, Lake Christopher, KS 40386",+19798796311,chance@conroy.test,True,46519
46837,Amb. Mignon Kris,"9419 Coletta Lane, North Danny, OH 71982",+16194813451,sanford.hills@kassulke-huel.example,False,46837
46325,Dr. Coralie Leffler,"5717 Dora Burg, Bostad, IN 20059",+12086487876,charline@upton-hagenes.example,True,46325
45662,Shirly Gerlach,"Suite 199 853 Isreal Summit, Schoenburgh, ND 31559-4674",+11005225899,bruce@buckridge-mcdermott.test,False,45662
47454,Aura Hickle,"Suite 346 76130 McDermott Spring, Bobbiehaven, OR 46097-9090",+13438041600,shawnee_lind@sawayn.example,False,47454
47185,Krystle Daugherty,"Apt. 488 64960 Grady Street, West Delmyfort, NC 56919-9883",+14032140388,clarice_zemlak@kemmer.example,False,47185
46783,Rene Dietrich,"Suite 195 183 Runolfsson Stream, Kubtown, IA 92186",+18478388827,hilton@champlin.example,False,46783
46264,Mrs. Yessenia Wyman,"34199 Kim Plains, New Kennethberg, AK 24862",+11351636037,marlyn_mosciski@schumm-romaguera.example,False,46264
45919,Bev Purdy,"1250 West Underpass, North Yuonneview, GA 70734",+12812883132,mandi.lehner@rogahn-lowe.test,False,45919
45811,Wanetta Kuhic,"Suite 112 290 Parker Stravenue, Russelfurt, MN 30548-1014",+13804050946,buford@mohr-lind.example,False,45811
45410,Neville Lubowitz,"Apt. 699 142 Schumm Plains, North Brigitte, NC 46593-3704",+19935396286,victor@davis.test,False,45410
45700,Amb. Elmer Cremin,"507 Littel Island, West Audramouth, TN 97895-6133",+13448196622,corrina_roberts@heaney.test,False,45700
44413,Roxy Langosh,"888 Wehner Spurs, Granthaven, CA 49249-2920",+15183132273,naomi_considine@schumm-spinka.example,False,44413
45249,Genia Kshlerin Phd,"Apt. 310 5269 Dorthea Lakes, Eliaburgh, MA 83179-2789",+16312300643,pasquale@brown.example,False,45249
47245,Junior O'Kon,"17866 Lionel Underpass, Port Nikifort, NC 69422",+14461301819,melvina@kub.example,False,47245
47264,Fr. Ozella Brown,"20538 Milton Crossroad, Rempelland, TN 69776-8609",+13697223271,marinda_stark@fadel-kris.example,False,47264
46907,Werner Legros,"44034 Beatty Hills, Uptonmouth, LA 24303",+12714829785,blake.quitzon@stamm-boehm.test,False,46907
44786,Edmundo Flatley Iii,"664 Reinger Inlet, Boylemouth, AZ 06010",+14568622216,lacy@dietrich.test,False,44786
47279,Jermaine Volkman Jr.,"2002 Ozzie Flats, Kubton, OR 39876-2195",+14498236489,leonida_abbott@hoppe.test,False,47279
47620,Thad Bernier,"72323 Reuben Summit, Gleasonmouth, NH 94858",+19566390105,lucina_ryan@morar.test,False,47620
46458,Wilfred Tromp,"Suite 902 67889 Walter Shore, West Bertha, NM 95674-2993",+14443906910,royce.grady@sporer.example,False,46458
47099,Rich Leffler,"Suite 568 90109 Earlean Underpass, Reynoldsside, AR 99316",+12560301920,rodrigo@schinner.example,False,47099
46218,Darci Greenfelder,"Apt. 891 245 Mallory Harbor, Cronaberg, SC 13191",+14095642698,eleanore_rau@price.example,False,46218
45724,Eda Langworth,"Suite 162 8634 Leannon Fork, Waelchimouth, PA 23031-1580",+16734219751,earleen@wolf-smitham.example,False,45724
44646,Gaston Russel,"Apt. 256 948 Odilia Islands, Patriabury, CT 89190",+17779714076,valentin.gorczany@farrell.test,False,44646
46335,Broderick Durgan,"Suite 957 654 Gorczany Lights, Leannonbury, KS 64639",+14717523974,kenneth.kozey@schuppe-waters.test,False,46335
47299,Ciara Block,"93139 Kihn River, Hegmannport, KS 58424",+19324827734,felipe.jakubowski@bailey.test,False,47299
46836,Pres. Manie Friesen,"Suite 186 9845 Richie Stream, Kyleberg, IL 02927",+13363129655,mabelle.hermann@huels.test,False,46836
45503,Imelda Mitchell,"Apt. 266 1676 Elenore Junction, Jasonfurt, CA 86103-4778",+13366825085,harold.hansen@anderson.example,False,45503
46142,The Hon. Latonia Vonrueden,"485 Weber Rest, West Alycia, MA 27356-7501",+13115614546,king.king@conn.example,False,46142
46691,Chris Fadel,"Apt. 562 913 Morgan Pines, Clinthaven, TN 20747-2502",+14559025455,booker.morissette@zboncak-hayes.test,False,46691
45696,Aileen Rogahn Do,"Suite 413 98388 Anjelica Greens, West Sheila, WV 55253-5415",+12273354650,sarai@kshlerin.test,False,45696
45604,Rene Weber,"Apt. 929 89277 Luis Stravenue, Lake Yee, IN 94709",+19711711944,fredric.mayert@hammes.example,False,45604
44570,Felipe Price,"42557 Swaniawski Fort, Lake Vina, MD 49978-0109",+15051984237,jordan@hessel-parisian.example,False,44570
46070,Migdalia Macejkovic,"Suite 186 2226 Talia Alley, Fritschshire, FL 52192",+12560646565,zack@feest.example,False,46070
44500,Sen. Jim Hessel,"Suite 302 27763 Lesch Trace, Bahringerview, VA 23707-7571",+19207801515,wilburn@price.example,False,44500
46024,Ailene Borer,"Suite 690 5703 Tuan Extensions, Port Cristopher, KS 68390",+15326497362,marguerita.brakus@hessel-kuphal.example,False,46024
44552,Vern Heidenreich,"Apt. 990 1238 Marlys Streets, Gailhaven, VA 98454",+13026571794,jerrie_borer@hoeger-corwin.example,False,44552
44373,Josephina Stehr,"533 Powlowski Creek, Volkmanstad, WV 64699-0670",+14758900254,benny_renner@lowe-balistreri.test,False,44373
44342,Tom Gutmann Ii,"Suite 184 8080 Friesen Plains, South Luciamouth, ME 40132",+12041197761,quinton@veum-conroy.test,False,44342
45362,Kaitlyn Schmeler,"19500 Erin Spurs, Lake Kennyport, UT 69184",+11887075036,lawrence_kuhn@dach.test,False,45362
46550,Cheryle Armstrong,"Apt. 962 6628 Efren Landing, Port Mechelleborough, ID 00951-2896",+11596669892,armand_thiel@murray.test,False,46550
45129,Leonardo Bednar,"Apt. 547 509 Bok Lakes, West Shakiafort, TN 17605",+11199252551,merideth@connelly-quitzon.example,False,45129
46982,Kandi Leuschke Jd,"Apt. 949 433 Kutch Extension, Herzogside, VT 72561-3522",+13226031490,georgann@beer-mckenzie.example,False,46982
47176,Sherice Thiel Cpa,"40612 Samuel Plains, Lake Carola, MA 43430",+13423155167,genia.botsford@romaguera.test,False,47176
44650,Krystyna Bernhard,"Suite 952 474 Corkery Haven, Port Clair, KY 93222",+18032229783,lilian_kulas@king.test,False,44650
46476,Ms. Thersa O'Conner,"35515 Stoltenberg Springs, North Donnell, NY 82445",+18089042776,jules@abbott.test,True,46476
47241,Reanna Kuhn,"913 Brakus Keys, Tieshaborough, KS 74048",+17219313652,russell@langosh-stehr.example,False,47241
44597,Stephan Hyatt,"Suite 469 760 Wuckert Trail, Colinview, AZ 63814",+15224553697,ingeborg@flatley-graham.test,False,44597
45780,Warner Weimann,"533 Chadwick Burgs, Lindseyshire, AL 94100-4489",+16358256581,kevin@rippin-hand.test,False,45780
46228,Fred Koepp,"Apt. 646 83932 Eugenio Ports, Lake Silvanashire, NM 73569",+12460187658,omar@hettinger.test,False,46228
47374,Mr. Sherwood Yundt,"Suite 246 267 Olen Avenue, Bernierfurt, ID 59677",+15309710945,valery@greenfelder.example,False,47374
47000,Blossom Feest,"Apt. 973 6559 Dare Centers, Hoegerhaven, ME 53034-7047",+18201661881,isaac_adams@lang-kris.test,False,47000
46252,Kenton Koelpin Md,"8007 Stracke Dale, New Willaberg, VT 82113",+17202284664,loretta_cassin@muller.test,False,46252
45316,Riley Stamm,"542 Pacocha Manors, Bethview, MT 48500-6506",+18342724972,tequila@schmeler-haag.test,False,45316
44825,Sylvie Steuber,"Apt. 890 878 Aisha Lights, Stoltenbergburgh, TX 26580-3919",+14688263011,jody@terry-rohan.test,False,44825
44966,Dr. Nicky Cronin,"Suite 176 604 Magali Causeway, West Stephen, ID 56854",+15896513587,jan@haley.test,False,44966
46103,German Schowalter Iii,"52612 Bernhard Ville, Bobettefurt, MO 81356-5611",+13487808260,carlo@oconnell.example,False,46103
47582,Coy Fritsch,"Apt. 593 21697 McCullough Hills, North Nerystad, NM 60843-8269",+15942764967,roslyn@kiehn.test,True,47582
44797,Leana Stracke,"Suite 184 549 Harley Underpass, South Erasmo, GA 10876",+13631531504,bree.donnelly@koss.test,False,44797
47050,Jed Macejkovic,"Suite 631 924 Dooley Land, Sanoramouth, VA 80340",+12714807663,eric.lesch@pfannerstill-wunsch.test,False,47050
46398,Christoper Moen,"8837 Louie Stravenue, South Werner, KY 55393",+14179613567,eladia@reinger-kub.example,False,46398
45398,Tamar Corkery,"Suite 149 675 Reynaldo Glens, West Aja, KY 41738-0725",+16812844338,joan@bednar-rau.test,True,45398
47098,Bula Lueilwitz,"614 Kautzer Point, East Cyndi, IA 23596-0153",+15402735951,margorie@douglas.example,False,47098
44819,Dr. Carmina Funk,"8166 Casey Center, East Carey, RI 30966-7466",+14531706271,aaron@gutkowski.test,False,44819
46861,Latesha Goldner,"Suite 537 5066 Bauch Summit, Port Clark, NJ 65206",+15669544735,debora@rau.test,False,46861
44601,Von Gusikowski,"Apt. 620 28011 Bruno Unions, Gerholdland, CA 53798",+11457848533,chase@jenkins.example,False,44601
44569,Freddy Aufderhar,"57025 Dominick Unions, Bergstromville, HI 28730",+16873914465,winfred_boyer@dare.example,False,44569
47326,Miguel Hessel,"Apt. 353 67048 Gennie Rapids, Juanburgh, IL 40679",+13387896069,elmo_bergnaum@lubowitz.example,False,47326
46363,Hilton Conroy,"27161 Legros Causeway, East Terryton, FL 89775",+11904321438,ryann@wehner.example,True,46363
47229,Rep. Jerry Sporer,"Apt. 854 5156 Sebrina Expressway, Stevehaven, AK 27454",+16981315690,ciera.jerde@monahan.test,False,47229
46158,Marth Mills,"183 Cummings Keys, New Randall, WA 36663",+17511928847,alec@satterfield.example,False,46158
46117,Dwain Block,"Apt. 796 409 Grant Fall, Stoltenbergview, WI 44518-1051",+11981589927,assunta@dubuque-zieme.example,False,46117
47498,Shawnna Strosin Ret.,"Suite 885 6407 Haley Mills, South Johnathontown, NJ 53886",+15147512604,lavonda@medhurst.test,True,47498
47330,Stephanie Kuhn Phd,"233 Leif Prairie, Issacton, VT 99549-8873",+13639745895,bryant@greenfelder.example,False,47330
45647,Lyn Pfannerstill,"Suite 547 7112 Nita Villages, Lindgrenside, WI 74504",+17643473710,marshall@volkman-keebler.example,False,45647
45239,Becki Pagac Lld,"47434 Tim Burg, Port Toddville, VT 70045",+14386414271,lindsey_connelly@beatty.example,True,45239
45373,Fidel Roberts,"Apt. 864 1718 Grant Corner, Lakenyaberg, AL 49133-8781",+11298285859,emile@huels.test,False,45373
45338,Augustine D'Amore,"4533 Buster Springs, Lake Christel, WY 87866",+11073795267,dean_prohaska@jerde.test,False,45338
45668,Jerry Denesik,"Suite 571 80385 Luciano Ramp, Bauchborough, OR 55843-4360",+17896185218,edra@marvin-armstrong.example,False,45668
47153,Fr. Seth Hudson,"930 Jarod Plains, South Phil, MT 88470",+19349754539,williams@schroeder-jones.test,False,47153
46101,Kennith Greenfelder,"Apt. 307 6523 Ike Ports, Port Odis, FL 74649-8311",+14352783805,marjorie_dickinson@collins-toy.test,False,46101
46318,Mr. Edwardo Williamson,"Suite 946 239 Dooley Island, Bayerchester, TN 15547",+17393465122,kandra@bernier.example,False,46318
46843,Ione Sauer,"Apt. 499 6768 Maria Burgs, Erwinland, IL 91918",+12155947576,brooks@runolfsson-wintheiser.test,False,46843
47546,Thaddeus Schultz,"Apt. 434 173 Kemmer Common, North Vicente, KS 96400-9928",+19467839652,verlene@gerlach-prohaska.test,False,47546
46253,Cornell Hirthe,"341 Hermann Green, Lekishatown, WV 59694",+11150091110,jessie@rippin-ward.example,True,46253
45990,Richard Fisher,"89764 Karan Camp, Jamalville, IL 11917",+16043294094,kimberly.gusikowski@rutherford.example,False,45990
45670,Jewel Stracke,"Apt. 234 81517 Sawayn Junction, West Lina, TN 99001-1445",+17049359912,milo@kemmer-lesch.test,False,45670
45659,Tressa Schroeder,"2975 Murphy Gardens, New Ariane, CO 76345-8814",+13761499472,anjanette@muller.test,False,45659
47360,Peter Little,"Suite 225 708 O'Kon Ridges, Josiahton, WA 43554",+19768737195,tod_stroman@stehr.test,False,47360
46527,Adan Kovacek,"Apt. 395 869 Leuschke Grove, Elliottborough, ID 17167-1644",+15628805210,rosy@ankunding.test,False,46527
47362,Shelia Hahn,"79925 Conchita Valley, Buckridgechester, MA 46184-8636",+12602843104,marti@zboncak-schumm.example,False,47362
46522,Parker Sipes,"Apt. 866 4525 Schultz Forges, New Anika, KY 44229-4285",+14600048726,amos@kutch-harris.test,False,46522
46085,Wonda Pollich,"72159 Shavonda Fall, North Sharee, IL 04275",+14789562460,gema_kerluke@mccullough.test,False,46085
46552,Karole Daugherty,"683 Ferdinand Crossing, Hesselmouth, ID 51392",+12084551211,marty@wolf-muller.example,False,46552
46025,Miss Dane Lockman,"31130 Bechtelar Causeway, Port Wm, CO 17895-3840",+19536669236,shannon@mcclure.test,False,46025
45394,Hershel Hauck,"Suite 765 353 Flor Garden, Eldorabury, MI 75499-9278",+19461692467,valeri_greenholt@zulauf.test,False,45394
45153,Rikki Beahan Jd,"87072 Daniella Rapid, East Kassandra, AZ 69657-8677",+12203616286,alec@fadel.test,False,45153
45147,Treena Smith,"311 Mickey Wells, Considinemouth, GA 59783-0305",+14193899788,essie.wiza@hyatt.test,False,45147
45552,Josh Yost,"461 Adams Drive, South Kristine, ID 89783",+14814292641,layne_marquardt@deckow-tremblay.test,False,45552
44857,Cris Reichel,"Suite 401 34241 Melaine Skyway, Craigtown, IN 44855-6497",+18985095756,antony@graham-dach.example,False,44857
46275,Kasi Hirthe,"899 Mayola Station, North Donn, NH 41315",+14635768599,tena@lehner.example,False,46275
44379,Lavenia Williamson,"48607 Oswaldo Street, Emardburgh, OR 69191",+15132104587,lauralee@jones.test,False,44379
44904,Emery Ritchie,"975 Roxann Rapid, Bednarton, WV 72616",+12171969782,maris_mcclure@satterfield.example,False,44904
45983,Alan Corwin,"949 Willy Curve, New Micahshire, FL 47080-4016",+18679642683,valentin_sauer@schmitt-pollich.example,True,45983
45408,Iesha Goyette,"70290 Lemke Tunnel, Kshlerinland, LA 22191",+12680202915,tod@ernser-zieme.example,False,45408
47097,Mervin Kunze,"Apt. 279 650 Tristan Knolls, Schillerton, MN 67570",+16486748462,cory@zulauf-dickens.test,False,47097
45366,Gordon Waters,"604 Paul Centers, East Percy, OR 83152",+16606369254,jeffrey_emmerich@barrows-sipes.example,False,45366
46378,Gaston Hoeger,"Apt. 675 30290 Randell Orchard, McCulloughside, CT 44213",+12515983373,merrill@emard-raynor.test,False,46378
47375,Ettie Hudson,"Apt. 656 6043 Jordan Mews, Lake Chester, HI 25809",+19222805747,francesca.ruecker@dietrich-spinka.test,False,47375
47493,Omar Borer,"719 Latrina Ville, Elinamouth, SD 82304",+11531407534,jamie@nicolas.test,False,47493
45874,Ms. Marcelene Sanford,"7005 Daniel Inlet, Bernicebury, SC 00376-1326",+11255956790,cordell.halvorson@altenwerth-runolfsson.example,False,45874
44381,Melodi Farrell,"Apt. 659 473 Collins Lane, West Callieburgh, OK 25196-1127",+13576172763,rudy_towne@vonrueden.test,False,44381
46081,Takisha Luettgen,"78420 Chester Tunnel, Kuphaltown, MD 79070-0817",+17130871955,carlee_ernser@herman.example,False,46081
46975,Euna Jakubowski Md,"2223 Hane Loop, Athenaville, KS 01891-7799",+11519480602,kelly.hauck@langworth-schowalter.test,False,46975
45846,Lesha Dickinson,"Apt. 156 834 Pierre Lake, West Salleyfort, ND 97171",+16639305524,andre_little@champlin.test,False,45846
46162,Bernardo Wilkinson Iii,"721 Tricia Plaza, South Vanita, MA 33006",+13898607815,booker.cummings@wisoky.example,False,46162
46313,Leif Reynolds,"Apt. 987 699 Talisha Summit, South Horacio, NY 74519",+18503472871,alycia@altenwerth.example,False,46313
45889,Pres. Treena Paucek,"Suite 523 3321 Cronin Parkway, Buckfort, NJ 69110-9433",+19662444806,leandro@medhurst.example,False,45889
46183,Darius Predovic,"Apt. 174 64268 Johns Harbors, Berrymouth, VT 74452-5276",+18717011542,woodrow@ullrich.example,False,46183
47147,Thalia Kuphal,"303 Louisa Green, Ruthachester, OR 15685-9106",+16996375749,rob@parker.test,False,47147
46985,Bertram Feeney,"20978 Corwin Course, Port Josiah, OR 85137-9411",+12212999301,gilma_jacobson@walker-blanda.example,False,46985
47093,Rosio Bode,"Apt. 864 7136 Russel Cliffs, Thurmanberg, GA 06731",+17077088826,leandro@mcclure-rogahn.test,False,47093
44465,Rep. In Stokes,"816 Danica Stream, North Vito, SC 71333-4476",+15513676632,royal@schneider.example,False,44465
45217,Miss Stevie Lesch,"Apt. 373 43930 Anderson Glens, West Cliffordberg, OR 65872",+16838687182,pasquale@gislason.example,False,45217
47172,Prof. Dollie Hegmann,"Apt. 743 33339 Dori Landing, North Elanortown, OR 95080",+11021541137,shaquana@blick.test,False,47172
46973,Hollis Treutel Dvm,"4029 Kuhic Villages, Dylanton, NY 07478",+17815916460,joaquin.parker@fay-mante.test,False,46973
45094,Chang Greenfelder,"Suite 846 9257 Marketta Mews, Sherleyhaven, WA 31025",+16650408703,rosario_hackett@carroll.example,False,45094
44665,Rosaura Waelchi Ret.,"Suite 133 503 Brakus Mountains, Hoegerhaven, FL 44308",+14419959832,mona@welch-botsford.example,True,44665
46137,Trey Wunsch,"84208 Rolf Roads, Sharitafurt, DE 85104-3737",+17223136451,russel_terry@lubowitz-wilkinson.example,False,46137
46790,Asa Berge,"1926 Rachelle Alley, South Dorine, NH 44890-6255",+15096236709,norris.carter@padberg.example,False,46790
44909,Rickie Murphy,"Suite 973 98787 Ulysses Forks, North Rickey, WV 49818",+18615962999,mark.considine@ratke.example,False,44909
45544,Antonio Halvorson,"Suite 101 470 Veta Lane, New Cristopher, OH 46624",+18115293481,thanh.reynolds@jacobi.example,False,45544
45930,Leopoldo Lakin Md,"Suite 199 580 Effertz Mill, New Jesus, FL 53956",+11011310467,doris@greenfelder-okon.test,False,45930
44577,Megan Sauer Lld,"539 Klocko Alley, West Jamison, WV 96625",+17051877102,sheba.blanda@boyer.example,True,44577
47271,Sol Schiller,"Apt. 432 497 Thomas Gateway, Brittnistad, IA 64353-6204",+13372190564,shella.mcclure@deckow.example,False,47271
47108,Elizbeth Adams,"1731 Kirlin Cliffs, Antioneport, AZ 83043",+19269560025,saran.howe@romaguera-green.example,False,47108
46233,Lanora Cassin,"Apt. 554 67378 Emmerich Path, Delmarland, IN 38761-1116",+13177935321,earnestine@hahn.test,False,46233
44837,Avery Greenholt,"397 Quincy Divide, Jakeview, SC 97495-5292",+14863023521,genaro@zulauf.test,False,44837
46462,Millie Hermiston,"Apt. 466 229 Wiza Freeway, Ullrichside, NH 54136-9522",+14558457580,simona@nikolaus.example,False,46462
45200,Coleman Marvin,"Suite 136 6742 Fidel Ways, Diegoburgh, TN 01553",+11549607575,chong@mckenzie.example,True,45200
44749,Alayna Block,"99014 Ernser Green, Port Gerardofort, NM 41515",+14858781335,kristine@trantow.test,False,44749
46832,Janice Dibbert,"63207 Blythe Cove, Lehnerstad, SD 62983",+18971294274,kelvin@wiegand.example,False,46832
46499,Amb. Cheryll Dare,"Suite 719 81717 Kris Summit, Donnellyburgh, SC 22221",+14743687723,george@jones.test,False,46499
47481,Irvin Marks,"Apt. 832 4294 Javier Via, East Rolandhaven, GA 10385-9379",+17936175939,adolph.windler@altenwerth.test,False,47481
44544,Tuyet Stroman,"912 Jeremiah Camp, Hellerville, MT 65477-5163",+15570588769,ariana.gerlach@hilll-bergstrom.example,False,44544
47364,Stewart Barton,"Suite 734 963 O'Connell Drive, North Althaton, WV 79190",+14297702726,ned@hessel.example,False,47364
47626,Dorian Mayert Iv,"20229 Ruben Drive, North Viki, IL 39994-0714",+11696165814,september@daugherty-carroll.test,False,47626
44812,Rep. Rosendo Douglas,"Suite 287 67702 Schroeder Throughway, Bergnaumfort, RI 14451",+16181213954,catherin@lindgren-pfannerstill.test,False,44812
44810,Herta Johns,"89205 Merrill Plaza, Boylestad, CA 44081-4285",+12020239152,rodrigo@kautzer.example,False,44810
46426,Rolanda Grady,"8683 Dortha Overpass, Predovicville, TN 98557",+14899251207,jerold@conroy-aufderhar.example,False,46426
46692,Dalila Auer Lld,"5125 Elwood Heights, Port Silas, UT 73157-7364",+16020139580,noel@herman-huels.example,True,46692
46707,Terrence Kertzmann,"Suite 665 411 Buena Lights, Riceborough, CO 62002",+16560319447,wilda@ondricka.test,False,46707
46207,Taunya Little,"Apt. 923 79477 Walsh Forge, Schimmelchester, SD 31331",+19344508449,owen_huels@west.test,False,46207
45905,Darnell Robel,"Apt. 514 32569 Howe Islands, South Eliasburgh, NH 31192",+11582426619,johnsie_greenholt@wintheiser-stamm.test,False,45905
45392,Marvin Hane Phd,"464 Efrain Gateway, South Shera, NE 63079-7122",+16301385460,carrol@weissnat.test,False,45392
46895,Myron Kunze,"Suite 439 2889 Marcene Plains, Lake Isaias, MO 91614-2737",+13814208607,bonnie@greenholt.example,False,46895
47290,Eli Pouros,"13685 Wally Way, Russelmouth, TX 18986-7669",+12933034899,florinda@kreiger.test,False,47290
44978,Marc Torp,"Suite 217 1846 Beier Roads, Haagmouth, MS 82421",+15878623548,emelia@rogahn-wilkinson.test,False,44978
47105,Jeanette Kemmer,"59282 Norman Mountain, Lake Soila, ID 56112",+17759458023,exie.volkman@klocko.test,False,47105
46557,Keri Stanton,"Suite 495 2516 Joel Trafficway, North Earlmouth, NV 11707",+19600859807,isis.quigley@farrell.example,False,46557
44658,Edwin Stracke,"Suite 158 101 Kerri Inlet, Corkeryborough, TN 42661-3940",+19331033415,leeanne@botsford-flatley.example,False,44658
47459,The Hon. Tatyana Klocko,"Apt. 993 452 Odilia Turnpike, Leeview, SD 37597",+14402386777,londa.collins@jakubowski.test,False,47459
44417,Margeret Zboncak,"Apt. 126 83414 Fisher Meadows, West Francesca, IL 94423",+13993617810,ma@cronin-kertzmann.example,True,44417
47039,Eli Gislason,"19746 German Stream, South Arlen, IA 08507-3716",+19025354310,madie@von.test,False,47039
45809,Bryan Gislason,"3990 Wiley Road, Quigleyside, ND 88697-4067",+18811123716,andrea@donnelly.example,False,45809
45510,Chase Sanford,"Suite 894 81332 Clarence Hill, South Taneshaton, ME 72520",+14881203790,ellis@schaefer.test,False,45510
45720,Ron Bailey,"Apt. 920 2812 Faustina Burgs, Port Efrainmouth, VA 97572-6316",+18151925400,nicolasa@schneider-mitchell.example,False,45720
45031,John Koss,"Suite 504 794 Elisha Island, North Toshiko, AL 15249-3283",+15012813949,eugene_hudson@langworth.test,False,45031
45612,Lina Wiegand,"30291 Napoleon Prairie, Carrollmouth, IA 63152",+18505890975,wai@gorczany-prosacco.test,False,45612
47347,Buster Parisian,"5316 Kulas Ways, North Jenisemouth, LA 94249",+15147267929,lupita_harvey@rempel.test,False,47347
46018,Edward Mayert Do,"5510 Collier Heights, Walshport, OH 26215-5707",+15282973124,gregory.conn@jacobs-gislason.example,False,46018
44594,Vanessa Graham,"492 Carlo Throughway, North Clarissa, CT 48653-7548",+11825610211,elisha@konopelski-block.example,False,44594
47619,Cristobal Klein V,"Apt. 923 83441 Hugh Spurs, North Leopoldo, LA 19949",+18822963117,stephnie_wilderman@schuster.example,False,47619
47069,Kurt Friesen,"Apt. 537 3911 Cruickshank Shores, New Emersonshire, SD 74845",+17656382781,nana_rohan@tromp.test,False,47069
46600,Odis Goldner,"Apt. 647 2601 Jacobs Key, Percyville, AL 64099-0128",+11407909483,mitchel_kuhn@carroll-oberbrunner.example,False,46600
46621,Pres. Ray Jacobson,"10260 Borer Ville, West Noel, NY 92380",+16631941843,eusebio_leannon@gutmann-huels.example,True,46621
46536,Charise Bode,"2208 Simonis Mall, South Renayborough, ID 18662-1293",+18643584042,jen_berge@langworth-funk.test,False,46536
44726,Hector Reichert Ret.,"8935 Kutch Drive, Zboncakberg, OR 97329",+14533464570,adelia@flatley.example,True,44726
45739,Barrett Medhurst,"Apt. 347 66998 Romaguera Rapid, East Rochelfort, WV 32028-7290",+17237571142,cyndy_renner@stark-borer.test,True,45739
47333,Ms. Kip Abshire,"Suite 128 59578 Cassidy Lane, Jonnaville, NH 42727-1775",+14210915190,jannette.wilkinson@murazik-schimmel.test,False,47333
46173,Royce Mckenzie,"66867 Gabriella Crossing, East Tracyville, IA 92729",+19997451171,roxana@torp.example,False,46173
46665,Gerald Balistreri,"158 Walter Mews, East Hung, GA 90026-2041",+13775792765,milford_zemlak@hilll.example,False,46665
46381,Ollie Schneider,"Apt. 221 31367 Aleen Courts, East Raul, ME 17489-1371",+12961222520,carroll@muller.test,False,46381
44504,Danita Vandervort Cpa,"981 Nader Hills, Houstonton, IN 42502",+19603412560,charlie_hagenes@leannon.test,False,44504
45817,Regina Feil,"2516 Esther Loaf, East Laticiaborough, NH 32278-0141",+17726970154,chris_pagac@dickens.example,False,45817
46445,Erika Corwin V,"Suite 245 34776 Elmer Divide, East Coletta, CA 35819",+15513126663,gena@keebler.example,True,46445
45857,Eric Brakus,"3314 Diamond Streets, Claudebury, GA 37517-7914",+15158891235,christel@ankunding.test,False,45857
46200,Minh Bahringer,"Apt. 177 516 Shay Brooks, Lake Newtonside, FL 83587-6444",+12303727512,elia@pfeffer.example,False,46200
46088,Ernest Nienow,"88203 Kasey Green, Feilville, AL 86004-9672",+15089591998,hazel_robel@schumm.test,False,46088
46566,Fae Koepp,"Apt. 743 1687 Fadel Streets, Lefflerhaven, WY 80202",+19675402067,millie_king@brekke.example,False,46566
44412,Cythia Sawayn Dc,"Apt. 660 1069 Horacio Ways, Strosinberg, HI 89431-1162",+12013403789,clifton.klocko@mertz.example,False,44412
45626,Jeanie Nitzsche Phd,"Apt. 805 8527 Gabriel Drive, New Antoniochester, MI 14701-5970",+14008604881,hoyt_batz@ernser-haley.test,False,45626
45138,Vanita Wiza,"Apt. 230 793 Paucek Extension, East Kyoko, AR 23338-5336",+13498649739,wai.okeefe@klocko.example,False,45138
44996,Christian Trantow,"7755 Junior Crest, Lake Alexanderport, OH 19147",+16965741426,johnathan.jaskolski@nicolas.example,False,44996
44588,Millie Streich,"638 Ziemann Burg, Boehmtown, WI 57062-4167",+14780112967,lori@damore-dach.test,False,44588
45121,Cleveland Wunsch Esq.,"35124 Marquardt Prairie, Manuelport, TN 74769-2788",+18564360592,elanor@fritsch.example,True,45121
44712,Rep. Min Kuhn,"Apt. 385 186 Kraig Ports, Nicolasborough, IL 22088-7425",+17654501190,raymundo@kozey-herzog.test,False,44712
45872,Oma Hickle,"Suite 505 339 Spencer Pike, New Justin, ME 54091-8834",+16414106348,rivka@stoltenberg.example,False,45872
46317,Selena Legros Sr.,"32224 Armstrong Landing, Townebury, MN 00975",+16732567354,tuan.sawayn@shanahan-kerluke.example,False,46317
46475,Irish Murazik,"Suite 254 794 Katy Stravenue, Harberfort, NE 25072-7989",+14189775991,amado_jenkins@dickens.test,False,46475
44362,Phil Quitzon Vm,"Suite 165 30738 Librada Grove, Moriahfurt, WV 74837",+11153283356,ira@swaniawski.example,False,44362
44752,Abraham Cummerata,"Apt. 670 20923 Schultz Track, Wardville, MO 03226-6019",+18885099970,shon@schimmel.test,False,44752
46698,Cornell Kertzmann Iii,"2397 Kena Road, Kleinside, NC 98618-3570",+19672147456,adrian@bogisich.example,True,46698
46116,Stevie Pfeffer,"Suite 440 5613 Isis Vista, South Jonmouth, NY 15741",+13348060870,stephen@blick.example,False,46116
44517,Rev. Sanjuanita Rodriguez,"30738 Roob Rapids, New Jay, NH 73977-1668",+19809218066,otis_mohr@gleason.test,False,44517
46430,Mia Torp,"8778 Jill Walks, North Jaimeburgh, KY 87185-4024",+17754406665,zane@gerhold.test,False,46430
44927,Carmine Bode Ii,"Suite 161 16420 Adolfo Trail, Port Othaside, VT 15024",+17353589174,brandi@olson.test,False,44927
45558,Merrill Schmitt,"Suite 600 792 Kozey Run, East Michealhaven, MD 59075-5533",+13359795835,arden@wolf.example,False,45558
46470,Max Walter,"193 Johnston Meadows, Grimesland, ME 70659-3304",+14086216367,seymour@wintheiser.example,False,46470
46337,Luetta Parker,"71584 Rolfson Tunnel, Port Daltonshire, LA 07300-1216",+19844457307,eugenie@gerlach.test,False,46337
45093,Garth Wyman,"2567 Pat Trafficway, New Noella, WV 80721",+14265103146,jess_sanford@wolf-dibbert.example,False,45093
46150,Rev. Aurora Hickle,"Apt. 897 34292 Farrell Crossing, Morganfort, OK 63835",+17569699819,iris.cartwright@bogisich.test,False,46150
45674,Kristie Prohaska,"99047 Veum Stream, Lake Freemanburgh, ND 89022-6695",+16202880999,aubrey@friesen.test,False,45674
45474,Tori Streich,"Apt. 488 7704 Boehm Trace, Hoppeburgh, NV 03223-7801",+11920399734,stefania@herzog-thiel.test,False,45474
46148,Mary Halvorson,"Apt. 248 30373 Collins Center, Gibsonland, GA 28924-3692",+18722688823,herman.schmitt@denesik.example,False,46148
46133,Prof. Stephaine Hand,"56131 Towne Forge, West Leifmouth, MA 84172",+17173492055,roberto.rosenbaum@jakubowski.test,False,46133
46089,Thurman Rempel Dds,"Apt. 946 57721 Kohler Brooks, Port Annaside, HI 89995",+11918149361,marget.oconner@gleason.test,False,46089
46734,Jimmy Wilkinson,"Suite 439 65803 Major Island, South Logan, RI 09403",+18340817203,chad@white.example,False,46734
45372,Dr. Ebony Bernhard,"Suite 979 943 Jacobson Common, East Ashly, TN 73143-4166",+17656251833,francis.fay@cartwright.example,False,45372
45168,Katie Pollich,"Apt. 208 6982 Davina Circle, Port Darinborough, MN 30828-4826",+11664806487,don@stracke.test,False,45168
46503,Haywood Hodkiewicz,"4075 Mariella Plain, New Santiagoburgh, WI 39860-4228",+16238686358,herlinda_kreiger@terry-boehm.test,False,46503
46274,Dusti Homenick Cpa,"40690 Edward Pike, New Evan, MS 91603",+16554469175,terrence_walker@huel.test,False,46274
46880,Shakira Kuhn,"Suite 316 14792 Reichert Estates, Kuhlmanview, CO 96931-5507",+19158430513,denis.lemke@balistreri.example,False,46880
47471,Merlin Weber,"Suite 561 7758 Gulgowski Lake, West Otisport, MA 96511",+14911630721,stanford_hickle@lesch-vonrueden.test,False,47471
46631,Jamison Jakubowski,"48038 Wuckert Estate, Dyanborough, CO 06342",+18032851340,genie.stanton@satterfield.example,False,46631
44689,Brady Murphy Do,"1342 Emory Spring, West Gabrielamouth, WI 06518",+15595679160,jin.kihn@wiza-kerluke.test,False,44689
45693,Prof. Tiesha Kihn,"1274 Abbott Manors, South Allenhaven, NV 45167-3091",+12487624527,xavier_abbott@bashirian.test,False,45693
45820,Rina Miller,"Apt. 475 8364 Mayer Light, Auermouth, AZ 61452",+12899024155,trula@gleichner-kilback.test,False,45820
46433,Dayna Leffler,"Apt. 609 6866 Witting Prairie, New Johna, VA 12869",+13323267479,derek.johnston@collins-turner.test,False,46433
45321,Evette Klocko,"Apt. 279 70333 Margareta Creek, Medhursttown, MS 25312-0419",+12577858367,fletcher@rodriguez-howe.example,False,45321
44488,Chuck Bartell Ii,"Apt. 830 451 Chi Ports, Lehnerville, DE 46494",+14727902188,rebbecca.champlin@bayer-anderson.test,False,44488
47073,Pres. Ida Kub,"3866 Hackett Ferry, Gaylemouth, TN 31889-6727",+11651542139,chester@hintz.test,False,47073
46086,Joe Moen,"4594 Clayton Unions, Lake Lala, CO 76361-7444",+12129467858,jolene@schamberger-bode.test,False,46086
46591,Bradford Boehm,"6258 Breitenberg Spur, Antonettachester, MA 82942",+15088423362,chau.hilll@franecki.example,False,46591
44423,Sylvia Prosacco,"Apt. 412 364 Macejkovic Track, New Cary, VA 35961",+13584361522,wallace_powlowski@mcglynn.test,False,44423
44801,Perry Stanton,"408 Noreen Centers, South Johnson, WI 25627-8844",+11855163821,lane_schmidt@kunde.example,False,44801
47164,Janett Rohan,"Suite 587 1227 Schneider Mount, Bashirianton, VA 36328",+11590104946,lane@jenkins-gleason.test,False,47164
45390,Ernie Mayert,"580 Ismael Locks, South Erniehaven, IL 12205-6192",+14935972448,selma.bauch@goodwin.example,False,45390
47065,Prof. Eunice Cormier,"Suite 560 6971 Koepp Square, New Trenttown, MD 44347-6973",+11866859871,david@carroll.test,True,47065
46711,Genna Funk,"648 Zora Green, North Clemente, RI 74989-8786",+16785862975,darin.klein@wuckert.test,False,46711
45637,Mr. Noah Waters,"Suite 926 142 Malissa Wall, West Pennie, UT 64178",+14808850618,greg@harvey.example,False,45637
45690,Ms. Marlin Will,"5278 Ritchie Ridges, Walkershire, IN 60789-9296",+11505644760,russell_kilback@morar.test,False,45690
45843,Ms. Calvin Senger,"9482 Pierre Station, Wizastad, DE 43599-8949",+12156189834,heike@morissette.test,False,45843
46934,Treena Jones,"1354 Kuhn Dam, Rutheview, NE 51462",+13233963514,bradly_cremin@haley.test,False,46934
46641,The Hon. Christene Flatley,"Suite 712 7650 Hills Landing, East Marlenberg, AZ 18767-4728",+19360700506,percy@nolan.example,False,46641
45309,Gov. Anisa Homenick,"128 Genesis Creek, Clementechester, ID 95908",+14377963406,saul_doyle@gottlieb.test,False,45309
45513,Darcey Conn Esq.,"Apt. 939 57837 Delsie Wall, Julianburgh, KY 53517-4395",+15513804785,melvin.batz@botsford.example,True,45513
45684,Harland Pollich Sr.,"Apt. 734 236 Jamie Oval, North Jeanicestad, AK 28922",+14541062548,kermit.moore@keebler-reinger.test,False,45684
46917,Deloris Berge,"Apt. 650 80290 Margarette Motorway, New Maryettafurt, ME 83503-7783",+19615840229,cathy.dibbert@bayer.test,False,46917
47530,Fr. Georgina Brekke,"Suite 332 440 Maurice Crossroad, Port Akilah, HI 57077-7615",+11224607735,dannie.rohan@smith.test,False,47530
46030,Vaughn Nader,"Suite 467 757 Breanne Flats, Kilbackberg, IL 22460",+14359224289,sudie@lakin.test,False,46030
46022,Stephane Rempel,"Apt. 589 4687 Greenholt Pike, West Chuckport, KS 65336",+16307020081,korey@volkman.test,False,46022
47082,Tera Willms,"7434 Bahringer Brooks, Eleonorshire, DE 84282-8855",+16814466711,hal@padberg-dickens.test,False,47082
47385,Mark Pfannerstill,"Suite 285 5129 Stepanie Parkway, Raulborough, CO 57619-1213",+15941323570,deanna_haag@legros.example,False,47385
45695,Marvel Orn,"Suite 156 170 Cartwright Village, Lynnchester, WI 71177",+13937565195,stacy@mante.example,False,45695
45192,Edward Stark Dds,"Apt. 472 85518 Gottlieb Rapids, Port Dane, OK 65923-9837",+11269050454,yahaira@vonrueden.test,False,45192
46059,Jonathan Mann,"Apt. 331 81341 Koelpin Knolls, East Ernestside, CA 96086",+12738506458,carmelo@oconner-baumbach.example,False,46059
45296,Frederick Boyle Lld,"5798 Lashanda Burg, Port Mosetown, TN 07319",+11324223702,brice.jenkins@rodriguez-barrows.test,True,45296
46076,Keena Turcotte,"2199 Schultz Shoals, Emelinaburgh, UT 07223-4075",+18436940213,marianela.macgyver@conroy-lebsack.test,True,46076
46855,Nick Hintz,"60511 Hessel Avenue, Jenkinsberg, MA 00021",+13166552322,malcom@schaden.example,False,46855
44788,Lucile Beatty,"Apt. 150 227 Philip Villages, Wunschmouth, NY 79254",+12589749021,nigel_crona@ryan.example,False,44788
46102,Gov. Kristopher Skiles,"Suite 755 2396 Suzanna Gateway, Hammeshaven, RI 47407",+17353882331,pasquale.mueller@cormier.example,False,46102
44422,Rudy Schimmel,"Suite 520 85216 Runolfsdottir Keys, Armindaborough, OH 25302",+19550860074,lyla.parisian@weimann-ondricka.test,False,44422
45466,Setsuko Kovacek,"4115 Walter Prairie, Johnsonburgh, OK 23817-1594",+19786327469,vella.crooks@robel.example,False,45466
45019,Ambrose Olson,"Apt. 883 28219 Kittie Trafficway, Ellsworthland, NV 08815-3756",+17356502428,cayla@wilkinson.test,False,45019
46449,Reggie Hamill,"Suite 371 400 Olin Club, Salomeland, FL 01485",+14672667788,derek_cummings@shanahan.example,False,46449
46154,Fr. Inga Howe,"Apt. 139 74748 Burt Knoll, Lake Mckinleyfort, NV 02138-3353",+13276352833,charlie_gerhold@abernathy.example,False,46154
47430,Mi Quitzon,"105 Abbott Rapid, Blockstad, NE 71423-4865",+16324737713,emelia_carroll@turcotte.example,False,47430
46808,Joann Bartell V,"442 Brekke Drive, Lake Larryside, NV 50914",+18289094231,jefferey.wunsch@roberts.test,False,46808
47180,Miss Lizbeth Herzog,"49903 Zachariah Island, Eduardoburgh, CA 30316-5148",+11248770682,sidney_cruickshank@stracke.test,False,47180
46882,Lavern Ebert,"7883 Rasheeda Wells, Port Hugochester, KY 86234-1032",+12777206202,alfonzo@mckenzie.test,False,46882
45634,Gwyneth Bauch,"392 Upton Spur, New Honeyside, OR 44734-8556",+11478202533,randy@barrows.example,False,45634
45386,Grady Cole,"492 Stacy Tunnel, East Carlosview, IL 24506-2805",+11949807068,caren_lang@gulgowski-runolfsdottir.example,True,45386
46611,Gaston Champlin,"Suite 317 72806 Maggio Mountain, Lednerstad, MT 57095-1473",+15901137915,lewis@russel-prohaska.example,False,46611
46239,Classie Dietrich Dc,"Apt. 230 6317 Toy Station, Port Macy, NM 35297-9534",+14160481380,clarita_orn@anderson.test,False,46239
44753,Cruz Dietrich,"8198 Francisco Terrace, Lynellechester, MN 63255-7847",+12810822591,rodolfo_damore@bosco.test,False,44753
46369,Yevette Upton,"Suite 962 2175 Paucek Fords, New Nora, OR 14926",+16633395477,corey@rolfson.example,False,46369
45926,Alonzo Jacobson,"Suite 772 690 Schinner Haven, West Jessitown, AL 78174",+14587161945,marlyn@dickinson-smith.example,True,45926
45978,Margarito Kessler,"712 Smith Isle, East Nathanaelfort, MN 28407",+17113031507,esteban@lemke.example,False,45978
44607,Celesta O'Reilly,"Apt. 731 6031 Sebrina Tunnel, North Odis, OR 27088",+18498875076,ina@harber-lesch.example,False,44607
45452,Rolf Erdman Dc,"Suite 646 359 Brown Knoll, South Tessa, UT 44795-2900",+13833153089,brenna@collins.test,False,45452
45227,Wiley Stamm,"Apt. 600 2964 Murazik Plaza, Grimesbury, MS 26992-8665",+12511051283,walter@sporer-parker.test,False,45227
47372,Preston Bartell,"399 Keebler Pass, New Leighchester, MT 82462",+11318788798,alexis.mitchell@veum.example,False,47372
47109,Eldridge Cronin,"Apt. 614 60412 Joselyn Tunnel, Meryltown, MO 58507",+13180736837,lynsey_schuster@fay-rath.example,False,47109
47557,Msgr. Cinthia Cartwright,"366 Ankunding Neck, Delindamouth, CT 71920",+12776482898,melvin@hoeger.example,False,47557
45946,Bryant Dickinson,"3642 Mueller Curve, Mariaborough, MO 87077-4585",+13894369960,berry_strosin@bartoletti.test,False,45946
46824,The Hon. Marva Cruickshank,"8034 Perry Place, Olaside, ND 48687-5204",+12718068382,rona@zieme.test,False,46824
46743,Shawn Mcdermott,"94928 Bertram Dale, Tromptown, AL 17604-2116",+15864664697,daniel_mcclure@skiles.example,False,46743
47234,Eddy Schulist,"72546 Jean View, Kurtside, WA 02016-8049",+17266075328,mitsuko_jakubowski@bode.test,False,47234
46370,Fr. Eldon Kling,"5700 Gail Motorway, New Lera, MI 70877",+19910194194,vernia@mcdermott.example,False,46370
45611,Chantay Schroeder,"Apt. 615 8699 Conn Points, Kirlintown, KS 94033-6195",+16711457807,fannie@larkin.test,False,45611
47240,Antonia Hamill,"721 Lonna Ports, Hongside, GA 97027",+15140212614,aleisha_marvin@koelpin.example,False,47240
47235,Prince Walter,"Apt. 814 4126 Kamala Light, West Emelina, ID 21354-0999",+17675930768,dario@reilly.test,True,47235
47064,The Hon. Apolonia Labadie,"Suite 892 260 Ernser Canyon, Lake Kassie, LA 04588-2376",+17596519147,nicholle@steuber-smith.example,False,47064
46884,Oda Nikolaus,"Suite 969 80431 Connelly Camp, Greenshire, CA 02779",+14095289596,carmina@runte.test,False,46884
47411,Wynona Ferry Dc,"Apt. 606 202 Joanne Lakes, Noelmouth, DE 81980",+13144738280,rosendo_reinger@bogan.test,False,47411
47233,Mallie Hansen,"3402 Era Lodge, West Chadside, IA 04987",+19425434098,annett@mckenzie-shields.example,False,47233
46409,Marvin Feeney Esq.,"920 Lucius Mountain, Brekkeville, AZ 16827",+15521532081,vicente_jones@volkman.test,True,46409
46742,Milo Dach,"24072 Dorian Square, Cathyton, NE 15305",+14305146180,garrett@herman.test,False,46742
46753,Jonathon Marks,"1001 Kris Path, Tiffaniemouth, KY 68291",+14058358514,lang.dooley@flatley.test,False,46753
46746,Hyman Bernier,"Suite 431 622 Schamberger Burgs, Lake Zelda, KS 17661",+17302351533,julius@mcdermott.test,False,46746
46219,The Hon. Landon Aufderhar,"Apt. 353 287 Grant Lights, Hilllhaven, SD 34439",+19190095722,wilfredo@hickle.test,False,46219
45663,Deb Price Esq.,"Suite 314 2178 Abdul Falls, Schultzview, SD 22536",+12213130432,erwin_torphy@ziemann.example,True,45663
46341,Josefine Robel,"Apt. 378 284 Breitenberg Corner, Port Dottie, LA 33195",+15190908822,billy_skiles@kessler.test,False,46341
45139,Neoma Stark Jd,"388 Liana Via, North Cleo, IL 22344",+15540357196,angel.wehner@johnston-raynor.test,False,45139
46351,Berenice Russel,"2199 Prohaska Rest, Terryfort, WY 30783",+11266471261,dominique.ledner@ankunding.test,False,46351
47114,Cherish Bins,"Suite 449 4441 Kovacek Knolls, Port Wadebury, NY 87343-9767",+11896332756,sharyl.hermann@berge.example,False,47114
47011,Lianne Rolfson,"Suite 783 11073 Becker Drive, Stephanyborough, MD 88000",+19969308996,becki_wyman@runolfsson-schmeler.test,False,47011
46719,Lyndsay Bernier,"Suite 635 50056 Erick Squares, Port Yahairaville, OR 39401",+14870997011,maximo.bruen@fritsch-stroman.test,False,46719
44438,Willis Hyatt,"22532 Farrell Via, Pfefferhaven, NE 27622",+14243865952,sharron_lockman@bergstrom-greenholt.test,False,44438
44376,Harland Hoppe,"Suite 759 7720 Chong Square, Noelleland, SD 18297-9433",+15778956007,asa@batz.example,False,44376
46618,Marni Nolan,"Apt. 620 84545 Hoppe Gardens, West Reynaldo, MO 69598",+12588993913,raisa.jacobs@macejkovic.example,False,46618
45748,Ozzie Leannon,"441 Larkin Fort, West Refugio, MT 41538-7413",+12046878468,fabian.pollich@prohaska.example,False,45748
45072,Rowena Kunze,"Apt. 939 69223 Cecil Freeway, O'Connellville, PA 74368",+13273162243,lupe_lueilwitz@harris-abbott.example,False,45072
44699,Laronda Goyette,"Suite 137 14652 Jonah Lodge, Rodrigoland, WI 79166",+12188451165,roger@bogan-raynor.example,False,44699
46358,Broderick O'Reilly,"Suite 432 5018 Davina Place, Gloverfurt, TN 01056-0640",+11246432579,rena@heathcote.example,False,46358
46581,Yelena Raynor,"Apt. 715 50358 Okuneva Drive, Brekkestad, MS 63998-3156",+14628900861,brian@hagenes.test,False,46581
47466,Coy Veum,"364 Haley Street, Lake Alisia, UT 80811",+17088702347,helene@collier.example,True,47466
45783,Msgr. Frankie Cummings,"6934 Nolan Shoal, Ramonhaven, MS 20017-3666",+15298154127,michal.konopelski@harris.example,False,45783
46595,Berna Schmidt,"Apt. 715 194 Kirlin Crest, South Yvonnemouth, PA 02196",+13258363333,juliet@morar.example,False,46595
47025,Gidget Hintz,"470 Lakin Springs, Lake Sudie, CT 36453",+11462278844,tuan@welch.test,False,47025
47201,Rep. Andra Rolfson,"507 Jast Heights, Lake Roselleton, HI 60262-1755",+12724481485,jarod@pollich.test,False,47201
44434,Sen. Jenifer Blanda,"Apt. 271 1730 Stehr Tunnel, East Vadastad, SC 35866",+16766350742,kerry@marvin.example,False,44434
45927,Zenia Shields,"107 Warner Loaf, Drewside, MD 70561",+12867559829,kyle.huel@borer.example,False,45927
46902,Marti Brekke Lld,"6687 Marquerite Road, New Normanhaven, NE 18069",+15816615357,alphonso.harris@grant-feil.example,True,46902
45862,Racquel Brekke,"551 O'Connell Squares, South Lannieburgh, MA 88337-1568",+18837578187,levi@hilll-brown.example,False,45862
45999,Norbert Brakus,"Suite 360 5732 Ledner Junction, Erinville, MN 85641",+14451483997,curtis@heathcote.example,False,45999
44796,Nicholas Homenick,"313 Ebert Dale, West Johniechester, AZ 03681",+14649158890,russ_deckow@kshlerin.example,False,44796
46209,Tenesha Goyette,"Suite 195 7999 Elmer Prairie, Port Jeanette, TN 85693",+16772193562,jean@feil-wunsch.test,False,46209
45284,Ira Weissnat Dc,"Suite 759 89357 Miguel Unions, New Viviana, NC 70011",+19817739545,beau.cruickshank@mclaughlin.test,False,45284
47601,Pres. Samara Champlin,"210 Jonah Place, East Juniormouth, SD 89122",+17070411321,mary_daugherty@quigley.example,False,47601
47451,Mose Towne,"Apt. 373 660 Strosin Falls, West Joliestad, MA 11281",+12994967299,alfredo@murray.test,False,47451
47398,Natasha Glover,"8295 Alphonse Locks, Darceyburgh, ME 37868",+17390849563,connie@pacocha.test,False,47398
46334,Msgr. Jessie Schaden,"881 Boehm Street, Port Laverna, CO 90153-8512",+11407294794,kamala.heller@gorczany.example,False,46334
46095,Jody Howe,"2366 Abdul Curve, Kuphalmouth, WY 27208",+14723936510,kellye@littel-schuster.test,False,46095
47456,Andre Prosacco,"Apt. 790 5423 Raynor Mountains, Lynchport, PA 98191",+17614800530,matha@kutch.test,False,47456
44524,Jefferson Reynolds Iv,"58769 Karleen Creek, Everettechester, UT 33324",+16824874692,marx@fisher-nienow.test,False,44524
46660,Delbert Wiza,"Apt. 115 85045 Larson Course, West Dorla, MI 07774",+18275270195,jacinta@satterfield.example,False,46660
44394,Kina Reilly Ii,"612 Tricia Fort, Uptonside, TX 86847",+19370227355,chae_wunsch@ritchie.example,False,44394
44885,Fr. Abbie Weber,"977 Majorie Junctions, East Veronamouth, RI 71932",+17552001130,donovan@rowe-heathcote.example,False,44885
45488,Susanna Hermiston,"Apt. 520 6416 Taylor Streets, West Aleshaview, IA 20520",+16483820937,sol_purdy@little-wilderman.example,False,45488
47214,Albertina Hessel,"114 Pouros Crescent, Lake Thanh, NV 69648",+15487570289,dana_hammes@stehr-reichert.example,False,47214
47237,Danilo Ritchie,"Apt. 802 68829 Satterfield Neck, Rolfsonton, TN 83429-8696",+17480354305,darcy.hettinger@pouros-wisoky.test,False,47237
45157,Shena Collier,"838 Janie Harbor, Batzland, DE 72311-0457",+18050605957,jess@sawayn.example,True,45157
45912,Ms. Randolph Fahey,"3733 Durgan Mall, South Tamikahaven, KS 14716",+13234911233,graciela_jaskolski@gottlieb.test,False,45912
45917,Dr. Versie Goldner,"54222 Morgan Junction, North Tawanna, OK 49202",+12419369731,bronwyn@lebsack-brakus.test,False,45917
44895,Season Sauer,"86663 Kyle Extensions, Paucekmouth, IN 36524",+15336463306,wilburn@mills-west.example,False,44895
47494,Judson Abshire Cpa,"340 Phillip Port, Christianeborough, NE 01077",+15944518464,myrtle_jast@veum-zieme.test,False,47494
45518,Nigel Batz,"Apt. 331 7662 Shon Vista, Hillshaven, MN 97319-3379",+19790587188,latisha@metz-collier.example,False,45518
47146,Bethann Jenkins,"9491 Labadie Mall, East Galefurt, MS 15396-8256",+16586803031,jerry@kuphal-kuhn.test,False,47146
47134,Long Cremin Dds,"6306 Marquis Creek, Port Kurtstad, MO 52052",+14640010127,yang@schamberger.example,False,47134
47346,Howard Mckenzie Jd,"537 Christoper Brook, Port Chere, CA 94201-5573",+16646504406,temple@davis.example,False,47346
44637,Santa Champlin,"Suite 575 3007 Jacobson Prairie, New Janettberg, CA 65202-9680",+18964723865,felton@predovic-daniel.test,False,44637
45592,Travis Zulauf,"Suite 139 491 Bethany Canyon, South Stellafurt, CO 84938",+11140544464,kim@heaney-gerlach.example,False,45592
45403,Kareem Hahn,"Suite 404 57659 Francis Parkways, Schinnerside, SC 75283",+14153363103,omar@green.example,False,45403
45745,Rachelle Monahan,"88388 Yael Heights, Adriannechester, TN 09909-5873",+15149557563,nichole@aufderhar.example,False,45745
44836,Gov. Zachariah Franecki,"2415 Giuseppina Falls, East Emile, AL 84019",+13366732362,elijah@adams.example,False,44836
45330,Pasty Mcglynn,"3708 Schamberger Lodge, Streichstad, MD 05843-7086",+16168491739,willene@will.example,False,45330
45470,Reyes Hickle,"2573 Carlton Forges, West Amandabury, IN 88994-4870",+15530090964,boyd.collier@lockman.test,False,45470
44863,Arminda Fay Do,"Apt. 844 7682 Abbott Cove, West Silvaview, ND 03748-9948",+15611482156,addie@witting.example,False,44863
47396,Michael Hansen Dvm,"Suite 102 38460 Monet Crescent, Hansenberg, OK 87514",+15380897993,esmeralda.bailey@durgan-mohr.example,False,47396
47628,Ms. Wendi Tremblay,"568 Rob Divide, West Shastaport, NV 25857",+18404756360,luigi@leffler.example,False,47628
47112,Virgen Goodwin,"91023 Homenick Station, West Barryland, WV 79948-9542",+15211583745,sandy.stokes@beer-mueller.test,False,47112
45629,Gary Zulauf,"7031 Langosh Rest, Raeville, RI 02976",+11922484688,faith@terry-white.example,False,45629
45078,Sen. Dave Becker,"Suite 877 681 Houston Avenue, New Sandie, MA 97570-6804",+16093622425,latanya@jerde.example,False,45078
47575,Dr. Branden Veum,"911 Kovacek Crest, Port Armando, OK 65134-4957",+12243501950,vernice_mraz@treutel.test,False,47575
47192,Blaine Wisoky Vm,"18688 Altenwerth Glens, Port Shakita, AK 01009-9695",+14047725669,rosina@rempel-bogisich.test,False,47192
46676,Cameron Cremin Jr.,"Apt. 587 77736 Champlin Roads, Port Georgann, PA 81424",+14974883829,lee@feest-pfeffer.test,False,46676
47017,Ignacio Harber,"Suite 437 234 Metz Land, Robinborough, TX 07017",+15384392169,donte.oconner@pouros-walter.example,False,47017
47078,Gaston Heidenreich,"Suite 118 9394 Stroman Creek, Cedricfort, KS 39363",+12097144891,mckinley_sanford@zemlak-schmeler.example,False,47078
44409,Felipe Senger,"Suite 632 2093 Normand Loaf, Shaundaview, OK 24203",+17425032647,fidelia.walter@ratke.example,False,44409
46816,Rolande Monahan,"221 Hand Brook, Jaleesaland, KS 48094",+12204216549,jackson@schmitt.example,False,46816
47225,Rosalyn Boyer,"8984 Tromp Knoll, Rickiemouth, LA 47924",+11295637164,aurea_schulist@upton-wuckert.test,False,47225
47125,Jacques Bergstrom,"9381 Lang Shores, New Marchelleburgh, NC 54589",+17222786485,birdie.gleason@dickinson.example,False,47125
45719,Mr. Evan Kshlerin,"Apt. 111 208 Rodriguez Inlet, East Ronshire, TX 32070",+13410411637,cleveland@williamson.test,False,45719
44543,Rhoda Deckow,"4129 Doyle Well, Deloresstad, IN 79726-5419",+15228301667,tyron@bruen.example,False,44543
46801,Travis West,"8838 Wehner Lodge, Johniehaven, FL 84093-5200",+14116946536,quinn@haag-raynor.test,False,46801
46817,Marla Schmeler,"Apt. 377 767 Vasiliki Ports, Port Jasmine, WY 70321",+17955198889,elizabet@leffler-keebler.test,False,46817
46006,Ardith Beer,"298 Block Station, Kamberg, NV 53834-1935",+19810583824,jerold@mante-spencer.test,False,46006
45973,Ms. Lupe Leffler,"4990 Earle Gardens, North Brittani, MD 08333",+14364211333,ernest.aufderhar@jones.test,False,45973
45207,Maurice Wisoky Vm,"Suite 747 9741 Harris Station, Lednertown, LA 67672-1021",+11585811532,keith@huels.example,False,45207
45228,Lucretia Kerluke,"129 Brigette Cape, Karrymouth, NV 94292",+12573488973,darius@bartoletti.example,True,45228
45825,Reynalda Kub Ret.,"Suite 600 1146 Reynaldo Groves, North Guadalupemouth, MN 18505-9749",+12543030835,leigh@feeney-bailey.test,True,45825
46612,The Hon. Roger Hauck,"Suite 584 808 Will Locks, South Leonila, CO 75697-8474",+16718891044,idella@swaniawski-jerde.test,False,46612
46916,Alta Herman,"Suite 690 8928 Franecki Ramp, Miltonland, RI 54545",+14323757105,ferne.schneider@will-cole.test,False,46916
46533,Tonda Barrows,"786 Crooks Landing, Dooleyshire, GA 72554",+14776153024,lowell@wilkinson.test,False,46533
47447,Stefan Howell,"34578 Ramon Skyway, Wilkinsonhaven, VT 92035",+19493591792,delta_emard@kirlin-sporer.example,False,47447
47416,Reed Mayert Iii,"Suite 685 6652 Lashaun Rapid, Johnsport, AR 32388",+15790055339,rivka@vandervort-heller.example,False,47416
47034,Bennie Cremin Jr.,"7390 Dietrich Brook, Port Cole, AR 60542-4610",+11464877284,aida@balistreri-lindgren.test,False,47034
45056,Romeo Yost,"474 Goyette Rest, South Sherronborough, AK 86637-5075",+11929629508,cameron@rodriguez.test,False,45056
44653,Martin Lemke,"Suite 256 6942 Aurore Mount, Weimannbury, WV 27977-9075",+19310318368,grant@ortiz.example,False,44653
47577,Dominick Rodriguez,"Suite 304 605 Nathan Mountain, Mellisamouth, FL 41859-3279",+11545703343,royal.hyatt@huels-harris.example,False,47577
46273,Rosamond Schoen I,"867 Maya Glen, Samshire, TN 59248",+17608422465,russell@stokes.example,False,46273
44739,Vernon Howell,"652 Herzog Unions, Lake Lizzieview, MI 90707-6308",+18069741124,alexander.tremblay@crist-brekke.example,False,44739
47443,Adam Okuneva,"Apt. 537 4469 Botsford Crossing, West Christen, OR 80553",+16202737109,savanna.hilll@kling-macejkovic.example,False,47443
45933,Essie Klocko,"Suite 356 9835 Moen Junction, West Melanieview, SC 02980",+14229063998,wesley@reichel.example,False,45933
44428,Kaila Monahan,"Suite 888 53871 Schultz Street, Dahliamouth, ND 48896",+12247503993,crystal@hilpert.example,False,44428
47184,Dr. Alita Hoppe,"Apt. 808 5228 Kemmer Camp, Leaton, WY 11036",+11016513544,stacie@larson.test,False,47184
45948,Jaqueline Hane,"Apt. 768 901 Arlena Park, East Yee, DE 02805",+17178529562,rocky.farrell@boyer.example,False,45948
45096,Annabell Ziemann,"670 Turcotte Via, Roscoeberg, GA 52608",+16664603503,leon_rempel@moen.test,False,45096
47266,Kelvin Gleichner,"97172 Kerstin Square, Jessicastad, MI 13023-8484",+15118691279,thea@johnson.example,False,47266
44611,Jacinto Will,"Suite 284 15465 Clyde Mews, Runtestad, AK 72439",+14598109562,elias.ankunding@kirlin.test,False,44611
46408,Ethan Medhurst,"Apt. 857 20568 Murazik Springs, West Kortneyshire, TN 54642",+17308215075,lance@kozey.test,False,46408
45987,Violette Armstrong,"41957 Nan Views, East Willy, OK 04384",+18291267143,gail.oconnell@yundt.test,False,45987
45803,Fr. Clemente Bosco,"Apt. 732 769 Kemmer Avenue, Hectorport, MS 78842",+13571834661,joel@swift-batz.example,False,45803
45888,Rosette Boehm Vm,"Apt. 472 3217 Dach Branch, Stammburgh, OR 03707-1772",+14945643061,linette@mcclure.example,False,45888
45521,Nicolette Trantow,"Apt. 301 2628 Eulalia Viaduct, West Kelle, NY 43927-4367",+13573042789,alissa_gulgowski@hirthe.example,True,45521
45273,Marline Purdy,"30382 Hackett Harbors, East Haywoodhaven, NC 67446-6875",+13785573592,lavonia@abshire.test,False,45273
44874,Michal Rowe Cpa,"Apt. 685 6064 Coleen Square, New Patburgh, CO 35535-6358",+18866977489,isadora_kozey@sawayn-lang.test,False,44874
44612,Warner Lowe Iv,"83287 Wilfredo Plaza, Greenholtville, PA 23108-9347",+18063562189,chong_raynor@borer-hermann.example,False,44612
45278,Francesco Veum Jr.,"85052 Nohemi Rapid, Mohrton, NJ 51370",+12721324238,sherri.abshire@abshire-boyle.test,True,45278
46883,Bart Cartwright,"202 Russel Prairie, East Eliasborough, AK 73480-8372",+18048533097,dianne_turner@bradtke.test,False,46883
44369,Andrea Kemmer,"Suite 555 8276 Delora Avenue, Jadwigatown, KS 79694",+15228792801,amber@veum-hermann.test,False,44369
44435,Donovan Runolfsdottir,"491 Juan Orchard, Iveyville, WY 75887",+13916254199,kenda@osinski.test,False,44435
47604,Emelina Jakubowski,"Apt. 490 3379 Griselda Plains, Lake Lenstad, SD 14094-0246",+11336186923,melvin_jakubowski@gulgowski.example,False,47604
45526,Amb. Giovanni Huel,"Suite 890 3435 Cormier Point, Edmundport, WI 15262",+16744223967,ute@boyer.test,False,45526
47479,Quinn Bernier,"5315 Tonisha Knolls, West Lillianaside, IA 85442-4187",+11363126208,marcia@swaniawski.example,False,47479
45625,Franklyn Hermiston,"Apt. 399 40738 Bennie Lane, Danielabury, VA 32341-6437",+14313541784,holli@luettgen-doyle.example,False,45625
45302,Hung Russel Ret.,"Apt. 235 4025 Deckow Tunnel, South Kellistad, MN 77961-8770",+15078358576,quincy_klein@ohara-toy.example,True,45302
46619,Dr. Donnie Veum,"5843 Rosette Locks, Parkermouth, MD 93442",+16618885349,tomas@kertzmann-bailey.test,False,46619
44913,Minnie D'Amore Jd,"549 Dibbert Groves, Lynnbury, WI 50135",+14078635585,antonina_kertzmann@marvin-larson.test,False,44913
46554,Miss Kassandra Bergnaum,"Suite 419 540 Preston Light, South Ilsehaven, DE 45231",+17990538109,florence_mosciski@schumm-daniel.example,False,46554
46079,Brenton Shanahan,"Suite 110 8617 Wes Manor, Nienowmouth, AZ 40156-4440",+18364089701,jerold.parker@champlin.test,False,46079
46669,Cedric Botsford Dvm,"5655 Buster Causeway, Lake Keturah, MA 75511",+14792972995,fritz.gerhold@kemmer.example,False,46669
45453,Berry Gerhold,"557 Douglas Corners, South Jarodburgh, NJ 33448-6118",+14620921174,dante_tromp@gutmann.test,False,45453
45601,Nigel Ullrich,"7731 Luther Skyway, East Horacestad, ID 94447-7073",+18096583407,everette@kertzmann.test,False,45601
45711,Chery Klein,"12567 Alecia Lodge, East Gerthabury, NE 55541-9949",+19437774981,maryalice.vandervort@spinka.test,False,45711
46674,Arie Herman,"73709 Lonna Ridge, McClurehaven, MN 91953",+12192366524,anton@brown-marquardt.test,False,46674
45000,Mrs. Ray Weimann,"Apt. 177 2538 Daniel Avenue, East Kristofermouth, WI 52206-0586",+15558145785,deshawn@boyer.test,False,45000
46667,Kassandra Mitchell,"Apt. 279 98511 Cronin Center, Reynafort, NV 66956",+11291218832,meredith_mitchell@moore-bradtke.example,False,46667
45859,Clifford Davis Jr.,"4076 Brett Trafficway, Port Leif, CT 66778-0519",+16205068760,wilmer@weissnat-mraz.test,False,45859
44483,Major O'Reilly,"57083 Shayne Islands, Port Stacey, MN 67969-5424",+17826919953,paulita.denesik@price.example,False,44483
46644,Randee Bergnaum,"Suite 460 45069 Haywood Streets, North Gabriel, UT 80629-3386",+13007330467,theodora_feil@hoppe-kohler.example,False,46644
47608,Mrs. Quincy Koepp,"Suite 878 40616 Robin Street, Kunzeland, NC 48154",+12423347437,carmelo.murray@weissnat-metz.test,True,47608
45002,Hosea Yundt Vm,"Apt. 136 20762 Victor Prairie, Port Lavonna, CO 65250",+14936191054,lala@shields.test,False,45002
44824,Grover Torp,"Apt. 897 9422 Jeremy Common, East Katharynmouth, NE 70113-1548",+13927968823,lanie@bernier.test,False,44824
44447,Zora Emard,"4196 Blick Parkway, Lake Kristi, PA 77772-2067",+17924366680,coleman@kassulke.example,False,44447
45661,Mrs. Gregory Lindgren,"Apt. 626 396 Simon Locks, South Marth, WV 97603",+18172344110,santiago_jerde@graham.test,False,45661
45916,Laquanda Tremblay,"Apt. 431 343 Ollie Mission, West Leoniafurt, MT 42173-8989",+13669377247,afton@ferry.example,False,45916
44455,Sarita Nicolas,"822 Lowe Shore, West Jimland, VT 22191",+11243052082,jessie.fritsch@spencer.test,True,44455
47467,Mia Fritsch,"Apt. 918 227 Trey Plaza, Runteville, NM 39569",+12190314153,horace.okuneva@welch-mraz.test,False,47467
45528,Dallas Wisozk,"92596 Pollich Crescent, Dickensmouth, VA 94779-6610",+11282890209,maple.reichert@ebert.test,False,45528
47599,Domenic Luettgen,"Suite 734 2834 Granville Port, Lonnieshire, MT 30366-5135",+16146153639,dong@prohaska.test,False,47599
46768,Pres. Jordan Rice,"2951 Balistreri Stravenue, New Toddfurt, WI 40372",+15217896952,tonja@hoppe.example,False,46768
47310,Wilburn Konopelski,"Apt. 561 593 Kutch Terrace, South Robert, MD 78792",+12275685190,grady_considine@nolan.test,False,47310
46213,Jefferey Auer Md,"Apt. 225 4158 Mario Lodge, Garyhaven, CO 16804",+11220673942,kandice@padberg-renner.example,False,46213
45687,Shara Konopelski Iv,"64593 Nigel Cliff, Bobbyfurt, VT 53420",+17272496873,sherwood_gulgowski@simonis-nitzsche.example,False,45687
46785,Mr. Harvey Sauer,"7138 Schmitt Summit, Michaelstad, NV 12543-0613",+18850299905,paul@medhurst.example,False,46785
45585,Geoffrey Lehner Iii,"Suite 644 77149 Schiller Villages, Beattyfort, OH 69481-8065",+13478189963,catherin.torphy@leuschke.test,False,45585
47273,Frankie Simonis,"Apt. 909 7850 Lowe Lodge, North Petrinaville, TN 11597",+15402946953,mammie@bahringer.test,False,47273
46254,Bob Beahan,"4462 Claudine Valleys, Hellerside, AL 59726",+12083005236,forest@jacobi.test,False,46254
46963,Mariela Reichert,"Suite 522 70253 Hal Turnpike, Sherymouth, RI 74941-5389",+11173067091,elyse@hodkiewicz.example,False,46963
45708,Juan Harber Do,"254 Balistreri Isle, Lake Magaret, OH 16696-3538",+17602395097,marisha@cronin.example,False,45708
46546,Coy Berge,"83359 Doretha Motorway, Runolfsdottirbury, ND 70812",+19245257398,marquis@powlowski-kling.example,True,46546
45128,Msgr. Hiram Osinski,"Apt. 215 9282 Tromp Turnpike, West Marshall, OR 12102",+14021107546,yvette_kreiger@schoen.test,False,45128
45836,Lera Mayert,"Suite 118 57882 Grady Plaza, Monroeberg, AL 96895",+16988198371,stacy@simonis-bogan.test,False,45836
44807,Amina Hermiston,"Suite 547 298 Robt Ramp, West Coralieland, TX 75548-9562",+13454590758,charmaine@dickens.test,False,44807
46821,Ms. Reed Feest,"Suite 899 1113 Metz Inlet, Karyport, VA 89681-3970",+14961405717,hae@deckow.example,False,46821
45593,Msgr. Torrie Oberbrunner,"865 Heller Rapids, Port Nerissaburgh, UT 07392-6620",+12223684218,daisey@brown.test,False,45593
47445,Sylvester Feil,"824 Pacocha Locks, North Mauricio, SC 48743",+17266663851,chuck@block.test,False,47445
45956,Dennis Lockman,"90838 Cordia Orchard, South Emile, MT 88379",+16507844777,trinidad@zemlak.example,False,45956
45383,Carmine Yundt,"Apt. 265 68237 Keith Harbor, Port Shannon, MI 05606-6953",+15148818242,ruthie.willms@lynch.test,False,45383
46196,Wes Volkman,"Apt. 858 1090 Cordia Spurs, East Mistie, OH 62889-6932",+16627063980,tyson.johnson@bergstrom.example,False,46196
46167,Rozanne Raynor Sr.,"Apt. 207 96602 Luis Island, New Rolanda, IA 56921-9285",+13576526426,brigette@kuhn.test,False,46167
44494,Ellsworth Huels,"136 Rico Mountain, Celestinaton, MS 59406",+17897402091,kenton@skiles-aufderhar.test,False,44494
45414,Rep. Buster Lemke,"Apt. 528 11358 Minna Islands, Vandervortmouth, ID 92098-6314",+11219827474,milda@huel-kuhic.example,False,45414
47538,Jeromy Nitzsche,"746 Brad Pine, East Norris, SC 54630",+17080099678,rafael@deckow.example,False,47538
47518,Martin Langosh,"Suite 692 723 Tromp Views, Quitzonborough, NV 74200-7897",+18564484833,vincent.halvorson@smith.test,False,47518
47077,Lowell Wehner,"670 Stracke Orchard, Assuntaville, MO 31092",+16221960023,lincoln@smith.example,False,47077
45704,Joeann Hills,"6786 Nannette Extensions, East Mathew, MD 11794",+11147102246,sonny@berge-kessler.example,False,45704
45329,Frankie Stark,"24409 Quitzon Gardens, Rutherfordfurt, WI 83773-9434",+14134060615,quintin@lakin.test,False,45329
45400,Sueann Nitzsche Do,"234 Hoa Street, Port Heathtown, MI 42719",+14362721215,reggie@farrell.test,False,45400
45595,Fr. Dusty Koch,"2012 Annabell Terrace, Katerineberg, MT 45855-6104",+16779578908,gregorio.gislason@heathcote-dibbert.test,False,45595
44805,Shameka Blick Ii,"7190 Miquel Ramp, Gutmannport, MT 98755-5874",+19497774562,cristopher@willms-ledner.test,False,44805
47319,Agnes Powlowski,"845 Niesha Plaza, Ricechester, KY 20730-6392",+12494972151,mahalia.dickinson@senger.test,False,47319
46310,Patrick Hand,"Suite 839 38272 Sauer Turnpike, New Laraburgh, MA 62777",+15843891095,dexter_cartwright@hand.test,False,46310
45736,Juan Sipes,"9502 Elliot Branch, Hegmannfort, IA 38882",+13259330909,scotty.breitenberg@kuphal.example,False,45736
44880,Rep. Iva Lebsack,"742 Hintz Cliffs, Lake Hymantown, WY 51855-4511",+11970327864,cecil@hills.example,False,44880
44969,Sabine Reichel,"72747 Samuel Summit, Abbottside, AR 15826-3226",+13222535271,jaquelyn@greenholt.example,False,44969
45483,Wilson Cruickshank,"991 Marivel Light, Claytonville, CT 68781",+17740936614,johnson.pfannerstill@nienow-wunsch.example,False,45483
46512,Berna Ondricka,"4778 Doyle Loaf, Lake Rolandoport, IN 55134",+14203726777,jetta@willms-wiza.example,False,46512
46724,Armando Labadie,"Apt. 372 367 Earle Views, West Desiremouth, SC 19399",+17290966171,charley@harber.test,False,46724
46645,Kandace Hoppe,"Suite 640 17498 Emard Neck, North Delorseberg, WV 86380-2374",+13545986100,willard.hermiston@pfeffer-jones.test,False,46645
47521,Yong Marvin,"207 Terry Shoal, New Elijah, TN 87146-8770",+17281674770,collene_rice@crooks.example,False,47521
44454,Raleigh Grant Ii,"3605 Sporer Haven, Gloverport, NJ 65264",+18875749874,essie.braun@gusikowski.example,False,44454
45180,Junie Flatley,"3160 Christiansen Harbors, West Granville, OR 01746",+14851992391,melinda@yundt-mcclure.test,False,45180
46617,Efrain Brakus,"4089 Dare Branch, Bartellborough, CA 77274-4572",+14067477200,jim_dietrich@russel-king.example,False,46617
44402,Chang Klein,"720 Emmett Plaza, Jamieport, KS 86141",+17303347993,ariana@zemlak.example,False,44402
44688,Bertram Wilderman,"Suite 348 9751 Linwood Mills, Loweville, WV 51948-4561",+16573705556,celestina_kessler@green.test,False,44688
45258,Dave Hartmann,"Suite 102 60540 Marilou Ports, Lake Venice, WI 67589",+11896781929,abel.runte@christiansen.example,False,45258
46061,Rep. Robt Vandervort,"Apt. 347 3074 Parker Greens, Matthewborough, NV 71037",+18695198903,tula@pagac.example,False,46061
45841,Adolfo Gorczany,"5909 Hills Glen, Jacquilinehaven, NC 35891-0601",+14595974238,trinidad_mcglynn@bradtke-moen.test,False,45841
45968,Rolf Prohaska,"Apt. 788 951 Dianna Pike, South Shawnta, MD 06705-1050",+15273727555,hassan_trantow@fahey-hagenes.example,False,45968
44883,Mariano Schumm,"Suite 394 4286 Prohaska Circle, Lake Beata, CA 35825",+18703485292,francene_reinger@ortiz.example,False,44883
44669,Jeffrey Ernser Esq.,"Apt. 161 404 McDermott Mill, South Jonahfort, OH 73422",+19274093909,maxie.kertzmann@pagac.test,True,44669
46920,Esteban Hoeger,"Apt. 884 425 Rochell Point, Feestberg, OH 75637-2766",+18573152774,christopher_satterfield@rice-watsica.test,False,46920
45709,Rep. Justin Mraz,"2098 Signe Cape, North Stanford, CA 31636-8900",+18699688497,rico@toy-schaden.example,False,45709
44728,Melba Emmerich,"Apt. 635 872 Cummings Unions, East Manie, FL 28054",+18159510574,eldon_beahan@bergnaum-smith.example,False,44728
46648,Royce Nitzsche,"63753 Lurlene Land, Franeckibury, NJ 86647-7842",+14420786982,huey.dicki@schoen-renner.example,False,46648
46471,Whitley Brown,"466 Nigel Ridge, McKenziebury, OH 63290-9904",+11290794840,kasie.greenfelder@koepp.test,False,46471
47517,Osvaldo Schuppe,"Apt. 588 352 Gleichner Crescent, South Lupefurt, VT 24808",+15377672863,trena_kirlin@mayer-bauch.example,False,47517
46485,Lyman Franecki Dvm,"203 Marcel Loop, Wayneland, GA 95511",+17826830815,tangela_parisian@deckow.example,False,46485
47137,Traci Bradtke,"Apt. 168 5943 Ankunding Rapid, Mandibury, VA 28100",+18903360781,berry@tillman-kunde.test,False,47137
47598,Rev. Mitch Lubowitz,"74339 Robby Crescent, Andresfurt, TX 90753-5493",+15644293183,mel@shields-romaguera.test,False,47598
47367,Milo Kuhn,"8139 Lowe Prairie, Schummshire, NM 96104",+12218007732,ma@mayert.example,False,47367
46675,Toby Hayes,"42270 Lezlie Ways, Port Marianofort, FL 00349-1272",+13138801686,lynna_bernier@ruecker.example,False,46675
45798,Robin Lindgren,"Suite 752 196 Pacocha Keys, North Tyrellside, TX 83870-5314",+11053765053,ruben@bernier-terry.test,False,45798
46001,Jordon Baumbach Do,"Suite 241 55130 Stiedemann Estates, East Royce, IL 21453",+11722942957,manual@huels-herzog.test,False,46001
46520,Bobbie Toy,"6742 Lebsack Coves, Jacobsshire, MT 03772-2766",+15968833566,lavonna_langosh@hamill-mccullough.example,False,46520
45495,Desiree O'Connell,"Suite 199 800 Glynda Squares, Port Teshaberg, MN 44431-5179",+15592458505,lou_kuhn@durgan-hahn.test,True,45495
44968,James Borer,"418 Jonnie Keys, Murazikburgh, OK 60070",+15261022312,prince@fay.test,False,44968
45977,Normand Bergstrom,"Apt. 192 41840 Ike Estates, Port Catrinaborough, AK 39823-6424",+16424754389,rex.dare@pfannerstill.test,False,45977
44925,Shad Stanton,"Apt. 764 83384 Forrest Loaf, Courtneyburgh, NV 91241-9042",+18872021925,mamie_yundt@cartwright-ratke.example,False,44925
45126,Tuan Robel,"Suite 821 765 Mayert Village, Westchester, CO 67239-3991",+12699797132,traci_osinski@fay.example,False,45126
46523,Luciano Schaden,"285 Kirlin Turnpike, South Dan, MA 41518",+14330653109,ronald@sporer.test,False,46523
47315,Jeremiah Grant,"90844 Blick Throughway, Graigfort, WA 57208",+12798580962,ellis@buckridge.example,False,47315
44390,Mr. Valeria Mccullough,"Suite 861 36112 Nelia Road, O'Keefefort, KY 90565",+13613785533,bradley_weissnat@huels-orn.test,False,44390
44769,Sen. Odell Schneider,"Suite 250 2291 Altenwerth Track, Forestburgh, OK 23972-5789",+14173576269,ahmed@king-haley.test,False,44769
45001,Delmar Bruen,"Suite 332 868 Napoleon Union, West Ivonne, LA 14233",+19309153469,ike@bode-lang.example,False,45001
44567,Msgr. Ronny Lubowitz,"Apt. 705 147 Ralph Viaduct, Gorczanyton, WV 17753",+11239354242,shelli@skiles.test,False,44567
44967,Carmen Wolff,"Apt. 379 197 Bernardo Field, West Oleta, AL 77203",+11715251811,herb.anderson@dietrich-koelpin.example,False,44967
46127,Rosann Jerde,"Apt. 288 1866 Pacocha Circle, Parkershire, NC 07505-8322",+14937285447,salvatore_veum@bode.test,False,46127
44735,Sherley Barton,"Suite 706 8695 Jorge Viaduct, West Scottieshire, NE 19857",+19040727136,janna@dooley.example,False,44735
45269,Onie Mitchell I,"Apt. 368 76587 Larkin Cliffs, O'Reillystad, LA 93375",+17296747958,jose_oconner@west.test,False,45269
47251,Marvel Heathcote,"Apt. 202 74428 Leffler Ways, West Randa, SD 51766",+13095237610,pearly@koch-gibson.example,True,47251
44772,Kelley Toy Phd,"Suite 783 63412 Claud Drives, Rolffurt, AK 06403-8761",+15782980447,dianne@rowe-kemmer.test,False,44772
47254,Adeline Oberbrunner,"Suite 827 920 Moshe Heights, Port Coleen, MN 09091",+15823165896,fletcher@jacobs-leuschke.example,False,47254
47353,Beau Kulas,"3034 Gretta Parkways, South Shauna, KY 39668-0181",+18924895150,tawna_rippin@barton.test,False,47353
45367,Imogene Crona Ii,"Suite 714 8803 Yost Heights, West Dennisview, VT 97018-2031",+12878455897,ernest@lang-bode.example,False,45367
47355,Qiana Mckenzie,"Apt. 271 84425 Weimann Crossing, O'Connerfort, AZ 18143",+12227315822,marisha@streich.test,False,47355
45231,Willy Macgyver,"3510 Morissette Ports, North Mitch, NC 35347",+15154632944,laticia.goldner@brakus.example,False,45231
47331,Lizabeth Dach I,"951 Karly Crescent, Heidenreichborough, ID 60973",+16492842676,glenn@kirlin.example,False,47331
46682,Rolando Reichel,"Suite 244 62810 Mariel Plaza, New Antoniastad, CA 30910-3024",+17929342655,harold.weimann@schowalter-hodkiewicz.example,False,46682
44856,Sharyl Mante Esq.,"26035 Emil Spring, North Shannanfort, WY 01118-8758",+19040807521,willis_koch@windler.test,True,44856
45532,Buddy Fritsch,"190 Jackeline Prairie, Lake Ethelynview, SC 85327",+17504957060,gordon@purdy.example,False,45532
45776,Isaura Rosenbaum,"22763 Keneth Brook, South Justin, VA 11932-2632",+15221932425,nadine@walker.test,False,45776
45669,The Hon. Leeanne Daniel,"2963 Adalberto Ford, East Jerrodfort, CA 37141",+18233106867,jarrod.medhurst@brakus.test,False,45669
46220,Quentin Corkery,"Suite 321 352 Janean Forges, New Tasha, OK 13333",+16564764017,andrea.hermiston@hodkiewicz-kreiger.test,True,46220
46094,Bernard Hessel,"Apt. 942 5994 Agustin Meadows, Wehnermouth, IN 94894",+16921883776,jarrod_donnelly@bartoletti-funk.example,False,46094
46800,Mariann Pfeffer,"1254 Cedrick Place, Legrosfurt, SC 90151-3684",+19997832554,sherrell_reinger@boehm.example,False,46800
45204,Deneen Weber,"Suite 345 377 Dierdre Forks, Sauerburgh, CT 59707-6862",+19903524122,bret@nikolaus.test,False,45204
46859,Dr. Gil Legros,"Suite 584 27816 Ina Village, East Joaquin, TX 48239",+17430960441,keesha_hintz@kunde-bernier.example,False,46859
45830,Marquis Prohaska,"Apt. 884 47974 Jefferey Row, Shelbychester, HI 39764",+11174846089,brain@padberg.example,False,45830
47441,Gov. Tyrone Harris,"800 Hagenes Lodge, Rosenbaumchester, MN 86684-6176",+17269535785,berna_watsica@ziemann-kohler.example,False,47441
44522,Romana Greenfelder,"97716 Mercedez Walks, South Jorge, AK 82518-4223",+19435311726,sandee@dicki.example,False,44522
46626,Kenyetta Pacocha,"7506 Rodrick Manors, South Vince, NJ 07822",+15013214667,rene@lind-mclaughlin.example,True,46626
45396,Meggan Huel,"9623 Witting Highway, New Melisaberg, CT 07544",+15871500099,herbert_lang@bayer.test,False,45396
44756,Josue Rowe,"3001 Tromp Rest, New Lucio, MD 91429",+18583136082,luther@ondricka.test,False,44756
44694,Antonio Bartell,"5287 Spinka Villages, Port Moshe, MO 77717",+19572301422,maritza.balistreri@hyatt.example,False,44694
45196,Cassandra Koelpin Iv,"Apt. 917 335 Parker Isle, Durganshire, TX 65788-6194",+16152739176,stanton@strosin.test,False,45196
44854,Tommye O'Keefe,"Apt. 642 6319 Sammy Knoll, Goodwinbury, ND 35847-2703",+17509490131,angeline_botsford@mraz.example,False,44854
47115,Claude Senger,"10232 Audrey Plaza, Kuhnberg, MI 45828",+15420003942,salvador.robel@kassulke-graham.example,False,47115
45387,Shameka White,"Apt. 634 41673 Dominique Parkway, Torpstad, VT 25120",+16112217698,matthew@jakubowski.test,False,45387
45263,Shon Boyer Esq.,"Suite 393 59149 Simonis Tunnel, Wunschfurt, NV 97135",+14214626538,dario@kutch-jast.example,True,45263
44361,Darlene Pouros Ii,"540 Matthew Squares, Humbertoburgh, VA 73758-9468",+14374080985,dell.cronin@carter-abbott.test,False,44361
45966,Fausto Hoeger,"Apt. 344 598 Joshua Island, East Arnette, ID 71038-9526",+16838928094,landon.kemmer@dach-waters.test,False,45966
44359,Melida Runolfsdottir,"Apt. 125 8476 Grimes Lights, Dooleyview, ID 83155-8299",+14909939672,sebastian.roob@cruickshank.test,False,44359
46601,Lashell Crona Ret.,"Apt. 584 87121 Tabatha Forest, South Terisa, AR 06805-6608",+15093643749,malcom@runolfsdottir.example,True,46601
45636,Ms. Shirley Jacobi,"337 Keshia Lakes, Jacobsonchester, IL 18452-2858",+18016616478,celsa@ferry.example,True,45636
45609,Dionna Littel,"Suite 765 3445 Wilkinson Pine, South Linnchester, KY 75210-8753",+16531029036,rueben@von-nitzsche.test,False,45609
45644,Jacques Treutel Dc,"Suite 811 860 Susie Well, South Isidrashire, MS 20327",+16966976662,reinaldo@reinger.example,False,45644
46596,Arron Abbott,"Suite 971 3787 Manuela Heights, Rathbury, NE 33248",+14359616597,lacy_haag@lakin.example,False,46596
46438,Fr. Kathi Jacobs,"774 Hilaria Plains, South Ofeliabury, UT 51108-4214",+15401677798,antione_kuhic@rolfson.test,True,46438
46130,Deshawn Schuster Esq.,"Suite 911 95273 Ronald Meadows, East Leannestad, KS 74290",+18569771530,camellia@bartell.test,True,46130
47049,Raven Connelly,"4940 Arnoldo Keys, West Arnette, KS 77599",+11070131615,heath@graham.test,True,47049
46968,Nelson Feest Sr.,"558 Abshire Manor, Myrtisshire, VA 00320-9269",+18570152841,kathrine_jakubowski@reinger-wolff.example,False,46968
47359,Tristan Schoen,"947 Bartell Inlet, North Ardella, ID 88533-7754",+15021414485,iris.glover@kautzer.test,False,47359
46632,Bill King,"Suite 388 8812 Emilia Unions, Carlshire, FL 87092-9979",+18696381874,darron@kuphal.test,False,46632
44737,Gov. Roy Fisher,"Apt. 836 72713 Shanahan Club, Port Nicol, NV 81818",+16155715274,salvador@runolfsson.test,False,44737
46394,Msgr. Mitchell Streich,"15508 Dominica Estates, North Raeann, MA 88650-4231",+13814228739,clarine@kuhic.example,False,46394
44507,Williams Trantow,"Apt. 610 734 Tremblay Hills, West Jacalynhaven, NC 87761-4775",+11803640520,larry_lemke@rice-zemlak.test,False,44507
46063,Rev. Mao Pfannerstill,"93064 Angelyn Inlet, Port Cory, OK 65411",+12307688785,mui.konopelski@lindgren.example,False,46063
46956,Trish Harvey,"Suite 242 313 Wisozk Streets, North Norrisville, PA 25397-9028",+17510075848,tyrell@schulist-oreilly.example,False,46956
46212,Granville White,"19746 Howell Crossroad, West Quentinview, NY 35780-4594",+18549951375,zack.pollich@huel.test,False,46212
45060,Jalisa Ratke,"173 Lane Passage, Wilmermouth, KY 59149",+19456289696,dania.tillman@lind.test,False,45060
47118,Rep. Vada Mcdermott,"8777 Esther Views, Markchester, CO 03399-4379",+13407390289,tyrone@gottlieb.example,False,47118
45898,Samira Boyle Do,"29024 Nicolas Hollow, South Neilhaven, NJ 37566-8550",+16418895885,dale@vandervort-doyle.test,False,45898
45569,Cedrick Mosciski,"654 Caroll Falls, Kristinamouth, NY 80623",+19546692063,troy@oreilly-metz.example,False,45569
44993,Cornelius Price Md,"Suite 831 711 Berge Divide, Zenafort, HI 82489-2852",+12115409841,melania.paucek@dietrich.example,True,44993
47388,Gov. Jade Harvey,"Apt. 197 3264 Jan Greens, South Emmettchester, IL 80298-0235",+17392456708,scottie_hills@howell.example,False,47388
45324,Amb. Woodrow Lakin,"332 Lueilwitz Locks, Carmenfurt, MD 21496-5614",+18828323065,robbie.ullrich@bode.example,False,45324
44625,Rueben Runte,"641 Courtney Circles, Gorczanymouth, FL 43370-7545",+16501274592,drucilla_torp@lemke.example,False,44625
47054,Irene Hettinger,"10665 Ruth Mountain, Kirlinmouth, MS 05973",+15248022631,bud@corkery.example,False,47054
44575,Noah Pfannerstill,"8284 Strosin Park, Boyerfort, LA 02667-2873",+12396581416,magdalene_wisozk@weber.example,False,44575
44799,Adriana Zboncak,"6094 Heidenreich Neck, South Helga, KS 67133-8306",+18327552606,arlyne.boyle@goyette-tremblay.example,False,44799
45306,Sharolyn Mccullough,"17146 Tomasa Hollow, South Irvingmouth, CA 03388-7320",+19838512510,elwood@hilpert-breitenberg.test,False,45306
46479,Zofia Klocko,"45203 Kathlyn Pike, West Toneyhaven, NE 04330",+12167978157,maximina.gutkowski@dickens.test,False,46479
46781,Alyce Toy,"69015 Zemlak Mountain, Augustineburgh, TX 35059",+19986209229,chang_ebert@oberbrunner.test,False,46781
47046,Prof. Billy Borer,"4409 Daniel Cape, Goldnerfort, IA 71310",+15050548697,jame_kub@heller.test,False,47046
47016,Clay Strosin,"4957 Terry Place, South Kentstad, MN 17836-6601",+17975681194,leesa_sipes@stark.test,False,47016
44375,Zachery Feeney,"3163 Bashirian Cliff, Port Freeda, VT 49869",+15124407141,daron_ferry@nicolas.example,False,44375
44523,Bennie Dicki,"Apt. 228 5895 Tommie Inlet, Jakubowskihaven, VT 54043",+18260999863,corey@hessel.example,False,44523
45388,Lidia Feest,"88725 Bartell Plains, Terrytown, NH 83495",+13330118497,tatyana_huel@wyman.example,False,45388
46395,Ellis Purdy,"Suite 990 7924 Schulist Plains, Lake Lana, SC 85562-3281",+17170616513,cathryn@wisoky.example,False,46395
47423,Miss Nilsa Veum,"Suite 254 71544 Tori Port, Lake Stacey, KY 34188-4000",+17785201619,lindsey.brown@goyette-schamberger.test,False,47423
46139,Fr. Mervin Ferry,"500 O'Reilly Motorway, Schimmelstad, WV 01380-1692",+12459485800,marie@armstrong.test,False,46139
47478,Darwin Mueller,"590 Cormier Light, Bednartown, AL 70779-1362",+17631704847,ethelene.haley@kertzmann-lynch.example,False,47478
44410,Noel Connelly Dc,"41894 McLaughlin Centers, Leifville, RI 01129-8711",+16868491677,anglea_trantow@heller-herman.example,True,44410
45173,Lekisha Langosh,"721 Boyle Mountains, Corwinfurt, MS 46345-4700",+14059494474,kermit.murphy@schulist.test,False,45173
44537,Mr. Barney Pagac,"9751 Casper Drives, West Will, NY 99845-0973",+19219871741,sunny.doyle@hirthe-metz.test,False,44537
44623,Sanford Grimes,"473 Rowe Dam, Julianamouth, AR 71977",+13203638012,rupert_rohan@effertz.test,False,44623
45363,Corrina Padberg,"357 Maurice View, North Kelleystad, NY 14165-5334",+19555739821,royal.ratke@swaniawski.example,True,45363
46481,Kati Doyle,"Suite 852 5164 Kali Stream, West Graig, SD 45428-4653",+12958772727,sammie@boyle.test,False,46481
46508,Le Treutel Ii,"61222 Wilderman Stravenue, North Morris, WV 80054-8378",+16277434561,ethyl@conn-larson.test,False,46508
46910,Zoila Reinger,"920 Letha Pike, West Gilbert, NM 83012",+16019906800,catina_collier@kuhic-hettinger.test,False,46910
45533,Golda Schamberger Md,"4040 Fredricka Mall, Lake Cory, TN 73348-9172",+18142065767,janyce@wolff.test,False,45533
46494,Gov. Sung Fahey,"2522 Maxwell Vista, East Nickhaven, KS 22653-9437",+18340223197,latrisha.kirlin@king.test,False,46494
44845,Chadwick Kunze,"Apt. 101 46381 Boris Forest, Lake Wilber, WA 18616-8740",+15303600948,cristi@shields.test,False,44845
46971,Kaye Lynch,"Apt. 702 965 Edra Shoal, Langbury, WI 56179-3244",+14546509584,jarod@gleichner.example,False,46971
46999,Gov. Stephaine Mueller,"Apt. 920 9700 Hintz Flat, Pedrostad, NE 48821",+16557896251,reuben@okuneva.example,False,46999
47384,Leatha Stanton,"73022 Daniel Village, East Marindafort, NJ 51267",+14748522063,an.volkman@stanton-wyman.test,False,47384
45907,Jessica Leannon,"Suite 508 56737 Casper Grove, Gilbertobury, TN 92695",+11074453700,bryanna.mueller@wisoky.example,False,45907
44350,Leslie Bogan,"5928 Russel Meadows, New Hugoport, AR 27018-7141",+13027161086,jeff_conroy@friesen.test,False,44350
45722,Fr. Claudine Gusikowski,"3615 Rutherford Valley, Greenfelderfort, SC 13129",+19623142742,jeri_thiel@sanford.example,False,45722
44399,Hassan Mccullough,"3608 Zack Parkway, New Florenechester, NE 15739",+12058631752,forest.nolan@spinka.example,False,44399
46844,Virgina Bode,"373 Alayna Cliff, Bahringerstad, OK 91787-1786",+13673936456,gene.rogahn@gislason-schaden.example,False,46844
45519,Dr. Tandra Nader,"Suite 742 80377 Major Common, Port Macy, WV 80309-7350",+11222722753,zack.johnson@beatty.example,False,45519
47197,Wiley Cummings,"Apt. 238 867 Sporer Mission, Kovacekshire, MO 04520-8176",+12139203951,hisako.pagac@lang-graham.example,False,47197
46073,Delsie Boehm,"1884 Leland Passage, Capriceshire, SD 05091-3309",+12456431555,crysta.cole@ortiz.test,False,46073
46831,John Christiansen,"Apt. 894 305 Schowalter Green, Veumtown, MD 33994",+17223065281,margarito@wolff.example,False,46831
46608,Nestor Christiansen I,"Apt. 165 393 Schoen Loaf, Carliville, NC 82754-7264",+18674375931,lashunda@mante.example,False,46608
47591,Mohammed Roberts Vm,"Apt. 935 9602 Harvey Valleys, Robertsside, MA 61099",+14475882739,keenan.miller@conn.example,False,47591
47392,Candace Schmeler,"Apt. 116 489 Wintheiser Lakes, North Dannymouth, AR 95901-5753",+17129492092,junior.boyle@bechtelar.example,False,47392
47495,Emile Medhurst,"8280 Kathline Mountain, Cyrilville, CT 99081-9641",+14919516810,edythe@kohler.example,False,47495
46017,Mrs. Dollie Johns,"Apt. 458 739 Gusikowski View, South Versie, NV 22199-2192",+11443913685,cassy_haag@dubuque.test,False,46017
47594,Refugio Wuckert Dds,"Apt. 655 417 Schiller Road, Lake Nicol, UT 46098-3131",+12841035028,otha.stehr@hackett.test,False,47594
45557,Verlene Vonrueden,"224 Lesch Crossing, North Janellechester, CO 01023",+19481871468,vincent@padberg-waelchi.example,False,45557
47150,Miss Nathanial Walker,"Suite 479 745 Torp Summit, New Aline, NH 73339-9530",+16406450966,myriam@brekke.example,False,47150
45950,Amos Fritsch Sr.,"7785 Demarcus Harbor, Fisherville, NM 87185-4102",+13063664605,maryln@goodwin-feil.example,False,45950
46568,Donovan Toy,"987 Murphy Mountains, Toneychester, KS 56159",+15577173408,jeffry@hammes-turner.example,False,46568
46083,Gov. Shon Lakin,"Apt. 711 533 Roberts Rest, Klockoborough, PA 91894-8190",+15084794081,hershel.sauer@johnson-stark.example,False,46083
44794,Christiana Oberbrunner Dds,"42913 Schaden Mills, Port Gayechester, WV 64777-9966",+17341090074,soon@johnson.example,False,44794
46346,Rosalee Tillman,"585 Khadijah Flat, North Wally, SD 48409",+16413750916,cyrstal_heller@zboncak.example,False,46346
45879,Milan Raynor,"Suite 731 8770 Kertzmann Port, Lake Justineside, NY 30816-9180",+19686622712,joni@jacobi.test,False,45879
45774,Ward Quitzon,"47590 Agueda Fields, South Eltonshire, NJ 41884-8243",+18484299749,franklin_miller@predovic-okuneva.test,False,45774
46300,Samira Hirthe,"6581 Jesus Walks, East Sherrilside, CO 97612-6322",+14121985465,minnie@rodriguez.test,False,46300
45943,Bryce Gerlach,"Suite 484 93660 Alida Haven, Port Tim, VT 34399",+18119902519,olive.bartoletti@borer.test,False,45943
47095,Deandre Ullrich,"Apt. 840 397 Darryl Viaduct, Kerlukefort, VA 97084-3044",+17900887680,lance@rempel.example,False,47095
44383,Gerardo Runolfsdottir Cpa,"77080 Heidenreich Grove, Port Alexisview, SC 83487-0834",+12950361144,bert.lakin@parker.example,False,44383
45924,Parker Shanahan,"570 Abbott Harbor, Dachborough, IN 30412-9841",+14294867287,santo.nicolas@waters.example,False,45924
44711,Gov. Numbers Hudson,"1669 Mai Skyway, South Coraliefort, SC 51908",+12798519924,kandice@schiller-bahringer.example,False,44711
44485,Jaime Kuhlman,"Apt. 431 644 Tony Manors, Judemouth, GA 84138",+17040372767,cindi_nolan@larson.example,False,44485
45681,Rep. Carri Hoeger,"2910 Kerluke Inlet, Mitchelville, NY 79576",+18454260240,jacinda@witting.example,False,45681
44591,Adrian Goyette,"5123 Cummerata Rapid, Graciahaven, AZ 84979",+19224764692,samual.casper@lakin.example,False,44591
45176,Karlyn Heaney,"88177 Reinger Camp, West Elia, WV 71284",+13301106685,gayla@ondricka-okeefe.test,False,45176
44761,Monte Daugherty,"Apt. 309 1105 Rudolph Lodge, North Ismael, KS 36239",+16713407607,gwyneth_weissnat@smitham.example,False,44761
45015,Rev. Jamie Padberg,"Suite 506 2279 Welch Shore, East Auraburgh, IL 63291",+17625772153,elenore@huels.test,False,45015
46929,Rep. Les Robel,"612 Isabelle Pass, East Reidton, AZ 98460-6897",+16465087029,jackelyn@hane-rutherford.example,False,46929
46197,Msgr. Coleman Kilback,"8811 Samantha Brook, North Angelita, TX 69599",+17716520410,lurlene_schoen@wunsch-hane.example,True,46197
45116,Bev Pagac,"Apt. 333 6101 Tanya Drives, Joselynstad, LA 44640",+17737979328,nubia.corkery@wintheiser.test,False,45116
45301,The Hon. Edmond Schoen,"768 Tiffanie Squares, Turnerburgh, TX 25764",+17756179373,matt_cremin@nitzsche.test,False,45301
45542,Tristan Kreiger Ii,"8843 Cronin Light, East Quiana, OH 63699",+17381809429,jose.hamill@ullrich.test,False,45542
46327,Eden Schimmel,"9677 Ferry Falls, North Chungside, MN 73940",+12961192467,ellis@kihn-christiansen.example,False,46327
45183,The Hon. Joel Runolfsson,"35612 Laurene Oval, Port Lila, CT 71703-2305",+14028044626,sherise@collins-rice.test,False,45183
46927,Kris Watsica,"Suite 166 700 Patrice Lodge, New Cesar, IA 74587-7254",+14807482607,alec.padberg@batz.test,False,46927
44681,Beulah Zemlak,"Apt. 419 122 Stracke Landing, East Dorene, MT 68890",+13969367814,alvaro@steuber.example,False,44681
45976,Berneice Kerluke,"5834 Metz Street, Yeefort, CO 55323-7251",+17180309333,mark@gottlieb-carroll.test,False,45976
45384,Nicholle Windler,"40080 Koss Cove, Marindastad, LA 55721-7761",+15048091586,gilberte@hane.example,False,45384
47190,Dave Ullrich,"716 Keeling Fall, Nidiatown, NH 67282",+13161844278,tawanda_schoen@roob.test,False,47190
47412,Herschel Pfannerstill Esq.,"425 Shayla Isle, South Mario, NE 24017",+11653787224,lindsey@hilpert.example,True,47412
45259,Filomena Von,"Suite 182 140 Alexa Key, Schillerland, SD 64396-9970",+18891876972,sung@hayes-zieme.test,False,45259
47607,Dr. Antwan Ratke,Unknown,+18187644585,young.hettinger@kub-heller.example,False,47607
46226,Gov. Shirley Kunze,"685 Bayer Garden, New Natalyaburgh, MS 96102-2413",+15184768405,delsie@gerhold.test,False,46226
46593,Alaina Ortiz,"Suite 856 7228 Rowe Fork, New Alphonsetown, AL 88572-3606",+14667951120,dwayne@lehner.test,False,46593
47130,Fabian Dietrich,"Apt. 580 802 Donnelly Tunnel, South Anthonymouth, IN 24811",+15306652251,reynaldo@legros.example,False,47130
46841,Jazmine Yundt,"251 Gidget Crossing, West Tilda, VA 82627",+12058902633,kip@price.test,False,46841
46118,Caroll Schimmel,"8853 Carmelina Drive, North Antoine, MD 66114",+18679426597,annamarie@grant.test,False,46118
47520,Emanuel Hamill,"1896 Hoeger Place, West Dana, NM 52282-3658",+18212341513,berry_lynch@wolf.example,False,47520
45805,Percy Hyatt,"Apt. 961 5597 Connie Dale, Port Camila, MA 23054",+19390578657,dolores@nader.test,False,45805
46406,Meaghan Rempel,"Apt. 477 624 Dane Valley, West Shannon, ID 26762-4365",+19258903902,lesley@monahan.example,False,46406
44905,Whitney Will,"52466 O'Reilly Circles, Lake Genoveva, PA 22685",+15661861552,yolande.schmeler@gusikowski.example,False,44905
45677,Shaunte Pouros I,"Apt. 120 24570 Thiel Haven, Leonorburgh, OH 37052",+18256872420,keenan@crooks-cronin.test,False,45677
45614,Andy Schuster,"Apt. 468 8549 Yundt Plains, South Mckinley, RI 94762",+14656514715,alison@zboncak.test,False,45614
45355,Tamiko Smith,"4612 Lizbeth Vista, North Maxwell, ID 81032",+17452988901,eulalia.kulas@zboncak.test,False,45355
45150,Yuonne Towne,"779 Ullrich Mountains, MacGyverborough, MT 14770",+13065417709,tamiko@medhurst.test,False,45150
46647,Lashaunda O'Conner,"1487 Nikolaus Flat, West Rubinstad, NY 47647",+16545326658,trenton@thompson.test,True,46647
46267,The Hon. Serafina Borer,"Suite 323 528 Cruickshank Club, Cormierbury, UT 52957-6639",+13172056174,esteban@nitzsche.test,False,46267
45824,Krystina Green,"Suite 853 70461 Blick Path, Rollandstad, MO 55547-1274",+15427085700,christiane@padberg.example,False,45824
46997,Evalyn Friesen,"Suite 232 3238 Toy Walk, Lockmanport, NC 15784-8753",+12791059683,sara@bahringer-abshire.example,False,46997
44341,Seymour Nienow Sr.,"Apt. 855 413 Darius Prairie, South Dorris, WV 86055",+12127795914,joe.rice@mante.example,False,44341
45850,Otis Legros,"78819 Sawayn Mountains, Trompmouth, OK 00497-1474",+11768010133,alberto@leannon.test,False,45850
45810,Marcy Dietrich,"Apt. 635 796 Branda Branch, West Armando, WY 15285",+17075531934,lyndon@dubuque-boehm.test,False,45810
44339,Oliver Nienow,"217 Erik Ports, O'Keefefort, NM 29616",+12652234060,amado.hirthe@dubuque.test,False,44339
46230,Douglas Barton Vm,"2452 Sanford Passage, Georgettaton, WA 11960-7469",+12040219284,daron@reinger.test,False,46230
45170,Fermin Kuhlman,"Suite 936 9113 Jeraldine Isle, South Essieport, NV 43864-0642",+11445048260,maryanne.jacobson@satterfield.test,False,45170
45980,Kieth Klein Ret.,"78111 Howell Place, Christeneland, SD 26928-7706",+12755260638,casey@botsford.example,True,45980
47316,Crissy Rohan,"Apt. 828 7965 Cummings Locks, Satterfieldfort, AK 81309",+14348402401,hildred_lockman@hartmann.test,False,47316
47569,Tomoko Bosco,"11261 Pollich Village, New Love, TN 84146-8352",+13222506142,randell.barton@ryan.example,False,47569
46565,Hayden Zboncak,"Apt. 585 96768 Leuschke Mall, Lake Manual, MT 60732",+11010544557,jerrica.mante@heaney-leannon.test,False,46565
46812,Hosea Hansen,"199 Howell Viaduct, New Amberlyview, CT 60442-7543",+12959036011,deandre@klein.test,False,46812
47284,Leonard Turner,"Apt. 713 61125 Schuster Ferry, Allenfurt, DE 35268",+15721065242,sunni@howe-grady.example,False,47284
45961,Latarsha Rice,"Apt. 117 7228 Jaskolski Light, New Tyrell, WA 95221",+13235273093,rosamond_welch@lueilwitz.test,False,45961
45890,Diego Deckow,"Apt. 464 846 Carter Pike, Swiftville, ND 78591-1295",+14286044371,ernest.gerlach@klein.test,False,45890
47344,Olin Hoppe,"2013 Crooks Terrace, South Martha, NH 84406-6951",+13923014100,denny_hackett@leuschke.example,False,47344
46350,Miss Porfirio Schmidt,"379 Tremblay Oval, Port Emmittberg, MA 46988-3199",+18555728613,ernie.ziemann@schmeler-boyer.example,False,46350
45399,Elidia Dach,"355 Alesia Turnpike, Wardtown, AR 15706-0419",+18525044712,bennett@kuvalis.example,False,45399
46093,Hyon Treutel,"9255 Hagenes Crossroad, Dietrichton, WV 11543-2635",+11852365810,kory.kuhic@satterfield.test,False,46093
45851,Ward Schmidt,"Suite 739 224 Henry Track, Christyport, NM 36459-9555",+15731026892,kandi.lemke@brakus-harris.test,False,45851
44502,Stephan Hirthe,"93849 Rosenbaum Field, Weimannstad, NC 04956-8559",+18281301979,sebastian@feil.example,False,44502
45201,Ricky Rosenbaum Sr.,"299 Dorethea Squares, Volkmanport, CT 62305-7413",+14606553646,lea@hansen-lakin.example,False,45201
45075,Suzie Douglas V,"165 Charley Center, Fabiolaport, CT 35360-0914",+15688093108,morgan_lowe@ullrich.example,False,45075
46040,Taren Douglas Do,"Suite 853 424 Hane Trail, Lake Hobert, VA 94840",+18184653038,sharleen@volkman-parker.test,False,46040
46602,Louisa Franecki V,"Suite 226 7869 Gracia Cliffs, North Jamika, CT 50545-1142",+13106078572,lawanda@skiles-murray.test,False,46602
46224,Ellis Jones,"31545 Volkman Plaza, Kaseyfort, ND 32276-7880",+13580718892,louis.schneider@kshlerin.test,False,46224
44942,Walker Wisozk Esq.,"49530 Charise Groves, Danielshire, IL 03733-3851",+15273410997,sherwood.breitenberg@harvey.example,True,44942
46171,Marcus Parker,"24058 Hayden Drives, Watersstad, MN 84884",+14307923487,deneen_powlowski@nader-weber.test,False,46171
46967,Yee Weissnat,"Suite 442 6249 Koss View, North Margoriestad, OR 85101-5595",+16675140029,alexa@raynor-feeney.test,False,46967
44881,Cortez Stark,"5400 Rolfson Summit, Weissnatton, MO 35987-0783",+11671728145,asa@aufderhar.test,True,44881
45929,Norris Crooks,"989 Tremblay Fort, East Analisa, NV 29063-8590",+16135428348,inell@reilly-lowe.example,False,45929
45755,Emmitt Hegmann,"Suite 995 7817 Aracelis Mount, Pricemouth, NM 92428",+18460301263,marguerite_batz@senger.test,False,45755
47207,Mrs. Ilona Zulauf,"9777 Bobette Valleys, Ritchiefort, CO 33803-2865",+14257227100,marcie@runte.example,False,47207
46722,Fr. Fidel Walker,"203 Bailey Vista, Port Leonia, VT 61807-8599",+14150270369,malcom@haley-johns.example,False,46722
46751,Billie Blanda,"Apt. 821 4834 Koepp Roads, Port Lavettefort, ND 81391-7202",+17437915615,adrian@pollich.example,False,46751
45347,Lillian Rath Iii,"Apt. 866 398 Feest Keys, Konopelskiport, IL 72357-2557",+12823322826,reyes@ritchie-yundt.example,False,45347
47259,Pete Feil,"Apt. 825 87666 Hai Drives, Smithammouth, IL 96192-1657",+11365980289,lissette_wisozk@mccullough.test,False,47259
45238,Jewel Berge,"Suite 470 2735 Schoen Cliffs, Marceneshire, MD 89714-3447",+14774402085,lucas.wunsch@thiel.example,False,45238
44718,Martin Zboncak,"Apt. 132 1278 Merle Centers, Irenamouth, ID 84950",+17274023187,karl@leffler-bruen.example,False,44718
46257,Allyn Cole Jd,"Suite 554 768 Toya Spurs, West Dominick, UT 16766-5351",+16217798962,simona@stoltenberg-senger.example,True,46257
44553,Audria Ortiz Jr.,"2324 Kirby Valley, Port Sharla, VT 35174",+13264156726,amanda.goodwin@ferry-bailey.test,False,44553
46977,Rachal Auer,"Suite 506 8560 Deeanna Fall, Port Dante, WI 28408",+18817214981,lewis@jacobson-toy.test,False,46977
46572,Agnes Simonis,"7921 Roberts Ways, Lake Johnburgh, TN 43900-2821",+11735233382,seth.oconnell@waelchi.test,False,46572
45188,Ray Abernathy I,"1128 Hettinger Ports, West Arlen, VT 99269",+19076285651,omar@mccullough.test,False,45188
46182,Johnie Oberbrunner,"Apt. 534 7541 Ortiz Grove, South Marianmouth, CO 48259",+19136817417,natashia.cremin@renner.example,False,46182
45782,Susannah Quigley,"65370 Mohr Trafficway, South Pete, MD 42517",+11178779498,ward_hansen@hettinger.test,False,45782
47106,Quentin Gerhold,"Apt. 388 2201 Wyman Cliffs, South Wilfordburgh, NJ 78452-7876",+14946499869,chung_crist@parker-lang.example,False,47106
45127,Pete Wyman,"334 Ramon Branch, South Dottieview, MT 65395-3078",+12100172938,donovan@collins.example,False,45127
47571,Margarito Auer,"198 Zetta Trace, East Maryanne, OH 48590-2772",+17384054815,jessi_hirthe@dickinson.example,False,47571
47468,Grace Fay,"929 Fallon Parkways, Eldenville, FL 68428",+16825970127,romeo@koch.example,False,47468
46642,Rocio Thiel,"Apt. 965 24030 Schiller Trace, Lake Sammytown, IN 95286-4700",+16332979618,merrilee_cummerata@yundt.test,False,46642
46324,Alaina Bauch,"34757 Torphy Fields, East Ricarda, WA 05090-1834",+16988424275,assunta@roberts.test,False,46324
47042,Dr. Corina Terry,"Apt. 690 5926 Kip Crest, Zboncakport, KS 45297",+19132846126,angla@king.example,True,47042
47583,Agripina Ondricka,"Suite 408 1443 Camie Corners, East Zofiafurt, MD 05302",+16877446036,emily@hintz.example,False,47583
44433,Luanna Mante,"Apt. 572 7994 Schinner Pines, Waelchiborough, PA 21486-5209",+17569437530,jermaine@goodwin.example,False,44433
45276,Vennie Ryan,"Suite 665 890 Lockman Locks, Mickeyborough, WI 03301-1636",+18918775170,man.kozey@bernier.example,False,45276
45428,Rhoda Nienow,"Apt. 530 5821 Abshire Crossroad, North Obdulia, NC 18814",+19698532250,lacresha@kohler.test,False,45428
44380,Colby Hintz,"Apt. 270 92511 Konopelski Burgs, South Liliana, NE 88751-8626",+12269513860,hailey.pacocha@champlin.example,True,44380
46266,Alfredo Kiehn,"Apt. 733 111 Hudson Spur, Justinaborough, AK 46757",+17357092425,earlie@bosco.test,False,46266
44742,Kris Zulauf,"231 Balistreri Port, Lake Alphonse, NH 42513-8929",+19307257681,mauro_west@lemke.test,False,44742
44806,Manual Nader,"8465 Goyette Shores, Colinchester, MI 26685",+16543553800,brett_gorczany@kautzer.example,False,44806
46237,Monroe Oberbrunner,"Apt. 910 476 Eda Field, South Junie, IN 20490-0272",+15859761107,jamie@rolfson-koelpin.example,False,46237
45123,Gov. Tad Oberbrunner,"697 Lien Track, Sipeshaven, OR 60574-6267",+19001390532,alonso_cartwright@rowe-schulist.example,False,45123
44765,Chris Herman Ii,"9556 Wilber Lights, North Jerrodhaven, MN 46135-2278",+11611598292,arthur.runolfsson@konopelski.example,False,44765
47419,Gail Mante,"Suite 169 27048 Cartwright Vista, North Reyport, NE 82476-6188",+13170663124,morris@hyatt.test,False,47419
46708,Dr. Ewa Stiedemann,"Suite 346 525 Grazyna Gardens, Deckowland, SD 87743",+11637123593,latrisha.cassin@quigley-vandervort.example,False,46708
47154,Efrain Doyle,"76172 Heriberto Islands, Mraztown, IA 60277-8330",+12057176013,antonio@gulgowski.test,False,47154
47247,Chi Turner Lld,"Suite 856 5924 Scarlet Harbors, Herzogberg, MT 70638",+14000027760,kristyn@kiehn-gerlach.test,True,47247
44632,Louann Jacobs Vm,"479 Berry Crest, East Luise, AR 44543-5836",+18403391056,pat@prohaska-greenholt.example,True,44632
45731,Ilene Quitzon,"Apt. 805 66450 Lockman Station, East Hiram, SD 80675-2510",+19351545507,tyson@hilpert.test,False,45731
44928,Kena Considine Dds,"Apt. 641 95870 Haag Cape, Port Busterchester, NE 09315",+12085384464,guy@bechtelar.example,True,44928
47533,Rudolf Hintz,"Suite 574 181 Vernetta Isle, West Ronshire, CA 95416-3248",+18134773168,michel.mraz@lowe-nicolas.test,False,47533
47570,Lady Prosacco,"Suite 901 408 Tawana Crest, Lake Celestinafurt, OH 28134-0435",+19062055093,conception_zulauf@morar-mertz.example,False,47570
45992,Cruz Watsica Md,"Suite 967 2310 Marks Parkway, Port Josiahview, OR 21813",+12727373455,lyndon@bergnaum.example,False,45992
44360,Hassie Lockman,"Suite 956 675 Gregory Passage, North Jedmouth, IL 37569",+19858594110,nicolas_harber@schroeder.test,False,44360
46949,Sherman Huels Sr.,"Apt. 569 89650 Edith Via, New Jammiebury, KS 62417-0295",+12170800952,mertie@schumm.example,False,46949
45713,Lakeesha Kirlin,"Suite 262 51521 Beier Trafficway, Strosinhaven, IL 58787",+12004165675,kyle_purdy@bayer.test,False,45713
45156,Amb. Junior Keebler,"Apt. 553 9713 Leroy Fields, Colebury, OR 62456-5882",+14154928576,gregory_dibbert@wunsch-heaney.example,False,45156
46029,Dr. Raymon Dickens,"Apt. 765 4790 Littel Fort, Franeckifort, WY 60109-5797",+12226678177,raphael@bradtke.test,False,46029
45931,Lora Koepp,"3224 Maxwell Well, Port Crystle, TX 95061",+13320953732,patty@mante.example,False,45931
47492,Sima Bednar,"Apt. 235 69224 Candida Green, Bernierport, HI 49564",+11356718812,verdell@bayer.test,False,47492
46149,Lindsay Williamson,"Apt. 291 77894 Nadia Expressway, Port Tonja, IA 81402",+11708956568,quentin@kunze.example,False,46149
46877,Linette Predovic,"99087 Herman Place, Geneviveside, NH 66990",+17872512238,rudolf.schulist@bayer-weissnat.test,False,46877
44855,Mariella Littel,"1011 Darrin Manors, D'Amoreshire, NC 92325",+17058339392,fay_goodwin@rath-terry.test,False,44855
44960,Fred Reichel,"176 Haag Points, North Lucinaborough, AR 02543",+19236757979,asley.schmidt@homenick.test,False,44960
47140,Bao Heaney,"Apt. 547 284 Carroll Drive, Streichfort, WI 58609",+17268798300,arlyne_huel@wyman-boehm.test,False,47140
46451,Prof. Adan Macgyver,"1175 Geneva Parkways, North Marylou, MA 04321-0039",+12610092259,becky_lubowitz@heidenreich.test,False,46451
44987,Mikel Casper,"171 Chassidy Fields, East Lizbeth, NM 77964-8149",+14522467453,carlo.johnson@corkery-deckow.example,False,44987
46825,Tyron Pfeffer,"Suite 494 61229 Melodee Manors, Lake Burton, SD 81853-6239",+12530555921,fermin@sipes-hauck.example,False,46825
47449,Ms. Parker Strosin,"970 Feil Bypass, Walkerburgh, MS 98475-3290",+15725315034,stefania.stroman@vandervort.example,False,47449
47593,Dawne Hand,"Apt. 161 728 Koelpin Run, Heidenreichfurt, AL 20499",+18060970987,reginald@halvorson.test,False,47593
46540,Vince Jaskolski,"26454 Veum Walks, Bergstromtown, NJ 28121",+13674905487,melony_cormier@baumbach-paucek.test,True,46540
46186,Ben Green,"Apt. 683 231 Muller Via, Streichton, PA 26816-4569",+16393036878,theola@jerde-deckow.example,False,46186
46830,Fr. Babara Koch,"6782 Kendrick Expressway, North Ernestinaton, TN 80899",+16946322339,hilario_johns@tromp.example,False,46830
47544,Ray Ward,"88137 Tom Crest, Mistifort, MT 38766",+12609356457,mara@kshlerin-flatley.test,False,47544
46227,Jaunita D'Amore Esq.,"Apt. 505 3356 Kecia Parkways, Archieland, NY 35355-4226",+18679817924,clement@leffler-kiehn.example,True,46227
45589,Kerry Goldner,"9269 Renaldo Street, Watsicaville, IN 44027",+17819908523,robbie_huels@dach-schmidt.test,False,45589
45524,Dedra Shields,"Suite 740 17083 Jeramy Forge, West Paulina, TX 84836",+18364786236,tillie@predovic.test,False,45524
45957,Maryalice Ernser,"Suite 563 8172 Emelia Ramp, New Cordiestad, KS 95818",+15199611681,clint@bode.test,False,45957
47165,Dolores Bosco,"Suite 648 473 Rolfson Mountains, VonRuedenton, MO 08425",+16334768245,paige.brekke@roberts.example,False,47165
46728,Prof. Cornelius Rutherford,"18525 Trantow Junctions, New Stevefort, NC 77676",+18473089767,adriana@predovic-becker.example,True,46728
47531,Karol Cruickshank,"Suite 955 170 Welch Square, Shaunland, WV 04349",+16483166089,duane@cummings.test,False,47531
46500,Julian Spinka,"Suite 411 7586 Daria Field, New Lutherchester, MN 36542",+19148713614,denis@wuckert.test,False,46500
44802,Mr. Milton Kassulke,"Apt. 285 16786 Trinidad Mews, East Joesph, ME 62197",+18096839852,caitlin@veum.example,False,44802
46758,Vincent Schmidt Dc,"Apt. 653 411 Metz Burg, Port Estell, NM 12372-3269",+13596989697,rosalva@marquardt.example,True,46758
46738,Ali Conroy,"10761 Nitzsche Village, New Armandoport, WY 40721-4611",+19772701233,randall@ruecker.test,True,46738
46120,Jonas Reichel,"Apt. 886 24803 McLaughlin Coves, New Errol, CA 16914",+12267782585,yong@dooley.example,False,46120
47352,Nick Rice,"65914 Brett Estate, Tommyfort, WI 97150-5506",+14261728425,tanner@hegmann.example,False,47352
45021,Pres. Clementina Ernser,"Apt. 583 98429 Romona Locks, Carmeloton, ME 35184",+12760296347,claudine_hudson@boyle.test,False,45021
45037,Pres. Irvin Zulauf,"Apt. 843 50873 Upton Locks, Beattyland, KY 62941",+19605685412,shanita_moen@parker.example,False,45037
45159,Vonda Johnson,"Apt. 740 8729 Davis Views, Emanuelshire, KS 14652",+17771716046,stormy@grant-walsh.example,False,45159
44628,Rep. Clifford Harber,"Suite 772 3002 Auer Street, South Moseshaven, NV 56883-3942",+11917259761,pedro@trantow.test,False,44628
46153,Dwayne Marks,"11013 Hackett Place, Temekaland, TX 89138",+18861013206,daisey@effertz.test,False,46153
44498,James Marquardt,"Apt. 499 94257 Jude Lane, West Jenelle, OR 29177-7799",+18952636970,benton.collins@jenkins.test,False,44498
47514,Lea Okuneva,"203 Wisozk Stream, Lake Lynda, FL 95719",+12503063224,maryetta_hermiston@borer.test,False,47514
45897,Edwardo Orn,"Suite 997 28140 Sharleen Isle, D'Amoreburgh, ID 05811",+13214375793,alona_runolfsdottir@huel-schultz.test,False,45897
47491,Tenesha Beahan Jr.,"Suite 193 91421 Claude Points, East Josiahton, LA 59734",+19874303504,marlin@waters-schowalter.test,False,47491
45937,Georgianna Mitchell,"Apt. 762 134 Noble Mills, Sontown, TX 04350-6377",+16277096954,tatiana@boyle.test,False,45937
45243,Sharonda Keeling,"Suite 815 15164 Curt Plains, New Evelynshire, ND 31344",+16112572610,colin@nolan-jacobi.example,False,45243
47465,Clement Schmeler,"480 McLaughlin Ways, Monicaside, MO 39561-2778",+13791251077,brant_schinner@casper-friesen.test,False,47465
45869,Prof. Blaine Hermann,"650 Fay Orchard, Bahringerfort, DE 91018-9853",+18280891127,mei_wilkinson@beer.example,False,45869
45638,Jame Boyer,"2003 Will Canyon, New Tifanyshire, MS 75043",+16761042621,shelly@carter.example,False,45638
45461,Chris O'Conner,"Apt. 380 8990 Lemke Points, Donnieshire, IA 67282-9376",+11726583638,carri@cronin.example,True,45461
45833,Emmett Toy,"Apt. 458 34345 Leah Ramp, West Johnny, MT 91615-6720",+17266001255,quinton@lubowitz.test,False,45833
45648,The Hon. Mason Sawayn,"54048 Justin Road, East Bulaborough, MO 68070",+13880866015,jay@steuber.test,False,45648
45407,Greta Aufderhar Dds,"Apt. 892 49215 Luettgen Extension, Harveyside, NE 20783",+13334944013,luis.zulauf@hansen-blick.test,True,45407
46702,Pres. Luther Skiles,"Suite 122 900 Nicolas Shore, Bernierburgh, PA 42251-6688",+12932599681,al_spencer@harris.test,False,46702
46110,Miguel Doyle,"Suite 335 1957 Talitha Valley, Shandaview, AK 74494",+13836710122,bobby_schultz@keebler.test,False,46110
44946,Waltraud Conroy,"Suite 624 2107 Mante Hill, Venniefurt, ME 87344",+17355681665,morris@abernathy.test,True,44946
47070,Stephen Ryan,"Apt. 927 50781 Curtis Station, Stewartview, PA 95456-0947",+13212264218,sung_orn@beier.example,False,47070
47480,Hortencia Schroeder,"8509 Cammy Cliffs, North Nellieton, RI 15636-6629",+14266468591,ashlie@legros.test,False,47480
44462,Ja Schamberger,"Apt. 843 5485 Upton Port, Abshireberg, TX 03658",+18276352065,mark@veum.example,False,44462
44656,Ralph Kozey,"Apt. 892 61936 Cory Prairie, Cedrichaven, PA 57987",+14306860784,mirta@dach.test,False,44656
45506,Elden Sawayn,"657 Jenny Squares, Rolandton, AR 78477",+15615612844,cherryl@botsford.example,False,45506
45535,Lonny Jakubowski,"742 Sterling Flats, Bayerfurt, TN 40219",+11426329642,angie@dicki.example,False,45535
45671,Man Blick,"Suite 570 72067 Sid Rapid, Lake Kassandra, SC 20840",+12279883308,christie@davis-denesik.example,False,45671
47382,Brigitte Bahringer,"4410 Tianna Springs, East Erick, OK 44094",+17632519096,duncan@lehner-hane.example,False,47382
46305,Sanda Halvorson,"Apt. 702 769 Murazik Highway, Willyborough, WV 10452-3464",+12152496059,andre.west@harber.test,False,46305
46271,Susanna Wilderman I,"Apt. 677 7035 Grover Shoal, North Santiago, MT 55580",+17131183788,lynelle@dach.example,False,46271
45953,Barrett Carroll,"Suite 490 2347 O'Connell Rest, Schaeferfort, WI 36101-1372",+11043768315,thomasina@hilll.example,True,45953
44817,Miss Colton Bradtke,"Suite 944 25848 Edda Road, Sherillton, GA 51871",+12421161872,rueben@goldner.test,True,44817
46892,Max Stark,"23061 Lorelei Orchard, O'Connellland, MO 77641-7140",+16528098864,maryam@considine-rutherford.example,False,46892
44715,Victorina Stanton,"8203 Jarvis Place, Keshiamouth, MA 46617",+14611732992,german.gibson@davis-durgan.test,False,44715
47524,Sen. Terisa Crooks,"Apt. 507 84230 Elly Key, North Loganmouth, SD 77099-3597",+17196094505,frances@ledner-little.test,False,47524
46033,Tianna Turcotte Ret.,"6255 Brakus Trafficway, East Charisse, IA 61491-3513",+19615867238,lorean@cronin-rodriguez.example,True,46033
44599,Prof. Jaimie Senger,"867 Rempel Isle, South Ellie, MN 13854",+15003908421,janell@hilll.test,False,44599
45467,Seema Jenkins,"Apt. 866 164 Dibbert Cove, Lake Melonie, NC 37910-2312",+14796206859,syble@oconnell.test,False,45467
45360,Tamie Hayes,"268 Corwin Mills, Kiehnborough, MO 95257-2132",+12325331029,dawne@gutkowski.example,False,45360
45205,Ariel Braun,"1401 Wally Unions, Krajcikbury, ID 28333",+14881998384,theodore_spinka@keeling-wyman.example,False,45205
45910,Jada Cartwright Do,"10844 Napoleon Mountain, Christiansenhaven, HI 88462",+19558337262,justine@green.test,False,45910
45649,Deandrea Vandervort,"33939 Johnson Well, New Kristeen, TN 06347",+16869955665,ciera_prohaska@leffler.test,False,45649
46156,Brendan Tremblay,"6845 Muller Islands, Doreathaton, WI 83056-4026",+18886508099,dan@zemlak-huel.example,False,46156
44828,Ms. Danae O'Reilly,"Apt. 860 58627 Okuneva Turnpike, Breitenbergside, MO 93833-1951",+18096499034,mazie@tromp-fadel.test,False,44828
46501,Bao Schimmel,"Apt. 416 6175 Bednar Turnpike, Carterberg, SC 95902",+14299037946,nannie.murphy@koss-zieme.test,False,46501
46991,Mrs. Jewel Fadel,"Suite 101 283 Hickle Island, Lukeport, KS 10398",+18678785603,carmelina.shields@weissnat.test,False,46991
47616,Scottie O'Reilly,"Suite 373 65406 Kyle Union, Brekkeside, WI 56116",+12595818677,jude.collins@bechtelar-barrows.example,True,47616
44983,Dustin Cronin,"199 D'Amore Junction, South Lisa, ME 90253-4731",+14716867489,danny.bechtelar@rutherford.example,False,44983
45871,Celine Aufderhar Vm,"Suite 672 745 Mohamed Field, New Kenny, MN 26611-4016",+13220430344,laurence_mcclure@kunde.example,False,45871
44662,Cristie Klocko,"Apt. 101 230 Tom Prairie, Rosenbaumberg, RI 25857",+13614561160,renita@parker.example,False,44662
44489,Charmaine Sipes Lld,"Suite 153 606 Kiehn Overpass, Powlowskifurt, LA 46437-9465",+12198453789,tabatha_schamberger@bogan.example,True,44489
46827,Ismael Morar,"9012 Denny Streets, North Amadoport, WA 95384-1958",+12567996345,otis.schmidt@pfannerstill.example,False,46827
45839,Jeromy Price,"94741 Mayer Drive, New Yongville, KS 30098-1090",+18065129865,jana.oconnell@bernier-weissnat.example,False,45839
45624,Zenobia Boyle,"Suite 539 3643 Jordan Lane, Samtown, AK 73368-2876",+16142250128,lavette@bayer-hane.example,False,45624
46307,Enola Olson,"754 Marya Green, West Zackary, AR 12661",+15395194719,julio@prohaska.example,False,46307
44867,Jerald Gottlieb,"Apt. 994 593 Hyatt Station, East Walter, CT 91789-8543",+19529659117,reynaldo.king@schuppe-gleichner.example,False,44867
44670,Kendrick Kris,"563 Cristie Rapid, New Richelleview, AL 54124",+12354472385,pasquale@schumm.test,False,44670
45909,Rep. Rod Wehner,"Suite 617 35843 Mariana Skyway, North Loriannhaven, CA 29641-9457",+19960376988,junie@kreiger-bahringer.example,False,45909
45425,Garnet Hettinger,"Apt. 567 5790 Ritchie Extensions, East Jospehville, OR 48529-6739",+13647170188,anderson.gutmann@kuvalis.example,False,45425
45405,Trent Barton,"7733 Morissette Passage, South Kacietown, OK 44587",+16298798950,valda@bogan.test,False,45405
45304,Quentin Sauer,"Apt. 579 5923 Wiza Harbors, Bogisichview, NM 22136-7874",+16691290743,quinton.towne@bergstrom-heaney.test,False,45304
46537,Kacie Wiegand,"9623 Jenkins Plaza, New Graham, UT 43743",+11156336209,alleen_larson@crona.test,False,46537
44340,Lucile Cronin,"Apt. 796 73165 Ankunding Roads, Ezekielfurt, PA 89948",+16169691873,marcelo@towne.test,False,44340
45155,Isabelle Hills,"3364 Larkin Drives, New Ginette, FL 62057",+19045508257,dwayne.prohaska@bins.example,False,45155
47509,Hortense Gorczany Md,"Suite 343 84754 Thiel Plains, New Augustaberg, ME 71681",+16055009181,zane@cremin.test,False,47509
44730,Floyd Grimes,"Apt. 699 187 Kozey Skyway, West Antioneburgh, NC 79374-3922",+15062350106,omar_schinner@hintz.test,False,44730
44598,Cathern Jerde,"Apt. 923 71785 Heidenreich Loop, Lake Teodoroburgh, WA 34601-0741",+14085167102,mariela_schneider@towne-hermann.example,False,44598
46331,Prof. Todd Donnelly,"6410 Romaguera Divide, Macejkovicview, CT 45133",+15351482862,derick@boyer.test,False,46331
46309,Alfreda Lebsack V,"58975 Hoeger Plaza, Binsmouth, MT 28865",+15404920598,jesse@schumm-schulist.example,False,46309
45419,Monica Cole,"84444 Becker Knoll, Port Queenieville, WY 26722-8220",+14724903912,tyesha@pfannerstill-von.example,True,45419
47129,Candie Kuhn Jd,"Apt. 539 134 Shanika Hill, Hueytown, HI 02994",+11621607403,pat.hackett@bergnaum.test,False,47129
46469,Msgr. Elizabeth Koelpin,"Apt. 531 79017 Kyle Courts, New Robby, KY 81174",+17418442916,clyde@runte.example,False,46469
46871,Fr. Wilhelmina O'Keefe,"10962 Amie Greens, Eugenieshire, NE 85324-5824",+17277467093,eddy@mayer.example,False,46871
47622,Alvaro Greenfelder,"5010 Pfeffer Island, West Randalburgh, TX 83835-4451",+18976864769,milo.oconnell@berge.test,False,47622
47446,Ladawn Streich,"814 Halvorson Pine, Kingview, MN 00138",+12710168126,jammie@mann-hane.test,False,47446
44424,Temple Leannon,"6179 Fisher Mill, Wiegandbury, MA 85583",+12458258337,zachery@schmeler-lindgren.example,False,44424
47301,Anissa Williamson,"6731 Bins Falls, Lubowitzfurt, TX 62942",+17115779611,belle@bayer.test,False,47301
46015,Greg Effertz,"Apt. 926 5784 Vita Freeway, Millerfort, VT 10916",+15361292430,travis.miller@ebert.test,False,46015
44563,Rep. Kyle Johns,"29138 Zackary Shoals, West Kerry, WI 73431-5353",+17777026460,luigi_harris@koch.test,False,44563
46249,Winford Maggio,"Apt. 273 39552 Melodie Dale, New Feltonhaven, GA 75781-1269",+17774151977,rob@marvin.test,False,46249
46658,Alfredo Weissnat,"Suite 321 94429 Mills Bypass, Port Cliff, MI 02503-3906",+15487360333,ashely@rice-bahringer.test,False,46658
47568,Dr. Kasey Funk,"Apt. 683 5541 Kunde Island, Cynthiaport, IA 09135-7304",+14014243099,stella@ortiz-goyette.example,False,47568
45433,Edmund Champlin,"60931 Hilpert Mill, Port Alita, PA 00724-7584",+13596133442,travis_sawayn@runolfsdottir.test,False,45433
47332,Clyde Satterfield,"4226 Damon Track, North Olashire, NY 74055-2243",+12739682520,blake@waelchi-strosin.example,False,47332
45747,Msgr. Leo Walsh,"Apt. 714 23839 Santiago Plains, Lake Ernaberg, IN 38723-3176",+15270681195,kala@doyle.test,False,45747
47211,Arcelia Berge,"Apt. 514 2962 Kling Square, Powlowskiton, VA 31396",+16533160669,roman_white@hauck-nader.example,False,47211
45397,Morgan Considine,"Suite 103 89769 Grant Course, Port Mishaberg, NH 05615-1293",+12576673926,maisha.block@spencer.test,True,45397
45343,Calvin Quitzon,"44171 Ritchie Street, North Leon, IN 87320-6002",+12278230795,theo_fadel@schowalter.test,False,45343
47058,Robbie Cassin,"79186 Gonzalo Road, McGlynnmouth, ID 58621-5148",+15403056222,gale_hilpert@kohler-haag.test,False,47058
46393,Giovanna Howe,"2050 Larkin Center, East Marshallburgh, MO 84051",+19637309585,fermina@anderson.test,False,46393
45547,Rhett Parker Lld,"501 Nigel Rapids, South Toryview, TN 76415-4715",+15291585418,robby@bosco.example,True,45547
47350,Rosalina Hagenes,"Suite 325 3723 Schmeler Roads, Hahnshire, KS 69403",+16575641205,loriann@ledner.example,False,47350
47407,Msgr. Leila Lowe,"90448 Francisco Alley, West Rachalland, MN 19192",+16381779793,anjelica@hintz.test,False,47407
46954,Oren Macgyver,"Apt. 694 856 Hegmann Isle, West Franklin, NM 68532",+11504439135,nicolasa_weissnat@hickle.test,False,46954
46486,Deb Hyatt,"Apt. 308 34394 Freddie Burgs, Port Shannon, PA 50981-8694",+12622013113,micheal.bogan@bergstrom-dibbert.example,False,46486
46865,Mae Weber,"Apt. 711 80500 Liberty Bridge, Cummeratastad, WY 92479-4778",+16454420666,faustino@reichert.example,False,46865
47128,Golda Weissnat,"Suite 498 86114 Doug Summit, Jayneville, WV 37728-2576",+14757650262,yvone@hammes.test,False,47128
46574,Kittie Balistreri,"Suite 622 1945 Dante Extension, New Deonna, NV 91785-4245",+19380487318,ivey_kemmer@stoltenberg-bosco.example,False,46574
44663,Shaniqua Marquardt,"Suite 456 35170 Debi Shores, Hermanfurt, NE 03880-9696",+13718620047,bethel.murray@feeney.test,False,44663
46189,Florence Blick,"4708 Murphy Ville, South Darrickville, AZ 55004-3005",+16724730118,pandora.hessel@miller.test,False,46189
46606,Eduardo Towne,"655 Yung Islands, Karrenland, IN 07691",+18755147255,cassidy@dubuque.test,False,46606
46147,Modesto Corwin,"Suite 349 3920 MacGyver Cape, South Rosy, ME 39760-2356",+16184236457,blanca@kulas.test,True,46147
46972,Brian Kutch,"23054 Kling Stream, Lake Quyenside, NC 96481",+13638218562,edythe@damore-lakin.example,False,46972
46261,Domitila Hills,"Suite 828 36449 Schimmel Field, New Nicholas, IA 04796-1322",+11444657463,melida@maggio.test,False,46261
44693,Mr. Brynn Pollich,"6365 Delmy Street, North Alfredton, AK 34722",+11864099017,twana_king@morissette.example,False,44693
45382,Kassie Torphy,"668 Boehm Road, Binsmouth, IA 31812-0407",+12765387388,chantell.price@harber.test,False,45382
45318,Fred Renner,"Apt. 825 6477 Marvin Mews, Port Lavera, IN 00653-7528",+17261861912,dell@homenick.test,False,45318
46251,Amb. Juli Mayert,"Apt. 980 299 Eldridge Fords, Shauntaport, WY 06742-6099",+14396243804,deena_gorczany@ernser.test,False,46251
44832,Jules Altenwerth,"Suite 908 92153 Schiller Forge, North Lancemouth, NY 43644-1422",+17611824998,jesse_lowe@prosacco.test,False,44832
45512,Dr. Wilbert O'Hara,"Apt. 719 921 Blair Camp, Thielmouth, DE 35990",+19784284898,geoffrey.shields@parker-cummings.test,False,45512
45274,Ronny Brown Esq.,"Apt. 546 5044 Hane Rue, Ziemannland, MA 21075-4924",+18104590021,conrad.weimann@feil-osinski.example,True,45274
45979,Kenton Lebsack V,"Apt. 893 161 Romaguera Vista, Alfredomouth, MI 36698",+17609361981,gilberto_klocko@langworth.test,False,45979
46247,Blaine Dare,"186 Kertzmann Extension, Port Emile, DE 19908",+12923683837,sherman_williamson@mcglynn.test,False,46247
46962,Cierra Collier Cpa,"Suite 682 45144 Zboncak Mills, East Florencia, LA 00983-6262",+13657466760,alden.halvorson@kulas.test,True,46962
45022,Loria Bauch,"1859 Schuster Bypass, West Delbert, MT 37973",+15612875254,loyd_armstrong@bauch-collins.test,False,45022
45893,Msgr. Mana Gutkowski,"1391 Samatha Port, New Anishafort, NH 58075-1942",+12220307142,etta.bogan@huel.example,False,45893
44382,Temeka Wilkinson,"Suite 237 64360 Ledner Tunnel, Garymouth, OK 78323-2333",+13369886632,mose_mosciski@champlin.test,False,44382
45800,Dean Mayer,"Apt. 234 157 Candyce Dam, North Deidra, CA 96389-7424",+18029048840,jon@lindgren.example,False,45800
45840,Odis Pacocha,"5904 Genevive Views, North Willene, NM 60089",+17272674234,eddy_lockman@hintz-botsford.example,True,45840
44808,Joana Schulist,"381 Garrett Ford, Stehrshire, MN 08892",+11994478582,janina@rowe-ortiz.test,False,44808
47572,Lucila Macejkovic,"Apt. 451 6973 Keila Springs, West Clinton, AZ 68381",+17820920088,deandre.mcclure@langworth-schoen.test,False,47572
46966,Raina Lehner,"Suite 148 1581 Mueller Ports, New Sherie, RI 84078-5506",+17754682736,roselia@oconnell.example,False,46966
45501,Rev. Samuel Goyette,"Suite 427 86936 Thompson Mill, New Caseyborough, AZ 47884",+16091016997,annette@hodkiewicz.example,False,45501
45434,Homer Lockman,"Apt. 204 29464 Osinski Motorway, Lake Felicita, AR 71189",+12775651987,velvet@grady.example,False,45434
44452,Bobby Herzog,"Apt. 460 6773 Armando Gardens, Port Harold, FL 81026-2358",+11713284770,adolfo.schneider@bauch.test,False,44452
47361,Wilbur Buckridge,"Apt. 993 84470 Garry Viaduct, South Clementeport, SC 99488",+15627058543,chadwick.graham@heaney.test,False,47361
45618,Elyse Schroeder,"Apt. 366 490 Kassulke Shoals, Robertsstad, AR 82180-8846",+11947720682,caroll.denesik@boyer.example,False,45618
45104,Marcus Bauch,"67051 Lucrecia Greens, Lake Burtonchester, TN 95808-6533",+12345193175,coletta@baumbach.test,False,45104
47083,Grisel Dubuque,"1832 Kuphal Lock, Boganfort, TN 90349",+18979540581,aurelio@bradtke.example,False,47083
46941,Paula Friesen,"278 Kerluke Corner, Lake Augusta, OR 24390",+12036450903,danielle@borer.example,False,46941
47477,Micheline Schmidt,"Apt. 700 482 Darrell Wells, Friedaview, MS 31001",+13094125163,carroll@treutel-herzog.example,False,47477
46652,Santos Jenkins,"Suite 405 7184 Cristen Street, Johnniemouth, IA 82700",+13103768321,moises.franecki@huels-mayert.example,False,46652
44442,Edmond Weissnat,"Apt. 646 70879 Joeann Prairie, Matown, IN 77809-2784",+18233490291,lorrine_blick@keebler-lind.test,False,44442
47624,Shawn Weber,"Apt. 358 988 Benita Port, Rosendomouth, AZ 25696",+17980682573,dulce@wiza-west.test,False,47624
46498,Genie Haag,"27323 Young Club, New Teofilastad, PA 01531",+15191195992,elizebeth_hoppe@ziemann-grant.example,False,46498
46820,Raul Nienow,"Suite 580 39183 Merrie Streets, New Calandra, AK 42361",+17143248235,ismael.jaskolski@boehm.example,False,46820
46928,Whitney Kris Cpa,"Apt. 984 438 Rowe Pass, Astridfurt, WI 98885",+14633684475,deborah@jones-greenholt.test,False,46928
45812,Monserrate Greenfelder V,"96115 McKenzie Via, Jolenemouth, VA 75986-2609",+14362011876,rory_wiegand@wunsch.test,False,45812
47342,Salvatore Koelpin,"Suite 909 874 Fae Light, Joanaburgh, HI 95699-8477",+16593164761,latasha_lubowitz@towne.example,False,47342
47035,Kizzy Davis Md,"Apt. 454 84099 Heaney Squares, Jacobsonmouth, WY 69341-0397",+12539054582,tonja@grant.test,False,47035
46984,Marry Welch,"Suite 526 107 Adolfo Land, South Christianside, FL 12104-8474",+17028039257,maddie@oreilly.example,False,46984
44343,Zena Wisoky,"269 Gilberto Streets, New Lee, IA 93772-2174",+15600939939,julieann@jones-sawayn.test,False,44343
46421,Daniel Carter,"Apt. 410 8513 Josef Fields, South Roberto, WV 07906",+11607396185,jess@feil.test,False,46421
46544,Melvin Kassulke,"29067 O'Reilly Port, Reicherttown, SD 49737",+12025951576,kyle@kreiger.example,False,46544
45165,Lanny Stanton,"Apt. 110 2653 Lynn Street, Sammieview, AK 47080",+12090037300,berry@stanton.test,False,45165
44615,Lorenzo Carroll Esq.,"Suite 349 3475 Caryn Dam, North Roxanna, CT 77094-8727",+11887761709,brittny_schneider@bogan-jaskolski.test,True,44615
44633,Lauretta Schneider Jd,"Suite 431 157 Schmitt Mountain, East Cyrus, VA 15045-0451",+15337667181,rosario@gerhold.test,True,44633
46670,Dong Wuckert,"550 Thomas Brooks, Teodoraside, NM 21885",+14242311915,denny@abbott-ryan.example,False,46670
47224,Nickolas Wunsch,"Apt. 462 900 Feeney Mountains, Lesfurt, NH 62145",+12831099213,thu.conroy@bartell.example,False,47224
45882,Mose Lesch Lld,"Apt. 656 274 Zack Harbors, Andersonton, VA 22253-2785",+18523372423,clinton@rolfson.example,True,45882
46736,Phil Crist Vm,"459 Willms Knolls, Lubowitzchester, MI 27119",+11841365715,jackson.hilll@dibbert.example,False,46736
46564,Kim Gerlach Cpa,"Apt. 613 47227 Runolfsson Parkways, West Rudolph, RI 65324",+14850419462,rufina.feest@stoltenberg.example,False,46564
45308,Margert Tremblay,"245 Corwin Ranch, Rippinchester, CT 94004-0403",+18019802226,enrique_pollich@corkery-braun.test,False,45308
47444,Gov. Cristine Funk,"9530 Doyle Springs, North Britney, VT 81226-6699",+14100354689,jonathan@nienow-pacocha.example,False,47444
46583,Alva Denesik Ii,"989 Gibson Stravenue, Dirkchester, WI 06524-4930",+19384855358,lavina@nienow-herzog.example,False,46583
47321,Mrs. Daryl Satterfield,"Apt. 816 34365 Evita Mountain, New Fredric, IN 06998",+16194044208,karolyn@barton.example,False,47321
44979,Fr. Wilton Schneider,"6297 Lisa Pass, Port Nathanielbury, NC 93916-1387",+19795779455,clara_langosh@macejkovic.example,False,44979
47102,Eden Cartwright,"Suite 928 1297 Dickens Hill, East Leo, MN 69339-9195",+16962737586,rosario.witting@kling.test,False,47102
45970,Alita Johns,"270 Beahan Mission, North Sung, KY 20066",+11422929762,dominique@okeefe-gerhold.test,False,45970
47354,Antwan Mcglynn,"884 Schamberger Mission, Lake Lon, TX 75777",+16565144220,jordon_ruecker@halvorson.test,False,47354
44868,Joette Wisozk,"Suite 834 57972 Romaguera Villages, Lidiabury, NV 20306-8220",+12604518851,alisa_hoppe@marvin.example,False,44868
44787,Shondra King,"815 Corkery Pines, North Maragaret, UT 90483-4205",+14189624486,lashawnda@flatley-stehr.test,False,44787
46180,Stevie Leffler,"Apt. 187 84124 McDermott Islands, Daneborough, NE 73198-6236",+15871435063,gale@mcglynn-kuhic.example,False,46180
45571,Mario Witting,"77606 Demetria Ranch, Willmstown, WI 90996",+16415970372,hilton_abernathy@fay-herman.test,False,45571
45053,Felton Howe I,"Apt. 304 5145 McCullough Mews, South Von, NJ 50407",+19971164103,dante@monahan.test,False,45053
44641,Rolf O'Connell,"5126 Mel Fields, North Gordonchester, NC 77962",+13046803910,deanna.hettinger@lehner.example,True,44641
46651,Naoma Upton,"545 Anderson Fords, Rennermouth, ME 06103",+18030194952,geoffrey.flatley@bruen.test,False,46651
45251,Pedro Romaguera,"944 Waters Canyon, Vickieburgh, MO 95190",+19392252003,lonnie@rippin.test,False,45251
46979,Prof. Chad Gusikowski,"584 Mills Meadows, Stehrshire, CT 35160-6760",+14361199532,crysta@fadel.example,False,46979
45762,Carolyn Bauch,"Apt. 347 88306 Margarette Ports, East Gil, KY 00881",+11901449855,don@wilderman.test,False,45762
47160,Mrs. Blythe Schoen,"Suite 484 78443 Powlowski Meadow, East Errol, WY 71329-0086",+12693908312,birgit@roberts.example,False,47160
44916,Errol Hodkiewicz,"Apt. 667 424 Willms Pass, East Courtneybury, IL 89785",+11743209637,onie.gleichner@howe.test,False,44916
46021,Lavera Shields,"Apt. 934 213 Shellie Mall, New Arnoldside, OR 66508-9004",+14631156607,abraham_connelly@watsica.example,False,46021
44508,Bobbie Ebert,"Suite 294 35055 Rohan Inlet, Kozeyfurt, SD 38014-8335",+11346602810,neil.willms@volkman.example,False,44508
47329,Manual Hudson,"Apt. 116 9973 Aundrea Rapids, Port Dillonburgh, MA 54297",+11450840558,justin_stracke@prohaska.test,False,47329
46115,Elvis Connelly Esq.,"Apt. 643 6908 Lucille Underpass, Yongfort, HI 97467",+12674348160,cary@harris-rice.example,True,46115
44809,Kristel Anderson,"Apt. 579 5341 Greenfelder Throughway, Port Hyon, OR 65472",+18274187399,brian@kuvalis.test,False,44809
45867,Edgar Von Vm,"65516 Caryn Green, Blockton, NM 54170-3533",+19195730974,rico@bogisich.test,False,45867
45030,Ronny Ward Esq.,"81741 Schroeder Radial, South Carmineview, AR 57320",+19631598202,felipe@davis-parisian.test,True,45030
47324,Brian Gutkowski,"53543 Kohler Landing, Rauville, CT 33973",+13445372464,bulah.heaney@cormier.test,False,47324
47317,Jake Bogan,"1661 Alexis Ranch, East Larrymouth, AZ 54352-4120",+12263090751,mickey@schmitt.test,False,47317
47204,Carlena Powlowski,"913 Wilderman Point, Rennerland, CT 14703",+12716305663,tamara_ernser@hansen-ruecker.example,False,47204
44887,Ms. Giovanni White,"Suite 892 87397 Harvey Unions, East Hiroko, VA 45291-8618",+16341608057,robby_schaefer@mcclure-hackett.example,False,44887
44511,Msgr. Esteban Prohaska,"222 Kovacek Burg, Prestonport, HI 42527",+12088879354,dung@herman.test,False,44511
46842,Lanita Kohler,"Suite 789 636 Ed Vista, Gradyhaven, CO 66061",+14788875572,jordan_ullrich@jerde-koch.example,False,46842
44725,Sena Powlowski,"Apt. 556 9384 Mardell Square, Langworthland, ND 61052-6429",+19464040785,brett_ruecker@stokes-labadie.test,False,44725
47281,Dean Hudson,"73957 Raeann Haven, Littleborough, MI 55020-7040",+15649967570,georgina.quitzon@hilpert-stehr.example,False,47281
45448,Sook Kessler,"66750 Runolfsdottir Union, VonRuedenshire, DE 15792-2948",+17393032137,jill.hand@huel.test,False,45448
46577,Elton Wyman,"Suite 948 475 Nitzsche Knolls, Port Gennyville, MS 81562",+12659801422,efrain_boyer@bailey-kulas.example,False,46577
44503,Pres. Linn Leuschke,"3257 Marks Lodge, Buckridgeport, MI 99169-8356",+18190355086,idella_pfeffer@dicki.test,False,44503
45579,Mervin Buckridge,"8523 Jacobs Estate, North Rosalieport, GA 09433",+18194601037,nan.abernathy@connelly.test,False,45579
47566,Gov. Kevin Orn,"504 Prosacco Station, East Osvaldoton, LA 99467-8272",+13689051827,denna_schultz@ruecker-nolan.test,False,47566
44709,Shonna Heathcote,"Apt. 214 493 Kayleigh Wells, Wadefort, WY 89310",+13825030025,don.west@sauer.example,True,44709
45645,Cortez Gottlieb,"Suite 525 51538 Oliver Fields, Mickeyville, MT 83500-4442",+13845603295,oliver_crist@cruickshank.example,True,45645
46594,Lucas Stiedemann,"Suite 797 505 Stracke Road, Patriciaborough, FL 69451-7533",+11651898183,nathanial_cremin@stehr-homenick.test,False,46594
44389,Kathyrn Flatley Jd,"4012 Donnette Greens, O'Haraburgh, ND 61834",+15509051472,flor@mcclure.test,False,44389
46000,Linn Bruen,"Suite 505 56935 Beier Forge, Cruickshankfurt, NE 78924-9065",+16067227625,garland.kirlin@mclaughlin-kassulke.example,False,46000
45996,Caren Hagenes,"Apt. 257 7828 Padberg Valley, Torpchester, OK 94973",+18613301145,soledad_erdman@mraz-rempel.example,False,45996
46210,Branda Howell,"3294 Gwenn Fall, South Chadwick, DE 75538",+18447208108,ollie.strosin@bechtelar-schroeder.example,False,46210
46714,Glennie Vonrueden,"Suite 858 701 Jakubowski Isle, Cummingsmouth, IN 13171",+16041264254,tashia_feil@rosenbaum.example,False,46714
46870,Reinaldo Stamm,"Apt. 860 462 Mann Station, New Eulah, WV 06469-1344",+19862460093,toya@nolan.example,False,46870
47075,Albert Tremblay,"6007 Kuhic Run, North Judson, NH 90532-6015",+18543352153,kandice@braun-greenholt.test,False,47075
46570,Antonette Witting,"97332 Hilaria Streets, Gleichnerborough, SC 59606",+14563032619,jesse@shanahan-jenkins.test,False,46570
47425,Hector Strosin Dc,"3434 Francisco Well, Schusterhaven, AL 51212-2065",+16043144197,newton@yost.test,False,47425
45844,Noble Oberbrunner,"3862 Turcotte Falls, Dominiqueview, GA 15866-7380",+19365856673,nicky_nikolaus@kub.test,False,45844
46392,Foster Deckow Sr.,"2008 Kurtis Mountains, Port Dalila, MI 83500-5747",+16316319642,madie@beatty-hauck.test,False,46392
47519,Agripina Stamm,"17973 Waters Tunnel, New Christoper, MD 23375",+18404010776,seema_lesch@nienow.test,False,47519
44890,Rep. Lloyd Flatley,"32101 Jeana Squares, Port Anjelica, WA 22707",+11284666680,al@beier.test,False,44890
45151,Ms. Ryan Sauer,"Apt. 752 2094 Gregory Drive, East Krystlemouth, WV 14286",+15160821713,dorinda@metz.example,False,45151
47561,Gov. Don O'Connell,"8798 Melvin Square, Rodriguezchester, UT 31249",+15331930920,demetrius@brekke.example,True,47561
45630,Adolfo Goldner Jd,"Apt. 662 25839 Maxwell Valley, Port Zachariah, AR 15403-3302",+16931690763,andreas_jerde@schuppe.test,False,45630
44834,Drew Reichel,"Apt. 987 84576 Elizabet Cliff, Cristfurt, ME 94573",+14446173137,heide.hayes@kuhic.test,False,44834
45556,Mr. Patti Dooley,"97577 Johnson Stream, New Ginoberg, NV 03805",+18052608575,sung_ortiz@heller-walsh.example,False,45556
45007,Roosevelt Volkman V,"83610 Okuneva Vista, Port Bobbiefort, ID 96753-3701",+14388281762,verlene@huel.test,False,45007
45792,Shemika Raynor,"33031 Swift Place, Shieldsberg, LA 06604",+12236726643,ed_wisoky@windler.test,False,45792
47345,Darrick Hickle Lld,"Apt. 172 812 Nikolaus Parkway, Mayerport, MI 37744-0114",+17267798903,carlotta@pagac.test,True,47345
47261,Marylynn Grady Vm,"Apt. 111 37509 Morissette Junction, West Chinabury, PA 48249-9983",+13201218602,genesis_langworth@lang.test,False,47261
46703,Robert Swaniawski,"Suite 366 817 Pollich Stream, West Ted, FL 82114",+16614431401,liza@rau-beahan.test,False,46703
45481,Abram Raynor,"6817 Herzog Park, Kingview, RI 53551",+17953007792,alice_kling@leffler-herman.example,False,45481
45864,Eloy Kshlerin,"Suite 971 6712 Howell Cliffs, Whiteview, MO 91292",+19083235116,michal_wisoky@dietrich.test,False,45864
47395,Dominga Morar,"766 Stacey Keys, New Taneka, NH 24133-5768",+18983157252,toby.konopelski@effertz.example,False,47395
47522,Dr. Genia Swaniawski,"Suite 859 11915 Farrell Mountains, Schoenside, OK 59949-6072",+17833586844,michale_bahringer@west.example,False,47522
46056,Myles Ward,"Apt. 632 790 Russel Shoal, Wizaport, FL 62358-1225",+16678357626,harry.dickens@schmidt.example,False,46056
45172,Mrs. Aline Herzog,"Suite 536 6726 Padberg Crossroad, Considineside, OR 63367-3617",+11552911844,fletcher.bogisich@zemlak-berge.example,False,45172
44877,Clint Murray,"75718 Moen Branch, New Delmar, ME 23057-5761",+17984644707,bradley@leffler.example,False,44877
47183,Gregorio Hintz,"Suite 130 4952 Young Inlet, New Caridad, NV 16619-2876",+19344561815,else@champlin.example,False,47183
45658,Garnet Bode,"Apt. 492 174 Homenick Vista, Effertztown, UT 72944-0170",+12597532336,clark@blanda.test,False,45658
45314,Ms. Cruz Shanahan,"Apt. 980 15303 Rudolph Station, South Mozell, SD 16436",+17919029060,clotilde@orn.example,False,45314
46776,Karl Cassin,"Apt. 368 608 Emmerich Mountain, Lake Dariofurt, OK 20563-5232",+14404932030,kari@gerhold.test,False,46776
45646,Tristan Purdy,"Apt. 789 75617 Sporer Run, Koeppland, MT 93779",+14723576753,waldo@ankunding-wisoky.example,False,45646
46847,Vena Dickens,"Apt. 798 4408 Raul Mill, New Seritashire, CT 10331-7165",+12113135644,ahmed.lindgren@turner-hirthe.test,False,46847
46289,August Pacocha,"Suite 321 16570 Patricia Parkways, Hudsonchester, AZ 72447",+13463688160,zenaida_feest@kunze.test,True,46289
44539,Rosanna Hirthe I,"Apt. 247 59914 Lubowitz Row, Lorenport, SC 03625-1216",+12704946751,dylan@stehr-grant.example,False,44539
46192,Walton Schuster,"Apt. 780 1862 Nam Circle, South Cecille, CA 01987",+17029970446,deshawn.rosenbaum@luettgen.test,False,46192
44582,Eugenie Runolfsson Lld,"Apt. 438 2403 Glover Burg, Port Eloy, NE 57877-8138",+11272272363,derek_reinger@casper.example,True,44582
45071,Mrs. Victor Bednar,"8195 Okuneva Ports, Markstown, SC 30511",+13177418340,cristobal.bogisich@bechtelar.example,False,45071
44990,Tanesha Langworth,"Apt. 966 944 Keven Summit, South Donnie, AZ 54916",+13514143078,rochelle@hackett-grimes.test,False,44990
47238,Gus Hayes,"Suite 931 24127 Lacy Expressway, East Merlemouth, GA 01193-7058",+12294358149,fletcher.lindgren@orn.test,False,47238
46664,Trula Auer,"Suite 442 630 Hermann Mountains, Marquardttown, ME 58379-3800",+16853804938,brandy.wehner@ankunding.example,False,46664
46906,Lavinia Crooks Do,"Suite 994 268 Ruecker Junctions, South Maurohaven, VT 55924",+16544783580,zachariah_nader@grant.test,False,46906
46506,Charlie Haag,"4800 Kohler Falls, Deangeloview, AL 35484-8617",+17190194062,tiesha@gutmann.example,False,46506
46620,Martin Osinski,"230 Jones Ridges, Raymondefurt, NV 96114-9481",+12021107777,lyle.pagac@langworth.test,False,46620
46062,Mr. Eugena Kuvalis,"Suite 967 37446 Shelby Vista, MacGyverton, NV 13885",+14610905325,nathanael@harris-robel.example,False,46062
45107,The Hon. Belva Nikolaus,"57003 Swaniawski Inlet, Port Estrella, CO 45747",+11681800379,ismael@maggio.example,False,45107
45565,Nova West,"Suite 421 3874 Williamson Burg, Charlenahaven, KY 13550-1485",+16016435235,danilo.watsica@zemlak.test,False,45565
46840,Rep. Bobby Wiza,"848 Ruecker Burg, Blandaberg, UT 62818-4464",+12002553202,rosina_fritsch@stracke.test,False,46840
47403,Kraig Stanton,"Apt. 970 4271 Langworth Ford, North Erlindaside, ND 88248-4473",+18254644036,rodrigo@bechtelar.example,False,47403
47045,Aurelia Kuhlman,"76763 Remedios Vista, Laurettaton, ID 19104-0903",+19659528255,chester@balistreri.example,False,47045
46541,Marvin Schamberger Vm,"569 Tracee Turnpike, Laurelberg, WV 92646",+15001612778,elfrieda@steuber.test,False,46541
44683,Bret Nienow,"Apt. 204 74948 Stokes Loaf, Jinport, AZ 98041",+14231754458,jene_cremin@prosacco.test,True,44683
45339,Hisako Konopelski Lld,"Suite 185 649 Bashirian Plaza, East Roger, IN 48531-6359",+17858480954,verna@lebsack-altenwerth.test,True,45339
46625,Tammie Bernhard,"1132 Schmeler Corner, West Jed, WI 03984",+15972416434,sang.langworth@zulauf.test,False,46625
47198,Dane Stokes,"8732 Kitty Bypass, Lateshachester, VT 60196-8652",+18394902646,ellis.ernser@turner-conn.example,False,47198
46965,Taisha Schneider,"2460 Rohan Mountain, North Amosmouth, NH 80201-0847",+17152228009,clotilde_nicolas@daniel-prosacco.test,False,46965
45337,Mr. Berry Bruen,"47007 Lynnette Plains, North Jaimiefort, SC 06147-0538",+14378918571,jordon@hoppe.test,False,45337
45942,Rossana Predovic,"62225 Ruben Station, Dannymouth, NH 99915",+13441200305,arron_okuneva@tromp-rempel.example,False,45942
44911,Melissa King,"9149 Clement Station, Port Earthaville, WI 64432-2829",+18352615860,valentine_pagac@kuvalis.test,False,44911
46241,Michale Kuhn Dc,"6641 Jeannette Road, Grimeston, ME 62317",+18777377023,mozella@hackett-schneider.test,False,46241
46052,Jeanmarie Kling,"Suite 652 302 Marvin Flats, West Norbertville, HI 29718",+18969272580,syreeta@thiel.example,False,46052
45876,Dewayne Welch,"Apt. 506 21124 Lawrence Courts, Lake Tifany, NE 64092",+18819415805,tanesha_moen@ullrich.example,False,45876
46437,Neida Muller,"Suite 553 2462 Fabiola Shoal, Lake Thanh, ME 76171",+14355120788,markita@stokes.test,False,46437
46542,Sen. Jordan Hartmann,"Suite 797 948 Schultz Stravenue, Lake Hueymouth, OH 12401-7666",+13512311002,layne.gerlach@predovic.test,False,46542
46739,Denis Stehr Dc,"7858 Christiansen Ferry, South Chantay, DE 33016",+17451716081,branden@jenkins-feeney.example,False,46739
45756,Sen. Suk Schinner,"75591 Issac Islands, Cassinchester, AK 02770",+12864900385,dino@kessler.example,False,45756
47071,Donna Powlowski,"Suite 195 8670 Moore Mall, North Carol, WY 63700",+18460104318,tad@miller.test,False,47071
47341,Cedrick Little,"775 Leonia Spurs, Armandofort, TX 80154-3423",+15742741011,stacey_osinski@okuneva.test,False,47341
44933,Sen. Floyd Greenfelder,"Apt. 873 21378 Shasta Pine, Darrellshire, ND 98827",+13924749087,clarissa@dickinson-kling.test,False,44933
46685,Mariano Kertzmann,"5238 Ed Ridge, Ardellashire, MS 31774-7194",+14043425576,dorsey@schimmel.test,False,46685
45451,Tinisha Wehner,"834 Ima Mall, Vandervortmouth, PA 10475-2421",+11386458782,hubert@dare.test,False,45451
44436,Dr. Paula Price,"3666 Berge Mission, Harriettetown, AK 29618-7723",+13699088993,ramiro_kemmer@gerlach.example,False,44436
45454,Hyman Kuhic,"21242 Roob Track, New Damion, NV 11835-8415",+15931592449,lino_jacobs@thompson.test,False,45454
46349,Marco Jacobi,"Apt. 220 2072 Lamar Hills, Port Rivaview, IL 78383-0258",+17752292069,merrie@dare.test,True,46349
46903,Truman Osinski,"Suite 893 129 Johns Flat, Littelshire, MO 89937-5832",+14168849506,sheryll@leffler-bernhard.example,False,46903
44848,Freddie Hermann,"Suite 192 12975 Halvorson Points, South Fredrick, MD 79230-3027",+12725733225,lashonda.white@dickinson-abernathy.example,False,44848
45036,Santiago King,"Apt. 203 119 Kertzmann Via, Stromanton, AK 32810-6470",+17181485407,tyler_ondricka@murray-larkin.example,False,45036
45735,Clinton Gutmann,"Apt. 428 35310 Moshe Square, Zackchester, ME 72288-6860",+16894578528,bradly@powlowski-frami.test,False,45735
46293,Makeda Ankunding,"Apt. 607 895 Jamey Lights, North Margueritaburgh, IN 62356-9175",+14008768273,sammie_dibbert@johnston.test,False,46293
45082,Rep. Joie Kerluke,"Suite 499 3447 Parisian Dam, South Joyeborough, SC 56523",+13442678752,shyla_little@emard-robel.example,False,45082
47606,Lauralee Weber,"Suite 956 2659 Bashirian Rapid, Chrisburgh, MA 06049",+12152155056,celeste@muller.example,False,47606
46431,Exie Smith,"Apt. 210 70109 Bogisich Mountain, Lake Gerry, WI 54846",+14697947558,lane.walsh@reilly.test,False,46431
44474,Shirley Jones,"Suite 714 684 Botsford Pine, Tannerville, CA 17350",+18411560849,noel@oberbrunner.example,False,44474
47489,Shanon Reichert,"579 Chanelle Station, West Traceechester, KS 84216",+16270092084,bronwyn.reichert@keebler-boyle.test,False,47489
44910,Erin Weissnat,"Suite 929 2714 Ullrich Isle, East Derekport, WY 11778",+13819856490,porter.cormier@ryan.example,False,44910
44486,Brendan Morar,"2897 Britta Island, Swaniawskiberg, NC 36485",+17646943963,onita@okon.test,False,44486
46166,Ryan Leffler,"Suite 440 722 Rocco Glens, Bahringerville, NV 68760",+15369144310,clinton_effertz@koepp-upton.example,False,46166
46329,Providencia Macgyver,"5152 Tandy Parks, South Reaganhaven, VT 67707-3151",+14466223520,brandi@hayes.test,False,46329
45086,Elvera Boyle,"706 Karma Circle, Port Olimpiaside, TX 77071-9060",+14591361494,samira.blick@white.example,False,45086
45845,Louie Breitenberg,"220 Jacobi Path, Port Angelicastad, TX 47631-5876",+12552393344,candelaria_bergstrom@smitham-strosin.example,False,45845
46716,Jamie Mueller,"Apt. 497 7918 Grover Drive, Tannerbury, WY 91663-0575",+17853534350,rachell@thiel.test,False,46716
46545,Mike Zemlak,"713 Kim Mission, North Dudley, SD 23072",+17227526931,hector@goodwin.test,False,46545
45725,Thomasine Donnelly,"544 Turcotte Curve, Mernamouth, CO 70454",+15356961889,gregorio@thompson.example,False,45725
45653,Dora Predovic Iv,"Apt. 711 43938 Alexia Forge, Littelview, GA 77350",+12342532388,norris_mann@feil.test,False,45653
45511,Ronald Lindgren,"77022 Juliann Path, Port Cameron, NC 98710",+14464495086,janeen_bruen@greenholt.test,False,45511
44427,Larhonda Corkery,"3167 Ratke Inlet, Lockmanshire, CO 95248-3372",+11041096843,phylis@wuckert.test,True,44427
46260,Samara Green Do,"3383 Rhiannon Circle, South Arturo, NM 82818",+11253489391,humberto.bins@leuschke-stracke.example,False,46260
44431,Isiah Daniel,"14452 Gutkowski Fields, McLaughlinhaven, MN 36847",+18655584845,charlyn@abernathy-tromp.example,False,44431
45997,Fr. Alfonso Kshlerin,"8822 O'Keefe Cliffs, Dougfurt, NH 25644",+17500639146,melodee@torp.test,False,45997
46090,Lakiesha Flatley Lld,"Suite 614 6882 Jose Port, West Fatima, MS 49131-2533",+16842514635,forest.bogisich@schinner-conn.example,True,46090
45261,Kareen Bartoletti,"Suite 737 54143 Miyoko Hollow, South Youngshire, HI 02561",+18883695582,theodora@schmeler.example,False,45261
45816,Isreal Macgyver,"984 Schmitt Shores, Lake Lidiaville, TN 25807-2437",+13106797903,tamika.mann@boyle-dubuque.example,False,45816
47009,Rev. Gerardo Runolfsdottir,"Apt. 856 106 Marth Circles, Lawerencebury, VT 77650-8323",+16209292434,meg@kub.test,False,47009
45650,Rich Turner,"Suite 250 96534 Stiedemann Points, Kassiestad, TX 58428-3783",+11468372311,coleman@conroy.example,False,45650
46298,Alyce Kautzer,"Apt. 993 45961 Rogahn Parkways, North Joline, FL 87096",+19753904006,kirk_macgyver@schowalter.example,False,46298
46872,Carolann Treutel,"65718 Dickinson Springs, South Graig, WA 10164-5078",+11850753426,ruben_berge@predovic-reichel.test,False,46872
44660,Grazyna Schroeder,"132 Mohr Key, Lake Angel, OK 72861",+13979199644,venetta.legros@towne.example,False,44660
46355,Afton Buckridge,"Apt. 521 96474 Thompson Points, Port Oneidashire, MN 79505-8954",+14509477599,emilio.barton@jaskolski.test,False,46355
46238,Lindsay Schamberger,"55178 Lanell Curve, Port Damonfort, IA 67155-2886",+12596051235,dick@lindgren.example,False,46238
44509,Gov. Everette Lynch,"62222 Keneth Neck, West Brockbury, WV 10426-4853",+11122978623,steven@daniel-wyman.example,True,44509
44526,Stephen Stark,"1648 Faviola Bridge, Carlton, KY 11380-4565",+13927393730,kenton@ernser.example,False,44526
45570,Randal Waters,"531 Naida Walk, Darellport, MO 34560",+19891441524,peter@schmidt.test,False,45570
47511,Vesta Wuckert,"67873 Beatty Gardens, Mindiside, NC 55247-9042",+19889007444,ima@jakubowski.test,False,47511
45089,Charles Lynch,"89198 Stamm Neck, Bernardshire, IA 48475-1319",+15036678677,burt@kuphal.example,False,45089
46778,Cherilyn Balistreri,"Apt. 877 46337 Jacinto Islands, Kristalville, MI 39285-8994",+15836772912,leigh@herzog-medhurst.example,False,46778
44605,Arnold Legros,"Suite 581 7863 Cartwright Course, West Lance, NH 76411-0096",+13334107329,becki_bernier@emmerich-price.example,False,44605
46330,Divina Weber,"534 Louis Park, Erinfurt, AZ 30515",+14071656118,leopoldo_shields@runte.example,False,46330
45364,Mr. Ike Feeney,"66835 Moore Crescent, Patrinafort, HI 85567-5443",+16009345298,mohamed.mayert@morar.test,False,45364
44882,Alfred Moen,"6022 Coleen Course, North Jennetteport, MA 90025",+19829610641,kendall_gutmann@bosco.example,False,44882
46440,Brent Shields,"653 Rohan Meadow, East Manuel, PA 50905-2576",+19466331138,merissa.kertzmann@bernhard-brakus.test,False,46440
47203,Danyelle Keeling,"14508 Turcotte Loop, East Jed, WI 66882",+18916136626,giuseppe@wehner.test,False,47203
46981,Simon Ritchie Iv,"658 Effertz Station, Schowalterborough, TN 31013",+14895210111,kerry@schuster-metz.test,False,46981
45855,Tobias Frami,"16102 Ahmed Valley, New Vicente, WY 53266-0955",+16516558398,issac_keebler@barrows.example,False,45855
46107,Mrs. Broderick Orn,"Suite 975 882 Karl Way, Port Netaview, KY 86588-8329",+19266466966,lyda@damore.test,False,46107
46804,Bruce Schneider,"404 Predovic Ford, Harleyborough, IN 56837-3623",+19531979643,carletta.breitenberg@hermann-krajcik.test,False,46804
45686,Rueben Huel,"91643 Anthony Port, Bartolettiside, WY 91338",+18796872460,emmett@huel.example,False,45686
47076,Delta Lakin,"45996 Ute Isle, Dotview, ND 72775-5411",+11839152019,traci@weimann-satterfield.test,False,47076
46896,Brendon Connelly,"Apt. 194 48998 Amie Parkways, Torphyside, HI 30821-8444",+16315555411,coreen@thiel-lemke.test,True,46896
45464,Duncan Quitzon,"109 Schmidt Gardens, Blaineshire, IN 73108-5588",+14749975749,paris.wyman@bins.example,False,45464
47529,Antonio Bogisich,"Apt. 300 912 Shay Summit, Rayeville, IL 74149",+14312987675,brunilda_stroman@jones.test,False,47529
44907,Elia Rosenbaum Dvm,"31317 Ileana Brook, North Kimberliview, NY 22798",+15959903297,sherlene@greenfelder-mcclure.example,False,44907
45055,Lu D'Amore Cpa,"8614 Sporer Drives, Ricardoville, NH 46195-0457",+14447842101,darryl@kling.example,False,45055
46640,Archie Price,"3801 Yost Gardens, Port William, MA 70787-0167",+16344685090,randi.donnelly@hintz-pagac.test,False,46640
46306,Lennie Kris,"Apt. 371 6460 Mraz Crescent, Larkinborough, KY 48918",+19428343958,charmaine@mraz-hamill.example,False,46306
45193,Kathy White Esq.,"Suite 958 62517 Fidel Shore, North Bertie, NE 95638-8002",+13328876977,jame@cormier.test,True,45193
46416,Weldon Breitenberg,"Suite 183 94891 Lona Wells, Sharitaburgh, GA 22328",+12837255641,vada_boyer@robel-dach.test,False,46416
45768,Katheryn Nitzsche,"Apt. 130 888 Torphy Loop, Lake Giuseppe, KS 24279",+11646600668,wilmer@schiller.test,False,45768
44634,Sen. Osvaldo Bartoletti,"776 Legros Track, West Deanland, IN 74715",+17908821412,vito.runolfsson@sawayn-bechtelar.example,False,44634
44344,Chadwick Swaniawski,"Suite 648 9536 Deckow Wells, Rickiemouth, AL 82546",+18049775899,pablo@barton.test,False,44344
47043,Samual Paucek Ii,"Suite 240 4669 Celeste Fork, Port Korey, RI 52724-8321",+11608119341,malik.koelpin@schmeler-jast.example,False,47043
46671,Mrs. Dante Nikolaus,"404 Gutmann Plains, North Latoshashire, ND 91027",+18893131106,ben.willms@champlin.test,False,46671
44585,Ines Ziemann,"18112 Powlowski Harbor, Rhettstad, WA 67221",+19988843545,patrina@lowe.test,False,44585
46450,Gerard Ullrich,"449 O'Kon Forge, Port Rollandview, SD 56432",+18402771885,christopher@carter-carroll.test,False,46450
45899,Melissia Schumm Phd,"Apt. 587 75990 Jonas Views, Port Donnie, NC 36293",+14738237171,tiny_kessler@breitenberg-hackett.test,False,45899
47320,Demarcus Emard Dds,"Apt. 971 974 Eli Hill, Georgettemouth, RI 40360-8776",+14820754977,willis_kovacek@shanahan-williamson.test,False,47320
45293,Juan Windler,"6246 Wisozk Park, West Reita, AL 58927",+12899272378,kaila.lynch@halvorson.test,False,45293
45952,Dr. Enedina Walker,"418 Tempie Mills, Rowemouth, WA 72824-4137",+12762494509,soila@herzog-moore.example,False,45952
45145,Hal Bergnaum Iii,"Apt. 413 421 Bernhard Spring, Floydbury, ME 36308",+12851284311,cassandra@schinner.example,False,45145
47181,Otto Erdman,"Suite 999 2136 Willms Vista, South Omaburgh, NM 51106",+13407671526,antonietta.greenfelder@hamill.example,False,47181
47258,Leah Nader,"1295 Schroeder Freeway, East Vincenttown, ID 93024",+14718507184,janelle_bogan@wuckert.example,False,47258
46044,Susan Fay,"Apt. 116 9264 MacGyver Avenue, Codyfort, ND 07587-0313",+18468282022,darwin_kulas@koch.test,False,46044
45182,Cecila Krajcik,"Apt. 425 281 Alphonse Park, Port Reedburgh, RI 45237",+18981393524,laurette_little@wisozk.example,False,45182
47300,Bonnie Zboncak,"Apt. 187 6098 Hilll Courts, Schulistland, ND 99628",+19440187353,rickie_bechtelar@boyle.example,False,47300
45085,Kathaleen Boyer Dc,"9773 Lueilwitz Lodge, Port Garry, WI 98157-7351",+14862528344,zachariah@mueller.test,False,45085
44609,Janeth Fay,"Apt. 470 5024 Gutmann Meadow, Lake Blainestad, ID 48504",+19997094425,jospeh_schiller@hammes-kozey.test,False,44609
45375,Jamar Witting Vm,"Suite 812 16808 Deedra Station, Lake Vanitashire, WI 98374-9787",+13453440593,michael_gusikowski@fadel.example,False,45375
45765,Vernon Mclaughlin,"6790 Tobias Villages, Lake Halville, MT 65358-4481",+18091292679,melina@kris.test,False,45765
46605,Dr. Adan Hoppe,"98291 Chadwick Tunnel, Uptonmouth, SC 48896-2442",+12261548088,shellie.gislason@mcclure.test,False,46605
44831,Migdalia Goyette,"Suite 816 1220 Lakin Parks, Bonniemouth, NE 76594-9699",+19972285900,clemente@haag-jaskolski.example,False,44831
44879,Msgr. Carmen Veum,"Apt. 117 1124 Lowe Mall, Theoport, MT 42371-1495",+12011045726,jaime@hodkiewicz.example,False,44879
46041,Marcellus Cole I,"425 Connelly Plaza, Macejkovicberg, WI 59468-4570",+18758887855,gillian@grimes-greenfelder.example,True,46041
46731,Clelia Schumm,"861 Owen Court, Nicolasfort, DE 32325",+13690203753,ike@lang.example,False,46731
47368,Gov. Bernarda Ondricka,"314 Donya Cliffs, Lake Adolphmouth, IL 13251",+13706260606,jeannie_jakubowski@gerhold.example,False,47368
46531,Lily Vonrueden,"Apt. 264 3599 Balistreri Turnpike, West Luigistad, MT 75332",+15120069583,kathrin@upton.test,False,46531
44920,Naomi Daugherty Dc,"Apt. 746 345 Alejandra Cape, Lake Gregoria, NJ 40862-7373",+16942865140,dave.goodwin@kertzmann-okeefe.test,False,44920
46193,Rep. Cyrstal Dietrich,"3753 Jamel Parks, New Eliseoport, GA 55260",+16405339357,willena_russel@kozey-botsford.example,False,46193
47402,Valentin Champlin,"Apt. 130 4283 Harber Well, West Renechester, NH 37880",+11364116510,rafael@heathcote-predovic.test,False,47402
44724,Hortencia Powlowski Esq.,"Suite 205 359 Alfredo Mill, Brittanyside, WA 31869",+14278167814,kristel_ohara@windler.example,True,44724
45026,Billy Mills,"Apt. 730 54394 Tyrone Shore, Port Trisha, AK 53366",+11872258379,jayson_bailey@hartmann.example,False,45026
44411,Lyle Wolff,"727 O'Hara Spur, Port Annalisaside, TX 53360-5186",+11996780408,eda.kihn@quitzon.test,False,44411
44952,Manuel Vonrueden,"40005 Cartwright Pass, Lake Fred, NY 64544-3694",+12699683490,edgardo.stracke@gulgowski.example,False,44952
45012,Cedrick Spinka V,"Apt. 361 21798 Monahan Locks, East Florentinaland, GA 98964",+17331095936,malcom_stracke@weber.test,False,45012
44482,Andy Baumbach,"Suite 387 15722 Powlowski Rue, East Robertachester, OR 75085",+17973397706,fabian_aufderhar@kihn.test,False,44482
44499,Monte Hintz,"Suite 935 99382 King Unions, Schuppetown, TN 87229",+14778532082,clinton@parker-gusikowski.example,False,44499
44680,Odell Lindgren Do,"73769 Franklin Estate, Ellisview, MO 45477-4412",+11225383557,monty.hayes@mraz-okon.example,False,44680
44372,Msgr. Nakia Heidenreich,"Suite 258 611 Pfeffer Summit, North Donnie, OK 16652",+16178517422,britt@lockman.example,False,44372
45581,Quinn Breitenberg,"Suite 367 25642 Price Locks, Napoleonland, MD 24013-5052",+18233884652,dewitt_rogahn@dubuque.test,False,45581
47068,Clarisa Schaden Lld,"Apt. 641 4087 Elbert Rapids, South Hanghaven, OK 72880-4177",+13364049590,carlos_connelly@dicki-windler.test,True,47068
45122,Travis Dibbert Ret.,"Apt. 950 5170 Alfredo Trail, South Jeremy, OK 62588-1446",+19236832954,shin.mayer@reichel.example,True,45122
46454,Catalina Bartoletti,"Suite 159 5513 Leffler Walk, Kovacekfort, WY 93132",+19517196171,roy_schmidt@hills.test,False,46454
44898,Danae Hammes,"Apt. 769 185 Wiza Estate, Lake Sylvester, OH 31301",+17393515752,columbus@mohr-farrell.example,False,44898
46890,Mr. Dion Leuschke,"36563 Elwanda Plaza, Lake Mindy, ME 82126-2731",+15114632696,chanda@powlowski.example,False,46890
47127,Charlotte Dooley,"Suite 926 327 Yuette Road, Deechester, KY 13994-4773",+15033460446,rosanne_krajcik@corkery.example,False,47127
44704,Garry White,"23968 Stracke Path, North Janettafurt, AR 81643-6733",+15559745265,dario_boyer@hessel-jenkins.example,False,44704
44827,Denyse Ledner,"Apt. 304 61298 Andra Shores, Kihnchester, NC 57670-7207",+12341215549,catrice@lockman.test,False,44827
46188,Christopher West,"Suite 246 82456 Yundt Stream, East Hilton, HI 74182-7579",+19541421032,deedra.hoppe@sauer.example,False,46188
46444,Ellsworth Kovacek,"38054 Lindsey Mission, Carrollburgh, ME 60653-7803",+17060299301,samual.dietrich@lehner-streich.example,False,46444
46214,Liberty Connelly,"3304 O'Connell Harbor, Lake Andrea, IN 23183",+17358841907,marianna.kling@vonrueden.test,True,46214
44629,Harland Cruickshank,"7879 Howell Trail, Kathaleenmouth, CO 17803",+14076229152,carolina@rosenbaum.test,False,44629
45442,Miguel Nitzsche,"110 Becker Groves, Lake Maud, MO 82910-5987",+17371668897,anamaria@okon-wisozk.example,False,45442
44558,Merrie Champlin,"Suite 884 57904 Streich Burgs, West Adanland, UT 45840",+15325042128,alec@bogan.test,False,44558
46304,Herschel Effertz,"Apt. 285 85528 Sal Road, Jeraldmouth, LA 06960",+13567007749,lavonne.rau@grimes.test,False,46304
45124,Lavera Farrell,"8172 Wyman Ville, South Kiethchester, SC 49176",+15487234293,majorie_durgan@macgyver-rau.example,False,45124
45211,Ozella Waters,"Apt. 707 5804 Rogahn Island, West Antioneburgh, AL 03453-9313",+13537581959,carroll.douglas@nicolas.example,False,45211
45656,Yer Howe,"11764 Klein Garden, Williamtown, KS 61006-6695",+16041357562,arlean_hegmann@willms-rolfson.example,False,45656
46995,Katherine Frami,"Apt. 868 774 Schmitt Port, West Michaeltown, NJ 29048",+14084756822,ian.jerde@herman.example,False,46995
46215,Corrine Wolff,"33433 Jessie Center, Port Vennie, RI 51667-5717",+13835941528,jeannetta_runolfsson@barrows-fadel.test,True,46215
45342,Hugo Hickle,"3356 Mitsuko Plaza, Lake Cassibury, RI 49171",+16437964979,alvera@barton.example,False,45342
44371,Jeri Kris,"Apt. 412 89021 Rempel Center, Kohlerburgh, IN 95644-0179",+18459823345,venessa@kuphal-kovacek.test,False,44371
46695,Synthia Hudson,"2007 Jacobs Fork, North Idashire, CA 04861",+18325193894,cassey.tillman@christiansen-bogan.test,False,46695
47497,Eileen Lind,"888 Derrick Port, West Renateberg, WA 00789-1098",+18877051563,ruben@mills.test,False,47497
46662,Dorethea O'Conner Ret.,"Suite 771 682 Waters Key, Cristopherberg, SD 75927",+17833458838,valentin@stoltenberg.example,True,46662
46477,Tarah Stamm Sr.,"Suite 206 9546 Gwyn Port, East Kenna, CA 61057-5771",+13144110204,florene@bogisich.test,False,46477
47334,Mitch Farrell Jr.,"Apt. 819 452 Bayer Parkways, East Elina, FL 89405-9039",+13062154230,nicolas@simonis.test,False,47334
44672,Rachal Leuschke,"47492 Stanford Place, South Risashire, HI 63924",+12722207303,suzette.oreilly@nikolaus.test,False,44672
46909,Robby Bogisich,"5621 Soila Knolls, East Zackmouth, MO 82794-3011",+16330405859,nikita@schuppe-upton.test,False,46909
47196,Renay Grant Dc,"Apt. 233 9804 Pete Bypass, Hilllbury, OR 07198-3949",+18575664754,niesha_crooks@hoeger-ernser.test,False,47196
45369,Kiera Olson,"Suite 476 6634 Labadie Island, North Odisfort, VA 28259-7345",+16475800272,sylvester@hermann-smith.example,False,45369
45778,Hans Stehr,"5878 Paris Flats, Colemanfort, NE 64086-4920",+13783844265,celestine.wolff@swift-reichert.test,False,45778
45376,Alexia Bradtke,"Suite 381 25720 Zack Common, Deaneton, MO 78443",+14531690662,marybelle.mclaughlin@deckow.example,False,45376
46491,Kenton West,"1841 Volkman Valley, VonRuedenmouth, WA 84133",+17106127404,brandon@mccullough-weimann.test,False,46491
46144,Mollie Moen,"4911 McClure Spring, Tabithatown, WY 99237",+19192711980,tatyana@smitham.test,False,46144
47366,Randall Hilpert,"Apt. 608 7739 Gottlieb Trail, Gleichnermouth, WV 19876-2481",+14633757497,phuong@hauck.example,False,47366
46190,Francesca Gibson,"Apt. 278 24610 Armstrong Plaza, East Felipe, CA 00826",+11614419654,kieth@spinka.example,False,46190
47597,Verna Von,"920 Mosciski Plains, Lake Demetrius, AR 46671",+18436943696,moses@white.test,False,47597
46759,Angel Crist,"Apt. 889 449 Emard Plaza, Marloton, VT 06274-4881",+15199098647,grover@gerhold.test,False,46759
45925,Shaunta Gottlieb Jd,"Suite 892 81580 Grant Skyway, New Krystin, AK 07664-6208",+15922985060,idella@okon-schamberger.example,False,45925
45642,Xenia Considine,"6273 Euna Loaf, East Yolando, WY 60631-9517",+17326845326,lawrence.hintz@maggio.test,True,45642
45806,Simon Balistreri,"Suite 946 59106 Ledner Village, Port Sid, MD 21744-3099",+15202136356,ty@cummerata-bergnaum.test,False,45806
45826,Korey Davis Cpa,"Suite 410 1327 Randell Plains, Lake Adolph, MA 98149-4404",+13478193936,lindsay@dickinson-koelpin.test,False,45826
47026,Stephan Legros,"839 Neil Ranch, East Nannieview, SD 96510-4324",+17547558756,alex@crist-hoeger.test,False,47026
47549,Leslie Larson,"385 Rempel Throughway, East Lorettestad, AL 76169",+14551474796,myles@kulas.example,False,47549
46490,Jay Robel Ret.,"Suite 453 691 Abdul Island, New Danmouth, IA 82369",+17394157820,yee@lemke.test,True,46490
45619,Marion Klocko,"Suite 903 4736 Min Valleys, East Yukiko, KS 79523-0850",+11127727499,sal@zemlak.test,False,45619
47581,Junior Hegmann Jr.,"Apt. 730 71997 Bong Views, Port Haywood, MT 28637",+17085831913,geri_maggio@bernier.example,False,47581
44643,Mendy Mohr,"3570 Kulas Track, New Carie, WA 37270-0647",+13147082293,hubert@beier.example,False,44643
47401,Jaime Reichert Cpa,"Suite 697 8905 Gayle Centers, New Pierreside, HI 41283-7051",+14097358372,millard.bernier@watsica-osinski.test,False,47401
46940,Daphine Murazik,"64649 Sammie Union, Haagbury, LA 16825-9414",+18207341712,hermelinda@rohan.test,False,46940
46681,Bertie Homenick Md,"346 Thurman Drives, Kyleeberg, SC 12019",+17651701756,abdul@windler.test,False,46681
46268,Kristeen Mcglynn,"Suite 277 6065 Jeremiah Turnpike, North Mathew, ID 92997-3282",+11788701904,werner.lind@wolff.test,False,46268
46456,Nanette Cole,"15555 Osvaldo Shores, O'Konland, TN 16009-7375",+18160813934,dani@marks-gerlach.test,True,46456
46666,Armando Schmitt,"Apt. 775 29923 Hintz Harbor, Lake Garret, AZ 44037-9295",+19287302984,marcelino.stehr@haag.example,False,46666
45042,Adolph Lueilwitz,"56414 McGlynn Glens, South Terri, ME 61449",+18378401020,veta.boehm@corwin.test,False,45042
47393,Kurt Ferry,"8315 Jessi Knolls, Bryceport, NM 75080-8781",+19345674244,takako.schuppe@champlin.example,False,47393
45111,Ms. Billy Tromp,"Suite 141 8149 Lanora Junctions, Dibbertberg, GA 23783-7432",+13904303119,wally@anderson.test,False,45111
45247,Norman Kris,"57925 Lang Court, Port Shannonfurt, CA 64418",+15765236598,reynaldo@hoppe.example,False,45247
45632,Rosalva Haag,"603 Marquardt Extensions, Alonsoburgh, WA 81364-0538",+13914562182,leonel@reichel.example,False,45632
45202,Giovanni Jenkins Iii,"Apt. 371 911 Vincent Hills, Lake Karenaberg, CT 34863-5546",+13299394096,davis@hammes.test,False,45202
45866,Hilario Kozey,"Suite 605 8063 Herzog Ford, Johanaberg, MN 12482",+17920505314,cecil@grant.example,False,45866
44703,Sherman Schiller,"Apt. 575 40000 Leone Springs, North Sidney, WI 54095",+15084524679,javier_hessel@gerhold-ryan.test,False,44703
46295,Dr. Landon Roberts,"9767 Leo Circles, West Ross, ME 57754",+15377006592,clyde@parker-hansen.example,False,46295
45883,Teressa Fahey,"7048 David Hill, Port Winford, MI 90386-0113",+13245941858,gerri@muller-ernser.test,False,45883
44469,Nestor Kerluke,"87164 Claud Causeway, Roobville, MA 77547-2867",+11239008900,clarence.treutel@bernier.test,False,44469
44478,Magdalene Marquardt,"727 Nader Lake, New Nikki, UT 67496",+16645735056,lillie@keeling-gleason.test,False,44478
45456,Micah Stanton,"Suite 941 41637 Clark Extension, Jesusitafurt, AK 20591-2697",+18510179129,eura@huels-blick.test,False,45456
45420,Wayne Kovacek,"Suite 393 139 Vicki Grove, Schusterbury, KS 95702",+16373579528,henry@boehm.example,False,45420
44762,Anya Botsford Esq.,"Apt. 366 7355 Nitzsche Islands, Dariusland, WV 07936-1315",+13509047562,kasey@kuphal.example,True,44762
47132,Karri Waelchi,"Apt. 496 39120 Donnette Rest, West Tonitaside, AZ 78063-0618",+12416946922,harris.hilll@goodwin.test,False,47132
45178,Erna Lemke,"84832 Del Plains, Sengerborough, WI 53162-2381",+15150800251,armand@konopelski-lemke.example,False,45178
46452,Pres. Bernadine Beer,"70386 Renner Village, Dietrichshire, LA 06070",+12098143105,pierre@johnson.example,False,46452
45409,Nancee Heaney,"6207 Gil Wells, New Ottoville, ME 69653-6209",+14911868142,yolando_kirlin@renner.example,False,45409
47627,Aubrey Grant,"Suite 355 4660 MacGyver Oval, West Williamland, KS 26636-9448",+16656233292,etsuko_kunde@cormier-weimann.example,False,47627
44496,Paulina Pagac,"14371 Kozey Cove, North Beata, MT 93735",+12180595004,leena@steuber-vandervort.example,False,44496
44367,Wan Larson Dvm,"Suite 346 850 Homenick Pike, West Augustinefort, MN 54956",+13825182245,ellie@legros-dickinson.test,False,44367
46629,Trey Medhurst,"Apt. 839 216 Mertz Canyon, New Elliottbury, NH 33724-3697",+17315399822,connie_dibbert@boyer.test,False,46629
45991,Sharleen Kovacek I,"Suite 926 89780 Kuhn Row, West Mikel, DE 87855-5646",+16645730353,kaylene.lang@wyman-feeney.test,False,45991
46718,Pres. Sonja Lubowitz,"69541 Darrick Ferry, Port Taylortown, IN 80963-9138",+12262981754,vi_mohr@fadel-paucek.test,False,46718
45215,Edward Feil,"4165 Ledner Rest, Lake Aleciamouth, IA 01498",+15651641419,queen.bednar@goyette.test,False,45215
46993,Rolande Wyman,"912 Cornelius Brook, Darrelfurt, WA 75258",+12964390469,rosia@harvey.test,False,46993
46104,Alfred Kshlerin Dc,"5312 Lavon Branch, South Sau, AL 34206-7540",+14178833722,giuseppe@cremin.example,False,46104
45485,Catherina Monahan I,"Suite 700 88735 Mignon Valleys, Runtestad, VT 07996-3070",+17065614969,tyra_trantow@jacobson-hoppe.test,False,45485
47188,Eloisa Jones,"7635 Padberg Underpass, Latoniaville, WI 33538-3871",+19146093996,digna@doyle-marvin.example,False,47188
45264,Larue Beer Cpa,"Apt. 989 822 Teddy Unions, Cristobalberg, CT 49586",+11675073405,margo_altenwerth@grimes.test,False,45264
47260,Floyd Kunde Sr.,"4681 Jordon Hollow, Everettville, ND 22478",+16937742751,kristan.huel@hodkiewicz.example,False,47260
46630,Fr. Bernie Schmeler,"2689 Von Ramp, East Tienbury, KY 23235",+15135351355,lance@berge.example,False,46630
46961,Marlin Braun,"Suite 673 7988 Jesse Heights, West Austin, SD 19360",+17996751288,cari_kerluke@kohler.test,False,46961
47111,Mrs. Lynette Parisian,"44426 Mann Junction, East Ruthe, WY 17390-1199",+16917898653,phil@koch-brakus.test,False,47111
47066,Sarita Luettgen,"Suite 806 9098 Turcotte Plains, Kohlerhaven, OR 30122-2416",+17358183059,lorenzo.bartell@sauer.test,False,47066
45299,Boyce Torp,"Apt. 770 25793 Reilly Motorway, West Georgianneberg, AR 19918-9583",+18201421808,rhoda_kerluke@kuhic.example,False,45299
45252,Gerard Keeling Sr.,"Apt. 684 8088 Swift Road, Schowalterfurt, AR 92738",+12747739015,hana@armstrong.example,False,45252
44586,Kerstin Beatty,"Suite 989 3025 Bahringer Ways, Bernadettemouth, ID 92118",+11159520011,ty@rice.test,False,44586
46905,Stacey Rogahn,"Suite 811 84859 Opal Turnpike, Kuvalisberg, MT 73227-8224",+15067092894,esperanza.cremin@feil-pouros.test,False,46905
47379,Eldridge King,"85191 Ross Garden, South Joesphside, TX 71014-2995",+16112075345,marguerite.kreiger@jones.example,False,47379
46010,Rev. Darren Bernhard,"Apt. 278 682 Yost Avenue, West Corrina, AZ 55572-5900",+15357782842,stephen.klocko@orn-blick.test,False,46010
45823,Zina Haley,"4359 Dolores Corners, Lake Albertport, NY 50680-8910",+16438154220,misti.kub@weber-lehner.test,False,45823
45475,Tobias Russel,"9276 Adalberto Via, Port Jenfurt, IA 58417-8046",+18074615135,sheree.wolff@windler-ebert.example,False,45475
46037,Prof. Donya Johnston,"Apt. 714 286 Stanton Motorway, New Regineland, AL 47342",+19737510661,eloisa@kling-hickle.test,False,46037
45132,Zona Hammes,"30598 Nitzsche Centers, South Terry, OH 92926-3063",+16776931326,tomas.prosacco@hermiston-konopelski.example,False,45132
46185,Edmond Stiedemann,"Apt. 499 669 Freida Pike, Rolfsonborough, TX 61102-0000",+14049965718,gigi@price-rodriguez.example,False,46185
44414,Fr. Christia Stroman,"Apt. 638 51645 Batz Road, Port Teresita, VA 09155",+13840851568,wilfred@grady.example,False,44414
44532,Danielle Sipes,"Suite 224 1592 Jana Corner, Romagueraview, SD 17286-5993",+13797245204,lucio_orn@dietrich.test,False,44532
45710,Sindy Flatley,"Suite 114 928 Richie Ridges, Wisozkville, MO 13155-2726",+11213961707,ned@schinner.test,False,45710
46066,Silvia Feest,"871 Prohaska Centers, Port Courtneybury, NC 74259-7665",+16233816275,salvador.runolfsson@kiehn-jacobson.test,False,46066
44493,Chung Hammes,"512 Lane Harbors, Tempieberg, WV 81574-8115",+18195028920,berenice@dubuque-rice.example,False,44493
46704,Jacki Cole,"4596 Bayer Expressway, West Damionstad, MN 13127-8726",+18579190079,clinton_kuphal@spencer.example,True,46704
47475,Lavonda Hintz Dds,"3126 Block Plain, O'Reillyberg, NV 31671",+17544756664,erminia_oconnell@hauck.example,False,47475
44384,Daniella Cummings,"6652 Larson Courts, Carlosmouth, MN 12932-3500",+11609133821,michaela@ferry.test,False,44384
44595,Dewitt Macejkovic,"Suite 839 370 Floretta Rest, Joellestad, VT 66973-0542",+14967270982,yetta@boyer-weissnat.test,False,44595
47124,Sen. Jazmine Hoppe,"Apt. 603 7979 Beatty Knoll, Beattyland, WI 03510",+14932019651,veronica_corwin@altenwerth.example,False,47124
44385,Viva Rowe Sr.,"Apt. 829 99724 Delphia Greens, East Lishaborough, OR 49096-1419",+15560303955,royce.beier@kuhic-harber.example,False,44385
46563,Whitley Zieme,"Suite 377 438 Matilda Squares, Denvermouth, FL 61165-1096",+15765227309,andrew@hegmann-ankunding.test,False,46563
46609,Luanne Quigley Phd,"Apt. 983 26633 Judson Drives, Lucyfurt, AR 62458-5995",+13654994163,adela@morissette.example,False,46609
47612,Garfield Konopelski,"419 Quitzon Road, Port Frankie, OH 66531-2454",+11403130113,tomiko@schoen.test,False,47612
46958,Laurena Kuphal,"Suite 372 4304 Russel Glen, South Abigail, WV 82688",+19651883075,tasha@quitzon.example,False,46958
46425,Corinne Howell,"Suite 360 156 Jenna Mall, Pagachaven, ME 80494-3911",+16504009134,rory@boyle.test,True,46425
47210,Gov. Anthony Wuckert,"Apt. 196 902 Gulgowski Mount, South Neville, KY 74503-4840",+14776512327,agustin@mann.test,False,47210
46765,Elbert Casper,"Suite 685 393 Schaefer Corners, West Horaciobury, TX 16308-5449",+12053776638,nathan@kuhn-bosco.example,False,46765
45034,Rufus Kilback,"Suite 169 865 Moira Row, New Ezekielshire, MT 63914",+13918657290,john.bins@stamm-bogisich.example,False,45034
45054,Msgr. Maryln Hamill,"533 Stoltenberg Roads, Port Wardburgh, AZ 40335",+13530065486,hellen.paucek@windler.example,False,45054
45076,Leda Harber,"4965 Homenick Ford, Durganmouth, NH 04710-8940",+12320895662,rupert@botsford.example,False,45076
44893,Daria Herman,"Apt. 489 743 Collins Vista, Chassidyfurt, TX 21836-9430",+19393497899,jeana_huel@swaniawski.example,False,44893
45492,Donnetta Kub,"45766 Douglass Stream, West Archieview, SD 86500",+11516218056,melynda_herzog@hagenes-kohler.test,False,45492
47174,Terrell Effertz,"39676 Moen Station, Boyleshire, DE 28150",+11012328970,oda@corwin.test,False,47174
45527,Rufus Prosacco,"Apt. 477 7540 Farrell Ferry, Lake Morganside, AL 83683-9735",+11791284527,rubye_rippin@champlin-bartell.test,False,45527
47308,Fr. Ebony Jenkins,"Apt. 692 47705 Cyrus Pass, Shawnport, HI 05870-5708",+18644959991,britany@casper-blanda.test,False,47308
46049,Odell Schulist,"Apt. 394 8908 Ritchie Well, Nikiaton, AL 91989-3781",+14701589880,shannan@weimann-keeling.test,False,46049
46496,Boyce Purdy Ii,"5715 Kiyoko Hollow, East Mistie, AK 29794",+19928472036,martin@gleichner.test,False,46496
47473,Yuette Moen Iii,"Apt. 154 516 Hessel Stream, Dareburgh, CT 14053",+19853643748,gwendolyn_green@hills.example,False,47473
44584,Letha Botsford,"Apt. 900 12360 Stephanie Club, West Ian, WI 99052-2826",+14839302005,tamar.rogahn@willms.example,False,44584
44755,Chris Bernier,"8095 Bode Common, Connellyside, NV 04274",+18951323635,dorcas@cole.test,False,44755
45043,Timothy Weissnat Esq.,"Suite 736 45737 Herman Burg, New Blairtown, PA 39698-1707",+15453401041,gabriel@volkman.test,True,45043
46998,Ivelisse Pouros,"755 Meagan Plain, Streichside, MS 11869-4851",+12262414302,carey.oberbrunner@jast.test,False,46998
46876,Morton Lehner,"58138 Robin Course, Port Gertudeland, SD 13223",+19347521049,ulysses@braun.example,False,46876
46338,Rep. Arthur Kirlin,"385 Goldner Trace, Turnerhaven, WY 93952-9737",+17674749909,kali@okuneva-schmitt.example,False,46338
47178,Sharla Doyle,"6111 Krajcik Avenue, Jessietown, IL 61465-0515",+12373468989,lavonia_ward@willms.example,False,47178
47179,Ernesto Casper Cpa,"Apt. 654 84404 Shonna Court, Kazukoberg, NY 07190",+15678307109,kristen@goodwin-kuvalis.example,False,47179
47610,Sadie Trantow,"Suite 298 798 Witting Circles, Mylesbury, WV 43605",+13759215660,allena@legros.test,False,47610
45682,Edwin Waters,"Suite 794 44601 Jeremy Course, Murrayfurt, RI 58802-0605",+19198588428,kenya@emmerich.example,False,45682
45377,King Nitzsche,"Apt. 904 86789 Jesenia Ridges, Dennyland, FL 30283",+15981585940,ouida_stiedemann@marquardt.example,False,45377
45068,Noma Runolfsson Cpa,"38814 Mary Oval, West Garrett, IN 11253-4024",+16978746181,argentina@cummings.test,False,45068
46729,Tracey Marvin,"Suite 868 4715 Majorie Cape, Velvetberg, NE 45232",+15870290224,bernarda@sporer.example,False,46729
46388,Olin Davis,"Apt. 965 2289 Murazik Spring, Katherinshire, VT 18308-1330",+16936316613,katheryn_runolfsson@stark.example,False,46388
44696,Fr. David Cummings,"Apt. 125 8777 Graig Mountains, East Lindseyburgh, NH 14484",+14988365040,mackenzie_willms@flatley.test,False,44696
45622,Alicia Schmeler,"88037 Powlowski Grove, South Greg, NV 86791",+15682575413,palmer@senger.example,False,45622
45328,Orval Hoeger,"Apt. 852 591 Strosin Lodge, Cyrusborough, CO 74204-4100",+13429069115,linwood@bernhard.example,False,45328
47121,Larisa Denesik,"95440 Towne Cliff, Lake Heribertofurt, WV 73785-5018",+16162132569,jackelyn@kozey-bashirian.example,False,47121
46868,Isaac Fritsch,"Apt. 633 62705 Davis Point, Cindiechester, OR 35203-5779",+15348269495,angeline@shields.test,False,46868
47212,Tawana Cummings,"Apt. 346 49896 Klein Rue, Ebertmouth, MS 65574",+19188355253,myesha@kunze.test,False,47212
45580,Rikki Nicolas Lld,"93257 Lowell Light, Ebonymouth, OH 25935",+19837852488,harriett_osinski@nikolaus.test,True,45580
45125,Debby Herman,"Suite 531 7333 Christine Prairie, South Eliseoside, GA 64642",+18420436355,karry@zboncak-christiansen.example,False,45125
46745,Tonja Bednar Sr.,"Apt. 921 35048 Hilll Overpass, Lesleechester, SC 00463",+11895843908,derek.huels@zulauf.test,False,46745
45759,Tom Wyman,"Apt. 290 502 Dusti Mews, East Dwight, SD 18179",+13899978349,elijah_berge@ledner-wiegand.test,False,45759
47186,Pres. Kandy Rempel,"73453 Hansen Station, New Nathanielberg, WI 40662-2921",+15064978045,vaughn@zulauf.test,False,47186
44564,Marcy Welch,"Suite 104 395 Stokes Mall, Bobbietown, OK 94404-6479",+18240548033,joann.aufderhar@jast-bayer.test,False,44564
46441,Kay Rath,"584 Leuschke Ports, North Tawnaton, OK 66373-7497",+17076713575,reginia_kuhlman@bogan-cronin.example,False,46441
47458,Antonia Kuhlman,"Apt. 980 8359 Donya Mill, East Dewitt, MD 45380-4717",+17113338405,gertrude@huel.example,False,47458
45958,Arnold Schumm,"Suite 952 502 Homer Track, Carlenebury, IA 75313",+16573675895,tommie@nicolas.test,False,45958
46603,Erik Dietrich,"Apt. 950 366 Beahan Burg, Mannborough, IN 67125-1325",+13720594774,alexis.hagenes@runolfsdottir-rippin.test,False,46603
46893,Dewitt Reynolds,"223 Considine Vista, Ryanshire, FL 84340-2225",+16887194577,marvin@nader-schaden.test,False,46893
45993,Laurie Hartmann,"2766 Giovanni Junctions, Adalbertoborough, VT 56025",+13427739719,norris@gusikowski-kling.test,False,45993
45277,Angie Collins Dc,"326 Ziemann Mount, South Clarachester, CT 85864-6508",+13004619550,cammie@sauer-jerde.test,True,45277
45326,Prof. Rodger King,"Apt. 900 586 Reichert Skyway, West Major, MN 80521",+18503022040,olympia_effertz@hodkiewicz.test,False,45326
45436,Earnest Gerhold,"60322 Reid Road, Port Thelma, NC 41227",+11069607097,miesha.brekke@mcdermott.test,False,45436
45418,Kelsi Rosenbaum,"280 Del Pines, Labadieborough, WV 61147-1842",+13166769582,shalon_bechtelar@labadie.test,False,45418
46389,Winnie Lynch Cpa,"59782 Abbott Ports, East Earthaport, OH 18041",+15201930845,rolland_tremblay@daniel.example,False,46389
46055,Miss Nickie Ward,"85720 Christopher Spring, East Verleneview, VT 53460",+12448467396,tamar.langworth@fritsch-hintz.example,False,46055
47439,Daina Lockman,"2200 Mariam Underpass, East Merrillville, AR 79077-9095",+19356928542,garnett@hintz-aufderhar.test,False,47439
45796,Luis Halvorson,"Apt. 105 9358 Rita Alley, Lake Scott, AR 22967-0343",+12084117294,cary.balistreri@medhurst.example,False,45796
45417,Efrain Mayert,"Apt. 445 914 Kenyetta Isle, East Brett, FL 12147",+14573948616,bryce_price@hoppe.example,False,45417
46749,Samara Quitzon,"Suite 863 9780 Tromp Parkways, Randellfort, OH 22811-9532",+13029924902,stevie@auer-metz.example,False,46749
44973,Annelle Halvorson,"Apt. 186 290 Moore Mountains, Strosinside, NM 96486-4138",+12268764282,demetrius.jacobson@buckridge.example,False,44973
47169,Trang Christiansen,"Suite 675 741 Calvin Isle, Dickinsonborough, RI 21347",+19067576808,elease@considine-tremblay.test,False,47169
45875,Nicky Dare,"87670 Bradly Ville, Steubermouth, AK 31221-4758",+13396609183,bertram.gibson@welch.example,False,45875
45922,Nancy Halvorson,"671 Jacobs Track, Marvinborough, WA 83040",+17879852667,my_mitchell@glover.test,False,45922
46436,Ron Kilback,"Apt. 775 935 Yang Roads, South Louveniaview, VT 35041-9120",+14903696740,yuette_prohaska@fadel.test,False,46436
47510,Niesha Fahey V,"700 Parisian Square, North Macie, IA 05918-3518",+16756074631,clifford.effertz@lind.example,False,47510
47515,Kamilah Hahn,"Apt. 403 48103 Holley Crossing, Leifborough, AZ 36162-8992",+15179617644,sterling@conn.test,False,47515
46262,Msgr. Cristen Breitenberg,"68301 Lindgren Road, Port Alonsoside, AL 80159-5626",+13766818112,karolyn@runte.test,False,46262
44695,Jarred Lang Iv,"90778 Albert Underpass, Port Vickiland, SD 12681-6025",+12663407094,haywood@swaniawski.test,False,44695
46822,Kathlyn Bode,"3757 Hane View, New Horace, CT 35381",+19065421983,dante_abshire@feil.test,False,46822
44713,Ms. Taryn Zboncak,"6410 Schimmel Inlet, East Jesustown, WY 50149",+12180480961,cliff@goldner-hoeger.example,False,44713
45427,Tianna Schinner,"Apt. 390 18478 Nola Streets, Katharinachester, SC 29161-6753",+16663629331,lynette@denesik.example,False,45427
46573,Prudence Little,"Suite 975 10900 Bauch Forges, East Rigobertochester, MT 72893-6563",+12202504038,sook.blick@halvorson.example,False,46573
45035,Carli Jacobi Iii,"89032 Skiles Lake, Marlynberg, IN 44300",+14362177932,johnette@moore.example,True,45035
47081,Fr. Julee Kris,"4212 Skiles Plains, West Jimmie, WY 74639-4832",+13413899513,tameka_haag@boyle.example,False,47081
46497,Kenia Fisher Dvm,"Apt. 158 707 Leroy Drive, New Keenanport, WI 44546",+19848280914,sharlene@gusikowski.test,False,46497
47265,Sanda Bogan Cpa,"463 Cornelia Gardens, New Isaiahton, TX 68407",+14751871554,russell.simonis@marvin.test,False,47265
44766,Amb. Hisako Roberts,"5726 Machelle Cliffs, East Callie, MI 82932-4882",+18317207702,jeramy@cruickshank-corwin.test,False,44766
46016,Curt Koelpin,"5908 Purdy Route, West Theodoreland, AZ 10088-9620",+15870737597,mercy.skiles@harber.test,False,46016
45283,Margene Schoen Md,"Suite 467 25374 Little Crest, Skileston, MT 95247",+19801104557,edmundo_jaskolski@schuster-carroll.test,False,45283
46132,Evelynn Waelchi,"1861 Barton Wells, Port Ernie, ID 36872",+19507159247,bryon@grant.example,False,46132
45206,Roosevelt Kutch,"739 Raynor Lights, Boehmbury, NV 94555",+12630768702,dean@rolfson.example,False,45206
46863,Jerrold Hegmann,"Suite 409 9378 Graig Fields, Farrellburgh, CT 94476",+11227121412,reid@mertz-hegmann.test,False,46863
47213,Margarito Ebert,"669 Roselia Way, Howardfurt, WA 59466",+15650688218,jefferey_mclaughlin@ryan.test,False,47213
46286,Rickey Stoltenberg Md,"Suite 399 709 Kessler Station, Dooleyfort, IA 28308",+17032359714,george_brekke@mills.test,False,46286
46980,Nickolas Gleason,"948 Bobette Gardens, East Jospehfort, AZ 25293",+16591584076,billi_lueilwitz@rempel.test,False,46980
47408,Enrique Gerhold,"Suite 151 1391 Aufderhar Forges, South Sebastianton, SC 16383-5529",+17581480876,lupe_bergnaum@rolfson.example,False,47408
46715,Dr. Jamar Lehner,"Suite 729 63652 Moore Roads, Aimeemouth, NC 15027",+17361113682,leonel.schmidt@haag.example,False,46715
47267,Jannie Hand Jd,"9499 Connelly Stream, Hillsstad, RI 03947",+18754701736,eusebio@lockman.test,False,47267
46464,Beaulah Mraz Jr.,"Apt. 554 276 Kimiko Turnpike, Arlethamouth, CO 51012",+17816239679,kacie@veum.example,False,46464
46937,Aleida Grant,"721 Mante Fork, New Leif, OH 96093",+12866345018,mervin@okuneva-goodwin.example,False,46937
46064,Ming Hackett,"5176 Ramon Squares, West Eric, ID 16502-8623",+19224748997,neal@schinner-mosciski.test,False,46064
44829,Coral Orn,"Apt. 621 74688 Gislason Fort, Cliffordmouth, MO 13471",+13543408357,kent@hintz.example,True,44829
45143,Cleo Yundt,"4359 Pollich Mill, Lake Jenine, NV 39637",+17051940863,michel.kassulke@auer.example,False,45143
44959,Warner Leannon,"Apt. 293 6300 Rice Stream, Lake Jonah, NC 22092",+16258189274,kristofer_ohara@stiedemann-donnelly.test,False,44959
44937,Tamatha Bogan,"Suite 215 24852 Gus Light, Muellerville, CA 67190-0845",+19699162663,leona_langworth@shanahan.test,False,44937
45947,Merideth Kovacek Iii,"53419 Yundt Falls, East Karmahaven, WY 74624",+13378966087,sage.cassin@walsh.test,False,45947
45479,Denae Witting,"292 Willms Locks, Port Delmar, AK 93961-6414",+14862349106,henry.baumbach@wintheiser-williamson.test,False,45479
46814,Tayna Streich,"Apt. 595 54860 Simonis Motorway, Port Kittyhaven, CT 10936-0189",+16820647071,orval@glover.test,False,46814
47328,Branden Green,"574 Lehner Rapids, West Audreyhaven, WV 68241",+18178174774,pandora@purdy-von.test,False,47328
45279,Tommye Boehm,"12667 Simonis Roads, Bashirianhaven, MA 70685",+13403161487,lorelei@zieme.example,False,45279
45459,Lucy Stehr,"978 Upton Haven, Lake Nakia, LA 80552-7097",+15179354247,young.weimann@abernathy.test,False,45459
46752,Sherry Hodkiewicz,"Apt. 738 32871 Wehner Loop, North Floystad, VA 93316-1243",+12107466298,claud@gottlieb.example,False,46752
47405,Msgr. Isaac Marks,"Apt. 466 547 Anderson Club, North Gaynellborough, KY 07829-9629",+16084282481,calvin@cummerata.test,False,47405
45265,Arlette Abernathy,"939 Colby Square, Boganbury, AL 07963",+11296483294,andy.kutch@turcotte.example,False,45265
47543,Alfonso Schneider,"43668 Sammy Point, East Kim, AL 04209",+15037928741,elizabeth.hamill@gutkowski.test,False,47543
46277,Olin Gulgowski Do,"Apt. 974 3426 Ira Light, Jeannetteton, IA 81895",+13029999801,shella_ratke@marvin-stanton.test,False,46277
47159,Rickie Hyatt,"Suite 177 685 Weber Isle, South Deeborough, CO 36924",+13568803746,kasi@macgyver.test,False,47159
44995,Matilde Steuber,"Suite 255 37606 Ana Square, Porterhaven, AR 43728",+18007568788,orval.hudson@kuhic.test,False,44995
46683,Glenn Nikolaus,"Suite 676 262 Feeney Rue, Violetshire, GA 85994",+13595911695,melissa.windler@schamberger.test,False,46683
45921,Ayana Stroman,"Apt. 630 5389 Crooks Street, Stammborough, LA 50042-7283",+17516947313,andreas@mosciski.test,False,45921
47470,Miss Veola Wyman,"182 Denesik Bridge, West Larryfort, KS 02717-5441",+13802259158,gabriel_considine@sawayn-okon.test,False,47470
46639,Stephanie Osinski,"39375 Schulist Cliffs, Wehnershire, NC 60551-5394",+16571651383,jeffrey_borer@gutmann.example,False,46639
45505,Janine Mante,"Apt. 477 867 Boehm Street, New Lornaburgh, MA 46643",+17675494707,marguerite_kiehn@grady.example,False,45505
44419,Homer Runolfsdottir,"Apt. 582 37832 Gislason Street, New Mamouth, MN 87082",+19681684878,mitch@walker.example,False,44419
45788,Zachery Tremblay Dvm,"2388 Jewell Viaduct, Lake Isabelton, KS 87394",+16054142669,rachael@considine-beer.test,False,45788
45220,Bernardine Ruecker,"Apt. 220 3973 Heathcote Views, Sammiechester, UT 45002-6042",+15420562818,madie@abbott-powlowski.example,False,45220
47424,Dion Lockman,"Suite 791 7465 Sol Mission, West Cindibury, IA 60286",+11508372476,german_lesch@sipes-bernhard.test,False,47424
45446,Jess Schaefer,"Apt. 417 43742 Katy Avenue, Clorindashire, TN 39642-1435",+15171426875,jonah@will.test,False,45446
45341,Nena Jones,"638 Auer Village, Keelingborough, KS 30335",+15707734354,dione@kovacek.test,False,45341
46775,Roxanne Carroll,"Suite 564 9993 Sebastian Vista, Jchaven, NV 64002-0645",+16840645119,jean@kutch.example,False,46775
47390,Miss Coy O'Keefe,"Apt. 906 32876 Durgan Point, New Jamar, WI 94566",+13093315507,abdul_kuhlman@windler-stark.example,True,47390
45340,Porfirio Marks Dc,"Apt. 426 1033 Delilah Extension, North Alesia, CA 07164-6365",+15109163572,claudie.turcotte@hamill-parker.test,False,45340
47485,Eustolia Schoen,"72756 Toi Junctions, North Blairton, MN 14006",+14569085536,dotty@adams-mckenzie.example,False,47485
46080,Randolph Graham,"Suite 641 5277 Marcelo Causeway, Ruthieview, SC 25122-6347",+13464855585,esperanza@doyle.test,False,46080
46857,Titus Ritchie Sr.,"5183 Homenick View, Lake Fe, NH 98998",+19748773847,rhett.larkin@stokes-hahn.test,False,46857
46866,Alfonzo Oberbrunner,"Suite 333 5339 Greenfelder Junctions, Danetown, UT 12504",+16678928545,carter@damore-steuber.test,False,46866
45214,Keneth Jaskolski,"Apt. 168 541 Kulas Prairie, Beattyfurt, MN 69910",+13422841463,gilberto@batz.example,False,45214
44651,Courtney Hayes Lld,"Apt. 310 470 Rubye River, Lake Dannie, NM 00175-3981",+11424944413,seema.heller@hoeger.example,True,44651
47209,Raleigh Howe,"76353 Virgina Viaduct, Deloresmouth, WA 76223",+12254917293,cherly@carter.test,False,47209
44490,Britta Bradtke,"Suite 748 42833 Melvin Turnpike, Delmouth, OK 81353",+17647532783,burl.leuschke@murazik-fritsch.test,False,44490
44349,Fred Gutkowski Vm,"721 Windler Mill, Nienowton, SC 09159",+19973514627,jenelle_dickens@wolf-grimes.example,False,44349
45517,Jean Mcdermott,"1928 Kshlerin Port, North Sherrylshire, MD 02670",+18052123857,davis@will-gerlach.test,False,45517
47574,Melida Purdy,"902 Effertz Port, Greenstad, CA 70345-8303",+11463881794,ismael.medhurst@wuckert-runolfsdottir.test,False,47574
46677,Giselle Dibbert,"5305 Oberbrunner Alley, Francescobury, TN 36425",+14387432501,desirae@hickle.test,False,46677
44921,Domingo Trantow,"Suite 446 40867 Elida Brooks, Metzview, NJ 50431-4166",+18911143241,tandy@mueller-keeling.test,False,44921
44793,Delmar Crooks,"Suite 576 71678 Trang Meadow, East Audreaborough, PA 14788",+13998656406,carli@osinski.test,False,44793
46292,Sherrie King,"1918 Rosario Squares, East Elainaborough, PA 84675-7561",+18042816463,keven_lowe@sauer.test,False,46292
47469,Stanford Buckridge,"136 Thiel Path, Gutmannfurt, VT 90310",+11771649202,roscoe@greenfelder.test,False,47469
44951,Su Dickinson Dds,"Suite 721 76916 Myles Course, Lake Inell, HI 54112-2593",+11987655134,regena@brekke.example,False,44951
44698,Vicki Bradtke,"Suite 510 238 Francisco Cove, Vernland, WV 41972-6030",+19278071528,wes@quigley-swift.example,False,44698
47562,Yoshie Wilderman,"Suite 177 3837 Stroman Bridge, West Eliseoshire, CT 10734",+17046246450,cory@mante.test,False,47562
47239,Annis Boehm,"Apt. 945 945 Andera Meadow, South Lionelhaven, MN 80505",+13006952381,librada_ziemann@treutel-bartell.test,False,47239
45814,Brunilda Haag,"1039 Caroll Mountain, Pacochaborough, OR 59716",+15625053529,otha@mclaughlin.example,False,45814
46686,Christopher Mraz,"5497 Marco Turnpike, Schillerfort, ND 60769",+17671136780,vannessa@hilll.example,False,46686
47031,Frederic Jenkins,"269 Schumm Station, Port Nannie, CO 79823-5971",+17546186354,wilda@zboncak-fadel.example,False,47031
45575,Shonta Fadel,"Suite 480 129 Trantow Rue, Osinskitown, NJ 35367-7129",+12147841807,felica@rutherford.test,False,45575
46418,Felicia Fadel,"Apt. 980 714 Tammi Ports, Port Theron, TN 37737",+11987742616,bobbie@zieme-schaden.test,False,46418
47539,Evia Harvey,"Suite 242 7639 Dania Cape, Michalebury, RI 33128",+12675392967,carter@romaguera.example,False,47539
45290,Lacy Murphy,"Suite 144 268 Feest Mountain, Yostberg, DE 41922",+18350364995,ina.runolfsdottir@thiel.example,False,45290
45763,Amb. Garfield Goyette,"Suite 718 2504 Connelly Mountains, Funkfurt, OR 36196-0952",+15936489032,columbus_little@huel.test,False,45763
45537,Billy Rohan,"419 Julio Meadow, Emikoberg, IN 38669",+16821794542,yuette@williamson.test,False,45537
45523,Bernard Jones,"Apt. 163 80312 Runte Mountain, Yundtland, AR 54710",+11894181460,hershel@bauch.example,False,45523
46367,Irina Cassin,"24857 Philip Overpass, Stoltenbergmouth, MA 56161",+17922188582,emery.gutkowski@okuneva.test,False,46367
46231,Eloisa Kuhic Md,"99801 Hammes Divide, Kanishahaven, SC 08647-8213",+16645486332,lenita@veum.test,False,46231
46672,Rev. Murray Grady,"2003 Graig Throughway, Coyshire, OR 03738",+13905474748,jonnie.abshire@mccullough.example,False,46672
47191,Elroy Hagenes Do,"488 Bailey Route, New Azzie, MI 26329",+16033927013,micheline@heidenreich.test,False,47191
46270,Sen. Cathryn Grimes,"Suite 244 2784 Stanton Port, South Rolanda, AK 84469",+16960195543,ignacio@bergstrom.test,False,46270
45675,Fr. Pearle Kertzmann,"Suite 481 10050 Hudson Land, Chongland, OH 32978",+18563073207,nena@hayes-wilkinson.test,False,45675
45639,Marcellus Olson,"Apt. 741 4858 Conn Prairie, East Efrainborough, KS 49833",+18913498331,jeffrey_auer@bartoletti.example,False,45639
44492,Rev. Pablo Abbott,"Suite 320 58516 Pfannerstill Junctions, Manualbury, FL 09480",+17509906959,kirstie@kautzer.example,False,44492
46635,Shante Macejkovic Dc,"3685 Pilar Ports, North Geraldostad, MA 33927-8952",+19465419692,timothy.carter@swift-muller.test,False,46635
46960,Philip Dach I,"Suite 432 322 Franecki Plain, Anthonyborough, OH 17912",+17498238883,lisette.hammes@padberg.example,False,46960
44636,Christopher Hackett,"Suite 394 64743 Bayer Well, New Carlos, CO 77839",+17821173807,dina.gleichner@kilback-marquardt.example,False,44636
46403,Juliann Haley Dvm,"270 Nathanial Burg, East Kandis, NV 06358-0153",+11075218096,mitch@block-price.example,False,46403
45633,Lexie Homenick,"80472 Lynch Forge, Lake Chandaborough, WA 04778-4466",+13112034614,garry_schneider@shields.test,False,45633
46915,Nita Kub,"Suite 471 140 Beer Land, Handstad, NJ 54442-1578",+12170376370,machelle_deckow@emard.test,False,46915
44346,Walter Sauer,"727 Cruickshank Summit, East Tawny, FL 30789-5593",+15196641965,dara_schaefer@gottlieb.example,False,44346
46737,Fr. Erasmo Walker,"314 Welch Land, North Chelsie, ND 63976-7158",+18075345445,allegra_schulist@prohaska.example,False,46737
47312,Peg Prosacco,"8860 Crist Court, North Conrad, TX 57477-4018",+12564245190,edgardo@kirlin.example,False,47312
46038,Maximo Effertz,"28981 Cruickshank Loop, Charmainechester, OH 21571",+12517836631,garret.berge@shields.test,False,46038
47170,Carole Ledner,"87192 Buck Parkway, D'Amoretown, NV 29466",+13711403798,ellen.rosenbaum@feil.test,False,47170
46489,Emily Champlin,"Apt. 367 816 Schuppe Square, North Tennillefort, CA 50821",+12074528536,wilbert@kub.example,False,46489
45240,Gov. Izetta Carter,"Suite 288 475 Kuphal Mountain, Kacistad, SD 13939",+17792404721,chong_becker@romaguera-spencer.test,False,45240
45260,Tequila Renner,"Suite 858 754 Murazik Lane, East Nickoleland, GA 41399-8728",+14704349535,augustine@hills-schaden.example,False,45260
44858,Genaro Lockman,"Apt. 814 61102 Rueben Fort, Port Kip, MI 84707-7083",+19741462169,ronald_watsica@leuschke-watsica.example,False,44858
46532,Sen. Julieta Rippin,"2547 Grady Glen, Port Manual, TX 47649",+18949097337,stewart@simonis-schuppe.example,False,46532
44830,Junior D'Amore,"62427 Yolonda Avenue, New Normand, MO 49902-1345",+15928638981,noble@prosacco.test,False,44830
45802,Pedro Nienow,"Suite 856 85463 Adolph Point, South Michell, NH 18742-6591",+16742067866,angele@feil.example,False,45802
46255,Bobbie Mcdermott,"4114 Elbert Crossroad, Keeblermouth, MS 77686-8081",+13565737271,sanora.feeney@smith.example,False,46255
44420,Lynwood Krajcik,"Suite 500 632 Suzi Isle, West Gina, FL 12625",+17572851011,liana@hahn.test,False,44420
47126,Lajuana Connelly,"Suite 699 8868 Maryann Avenue, West Karie, HI 57915-6303",+17334714471,tina_mueller@bartell-green.example,True,47126
45894,Dwain Hyatt,"Apt. 564 4617 Witting Union, West Rosaura, IN 94877-8474",+12941284909,asa@ankunding.example,False,45894
46873,Fr. Iola Kirlin,"Apt. 775 3460 Predovic Stravenue, Lake Benitoside, CT 27461",+11843773546,lanora@jacobs.example,False,46873
47484,Dr. Travis Hickle,"Suite 635 41755 Kerri Mission, Port Juan, IA 72365",+12067152700,corinne@koepp.example,False,47484
44510,Jason Zieme,"93152 Kuhlman Spur, North Mari, IL 22864-1161",+13592901565,claudio@mayert-hickle.example,False,44510
46687,Bettyann Kuhn,"653 Shoshana Shores, Bartolettimouth, PA 19261-9621",+12233817740,mickey@franecki.example,False,46687
45462,Carson Brakus Phd,"5933 Shanell Park, South Evalynberg, VA 89114-6265",+18182879081,gwyn@deckow-mosciski.example,False,45462
45119,Loreen Howe,"474 Ignacio Ports, Port Vernellville, NY 69844-0415",+16306199637,grady@ernser.test,False,45119
45975,Markus Koepp,"643 Roob Ramp, Wynonastad, IL 47245",+16964608939,cesar.jast@veum-stokes.test,False,45975
47019,Julian Bogan,"78233 Luvenia Throughway, East Marita, CA 67277-1186",+19298105727,kimberlie_watsica@stamm.example,False,47019
47148,Gerardo Jast Iv,"Apt. 251 84540 Tiffiny Dale, Shiraside, AR 09535",+14331529011,nickolas@bergstrom.example,False,47148
44603,Desmond Weissnat,"3236 Will Village, Kochtown, RI 49020",+17685464047,miriam_klocko@lockman-gerhold.test,False,44603
46138,Lissa Ebert,"Suite 754 6499 Meta Flat, Robertsshire, FL 12358-7700",+16290717007,les@langworth-mccullough.test,False,46138
46039,Adolfo O'Connell Ii,"Apt. 615 81834 O'Hara Ferry, Welchfort, GA 56564-0131",+18559631387,rashad_johnson@osinski.test,True,46039
47074,Jules Lang,"955 Kirlin Parkways, Lake Chan, AK 17376",+13660126941,deedra.kutch@rogahn.test,False,47074
44743,Mr. Omer Strosin,"49850 Buckridge Lights, Port Teofila, TN 01578-3459",+16237010816,tisa_murphy@ernser.example,False,44743
47277,Dustin Grimes,"Apt. 701 79064 Darrick Meadow, Littelmouth, MD 00590-9191",+13917746111,granville@connelly.example,False,47277
47336,Kirby Green,"8759 Rice Villages, New Parisstad, CA 15022-3120",+19444632068,shayne@okuneva-blick.test,False,47336
45198,Frieda Monahan Do,"44248 Max Fork, Beiertown, LA 24719",+16152538370,asa@funk.example,False,45198
47199,Rolando Olson Esq.,"Suite 491 98613 Alexis Spur, South Frankview, WA 89970",+19879517341,rodolfo@mckenzie-fay.test,True,47199
44364,Miss Wanita Shields,"Suite 656 772 Lore Points, Buckridgeborough, AZ 63793-7356",+15246929038,coletta.brekke@turcotte.example,False,44364
46382,Elton Mckenzie,"97995 Heathcote Trail, Powlowskiside, NC 82876-1401",+15879474829,denice@deckow-hartmann.example,False,46382
45594,Paul Schuster,"507 Adams Inlet, North Eleanora, UT 20535",+14077827597,dimple@waelchi.example,False,45594
46315,Julia Pfannerstill,"Suite 602 48688 Jacqueline Flats, North Dulce, ND 65554-8063",+13958251705,karri.bergstrom@reynolds-gerhold.example,False,46315
45787,Jeff Emard Sr.,"839 Myong Gardens, Port Carynmouth, IL 17976-5476",+13464471396,peter@pagac.test,False,45787
45903,Jeanett Moore,"790 Monroe Street, Gematown, DE 66430",+11752032438,cletus_rutherford@hansen-schaden.test,False,45903
46065,Nolan Douglas,"Apt. 677 64870 Bahringer Avenue, O'Reillytown, IL 53649",+17753191132,peggy_yundt@boyer-christiansen.test,False,46065
47117,Daine Tremblay,"2656 Cummerata Plains, Justinville, OR 31458-6790",+18030346097,jerrell@mills.example,False,47117
46901,Oma Romaguera,"753 Schroeder Stream, South Emmettbury, GA 19444",+11904482636,eloy_wisoky@balistreri.example,False,46901
44608,Caryn Hagenes Jr.,"Apt. 346 63939 Nitzsche Bridge, Ullrichview, UT 74490-7948",+16026506606,jacquline_lebsack@nicolas-abbott.example,False,44608
44747,Arline Turcotte,"Suite 228 5553 Boyer Avenue, South Leif, WA 08916-9914",+17866790613,risa.mills@hand-rice.test,True,44747
47399,Kurt Barton,"Apt. 523 78219 Simon Branch, North Elinore, SC 27160-5086",+18543650881,jon_hettinger@upton.test,False,47399
45395,Rod Hartmann,"43240 Carola Neck, North Jedborough, MA 97657",+16928087833,chelsie.braun@wolff.example,False,45395
46427,Lamont Jerde,"383 Nicky Extension, North Edward, NC 92376-1559",+18541202026,lecia.boyer@marks.example,False,46427
46206,Cindi Friesen,"333 Marianela Turnpike, Port Dawna, AK 55250",+18404518551,otha@hand.example,False,46206
44514,Msgr. Fernando Yundt,"618 Schroeder Stream, Port Lesterchester, TX 55651",+14811463650,torie@bashirian.test,False,44514
46694,Quinn Trantow,"Suite 971 8446 Hortense Corner, Princefort, OR 66320",+12461831904,kurt@bergstrom.test,False,46694
44356,Ms. Francesca Goodwin,"3280 Bosco Port, Madeleinemouth, AZ 69561-5178",+13161873133,janelle.weimann@kunze.test,False,44356
45718,Elliot Murazik,"Suite 362 72708 Schaefer Fields, Boehmchester, MD 79735",+12509189520,ivory_dietrich@reichert.example,False,45718
44949,Spencer Wintheiser,"Suite 631 6352 Tyler Freeway, Crooksfurt, DE 98352",+17871848965,freda.wolff@hilll.example,False,44949
46007,Arlen Morar,"197 Lou Bridge, South Rileyfort, NH 27999",+12947195234,collen.lynch@hudson.test,False,46007
45038,Mark Fahey Md,"590 Orn Light, Reynaldoborough, SD 12718",+12181251996,franklyn@stiedemann-blick.example,False,45038
46547,Fr. Marcelino Wolff,"14659 Keeling Village, East Annitaberg, MD 79633",+13675437054,idella.weissnat@treutel-reilly.example,False,46547
47553,Kim Goodwin,"Suite 510 153 Jennine Vista, New Arletta, FL 42433",+17063840033,basilia.bahringer@walter.test,False,47553
46869,Amb. Bev O'Kon,"4933 Waelchi Wall, Boyletown, NM 64454",+11498063078,monet_fahey@morissette.test,False,46869
46019,Pres. Janyce Mohr,"Apt. 260 29040 Kourtney Dam, New Kennyview, CA 59346-3669",+16913215669,lauran_okeefe@renner.test,False,46019
46383,Tracee Nolan,"926 Arnold Village, Millsfurt, VA 35047",+19170099340,kevin_braun@simonis.example,False,46383
44720,Leopoldo Kertzmann,"20172 Stehr Cliff, Hagenesborough, NE 31405-2619",+16568685772,lucilla.hudson@pagac.example,False,44720
46874,Zachariah Mitchell,"427 Lamont Unions, Davisville, NV 44124-0577",+18396668495,brett.schaden@schaden-stokes.test,False,46874
47349,Margarette Olson V,"Suite 729 24407 McDermott Lock, Port Marianelaton, GA 32200",+19980366617,cristal@gorczany.example,True,47349
44736,Darrin Stroman,"Suite 613 35948 Scottie Terrace, West Regine, RI 59427-8634",+13210169457,gilbert.greenholt@kerluke-crist.example,False,44736
45048,Marquis Ferry,"Suite 256 4320 Bernhard Divide, Lake Janeenborough, UT 46104",+12054288029,emery@cummerata.test,False,45048
44813,Cathryn Skiles,"97039 Smitham Causeway, West Eleonorhaven, ME 82098-4145",+15291662866,brenton@daugherty.example,False,44813
45482,Gov. Rhett Haag,"Suite 497 1959 Clementina Hills, Lake Leiaview, GA 21012",+17848724567,candie@gutmann-brakus.example,False,45482
46938,Dr. Karly Purdy,"237 Bashirian Spring, Micahfort, MT 80998-3420",+15888561020,lindsy.mertz@cronin.example,False,46938
44403,Broderick Price,"Suite 351 44680 Adalberto Groves, Abernathyton, MA 75554",+16423877403,weldon_ankunding@cronin.test,False,44403
45852,Mitchell Lang,"905 Veum Overpass, Gleichnerfort, IA 00713-9595",+12048502313,walker.ratke@goyette-maggio.example,False,45852
46411,Mayra Rowe,"72116 Guy Inlet, West Dionton, WA 64694",+14836545489,reyes.berge@mante-reichert.example,False,46411
44671,Pres. Nida Torphy,"47854 Schiller Court, Ernserchester, SD 13935-1819",+14146263030,mose.hettinger@heathcote-casper.test,False,44671
46240,Cordie Cassin,"Suite 946 730 Bobby Trail, Lake Millyview, PA 14330",+12044001129,samatha@crooks.example,True,46240
44464,Ilona Flatley,"214 Christian Causeway, East Mandifurt, MS 42751-5641",+18175717989,phebe@ledner-koepp.example,False,44464
45077,Pres. Hwa Hettinger,"Suite 249 2571 Rubin Ferry, Lueilwitzbury, OH 80940-4566",+16745280120,sandra.swaniawski@lemke.example,False,45077
44733,Connie Hammes,"374 Parker Prairie, West Destinyshire, OR 37793-0986",+14125030125,dusty@runolfsson-hodkiewicz.example,True,44733
46613,Bambi Hahn Lld,"Apt. 326 4027 Spinka Harbor, Pollichborough, WY 96454",+12558869733,ali_volkman@donnelly.example,True,46613
44886,Pauline Kreiger,"Suite 802 1276 Conn Oval, Uptonmouth, PA 42561",+13622225762,karolyn@greenfelder.example,False,44886
47094,Marvin Kulas,"27694 Eloise Trace, Hortensiastad, MN 25025-2894",+19407057721,fletcher@kiehn.test,False,47094
45250,Fr. Nisha Luettgen,"Apt. 117 7656 Kautzer Pass, Jacobiport, GA 59945-6598",+13886644274,wilson.cole@lebsack.example,False,45250
45164,Prof. Trisha Fahey,"Suite 905 362 Wehner Mission, Jannetteborough, AR 35018-1710",+14653347489,marcellus.schumm@oconner-hyatt.example,False,45164
45878,Sharolyn Trantow,"41410 Ina Springs, New Winford, OK 10699",+13398578259,charles@kozey.example,False,45878
47103,Darell Johnson,"5025 Wiegand Mission, New Irisshire, GA 14672",+13096008165,jewel_ruecker@morissette.test,False,47103
44416,Eric Johnston,"Suite 158 5624 Nader Flat, South Guadalupeshire, NE 65359-1287",+13573033272,tyler@treutel-ratke.example,False,44416
44833,Yong Stroman,"349 Langosh Field, Dannychester, DE 98655",+18602231221,deedee@pfeffer.test,False,44833
44540,Clark Ledner Ii,"Suite 857 87933 Erdman Circle, Goldnerton, IN 18447-4289",+12426532327,micheal@brown.test,False,44540
47614,Mrs. Maritza Lesch,"27173 Glover Tunnel, Williemaeview, WI 92321",+12616603067,darin@schaefer.test,False,47614
44640,Garret Volkman,"58332 Hodkiewicz Pine, East Sanjuanatown, ME 73856",+11164453909,orval.botsford@lueilwitz-gislason.example,True,44640
44851,Jamey Batz,"3225 Reynolds Circles, South Thurmanbury, CA 92897-7526",+17424785769,genaro.keebler@volkman.test,False,44851
45463,Corrine Huels,"Apt. 943 92245 Odilia Isle, Daphneview, UT 66268-4020",+17213820614,daniel_wiegand@reinger.example,True,45463
47437,Msgr. Filiberto Heaney,"37826 Leticia Port, South Bruce, CO 65004",+18859957044,doria.lindgren@goodwin.example,False,47437
44690,Alvaro Schaefer,"139 Jeremy Branch, Zboncakchester, NV 73128",+16102464751,ambrose.breitenberg@hartmann.example,False,44690
46423,Kendrick Kemmer,"20987 Quitzon Springs, South Hildestad, AR 32789",+16030187272,ivonne@koch.test,False,46423
44678,Scottie Pollich,"Suite 925 79136 Miller Groves, Torphybury, AR 03854-9128",+15952621727,chi_marquardt@parker.example,True,44678
45549,Sydney Gulgowski,"Apt. 347 446 Letitia Locks, Masonshire, NH 08609-6890",+11000745256,evangelina@carter-jakubowski.test,False,45549
47149,Msgr. Dusty Dicki,"Apt. 668 899 Amado Valley, Percyton, VT 72619-1110",+18958756382,trang_brakus@romaguera.example,False,47149
46368,Pauletta Champlin,"Apt. 437 866 Barrows Islands, Irvinmouth, IA 88241",+12874967028,isiah_marks@miller.example,False,46368
46447,Pasty Abshire,"273 Kam Station, North Debrah, DE 68239",+13779834498,florencio.kerluke@stokes-rogahn.test,False,46447
45435,Wynell Mclaughlin,"Suite 937 1828 Crona Fords, North Anthonyfurt, CO 77468",+16370526473,delmar_hodkiewicz@leannon.test,False,45435
45010,Grady Anderson,"59166 Rempel Glens, McCulloughland, NV 92127",+18135488319,cedric.jakubowski@keebler.test,False,45010
44876,Trina Keeling,"36928 Fadel Street, Port Berniefurt, TX 05458-7066",+19440000741,theodore.barton@swift.test,False,44876
46410,Margarito Halvorson,"999 Raymundo Freeway, Zemlakchester, DE 76112",+13518839777,idella@rodriguez.example,False,46410
45352,James Funk,"Suite 535 1879 Kessler Skyway, Port Adalbertoside, NV 83592-1230",+19432560647,alejandrina@glover-schumm.example,False,45352
46067,Mrs. Sean Langosh,"Apt. 604 7597 Roob Greens, Melvinmouth, PA 52672-5036",+13258456945,jeramy@wiegand.example,False,46067
46460,Fred Cruickshank,"88361 Carter Lake, Drewstad, MS 51644-9871",+14624924117,lorina@howell.test,False,46460
44363,Eryn Jenkins,"4656 Torp Viaduct, Cliffordside, MA 86136-4484",+15935348769,melodie@ankunding-torp.example,False,44363
45356,Maira Schamberger I,"Apt. 759 833 Glendora Vista, East Curttown, MI 03009-1088",+13233373511,anastacia@rau-harber.example,False,45356
45880,Marion Wunsch Jd,"Suite 825 78326 Eldridge Gateway, Leschmouth, LA 57382",+15428145685,chassidy_oreilly@reilly.test,False,45880
45744,Sergio Mayer,"34743 Vincenzo Centers, Brownton, IL 32795-1577",+14661056294,augustine_schamberger@prosacco.example,False,45744
44935,Rep. Nina Fisher,"48765 Dottie Station, Rathmouth, VT 11080-9575",+16690973204,florencio@jerde.example,False,44935
44853,Sean Breitenberg,"Apt. 709 5364 Daphine Ramp, New Austin, OH 31257",+11903617741,jeffry_stoltenberg@bernier.test,False,44853
45079,Gary Senger,"301 Hiroko Common, Dorrisburgh, GA 55732",+14002590676,bradford.parisian@bergstrom-considine.example,False,45079
44521,Carmen Donnelly,"277 McCullough Unions, Robertsville, IA 60378",+11887232144,marlon_frami@stanton.test,False,44521
47357,Pres. Gladis Altenwerth,"76386 Lakisha Parkways, Bennettfurt, CT 56488",+19749992222,weldon@shanahan-stamm.test,False,47357
47605,Patrina Rolfson,"75930 Witting Stream, Strosinland, OK 85221",+15644162901,anderson_gutmann@konopelski.example,False,47605
44986,Napoleon Senger,"Suite 547 81740 Terry Streets, Nienowhaven, CT 55840",+12339841168,jillian@senger.example,False,44986
45923,Shin Bernhard,"Apt. 953 782 Auer Glen, New Jude, KS 83898-0681",+14205367685,erinn_gulgowski@metz.test,False,45923
46141,Alycia Johns,"Apt. 896 156 Davis Isle, Boehmhaven, NE 72493-9072",+11834264132,mae@feeney.example,False,46141
44734,Ali Abshire,"1971 Jeri Mission, Stammchester, NV 15292-9194",+16572599361,lorene@kemmer.test,False,44734
45543,Leon Lebsack,"Apt. 114 4613 White Bridge, Harlanton, TX 01067-9695",+11083580080,chantell@raynor.example,False,45543
45108,Neville Muller Cpa,"978 Waters Estate, North Ralph, WY 10882",+18306650874,darell@volkman.test,False,45108
45424,Jacinda Breitenberg,"Apt. 258 6135 Modesto Pines, North Rubye, RI 16051",+19366867081,garret.wintheiser@vonrueden.test,False,45424
47442,Alfonso Kerluke,"56419 Dot Cove, Faustinoland, WA 25392-7848",+11238563006,moises_dubuque@reilly-grady.test,False,47442
45680,Clyde Treutel,"Apt. 835 98832 Emilio Field, Florenciaside, NC 24401",+17218652861,roseline.schamberger@collins.example,False,45680
44745,Alyse Wintheiser,"7402 Milan Flats, South Harland, RI 29555-5186",+17595047146,bernardo.howell@rohan.example,False,44745
45615,Reyna Bartell,"7063 Ignacio Creek, Ziemannhaven, VA 89602-6259",+13917014369,terence@durgan-okuneva.example,False,45615
45041,Donnette Champlin,"Suite 863 10897 Ullrich Squares, North Lloyd, IA 50117",+19666395946,darin.larkin@gorczany.test,False,45041
46689,Isela Emard,"3883 Valencia Shoals, East Adan, IA 84079-6749",+13566509873,milly.cummerata@abernathy.test,False,46689
46204,Gov. Vivien Legros,"7298 Tatum Pine, East Malorieburgh, RI 18810",+14964814995,samual.ernser@welch.example,False,46204
46627,Desmond Legros,"5804 Basil Junction, Nadenehaven, NM 47132",+11387458265,andres@farrell.test,False,46627
44943,Hipolito Shields,"Suite 281 547 Paulette Well, Priceville, TX 01224-2413",+16366654081,lashandra@schowalter.test,False,44943
46793,Edgar Wiegand,"85673 Yer Flat, Patrickmouth, AZ 10432",+14097993803,pia@turner.example,False,46793
45013,Truman Mueller,"Apt. 951 64911 Quigley Village, Lake Eddymouth, HI 24347",+18100023095,mathew@bartell.test,False,45013
44844,Elanor Bruen,"5426 Micaela Place, Runolfsdottirberg, NY 15352-7238",+12104786769,bradley.skiles@leannon-becker.test,False,44844
44627,Tory Hamill,"276 Price Circle, Port Leone, NC 30205",+17005050191,armida@gutkowski.test,False,44627
44437,Gabriel Howell,"Apt. 682 45788 Kiehn Center, Patview, SD 56539-9746",+11193015536,brendon@greenholt-greenholt.test,False,44437
46850,Timika Wolff,"2739 Witting Ville, Smithport, FL 59418-0309",+18743969934,irving.larson@mann-predovic.example,False,46850
45743,Dennis Reinger,"Apt. 469 2707 Kuhic Drive, New Matilda, NE 51575",+13538480080,dani_williamson@ferry.test,False,45743
45017,Cristal Dicki Iii,"92057 Wilderman Dale, Leonardoville, SC 77883",+18299651837,carmine@schimmel.example,False,45017
46074,Leilani Cassin Jd,"Apt. 785 1302 Antonia Dale, North Alvaberg, RI 45244",+18470935454,mathilda@dickinson.example,False,46074
45486,Rey Schowalter,"47540 Elwood Ridge, Gradyport, AR 72615-0740",+18582047094,tara.shields@rau-casper.test,False,45486
46923,Bill Kuhic,"Suite 972 72115 Cartwright Tunnel, South Willard, WA 84850",+13797238492,kyung_mosciski@olson-kreiger.test,False,46923
45229,Marylynn Bruen,"Apt. 750 573 Shana Trail, Frankville, WA 39482",+14325087328,noah_dickens@marks-borer.test,False,45229
46853,Evelina Zemlak,"Apt. 647 96981 Herman Passage, Hyattport, IN 06802-8131",+15480981557,johnny_berge@dietrich.test,False,46853
46487,Miss Mauricio Christiansen,"8936 Klein Ports, Priscilashire, MN 44548",+19820618075,arturo.paucek@herman.test,False,46487
46290,Keith Reilly,"Apt. 517 60189 Littel Dale, Annamariafurt, CO 00096-2279",+11305938945,aron@paucek.example,False,46290
45225,Georgeann Rau,"Suite 296 629 Orlando Lodge, West Sheilahborough, IL 45657-8795",+19803813257,darci@krajcik-tromp.test,False,45225
45995,Bernadette Gerhold,"5825 Lemke Bypass, Buckridgeside, NE 72985",+14052825123,bob.fay@nolan.test,False,45995
47193,Erna Homenick Sr.,"Suite 875 796 Hodkiewicz Keys, Gastonview, WY 54993",+18145209435,nila.green@abernathy-harris.example,False,47193
46709,Tomi Feeney,"5209 Corwin Extension, Tillmanton, CT 95008-7864",+16710736777,cristopher.powlowski@ledner.test,False,46709
44565,Scot Goyette Md,"Apt. 815 91302 Schoen Ports, Nickyview, SC 60260-6523",+14985246550,trena.treutel@braun.test,True,44565
45287,Ariel Bayer,"Suite 862 74174 Collins Inlet, Boscofort, ID 41822-2162",+13621751063,danae_tremblay@grant-cruickshank.example,False,45287
44440,Andre Ernser,"Suite 267 92969 Eve Springs, Wisokyberg, ID 16895-5382",+18270151009,kimbra.huel@leannon.example,False,44440
47038,Jorge Parker,"Suite 805 356 Grady Hollow, North Kevin, NJ 82342",+16731974406,sibyl@dickinson.test,False,47038
46179,Rosalba Mayert Sr.,"Suite 602 7109 Yundt Ranch, Connellychester, OR 33284",+11153490478,alvaro_luettgen@dare.test,False,46179
47501,Benito Koss,"2563 Ernest Islands, Millsbury, WI 13648",+13747531740,damon_upton@mccullough.example,False,47501
45764,Garland Towne,"7071 Johnson Manors, West Matt, NH 21400",+17443339700,tashina@orn.example,False,45764
45292,Felicidad Boyer,"Suite 116 819 Will Extension, North Leon, AZ 30216-4569",+15525691543,pei_senger@lind.test,False,45292
44444,Rev. Lindsay Dare,"Suite 440 402 Yadira Forge, West Jcchester, IL 04232-2031",+11052319795,francisco.rice@cummings.example,False,44444
45310,Leroy Dooley,"Apt. 379 49052 Kunze Prairie, Bodeshire, KY 30773-2218",+16248374893,nick.nitzsche@champlin.example,False,45310
46809,Millard Reynolds,"Suite 961 7101 Frank Lodge, Hesselville, VT 27294-9234",+15977141972,nichol_mohr@littel.test,False,46809
46763,Williams Hansen,"186 Taylor Burgs, Lake Lindaborough, NH 31077",+11626676307,kandace@keebler.test,False,46763
45046,Andreas Mills,"Apt. 888 952 Joshua Coves, North Sachikoport, TN 83903-7155",+14966790013,donnell.bashirian@little.example,False,45046
47611,Lupe Schiller,"8781 Lorita Divide, East Shandrahaven, SD 18758",+19664055797,leonard@botsford-cummerata.example,False,47611
47306,Hiram Ratke,"8759 Hal Plaza, Gusview, MS 49606-1448",+14528739591,bennett@spencer.test,False,47306
45110,Mrs. Wilhelmina Jacobs,"Apt. 567 597 Royal Wells, New Napoleonfurt, MO 47513",+11128134872,leticia@durgan.example,True,45110
45051,Sammie Nicolas,"96686 Aurea Roads, Mohammedport, NE 64803",+19025268144,sandie@block-harris.test,True,45051
47079,Willard Leffler,"Suite 264 240 Gislason Garden, North Alysia, NE 59950-1034",+17121298370,brittani@mclaughlin.test,False,47079
45336,Marquetta Kozey,"590 Abbott Orchard, West Karlmouth, VA 27190-8995",+11120730471,jared@schroeder.example,False,45336
46455,Marquis Johns,"34429 Fay Highway, Enochtown, MO 42644",+19097169224,elenora@cronin.example,False,46455
45576,Kris Rosenbaum,"Suite 563 3910 Hoppe Row, Elwoodberg, MI 22255",+11369675352,juliann_padberg@mccullough.test,False,45576
47532,Rigoberto Carter,"Apt. 109 320 Cruz Camp, Lake Rickyport, AL 04915",+13682105605,kerry_skiles@ziemann-orn.test,False,47532
46744,Salvador Spinka,"137 Cesar Park, Buddymouth, VT 91861-9888",+14857897501,mason_harber@kub.example,False,46744
45753,Leandro O'Conner,"Apt. 342 5674 Dennis Streets, Lake Twanaland, MA 38072-0179",+13474644870,royce_nikolaus@bruen.test,True,45753
47503,Linh Lebsack Lld,"2302 Wiza Springs, Terryport, RI 52943-7974",+16805367139,hana@tremblay.example,True,47503
45059,John Walsh,"Apt. 781 39014 Dietrich Prairie, Edgardoton, UT 15287-1015",+15158352297,viviana.torphy@gibson-kiehn.example,False,45059
45741,Wade Effertz,"Suite 671 98762 Helen Plains, Jeannineborough, MT 98922-7569",+17555438332,moses@waters-okon.example,False,45741
45351,Adeline Wisozk,"Suite 755 403 Mendy Avenue, Sungtown, HI 17634",+11480854814,todd@parker-sipes.example,False,45351
45358,Reinaldo Halvorson,"27213 Mohr Wall, West Myrafurt, OK 21759-3074",+18536751778,aaron_pfeffer@tremblay-metz.example,False,45358
46442,Candie Labadie,"Apt. 708 606 Jody Radial, West Carltonport, NV 62489",+12800745680,renita_treutel@kertzmann.example,False,46442
47033,Wilhelmina Rohan Sr.,"247 Lemke Orchard, South Toshiafurt, HI 89577",+19096132048,rosalba.toy@lowe-kessler.test,False,47033
46952,Dewey Sanford,"4680 Kazuko Vista, Port Margottown, IL 09842",+15835868614,clara_ledner@howe-zemlak.example,False,46952
45497,Dave Wiza,"6871 Sylvester Drive, Lake Aleaseland, IN 95488-5289",+15489553077,julian@cole.test,False,45497
45631,Emerald Wisozk,"62801 Ruben Villages, Ferdinandburgh, KS 65210",+15316756228,issac@block-becker.example,False,45631
46284,Nicolas Gutkowski Vm,"Suite 164 9361 Bogan Pass, West Glenborough, CT 50209",+16544586721,tova.smitham@schamberger.example,True,46284
44826,Hayden Harvey,"7733 Tyrone Shores, Brakusland, ID 91099-2022",+15792328587,windy@boyle.example,False,44826
44934,Aldo Mante,"Apt. 988 178 Durgan Locks, Port Dinahview, IA 05030-8003",+15162047282,merissa_farrell@mckenzie.example,False,44934
45749,Hedy Rippin,"Apt. 805 4066 Fay Village, Port Orville, MD 05350",+15522371204,emeline.marks@ankunding-feest.example,False,45749
44392,Dominique Rodriguez,"6018 Cartwright Isle, Port Michelton, AZ 93076-6618",+11566302400,eusebio@kiehn-wisoky.test,False,44392
45673,Jeramy Goyette,"8012 Sal Pike, Carlenaberg, SC 03961-4632",+12072778765,hannelore_flatley@rice-langosh.test,False,45673
45775,Erik Jakubowski,"Apt. 754 5805 Berenice Walks, West Marcos, MI 89656",+16398591893,antonio@okon-muller.example,False,45775
46933,Leopoldo Murazik Cpa,"449 Hal Freeway, Schuppefort, FL 79046-7969",+16477505070,chuck@friesen.example,False,46933
46987,Alla Bauch,"6416 Kovacek Drive, Port Ahmad, KY 32337",+15265864240,zulema@ratke-yost.test,False,46987
45354,Windy Kuvalis,"Suite 431 977 Dibbert Dam, West Cathiefort, MS 00891",+18138551407,hope.doyle@gleason.test,False,45354
47020,Cordell Rolfson Dds,"5495 Latoyia Greens, Nenaland, WA 77485",+17925670587,willene@abernathy.test,True,47020
44754,Jaimie Miller,"59016 Dillon Ridges, Port Berniece, AK 73636-5716",+13476803919,tracey@hintz.example,False,44754
44919,The Hon. Porter Terry,"Suite 813 9312 Alice Brooks, Port Randell, CT 86649",+14551739863,charolette@bode-kreiger.example,False,44919
46957,Prof. Lissette Nolan,"2112 Luann Port, Jacelynberg, NJ 27829-3725",+11911296966,gilda@heaney-howe.test,False,46957
44505,Oren Beatty,"9099 O'Reilly Junctions, New Simon, NE 16601-6466",+19373983404,jenise.gleason@reynolds.example,False,44505
44708,Tamika Gottlieb,"896 Suzette Fort, East Doria, MI 13785",+13883443475,torie@rempel.example,False,44708
45300,Rolande Wilkinson Cpa,"Apt. 974 28903 Andre Estates, South Davidborough, AL 75514-0033",+17727608917,milford@sipes.test,False,45300
45267,Pei Schuster Iii,"Suite 595 409 Marnie Coves, Conroymouth, MS 54258",+11419463868,minh@turcotte.example,False,45267
47166,Ms. Ignacio Buckridge,"9951 Joshua Brook, Kevinport, IN 25774",+19079631157,torri@little.test,False,47166
45721,Migdalia Pollich,"915 Boyer Isle, East Alan, OH 23242",+17175123429,renay.bashirian@reinger.test,False,45721
47369,Peter Sipes,"Apt. 274 254 Kuhn Stream, North Socorro, GA 21314",+17125029020,edward@doyle.example,False,47369
46773,Mr. Daniella Lemke,"393 Barton Creek, Murrayfurt, NH 80477",+19768171152,luanna.connelly@little.test,False,46773
45954,Rep. Gino Dare,"5636 Ina Fall, Hermannbury, MO 07911",+19883357842,cathleen.beier@prohaska-frami.example,False,45954
46051,Merna Nikolaus Do,"Apt. 520 42182 Darcie Mill, West Florida, IL 50940-4618",+18218779052,marvel@bailey.test,False,46051
46155,Hanna Shields,"49322 Kuvalis Locks, Tremblayfort, MD 51806",+13041869733,miquel_willms@greenfelder.example,False,46155
44472,Doretta Stark,"31453 Ryan Landing, East Oda, MO 83023",+15706677768,bridgett_green@jacobson.example,True,44472
47409,Joan Kutch,"38329 Moen Trail, Murphyside, NE 53763-1610",+16241348539,viola@strosin.test,False,47409
45911,Yvone Langworth Iii,"55920 Schmitt Greens, New Kirby, GA 62048",+17721965212,lee@lindgren-ullrich.test,False,45911
46889,Elmer Steuber,"Suite 260 3530 James Expressway, Mullerburgh, NV 81272-0693",+17395823250,mitch@dubuque-vandervort.example,False,46889
45726,Veta Bergnaum,"Apt. 797 53472 Adan Lodge, Medhurstfort, OR 15106",+11384980228,jared@swift.example,False,45726
45986,Tosha Bernier,"4327 Braun Rest, Wilburside, TN 09741",+17290032441,kacey@jenkins.test,False,45986
46559,Chanelle Moen,"Suite 227 1741 Lupe Turnpike, Balistrerifurt, AL 13598",+13210811569,marcelino@hane.example,False,46559
45751,Bernard Harvey,"15881 Eduardo Islands, Rodriguezstad, AR 92734",+19857803247,juliane@von-lakin.example,False,45751
47250,Geoffrey Powlowski,"Apt. 182 72562 Sauer Garden, Antoniahaven, WV 17834",+11907660169,alison.yundt@shields-beahan.example,False,47250
46078,Brendan Pfeffer Sr.,"Suite 765 4465 Sheryll Bypass, West Christie, MD 37704-1616",+19099376675,cassie.jacobs@shields-stehr.test,False,46078
46772,Tia Lemke,"Suite 210 93768 Hunter Lakes, Hiltonview, UT 26940",+13039618658,chante@breitenberg.test,False,46772
44861,Ariel Donnelly,"9411 Kozey Mall, Kathernport, ME 95294",+14159563754,orville.ebert@carter-mayert.example,False,44861
46195,Alison Rippin,"25749 Monahan Turnpike, East Leland, NJ 67859-3814",+11757916982,alfredia@lesch.example,False,46195
46655,Dionna Boehm Dvm,"59951 Legros Fall, Lesiaborough, NV 70420-9394",+11090889189,somer.bednar@kshlerin.example,False,46655
45854,Msgr. Billie Kemmer,"3077 Smitham Pass, South Johnny, MN 09508-1778",+12252104615,faustino@batz.test,False,45854
45275,Rickey Balistreri,"Apt. 279 5485 Sidney Islands, North Mistie, ND 56675",+12085246246,chau.greenholt@nikolaus-emmerich.example,False,45275
46159,Roman Kirlin,"Suite 460 114 Veum Squares, South Jarredport, FL 02211",+18640812309,salvador_powlowski@wiegand-franecki.test,False,46159
45112,Mercy Collier,"Apt. 909 3669 Champlin Ramp, South Conceptionbury, AL 21578-8008",+17804737097,ernest@mcdermott.example,True,45112
47222,Monty Beahan,"Apt. 626 8233 Heathcote Shoals, South Coreen, KY 12397-9703",+17206117302,stephany@hills.example,False,47222
46319,Rashad Hintz,"Suite 672 3826 Chang Unions, West Ronview, NY 52525-7474",+13531274600,brinda_kihn@parisian-walter.example,False,46319
47048,Jerry Anderson,"Suite 185 87081 Feeney Forges, Goodwinmouth, RI 46582",+18354458730,tod@kassulke-hilpert.test,False,47048
44579,Prof. Florence Harris,"Apt. 190 410 Reichert Road, Fisherland, SD 86798",+19417649921,elisa.boyle@lubowitz.example,False,44579
45289,Nicolasa Lehner,"638 Boyle Well, West Bariside, CT 13475",+15332778822,shane_schmeler@rempel.test,True,45289
44768,Hyman Kihn,"4696 Austin Avenue, Lemuelchester, SD 81080-9008",+13092073060,deedra@kuhic.example,False,44768
47158,Carolynn Marvin,"1058 Kary Turnpike, West Malcomchester, MT 15938-9175",+13311355270,saturnina.zulauf@murazik-russel.example,False,47158
46509,Sha Raynor,"Apt. 920 178 Effertz Mews, New Nathanael, WY 59615-3640",+12495888685,adrian_mckenzie@williamson.example,False,46509
45194,Mitchell Borer,"Suite 905 599 Hahn Junctions, Lake Rachellborough, OH 80170-8368",+14607860068,monnie@boyer.test,False,45194
44468,Burl Lindgren,"Suite 927 811 Boyce Curve, Deckowfurt, VT 11698-5534",+18997325846,margarete_stiedemann@wolf-champlin.test,False,44468
45767,Miss Marlin Harris,"847 Anderson Oval, North Angelo, RI 92035",+18049631311,salvador_wuckert@lockman.example,False,45767
46297,Azucena Steuber,"9817 Jacquelyn Knolls, Dominicastad, MN 07591-0002",+13878579325,michel@rodriguez.test,False,46297
47227,Bailey Stehr,"782 Funk Village, South Noel, VA 46528",+13222438933,coy@harris.test,False,47227
47044,Miss Oliver Haag,"64963 Hauck Corners, Port Linnville, ME 95824",+19051862119,linnie@heathcote.test,False,47044
46507,Giuseppe Steuber Jr.,"Apt. 106 6836 Mann Points, New Horaciomouth, ME 19547-5670",+18048072136,deirdre@green.example,False,46507
45896,Sonny Kozey,"968 Lemke Common, South Geraldohaven, AZ 10114-5164",+19717644088,rodrick@reynolds.test,False,45896
45185,Denice Zemlak,"828 Mills Burgs, Goyettemouth, GA 84587",+11277086966,taylor_cole@rowe.example,False,45185
46466,Charlesetta Witting,"616 Porter Junction, Lake Corabury, GA 07985-1386",+18611567260,pat.rice@stokes-harber.example,False,46466
45045,Mr. Genie Larson,"Apt. 702 2649 Candi Land, Boscoside, ID 44919",+16775384803,jerald@mcdermott-wintheiser.example,False,45045
47060,Cathryn West,"978 Powlowski Roads, Aftonberg, AZ 14123",+11369918659,len_glover@welch.example,False,47060
44716,Sharolyn Borer,"Apt. 336 6362 Cronin Trafficway, Turcottehaven, CT 92533",+13256458066,davina.schiller@dietrich.example,False,44716
44691,Lesley Lakin,"Apt. 517 37336 Dulcie Ridges, East Dominicaville, VT 79553-0399",+15102090234,kieth@lesch.test,False,44691
46322,Cornelius O'Conner,"Suite 265 85044 Dallas Spurs, West Dalilastad, NV 55051",+14242467760,gerald@russel.test,True,46322
44679,Travis Champlin,"610 Reuben Ferry, West Lucia, VT 47153-6929",+16939896977,elsy_metz@rowe-schuppe.test,False,44679
45848,Hayden Crist Iii,"Suite 627 46268 Colette Stravenue, Rorychester, WV 63148",+13644928872,logan_jacobson@larkin.example,False,45848
45706,Oliver Toy Ii,"3000 Tyrone Highway, North Lillian, RI 75289",+15913619428,adaline@smith-morar.test,False,45706
46835,Lacy Ryan,"94697 Sid Summit, South Exieport, FL 18723-6915",+13180429455,don@rolfson.test,False,46835
47253,Mr. Tilda Schulist,"38852 Ledner Streets, Port Oswaldo, ND 31586",+13151680155,lance@lindgren-littel.test,False,47253
46105,Quincy Brakus,"227 Shayna Lodge, Shieldsburgh, MS 95239",+15671458592,angelyn.wiza@paucek-blanda.test,True,46105
44687,Ms. Vennie Doyle,"56217 Wilmer Circle, Garthstad, PA 68688-6078",+17045291364,ramonita.heidenreich@greenholt.test,False,44687
44923,Sherill Murphy V,"5857 Robbie Brook, Edgardoview, TN 49623-8431",+11298177910,angelic.skiles@baumbach-hudson.test,False,44923
46339,Dante Hansen,"Suite 866 477 Lebsack Expressway, East Del, MA 11872",+16514824171,modesta.trantow@brakus.test,False,46339
46283,Tamra Veum,"Suite 917 8306 Ziemann Squares, East Leta, MD 57538-7756",+11338168605,duncan_doyle@wolf-bahringer.example,False,46283
44758,Dana Stokes Jr.,"915 Suzanna Prairie, South Ilaton, MD 75492-2602",+14388777212,hollis@sipes-abernathy.example,False,44758
45516,The Hon. Louie Ebert,"584 Gale Spring, Fatimahside, WV 28564-3859",+19404239658,mose@schiller.test,False,45516
46721,Deane Bosco,"Suite 189 7065 Champlin Shoal, Lonnieport, MO 57615",+12887332010,yoshie_anderson@jakubowski.example,False,46721
45536,Milford Abshire,"Apt. 670 7384 Fermin Club, South Maryatown, NM 73394-0609",+18008517962,lashell@kemmer.example,False,45536
46900,Anton Legros,"279 Lorenzo Cape, East Dimple, NH 26447",+13253742948,al@little.test,False,46900
46003,Amb. Linwood Nitzsche,"Suite 362 237 Carman Turnpike, Arielshire, MD 03981-0940",+12645209383,florrie@oreilly-mcglynn.test,False,46003
44842,Ms. Deon Howe,"1462 Steuber Dale, Kilbackport, MI 60933-9714",+17180001167,jerome@king.test,False,44842
45525,Arie Moore,"Apt. 446 63950 Estelle Field, Lake Marianomouth, MI 00831-1262",+18588424420,joseph_emmerich@zemlak.example,False,45525
45152,Lai Blick,"2444 Carlene Fields, Paucekville, RI 04188-3154",+18282521312,haydee@mohr.test,False,45152
44900,Buena Kunze,"Suite 436 473 Kemmer Hollow, Hermanfort, CA 20383",+14122337374,kurt@walsh.test,False,44900
45849,Thomas Kerluke,"89159 Nathan Turnpike, Bayerport, VT 42787",+18711052458,alisa@grady.test,False,45849
45465,The Hon. Jeanene Funk,"235 Lynch Lake, Chelseyfort, AR 79327-7272",+14861758671,elenore_glover@dubuque-wintheiser.test,False,45465
44430,Jennifer Hartmann Dvm,"Suite 121 5891 Norah Greens, North Tara, MD 96234-6888",+15883648653,roderick@walker-mraz.test,False,44430
46404,Jenice Streich,"Suite 161 6789 Mina Radial, Ferryview, OR 23121-3974",+12537980610,osvaldo@lowe.example,False,46404
46918,Hubert Adams,"Apt. 529 596 Wuckert Pass, Port Angelena, VT 02737-2668",+13480019843,tawna_fritsch@hoppe.example,False,46918
44578,The Hon. Nikia Mante,"39609 Dianne Locks, Elveraside, CO 43681",+12902018271,pedro_farrell@blick-cartwright.example,False,44578
44610,Cierra Senger Iii,"93970 Rohan Gardens, Kingborough, NH 53620",+19551120471,joel@brakus-berge.test,False,44610
45334,Mirella Wintheiser Ret.,"Apt. 438 48823 Leola Ports, Rathtown, ND 58853",+16784463685,ramona@collier.example,True,45334
44626,Evelia Gleichner Dvm,"Suite 776 3964 Darell Roads, North Kassandraport, MS 64096-4344",+11259077202,concetta@rodriguez.test,False,44626
46473,Glenn Schmitt,"8611 Hand Gardens, East Tommie, HI 73638-5255",+17822670777,lucio.bernier@jerde-pfeffer.test,False,46473
46023,Syble Wunsch Jr.,"144 Abdul Port, Wildermanport, OR 37493",+15361625577,reta.ritchie@koch-goldner.example,False,46023
47305,Linwood Williamson,"Suite 719 168 Bayer Land, Lake Jaimie, CO 89572-5698",+18376527663,cletus@feest.test,False,47305
46279,The Hon. Ramon Champlin,"Apt. 766 899 Della Mountains, West Alyssa, WI 99369",+12562781074,celine.wolff@harvey-homenick.example,False,46279
44466,Ben Smitham I,"4373 Vina Flats, Lake Tyra, SD 70669",+17753572680,del.parker@padberg-strosin.test,False,44466
47215,Korey Harber,"Apt. 272 37035 Wisoky Spurs, Willardshire, MS 97340-0611",+11161944137,evalyn.armstrong@bergnaum.example,False,47215
46810,Nola Berge,"436 Tristan Estates, West Hector, WY 82340-6018",+11658311613,maynard_adams@marquardt.example,False,46810
46096,Pa Berge V,"Apt. 532 57301 Aide Hill, Lake Errolport, KY 26514",+14169712923,porter@sauer-lockman.test,False,46096
45131,Dr. Dulce Welch,"7640 Reichel Island, Swaniawskichester, VA 38440-8395",+13972166952,deetta_hilll@schaden.test,False,45131
46072,Mrs. Randall Schowalter,"Apt. 140 3289 Hane Land, Nicolabury, CA 30754-2061",+18610685447,issac@ledner-adams.example,False,46072
