id,user_id,book_id,quantity,unit_price,timestamp,shipping,paid_price,year,month,day
75198,55590,21465,1,73.5,2024-10-07 20:47:31+00:00,Unknown,73.5,2024,10,7
82023,53482,21374,1,25.0,2024-09-11 05:27:49+00:00,Unknown,25.0,2024,9,11
81439,55123,21408,1,22.5,2024-08-06 06:53:00+00:00,Unknown,22.5,2024,8,6
80259,54387,21013,1,42.5,2025-03-18 09:32:41+00:00,Unknown,42.5,2025,3,18
80176,54916,21437,1,62.5,2024-09-24 16:55:14+00:00,Unknown,62.5,2024,9,24
75145,54881,21487,4,73.0,2024-10-16 16:44:45+00:00,Unknown,292.0,2024,10,16
77748,53943,21283,3,41.75,2025-02-19 06:46:46+00:00,"22571 Shena Oval, West Mellissastad, MN 91780",125.25,2025,2,19
81737,54468,21519,1,46.0,2025-02-01 02:52:35+00:00,Unknown,46.0,2025,2,1
78876,54627,21302,5,22.0,2025-03-09 17:13:59+00:00,Unknown,110.0,2025,3,9
74442,54189,20936,2,68.4,2024-11-12 16:18:00+00:00,Unknown,136.8,2024,11,12
77997,54202,21385,4,20.4,2024-12-20 03:15:05+00:00,Unknown,81.6,2024,12,20
79367,54283,21226,1,58.0,2025-07-28 17:47:00+00:00,Unknown,58.0,2025,7,28
75499,53171,21041,1,84.0,2024-11-04 14:25:24+00:00,Unknown,84.0,2024,11,4
76091,53999,20921,2,19.25,2024-09-01 11:34:07+00:00,Unknown,38.5,2024,9,1
79132,55304,21105,1,63.59,2024-12-17 13:42:13+00:00,"Suite 319 586 Halvorson Lane, Lucioborough, MO 43284-4515",63.59,2024,12,17
76575,53032,20939,1,80.4,2025-04-09 19:36:00+00:00,"Apt. 145 402 Maxwell Causeway, Deweytown, ND 75473",80.4,2025,4,9
82150,54747,21413,1,55.0,2025-01-03 05:53:53+00:00,"Suite 704 1963 Hyatt Isle, Lanastad, WV 00496",55.0,2025,1,3
78844,54893,21578,1,39.0,2024-10-06 00:19:37+00:00,"747 Hegmann Street, Coleborough, TX 69056",39.0,2024,10,6
74470,53359,20976,1,53.75,2024-12-31 17:28:54+00:00,Unknown,53.75,2024,12,31
75990,54905,21227,3,69.0,2024-11-28 04:26:03+00:00,Unknown,207.0,2024,11,28
80770,53277,21011,1,39.6,2024-05-11 05:50:00+00:00,"3334 Tom Bridge, Moenchester, ID 49650-2509",39.6,2024,5,11
75867,53052,21071,1,64.8,2025-02-02 17:01:49+00:00,Unknown,64.8,2025,2,2
78026,54691,21498,2,17.5,2024-07-06 15:55:31+00:00,Unknown,35.0,2024,7,6
73367,54764,21476,5,86.39,2025-01-06 19:14:37+00:00,Unknown,431.95,2025,1,6
76983,54311,21312,1,61.0,2025-01-12 05:32:06+00:00,Unknown,61.0,2025,1,12
77073,54191,21339,2,71.99,2024-12-20 19:18:00+00:00,Unknown,143.98,2024,12,20
77141,55469,20996,1,43.0,2025-01-28 02:26:47+00:00,Unknown,43.0,2025,1,28
80729,53203,21280,1,16.0,2024-08-28 05:24:48+00:00,Unknown,16.0,2024,8,28
82110,54086,21183,1,58.8,2024-10-14 10:58:10+00:00,"317 Shamika Tunnel, South Otha, NY 71529",58.8,2024,10,14
80541,53621,21454,1,43.8,2024-09-17 07:12:25+00:00,Unknown,43.8,2024,9,17
74246,55814,21161,1,38.75,2024-12-13 12:02:00+00:00,Unknown,38.75,2024,12,13
80465,55372,21283,3,40.5,2025-03-14 13:30:56.519000+00:00,Unknown,121.5,2025,3,14
74118,54263,21111,1,36.6,2024-06-24 05:22:33+00:00,"Apt. 295 4743 Louvenia Light, East Chantetown, CA 29331",36.6,2024,6,24
79398,53822,21245,1,46.5,2024-11-11 04:44:00+00:00,Unknown,46.5,2024,11,11
74166,53103,21160,1,22.5,2024-12-12 21:19:00+00:00,Unknown,22.5,2024,12,12
76226,54616,21267,2,48.0,2025-04-17 11:46:04+00:00,"5926 Lynch Dam, North Lera, MT 68108",96.0,2025,4,17
74634,55754,21234,4,34.0,2025-01-18 16:58:08+00:00,"537 Retha Extension, Raymondtown, WY 35853",136.0,2025,1,18
75743,53888,20926,2,79.8,2024-10-09 13:40:43+00:00,Unknown,159.6,2024,10,9
73688,53816,21073,1,46.5,2025-03-14 01:58:00+00:00,Unknown,46.5,2025,3,14
78528,55429,21032,1,17.1,2024-06-06 03:52:31.438000+00:00,Unknown,17.1,2024,6,6
79147,53606,21207,1,23.99,2024-10-04 19:15:59+00:00,"Apt. 722 230 Davis Radial, Heaneyville, FL 87032-1474",23.99,2024,10,4
81731,54031,21170,1,70.99,2024-09-25 11:15:45+00:00,Unknown,70.99,2024,9,25
74929,53091,21200,1,43.0,2024-11-04 07:29:10+00:00,Unknown,43.0,2024,11,4
75462,53147,21538,1,68.0,2024-06-05 11:50:54+00:00,"Suite 745 84902 Tana Drive, New Zenaida, ME 48169",68.0,2024,6,5
78295,53695,21547,2,21.75,2025-02-18 08:22:23+00:00,"502 Monty Mountain, New Earlburgh, AZ 34015-3985",43.5,2025,2,18
82553,53449,21593,1,59.0,2024-06-24 23:16:07+00:00,Unknown,59.0,2024,6,24
75656,54288,21194,1,19.0,2025-02-25 00:11:49+00:00,Unknown,19.0,2025,2,25
81895,54332,21062,1,72.25,2024-10-07 11:26:16+00:00,Unknown,72.25,2024,10,7
75096,53795,21503,1,81.9,2024-09-11 13:04:36+00:00,Unknown,81.9,2024,9,11
75278,55602,21426,1,26.5,2024-02-17 00:36:05.190000+00:00,"Suite 644 95021 Ron Flat, Jefferytown, NE 56551-7954",26.5,2024,2,17
76393,53213,21086,1,66.5,2024-07-21 20:15:17.420000+00:00,Unknown,66.5,2024,7,21
73500,55060,21489,3,74.39,2024-04-12 01:45:45+00:00,Unknown,223.17,2024,4,12
77797,53391,21066,1,32.75,2025-05-30 16:46:18+00:00,Unknown,32.75,2025,5,30
78052,54269,21486,1,39.99,2024-07-12 02:07:00+00:00,"197 Chi Center, Groverhaven, ME 93867-0353",39.99,2024,7,12
83086,54919,21288,1,25.8,2024-09-30 13:16:22+00:00,Unknown,25.8,2024,9,30
81294,54439,21462,1,31.5,2025-03-29 19:33:07+00:00,Unknown,31.5,2025,3,29
81651,55073,21596,1,63.59,2024-07-14 07:12:30+00:00,Unknown,63.59,2024,7,14
81143,54414,21495,1,21.75,2025-01-11 09:11:27.280000+00:00,Unknown,21.75,2025,1,11
74280,54340,21037,1,55.5,2024-11-02 18:39:26.903000+00:00,Unknown,55.5,2024,11,2
81487,54937,21616,1,81.6,2024-12-02 11:24:50+00:00,Unknown,81.6,2024,12,2
79943,53656,21094,1,69.5,2024-03-01 05:03:56+00:00,Unknown,69.5,2024,3,1
75709,55629,21634,1,29.0,2025-01-10 07:41:10+00:00,"2415 Cruickshank Curve, Brekkefort, AL 45291-3623",29.0,2025,1,10
81224,53942,21270,1,68.25,2024-11-01 04:50:12+00:00,Unknown,68.25,2024,11,1
76874,54799,21545,1,76.79,2025-01-10 20:30:54.836000+00:00,Unknown,76.79,2025,1,10
73455,54786,20925,1,48.0,2024-07-17 09:14:00+00:00,Unknown,48.0,2024,7,17
79898,55313,20941,1,26.7,2025-06-03 14:38:34+00:00,Unknown,26.7,2025,6,3
77534,54774,21625,2,28.0,2024-06-08 03:52:26.641000+00:00,Unknown,56.0,2024,6,8
76336,53506,21279,2,35.5,2025-01-23 08:18:27.934000+00:00,Unknown,71.0,2025,1,23
75273,55186,21522,1,50.99,2025-06-02 20:34:34+00:00,Unknown,50.99,2025,6,2
80869,55278,21108,1,25.5,2025-02-16 18:27:00+00:00,Unknown,25.5,2025,2,16
75357,53199,21289,1,50.0,2024-08-31 07:40:09+00:00,Unknown,50.0,2024,8,31
82224,53832,21499,2,85.19,2025-04-18 06:47:54+00:00,Unknown,170.38,2025,4,18
77605,53480,21577,1,26.5,2025-01-21 11:53:00+00:00,Unknown,26.5,2025,1,21
81521,53716,20997,3,71.0,2025-03-05 07:47:08+00:00,Unknown,213.0,2025,3,5
79922,55373,21549,1,64.79,2024-04-27 07:10:00+00:00,Unknown,64.79,2024,4,27
73622,54695,21241,1,19.75,2025-05-31 16:20:59+00:00,Unknown,19.75,2025,5,31
73694,54521,21067,1,56.25,2024-12-09 05:12:00+00:00,Unknown,56.25,2024,12,9
78594,55788,21045,1,27.3,2025-04-17 01:45:00+00:00,Unknown,27.3,2025,4,17
76182,55177,21242,1,55.5,2024-07-31 23:02:00+00:00,Unknown,55.5,2024,7,31
76045,54718,21112,1,30.0,2024-11-18 05:49:49+00:00,Unknown,30.0,2024,11,18
74565,54367,21616,1,65.5,2024-09-27 10:45:03+00:00,Unknown,65.5,2024,9,27
74879,54822,21549,1,51.25,2025-06-08 02:39:10+00:00,Unknown,51.25,2025,6,8
79867,55733,21206,1,65.0,2025-04-27 20:06:05+00:00,Unknown,65.0,2025,4,27
81274,55087,20987,1,80.4,2025-01-02 14:01:11.119000+00:00,"Suite 457 4115 Tracey Keys, South Tobie, ID 63071",80.4,2025,1,2
78648,55509,21512,3,61.0,2025-04-06 05:39:00+00:00,"2950 Quitzon Gateway, Bernhardhaven, MO 57934-8061",183.0,2025,4,6
75522,53165,21060,2,34.0,2024-09-22 10:28:28+00:00,Unknown,68.0,2024,9,22
82179,55688,21446,1,42.0,2025-04-21 22:47:47+00:00,"190 Lauren Square, Port Pingshire, NC 02325-9094",42.0,2025,4,21
81170,53791,21559,1,86.1,2024-11-07 19:45:30+00:00,Unknown,86.1,2024,11,7
82400,55071,21486,1,41.0,2025-02-12 07:20:00+00:00,Unknown,41.0,2025,2,12
73862,54077,21185,1,32.5,2024-10-11 18:43:07+00:00,Unknown,32.5,2024,10,11
74190,53682,20974,1,62.0,2024-11-23 08:26:51+00:00,Unknown,62.0,2024,11,23
79513,54998,21011,1,39.6,2024-12-02 14:50:26.275000+00:00,"Suite 658 15821 Shonta Forges, New Stellahaven, SD 53542-2097",39.6,2024,12,2
73639,53341,21277,1,63.5,2025-07-23 23:04:16+00:00,Unknown,63.5,2025,7,23
76947,53252,21125,1,16.0,2024-05-31 18:11:13+00:00,Unknown,16.0,2024,5,31
79482,53666,21258,2,21.0,2024-10-02 17:17:26+00:00,Unknown,42.0,2024,10,2
78178,53658,21432,1,75.0,2024-06-18 18:04:00+00:00,Unknown,75.0,2024,6,18
74038,54860,21071,1,53.0,2025-07-25 22:25:20+00:00,Unknown,53.0,2025,7,25
82504,55595,20994,1,23.99,2024-09-15 11:51:00+00:00,"3658 Harvey Corners, North Morton, RI 62872-2002",23.99,2024,9,15
80647,54784,21100,4,28.8,2025-03-30 19:08:47+00:00,Unknown,115.2,2025,3,30
75023,55829,21325,1,69.0,2024-05-01 08:52:28+00:00,"Suite 979 188 Roderick Track, New Devorahton, DE 12079",69.0,2024,5,1
81252,54927,20969,3,18.25,2024-11-07 06:53:00+00:00,Unknown,54.75,2024,11,7
81430,54974,21479,2,59.5,2024-10-12 07:38:07+00:00,Unknown,119.0,2024,10,12
82686,53107,21195,5,39.0,2025-01-09 12:03:54+00:00,Unknown,195.0,2025,1,9
73364,54535,21196,1,43.0,2025-04-17 20:31:00+00:00,Unknown,43.0,2025,4,17
79420,54906,21542,5,50.5,2024-07-01 01:12:00+00:00,Unknown,252.5,2024,7,1
78043,54913,21360,1,49.25,2025-03-02 12:48:47.749000+00:00,Unknown,49.25,2025,3,2
80726,53029,21297,1,67.0,2024-11-01 10:35:43+00:00,"80507 Runte Trail, Predovicshire, FL 46193-0659",67.0,2024,11,1
79456,55565,21038,2,54.25,2024-12-07 14:08:22+00:00,Unknown,108.5,2024,12,7
79904,53524,21556,1,27.59,2024-11-01 10:30:00+00:00,Unknown,27.59,2024,11,1
82187,54777,21004,3,20.5,2024-07-12 17:27:00+00:00,Unknown,61.5,2024,7,12
80251,55595,21041,3,70.25,2025-03-06 19:22:00+00:00,Unknown,210.75,2025,3,6
74228,53378,21156,1,72.25,2025-01-28 09:52:38+00:00,Unknown,72.25,2025,1,28
79104,55393,21515,2,70.5,2024-06-12 03:05:13.668000+00:00,Unknown,141.0,2024,6,12
75252,53587,21370,1,51.6,2024-07-14 20:06:46+00:00,Unknown,51.6,2024,7,14
75849,55172,21543,1,30.99,2024-12-13 05:02:58+00:00,Unknown,30.99,2024,12,13
79514,55377,21301,4,59.99,2024-08-28 08:24:40+00:00,Unknown,239.96,2024,8,28
82265,55082,21532,2,48.9,2024-11-07 01:17:52+00:00,Unknown,97.8,2024,11,7
74096,54771,20935,1,31.25,2024-04-29 10:34:07+00:00,Unknown,31.25,2024,4,29
80843,53207,21320,1,46.5,2025-04-15 12:08:00+00:00,Unknown,46.5,2025,4,15
80804,55117,21103,1,67.99,2025-08-15 03:14:00+00:00,Unknown,67.99,2025,8,15
76960,53621,21403,1,28.2,2024-07-24 17:42:47+00:00,Unknown,28.2,2024,7,24
78437,53972,21257,1,44.5,2025-03-26 12:21:31+00:00,Unknown,44.5,2025,3,26
81002,53348,21339,1,73.5,2024-04-17 23:59:00+00:00,Unknown,73.5,2024,4,17
80632,53114,21187,1,64.0,2024-05-31 01:27:00+00:00,Unknown,64.0,2024,5,31
75938,55432,21632,1,17.0,2024-11-22 06:56:56+00:00,Unknown,17.0,2024,11,22
82646,53874,21570,1,49.5,2024-12-28 20:19:23+00:00,"Suite 271 568 Cummerata Mountain, South Otha, MS 82966-0747",49.5,2024,12,28
75942,54572,21419,1,71.75,2025-04-28 13:00:51+00:00,Unknown,71.75,2025,4,28
79773,55365,21151,1,36.99,2024-08-08 04:34:47+00:00,Unknown,36.99,2024,8,8
80180,54366,21628,1,35.1,2025-01-03 14:34:07+00:00,Unknown,35.1,2025,1,3
81840,53411,21049,1,83.1,2024-05-17 08:46:11+00:00,Unknown,83.1,2024,5,17
73571,54705,21567,2,59.5,2024-11-27 19:08:15+00:00,Unknown,119.0,2024,11,27
74182,55025,20984,1,31.75,2025-01-18 04:40:03+00:00,Unknown,31.75,2025,1,18
74382,55291,21115,2,82.2,2024-09-25 12:41:51+00:00,"Suite 302 4607 Joeann Rue, Raquelfort, NY 81761-3457",164.4,2024,9,25
81096,55305,21539,5,77.7,2024-11-10 19:50:53+00:00,Unknown,388.5,2024,11,10
74762,54390,20970,1,39.0,2025-02-12 20:25:36+00:00,Unknown,39.0,2025,2,12
73337,54490,21250,2,20.0,2025-01-05 10:55:26+00:00,Unknown,40.0,2025,1,5
82068,53454,21379,2,80.7,2024-09-27 20:02:59+00:00,Unknown,161.4,2024,9,27
75387,53573,21519,2,58.8,2025-02-15 04:31:00+00:00,Unknown,117.6,2025,2,15
75091,53567,21650,4,42.25,2025-03-23 16:17:00+00:00,Unknown,169.0,2025,3,23
80386,54100,21567,4,58.0,2024-07-16 20:04:00+00:00,Unknown,232.0,2024,7,16
77968,54018,21515,1,88.8,2024-11-23 14:21:28.694000+00:00,Unknown,88.8,2024,11,23
81813,53229,21437,1,66.99,2025-01-14 03:19:09.986000+00:00,Unknown,66.99,2025,1,14
81397,53609,21601,1,30.0,2025-02-13 03:15:41+00:00,Unknown,30.0,2025,2,13
78724,55290,21245,1,50.0,2025-05-04 02:06:02+00:00,Unknown,50.0,2025,5,4
76130,54519,21245,1,59.99,2024-10-03 23:17:00+00:00,"705 Hollis Mountains, West Jesushaven, MT 24371-5614",59.99,2024,10,3
79631,55154,21575,1,50.5,2025-02-16 16:14:00+00:00,"Suite 815 97097 Sonja Crossing, Lolitaview, OR 22914",50.5,2025,2,16
78600,53457,21631,1,17.99,2024-03-08 05:46:59+00:00,"Apt. 308 186 Volkman Burgs, New Cornell, HI 06024-9257",17.99,2024,3,8
75332,54744,21622,1,35.0,2024-07-31 15:15:41+00:00,"520 Robel Via, Eldenborough, MN 89634",35.0,2024,7,31
80296,54517,21595,1,51.0,2025-01-25 14:30:44+00:00,Unknown,51.0,2025,1,25
74726,55567,21270,1,72.99,2024-11-16 01:31:19+00:00,Unknown,72.99,2024,11,16
82357,53107,20953,2,56.4,2025-04-14 11:25:19+00:00,Unknown,112.8,2025,4,14
77920,54345,21278,1,32.0,2025-03-01 08:15:20+00:00,Unknown,32.0,2025,3,1
75199,55201,20934,1,22.0,2025-02-12 22:20:16.098000+00:00,Unknown,22.0,2025,2,12
81723,55272,21255,1,36.0,2024-04-05 06:38:00+00:00,Unknown,36.0,2024,4,5
79172,53354,21027,1,28.5,2024-04-13 02:54:40.719000+00:00,Unknown,28.5,2024,4,13
79953,53183,21521,1,49.75,2024-12-01 06:10:57+00:00,"6885 Stanton Inlet, South Emery, NM 97746-3600",49.75,2024,12,1
78986,55521,21615,1,56.4,2025-01-06 15:39:00+00:00,Unknown,56.4,2025,1,6
75840,54721,21234,1,31.99,2025-06-12 06:13:16+00:00,"Apt. 987 6044 Jaskolski Curve, Auershire, MO 12984-0414",31.99,2025,6,12
80559,55255,20998,1,57.3,2024-07-17 09:34:31+00:00,Unknown,57.3,2024,7,17
76454,55571,20932,1,18.75,2025-01-23 19:53:00+00:00,Unknown,18.75,2025,1,23
73592,53460,21229,4,20.25,2025-02-09 19:43:32+00:00,Unknown,81.0,2025,2,9
76238,53563,21617,1,21.75,2024-09-09 03:10:42+00:00,Unknown,21.75,2024,9,9
74858,55048,21612,1,63.75,2024-10-03 15:28:31.934000+00:00,"Apt. 393 7866 Gutmann Creek, New Rhea, AZ 48159",63.75,2024,10,3
75018,53597,21514,1,42.0,2024-10-17 14:08:34+00:00,Unknown,42.0,2024,10,17
75456,53570,20975,1,86.39,2025-02-28 17:59:19+00:00,Unknown,86.39,2025,2,28
76008,53658,21657,1,15.6,2025-01-08 11:18:21+00:00,Unknown,15.6,2025,1,8
75551,55658,21217,1,38.7,2025-08-16 17:12:34+00:00,Unknown,38.7,2025,8,16
74497,54826,21465,2,71.99,2024-07-24 16:25:26+00:00,"Suite 817 6245 Keeling Oval, North Cristina, NE 41402-8263",143.98,2024,7,24
76231,54323,21563,1,66.6,2025-04-26 04:47:14.605000+00:00,Unknown,66.6,2025,4,26
78205,54715,21248,5,40.99,2025-03-10 08:03:00+00:00,Unknown,204.95,2025,3,10
82589,53404,21104,1,21.0,2024-12-30 20:31:00+00:00,Unknown,21.0,2024,12,30
75992,53652,21505,3,30.75,2025-06-10 13:52:51+00:00,Unknown,92.25,2025,6,10
80394,53619,21038,2,51.25,2024-07-01 08:27:00+00:00,Unknown,102.5,2024,7,1
82256,55244,20998,1,55.2,2024-10-05 07:30:26+00:00,Unknown,55.2,2024,10,5
82985,54487,21178,1,50.75,2025-01-15 07:28:00+00:00,Unknown,50.75,2025,1,15
80345,55077,21019,1,65.99,2025-03-14 08:03:38+00:00,Unknown,65.99,2025,3,14
78142,55522,21348,1,24.0,2025-01-04 15:18:18+00:00,Unknown,24.0,2025,1,4
74817,54865,21431,1,64.0,2024-11-05 06:37:14+00:00,Unknown,64.0,2024,11,5
74331,53350,21326,1,71.75,2024-10-21 15:12:00+00:00,Unknown,71.75,2024,10,21
80892,55368,21083,1,21.0,2025-03-29 13:31:24+00:00,Unknown,21.0,2025,3,29
77165,53541,21303,5,26.0,2025-07-08 04:04:11+00:00,Unknown,130.0,2025,7,8
77659,53263,21164,1,22.8,2024-08-03 00:21:41+00:00,Unknown,22.8,2024,8,3
77833,53488,21277,1,63.0,2024-10-29 00:24:12+00:00,Unknown,63.0,2024,10,29
74139,55015,21153,1,44.99,2024-12-07 20:46:53+00:00,Unknown,44.99,2024,12,7
74044,53180,21421,1,54.0,2024-07-08 03:13:00+00:00,Unknown,54.0,2024,7,8
82340,55352,21433,2,47.25,2025-01-15 02:07:00+00:00,"747 Rowe Summit, Guillermoport, IL 70568",94.5,2025,1,15
79067,54211,20976,5,50.0,2024-12-08 08:14:38+00:00,Unknown,250.0,2024,12,8
78925,54234,21072,3,84.0,2024-11-08 05:06:40+00:00,"7815 Travis Circles, Port Cassey, VT 82665-3251",252.0,2024,11,8
81523,53112,21454,1,40.5,2025-03-14 22:59:51+00:00,Unknown,40.5,2025,3,14
81890,53610,21295,1,19.19,2024-11-23 23:28:36+00:00,Unknown,19.19,2024,11,23
81991,54110,21266,1,61.0,2025-03-13 15:24:59+00:00,"Suite 903 3432 Booker Crossing, Homerview, MI 51434-8114",61.0,2025,3,13
77854,54053,21523,2,47.0,2024-09-17 20:44:58+00:00,Unknown,94.0,2024,9,17
77525,54266,20984,1,31.25,2025-03-07 22:40:57+00:00,"5543 Dane Flats, Port Eddie, CT 42308-9323",31.25,2025,3,7
79601,55754,21212,1,42.0,2024-10-26 23:59:08+00:00,Unknown,42.0,2024,10,26
74137,55590,21124,2,42.3,2025-08-11 15:53:00+00:00,Unknown,84.6,2025,8,11
77197,55727,21124,1,37.0,2024-06-11 13:12:12+00:00,Unknown,37.0,2024,6,11
78999,54883,21106,2,53.4,2025-07-22 02:17:23+00:00,Unknown,106.8,2025,7,22
78333,53069,21258,3,21.99,2025-01-04 19:51:37+00:00,Unknown,65.97,2025,1,4
79490,53098,21093,1,68.25,2024-09-29 19:35:59+00:00,"928 Modesto Forest, East Luzland, MS 15591",68.25,2024,9,29
82282,54825,21101,3,21.0,2024-12-28 16:06:45+00:00,Unknown,63.0,2024,12,28
76285,53558,21463,1,75.5,2024-09-01 11:14:52+00:00,Unknown,75.5,2024,9,1
78854,54485,21475,1,35.0,2025-04-19 17:32:18+00:00,Unknown,35.0,2025,4,19
78023,53541,21210,2,18.25,2024-04-28 18:29:07+00:00,Unknown,36.5,2024,4,28
77873,55682,21150,4,65.0,2025-01-15 01:00:00+00:00,Unknown,260.0,2025,1,15
81880,53667,21631,1,16.0,2025-06-02 01:43:14+00:00,Unknown,16.0,2025,6,2
74945,55708,21142,2,34.75,2024-10-05 15:52:51+00:00,Unknown,69.5,2024,10,5
82404,55694,21096,1,74.75,2025-04-12 13:12:00+00:00,"357 Wintheiser Island, Lake Jeffstad, AL 43786-2998",74.75,2025,4,12
73928,53713,21525,1,49.0,2024-09-15 08:44:46.517000+00:00,Unknown,49.0,2024,9,15
82409,53334,21657,1,16.5,2025-07-13 00:09:48+00:00,Unknown,16.5,2025,7,13
80522,55085,21321,4,88.8,2024-04-06 03:52:22+00:00,Unknown,355.2,2024,4,6
77561,53782,21052,1,88.8,2024-10-01 00:43:00+00:00,Unknown,88.8,2024,10,1
79492,55819,21636,1,53.75,2024-10-15 02:43:01.079000+00:00,Unknown,53.75,2024,10,15
75660,54135,21543,1,34.8,2025-04-27 09:38:25+00:00,Unknown,34.8,2025,4,27
78319,53086,21349,1,61.5,2024-08-22 12:25:22+00:00,Unknown,61.5,2024,8,22
82464,54485,21594,1,59.75,2025-02-02 16:40:28+00:00,"9940 Norbert Flat, Port Jimmiefort, WV 00220-4552",59.75,2025,2,2
75754,53211,21369,1,73.2,2024-08-21 08:38:51+00:00,"2457 Michelina Fords, Theahaven, ND 24426-1878",73.2,2024,8,21
81317,53445,21197,1,70.5,2025-04-13 15:30:05+00:00,"8032 Nienow Port, Anibalberg, AZ 18004-7408",70.5,2025,4,13
75280,54270,21496,1,30.75,2024-12-07 08:37:00+00:00,"Apt. 872 285 Skye Tunnel, Lake Garlandton, WV 37697",30.75,2024,12,7
79222,55077,21580,1,61.0,2024-09-07 03:12:53+00:00,"Suite 318 51519 Winfred Skyway, Milanburgh, CO 73834-6173",61.0,2024,9,7
81300,53987,21505,1,32.1,2025-01-10 09:16:31+00:00,"Apt. 813 8872 Harber Islands, Streichfort, NY 99247",32.1,2025,1,10
79874,53870,21505,1,29.75,2024-02-12 22:14:14+00:00,Unknown,29.75,2024,2,12
74567,54000,21243,3,69.5,2025-01-08 02:23:56+00:00,Unknown,208.5,2025,1,8
73438,53770,21410,2,32.4,2025-04-09 08:43:46+00:00,Unknown,64.8,2025,4,9
77342,55615,21419,1,69.99,2024-05-27 22:34:00+00:00,Unknown,69.99,2024,5,27
74427,54531,21286,1,33.5,2024-09-23 13:29:00+00:00,Unknown,33.5,2024,9,23
81334,53646,21223,1,70.0,2024-07-12 17:29:00+00:00,Unknown,70.0,2024,7,12
76905,54942,21458,1,53.1,2024-11-23 10:41:00+00:00,Unknown,53.1,2024,11,23
73419,53781,21437,2,80.1,2024-05-18 00:42:00+00:00,Unknown,160.2,2024,5,18
78172,54259,21176,1,23.75,2024-10-13 15:04:00+00:00,"Apt. 948 8750 Monahan Street, North Meri, NJ 34137",23.75,2024,10,13
74177,55044,21649,1,21.99,2025-02-03 09:11:00+00:00,Unknown,21.99,2025,2,3
78975,53479,21428,1,25.75,2024-11-11 19:08:19+00:00,Unknown,25.75,2024,11,11
79735,53581,21025,1,64.5,2025-02-07 05:33:42+00:00,Unknown,64.5,2025,2,7
75720,55306,21403,1,24.0,2024-07-27 19:16:26+00:00,Unknown,24.0,2024,7,27
79364,55689,21072,1,70.0,2024-09-28 19:40:09.155000+00:00,Unknown,70.0,2024,9,28
77980,53295,21282,2,60.5,2024-11-15 04:08:56+00:00,Unknown,121.0,2024,11,15
75839,53025,21635,2,24.25,2024-10-04 20:43:41.256000+00:00,Unknown,48.5,2024,10,4
75429,55311,21531,5,57.0,2024-04-20 21:41:17+00:00,Unknown,285.0,2024,4,20
78017,53290,21264,2,43.0,2024-09-16 04:24:00+00:00,Unknown,86.0,2024,9,16
78734,53843,20960,1,26.0,2025-07-21 17:05:23+00:00,Unknown,26.0,2025,7,21
78674,55295,21284,1,19.0,2025-01-03 06:09:00+00:00,Unknown,19.0,2025,1,3
76107,53037,21573,5,27.0,2025-01-26 14:50:02+00:00,"Apt. 344 8039 Batz Drives, Jacquelynntown, NJ 54337",135.0,2025,1,26
74685,53894,20984,4,31.25,2024-07-31 16:45:22+00:00,Unknown,125.0,2024,7,31
76881,53148,20983,5,17.0,2025-04-23 13:53:00+00:00,Unknown,85.0,2025,4,23
76823,55310,21053,1,52.0,2024-10-05 11:44:18+00:00,Unknown,52.0,2024,10,5
78156,55233,21558,3,27.0,2025-01-24 07:44:07+00:00,Unknown,81.0,2025,1,24
76667,53837,21022,1,73.2,2024-10-08 01:55:55+00:00,"8360 Benton Parkways, South Marlinbury, VT 71725",73.2,2024,10,8
74344,53901,21262,1,35.25,2024-09-05 10:44:25+00:00,"337 Wilfred Burgs, Port Anitra, NY 95796-8869",35.25,2024,9,5
77835,55809,21155,1,65.5,2024-09-13 02:21:59+00:00,Unknown,65.5,2024,9,13
75613,54767,20930,1,32.75,2025-03-14 10:24:00+00:00,Unknown,32.75,2025,3,14
80501,54314,21380,1,40.2,2025-02-14 09:03:34+00:00,Unknown,40.2,2025,2,14
76286,55327,20949,1,47.99,2024-12-02 15:40:00+00:00,Unknown,47.99,2024,12,2
81305,54013,21195,1,46.2,2024-10-22 02:40:47+00:00,"644 Hugh Mills, Mayaside, WV 71225-1346",46.2,2024,10,22
81784,53806,21127,1,56.5,2025-03-30 15:03:04+00:00,Unknown,56.5,2025,3,30
75028,53862,21459,1,27.3,2025-06-13 12:24:04+00:00,Unknown,27.3,2025,6,13
74229,54787,20965,1,70.2,2025-02-27 10:56:09+00:00,Unknown,70.2,2025,2,27
81916,53921,20919,1,74.5,2024-12-03 07:56:48+00:00,Unknown,74.5,2024,12,3
74749,53853,21177,1,20.75,2024-10-08 04:59:28+00:00,"Suite 201 56092 Jast Islands, North Corey, MO 79516-1642",20.75,2024,10,8
81792,54140,20946,1,27.0,2025-02-24 23:27:09+00:00,Unknown,27.0,2025,2,24
77982,53228,21471,5,19.99,2024-05-28 10:52:00+00:00,Unknown,99.95,2024,5,28
78962,54920,21439,2,41.99,2024-03-13 17:40:46+00:00,"Apt. 217 138 Leo Street, West Harold, GA 36989",83.98,2024,3,13
82873,54435,21155,1,69.0,2024-12-14 17:55:00+00:00,"7786 O'Hara Hills, Starkside, WA 70892",69.0,2024,12,14
81864,53250,20923,3,32.5,2024-08-10 23:11:36+00:00,Unknown,97.5,2024,8,10
80081,54928,21377,1,58.8,2025-01-09 18:51:52+00:00,Unknown,58.8,2025,1,9
77489,53532,21356,4,17.0,2025-03-15 11:44:00+00:00,Unknown,68.0,2025,3,15
76031,54355,21225,1,54.0,2025-05-06 08:37:00+00:00,"Apt. 195 21113 Clyde Heights, Lake Loriahaven, MD 22076",54.0,2025,5,6
73799,55720,21043,1,24.6,2024-12-04 10:50:00+00:00,Unknown,24.6,2024,12,4
74585,54057,21331,1,72.9,2025-04-06 05:24:17+00:00,"794 Veum Mews, Boganside, NH 20021",72.9,2025,4,6
75562,54779,20960,1,24.25,2025-04-19 04:52:00+00:00,Unknown,24.25,2025,4,19
81750,55430,21473,1,69.9,2024-09-16 16:07:05+00:00,"Apt. 591 77416 Brakus Grove, Denicechester, KS 91092-7489",69.9,2024,9,16
82081,54325,20949,2,47.5,2025-01-01 06:12:00+00:00,Unknown,95.0,2025,1,1
82321,55791,21088,1,69.59,2024-07-05 23:03:20+00:00,Unknown,69.59,2024,7,5
77726,54124,21300,1,56.0,2024-09-15 12:53:45+00:00,Unknown,56.0,2024,9,15
80569,54086,21607,2,68.25,2024-09-02 07:08:00+00:00,"317 Shamika Tunnel, South Otha, NY 71529",136.5,2024,9,2
77369,54159,21337,2,81.9,2024-05-29 03:47:00+00:00,Unknown,163.8,2024,5,29
78559,55614,21557,1,65.0,2025-01-04 12:23:49+00:00,Unknown,65.0,2025,1,4
75460,53398,21181,2,49.0,2024-02-21 02:05:00+00:00,Unknown,98.0,2024,2,21
77512,54545,21542,1,46.0,2025-01-17 03:44:55+00:00,Unknown,46.0,2025,1,17
78381,55711,21099,2,35.7,2025-01-09 12:47:57+00:00,Unknown,71.4,2025,1,9
82924,54953,21314,1,19.8,2024-11-08 18:37:00+00:00,Unknown,19.8,2024,11,8
80038,55567,21126,1,64.0,2025-03-24 13:33:11+00:00,Unknown,64.0,2025,3,24
75229,53142,21598,1,46.8,2024-12-17 04:01:50+00:00,Unknown,46.8,2024,12,17
76976,55103,21116,1,39.9,2024-12-03 17:28:00+00:00,"2366 Hills Branch, North Barrieberg, VT 66095-9712",39.9,2024,12,3
81870,54049,21157,1,39.0,2025-04-25 01:49:45+00:00,Unknown,39.0,2025,4,25
78130,54247,21472,2,63.5,2024-10-01 04:45:00+00:00,Unknown,127.0,2024,10,1
75139,54145,21482,1,45.0,2025-06-29 22:03:00+00:00,Unknown,45.0,2025,6,29
81642,54133,21332,1,44.99,2024-07-17 21:35:00+00:00,Unknown,44.99,2024,7,17
73966,53940,21459,1,27.3,2025-01-26 13:53:24+00:00,Unknown,27.3,2025,1,26
82405,54658,21018,2,41.5,2024-07-25 20:49:58+00:00,Unknown,83.0,2024,7,25
79775,55223,21137,1,43.5,2024-11-05 00:34:44+00:00,Unknown,43.5,2024,11,5
82841,54650,21628,1,35.7,2024-09-24 20:10:00+00:00,Unknown,35.7,2024,9,24
78661,54523,21392,1,75.0,2025-02-04 16:51:12+00:00,Unknown,75.0,2025,2,4
76993,55513,21598,1,47.4,2025-05-23 12:32:11+00:00,Unknown,47.4,2025,5,23
75893,54168,21525,1,46.5,2024-09-28 09:17:36+00:00,Unknown,46.5,2024,9,28
78532,53644,21029,2,47.0,2025-02-17 00:33:50+00:00,Unknown,94.0,2025,2,17
77779,54465,21277,2,72.6,2024-10-21 23:25:00+00:00,Unknown,145.2,2024,10,21
78288,55680,21656,1,75.75,2025-01-15 20:18:00+00:00,Unknown,75.75,2025,1,15
81755,54284,21599,1,17.5,2025-04-19 06:51:22+00:00,"924 Scotty Mills, Lehnerland, AZ 95677-4845",17.5,2025,4,19
75321,53267,21102,1,52.0,2024-07-24 06:02:48+00:00,"Suite 990 83182 Elene Trail, East Kerry, SC 67579",52.0,2024,7,24
74317,53850,21441,1,15.25,2024-11-01 20:18:02+00:00,"Apt. 179 48941 Kenton Overpass, Carrollhaven, PA 84786-7217",15.25,2024,11,1
75031,54740,21110,1,37.99,2024-07-29 22:50:00+00:00,"Apt. 741 453 Shields Mountains, Hellerstad, MD 91072",37.99,2024,7,29
73995,54493,21339,1,86.4,2024-10-05 12:43:18+00:00,Unknown,86.4,2024,10,5
79124,55121,21013,1,48.6,2024-11-24 04:53:00+00:00,Unknown,48.6,2024,11,24
77192,54907,21047,2,55.99,2024-09-07 20:34:00+00:00,Unknown,111.98,2024,9,7
82071,54887,21151,1,38.0,2025-05-07 06:42:54+00:00,Unknown,38.0,2025,5,7
83152,53025,21346,3,50.0,2025-02-22 05:02:02+00:00,Unknown,150.0,2025,2,22
78959,54072,21336,1,64.99,2024-10-20 00:42:00+00:00,Unknown,64.99,2024,10,20
73372,53714,20983,5,15.0,2025-01-30 15:44:30+00:00,Unknown,75.0,2025,1,30
78768,55351,21057,1,36.0,2024-08-16 11:17:15+00:00,Unknown,36.0,2024,8,16
74573,53447,20977,1,22.5,2025-01-21 02:53:25+00:00,Unknown,22.5,2025,1,21
77033,55768,21008,1,18.0,2024-12-03 12:35:00+00:00,Unknown,18.0,2024,12,3
73686,55487,21476,1,76.5,2024-12-24 18:27:00+00:00,Unknown,76.5,2024,12,24
75305,53565,21429,3,40.5,2024-06-16 15:05:45+00:00,Unknown,121.5,2024,6,16
80845,54762,21175,2,25.75,2024-09-25 22:32:00+00:00,"Suite 943 80911 Kozey Lights, West Brandy, ND 75238-4847",51.5,2024,9,25
77350,54396,20959,1,44.5,2025-04-02 08:03:50+00:00,Unknown,44.5,2025,4,2
79110,53312,21473,1,72.0,2024-02-11 17:13:00+00:00,Unknown,72.0,2024,2,11
78281,55263,21366,1,62.4,2025-03-31 06:33:31.276000+00:00,"596 Bergstrom Trace, Dwainside, IL 90551",62.4,2025,3,31
79865,53855,21236,1,87.59,2024-10-26 05:45:00+00:00,Unknown,87.59,2024,10,26
81876,53083,21509,1,19.8,2025-01-02 19:58:00+00:00,"8343 Ellan Island, Hassanton, ID 38924",19.8,2025,1,2
81041,54086,21123,1,78.6,2024-10-20 22:57:43+00:00,Unknown,78.6,2024,10,20
78826,53028,21575,2,60.0,2024-10-26 11:31:00+00:00,Unknown,120.0,2024,10,26
78256,54282,21033,1,67.99,2025-03-02 19:36:34+00:00,Unknown,67.99,2025,3,2
80739,55118,21263,1,59.5,2025-03-12 03:18:02+00:00,"Apt. 599 25534 Karen Ports, West Rigobertomouth, MO 92040",59.5,2025,3,12
82079,55048,21245,1,46.0,2024-10-20 00:33:00+00:00,Unknown,46.0,2024,10,20
79632,54802,20943,2,73.25,2024-07-11 08:56:00+00:00,Unknown,146.5,2024,7,11
82649,55294,21096,1,87.6,2025-03-08 22:14:35+00:00,"84009 Irving Mountains, Lake Rufusfurt, WY 85279",87.6,2025,3,8
83027,55191,21356,1,15.6,2024-11-17 07:02:51+00:00,Unknown,15.6,2024,11,17
76151,55357,21243,1,66.25,2024-12-26 15:50:13+00:00,Unknown,66.25,2024,12,26
73844,53534,21089,1,49.25,2024-04-27 23:36:42+00:00,"32038 Kling Wells, North Winfredfurt, ND 36112-4705",49.25,2024,4,27
80153,53282,21630,1,64.5,2025-01-21 13:24:00+00:00,Unknown,64.5,2025,1,21
82760,54045,21041,2,71.0,2025-03-10 23:10:38+00:00,"Apt. 226 135 Considine Forges, Hyattberg, WV 77481-7209",142.0,2025,3,10
74129,55042,21191,1,51.59,2025-03-25 19:53:00+00:00,Unknown,51.59,2025,3,25
74240,55546,21648,1,29.5,2024-06-06 13:34:40+00:00,Unknown,29.5,2024,6,6
80075,55822,21471,1,19.0,2025-02-04 17:52:00+00:00,Unknown,19.0,2025,2,4
80245,54218,21443,1,36.25,2024-10-05 20:43:36+00:00,Unknown,36.25,2024,10,5
76221,53248,21528,1,72.0,2024-11-14 01:11:01+00:00,Unknown,72.0,2024,11,14
75756,53142,21352,5,34.25,2025-04-20 05:49:06+00:00,"25445 Austin Estates, South Basil, DE 20328",171.25,2025,4,20
80556,54088,21583,1,17.75,2024-07-07 15:12:19+00:00,Unknown,17.75,2024,7,7
80685,54382,21639,1,16.5,2025-02-12 04:39:15+00:00,Unknown,16.5,2025,2,12
80929,53639,21233,2,52.8,2025-03-04 16:48:37+00:00,"65561 Terrie Parkway, East Veraborough, CO 04838",105.6,2025,3,4
74865,54307,21313,3,35.0,2025-03-13 13:42:33+00:00,Unknown,105.0,2025,3,13
76781,55066,21492,1,26.99,2025-02-11 01:53:20+00:00,Unknown,26.99,2025,2,11
80937,54443,21139,2,53.5,2025-01-17 17:05:20.657000+00:00,Unknown,107.0,2025,1,17
76518,54418,21154,1,68.5,2025-03-30 10:40:40+00:00,Unknown,68.5,2025,3,30
77243,54194,21293,1,69.0,2025-06-09 21:09:25+00:00,Unknown,69.0,2025,6,9
78126,54964,21389,1,32.5,2024-08-21 12:29:27+00:00,Unknown,32.5,2024,8,21
83014,55146,21356,1,21.9,2024-08-21 17:13:42+00:00,Unknown,21.9,2024,8,21
75209,54056,21579,3,66.3,2025-02-24 02:31:00+00:00,Unknown,198.9,2025,2,24
78427,55410,21470,2,69.0,2024-07-18 23:16:16+00:00,"221 Iesha Lodge, West Lula, OK 94752-5296",138.0,2024,7,18
82390,53370,21558,2,26.75,2025-07-10 18:08:51.142000+00:00,Unknown,53.5,2025,7,10
73812,54541,21308,1,59.5,2024-10-06 17:21:05+00:00,Unknown,59.5,2024,10,6
77327,53288,21326,1,72.75,2025-05-14 06:47:21+00:00,Unknown,72.75,2025,5,14
74239,55080,21242,1,57.99,2025-01-08 08:19:00+00:00,Unknown,57.99,2025,1,8
78789,55776,21356,1,21.6,2024-10-31 07:30:00+00:00,Unknown,21.6,2024,10,31
78408,55175,21081,2,74.0,2024-04-24 02:51:18+00:00,Unknown,148.0,2024,4,24
80412,55098,21566,3,48.0,2024-09-21 23:39:16+00:00,Unknown,144.0,2024,9,21
74530,55172,21585,1,49.5,2025-02-17 07:57:14+00:00,Unknown,49.5,2025,2,17
79293,55048,21492,1,23.0,2024-11-01 21:52:00+00:00,"Apt. 393 7866 Gutmann Creek, New Rhea, AZ 48159",23.0,2024,11,1
77798,55247,21192,2,71.99,2025-02-27 17:42:22+00:00,Unknown,143.98,2025,2,27
79268,54046,21582,1,68.39,2024-06-16 23:26:32+00:00,Unknown,68.39,2024,6,16
73852,54696,21117,1,45.0,2025-05-27 03:35:19.075000+00:00,Unknown,45.0,2025,5,27
75750,55712,21271,1,27.25,2024-07-24 13:12:06+00:00,Unknown,27.25,2024,7,24
82559,53479,21548,2,64.25,2024-08-12 15:36:30+00:00,Unknown,128.5,2024,8,12
78775,53292,21363,1,30.5,2025-01-18 08:27:25+00:00,Unknown,30.5,2025,1,18
81325,54897,21133,3,69.0,2025-05-26 00:30:43+00:00,Unknown,207.0,2025,5,26
77877,55638,21305,1,53.7,2024-11-16 12:54:53+00:00,"15998 Crona Manor, Grahamfurt, AL 66190",53.7,2024,11,16
76401,54971,21045,1,25.5,2025-02-01 18:06:07+00:00,"8216 Savanna Manor, Wisozkfort, NE 60556",25.5,2025,2,1
77508,55255,21279,1,46.5,2024-07-22 23:47:17+00:00,Unknown,46.5,2024,7,22
81999,55100,21125,1,15.0,2024-06-07 11:35:13+00:00,"Apt. 406 45068 Valeria Parks, Lakinland, MN 96142-1205",15.0,2024,6,7
74067,53731,21593,2,57.5,2024-11-02 12:28:23+00:00,Unknown,115.0,2024,11,2
81972,54738,21610,5,55.19,2025-05-06 23:22:18+00:00,Unknown,275.95,2025,5,6
81206,53156,21363,1,28.0,2025-02-19 21:55:49+00:00,Unknown,28.0,2025,2,19
73516,54363,21441,1,19.0,2025-06-26 03:37:38+00:00,Unknown,19.0,2025,6,26
77590,54912,21502,2,32.0,2024-09-23 11:59:31+00:00,Unknown,64.0,2024,9,23
74793,53269,21421,1,55.5,2024-06-28 12:39:00+00:00,Unknown,55.5,2024,6,28
74449,54223,20998,1,46.0,2024-03-17 22:11:46+00:00,"84373 Stark Course, West Angle, OK 43852-1048",46.0,2024,3,17
82999,53610,21233,2,49.19,2024-12-28 11:58:36+00:00,Unknown,98.38,2024,12,28
78861,54322,21364,1,66.0,2025-02-04 23:59:38+00:00,Unknown,66.0,2025,2,4
77202,53973,21331,2,62.75,2024-08-03 13:29:00+00:00,"Apt. 300 19581 Orville Forge, Parkerfort, WV 00515-1341",125.5,2024,8,3
81707,53780,21393,1,39.75,2024-08-21 15:30:15+00:00,Unknown,39.75,2024,8,21
77231,55436,21425,1,53.4,2024-10-21 05:48:45+00:00,"Suite 224 84167 Kulas Mills, Kennyland, MN 67963",53.4,2024,10,21
79592,53460,21026,2,20.0,2025-01-09 19:40:22+00:00,Unknown,40.0,2025,1,9
79687,54269,21481,3,22.0,2024-07-26 03:10:00+00:00,"197 Chi Center, Groverhaven, ME 93867-0353",66.0,2024,7,26
75503,55738,21219,2,59.99,2024-09-05 01:07:58+00:00,Unknown,119.98,2024,9,5
75777,54857,21409,1,73.0,2025-01-14 19:03:00+00:00,"27067 Ellis Mountains, New Arthurborough, KY 66430-9560",73.0,2025,1,14
74557,54235,21435,3,68.7,2024-10-28 09:43:00+00:00,Unknown,206.1,2024,10,28
82781,54508,21593,5,59.0,2024-09-03 14:11:39.124000+00:00,Unknown,295.0,2024,9,3
73736,55322,21503,1,68.0,2025-04-12 16:17:37+00:00,Unknown,68.0,2025,4,12
82370,53655,21383,2,48.0,2024-09-16 08:25:35+00:00,Unknown,96.0,2024,9,16
78001,55379,21021,1,46.99,2024-12-02 16:30:00+00:00,Unknown,46.99,2024,12,2
80199,54821,21056,1,42.0,2024-05-12 09:23:18+00:00,Unknown,42.0,2024,5,12
79606,55415,21386,1,43.5,2024-12-21 17:45:50+00:00,Unknown,43.5,2024,12,21
81313,54047,21003,1,36.5,2024-11-30 14:06:37+00:00,"6834 Nikolaus Landing, Natalyaport, NM 05463-1339",36.5,2024,11,30
76117,55042,21354,1,17.75,2024-11-14 11:22:20+00:00,"Suite 932 37015 Cormier Knolls, North Arnettachester, ME 62955-1053",17.75,2024,11,14
81660,54142,21594,1,70.8,2025-01-24 22:21:28+00:00,Unknown,70.8,2025,1,24
82799,53641,21243,1,67.99,2024-07-18 10:30:54+00:00,"Apt. 462 16017 Bernard Villages, Linoton, KS 42421-7376",67.99,2024,7,18
75496,55141,21613,1,27.6,2025-03-25 05:09:24.095000+00:00,Unknown,27.6,2025,3,25
82564,54560,21518,2,55.99,2024-10-24 21:41:55+00:00,Unknown,111.98,2024,10,24
78254,55284,21612,1,63.0,2025-01-19 08:47:49+00:00,Unknown,63.0,2025,1,19
75723,55055,21269,1,32.99,2025-06-15 23:54:00+00:00,"9211 Douglas Street, Strackebury, IL 21201-6503",32.99,2025,6,15
82356,53496,21395,1,44.0,2025-03-26 06:36:00+00:00,Unknown,44.0,2025,3,26
78898,53206,20949,1,57.3,2024-12-21 03:34:14+00:00,"Apt. 463 952 Lockman Lights, South Jayne, MI 15569",57.3,2024,12,21
76868,53772,21172,4,15.5,2025-01-01 17:54:05+00:00,Unknown,62.0,2025,1,1
78719,54223,21551,1,42.0,2024-10-19 20:13:14+00:00,Unknown,42.0,2024,10,19
81156,55354,21319,2,54.0,2024-10-18 17:04:05+00:00,Unknown,108.0,2024,10,18
76072,54794,21277,1,59.5,2025-03-31 07:53:00+00:00,"Suite 475 898 Hettinger View, Ziemeside, LA 03443",59.5,2025,3,31
81246,53943,21154,1,68.0,2025-01-20 08:22:00+00:00,"22571 Shena Oval, West Mellissastad, MN 91780",68.0,2025,1,20
80062,55230,20928,1,23.25,2024-08-09 09:33:00+00:00,Unknown,23.25,2024,8,9
75015,55082,21628,1,26.25,2025-02-14 09:49:10+00:00,Unknown,26.25,2025,2,14
76128,53095,20923,4,38.4,2025-05-04 01:13:16+00:00,"10104 Mueller Garden, Jerehaven, GA 06024-4527",153.6,2025,5,4
81222,53475,20981,1,19.99,2024-09-12 13:40:23+00:00,Unknown,19.99,2024,9,12
75502,53554,21653,1,47.1,2025-04-19 08:18:32+00:00,Unknown,47.1,2025,4,19
81080,53065,21425,1,40.5,2025-02-27 05:26:28+00:00,Unknown,40.5,2025,2,27
78003,55059,21274,3,41.7,2025-01-11 18:33:13+00:00,Unknown,125.1,2025,1,11
78236,54788,21380,1,37.0,2024-09-25 02:57:24.608000+00:00,Unknown,37.0,2024,9,25
83137,55453,21326,1,73.0,2024-12-23 06:32:56+00:00,"202 Adena Field, Port Manualport, NV 18516-8708",73.0,2024,12,23
80800,55596,21648,1,36.9,2024-11-20 05:49:32+00:00,Unknown,36.9,2024,11,20
77120,53230,21632,1,21.0,2024-12-25 07:25:05+00:00,Unknown,21.0,2024,12,25
76127,55078,21035,1,43.25,2024-06-27 06:35:00+00:00,Unknown,43.25,2024,6,27
81090,53740,21332,1,44.0,2024-09-23 07:04:00+00:00,Unknown,44.0,2024,9,23
78199,54942,21107,1,81.0,2024-07-18 08:28:26+00:00,"8037 Shields Way, Estebanstad, WY 56038",81.0,2024,7,18
76116,53555,21080,1,27.25,2024-10-22 06:16:00+00:00,Unknown,27.25,2024,10,22
77155,54315,21002,1,40.0,2024-10-19 10:58:15+00:00,Unknown,40.0,2024,10,19
73463,53973,21446,1,31.0,2025-07-05 01:52:26+00:00,Unknown,31.0,2025,7,5
83122,54745,21365,3,66.9,2024-07-30 11:05:42+00:00,"Suite 369 531 Joesph Ports, East Casey, WI 94704-2283",200.7,2024,7,30
73980,54772,21420,1,68.99,2024-11-13 07:22:22+00:00,"25384 Senger Ports, North Bill, TX 87946-7820",68.99,2024,11,13
76040,55640,21323,1,30.0,2024-12-15 04:32:15+00:00,Unknown,30.0,2024,12,15
78439,54449,21148,1,70.8,2024-07-23 07:05:00+00:00,Unknown,70.8,2024,7,23
74061,54889,20925,1,43.5,2024-05-08 09:32:00+00:00,"Suite 824 104 Jaime Village, Marlonland, NH 68094",43.5,2024,5,8
83092,53879,20931,2,54.75,2024-11-20 14:48:28.313000+00:00,Unknown,109.5,2024,11,20
79725,55703,21595,3,49.0,2025-02-12 18:37:37+00:00,Unknown,147.0,2025,2,12
80224,53533,21586,1,23.4,2025-03-30 15:49:02+00:00,Unknown,23.4,2025,3,30
75086,53307,21314,1,14.5,2024-11-14 03:17:29+00:00,"16795 Kiehn Shore, Rickieton, VA 19786-0527",14.5,2024,11,14
80029,53818,21245,1,48.0,2024-08-19 13:41:35+00:00,Unknown,48.0,2024,8,19
76602,54800,21599,1,18.0,2025-05-26 01:51:03+00:00,Unknown,18.0,2025,5,26
76137,55657,21240,1,18.0,2024-01-27 08:32:41+00:00,Unknown,18.0,2024,1,27
77912,53742,21608,1,60.0,2024-10-10 11:53:11+00:00,Unknown,60.0,2024,10,10
76195,54324,21149,1,15.0,2024-05-10 10:29:29+00:00,Unknown,15.0,2024,5,10
78759,53084,21293,2,57.25,2025-08-11 13:24:06+00:00,Unknown,114.5,2025,8,11
82986,53634,21091,1,32.1,2025-03-16 02:32:00+00:00,Unknown,32.1,2025,3,16
75817,54119,21440,1,36.75,2025-01-21 11:56:30+00:00,Unknown,36.75,2025,1,21
76666,53817,21571,1,16.0,2024-10-19 12:40:54+00:00,Unknown,16.0,2024,10,19
74772,55632,21390,2,47.0,2024-10-29 21:04:08+00:00,Unknown,94.0,2024,10,29
77628,55040,21108,1,29.1,2024-12-01 06:05:00+00:00,"76366 Margarito Squares, Port Rollandborough, AL 53023",29.1,2024,12,1
74134,53882,21211,1,43.0,2024-06-26 03:00:04.835000+00:00,"91843 Simone Passage, Lashandachester, NM 85233-0871",43.0,2024,6,26
73435,55499,21189,4,32.4,2024-11-26 23:03:08+00:00,"138 Gordon Islands, Mendyside, KY 57682-2228",129.6,2024,11,26
78382,54116,21517,1,80.4,2025-06-10 21:18:53+00:00,"Suite 149 8408 Rath Port, West Drusilla, NM 08493-1575",80.4,2025,6,10
77096,53305,21045,1,26.39,2024-09-12 10:25:25+00:00,Unknown,26.39,2024,9,12
82228,55185,21162,3,53.75,2025-02-10 21:18:55+00:00,Unknown,161.25,2025,2,10
73376,54355,21219,1,67.8,2025-01-23 04:48:35+00:00,"Apt. 195 21113 Clyde Heights, Lake Loriahaven, MD 22076",67.8,2025,1,23
76572,53373,21190,3,42.6,2024-06-21 22:31:42+00:00,"3065 Ritchie Camp, Cecilview, MT 13548",127.8,2024,6,21
77677,55056,21423,1,72.0,2025-02-28 23:46:58+00:00,"2173 Stiedemann Greens, Dickiton, VT 11674-3839",72.0,2025,2,28
78574,53688,21617,2,20.5,2025-05-09 00:48:47+00:00,Unknown,41.0,2025,5,9
81764,54717,21301,2,70.5,2024-08-30 00:21:00+00:00,"Suite 975 270 Fabian Summit, Gregoryville, IA 24086-7553",141.0,2024,8,30
82430,54075,21409,4,68.75,2024-06-10 03:00:51+00:00,Unknown,275.0,2024,6,10
77782,53109,21042,1,17.0,2024-11-09 07:32:54+00:00,"Apt. 756 352 Kub Locks, North Daniabury, OH 40616",17.0,2024,11,9
76636,53270,21450,1,52.5,2024-08-20 07:08:30+00:00,Unknown,52.5,2024,8,20
74350,53023,21196,4,43.5,2025-02-09 09:20:59+00:00,"Suite 533 1705 Wisoky Gateway, West Zada, PA 85781",174.0,2025,2,9
78631,53489,21654,2,15.0,2024-07-07 08:34:00+00:00,Unknown,30.0,2024,7,7
74873,54557,21442,1,80.7,2024-12-31 20:42:00+00:00,Unknown,80.7,2024,12,31
80858,55575,21014,1,72.99,2024-04-06 20:59:14+00:00,Unknown,72.99,2024,4,6
76320,55168,21255,2,37.5,2024-12-25 04:00:00+00:00,Unknown,75.0,2024,12,25
74705,53241,21078,1,70.99,2025-03-25 02:08:47+00:00,"Apt. 463 952 Lockman Lights, South Jayne, MI 15569",70.99,2025,3,25
80248,53207,21023,2,14.99,2024-10-14 09:40:07+00:00,"Suite 242 7656 Schoen Fork, Corkerymouth, CA 75388-0245",29.98,2024,10,14
79047,55448,21382,1,71.75,2024-07-10 23:09:23+00:00,Unknown,71.75,2024,7,10
81412,54992,21365,1,52.0,2024-11-05 16:43:43+00:00,Unknown,52.0,2024,11,5
74365,55024,21183,1,50.0,2025-03-15 09:11:00+00:00,"Apt. 591 76097 Charise Rapid, Lake Tad, NH 94791-5789",50.0,2025,3,15
74906,53485,21282,1,70.8,2024-09-12 15:19:00+00:00,Unknown,70.8,2024,9,12
80192,54924,21066,1,38.4,2024-10-04 13:57:06+00:00,Unknown,38.4,2024,10,4
76885,54049,21135,1,76.5,2024-08-13 12:39:00+00:00,Unknown,76.5,2024,8,13
79860,55350,21175,1,25.5,2024-08-20 19:56:00+00:00,Unknown,25.5,2024,8,20
78047,55276,21322,5,31.2,2024-07-21 08:37:15+00:00,Unknown,156.0,2024,7,21
77388,55761,21262,1,36.99,2024-12-20 06:15:11+00:00,Unknown,36.99,2024,12,20
81530,54328,21601,1,28.5,2025-02-01 06:25:20+00:00,Unknown,28.5,2025,2,1
75367,54717,20964,4,72.5,2025-06-05 17:05:45+00:00,Unknown,290.0,2025,6,5
74520,54176,21051,1,73.25,2025-03-05 10:55:00+00:00,Unknown,73.25,2025,3,5
78301,54958,21128,2,79.2,2024-03-16 05:21:20+00:00,"681 Mitchell Road, Port Laronda, AK 62957",158.4,2024,3,16
79626,55700,21346,1,47.75,2024-07-18 15:22:43.325000+00:00,Unknown,47.75,2024,7,18
80321,53516,21196,3,42.0,2024-11-09 21:57:44.790000+00:00,Unknown,126.0,2024,11,9
75082,53822,21647,1,81.6,2024-09-29 18:36:29+00:00,Unknown,81.6,2024,9,29
79537,53045,21605,3,26.99,2024-07-07 17:21:09+00:00,Unknown,80.97,2024,7,7
83145,55379,21624,2,77.4,2024-09-26 23:14:01+00:00,"11840 Sherman Knoll, North Edmundobury, NY 46554-0570",154.8,2024,9,26
80722,53131,21568,1,73.75,2025-07-06 22:44:12+00:00,"Suite 291 5379 Rory Orchard, Port Sebastian, KS 40530-1828",73.75,2025,7,6
78468,53222,21063,1,63.0,2025-01-03 17:14:45+00:00,Unknown,63.0,2025,1,3
74471,54253,20963,1,60.5,2024-09-19 07:12:00+00:00,"Apt. 456 7787 Jarred Skyway, North Alyse, ME 47960-0740",60.5,2024,9,19
77347,54198,20991,1,50.4,2025-10-06 19:18:16.507000+00:00,Unknown,50.4,2025,10,6
82145,54660,21507,1,49.99,2024-12-23 05:52:42+00:00,"893 Nick Forge, Wilkinsonmouth, NY 74911",49.99,2024,12,23
77783,55458,21197,1,67.99,2024-09-18 10:38:42+00:00,Unknown,67.99,2024,9,18
80401,53789,21269,1,33.25,2024-11-13 23:52:52+00:00,Unknown,33.25,2024,11,13
78092,53056,21631,1,18.5,2024-11-14 19:53:53+00:00,Unknown,18.5,2024,11,14
76571,55251,21516,4,38.4,2025-02-01 20:10:10.181000+00:00,"959 Kiehn Lane, West Cleotilde, CA 51390",153.6,2025,2,1
77050,55177,21133,1,66.5,2024-05-27 13:59:14+00:00,Unknown,66.5,2024,5,27
80323,54717,21269,1,34.0,2024-09-24 21:08:18+00:00,Unknown,34.0,2024,9,24
82425,54173,21213,1,21.99,2025-03-29 17:46:11+00:00,Unknown,21.99,2025,3,29
78000,53745,21190,1,41.1,2024-07-22 07:39:01+00:00,"Suite 767 55542 Paucek Knoll, Kautzermouth, WV 23094-0989",41.1,2024,7,22
82488,54519,21363,1,33.6,2025-01-22 00:28:23.437000+00:00,Unknown,33.6,2025,1,22
79543,53950,21616,5,65.0,2024-10-06 16:17:44+00:00,Unknown,325.0,2024,10,6
76829,55422,21082,1,20.75,2024-12-24 13:53:40+00:00,Unknown,20.75,2024,12,24
76284,55289,21623,1,44.0,2025-04-15 05:20:00+00:00,"Apt. 782 286 Zieme Mountain, Deangelohaven, NM 47413-7785",44.0,2025,4,15
77586,53603,21204,3,15.75,2024-04-20 08:55:03+00:00,"Suite 856 747 Siu Highway, Lehnerside, UT 58668",47.25,2024,4,20
73591,55509,21320,1,34.5,2025-02-15 11:22:00+00:00,Unknown,34.5,2025,2,15
74439,54526,21495,5,26.4,2024-08-18 13:36:00+00:00,Unknown,132.0,2024,8,18
80204,55593,21209,1,46.99,2024-05-03 14:50:00+00:00,Unknown,46.99,2024,5,3
81268,55157,21561,2,37.19,2024-06-06 09:25:00+00:00,Unknown,74.38,2024,6,6
80786,53048,20988,1,63.0,2024-11-24 01:19:50+00:00,Unknown,63.0,2024,11,24
79175,53068,21242,1,57.0,2024-11-06 00:55:15+00:00,"Suite 264 20676 Dale Track, West Madelene, LA 03705",57.0,2024,11,6
81834,53251,21157,1,33.99,2024-11-17 19:47:35+00:00,Unknown,33.99,2024,11,17
78239,54723,21371,1,18.25,2024-05-27 11:48:00+00:00,Unknown,18.25,2024,5,27
75764,54512,20936,2,55.5,2024-09-17 14:15:49+00:00,Unknown,111.0,2024,9,17
77592,54646,21598,1,46.2,2024-10-25 18:18:33+00:00,Unknown,46.2,2024,10,25
79919,53743,21048,1,76.8,2024-09-12 11:20:05+00:00,"85083 Corkery Shoal, Gutmannside, CO 90245-5210",76.8,2024,9,12
73745,53885,21421,1,63.3,2025-04-18 22:59:23.865000+00:00,Unknown,63.3,2025,4,18
82383,55167,21645,1,50.0,2025-02-12 04:30:00+00:00,Unknown,50.0,2025,2,12
73432,54688,20992,1,62.1,2024-06-01 17:59:00+00:00,"Apt. 797 7008 Gilbert Plain, Beerfurt, MT 64743-3731",62.1,2024,6,1
78094,55653,21460,2,36.0,2024-09-08 07:21:00+00:00,Unknown,72.0,2024,9,8
75451,54672,21107,1,62.0,2024-09-27 17:13:26+00:00,"120 Brekke Lakes, Arlieside, WV 11440",62.0,2024,9,27
75505,54638,21357,1,42.0,2024-04-27 12:29:12+00:00,Unknown,42.0,2024,4,27
78684,55374,21353,2,27.0,2025-04-05 08:29:33+00:00,"Apt. 756 9929 Grant Ports, Port Lacy, OK 12741",54.0,2025,4,5
78991,53530,21271,1,33.59,2025-07-19 22:00:44+00:00,Unknown,33.59,2025,7,19
74312,55080,21197,1,67.25,2025-04-26 01:24:00+00:00,Unknown,67.25,2025,4,26
82207,54811,21592,1,31.0,2025-02-06 06:27:57+00:00,"Apt. 865 24041 Rogahn Junctions, Heeborough, OH 80608-0693",31.0,2025,2,6
78111,53451,21375,1,28.75,2024-12-25 00:37:46+00:00,Unknown,28.75,2024,12,25
74498,53098,21178,2,47.5,2024-12-07 02:39:08+00:00,"928 Modesto Forest, East Luzland, MS 15591",95.0,2024,12,7
76657,55354,21456,1,63.3,2024-10-22 04:16:00+00:00,Unknown,63.3,2024,10,22
75742,55570,21088,1,57.0,2024-04-19 06:30:00+00:00,Unknown,57.0,2024,4,19
78865,53981,21633,1,86.39,2024-10-25 15:49:21+00:00,Unknown,86.39,2024,10,25
75676,53204,21651,1,51.0,2025-03-16 03:41:06+00:00,"3646 Dare Valleys, Marionfort, VT 29307",51.0,2025,3,16
80783,55399,21532,1,38.5,2024-11-19 03:13:00+00:00,Unknown,38.5,2024,11,19
74619,54185,21413,4,67.5,2025-05-27 01:36:00+00:00,Unknown,270.0,2025,5,27
80775,54088,21126,1,60.5,2024-11-11 04:19:45+00:00,"957 Nicolas Hill, McLaughlinland, HI 92788",60.5,2024,11,11
77680,55107,21363,1,29.5,2024-10-20 12:33:07.904000+00:00,"Suite 202 1933 Emard Keys, West Annita, IL 18429-2492",29.5,2024,10,20
78766,53261,21163,1,45.25,2024-12-22 07:05:12.973000+00:00,Unknown,45.25,2024,12,22
75825,54741,21532,1,36.0,2024-09-02 18:21:00+00:00,Unknown,36.0,2024,9,2
74116,55086,21001,2,33.99,2024-07-04 13:43:22+00:00,Unknown,67.98,2024,7,4
75985,55507,20957,1,60.25,2024-06-11 15:40:36+00:00,Unknown,60.25,2024,6,11
74527,54246,21017,3,59.99,2024-06-29 02:01:17+00:00,"8497 Bosco Mills, Reynoldsville, OH 84829",179.97,2024,6,29
78657,54077,21382,4,89.4,2024-12-14 22:32:50+00:00,"Suite 369 66134 Simonis Flats, Smithamshire, HI 41707-9843",357.6,2024,12,14
74758,54761,21258,1,19.99,2025-05-10 17:31:58+00:00,Unknown,19.99,2025,5,10
74003,55320,21049,1,69.5,2024-11-05 00:38:29+00:00,Unknown,69.5,2024,11,5
73960,55670,20922,2,75.0,2025-02-05 19:35:56.532000+00:00,"607 Stacey Fort, Montychester, PA 69882",150.0,2025,2,5
79540,55424,21564,1,38.75,2024-07-17 06:39:21+00:00,"Apt. 845 1797 Tamisha Wells, Ortiztown, OK 16189",38.75,2024,7,17
76250,54256,21366,1,57.99,2024-06-29 23:18:00+00:00,Unknown,57.99,2024,6,29
79959,55372,21494,1,27.0,2024-09-15 05:50:43.683000+00:00,Unknown,27.0,2024,9,15
74367,53258,21173,1,18.99,2024-10-13 01:16:13.404000+00:00,Unknown,18.99,2024,10,13
75426,54807,21395,1,51.9,2025-01-27 09:43:25.552000+00:00,Unknown,51.9,2025,1,27
76722,55568,21353,1,20.0,2024-11-24 07:42:04+00:00,Unknown,20.0,2024,11,24
73605,54976,21454,1,45.9,2024-08-13 00:38:24.433000+00:00,Unknown,45.9,2024,8,13
76870,54238,21021,1,42.5,2024-07-30 08:28:52+00:00,Unknown,42.5,2024,7,30
77515,54388,21216,1,31.75,2024-11-21 22:52:32+00:00,"61056 Wisozk Roads, Lake Andresland, VA 80835-0660",31.75,2024,11,21
77899,55039,21348,1,28.5,2024-07-14 01:23:00+00:00,Unknown,28.5,2024,7,14
77282,54764,21054,1,24.3,2024-10-27 02:53:00+00:00,Unknown,24.3,2024,10,27
80517,55116,21482,1,45.75,2025-02-05 03:13:18+00:00,Unknown,45.75,2025,2,5
74960,53311,21457,3,72.0,2025-04-08 08:28:47+00:00,"8265 Schroeder Spurs, East Wandaview, OK 08759",216.0,2025,4,8
81422,53061,21048,4,65.0,2025-01-04 09:32:25+00:00,Unknown,260.0,2025,1,4
77012,55050,21626,5,64.99,2025-05-27 01:02:16+00:00,Unknown,324.95,2025,5,27
82142,54697,21206,5,80.39,2024-05-04 04:37:00+00:00,Unknown,401.95,2024,5,4
76550,54413,21582,1,56.25,2024-12-01 06:46:39+00:00,Unknown,56.25,2024,12,1
81779,55023,21503,1,64.5,2024-10-31 20:42:25+00:00,"99136 Farrell Dale, Fadelbury, NC 41261",64.5,2024,10,31
74388,53398,21613,1,34.5,2024-10-23 04:44:00+00:00,"Apt. 509 5538 Stiedemann Rapid, Mintaview, IN 81294-2378",34.5,2024,10,23
74347,54536,21311,1,22.75,2024-11-15 16:51:00+00:00,"Apt. 253 794 Cory Extensions, South Brittniview, CO 96541-2058",22.75,2024,11,15
82906,53799,21017,2,75.3,2024-09-23 10:39:00+00:00,"Suite 688 8754 Maxwell Valleys, East Jerricatown, CA 30514",150.6,2024,9,23
77908,54350,21516,1,32.25,2025-06-11 14:33:26+00:00,Unknown,32.25,2025,6,11
77582,55803,21309,1,47.99,2025-04-01 22:30:00+00:00,Unknown,47.99,2025,4,1
81016,54228,21294,2,27.59,2024-07-12 03:46:00+00:00,Unknown,55.18,2024,7,12
80598,54527,21331,1,65.99,2024-06-18 04:50:58+00:00,Unknown,65.99,2024,6,18
74300,55181,21411,2,21.0,2025-02-26 06:26:45+00:00,"11190 Kozey Springs, Lake Summer, UT 70544",42.0,2025,2,26
77040,53113,21322,2,26.99,2024-12-05 14:16:31+00:00,Unknown,53.98,2024,12,5
75916,54606,20998,1,54.3,2024-11-15 03:50:19+00:00,Unknown,54.3,2024,11,15
80637,53160,21569,2,65.5,2024-12-03 16:26:00+00:00,Unknown,131.0,2024,12,3
82217,54966,21185,1,37.2,2025-04-02 12:14:08+00:00,Unknown,37.2,2025,4,2
80316,54486,21450,1,53.25,2025-01-13 19:35:00+00:00,Unknown,53.25,2025,1,13
76317,54914,21412,1,44.99,2024-10-18 15:24:36+00:00,Unknown,44.99,2024,10,18
77843,54053,21102,2,49.99,2024-12-21 06:03:00+00:00,Unknown,99.98,2024,12,21
74080,55577,21217,1,32.0,2024-09-28 09:33:23+00:00,Unknown,32.0,2024,9,28
74680,54188,21428,1,26.99,2025-04-07 03:57:41+00:00,"Apt. 558 7552 Ryan Inlet, Margretfurt, CO 95701",26.99,2025,4,7
80754,54106,21327,2,87.3,2025-01-30 10:30:31+00:00,Unknown,174.6,2025,1,30
76642,54850,21162,1,54.99,2025-02-18 19:27:00+00:00,Unknown,54.99,2025,2,18
74203,54873,21413,2,55.0,2024-07-10 10:06:00+00:00,"31834 Violeta Way, South Hilde, MS 09245",110.0,2024,7,10
79764,54425,21544,2,33.0,2024-10-10 07:26:25+00:00,"Apt. 204 1419 Mosciski Summit, Boscoborough, KS 88713",66.0,2024,10,10
79260,54653,20920,1,23.99,2024-10-06 10:04:22+00:00,Unknown,23.99,2024,10,6
78515,53177,21162,1,63.9,2024-10-11 07:21:00+00:00,"950 Jones Village, West Maxinestad, NY 56990-7024",63.9,2024,10,11
78069,54991,21192,1,71.5,2024-09-24 11:17:00+00:00,Unknown,71.5,2024,9,24
73726,53766,21322,1,24.0,2025-03-18 06:03:01+00:00,Unknown,24.0,2025,3,18
81763,55547,21264,1,41.0,2025-04-26 03:52:00+00:00,Unknown,41.0,2025,4,26
74704,54823,21542,1,48.0,2024-12-27 22:49:23+00:00,Unknown,48.0,2024,12,27
81461,55481,21204,1,18.3,2024-04-14 06:15:32+00:00,Unknown,18.3,2024,4,14
75729,54520,21575,1,50.0,2024-05-25 07:23:36+00:00,Unknown,50.0,2024,5,25
74234,53847,21019,5,62.99,2025-03-06 15:23:00+00:00,Unknown,314.95,2025,3,6
76405,55188,21037,4,62.4,2024-09-18 08:02:01+00:00,Unknown,249.6,2024,9,18
76733,55296,21599,1,18.0,2025-02-23 17:27:00+00:00,"Apt. 176 945 Jenkins Islands, Mellisafort, SD 15225-6689",18.0,2025,2,23
74739,54811,21307,1,68.75,2025-02-03 18:28:54.693000+00:00,"Apt. 865 24041 Rogahn Junctions, Heeborough, OH 80608-0693",68.75,2025,2,3
73730,55692,21449,1,66.0,2024-09-12 20:36:24+00:00,Unknown,66.0,2024,9,12
73774,54638,21083,1,19.0,2025-01-30 20:43:04+00:00,Unknown,19.0,2025,1,30
78220,53656,21423,1,73.0,2025-03-11 19:38:00+00:00,Unknown,73.0,2025,3,11
75631,53594,21180,1,25.2,2025-04-16 21:51:07+00:00,Unknown,25.2,2025,4,16
79249,53321,21342,1,48.99,2025-04-01 17:44:44+00:00,Unknown,48.99,2025,4,1
81816,55221,21224,1,57.0,2025-01-11 19:59:22.538000+00:00,"Suite 129 435 Olson Light, East Corneliuschester, SC 91325",57.0,2025,1,11
76894,53043,20935,3,34.0,2025-01-14 21:02:02+00:00,"Apt. 670 24058 Parker Plains, New Lavernemouth, NV 30542",102.0,2025,1,14
74010,55826,21337,1,73.25,2025-04-10 00:59:23+00:00,"867 Bailey Mountain, North Traceyton, WY 18248",73.25,2025,4,10
74453,55100,21294,2,26.4,2025-01-26 07:42:18+00:00,Unknown,52.8,2025,1,26
82325,54668,21027,1,39.59,2025-03-19 19:20:45+00:00,Unknown,39.59,2025,3,19
82246,54347,21449,2,65.0,2025-05-07 23:31:00+00:00,Unknown,130.0,2025,5,7
76295,55828,21195,1,49.8,2024-08-09 20:32:00+00:00,"Apt. 431 95735 Runte Throughway, South Johnnie, ID 20187",49.8,2024,8,9
81280,53819,21161,2,35.5,2025-02-28 18:33:00+00:00,Unknown,71.0,2025,2,28
77636,54659,21438,1,74.4,2024-11-01 01:45:48.578000+00:00,Unknown,74.4,2024,11,1
77381,53188,21174,1,15.0,2024-12-22 15:18:18+00:00,"254 Paulene Path, Bayerfurt, CA 38951",15.0,2024,12,22
79314,55194,21510,1,19.2,2025-01-12 15:40:00+00:00,"8173 Otha Fork, Sauertown, ND 81578-3470",19.2,2025,1,12
76005,54743,21565,1,61.5,2024-09-22 05:02:00+00:00,Unknown,61.5,2024,9,22
76922,54838,21281,1,84.9,2025-08-02 00:52:30+00:00,"991 Dietrich Burg, Richfort, AZ 36306",84.9,2025,8,2
82033,53424,21141,1,22.5,2025-01-03 06:47:33+00:00,"Suite 831 48777 Gerlach Walk, East Markfort, AR 27295-1898",22.5,2025,1,3
80182,55491,21124,1,38.5,2024-08-23 07:31:29+00:00,Unknown,38.5,2024,8,23
74922,55564,20995,1,64.2,2024-12-14 02:52:00+00:00,Unknown,64.2,2024,12,14
81584,53317,21546,1,46.75,2024-09-14 21:12:27+00:00,Unknown,46.75,2024,9,14
79346,54806,21589,1,42.0,2025-03-26 15:26:55+00:00,"773 Jaskolski Unions, Lake Mattie, SC 50870-4465",42.0,2025,3,26
78298,54650,20988,1,60.5,2025-05-14 11:58:00+00:00,Unknown,60.5,2025,5,14
75838,53185,21607,1,86.39,2024-07-05 07:04:16+00:00,"Suite 821 1680 Stokes Stream, Floraville, MD 72041-1137",86.39,2024,7,5
81623,53391,21428,4,28.0,2025-02-17 04:35:43+00:00,"Apt. 510 12150 Mason Mountains, Goldnerhaven, VA 69780",112.0,2025,2,17
82227,54214,21183,1,58.8,2024-12-02 03:57:10+00:00,Unknown,58.8,2024,12,2
79845,53419,21417,1,21.6,2024-12-29 08:38:11+00:00,"299 Casimira Ways, New German, HI 40125",21.6,2024,12,29
75173,53916,21606,3,17.5,2024-06-10 01:54:55+00:00,Unknown,52.5,2024,6,10
75044,54672,21084,3,87.59,2025-05-28 19:51:41+00:00,"120 Brekke Lakes, Arlieside, WV 11440",262.77,2025,5,28
75057,54929,21414,1,31.75,2024-11-07 02:28:49+00:00,"Apt. 431 892 Ortiz Via, Port Bernadine, MI 79086-5459",31.75,2024,11,7
82311,53254,20960,1,26.99,2025-04-18 12:51:00+00:00,"13554 Leilani Valleys, South Eleanora, NJ 74130-4964",26.99,2025,4,18
77661,54020,21525,5,54.9,2025-04-07 05:12:00+00:00,Unknown,274.5,2025,4,7
75143,53702,20999,1,29.5,2024-04-30 10:22:14+00:00,"Suite 257 802 Lynn Canyon, New Lacyfort, WV 85212",29.5,2024,4,30
79412,53858,21557,2,64.5,2025-01-05 15:08:40+00:00,Unknown,129.0,2025,1,5
81356,54178,21187,1,64.99,2024-06-25 18:08:00+00:00,Unknown,64.99,2024,6,25
75466,55051,21583,1,12.0,2024-07-22 19:36:00+00:00,Unknown,12.0,2024,7,22
74459,54558,21578,1,41.5,2024-05-17 02:44:20+00:00,Unknown,41.5,2024,5,17
74507,54759,21175,1,27.99,2024-11-08 16:32:24+00:00,Unknown,27.99,2024,11,8
78009,54388,20997,1,86.4,2024-10-09 04:21:00+00:00,Unknown,86.4,2024,10,9
82719,53349,21033,2,66.0,2024-09-29 15:49:04+00:00,"Apt. 947 9255 Kozey Loop, East Jenifferfurt, MA 55333",132.0,2024,9,29
82932,54476,21365,1,66.0,2025-03-11 12:13:00+00:00,"Suite 129 48133 Lettie Shore, East Mapleview, VT 16888-9877",66.0,2025,3,11
77481,55551,21173,3,20.4,2024-12-16 08:02:48+00:00,"Apt. 462 3115 Harris Cape, New Blairfort, OH 81761-2522",61.2,2024,12,16
80756,54315,21263,1,58.0,2024-08-05 21:27:23+00:00,Unknown,58.0,2024,8,5
77043,53550,21244,1,18.99,2024-09-23 07:51:00+00:00,Unknown,18.99,2024,9,23
74987,53812,21545,2,73.8,2025-04-21 04:14:50+00:00,Unknown,147.6,2025,4,21
76936,54292,20948,1,71.75,2024-01-25 09:40:10+00:00,Unknown,71.75,2024,1,25
73404,54970,21179,1,53.99,2024-06-28 17:38:48+00:00,Unknown,53.99,2024,6,28
73808,53220,21338,1,57.6,2024-09-24 05:44:43+00:00,Unknown,57.6,2024,9,24
75776,54765,21066,1,37.5,2024-09-19 03:01:22+00:00,Unknown,37.5,2024,9,19
81652,54781,21069,3,25.0,2025-03-27 21:16:50+00:00,Unknown,75.0,2025,3,27
79777,55054,21497,1,68.5,2024-05-02 22:32:03+00:00,Unknown,68.5,2024,5,2
77832,53057,21022,2,64.0,2025-04-21 19:23:58+00:00,Unknown,128.0,2025,4,21
73550,54624,21125,1,19.8,2024-04-07 21:13:00+00:00,Unknown,19.8,2024,4,7
80701,55700,21151,1,36.75,2025-02-15 22:27:30+00:00,Unknown,36.75,2025,2,15
76523,54861,21061,1,47.5,2025-03-23 10:21:02+00:00,"Suite 568 354 Robel Branch, Windychester, WY 79665-6258",47.5,2025,3,23
77179,54331,21001,2,34.25,2025-10-02 04:41:00+00:00,Unknown,68.5,2025,10,2
83064,54356,21306,1,35.0,2024-04-26 17:43:14+00:00,Unknown,35.0,2024,4,26
80675,53415,21398,1,25.0,2025-04-20 08:14:37+00:00,Unknown,25.0,2025,4,20
81027,55574,21619,1,14.5,2024-06-30 05:05:18+00:00,Unknown,14.5,2024,6,30
74314,54060,21617,2,23.75,2024-10-18 21:12:00+00:00,Unknown,47.5,2024,10,18
74675,53404,21466,4,16.2,2025-03-15 13:19:15+00:00,Unknown,64.8,2025,3,15
78924,53169,20933,1,18.0,2024-09-20 04:13:13+00:00,"2073 Cummings Trail, Maynardton, AK 15884-0764",18.0,2024,9,20
78573,54570,21472,1,64.0,2025-01-24 11:14:47+00:00,Unknown,64.0,2025,1,24
82315,53034,21518,2,68.1,2024-11-02 19:26:00+00:00,Unknown,136.2,2024,11,2
76415,53810,21320,1,35.5,2024-08-27 15:37:37+00:00,Unknown,35.5,2024,8,27
75491,53946,21135,3,91.5,2024-09-22 14:33:41+00:00,Unknown,274.5,2024,9,22
81934,55437,21201,1,67.5,2024-09-19 00:37:37+00:00,"56013 Schroeder Forge, Port Darrell, MD 03919-0469",67.5,2024,9,19
83003,55034,21525,1,50.99,2025-03-09 18:53:46+00:00,Unknown,50.99,2025,3,9
80119,54979,21058,1,50.5,2025-03-03 18:33:29+00:00,"29664 Teodoro Fort, East Odell, AK 19569-6939",50.5,2025,3,3
77309,54121,20988,2,75.6,2024-10-04 23:50:55+00:00,Unknown,151.2,2024,10,4
82049,53566,21139,2,53.0,2024-07-15 16:38:00+00:00,Unknown,106.0,2024,7,15
82842,53498,21277,4,72.6,2025-05-21 04:10:42+00:00,"78227 Schulist Highway, New Lydiatown, IN 15731-7014",290.4,2025,5,21
78306,55540,21470,3,80.4,2025-01-15 08:53:18+00:00,Unknown,241.2,2025,1,15
77979,55629,21196,1,43.0,2025-09-02 15:58:25+00:00,"2415 Cruickshank Curve, Brekkefort, AL 45291-3623",43.0,2025,9,2
81318,54878,21109,1,56.0,2025-06-07 08:13:47+00:00,"19867 Miller Streets, Ivoryfort, NV 31841-8043",56.0,2025,6,7
81189,54257,21077,2,66.25,2024-11-19 08:17:00+00:00,Unknown,132.5,2024,11,19
79679,53298,21149,2,16.0,2025-01-13 23:22:05+00:00,Unknown,32.0,2025,1,13
75174,55188,21435,1,54.0,2024-07-25 22:09:00+00:00,Unknown,54.0,2024,7,25
74770,53336,21476,1,87.0,2025-01-27 23:49:00+00:00,"Suite 711 8351 Lowe Run, Mathewstad, TN 84445",87.0,2025,1,27
75571,54731,21609,1,20.5,2024-04-16 07:47:00+00:00,Unknown,20.5,2024,4,16
78902,53680,21355,2,51.5,2024-05-03 00:11:11+00:00,Unknown,103.0,2024,5,3
74731,55441,21332,2,45.0,2025-03-12 10:35:24+00:00,"185 Alden Lock, Lake Broderickhaven, MD 75939",90.0,2025,3,12
76223,54956,21638,3,59.99,2024-12-23 05:56:57+00:00,Unknown,179.97,2024,12,23
78590,53023,21234,2,40.5,2024-09-15 16:48:13+00:00,Unknown,81.0,2024,9,15
77249,54561,21440,1,35.75,2024-12-27 14:53:00+00:00,Unknown,35.75,2024,12,27
77414,55794,21368,1,27.3,2025-05-28 08:01:24+00:00,"516 Reichert Dam, West Elane, ME 99006-2407",27.3,2025,5,28
77918,53643,20956,2,63.99,2025-01-29 07:27:25+00:00,"2115 Kelley Parks, South Altha, NV 69047",127.98,2025,1,29
76846,53366,21568,1,69.5,2025-07-05 08:27:15+00:00,Unknown,69.5,2025,7,5
73824,54833,20921,4,18.6,2024-12-24 00:51:32+00:00,Unknown,74.4,2024,12,24
77380,54848,21621,1,45.0,2025-03-14 02:58:51+00:00,Unknown,45.0,2025,3,14
74849,55023,21324,1,54.0,2025-01-23 07:02:33+00:00,Unknown,54.0,2025,1,23
80638,53335,21419,1,68.99,2025-03-29 18:55:55+00:00,Unknown,68.99,2025,3,29
78607,54465,21132,1,23.5,2024-12-17 02:23:20+00:00,Unknown,23.5,2024,12,17
78102,54542,21206,1,77.4,2025-01-19 05:33:19+00:00,Unknown,77.4,2025,1,19
79770,55105,21272,1,65.75,2024-07-04 08:04:00+00:00,Unknown,65.75,2024,7,4
77597,55614,21092,5,30.0,2024-10-30 16:29:27+00:00,Unknown,150.0,2024,10,30
82273,55627,21051,1,73.5,2025-01-19 20:24:34+00:00,Unknown,73.5,2025,1,19
77559,53508,21526,4,25.99,2025-04-11 18:36:00+00:00,"Apt. 555 70806 Gibson Fork, Gleichnerville, ND 45856-8737",103.96,2025,4,11
74627,53393,21330,2,53.99,2024-12-01 10:15:09.953000+00:00,Unknown,107.98,2024,12,1
76412,53660,21147,3,33.3,2024-11-16 10:07:53+00:00,Unknown,99.9,2024,11,16
80072,53970,21425,1,42.99,2025-02-18 06:37:45+00:00,Unknown,42.99,2025,2,18
74247,55155,21205,3,29.5,2024-07-28 07:42:26+00:00,"Suite 270 942 Padberg Neck, Lindgrenville, WV 80161",88.5,2024,7,28
74579,53195,21573,1,27.0,2025-04-30 18:46:48+00:00,"926 Volkman Center, Lake Luveniaview, FL 35701",27.0,2025,4,30
76926,53621,21323,1,33.6,2024-11-15 00:38:17+00:00,Unknown,33.6,2024,11,15
81353,53317,21079,1,58.0,2024-11-27 02:11:14.325000+00:00,"487 Alberto Route, Kosshaven, NH 81926-6204",58.0,2024,11,27
73883,55650,21448,1,15.25,2025-05-14 15:16:13+00:00,Unknown,15.25,2025,5,14
77900,54474,21230,1,26.5,2024-08-09 17:13:00+00:00,Unknown,26.5,2024,8,9
79389,55234,21055,2,49.5,2025-03-27 21:30:37+00:00,Unknown,99.0,2025,3,27
75182,54820,20943,2,69.0,2024-05-22 00:01:36+00:00,"Suite 925 408 Hoeger Plains, New Jacklyn, MO 71356",138.0,2024,5,22
82726,53264,21197,1,69.0,2025-04-06 11:31:00+00:00,"Apt. 877 900 McClure Mission, South Buenachester, NE 46667-9317",69.0,2025,4,6
81898,53580,21583,1,16.5,2024-09-22 09:41:00+00:00,"5091 Dibbert Ridge, Dennisview, FL 20637-8528",16.5,2024,9,22
74720,55807,21129,2,39.0,2024-07-11 22:04:04+00:00,Unknown,78.0,2024,7,11
73427,54392,20961,1,35.25,2025-02-03 04:35:00+00:00,Unknown,35.25,2025,2,3
80130,54061,20995,1,52.0,2025-03-07 17:27:21+00:00,Unknown,52.0,2025,3,7
81308,54193,21458,1,44.75,2024-09-26 06:04:11+00:00,"35253 Robt Mission, New Mindy, NV 32751",44.75,2024,9,26
77539,53655,21530,1,69.75,2025-03-10 19:49:53+00:00,Unknown,69.75,2025,3,10
73559,54832,21627,1,25.0,2024-08-07 17:03:00+00:00,Unknown,25.0,2024,8,7
74418,53660,21587,1,19.5,2025-01-16 01:09:31+00:00,Unknown,19.5,2025,1,16
75596,54326,21483,1,79.2,2024-10-30 11:41:00+00:00,Unknown,79.2,2024,10,30
82579,55533,21586,3,25.5,2025-01-02 16:10:43.033000+00:00,Unknown,76.5,2025,1,2
74084,54880,21583,2,18.6,2024-08-17 18:38:00+00:00,Unknown,37.2,2024,8,17
73804,54311,21177,1,20.5,2024-10-20 06:38:55+00:00,Unknown,20.5,2024,10,20
79297,53310,21417,1,13.99,2024-09-01 22:36:26+00:00,"526 Deshawn Point, Erdmanmouth, ME 43691",13.99,2024,9,1
79762,53121,21534,1,23.0,2024-10-05 20:31:00+00:00,"344 Walter Mission, Karlynborough, AR 51837",23.0,2024,10,5
78841,53185,21495,2,24.5,2024-11-08 04:12:49+00:00,Unknown,49.0,2024,11,8
74252,53919,21440,1,32.75,2024-05-05 17:47:00+00:00,Unknown,32.75,2024,5,5
81407,53538,21212,1,42.9,2024-12-24 18:07:00+00:00,Unknown,42.9,2024,12,24
79246,55768,21108,2,26.0,2025-02-04 14:16:56+00:00,Unknown,52.0,2025,2,4
80302,53464,21102,2,63.9,2025-01-10 09:13:36+00:00,Unknown,127.8,2025,1,10
77766,53830,20928,2,24.9,2024-07-23 22:13:01+00:00,Unknown,49.8,2024,7,23
78676,53409,21517,1,78.9,2024-08-17 13:52:12+00:00,Unknown,78.9,2024,8,17
78659,54325,21632,1,21.25,2024-08-26 15:31:21+00:00,"6338 Ward Mission, Hagenesstad, MA 95189-6627",21.25,2024,8,26
75563,53785,21100,1,24.0,2024-06-20 07:01:08+00:00,"2389 Daniela Drives, Jeaneside, TX 67187-0343",24.0,2024,6,20
74855,54948,21292,4,40.25,2024-09-23 08:04:00+00:00,Unknown,161.0,2024,9,23
79925,55722,21336,1,77.4,2024-07-09 16:22:46+00:00,Unknown,77.4,2024,7,9
76817,55103,21375,1,29.0,2024-10-26 15:55:41+00:00,"2366 Hills Branch, North Barrieberg, VT 66095-9712",29.0,2024,10,26
79836,54307,21349,1,59.75,2025-01-23 03:58:15+00:00,"16402 Ingrid Forge, East Elizbeth, SC 75429",59.75,2025,1,23
81435,54860,21349,1,59.0,2025-09-25 18:29:21.957000+00:00,Unknown,59.0,2025,9,25
79280,55559,21175,4,22.5,2024-09-30 19:32:13+00:00,"Suite 266 690 Alverta Club, Lake Weston, OR 92970",90.0,2024,9,30
74483,53946,21081,1,69.5,2025-07-09 13:49:14.772000+00:00,"Apt. 829 14333 Stacy Field, New Johniebury, WV 50677-5178",69.5,2025,7,9
82715,55080,21435,1,69.3,2024-07-06 04:42:15+00:00,"5194 Pfeffer Station, Port Natoshamouth, AZ 19271",69.3,2024,7,6
78097,55528,21091,1,26.99,2025-02-02 03:06:51+00:00,Unknown,26.99,2025,2,2
77538,55165,21514,1,38.0,2025-01-18 18:43:30.217000+00:00,Unknown,38.0,2025,1,18
79585,53106,21481,1,18.0,2025-10-04 15:17:26+00:00,Unknown,18.0,2025,10,4
75970,54443,21596,2,53.5,2024-08-08 15:41:02+00:00,"Apt. 910 662 Rice Coves, Breannmouth, KS 21201",107.0,2024,8,8
76977,53204,21059,1,48.0,2025-03-27 09:31:15+00:00,Unknown,48.0,2025,3,27
81431,53307,21183,1,63.3,2025-01-07 12:36:15+00:00,Unknown,63.3,2025,1,7
74211,54204,21283,1,39.0,2025-01-12 18:26:00+00:00,Unknown,39.0,2025,1,12
79392,55320,21494,1,28.2,2024-07-27 00:40:00+00:00,"Suite 126 584 Dominic Village, McClureport, IA 22450-5496",28.2,2024,7,27
75548,55211,21361,4,47.25,2024-08-24 13:34:53.907000+00:00,"Apt. 806 4213 Schinner Lake, South Rosalina, MI 46936-2743",189.0,2024,8,24
80268,54357,21444,2,72.0,2024-07-02 21:55:33+00:00,Unknown,144.0,2024,7,2
80064,54107,21424,1,33.25,2025-04-04 01:32:00+00:00,"Apt. 240 280 Borer Mountains, South Gertrudeview, CT 40713",33.25,2025,4,4
81022,55805,21596,2,52.0,2025-03-17 00:48:00+00:00,Unknown,104.0,2025,3,17
81672,55596,21543,1,30.99,2024-11-11 10:57:23+00:00,Unknown,30.99,2024,11,11
82119,54610,21526,1,20.0,2025-04-13 02:55:00+00:00,Unknown,20.0,2025,4,13
75583,54191,20918,3,21.3,2024-08-24 07:01:00+00:00,Unknown,63.9,2024,8,24
81057,53748,21329,1,48.0,2024-09-11 14:54:32+00:00,"Apt. 788 4277 Kris Island, North Jeanettemouth, NJ 16962",48.0,2024,9,11
73402,55478,21253,1,68.0,2024-11-07 16:28:33+00:00,"4772 Reinger Street, Raymundobury, VT 41821-1820",68.0,2024,11,7
77177,54675,21258,2,27.6,2024-12-13 03:20:02+00:00,Unknown,55.2,2024,12,13
79593,55618,21113,2,51.99,2025-05-05 19:59:00+00:00,"Suite 192 51985 Prosacco Mount, Kaitlinton, WY 29246-0730",103.98,2025,5,5
74283,55752,21324,1,47.0,2024-08-27 06:41:18+00:00,Unknown,47.0,2024,8,27
76984,54413,21399,1,81.9,2025-01-09 13:26:15.789000+00:00,Unknown,81.9,2025,1,9
81869,53348,21093,1,66.0,2024-09-29 12:34:49.989000+00:00,Unknown,66.0,2024,9,29
82272,53449,21112,1,39.3,2024-10-22 06:33:43+00:00,Unknown,39.3,2024,10,22
78836,55305,20922,2,64.5,2024-09-14 01:15:30+00:00,Unknown,129.0,2024,9,14
80363,53205,21139,1,51.5,2025-01-14 05:55:22+00:00,Unknown,51.5,2025,1,14
74495,53864,21244,1,15.0,2024-05-11 18:32:00+00:00,Unknown,15.0,2024,5,11
77427,53916,21311,1,19.5,2025-02-13 23:09:21+00:00,Unknown,19.5,2025,2,13
79949,53583,21033,1,80.7,2024-07-11 15:52:55+00:00,"3740 Lemke Creek, Konopelskihaven, ME 71939-4348",80.7,2024,7,11
82804,55569,21009,1,65.75,2024-12-24 09:14:54+00:00,Unknown,65.75,2024,12,24
82129,53648,20958,2,36.0,2025-07-07 03:06:02+00:00,"Apt. 441 4423 Ondricka Run, East Curtismouth, CO 96842",72.0,2025,7,7
77849,53658,21016,3,76.0,2024-08-22 14:05:00+00:00,"Apt. 446 240 Jennine River, New Sangberg, OH 08147-0248",228.0,2024,8,22
78828,53243,21630,1,54.5,2024-08-28 22:18:00+00:00,"2397 Marvis Valley, Marishamouth, ND 60616",54.5,2024,8,28
78707,54723,20956,2,60.25,2024-07-07 02:38:20+00:00,Unknown,120.5,2024,7,7
80396,54234,21272,1,75.0,2024-09-09 19:20:00+00:00,Unknown,75.0,2024,9,9
74218,55524,21655,1,29.0,2024-07-09 11:09:48+00:00,"299 Ebert Motorway, North Wilmerville, SD 01390",29.0,2024,7,9
82346,54638,21596,1,51.0,2024-08-27 12:31:00+00:00,Unknown,51.0,2024,8,27
74513,53848,21518,1,61.2,2024-10-14 19:03:00+00:00,Unknown,61.2,2024,10,14
80679,53757,21648,1,32.7,2024-06-29 15:44:00+00:00,"Apt. 353 8237 Goldner Harbor, Raulland, IA 19842",32.7,2024,6,29
75607,55293,21116,1,38.25,2024-07-06 01:31:00+00:00,Unknown,38.25,2024,7,6
81464,55555,21341,2,53.99,2024-12-15 19:54:11+00:00,"39903 Dimple Hollow, Littelmouth, NE 68902-4204",107.98,2024,12,15
79551,54521,21313,1,42.3,2024-11-20 01:19:34+00:00,Unknown,42.3,2024,11,20
79108,53995,20943,1,87.0,2024-10-31 05:47:00+00:00,Unknown,87.0,2024,10,31
79838,55813,21045,1,22.75,2024-10-18 23:55:38+00:00,"Suite 279 31701 Mae Loop, New Travisfurt, TN 97824",22.75,2024,10,18
73392,54174,21652,5,59.4,2024-08-11 21:54:00+00:00,Unknown,297.0,2024,8,11
75040,53947,21143,5,48.6,2024-10-30 03:07:00+00:00,Unknown,243.0,2024,10,30
78905,54904,20976,1,65.7,2025-03-11 06:42:37+00:00,"Suite 593 240 Stark Loaf, Schuppeview, CT 74254",65.7,2025,3,11
77613,53810,21488,1,33.9,2025-01-10 07:59:16+00:00,Unknown,33.9,2025,1,10
74480,53284,21648,1,39.0,2024-12-05 15:01:00+00:00,Unknown,39.0,2024,12,5
73902,54773,21025,1,55.99,2024-10-31 22:30:00+00:00,"2397 Shante Lock, Rutherfordtown, MT 20374",55.99,2024,10,31
83059,55299,21020,1,59.5,2025-01-24 12:33:23+00:00,Unknown,59.5,2025,1,24
77446,53960,21067,1,57.0,2025-05-21 00:13:23+00:00,"48220 Rippin Manor, Lake Jackieburgh, NV 82582-3175",57.0,2025,5,21
80444,54215,21576,1,47.99,2024-08-31 19:48:48+00:00,Unknown,47.99,2024,8,31
75041,55157,21550,1,45.9,2024-04-04 16:44:44+00:00,Unknown,45.9,2024,4,4
80628,54319,21083,1,24.6,2024-09-20 00:07:55+00:00,Unknown,24.6,2024,9,20
82987,54370,21297,1,69.75,2025-04-02 05:20:12+00:00,Unknown,69.75,2025,4,2
80228,55660,21240,1,13.75,2025-03-01 11:14:53+00:00,"1396 O'Kon Junction, Darrylbury, NM 21343-4485",13.75,2025,3,1
76296,55469,21642,5,54.75,2024-12-30 00:24:00+00:00,"544 Price Motorway, North Nanshire, KS 33595",273.75,2024,12,30
75874,54160,21192,1,87.0,2024-07-10 14:05:16+00:00,Unknown,87.0,2024,7,10
76669,55808,20950,1,36.0,2024-12-15 03:56:00+00:00,Unknown,36.0,2024,12,15
80049,55303,21151,1,38.0,2025-08-24 12:13:21+00:00,Unknown,38.0,2025,8,24
77009,53477,21226,1,58.5,2025-03-26 11:10:47+00:00,Unknown,58.5,2025,3,26
74106,54830,21085,1,28.0,2024-04-27 20:58:50+00:00,Unknown,28.0,2024,4,27
74903,54529,21463,1,91.19,2024-09-22 07:13:18+00:00,"Suite 441 8556 Jayme Canyon, Colettachester, LA 21299",91.19,2024,9,22
77293,53179,21634,1,24.5,2024-01-09 01:46:46+00:00,Unknown,24.5,2024,1,9
75331,54217,21564,1,38.5,2025-04-19 23:00:39+00:00,Unknown,38.5,2025,4,19
76327,55490,21219,1,56.0,2024-08-07 23:38:17+00:00,"Apt. 143 80499 Graham Islands, Schillerland, ND 13668",56.0,2024,8,7
80243,54281,21358,1,41.5,2024-06-28 21:06:35+00:00,"4461 Muller Brook, Greenholtview, VT 10980",41.5,2024,6,28
77793,55185,21329,2,49.5,2024-08-16 11:57:20+00:00,Unknown,99.0,2024,8,16
82388,53651,20985,1,30.0,2024-10-12 13:13:04+00:00,"Apt. 396 2199 Kuhn Turnpike, Linnville, AL 42155",30.0,2024,10,12
82552,53295,21585,2,42.5,2024-10-22 07:43:03+00:00,Unknown,85.0,2024,10,22
82852,54563,21362,1,47.25,2024-07-03 12:19:14+00:00,"45223 Feil Loaf, Tannerberg, OR 17495-1293",47.25,2024,7,3
82840,54126,21036,1,65.5,2024-06-16 02:39:21.243000+00:00,Unknown,65.5,2024,6,16
80982,54602,21169,1,74.4,2024-11-15 15:18:00+00:00,Unknown,74.4,2024,11,15
80117,53840,21337,1,73.5,2024-10-24 07:39:00+00:00,Unknown,73.5,2024,10,24
76140,54203,21030,2,26.4,2025-05-16 03:58:33+00:00,Unknown,52.8,2025,5,16
82534,53959,21604,1,49.0,2025-05-15 06:27:16+00:00,Unknown,49.0,2025,5,15
82451,54506,21629,1,65.4,2025-01-03 18:48:27+00:00,Unknown,65.4,2025,1,3
75706,54458,21234,1,29.75,2024-10-19 23:55:46+00:00,Unknown,29.75,2024,10,19
76735,55489,21007,1,34.99,2024-07-28 18:52:18+00:00,Unknown,34.99,2024,7,28
77723,55253,21374,1,30.0,2024-11-08 07:50:28+00:00,Unknown,30.0,2024,11,8
76077,53890,21653,4,50.4,2024-12-08 19:14:19+00:00,Unknown,201.6,2024,12,8
75791,53556,21653,1,47.4,2024-04-12 11:46:00+00:00,Unknown,47.4,2024,4,12
81817,53691,21138,2,36.5,2024-03-29 12:54:26+00:00,Unknown,73.0,2024,3,29
74691,54132,20963,2,75.3,2024-07-19 18:33:47+00:00,Unknown,150.6,2024,7,19
81113,55056,21524,1,63.0,2024-09-18 06:59:36+00:00,Unknown,63.0,2024,9,18
82639,54624,21221,1,73.75,2024-09-07 09:10:28+00:00,Unknown,73.75,2024,9,7
75138,54381,21126,1,63.75,2025-05-06 19:58:26+00:00,Unknown,63.75,2025,5,6
81579,53615,21570,1,50.25,2024-07-26 17:33:11+00:00,"Suite 804 7505 Haley Ferry, East Preston, TN 30069",50.25,2024,7,26
74493,53214,21345,1,58.25,2025-05-23 05:11:17+00:00,"Apt. 421 24296 Lang Views, Feeneyside, WI 75929",58.25,2025,5,23
77397,54690,21461,2,50.75,2025-04-02 03:34:26+00:00,Unknown,101.5,2025,4,2
75100,54551,21044,4,26.0,2024-12-13 22:29:58+00:00,Unknown,104.0,2024,12,13
77693,53787,21256,1,62.5,2025-01-29 02:45:23+00:00,Unknown,62.5,2025,1,29
73360,53689,21429,1,37.0,2025-07-29 16:54:12+00:00,Unknown,37.0,2025,7,29
77744,55632,21121,1,20.0,2025-01-25 14:05:00+00:00,Unknown,20.0,2025,1,25
75111,54905,21282,1,57.0,2025-05-16 15:23:57+00:00,Unknown,57.0,2025,5,16
78820,54930,21140,1,69.0,2025-03-19 11:35:00+00:00,Unknown,69.0,2025,3,19
78915,53298,21637,1,39.99,2024-10-21 04:40:51.821000+00:00,"411 Kathe Cliffs, North Henry, NH 82799-2597",39.99,2024,10,21
80208,54067,21016,1,72.0,2024-10-31 11:33:45+00:00,Unknown,72.0,2024,10,31
79896,55739,20962,1,78.6,2024-11-03 04:08:58+00:00,"Suite 367 4510 Evelynn Keys, Candiberg, ID 37918-7430",78.6,2024,11,3
73665,53984,21074,1,69.0,2024-05-28 13:49:39+00:00,"912 Gino Bypass, North Tillieberg, HI 88423",69.0,2024,5,28
79416,53627,21500,1,87.6,2024-09-10 07:59:10+00:00,Unknown,87.6,2024,9,10
82946,54976,21653,2,46.8,2025-01-05 08:06:00+00:00,"72654 Kris Harbors, West Randalville, RI 09522-8936",93.6,2025,1,5
81643,55563,21331,1,65.5,2025-02-20 10:33:00+00:00,Unknown,65.5,2025,2,20
76024,53154,21041,1,69.0,2025-01-18 15:57:00+00:00,Unknown,69.0,2025,1,18
77100,54155,20992,1,61.2,2024-05-24 14:48:00+00:00,"199 Walker Shore, Lake Erinton, KY 94827-9444",61.2,2024,5,24
77745,54982,21390,2,49.5,2025-02-01 07:39:00+00:00,Unknown,99.0,2025,2,1
78363,53309,21232,1,70.5,2024-10-25 12:53:00+00:00,"95656 Isaiah Grove, New Lawandafort, CT 10683-0718",70.5,2024,10,25
79277,53023,21424,2,41.4,2024-11-05 02:59:13+00:00,Unknown,82.8,2024,11,5
75598,55322,21155,1,78.3,2024-08-29 14:43:03+00:00,Unknown,78.3,2024,8,29
80572,53138,21069,4,22.0,2024-12-22 14:28:53+00:00,"159 Filiberto Hills, Oberbrunnerberg, FL 39162",88.0,2024,12,22
74254,53336,21008,1,24.0,2025-02-13 20:12:00+00:00,Unknown,24.0,2025,2,13
75864,54083,21342,1,55.2,2025-06-02 15:22:07+00:00,Unknown,55.2,2025,6,2
78543,53460,21519,1,58.2,2025-02-22 08:40:58+00:00,"Suite 581 479 Sauer Pass, New Felipe, KS 84720",58.2,2025,2,22
81217,55691,21213,1,16.5,2024-09-19 06:08:11+00:00,Unknown,16.5,2024,9,19
75530,55428,20975,1,83.1,2025-01-31 00:01:32+00:00,Unknown,83.1,2025,1,31
75939,53119,21605,1,26.5,2024-11-21 21:28:00+00:00,Unknown,26.5,2024,11,21
74919,53620,20956,2,61.5,2024-09-28 20:31:00+00:00,"1183 Schneider Trail, Port Gabrielchester, HI 58744",123.0,2024,9,28
82196,54309,21118,1,46.99,2024-05-11 01:48:11+00:00,Unknown,46.99,2024,5,11
74948,53353,21070,1,21.0,2024-09-26 17:27:00+00:00,Unknown,21.0,2024,9,26
76105,53614,21412,2,46.0,2024-05-29 00:01:45+00:00,Unknown,92.0,2024,5,29
78537,53854,21544,1,31.5,2025-09-09 03:49:12+00:00,Unknown,31.5,2025,9,9
80194,54775,21499,2,74.99,2025-05-28 20:49:35+00:00,Unknown,149.98,2025,5,28
75240,54712,21392,3,88.2,2025-03-10 09:47:17+00:00,Unknown,264.6,2025,3,10
82458,53332,21387,2,14.0,2025-02-19 22:57:14+00:00,Unknown,28.0,2025,2,19
79825,53309,21228,4,24.0,2025-03-14 16:45:28+00:00,Unknown,96.0,2025,3,14
83082,53773,21651,1,51.5,2024-10-08 21:16:00+00:00,Unknown,51.5,2024,10,8
73831,53350,21480,1,84.3,2025-05-24 10:17:32+00:00,Unknown,84.3,2025,5,24
78064,54062,20987,1,71.0,2025-06-08 21:38:00+00:00,Unknown,71.0,2025,6,8
78105,53670,21458,1,45.5,2024-08-15 09:57:18+00:00,"72715 Ali Field, West Montymouth, NV 62022",45.5,2024,8,15
76471,54303,20995,1,51.25,2024-09-09 23:32:09+00:00,Unknown,51.25,2024,9,9
80446,54826,20918,1,20.7,2024-10-11 19:15:02+00:00,Unknown,20.7,2024,10,11
75434,55505,21650,1,38.75,2024-07-13 07:41:07+00:00,"Suite 461 420 Rudy Trail, New Judeborough, WY 19525-3199",38.75,2024,7,13
77169,53905,21115,1,68.5,2025-04-23 01:29:00+00:00,Unknown,68.5,2025,4,23
82910,55144,21231,1,82.5,2024-12-20 01:58:02+00:00,Unknown,82.5,2024,12,20
75771,55392,20923,1,32.0,2024-12-22 22:23:23+00:00,Unknown,32.0,2024,12,22
77960,54106,21186,1,51.9,2024-08-17 00:27:00+00:00,Unknown,51.9,2024,8,17
79715,55526,21371,1,18.0,2024-10-04 07:46:41+00:00,Unknown,18.0,2024,10,4
78386,53571,21579,2,53.5,2024-10-15 22:48:26+00:00,Unknown,107.0,2024,10,15
75423,54941,21616,1,78.9,2025-02-08 13:28:48+00:00,Unknown,78.9,2025,2,8
75672,54667,21031,1,53.99,2024-06-10 21:25:25+00:00,Unknown,53.99,2024,6,10
74763,54596,21623,1,54.0,2024-12-21 08:40:02+00:00,Unknown,54.0,2024,12,21
79441,54773,21144,1,71.25,2025-06-22 17:03:34+00:00,Unknown,71.25,2025,6,22
75657,55193,21067,1,55.25,2025-06-04 15:16:00+00:00,"8602 Friesen Row, Lebsackhaven, FL 83214-6246",55.25,2025,6,4
80002,55099,20990,1,19.5,2024-10-18 15:28:37+00:00,Unknown,19.5,2024,10,18
76073,53263,21203,1,35.0,2024-10-24 02:26:00+00:00,Unknown,35.0,2024,10,24
76440,54397,20983,2,20.25,2025-04-14 07:50:00+00:00,Unknown,40.5,2025,4,14
73894,55147,21419,1,67.5,2025-03-10 07:32:32+00:00,Unknown,67.5,2025,3,10
73875,54633,21164,1,18.0,2024-12-31 21:20:39+00:00,Unknown,18.0,2024,12,31
74512,54906,21625,1,29.75,2025-05-21 14:25:01+00:00,Unknown,29.75,2025,5,21
77466,54754,20938,1,26.4,2025-01-13 17:12:34+00:00,Unknown,26.4,2025,1,13
77094,54896,21296,1,42.0,2025-05-31 06:40:58.549000+00:00,Unknown,42.0,2025,5,31
79908,53672,21645,1,54.75,2025-04-30 18:52:29+00:00,Unknown,54.75,2025,4,30
83073,54812,21368,1,26.4,2024-08-01 01:35:48.030000+00:00,Unknown,26.4,2024,8,1
77572,53658,21417,3,13.5,2024-12-22 18:14:14+00:00,Unknown,40.5,2024,12,22
79941,55704,21535,1,85.2,2025-07-25 11:42:42+00:00,Unknown,85.2,2025,7,25
74535,54774,21106,2,43.75,2024-08-20 11:32:27+00:00,Unknown,87.5,2024,8,20
76472,53604,21038,1,52.0,2025-06-08 06:53:52+00:00,Unknown,52.0,2025,6,8
75710,55378,21190,1,35.0,2025-05-28 07:31:00+00:00,Unknown,35.0,2025,5,28
74862,55471,21286,1,36.3,2025-07-17 23:29:00+00:00,Unknown,36.3,2025,7,17
82774,54068,21583,1,16.0,2025-01-25 17:18:00+00:00,Unknown,16.0,2025,1,25
80114,55512,20979,1,70.5,2024-11-27 20:10:00+00:00,Unknown,70.5,2024,11,27
75945,53339,20929,1,49.99,2025-07-08 16:45:00+00:00,Unknown,49.99,2025,7,8
76067,54404,21164,2,17.4,2025-06-24 14:59:34+00:00,Unknown,34.8,2025,6,24
81043,54079,21559,1,75.0,2024-10-08 18:16:49+00:00,Unknown,75.0,2024,10,8
76267,53444,21420,1,67.75,2025-01-24 09:20:00+00:00,Unknown,67.75,2025,1,24
78364,54698,21272,1,64.0,2025-02-07 00:33:00+00:00,Unknown,64.0,2025,2,7
82884,53033,21595,1,53.75,2025-04-23 05:06:54+00:00,Unknown,53.75,2025,4,23
82974,54697,21017,2,71.4,2025-05-22 17:27:00+00:00,"Suite 134 3178 Onita Grove, North Diane, MN 07074",142.8,2025,5,22
80748,54471,21431,1,64.0,2024-08-04 14:54:00+00:00,Unknown,64.0,2024,8,4
76578,55603,21473,1,57.0,2024-12-13 13:33:43+00:00,"5239 Marcene Club, West Abeview, OK 24669",57.0,2024,12,13
76052,53222,21281,2,85.2,2024-09-08 15:36:21+00:00,Unknown,170.4,2024,9,8
76161,53571,21177,1,25.5,2025-04-19 02:57:00+00:00,Unknown,25.5,2025,4,19
76848,55250,20936,1,60.5,2024-06-29 21:19:04.716000+00:00,Unknown,60.5,2024,6,29
76540,55092,21271,3,32.4,2024-09-02 01:29:28+00:00,"Apt. 776 229 Lannie Port, New Nathan, OR 97278",97.2,2024,9,2
81657,55383,21502,2,30.99,2024-12-14 23:13:46.825000+00:00,"Apt. 337 900 Dewitt Groves, Jamisonborough, PA 15063-0361",61.98,2024,12,14
77568,53804,21097,1,15.5,2024-11-23 13:30:38+00:00,"570 Kris Drive, New Ezequielfurt, RI 58711",15.5,2024,11,23
78649,55053,21429,3,39.25,2025-05-20 01:59:10+00:00,Unknown,117.75,2025,5,20
78336,55005,21401,1,21.0,2024-12-22 22:34:08+00:00,Unknown,21.0,2024,12,22
76319,54401,20940,1,58.5,2025-02-18 09:23:07+00:00,Unknown,58.5,2025,2,18
79797,53853,21192,1,74.99,2024-11-12 09:04:00+00:00,"Suite 201 56092 Jast Islands, North Corey, MO 79516-1642",74.99,2024,11,12
73526,53172,20971,1,20.4,2024-05-16 15:20:00+00:00,"94444 Ambrose Prairie, Rivabury, SC 95910",20.4,2024,5,16
74156,55353,21225,2,70.8,2024-10-13 03:27:38+00:00,Unknown,141.6,2024,10,13
82283,53769,21447,1,76.8,2025-01-28 05:47:08+00:00,"Apt. 741 453 Shields Mountains, Hellerstad, MD 91072",76.8,2025,1,28
82633,54843,21372,2,37.8,2024-10-25 21:12:49+00:00,Unknown,75.6,2024,10,25
82037,53939,21504,1,52.5,2024-12-16 15:30:52+00:00,Unknown,52.5,2024,12,16
76837,53453,21198,1,46.2,2024-08-04 22:27:20+00:00,Unknown,46.2,2024,8,4
80972,53797,20958,3,32.0,2024-08-11 12:44:04.184000+00:00,Unknown,96.0,2024,8,11
81193,53308,21402,1,79.2,2024-05-02 10:52:00+00:00,"16821 Wehner Canyon, East Devon, AK 09404",79.2,2024,5,2
76548,53514,21219,1,54.5,2024-12-03 08:21:42+00:00,Unknown,54.5,2024,12,3
76489,55004,21249,3,72.5,2024-04-11 23:13:20.040000+00:00,Unknown,217.5,2024,4,11
80461,54141,20920,3,21.6,2025-03-18 00:28:43+00:00,Unknown,64.8,2025,3,18
77016,53634,21612,1,80.1,2024-12-16 11:11:46+00:00,Unknown,80.1,2024,12,16
73368,53056,21643,1,32.0,2025-05-07 12:06:37+00:00,Unknown,32.0,2025,5,7
79744,53617,21390,1,48.99,2024-09-12 10:31:00+00:00,Unknown,48.99,2024,9,12
79703,55807,21101,1,20.0,2024-07-05 18:29:00+00:00,Unknown,20.0,2024,7,5
77791,53061,21201,1,82.79,2024-11-30 02:48:39+00:00,"95044 Lan Springs, Rogahnland, UT 74142",82.79,2024,11,30
75755,53536,21607,2,71.99,2024-07-08 07:03:26+00:00,Unknown,143.98,2024,7,8
81628,53667,21537,1,21.99,2025-01-21 02:03:37+00:00,Unknown,21.99,2025,1,21
78341,55708,21226,1,69.9,2025-01-15 14:30:53+00:00,Unknown,69.9,2025,1,15
83142,53791,21069,1,21.75,2025-01-30 14:06:00+00:00,Unknown,21.75,2025,1,30
78627,54504,21132,1,21.5,2025-06-28 18:35:00+00:00,Unknown,21.5,2025,6,28
82923,54929,21230,5,26.0,2024-11-10 18:47:00+00:00,Unknown,130.0,2024,11,10
80692,53728,21266,1,60.0,2024-10-08 04:29:55+00:00,Unknown,60.0,2024,10,8
80260,55592,21569,1,65.75,2024-07-09 07:30:57.608000+00:00,Unknown,65.75,2024,7,9
81741,54809,21537,1,17.0,2024-09-12 22:27:17+00:00,Unknown,17.0,2024,9,12
77166,54494,21301,2,61.75,2025-03-04 14:12:53+00:00,Unknown,123.5,2025,3,4
80514,55801,20927,1,23.99,2025-02-25 17:25:34+00:00,Unknown,23.99,2025,2,25
75118,53222,21080,1,23.0,2024-09-25 02:13:00+00:00,Unknown,23.0,2024,9,25
78312,53404,21012,3,62.5,2024-11-05 12:25:00+00:00,"6943 Jamel Inlet, West Haywoodborough, CA 82903",187.5,2024,11,5
77117,54956,21293,2,60.5,2024-09-16 04:38:52+00:00,Unknown,121.0,2024,9,16
80163,54958,21142,1,38.0,2025-04-14 10:58:01+00:00,Unknown,38.0,2025,4,14
77996,55483,21369,2,61.0,2024-12-13 14:32:00+00:00,Unknown,122.0,2024,12,13
76215,55147,21627,1,20.0,2024-07-23 00:55:24+00:00,"Apt. 213 936 Stephenie Branch, Zackbury, CA 85488-5676",20.0,2024,7,23
78822,54015,21598,1,45.59,2024-07-02 07:36:00+00:00,Unknown,45.59,2024,7,2
78499,55383,21106,2,45.0,2025-02-17 03:49:30+00:00,Unknown,90.0,2025,2,17
82768,54537,21537,1,19.2,2025-03-01 17:35:27+00:00,Unknown,19.2,2025,3,1
77769,55590,21635,2,27.9,2025-04-08 18:41:43+00:00,Unknown,55.8,2025,4,8
75495,53467,21310,3,16.0,2025-03-07 12:20:00+00:00,Unknown,48.0,2025,3,7
73503,55323,21561,1,33.59,2024-11-27 04:15:44+00:00,"Apt. 883 667 Morissette Neck, West Dallasburgh, CO 16143",33.59,2024,11,27
82457,55664,21129,1,43.2,2025-02-06 10:31:00+00:00,Unknown,43.2,2025,2,6
78821,55101,21141,4,23.0,2024-09-30 19:31:05+00:00,Unknown,92.0,2024,9,30
80478,55679,21019,1,75.9,2025-03-27 09:52:57+00:00,Unknown,75.9,2025,3,27
81559,54264,21074,1,71.75,2025-04-08 08:45:36+00:00,Unknown,71.75,2025,4,8
80171,55125,21194,4,24.5,2024-08-25 17:58:00+00:00,"654 Chong Plaza, North Boyceburgh, CO 06882-3195",98.0,2024,8,25
75659,54202,20924,1,66.5,2024-09-10 16:34:09+00:00,"799 Lesch Lakes, Port Simoneland, KY 92472-8071",66.5,2024,9,10
75701,54462,21122,1,63.99,2025-07-19 16:55:23+00:00,"53335 Monnie Grove, Lake Sidney, NV 63739",63.99,2025,7,19
75095,53511,21504,1,50.25,2025-04-22 08:02:10+00:00,"7931 Noe Green, Lake Louis, NE 22889-7160",50.25,2025,4,22
73546,55608,21313,1,32.0,2024-11-14 12:35:57+00:00,Unknown,32.0,2024,11,14
80890,54046,20989,3,79.5,2024-11-04 02:38:24.868000+00:00,Unknown,238.5,2024,11,4
76961,54927,21407,3,32.7,2024-09-14 23:16:04+00:00,Unknown,98.1,2024,9,14
74921,53116,21455,1,54.0,2024-07-03 21:58:00+00:00,"759 Toby Pine, Nestorshire, KY 82705",54.0,2024,7,3
76586,54829,21534,1,24.0,2024-09-29 23:54:00+00:00,"Suite 389 232 Baumbach Port, Valdaton, IN 33229-3147",24.0,2024,9,29
79058,55569,21627,5,28.79,2025-05-11 06:44:31.213000+00:00,Unknown,143.95,2025,5,11
75279,53071,21574,1,26.25,2024-07-14 05:57:00+00:00,Unknown,26.25,2024,7,14
81049,53024,21425,1,42.75,2024-04-03 06:17:19+00:00,Unknown,42.75,2024,4,3
78713,54932,21542,1,50.75,2025-05-01 19:09:17+00:00,Unknown,50.75,2025,5,1
75678,53805,20970,1,43.99,2025-03-15 21:03:00+00:00,Unknown,43.99,2025,3,15
76941,54191,21453,2,66.5,2025-03-16 11:35:00+00:00,Unknown,133.0,2025,3,16
80961,53942,20956,1,64.0,2024-11-08 09:24:00+00:00,Unknown,64.0,2024,11,8
75133,53505,21316,3,25.8,2025-06-04 09:52:00+00:00,"9449 Schamberger Radial, South Evie, AZ 82383",77.4,2025,6,4
79273,54043,21332,2,47.5,2024-11-25 03:25:43+00:00,Unknown,95.0,2024,11,25
80855,54382,20957,1,67.19,2024-09-08 13:16:02+00:00,"8297 Collins Place, Welchfort, RI 90317-8953",67.19,2024,9,8
81073,53133,21047,1,55.0,2024-09-07 14:06:32+00:00,Unknown,55.0,2024,9,7
78476,54008,21307,1,64.5,2024-12-28 17:45:00+00:00,"Apt. 414 54462 Hallie Divide, North Adena, NV 12774-1085",64.5,2024,12,28
74789,54436,21630,1,56.0,2024-06-29 12:52:29+00:00,Unknown,56.0,2024,6,29
73777,54846,21299,2,24.5,2025-03-11 08:15:00+00:00,Unknown,49.0,2025,3,11
76986,55555,21500,1,72.75,2025-02-13 15:57:22.107000+00:00,"39903 Dimple Hollow, Littelmouth, NE 68902-4204",72.75,2025,2,13
82098,55374,21337,1,81.9,2024-12-11 22:51:00+00:00,"Apt. 756 9929 Grant Ports, Port Lacy, OK 12741",81.9,2024,12,11
75823,54252,21288,1,25.75,2025-01-28 14:50:30+00:00,Unknown,25.75,2025,1,28
79117,54744,21602,1,68.99,2025-02-04 10:44:04+00:00,Unknown,68.99,2025,2,4
75951,55064,21433,1,46.0,2024-10-06 14:47:00+00:00,Unknown,46.0,2024,10,6
82542,55085,20942,1,35.0,2024-11-10 14:31:46+00:00,Unknown,35.0,2024,11,10
81906,55641,21379,1,75.9,2025-03-21 23:45:00+00:00,Unknown,75.9,2025,3,21
78423,55689,21080,1,26.75,2025-02-17 00:34:21.138000+00:00,Unknown,26.75,2025,2,17
83146,55783,21360,1,59.99,2025-01-31 00:22:07+00:00,Unknown,59.99,2025,1,31
77366,53201,21346,2,47.99,2024-10-01 02:21:24+00:00,Unknown,95.98,2024,10,1
80088,54832,21253,1,68.5,2024-06-08 09:56:56+00:00,Unknown,68.5,2024,6,8
76904,54438,21386,1,45.5,2024-08-20 19:13:41+00:00,"Apt. 440 66310 Abbott Circles, Arlieside, SD 44591",45.5,2024,8,20
76849,55465,21181,1,48.5,2024-05-16 10:38:00+00:00,Unknown,48.5,2024,5,16
81988,53661,21247,2,52.0,2024-09-23 07:18:00+00:00,Unknown,104.0,2024,9,23
75827,55490,20918,2,15.0,2024-08-30 11:09:00+00:00,Unknown,30.0,2024,8,30
80183,53364,21369,1,56.5,2025-02-10 16:46:00+00:00,Unknown,56.5,2025,2,10
81225,54893,20973,2,28.5,2025-07-28 01:27:00+00:00,Unknown,57.0,2025,7,28
78445,54085,21524,1,61.5,2024-10-25 01:58:43+00:00,Unknown,61.5,2024,10,25
79201,54868,21358,1,46.0,2025-01-27 10:15:39.763000+00:00,Unknown,46.0,2025,1,27
81785,54229,21068,1,66.0,2024-11-14 15:29:00+00:00,Unknown,66.0,2024,11,14
77458,55198,21054,2,16.99,2024-11-04 14:46:23+00:00,Unknown,33.98,2024,11,4
75526,53477,20928,1,24.25,2025-06-15 03:21:45+00:00,Unknown,24.25,2025,6,15
80725,55783,21013,1,52.8,2025-02-20 07:58:16.134000+00:00,Unknown,52.8,2025,2,20
76101,55180,21636,2,52.5,2024-11-13 07:48:08+00:00,Unknown,105.0,2024,11,13
79500,53632,21330,1,53.1,2024-12-07 11:56:58+00:00,Unknown,53.1,2024,12,7
77684,53765,21101,1,18.0,2025-01-12 21:35:00+00:00,Unknown,18.0,2025,1,12
73945,53529,20976,1,52.5,2025-05-03 20:25:05+00:00,"4619 Isreal Centers, Rauside, MI 67336-4452",52.5,2025,5,3
75472,53686,21420,1,63.0,2024-09-25 19:54:00+00:00,Unknown,63.0,2024,9,25
74294,53405,21270,1,70.25,2024-07-09 13:23:42+00:00,Unknown,70.25,2024,7,9
76668,53658,21554,2,39.3,2024-09-21 11:13:19+00:00,Unknown,78.6,2024,9,21
73802,53749,21349,1,57.0,2024-09-08 23:59:54+00:00,"88826 Amos Knolls, Bobbyview, WY 80462-5136",57.0,2024,9,8
75162,55243,20970,1,40.25,2024-06-24 15:35:00+00:00,Unknown,40.25,2024,6,24
82838,53840,21352,3,36.0,2024-06-21 11:35:14+00:00,"Suite 587 4393 Chad Harbor, East Corazonton, KS 61879-2960",108.0,2024,6,21
74549,54809,21310,1,17.0,2025-03-31 13:43:32+00:00,Unknown,17.0,2025,3,31
77838,54104,21464,1,32.0,2024-12-30 16:16:38.069000+00:00,"Apt. 558 7552 Ryan Inlet, Margretfurt, CO 95701",32.0,2024,12,30
74738,53928,21040,1,56.99,2025-03-20 01:33:05+00:00,Unknown,56.99,2025,3,20
79394,55089,21367,1,38.25,2025-05-20 13:27:00+00:00,Unknown,38.25,2025,5,20
73362,54384,21371,1,19.5,2024-12-24 19:04:41+00:00,Unknown,19.5,2024,12,24
79988,55246,21161,1,42.9,2024-06-12 10:46:00+00:00,Unknown,42.9,2024,6,12
78742,53630,21340,1,18.75,2025-05-14 18:53:00+00:00,Unknown,18.75,2025,5,14
74540,54070,21456,3,51.0,2024-11-18 19:40:46+00:00,"Apt. 329 733 Hettinger View, Christiansenhaven, MO 19022-8044",153.0,2024,11,18
81953,54565,21402,3,70.5,2024-12-20 15:30:29+00:00,Unknown,211.5,2024,12,20
79757,55348,21076,2,67.8,2025-02-12 05:22:14+00:00,Unknown,135.6,2025,2,12
82469,53211,20996,1,46.25,2024-04-27 21:29:35+00:00,Unknown,46.25,2024,4,27
78817,54657,21200,1,42.0,2025-01-23 11:50:06+00:00,Unknown,42.0,2025,1,23
75224,55626,21420,1,68.0,2025-04-11 21:11:30+00:00,Unknown,68.0,2025,4,11
74395,55539,21087,1,29.0,2024-07-22 10:57:34+00:00,Unknown,29.0,2024,7,22
79734,55528,21302,1,23.4,2024-10-10 02:27:00+00:00,Unknown,23.4,2024,10,10
76059,53191,21280,3,23.99,2024-12-30 18:11:01+00:00,Unknown,71.97,2024,12,30
78554,55283,21185,1,35.99,2024-09-24 22:14:00+00:00,Unknown,35.99,2024,9,24
82139,53071,21551,1,49.8,2024-09-30 21:52:00+00:00,"5401 Lesli Shore, East Noble, NC 28507-2500",49.8,2024,9,30
80247,55497,21153,2,42.99,2025-02-01 01:16:00+00:00,Unknown,85.98,2025,2,1
74360,55347,21620,1,14.7,2025-01-21 08:50:10+00:00,Unknown,14.7,2025,1,21
78996,53212,21146,5,57.9,2024-12-04 14:14:00+00:00,Unknown,289.5,2024,12,4
75508,53121,21360,1,49.0,2024-06-08 18:32:41+00:00,"344 Walter Mission, Karlynborough, AR 51837",49.0,2024,6,8
73542,55665,21368,1,27.99,2024-05-02 03:50:00+00:00,"539 Sol Forks, Brownberg, AL 15708",27.99,2024,5,2
74323,55002,21319,1,54.5,2024-09-25 06:01:00+00:00,Unknown,54.5,2024,9,25
83022,53610,21459,1,22.0,2025-01-24 09:41:55.618000+00:00,Unknown,22.0,2025,1,24
76519,55232,21285,1,65.0,2025-04-17 02:25:00+00:00,"Suite 559 60491 Cummings Flats, Charleneside, NV 51293",65.0,2025,4,17
82205,54574,21120,1,37.25,2025-09-29 03:27:08+00:00,Unknown,37.25,2025,9,29
81557,54934,21257,2,56.39,2024-06-21 16:03:09+00:00,Unknown,112.78,2024,6,21
76972,53444,20944,1,41.99,2025-01-23 05:04:44+00:00,Unknown,41.99,2025,1,23
77315,55477,20952,2,40.25,2024-10-23 09:20:00+00:00,Unknown,80.5,2024,10,23
74886,55127,21053,1,52.0,2024-08-03 18:36:24+00:00,Unknown,52.0,2024,8,3
80091,54181,21131,1,49.5,2024-06-27 14:00:00+00:00,Unknown,49.5,2024,6,27
79899,55580,21127,3,53.5,2024-09-09 15:54:00+00:00,Unknown,160.5,2024,9,9
82427,55119,21583,1,16.99,2024-06-26 06:37:47+00:00,Unknown,16.99,2024,6,26
75794,53578,20995,1,51.25,2024-06-05 07:40:00+00:00,Unknown,51.25,2024,6,5
82558,55485,21333,2,31.5,2024-11-04 00:21:43+00:00,Unknown,63.0,2024,11,4
80061,54094,21048,1,65.75,2025-04-01 03:54:30+00:00,Unknown,65.75,2025,4,1
76408,53159,21581,1,34.2,2025-04-23 11:02:52+00:00,"951 Johnston Ville, Port Desmondland, IN 29072-0163",34.2,2025,4,23
79963,53697,21613,1,28.5,2025-02-20 07:38:14+00:00,"5112 Antwan Haven, South Jack, NJ 12541-4005",28.5,2025,2,20
79691,55405,21380,4,37.25,2024-04-24 07:22:46+00:00,Unknown,149.0,2024,4,24
74005,55484,21323,1,28.75,2024-10-22 15:28:28+00:00,Unknown,28.75,2024,10,22
80423,54026,21169,1,60.0,2025-01-18 07:42:00+00:00,Unknown,60.0,2025,1,18
73888,54419,20955,2,73.5,2024-04-23 01:23:00+00:00,"Apt. 992 1188 Shields Estate, North Georgiannemouth, MO 15797",147.0,2024,4,23
82499,53270,21165,2,19.99,2025-06-24 13:16:00+00:00,"8977 Kilback Knolls, New Craigborough, WY 83192",39.98,2025,6,24
83108,54009,21292,1,48.6,2024-12-14 21:26:53+00:00,Unknown,48.6,2024,12,14
74915,54972,21517,1,63.0,2024-11-02 12:55:13+00:00,Unknown,63.0,2024,11,2
74278,55507,21655,4,30.99,2024-11-15 04:38:09+00:00,Unknown,123.96,2024,11,15
80949,53904,21248,1,40.5,2024-11-17 05:36:21+00:00,Unknown,40.5,2024,11,17
75074,55679,21156,1,73.0,2024-11-15 08:07:38+00:00,"32767 Garland Park, West Dominica, IN 08921-0294",73.0,2024,11,15
76084,53428,21356,1,17.4,2025-03-02 11:52:00+00:00,"397 Herbert Manors, Port Micheal, MN 16114",17.4,2025,3,2
75748,53408,20918,1,19.75,2025-02-01 04:52:44+00:00,Unknown,19.75,2025,2,1
81411,53443,21001,1,36.5,2024-10-10 04:56:42+00:00,Unknown,36.5,2024,10,10
77353,55409,20998,1,49.5,2024-06-07 17:58:19+00:00,Unknown,49.5,2024,6,7
82448,55523,21038,1,50.0,2024-12-08 09:34:19+00:00,Unknown,50.0,2024,12,8
77904,53078,21276,1,30.0,2025-01-24 01:23:59+00:00,"Suite 909 36279 Adelle Bridge, South Leeannshire, NC 41989-2987",30.0,2025,1,24
80166,55295,21262,1,33.75,2024-10-14 20:01:29.963000+00:00,"Suite 999 1747 Ezra Turnpike, Ruthtown, WV 72370",33.75,2024,10,14
83157,53795,20987,1,68.0,2025-03-13 02:06:49.746000+00:00,Unknown,68.0,2025,3,13
77602,54209,21569,1,66.0,2025-06-11 22:17:00+00:00,Unknown,66.0,2025,6,11
82803,54339,21486,1,38.25,2024-09-27 05:24:05+00:00,Unknown,38.25,2024,9,27
73794,53220,21253,1,86.4,2024-08-16 16:54:45+00:00,"40178 Koch Light, New Lore, NY 97284-4893",86.4,2024,8,16
79986,54200,20917,3,41.0,2024-12-03 21:24:46+00:00,"Suite 298 1763 Ledner Fork, Brettton, IA 56014-9744",123.0,2024,12,3
77076,53539,21092,1,37.8,2024-11-19 20:30:10+00:00,Unknown,37.8,2024,11,19
77208,53236,21237,1,21.0,2025-05-17 09:23:58+00:00,Unknown,21.0,2025,5,17
79237,54663,20960,2,29.0,2025-05-18 16:51:37+00:00,Unknown,58.0,2025,5,18
75966,55012,21158,2,30.6,2024-11-09 09:00:08.622000+00:00,Unknown,61.2,2024,11,9
73970,54891,21109,3,66.0,2024-09-05 03:06:00+00:00,Unknown,198.0,2024,9,5
80051,54571,21440,1,32.0,2024-11-14 07:18:42.934000+00:00,Unknown,32.0,2024,11,14
78165,54822,21000,1,27.5,2024-11-24 04:06:03+00:00,Unknown,27.5,2024,11,24
82691,54135,21449,1,63.5,2025-02-07 04:51:16+00:00,Unknown,63.5,2025,2,7
77445,55508,21380,1,38.25,2024-12-18 08:49:00+00:00,"Suite 611 7966 Thersa Road, Irmgardfort, AR 43146",38.25,2024,12,18
81886,53153,21610,5,53.4,2024-07-13 02:03:44+00:00,Unknown,267.0,2024,7,13
75977,54281,21642,1,52.25,2025-06-28 03:12:00+00:00,Unknown,52.25,2025,6,28
73476,53082,21623,1,43.5,2025-01-08 09:29:29.411000+00:00,Unknown,43.5,2025,1,8
81078,54491,21259,3,23.5,2025-04-19 03:46:00+00:00,Unknown,70.5,2025,4,19
82296,53341,21450,1,48.5,2024-12-08 20:01:33+00:00,Unknown,48.5,2024,12,8
75422,53750,21052,1,87.6,2024-12-14 18:43:48+00:00,"73888 Hester Village, South Arielburgh, ID 80744",87.6,2024,12,14
80129,53953,21484,1,64.79,2024-10-03 17:15:54+00:00,Unknown,64.79,2024,10,3
81576,55277,21562,2,40.0,2025-03-25 12:55:32+00:00,Unknown,80.0,2025,3,25
82385,54671,21633,1,87.59,2025-03-28 04:35:27+00:00,Unknown,87.59,2025,3,28
79390,53631,21089,1,46.5,2024-06-13 20:39:00+00:00,"Apt. 807 417 Gregorio Track, South Willistown, MN 08255-9185",46.5,2024,6,13
74883,53117,21299,1,22.0,2025-05-26 12:29:55+00:00,Unknown,22.0,2025,5,26
77707,53973,21236,1,73.0,2025-02-05 12:54:21.252000+00:00,Unknown,73.0,2025,2,5
81031,55014,21059,1,47.0,2025-04-05 17:07:00+00:00,"122 Joan Underpass, Port Clinton, ID 96352-7877",47.0,2025,4,5
76167,55592,20944,1,42.6,2024-08-03 16:10:06+00:00,Unknown,42.6,2024,8,3
73633,54535,21237,1,24.6,2025-02-07 22:12:34+00:00,"Apt. 667 1115 Larkin Station, Botsfordshire, NC 65889",24.6,2025,2,7
81760,55692,21586,1,21.75,2025-02-22 02:05:26+00:00,"1366 Beier Key, Walshville, NV 72712-1754",21.75,2025,2,22
79611,53910,21484,1,69.0,2024-09-03 03:16:00+00:00,"495 Douglas Port, Franciscotown, WI 97743",69.0,2024,9,3
75390,53756,21475,1,35.5,2024-07-04 11:00:03+00:00,Unknown,35.5,2024,7,4
75211,53356,21319,2,51.0,2024-10-17 01:26:39+00:00,Unknown,102.0,2024,10,17
80667,53287,21439,1,45.5,2024-11-09 08:21:19.430000+00:00,Unknown,45.5,2024,11,9
75848,54736,20958,2,32.25,2024-08-13 18:21:00+00:00,Unknown,64.5,2024,8,13
79082,53153,21514,3,34.5,2024-11-30 14:12:24+00:00,Unknown,103.5,2024,11,30
82692,53748,21381,1,32.0,2025-05-01 18:41:09+00:00,Unknown,32.0,2025,5,1
79902,54121,21650,1,39.0,2025-01-30 17:30:00+00:00,Unknown,39.0,2025,1,30
81350,54564,21241,1,18.0,2025-04-17 03:04:00+00:00,Unknown,18.0,2025,4,17
80168,55073,21400,2,42.0,2024-07-13 17:33:00+00:00,Unknown,84.0,2024,7,13
75371,53272,21609,1,23.1,2024-09-07 18:03:37+00:00,Unknown,23.1,2024,9,7
76313,54776,21485,1,24.0,2025-04-06 00:14:00+00:00,Unknown,24.0,2025,4,6
80648,55781,21055,2,48.5,2024-12-14 05:22:38+00:00,Unknown,97.0,2024,12,14
77429,55751,20991,1,49.19,2024-10-28 18:24:00+00:00,Unknown,49.19,2024,10,28
78079,54296,21578,1,49.2,2025-09-10 08:41:30+00:00,"Suite 799 7064 Wolff Spring, North Aleen, NJ 17375-7066",49.2,2025,9,10
82620,54710,20971,1,18.5,2025-01-02 05:41:41+00:00,"4608 Kattie Courts, Grahamshire, NC 47796",18.5,2025,1,2
77174,53900,21147,2,26.5,2024-08-08 07:50:00+00:00,Unknown,53.0,2024,8,8
80844,54600,20925,1,42.25,2024-08-25 09:29:58+00:00,Unknown,42.25,2024,8,25
74545,54398,21093,2,65.75,2024-04-13 12:14:06+00:00,Unknown,131.5,2024,4,13
80252,55138,21620,1,15.0,2024-04-12 22:58:15+00:00,Unknown,15.0,2024,4,12
75485,54761,21049,1,72.0,2024-10-05 07:06:59+00:00,Unknown,72.0,2024,10,5
76794,54983,21624,1,62.0,2025-08-06 15:10:10+00:00,Unknown,62.0,2025,8,6
75783,53615,21631,1,17.0,2024-11-30 03:25:00+00:00,"Suite 804 7505 Haley Ferry, East Preston, TN 30069",17.0,2024,11,30
78619,55363,21270,1,67.99,2024-08-15 18:17:59+00:00,Unknown,67.99,2024,8,15
80001,54566,21359,1,72.99,2024-06-19 14:23:27+00:00,"Suite 341 87521 Schamberger Cove, Langland, AZ 76173-4470",72.99,2024,6,19
80449,54793,21438,3,74.1,2025-04-27 20:54:15+00:00,"5998 Sharleen Prairie, Larsonchester, MS 49894-4055",222.3,2025,4,27
78351,55221,21025,2,54.5,2024-04-19 10:54:30+00:00,Unknown,109.0,2024,4,19
75075,55455,21647,1,70.0,2025-04-16 13:31:42+00:00,"743 Howe Heights, Collinburgh, NE 39956",70.0,2025,4,16
82214,53676,21368,3,33.59,2024-12-22 18:49:37+00:00,Unknown,100.77,2024,12,22
76674,55718,21356,4,14.0,2024-08-18 02:00:00+00:00,"Suite 279 3180 Mercedez Cove, South Kimiko, MA 58124",56.0,2024,8,18
74014,53645,21247,1,52.0,2024-11-03 22:11:27+00:00,"2405 Bailey Squares, Mariselaside, MT 39925-2890",52.0,2024,11,3
73780,55212,21524,1,75.6,2024-04-16 17:57:00+00:00,Unknown,75.6,2024,4,16
81984,54013,21621,3,54.0,2024-08-10 01:44:35+00:00,"644 Hugh Mills, Mayaside, WV 71225-1346",162.0,2024,8,10
75730,53906,21636,4,53.75,2025-03-20 21:20:01+00:00,Unknown,215.0,2025,3,20
74284,55012,21150,3,65.5,2024-06-16 13:14:24+00:00,Unknown,196.5,2024,6,16
78251,53362,21428,1,26.0,2024-08-13 00:32:00+00:00,Unknown,26.0,2024,8,13
76500,54490,21101,1,16.75,2024-09-12 04:13:12+00:00,Unknown,16.75,2024,9,12
81502,54395,21149,1,14.0,2024-06-23 00:08:00+00:00,Unknown,14.0,2024,6,23
82748,54441,21222,1,75.0,2024-06-29 00:21:36+00:00,Unknown,75.0,2024,6,29
78744,53967,21633,1,85.8,2024-05-22 04:18:38.621000+00:00,Unknown,85.8,2024,5,22
75593,53877,21451,2,64.5,2025-04-02 16:51:19+00:00,Unknown,129.0,2025,4,2
82822,55293,21525,1,49.0,2024-05-17 19:41:50+00:00,Unknown,49.0,2024,5,17
79202,54462,21308,1,63.75,2025-01-21 13:25:44+00:00,"53335 Monnie Grove, Lake Sidney, NV 63739",63.75,2025,1,21
76641,55222,21183,2,47.5,2025-04-17 21:19:00+00:00,Unknown,95.0,2025,4,17
80516,53109,21074,2,68.0,2025-01-29 10:00:44.266000+00:00,Unknown,136.0,2025,1,29
79337,54776,21161,3,40.5,2024-09-29 23:48:00+00:00,Unknown,121.5,2024,9,29
78721,53723,21116,2,38.25,2024-10-25 18:24:34+00:00,"Suite 697 747 Weber Prairie, Brownport, IA 97443-5809",76.5,2024,10,25
74968,53133,21369,5,73.2,2025-04-07 17:13:00+00:00,Unknown,366.0,2025,4,7
80694,54357,21636,2,61.19,2024-05-05 11:10:30+00:00,Unknown,122.38,2024,5,5
79803,53377,21297,1,68.99,2024-12-19 18:27:12+00:00,Unknown,68.99,2024,12,19
79190,54259,21196,2,38.0,2024-09-24 07:28:52+00:00,"Apt. 948 8750 Monahan Street, North Meri, NJ 34137",76.0,2024,9,24
80144,53957,21128,1,65.0,2025-05-15 20:08:43+00:00,Unknown,65.0,2025,5,15
79876,55704,21289,1,46.0,2025-02-17 08:43:00+00:00,Unknown,46.0,2025,2,17
79311,53203,20958,1,30.0,2025-02-22 18:05:00+00:00,Unknown,30.0,2025,2,22
74896,54411,21643,1,34.75,2025-03-01 14:04:30+00:00,Unknown,34.75,2025,3,1
76754,55324,21145,1,22.2,2025-06-26 02:46:01.246000+00:00,Unknown,22.2,2025,6,26
74082,54036,21010,1,57.3,2025-05-31 20:23:46+00:00,Unknown,57.3,2025,5,31
80350,53323,21561,2,31.8,2024-10-11 08:20:00+00:00,Unknown,63.6,2024,10,11
73323,54830,21088,2,55.5,2024-10-20 21:17:17+00:00,"Suite 512 36567 Barton Knolls, Bartontown, MN 08666-5957",111.0,2024,10,20
74413,54034,21116,1,33.0,2024-03-14 01:15:03+00:00,Unknown,33.0,2024,3,14
78944,54152,21567,1,67.2,2024-06-05 00:31:00+00:00,Unknown,67.2,2024,6,5
81706,53766,21370,3,44.99,2024-11-03 13:03:43+00:00,Unknown,134.97,2024,11,3
74146,53260,21421,1,64.79,2024-12-15 18:30:43+00:00,"Apt. 318 874 Dibbert Mountains, Port Lavoniastad, UT 44547-5854",64.79,2024,12,15
83067,55817,21588,1,47.5,2025-02-19 05:06:36+00:00,Unknown,47.5,2025,2,19
77447,54142,21035,1,38.75,2024-07-19 15:22:47+00:00,"50289 Farrell Shoal, Laraeburgh, ND 79333",38.75,2024,7,19
73700,54976,20918,2,17.0,2024-07-20 11:55:53+00:00,Unknown,34.0,2024,7,20
76000,55753,21634,1,27.0,2024-07-04 16:15:52+00:00,Unknown,27.0,2024,7,4
78736,53628,21404,4,35.0,2025-01-13 12:48:41+00:00,"9228 Bruen Corner, Beerhaven, WV 18752",140.0,2025,1,13
79724,53998,21295,1,14.7,2025-04-22 02:09:09+00:00,Unknown,14.7,2025,4,22
77450,55032,21432,2,89.99,2025-05-19 20:12:58+00:00,Unknown,179.98,2025,5,19
73870,54634,21299,1,22.99,2024-01-10 20:32:32+00:00,Unknown,22.99,2024,1,10
80162,53317,21397,1,63.0,2024-09-06 00:32:00+00:00,Unknown,63.0,2024,9,6
75056,55329,21472,2,64.5,2025-02-20 06:21:36+00:00,"9756 Nicky Dale, Lake Kris, CA 57637",129.0,2025,2,20
80324,53971,21457,1,76.0,2024-10-21 06:37:37+00:00,"97893 Lamonica Valley, Manteview, SD 24949-2334",76.0,2024,10,21
81588,53127,21199,1,38.99,2025-01-19 12:52:54+00:00,Unknown,38.99,2025,1,19
73439,55625,21161,1,43.2,2025-01-15 08:58:20+00:00,"Apt. 222 1034 Forest Common, Beattymouth, NC 50353",43.2,2025,1,15
78388,54213,21195,1,45.6,2025-08-15 14:06:09+00:00,Unknown,45.6,2025,8,15
76589,53484,20967,2,36.99,2025-01-28 04:11:46+00:00,Unknown,73.98,2025,1,28
74009,54803,21474,1,51.5,2025-03-21 09:59:03.933000+00:00,Unknown,51.5,2025,3,21
81205,55127,21569,1,66.25,2024-04-29 17:23:00+00:00,Unknown,66.25,2024,4,29
74581,53784,21106,1,45.0,2025-04-11 19:49:43+00:00,Unknown,45.0,2025,4,11
82347,53790,21347,1,43.5,2024-12-01 06:19:32+00:00,Unknown,43.5,2024,12,1
81243,53040,21388,1,50.75,2024-11-06 03:07:30+00:00,Unknown,50.75,2024,11,6
74020,55184,21020,1,72.0,2024-07-30 04:34:29.694000+00:00,Unknown,72.0,2024,7,30
74039,54828,21481,2,22.0,2025-08-26 22:34:58+00:00,Unknown,44.0,2025,8,26
78315,53305,21084,2,74.0,2024-08-26 05:14:00+00:00,Unknown,148.0,2024,8,26
82740,55197,21427,1,62.0,2024-08-20 11:20:20+00:00,Unknown,62.0,2024,8,20
82496,55542,21219,3,55.0,2024-11-21 03:53:00+00:00,Unknown,165.0,2024,11,21
75356,55673,21563,1,54.5,2024-09-08 04:22:00+00:00,"1146 Porfirio Centers, Torphyside, CO 36145-8816",54.5,2024,9,8
78101,54003,21348,2,25.0,2024-11-11 13:58:55+00:00,"9834 Kuhn Mission, Bechtelarview, MD 32336",50.0,2024,11,11
75154,55317,21225,1,65.99,2024-06-15 04:50:59+00:00,Unknown,65.99,2024,6,15
80012,54914,21240,1,13.0,2025-06-21 11:16:00+00:00,Unknown,13.0,2025,6,21
80362,53491,20988,1,62.0,2025-06-25 22:38:00+00:00,"1955 Dibbert Lakes, Allenport, MD 49091",62.0,2025,6,25
78575,53495,21480,2,83.99,2024-10-23 23:39:39+00:00,Unknown,167.98,2024,10,23
73946,53827,21463,4,70.5,2025-05-02 19:53:54.766000+00:00,Unknown,282.0,2025,5,2
76111,55680,21011,1,45.0,2024-08-22 09:59:10+00:00,Unknown,45.0,2024,8,22
76211,53265,21602,1,67.25,2025-04-26 01:13:00+00:00,"Apt. 542 5104 Toshiko Causeway, East Malcolmborough, WI 35723",67.25,2025,4,26
75377,53229,20921,1,22.8,2025-05-08 12:43:00+00:00,Unknown,22.8,2025,5,8
73509,54917,21369,1,57.0,2025-07-31 06:14:00+00:00,Unknown,57.0,2025,7,31
78838,54246,21276,2,27.0,2025-02-19 02:47:40+00:00,"8497 Bosco Mills, Reynoldsville, OH 84829",54.0,2025,2,19
74676,55613,21240,1,22.5,2024-08-09 18:30:11.459000+00:00,"Apt. 713 14344 Marcus Radial, North Markus, IL 72955",22.5,2024,8,9
77313,54669,20978,2,60.0,2025-02-06 20:22:48+00:00,Unknown,120.0,2025,2,6
75784,54243,21453,1,70.75,2024-10-28 18:30:13+00:00,Unknown,70.75,2024,10,28
73618,54591,21015,1,63.75,2024-09-08 16:01:38+00:00,Unknown,63.75,2024,9,8
74889,53583,21429,1,36.5,2024-08-26 18:52:00+00:00,Unknown,36.5,2024,8,26
82254,55639,21476,1,74.0,2024-11-26 08:08:23+00:00,"Suite 784 683 Lean Radial, South Shane, VT 51021-6977",74.0,2024,11,26
80597,55743,21617,3,22.0,2025-02-27 06:40:00+00:00,Unknown,66.0,2025,2,27
80996,54093,21295,1,15.0,2024-11-28 10:20:39+00:00,"47714 Bartell Plains, Port Chasity, CA 80840",15.0,2024,11,28
76402,53352,21336,1,65.0,2024-09-01 21:34:50+00:00,Unknown,65.0,2024,9,1
77660,53337,21130,1,52.5,2025-05-28 08:26:49+00:00,"Apt. 947 9997 Bartoletti Islands, North Karlyn, ND 83068",52.5,2025,5,28
82072,55185,21557,1,82.2,2024-07-17 14:26:17+00:00,Unknown,82.2,2024,7,17
80917,54809,20979,1,81.9,2024-10-05 15:50:06+00:00,"Apt. 313 665 Mariano Via, New Leigh, PA 25408",81.9,2024,10,5
80643,53107,21211,1,49.8,2024-08-22 18:45:00+00:00,Unknown,49.8,2024,8,22
73756,54467,21380,1,43.2,2025-01-17 05:31:16+00:00,"Suite 366 429 Georgiana Motorway, East Reed, HI 67374-1735",43.2,2025,1,17
81242,55095,21359,1,70.25,2025-09-12 02:28:24+00:00,Unknown,70.25,2025,9,12
76253,54726,21471,1,27.0,2024-10-25 17:39:56+00:00,Unknown,27.0,2024,10,25
74058,53935,21615,1,45.5,2025-05-09 23:27:04+00:00,Unknown,45.5,2025,5,9
82078,54283,21238,1,59.99,2025-01-15 11:24:05+00:00,Unknown,59.99,2025,1,15
80862,55774,21096,2,87.6,2024-12-10 15:51:00+00:00,Unknown,175.2,2024,12,10
75184,53590,21435,4,53.0,2025-01-09 23:46:00+00:00,Unknown,212.0,2025,1,9
75523,55803,21362,3,59.4,2025-06-24 09:55:43+00:00,"545 Parisian Garden, Kozeychester, KY 16105",178.2,2025,6,24
81490,54755,21200,4,45.0,2025-01-11 12:15:11+00:00,Unknown,180.0,2025,1,11
82091,54864,20937,1,25.75,2024-07-29 07:01:20+00:00,Unknown,25.75,2024,7,29
80121,54010,21259,1,23.0,2024-05-25 18:10:46+00:00,Unknown,23.0,2024,5,25
75281,55126,21103,1,64.5,2024-10-04 17:58:26+00:00,Unknown,64.5,2024,10,4
75235,55226,21212,1,33.0,2024-09-07 02:26:00+00:00,Unknown,33.0,2024,9,7
82286,53469,21133,1,79.2,2025-04-25 22:01:37+00:00,Unknown,79.2,2025,4,25
73856,53073,21022,1,65.5,2025-07-05 02:37:20+00:00,"6448 West Locks, Port Dick, WA 15968",65.5,2025,7,5
82625,53809,20965,1,58.99,2024-12-05 02:29:11+00:00,Unknown,58.99,2024,12,5
74023,55178,20969,1,20.0,2025-01-03 06:06:56+00:00,"68709 Balistreri Divide, Port Chasechester, LA 73077",20.0,2025,1,3
78762,55227,21055,1,45.0,2024-08-03 16:32:45+00:00,"7815 Travis Circles, Port Cassey, VT 82665-3251",45.0,2024,8,3
81619,55371,20971,5,19.2,2024-05-10 04:51:49+00:00,Unknown,96.0,2024,5,10
78356,55130,21227,1,87.0,2024-11-12 13:50:04+00:00,Unknown,87.0,2024,11,12
82945,55217,21546,5,62.39,2024-11-04 12:06:00+00:00,"Apt. 983 4140 Nienow Terrace, Daronfurt, UT 60950",311.95,2024,11,4
75230,53606,21023,1,13.5,2024-08-16 18:23:14.579000+00:00,"Apt. 722 230 Davis Radial, Heaneyville, FL 87032-1474",13.5,2024,8,16
79968,53106,21229,1,20.0,2025-03-19 22:34:00+00:00,Unknown,20.0,2025,3,19
73475,54523,21582,1,72.9,2025-03-04 18:45:23+00:00,Unknown,72.9,2025,3,4
82724,53551,21071,1,66.9,2025-03-23 19:13:00+00:00,Unknown,66.9,2025,3,23
74737,55239,21504,3,54.5,2024-07-31 21:52:00+00:00,Unknown,163.5,2024,7,31
76875,55168,21147,1,26.25,2024-11-30 02:16:00+00:00,Unknown,26.25,2024,11,30
79317,54555,21333,3,30.25,2025-04-27 11:18:00+00:00,Unknown,90.75,2025,4,27
79916,55116,20968,1,79.5,2024-09-18 23:56:52+00:00,Unknown,79.5,2024,9,18
74629,54964,21263,1,57.5,2024-11-24 02:34:46+00:00,Unknown,57.5,2024,11,24
81942,55744,21098,1,67.99,2025-04-25 01:38:00+00:00,"776 Zieme Hollow, Terrellbury, WI 83516-7617",67.99,2025,4,25
75113,53309,20969,5,20.0,2024-09-07 06:46:00+00:00,Unknown,100.0,2024,9,7
77069,53522,21179,1,57.0,2025-01-21 02:27:42+00:00,"Apt. 765 139 Julius Cove, Lake Emil, MA 81386-9490",57.0,2025,1,21
75740,53065,21048,2,61.75,2025-02-05 00:04:00+00:00,"Apt. 152 66777 Timothy Canyon, Ivoryborough, MO 92629",123.5,2025,2,5
76962,53732,21169,3,62.5,2024-10-10 13:00:10+00:00,Unknown,187.5,2024,10,10
76463,54669,21050,1,13.25,2024-09-15 02:30:59+00:00,"Apt. 147 80101 Runte Parkways, Shirleenchester, OK 47065-9696",13.25,2024,9,15
74992,53230,21397,1,63.0,2025-02-28 15:32:01+00:00,Unknown,63.0,2025,2,28
73790,53248,21356,1,15.75,2024-10-17 11:21:56.802000+00:00,"67739 Ankunding Crest, South Cyrusfort, CT 30601",15.75,2024,10,17
83141,54526,21064,1,46.2,2024-08-10 00:53:03+00:00,Unknown,46.2,2024,8,10
81497,54403,21281,2,85.8,2024-08-16 20:51:35+00:00,Unknown,171.6,2024,8,16
73489,55613,21635,1,24.5,2024-04-20 06:01:55+00:00,Unknown,24.5,2024,4,20
80426,54033,21436,1,35.0,2024-11-13 17:33:03.789000+00:00,Unknown,35.0,2024,11,13
81054,54167,21648,1,38.39,2024-08-14 05:28:09+00:00,Unknown,38.39,2024,8,14
73914,54913,21049,1,69.0,2024-10-12 13:54:10.857000+00:00,Unknown,69.0,2024,10,12
77042,55286,21485,1,17.25,2025-01-19 18:30:37+00:00,Unknown,17.25,2025,1,19
79336,54145,21057,1,41.1,2024-12-12 06:43:15+00:00,Unknown,41.1,2024,12,12
82258,53428,21460,4,30.0,2025-03-21 03:34:48+00:00,Unknown,120.0,2025,3,21
79790,55829,20931,3,58.75,2024-09-16 00:24:49+00:00,Unknown,176.25,2024,9,16
80915,55389,21399,3,81.9,2025-01-15 12:14:33+00:00,Unknown,245.7,2025,1,15
81287,54610,21521,1,52.75,2025-01-29 22:12:19+00:00,Unknown,52.75,2025,1,29
79286,54179,21166,2,47.25,2024-11-15 20:36:13+00:00,Unknown,94.5,2024,11,15
83033,54882,21096,1,73.75,2025-01-27 14:05:00+00:00,"Apt. 676 82800 Lesch Vista, Lake Juliusmouth, WY 03114",73.75,2025,1,27
77110,55442,21326,1,85.2,2024-07-16 13:38:00+00:00,Unknown,85.2,2024,7,16
79673,53955,21151,5,36.99,2024-09-26 10:13:00+00:00,Unknown,184.95,2024,9,26
75876,54377,21065,1,24.75,2025-05-07 02:00:43+00:00,Unknown,24.75,2025,5,7
75059,54563,21195,1,51.3,2025-07-07 21:43:01+00:00,Unknown,51.3,2025,7,7
79401,54322,21038,2,53.99,2024-07-10 06:18:00+00:00,Unknown,107.98,2024,7,10
81905,53887,21198,2,37.0,2025-02-07 23:46:24+00:00,Unknown,74.0,2025,2,7
73583,54719,21542,1,47.5,2025-01-27 02:37:05+00:00,Unknown,47.5,2025,1,27
79166,55193,21233,1,44.5,2025-06-15 02:13:53+00:00,Unknown,44.5,2025,6,15
77112,55478,21568,1,71.0,2024-05-17 19:32:31+00:00,"4772 Reinger Street, Raymundobury, VT 41821-1820",71.0,2024,5,17
75012,54673,21621,1,52.8,2024-07-25 04:15:33+00:00,Unknown,52.8,2024,7,25
76531,54525,21204,1,22.5,2024-06-19 20:52:54+00:00,"Apt. 724 92895 Sam Viaduct, Stammstad, FL 21607-8317",22.5,2024,6,19
76354,53938,21120,1,38.0,2024-10-13 00:47:00+00:00,Unknown,38.0,2024,10,13
82353,53554,21599,1,16.75,2024-11-02 13:59:43.552000+00:00,Unknown,16.75,2024,11,2
77081,55333,21266,1,74.1,2025-04-04 19:17:00+00:00,Unknown,74.1,2025,4,4
76143,53129,21441,1,15.75,2024-07-02 10:12:00+00:00,"Suite 205 5645 Wyman Ridges, Rauberg, OH 37728-6869",15.75,2024,7,2
81701,53623,21058,5,49.5,2024-06-11 23:56:21+00:00,Unknown,247.5,2024,6,11
80596,55379,21415,1,21.0,2025-01-12 08:44:42+00:00,Unknown,21.0,2025,1,12
73682,55238,20923,2,36.6,2024-11-09 16:05:24+00:00,"Suite 677 47815 Lenny Locks, Mirthachester, FL 43993",73.2,2024,11,9
81042,53431,21331,2,64.0,2024-11-13 05:29:47+00:00,Unknown,128.0,2024,11,13
80079,53106,21449,1,68.5,2024-04-15 09:41:00+00:00,"9097 Hettinger Route, Capriceside, WV 25832",68.5,2024,4,15
74151,53267,20925,1,45.0,2025-03-03 10:38:47.138000+00:00,Unknown,45.0,2025,3,3
74584,55179,21244,1,14.75,2025-05-10 02:55:00+00:00,Unknown,14.75,2025,5,10
81848,54026,20941,3,24.0,2024-11-18 11:34:47.516000+00:00,Unknown,72.0,2024,11,18
77024,54760,21109,2,69.6,2024-10-20 00:03:39+00:00,"437 Octavio Pass, Port Ayako, HI 04526",139.2,2024,10,20
80223,53222,21225,2,55.75,2025-03-21 00:12:55+00:00,Unknown,111.5,2025,3,21
81599,53551,21358,1,49.8,2024-09-14 22:11:00+00:00,Unknown,49.8,2024,9,14
79779,54862,21601,1,37.5,2024-11-15 16:13:49+00:00,Unknown,37.5,2024,11,15
76355,54146,21557,1,67.0,2024-06-12 21:49:04+00:00,Unknown,67.0,2024,6,12
78871,54007,21327,1,73.75,2025-01-05 21:15:57+00:00,Unknown,73.75,2025,1,5
80818,55101,21430,5,29.0,2025-01-09 00:40:05+00:00,Unknown,145.0,2025,1,9
78157,53531,21422,1,29.99,2025-02-22 22:43:00+00:00,Unknown,29.99,2025,2,22
78213,53963,21500,1,71.0,2024-09-09 06:37:56+00:00,Unknown,71.0,2024,9,9
81040,53953,21011,1,41.4,2025-05-28 09:33:44+00:00,Unknown,41.4,2025,5,28
74221,53870,20951,1,59.75,2024-05-24 20:56:38+00:00,"Suite 804 504 Synthia Lodge, West Jeana, RI 19222",59.75,2024,5,24
77594,54628,21505,1,30.0,2024-11-19 17:52:43.493000+00:00,"Suite 374 3411 Ullrich Square, South Kirstinfurt, MA 75491-3784",30.0,2024,11,19
73917,54871,21489,1,60.0,2024-11-28 17:02:16+00:00,"Apt. 115 174 Dana Key, West Nadabury, ID 20666-2471",60.0,2024,11,28
76826,54685,21262,1,42.6,2024-08-12 21:25:07+00:00,"Suite 853 582 Schmeler Camp, Lake Nestor, NJ 94596",42.6,2024,8,12
82426,55212,21305,1,45.0,2024-11-09 16:15:11+00:00,Unknown,45.0,2024,11,9
80543,54387,21526,1,24.5,2025-02-03 14:20:52+00:00,Unknown,24.5,2025,2,3
80879,55769,21377,1,53.99,2024-10-20 10:06:00+00:00,Unknown,53.99,2024,10,20
81609,54034,21326,1,75.5,2024-07-24 06:14:00+00:00,Unknown,75.5,2024,7,24
79948,54965,21146,1,56.1,2024-09-26 03:47:00+00:00,"959 Kiehn Lane, West Cleotilde, CA 51390",56.1,2024,9,26
77879,54671,21223,1,68.0,2025-02-10 19:36:00+00:00,Unknown,68.0,2025,2,10
75934,55384,20928,1,20.5,2024-10-14 20:41:02+00:00,Unknown,20.5,2024,10,14
80920,54925,21387,1,17.5,2025-03-06 01:30:44+00:00,Unknown,17.5,2025,3,6
80771,54230,21166,1,57.3,2024-12-10 06:00:31+00:00,Unknown,57.3,2024,12,10
79940,54745,21368,1,27.3,2024-10-13 11:36:16+00:00,Unknown,27.3,2024,10,13
76655,55192,20975,1,83.1,2024-08-09 05:56:00+00:00,"Apt. 142 6277 Marcelino Unions, Faheyhaven, OR 42296",83.1,2024,8,9
80107,53187,21297,1,70.0,2024-08-14 15:43:28+00:00,Unknown,70.0,2024,8,14
76280,55402,21027,5,28.0,2024-08-02 15:03:36+00:00,"39608 Kozey Trace, Mitchborough, GA 80635",140.0,2024,8,2
75104,55529,21210,5,21.5,2024-09-02 11:33:42.016000+00:00,Unknown,107.5,2024,9,2
82812,54944,21576,1,50.0,2025-03-15 02:07:07+00:00,Unknown,50.0,2025,3,15
81909,54433,21546,2,58.79,2024-12-29 05:36:00+00:00,Unknown,117.58,2024,12,29
73654,54334,21517,3,67.0,2025-02-16 08:26:00+00:00,Unknown,201.0,2025,2,16
82398,55260,20995,1,54.5,2024-10-30 11:40:37+00:00,Unknown,54.5,2024,10,30
74834,54097,21025,1,61.8,2024-11-25 10:25:37+00:00,Unknown,61.8,2024,11,25
76565,55698,21133,5,81.59,2025-05-13 07:39:35+00:00,"Apt. 552 47051 Marissa Mountains, West Margo, ND 41032-4325",407.95,2025,5,13
78425,55337,21498,1,23.4,2025-01-06 10:26:00+00:00,"444 Ward Route, West Jarod, NV 11106-9171",23.4,2025,1,6
81478,54957,21087,1,33.3,2025-06-09 06:54:39+00:00,Unknown,33.3,2025,6,9
80085,55778,21364,1,64.25,2024-10-11 01:46:17+00:00,Unknown,64.25,2024,10,11
74352,54989,21061,1,53.1,2024-07-30 17:47:37+00:00,"Apt. 492 38951 Palma Plaza, Port Kimberleychester, WA 12007",53.1,2024,7,30
76715,54852,21351,3,63.6,2024-12-08 09:51:58+00:00,Unknown,190.8,2024,12,8
77336,54889,21184,1,82.5,2024-07-20 20:39:22+00:00,"Suite 824 104 Jaime Village, Marlonland, NH 68094",82.5,2024,7,20
73473,55219,20938,1,32.1,2024-08-16 13:19:09+00:00,Unknown,32.1,2024,8,16
80190,54141,21645,2,52.0,2024-12-25 06:24:00+00:00,"Suite 155 12862 Rory Bypass, West Larrytown, PA 96255",104.0,2024,12,25
79882,53311,21495,4,24.75,2025-01-12 20:45:18+00:00,Unknown,99.0,2025,1,12
76234,53996,21280,1,20.0,2025-03-08 19:34:40.845000+00:00,Unknown,20.0,2025,3,8
74109,53930,20944,3,33.5,2025-02-18 07:33:12+00:00,Unknown,100.5,2025,2,18
81718,53382,21070,1,26.99,2024-11-12 09:38:00+00:00,"Apt. 296 374 Volkman Loop, Lake Sammy, HI 34306-6223",26.99,2024,11,12
79374,55389,20919,5,86.39,2025-01-20 13:56:20+00:00,"Apt. 639 5318 Lehner Skyway, Cormierland, MO 82049-5936",431.95,2025,1,20
79952,55407,20956,1,77.4,2025-08-03 03:06:44+00:00,Unknown,77.4,2025,8,3
80600,53961,21605,1,22.5,2024-05-29 05:07:34+00:00,Unknown,22.5,2024,5,29
80205,55017,21475,1,44.4,2024-05-07 09:29:55.842000+00:00,"26964 Stark Springs, North Neville, CT 84058",44.4,2024,5,7
77475,55512,21359,1,74.75,2024-04-26 18:49:00+00:00,Unknown,74.75,2024,4,26
75996,53660,20953,1,47.0,2025-03-26 01:03:00+00:00,"Apt. 693 9831 George Streets, East Sharenburgh, CO 50970-1557",47.0,2025,3,26
80457,53330,20947,1,30.0,2024-07-03 14:58:11+00:00,Unknown,30.0,2024,7,3
79148,55583,21359,1,72.75,2024-12-02 20:15:23+00:00,Unknown,72.75,2024,12,2
81511,54307,21140,1,71.0,2025-02-09 11:54:21+00:00,"16402 Ingrid Forge, East Elizbeth, SC 75429",71.0,2025,2,9
81788,53228,21260,1,55.0,2024-08-31 14:54:06+00:00,Unknown,55.0,2024,8,31
76768,53848,21187,1,66.0,2025-02-03 01:21:00+00:00,"Apt. 799 88318 Haag Mission, Port Cheryll, SC 33429",66.0,2025,2,3
74716,55353,21610,1,44.75,2024-10-19 21:11:09+00:00,Unknown,44.75,2024,10,19
81316,54578,21614,1,87.6,2025-01-07 15:42:26+00:00,Unknown,87.6,2025,1,7
77672,55386,21630,1,54.25,2024-06-27 18:54:32+00:00,"Apt. 195 9523 Quitzon Islands, South Tyron, IA 53378-2848",54.25,2024,6,27
83076,54459,21573,1,22.0,2024-05-22 18:24:07+00:00,Unknown,22.0,2024,5,22
75024,54154,21286,1,35.0,2024-08-17 08:58:27+00:00,"387 Tien Land, East Arlettafort, MA 52941-6883",35.0,2024,8,17
80670,53268,21132,1,19.5,2024-08-11 21:11:06+00:00,"548 Laraine Cape, New Candida, WY 46707",19.5,2024,8,11
82342,53561,21118,1,55.2,2024-09-15 03:11:47+00:00,Unknown,55.2,2024,9,15
75005,53287,21423,1,71.0,2025-02-15 22:33:00+00:00,Unknown,71.0,2025,2,15
77172,54817,20919,1,70.0,2024-07-12 19:40:13+00:00,Unknown,70.0,2024,7,12
78189,54893,21098,1,62.5,2025-01-27 05:41:47+00:00,Unknown,62.5,2025,1,27
75442,53260,21566,1,57.9,2025-03-06 12:12:18+00:00,Unknown,57.9,2025,3,6
78530,54989,21343,1,23.4,2025-03-10 09:17:07+00:00,Unknown,23.4,2025,3,10
75448,55562,21137,1,42.99,2025-01-04 00:43:09+00:00,Unknown,42.99,2025,1,4
82237,55805,21073,1,39.0,2025-03-03 11:16:22.638000+00:00,Unknown,39.0,2025,3,3
81862,53697,21618,2,41.75,2024-12-29 13:19:59+00:00,Unknown,83.5,2024,12,29
77023,54322,21347,1,43.5,2025-01-12 22:26:07+00:00,Unknown,43.5,2025,1,12
75326,54429,20979,1,85.8,2024-07-30 17:26:47+00:00,Unknown,85.8,2024,7,30
75634,55533,21306,2,36.0,2025-01-22 04:50:48+00:00,Unknown,72.0,2025,1,22
80276,55053,21611,1,74.1,2024-09-27 11:23:03+00:00,Unknown,74.1,2024,9,27
78589,54338,21005,1,22.79,2024-11-25 20:55:55+00:00,"26314 D'Amore Lodge, Lake Tiaraburgh, SD 89843-7840",22.79,2024,11,25
81489,53649,20952,1,47.4,2025-03-20 13:24:42+00:00,Unknown,47.4,2025,3,20
78579,55170,21146,1,49.0,2024-10-03 22:19:21+00:00,Unknown,49.0,2024,10,3
78731,54821,21471,2,23.5,2024-11-22 21:15:05+00:00,Unknown,47.0,2024,11,22
78456,54249,21013,2,42.75,2025-09-12 04:29:00+00:00,"Apt. 956 92174 Yolanda Branch, New Zackary, AK 15715",85.5,2025,9,12
82467,53052,20964,2,73.99,2024-10-17 14:31:31+00:00,Unknown,147.98,2024,10,17
81133,55626,21459,2,24.0,2024-12-09 10:21:00+00:00,Unknown,48.0,2024,12,9
81069,53967,21572,1,26.5,2024-08-16 03:02:31+00:00,Unknown,26.5,2024,8,16
76952,55775,21522,1,52.0,2024-08-18 18:42:14+00:00,Unknown,52.0,2024,8,18
78296,55591,21552,1,33.99,2025-02-20 02:05:00+00:00,Unknown,33.99,2025,2,20
77432,53630,20924,5,63.75,2025-06-23 13:44:34+00:00,Unknown,318.75,2025,6,23
73886,55367,21227,1,68.5,2024-10-15 06:20:28+00:00,"Suite 455 160 Chantay Summit, New Bryan, MI 50593-0792",68.5,2024,10,15
82595,55040,21373,2,23.99,2024-11-21 11:53:06+00:00,Unknown,47.98,2024,11,21
77218,53299,21292,1,49.5,2025-02-07 07:58:00+00:00,"836 Aleida Square, West Margarito, NV 12265",49.5,2025,2,7
81033,53762,21375,1,32.99,2024-05-16 16:54:47+00:00,Unknown,32.99,2024,5,16
79566,55142,21509,2,16.0,2024-03-02 22:29:10.470000+00:00,Unknown,32.0,2024,3,2
75481,55763,21432,3,72.5,2025-03-09 17:00:00+00:00,"Suite 952 230 Junie Passage, West Christian, AL 01164-2052",217.5,2025,3,9
82905,54195,21636,1,53.0,2024-11-10 01:00:45+00:00,"20761 Shayla Route, Linneachester, RI 17074",53.0,2024,11,10
74358,53062,21515,1,74.75,2025-01-31 03:03:00+00:00,Unknown,74.75,2025,1,31
82197,55183,21534,1,31.2,2024-05-06 19:49:49+00:00,Unknown,31.2,2024,5,6
81393,54668,21256,1,58.99,2025-02-04 06:52:00+00:00,Unknown,58.99,2025,2,4
79410,55673,21122,1,74.7,2024-08-26 23:23:00+00:00,Unknown,74.7,2024,8,26
78682,53811,21315,5,64.75,2025-07-18 13:03:00+00:00,Unknown,323.75,2025,7,18
77730,53881,21240,3,14.25,2025-04-12 21:39:00+00:00,Unknown,42.75,2025,4,12
77710,53746,21481,1,20.5,2024-11-20 05:07:10.812000+00:00,Unknown,20.5,2024,11,20
77773,55480,21293,2,68.4,2025-01-16 11:30:45+00:00,Unknown,136.8,2025,1,16
73963,53365,21280,3,20.0,2024-12-14 19:52:15+00:00,Unknown,60.0,2024,12,14
82146,54868,21484,3,68.7,2025-01-24 03:41:53+00:00,Unknown,206.1,2025,1,24
77499,55058,21072,3,84.6,2024-07-22 18:59:28+00:00,Unknown,253.8,2024,7,22
75416,55614,21393,1,43.99,2025-05-14 21:26:30+00:00,Unknown,43.99,2025,5,14
74976,55408,21467,1,57.6,2025-03-31 16:34:00+00:00,"Suite 139 9328 Grimes Crest, East Abe, OH 92900",57.6,2025,3,31
75745,55553,21420,2,76.8,2025-05-26 02:34:58.237000+00:00,Unknown,153.6,2025,5,26
80200,55366,20962,1,81.6,2024-11-15 18:11:28+00:00,Unknown,81.6,2024,11,15
76071,53551,21470,3,71.25,2024-07-10 14:01:34.755000+00:00,Unknown,213.75,2024,7,10
81632,54650,21474,1,63.3,2024-09-03 17:24:35+00:00,Unknown,63.3,2024,9,3
80267,54438,21437,1,65.75,2024-06-09 23:16:42+00:00,Unknown,65.75,2024,6,9
78866,53889,21632,4,25.8,2024-12-22 14:45:00+00:00,Unknown,103.2,2024,12,22
74349,55451,21013,1,40.25,2024-06-22 17:17:00+00:00,Unknown,40.25,2024,6,22
79192,54107,21204,2,20.0,2024-08-20 03:36:51+00:00,Unknown,40.0,2024,8,20
79256,54623,21172,1,19.8,2025-04-11 16:20:00+00:00,Unknown,19.8,2025,4,11
74144,55821,21021,1,42.5,2024-06-18 06:41:24+00:00,"Apt. 782 8699 Kris Via, Heathcoteborough, HI 65619-0672",42.5,2024,6,18
75034,54721,21231,1,71.0,2024-07-23 07:26:00+00:00,"Apt. 987 6044 Jaskolski Curve, Auershire, MO 12984-0414",71.0,2024,7,23
76459,53886,21007,1,31.75,2025-01-12 15:48:12+00:00,"687 Deloise Overpass, East Aleen, WA 57226-2094",31.75,2025,1,12
77102,55243,21308,1,61.25,2024-11-02 02:21:55.471000+00:00,"Suite 111 72920 Weldon Motorway, North Lyndsay, DE 39837-2172",61.25,2024,11,2
73891,55625,21015,1,63.75,2024-09-06 18:47:48+00:00,Unknown,63.75,2024,9,6
79909,53429,21097,4,14.99,2024-09-08 22:02:42+00:00,"2031 Gerhold Curve, Haaghaven, DE 40876",59.96,2024,9,8
76043,54907,21406,1,53.75,2025-04-05 10:25:31+00:00,Unknown,53.75,2025,4,5
80721,54438,21017,2,70.8,2025-01-07 17:26:09+00:00,Unknown,141.6,2025,1,7
75800,55340,21061,1,55.8,2025-03-21 21:21:57+00:00,Unknown,55.8,2025,3,21
73822,53267,20924,1,68.25,2024-12-06 18:53:00+00:00,Unknown,68.25,2024,12,6
76824,55649,21209,2,47.25,2024-12-28 17:29:00+00:00,Unknown,94.5,2024,12,28
82172,54951,21217,1,31.75,2024-06-16 14:10:00+00:00,"52499 Lonny Drive, New Margrett, DE 05760",31.75,2024,6,16
76225,53805,21241,2,20.0,2025-01-24 11:10:57.839000+00:00,"58820 Zboncak Unions, Sylvieside, NE 78587-3949",40.0,2025,1,24
82434,55491,20976,2,51.75,2025-03-26 14:36:00+00:00,"991 Yundt Vista, East Kenishaborough, IN 90420-5741",103.5,2025,3,26
74595,53706,21450,1,62.4,2024-08-01 00:13:00+00:00,Unknown,62.4,2024,8,1
82755,53894,21451,1,59.25,2024-07-30 15:54:00+00:00,"Suite 579 731 Margret Gardens, Pedroville, NY 81212",59.25,2024,7,30
81970,55007,21406,1,69.0,2025-05-13 06:22:12+00:00,Unknown,69.0,2025,5,13
76814,55162,21488,1,28.8,2025-07-02 04:43:17+00:00,Unknown,28.8,2025,7,2
81307,53452,21556,1,29.4,2025-02-13 07:18:02+00:00,Unknown,29.4,2025,2,13
78761,53030,21249,1,69.5,2024-09-12 17:29:16+00:00,Unknown,69.5,2024,9,12
82944,54260,21341,1,57.9,2024-10-16 16:19:51+00:00,"Suite 804 19298 Sang Station, Abbottfurt, IL 38455",57.9,2024,10,16
77540,53346,20944,3,34.0,2025-01-11 16:15:36+00:00,Unknown,102.0,2025,1,11
76797,55552,21255,1,38.0,2024-08-01 07:13:36+00:00,"67880 Federico Trail, McCulloughborough, NV 93479-8341",38.0,2024,8,1
74298,53321,21272,1,64.75,2024-06-13 10:19:43.434000+00:00,Unknown,64.75,2024,6,13
78691,53368,21399,1,79.8,2025-03-07 21:52:26+00:00,Unknown,79.8,2025,3,7
75599,55249,21428,1,35.1,2024-10-29 07:06:12+00:00,Unknown,35.1,2024,10,29
79934,54149,21307,1,65.0,2025-06-12 03:36:12+00:00,Unknown,65.0,2025,6,12
78409,53186,21461,1,46.75,2024-09-04 07:55:11+00:00,Unknown,46.75,2024,9,4
75881,53498,21282,1,70.8,2025-02-03 21:37:28+00:00,Unknown,70.8,2025,2,3
73818,55730,21293,1,60.0,2024-07-09 09:53:04.220000+00:00,Unknown,60.0,2024,7,9
76850,54435,21364,1,66.5,2024-11-26 17:19:57+00:00,Unknown,66.5,2024,11,26
77433,54975,20996,2,54.6,2024-10-07 03:27:00+00:00,Unknown,109.2,2024,10,7
81220,54023,21349,1,61.0,2024-10-12 04:59:26.512000+00:00,Unknown,61.0,2024,10,12
77981,53199,21518,2,61.2,2024-10-04 03:16:46+00:00,"Apt. 820 12444 Emmy Square, Vonmouth, AL 15847-1536",122.4,2024,10,4
76648,54459,21509,2,15.0,2024-11-24 17:50:00+00:00,"19988 Marielle Rapids, Port Lynneberg, IN 57310",30.0,2024,11,24
79339,55180,21002,1,38.75,2025-04-27 01:59:58+00:00,Unknown,38.75,2025,4,27
74700,54181,21059,5,46.75,2024-11-11 19:23:00+00:00,Unknown,233.75,2024,11,11
79315,54385,21511,1,32.99,2024-05-11 04:26:29+00:00,Unknown,32.99,2024,5,11
79755,55784,21552,1,32.75,2024-04-04 18:26:26+00:00,"Suite 894 66710 Solomon Shoals, Port Troyport, VT 96298",32.75,2024,4,4
80871,54747,21126,1,61.0,2024-10-29 09:57:55+00:00,Unknown,61.0,2024,10,29
82178,54848,20921,1,17.0,2024-06-23 08:49:59.572000+00:00,"3341 Hane Lakes, Port Brunoshire, MT 27534-7691",17.0,2024,6,23
81327,53431,20919,1,75.0,2024-10-14 23:50:35+00:00,Unknown,75.0,2024,10,14
80690,54646,21111,2,32.5,2024-09-22 01:56:05+00:00,"7787 Windler Hollow, Lake Cherelleport, VT 72773",65.0,2024,9,22
78601,53138,21630,1,53.0,2025-01-08 09:03:30+00:00,Unknown,53.0,2025,1,8
79881,55447,21638,1,62.25,2024-04-05 18:34:54+00:00,Unknown,62.25,2024,4,5
77800,53331,21584,3,48.5,2025-01-13 21:21:00+00:00,"Apt. 228 419 Reilly Stravenue, Rosarioburgh, OH 36202",145.5,2025,1,13
81141,55529,21240,1,14.0,2024-09-12 15:23:55.474000+00:00,"Apt. 177 505 Lindy Streets, Deangelobury, WV 54489-3951",14.0,2024,9,12
82823,55221,21409,1,83.7,2024-03-30 18:41:00+00:00,"Suite 129 435 Olson Light, East Corneliuschester, SC 91325",83.7,2024,3,30
78584,53227,20948,1,85.8,2024-08-17 06:50:00+00:00,Unknown,85.8,2024,8,17
76063,54284,21053,1,48.75,2024-07-16 06:28:58+00:00,Unknown,48.75,2024,7,16
83138,53934,21315,1,63.99,2024-10-24 03:34:10.763000+00:00,Unknown,63.99,2024,10,24
76289,53743,21275,1,80.4,2024-12-04 19:11:00+00:00,Unknown,80.4,2024,12,4
75320,53030,21586,2,21.0,2025-03-08 04:08:00+00:00,"Suite 331 685 Windler Harbors, Carrieside, FL 19284-3235",42.0,2025,3,8
81175,53517,21355,1,51.5,2024-11-01 13:43:52.733000+00:00,"Suite 678 486 Parker Ranch, South Maynard, OK 61011",51.5,2024,11,1
73338,53201,21088,1,54.75,2025-03-24 04:45:11+00:00,Unknown,54.75,2025,3,24
76948,54841,21378,1,42.5,2025-04-20 06:11:01+00:00,Unknown,42.5,2025,4,20
82293,53545,21381,1,42.9,2024-12-07 18:19:59+00:00,"Suite 923 90654 Lynch Crossroad, South Domingostad, AZ 66781",42.9,2024,12,7
75999,53877,21334,1,50.4,2024-10-21 21:04:42+00:00,Unknown,50.4,2024,10,21
78311,55260,21150,1,62.0,2024-12-27 11:32:48+00:00,Unknown,62.0,2024,12,27
82481,55311,21253,1,86.1,2024-08-02 11:21:14+00:00,"Apt. 547 25121 Weimann Course, Clemmiemouth, KS 33011",86.1,2024,8,2
76304,53345,21151,1,38.99,2025-01-06 05:55:34+00:00,Unknown,38.99,2025,1,6
78845,55702,21279,3,40.2,2024-12-03 20:40:09+00:00,Unknown,120.6,2024,12,3
79097,53655,20918,4,24.9,2024-06-03 09:07:00+00:00,Unknown,99.6,2024,6,3
82511,54892,21002,2,38.99,2024-11-20 06:02:00+00:00,Unknown,77.98,2024,11,20
82100,53329,21129,1,44.4,2024-10-07 11:06:37+00:00,"99197 Mario Coves, South Charlsiemouth, TX 79613",44.4,2024,10,7
74145,53694,21398,3,22.0,2024-11-20 05:37:00+00:00,"Suite 913 22246 Bryant Forges, Humbertofort, MA 96046-5931",66.0,2024,11,20
73640,55139,21310,1,16.0,2024-11-29 04:48:45+00:00,Unknown,16.0,2024,11,29
79529,54355,21120,1,44.1,2024-05-08 23:32:59+00:00,Unknown,44.1,2024,5,8
83044,54236,21515,2,89.99,2024-10-30 13:04:45+00:00,"Suite 991 2645 Jerica Stravenue, West Stephani, NJ 99182-0952",179.98,2024,10,30
75296,54858,21532,1,47.7,2024-12-09 07:19:00+00:00,"Apt. 491 25209 Jules Prairie, West Adolfo, UT 79360-4190",47.7,2024,12,9
80294,54031,20973,1,26.25,2024-09-15 08:53:15+00:00,"Apt. 528 5912 Joane Shore, Evalynton, NJ 43596-9301",26.25,2024,9,15
79301,53475,21271,1,23.99,2024-09-03 14:46:41+00:00,"1664 Pedro Shoals, East Gwyneth, MT 95650",23.99,2024,9,3
74128,55307,21587,1,15.5,2025-01-22 17:05:28+00:00,Unknown,15.5,2025,1,22
81476,54631,21349,1,57.0,2024-12-20 05:26:19+00:00,"877 Block Harbor, Port Katharine, GA 62479",57.0,2024,12,20
80822,54539,21616,2,65.99,2024-12-17 01:44:01+00:00,Unknown,131.98,2024,12,17
76369,53100,21301,2,75.3,2025-05-26 23:23:03+00:00,Unknown,150.6,2025,5,26
82004,55611,21464,1,36.6,2024-08-05 16:50:58+00:00,Unknown,36.6,2024,8,5
74329,54298,21508,1,37.0,2024-11-03 15:30:00+00:00,Unknown,37.0,2024,11,3
79835,55063,21566,1,52.25,2024-11-30 19:08:08.788000+00:00,"543 Gabriel Dale, Lake Angel, IN 42232-2722",52.25,2024,11,30
77413,55339,21302,5,22.5,2025-01-01 15:04:00+00:00,Unknown,112.5,2025,1,1
78380,54580,21571,1,16.0,2024-04-10 22:50:29+00:00,Unknown,16.0,2024,4,10
75348,53930,21517,1,79.8,2025-02-14 01:30:36+00:00,Unknown,79.8,2025,2,14
79180,54195,21397,1,79.8,2025-02-01 20:20:00+00:00,Unknown,79.8,2025,2,1
78576,54590,21207,1,23.99,2025-05-17 05:48:00+00:00,Unknown,23.99,2025,5,17
74305,54396,21472,5,63.25,2024-10-24 23:51:24+00:00,Unknown,316.25,2024,10,24
80184,55656,20974,1,73.2,2025-08-26 17:39:27+00:00,Unknown,73.2,2025,8,26
79191,53425,21288,1,21.5,2024-11-06 06:19:43.311000+00:00,Unknown,21.5,2024,11,6
77052,55462,21545,1,63.99,2025-04-23 23:51:38+00:00,Unknown,63.99,2025,4,23
78770,55764,21486,1,45.0,2025-03-03 19:59:00+00:00,Unknown,45.0,2025,3,3
74091,53317,21331,2,72.0,2025-01-26 16:29:44+00:00,Unknown,144.0,2025,1,26
78980,54321,21087,2,29.99,2025-01-19 02:08:39+00:00,Unknown,59.98,2025,1,19
81727,53935,20973,2,34.2,2024-10-18 06:25:25+00:00,Unknown,68.4,2024,10,18
75007,53925,21398,1,20.99,2024-10-01 11:03:28+00:00,Unknown,20.99,2024,10,1
74829,53420,21116,1,45.6,2024-06-09 20:33:00+00:00,"76596 Cole Island, New Rodney, IA 49612",45.6,2024,6,9
82517,54994,21044,1,23.25,2025-03-16 20:01:00+00:00,"82771 Lucien Via, South Maxwellport, CT 26333",23.25,2025,3,16
75832,53425,21474,3,49.0,2024-12-02 00:54:00+00:00,"Apt. 518 9696 Leon Parks, Lake Bradford, NY 81916",147.0,2024,12,2
79879,55706,21555,1,63.0,2025-03-13 22:09:45+00:00,Unknown,63.0,2025,3,13
80577,53733,21295,1,20.39,2024-07-14 14:45:45+00:00,Unknown,20.39,2024,7,14
76102,53404,21036,1,63.0,2024-11-06 22:26:47+00:00,Unknown,63.0,2024,11,6
78216,55443,21652,1,53.5,2025-03-04 04:04:05.607000+00:00,Unknown,53.5,2025,3,4
74724,53196,21113,1,63.59,2024-10-31 01:45:54.813000+00:00,"Apt. 777 24901 Chanell Brooks, Port Wilsonland, VT 44030",63.59,2024,10,31
80388,55693,20940,2,60.99,2024-11-15 01:16:48+00:00,"Suite 719 85390 Johns Pass, South Jermainechester, NM 22095",121.98,2024,11,15
77789,54809,21477,2,45.99,2024-12-14 20:00:57+00:00,Unknown,91.98,2024,12,14
81408,55466,21105,1,49.99,2025-05-30 08:00:42+00:00,Unknown,49.99,2025,5,30
74165,53852,21377,1,64.2,2024-12-14 13:57:00+00:00,Unknown,64.2,2024,12,14
76538,53530,21173,1,20.0,2024-12-18 07:05:00+00:00,Unknown,20.0,2024,12,18
82899,53083,21191,1,54.0,2025-03-10 07:15:44+00:00,"8343 Ellan Island, Hassanton, ID 38924",54.0,2025,3,10
77142,55807,21420,1,77.99,2024-08-06 09:49:36+00:00,Unknown,77.99,2024,8,6
80508,54260,20975,1,85.19,2024-11-14 01:22:22+00:00,"Suite 804 19298 Sang Station, Abbottfurt, IL 38455",85.19,2024,11,14
77061,53202,21546,1,48.0,2024-04-29 01:46:25+00:00,Unknown,48.0,2024,4,29
76662,55180,21172,3,15.0,2024-07-29 05:16:00+00:00,Unknown,45.0,2024,7,29
73767,53165,21318,2,53.25,2024-08-05 20:40:06+00:00,Unknown,106.5,2024,8,5
74688,55498,21162,2,51.0,2024-11-21 02:55:25+00:00,Unknown,102.0,2024,11,21
74250,55155,20970,1,41.75,2024-10-30 19:29:04+00:00,Unknown,41.75,2024,10,30
81269,54672,21330,1,54.0,2024-11-06 14:58:51+00:00,Unknown,54.0,2024,11,6
76227,53797,21038,1,52.0,2024-12-31 00:47:56+00:00,Unknown,52.0,2024,12,31
82001,54355,21557,5,80.4,2024-12-25 18:56:56+00:00,Unknown,402.0,2024,12,25
81264,55085,21242,1,69.59,2024-07-31 00:16:18+00:00,"903 Dallas Burg, Timmymouth, AR 74585-1577",69.59,2024,7,31
75811,54241,21418,1,61.75,2024-06-27 06:15:55+00:00,Unknown,61.75,2024,6,27
73675,55350,21033,1,67.25,2025-05-21 01:52:34+00:00,Unknown,67.25,2025,5,21
78226,55741,21487,1,70.0,2024-06-07 07:15:57.247000+00:00,Unknown,70.0,2024,6,7
78400,54851,21281,1,66.75,2024-06-28 04:04:30+00:00,Unknown,66.75,2024,6,28
79994,53218,21130,4,43.5,2024-04-20 15:10:42+00:00,Unknown,174.0,2024,4,20
82844,53314,21089,2,46.5,2025-03-22 00:59:38+00:00,Unknown,93.0,2025,3,22
76488,54843,21630,2,54.0,2025-03-02 13:15:00+00:00,Unknown,108.0,2025,3,2
76339,53244,21621,1,49.2,2024-12-26 23:17:27+00:00,Unknown,49.2,2024,12,26
81249,54079,21126,2,61.5,2024-10-30 11:25:00+00:00,"2593 Karin Rapid, Lucinafort, AR 47326",123.0,2024,10,30
82940,54483,21384,1,60.6,2024-12-02 23:40:26+00:00,"5610 Johnnie Brook, Devinfurt, VA 50546",60.6,2024,12,2
81405,54920,21275,1,66.75,2024-10-20 15:41:00+00:00,Unknown,66.75,2024,10,20
76247,54843,21103,2,65.0,2025-05-05 12:00:00+00:00,Unknown,130.0,2025,5,5
77020,54920,21543,1,26.5,2024-09-27 16:53:00+00:00,Unknown,26.5,2024,9,27
82510,53889,21191,1,42.0,2024-06-06 17:30:50+00:00,Unknown,42.0,2024,6,6
76273,53636,21124,3,46.2,2025-05-19 23:38:00+00:00,Unknown,138.6,2025,5,19
78791,53464,21562,1,39.0,2024-10-14 21:24:53+00:00,Unknown,39.0,2024,10,14
82112,53668,21058,1,50.75,2024-09-25 06:44:00+00:00,"Suite 266 384 Heidenreich Plaza, New Ismael, KY 00029",50.75,2024,9,25
76914,55397,21185,1,42.6,2024-12-08 08:01:22+00:00,Unknown,42.6,2024,12,8
80989,54136,21223,1,88.2,2024-06-30 09:17:29+00:00,"Suite 329 1022 Tillman Streets, Jewelmouth, VT 53048-2086",88.2,2024,6,30
74094,54190,21107,1,80.1,2024-08-18 05:23:17+00:00,Unknown,80.1,2024,8,18
74537,53939,21613,1,27.25,2024-10-28 07:56:14+00:00,Unknown,27.25,2024,10,28
76356,53236,21191,1,56.39,2024-09-23 03:07:00+00:00,Unknown,56.39,2024,9,23
73876,53926,20976,1,61.8,2024-11-25 20:56:27+00:00,Unknown,61.8,2024,11,25
77056,53885,21162,2,59.7,2024-11-02 16:11:52.687000+00:00,"Suite 531 164 Dalene Run, Gretchenstad, ME 47337",119.4,2024,11,2
77983,55136,21037,1,55.5,2024-07-02 05:32:41+00:00,Unknown,55.5,2024,7,2
75202,53928,21575,1,49.0,2024-04-10 21:51:51+00:00,Unknown,49.0,2024,4,10
76924,54278,21093,1,69.99,2025-05-10 15:44:48+00:00,Unknown,69.99,2025,5,10
77248,54390,21645,2,52.0,2025-07-10 12:40:00+00:00,Unknown,104.0,2025,7,10
76971,54781,20970,1,48.0,2024-10-02 00:42:42+00:00,"Suite 553 238 Thompson Haven, Lake Nickymouth, OK 04446-1570",48.0,2024,10,2
76659,55309,21169,4,62.0,2024-02-15 23:33:58+00:00,"Suite 777 3840 Fatima Ridges, New Wally, NC 93157",248.0,2024,2,15
78551,54657,21521,1,51.0,2024-03-18 20:01:50+00:00,Unknown,51.0,2024,3,18
74744,53236,20992,1,66.0,2024-04-08 04:16:03+00:00,Unknown,66.0,2024,4,8
80943,54021,21428,1,31.19,2024-10-02 21:29:05+00:00,Unknown,31.19,2024,10,2
82133,55558,21647,2,79.8,2025-01-03 04:57:23+00:00,Unknown,159.6,2025,1,3
76294,55123,21604,3,51.5,2024-12-24 10:56:44+00:00,Unknown,154.5,2024,12,24
74764,55617,21065,1,19.0,2024-10-11 20:22:16+00:00,Unknown,19.0,2024,10,11
75940,54282,21352,2,42.9,2024-09-05 16:05:23+00:00,Unknown,85.8,2024,9,5
78308,55527,21346,1,46.99,2025-03-10 08:18:19+00:00,"Apt. 774 6655 Stokes Dale, South Ardell, AZ 83710-1212",46.99,2025,3,10
81003,55204,21374,5,27.0,2024-04-22 17:24:57.598000+00:00,"Suite 840 782 Siobhan Garden, West Marty, WA 03533-3415",135.0,2024,4,22
80767,55817,21642,1,62.1,2025-03-15 13:50:07+00:00,Unknown,62.1,2025,3,15
80695,54450,21015,2,61.75,2025-01-21 08:47:46+00:00,Unknown,123.5,2025,1,21
77143,54139,21458,1,46.25,2024-10-18 09:54:00+00:00,Unknown,46.25,2024,10,18
75684,55689,21036,1,72.0,2024-06-16 18:49:09+00:00,Unknown,72.0,2024,6,16
82900,55648,21306,1,33.0,2024-08-01 14:14:53.180000+00:00,Unknown,33.0,2024,8,1
76598,53487,20986,2,82.2,2024-04-19 22:10:00+00:00,"Suite 617 996 Kreiger Estate, New Rebeccastad, MI 32717-7227",164.4,2024,4,19
78065,53261,21127,1,56.99,2025-04-05 05:37:00+00:00,"Apt. 398 954 Conchita Bypass, Rickyburgh, TX 94527",56.99,2025,4,5
81060,55143,21608,1,73.2,2025-03-16 06:47:30+00:00,Unknown,73.2,2025,3,16
79818,54417,21350,2,45.5,2025-04-07 07:01:00+00:00,Unknown,91.0,2025,4,7
81331,55360,20971,1,20.75,2025-03-21 03:24:02+00:00,Unknown,20.75,2025,3,21
75558,54420,21420,1,80.7,2024-12-02 19:01:00+00:00,Unknown,80.7,2024,12,2
81004,54220,21205,2,29.75,2024-11-21 01:02:16.938000+00:00,Unknown,59.5,2024,11,21
78417,53033,21501,1,24.75,2025-05-04 21:32:00+00:00,Unknown,24.75,2025,5,4
79694,55760,21394,2,43.0,2025-07-10 00:45:00+00:00,Unknown,86.0,2025,7,10
80169,55605,21222,1,73.5,2025-02-13 13:18:00+00:00,"Suite 757 1253 Rodriguez Locks, Leliafort, IN 34092",73.5,2025,2,13
76840,54919,20930,1,32.0,2024-09-15 05:28:04+00:00,Unknown,32.0,2024,9,15
82829,53952,21507,1,52.8,2024-12-20 11:07:00+00:00,Unknown,52.8,2024,12,20
81552,54974,21376,1,57.5,2024-10-04 00:42:28+00:00,Unknown,57.5,2024,10,4
81914,55238,21132,2,25.8,2025-03-04 13:05:00+00:00,Unknown,51.6,2025,3,4
82720,53720,21579,1,56.25,2025-02-27 05:33:04+00:00,Unknown,56.25,2025,2,27
78538,54629,21511,1,33.5,2024-12-30 06:59:00+00:00,Unknown,33.5,2024,12,30
82415,54992,21551,1,37.5,2025-03-12 18:03:34+00:00,Unknown,37.5,2025,3,12
75166,54004,21171,1,79.8,2024-06-14 05:27:01+00:00,Unknown,79.8,2024,6,14
80108,53262,21268,1,52.75,2024-12-25 16:42:00+00:00,Unknown,52.75,2024,12,25
73327,55333,21565,1,63.0,2025-01-14 16:57:19+00:00,Unknown,63.0,2025,1,14
78660,54006,21337,1,73.75,2025-07-08 11:15:12+00:00,"8019 Gerri Ports, Port Benniebury, IA 17222",73.75,2025,7,8
77337,55641,21501,1,26.99,2024-05-13 11:27:35+00:00,Unknown,26.99,2024,5,13
74222,55416,21430,1,30.25,2025-06-03 05:47:00+00:00,Unknown,30.25,2025,6,3
75131,55670,21618,2,50.4,2025-05-06 01:15:00+00:00,Unknown,100.8,2025,5,6
81480,53689,21216,2,29.99,2024-09-11 22:03:27.321000+00:00,Unknown,59.98,2024,9,11
75263,53379,21229,1,21.6,2025-04-26 13:59:37+00:00,"5758 Laurena Centers, Kathemouth, IN 53664",21.6,2025,4,26
79859,54926,21292,4,48.6,2024-10-10 05:48:30+00:00,Unknown,194.4,2024,10,10
82158,53689,20973,2,29.75,2025-02-11 00:46:56+00:00,"Apt. 450 31046 Larae Bridge, Balistrerifurt, MT 72479",59.5,2025,2,11
74699,55124,21291,1,36.0,2024-11-21 23:30:00+00:00,Unknown,36.0,2024,11,21
75903,53303,21539,1,63.99,2024-11-10 23:22:44+00:00,Unknown,63.99,2024,11,10
75623,54177,21081,2,83.4,2024-11-24 02:56:51+00:00,"411 Schmidt Green, East Arnetteton, SC 71506-8326",166.8,2024,11,24
83007,54218,20954,1,89.99,2024-10-10 23:21:03+00:00,Unknown,89.99,2024,10,10
77903,53593,20942,1,35.5,2024-04-18 19:35:00+00:00,Unknown,35.5,2024,4,18
79528,55628,21220,1,13.0,2024-10-16 11:10:00+00:00,Unknown,13.0,2024,10,16
74652,53425,21013,1,42.25,2025-01-02 03:38:51+00:00,Unknown,42.25,2025,1,2
75188,53916,21502,1,40.2,2024-12-13 09:57:09+00:00,Unknown,40.2,2024,12,13
80082,53677,21471,1,20.0,2024-12-25 01:00:23+00:00,Unknown,20.0,2024,12,25
78748,53610,21265,2,70.25,2025-01-30 03:56:00+00:00,Unknown,140.5,2025,1,30
79929,53523,20969,4,17.0,2024-12-17 15:49:39+00:00,"574 Fred Ranch, Kuphalville, SD 21880",68.0,2024,12,17
78392,53766,21578,1,46.8,2024-09-21 07:03:16+00:00,Unknown,46.8,2024,9,21
79386,55598,21639,5,17.0,2024-08-09 05:19:40+00:00,"26820 Von Forges, Beattyview, MN 85349-9488",85.0,2024,8,9
81151,54653,20964,2,73.0,2025-02-26 12:50:45+00:00,"53750 Eugene Plains, Rutherfordland, IN 54980",146.0,2025,2,26
82213,53684,21525,2,50.0,2025-01-17 17:30:21+00:00,Unknown,100.0,2025,1,17
80285,53038,21062,1,71.25,2024-09-12 15:51:16.596000+00:00,Unknown,71.25,2024,9,12
82104,54570,21112,1,27.0,2025-08-07 12:14:00+00:00,Unknown,27.0,2025,8,7
77637,53696,21296,1,35.5,2024-09-21 15:16:40+00:00,Unknown,35.5,2024,9,21
80981,53601,21561,1,25.5,2025-03-04 14:52:00+00:00,Unknown,25.5,2025,3,4
81293,55198,21529,2,62.99,2025-01-13 02:21:00+00:00,"Apt. 719 57467 Kim Crescent, South Willard, TX 34360",125.98,2025,1,13
82738,55354,20967,2,40.25,2024-07-05 12:22:23+00:00,"Apt. 101 523 Marks Terrace, East Rachael, TN 59931-4104",80.5,2024,7,5
82758,53071,21341,1,49.0,2024-08-25 03:56:56+00:00,Unknown,49.0,2024,8,25
83019,55299,21106,2,46.5,2024-09-04 01:29:31+00:00,Unknown,93.0,2024,9,4
77811,54624,21636,1,50.0,2025-01-23 04:51:00+00:00,Unknown,50.0,2025,1,23
78981,55014,21119,1,32.5,2025-03-18 03:32:11.756000+00:00,Unknown,32.5,2025,3,18
74409,53365,21205,1,27.5,2024-09-13 05:51:00+00:00,"Apt. 460 6727 Brakus Keys, West Ashton, WI 49594",27.5,2024,9,13
75187,55802,21028,1,53.25,2025-01-14 16:50:05+00:00,"Apt. 596 2815 Deidra Plains, New Chadwick, NH 13801-1880",53.25,2025,1,14
81440,54576,21459,1,24.0,2024-11-22 01:35:39+00:00,Unknown,24.0,2024,11,22
78008,55196,21299,1,20.5,2024-11-05 16:55:52+00:00,Unknown,20.5,2024,11,5
74309,53991,21566,3,61.5,2024-08-30 05:06:06+00:00,Unknown,184.5,2024,8,30
76283,53223,20981,1,19.0,2025-01-07 05:20:00+00:00,"Suite 282 5976 Monahan Pine, New Lester, MT 03534",19.0,2025,1,7
78827,54877,21016,3,91.8,2025-02-17 16:17:15+00:00,Unknown,275.4,2025,2,17
74451,54657,20935,1,32.99,2024-12-07 20:08:01+00:00,Unknown,32.99,2024,12,7
82174,54743,21153,1,39.0,2024-09-05 06:16:09+00:00,Unknown,39.0,2024,9,5
82710,53185,20923,1,36.3,2025-05-09 03:34:32+00:00,Unknown,36.3,2025,5,9
74791,55173,21409,1,69.0,2024-08-27 21:25:01+00:00,Unknown,69.0,2024,8,27
75724,53542,21436,2,38.5,2024-10-14 23:18:27.224000+00:00,"670 Thiel Divide, Stoltenbergfurt, UT 80883-3177",77.0,2024,10,14
81312,54893,21197,2,72.0,2024-08-06 16:20:00+00:00,Unknown,144.0,2024,8,6
78705,53501,20980,4,40.2,2024-11-12 06:09:40+00:00,Unknown,160.8,2024,11,12
80787,53355,21489,1,63.99,2024-10-21 17:55:09.519000+00:00,Unknown,63.99,2024,10,21
75383,54716,21522,1,52.75,2024-04-27 15:40:00+00:00,Unknown,52.75,2024,4,27
73770,54328,21397,1,65.25,2024-12-28 23:54:08+00:00,Unknown,65.25,2024,12,28
75605,53305,21226,1,61.0,2024-09-05 06:06:28+00:00,"80641 Sheldon Court, Robertobury, KS 13460-8820",61.0,2024,9,5
79016,53072,21452,1,23.4,2024-07-21 04:10:00+00:00,"Apt. 475 9490 Galen Courts, O'Harashire, WY 63192",23.4,2024,7,21
78971,54846,21107,1,79.19,2025-01-25 05:53:05+00:00,Unknown,79.19,2025,1,25
76530,54524,21186,1,52.2,2025-04-21 21:48:50+00:00,Unknown,52.2,2025,4,21
80421,54345,21065,1,22.75,2025-07-28 11:33:00+00:00,Unknown,22.75,2025,7,28
81367,55445,21494,1,23.99,2024-10-08 17:38:00+00:00,Unknown,23.99,2024,10,8
73716,55370,21598,1,48.0,2025-01-21 15:54:14+00:00,Unknown,48.0,2025,1,21
73680,55488,21393,1,43.5,2024-06-21 16:30:03+00:00,Unknown,43.5,2024,6,21
73951,54108,21270,1,72.5,2024-11-12 10:02:00+00:00,Unknown,72.5,2024,11,12
76199,53617,21475,5,45.0,2025-02-25 09:18:50+00:00,Unknown,225.0,2025,2,25
77608,53550,21577,1,24.99,2024-10-09 13:53:00+00:00,Unknown,24.99,2024,10,9
78577,54464,21268,1,60.9,2025-05-17 04:14:35.256000+00:00,Unknown,60.9,2025,5,17
76654,53829,21061,1,47.0,2025-01-28 16:47:00+00:00,"Suite 956 7157 Nila View, Lake Issac, WV 66014-0172",47.0,2025,1,28
81352,53979,21129,1,39.99,2024-06-09 15:38:03.091000+00:00,Unknown,39.99,2024,6,9
81517,54741,21425,3,39.99,2024-09-24 16:51:25+00:00,Unknown,119.97,2024,9,24
76188,55175,21279,1,33.25,2024-04-25 05:20:20.924000+00:00,"Apt. 635 3235 Larkin Path, Shanaeburgh, HI 53157-3335",33.25,2024,4,25
81166,53201,21556,1,22.5,2024-11-23 23:50:00+00:00,Unknown,22.5,2024,11,23
79307,54766,21269,1,37.5,2025-07-28 23:31:00+00:00,Unknown,37.5,2025,7,28
81191,55679,21000,3,33.6,2025-02-10 06:43:19+00:00,"32767 Garland Park, West Dominica, IN 08921-0294",100.8,2025,2,10
75813,53022,21549,2,53.75,2024-09-12 11:49:49+00:00,"Apt. 467 2204 Jacobi Lights, Daleburgh, AZ 42182",107.5,2024,9,12
81370,54143,21478,1,84.3,2024-08-02 23:51:17+00:00,Unknown,84.3,2024,8,2
75732,54993,21463,5,70.75,2024-03-08 05:06:57+00:00,Unknown,353.75,2024,3,8
75368,55263,21287,1,63.0,2025-02-01 17:50:58.361000+00:00,Unknown,63.0,2025,2,1
75420,55736,21414,2,31.5,2024-08-22 13:10:26+00:00,"Apt. 240 46206 Howe Passage, Rosenbaumfurt, KS 41656",63.0,2024,8,22
78060,55580,21363,1,31.0,2024-12-14 00:53:00+00:00,Unknown,31.0,2024,12,14
80023,53032,21066,1,35.0,2025-04-02 06:25:47+00:00,Unknown,35.0,2025,4,2
78771,55324,21502,2,37.2,2024-04-23 14:29:00+00:00,Unknown,74.4,2024,4,23
83060,54190,21341,5,49.5,2024-09-12 18:16:00+00:00,Unknown,247.5,2024,9,12
78572,54855,21014,1,85.8,2025-03-06 16:58:35+00:00,Unknown,85.8,2025,3,6
81856,54075,21092,1,34.25,2025-02-28 23:13:48+00:00,"9397 Burton Knoll, Osinskimouth, LA 72181",34.25,2025,2,28
77938,55089,21055,1,45.0,2025-03-16 12:55:58+00:00,Unknown,45.0,2025,3,16
81144,53562,20947,1,30.0,2025-07-21 17:17:08+00:00,Unknown,30.0,2025,7,21
80037,54837,21549,3,50.75,2025-01-17 21:39:21+00:00,Unknown,152.25,2025,1,17
78711,55753,21542,1,47.99,2025-03-07 00:55:19+00:00,"37727 Rosina Summit, East Scarlet, VT 69023",47.99,2025,3,7
78433,54849,21196,1,42.0,2024-12-04 20:24:46+00:00,Unknown,42.0,2024,12,4
76394,54358,21223,5,69.5,2024-11-02 09:33:59+00:00,Unknown,347.5,2024,11,2
82881,54701,20964,1,85.5,2024-08-21 17:34:00+00:00,Unknown,85.5,2024,8,21
74811,54678,21655,1,34.2,2024-10-14 17:51:00+00:00,Unknown,34.2,2024,10,14
76862,54588,21570,1,50.25,2024-10-17 18:21:14+00:00,Unknown,50.25,2024,10,17
83055,55190,21186,1,42.75,2024-07-24 08:23:01+00:00,Unknown,42.75,2024,7,24
79581,53821,21439,3,49.8,2024-11-09 10:38:34.941000+00:00,"Apt. 448 54598 Gibson Squares, Grahamfort, ND 53406",149.4,2024,11,9
78407,53049,21007,1,38.4,2024-12-22 08:46:00+00:00,Unknown,38.4,2024,12,22
74994,53943,21179,1,66.0,2025-03-01 09:42:00+00:00,Unknown,66.0,2025,3,1
82550,55129,21005,1,13.99,2024-12-18 09:38:00+00:00,"1274 Jason Spring, Batzbury, WY 20843",13.99,2024,12,18
83063,53201,21156,5,72.0,2024-05-04 16:48:44+00:00,"Apt. 659 5171 Ryan Fall, Katiaview, OK 04322-9244",360.0,2024,5,4
82837,55302,21095,4,58.79,2024-12-02 00:59:00+00:00,Unknown,235.16,2024,12,2
81704,53449,21404,2,45.0,2024-11-28 08:23:08+00:00,Unknown,90.0,2024,11,28
77411,53943,21497,2,67.25,2024-12-12 07:56:06+00:00,Unknown,134.5,2024,12,12
79106,54573,21622,2,37.99,2025-08-12 20:17:09+00:00,"Apt. 362 929 Reynaldo Spring, Kozeymouth, PA 38933-5613",75.98,2025,8,12
80715,55505,21567,1,70.79,2024-10-13 20:56:33+00:00,Unknown,70.79,2024,10,13
81071,55792,21574,2,26.75,2025-06-02 02:50:16+00:00,Unknown,53.5,2025,6,2
76953,53334,21286,2,30.75,2025-01-25 15:49:37+00:00,Unknown,61.5,2025,1,25
74379,55759,21385,1,23.1,2025-02-18 21:21:57+00:00,Unknown,23.1,2025,2,18
82475,55669,21165,1,20.7,2025-02-07 12:55:20+00:00,Unknown,20.7,2025,2,7
82868,55637,20919,2,84.0,2024-10-22 16:20:10+00:00,Unknown,168.0,2024,10,22
83061,55570,20993,1,29.75,2024-12-05 11:37:36.859000+00:00,Unknown,29.75,2024,12,5
79950,54510,21012,1,69.6,2024-12-14 03:13:40+00:00,"Suite 436 795 Mario Isle, Justinhaven, VT 23672-7010",69.6,2024,12,14
82599,55207,21398,2,21.0,2025-03-08 14:27:00+00:00,Unknown,42.0,2025,3,8
76697,54728,20991,1,43.0,2024-12-26 03:57:56.437000+00:00,Unknown,43.0,2024,12,26
75079,55576,20995,3,51.0,2025-01-22 15:22:00+00:00,Unknown,153.0,2025,1,22
76633,54841,21353,1,24.6,2024-09-08 11:02:00+00:00,Unknown,24.6,2024,9,8
77869,54216,21561,1,31.8,2025-02-23 13:10:00+00:00,"Apt. 175 374 Julio Lodge, Lake Roxiefurt, WA 85180",31.8,2025,2,23
82135,55820,21087,1,27.0,2025-03-09 21:42:10+00:00,Unknown,27.0,2025,3,9
74786,54546,21423,2,69.5,2024-12-30 15:05:19+00:00,"Suite 910 50327 Weber Extension, South Jack, FL 96743-8007",139.0,2024,12,30
74721,55484,21074,5,70.0,2025-05-07 18:18:42+00:00,Unknown,350.0,2025,5,7
77546,53971,21278,1,37.75,2024-08-15 15:50:04+00:00,Unknown,37.75,2024,8,15
77302,55425,20987,5,68.99,2025-02-08 17:15:00+00:00,"Suite 166 8952 Byron Square, New Adelaide, KY 02642-1898",344.95,2025,2,8
79188,55108,21657,1,15.6,2024-07-05 17:53:00+00:00,Unknown,15.6,2024,7,5
81936,53571,21386,1,46.0,2025-03-10 17:01:13+00:00,Unknown,46.0,2025,3,10
81371,54969,20978,1,67.8,2024-11-20 13:45:58+00:00,Unknown,67.8,2024,11,20
79954,54265,21606,1,26.7,2024-11-03 23:41:00+00:00,Unknown,26.7,2024,11,3
77022,55314,21403,2,26.5,2024-07-24 04:26:32+00:00,"49948 Koch Station, Moonhaven, IL 76683",53.0,2024,7,24
82077,54952,20917,1,49.8,2025-04-29 01:27:28+00:00,Unknown,49.8,2025,4,29
78972,54718,21389,1,35.75,2024-09-18 23:27:08+00:00,Unknown,35.75,2024,9,18
80032,53560,21408,1,21.5,2024-10-02 19:39:36+00:00,"Apt. 567 949 Sporer Place, Blandaport, SC 57416-3338",21.5,2024,10,2
81716,55478,21527,2,62.0,2024-11-18 18:01:41+00:00,Unknown,124.0,2024,11,18
82053,53298,21378,1,51.9,2024-10-28 15:00:28+00:00,"411 Kathe Cliffs, North Henry, NH 82799-2597",51.9,2024,10,28
78304,53677,21293,2,58.0,2025-03-20 15:46:39+00:00,Unknown,116.0,2025,3,20
81045,54530,21338,1,52.75,2024-12-26 13:55:00+00:00,Unknown,52.75,2024,12,26
81347,55659,21569,1,66.0,2024-12-12 14:19:36.782000+00:00,Unknown,66.0,2024,12,12
74393,54279,21391,1,66.0,2025-06-11 03:32:33.582000+00:00,Unknown,66.0,2025,6,11
76303,55123,21054,1,17.25,2024-08-24 05:28:55+00:00,"Suite 968 41583 Ward Trafficway, Vinceland, ND 65052",17.25,2024,8,24
77007,53257,21505,1,28.5,2024-03-20 21:28:27+00:00,"Suite 417 768 Kris Extensions, Lucasstad, CA 29368",28.5,2024,3,20
78688,53495,21120,1,35.5,2025-01-11 20:48:00+00:00,Unknown,35.5,2025,1,11
73355,55200,21605,1,27.0,2024-06-19 06:09:00+00:00,Unknown,27.0,2024,6,19
78860,55725,21061,1,55.2,2024-08-05 21:02:00+00:00,Unknown,55.2,2024,8,5
74474,54468,21012,1,69.6,2025-03-24 17:37:02+00:00,Unknown,69.6,2025,3,24
73737,54035,21479,1,61.99,2024-10-31 16:19:15+00:00,Unknown,61.99,2024,10,31
74164,53354,21233,3,52.5,2024-10-01 17:31:00+00:00,Unknown,157.5,2024,10,1
80291,53424,21194,1,22.99,2025-07-06 07:03:25+00:00,Unknown,22.99,2025,7,6
78939,53918,21471,1,21.75,2024-10-25 10:31:00+00:00,Unknown,21.75,2024,10,25
78490,54989,21427,2,68.7,2025-02-07 15:24:56+00:00,Unknown,137.4,2025,2,7
74053,54774,21143,3,42.5,2024-05-29 13:34:00+00:00,Unknown,127.5,2024,5,29
82795,53926,21501,1,25.8,2024-12-12 06:18:53+00:00,Unknown,25.8,2024,12,12
79772,53729,21360,1,50.0,2024-11-21 06:23:38+00:00,Unknown,50.0,2024,11,21
81014,55343,21555,1,65.0,2024-09-01 16:32:32+00:00,"6350 Ronald Extension, West Nery, TX 08312-6487",65.0,2024,9,1
77971,54883,21487,1,86.39,2024-08-07 02:49:13+00:00,"37717 Manuela Highway, Katherinbury, ME 99764-7179",86.39,2024,8,7
80979,54238,21328,1,33.5,2024-09-22 17:34:50+00:00,Unknown,33.5,2024,9,22
78434,55083,21132,1,18.0,2024-06-24 03:03:00+00:00,"Apt. 419 424 Hoeger River, Lake Tereseberg, NH 48582",18.0,2024,6,24
76745,53133,21179,1,53.99,2024-11-02 19:06:20+00:00,Unknown,53.99,2024,11,2
74552,55205,21200,1,44.0,2024-12-02 22:51:00+00:00,"186 Hye River, West Anjanettefurt, MS 89834",44.0,2024,12,2
73857,54840,21445,1,48.5,2024-12-08 01:31:17+00:00,Unknown,48.5,2024,12,8
80427,53354,21439,1,49.8,2025-01-30 05:59:10+00:00,Unknown,49.8,2025,1,30
77129,53605,21289,2,61.8,2024-12-23 11:48:00+00:00,Unknown,123.6,2024,12,23
78848,54699,21050,1,13.25,2024-10-01 07:36:00+00:00,"739 Brittanie Meadow, Georgestad, HI 88488-8779",13.25,2024,10,1
77238,54154,21125,2,19.2,2024-03-27 00:15:09.111000+00:00,Unknown,38.4,2024,3,27
77140,54163,21188,2,50.0,2024-08-13 15:10:10+00:00,Unknown,100.0,2024,8,13
78435,54786,21230,1,28.0,2025-02-13 20:27:40+00:00,Unknown,28.0,2025,2,13
78317,54919,21422,1,28.2,2024-11-12 01:15:26+00:00,Unknown,28.2,2024,11,12
74030,53059,20953,1,54.6,2024-11-17 10:39:01+00:00,"Suite 442 993 Kohler Streets, West Lucila, HI 05615",54.6,2024,11,17
73854,55333,21306,1,43.5,2024-05-31 01:54:00+00:00,"Suite 297 9010 Schowalter Mews, New Trey, UT 18272",43.5,2024,5,31
76329,55727,20999,5,34.8,2024-03-11 11:58:36.956000+00:00,Unknown,174.0,2024,3,11
78995,54111,21036,1,78.0,2024-10-17 03:14:26+00:00,"Apt. 630 518 Sam Bypass, Sammiemouth, AZ 56517-4693",78.0,2024,10,17
81433,55013,21380,1,37.0,2025-03-21 09:57:49+00:00,Unknown,37.0,2025,3,21
74387,53093,21342,3,57.3,2024-09-11 08:34:26+00:00,Unknown,171.9,2024,9,11
78422,53818,21276,1,28.0,2025-03-13 22:42:29.710000+00:00,Unknown,28.0,2025,3,13
74821,53666,21503,3,66.25,2024-09-08 21:32:40+00:00,"152 Kimberly Way, Johnathonside, OK 06116",198.75,2024,9,8
74935,54389,21220,1,16.2,2024-06-30 09:58:08+00:00,"Suite 899 8617 Huels Underpass, Spencerport, SD 88263",16.2,2024,6,30
76660,53971,21647,5,68.5,2024-12-07 23:34:25+00:00,Unknown,342.5,2024,12,7
81426,55556,21386,1,42.0,2025-01-02 04:43:46+00:00,Unknown,42.0,2025,1,2
81005,53348,21565,1,62.5,2025-02-16 16:16:57+00:00,Unknown,62.5,2025,2,16
78803,53052,21077,4,63.75,2024-08-18 03:09:16+00:00,Unknown,255.0,2024,8,18
74697,55313,20966,2,47.4,2025-03-13 00:18:00+00:00,Unknown,94.8,2025,3,13
74343,55600,21635,1,24.99,2025-01-11 09:52:30+00:00,Unknown,24.99,2025,1,11
83163,53758,21059,1,48.0,2025-03-12 13:00:00+00:00,Unknown,48.0,2025,3,12
81239,54488,21276,1,30.0,2024-08-31 19:11:31+00:00,Unknown,30.0,2024,8,31
82497,53209,20919,1,74.99,2025-03-11 02:31:48+00:00,Unknown,74.99,2025,3,11
74098,53096,21543,1,26.0,2025-03-10 02:06:00+00:00,Unknown,26.0,2025,3,10
82253,54343,21517,2,64.0,2024-12-07 15:30:32+00:00,Unknown,128.0,2024,12,7
80220,53842,21534,1,26.5,2025-02-01 16:10:50+00:00,Unknown,26.5,2025,2,1
75871,54519,21064,1,41.0,2025-05-02 09:57:10+00:00,Unknown,41.0,2025,5,2
80821,55766,21373,1,20.5,2024-05-17 13:01:00+00:00,Unknown,20.5,2024,5,17
76159,54394,21368,2,25.75,2024-08-30 19:47:52+00:00,Unknown,51.5,2024,8,30
77664,53597,21621,2,53.1,2025-01-29 19:35:00+00:00,Unknown,106.2,2025,1,29
81099,55560,21633,1,73.0,2025-06-26 17:11:58.540000+00:00,Unknown,73.0,2025,6,26
77062,53134,21654,1,16.5,2024-06-30 00:03:20+00:00,Unknown,16.5,2024,6,30
83054,55705,21436,3,33.99,2025-05-20 16:06:06+00:00,Unknown,101.97,2025,5,20
75661,53122,21203,1,35.5,2025-04-10 11:02:31.811000+00:00,Unknown,35.5,2025,4,10
78709,53160,21284,5,24.0,2024-06-07 15:21:44+00:00,"Suite 394 691 Schroeder Oval, South Elvin, RI 55571",120.0,2024,6,7
79829,53321,21596,1,57.6,2025-06-26 04:10:14+00:00,"1148 Frida Groves, Queenton, MD 13673",57.6,2025,6,26
73410,53194,20969,2,17.0,2024-06-14 10:13:52+00:00,Unknown,34.0,2024,6,14
79295,55314,21640,1,54.25,2024-07-24 18:42:21+00:00,"49948 Koch Station, Moonhaven, IL 76683",54.25,2024,7,24
73333,53100,21558,1,22.25,2025-01-03 01:50:11+00:00,Unknown,22.25,2025,1,3
82085,55740,21503,1,76.8,2024-10-02 10:32:16+00:00,Unknown,76.8,2024,10,2
78696,55277,20922,1,66.99,2024-10-24 00:28:00+00:00,Unknown,66.99,2024,10,24
78267,54024,21022,1,65.5,2025-03-17 19:23:20+00:00,"Apt. 375 71885 Beatty Walks, Gottliebside, MN 03506-1035",65.5,2025,3,17
75837,53366,21058,1,49.0,2025-02-10 14:30:53+00:00,Unknown,49.0,2025,2,10
75208,53561,21615,1,49.0,2025-11-07 17:44:26+00:00,"Suite 375 471 Deneen Grove, North Johanne, SD 80377",49.0,2025,11,7
78072,54803,20940,1,75.3,2024-06-17 17:30:58+00:00,"1505 Ned Glens, Lake Kymberlymouth, TX 87651-5022",75.3,2024,6,17
82016,54331,21142,4,40.5,2025-03-27 11:12:38+00:00,Unknown,162.0,2025,3,27
82059,55006,21271,1,25.5,2024-06-28 09:20:17+00:00,Unknown,25.5,2024,6,28
80860,53531,21275,2,78.0,2024-07-03 07:51:20+00:00,Unknown,156.0,2024,7,3
76557,53953,21645,3,63.59,2024-09-18 11:55:27+00:00,Unknown,190.77,2024,9,18
77116,53105,20936,1,60.0,2025-06-01 07:40:00+00:00,"Suite 247 31016 Greenfelder Land, North Cordell, OK 93296",60.0,2025,6,1
75169,55424,21344,1,59.7,2024-10-04 18:37:00+00:00,"Apt. 845 1797 Tamisha Wells, Ortiztown, OK 16189",59.7,2024,10,4
79323,54740,21472,3,59.75,2024-09-24 18:59:20+00:00,Unknown,179.25,2024,9,24
78963,54291,21024,1,35.25,2025-03-26 18:17:57+00:00,Unknown,35.25,2025,3,26
79670,54882,21304,1,48.5,2025-04-20 12:41:00+00:00,"Apt. 676 82800 Lesch Vista, Lake Juliusmouth, WY 03114",48.5,2025,4,20
83045,54209,21654,1,17.0,2024-10-13 03:45:13+00:00,Unknown,17.0,2024,10,13
79802,55123,21030,1,20.0,2025-01-07 18:12:06+00:00,Unknown,20.0,2025,1,7
74376,55047,20983,1,23.1,2024-11-18 17:25:15+00:00,Unknown,23.1,2024,11,18
79621,55062,21112,2,31.0,2025-08-21 15:22:00+00:00,Unknown,62.0,2025,8,21
74820,54324,21148,1,64.8,2025-02-10 07:12:34+00:00,Unknown,64.8,2025,2,10
75110,53815,20987,1,85.19,2024-12-11 02:27:39+00:00,Unknown,85.19,2024,12,11
83074,53052,21053,1,52.25,2024-11-19 20:53:56+00:00,Unknown,52.25,2024,11,19
79541,55648,21059,1,49.25,2024-11-30 12:26:59+00:00,Unknown,49.25,2024,11,30
78193,53091,21264,3,40.5,2024-09-11 06:14:00+00:00,"7708 Schmeler Mission, Adrienetown, FL 16203-6346",121.5,2024,9,11
80170,54223,21457,1,86.1,2024-05-23 17:18:00+00:00,"84373 Stark Course, West Angle, OK 43852-1048",86.1,2024,5,23
74783,54728,21370,2,40.5,2025-01-19 07:20:00+00:00,"Suite 337 965 Waters Streets, North Sherikaville, MI 01436-5971",81.0,2025,1,19
81893,53352,21058,1,58.2,2024-10-16 02:00:57+00:00,Unknown,58.2,2024,10,16
79946,53777,21525,4,50.5,2024-10-09 17:25:10+00:00,Unknown,202.0,2024,10,9
77619,54752,21080,1,26.0,2024-07-23 11:08:01.038000+00:00,Unknown,26.0,2024,7,23
74220,54937,21203,2,34.25,2025-07-11 04:45:55.872000+00:00,Unknown,68.5,2025,7,11
77482,55058,21063,1,53.5,2024-09-09 10:26:00+00:00,"3740 Lemke Creek, Konopelskihaven, ME 71939-4348",53.5,2024,9,9
79156,54397,21185,1,31.5,2025-08-29 15:08:42+00:00,Unknown,31.5,2025,8,29
82967,54269,20984,1,35.0,2025-03-19 05:42:00+00:00,Unknown,35.0,2025,3,19
79010,53656,21524,3,61.0,2024-06-05 13:13:06+00:00,"Suite 994 2026 Marks Mountain, West Melba, TN 86150",183.0,2024,6,5
77902,54106,21275,2,69.0,2025-01-01 06:47:00+00:00,Unknown,138.0,2025,1,1
82794,54179,21495,1,23.75,2024-10-24 13:10:14+00:00,"699 Thelma Trace, Auerview, ME 26656-9545",23.75,2024,10,24
79152,54361,20964,1,90.0,2024-09-01 16:34:46+00:00,"Apt. 162 373 Herminia Turnpike, Klockochester, TN 85340",90.0,2024,9,1
73760,54971,21632,1,19.0,2024-05-24 16:07:34+00:00,Unknown,19.0,2024,5,24
78849,54700,21104,1,18.0,2024-11-17 21:19:00+00:00,Unknown,18.0,2024,11,17
75337,55007,21059,1,55.2,2025-01-11 05:08:33+00:00,Unknown,55.2,2025,1,11
81129,54631,21463,1,74.75,2024-09-24 11:42:42+00:00,Unknown,74.75,2024,9,24
75741,54426,21393,1,39.99,2025-07-21 02:37:23+00:00,Unknown,39.99,2025,7,21
79223,55785,21394,2,42.25,2025-03-03 06:27:19+00:00,Unknown,84.5,2025,3,3
78921,53027,21500,4,89.7,2025-01-29 08:57:46+00:00,Unknown,358.8,2025,1,29
77654,55351,21152,1,27.0,2024-10-16 08:00:23+00:00,Unknown,27.0,2024,10,16
80724,55243,21127,1,55.5,2024-11-27 15:24:37.852000+00:00,"Suite 111 72920 Weldon Motorway, North Lyndsay, DE 39837-2172",55.5,2024,11,27
81670,53629,21223,2,88.79,2025-01-02 01:50:05+00:00,Unknown,177.58,2025,1,2
82787,54162,21309,1,43.5,2025-02-26 00:35:13+00:00,Unknown,43.5,2025,2,26
79022,55320,21107,1,65.0,2025-06-04 01:54:38+00:00,"Suite 126 584 Dominic Village, McClureport, IA 22450-5496",65.0,2025,6,4
82995,53897,21175,3,25.75,2024-07-23 21:51:00+00:00,Unknown,77.25,2024,7,23
75539,54588,21487,1,68.99,2025-02-23 16:47:02+00:00,Unknown,68.99,2025,2,23
81147,54412,21528,1,72.75,2024-11-29 12:15:20.579000+00:00,Unknown,72.75,2024,11,29
81968,54355,21413,1,59.0,2025-02-14 22:00:46+00:00,Unknown,59.0,2025,2,14
82042,55066,21387,2,16.8,2024-06-17 12:58:43+00:00,"Suite 400 49273 Kathie Valley, Krisside, LA 02417-4051",33.6,2024,6,17
75333,55059,21287,1,77.1,2024-11-28 17:37:00+00:00,"3323 Tyrone Fords, Reynoldsville, MI 77044",77.1,2024,11,28
78316,55543,21020,1,61.5,2025-06-21 03:22:12+00:00,Unknown,61.5,2025,6,21
78598,55085,21554,1,33.99,2025-03-12 09:26:00+00:00,Unknown,33.99,2025,3,12
75761,54700,21287,1,65.0,2024-07-02 13:40:27+00:00,Unknown,65.0,2024,7,2
77233,53350,21431,1,62.25,2024-09-16 19:54:56+00:00,Unknown,62.25,2024,9,16
80831,54922,21078,1,71.0,2025-04-22 16:11:07+00:00,"Apt. 372 6348 Medhurst Crossroad, West Marcellestad, WV 09088",71.0,2025,4,22
77322,53900,21040,2,69.0,2025-03-17 12:22:38.308000+00:00,Unknown,138.0,2025,3,17
75468,54461,21541,1,65.4,2025-04-05 08:54:02+00:00,Unknown,65.4,2025,4,5
82241,53502,20952,1,41.75,2024-10-07 17:01:31+00:00,Unknown,41.75,2024,10,7
80677,54161,21461,2,46.75,2025-03-23 10:56:53+00:00,Unknown,93.5,2025,3,23
82308,53460,21497,1,68.75,2025-01-12 05:45:57.211000+00:00,Unknown,68.75,2025,1,12
80932,54444,21059,1,49.99,2024-08-10 18:03:41+00:00,Unknown,49.99,2024,8,10
81453,53633,21513,2,53.7,2024-08-30 11:13:54+00:00,Unknown,107.4,2024,8,30
80249,54915,21328,1,37.0,2024-11-29 13:37:56+00:00,Unknown,37.0,2024,11,29
76789,53253,21251,1,24.0,2024-07-21 23:02:00+00:00,Unknown,24.0,2024,7,21
75713,55662,21266,2,69.3,2024-04-20 02:13:00+00:00,"63870 Weber Wells, North Jess, NE 53256-9430",138.6,2024,4,20
80547,53287,21432,3,74.75,2024-04-17 19:03:00+00:00,Unknown,224.25,2024,4,17
79158,54691,21039,1,40.79,2025-05-14 19:53:38+00:00,"Suite 874 74687 Margie Viaduct, Weldonberg, KS 93860",40.79,2025,5,14
76772,54407,21043,1,15.25,2024-11-23 06:03:31+00:00,Unknown,15.25,2024,11,23
79287,55695,21264,1,38.0,2025-03-20 13:37:00+00:00,"21602 Olene Glens, New Susan, WY 43279",38.0,2025,3,20
76343,53272,21455,1,57.0,2025-04-04 23:49:00+00:00,"Apt. 523 198 Feeney Villages, Lake Russell, WI 64045",57.0,2025,4,4
77443,55811,21292,1,49.8,2024-04-23 01:00:42+00:00,Unknown,49.8,2024,4,23
79947,53800,21536,1,79.2,2024-09-22 04:30:30+00:00,"24122 Denesik Brooks, Kuvalisfort, VT 20339-9632",79.2,2024,9,22
80519,53915,21573,1,28.8,2025-01-25 11:23:51+00:00,"Suite 952 4246 Wolf Greens, East Dominick, GA 15935",28.8,2025,1,25
76418,54013,21281,5,71.25,2024-09-12 05:24:09+00:00,Unknown,356.25,2024,9,12
82752,53935,21414,1,35.99,2024-08-16 14:47:48+00:00,Unknown,35.99,2024,8,16
81470,55394,21067,1,57.0,2024-06-03 00:05:36+00:00,Unknown,57.0,2024,6,3
73977,55606,21539,2,63.99,2025-05-31 09:20:52+00:00,Unknown,127.98,2025,5,31
78242,54205,21125,2,21.6,2024-08-30 14:23:00+00:00,Unknown,43.2,2024,8,30
80275,53790,21134,3,54.99,2025-01-13 01:04:11+00:00,Unknown,164.97,2025,1,13
75020,55223,21099,1,32.75,2025-08-22 14:30:51+00:00,"Apt. 957 46976 Kohler Mews, Kochmouth, RI 47600-9969",32.75,2025,8,22
82698,54961,21368,1,31.8,2024-12-28 03:08:08+00:00,Unknown,31.8,2024,12,28
77728,54748,21212,1,32.0,2025-02-03 23:53:35+00:00,Unknown,32.0,2025,2,3
82250,54906,21407,3,36.0,2024-10-28 07:14:45+00:00,Unknown,108.0,2024,10,28
78289,55030,21505,1,31.5,2025-01-29 15:05:00+00:00,"634 Reanna Circle, Cremintown, GA 15499",31.5,2025,1,29
78419,53037,21370,1,42.99,2024-09-05 05:22:49+00:00,Unknown,42.99,2024,9,5
81881,54047,21331,1,62.0,2025-04-07 05:24:55+00:00,"6834 Nikolaus Landing, Natalyaport, NM 05463-1339",62.0,2025,4,7
79071,53493,21005,1,15.0,2024-11-21 14:39:45+00:00,Unknown,15.0,2024,11,21
79766,53902,21405,1,51.0,2024-12-21 14:07:02+00:00,Unknown,51.0,2024,12,21
78025,53955,21287,1,65.0,2025-02-08 08:27:14+00:00,Unknown,65.0,2025,2,8
82994,55542,21148,1,56.75,2025-02-07 10:37:21+00:00,Unknown,56.75,2025,2,7
80003,54851,21573,2,25.5,2024-11-22 02:52:00+00:00,Unknown,51.0,2024,11,22
78415,53882,21600,1,44.99,2024-03-29 11:21:00+00:00,Unknown,44.99,2024,3,29
82912,55036,21383,3,45.3,2025-07-29 07:55:15+00:00,Unknown,135.9,2025,7,29
75799,54225,21119,1,45.59,2025-01-30 15:29:01+00:00,Unknown,45.59,2025,1,30
80374,54299,21233,1,41.5,2025-01-18 08:31:31+00:00,Unknown,41.5,2025,1,18
82472,54389,20945,1,33.25,2024-06-29 06:26:36+00:00,Unknown,33.25,2024,6,29
77630,54980,21341,3,48.0,2024-03-16 18:21:00+00:00,Unknown,144.0,2024,3,16
75944,55459,20996,1,53.1,2025-03-04 18:13:41+00:00,"47201 Bettina Neck, Port Santiago, NH 92164-7449",53.1,2025,3,4
78354,55092,21605,3,28.2,2025-03-10 07:56:12+00:00,Unknown,84.6,2025,3,10
76982,53220,20948,1,76.99,2024-06-22 06:05:21+00:00,"40178 Koch Light, New Lore, NY 97284-4893",76.99,2024,6,22
74805,53119,21003,1,37.0,2025-01-16 01:29:11+00:00,"7174 Stoltenberg Bypass, Bennettborough, AK 44181-1880",37.0,2025,1,16
74712,53645,21494,5,27.6,2024-12-28 19:00:44+00:00,Unknown,138.0,2024,12,28
81851,53144,21291,1,29.5,2024-10-29 03:14:34+00:00,Unknown,29.5,2024,10,29
73426,54432,21498,2,21.5,2024-05-04 06:38:06+00:00,"Apt. 823 452 Alejandra Wells, Elihaven, MD 49067",43.0,2024,5,4
76205,55797,21214,5,60.5,2024-08-06 05:22:49+00:00,Unknown,302.5,2024,8,6
80139,54708,21047,1,55.25,2024-07-20 18:40:43.818000+00:00,Unknown,55.25,2024,7,20
80668,55217,21232,1,60.0,2025-04-29 22:29:49+00:00,Unknown,60.0,2025,4,29
79118,54251,21252,1,49.0,2025-01-21 12:27:02+00:00,"21478 White Plain, Lasonyaview, OK 44346-6352",49.0,2025,1,21
75375,55816,21123,1,66.99,2024-12-01 05:39:48+00:00,Unknown,66.99,2024,12,1
77985,53125,21381,3,37.5,2024-12-06 08:42:10+00:00,Unknown,112.5,2024,12,6
77531,53674,21030,1,28.2,2024-10-18 17:57:17+00:00,"135 Herman Ports, South Heriberto, ND 47661-4951",28.2,2024,10,18
80538,55659,20972,1,59.5,2025-04-08 15:05:22+00:00,Unknown,59.5,2025,4,8
76208,55745,21489,1,62.0,2024-12-02 18:51:24+00:00,"Apt. 855 850 Wyman Falls, Lake Edgardofort, DE 34725",62.0,2024,12,2
76350,55497,21084,3,71.0,2025-03-05 20:16:25+00:00,Unknown,213.0,2025,3,5
80706,54639,20953,1,48.25,2025-02-26 15:10:40+00:00,Unknown,48.25,2025,2,26
74796,53882,21347,1,45.5,2024-12-29 11:06:26+00:00,"91843 Simone Passage, Lashandachester, NM 85233-0871",45.5,2024,12,29
77045,54374,21655,1,33.6,2024-12-13 08:16:16+00:00,Unknown,33.6,2024,12,13
75470,53975,21137,2,44.0,2025-09-16 02:32:14+00:00,Unknown,88.0,2025,9,16
79470,54197,21557,1,64.5,2024-09-02 04:46:00+00:00,Unknown,64.5,2024,9,2
81463,53961,20983,1,16.25,2024-07-25 05:01:00+00:00,"7905 Soraya Plaza, South Wilton, NE 83678",16.25,2024,7,25
80627,54835,21285,1,67.0,2025-02-14 12:32:36+00:00,Unknown,67.0,2025,2,14
77516,54202,21386,1,42.75,2025-02-06 18:31:43.273000+00:00,"799 Lesch Lakes, Port Simoneland, KY 92472-8071",42.75,2025,2,6
74913,53756,21632,1,19.25,2025-06-26 22:16:02+00:00,Unknown,19.25,2025,6,26
80732,54837,21232,4,60.0,2025-01-20 18:56:57+00:00,Unknown,240.0,2025,1,20
81907,53953,21353,1,22.25,2024-11-29 17:57:15+00:00,Unknown,22.25,2024,11,29
73990,54358,21548,1,83.7,2024-11-18 22:14:00+00:00,"Suite 414 3635 Sanford Mews, East Marcellus, GA 77188",83.7,2024,11,18
77455,55231,21625,1,35.4,2024-10-30 08:15:35+00:00,Unknown,35.4,2024,10,30
78998,55737,20925,2,43.0,2025-01-22 11:00:00+00:00,Unknown,86.0,2025,1,22
74150,53268,21391,1,65.25,2024-07-27 04:01:36+00:00,Unknown,65.25,2024,7,27
73996,55091,21517,1,66.5,2024-12-04 13:06:40+00:00,"Suite 962 19897 Emmerich Cove, Roseliahaven, MI 95564-3602",66.5,2024,12,4
73734,53237,21333,1,28.0,2025-06-13 01:22:25+00:00,Unknown,28.0,2025,6,13
78048,55276,21428,1,26.0,2025-04-29 05:23:00+00:00,Unknown,26.0,2025,4,29
82790,54697,21611,1,60.5,2024-08-26 08:27:00+00:00,Unknown,60.5,2024,8,26
75317,53902,21269,1,32.99,2025-01-11 03:26:25+00:00,Unknown,32.99,2025,1,11
75646,54831,21286,1,43.19,2024-10-08 09:29:00+00:00,"Apt. 433 97902 Edmundo Stravenue, Ernserchester, NC 63669",43.19,2024,10,8
82339,53923,21307,1,69.5,2025-01-31 08:34:00+00:00,Unknown,69.5,2025,1,31
73958,55223,21327,2,74.5,2025-02-09 17:15:00+00:00,Unknown,149.0,2025,2,9
79130,54496,21380,1,39.6,2024-11-29 08:29:00+00:00,Unknown,39.6,2024,11,29
82229,54333,20945,1,38.75,2024-09-11 21:27:47+00:00,"6544 Gertrude Expressway, New Rupertfort, AK 77202-2898",38.75,2024,9,11
77889,53245,21570,1,47.5,2024-03-21 22:25:00+00:00,"957 Sawayn Walks, Lake Kelvin, NE 06419-2537",47.5,2024,3,21
74272,53165,21605,1,28.2,2024-10-10 07:33:20+00:00,"662 Brooks Dam, West Joshua, SC 13091",28.2,2024,10,10
82422,54605,21528,1,86.1,2024-12-22 09:31:02+00:00,Unknown,86.1,2024,12,22
82131,55329,21135,2,72.0,2024-04-11 12:53:11+00:00,Unknown,144.0,2024,4,11
76201,53401,21630,4,65.4,2024-11-29 16:29:00+00:00,Unknown,261.6,2024,11,29
73784,54886,21450,1,48.0,2024-08-24 04:54:11+00:00,"Apt. 901 2216 Kovacek Rue, Armstrongport, TX 90686",48.0,2024,8,24
80774,55693,21353,2,20.4,2024-06-18 06:31:57+00:00,Unknown,40.8,2024,6,18
78651,55051,21107,3,80.1,2024-10-06 22:46:10+00:00,"Suite 912 3035 Dorian Skyway, Juliettabury, AR 23448",240.3,2024,10,6
75400,53819,21067,1,68.4,2024-12-18 14:14:46+00:00,Unknown,68.4,2024,12,18
82961,54131,21426,1,25.0,2025-01-21 19:16:17+00:00,Unknown,25.0,2025,1,21
74965,54649,21496,1,34.79,2025-04-30 02:34:31+00:00,Unknown,34.79,2025,4,30
81155,54495,21306,1,35.75,2024-12-29 21:02:40.994000+00:00,Unknown,35.75,2024,12,29
79308,54304,21477,1,56.39,2024-11-16 08:35:36+00:00,Unknown,56.39,2024,11,16
79785,53597,21320,2,37.0,2024-08-09 15:34:29+00:00,Unknown,74.0,2024,8,9
73939,54499,21284,1,22.75,2024-07-17 02:22:00+00:00,Unknown,22.75,2024,7,17
81547,55787,21434,1,45.0,2024-07-24 06:07:51+00:00,Unknown,45.0,2024,7,24
77751,55180,21386,1,44.5,2025-03-19 08:10:00+00:00,Unknown,44.5,2025,3,19
79375,54805,21013,5,45.5,2024-10-21 22:32:00+00:00,Unknown,227.5,2024,10,21
81495,55572,21209,1,45.0,2024-08-10 06:15:18+00:00,Unknown,45.0,2024,8,10
74760,54424,21336,2,61.5,2024-12-01 23:26:21.444000+00:00,Unknown,123.0,2024,12,1
79417,54232,21609,1,17.25,2025-05-20 20:17:22+00:00,Unknown,17.25,2025,5,20
79347,55451,21645,1,51.99,2024-07-17 12:43:00+00:00,Unknown,51.99,2024,7,17
74765,55349,21483,2,68.99,2024-12-29 07:55:59+00:00,Unknown,137.98,2024,12,29
81219,55000,21186,2,40.0,2025-01-18 22:54:00+00:00,Unknown,80.0,2025,1,18
79368,54194,21146,1,45.5,2024-07-21 00:08:45+00:00,"Apt. 822 8018 Robt Crest, South Mylesland, LA 65804",45.5,2024,7,21
79159,55764,21035,2,42.0,2025-04-10 07:15:00+00:00,Unknown,84.0,2025,4,10
80900,53533,21452,1,21.5,2024-10-17 12:48:00+00:00,Unknown,21.5,2024,10,17
80640,54673,20958,1,39.6,2025-05-21 00:02:00+00:00,"Apt. 715 3409 Stamm Station, Christianberg, SD 13319-4565",39.6,2025,5,21
73972,53129,21188,1,60.0,2024-11-22 17:12:52+00:00,Unknown,60.0,2024,11,22
78035,54845,21227,2,84.0,2025-01-18 01:40:00+00:00,Unknown,168.0,2025,1,18
80193,53698,21470,2,82.2,2024-09-15 17:05:00+00:00,Unknown,164.4,2024,9,15
78391,53165,21317,1,48.75,2024-02-29 08:23:23+00:00,Unknown,48.75,2024,2,29
77046,53036,21538,3,84.9,2024-11-23 07:07:16+00:00,Unknown,254.7,2024,11,23
82742,54192,21374,1,21.5,2024-12-06 19:03:00+00:00,"1809 Nga Trail, West Blancaburgh, NC 51856-2450",21.5,2024,12,6
81221,53268,20979,2,68.0,2025-01-15 04:20:20+00:00,Unknown,136.0,2025,1,15
75087,55617,21244,1,18.5,2024-10-27 02:55:00+00:00,Unknown,18.5,2024,10,27
76792,55801,21378,1,49.19,2025-03-20 11:14:00+00:00,Unknown,49.19,2025,3,20
75972,54754,21517,1,78.6,2025-11-03 20:16:16+00:00,Unknown,78.6,2025,11,3
77182,53034,20921,1,18.5,2024-07-23 18:03:00+00:00,"831 Emil Trace, Port Deannaburgh, AZ 75136",18.5,2024,7,23
79168,55000,21558,2,22.5,2024-10-09 17:17:00+00:00,Unknown,45.0,2024,10,9
74313,54229,21359,1,88.8,2024-07-14 22:45:33.848000+00:00,Unknown,88.8,2024,7,14
82642,55309,20998,3,44.0,2024-09-22 01:49:40+00:00,Unknown,132.0,2024,9,22
81475,53380,21189,1,27.0,2024-09-22 16:37:16+00:00,Unknown,27.0,2024,9,22
81641,53020,21468,1,70.99,2025-04-02 09:56:00+00:00,Unknown,70.99,2025,4,2
80615,54089,21120,2,46.8,2025-04-15 18:48:01+00:00,Unknown,93.6,2025,4,15
80150,53459,21321,3,86.1,2025-04-02 07:16:00+00:00,Unknown,258.3,2025,4,2
80815,54066,21336,1,75.6,2025-03-16 09:34:57+00:00,Unknown,75.6,2025,3,16
77860,54514,21482,1,43.0,2024-06-25 08:09:10+00:00,Unknown,43.0,2024,6,25
74655,55478,21592,2,31.5,2025-03-20 17:13:13+00:00,Unknown,63.0,2025,3,20
76434,54866,20936,1,57.75,2025-01-08 18:02:00+00:00,Unknown,57.75,2025,1,8
81076,53052,21088,1,53.0,2024-09-27 03:11:34+00:00,Unknown,53.0,2024,9,27
73557,54429,21321,2,89.99,2025-10-29 12:08:30+00:00,Unknown,179.98,2025,10,29
81197,54055,21383,1,44.7,2024-12-19 18:36:16+00:00,Unknown,44.7,2024,12,19
80116,53490,21112,1,28.0,2025-04-10 13:05:56+00:00,Unknown,28.0,2025,4,10
77846,55422,21115,1,70.0,2024-10-25 08:38:45.815000+00:00,"633 Ali Lights, Jeanettaland, TN 53792-4270",70.0,2024,10,25
75650,54926,21127,1,65.7,2024-07-10 01:51:17+00:00,Unknown,65.7,2024,7,10
78370,53036,21480,2,68.99,2024-09-11 12:22:19+00:00,Unknown,137.98,2024,9,11
81661,54885,21493,2,31.99,2024-10-08 05:12:27+00:00,Unknown,63.98,2024,10,8
78787,54172,21495,1,25.8,2025-05-20 04:06:06+00:00,Unknown,25.8,2025,5,20
79126,54054,21394,5,47.25,2025-02-09 08:04:00+00:00,Unknown,236.25,2025,2,9
79068,55363,21648,1,39.0,2024-09-25 22:26:00+00:00,"Suite 463 82388 Prosacco Pass, Gusfurt, CT 10522",39.0,2024,9,25
81753,55322,21643,2,30.99,2025-03-31 03:55:13+00:00,"4125 Zemlak Stravenue, East Shanti, CA 37646",61.98,2025,3,31
77361,55524,21198,1,40.75,2024-11-28 05:16:00+00:00,Unknown,40.75,2024,11,28
73936,53043,21643,1,40.8,2024-09-20 11:18:00+00:00,Unknown,40.8,2024,9,20
74171,55464,21210,1,19.0,2025-04-17 06:21:00+00:00,Unknown,19.0,2025,4,17
79378,53449,21380,1,38.25,2024-10-14 05:54:21+00:00,"Suite 220 303 Macejkovic Curve, West Marcelinemouth, DE 56814-3380",38.25,2024,10,14
77683,54108,21494,1,25.5,2025-04-17 04:36:00+00:00,Unknown,25.5,2025,4,17
77689,53690,21368,5,27.99,2025-03-07 02:41:25+00:00,Unknown,139.95,2025,3,7
76469,54133,21539,1,82.79,2025-05-30 22:01:00+00:00,Unknown,82.79,2025,5,30
79411,55365,21176,1,27.6,2025-01-01 18:42:00+00:00,Unknown,27.6,2025,1,1
82412,55533,21238,1,71.4,2024-12-17 16:52:00+00:00,Unknown,71.4,2024,12,17
73809,53300,21445,1,47.25,2024-09-22 03:39:00+00:00,Unknown,47.25,2024,9,22
80298,54867,20989,2,64.99,2025-01-18 11:40:18+00:00,Unknown,129.98,2025,1,18
75588,54912,21239,1,40.2,2025-05-18 20:53:48+00:00,Unknown,40.2,2025,5,18
77093,53362,21473,3,60.0,2024-06-12 02:58:45+00:00,"Suite 862 7724 Ervin Point, Stromanburgh, DE 09314",180.0,2024,6,12
75681,55777,21597,1,42.0,2024-06-13 04:24:00+00:00,Unknown,42.0,2024,6,13
81304,54742,21138,1,36.25,2024-12-19 00:16:57+00:00,"34688 Gutmann Mews, Lindville, CO 31271",36.25,2024,12,19
82501,53120,21454,1,46.5,2024-09-23 18:00:00+00:00,Unknown,46.5,2024,9,23
80956,53175,21322,1,28.0,2025-05-30 20:11:26.528000+00:00,Unknown,28.0,2025,5,30
80479,53034,21041,1,68.0,2024-08-10 23:37:00+00:00,Unknown,68.0,2024,8,10
80607,53443,21315,1,63.99,2024-11-11 09:47:49+00:00,"Suite 340 6980 Darryl Curve, New Bill, WV 88165",63.99,2024,11,11
77005,54897,21076,3,54.0,2025-04-13 15:57:24+00:00,"Suite 905 34554 Keeling Locks, South Teshamouth, NY 27860-4310",162.0,2025,4,13
82160,55161,21269,1,32.0,2025-03-18 20:21:29+00:00,Unknown,32.0,2025,3,18
82628,53812,21057,1,44.39,2025-07-26 00:31:48+00:00,"Apt. 817 7479 Gigi Via, Kennethville, ME 55804",44.39,2025,7,26
76138,53583,21039,1,35.5,2024-10-14 11:13:13+00:00,Unknown,35.5,2024,10,14
74478,53161,21061,1,55.2,2024-08-11 08:04:17+00:00,Unknown,55.2,2024,8,11
80336,55710,21346,1,56.4,2024-09-23 20:00:00+00:00,Unknown,56.4,2024,9,23
77257,53209,20960,1,24.5,2025-02-16 22:28:24+00:00,Unknown,24.5,2025,2,16
74102,54604,21408,1,25.8,2024-10-12 00:03:00+00:00,Unknown,25.8,2024,10,12
81540,55304,21592,2,29.99,2025-02-27 00:33:00+00:00,"Suite 319 586 Halvorson Lane, Lucioborough, MO 43284-4515",59.98,2025,2,27
79761,53687,21368,3,27.0,2024-06-01 02:19:00.871000+00:00,Unknown,81.0,2024,6,1
83088,54910,21194,2,23.1,2024-07-04 22:41:00+00:00,Unknown,46.2,2024,7,4
78015,54142,21610,3,44.99,2024-10-11 09:45:09+00:00,"50289 Farrell Shoal, Laraeburgh, ND 79333",134.97,2024,10,11
77814,55158,21263,2,59.0,2025-03-13 07:34:47+00:00,Unknown,118.0,2025,3,13
81616,54538,21314,2,17.1,2024-03-19 16:21:00+00:00,"Apt. 498 92763 Runolfsdottir Point, East Youlandaport, AR 39462",34.2,2024,3,19
82502,53368,21612,1,66.0,2024-09-11 08:29:00+00:00,"962 Hector Loaf, West Gladis, IN 56586",66.0,2024,9,11
75454,53470,21056,1,47.0,2024-07-18 11:36:25+00:00,Unknown,47.0,2024,7,18
80360,53484,21154,1,86.39,2025-03-30 15:02:00+00:00,Unknown,86.39,2025,3,30
77603,54934,21617,1,23.99,2024-10-05 23:20:42+00:00,Unknown,23.99,2024,10,5
74844,54777,21114,1,62.75,2024-12-03 21:41:00+00:00,Unknown,62.75,2024,12,3
80201,55545,21426,1,23.75,2024-12-14 02:51:12+00:00,"Suite 151 91136 O'Connell Estate, Port Derekville, TN 02109",23.75,2024,12,14
74850,53622,21595,3,60.0,2024-11-21 01:42:00+00:00,Unknown,180.0,2024,11,21
78629,55811,21525,1,50.0,2024-04-23 04:01:21+00:00,Unknown,50.0,2024,4,23
77746,53370,20942,1,35.99,2025-02-21 00:59:59+00:00,Unknown,35.99,2025,2,21
82645,55430,21317,2,52.0,2025-05-23 19:01:25.346000+00:00,Unknown,104.0,2025,5,23
79448,53753,21471,1,21.0,2024-11-30 18:31:00+00:00,"Suite 506 73656 Little Drive, Nienowborough, KS 14613-5937",21.0,2024,11,30
81683,53957,21250,2,24.0,2025-02-20 08:41:00+00:00,Unknown,48.0,2025,2,20
76873,53644,21537,1,16.99,2024-09-27 12:50:26+00:00,Unknown,16.99,2024,9,27
76455,53972,21348,1,25.25,2025-03-14 14:17:00+00:00,Unknown,25.25,2025,3,14
78904,54097,21197,1,68.0,2025-01-26 12:35:00+00:00,Unknown,68.0,2025,1,26
78536,54165,21618,1,49.2,2024-12-22 03:18:39+00:00,Unknown,49.2,2024,12,22
75500,55514,21035,1,42.5,2024-07-24 01:40:05+00:00,Unknown,42.5,2024,7,24
82878,55156,20986,1,76.79,2025-04-28 10:16:57+00:00,Unknown,76.79,2025,4,28
73795,53229,21184,2,69.99,2024-06-20 11:49:53+00:00,Unknown,139.98,2024,6,20
80250,55097,21113,1,61.2,2025-04-12 15:08:42+00:00,Unknown,61.2,2025,4,12
80293,53112,21585,1,45.5,2025-08-22 17:17:30+00:00,Unknown,45.5,2025,8,22
76370,54361,21473,3,59.5,2024-02-04 20:47:44+00:00,Unknown,178.5,2024,2,4
80025,53529,20955,1,71.5,2024-12-16 04:56:39+00:00,Unknown,71.5,2024,12,16
82262,53881,21143,1,39.75,2025-03-04 20:06:00+00:00,Unknown,39.75,2025,3,4
79987,53692,21138,1,42.0,2024-05-28 19:26:40+00:00,Unknown,42.0,2024,5,28
82854,54593,21483,1,83.4,2024-12-20 04:25:16+00:00,Unknown,83.4,2024,12,20
75325,53914,21585,1,45.0,2025-04-23 21:35:36+00:00,Unknown,45.0,2025,4,23
78018,53091,21175,2,28.2,2024-10-17 10:38:00+00:00,Unknown,56.4,2024,10,17
82125,55321,21028,2,53.25,2025-06-15 23:19:00+00:00,Unknown,106.5,2025,6,15
75835,53805,21125,3,15.6,2025-01-14 04:00:15+00:00,"58820 Zboncak Unions, Sylvieside, NE 78587-3949",46.8,2025,1,14
74696,55576,21377,1,48.5,2024-05-04 22:29:00+00:00,Unknown,48.5,2024,5,4
82983,54347,21132,2,25.2,2025-01-21 03:57:11+00:00,Unknown,50.4,2025,1,21
80359,55264,21501,1,30.0,2025-05-26 23:02:00+00:00,Unknown,30.0,2025,5,26
78032,54533,21272,1,77.1,2025-03-06 05:13:00+00:00,Unknown,77.1,2025,3,6
77964,55232,20976,1,51.75,2025-02-13 15:39:44+00:00,"Suite 559 60491 Cummings Flats, Charleneside, NV 51293",51.75,2025,2,13
75149,53365,20959,1,51.3,2025-05-29 03:03:00+00:00,"Apt. 460 6727 Brakus Keys, West Ashton, WI 49594",51.3,2025,5,29
74611,54434,21126,1,76.8,2025-03-31 23:29:05+00:00,Unknown,76.8,2025,3,31
78646,55070,21271,1,27.6,2025-04-02 19:45:45+00:00,Unknown,27.6,2025,4,2
75914,53609,21044,1,28.2,2024-11-10 09:00:31+00:00,Unknown,28.2,2024,11,10
77451,55232,21002,1,40.25,2025-10-13 21:09:09+00:00,Unknown,40.25,2025,10,13
75677,54740,21427,2,62.5,2024-11-18 11:30:33+00:00,Unknown,125.0,2024,11,18
74679,55217,21060,2,34.75,2025-05-29 10:38:00+00:00,Unknown,69.5,2025,5,29
76562,54042,21566,1,48.75,2024-10-31 04:46:02.746000+00:00,Unknown,48.75,2024,10,31
81667,53622,21116,1,33.5,2024-05-20 03:33:58+00:00,Unknown,33.5,2024,5,20
80304,54644,21231,1,82.8,2025-05-13 17:25:22+00:00,Unknown,82.8,2025,5,13
77549,55144,21194,3,23.75,2024-11-17 14:48:48+00:00,Unknown,71.25,2024,11,17
79617,54780,21222,1,90.6,2025-04-17 17:35:00+00:00,Unknown,90.6,2025,4,17
78781,54446,21356,2,13.99,2024-11-10 21:23:22+00:00,Unknown,27.98,2024,11,10
82902,53313,21630,2,57.99,2024-12-05 16:43:17+00:00,Unknown,115.98,2024,12,5
76620,54077,21170,4,75.99,2025-03-27 13:08:00+00:00,"Suite 369 66134 Simonis Flats, Smithamshire, HI 41707-9843",303.96,2025,3,27
75978,54840,21590,1,30.25,2025-03-01 21:35:13+00:00,Unknown,30.25,2025,3,1
83121,55218,21052,1,73.0,2025-01-26 15:46:01+00:00,Unknown,73.0,2025,1,26
77756,55434,20977,5,25.5,2025-04-18 00:19:52+00:00,"Suite 496 179 Raymon Port, Feilhaven, WY 08018",127.5,2025,4,18
77717,55498,20941,1,21.25,2024-08-29 03:20:01+00:00,Unknown,21.25,2024,8,29
79115,53728,21263,1,67.2,2024-08-09 09:45:52+00:00,"69910 Garth Drive, Cruickshankville, ID 24193-1514",67.2,2024,8,9
78505,55768,21462,2,29.0,2024-11-27 19:40:02+00:00,Unknown,58.0,2024,11,27
76687,54564,21359,1,71.99,2024-12-21 15:39:25+00:00,Unknown,71.99,2024,12,21
77853,53675,20920,1,17.25,2025-03-03 22:56:00+00:00,Unknown,17.25,2025,3,3
82299,53266,21196,3,39.25,2025-02-08 22:50:00+00:00,Unknown,117.75,2025,2,8
74794,53388,21122,1,63.0,2025-01-04 07:24:00+00:00,Unknown,63.0,2025,1,4
82716,53229,21263,2,59.0,2024-12-04 02:44:27+00:00,Unknown,118.0,2024,12,4
74656,54342,21313,2,39.6,2024-08-07 18:12:07+00:00,Unknown,79.2,2024,8,7
73671,55615,20945,1,38.99,2025-04-30 04:42:00+00:00,Unknown,38.99,2025,4,30
73612,54356,21614,1,73.0,2024-12-14 21:10:00+00:00,Unknown,73.0,2024,12,14
80475,55225,21173,3,24.0,2024-04-16 06:29:00+00:00,Unknown,72.0,2024,4,16
76895,55575,21621,4,44.5,2025-01-23 02:55:57+00:00,Unknown,178.0,2025,1,23
78997,54058,21560,1,55.75,2024-11-17 03:01:00+00:00,Unknown,55.75,2024,11,17
76544,55717,20985,1,35.75,2025-05-09 01:50:00+00:00,"Suite 277 2194 Stepanie Pines, New Brunildaside, IA 18173-1301",35.75,2025,5,9
75126,54951,21041,1,70.5,2025-02-24 13:42:46+00:00,Unknown,70.5,2025,2,24
77220,54885,21190,1,36.5,2024-05-12 15:51:14+00:00,Unknown,36.5,2024,5,12
74525,54822,21024,1,37.25,2024-03-14 06:02:57+00:00,Unknown,37.25,2024,3,14
78560,55630,21518,1,53.5,2024-08-17 13:30:23+00:00,Unknown,53.5,2024,8,17
73445,54493,21025,1,53.0,2025-02-05 05:31:26+00:00,Unknown,53.0,2025,2,5
82638,55021,21337,1,86.4,2025-04-28 03:28:12+00:00,Unknown,86.4,2025,4,28
77542,55708,21482,2,45.0,2025-04-10 19:20:00+00:00,"Suite 387 4411 Sylvester Roads, Bartontown, NM 88548",90.0,2025,4,10
82993,53227,21084,1,71.99,2024-09-04 00:32:33+00:00,Unknown,71.99,2024,9,4
81885,54350,21048,1,65.5,2024-07-09 01:02:56+00:00,Unknown,65.5,2024,7,9
77256,54975,21495,1,23.7,2024-08-25 01:50:00+00:00,Unknown,23.7,2024,8,25
81664,55183,21041,2,85.2,2024-12-11 17:03:00+00:00,Unknown,170.4,2024,12,11
80504,54540,20984,1,32.25,2024-12-23 23:00:27+00:00,Unknown,32.25,2024,12,23
82722,53487,20989,1,82.79,2025-01-21 14:26:18+00:00,Unknown,82.79,2025,1,21
76181,55204,20982,1,48.9,2024-08-19 08:11:00+00:00,Unknown,48.9,2024,8,19
80986,55645,21293,2,57.5,2024-09-13 12:25:39+00:00,Unknown,115.0,2024,9,13
79613,53318,21262,2,33.5,2024-11-29 03:27:37.467000+00:00,Unknown,67.0,2024,11,29
83166,54792,21413,1,57.99,2025-03-24 03:25:29+00:00,Unknown,57.99,2025,3,24
73378,54187,21122,4,75.9,2025-02-19 23:01:01+00:00,Unknown,303.6,2025,2,19
76240,53946,20978,1,55.0,2024-11-28 11:00:00+00:00,Unknown,55.0,2024,11,28
78146,55313,21419,1,67.0,2025-02-15 03:13:55+00:00,"Suite 141 88240 Len Crest, Jerrybury, ME 36471",67.0,2025,2,15
80678,53942,21114,1,60.99,2025-01-31 05:42:00+00:00,"Apt. 359 9104 Sherita Union, Shantellemouth, ID 26418",60.99,2025,1,31
73988,53081,21104,5,22.5,2024-12-29 06:34:20+00:00,Unknown,112.5,2024,12,29
75353,54810,21375,1,33.6,2024-11-12 05:46:54+00:00,Unknown,33.6,2024,11,12
83148,55625,21273,2,86.4,2024-08-09 07:53:10.859000+00:00,Unknown,172.8,2024,8,9
82121,55239,21506,1,33.5,2025-01-24 21:17:00+00:00,Unknown,33.5,2025,1,24
79590,54663,21313,1,43.2,2024-11-28 07:39:46+00:00,Unknown,43.2,2024,11,28
73479,55168,21456,5,51.75,2025-03-27 13:35:00+00:00,Unknown,258.75,2025,3,27
80299,53972,21514,1,34.5,2024-09-28 13:13:00+00:00,Unknown,34.5,2024,9,28
77629,54410,21628,1,26.0,2024-05-29 08:46:38+00:00,Unknown,26.0,2024,5,29
74018,53481,21620,1,14.75,2025-06-29 05:15:11+00:00,"871 Connelly Expressway, Shanahanborough, NC 98984-1129",14.75,2025,6,29
77478,53114,21479,2,58.5,2024-09-04 07:17:00+00:00,Unknown,117.0,2024,9,4
76786,54468,20967,1,45.0,2024-10-31 16:55:11+00:00,Unknown,45.0,2024,10,31
78823,53239,21649,3,21.5,2024-08-02 14:08:43+00:00,Unknown,64.5,2024,8,2
74029,53290,21173,1,19.99,2024-08-25 13:15:00+00:00,"Apt. 284 49962 Roberts Plaza, New Dwaynemouth, NM 82980-1979",19.99,2024,8,25
81901,55078,21283,2,50.1,2024-08-29 13:38:20+00:00,Unknown,100.2,2024,8,29
82651,53303,21449,2,81.59,2025-02-24 22:50:36+00:00,Unknown,163.18,2025,2,24
77372,55164,21448,2,15.5,2025-07-01 21:23:23+00:00,"Suite 437 66141 Jamie Glen, New Corrie, MT 29335-3474",31.0,2025,7,1
79942,55182,21238,2,56.75,2024-09-24 09:32:27+00:00,"Apt. 200 4094 Kathleen Drives, Jarredmouth, ND 89315",113.5,2024,9,24
82284,54650,21470,1,68.0,2024-10-05 23:28:26.270000+00:00,Unknown,68.0,2024,10,5
80488,55197,21133,1,70.99,2025-08-31 20:43:54+00:00,Unknown,70.99,2025,8,31
78033,54053,21165,1,15.5,2025-01-05 23:24:46+00:00,Unknown,15.5,2025,1,5
75152,54105,21469,2,67.0,2024-11-24 01:06:00+00:00,"507 Lorriane Ports, Wisozkchester, PA 54883",134.0,2024,11,24
74437,54636,21567,1,66.0,2025-03-26 21:17:00+00:00,Unknown,66.0,2025,3,26
81612,53038,21460,1,33.0,2024-06-11 19:31:41+00:00,Unknown,33.0,2024,6,11
77557,55198,21166,1,47.5,2025-04-11 20:08:17.405000+00:00,Unknown,47.5,2025,4,11
80451,54071,21013,1,41.99,2025-01-31 13:07:07+00:00,Unknown,41.99,2025,1,31
74462,54898,21255,1,39.0,2024-10-23 18:00:12+00:00,Unknown,39.0,2024,10,23
79284,53452,21508,1,37.5,2025-08-21 12:21:55+00:00,Unknown,37.5,2025,8,21
74206,55655,21376,1,59.25,2024-10-20 23:46:53+00:00,Unknown,59.25,2024,10,20
81586,55665,21327,1,90.0,2024-08-14 11:37:03+00:00,Unknown,90.0,2024,8,14
77180,54982,21575,1,48.0,2025-03-25 14:33:56+00:00,Unknown,48.0,2025,3,25
83133,53502,21270,1,72.25,2024-11-10 10:52:00+00:00,Unknown,72.25,2024,11,10
74457,53645,21410,1,32.7,2024-09-26 21:56:00+00:00,Unknown,32.7,2024,9,26
76597,55280,20972,3,58.0,2024-03-24 13:37:36+00:00,"89353 Haag Mills, Dyanmouth, VA 69080",174.0,2024,3,24
77992,53987,21413,1,58.25,2024-12-28 04:51:00+00:00,Unknown,58.25,2024,12,28
75582,54467,21305,1,48.5,2024-07-21 18:25:31+00:00,Unknown,48.5,2024,7,21
78735,54266,21488,2,24.5,2024-11-01 14:32:00+00:00,"5543 Dane Flats, Port Eddie, CT 42308-9323",49.0,2024,11,1
80888,53144,21474,1,53.5,2025-04-29 11:21:58+00:00,Unknown,53.5,2025,4,29
81030,53965,21306,2,32.0,2024-10-18 06:42:45+00:00,"Apt. 969 3985 Hessel Light, Alanfort, SD 20439",64.0,2024,10,18
75181,54441,21107,1,63.0,2024-11-30 16:10:00+00:00,Unknown,63.0,2024,11,30
77187,54513,21368,2,24.75,2025-05-16 17:45:57+00:00,"804 Dee Key, Port Moises, WA 60509",49.5,2025,5,16
73399,55589,21337,1,68.0,2025-01-11 10:59:46+00:00,Unknown,68.0,2025,1,11
73696,55311,21455,1,55.25,2025-01-27 07:49:36+00:00,Unknown,55.25,2025,1,27
81301,54629,21570,1,50.0,2025-03-26 13:55:42+00:00,"9395 Dinorah Burg, Lake Ezequieltown, AR 68635",50.0,2025,3,26
73860,55207,21469,2,68.0,2024-08-04 08:30:35+00:00,Unknown,136.0,2024,8,4
80357,54970,21135,5,92.1,2024-12-27 13:37:00+00:00,"Apt. 875 4285 Dominique Prairie, Owenmouth, NH 22871",460.5,2024,12,27
79391,54655,21620,1,12.99,2024-08-11 20:21:21+00:00,Unknown,12.99,2024,8,11
78322,55550,20984,1,35.75,2024-10-01 02:07:00+00:00,Unknown,35.75,2024,10,1
77305,55174,21573,2,23.5,2025-02-04 06:16:15+00:00,Unknown,47.0,2025,2,4
76474,53625,21321,1,70.25,2024-11-26 01:01:00+00:00,Unknown,70.25,2024,11,26
74500,55288,21349,4,72.9,2025-04-05 00:07:00+00:00,Unknown,291.6,2025,4,5
74361,54114,21036,1,61.25,2024-07-30 15:03:00+00:00,Unknown,61.25,2024,7,30
82956,53201,21421,2,62.4,2025-03-10 04:13:35+00:00,"Apt. 659 5171 Ryan Fall, Katiaview, OK 04322-9244",124.8,2025,3,10
79618,53182,21388,1,47.25,2024-07-27 14:35:15+00:00,Unknown,47.25,2024,7,27
81913,55225,21447,1,81.3,2025-04-30 14:15:00+00:00,"62921 Maggio Canyon, Lake Quinn, WY 39087",81.3,2025,4,30
79624,53613,21414,2,32.5,2025-02-10 07:08:39+00:00,Unknown,65.0,2025,2,10
75609,55498,21637,1,53.4,2025-03-10 09:54:28+00:00,"Apt. 589 5448 Monroe Prairie, Port Hipolitoshire, NJ 40802-2429",53.4,2025,3,10
80380,53996,21547,1,24.0,2024-03-07 12:12:38+00:00,"Apt. 562 52645 Cole Dam, Wileyborough, CA 09701-4301",24.0,2024,3,7
74217,54760,21410,1,32.4,2025-05-06 22:40:34+00:00,Unknown,32.4,2025,5,6
73983,54182,21326,1,74.5,2025-04-19 14:33:45+00:00,Unknown,74.5,2025,4,19
82592,55527,21430,2,33.0,2024-10-24 14:14:17+00:00,Unknown,66.0,2024,10,24
76517,55187,21098,3,76.79,2025-01-07 05:34:00+00:00,Unknown,230.37,2025,1,7
78053,55175,21604,1,51.0,2024-10-17 13:56:00+00:00,"Apt. 635 3235 Larkin Path, Shanaeburgh, HI 53157-3335",51.0,2024,10,17
74802,54596,20998,1,56.4,2025-04-14 21:27:20+00:00,Unknown,56.4,2025,4,14
76970,54779,21184,1,70.5,2024-11-26 16:00:13+00:00,"3820 Torp Drive, East Brandee, CT 57053-9494",70.5,2024,11,26
80518,54881,21273,1,75.0,2024-11-08 00:42:00+00:00,Unknown,75.0,2024,11,8
73617,55493,21427,1,70.5,2024-07-03 02:57:14+00:00,Unknown,70.5,2024,7,3
77966,53868,21453,4,71.5,2024-08-05 17:38:05+00:00,Unknown,286.0,2024,8,5
80736,54453,21519,5,60.9,2024-05-28 22:40:49+00:00,"Suite 295 5519 Koch Mountain, Binsville, MT 05088",304.5,2024,5,28
78819,55818,21169,1,59.0,2024-08-05 18:17:00+00:00,"Apt. 603 6931 Roberts Glen, Lake Victorburgh, WI 41775",59.0,2024,8,5
79682,53047,21269,1,39.59,2024-10-14 20:19:34+00:00,"Apt. 323 1896 Windler Station, East Ismael, WA 20792-1706",39.59,2024,10,14
73751,55132,21580,1,65.0,2025-02-11 09:51:21+00:00,Unknown,65.0,2025,2,11
76318,54769,21588,1,47.25,2025-04-05 05:38:25+00:00,Unknown,47.25,2025,4,5
82718,55786,21606,1,18.0,2025-04-13 05:46:54+00:00,Unknown,18.0,2025,4,13
75852,53115,21308,1,62.75,2025-03-26 08:14:14+00:00,Unknown,62.75,2025,3,26
79695,54312,21250,1,28.8,2024-09-30 13:09:30+00:00,"961 Melvin Extensions, North Courtney, TX 20947-0624",28.8,2024,9,30
78557,53710,20931,1,56.0,2025-08-12 21:49:58+00:00,Unknown,56.0,2025,8,12
80669,54813,21642,1,60.0,2024-08-03 22:09:36+00:00,Unknown,60.0,2024,8,3
79194,54076,21549,2,52.0,2024-07-28 03:52:24+00:00,Unknown,104.0,2024,7,28
80699,54813,21248,1,42.75,2024-06-05 08:12:59+00:00,Unknown,42.75,2024,6,5
81339,55584,21006,4,21.6,2025-10-12 21:55:33+00:00,Unknown,86.4,2025,10,12
75929,53407,21131,1,59.7,2024-06-11 08:47:00+00:00,Unknown,59.7,2024,6,11
79099,53027,21608,1,63.75,2025-05-15 08:22:26+00:00,Unknown,63.75,2025,5,15
74761,54612,21176,1,24.0,2024-09-30 02:53:00+00:00,Unknown,24.0,2024,9,30
78625,53245,21165,1,16.0,2024-09-20 19:36:38+00:00,Unknown,16.0,2024,9,20
83057,53029,21255,1,37.25,2025-02-18 18:59:11+00:00,Unknown,37.25,2025,2,18
79251,53665,21385,5,19.0,2024-06-26 18:22:00+00:00,Unknown,95.0,2024,6,26
80431,55351,21070,1,22.0,2024-08-04 19:24:01.151000+00:00,"241 Courtney Ridge, New Tuyetfurt, CO 69747",22.0,2024,8,4
81416,53106,20946,3,24.0,2025-01-19 05:01:00+00:00,Unknown,72.0,2025,1,19
74180,55196,21200,2,40.5,2025-04-20 11:14:47+00:00,"Suite 113 89395 Jast Corners, McLaughlinstad, WI 84836",81.0,2025,4,20
78269,55344,21341,1,62.39,2025-02-23 15:59:31+00:00,"Apt. 346 8157 Gislason Parkway, Bednarshire, PA 79189",62.39,2025,2,23
82907,53509,21071,5,63.3,2024-10-13 00:30:13+00:00,Unknown,316.5,2024,10,13
82382,53620,20921,1,17.0,2024-08-07 14:52:13+00:00,Unknown,17.0,2024,8,7
75313,53189,21200,1,45.0,2025-03-25 12:27:04+00:00,Unknown,45.0,2025,3,25
78022,55084,21456,1,55.5,2025-02-18 04:23:47+00:00,Unknown,55.5,2025,2,18
79027,54020,21011,2,42.0,2024-08-01 08:52:39+00:00,"635 Emery Village, Wilkinsonburgh, MD 54488",84.0,2024,8,1
73528,55581,21104,1,19.25,2024-06-13 07:46:25+00:00,Unknown,19.25,2024,6,13
74953,55497,21160,2,21.6,2024-10-24 13:52:14+00:00,Unknown,43.2,2024,10,24
73486,53106,21362,1,45.0,2024-05-23 15:26:47+00:00,Unknown,45.0,2024,5,23
76969,54665,20980,1,39.0,2025-03-30 11:53:42+00:00,"277 Luettgen Curve, Port Linnie, MN 00828-7450",39.0,2025,3,30
82921,54215,21466,5,13.99,2025-07-03 18:19:00+00:00,Unknown,69.95,2025,7,3
79509,55047,21222,1,75.75,2025-02-10 10:06:04.775000+00:00,"Apt. 846 2530 Eleanor Island, Isaacfurt, DE 62597-2094",75.75,2025,2,10
82017,55444,21162,1,49.75,2024-07-19 22:07:27+00:00,"Apt. 896 693 Feest Plaza, Darenchester, VT 03665",49.75,2024,7,19
79710,53485,21262,1,43.2,2024-07-15 18:07:00+00:00,Unknown,43.2,2024,7,15
80633,55511,21520,1,46.99,2024-10-16 15:33:46+00:00,Unknown,46.99,2024,10,16
74487,54691,21631,2,15.0,2024-04-02 20:25:53+00:00,"Suite 874 74687 Margie Viaduct, Weldonberg, KS 93860",30.0,2024,4,2
76447,54411,21265,1,88.5,2024-06-11 05:18:09+00:00,"4441 Kiyoko Ridge, Farrellton, OH 63367-7587",88.5,2024,6,11
77914,53883,21246,1,47.1,2024-09-26 20:36:34+00:00,Unknown,47.1,2024,9,26
81825,55400,21545,3,61.5,2025-03-16 19:26:00+00:00,Unknown,184.5,2025,3,16
80448,53346,21627,1,22.5,2024-12-10 17:35:26+00:00,"54832 Refugio Isle, North Alexander, MS 61644-2606",22.5,2024,12,10
79713,55811,21556,1,20.99,2024-12-21 20:20:32.345000+00:00,Unknown,20.99,2024,12,21
79563,53047,21108,1,26.99,2024-09-13 18:42:29+00:00,Unknown,26.99,2024,9,13
81927,53643,21482,1,42.0,2024-12-13 08:58:00+00:00,Unknown,42.0,2024,12,13
81580,54393,21109,1,68.7,2024-06-30 04:57:11+00:00,Unknown,68.7,2024,6,30
81446,55543,21204,1,18.5,2024-12-17 19:47:11+00:00,Unknown,18.5,2024,12,17
81841,54208,21381,2,40.8,2024-12-11 07:35:00+00:00,Unknown,81.6,2024,12,11
76292,53530,21071,1,52.0,2024-08-23 20:53:55.668000+00:00,Unknown,52.0,2024,8,23
81319,54237,21361,1,57.0,2025-02-19 23:12:00+00:00,Unknown,57.0,2025,2,19
79388,54640,21062,1,90.6,2024-06-26 02:15:22+00:00,Unknown,90.6,2024,6,26
73407,53198,20988,3,58.75,2024-11-21 14:05:00+00:00,"1288 Jeanie Stravenue, East Elisabeth, IA 79228-1593",176.25,2024,11,21
76845,54479,21059,1,45.0,2024-07-23 10:45:31+00:00,Unknown,45.0,2024,7,23
77792,53560,21400,2,42.0,2024-09-02 00:39:00+00:00,Unknown,84.0,2024,9,2
78683,54486,21629,1,54.75,2024-06-23 17:41:29+00:00,Unknown,54.75,2024,6,23
73908,53522,21219,2,67.8,2024-11-30 02:57:26+00:00,"Apt. 765 139 Julius Cove, Lake Emil, MA 81386-9490",135.6,2024,11,30
80624,54622,21309,5,43.5,2024-10-01 05:59:59+00:00,"405 Littel Prairie, Chaseview, SC 87877-6949",217.5,2024,10,1
75639,53273,20947,3,29.5,2024-07-03 04:40:30+00:00,Unknown,88.5,2024,7,3
74544,55034,21629,1,62.7,2025-07-07 13:23:29+00:00,Unknown,62.7,2025,7,7
73382,54946,21008,2,27.6,2024-07-03 01:40:00+00:00,Unknown,55.2,2024,7,3
77576,53900,21176,2,28.8,2024-12-23 14:56:34.743000+00:00,"546 Brekke Mountains, North Frederic, MD 45425",57.6,2024,12,23
80217,54782,21087,1,31.5,2025-09-02 20:26:42+00:00,Unknown,31.5,2025,9,2
80566,54825,21151,5,36.0,2024-09-09 19:10:00+00:00,Unknown,180.0,2024,9,9
80772,53585,21030,1,25.75,2024-04-08 10:24:00+00:00,Unknown,25.75,2024,4,8
81892,54625,21072,1,72.5,2025-03-01 19:17:00+00:00,Unknown,72.5,2025,3,1
81056,54961,21070,1,26.99,2025-01-10 09:43:13+00:00,Unknown,26.99,2025,1,10
80760,55764,21646,1,15.5,2025-03-12 15:35:34+00:00,Unknown,15.5,2025,3,12
82520,54780,20985,1,34.25,2024-10-16 05:28:00+00:00,Unknown,34.25,2024,10,16
74955,55106,21270,1,68.0,2024-11-18 02:58:21+00:00,"691 Stormy Station, East Leo, MO 57172",68.0,2024,11,18
77053,53083,20973,1,31.0,2025-06-05 06:45:54+00:00,Unknown,31.0,2025,6,5
75863,54449,21189,1,27.5,2024-11-19 12:57:18+00:00,"12464 Marshall Springs, Leonelburgh, NC 61867",27.5,2024,11,19
80076,53550,21175,1,27.59,2025-03-11 02:33:03+00:00,"Apt. 646 812 O'Connell Union, Ronnieside, KY 04312",27.59,2025,3,11
76153,53953,21052,2,87.6,2024-09-10 15:36:02+00:00,Unknown,175.2,2024,9,10
79114,53568,21163,1,45.25,2024-11-19 12:39:16+00:00,"Suite 381 3877 Nova Causeway, South Walton, OR 21226-9990",45.25,2024,11,19
74801,54314,21477,1,47.75,2025-01-31 01:58:46.736000+00:00,Unknown,47.75,2025,1,31
77384,55797,21194,2,21.75,2024-11-28 02:03:00+00:00,Unknown,43.5,2024,11,28
75195,55056,20977,1,24.0,2025-01-02 15:31:00+00:00,Unknown,24.0,2025,1,2
76625,55145,21640,2,55.0,2024-08-23 10:08:29.256000+00:00,"40995 Clifton Station, Port Elroy, UT 40381",110.0,2024,8,23
78504,55017,21046,1,14.0,2025-01-07 08:28:00+00:00,Unknown,14.0,2025,1,7
82209,54819,21230,1,30.99,2024-10-25 00:05:00+00:00,Unknown,30.99,2024,10,25
73424,54712,21156,2,86.7,2025-02-08 09:32:47.506000+00:00,Unknown,173.4,2025,2,8
79253,55707,21171,1,63.99,2025-06-13 22:44:51+00:00,"Apt. 266 827 Mirian Station, Torphyfort, CA 48079-6867",63.99,2025,6,13
82610,55366,21363,1,32.5,2024-10-12 17:00:16+00:00,Unknown,32.5,2024,10,12
77006,53250,21212,3,32.0,2024-08-20 15:02:40+00:00,"Suite 513 41660 Wehner Crest, Isabelleburgh, NM 26104-1145",96.0,2024,8,20
80570,54305,21336,5,62.0,2025-04-13 12:41:21+00:00,Unknown,310.0,2025,4,13
77077,53410,21171,2,65.25,2024-10-24 01:57:48+00:00,Unknown,130.5,2024,10,24
77092,54266,21199,1,38.25,2024-08-23 08:33:40+00:00,"5543 Dane Flats, Port Eddie, CT 42308-9323",38.25,2024,8,23
74575,55617,21226,1,59.25,2025-05-07 07:19:06+00:00,Unknown,59.25,2025,5,7
76441,53121,21394,1,46.5,2024-12-06 03:02:24+00:00,Unknown,46.5,2024,12,6
75328,55525,20951,1,58.99,2025-04-01 15:25:00+00:00,Unknown,58.99,2025,4,1
75492,55480,21165,1,14.25,2024-05-31 10:13:38+00:00,Unknown,14.25,2024,5,31
73821,55667,21518,1,55.5,2024-05-31 10:30:56+00:00,Unknown,55.5,2024,5,31
79006,54850,21344,1,48.99,2025-02-06 22:05:42+00:00,Unknown,48.99,2025,2,6
81776,55425,21653,1,50.4,2025-02-16 16:00:04.164000+00:00,Unknown,50.4,2025,2,16
76224,53459,21219,1,57.0,2025-03-19 02:13:59.065000+00:00,Unknown,57.0,2025,3,19
78368,53560,21521,3,63.59,2024-06-04 14:55:00+00:00,Unknown,190.77,2024,6,4
75402,54195,21544,2,27.5,2024-10-07 18:11:04+00:00,Unknown,55.0,2024,10,7
80261,55273,21018,1,46.5,2025-02-23 20:57:15+00:00,Unknown,46.5,2025,2,23
74375,54728,21614,2,88.2,2025-01-18 01:06:00+00:00,Unknown,176.4,2025,1,18
75098,53789,21232,1,59.5,2025-01-10 06:45:57.864000+00:00,Unknown,59.5,2025,1,10
76410,53041,21226,1,70.2,2024-10-14 17:55:57.226000+00:00,Unknown,70.2,2024,10,14
74368,54921,21148,1,56.0,2025-06-21 12:40:57.398000+00:00,Unknown,56.0,2025,6,21
76096,55661,21604,1,52.5,2024-09-05 15:26:25+00:00,"Apt. 228 97296 Walton Wall, Marcborough, AR 24011-7896",52.5,2024,9,5
74465,53973,21439,1,48.3,2024-12-03 11:49:36+00:00,"Apt. 300 19581 Orville Forge, Parkerfort, WV 00515-1341",48.3,2024,12,3
73892,53553,21317,3,63.3,2025-02-12 05:21:00+00:00,Unknown,189.9,2025,2,12
74933,54103,21598,4,38.5,2024-11-19 08:04:19+00:00,Unknown,154.0,2024,11,19
76276,53385,21459,3,20.75,2024-12-02 23:18:01+00:00,Unknown,62.25,2024,12,2
73847,53141,21475,1,43.2,2024-12-10 15:32:00+00:00,Unknown,43.2,2024,12,10
79729,53471,21085,1,28.8,2024-11-09 06:02:01.460000+00:00,Unknown,28.8,2024,11,9
77706,54962,21541,2,56.0,2025-03-11 08:35:04+00:00,Unknown,112.0,2025,3,11
76497,54256,21017,1,63.0,2024-12-10 20:37:17+00:00,Unknown,63.0,2024,12,10
76406,53251,21117,1,35.5,2024-10-28 08:43:04+00:00,"9525 Robin Skyway, New Shela, OK 33303",35.5,2024,10,28
77010,54597,21588,1,45.99,2025-03-28 19:03:00+00:00,Unknown,45.99,2025,3,28
82354,55368,21477,4,54.3,2024-12-25 05:13:01+00:00,"Suite 896 794 King Knolls, Earleview, SD 84865-3301",217.2,2024,12,25
76365,53407,21433,1,47.75,2024-09-15 19:54:19+00:00,Unknown,47.75,2024,9,15
79659,54981,20924,1,67.75,2024-09-03 22:57:00+00:00,Unknown,67.75,2024,9,3
74021,55770,21197,1,69.5,2024-12-19 04:32:27+00:00,"5173 Sammy Rue, Reynoldsmouth, SD 58093",69.5,2024,12,19
77580,53647,21021,3,55.8,2025-03-14 19:38:00+00:00,"7768 Rene Curve, East Buddy, AL 82773-4113",167.4,2025,3,14
77101,54021,21256,1,71.4,2025-05-15 01:28:36.134000+00:00,Unknown,71.4,2025,5,15
77008,54204,21120,1,37.25,2024-09-03 14:54:00+00:00,Unknown,37.25,2024,9,3
81873,53146,21073,2,35.0,2025-07-11 09:17:00+00:00,Unknown,70.0,2025,7,11
81172,53791,21235,1,47.0,2025-03-20 17:34:00+00:00,Unknown,47.0,2025,3,20
77876,54867,21626,1,68.5,2024-10-21 03:37:00+00:00,Unknown,68.5,2024,10,21
73714,54666,21168,1,22.0,2025-10-23 16:01:00+00:00,"21749 Stephanie Divide, Rueckerport, MI 13787-4868",22.0,2025,10,23
79989,53349,21403,2,32.4,2024-12-18 08:25:11+00:00,Unknown,64.8,2024,12,18
80759,55306,21438,1,61.99,2024-11-08 13:36:39+00:00,Unknown,61.99,2024,11,8
75751,54821,21618,1,45.6,2025-01-11 04:27:14+00:00,Unknown,45.6,2025,1,11
79263,55133,21564,1,38.25,2025-01-03 10:07:00+00:00,Unknown,38.25,2025,1,3
80491,55429,21447,3,65.99,2025-07-19 09:26:00+00:00,"5890 Collier Cape, East Deandra, NE 79548-6423",197.97,2025,7,19
81831,54169,21232,1,60.5,2024-11-30 19:01:33+00:00,Unknown,60.5,2024,11,30
82732,55204,21289,1,62.1,2025-05-12 02:06:17+00:00,"Suite 840 782 Siobhan Garden, West Marty, WA 03533-3415",62.1,2025,5,12
81583,53418,21128,1,63.75,2025-01-02 08:33:00+00:00,Unknown,63.75,2025,1,2
78083,54009,21493,1,36.0,2024-07-19 10:07:00+00:00,Unknown,36.0,2024,7,19
75943,55564,21243,1,64.0,2024-08-02 10:59:00+00:00,Unknown,64.0,2024,8,2
78313,55383,21403,1,28.0,2025-03-17 19:01:00+00:00,Unknown,28.0,2025,3,17
78259,53672,21144,2,84.6,2024-04-18 04:30:57+00:00,"Suite 544 204 O'Hara Flats, Antonettaton, SD 73663",169.2,2024,4,18
81980,54750,21251,2,27.0,2024-10-16 10:17:24+00:00,Unknown,54.0,2024,10,16
79480,55202,21152,2,28.0,2024-09-22 13:38:25.415000+00:00,"47971 Bradtke Corner, North Hoytville, AR 65484-2933",56.0,2024,9,22
76975,55605,21472,1,77.4,2025-01-13 22:40:07+00:00,Unknown,77.4,2025,1,13
73649,54702,21247,1,55.5,2024-10-11 07:30:00+00:00,"2314 Odis Walk, East Sari, OR 76888-2597",55.5,2024,10,11
82693,55293,21073,5,35.0,2024-11-26 10:49:23+00:00,Unknown,175.0,2024,11,26
76989,55679,21567,1,59.0,2025-02-05 23:38:38+00:00,Unknown,59.0,2025,2,5
76030,53890,21235,4,49.99,2024-07-29 14:52:00+00:00,Unknown,199.96,2024,7,29
81434,54923,20939,1,66.25,2025-05-08 22:21:56.188000+00:00,"347 Kris Prairie, Jeremytown, VA 27625-2922",66.25,2025,5,8
79304,53090,21272,2,66.5,2025-03-04 11:55:03.210000+00:00,Unknown,133.0,2025,3,4
79450,53031,21294,1,25.2,2025-05-13 18:30:00+00:00,Unknown,25.2,2025,5,13
78188,53319,21504,4,51.5,2025-02-06 05:36:00+00:00,Unknown,206.0,2025,2,6
78271,55172,21267,4,43.0,2025-05-12 19:13:09+00:00,Unknown,172.0,2025,5,12
79728,54618,21238,1,60.75,2024-11-27 22:14:29+00:00,Unknown,60.75,2024,11,27
75210,53090,21036,1,60.25,2024-11-14 16:56:14+00:00,Unknown,60.25,2024,11,14
81355,53090,21179,1,58.99,2025-03-13 22:27:58+00:00,"36933 Swift Knolls, Marryberg, MS 50837",58.99,2025,3,13
81496,53527,21317,4,53.5,2024-02-23 02:30:03+00:00,Unknown,214.0,2024,2,23
80769,54904,21027,1,36.6,2024-08-30 15:03:36+00:00,Unknown,36.6,2024,8,30
77786,54972,21470,1,85.5,2025-04-16 08:06:45.091000+00:00,Unknown,85.5,2025,4,16
82396,54537,21533,3,60.6,2024-12-28 05:18:42+00:00,Unknown,181.8,2024,12,28
73329,55536,21185,1,35.5,2025-03-11 22:19:00+00:00,Unknown,35.5,2025,3,11
80438,55414,21336,1,74.4,2024-11-25 01:06:00+00:00,Unknown,74.4,2024,11,25
74555,55672,21483,3,79.8,2024-12-07 20:52:00+00:00,Unknown,239.4,2024,12,7
81780,53711,20967,1,38.99,2025-04-02 11:18:59+00:00,Unknown,38.99,2025,4,2
77407,55217,21463,2,75.0,2024-04-02 09:48:22+00:00,Unknown,150.0,2024,4,2
82015,55554,21460,1,37.2,2024-09-09 14:48:00+00:00,Unknown,37.2,2024,9,9
73395,53113,21500,2,73.25,2025-01-13 03:57:13+00:00,Unknown,146.5,2025,1,13
82762,54276,21347,1,47.5,2024-10-15 07:21:34+00:00,Unknown,47.5,2024,10,15
77338,54443,21285,4,64.5,2024-03-31 08:12:07.970000+00:00,"Apt. 910 662 Rice Coves, Breannmouth, KS 21201",258.0,2024,3,31
81787,55205,21208,1,13.0,2024-05-27 15:36:03+00:00,"186 Hye River, West Anjanettefurt, MS 89834",13.0,2024,5,27
77698,53631,21609,1,20.4,2025-01-19 23:14:32+00:00,Unknown,20.4,2025,1,19
82798,53752,21450,1,52.0,2025-08-27 14:31:31+00:00,Unknown,52.0,2025,8,27
79737,53047,21367,1,39.25,2024-10-28 06:42:07+00:00,"Apt. 323 1896 Windler Station, East Ismael, WA 20792-1706",39.25,2024,10,28
74752,54825,21564,2,44.4,2025-02-26 01:43:03+00:00,"5043 Valarie Island, East Jamie, KY 05889-5881",88.8,2025,2,26
74587,55531,20921,1,14.75,2024-03-17 04:02:52+00:00,Unknown,14.75,2024,3,17
76650,53140,21407,1,28.99,2024-09-29 21:06:24+00:00,Unknown,28.99,2024,9,29
81028,55140,21014,1,75.5,2025-02-09 11:45:11+00:00,Unknown,75.5,2025,2,9
82703,55421,21085,1,31.19,2024-08-26 18:05:27+00:00,"686 Sun Springs, Chuckstad, MA 96214",31.19,2024,8,26
78021,55285,21400,4,46.0,2025-02-13 20:40:38+00:00,Unknown,184.0,2025,2,13
73555,53108,21496,1,27.75,2024-04-04 21:34:00+00:00,Unknown,27.75,2024,4,4
74725,55413,21593,1,59.0,2025-04-06 06:57:05+00:00,"4399 Willms Port, Marcoshire, ME 93388",59.0,2025,4,6
82955,54957,21335,1,70.25,2024-05-25 05:44:17+00:00,Unknown,70.25,2024,5,25
75062,54638,21485,1,18.25,2025-02-25 17:33:00+00:00,Unknown,18.25,2025,2,25
74036,53148,21135,2,87.6,2024-09-01 13:40:45+00:00,Unknown,175.2,2024,9,1
73601,55667,21495,2,23.75,2025-05-12 17:30:11+00:00,Unknown,47.5,2025,5,12
73556,55159,21325,1,69.5,2024-10-12 04:26:30+00:00,Unknown,69.5,2024,10,12
81288,53118,20999,2,28.25,2024-06-09 14:41:00+00:00,"Apt. 556 92550 Marion Trace, Harveyfurt, MN 54160-8678",56.5,2024,6,9
78757,53650,20929,1,46.0,2025-01-02 00:06:31+00:00,Unknown,46.0,2025,1,2
73709,54485,21217,2,33.6,2024-12-30 12:22:00+00:00,Unknown,67.2,2024,12,30
75372,55802,21234,1,34.25,2024-07-29 15:40:03+00:00,Unknown,34.25,2024,7,29
83065,54550,21607,1,72.25,2025-01-07 18:39:00+00:00,"492 Greg Station, Lueilwitzport, TX 80197",72.25,2025,1,7
75134,55363,21031,3,48.0,2024-09-12 21:08:49+00:00,"Suite 463 82388 Prosacco Pass, Gusfurt, CT 10522",144.0,2024,9,12
75726,53888,21336,2,76.8,2025-03-04 00:20:00+00:00,"Apt. 808 5022 Turcotte Lock, New Kraigfurt, MO 93673-9681",153.6,2025,3,4
77215,54076,21241,1,21.25,2025-05-25 08:56:58.651000+00:00,Unknown,21.25,2025,5,25
78207,54697,21157,1,31.0,2025-01-29 23:32:00+00:00,"Suite 134 3178 Onita Grove, North Diane, MN 07074",31.0,2025,1,29
76164,54918,21099,1,31.0,2025-08-01 23:30:30+00:00,Unknown,31.0,2025,8,1
80464,54170,21549,2,63.6,2024-12-18 11:07:41+00:00,Unknown,127.2,2024,12,18
80912,53593,21132,1,19.5,2025-05-18 22:07:27+00:00,Unknown,19.5,2025,5,18
78792,54138,21115,2,82.5,2025-03-02 04:14:54.069000+00:00,Unknown,165.0,2025,3,2
77470,53293,21209,1,47.0,2024-11-21 11:08:00+00:00,"7658 Scott Valley, North Josueland, IN 59000",47.0,2024,11,21
73916,55475,21400,1,41.0,2025-04-18 01:05:17+00:00,"Apt. 899 4842 Leannon Walks, Hodkiewiczmouth, MN 28805",41.0,2025,4,18
78179,55677,21295,1,19.8,2025-04-24 09:53:25+00:00,"239 Guillermo Shoals, Sherriemouth, PA 29541",19.8,2025,4,24
81694,55233,21204,1,19.0,2025-02-04 04:31:00+00:00,Unknown,19.0,2025,2,4
73834,53182,21327,1,71.0,2025-01-21 07:08:53+00:00,Unknown,71.0,2025,1,21
77880,55459,21618,1,38.75,2025-02-23 13:46:40+00:00,"47201 Bettina Neck, Port Santiago, NH 92164-7449",38.75,2025,2,23
75093,53570,21227,1,70.0,2024-07-01 11:41:35+00:00,Unknown,70.0,2024,7,1
80022,53147,21233,1,48.6,2025-05-12 18:44:54.812000+00:00,"Suite 745 84902 Tana Drive, New Zenaida, ME 48169",48.6,2025,5,12
74773,53432,21161,4,39.0,2024-10-28 09:15:29+00:00,Unknown,156.0,2024,10,28
80656,54792,21419,1,71.5,2025-02-14 18:20:00+00:00,Unknown,71.5,2025,2,14
80978,55758,21526,2,25.19,2024-10-05 17:48:35+00:00,Unknown,50.38,2024,10,5
79932,53439,21090,1,51.0,2025-05-30 16:43:07+00:00,Unknown,51.0,2025,5,30
77181,53496,21050,3,22.79,2024-11-19 03:36:54+00:00,Unknown,68.37,2024,11,19
73974,55581,21294,1,21.25,2024-12-18 23:05:00+00:00,"Suite 570 3758 Rupert Loop, South Rhett, VA 25420",21.25,2024,12,18
78410,55499,21486,2,38.75,2024-12-03 21:15:00+00:00,Unknown,77.5,2024,12,3
75220,53967,21456,1,52.0,2024-10-24 11:11:51+00:00,"Suite 832 7358 Pfannerstill Pike, West Sashastad, OK 18529-4613",52.0,2024,10,24
83070,55231,21161,1,45.59,2025-05-08 00:04:05+00:00,"Suite 278 432 Dare Manor, Lake Yolando, MS 99203-1907",45.59,2025,5,8
79671,54495,21596,2,53.5,2024-10-14 06:06:10+00:00,Unknown,107.0,2024,10,14
74662,54285,21292,1,51.0,2024-12-30 21:03:11+00:00,Unknown,51.0,2024,12,30
83016,54279,21086,2,67.5,2024-11-11 15:07:49+00:00,Unknown,135.0,2024,11,11
78141,53894,21427,1,61.99,2024-12-14 16:59:00+00:00,Unknown,61.99,2024,12,14
78943,54505,21313,1,37.99,2025-01-02 02:41:38.496000+00:00,"17831 Heaney Summit, Carrollborough, CA 26632",37.99,2025,1,2
77113,54079,21013,1,48.6,2024-09-01 08:09:23+00:00,Unknown,48.6,2024,9,1
80780,54764,21257,1,51.6,2024-11-23 16:25:25+00:00,"Apt. 974 9861 Yetta Ports, South Ligia, NC 13568",51.6,2024,11,23
74052,54705,21319,1,52.5,2024-07-09 08:47:34+00:00,"258 Crona Coves, West Petershire, VA 70331",52.5,2024,7,9
74186,54006,21044,2,30.0,2025-08-20 18:36:56+00:00,Unknown,60.0,2025,8,20
73411,53790,20932,1,16.0,2025-01-17 16:45:49+00:00,Unknown,16.0,2025,1,17
73940,53153,21614,1,90.0,2024-10-11 17:15:45+00:00,Unknown,90.0,2024,10,11
77795,54322,21037,2,56.0,2025-02-20 12:20:02+00:00,Unknown,112.0,2025,2,20
74087,55406,21620,2,15.5,2025-02-20 13:17:32+00:00,Unknown,31.0,2025,2,20
80941,54321,21214,1,63.0,2025-04-07 16:36:00+00:00,Unknown,63.0,2025,4,7
73548,54170,21013,2,48.0,2025-02-26 23:07:54+00:00,"13902 Leola Dale, Erickton, FL 02013",96.0,2025,2,26
77449,55739,21373,1,24.0,2025-03-27 13:00:00+00:00,"Suite 367 4510 Evelynn Keys, Candiberg, ID 37918-7430",24.0,2025,3,27
83020,55390,21433,2,47.0,2024-12-12 05:15:14+00:00,Unknown,94.0,2024,12,12
81551,53812,21286,1,30.25,2025-03-22 06:39:22+00:00,Unknown,30.25,2025,3,22
74416,54218,21396,1,30.75,2024-06-24 07:34:30.286000+00:00,Unknown,30.75,2024,6,24
79672,55127,21542,1,48.75,2025-01-26 01:51:02+00:00,Unknown,48.75,2025,1,26
81111,53405,21133,1,67.0,2025-01-18 06:15:48+00:00,Unknown,67.0,2025,1,18
75488,54071,21532,5,45.3,2025-03-12 16:28:10+00:00,Unknown,226.5,2025,3,12
81034,53311,21411,5,26.7,2024-12-15 17:38:56+00:00,Unknown,133.5,2024,12,15
74301,55008,20924,1,67.75,2024-12-27 06:17:00+00:00,"937 Ross Walk, Kuhicstad, NC 55475",67.75,2024,12,27
78353,54705,21331,1,77.1,2024-09-11 16:49:00+00:00,Unknown,77.1,2024,9,11
76154,53668,20989,1,69.5,2025-06-14 16:43:47+00:00,"Suite 266 384 Heidenreich Plaza, New Ismael, KY 00029",69.5,2025,6,14
73572,55057,20977,1,19.0,2024-11-22 17:52:41+00:00,Unknown,19.0,2024,11,22
75987,53388,21349,1,58.99,2024-09-18 14:48:48+00:00,Unknown,58.99,2024,9,18
77109,53731,21283,3,48.6,2024-11-12 18:54:21+00:00,Unknown,145.8,2024,11,12
74424,53243,21631,1,19.8,2024-10-30 17:07:00+00:00,Unknown,19.8,2024,10,30
77333,55407,21003,1,45.6,2024-07-08 05:06:26+00:00,"48954 Brittaney Causeway, Bernieburgh, IA 44452-3205",45.6,2024,7,8
78501,53900,20997,3,90.0,2025-04-24 19:38:42+00:00,Unknown,270.0,2025,4,24
80356,54127,21360,2,56.1,2024-11-11 03:59:00+00:00,"Apt. 924 811 Adolph Park, West Queenbury, NE 36602-4678",112.2,2024,11,11
80902,55022,21609,1,20.5,2025-01-06 14:17:44+00:00,Unknown,20.5,2025,1,6
74224,54024,21076,1,57.5,2025-08-21 22:39:09+00:00,Unknown,57.5,2025,8,21
79787,53698,21617,1,26.7,2025-01-17 19:43:00+00:00,Unknown,26.7,2025,1,17
80752,55349,21574,1,25.0,2025-05-29 07:57:50+00:00,"9376 Muller Cliffs, Rutherfordchester, AZ 30949-9040",25.0,2025,5,29
78406,54167,21095,2,51.0,2024-09-07 02:27:42+00:00,Unknown,102.0,2024,9,7
75246,53529,21594,3,60.0,2024-10-06 09:39:00+00:00,"4619 Isreal Centers, Rauside, MI 67336-4452",180.0,2024,10,6
80591,53583,20999,2,33.0,2024-11-06 05:23:38+00:00,Unknown,66.0,2024,11,6
73325,54663,21176,1,28.79,2025-03-25 07:18:32+00:00,Unknown,28.79,2025,3,25
77923,53430,20978,1,68.4,2024-09-01 04:45:40+00:00,Unknown,68.4,2024,9,1
82102,54545,20983,1,20.0,2024-09-09 08:37:37+00:00,Unknown,20.0,2024,9,9
75785,54156,21630,1,53.0,2025-03-27 15:28:56+00:00,Unknown,53.0,2025,3,27
77556,55049,21175,1,26.0,2025-04-11 06:20:21+00:00,"Apt. 526 857 Walsh Falls, Millerport, KS 39301",26.0,2025,4,11
79061,53448,21499,2,75.0,2025-06-19 13:44:27+00:00,Unknown,150.0,2025,6,19
82895,54428,21292,2,42.75,2024-04-10 19:11:38.901000+00:00,"Apt. 542 5104 Toshiko Causeway, East Malcolmborough, WI 35723",85.5,2024,4,10
77091,53432,21468,1,80.4,2024-08-24 07:43:37+00:00,Unknown,80.4,2024,8,24
76958,53900,21221,1,71.25,2024-09-20 13:22:06.575000+00:00,Unknown,71.25,2024,9,20
79212,53613,21077,1,68.99,2025-05-20 09:21:00+00:00,Unknown,68.99,2025,5,20
81315,55057,21058,1,50.99,2024-06-07 17:14:55+00:00,Unknown,50.99,2024,6,7
75851,54987,21241,2,18.5,2025-05-13 06:40:03+00:00,Unknown,37.0,2025,5,13
75717,55539,21554,2,42.6,2024-11-04 08:35:35+00:00,Unknown,85.2,2024,11,4
76647,53304,21037,1,53.99,2024-07-11 19:40:03+00:00,"Apt. 120 47474 Lyndsay Park, Jermaineburgh, MS 47317",53.99,2024,7,11
78701,54190,21394,1,43.5,2024-10-01 23:04:00+00:00,Unknown,43.5,2024,10,1
78831,55664,21604,1,52.0,2024-12-15 01:37:17+00:00,Unknown,52.0,2024,12,15
78121,55469,21052,1,87.3,2024-09-07 04:53:26+00:00,Unknown,87.3,2024,9,7
81537,54298,21646,2,19.75,2025-03-15 21:19:16.726000+00:00,Unknown,39.5,2025,3,15
80712,53348,21302,1,18.75,2025-03-19 05:57:26+00:00,Unknown,18.75,2025,3,19
74339,53213,21545,1,59.0,2024-05-05 10:01:01+00:00,"44125 Emerson Station, Jalisastad, VA 76554",59.0,2024,5,5
79698,55368,21519,1,50.0,2025-02-05 13:38:22+00:00,Unknown,50.0,2025,2,5
83125,55755,21599,1,19.0,2025-07-04 23:45:05+00:00,Unknown,19.0,2025,7,4
78936,55313,21337,2,71.25,2024-11-26 06:31:32+00:00,Unknown,142.5,2024,11,26
77721,54583,21061,2,49.5,2024-10-15 20:56:17+00:00,"Apt. 389 2243 Fabian Vista, Howellchester, OR 08451",99.0,2024,10,15
80623,53304,21438,1,63.0,2025-05-09 23:36:50+00:00,Unknown,63.0,2025,5,9
74202,55021,21456,3,55.5,2025-09-03 16:34:29+00:00,Unknown,166.5,2025,9,3
80665,53480,21174,5,16.2,2025-04-23 08:23:00+00:00,Unknown,81.0,2025,4,23
73497,53448,20980,1,41.99,2025-04-12 03:46:41+00:00,"Suite 832 2465 Adams Heights, Claraport, LA 22918-4749",41.99,2025,4,12
79572,54056,21239,2,32.0,2025-08-08 05:14:00+00:00,Unknown,64.0,2025,8,8
80092,55635,21044,5,27.0,2024-08-14 02:29:29+00:00,Unknown,135.0,2024,8,14
83047,55096,21139,1,55.5,2024-04-01 16:32:00+00:00,"Suite 226 5245 Ilene Ridge, East Tishburgh, MN 43215",55.5,2024,4,1
74089,53594,21553,1,20.75,2025-01-22 22:28:13+00:00,Unknown,20.75,2025,1,22
82584,54687,20969,1,16.75,2025-01-30 10:53:00+00:00,Unknown,16.75,2025,1,30
75850,53822,21436,1,36.0,2025-06-15 16:19:55+00:00,Unknown,36.0,2025,6,15
73346,55343,21102,1,52.25,2024-09-08 21:17:00+00:00,"6350 Ronald Extension, West Nery, TX 08312-6487",52.25,2024,9,8
80931,54648,21306,1,35.99,2025-01-16 02:00:00+00:00,Unknown,35.99,2025,1,16
80068,53187,21162,1,53.99,2025-05-13 00:29:56+00:00,Unknown,53.99,2025,5,13
81891,55594,21542,1,46.0,2024-08-31 15:35:23+00:00,Unknown,46.0,2024,8,31
77188,55207,21068,2,62.99,2024-08-15 10:45:08+00:00,Unknown,125.98,2024,8,15
73458,53499,21144,1,87.59,2025-01-21 14:51:51+00:00,Unknown,87.59,2025,1,21
75928,53487,21114,1,72.9,2024-08-29 13:24:06.813000+00:00,Unknown,72.9,2024,8,29
77396,55336,20984,1,41.4,2024-05-20 22:34:27+00:00,"5198 Hintz Alley, Boscoborough, NH 21384-9997",41.4,2024,5,20
78372,55701,21146,1,46.25,2024-08-25 10:40:01+00:00,Unknown,46.25,2024,8,25
81017,55510,21639,4,14.25,2024-07-12 11:01:54+00:00,"Suite 882 557 Balistreri Ways, Evaport, SD 31905-5467",57.0,2024,7,12
79705,54383,21137,1,45.5,2024-10-14 22:24:26+00:00,Unknown,45.5,2024,10,14
81074,53384,21456,1,56.25,2025-01-19 19:07:00+00:00,Unknown,56.25,2025,1,19
73388,54277,21233,4,50.7,2024-11-09 18:14:00+00:00,Unknown,202.8,2024,11,9
77029,53205,21370,2,44.75,2025-07-23 22:42:00+00:00,Unknown,89.5,2025,7,23
79074,54489,21522,1,52.5,2024-12-25 09:48:01.055000+00:00,"Apt. 565 4836 Kent Turnpike, Lake Jolynstad, MT 95427",52.5,2024,12,25
76987,53796,21339,1,91.2,2024-07-20 19:19:50+00:00,"Apt. 930 4707 Miguel Estates, South Dionchester, SD 68798",91.2,2024,7,20
77265,53827,21287,2,62.99,2025-01-06 23:51:20+00:00,Unknown,125.98,2025,1,6
75981,55585,21568,3,73.0,2025-01-09 10:59:58+00:00,"Apt. 652 2785 Lenita Creek, Elinside, OH 24236",219.0,2025,1,9
76649,53108,21609,1,24.0,2024-06-29 01:38:52+00:00,Unknown,24.0,2024,6,29
82667,54480,21214,3,69.6,2024-08-30 10:14:00+00:00,"84631 Swaniawski Mountains, East Warner, OR 61369",208.8,2024,8,30
78095,54104,21096,2,86.7,2024-12-14 19:45:31+00:00,Unknown,173.4,2024,12,14
76791,55015,20918,1,18.5,2025-04-16 17:58:24+00:00,Unknown,18.5,2025,4,16
75389,53112,20933,1,18.0,2024-05-25 14:25:00+00:00,"Suite 713 272 Frankie Mills, North Catrina, HI 45737-2624",18.0,2024,5,25
82685,55229,21399,2,71.0,2024-11-21 05:03:00+00:00,"96140 Schneider Loaf, East Jeroldhaven, AR 95216",142.0,2024,11,21
82810,53717,21308,1,58.0,2024-12-08 00:58:00+00:00,Unknown,58.0,2024,12,8
75338,53654,21389,5,32.0,2024-06-12 11:26:00+00:00,Unknown,160.0,2024,6,12
73569,55624,21293,1,69.0,2024-11-03 02:53:00+00:00,Unknown,69.0,2024,11,3
75107,55804,21407,1,28.0,2025-01-21 11:30:33+00:00,Unknown,28.0,2025,1,21
75973,54874,21607,1,86.4,2025-01-29 10:42:00+00:00,"Suite 285 93099 Sheilah Common, Hanebury, VA 48980-9213",86.4,2025,1,29
75071,54785,21460,1,38.4,2024-10-29 18:10:07+00:00,Unknown,38.4,2024,10,29
79527,55514,21220,1,18.25,2024-09-08 14:19:35+00:00,Unknown,18.25,2024,9,8
79594,54797,21602,2,81.3,2024-12-27 21:59:54+00:00,Unknown,162.6,2024,12,27
77946,54037,21275,1,81.0,2024-08-21 08:16:13+00:00,Unknown,81.0,2024,8,21
78914,55091,21583,3,16.8,2024-10-23 12:12:29+00:00,Unknown,50.4,2024,10,23
74153,55804,21217,2,34.8,2024-09-27 07:26:46+00:00,"576 Doyle Station, Kilbackmouth, AR 51709",69.6,2024,9,27
81391,55263,21090,1,49.99,2025-02-11 07:50:20+00:00,Unknown,49.99,2025,2,11
74583,54953,20939,2,67.5,2025-01-24 08:32:55+00:00,Unknown,135.0,2025,1,24
80803,55403,21484,5,52.5,2025-03-24 14:12:04+00:00,Unknown,262.5,2025,3,24
76122,55356,21384,1,49.5,2025-03-08 00:42:50.059000+00:00,Unknown,49.5,2025,3,8
79827,54408,21089,1,48.5,2025-02-23 11:51:00+00:00,Unknown,48.5,2025,2,23
80373,55143,21271,3,26.99,2024-07-30 23:32:17+00:00,Unknown,80.97,2024,7,30
77806,54816,21035,4,42.0,2025-03-09 12:16:29+00:00,Unknown,168.0,2025,3,9
81993,53207,21204,1,18.5,2025-07-21 11:22:41+00:00,Unknown,18.5,2025,7,21
76918,53715,21441,1,17.0,2024-10-29 05:23:46+00:00,Unknown,17.0,2024,10,29
74605,53344,21503,1,76.8,2024-07-21 03:04:04.003000+00:00,Unknown,76.8,2024,7,21
78459,53773,21633,1,87.6,2024-09-12 11:09:00+00:00,Unknown,87.6,2024,9,12
78478,53939,21648,1,34.2,2024-11-05 08:20:04+00:00,Unknown,34.2,2024,11,5
76268,55697,21462,5,30.75,2024-12-23 23:02:27+00:00,Unknown,153.75,2024,12,23
80764,55640,21092,2,38.1,2024-08-26 02:09:00+00:00,Unknown,76.2,2024,8,26
79079,54994,21411,1,21.5,2024-11-23 12:33:01+00:00,Unknown,21.5,2024,11,23
81965,55273,21338,1,50.0,2025-02-18 12:33:53+00:00,Unknown,50.0,2025,2,18
73625,55727,21601,1,35.4,2024-10-10 04:23:52+00:00,Unknown,35.4,2024,10,10
73918,55702,21254,1,41.75,2024-12-23 14:29:33.540000+00:00,Unknown,41.75,2024,12,23
77119,55698,21452,1,23.0,2025-01-19 07:43:00+00:00,Unknown,23.0,2025,1,19
78250,55403,21053,1,49.25,2024-05-21 21:41:00+00:00,"4125 Zemlak Stravenue, East Shanti, CA 37646",49.25,2024,5,21
73641,55787,21144,1,72.0,2024-12-02 10:06:00+00:00,Unknown,72.0,2024,12,2
76123,53218,21225,2,68.4,2025-03-15 12:04:29+00:00,Unknown,136.8,2025,3,15
74597,55092,21338,2,50.75,2024-11-24 17:10:00+00:00,Unknown,101.5,2024,11,24
76522,55579,21451,1,62.75,2024-12-02 19:31:14+00:00,Unknown,62.75,2024,12,2
80274,54528,21440,1,36.0,2025-01-26 03:28:21+00:00,Unknown,36.0,2025,1,26
77685,54454,21523,2,55.2,2024-11-28 19:58:00+00:00,Unknown,110.4,2024,11,28
73406,54861,21115,2,71.0,2024-12-25 14:49:00+00:00,Unknown,142.0,2024,12,25
76899,55053,21306,1,43.5,2025-01-11 20:03:00+00:00,"Suite 518 1231 Rhea Drive, Stantonton, NE 29957",43.5,2025,1,11
76778,55601,21031,1,43.5,2025-03-13 04:01:13+00:00,Unknown,43.5,2025,3,13
79283,54225,20993,1,28.75,2024-10-21 02:53:56+00:00,Unknown,28.75,2024,10,21
80875,55277,21215,1,16.0,2024-10-04 07:13:40+00:00,Unknown,16.0,2024,10,4
80790,54145,21480,2,66.5,2024-12-14 07:01:46+00:00,Unknown,133.0,2024,12,14
77098,55636,21204,1,18.25,2024-07-22 20:35:55+00:00,Unknown,18.25,2024,7,22
80100,53940,21411,1,25.2,2024-08-21 16:56:13+00:00,Unknown,25.2,2024,8,21
80389,53802,21242,1,66.6,2024-07-27 20:22:00+00:00,"2896 Mohr Summit, Cristbury, WY 51059-9269",66.6,2024,7,27
83109,55028,21502,1,39.9,2025-05-05 22:56:47+00:00,"98728 Adams Oval, Tammeraport, ND 95774-9770",39.9,2025,5,5
76949,53092,21231,2,72.99,2024-06-25 23:14:39+00:00,"Suite 524 48624 Lorraine Islands, North Odis, AK 05508-6282",145.98,2024,6,25
79647,54118,21537,1,19.0,2024-06-12 19:04:11.697000+00:00,Unknown,19.0,2024,6,12
76706,53307,21435,1,68.4,2024-12-02 17:21:57.029000+00:00,Unknown,68.4,2024,12,2
81063,54479,21191,1,41.5,2024-10-25 03:53:00+00:00,Unknown,41.5,2024,10,25
73449,54641,20995,1,51.0,2024-07-30 16:19:00+00:00,"Suite 894 96737 Eloise Lock, Erynstad, CT 42726",51.0,2024,7,30
76584,53930,21386,2,43.0,2025-06-10 21:10:00+00:00,Unknown,86.0,2025,6,10
76925,54524,21404,2,37.25,2024-07-27 03:04:00+00:00,Unknown,74.5,2024,7,27
82057,54302,21306,2,34.0,2024-03-18 11:20:08+00:00,"95460 Annemarie Turnpike, North Valbury, IN 06488",68.0,2024,3,18
74792,53881,21156,2,73.0,2025-03-22 16:55:19+00:00,Unknown,146.0,2025,3,22
82753,55276,21417,1,14.25,2024-10-25 15:54:39+00:00,Unknown,14.25,2024,10,25
79746,55376,21533,1,60.3,2024-11-13 05:33:00+00:00,Unknown,60.3,2024,11,13
74397,54645,21043,1,20.75,2024-10-02 04:50:53+00:00,"572 Cornelius Brooks, Port Lakeishaville, VT 60207",20.75,2024,10,2
74366,55038,21515,1,87.59,2024-08-25 01:56:00+00:00,"Apt. 631 759 Eloy Club, South Felton, OR 17187-7968",87.59,2024,8,25
81645,54493,21255,3,36.99,2025-04-26 07:15:21+00:00,Unknown,110.97,2025,4,26
80331,53690,21241,1,21.99,2024-10-10 03:46:04+00:00,Unknown,21.99,2024,10,10
78113,53231,21064,1,42.99,2024-11-02 19:32:36.427000+00:00,"784 Goyette Circles, Solburgh, NH 21375",42.99,2024,11,2
82500,54728,21421,1,65.1,2024-10-28 00:51:13+00:00,Unknown,65.1,2024,10,28
77822,53066,21550,1,38.5,2024-09-02 13:30:52+00:00,Unknown,38.5,2024,9,2
75021,55440,21207,3,19.5,2025-03-20 10:55:38+00:00,"1404 Hagenes Field, Pfannerstillview, IN 86759-7218",58.5,2025,3,20
74017,54201,21038,1,53.5,2025-06-28 11:07:28+00:00,"1654 Gabriele Loaf, North Tifany, CO 38448-5284",53.5,2025,6,28
80716,55039,20969,1,25.2,2025-03-29 19:50:37+00:00,"7174 Stoltenberg Bypass, Bennettborough, AK 44181-1880",25.2,2025,3,29
78411,53508,20936,1,58.25,2025-03-07 03:50:01+00:00,Unknown,58.25,2025,3,7
77122,55266,21308,1,62.75,2025-01-27 04:24:05+00:00,Unknown,62.75,2025,1,27
77755,53892,21405,1,47.0,2025-04-22 19:54:00+00:00,Unknown,47.0,2025,4,22
79487,55231,21065,2,27.59,2024-07-30 21:04:00+00:00,"Suite 278 432 Dare Manor, Lake Yolando, MS 99203-1907",55.18,2024,7,30
79805,54822,21161,3,45.0,2024-12-02 02:33:00+00:00,"Suite 560 9562 Price Points, North Mi, NM 02191",135.0,2024,12,2
80975,53622,20967,2,36.25,2024-12-27 12:26:23+00:00,Unknown,72.5,2024,12,27
82858,54796,21060,1,35.5,2025-03-08 07:51:50+00:00,Unknown,35.5,2025,3,8
74345,53761,20973,1,28.75,2025-04-17 01:42:48+00:00,Unknown,28.75,2025,4,17
79918,53743,21173,3,27.3,2024-08-21 14:23:30+00:00,Unknown,81.9,2024,8,21
81064,53756,21512,1,57.5,2024-09-27 15:20:01+00:00,"Apt. 958 9320 Omer Village, Corkeryville, ID 89906-9061",57.5,2024,9,27
77696,54365,21162,1,49.25,2024-08-16 21:18:56.637000+00:00,Unknown,49.25,2024,8,16
76411,55006,21273,2,85.8,2024-07-04 08:33:36.078000+00:00,Unknown,171.6,2024,7,4
76746,54245,21625,2,31.5,2024-09-28 00:12:47+00:00,Unknown,63.0,2024,9,28
81535,54350,21397,1,65.5,2025-01-17 13:45:53+00:00,Unknown,65.5,2025,1,17
78219,54167,21579,2,53.25,2024-10-08 13:06:00+00:00,Unknown,106.5,2024,10,8
80520,53057,20970,1,42.75,2025-02-01 15:43:00+00:00,Unknown,42.75,2025,2,1
74556,53143,20956,1,62.0,2025-01-08 19:47:00+00:00,Unknown,62.0,2025,1,8
78545,54469,21007,2,31.5,2024-07-13 03:39:24+00:00,Unknown,63.0,2024,7,13
82185,53798,21398,1,27.9,2024-11-27 16:35:00+00:00,Unknown,27.9,2024,11,27
74197,53476,21169,1,63.99,2025-03-14 00:36:00+00:00,Unknown,63.99,2025,3,14
76796,53262,21352,1,45.3,2025-03-11 02:27:42+00:00,Unknown,45.3,2025,3,11
74514,54105,21528,3,69.0,2024-04-18 03:47:00+00:00,Unknown,207.0,2024,4,18
80734,54762,21292,2,38.5,2025-04-26 18:01:00+00:00,"Suite 943 80911 Kozey Lights, West Brandy, ND 75238-4847",77.0,2025,4,26
80467,55816,21114,1,70.79,2024-12-29 23:28:53+00:00,Unknown,70.79,2024,12,29
80195,55274,21016,1,75.25,2025-05-12 11:43:56+00:00,Unknown,75.25,2025,5,12
83006,53872,20943,1,71.75,2024-12-05 21:29:20+00:00,Unknown,71.75,2024,12,5
73575,54863,21351,1,59.4,2025-03-03 14:20:15+00:00,Unknown,59.4,2025,3,3
78345,55570,21332,1,45.5,2025-04-09 07:37:38+00:00,"875 Bauch Spring, Daniloville, NV 36284",45.5,2025,4,9
76813,53968,21541,1,56.5,2024-06-18 11:45:00+00:00,"19685 Moen Union, New Pierreside, RI 36022",56.5,2024,6,18
76831,54500,21217,1,28.25,2024-11-04 02:44:32+00:00,Unknown,28.25,2024,11,4
82031,53849,21537,5,19.8,2025-05-13 17:53:18.015000+00:00,Unknown,99.0,2025,5,13
79834,54975,21274,1,33.25,2024-07-26 20:17:36+00:00,Unknown,33.25,2024,7,26
82159,54530,21463,1,75.5,2024-11-02 15:44:21+00:00,Unknown,75.5,2024,11,2
81964,55791,21251,1,29.75,2024-09-09 21:45:13.194000+00:00,Unknown,29.75,2024,9,9
73447,55647,21507,1,44.5,2025-03-06 14:29:29.819000+00:00,Unknown,44.5,2025,3,6
82532,54773,21091,1,27.75,2025-01-29 12:05:05+00:00,Unknown,27.75,2025,1,29
83123,55208,20961,2,34.5,2025-04-02 18:02:55+00:00,"15935 Bartell Road, Considinemouth, VT 18422",69.0,2025,4,2
74972,55182,21039,2,32.75,2024-12-14 18:32:36+00:00,Unknown,65.5,2024,12,14
74233,55358,21202,1,88.8,2025-04-02 06:11:17+00:00,Unknown,88.8,2025,4,2
75976,55114,21409,1,84.3,2025-03-27 21:44:00+00:00,Unknown,84.3,2025,3,27
82029,55768,21132,1,21.75,2025-05-27 13:09:35+00:00,Unknown,21.75,2025,5,27
77898,53289,21041,4,72.99,2025-01-28 21:56:00+00:00,"41323 Frami Locks, East Maynard, MN 04845",291.96,2025,1,28
82632,53301,21134,1,56.0,2025-01-25 14:30:00+00:00,"2283 Kertzmann Crescent, Lake Janine, NE 58386",56.0,2025,1,25
79637,53493,21501,2,27.6,2024-05-06 05:49:45+00:00,"3316 Doyle Parks, Tarynton, NE 55014-8638",55.2,2024,5,6
82026,55257,21531,1,56.0,2025-02-25 09:51:00+00:00,"Suite 762 3563 Aida Brooks, Jacobimouth, WI 22511",56.0,2025,2,25
75547,53218,20972,1,60.0,2024-10-14 18:11:45+00:00,Unknown,60.0,2024,10,14
76293,53212,21246,1,41.5,2025-04-06 11:03:36+00:00,Unknown,41.5,2025,4,6
75998,54209,21190,1,32.0,2024-06-16 03:07:57+00:00,Unknown,32.0,2024,6,16
83071,53378,21103,3,66.0,2024-03-06 09:48:14+00:00,Unknown,198.0,2024,3,6
75498,55101,21078,1,69.99,2025-02-26 02:21:21+00:00,Unknown,69.99,2025,2,26
81773,53963,20956,1,64.99,2024-04-02 20:05:53+00:00,Unknown,64.99,2024,4,2
79109,54327,21606,1,17.99,2025-03-18 23:54:18+00:00,"16758 Chun Glens, South Melaine, FL 07105",17.99,2025,3,18
82216,53286,21573,2,32.39,2024-10-27 14:13:37.451000+00:00,Unknown,64.78,2024,10,27
75956,53900,21256,1,58.99,2025-04-25 21:16:49+00:00,"546 Brekke Mountains, North Frederic, MD 45425",58.99,2025,4,25
75686,53847,21133,1,79.2,2025-03-28 06:57:32+00:00,"73785 Clementina Track, Leuschketon, UT 95847",79.2,2025,3,28
77666,54645,21227,1,70.5,2024-09-29 04:22:00+00:00,"572 Cornelius Brooks, Port Lakeishaville, VT 60207",70.5,2024,9,29
81278,55729,21180,1,24.3,2024-07-16 20:59:14+00:00,Unknown,24.3,2024,7,16
75859,53978,21001,2,33.0,2024-09-25 12:15:18.194000+00:00,"Suite 436 1938 Mann Rapid, Gislasonbury, AR 08409-9405",66.0,2024,9,25
81577,54815,21285,2,80.4,2024-08-31 19:30:00+00:00,Unknown,160.8,2024,8,31
78135,54265,21009,4,73.19,2025-04-13 22:15:49+00:00,"164 Teena Island, South Phil, OR 68112",292.76,2025,4,13
74296,54258,21234,1,30.25,2024-04-22 09:18:16+00:00,Unknown,30.25,2024,4,22
76494,54134,21308,2,72.3,2024-06-30 17:19:12+00:00,Unknown,144.6,2024,6,30
77503,54723,21011,2,33.25,2025-05-11 00:20:17+00:00,Unknown,66.5,2025,5,11
76579,54216,20998,1,48.0,2024-11-24 03:15:00+00:00,"Apt. 175 374 Julio Lodge, Lake Roxiefurt, WA 85180",48.0,2024,11,24
77801,53745,20977,1,22.5,2024-10-08 09:57:44+00:00,"Suite 767 55542 Paucek Knoll, Kautzermouth, WV 23094-0989",22.5,2024,10,8
80906,54394,21340,3,15.0,2025-06-07 05:29:23+00:00,Unknown,45.0,2025,6,7
81395,54343,20957,1,69.59,2024-08-26 14:15:19+00:00,Unknown,69.59,2024,8,26
74609,55050,21581,1,23.0,2025-01-07 21:53:32+00:00,"Suite 198 202 O'Reilly Dale, Lonniechester, SD 66203-7638",23.0,2025,1,7
75347,54674,21428,1,29.5,2024-12-01 15:52:59+00:00,"6161 Mayert Meadow, East Brendanmouth, CO 49504-1457",29.5,2024,12,1
78856,54322,20918,1,20.0,2024-08-29 13:30:00+00:00,Unknown,20.0,2024,8,29
81432,55313,21610,1,43.0,2024-11-27 04:56:26+00:00,Unknown,43.0,2024,11,27
81488,53895,21173,1,17.25,2024-12-01 03:01:42+00:00,Unknown,17.25,2024,12,1
82797,54362,20977,4,24.0,2025-03-13 20:57:26+00:00,Unknown,96.0,2025,3,13
82393,53813,21102,1,54.0,2025-02-07 17:46:04+00:00,Unknown,54.0,2025,2,7
74488,55253,20993,1,34.8,2024-10-07 13:59:56+00:00,Unknown,34.8,2024,10,7
77643,54205,21184,1,84.3,2025-03-10 03:41:43+00:00,Unknown,84.3,2025,3,10
81570,54769,21340,3,18.5,2024-08-31 22:10:00+00:00,Unknown,55.5,2024,8,31
80202,54296,21603,1,72.5,2024-12-15 13:40:00+00:00,Unknown,72.5,2024,12,15
73692,53298,20956,1,64.75,2024-12-03 06:07:54+00:00,Unknown,64.75,2024,12,3
83100,53206,21141,2,28.5,2024-09-29 21:52:25+00:00,Unknown,57.0,2024,9,29
82076,54534,21475,1,45.6,2024-08-07 09:59:54+00:00,Unknown,45.6,2024,8,7
73903,53697,21645,1,61.19,2024-11-01 08:49:00+00:00,"5112 Antwan Haven, South Jack, NJ 12541-4005",61.19,2024,11,1
75797,54014,21146,1,48.0,2024-08-16 08:08:08+00:00,Unknown,48.0,2024,8,16
82206,54856,21323,1,24.5,2025-01-02 19:37:36+00:00,Unknown,24.5,2025,1,2
76034,55826,21465,2,73.5,2024-10-14 14:17:28+00:00,Unknown,147.0,2024,10,14
77221,55219,21537,1,21.0,2024-11-28 06:47:18.622000+00:00,Unknown,21.0,2024,11,28
82593,54283,21482,1,41.75,2025-02-16 09:40:47+00:00,"Apt. 957 9211 Jeannetta Gardens, Bessieton, UT 92271",41.75,2025,2,16
76696,54264,21199,2,40.0,2025-06-09 15:19:47+00:00,Unknown,80.0,2025,6,9
80237,53937,20961,1,34.0,2024-12-06 03:22:00+00:00,Unknown,34.0,2024,12,6
80198,53488,21009,1,62.0,2024-10-31 03:28:19+00:00,Unknown,62.0,2024,10,31
73880,53832,21178,2,47.25,2025-02-03 11:03:53.186000+00:00,"78716 Kub Road, Smithborough, CA 39194",94.5,2025,2,3
80953,54367,21626,1,67.5,2024-10-17 07:44:00+00:00,Unknown,67.5,2024,10,17
77994,53267,21266,1,68.4,2024-11-12 17:33:44+00:00,Unknown,68.4,2024,11,12
74782,55610,21570,1,47.75,2024-06-04 07:14:00+00:00,Unknown,47.75,2024,6,4
80905,54837,21088,1,53.0,2025-05-06 14:18:41.095000+00:00,Unknown,53.0,2025,5,6
80090,55456,21617,1,24.5,2024-08-24 00:08:07+00:00,Unknown,24.5,2024,8,24
74973,53548,21400,1,43.0,2025-04-22 05:46:19+00:00,"7427 Odis Drive, Sherriborough, MO 98634",43.0,2025,4,22
76436,54898,21495,1,20.99,2024-10-22 01:26:44+00:00,"Apt. 995 3605 O'Keefe Lakes, Maryfort, MN 42655-6051",20.99,2024,10,22
78019,54316,21416,2,16.25,2025-07-19 01:19:38+00:00,Unknown,32.5,2025,7,19
75019,53134,21286,1,32.0,2025-03-08 10:03:00+00:00,Unknown,32.0,2025,3,8
75967,54407,21573,2,24.0,2024-07-13 21:11:00+00:00,Unknown,48.0,2024,7,13
78896,54952,21139,1,66.0,2024-07-28 17:34:30+00:00,"Apt. 491 3261 Jacobs Run, West Gus, IN 31810",66.0,2024,7,28
82539,55330,21523,1,58.79,2025-04-05 18:44:30.667000+00:00,Unknown,58.79,2025,4,5
83029,53834,21118,2,48.0,2024-04-08 08:15:45.801000+00:00,Unknown,96.0,2024,4,8
77303,54375,21007,1,32.0,2024-09-09 17:04:00+00:00,Unknown,32.0,2024,9,9
82452,54013,21117,1,37.5,2024-06-16 05:35:10+00:00,"644 Hugh Mills, Mayaside, WV 71225-1346",37.5,2024,6,16
73370,53529,21136,1,74.5,2024-09-16 07:24:40+00:00,Unknown,74.5,2024,9,16
81809,54189,21106,1,43.99,2025-09-13 16:04:24+00:00,Unknown,43.99,2025,9,13
81072,54900,21170,2,73.5,2024-07-15 06:30:32+00:00,Unknown,147.0,2024,7,15
79780,55740,21205,1,28.0,2025-01-12 05:46:10+00:00,Unknown,28.0,2025,1,12
78253,55141,20991,2,53.4,2025-01-16 23:53:00.088000+00:00,Unknown,106.8,2025,1,16
78148,55799,21011,5,38.75,2025-01-29 22:48:39+00:00,"Suite 771 321 Weimann Stream, Victorstad, CO 70169",193.75,2025,1,29
75127,53530,21130,3,48.0,2025-07-14 05:45:26+00:00,Unknown,144.0,2025,7,14
82785,55000,21644,1,75.6,2024-12-13 11:18:00+00:00,Unknown,75.6,2024,12,13
74126,53111,21228,1,30.6,2025-06-10 02:07:09+00:00,Unknown,30.6,2025,6,10
81982,55454,21121,1,20.5,2024-07-16 23:14:49+00:00,"Suite 888 41186 Talia Extensions, Carterhaven, MD 72615-9292",20.5,2024,7,16
82677,54971,20928,2,23.1,2024-09-29 08:01:01+00:00,"8216 Savanna Manor, Wisozkfort, NE 60556",46.2,2024,9,29
75580,54973,21295,2,13.75,2024-06-07 05:28:11+00:00,Unknown,27.5,2024,6,7
79756,55535,21081,4,87.9,2024-12-10 02:40:07.276000+00:00,Unknown,351.6,2024,12,10
76391,53847,20995,3,64.5,2024-04-16 05:27:46.890000+00:00,"73785 Clementina Track, Leuschketon, UT 95847",193.5,2024,4,16
73450,55820,21154,1,68.0,2025-01-06 06:40:46+00:00,"9574 Jones Plaza, West Lelah, AL 84126-7147",68.0,2025,1,6
77528,55556,21318,2,66.6,2024-05-04 12:10:07+00:00,Unknown,133.2,2024,5,4
75543,55436,21255,1,49.8,2024-12-17 01:45:51+00:00,Unknown,49.8,2024,12,17
73512,54275,21630,3,68.4,2025-01-31 00:56:37+00:00,Unknown,205.2,2025,1,31
79674,54389,21574,1,26.4,2024-09-23 09:38:00+00:00,Unknown,26.4,2024,9,23
79736,53102,21108,2,23.75,2025-02-27 03:25:59+00:00,Unknown,47.5,2025,2,27
82420,54734,20963,1,61.5,2024-11-17 01:31:39+00:00,Unknown,61.5,2024,11,17
77578,53979,21053,1,51.75,2024-10-16 13:25:13+00:00,Unknown,51.75,2024,10,16
79032,54872,21151,1,46.2,2024-08-04 09:53:10+00:00,"293 Nitzsche Trail, North Garyton, HI 30156",46.2,2024,8,4
83000,54820,20960,1,26.5,2025-01-24 10:23:29+00:00,"Suite 925 408 Hoeger Plains, New Jacklyn, MO 71356",26.5,2025,1,24
74441,54489,21201,4,65.75,2024-12-10 11:42:10+00:00,"Apt. 565 4836 Kent Turnpike, Lake Jolynstad, MT 95427",263.0,2024,12,10
76583,54008,21269,2,35.99,2024-08-18 11:05:39+00:00,"Apt. 414 54462 Hallie Divide, North Adena, NV 12774-1085",71.98,2024,8,18
77406,53994,21392,2,88.2,2025-01-03 19:25:00+00:00,Unknown,176.4,2025,1,3
76959,54465,21054,1,20.75,2025-07-11 18:06:00+00:00,Unknown,20.75,2025,7,11
76685,53848,21284,1,23.99,2025-06-18 09:36:58+00:00,Unknown,23.99,2025,6,18
75889,53342,21528,3,83.7,2024-09-27 03:38:20+00:00,Unknown,251.1,2024,9,27
74249,55531,21194,4,19.0,2024-09-04 10:43:00+00:00,Unknown,76.0,2024,9,4
79924,55543,21340,5,19.2,2025-07-15 19:00:00+00:00,Unknown,96.0,2025,7,15
79054,55726,21306,1,37.8,2024-12-26 06:12:39+00:00,Unknown,37.8,2024,12,26
81009,54334,21128,1,76.8,2024-10-03 14:55:46+00:00,Unknown,76.8,2024,10,3
75066,53271,21456,1,54.75,2025-04-19 12:34:00+00:00,Unknown,54.75,2025,4,19
75270,54163,21088,5,56.5,2025-01-04 04:07:00+00:00,Unknown,282.5,2025,1,4
74831,55533,20928,3,26.1,2024-08-30 06:43:00+00:00,Unknown,78.3,2024,8,30
80416,53813,20937,1,23.99,2024-10-04 01:24:00+00:00,Unknown,23.99,2024,10,4
78302,53061,21052,1,74.0,2024-07-23 17:23:00+00:00,Unknown,74.0,2024,7,23
79546,54206,21066,5,33.99,2024-09-04 11:31:29+00:00,Unknown,169.95,2024,9,4
73897,53202,20985,1,34.0,2025-06-14 12:52:17+00:00,Unknown,34.0,2025,6,14
76535,53628,21208,1,21.0,2024-12-07 13:48:00+00:00,"9228 Bruen Corner, Beerhaven, WV 18752",21.0,2024,12,7
77223,55335,21075,1,56.7,2024-05-20 01:22:54+00:00,Unknown,56.7,2024,5,20
80880,53284,21464,1,33.6,2025-07-17 07:11:00+00:00,Unknown,33.6,2025,7,17
76614,53594,21370,2,43.5,2025-01-23 02:48:55+00:00,Unknown,87.0,2025,1,23
77722,53372,21321,4,70.0,2024-03-06 17:55:14+00:00,Unknown,280.0,2024,3,6
74214,54671,21446,3,41.4,2024-08-19 23:40:57+00:00,"42956 Lincoln Garden, Kylemouth, MT 38326-1176",124.2,2024,8,19
75249,55408,20974,1,65.0,2025-07-25 05:10:02+00:00,Unknown,65.0,2025,7,25
78132,53621,21459,1,20.7,2024-11-06 07:35:23+00:00,Unknown,20.7,2024,11,6
75461,54405,21526,1,25.5,2025-03-22 22:38:00+00:00,Unknown,25.5,2025,3,22
79831,53279,21493,3,28.25,2024-11-15 13:39:00+00:00,Unknown,84.75,2024,11,15
74570,55517,20980,2,39.0,2025-08-04 13:36:51+00:00,Unknown,78.0,2025,8,4
75712,53425,21250,1,24.5,2024-09-25 12:03:05+00:00,Unknown,24.5,2024,9,25
80824,54347,21570,1,46.0,2025-02-08 03:49:00+00:00,Unknown,46.0,2025,2,8
78961,53577,21095,1,51.5,2024-08-15 21:04:30+00:00,Unknown,51.5,2024,8,15
75895,53682,21636,1,51.0,2024-08-13 23:18:57+00:00,Unknown,51.0,2024,8,13
80526,54474,21591,2,57.25,2024-11-13 15:17:00+00:00,Unknown,114.5,2024,11,13
78075,55296,21023,1,14.0,2025-01-11 03:12:21+00:00,"Apt. 176 945 Jenkins Islands, Mellisafort, SD 15225-6689",14.0,2025,1,11
78692,54337,21068,1,62.5,2025-07-01 04:00:00+00:00,Unknown,62.5,2025,7,1
79981,53166,21539,5,64.75,2024-07-13 01:24:16+00:00,Unknown,323.75,2024,7,13
76720,53714,20957,1,60.99,2025-02-15 20:36:21+00:00,Unknown,60.99,2025,2,15
77520,54139,21607,5,83.7,2025-02-09 13:20:06+00:00,"Suite 974 190 Donnelly Canyon, Streichshire, NH 82778",418.5,2025,2,9
81075,55048,21296,1,45.6,2024-12-18 16:42:00+00:00,Unknown,45.6,2024,12,18
79612,55502,21558,3,32.4,2024-10-03 05:54:26+00:00,"Suite 590 75443 Leffler Plaza, Lake Carrollville, IA 03714",97.2,2024,10,3
82295,53131,21575,3,54.0,2025-02-01 15:16:00+00:00,Unknown,162.0,2025,2,1
81146,54527,21460,5,34.25,2025-01-10 06:44:00+00:00,"Suite 166 8952 Byron Square, New Adelaide, KY 02642-1898",171.25,2025,1,10
78185,53779,21003,1,45.6,2024-10-12 00:19:04+00:00,Unknown,45.6,2024,10,12
81995,55619,21348,5,28.5,2024-06-05 17:12:00+00:00,"Suite 721 21412 Upton Court, Port Mickeytown, NC 10664",142.5,2024,6,5
80576,53707,21573,1,24.0,2024-09-18 07:19:19+00:00,Unknown,24.0,2024,9,18
79912,53652,21416,3,17.5,2024-04-11 17:03:00+00:00,"5251 Patrick Ford, Stokesborough, TX 20305",52.5,2024,4,11
74110,54218,21195,2,37.99,2025-04-02 00:34:33+00:00,Unknown,75.98,2025,4,2
79688,54188,21573,1,25.5,2024-10-24 21:39:00+00:00,Unknown,25.5,2024,10,24
77288,53387,21105,1,48.0,2024-09-29 21:53:32+00:00,"Apt. 304 28712 Cuc Mills, Batzmouth, MT 09329-1931",48.0,2024,9,29
75971,54469,21108,2,29.1,2025-03-12 02:41:18+00:00,"78519 Douglass Shoal, South Lannystad, NC 00827",58.2,2025,3,12
81332,55645,21482,1,50.4,2025-02-03 21:37:44+00:00,"Suite 411 1243 Turner Heights, Wizamouth, NE 38125",50.4,2025,2,3
75688,54318,20954,1,74.0,2024-04-28 16:17:05+00:00,Unknown,74.0,2024,4,28
74113,55231,21355,1,47.0,2025-01-02 04:28:30+00:00,Unknown,47.0,2025,1,2
75537,54365,20998,1,56.4,2024-02-19 09:41:00+00:00,Unknown,56.4,2024,2,19
82225,54680,20942,1,38.25,2025-05-04 18:53:53+00:00,Unknown,38.25,2025,5,4
74723,55535,21047,1,52.0,2025-08-08 11:32:38+00:00,"146 Maximo Loop, Lake Rudolfberg, SC 27046",52.0,2025,8,8
74447,53880,21127,1,56.75,2025-05-20 04:41:17+00:00,Unknown,56.75,2025,5,20
83135,54372,21448,2,14.0,2024-10-21 18:13:00+00:00,Unknown,28.0,2024,10,21
78626,53417,21598,1,44.4,2025-04-27 17:44:00+00:00,Unknown,44.4,2025,4,27
77505,54764,21271,1,31.8,2024-11-25 04:31:47+00:00,"Apt. 974 9861 Yetta Ports, South Ligia, NC 13568",31.8,2024,11,25
78087,54081,21606,1,17.25,2024-12-19 02:33:00+00:00,Unknown,17.25,2024,12,19
75845,54905,21165,2,20.7,2024-10-23 06:07:00+00:00,Unknown,41.4,2024,10,23
82767,53893,20974,3,75.6,2024-10-07 08:42:05+00:00,"Suite 200 258 Kunde Keys, South Cynthiaton, AK 41072",226.8,2024,10,7
82668,53349,21007,1,31.0,2025-08-18 00:59:41+00:00,Unknown,31.0,2025,8,18
79782,55180,21116,1,40.5,2025-09-28 09:48:00+00:00,Unknown,40.5,2025,9,28
82818,53712,21069,1,25.0,2025-02-07 08:08:49+00:00,Unknown,25.0,2025,2,7
80270,53779,21243,1,69.0,2024-10-25 13:50:51+00:00,Unknown,69.0,2024,10,25
81344,54725,21044,1,22.25,2024-06-19 15:33:54+00:00,Unknown,22.25,2024,6,19
78753,55174,21378,1,40.25,2024-07-13 06:56:00+00:00,"Apt. 350 238 Lowe Forks, Vibury, IA 01830-1412",40.25,2024,7,13
76805,54937,21635,1,25.75,2024-09-30 15:18:20.809000+00:00,Unknown,25.75,2024,9,30
77135,54697,21214,1,59.0,2024-04-24 18:13:24+00:00,"Suite 134 3178 Onita Grove, North Diane, MN 07074",59.0,2024,4,24
82268,53453,21270,2,81.9,2024-12-17 15:48:00+00:00,Unknown,163.8,2024,12,17
81878,55271,21289,2,50.0,2024-09-09 05:06:28+00:00,Unknown,100.0,2024,9,9
74155,53472,21080,2,23.99,2024-09-10 03:06:06+00:00,Unknown,47.98,2024,9,10
80761,55701,21441,2,17.0,2024-10-24 04:10:50+00:00,Unknown,34.0,2024,10,24
80908,55082,21141,5,20.25,2024-04-11 13:32:32+00:00,"5124 Kessler Inlet, Carmeloview, NC 45805-4148",101.25,2024,4,11
78595,53987,21063,1,50.75,2024-11-16 23:23:17+00:00,Unknown,50.75,2024,11,16
80704,55450,20922,2,63.0,2024-09-24 05:02:46+00:00,Unknown,126.0,2024,9,24
77087,53240,21456,1,51.25,2024-07-27 13:18:41+00:00,Unknown,51.25,2024,7,27
74389,53623,21306,1,31.0,2025-01-02 21:06:42+00:00,"Suite 740 2011 Runolfsson Bridge, Jastburgh, WY 34114-7178",31.0,2025,1,2
77483,53977,21654,1,12.0,2024-10-17 18:13:12+00:00,Unknown,12.0,2024,10,17
76988,55619,21105,3,62.1,2025-08-03 09:51:37+00:00,Unknown,186.3,2025,8,3
79402,53580,21421,3,52.99,2025-01-29 13:20:37+00:00,Unknown,158.97,2025,1,29
75511,54021,21646,1,15.0,2024-08-08 19:29:26+00:00,Unknown,15.0,2024,8,8
75256,55444,21554,1,31.25,2025-04-24 09:29:00+00:00,Unknown,31.25,2025,4,24
79686,54585,21298,1,26.0,2025-09-24 23:30:06+00:00,Unknown,26.0,2025,9,24
81323,53552,20958,1,33.0,2025-02-09 00:52:08+00:00,Unknown,33.0,2025,2,9
82275,53735,21119,1,35.0,2025-05-28 06:54:00+00:00,Unknown,35.0,2025,5,28
81259,54128,21539,4,80.4,2024-12-26 16:12:04+00:00,Unknown,321.6,2024,12,26
77485,55672,20945,5,42.9,2024-08-13 11:33:20+00:00,Unknown,214.5,2024,8,13
76358,54416,21122,2,78.6,2024-10-19 19:00:00+00:00,Unknown,157.2,2024,10,19
80004,53987,21247,1,63.6,2025-07-13 12:54:12+00:00,Unknown,63.6,2025,7,13
81459,53315,20990,1,24.99,2024-06-18 10:59:00+00:00,"11671 Denesik Village, New Cecil, TN 02596-6096",24.99,2024,6,18
83116,53356,21494,1,32.4,2024-08-28 22:36:52+00:00,Unknown,32.4,2024,8,28
76386,55199,21351,1,62.7,2024-10-27 03:20:11+00:00,Unknown,62.7,2024,10,27
77626,53891,21427,1,59.25,2025-04-08 03:58:00+00:00,"Apt. 244 1292 Arlen Divide, Kemmerborough, TX 75446-8287",59.25,2025,4,8
74008,55500,21350,3,48.5,2024-08-08 19:27:00+00:00,Unknown,145.5,2024,8,8
77170,53779,21180,1,20.25,2024-07-21 20:31:16+00:00,Unknown,20.25,2024,7,21
78063,54422,21214,1,75.59,2024-04-29 00:13:47+00:00,"27184 Mayme Junction, Cristchester, HI 98045",75.59,2024,4,29
80785,55303,21589,1,44.99,2024-11-04 10:22:19+00:00,Unknown,44.99,2024,11,4
77272,53911,20993,1,26.5,2024-09-16 09:33:17+00:00,"Suite 515 492 Alec Overpass, New Codystad, IA 44050",26.5,2024,9,16
75873,54916,21560,1,62.7,2025-05-23 02:03:46+00:00,"49207 Vonnie Island, New Maxwell, SC 24955",62.7,2025,5,23
78739,53250,21412,1,44.99,2025-02-24 08:36:58+00:00,Unknown,44.99,2025,2,24
75287,55662,21554,1,32.0,2024-04-28 21:33:49+00:00,Unknown,32.0,2024,4,28
76342,54836,20978,1,55.75,2024-10-08 06:37:57+00:00,"708 Weber Run, Kareemside, GA 81557-1940",55.75,2024,10,8
78149,54287,21362,1,48.0,2024-10-17 22:28:00+00:00,Unknown,48.0,2024,10,17
75644,54221,21143,1,42.99,2024-12-21 15:59:26+00:00,Unknown,42.99,2024,12,21
74956,55512,20946,2,21.99,2024-05-18 02:11:24+00:00,Unknown,43.98,2024,5,18
75438,54665,21582,2,61.5,2025-04-09 12:02:00+00:00,Unknown,123.0,2025,4,9
77969,53357,20977,1,23.75,2025-03-19 23:18:29+00:00,Unknown,23.75,2025,3,19
78764,55698,21490,1,50.1,2025-01-06 08:01:28+00:00,"Apt. 552 47051 Marissa Mountains, West Margo, ND 41032-4325",50.1,2025,1,6
80562,53810,21402,1,70.5,2024-12-15 15:23:09+00:00,Unknown,70.5,2024,12,15
82962,55083,21416,1,16.0,2024-08-17 15:07:56+00:00,"Apt. 419 424 Hoeger River, Lake Tereseberg, NH 48582",16.0,2024,8,17
75231,54078,21087,3,27.99,2025-03-28 00:51:17+00:00,Unknown,83.97,2025,3,28
75752,55432,21548,5,65.75,2024-11-19 01:02:58+00:00,Unknown,328.75,2024,11,19
75507,54270,21285,1,67.0,2024-07-16 03:50:00+00:00,Unknown,67.0,2024,7,16
77615,55556,21061,1,46.99,2025-02-03 14:26:49+00:00,"4604 Kertzmann River, Lake Jarod, MD 59069",46.99,2025,2,3
82055,54334,20967,3,42.6,2025-06-05 16:54:20+00:00,Unknown,127.8,2025,6,5
77211,53993,21257,1,43.5,2024-06-24 15:47:01+00:00,Unknown,43.5,2024,6,24
82143,55439,21256,4,61.5,2025-03-16 19:07:55.736000+00:00,Unknown,246.0,2025,3,16
82654,55424,21537,1,18.99,2025-03-21 16:35:00+00:00,"Apt. 845 1797 Tamisha Wells, Ortiztown, OK 16189",18.99,2025,3,21
76002,55656,21060,1,33.5,2025-02-11 22:05:36+00:00,Unknown,33.5,2025,2,11
81837,54755,21295,5,16.5,2025-03-29 15:02:00+00:00,Unknown,82.5,2025,3,29
74667,53716,20932,1,20.99,2025-05-03 00:11:52+00:00,Unknown,20.99,2025,5,3
79204,53177,20978,1,58.25,2024-12-01 00:10:08+00:00,Unknown,58.25,2024,12,1
79160,53994,21540,1,75.0,2025-01-11 11:33:53+00:00,Unknown,75.0,2025,1,11
75635,54407,21645,1,52.0,2024-09-04 13:49:23.611000+00:00,Unknown,52.0,2024,9,4
82435,55686,21021,1,57.3,2025-02-16 01:32:00+00:00,Unknown,57.3,2025,2,16
77555,53273,21586,2,18.25,2024-09-18 06:20:08+00:00,Unknown,36.5,2024,9,18
75297,54068,21170,1,86.7,2024-11-05 15:12:41+00:00,Unknown,86.7,2024,11,5
81888,53085,20962,2,80.1,2024-11-15 13:25:00+00:00,Unknown,160.2,2024,11,15
79131,53159,20976,2,60.9,2024-07-29 04:31:00+00:00,"951 Johnston Ville, Port Desmondland, IN 29072-0163",121.8,2024,7,29
75404,55340,21618,1,47.4,2024-08-04 07:17:44+00:00,"Suite 354 533 Francesco Wall, Sterlingville, HI 27600",47.4,2024,8,4
77118,53899,21001,1,37.5,2025-08-13 06:07:36+00:00,Unknown,37.5,2025,8,13
80661,53562,21571,2,19.25,2024-07-06 17:12:26+00:00,Unknown,38.5,2024,7,6
77389,53668,21046,1,18.0,2024-07-19 17:18:51+00:00,"Suite 266 384 Heidenreich Plaza, New Ismael, KY 00029",18.0,2024,7,19
82350,54806,21584,1,52.0,2025-05-02 06:42:00+00:00,Unknown,52.0,2025,5,2
79242,53646,21030,1,26.7,2024-10-26 15:23:23.973000+00:00,Unknown,26.7,2024,10,26
75697,55154,21087,2,28.0,2024-12-25 12:18:08+00:00,"Suite 815 97097 Sonja Crossing, Lolitaview, OR 22914",56.0,2024,12,25
80147,54288,21133,1,84.0,2024-09-13 06:14:00+00:00,Unknown,84.0,2024,9,13
82557,53946,21266,1,61.25,2025-06-23 17:29:43+00:00,Unknown,61.25,2025,6,23
77145,55588,21133,2,68.5,2025-02-09 10:09:53+00:00,"Suite 269 36010 Zulauf Locks, East Kaitlin, CT 99506",137.0,2025,2,9
79140,55713,21336,2,79.2,2024-05-22 21:41:24+00:00,"42411 Rex Ways, West Chungland, OK 52349",158.4,2024,5,22
73353,54601,21246,1,41.0,2024-09-09 11:36:06+00:00,"1259 Collier Throughway, Yajairafurt, RI 38805-1075",41.0,2024,9,9
76366,53536,21386,1,44.99,2024-11-24 03:15:41+00:00,Unknown,44.99,2024,11,24
78989,55406,21405,1,44.0,2024-11-23 14:54:17+00:00,Unknown,44.0,2024,11,23
78899,54866,21357,1,41.0,2024-05-27 14:31:03+00:00,Unknown,41.0,2024,5,27
76432,54180,21303,2,29.99,2025-03-03 15:28:20+00:00,Unknown,59.98,2025,3,3
74624,54548,20942,5,39.5,2024-09-26 09:40:19+00:00,"Apt. 385 424 Bailey Village, New Branda, WA 61031-7875",197.5,2024,9,26
79350,53774,21413,1,57.99,2024-04-24 01:51:11+00:00,Unknown,57.99,2024,4,24
77720,53369,20972,4,60.25,2024-09-29 12:48:50+00:00,Unknown,241.0,2024,9,29
78167,54308,21615,4,54.0,2025-03-31 08:15:29+00:00,Unknown,216.0,2025,3,31
78984,55470,21557,1,69.5,2024-10-09 07:51:17+00:00,Unknown,69.5,2024,10,9
79980,55450,21052,1,89.4,2025-03-29 22:18:35+00:00,Unknown,89.4,2025,3,29
77890,55571,20987,1,70.5,2024-07-03 18:17:36+00:00,"Suite 733 64334 Bradtke Trafficway, West Myrtachester, CO 68357-5951",70.5,2024,7,3
74494,54261,21408,2,23.0,2025-01-18 04:39:43+00:00,Unknown,46.0,2025,1,18
80262,54738,21380,1,36.75,2025-02-15 04:32:59+00:00,"2678 Lind Courts, Lake Thomasineberg, SC 70363",36.75,2025,2,15
80473,53440,21564,1,35.75,2024-08-22 12:03:41+00:00,Unknown,35.75,2024,8,22
73985,55182,21086,2,67.5,2025-01-01 23:47:00+00:00,Unknown,135.0,2025,1,1
76146,53161,21042,1,18.99,2024-07-20 09:41:10+00:00,"2921 Devin Manor, New Wayne, FL 52803-2493",18.99,2024,7,20
73582,54736,21324,2,46.0,2025-03-02 01:47:12+00:00,Unknown,92.0,2025,3,2
78628,53069,21484,5,52.0,2025-08-13 21:18:00+00:00,Unknown,260.0,2025,8,13
81847,53333,21028,1,56.5,2025-06-14 07:58:00+00:00,Unknown,56.5,2025,6,14
74411,54443,21181,1,58.2,2025-01-28 16:17:58+00:00,Unknown,58.2,2025,1,28
75465,55809,21500,1,87.3,2024-05-21 19:58:45+00:00,Unknown,87.3,2024,5,21
77063,53799,21208,2,20.1,2024-08-26 01:19:31.122000+00:00,Unknown,40.2,2024,8,26
77545,55241,21247,4,52.5,2024-10-15 13:12:21+00:00,Unknown,210.0,2024,10,15
77988,54385,21033,1,82.2,2024-07-08 02:20:21+00:00,"Apt. 404 40263 Guillermo Island, New Debroahfurt, NY 11464-5427",82.2,2024,7,8
81381,53324,21238,1,56.5,2025-03-30 14:42:47.301000+00:00,Unknown,56.5,2025,3,30
77507,54052,21002,1,47.4,2024-12-27 14:16:18+00:00,Unknown,47.4,2024,12,27
77321,53847,21438,1,75.6,2025-02-13 05:37:00+00:00,Unknown,75.6,2025,2,13
74485,54522,21283,1,38.25,2024-12-18 22:09:00+00:00,Unknown,38.25,2024,12,18
78474,55735,21106,1,45.0,2024-11-29 13:59:13+00:00,Unknown,45.0,2024,11,29
81877,54615,21490,2,39.0,2024-12-20 11:36:36+00:00,"Suite 806 2234 Charlena Springs, West Carychester, NC 25091-6360",78.0,2024,12,20
81394,54205,21219,1,56.25,2025-06-16 08:21:00+00:00,Unknown,56.25,2025,6,16
76416,55173,21017,1,61.5,2025-02-06 02:01:50+00:00,Unknown,61.5,2025,2,6
79665,55717,21030,1,27.0,2025-01-31 21:22:00+00:00,"Suite 277 2194 Stepanie Pines, New Brunildaside, IA 18173-1301",27.0,2025,1,31
74518,53693,20970,4,52.2,2024-09-11 03:27:26+00:00,Unknown,208.8,2024,9,11
75163,54929,21249,1,72.0,2024-08-11 07:46:15+00:00,Unknown,72.0,2024,8,11
75679,53844,20934,1,22.0,2025-03-21 03:20:58+00:00,Unknown,22.0,2025,3,21
73853,54587,21553,2,22.0,2024-06-05 22:07:39.089000+00:00,Unknown,44.0,2024,6,5
74490,55762,21350,1,58.8,2024-08-27 03:50:08+00:00,Unknown,58.8,2024,8,27
74392,55078,21574,2,22.0,2024-10-09 01:50:39+00:00,Unknown,44.0,2024,10,9
80437,53767,21602,1,68.0,2025-07-12 16:56:51+00:00,"60770 Clifton Viaduct, Connside, MN 39354",68.0,2025,7,12
82402,54377,21506,1,30.0,2025-02-21 04:37:00+00:00,"Apt. 626 32155 Leuschke Extension, North Rettaburgh, VA 72893",30.0,2025,2,21
73819,54022,21437,1,79.19,2025-03-23 21:32:58+00:00,"Suite 524 21607 Jolynn Junction, Hettingerbury, MD 84548-7889",79.19,2025,3,23
76801,53458,21572,1,36.9,2024-06-24 07:13:12.619000+00:00,Unknown,36.9,2024,6,24
73565,55737,21646,1,14.25,2025-03-23 20:57:52+00:00,Unknown,14.25,2025,3,23
79151,55737,21355,1,59.99,2025-01-07 18:16:27+00:00,"274 Mariano Flats, Lawanashire, AK 17600-3492",59.99,2025,1,7
78698,53167,20988,1,58.5,2024-02-18 13:48:23+00:00,Unknown,58.5,2024,2,18
76307,55816,21365,2,54.0,2024-09-29 17:54:41+00:00,Unknown,108.0,2024,9,29
79278,53228,21391,1,64.5,2025-01-16 18:44:51+00:00,Unknown,64.5,2025,1,16
82373,55203,21341,1,51.0,2024-10-25 12:38:35+00:00,Unknown,51.0,2024,10,25
78228,55751,21122,1,66.5,2024-09-23 01:06:26+00:00,Unknown,66.5,2024,9,23
79134,55048,21210,1,19.0,2025-02-23 08:33:31+00:00,Unknown,19.0,2025,2,23
79915,55574,21473,2,58.5,2025-06-09 23:29:41+00:00,"99825 Herman Drive, North Theo, MN 01915",117.0,2025,6,9
80893,53827,21316,1,24.5,2025-06-23 00:43:00+00:00,Unknown,24.5,2025,6,23
75233,53773,21277,1,59.99,2025-06-21 14:43:16.424000+00:00,"Apt. 522 561 Tyree Station, East Erik, SC 63724-2072",59.99,2025,6,21
81032,54594,21441,4,17.99,2024-08-29 17:16:38+00:00,Unknown,71.96,2024,8,29
74572,54304,21116,1,33.99,2025-03-07 01:36:00+00:00,"2508 Victor Run, Wiltonville, GA 13514-3389",33.99,2025,3,7
76762,53869,21173,1,22.25,2025-05-17 13:23:00+00:00,Unknown,22.25,2025,5,17
76044,54960,21256,1,63.75,2024-08-24 23:32:16+00:00,"Apt. 138 48582 Velvet Forks, New Wenona, VA 91637-5487",63.75,2024,8,24
79801,54067,20983,2,15.5,2024-02-12 03:04:09+00:00,"Apt. 696 76591 Wiza Plains, South Antione, NC 09372-5561",31.0,2024,2,12
74259,54576,21096,1,74.5,2025-01-17 16:15:15+00:00,Unknown,74.5,2025,1,17
75727,53141,21391,1,82.2,2024-08-16 06:15:38.239000+00:00,Unknown,82.2,2024,8,16
77492,54399,21117,1,40.79,2024-08-14 13:00:22+00:00,Unknown,40.79,2024,8,14
80445,53206,21148,2,70.5,2024-05-15 15:41:51+00:00,"Apt. 463 952 Lockman Lights, South Jayne, MI 15569",141.0,2024,5,15
82195,53790,21061,1,57.3,2024-10-03 02:12:43+00:00,Unknown,57.3,2024,10,3
75556,55471,21001,1,32.25,2024-11-03 19:17:33+00:00,"Suite 180 990 Runte River, Kitmouth, CT 90027-4597",32.25,2024,11,3
77386,55193,21523,1,48.5,2024-09-19 19:52:00+00:00,Unknown,48.5,2024,9,19
76457,55413,21305,4,44.5,2024-10-15 02:39:14+00:00,"4399 Willms Port, Marcoshire, ME 93388",178.0,2024,10,15
74463,54526,21590,1,34.0,2025-05-07 14:47:00+00:00,"383 Warner Light, Mrazland, IL 21141-9561",34.0,2025,5,7
80033,54558,21526,2,25.5,2024-09-25 23:50:44+00:00,"734 Tyler Ports, Huelsstad, RI 62837",51.0,2024,9,25
83080,53866,21179,1,53.75,2025-01-12 19:01:00+00:00,"41732 Whitney Causeway, Jenkinsport, WV 86680",53.75,2025,1,12
80714,55637,21281,1,69.25,2024-12-03 18:09:55+00:00,Unknown,69.25,2024,12,3
73738,54342,21088,1,70.5,2024-08-11 15:53:00+00:00,Unknown,70.5,2024,8,11
78152,53641,21322,3,31.19,2024-12-07 17:38:54+00:00,Unknown,93.57,2024,12,7
76112,54938,21503,2,63.0,2024-07-07 14:14:01+00:00,Unknown,126.0,2024,7,7
81614,53819,21415,1,23.0,2024-11-27 22:50:17+00:00,"Suite 459 44826 Larry Inlet, Skilesfurt, MD 81920",23.0,2024,11,27
77126,54997,21123,2,67.0,2024-11-13 04:42:15+00:00,"Apt. 942 3258 Dawne Keys, South Leland, TX 20298-9874",134.0,2024,11,13
77522,55231,21329,1,39.0,2025-05-04 12:46:00+00:00,Unknown,39.0,2025,5,4
83084,54106,21209,1,59.7,2025-01-04 06:02:00+00:00,"42648 Schaefer Trace, Mortonville, PA 82432-3613",59.7,2025,1,4
81161,53040,21180,1,19.0,2025-04-02 19:33:47+00:00,"57698 Conn Rapid, West Augustusmouth, WV 21994-5313",19.0,2025,4,2
80992,53489,21177,1,23.0,2024-12-22 07:35:25+00:00,Unknown,23.0,2024,12,22
79044,53034,21455,2,58.5,2024-08-20 06:40:00+00:00,Unknown,117.0,2024,8,20
77711,54744,21532,1,50.1,2024-09-02 05:55:22+00:00,Unknown,50.1,2024,9,2
76889,53282,21163,3,48.0,2024-09-13 08:33:31+00:00,Unknown,144.0,2024,9,13
75070,55379,21068,1,76.79,2024-10-26 09:00:11+00:00,Unknown,76.79,2024,10,26
77423,53820,21171,1,73.5,2025-01-05 13:33:33+00:00,Unknown,73.5,2025,1,5
74616,54477,21221,1,72.5,2025-07-23 08:41:59+00:00,Unknown,72.5,2025,7,23
80933,54566,21104,1,21.6,2024-11-06 21:03:39.115000+00:00,"Suite 341 87521 Schamberger Cove, Langland, AZ 76173-4470",21.6,2024,11,6
75995,54365,21133,1,82.5,2024-10-13 23:28:31+00:00,Unknown,82.5,2024,10,13
75170,53491,21207,1,20.0,2025-05-24 14:38:03+00:00,Unknown,20.0,2025,5,24
82011,55681,21474,1,50.5,2024-11-12 21:43:23+00:00,Unknown,50.5,2024,11,12
75700,54462,21232,2,59.75,2025-01-20 22:09:01+00:00,Unknown,119.5,2025,1,20
76776,55111,20933,1,17.99,2025-01-15 07:39:40+00:00,"Apt. 998 267 Schulist Shoal, Daughertytown, AK 03515",17.99,2025,1,15
81299,53620,21334,1,53.7,2024-11-11 19:05:35+00:00,Unknown,53.7,2024,11,11
80660,53902,21318,1,66.6,2025-01-14 12:51:00+00:00,"Suite 477 291 Rohan Prairie, North Twana, WV 40996",66.6,2025,1,14
80414,53645,21561,1,25.99,2025-05-11 11:59:00+00:00,Unknown,25.99,2025,5,11
76866,54909,21050,1,16.8,2025-01-26 11:55:00+00:00,Unknown,16.8,2025,1,26
81594,54318,21140,2,70.5,2024-12-31 10:10:05+00:00,Unknown,141.0,2024,12,31
80636,53513,21109,2,58.75,2025-02-08 10:41:29+00:00,Unknown,117.5,2025,2,8
73890,53607,21393,1,42.75,2024-12-02 09:05:06+00:00,Unknown,42.75,2024,12,2
81897,55529,21231,1,68.99,2025-02-14 20:37:04.355000+00:00,Unknown,68.99,2025,2,14
75363,54314,21590,1,42.9,2025-03-02 01:27:15+00:00,Unknown,42.9,2025,3,2
74131,53174,21207,5,27.6,2024-08-22 13:20:00+00:00,Unknown,138.0,2024,8,22
82717,55118,21277,1,59.5,2024-08-24 16:40:32+00:00,Unknown,59.5,2024,8,24
81506,55198,20952,1,39.99,2025-02-15 23:23:24+00:00,"Apt. 719 57467 Kim Crescent, South Willard, TX 34360",39.99,2025,2,15
78806,55236,21437,1,75.0,2024-05-30 18:01:21+00:00,Unknown,75.0,2024,5,30
77229,55358,21407,2,33.59,2024-02-02 18:47:42+00:00,"70025 McDermott Mall, North Macie, VA 62634-7182",67.18,2024,2,2
78888,55497,20945,4,39.6,2024-12-23 17:48:58+00:00,Unknown,158.4,2024,12,23
81986,53771,21476,2,73.99,2024-10-24 16:25:50+00:00,"67318 Toy Village, Aufderharview, AK 56398",147.98,2024,10,24
74445,53278,20924,2,76.79,2024-12-31 09:41:00+00:00,Unknown,153.58,2024,12,31
73366,54316,21491,1,74.7,2025-05-14 16:19:05+00:00,Unknown,74.7,2025,5,14
81801,54003,21251,3,28.0,2025-06-15 03:37:56+00:00,"9834 Kuhn Mission, Bechtelarview, MD 32336",84.0,2025,6,15
76896,55198,21546,1,49.99,2024-04-07 15:32:15+00:00,Unknown,49.99,2024,4,7
74658,55013,21317,5,50.25,2025-10-14 19:11:00+00:00,Unknown,251.25,2025,10,14
77070,54047,21402,1,67.99,2025-02-24 06:43:33+00:00,Unknown,67.99,2025,2,24
81676,54306,21101,1,16.5,2025-05-19 16:23:30+00:00,"879 Mari Forges, New Matilda, UT 10303",16.5,2025,5,19
78873,53455,21203,2,35.25,2025-01-21 18:07:00+00:00,"Suite 284 8379 Vandervort Brooks, New Lacytown, UT 69849-4673",70.5,2025,1,21
82447,55673,21238,2,66.6,2024-12-13 21:08:12+00:00,Unknown,133.2,2024,12,13
77461,54941,21394,1,54.6,2025-04-02 00:13:00+00:00,Unknown,54.6,2025,4,2
75424,54906,21320,1,44.39,2024-11-22 22:05:47.161000+00:00,Unknown,44.39,2024,11,22
80044,55614,21620,1,17.5,2024-06-01 00:47:15.467000+00:00,Unknown,17.5,2024,6,1
79290,54692,21562,1,48.6,2025-06-24 11:28:00+00:00,"4542 Heidenreich Circle, Ryanhaven, NC 59596",48.6,2025,6,24
81518,54233,21444,1,60.99,2025-05-01 10:29:00+00:00,Unknown,60.99,2025,5,1
81567,54386,21500,1,84.9,2024-11-15 20:13:01+00:00,Unknown,84.9,2024,11,15
79982,53330,21441,1,19.5,2025-02-24 21:07:04+00:00,Unknown,19.5,2025,2,24
74682,54742,21320,2,45.0,2024-04-30 22:41:09+00:00,Unknown,90.0,2024,4,30
75239,55307,21105,1,49.75,2024-05-09 03:52:00+00:00,Unknown,49.75,2024,5,9
79377,54153,20918,1,23.4,2025-03-25 14:10:08+00:00,Unknown,23.4,2025,3,25
81875,53694,21020,1,61.0,2025-06-18 18:23:26+00:00,Unknown,61.0,2025,6,18
82378,55572,21266,2,57.25,2024-12-25 17:33:56+00:00,Unknown,114.5,2024,12,25
78833,54395,21081,1,74.25,2025-02-05 17:09:00+00:00,Unknown,74.25,2025,2,5
81606,53538,21637,1,42.5,2024-10-29 23:16:31+00:00,Unknown,42.5,2024,10,29
81229,55056,20988,1,63.75,2024-10-12 17:12:03+00:00,Unknown,63.75,2024,10,12
77320,54937,21254,1,43.0,2024-08-21 09:47:00+00:00,Unknown,43.0,2024,8,21
74440,54349,21421,1,52.0,2025-07-21 14:44:50+00:00,"854 Madaline Burgs, New Elfriedeport, KY 33000-3139",52.0,2025,7,21
80483,53460,21438,1,63.0,2025-04-27 10:46:19+00:00,Unknown,63.0,2025,4,27
82888,54242,20955,1,71.5,2025-06-07 02:18:52+00:00,Unknown,71.5,2025,6,7
81190,54548,20985,1,34.0,2025-06-27 08:15:22+00:00,"Apt. 385 424 Bailey Village, New Branda, WA 61031-7875",34.0,2025,6,27
75924,53789,20945,2,33.0,2025-03-19 02:08:00+00:00,Unknown,66.0,2025,3,19
79465,55761,21046,1,15.0,2024-08-28 03:39:00+00:00,Unknown,15.0,2024,8,28
74489,54424,21454,3,37.5,2025-03-01 11:16:00+00:00,Unknown,112.5,2025,3,1
80592,54610,21082,2,21.5,2024-08-13 07:23:00+00:00,Unknown,43.0,2024,8,13
82991,53702,21052,1,70.0,2025-04-01 04:11:00+00:00,Unknown,70.0,2025,4,1
77368,55189,21236,1,70.0,2024-08-23 03:54:00+00:00,Unknown,70.0,2024,8,23
79575,55179,21171,2,61.5,2024-09-17 01:02:05+00:00,Unknown,123.0,2024,9,17
73835,54894,21148,5,58.25,2024-09-13 01:36:43+00:00,Unknown,291.25,2024,9,13
75351,54531,21169,1,59.25,2024-11-24 13:21:22.743000+00:00,"2037 Cleveland Wells, North King, KY 26011",59.25,2024,11,24
77941,54197,21580,4,62.75,2024-11-06 09:14:00+00:00,"198 Wolf Avenue, Jaskolskiville, ND 56816",251.0,2024,11,6
77845,54589,21332,1,47.75,2024-08-09 03:05:00+00:00,"76693 Brittani Field, Aliciamouth, MT 21007",47.75,2024,8,9
80335,54378,20927,2,20.25,2024-10-12 16:50:15+00:00,Unknown,40.5,2024,10,12
75306,55412,21172,2,17.99,2024-08-09 12:07:40+00:00,"Suite 939 561 Marilu Cove, Faustoport, CO 55721-5523",35.98,2024,8,9
80143,54150,20988,5,74.1,2024-06-21 07:57:00+00:00,"Apt. 886 19507 Wunsch Overpass, North Donnettehaven, MA 07195-8580",370.5,2024,6,21
76704,55049,21061,1,47.25,2024-12-12 09:47:36+00:00,Unknown,47.25,2024,12,12
78869,54869,21172,1,15.25,2024-12-19 11:58:01.391000+00:00,"Suite 123 71604 Kutch Isle, Harlanmouth, GA 04675-0849",15.25,2024,12,19
76777,54727,20923,3,31.25,2025-02-28 01:50:05+00:00,Unknown,93.75,2025,2,28
75504,55028,21285,1,69.5,2025-01-26 00:17:00+00:00,Unknown,69.5,2025,1,26
82123,55500,20918,1,19.2,2025-05-25 20:22:09+00:00,Unknown,19.2,2025,5,25
82414,54270,21211,1,42.75,2024-07-13 02:06:42+00:00,Unknown,42.75,2024,7,13
79413,54479,21007,1,34.25,2025-05-06 01:15:36+00:00,Unknown,34.25,2025,5,6
73386,53169,21506,2,39.6,2025-04-21 02:51:02+00:00,Unknown,79.2,2025,4,21
76524,54042,21172,1,18.9,2025-03-01 11:26:05+00:00,"179 Rodolfo Shores, Georgannmouth, AK 61684-2836",18.9,2025,3,1
81526,55779,21183,1,51.5,2024-12-01 19:39:15+00:00,Unknown,51.5,2024,12,1
81538,54912,21264,1,41.25,2024-04-28 22:43:00+00:00,Unknown,41.25,2024,4,28
77551,55395,21373,1,23.75,2025-04-15 03:24:48+00:00,Unknown,23.75,2025,4,15
73412,55137,21607,2,71.75,2025-01-25 12:09:32+00:00,Unknown,143.5,2025,1,25
81653,53789,21259,2,26.75,2024-11-23 01:13:17+00:00,"Apt. 988 6660 Altenwerth Views, New Madaline, MT 37173",53.5,2024,11,23
77787,53198,20950,2,32.99,2024-12-04 05:19:00+00:00,Unknown,65.98,2024,12,4
79567,54055,21079,1,58.5,2025-05-05 04:24:26+00:00,Unknown,58.5,2025,5,5
78773,54373,21520,2,48.0,2024-10-25 22:51:31+00:00,Unknown,96.0,2024,10,25
74335,53954,21632,1,25.2,2024-09-28 03:04:04+00:00,"Apt. 517 962 Collins Streets, Batzport, DE 80854-4356",25.2,2024,9,28
77048,54552,21213,1,16.5,2024-11-13 23:01:00+00:00,Unknown,16.5,2024,11,13
78883,53583,21126,1,63.0,2025-03-09 14:46:10+00:00,Unknown,63.0,2025,3,9
78248,55180,21574,1,28.79,2025-05-05 20:44:00+00:00,Unknown,28.79,2025,5,5
74687,55377,21601,4,29.75,2025-08-19 19:58:34+00:00,Unknown,119.0,2025,8,19
77581,53630,21081,2,83.4,2025-03-22 20:45:00+00:00,Unknown,166.8,2025,3,22
76560,55286,21147,1,28.99,2024-11-07 22:09:00+00:00,"Apt. 332 42961 January Ridge, Jerdebury, TN 07823",28.99,2024,11,7
78654,53752,21397,1,81.0,2025-05-27 22:08:00+00:00,Unknown,81.0,2025,5,27
80492,53685,21406,1,55.5,2024-09-18 13:22:56+00:00,"8407 Wunsch Street, Carltonmouth, RI 34566",55.5,2024,9,18
75520,54479,21314,1,17.7,2024-09-19 00:47:05+00:00,Unknown,17.7,2024,9,19
80891,54332,21319,2,53.0,2025-01-04 21:48:51+00:00,Unknown,106.0,2025,1,4
78227,53310,21521,1,59.4,2024-05-24 08:00:45+00:00,Unknown,59.4,2024,5,24
74524,55505,21513,1,43.99,2024-04-15 16:51:00+00:00,Unknown,43.99,2024,4,15
76864,53790,20932,1,17.25,2025-02-14 22:03:34+00:00,Unknown,17.25,2025,2,14
82807,55350,21222,2,87.6,2025-01-15 00:36:28+00:00,"Suite 960 726 Stokes Fall, Port Vicentabury, CA 86429-3552",175.2,2025,1,15
78602,54560,21424,1,37.25,2025-01-10 16:59:34.237000+00:00,"66808 Hilton Cliffs, New Hedwig, DE 17634-5285",37.25,2025,1,10
74262,53161,21465,1,86.4,2024-08-20 13:48:59+00:00,Unknown,86.4,2024,8,20
80737,54999,21198,1,38.25,2024-07-12 12:11:59+00:00,Unknown,38.25,2024,7,12
81388,55455,21277,2,72.9,2025-03-05 00:48:06+00:00,Unknown,145.8,2025,3,5
80008,53640,21613,1,26.5,2025-06-21 06:15:00+00:00,Unknown,26.5,2025,6,21
75358,54680,21518,1,63.6,2025-01-22 02:03:20+00:00,"1692 Abel Unions, North Edgarborough, OR 85954",63.6,2025,1,22
80662,53781,21164,4,15.25,2024-11-09 20:36:42+00:00,Unknown,61.0,2024,11,9
82749,55101,21134,1,55.0,2025-06-02 07:17:21+00:00,Unknown,55.0,2025,6,2
79432,55208,21543,1,27.5,2024-09-21 12:23:12+00:00,"15935 Bartell Road, Considinemouth, VT 18422",27.5,2024,9,21
77251,54649,21265,1,73.99,2025-09-04 21:25:29+00:00,Unknown,73.99,2025,9,4
77954,54306,21128,2,61.25,2024-05-10 08:22:05+00:00,Unknown,122.5,2024,5,10
76929,54707,21446,4,34.75,2024-10-05 13:06:15+00:00,Unknown,139.0,2024,10,5
79274,55157,21591,1,59.0,2025-03-31 20:35:00+00:00,"333 Wilfredo Row, Boganland, SC 03477-9607",59.0,2025,3,31
73460,54601,21626,1,67.75,2024-12-01 15:57:22+00:00,Unknown,67.75,2024,12,1
74318,53060,21412,1,47.0,2024-08-12 04:27:56+00:00,Unknown,47.0,2024,8,12
77306,55527,21604,1,50.0,2024-10-26 12:08:00+00:00,Unknown,50.0,2024,10,26
75443,54853,21108,2,21.5,2025-03-12 18:59:00+00:00,"Apt. 966 1434 Padberg Lock, East Marcelino, ID 50186-1846",43.0,2025,3,12
76787,54270,21099,1,28.0,2025-04-27 14:07:07+00:00,"Apt. 872 285 Skye Tunnel, Lake Garlandton, WV 37697",28.0,2025,4,27
79643,55655,21393,1,50.39,2025-05-10 06:58:41+00:00,Unknown,50.39,2025,5,10
73938,54558,20990,1,19.0,2024-10-20 17:10:45+00:00,"734 Tyler Ports, Huelsstad, RI 62837",19.0,2024,10,20
82833,53607,21612,5,66.0,2024-05-01 11:34:49+00:00,Unknown,330.0,2024,5,1
78783,53030,21230,1,36.6,2025-05-16 09:05:23.930000+00:00,Unknown,36.6,2025,5,16
75088,55713,21403,1,26.25,2025-07-29 12:26:00+00:00,Unknown,26.25,2025,7,29
80594,54152,21313,1,34.0,2025-05-20 22:21:00+00:00,Unknown,34.0,2025,5,20
76843,54209,21016,1,75.99,2024-07-25 05:42:12+00:00,Unknown,75.99,2024,7,25
74357,54141,21348,1,24.0,2024-11-30 08:46:20+00:00,Unknown,24.0,2024,11,30
79639,53280,21651,1,52.99,2024-12-20 07:32:36+00:00,Unknown,52.99,2024,12,20
79675,54916,20991,1,39.25,2024-11-03 00:39:16.836000+00:00,Unknown,39.25,2024,11,3
79498,54754,21410,2,27.25,2024-09-27 00:45:50+00:00,Unknown,54.5,2024,9,27
74149,53395,21549,1,52.75,2024-10-09 04:05:09+00:00,Unknown,52.75,2024,10,9
77961,55132,21109,5,57.0,2024-11-10 22:04:08+00:00,Unknown,285.0,2024,11,10
80122,55576,20985,1,32.75,2025-01-24 23:16:00+00:00,"Suite 628 6171 Abshire Lodge, Rodshire, MA 85274-3045",32.75,2025,1,24
74692,53695,21299,1,25.5,2024-09-18 05:21:44+00:00,"502 Monty Mountain, New Earlburgh, AZ 34015-3985",25.5,2024,9,18
82454,54100,21144,1,69.0,2025-04-09 19:27:12.010000+00:00,Unknown,69.0,2025,4,9
81138,53211,21150,1,65.75,2024-11-21 05:21:35+00:00,Unknown,65.75,2024,11,21
75455,53398,21170,3,70.75,2025-03-01 16:14:21+00:00,Unknown,212.25,2025,3,1
75334,54698,20940,2,58.5,2024-09-18 11:54:00+00:00,"Suite 934 4816 Stracke Squares, Derickside, OH 59642-0869",117.0,2024,9,18
78398,55603,21470,2,67.0,2024-09-26 17:13:00+00:00,Unknown,134.0,2024,9,26
79119,54916,21260,3,55.25,2025-03-10 00:57:00+00:00,Unknown,165.75,2025,3,10
77412,54935,21036,1,65.75,2024-09-11 10:19:02+00:00,Unknown,65.75,2024,9,11
76006,53719,20970,1,50.4,2024-09-27 09:50:33+00:00,Unknown,50.4,2024,9,27
79504,55694,21502,1,33.99,2025-01-29 00:53:00+00:00,Unknown,33.99,2025,1,29
79002,54279,21375,1,36.9,2024-11-24 05:15:54+00:00,Unknown,36.9,2024,11,24
78911,54252,21552,1,32.5,2024-10-30 16:42:04+00:00,"Apt. 467 564 Columbus Island, Port Shadstad, NY 43060-8292",32.5,2024,10,30
80387,55039,21111,3,31.75,2025-01-05 18:30:29+00:00,"7174 Stoltenberg Bypass, Bennettborough, AK 44181-1880",95.25,2025,1,5
77921,55641,21480,1,68.0,2024-07-22 09:17:00+00:00,Unknown,68.0,2024,7,22
79951,53963,20976,1,49.0,2024-10-01 03:06:36+00:00,Unknown,49.0,2024,10,1
74406,55364,21340,1,21.9,2025-05-22 15:45:51+00:00,Unknown,21.9,2025,5,22
81656,55207,21485,2,24.0,2025-04-24 08:00:42+00:00,Unknown,48.0,2025,4,24
77950,54991,21436,1,33.75,2025-02-20 22:25:34+00:00,"4428 Hintz Freeway, East Tyronborough, RI 29595",33.75,2025,2,20
74019,53642,21614,1,75.75,2025-06-26 02:14:14+00:00,Unknown,75.75,2025,6,26
77032,55802,20988,1,62.5,2024-12-15 11:17:31+00:00,Unknown,62.5,2024,12,15
79447,55048,21200,1,45.0,2025-02-09 19:15:11+00:00,Unknown,45.0,2025,2,9
76048,55450,21078,1,67.99,2025-03-30 14:38:25+00:00,Unknown,67.99,2025,3,30
76652,54014,21315,1,61.25,2025-03-30 13:20:00+00:00,"5464 Roob Corners, West Lauran, NY 19104-4404",61.25,2025,3,30
75370,54576,21352,1,33.99,2024-08-22 02:33:56+00:00,Unknown,33.99,2024,8,22
75161,53710,21497,1,67.5,2024-05-13 23:24:40+00:00,Unknown,67.5,2024,5,13
81582,54861,21599,1,16.8,2024-09-25 22:48:00+00:00,Unknown,16.8,2024,9,25
73335,53515,21147,2,34.8,2025-02-22 17:41:00+00:00,Unknown,69.6,2025,2,22
79415,53853,21576,2,58.2,2024-11-08 22:14:34.344000+00:00,Unknown,116.4,2024,11,8
82572,55677,21358,1,54.6,2024-09-14 23:05:02+00:00,"239 Guillermo Shoals, Sherriemouth, PA 29541",54.6,2024,9,14
82341,55136,20947,1,34.8,2025-08-19 04:53:03.917000+00:00,Unknown,34.8,2025,8,19
80866,54663,21025,5,65.7,2024-09-15 19:37:05+00:00,Unknown,328.5,2024,9,15
73621,54234,21039,2,39.6,2024-08-09 07:18:00+00:00,Unknown,79.2,2024,8,9
76266,53683,21013,1,43.99,2025-01-15 10:46:22+00:00,Unknown,43.99,2025,1,15
79226,54495,21312,1,58.5,2024-06-28 23:14:09+00:00,Unknown,58.5,2024,6,28
77200,54496,21073,1,38.25,2024-11-16 21:49:00+00:00,Unknown,38.25,2024,11,16
74617,53786,21223,1,73.0,2024-10-11 04:04:00+00:00,"19956 Brandy Summit, East Jeremiah, RI 38414",73.0,2024,10,11
79517,55594,21025,5,50.5,2025-03-19 18:47:55+00:00,Unknown,252.5,2025,3,19
81920,55290,21041,1,70.75,2024-11-24 21:42:35+00:00,Unknown,70.75,2024,11,24
82429,53784,21075,1,53.1,2024-12-03 08:37:46+00:00,Unknown,53.1,2024,12,3
76218,54602,21627,1,28.5,2024-10-09 14:08:37.503000+00:00,Unknown,28.5,2024,10,9
77230,54735,21408,1,28.8,2025-03-04 20:43:03+00:00,Unknown,28.8,2025,3,4
79683,53565,21256,1,58.5,2024-09-14 06:32:47.201000+00:00,Unknown,58.5,2024,9,14
73924,55509,21007,1,34.25,2024-12-04 20:06:00+00:00,"2950 Quitzon Gateway, Bernhardhaven, MO 57934-8061",34.25,2024,12,4
74638,54398,20956,1,61.0,2024-12-11 15:06:06+00:00,Unknown,61.0,2024,12,11
77051,54978,21538,2,70.0,2024-11-21 11:03:00+00:00,Unknown,140.0,2024,11,21
75026,55772,21633,2,73.75,2024-08-22 21:40:47+00:00,Unknown,147.5,2024,8,22
82304,53877,21127,2,53.0,2024-09-19 15:35:18+00:00,Unknown,106.0,2024,9,19
76765,53158,20936,1,57.75,2025-03-02 22:55:00+00:00,Unknown,57.75,2025,3,2
76438,53891,21408,1,22.0,2024-08-28 04:11:15+00:00,"Apt. 244 1292 Arlen Divide, Kemmerborough, TX 75446-8287",22.0,2024,8,28
82259,53729,21312,1,59.99,2024-12-22 03:14:30+00:00,Unknown,59.99,2024,12,22
81638,53393,21011,2,36.99,2025-02-04 00:20:00+00:00,Unknown,73.98,2025,2,4
79228,53062,21167,2,21.0,2024-12-15 12:51:01+00:00,"Apt. 475 9490 Galen Courts, O'Harashire, WY 63192",42.0,2024,12,15
78263,55078,21231,2,71.99,2024-12-22 17:49:58+00:00,Unknown,143.98,2024,12,22
75969,55041,21456,1,51.0,2024-09-06 20:31:00+00:00,Unknown,51.0,2024,9,6
79146,55717,21069,1,23.25,2025-01-09 07:20:07+00:00,"Suite 277 2194 Stepanie Pines, New Brunildaside, IA 18173-1301",23.25,2025,1,9
82222,53411,20976,1,54.0,2024-05-22 02:36:00+00:00,Unknown,54.0,2024,5,22
74663,53692,21350,1,57.9,2025-02-22 15:27:00+00:00,Unknown,57.9,2025,2,22
79174,54773,21430,1,37.8,2024-08-25 16:49:59+00:00,"2397 Shante Lock, Rutherfordtown, MT 20374",37.8,2024,8,25
80755,53453,21241,1,19.0,2024-10-18 00:26:00+00:00,"Suite 198 84082 Hilpert Centers, Skilesstad, CO 87499-6305",19.0,2024,10,18
73400,55437,21325,1,71.0,2025-04-07 17:15:00+00:00,"56013 Schroeder Forge, Port Darrell, MD 03919-0469",71.0,2025,4,7
74348,55817,21430,3,29.25,2024-12-18 06:19:48+00:00,Unknown,87.75,2024,12,18
82591,53572,21034,1,51.6,2025-07-04 06:43:43+00:00,Unknown,51.6,2025,7,4
79722,55659,21541,1,66.3,2025-06-11 21:23:12+00:00,Unknown,66.3,2025,6,11
76088,55248,21315,1,63.25,2024-06-24 08:00:40+00:00,Unknown,63.25,2024,6,24
74539,53482,21340,5,20.0,2025-01-30 22:23:20+00:00,"Apt. 907 8163 Kozey Rest, Nitzschemouth, RI 97602-9798",100.0,2025,1,30
81554,53212,21313,1,33.0,2024-08-16 09:16:46+00:00,"64034 Marianna Corner, Steviestad, ME 75279-2983",33.0,2024,8,16
78362,54164,20996,1,43.5,2025-02-06 13:51:16+00:00,Unknown,43.5,2025,2,6
76209,53233,21523,1,49.5,2024-07-30 13:55:17.174000+00:00,"9539 Grady Pass, Schowalterfort, VT 81643",49.5,2024,7,30
79743,53798,21100,1,26.5,2024-10-28 15:52:30.112000+00:00,Unknown,26.5,2024,10,28
77196,53842,21361,1,57.9,2025-02-11 21:17:00+00:00,Unknown,57.9,2025,2,11
82391,54868,21125,1,18.0,2025-02-14 18:38:17+00:00,Unknown,18.0,2025,2,14
80218,53651,21332,1,56.39,2024-03-15 19:28:28+00:00,"Apt. 396 2199 Kuhn Turnpike, Linnville, AL 42155",56.39,2024,3,15
79342,53782,21074,1,73.99,2024-09-30 11:31:00+00:00,Unknown,73.99,2024,9,30
74337,54209,21327,1,73.0,2025-02-15 10:02:28+00:00,Unknown,73.0,2025,2,15
83046,54165,21541,3,57.0,2025-01-20 17:23:16+00:00,"Suite 734 3520 Wolff Route, Ondrickaberg, TX 01005-7231",171.0,2025,1,20
75912,54246,21277,1,72.0,2024-09-16 15:10:00+00:00,"8497 Bosco Mills, Reynoldsville, OH 84829",72.0,2024,9,16
79730,54630,21155,2,81.0,2024-06-17 09:30:36+00:00,Unknown,162.0,2024,6,17
75965,53485,21246,1,40.5,2024-07-05 04:48:00+00:00,Unknown,40.5,2024,7,5
75386,55700,21411,1,24.0,2025-03-13 14:57:14+00:00,Unknown,24.0,2025,3,13
74154,53372,21003,1,47.99,2024-06-18 01:36:20+00:00,"699 Thelma Trace, Auerview, ME 26656-9545",47.99,2024,6,18
74466,55453,21158,1,25.5,2024-07-08 04:30:00+00:00,Unknown,25.5,2024,7,8
75747,54661,21104,1,19.99,2024-08-31 12:12:44.134000+00:00,Unknown,19.99,2024,8,31
77331,54057,21250,2,20.5,2025-08-27 15:52:52+00:00,Unknown,41.0,2025,8,27
79094,54098,21589,2,42.99,2024-03-08 21:05:45+00:00,Unknown,85.98,2024,3,8
78685,53637,21123,1,80.39,2024-10-12 06:30:19+00:00,"Apt. 785 48133 Elwood Knolls, Bradtkefort, WV 25065",80.39,2024,10,12
77862,54518,21273,1,70.99,2025-02-02 15:16:00+00:00,"Suite 440 700 Grady Groves, Bartonview, OH 62125",70.99,2025,2,2
75653,53356,21379,1,63.99,2024-09-20 09:26:37.914000+00:00,"Apt. 413 84990 Brakus Estates, Jarrodland, AK 38488-5896",63.99,2024,9,20
82384,53427,21445,1,47.0,2025-01-27 16:04:22.808000+00:00,"92789 Bradford Alley, Freddaside, OR 51665-6772",47.0,2025,1,27
77794,54521,21365,1,53.5,2024-07-01 16:50:00+00:00,"Apt. 197 78460 Feest Mountains, Lindmouth, KY 30831-7165",53.5,2024,7,1
74433,53720,21068,1,62.25,2024-11-27 16:04:47+00:00,Unknown,62.25,2024,11,27
81025,55786,21406,2,63.6,2024-10-28 08:34:00+00:00,Unknown,127.2,2024,10,28
77734,55537,21004,1,17.0,2024-08-24 01:43:42+00:00,Unknown,17.0,2024,8,24
81997,53782,21273,4,70.5,2025-01-01 20:04:53+00:00,Unknown,282.0,2025,1,1
81101,55827,21306,1,33.0,2024-10-20 18:17:54+00:00,Unknown,33.0,2024,10,20
82166,54207,20944,1,32.5,2024-09-12 22:18:24+00:00,"Suite 277 612 Aja Landing, Leschbury, PA 31797",32.5,2024,9,12
82909,55684,21597,4,35.0,2024-12-10 15:52:04.796000+00:00,Unknown,140.0,2024,12,10
75698,54716,21061,1,55.2,2024-10-14 01:54:24+00:00,Unknown,55.2,2024,10,14
78044,53551,21038,1,62.7,2024-10-13 19:03:00+00:00,Unknown,62.7,2024,10,13
76491,54260,21295,1,14.0,2024-10-08 04:55:00+00:00,Unknown,14.0,2024,10,8
74604,53220,21197,1,80.4,2024-08-16 14:38:00+00:00,Unknown,80.4,2024,8,16
74580,54118,21265,1,75.75,2024-12-14 04:59:01+00:00,"Suite 619 6776 Clarita Cliff, West Timika, GA 10529",75.75,2024,12,14
77075,53504,21466,1,20.1,2024-09-28 14:51:10+00:00,Unknown,20.1,2024,9,28
73331,54623,21374,1,25.99,2025-01-26 02:59:41+00:00,Unknown,25.99,2025,1,26
82947,55174,21501,1,24.0,2025-06-19 06:19:46+00:00,"Apt. 350 238 Lowe Forks, Vibury, IA 01830-1412",24.0,2025,6,19
79519,54345,21452,1,24.0,2024-06-06 13:59:28+00:00,Unknown,24.0,2024,6,6
73884,53225,21078,1,66.0,2024-09-11 13:03:53+00:00,Unknown,66.0,2024,9,11
82153,53302,21159,1,62.75,2024-09-18 17:13:49+00:00,Unknown,62.75,2024,9,18
74011,55331,21033,1,63.0,2025-07-03 01:50:17+00:00,"Suite 151 724 Jones Shores, East Hollis, VT 97627-6366",63.0,2025,7,3
74982,55815,20920,1,18.5,2025-10-22 23:00:00+00:00,Unknown,18.5,2025,10,22
73522,53193,21103,1,67.75,2025-04-23 22:19:41+00:00,Unknown,67.75,2025,4,23
77819,54219,20997,2,72.99,2024-07-10 02:42:00+00:00,Unknown,145.98,2024,7,10
73962,53779,21309,1,54.9,2024-10-19 07:54:49+00:00,Unknown,54.9,2024,10,19
79707,54645,21323,1,29.25,2024-08-12 04:08:57+00:00,Unknown,29.25,2024,8,12
80164,53599,21201,3,75.6,2025-01-30 23:58:02+00:00,Unknown,226.8,2025,1,30
76514,54067,21601,1,39.9,2025-02-09 02:14:00+00:00,Unknown,39.9,2025,2,9
81008,55260,21418,4,61.25,2024-08-22 22:57:00+00:00,Unknown,245.0,2024,8,22
75820,53152,21153,1,41.0,2025-01-27 22:36:00+00:00,Unknown,41.0,2025,1,27
74260,54556,21354,1,17.1,2024-03-12 03:02:00+00:00,"8557 Rosana Haven, Leomaton, AR 03249",17.1,2024,3,12
81708,53994,21220,1,16.75,2025-05-02 19:47:59+00:00,Unknown,16.75,2025,5,2
81734,55219,21088,3,56.0,2024-08-24 18:39:40.293000+00:00,Unknown,168.0,2024,8,24
80480,53335,21571,1,18.25,2025-04-10 06:55:02+00:00,Unknown,18.25,2025,4,10
79571,53155,21155,1,67.0,2024-11-29 01:54:00+00:00,Unknown,67.0,2024,11,29
77972,54966,21474,2,51.0,2025-06-03 04:14:28+00:00,Unknown,102.0,2025,6,3
79436,53931,21067,1,56.5,2025-08-10 05:41:31+00:00,Unknown,56.5,2025,8,10
79749,55012,21248,1,43.0,2024-09-16 08:07:55.996000+00:00,"656 Feest Forks, South Letitia, TN 57797",43.0,2024,9,16
82450,55533,21095,1,58.8,2024-08-16 05:57:29+00:00,"570 Audrea Underpass, South Reinaldo, TX 17196",58.8,2024,8,16
81401,55683,21444,3,68.4,2025-05-07 10:17:25+00:00,Unknown,205.2,2025,5,7
74635,53417,21471,2,22.25,2024-11-02 19:19:00+00:00,Unknown,44.5,2024,11,2
78421,55216,21142,2,34.5,2025-02-06 14:40:44+00:00,"Apt. 318 348 Rosario Flats, Lake Randymouth, PA 34570-2989",69.0,2025,2,6
80863,54590,21249,3,70.0,2024-09-16 08:11:55+00:00,Unknown,210.0,2024,9,16
73981,54576,21142,1,33.0,2024-10-29 07:23:21+00:00,"Suite 694 75878 Susannah Ways, Oraborough, NM 76157",33.0,2024,10,29
79599,55725,21388,1,56.4,2024-11-04 15:13:30.915000+00:00,Unknown,56.4,2024,11,4
80364,55558,21338,1,50.0,2025-08-04 12:23:13+00:00,"5376 Jacobs Knoll, New Haywoodchester, OR 18874",50.0,2025,8,4
76085,55121,21353,1,21.5,2025-01-03 07:56:33+00:00,Unknown,21.5,2025,1,3
81052,55716,20950,4,30.25,2024-07-07 21:12:13.275000+00:00,"Apt. 849 16404 McGlynn Harbor, Port Yulandaberg, IL 74592",121.0,2024,7,7
81618,53124,21332,5,54.9,2025-06-06 09:36:00+00:00,Unknown,274.5,2025,6,6
76104,54346,21482,1,45.5,2024-09-27 04:59:00+00:00,Unknown,45.5,2024,9,27
76785,54624,21192,2,74.5,2024-06-02 05:17:14.076000+00:00,Unknown,149.0,2024,6,2
74142,55003,21044,1,26.4,2025-01-07 19:04:29+00:00,"Suite 317 79397 Pam Glen, West Ashliport, NV 10749-1389",26.4,2025,1,7
77986,54091,21510,1,15.25,2025-05-25 05:57:47+00:00,Unknown,15.25,2025,5,25
80762,54057,21497,1,81.9,2025-03-24 09:07:53+00:00,Unknown,81.9,2025,3,24
73606,53091,21371,2,25.19,2024-08-01 02:53:48+00:00,Unknown,50.38,2024,8,1
80950,55557,21594,3,72.0,2025-04-20 11:49:49+00:00,"2690 Doyle Creek, Krajcikland, LA 54581",216.0,2025,4,20
78778,53222,21333,1,33.99,2025-02-11 12:11:55+00:00,Unknown,33.99,2025,2,11
79275,55432,21530,4,69.75,2024-06-19 17:53:59+00:00,Unknown,279.0,2024,6,19
75151,53550,21557,1,67.99,2024-11-24 12:19:50+00:00,Unknown,67.99,2024,11,24
81465,55575,21211,1,43.99,2024-08-10 20:45:00+00:00,Unknown,43.99,2024,8,10
79974,55659,21021,1,42.0,2024-12-28 04:20:06+00:00,"Apt. 168 462 Julian Union, Weimannport, CA 83820-7015",42.0,2024,12,28
75191,54969,21551,1,37.0,2024-04-05 06:38:00+00:00,Unknown,37.0,2024,4,5
76556,54116,21400,1,45.0,2024-08-02 03:12:24+00:00,Unknown,45.0,2024,8,2
74192,54612,21299,2,26.1,2024-12-21 09:39:01+00:00,Unknown,52.2,2024,12,21
80625,54727,21325,2,66.75,2025-02-28 11:53:24+00:00,Unknown,133.5,2025,2,28
74637,55472,21175,1,22.25,2025-01-11 00:53:37+00:00,Unknown,22.25,2025,1,11
76338,55752,21430,1,34.5,2025-01-29 00:17:31+00:00,Unknown,34.5,2025,1,29
79093,54458,21265,1,75.0,2024-06-03 10:11:03.384000+00:00,Unknown,75.0,2024,6,3
83098,53917,21133,1,66.0,2025-03-18 01:14:16+00:00,Unknown,66.0,2025,3,18
78782,53404,21147,1,34.79,2024-01-10 03:41:41+00:00,Unknown,34.79,2024,1,10
81501,53793,21492,1,24.0,2025-01-25 03:20:00+00:00,Unknown,24.0,2025,1,25
74125,55168,21427,1,60.0,2025-02-18 04:15:00+00:00,"Apt. 624 6611 Garrett Village, Manualland, AZ 73017",60.0,2025,2,18
81214,54766,20936,1,60.0,2025-02-05 21:53:30+00:00,Unknown,60.0,2025,2,5
77279,53281,21391,1,65.99,2024-01-22 05:52:00+00:00,"Apt. 388 26979 Rhonda Valleys, Port Mirta, MN 35881",65.99,2024,1,22
79205,53647,21316,1,25.5,2024-06-26 12:21:43+00:00,Unknown,25.5,2024,6,26
73351,55039,21041,1,69.0,2024-10-02 05:40:33+00:00,Unknown,69.0,2024,10,2
74123,53815,21239,4,42.3,2024-11-21 11:00:19+00:00,Unknown,169.2,2024,11,21
80060,55012,21464,1,31.0,2025-02-02 23:51:00+00:00,Unknown,31.0,2025,2,2
77668,55763,21047,1,67.19,2024-05-11 17:18:18+00:00,Unknown,67.19,2024,5,11
81000,54057,21493,1,29.5,2024-12-27 08:08:00+00:00,Unknown,29.5,2024,12,27
76251,55259,21183,1,51.99,2025-02-20 00:21:12+00:00,Unknown,51.99,2025,2,20
78233,54153,21577,1,31.5,2025-02-19 09:34:00+00:00,Unknown,31.5,2025,2,19
77536,53414,21596,2,51.0,2024-11-20 10:00:00+00:00,"Suite 498 17810 Lesley Pine, North Charlene, NM 08775",102.0,2024,11,20
78552,53107,20926,1,66.99,2025-01-06 16:32:00+00:00,Unknown,66.99,2025,1,6
81386,54917,21257,1,41.75,2024-12-04 12:00:46+00:00,"4214 Will Dam, East Tommystad, TN 38537",41.75,2024,12,4
78153,55085,21539,1,82.79,2024-05-23 09:24:00+00:00,Unknown,82.79,2024,5,23
80470,53204,21289,3,57.3,2024-08-01 13:59:21+00:00,Unknown,171.9,2024,8,1
76496,55363,20958,2,34.5,2025-02-28 06:49:42.413000+00:00,"Suite 463 82388 Prosacco Pass, Gusfurt, CT 10522",69.0,2025,2,28
81845,55118,21536,2,83.4,2025-06-14 17:22:00+00:00,Unknown,166.8,2025,6,14
81563,55307,20953,1,46.5,2025-05-21 12:43:43+00:00,Unknown,46.5,2025,5,21
77194,53866,21193,1,18.0,2024-06-19 01:26:31.285000+00:00,Unknown,18.0,2024,6,19
81736,54803,21633,2,86.4,2024-12-31 01:51:13+00:00,Unknown,172.8,2024,12,31
79979,55772,21558,1,25.5,2024-10-13 16:35:20+00:00,Unknown,25.5,2024,10,13
80050,55062,21383,2,40.0,2024-07-01 02:08:35+00:00,"Apt. 323 1896 Windler Station, East Ismael, WA 20792-1706",80.0,2024,7,1
74911,55671,21598,1,37.75,2024-10-05 03:02:18.138000+00:00,Unknown,37.75,2024,10,5
79723,53351,21327,5,74.99,2025-02-15 12:00:26+00:00,Unknown,374.95,2025,2,15
77354,55036,21018,2,41.75,2024-11-08 19:01:00+00:00,"Suite 824 738 Satterfield Points, West Terrance, AR 78170-2419",83.5,2024,11,8
78479,53278,21531,3,55.99,2024-09-27 10:51:07+00:00,Unknown,167.97,2024,9,27
80798,55340,21591,1,58.99,2024-07-08 13:52:00+00:00,Unknown,58.99,2024,7,8
75262,53364,21583,3,13.0,2025-04-11 20:17:00+00:00,Unknown,39.0,2025,4,11
76279,55357,20972,1,58.5,2024-03-13 04:56:56+00:00,Unknown,58.5,2024,3,13
77105,55230,21220,1,18.0,2025-03-13 01:18:51.542000+00:00,Unknown,18.0,2025,3,13
80482,55762,21246,1,50.4,2024-06-14 21:52:52+00:00,"3184 Gleichner Village, West Buckview, AZ 59354-1119",50.4,2024,6,14
76197,54942,21064,3,51.6,2024-10-08 22:16:00+00:00,Unknown,154.8,2024,10,8
78379,54545,21222,3,74.0,2024-08-03 07:10:46+00:00,Unknown,222.0,2024,8,3
76892,54563,21510,2,18.6,2024-11-12 17:43:11+00:00,Unknown,37.2,2024,11,12
73766,55372,21343,1,22.25,2025-02-08 23:43:02+00:00,Unknown,22.25,2025,2,8
77623,53142,20941,3,30.0,2024-10-21 13:33:35.559000+00:00,"25445 Austin Estates, South Basil, DE 20328",90.0,2024,10,21
79211,54698,21202,3,74.5,2024-04-30 20:54:37+00:00,"Suite 934 4816 Stracke Squares, Derickside, OH 59642-0869",223.5,2024,4,30
80161,53148,21085,1,25.5,2024-12-14 01:05:29+00:00,Unknown,25.5,2024,12,14
80717,55148,21304,1,58.5,2024-06-06 19:57:48+00:00,Unknown,58.5,2024,6,6
78957,53400,20996,4,52.8,2025-04-28 02:47:41+00:00,Unknown,211.2,2025,4,28
73759,55217,21401,1,22.0,2024-08-15 22:34:32+00:00,Unknown,22.0,2024,8,15
76144,54396,21585,1,49.2,2025-03-20 17:26:45+00:00,Unknown,49.2,2025,3,20
75975,54399,21153,1,48.0,2024-12-14 15:53:07+00:00,Unknown,48.0,2024,12,14
73811,55288,21576,2,45.0,2025-02-26 01:59:00+00:00,Unknown,90.0,2025,2,26
74878,53233,21472,1,76.5,2025-01-05 06:02:28+00:00,Unknown,76.5,2025,1,5
82574,53291,21645,1,50.0,2024-12-12 09:04:00+00:00,"Apt. 939 2627 Stoltenberg Neck, East Mindyside, TN 30917-7512",50.0,2024,12,12
78830,53238,21492,1,28.8,2025-02-08 00:30:36+00:00,"51847 Rolfson Shores, Alethialand, AK 37207",28.8,2025,2,8
79083,55636,21651,1,65.7,2024-09-07 04:23:54+00:00,Unknown,65.7,2024,9,7
79055,53295,20984,5,37.2,2024-07-24 21:20:22+00:00,Unknown,186.0,2024,7,24
80963,55510,21295,1,14.99,2024-07-22 06:26:02.769000+00:00,Unknown,14.99,2024,7,22
74785,54824,21088,1,69.6,2025-01-07 21:26:00+00:00,"87892 Balistreri Lake, Port Novella, NV 71678",69.6,2025,1,7
81650,53292,21372,4,40.2,2025-02-06 01:51:44.450000+00:00,"Suite 306 2455 Keeling Mill, North Terisaview, DE 62175-9207",160.8,2025,2,6
80280,54276,21402,4,70.5,2025-01-02 06:50:45+00:00,"Apt. 107 70866 Warner Trail, Earlside, FL 54601-7676",282.0,2025,1,2
76499,54945,21190,1,35.75,2024-09-01 00:16:38+00:00,Unknown,35.75,2024,9,1
74049,53895,20934,4,17.25,2024-11-12 22:24:06+00:00,Unknown,69.0,2024,11,12
76430,53719,21592,1,31.2,2024-08-09 02:01:00+00:00,Unknown,31.2,2024,8,9
82463,53911,21563,2,56.0,2024-08-31 06:06:51+00:00,Unknown,112.0,2024,8,31
79964,53703,21441,5,19.99,2025-02-27 08:57:36+00:00,Unknown,99.95,2025,2,27
80763,54588,20940,3,58.75,2024-04-30 17:54:54+00:00,"Apt. 811 8174 Mills Squares, Reubenberg, RI 16475",176.25,2024,4,30
79533,54193,20965,1,64.8,2025-03-09 10:59:00+00:00,"35253 Robt Mission, New Mindy, NV 32751",64.8,2025,3,9
80631,55236,21091,1,33.9,2024-04-06 00:36:43+00:00,Unknown,33.9,2024,4,6
77523,55588,21381,1,33.75,2025-09-23 06:57:56+00:00,"Suite 269 36010 Zulauf Locks, East Kaitlin, CT 99506",33.75,2025,9,23
80452,53576,21481,1,19.99,2025-04-28 09:30:22+00:00,Unknown,19.99,2025,4,28
75410,53869,21004,1,18.25,2024-08-23 16:17:12+00:00,Unknown,18.25,2024,8,23
73527,53501,20936,1,67.19,2024-11-20 21:00:02+00:00,Unknown,67.19,2024,11,20
79164,53663,21304,1,60.3,2024-06-05 21:48:38+00:00,Unknown,60.3,2024,6,5
80551,53687,21127,1,64.79,2024-07-16 23:12:00+00:00,Unknown,64.79,2024,7,16
80279,53844,21007,1,33.5,2024-10-30 17:48:31+00:00,Unknown,33.5,2024,10,30
78359,53692,20968,1,79.2,2024-10-03 19:30:37+00:00,Unknown,79.2,2024,10,3
82263,53606,21541,1,58.0,2025-09-30 09:46:18+00:00,Unknown,58.0,2025,9,30
75512,54116,20969,2,17.5,2024-03-20 09:24:00+00:00,Unknown,35.0,2024,3,20
82772,55698,20920,4,15.0,2024-11-09 01:13:00+00:00,"Apt. 552 47051 Marissa Mountains, West Margo, ND 41032-4325",60.0,2024,11,9
80136,54621,21403,3,27.0,2024-12-03 17:17:35+00:00,Unknown,81.0,2024,12,3
77463,54385,21530,4,87.0,2025-03-21 05:42:00+00:00,Unknown,348.0,2025,3,21
74429,54370,20961,3,42.6,2024-10-05 00:19:01+00:00,Unknown,127.8,2024,10,5
80030,54652,21482,1,41.75,2024-07-26 01:00:25+00:00,Unknown,41.75,2024,7,26
76136,55586,21282,1,72.0,2024-06-04 21:08:55.105000+00:00,Unknown,72.0,2024,6,4
77479,53751,21473,2,73.8,2024-10-11 01:03:19+00:00,Unknown,147.6,2024,10,11
77518,54541,21104,1,17.5,2024-09-23 05:46:00+00:00,Unknown,17.5,2024,9,23
74645,55718,21290,1,66.3,2025-01-06 03:43:00+00:00,"Suite 279 3180 Mercedez Cove, South Kimiko, MA 58124",66.3,2025,1,6
75907,55129,21536,1,67.5,2025-01-04 10:46:32+00:00,Unknown,67.5,2025,1,4
75221,53433,21419,1,69.5,2024-07-17 05:08:00+00:00,Unknown,69.5,2024,7,17
80731,53506,21209,1,49.0,2024-07-17 10:07:00+00:00,Unknown,49.0,2024,7,17
73911,55031,21281,1,70.0,2024-11-24 20:02:00+00:00,Unknown,70.0,2024,11,24
78030,54332,21049,1,71.5,2024-08-21 21:48:15+00:00,Unknown,71.5,2024,8,21
81562,55497,21304,1,51.25,2024-03-23 14:04:07+00:00,Unknown,51.25,2024,3,23
76985,54582,21466,1,14.25,2025-01-25 18:00:19+00:00,"Suite 733 64334 Bradtke Trafficway, West Myrtachester, CO 68357-5951",14.25,2025,1,25
76192,55297,21109,2,55.0,2024-09-12 10:55:00+00:00,Unknown,110.0,2024,9,12
75189,53926,21280,3,22.5,2024-06-11 23:35:00+00:00,Unknown,67.5,2024,6,11
81503,54290,20980,1,38.4,2024-12-08 17:44:02+00:00,Unknown,38.4,2024,12,8
73867,53605,21336,1,63.5,2025-02-06 16:31:00+00:00,Unknown,63.5,2025,2,6
77858,53467,21045,1,27.9,2024-06-20 13:17:27+00:00,"Apt. 500 5811 Becker Circles, West Gerryport, NC 51615",27.9,2024,6,20
73742,54139,21366,1,56.0,2024-03-18 01:06:00+00:00,Unknown,56.0,2024,3,18
77606,53238,21639,2,15.59,2024-12-31 15:58:48+00:00,"51847 Rolfson Shores, Alethialand, AK 37207",31.18,2024,12,31
76921,55191,21080,1,24.0,2025-03-27 19:46:00+00:00,Unknown,24.0,2025,3,27
81303,54045,21359,1,69.25,2025-01-31 09:03:16+00:00,"Apt. 226 135 Considine Forges, Hyattberg, WV 77481-7209",69.25,2025,1,31
79171,53660,21547,1,20.25,2024-11-02 04:10:00+00:00,Unknown,20.25,2024,11,2
82211,55703,20979,1,73.75,2025-04-14 03:35:47+00:00,Unknown,73.75,2025,4,14
76836,54534,21409,1,88.5,2025-01-12 12:20:18+00:00,Unknown,88.5,2025,1,12
76756,55798,20970,2,49.19,2024-11-20 05:11:39+00:00,Unknown,98.38,2024,11,20
74422,55462,21441,1,20.4,2024-08-07 03:56:38+00:00,Unknown,20.4,2024,8,7
73442,55291,21354,1,22.8,2025-06-04 02:00:21+00:00,Unknown,22.8,2025,6,4
75669,54927,21433,1,55.2,2024-11-12 22:26:51.940000+00:00,"Apt. 224 81368 Tyree Brooks, North Kristopher, MO 35770",55.2,2024,11,12
79913,55241,21369,3,59.75,2024-07-28 05:24:37+00:00,Unknown,179.25,2024,7,28
80128,55792,21335,2,67.0,2024-07-25 01:18:43+00:00,Unknown,134.0,2024,7,25
76397,53910,21650,2,37.25,2024-12-10 20:38:00+00:00,"495 Douglas Port, Franciscotown, WI 97743",74.5,2024,12,10
78677,54349,21374,3,25.75,2025-03-17 11:47:00+00:00,"854 Madaline Burgs, New Elfriedeport, KY 33000-3139",77.25,2025,3,17
74362,54455,21648,1,37.2,2024-11-02 13:35:40+00:00,Unknown,37.2,2024,11,2
82337,54971,21343,1,21.5,2025-04-21 08:36:00+00:00,"8216 Savanna Manor, Wisozkfort, NE 60556",21.5,2025,4,21
76461,55123,21454,1,37.5,2025-06-03 10:20:00+00:00,"Suite 968 41583 Ward Trafficway, Vinceland, ND 65052",37.5,2025,6,3
75243,53034,21271,1,26.4,2024-11-21 18:51:28+00:00,Unknown,26.4,2024,11,21
75241,55303,21217,1,28.5,2024-11-14 12:24:47+00:00,"86071 Armando Village, West Aracelystad, IN 28721",28.5,2024,11,14
76360,55175,21097,1,15.75,2024-11-21 08:49:45.746000+00:00,Unknown,15.75,2024,11,21
73848,54447,21512,1,58.0,2025-04-17 18:29:17+00:00,Unknown,58.0,2025,4,17
78247,54870,21559,1,71.75,2024-12-17 01:19:00+00:00,Unknown,71.75,2024,12,17
80393,55002,21242,1,55.5,2024-09-26 01:44:00+00:00,Unknown,55.5,2024,9,26
73538,54038,21593,2,61.99,2025-03-23 22:28:18+00:00,Unknown,123.98,2025,3,23
82161,53591,21392,1,88.8,2025-06-26 13:39:10+00:00,Unknown,88.8,2025,6,26
77213,55344,21412,1,45.75,2025-01-24 01:39:42+00:00,Unknown,45.75,2025,1,24
75714,55474,20936,1,67.2,2024-08-16 16:39:16+00:00,Unknown,67.2,2024,8,16
82721,55763,21188,1,50.75,2024-07-04 10:17:00+00:00,Unknown,50.75,2024,7,4
76618,53247,21108,1,25.0,2024-06-19 11:37:00+00:00,Unknown,25.0,2024,6,19
75801,53750,21221,1,70.99,2025-01-18 12:35:02+00:00,Unknown,70.99,2025,1,18
80727,53865,21632,2,17.0,2025-01-15 21:41:34+00:00,Unknown,34.0,2025,1,15
82865,53778,21169,1,72.9,2024-08-30 06:13:00+00:00,Unknown,72.9,2024,8,30
82627,54865,21598,1,44.4,2024-09-23 14:59:00+00:00,Unknown,44.4,2024,9,23
76770,55611,21506,1,30.75,2025-03-17 21:41:33+00:00,"2951 Buckridge Ford, Lueilwitzchester, KY 24788-7360",30.75,2025,3,17
82801,53040,20945,1,35.0,2025-02-06 16:43:48+00:00,Unknown,35.0,2025,2,6
78186,55736,20994,1,23.1,2024-09-03 08:43:05+00:00,Unknown,23.1,2024,9,3
73992,54148,21432,1,75.0,2024-12-07 17:42:04+00:00,"40120 Jacobson Shore, Dessieville, MS 84078-4136",75.0,2024,12,7
74090,53926,21114,1,58.25,2025-06-19 02:31:41+00:00,Unknown,58.25,2025,6,19
79348,54677,21378,1,41.25,2024-08-21 14:41:00+00:00,Unknown,41.25,2024,8,21
82603,54200,21227,2,72.5,2024-12-13 22:09:50+00:00,"Suite 298 1763 Ledner Fork, Brettton, IA 56014-9744",145.0,2024,12,13
76482,54642,21333,1,30.0,2025-01-13 09:47:05.239000+00:00,Unknown,30.0,2025,1,13
82336,55342,21069,1,22.0,2024-11-19 11:45:03+00:00,"Apt. 960 4601 Carter Overpass, New Rodrick, PA 80910",22.0,2024,11,19
79294,54650,21065,1,22.0,2024-12-12 23:30:22.677000+00:00,"Apt. 329 808 Eleonora Branch, South Kathlinetown, NE 90332",22.0,2024,12,12
77280,53670,20990,1,21.75,2024-05-04 03:38:01+00:00,Unknown,21.75,2024,5,4
81165,54031,21553,2,22.25,2025-02-26 16:40:23+00:00,"Apt. 528 5912 Joane Shore, Evalynton, NJ 43596-9301",44.5,2025,2,26
80481,55730,21403,5,25.25,2024-09-09 16:39:44+00:00,Unknown,126.25,2024,9,9
79326,53289,21296,5,42.6,2024-09-25 13:17:39+00:00,"41323 Frami Locks, East Maynard, MN 04845",213.0,2024,9,25
77834,53705,21195,1,39.5,2025-05-05 15:35:00+00:00,"339 Wilkinson Roads, West Alfredaview, WA 55837",39.5,2025,5,5
80812,55759,21326,1,71.25,2025-01-04 03:33:33.576000+00:00,Unknown,71.25,2025,1,4
80765,54892,21049,1,82.8,2024-12-26 08:48:00+00:00,Unknown,82.8,2024,12,26
78544,55394,21522,2,61.2,2024-07-25 19:47:00+00:00,"18732 Loren Junctions, North Daina, AZ 00223-4554",122.4,2024,7,25
79291,55337,21179,1,56.75,2025-01-01 23:22:37.558000+00:00,Unknown,56.75,2025,1,1
74007,55814,21445,1,45.5,2024-10-08 20:56:33+00:00,"5989 Fisher Ports, Wardfurt, ND 46622",45.5,2024,10,8
81322,53223,21098,1,64.5,2025-02-28 08:59:23+00:00,Unknown,64.5,2025,2,28
78481,55239,21473,1,57.5,2025-01-26 17:03:02+00:00,Unknown,57.5,2025,1,26
75734,55708,21633,1,71.99,2024-07-25 03:45:00+00:00,"Suite 387 4411 Sylvester Roads, Bartontown, NM 88548",71.99,2024,7,25
79352,54582,21175,2,27.0,2025-05-31 12:31:09+00:00,"Suite 733 64334 Bradtke Trafficway, West Myrtachester, CO 68357-5951",54.0,2025,5,31
82443,53130,21406,1,56.25,2025-01-02 00:59:04.428000+00:00,"Suite 986 62772 Tatyana Port, McCulloughfort, MA 05722-8472",56.25,2025,1,2
82848,54210,21083,1,23.0,2025-03-12 04:12:19+00:00,Unknown,23.0,2025,3,12
75560,53186,21019,1,64.5,2025-04-12 05:14:25+00:00,"Apt. 896 520 Maximo Fork, North Cedrickland, VA 48871-7109",64.5,2025,4,12
80789,54764,21042,1,24.9,2025-01-24 11:47:00+00:00,Unknown,24.9,2025,1,24
79153,53553,21314,2,22.2,2024-10-09 12:57:32+00:00,Unknown,44.4,2024,10,9
79693,55572,21443,1,35.0,2024-12-05 23:26:42+00:00,Unknown,35.0,2024,12,5
80590,54833,20969,1,26.1,2024-12-16 06:24:00+00:00,Unknown,26.1,2024,12,16
78632,53186,21336,2,80.1,2024-04-04 04:04:04+00:00,Unknown,160.2,2024,4,4
75834,53785,20952,1,41.25,2024-10-04 03:54:36+00:00,Unknown,41.25,2024,10,4
83151,55183,21190,1,39.9,2024-10-07 18:15:36+00:00,Unknown,39.9,2024,10,7
75124,54504,21108,2,23.5,2024-12-13 07:01:52+00:00,Unknown,47.0,2024,12,13
77610,54775,21075,1,58.79,2024-10-22 21:51:34+00:00,"272 Carter Parks, Lake Hassan, DE 75012",58.79,2024,10,22
79903,54917,21535,2,67.0,2025-04-07 12:58:00+00:00,Unknown,134.0,2025,4,7
78042,55754,21604,1,62.4,2025-08-13 14:09:00+00:00,"537 Retha Extension, Raymondtown, WY 35853",62.4,2025,8,13
82883,55488,21519,1,50.5,2024-12-01 18:12:06+00:00,Unknown,50.5,2024,12,1
76935,54537,21413,1,72.0,2024-09-29 09:21:05+00:00,"886 Arlie Via, Port Shawn, VT 87405-9318",72.0,2024,9,29
74735,54675,21012,1,61.0,2024-12-06 22:24:00+00:00,Unknown,61.0,2024,12,6
74311,54864,21023,1,16.2,2025-01-21 07:02:30+00:00,Unknown,16.2,2025,1,21
82922,53802,21543,1,30.6,2025-01-23 00:30:02.237000+00:00,"2896 Mohr Summit, Cristbury, WY 51059-9269",30.6,2025,1,23
81959,55230,21596,2,58.8,2025-02-14 03:27:00+00:00,Unknown,117.6,2025,2,14
82678,54544,21176,1,26.0,2024-11-04 10:34:03+00:00,Unknown,26.0,2024,11,4
73561,53542,21064,1,43.0,2024-09-24 09:42:00+00:00,Unknown,43.0,2024,9,24
77824,54907,21137,1,55.8,2024-12-25 09:46:07+00:00,Unknown,55.8,2024,12,25
73708,55236,21160,3,23.7,2024-07-06 02:27:22+00:00,Unknown,71.1,2024,7,6
79427,53167,21210,1,20.0,2025-04-04 09:02:20+00:00,Unknown,20.0,2025,4,4
81700,54212,21233,1,42.0,2024-09-29 03:05:00+00:00,Unknown,42.0,2024,9,29
82006,53583,21420,4,80.39,2024-05-19 10:59:00+00:00,Unknown,321.56,2024,5,19
79704,54406,21058,2,58.2,2025-05-11 14:59:00+00:00,Unknown,116.4,2025,5,11
76676,53886,21129,1,37.99,2024-11-14 01:24:12+00:00,Unknown,37.99,2024,11,14
81698,53380,21610,1,42.25,2024-08-02 09:59:19+00:00,Unknown,42.25,2024,8,2
78945,54670,20922,2,66.75,2024-05-21 04:48:00+00:00,Unknown,133.5,2024,5,21
76229,54607,21654,1,14.99,2025-09-26 01:07:08+00:00,Unknown,14.99,2025,9,26
78948,53295,21419,1,83.1,2024-09-14 14:39:47+00:00,Unknown,83.1,2024,9,14
81216,54838,21037,1,65.99,2025-02-17 02:14:20+00:00,Unknown,65.99,2025,2,17
74024,53230,21572,1,36.0,2025-02-20 00:17:58+00:00,Unknown,36.0,2025,2,20
78471,55681,21131,1,52.0,2025-04-18 09:25:00+00:00,"3184 Gleichner Village, West Buckview, AZ 59354-1119",52.0,2025,4,18
82186,55270,21136,3,85.5,2024-09-24 04:49:53+00:00,Unknown,256.5,2024,9,24
79052,53209,21608,1,76.79,2024-11-04 04:03:00+00:00,Unknown,76.79,2024,11,4
75427,53246,21247,2,67.2,2024-11-12 04:52:36+00:00,Unknown,134.4,2024,11,12
82569,55351,21640,1,53.99,2024-08-04 11:22:05+00:00,Unknown,53.99,2024,8,4
77038,54260,21453,4,71.0,2025-02-28 14:32:13+00:00,Unknown,284.0,2025,2,28
76149,55501,20999,2,29.0,2025-03-05 10:11:20+00:00,Unknown,58.0,2025,3,5
82242,55367,21431,1,71.1,2024-11-09 22:10:13+00:00,Unknown,71.1,2024,11,9
81413,53436,21068,5,63.0,2024-12-12 17:49:50+00:00,Unknown,315.0,2024,12,12
75664,55274,21109,1,58.75,2024-11-17 20:25:06+00:00,Unknown,58.75,2024,11,17
79154,53944,20964,1,75.5,2024-12-21 02:47:14+00:00,"88380 Evelyn Walks, West Kaseybury, WV 67502-2090",75.5,2024,12,21
74431,53267,21014,1,74.25,2024-10-07 16:49:31+00:00,"Suite 990 83182 Elene Trail, East Kerry, SC 67579",74.25,2024,10,7
77324,54183,21188,1,48.0,2025-02-19 23:21:18+00:00,Unknown,48.0,2025,2,19
78513,53024,21316,1,22.25,2024-12-15 07:47:39+00:00,Unknown,22.25,2024,12,15
77799,53648,21082,1,21.25,2025-02-10 00:15:00+00:00,"Apt. 441 4423 Ondricka Run, East Curtismouth, CO 96842",21.25,2025,2,10
82208,53633,20981,2,29.4,2024-11-25 18:04:00+00:00,Unknown,58.8,2024,11,25
77844,54598,21296,1,48.0,2024-06-01 01:49:13+00:00,Unknown,48.0,2024,6,1
81201,54244,21304,1,49.25,2024-08-31 06:05:34.868000+00:00,Unknown,49.25,2024,8,31
75716,54304,21276,1,39.0,2025-03-26 04:52:01+00:00,Unknown,39.0,2025,3,26
80740,53467,20950,1,32.5,2025-05-27 02:56:17+00:00,Unknown,32.5,2025,5,27
76592,53229,21127,1,62.1,2024-10-08 19:00:05+00:00,Unknown,62.1,2024,10,8
75479,54514,21074,3,84.6,2025-04-16 16:42:24+00:00,Unknown,253.8,2025,4,16
81374,54798,21109,1,67.2,2025-01-18 14:38:00+00:00,Unknown,67.2,2025,1,18
82700,54922,21596,1,53.0,2024-09-30 00:49:59+00:00,Unknown,53.0,2024,9,30
81283,55145,21137,1,54.0,2025-01-07 14:21:45+00:00,Unknown,54.0,2025,1,7
77739,54034,21538,3,67.0,2025-02-25 05:23:10+00:00,Unknown,201.0,2025,2,25
78054,55140,21488,1,24.5,2024-12-19 07:42:42+00:00,Unknown,24.5,2024,12,19
77859,54554,21032,1,17.75,2025-02-14 16:29:00+00:00,Unknown,17.75,2025,2,14
79684,53927,21505,1,30.5,2025-05-31 13:02:00+00:00,"Suite 862 4374 McClure Camp, Hammesport, NH 20006",30.5,2025,5,31
79555,55357,21465,1,88.5,2024-05-19 04:42:04+00:00,Unknown,88.5,2024,5,19
78533,53779,21598,1,47.99,2025-02-01 05:51:30+00:00,Unknown,47.99,2025,2,1
76729,55289,21407,3,27.99,2025-07-25 23:47:59+00:00,Unknown,83.97,2025,7,25
77565,55762,21640,1,56.5,2025-05-23 05:23:28+00:00,Unknown,56.5,2025,5,23
76951,53289,20954,1,88.8,2025-01-09 13:32:53+00:00,Unknown,88.8,2025,1,9
75641,55664,21005,2,18.99,2024-10-03 10:15:05+00:00,Unknown,37.98,2024,10,3
77021,53840,21599,1,16.5,2024-10-07 22:52:02+00:00,Unknown,16.5,2024,10,7
82239,55582,21193,1,17.5,2024-12-14 22:28:21+00:00,Unknown,17.5,2024,12,14
78578,55328,21063,1,61.8,2024-06-14 23:28:37+00:00,Unknown,61.8,2024,6,14
78525,54972,21496,1,25.0,2025-03-16 06:35:00+00:00,"50825 Bergstrom Tunnel, Kevenberg, CO 32979",25.0,2025,3,16
74461,53131,21051,1,71.25,2025-01-29 18:20:00+00:00,"Suite 291 5379 Rory Orchard, Port Sebastian, KS 40530-1828",71.25,2025,1,29
80137,53049,21446,1,36.0,2024-05-05 21:08:20+00:00,Unknown,36.0,2024,5,5
79928,55232,21604,1,59.7,2024-08-12 03:09:26+00:00,Unknown,59.7,2024,8,12
77530,54757,21102,1,54.75,2024-10-13 12:57:08+00:00,Unknown,54.75,2024,10,13
80342,54199,21379,2,66.0,2024-11-20 11:06:41+00:00,Unknown,132.0,2024,11,20
77403,54202,21392,2,91.2,2024-05-08 16:22:44+00:00,Unknown,182.4,2024,5,8
77472,55264,20995,4,61.2,2024-12-14 06:00:15+00:00,Unknown,244.8,2024,12,14
83085,53899,21333,1,39.59,2024-12-22 19:54:32+00:00,Unknown,39.59,2024,12,22
81688,54421,20961,1,35.5,2025-01-31 08:02:00+00:00,Unknown,35.5,2025,1,31
76244,53874,20965,1,68.1,2024-09-11 19:47:46+00:00,Unknown,68.1,2024,9,11
82090,54067,20985,1,32.5,2025-01-12 01:09:39+00:00,Unknown,32.5,2025,1,12
73563,54051,21015,2,64.5,2025-03-06 03:48:41.536000+00:00,Unknown,129.0,2025,3,6
78535,54802,21280,1,19.5,2025-02-15 05:23:13+00:00,Unknown,19.5,2025,2,15
74191,54881,20996,1,47.25,2024-04-13 16:17:42+00:00,Unknown,47.25,2024,4,13
73732,54367,21302,1,21.5,2024-08-28 01:15:19.944000+00:00,"66504 Leonardo Mount, South Nonashire, CO 63487",21.5,2024,8,28
78756,53868,21374,1,26.0,2024-06-18 16:08:18+00:00,Unknown,26.0,2024,6,18
82938,53718,21375,1,31.75,2024-11-17 11:13:19+00:00,Unknown,31.75,2024,11,17
76526,55581,21020,1,72.6,2024-12-10 04:00:00+00:00,"Suite 570 3758 Rupert Loop, South Rhett, VA 25420",72.6,2024,12,10
73543,55101,21570,3,60.6,2024-11-15 13:43:38+00:00,"Apt. 857 744 Roni Squares, New Bufordmouth, NE 50245-0058",181.8,2024,11,15
81241,54048,21353,3,21.5,2025-05-17 09:17:37+00:00,Unknown,64.5,2025,5,17
76549,53705,21016,2,74.75,2025-03-29 09:14:38.558000+00:00,Unknown,149.5,2025,3,29
81492,55384,21152,1,29.0,2024-09-23 14:02:26+00:00,"Suite 374 36712 Mohammad Port, North Elmo, NY 54707-6348",29.0,2024,9,23
74541,54865,21612,2,64.99,2024-10-31 14:36:13+00:00,Unknown,129.98,2024,10,31
79354,53105,21417,2,17.0,2024-10-11 18:15:00+00:00,"Suite 247 31016 Greenfelder Land, North Cordell, OK 93296",34.0,2024,10,11
80935,54592,21076,1,63.59,2025-02-09 08:24:25+00:00,Unknown,63.59,2025,2,9
77648,53926,21386,1,43.0,2025-06-06 11:53:54+00:00,Unknown,43.0,2025,6,6
74868,53024,21152,3,26.5,2024-10-25 06:27:06+00:00,Unknown,79.5,2024,10,25
78099,53233,21023,5,19.8,2024-08-04 00:33:49+00:00,Unknown,99.0,2024,8,4
82445,55518,21090,1,47.0,2025-04-19 18:43:52+00:00,"Suite 553 943 Leo Wall, South Ferdinand, MO 69440-4449",47.0,2025,4,19
81285,54896,21043,1,20.0,2024-08-10 19:55:00+00:00,Unknown,20.0,2024,8,10
82744,53904,21218,4,52.8,2024-09-25 05:18:37+00:00,Unknown,211.2,2024,9,25
81336,54909,21560,1,60.9,2024-11-10 23:09:53+00:00,Unknown,60.9,2024,11,10
81462,53815,21535,1,83.4,2024-07-31 17:52:00+00:00,"18927 Terry Gateway, Darellland, NY 91364-4953",83.4,2024,7,31
78747,54027,21182,2,80.39,2024-05-19 18:24:53+00:00,Unknown,160.78,2024,5,19
75324,54856,21311,1,21.5,2025-02-19 12:25:51+00:00,Unknown,21.5,2025,2,19
76712,54342,21427,2,71.4,2025-01-06 01:57:00+00:00,"Apt. 185 969 Grady Junctions, West Tinafort, KS 67931",142.8,2025,1,6
77894,54353,21456,2,54.0,2024-09-02 06:13:00+00:00,Unknown,108.0,2024,9,2
73632,54126,21645,1,63.6,2025-02-19 23:15:15+00:00,"8043 Jeffry Spring, Bradlyside, TN 37927",63.6,2025,2,19
76880,55354,21382,1,86.39,2024-12-10 10:49:00+00:00,Unknown,86.39,2024,12,10
79604,54051,21312,2,75.6,2025-06-07 06:40:00+00:00,Unknown,151.2,2025,6,7
81756,54977,21539,2,66.25,2024-10-09 08:52:06+00:00,Unknown,132.5,2024,10,9
75789,53478,21360,1,45.99,2024-09-03 03:45:00+00:00,"Apt. 183 3675 Nienow Harbor, Brownfurt, WA 36824",45.99,2024,9,3
74694,55336,21195,2,38.5,2025-02-28 02:40:46+00:00,Unknown,77.0,2025,2,28
79966,53560,21314,1,15.5,2025-09-11 22:21:01+00:00,Unknown,15.5,2025,9,11
82761,55683,20989,2,68.0,2024-12-05 07:00:14+00:00,Unknown,136.0,2024,12,5
78638,53124,20925,1,49.2,2025-08-09 04:48:57+00:00,"36954 Jerry Path, New Kevenberg, MD 99418",49.2,2025,8,9
81810,53828,21151,4,43.8,2024-12-08 00:54:25+00:00,"Suite 797 6453 Hilpert Square, Nienowside, LA 21109-6617",175.2,2024,12,8
77957,54733,21602,1,70.0,2025-03-03 16:08:48.878000+00:00,Unknown,70.0,2025,3,3
76928,55280,21215,4,14.0,2025-03-05 09:48:00+00:00,Unknown,56.0,2025,3,5
77627,54651,21579,3,55.25,2024-09-21 01:21:50+00:00,Unknown,165.75,2024,9,21
76974,53130,21579,1,65.99,2024-12-21 17:28:43+00:00,"Suite 986 62772 Tatyana Port, McCulloughfort, MA 05722-8472",65.99,2024,12,21
75535,55768,21177,2,27.59,2024-07-06 05:06:00+00:00,Unknown,55.18,2024,7,6
76611,53642,20949,1,49.25,2025-03-04 10:07:00+00:00,"16524 Arturo Burgs, Denverport, ME 05046",49.25,2025,3,4
81250,54544,21245,2,47.0,2024-12-18 12:53:24+00:00,Unknown,94.0,2024,12,18
81328,53654,20995,2,51.99,2024-10-16 15:25:00+00:00,Unknown,103.98,2024,10,16
79163,54202,21269,1,36.99,2024-04-24 07:45:30+00:00,"799 Lesch Lakes, Port Simoneland, KY 92472-8071",36.99,2024,4,24
78983,55284,21339,1,86.1,2024-08-20 13:36:19+00:00,Unknown,86.1,2024,8,20
76542,55504,21538,3,84.0,2024-12-27 08:33:00+00:00,"Apt. 647 7640 Swift Mountain, Dorthyport, WI 35101-7979",252.0,2024,12,27
76995,53702,21015,1,61.5,2024-10-06 16:27:11+00:00,Unknown,61.5,2024,10,6
75529,53804,21403,1,31.5,2024-08-20 04:00:36+00:00,Unknown,31.5,2024,8,20
76820,54104,21315,1,65.25,2024-10-15 22:19:10+00:00,"Apt. 558 7552 Ryan Inlet, Margretfurt, CO 95701",65.25,2024,10,15
79526,55605,20993,1,25.25,2025-03-03 00:11:24+00:00,Unknown,25.25,2025,3,3
79217,55243,21100,1,22.25,2025-01-17 10:55:52.349000+00:00,Unknown,22.25,2025,1,17
74050,54483,21137,1,47.0,2024-08-16 19:48:15+00:00,Unknown,47.0,2024,8,16
80325,55121,21320,2,33.99,2025-04-22 14:33:30+00:00,"26587 Klein Meadows, Samuelshire, WA 70041-2564",67.98,2025,4,22
76682,54794,21177,1,24.75,2025-05-25 23:41:45+00:00,Unknown,24.75,2025,5,25
82080,53993,21536,1,83.1,2024-11-27 00:06:55+00:00,Unknown,83.1,2024,11,27
80864,54475,21212,1,35.5,2024-09-27 03:41:24+00:00,Unknown,35.5,2024,9,27
81712,53941,21222,1,75.0,2024-11-04 08:10:08+00:00,Unknown,75.0,2024,11,4
78300,54379,21196,1,39.5,2024-08-24 15:43:00+00:00,Unknown,39.5,2024,8,24
78480,53297,21315,1,74.1,2024-11-08 14:13:44+00:00,Unknown,74.1,2024,11,8
74364,55067,21400,2,44.25,2024-08-22 15:01:34+00:00,"900 Nathanael Pines, Mosciskiside, WA 47992-6073",88.5,2024,8,22
76551,55243,21033,1,68.0,2025-07-31 13:47:00+00:00,Unknown,68.0,2025,7,31
79258,54325,21136,1,91.19,2025-07-01 04:59:43+00:00,Unknown,91.19,2025,7,1
73964,55253,21138,1,38.75,2024-07-28 03:55:59+00:00,Unknown,38.75,2024,7,28
80028,53449,21463,1,75.0,2024-11-05 14:10:36+00:00,Unknown,75.0,2024,11,5
73893,55639,20978,4,66.9,2024-04-28 09:52:58+00:00,"Suite 784 683 Lean Radial, South Shane, VT 51021-6977",267.6,2024,4,28
81894,54083,21514,1,44.4,2024-07-24 18:40:12+00:00,Unknown,44.4,2024,7,24
82010,53368,21295,1,14.5,2025-02-19 10:21:57+00:00,Unknown,14.5,2025,2,19
73494,54468,20930,1,37.5,2025-01-14 05:27:10.887000+00:00,Unknown,37.5,2025,1,14
77473,55512,21104,3,25.8,2025-05-13 06:29:00+00:00,"Apt. 615 492 Dale Pike, East Angilabury, UT 35505-3234",77.4,2025,5,13
82124,54088,21638,1,59.75,2024-09-08 12:55:30.211000+00:00,Unknown,59.75,2024,9,8
74287,53376,21384,1,51.25,2025-03-29 00:06:00+00:00,Unknown,51.25,2025,3,29
78583,54147,21435,2,58.5,2024-04-11 13:58:25+00:00,Unknown,117.0,2024,4,11
80991,53501,21439,1,43.0,2024-06-07 08:19:10+00:00,Unknown,43.0,2024,6,7
73341,55053,21496,2,26.0,2025-01-21 02:25:00+00:00,Unknown,52.0,2025,1,21
75821,53991,21611,1,64.0,2024-08-19 01:58:09+00:00,Unknown,64.0,2024,8,19
82328,54115,20939,1,69.5,2024-09-21 01:54:45+00:00,Unknown,69.5,2024,9,21
80940,53886,21547,1,20.75,2024-09-19 04:41:00+00:00,Unknown,20.75,2024,9,19
75792,55661,20985,2,32.25,2024-11-03 01:42:56+00:00,"Apt. 228 97296 Walton Wall, Marcborough, AR 24011-7896",64.5,2024,11,3
75172,55581,21353,2,21.25,2024-11-28 00:19:19+00:00,Unknown,42.5,2024,11,28
81985,55033,21462,1,31.8,2024-09-09 05:48:53+00:00,Unknown,31.8,2024,9,9
75237,55531,21308,1,60.5,2025-03-09 22:26:42+00:00,Unknown,60.5,2025,3,9
82665,53171,20969,1,18.0,2025-01-13 02:45:59+00:00,Unknown,18.0,2025,1,13
79259,54009,21578,1,43.5,2025-03-17 17:21:00+00:00,Unknown,43.5,2025,3,17
81383,55461,21227,1,72.5,2025-06-04 13:53:59+00:00,"149 Bradtke Stream, South Alden, OR 91352",72.5,2025,6,4
83013,55787,21385,1,22.25,2025-02-16 02:55:00+00:00,Unknown,22.25,2025,2,16
80476,53838,21301,1,61.99,2024-12-20 09:02:00+00:00,Unknown,61.99,2024,12,20
73849,55244,21653,2,41.99,2024-10-04 20:43:00+00:00,"Apt. 376 4498 Teddy Lodge, Julianland, OK 86883",83.98,2024,10,4
79531,53481,21574,4,22.25,2024-04-09 14:09:00+00:00,Unknown,89.0,2024,4,9
79813,53715,21366,1,68.4,2025-01-01 17:05:17+00:00,Unknown,68.4,2025,1,1
80951,53129,21222,1,70.0,2025-02-20 14:18:00+00:00,Unknown,70.0,2025,2,20
76100,53697,20922,1,66.25,2025-02-13 07:24:00+00:00,Unknown,66.25,2025,2,13
82202,53428,21413,1,59.5,2024-08-28 01:26:40+00:00,Unknown,59.5,2024,8,28
78385,54619,21270,1,85.8,2024-11-28 03:44:00+00:00,"Suite 553 92414 Hosea Hills, Rueckerton, AZ 74533",85.8,2024,11,28
75430,54407,21051,1,82.5,2025-01-29 13:15:26+00:00,Unknown,82.5,2025,1,29
77059,54667,21196,1,46.2,2025-03-25 22:19:00+00:00,"Suite 670 3756 Mertz Points, Jerrellshire, CO 88393-1348",46.2,2025,3,25
73710,54718,21453,1,80.39,2024-11-21 16:55:00+00:00,Unknown,80.39,2024,11,21
73343,55456,20993,2,28.0,2024-08-25 20:11:09+00:00,"Apt. 323 71989 Sonia Wall, Abbottburgh, MN 84516-6210",56.0,2024,8,25
79408,55042,21150,1,79.2,2025-09-22 18:42:00+00:00,"Suite 932 37015 Cormier Knolls, North Arnettachester, ME 62955-1053",79.2,2025,9,22
75625,55731,21029,1,58.5,2024-06-30 06:32:23+00:00,Unknown,58.5,2024,6,30
73669,54673,21605,3,25.75,2024-07-17 20:21:53+00:00,Unknown,77.25,2024,7,17
76498,53020,21252,1,51.5,2024-12-22 00:27:58+00:00,Unknown,51.5,2024,12,22
75089,53447,21215,2,14.5,2025-02-08 11:17:00+00:00,"Suite 644 704 Johnny Trail, Augustville, MN 26310",29.0,2025,2,8
76631,53570,21088,1,68.4,2024-04-11 12:05:24+00:00,Unknown,68.4,2024,4,11
78155,54309,20995,1,49.0,2025-06-08 05:45:03+00:00,Unknown,49.0,2025,6,8
80711,54069,20973,1,26.0,2025-06-25 11:56:00+00:00,Unknown,26.0,2025,6,25
78569,55718,21531,1,55.5,2025-02-03 21:10:56+00:00,Unknown,55.5,2025,2,3
76728,54057,21537,2,19.5,2024-08-22 16:54:00+00:00,"794 Veum Mews, Boganside, NH 20021",39.0,2024,8,22
78358,54298,21314,1,13.0,2024-12-16 07:42:44+00:00,Unknown,13.0,2024,12,16
74107,53570,21305,3,48.0,2024-08-05 04:06:00+00:00,"99485 Kunde Forks, West Julesstad, OK 18306",144.0,2024,8,5
79225,54019,21513,1,40.0,2024-07-11 19:46:14+00:00,Unknown,40.0,2024,7,11
79699,55051,21386,1,46.0,2025-02-08 01:32:00+00:00,"Suite 912 3035 Dorian Skyway, Juliettabury, AR 23448",46.0,2025,2,8
79138,53291,21230,5,31.8,2025-02-06 06:56:13+00:00,Unknown,159.0,2025,2,6
73746,53739,21191,1,46.75,2024-07-07 04:37:14+00:00,"648 Isreal Path, Lake Jeanenemouth, NJ 20448",46.75,2024,7,7
78774,54508,21259,5,28.75,2024-08-17 21:15:37+00:00,"10894 Joel Point, East Lucienport, MS 68846",143.75,2024,8,17
79444,54287,21256,1,71.7,2025-06-07 03:22:56+00:00,Unknown,71.7,2025,6,7
74051,55541,21192,1,72.25,2025-10-15 12:10:55+00:00,Unknown,72.25,2025,10,15
79077,53397,21592,5,31.8,2024-07-30 03:24:54+00:00,Unknown,159.0,2024,7,30
81821,53886,21175,1,24.0,2025-08-23 15:11:13+00:00,Unknown,24.0,2025,8,23
75902,55338,20938,1,28.5,2025-04-28 04:39:20+00:00,"Apt. 548 8876 Israel Wells, Mabelleport, WY 32245-3275",28.5,2025,4,28
80830,53511,21020,2,75.6,2024-11-01 18:16:42.750000+00:00,Unknown,151.2,2024,11,1
79310,53340,21648,2,29.25,2024-11-21 03:53:19+00:00,Unknown,58.5,2024,11,21
76352,55207,21224,1,62.99,2024-11-08 00:07:53+00:00,Unknown,62.99,2024,11,8
75833,53208,21315,1,61.0,2025-01-26 11:31:00+00:00,"582 Philip Lane, Floydton, NM 35075",61.0,2025,1,26
79793,53849,21577,1,22.0,2024-05-24 16:19:13+00:00,Unknown,22.0,2024,5,24
73358,53443,21524,1,77.99,2024-08-26 17:16:00+00:00,Unknown,77.99,2024,8,26
73634,54468,21092,1,31.25,2024-07-09 00:06:57+00:00,Unknown,31.25,2024,7,9
75920,55360,21127,1,67.19,2025-03-17 04:47:22+00:00,Unknown,67.19,2025,3,17
81866,53230,21314,2,14.25,2024-06-09 19:44:05+00:00,Unknown,28.5,2024,6,9
77395,53125,21605,1,23.0,2025-01-01 11:34:18.782000+00:00,Unknown,23.0,2025,1,1
80014,55330,21012,2,70.8,2025-02-25 22:06:59+00:00,Unknown,141.6,2025,2,25
81261,55342,21083,2,23.0,2025-04-09 12:16:00+00:00,Unknown,46.0,2025,4,9
80910,53177,21403,1,33.0,2025-05-20 17:53:19.911000+00:00,Unknown,33.0,2025,5,20
75510,54511,21341,1,62.7,2024-09-29 00:05:19+00:00,"68869 Marcellus Loop, Port Janland, ND 09437-8198",62.7,2024,9,29
79623,54334,21102,4,63.6,2025-03-21 05:52:20.157000+00:00,Unknown,254.4,2025,3,21
77115,53786,21597,1,32.99,2024-06-07 04:10:00+00:00,Unknown,32.99,2024,6,7
78990,55596,21260,1,52.25,2024-07-11 00:20:08+00:00,Unknown,52.25,2024,7,11
77352,55259,21484,1,66.0,2024-11-02 08:14:19.703000+00:00,Unknown,66.0,2024,11,2
80312,55074,21150,1,63.5,2025-01-02 19:03:43+00:00,Unknown,63.5,2025,1,2
79248,53548,20991,2,39.0,2024-04-25 04:16:00+00:00,"7427 Odis Drive, Sherriborough, MO 98634",78.0,2024,4,25
82424,53922,21142,1,37.0,2024-09-16 20:01:54+00:00,"Suite 116 291 Bosco Highway, Gutmannborough, WA 46278-6669",37.0,2024,9,16
74223,54947,21502,2,35.25,2024-12-18 09:54:40+00:00,"Suite 156 644 Kulas Camp, Mayertmouth, IA 85265-5860",70.5,2024,12,18
73359,55827,21116,1,34.0,2025-01-20 15:42:19+00:00,Unknown,34.0,2025,1,20
78664,55632,20999,1,28.99,2024-09-02 06:41:26+00:00,Unknown,28.99,2024,9,2
80436,53962,21388,1,48.0,2025-03-15 15:50:21.420000+00:00,Unknown,48.0,2025,3,15
77330,55141,21652,1,52.5,2024-12-02 08:05:37+00:00,Unknown,52.5,2024,12,2
83106,54611,21613,2,30.3,2025-01-14 13:38:42+00:00,Unknown,60.6,2025,1,14
81104,55154,21034,1,40.75,2025-02-19 11:04:00+00:00,Unknown,40.75,2025,2,19
81066,54484,21034,1,44.25,2025-01-31 19:22:00+00:00,Unknown,44.25,2025,1,31
76121,55418,21227,1,83.4,2024-12-08 09:06:50+00:00,Unknown,83.4,2024,12,8
82702,54319,21382,1,75.5,2024-10-12 19:43:40+00:00,Unknown,75.5,2024,10,12
74681,55389,21191,1,54.9,2025-02-18 20:49:51+00:00,Unknown,54.9,2025,2,18
81284,54493,21285,1,81.0,2025-03-27 09:26:03+00:00,Unknown,81.0,2025,3,27
74035,53758,21430,1,37.19,2025-04-24 19:27:24+00:00,Unknown,37.19,2025,4,24
73744,53327,20981,1,23.1,2025-07-24 00:56:56+00:00,"58685 Robert Freeway, North Cesar, PA 23769",23.1,2025,7,24
77631,55491,21451,2,75.59,2024-09-19 17:39:24+00:00,"991 Yundt Vista, East Kenishaborough, IN 90420-5741",151.18,2024,9,19
81693,53519,21157,1,33.0,2024-07-16 18:50:41+00:00,Unknown,33.0,2024,7,16
82351,54048,21129,1,37.5,2024-11-07 22:04:33+00:00,Unknown,37.5,2024,11,7
82389,53959,21347,1,47.5,2024-05-29 05:40:00+00:00,Unknown,47.5,2024,5,29
74370,55301,21330,1,53.7,2024-12-06 10:18:00+00:00,Unknown,53.7,2024,12,6
80616,53615,21608,1,58.5,2024-12-03 16:58:03.819000+00:00,Unknown,58.5,2024,12,3
82613,54191,21415,2,21.0,2024-08-14 21:26:00+00:00,Unknown,42.0,2024,8,14
82914,54488,21046,1,14.5,2024-11-23 10:56:47+00:00,Unknown,14.5,2024,11,23
80634,53084,21484,2,52.25,2024-08-11 13:21:11+00:00,Unknown,104.5,2024,8,11
82640,53178,21411,2,28.5,2025-04-14 18:05:18+00:00,Unknown,57.0,2025,4,14
76020,53109,21438,2,64.0,2024-12-30 13:41:00+00:00,Unknown,128.0,2024,12,30
81924,55148,21498,1,22.2,2025-01-08 18:51:46+00:00,"35876 Williamson Loaf, Robbiechester, WI 47044-0796",22.2,2025,1,8
80395,54436,21130,1,41.0,2024-08-29 16:54:27+00:00,"Apt. 890 362 Brice Summit, Runtetown, NM 09293-3405",41.0,2024,8,29
77494,53060,21478,1,82.8,2024-12-04 11:10:20+00:00,Unknown,82.8,2024,12,4
81522,55351,20922,1,66.0,2024-05-09 11:36:40+00:00,Unknown,66.0,2024,5,9
75986,55594,21129,2,39.5,2025-06-27 07:20:53+00:00,"Suite 951 65365 Littel Circles, Champlinside, UT 20627",79.0,2025,6,27
82056,54098,21038,1,52.0,2025-01-31 14:34:28+00:00,"91635 Ina Bypass, Dalilaville, MS 82096-0446",52.0,2025,1,31
75473,54604,21250,1,22.75,2024-12-08 23:14:48+00:00,Unknown,22.75,2024,12,8
73781,53478,21446,1,34.0,2024-08-05 08:45:26+00:00,Unknown,34.0,2024,8,5
73448,54485,21218,1,46.0,2024-12-10 10:20:46+00:00,Unknown,46.0,2024,12,10
83069,55445,21238,1,72.0,2025-03-13 04:30:40+00:00,Unknown,72.0,2025,3,13
74905,54015,21088,2,53.75,2024-08-18 22:07:00+00:00,"Apt. 528 12094 Von Fields, West Katherinfurt, VA 34613-3888",107.5,2024,8,18
78641,53241,21582,1,73.2,2024-10-05 23:00:38+00:00,Unknown,73.2,2024,10,5
82817,54727,20984,1,43.8,2025-02-24 10:46:00+00:00,Unknown,43.8,2025,2,24
78562,53398,21312,2,62.5,2024-08-27 22:54:00+00:00,"Apt. 509 5538 Stiedemann Rapid, Mintaview, IN 81294-2378",125.0,2024,8,27
82892,53382,21654,2,13.0,2024-11-19 15:08:58+00:00,Unknown,26.0,2024,11,19
78339,54545,21466,1,16.99,2025-02-11 03:31:29+00:00,"5975 Julius Wall, Deckowstad, FL 29855-7873",16.99,2025,2,11
78318,53783,20952,1,41.25,2025-03-28 16:23:00+00:00,Unknown,41.25,2025,3,28
80189,55225,21463,1,72.0,2024-08-11 08:19:17+00:00,Unknown,72.0,2024,8,11
74713,54073,21578,1,42.0,2024-09-21 16:25:46.990000+00:00,Unknown,42.0,2024,9,21
82979,54685,21269,1,32.75,2025-01-02 07:59:01+00:00,Unknown,32.75,2025,1,2
79596,53674,21521,1,59.4,2025-01-05 09:39:13+00:00,Unknown,59.4,2025,1,5
79642,54917,21447,4,62.99,2025-08-02 07:46:46+00:00,Unknown,251.96,2025,8,2
75061,53459,21336,1,63.0,2024-06-14 06:07:01+00:00,"327 Fermin Plaza, McKenziemouth, MN 23454",63.0,2024,6,14
76206,53887,21397,1,63.5,2024-11-29 13:16:00+00:00,Unknown,63.5,2024,11,29
76453,53266,21281,2,68.0,2025-02-02 14:40:43+00:00,Unknown,136.0,2025,2,2
74974,54925,21436,2,37.0,2024-09-30 02:22:40+00:00,Unknown,74.0,2024,9,30
78875,53369,21076,1,62.7,2024-12-28 00:33:00+00:00,Unknown,62.7,2024,12,28
73915,55634,21511,2,35.4,2024-06-24 02:06:48+00:00,Unknown,70.8,2024,6,24
82060,55144,21307,1,64.99,2024-12-19 22:44:10+00:00,"Suite 556 20616 Little Union, Connieside, VT 36902",64.99,2024,12,19
74827,53859,21430,1,30.0,2024-06-20 21:01:00+00:00,"Suite 581 53926 O'Kon Ramp, Osinskiton, NE 72468-8815",30.0,2024,6,20
81729,55274,21195,1,45.3,2024-12-22 02:12:21+00:00,Unknown,45.3,2024,12,22
80945,54526,21472,1,60.25,2024-08-09 21:29:37+00:00,Unknown,60.25,2024,8,9
81843,54196,21302,1,23.99,2025-02-11 01:55:49+00:00,"6578 Adaline Row, East Shaniburgh, WI 17383-9654",23.99,2025,2,11
76349,54530,21281,2,85.2,2024-11-27 20:24:04.993000+00:00,"81775 Spinka Lights, Port Quentinstad, MS 33229",170.4,2024,11,27
81685,53685,21057,1,36.99,2025-01-14 23:45:00+00:00,"8407 Wunsch Street, Carltonmouth, RI 34566",36.99,2025,1,14
81035,54182,21325,1,85.8,2024-10-04 13:33:40+00:00,Unknown,85.8,2024,10,4
79357,53367,21571,1,17.4,2024-09-16 11:14:00+00:00,Unknown,17.4,2024,9,16
78260,54183,21509,3,12.5,2024-07-26 17:56:28+00:00,Unknown,37.5,2024,7,26
79538,55725,21386,1,42.75,2024-07-16 10:21:24+00:00,Unknown,42.75,2024,7,16
82975,54280,21097,1,16.0,2024-09-30 20:52:00+00:00,"Suite 916 942 Sauer Vista, Mayburgh, PA 08219-9670",16.0,2024,9,30
81728,53347,21077,5,63.0,2024-10-12 10:09:00+00:00,Unknown,315.0,2024,10,12
81859,54606,21607,1,72.5,2024-10-29 03:03:00+00:00,Unknown,72.5,2024,10,29
79961,55166,21622,2,34.25,2025-01-11 17:16:55+00:00,Unknown,68.5,2025,1,11
77600,54872,21047,1,57.75,2025-01-28 20:09:20+00:00,Unknown,57.75,2025,1,28
73466,55596,21434,1,49.99,2024-07-12 23:17:15+00:00,Unknown,49.99,2024,7,12
73837,55067,21547,1,19.99,2025-03-09 00:07:52+00:00,Unknown,19.99,2025,3,9
78952,53235,21322,1,24.0,2025-02-20 05:41:16+00:00,Unknown,24.0,2025,2,20
78162,53828,20977,2,21.0,2025-01-07 22:14:59+00:00,Unknown,42.0,2025,1,7
77334,55029,21306,4,40.8,2024-08-29 02:19:00+00:00,"911 Bobette Loop, Keenaland, LA 31559-2207",163.2,2024,8,29
79522,53261,20935,4,32.0,2024-12-12 00:04:55+00:00,"Apt. 398 954 Conchita Bypass, Rickyburgh, TX 94527",128.0,2024,12,12
80135,53395,21224,1,70.8,2024-12-10 21:53:19+00:00,"Apt. 636 3635 Dan Club, New Viviana, OH 62120-9159",70.8,2024,12,10
77687,54502,21603,1,85.8,2025-05-02 01:43:16+00:00,"8802 Jacobi Rest, Jeanton, WA 19354",85.8,2025,5,2
81223,55829,21253,1,70.75,2025-01-05 13:02:24+00:00,Unknown,70.75,2025,1,5
79798,55329,21645,1,62.39,2024-11-06 12:09:50+00:00,Unknown,62.39,2024,11,6
78140,53096,20963,1,59.25,2025-05-26 17:52:00+00:00,Unknown,59.25,2025,5,26
74066,53759,21387,1,18.0,2024-11-16 03:07:00+00:00,Unknown,18.0,2024,11,16
82408,55003,20947,1,25.5,2025-01-15 01:45:32.546000+00:00,"Suite 317 79397 Pam Glen, West Ashliport, NV 10749-1389",25.5,2025,1,15
82708,55814,21019,3,63.75,2024-10-06 17:38:46+00:00,Unknown,191.25,2024,10,6
81940,53946,21301,1,63.99,2025-06-04 00:08:02+00:00,"Apt. 829 14333 Stacy Field, New Johniebury, WV 50677-5178",63.99,2025,6,4
75617,53961,21324,1,48.75,2024-04-12 04:18:00+00:00,Unknown,48.75,2024,4,12
76658,54208,21014,1,70.0,2024-12-04 22:32:00+00:00,Unknown,70.0,2024,12,4
77767,53651,21121,1,21.5,2024-10-12 14:34:29+00:00,"Apt. 396 2199 Kuhn Turnpike, Linnville, AL 42155",21.5,2024,10,12
76098,55203,21466,2,15.75,2024-05-20 10:50:23+00:00,"84902 Ken Shores, Marciview, DE 82817-2184",31.5,2024,5,20
80564,53683,21401,2,21.99,2025-01-10 22:00:57.395000+00:00,"7081 Abbott Drives, Batzport, MO 94645",43.98,2025,1,10
82394,54214,21066,1,36.25,2025-05-03 02:11:19+00:00,Unknown,36.25,2025,5,3
81171,54230,21075,2,46.5,2025-03-20 12:23:00+00:00,"Apt. 603 628 Sanford Port, Nickolasville, RI 22105",93.0,2025,3,20
74479,53111,21171,2,77.4,2025-04-20 22:39:05+00:00,"Apt. 705 430 Grimes Orchard, Rogahnside, OR 27305",154.8,2025,4,20
81912,55538,21018,2,43.99,2025-06-23 11:41:00+00:00,Unknown,87.98,2025,6,23
76228,53382,21617,2,20.5,2024-10-20 21:00:46+00:00,"Apt. 296 374 Volkman Loop, Lake Sammy, HI 34306-6223",41.0,2024,10,20
76651,55490,21390,1,63.59,2025-04-11 13:39:46.171000+00:00,Unknown,63.59,2025,4,11
77984,54172,20986,1,63.0,2024-12-06 17:25:17+00:00,Unknown,63.0,2024,12,6
79442,55109,21564,1,39.0,2024-09-26 13:28:25+00:00,Unknown,39.0,2024,9,26
75736,55026,21497,1,68.75,2025-01-15 21:13:13+00:00,Unknown,68.75,2025,1,15
73627,54325,20977,1,20.5,2024-11-21 09:35:00+00:00,"6338 Ward Mission, Hagenesstad, MA 95189-6627",20.5,2024,11,21
78454,55768,21174,1,21.59,2024-09-26 11:25:00+00:00,Unknown,21.59,2024,9,26
77990,53631,21441,1,16.5,2024-11-05 03:05:00+00:00,Unknown,16.5,2024,11,5
79028,53837,21474,2,64.2,2025-01-28 14:45:00+00:00,Unknown,128.4,2025,1,28
80493,54944,21144,1,74.25,2025-06-25 08:50:59+00:00,"Suite 465 2496 Vickey Skyway, Wilkinsonville, WA 89737-9821",74.25,2025,6,25
75399,54884,20999,1,35.4,2024-09-29 15:25:25+00:00,"754 Karri Locks, West Brendanside, WI 64511",35.4,2024,9,29
82155,55547,21237,1,24.6,2024-10-24 22:30:00+00:00,"Suite 452 539 Zboncak Port, Markchester, NC 94459",24.6,2024,10,24
74410,54435,21197,4,80.4,2024-08-07 05:55:34+00:00,Unknown,321.6,2024,8,7
78297,54629,21356,2,21.6,2024-10-18 05:34:00+00:00,Unknown,43.2,2024,10,18
82431,54961,21089,2,47.25,2024-09-04 14:39:00+00:00,Unknown,94.5,2024,9,4
82635,54132,21465,3,75.0,2024-11-17 10:16:00+00:00,Unknown,225.0,2024,11,17
76545,55659,21541,1,57.25,2024-07-29 08:27:28+00:00,"Apt. 168 462 Julian Union, Weimannport, CA 83820-7015",57.25,2024,7,29
80649,53056,21454,1,44.4,2024-02-21 11:07:26.618000+00:00,"3136 Eddie Ferry, Willieside, MO 18838-5195",44.4,2024,2,21
77878,55257,21372,1,31.5,2025-06-20 02:34:36+00:00,Unknown,31.5,2025,6,20
78933,55722,21355,1,57.6,2024-11-17 13:22:05+00:00,Unknown,57.6,2024,11,17
80558,53676,21375,1,37.19,2025-06-09 12:42:04+00:00,Unknown,37.19,2025,6,9
73787,55091,21315,1,76.2,2024-08-19 15:18:00+00:00,"Suite 962 19897 Emmerich Cove, Roseliahaven, MI 95564-3602",76.2,2024,8,19
79768,53070,21017,2,76.79,2024-11-09 00:12:04+00:00,"Suite 415 29096 Carolin Crest, Gleichnerville, TX 91623",153.58,2024,11,9
75493,55825,21008,2,18.5,2024-12-04 05:56:58+00:00,Unknown,37.0,2024,12,4
80188,53913,20992,1,62.4,2024-10-19 21:33:37+00:00,"659 Dayle Cape, Keikoberg, RI 60833",62.4,2024,10,19
77146,55004,21634,1,31.19,2024-09-23 11:53:00+00:00,"731 Denyse Meadow, South Ralph, TN 81387",31.19,2024,9,23
79030,53453,20950,2,31.25,2024-07-08 03:57:14+00:00,Unknown,62.5,2024,7,8
78469,53238,21258,1,24.5,2024-12-22 14:49:15+00:00,Unknown,24.5,2024,12,22
78324,54744,21575,1,46.99,2024-09-15 23:04:00+00:00,Unknown,46.99,2024,9,15
82191,53375,21040,1,61.0,2025-03-27 14:01:03+00:00,"102 Thomasine Park, Collinsborough, VA 50428-6622",61.0,2025,3,27
82223,53312,20988,1,73.8,2025-04-20 01:18:44+00:00,Unknown,73.8,2025,4,20
77589,55689,21032,1,14.7,2024-06-16 00:32:47+00:00,"Apt. 980 1880 Wisoky Pass, Port Heidi, MA 14552",14.7,2024,6,16
82190,55220,20947,1,28.0,2025-02-14 23:09:02+00:00,Unknown,28.0,2025,2,14
74048,53714,21315,1,63.75,2024-11-09 05:40:56+00:00,Unknown,63.75,2024,11,9
81904,54571,21103,2,63.25,2024-06-19 10:15:00+00:00,"Apt. 987 40614 Owen Flats, Aleenview, DE 66704",126.5,2024,6,19
77224,53770,21382,1,72.5,2025-03-16 23:21:00+00:00,"14109 Swift Heights, Shanahanport, SD 48688-6423",72.5,2025,3,16
74434,53773,21090,1,46.0,2025-06-23 23:57:37+00:00,Unknown,46.0,2025,6,23
80095,53313,21592,1,34.8,2024-09-29 16:20:27+00:00,Unknown,34.8,2024,9,29
74798,55536,21131,3,60.0,2024-10-17 23:24:37.783000+00:00,Unknown,180.0,2024,10,17
82045,53133,21055,1,50.5,2025-01-07 05:49:00+00:00,Unknown,50.5,2025,1,7
74830,53892,21128,4,66.5,2024-11-26 13:48:53+00:00,"96435 Kermit Inlet, Danaborough, OH 67113",266.0,2024,11,26
81272,53773,21104,1,19.0,2024-12-22 23:26:27.645000+00:00,Unknown,19.0,2024,12,22
78011,53757,20985,2,41.99,2024-12-27 04:18:00+00:00,Unknown,83.98,2024,12,27
82456,54557,21454,2,41.0,2024-07-05 17:05:09+00:00,Unknown,82.0,2024,7,5
73554,53455,21049,4,72.25,2025-06-30 04:23:07+00:00,"Suite 284 8379 Vandervort Brooks, New Lacytown, UT 69849-4673",289.0,2025,6,30
75519,54976,21238,4,67.5,2025-07-11 00:46:25+00:00,Unknown,270.0,2025,7,11
75935,54898,21011,1,35.75,2024-09-05 01:36:37+00:00,"Apt. 995 3605 O'Keefe Lakes, Maryfort, MN 42655-6051",35.75,2024,9,5
81939,55161,21057,1,32.5,2025-05-20 07:52:14+00:00,Unknown,32.5,2025,5,20
82233,54826,21178,1,60.0,2024-06-25 01:36:00+00:00,"Suite 817 6245 Keeling Oval, North Cristina, NE 41402-8263",60.0,2024,6,25
80406,54897,21109,1,56.25,2025-03-28 21:11:00+00:00,"Suite 905 34554 Keeling Locks, South Teshamouth, NY 27860-4310",56.25,2025,3,28
79446,53628,21155,2,83.99,2024-05-16 22:30:29+00:00,"9228 Bruen Corner, Beerhaven, WV 18752",167.98,2024,5,16
82083,53769,21038,1,60.6,2025-01-19 08:39:00+00:00,Unknown,60.6,2025,1,19
82855,55059,21037,5,53.0,2025-09-13 06:23:35+00:00,Unknown,265.0,2025,9,13
74740,53038,21509,1,18.0,2024-09-14 18:40:00+00:00,Unknown,18.0,2024,9,14
75147,53639,20980,3,34.0,2024-11-22 14:57:37+00:00,Unknown,102.0,2024,11,22
75533,54158,20925,1,49.8,2025-03-27 14:03:11+00:00,Unknown,49.8,2025,3,27
74909,55722,21579,3,54.99,2025-04-03 13:37:59+00:00,"Suite 797 551 Antonio Well, New Cyrilburgh, FL 89299-1339",164.97,2025,4,3
77861,54885,21569,3,76.2,2024-02-20 15:34:00+00:00,"32122 Harber Flats, North Lilliam, ND 91677",228.6,2024,2,20
81140,53325,21261,1,92.1,2024-04-10 09:41:41+00:00,Unknown,92.1,2024,4,10
79841,54157,21043,2,19.5,2025-01-25 14:40:00+00:00,Unknown,39.0,2025,1,25
78414,53955,21301,1,60.99,2024-09-17 02:57:25+00:00,"Suite 974 460 Audie Isle, Manualview, WA 58019-1141",60.99,2024,9,17
81744,53490,21066,2,34.5,2024-11-23 01:17:23+00:00,Unknown,69.0,2024,11,23
77663,54323,21565,4,75.59,2025-02-18 21:14:16+00:00,Unknown,302.36,2025,2,18
82582,54135,21082,3,24.0,2024-10-21 06:18:00+00:00,Unknown,72.0,2024,10,21
74160,55441,21133,1,71.5,2025-01-19 15:03:00+00:00,"185 Alden Lock, Lake Broderickhaven, MD 75939",71.5,2025,1,19
82815,54811,20973,1,31.0,2024-10-12 23:24:08+00:00,Unknown,31.0,2024,10,12
74870,53385,21533,2,50.5,2024-11-20 20:25:16.454000+00:00,Unknown,101.0,2024,11,20
79261,55067,21531,1,63.6,2024-12-10 17:29:05+00:00,Unknown,63.6,2024,12,10
73630,53938,21447,2,66.0,2025-06-30 06:42:52+00:00,"Apt. 961 33773 Bryce Hollow, New Marvinland, MI 03065-5995",132.0,2025,6,30
74588,55710,21182,1,64.99,2025-01-21 16:48:10+00:00,"Suite 584 4479 Metz Isle, South Katy, MA 16033-6435",64.99,2025,1,21
76249,55518,21132,1,27.6,2024-10-06 14:16:33+00:00,Unknown,27.6,2024,10,6
74931,55039,21320,1,41.4,2024-07-02 13:40:45+00:00,Unknown,41.4,2024,7,2
76348,53927,21606,2,24.0,2024-07-21 01:43:00+00:00,"Suite 862 4374 McClure Camp, Hammesport, NH 20006",48.0,2024,7,21
79589,54980,21577,1,25.99,2024-12-28 22:55:23+00:00,"3712 VonRueden Circles, Lake Frederickborough, OR 56142",25.99,2024,12,28
73381,54639,21401,1,26.4,2025-05-08 17:21:21+00:00,Unknown,26.4,2025,5,8
81349,55497,21095,1,51.0,2024-08-19 11:33:49+00:00,Unknown,51.0,2024,8,19
77959,55056,21437,1,62.5,2025-04-28 19:27:59+00:00,Unknown,62.5,2025,4,28
81722,55287,21293,4,58.99,2024-09-24 18:11:19+00:00,Unknown,235.96,2024,9,24
76812,55555,21271,1,25.5,2025-01-10 18:30:26+00:00,Unknown,25.5,2025,1,10
81812,54163,21295,1,16.5,2025-09-03 01:39:13+00:00,Unknown,16.5,2025,9,3
77269,54122,21417,1,17.0,2024-11-29 17:28:00+00:00,Unknown,17.0,2024,11,29
83037,54182,21491,1,64.25,2024-12-19 06:29:00+00:00,Unknown,64.25,2024,12,19
76142,55174,21081,3,69.99,2024-11-13 23:59:00+00:00,"Apt. 350 238 Lowe Forks, Vibury, IA 01830-1412",209.97,2024,11,13
78136,53921,20989,1,69.75,2025-05-22 22:03:23+00:00,Unknown,69.75,2025,5,22
81236,53209,21345,1,54.99,2025-01-02 12:13:40+00:00,Unknown,54.99,2025,1,2
74074,55500,21479,1,73.19,2025-01-08 07:01:00+00:00,Unknown,73.19,2025,1,8
75645,54370,21553,2,23.99,2025-02-28 14:47:43+00:00,"84198 Kihn Ports, Lake Ellan, NJ 96467",47.98,2025,2,28
81957,54723,20974,2,78.0,2024-11-02 00:48:12+00:00,Unknown,156.0,2024,11,2
78174,53661,21619,1,17.5,2024-12-16 06:45:00+00:00,Unknown,17.5,2024,12,16
74159,55465,21345,1,56.25,2024-11-26 21:17:20+00:00,Unknown,56.25,2024,11,26
75564,54875,21571,1,19.2,2024-09-25 22:39:55+00:00,Unknown,19.2,2024,9,25
81384,55378,21495,1,26.7,2025-02-10 02:49:16+00:00,Unknown,26.7,2025,2,10
81414,54036,21383,3,38.75,2024-10-05 21:33:19+00:00,Unknown,116.25,2024,10,5
76554,53885,21122,1,78.0,2025-03-23 22:31:48.418000+00:00,Unknown,78.0,2025,3,23
79763,54273,21207,1,19.0,2025-06-05 04:51:00+00:00,Unknown,19.0,2025,6,5
79041,55752,21454,1,41.75,2025-05-19 11:56:11.046000+00:00,Unknown,41.75,2025,5,19
74669,53521,21282,1,57.75,2024-09-13 07:46:08+00:00,Unknown,57.75,2024,9,13
81282,55559,21275,2,79.8,2024-09-24 13:07:00+00:00,Unknown,159.6,2024,9,24
81372,55117,21457,3,76.25,2024-10-05 00:55:24+00:00,Unknown,228.75,2024,10,5
80225,54364,21239,2,32.5,2024-12-28 03:08:54+00:00,Unknown,65.0,2024,12,28
78852,54714,21560,1,51.75,2025-03-23 22:28:14+00:00,Unknown,51.75,2025,3,23
80063,53439,20925,2,53.4,2025-01-16 17:45:00+00:00,Unknown,106.8,2025,1,16
81176,55258,20936,1,57.0,2025-07-07 08:27:37+00:00,Unknown,57.0,2025,7,7
82529,54517,21128,1,63.75,2024-09-04 21:21:02.464000+00:00,"Suite 472 5021 Bradtke Walk, Carmelafort, AZ 92225-5542",63.75,2024,9,4
76719,54159,21614,1,72.0,2024-04-18 01:04:00+00:00,Unknown,72.0,2024,4,18
76297,53952,21506,1,41.7,2025-01-16 20:44:00+00:00,Unknown,41.7,2025,1,16
80078,54672,21549,1,52.25,2024-09-06 04:24:55+00:00,Unknown,52.25,2024,9,6
80693,54679,21111,2,29.0,2024-11-26 19:16:00+00:00,Unknown,58.0,2024,11,26
78223,55086,21170,1,70.0,2024-08-13 22:28:53+00:00,"Suite 331 9616 Shields Row, Lake Isidroland, OH 68006-9255",70.0,2024,8,13
80308,54908,21423,2,88.2,2024-09-12 11:45:13+00:00,"397 Labadie Garden, North Jeromeland, OH 52176-9410",176.4,2024,9,12
81337,54265,20987,1,69.99,2024-06-02 07:02:59.815000+00:00,Unknown,69.99,2024,6,2
74569,55122,21213,3,22.2,2024-10-02 09:14:00+00:00,Unknown,66.6,2024,10,2
82989,55556,21156,1,72.75,2024-08-04 20:12:07+00:00,Unknown,72.75,2024,8,4
73755,55724,21155,2,68.25,2024-05-29 01:51:45+00:00,Unknown,136.5,2024,5,29
78895,54554,21281,1,68.75,2025-02-11 06:22:32+00:00,Unknown,68.75,2025,2,11
78548,53533,21164,2,17.5,2025-02-02 17:28:00+00:00,Unknown,35.0,2025,2,2
77161,53721,21396,1,30.75,2024-07-12 04:28:38+00:00,Unknown,30.75,2024,7,12
81853,54342,21373,1,26.4,2024-09-04 15:23:50+00:00,"Apt. 185 969 Grady Junctions, West Tinafort, KS 67931",26.4,2024,9,4
81053,54211,21555,1,74.7,2025-05-10 15:22:00+00:00,Unknown,74.7,2025,5,10
75652,53504,21578,1,48.0,2025-03-09 09:47:57+00:00,Unknown,48.0,2025,3,9
79499,54947,21418,1,75.6,2025-01-31 21:00:00+00:00,"Suite 156 644 Kulas Camp, Mayertmouth, IA 85265-5860",75.6,2025,1,31
80040,55288,21328,2,43.2,2025-05-12 14:19:32+00:00,Unknown,86.4,2025,5,12
73379,54357,21267,1,47.75,2025-06-08 09:36:13+00:00,Unknown,47.75,2025,6,8
76187,54925,21203,2,36.5,2024-06-22 08:42:36.523000+00:00,Unknown,73.0,2024,6,22
82601,53338,21124,1,40.79,2024-10-06 02:20:28+00:00,Unknown,40.79,2024,10,6
80402,53143,21189,1,30.75,2024-08-16 10:04:00+00:00,Unknown,30.75,2024,8,16
80375,55311,21320,1,34.25,2024-07-25 10:06:57+00:00,Unknown,34.25,2024,7,25
80603,53082,21596,1,51.75,2024-07-23 22:04:10+00:00,"Apt. 112 29910 Carlton Glen, Marlanafort, AK 77739-6191",51.75,2024,7,23
81338,54411,21157,1,40.8,2024-05-04 08:55:42+00:00,"4441 Kiyoko Ridge, Farrellton, OH 63367-7587",40.8,2024,5,4
76851,55631,21228,1,24.75,2025-02-15 04:58:57+00:00,"9577 Teddy Path, Debiberg, CA 52420-8701",24.75,2025,2,15
74330,55426,21352,1,36.75,2024-11-24 18:37:39+00:00,"54728 Vincent Meadows, New Stewartberg, ID 42374",36.75,2024,11,24
77457,53696,21248,1,41.0,2024-09-01 19:18:00+00:00,Unknown,41.0,2024,9,1
76568,53921,21152,1,31.8,2025-02-15 02:32:04+00:00,"Suite 183 163 Abshire Road, West Lea, MA 87392-2565",31.8,2025,2,15
76222,53416,21197,1,85.5,2024-08-25 06:30:07+00:00,Unknown,85.5,2024,8,25
82997,53053,20942,5,37.25,2024-06-22 13:06:00+00:00,Unknown,186.25,2024,6,22
76314,53158,21550,1,51.6,2024-06-30 11:45:00+00:00,Unknown,51.6,2024,6,30
76700,54808,21287,1,63.0,2024-11-28 10:28:37+00:00,Unknown,63.0,2024,11,28
79195,53605,20979,4,71.0,2025-04-10 20:13:00+00:00,"Suite 371 2677 Feest Stream, Nicholeburgh, LA 45993-1012",284.0,2025,4,10
77493,55265,20935,1,30.75,2024-10-18 23:00:04.023000+00:00,"Apt. 995 22377 O'Kon Mill, Monahanfort, UT 34379",30.75,2024,10,18
79767,54315,21627,1,28.8,2025-02-18 05:44:00+00:00,Unknown,28.8,2025,2,18
80749,55000,21369,1,72.0,2025-05-07 19:07:06+00:00,Unknown,72.0,2025,5,7
77639,54550,21374,2,24.0,2024-10-11 17:26:18+00:00,"492 Greg Station, Lueilwitzport, TX 80197",48.0,2024,10,11
73713,55535,21201,1,65.99,2024-09-04 12:29:04.232000+00:00,"146 Maximo Loop, Lake Rudolfberg, SC 27046",65.99,2024,9,4
80497,53253,21406,1,68.1,2024-09-22 04:17:17+00:00,Unknown,68.1,2024,9,22
79661,54417,21456,1,54.99,2025-06-22 19:15:00+00:00,Unknown,54.99,2025,6,22
76747,54971,21316,3,28.2,2024-05-08 09:15:00+00:00,"8216 Savanna Manor, Wisozkfort, NE 60556",84.6,2024,5,8
74371,54748,20954,3,91.8,2024-08-18 03:09:02+00:00,Unknown,275.4,2024,8,18
80587,54996,20995,1,60.3,2024-11-02 19:05:26+00:00,Unknown,60.3,2024,11,2
80542,54651,21427,1,60.5,2024-11-27 09:07:06+00:00,Unknown,60.5,2024,11,27
80913,55019,21623,1,48.99,2025-04-15 02:46:00+00:00,Unknown,48.99,2025,4,15
79329,55184,21217,1,32.25,2025-01-17 01:20:00+00:00,Unknown,32.25,2025,1,17
79369,55027,21125,2,15.9,2024-07-02 00:23:53+00:00,"826 Ricardo Trafficway, Faheyton, VT 92617",31.8,2024,7,2
79654,53796,21268,1,53.0,2025-01-30 01:02:30+00:00,Unknown,53.0,2025,1,30
77977,55735,21339,2,73.5,2024-12-01 16:03:55+00:00,"Suite 682 198 Ingeborg Locks, New Rolandoton, CO 10215",147.0,2024,12,1
80238,54790,21000,2,39.0,2025-02-06 19:40:00+00:00,"Suite 131 37245 Normand Forges, North Toshiko, ID 09706-5843",78.0,2025,2,6
82126,55415,21574,1,25.0,2025-02-18 17:57:24+00:00,Unknown,25.0,2025,2,18
82064,53852,21107,1,66.0,2024-08-07 00:32:42+00:00,Unknown,66.0,2024,8,7
77828,53035,21540,3,75.0,2024-10-09 15:05:00+00:00,Unknown,225.0,2024,10,9
73842,55780,21038,1,50.0,2025-01-18 01:27:00+00:00,"5302 Truman Falls, Lake Tami, MS 80018-0328",50.0,2025,1,18
78466,53517,21439,2,41.5,2025-02-22 21:25:00+00:00,Unknown,83.0,2025,2,22
76362,54418,21183,4,50.5,2025-03-13 06:08:35+00:00,"956 Dierdre Forge, Hellerbury, OR 25462-1684",202.0,2025,3,13
82165,54619,21536,1,68.0,2025-04-04 11:46:28+00:00,"Suite 553 92414 Hosea Hills, Rueckerton, AZ 74533",68.0,2025,4,4
82571,55673,21341,1,50.5,2025-05-13 06:11:11+00:00,Unknown,50.5,2025,5,13
77456,53936,21312,1,73.19,2025-08-12 20:24:05.500000+00:00,Unknown,73.19,2025,8,12
82957,53803,20944,2,38.4,2025-03-15 12:59:00+00:00,Unknown,76.8,2025,3,15
73720,54890,21314,1,14.5,2024-08-11 17:09:00+00:00,Unknown,14.5,2024,8,11
79588,53064,21369,1,58.0,2024-12-31 20:09:00+00:00,Unknown,58.0,2024,12,31
78383,53907,21208,1,14.25,2025-01-23 01:13:26+00:00,Unknown,14.25,2025,1,23
81451,54966,21297,1,70.0,2024-12-06 03:05:00+00:00,Unknown,70.0,2024,12,6
73560,55515,20996,2,52.79,2024-10-25 18:25:00+00:00,Unknown,105.58,2024,10,25
73866,53593,20976,2,64.2,2024-10-28 01:02:14+00:00,Unknown,128.4,2024,10,28
77991,53527,20949,4,46.25,2025-02-06 11:31:00+00:00,Unknown,185.0,2025,2,6
79554,55059,20942,1,40.75,2024-10-29 21:12:00+00:00,Unknown,40.75,2024,10,29
77000,53096,21192,1,74.99,2024-08-28 03:04:55+00:00,Unknown,74.99,2024,8,28
78237,55708,20978,1,58.0,2025-02-16 04:35:52+00:00,Unknown,58.0,2025,2,16
73783,53513,20941,1,32.39,2025-03-22 18:39:00+00:00,Unknown,32.39,2025,3,22
78809,54287,21446,1,31.0,2025-02-19 14:40:39+00:00,Unknown,31.0,2025,2,19
80797,55303,21131,2,49.99,2025-02-10 19:38:13+00:00,Unknown,99.98,2025,2,10
77378,55060,21236,1,70.75,2024-05-03 16:52:28+00:00,"Apt. 225 99294 Greenholt Harbor, Port Chesterton, NY 67945-2635",70.75,2024,5,3
82506,55622,21361,5,49.5,2024-12-06 02:14:11+00:00,Unknown,247.5,2024,12,6
74659,55497,21041,2,68.99,2025-06-20 11:31:00+00:00,"30443 Dianna Burgs, Hyattmouth, IA 74762",137.98,2025,6,20
81162,55286,21349,1,61.0,2024-08-07 09:12:40+00:00,"Apt. 332 42961 January Ridge, Jerdebury, TN 07823",61.0,2024,8,7
78526,54741,21230,1,28.25,2025-02-08 12:48:00+00:00,"7862 Welch Spring, Port Beverleechester, NH 63834",28.25,2025,2,8
80462,53642,20932,1,20.5,2024-02-29 18:59:07+00:00,Unknown,20.5,2024,2,29
81187,53392,21636,3,52.99,2024-10-07 22:47:34+00:00,"815 Hoyt Gateway, Marksstad, AZ 59921",158.97,2024,10,7
75037,54958,21468,1,66.0,2025-03-24 19:27:53+00:00,"681 Mitchell Road, Port Laronda, AK 62957",66.0,2025,3,24
80175,53449,21134,1,56.5,2024-07-12 05:22:25.744000+00:00,"Suite 220 303 Macejkovic Curve, West Marcelinemouth, DE 56814-3380",56.5,2024,7,12
76956,53416,21428,1,33.0,2024-07-02 23:34:53+00:00,Unknown,33.0,2024,7,2
73747,53208,21095,1,46.25,2024-09-14 10:35:08.871000+00:00,"582 Philip Lane, Floydton, NM 35075",46.25,2024,9,14
76838,53995,20978,1,72.6,2024-11-23 03:31:11+00:00,"860 Hester Highway, East Karlenetown, NM 49780",72.6,2024,11,23
76872,54364,21462,1,27.5,2024-04-07 04:42:27+00:00,"99471 Joshua Village, Russelmouth, RI 48431-5569",27.5,2024,4,7
77235,55022,21559,2,74.75,2024-07-29 17:39:00+00:00,Unknown,149.5,2024,7,29
81802,54266,21405,1,45.0,2025-06-09 10:19:54+00:00,"5543 Dane Flats, Port Eddie, CT 42308-9323",45.0,2025,6,9
79523,55773,21120,1,42.0,2025-03-14 14:13:02+00:00,Unknown,42.0,2025,3,14
73829,54146,21377,1,52.25,2025-04-01 23:59:46+00:00,Unknown,52.25,2025,4,1
80468,55145,21245,1,49.25,2024-05-29 06:17:00+00:00,"40995 Clifton Station, Port Elroy, UT 40381",49.25,2024,5,29
73725,54728,21526,5,23.75,2024-12-19 14:05:29.905000+00:00,Unknown,118.75,2024,12,19
77573,55404,21310,1,14.0,2024-12-02 19:13:17+00:00,"Apt. 462 379 Bins Roads, Paucekmouth, CT 03007-1766",14.0,2024,12,2
74268,53089,21400,1,56.39,2025-04-11 18:06:11+00:00,Unknown,56.39,2025,4,11
78294,53376,21016,1,71.5,2024-12-16 05:27:33+00:00,Unknown,71.5,2024,12,16
80123,53732,21287,1,80.39,2024-07-12 12:38:46+00:00,Unknown,80.39,2024,7,12
73788,54470,21060,2,36.75,2024-04-27 23:49:06+00:00,Unknown,73.5,2024,4,27
77281,53541,21298,3,25.5,2024-10-21 21:03:55.990000+00:00,"454 Winfred Forks, South Michealhaven, AK 68860",76.5,2024,10,21
79752,55293,21385,2,22.5,2024-11-13 18:41:45+00:00,Unknown,45.0,2024,11,13
75084,54773,21130,1,47.1,2024-12-25 03:08:19+00:00,Unknown,47.1,2024,12,25
80753,55747,21022,1,72.9,2024-10-17 05:43:37+00:00,"Suite 139 67854 Ledner Divide, Abshirehaven, WV 26014",72.9,2024,10,17
80859,54959,21105,2,58.8,2024-07-09 11:32:00+00:00,Unknown,117.6,2024,7,9
76306,54539,21231,1,69.25,2024-05-28 23:13:51+00:00,Unknown,69.25,2024,5,28
76219,54593,21341,1,61.2,2025-05-19 14:12:26+00:00,Unknown,61.2,2025,5,19
76909,55296,21200,1,40.0,2025-05-31 03:28:44+00:00,Unknown,40.0,2025,5,31
76398,54418,21200,5,48.3,2024-12-25 04:24:06+00:00,"956 Dierdre Forge, Hellerbury, OR 25462-1684",241.5,2024,12,25
81575,55700,21487,1,70.0,2025-03-19 16:47:00+00:00,Unknown,70.0,2025,3,19
75856,53691,21059,3,49.0,2024-12-25 02:52:19+00:00,Unknown,147.0,2024,12,25
82466,53682,21580,1,64.0,2025-05-06 05:39:29+00:00,Unknown,64.0,2025,5,6
77517,54186,21402,1,68.25,2024-11-04 16:34:11.760000+00:00,"749 Heller Road, South Leannview, WY 75676-0901",68.25,2024,11,4
78384,53811,21468,2,70.0,2025-03-22 01:04:00+00:00,Unknown,140.0,2025,3,22
79407,53754,21036,1,60.75,2025-01-30 21:05:21+00:00,Unknown,60.75,2025,1,30
81578,55397,21006,1,23.4,2024-08-20 01:59:28+00:00,Unknown,23.4,2024,8,20
74837,54744,21174,1,17.0,2024-11-03 22:43:41.289000+00:00,Unknown,17.0,2024,11,3
79702,54872,21464,3,27.5,2024-10-22 23:23:29+00:00,Unknown,82.5,2024,10,22
82981,55640,21600,3,43.75,2024-11-01 00:46:00+00:00,Unknown,131.25,2024,11,1
82109,53089,21179,1,58.0,2024-07-05 13:46:06+00:00,"Suite 184 80805 Crist Terrace, Port Gabrielport, TN 19297",58.0,2024,7,5
79209,54217,21231,1,81.6,2024-08-24 04:23:00+00:00,"5874 Marvin Plaza, East Joe, PA 74528",81.6,2024,8,24
79004,55241,21603,1,86.1,2024-08-30 21:03:00+00:00,Unknown,86.1,2024,8,30
81542,53025,20920,1,18.5,2024-06-06 04:18:18+00:00,"Apt. 426 846 Howe Underpass, South Michealstad, WY 61130-9111",18.5,2024,6,6
77307,53733,21365,1,65.7,2024-12-04 16:34:00+00:00,"Suite 196 609 Borer Dam, East Darrickburgh, SD 44500-8126",65.7,2024,12,4
80254,55001,21356,1,16.75,2024-08-11 22:27:45+00:00,Unknown,16.75,2024,8,11
73511,55510,21190,1,41.99,2024-03-06 16:01:01+00:00,Unknown,41.99,2024,3,6
77011,54666,21633,2,73.75,2024-09-06 06:28:08+00:00,"21749 Stephanie Divide, Rueckerport, MI 13787-4868",147.5,2024,9,6
81163,54640,20934,1,23.1,2025-04-06 14:15:56.822000+00:00,"5768 Jerde Point, Jeffieshire, UT 95557-3969",23.1,2025,4,6
78451,54769,21201,1,64.5,2024-11-14 15:33:28+00:00,Unknown,64.5,2024,11,14
81604,55650,21075,1,54.0,2024-09-14 20:09:59+00:00,Unknown,54.0,2024,9,14
73944,53605,21611,1,62.75,2025-01-22 21:06:12+00:00,"Suite 371 2677 Feest Stream, Nicholeburgh, LA 45993-1012",62.75,2025,1,22
76070,53126,21402,5,65.25,2024-11-03 12:56:00+00:00,Unknown,326.25,2024,11,3
81273,55003,21485,1,24.6,2025-07-28 20:57:57+00:00,Unknown,24.6,2025,7,28
77268,55809,20949,1,56.1,2024-11-16 17:31:00+00:00,Unknown,56.1,2024,11,16
75318,54305,21205,1,28.0,2025-03-27 17:23:39+00:00,Unknown,28.0,2025,3,27
73895,53786,21401,3,21.6,2024-06-09 13:40:00+00:00,Unknown,64.8,2024,6,9
79849,53826,21177,2,27.0,2024-02-25 17:22:00+00:00,"41794 Satterfield Flats, Lake Kelsieberg, SC 23907",54.0,2024,2,25
76119,55630,21114,3,62.25,2025-01-28 18:13:00+00:00,"Suite 472 73028 Aracely Heights, Lake Kasiside, OK 61835-9354",186.75,2025,1,28
75384,55390,21513,1,43.0,2024-10-06 16:01:36+00:00,"Apt. 172 450 Schinner Harbors, East Jeffreybury, LA 22106",43.0,2024,10,6
78974,55201,21168,2,23.99,2025-05-23 19:19:18.852000+00:00,"982 Elia Parkways, South Vincenzo, KY 41815",47.98,2025,5,23
78616,54833,20946,1,22.0,2024-05-29 09:20:05+00:00,Unknown,22.0,2024,5,29
82771,55338,21384,1,58.2,2024-11-03 07:51:00+00:00,Unknown,58.2,2024,11,3
75226,54618,21049,1,73.99,2024-02-01 10:11:00+00:00,Unknown,73.99,2024,2,1
75214,54536,21624,1,62.0,2024-11-19 19:10:10+00:00,Unknown,62.0,2024,11,19
76621,55551,21057,1,36.5,2024-06-16 16:05:38+00:00,"Apt. 462 3115 Harris Cape, New Blairfort, OH 81761-2522",36.5,2024,6,16
79984,53602,21171,1,66.0,2024-09-19 10:03:00+00:00,Unknown,66.0,2024,9,19
80515,55215,21120,2,37.0,2025-05-15 15:25:34+00:00,"Apt. 747 32604 Auer Way, Pacochamouth, AZ 69781-7033",74.0,2025,5,15
77290,54326,21523,2,49.75,2025-02-13 19:12:45.582000+00:00,Unknown,99.5,2025,2,13
78802,55551,21227,3,82.2,2025-03-22 17:33:36+00:00,Unknown,246.6,2025,3,22
81596,53073,21371,1,22.0,2024-12-02 15:54:51+00:00,Unknown,22.0,2024,12,2
81799,55424,21288,1,23.5,2024-04-28 05:45:55+00:00,Unknown,23.5,2024,4,28
78390,55613,21416,5,15.5,2024-04-24 10:18:16+00:00,Unknown,77.5,2024,4,24
78918,53919,21041,1,72.25,2024-10-02 16:11:50+00:00,Unknown,72.25,2024,10,2
80653,53673,21640,3,56.0,2025-07-15 23:09:50+00:00,Unknown,168.0,2025,7,15
74797,55593,21397,1,67.99,2024-11-05 16:07:00+00:00,"36937 King Place, Gutmannshire, UT 87778",67.99,2024,11,5
73947,55496,21561,1,31.2,2025-05-05 01:02:11+00:00,Unknown,31.2,2025,5,5
80967,53762,21066,1,31.0,2025-02-23 21:14:31+00:00,Unknown,31.0,2025,2,23
77084,54574,21401,1,19.25,2025-04-01 03:09:05+00:00,"2865 Major Lodge, Edgarborough, AK 18909",19.25,2025,4,1
80575,55183,20935,2,34.75,2024-07-15 05:04:00+00:00,Unknown,69.5,2024,7,15
82074,55386,21488,1,24.5,2025-03-02 07:03:38+00:00,Unknown,24.5,2025,3,2
73533,53988,21327,1,87.9,2024-08-18 11:20:22+00:00,Unknown,87.9,2024,8,18
74174,53516,21597,1,35.0,2025-08-13 06:39:30+00:00,Unknown,35.0,2025,8,13
75615,53309,21378,4,43.99,2025-01-20 07:24:00+00:00,"95656 Isaiah Grove, New Lawandafort, CT 10683-0718",175.96,2025,1,20
81883,55398,20924,1,66.0,2024-05-17 14:37:08+00:00,"624 Waters Vista, Port Juliann, MI 47286",66.0,2024,5,17
74599,55427,21449,2,66.5,2024-09-18 01:40:12+00:00,Unknown,133.0,2024,9,18
75197,53285,20918,1,18.5,2025-03-20 23:17:17+00:00,Unknown,18.5,2025,3,20
78618,55752,20925,1,45.99,2024-08-04 10:18:00+00:00,Unknown,45.99,2024,8,4
73797,53913,21437,1,63.25,2025-01-10 15:42:00+00:00,Unknown,63.25,2025,1,10
79418,54820,21184,2,72.0,2024-10-16 06:33:17+00:00,"Suite 925 408 Hoeger Plains, New Jacklyn, MO 71356",144.0,2024,10,16
77287,54862,21190,1,37.0,2024-06-05 15:22:00+00:00,"7892 Fermin Parks, West Vincenzoberg, AZ 13889",37.0,2024,6,5
77945,55095,21338,1,61.2,2024-12-22 22:06:17+00:00,Unknown,61.2,2024,12,22
80305,55132,21482,1,44.5,2024-10-31 22:34:25+00:00,"554 Kurt Avenue, Armstrongshire, MA 20633",44.5,2024,10,31
81387,54455,21469,1,68.0,2024-12-18 16:06:06+00:00,Unknown,68.0,2024,12,18
74698,54543,21515,1,87.0,2024-09-16 05:38:35+00:00,Unknown,87.0,2024,9,16
74081,55188,21058,1,50.0,2025-05-23 11:47:04+00:00,Unknown,50.0,2025,5,23
77658,53443,21139,1,51.5,2024-06-18 23:14:41+00:00,Unknown,51.5,2024,6,18
80684,53385,21538,1,72.25,2024-04-20 14:24:54+00:00,Unknown,72.25,2024,4,20
80983,55537,20982,1,41.99,2024-12-11 22:08:00+00:00,"4714 Gerard Neck, Richiefort, NM 12835",41.99,2024,12,11
78049,54165,21039,1,35.0,2024-08-27 23:19:56+00:00,Unknown,35.0,2024,8,27
76383,54907,21553,1,20.0,2025-04-08 11:40:07+00:00,"767 Reichel Wall, Faheyburgh, CT 84061-1245",20.0,2025,4,8
75538,54008,21447,1,67.25,2025-01-31 18:20:01.003000+00:00,"Apt. 414 54462 Hallie Divide, North Adena, NV 12774-1085",67.25,2025,1,31
74824,55352,21376,1,59.0,2025-01-02 13:06:00+00:00,Unknown,59.0,2025,1,2
76683,53483,21494,1,30.6,2024-12-10 03:41:03+00:00,Unknown,30.6,2024,12,10
79257,55551,21371,1,23.25,2024-11-02 22:49:00+00:00,"Apt. 462 3115 Harris Cape, New Blairfort, OH 81761-2522",23.25,2024,11,2
80105,53031,20963,1,57.25,2024-08-28 21:24:22+00:00,Unknown,57.25,2024,8,28
82132,55188,21572,2,30.0,2024-11-22 16:36:43+00:00,"441 Kim Avenue, Balistreriview, NE 80409-0558",60.0,2024,11,22
75601,54588,21395,1,39.25,2024-07-06 02:10:37+00:00,Unknown,39.25,2024,7,6
76508,54722,21116,1,36.75,2024-08-30 02:06:06+00:00,Unknown,36.75,2024,8,30
78846,53048,20929,1,47.0,2024-12-10 20:35:00.559000+00:00,Unknown,47.0,2024,12,10
76239,53126,21425,1,44.5,2024-08-17 02:39:35+00:00,Unknown,44.5,2024,8,17
79886,55339,21616,1,67.5,2025-02-12 03:53:03+00:00,"Apt. 630 39604 Cronin Hill, Johnathonhaven, SD 97209-2909",67.5,2025,2,12
74664,54836,20949,1,47.5,2024-07-27 02:28:00+00:00,Unknown,47.5,2024,7,27
77575,54422,21473,1,59.75,2025-01-12 20:08:03+00:00,Unknown,59.75,2025,1,12
79817,53350,20948,1,75.0,2024-03-11 00:47:18+00:00,"Suite 291 5379 Rory Orchard, Port Sebastian, KS 40530-1828",75.0,2024,3,11
78516,53925,21649,1,18.5,2024-09-26 23:03:17+00:00,Unknown,18.5,2024,9,26
76857,54766,20934,1,22.5,2024-12-30 21:51:47+00:00,Unknown,22.5,2024,12,30
79141,53114,21131,1,49.99,2025-01-06 02:10:08+00:00,Unknown,49.99,2025,1,6
77151,54681,21043,1,19.99,2024-12-17 00:54:37+00:00,"82665 Lubowitz Rapid, New Art, MI 03319-7707",19.99,2024,12,17
76767,54961,21437,3,74.4,2025-01-12 04:41:00+00:00,Unknown,223.2,2025,1,12
74975,53277,21331,1,60.5,2024-09-30 04:43:27+00:00,"3334 Tom Bridge, Moenchester, ID 49650-2509",60.5,2024,9,30
76291,54290,21472,2,63.0,2025-02-01 07:14:00+00:00,"Suite 776 521 Carlo Trail, Port Nilsaberg, MD 56635-2707",126.0,2025,2,1
80719,55312,21131,1,49.25,2024-09-26 20:42:00+00:00,Unknown,49.25,2024,9,26
75872,54050,20958,4,42.0,2024-08-25 07:54:59+00:00,"5586 Sana Burgs, Port Janellaberg, OH 91114",168.0,2024,8,25
79644,54802,21388,1,49.25,2024-09-07 06:02:00+00:00,"61056 Wisozk Roads, Lake Andresland, VA 80835-0660",49.25,2024,9,7
81202,55751,20929,1,49.0,2025-02-11 22:58:00+00:00,"354 McGlynn Branch, West Martinburgh, OH 32514",49.0,2025,2,11
81059,53255,21592,1,26.0,2024-07-31 21:48:51+00:00,Unknown,26.0,2024,7,31
77162,54811,20970,1,43.0,2025-06-24 03:39:41+00:00,"Apt. 865 24041 Rogahn Junctions, Heeborough, OH 80608-0693",43.0,2025,6,24
82169,55119,21283,1,42.5,2025-04-30 21:46:05+00:00,"20255 Koepp Heights, North Wm, HI 25466",42.5,2025,4,30
77400,54174,21625,2,36.0,2024-11-24 04:58:00+00:00,Unknown,72.0,2024,11,24
79095,55174,20984,3,33.75,2025-04-25 08:53:00+00:00,Unknown,101.25,2025,4,25
78987,53993,21306,1,40.79,2024-11-22 03:31:00+00:00,Unknown,40.79,2024,11,22
77944,55413,21633,1,85.19,2024-07-05 15:37:33+00:00,Unknown,85.19,2024,7,5
75223,54365,21023,2,16.0,2024-12-11 19:36:11+00:00,Unknown,32.0,2024,12,11
82805,54456,21001,1,43.5,2025-02-17 22:06:09+00:00,Unknown,43.5,2025,2,17
75137,53242,21011,1,33.5,2024-07-15 22:48:00+00:00,Unknown,33.5,2024,7,15
76713,53204,20986,1,66.0,2025-04-12 23:39:00+00:00,Unknown,66.0,2025,4,12
74777,55489,21100,1,26.99,2024-10-15 16:36:00+00:00,"677 Rosalinda Garden, East Johnathon, LA 88378",26.99,2024,10,15
74179,53169,21354,1,19.25,2024-08-12 10:04:15+00:00,Unknown,19.25,2024,8,12
73861,54369,21368,1,27.0,2024-07-19 13:34:12+00:00,Unknown,27.0,2024,7,19
78878,55757,21048,1,63.99,2024-05-05 03:35:11+00:00,Unknown,63.99,2024,5,5
76109,55500,21649,1,22.0,2024-12-05 22:15:00+00:00,"Suite 650 95563 Ankunding Valleys, East Maria, MS 46197",22.0,2024,12,5
77646,53613,21643,1,32.0,2025-05-04 12:42:28+00:00,"Apt. 926 8408 Erminia Forge, West Parisbury, TX 86922-4869",32.0,2025,5,4
73912,55042,21414,1,40.79,2025-06-12 06:25:00+00:00,Unknown,40.79,2025,6,12
83077,54678,21293,2,56.25,2024-09-14 22:52:31+00:00,Unknown,112.5,2024,9,14
83162,54064,21408,3,19.5,2025-02-15 02:46:22.591000+00:00,Unknown,58.5,2025,2,15
80698,53073,21617,5,22.5,2024-12-21 09:30:27+00:00,"6448 West Locks, Port Dick, WA 15968",112.5,2024,12,21
74258,53502,21049,1,85.8,2024-08-15 15:23:00+00:00,Unknown,85.8,2024,8,15
80230,53519,21254,1,47.4,2024-12-11 10:38:42+00:00,Unknown,47.4,2024,12,11
75298,53123,21311,1,19.0,2025-01-26 01:33:00+00:00,Unknown,19.0,2025,1,26
74486,54237,21575,1,46.25,2025-05-15 13:54:00+00:00,Unknown,46.25,2025,5,15
79894,53730,21428,2,24.5,2024-12-12 14:54:00+00:00,Unknown,49.0,2024,12,12
78209,54056,20970,1,40.0,2025-05-20 00:51:53+00:00,Unknown,40.0,2025,5,20
82495,55589,21310,3,14.99,2024-07-07 14:38:24+00:00,Unknown,44.97,2024,7,7
79012,55563,21152,1,24.0,2024-10-08 15:58:25+00:00,Unknown,24.0,2024,10,8
79927,53873,20973,1,31.8,2025-03-07 10:23:00+00:00,Unknown,31.8,2025,3,7
82666,53180,21166,1,46.75,2025-04-03 17:42:09+00:00,"990 Ruecker Fork, West Marlinhaven, OH 10392",46.75,2025,4,3
81987,53301,21477,1,44.75,2025-01-05 15:12:17.849000+00:00,"2283 Kertzmann Crescent, Lake Janine, NE 58386",44.75,2025,1,5
80207,53509,20964,1,74.0,2024-12-25 16:59:54+00:00,Unknown,74.0,2024,12,25
78610,55560,20936,1,59.25,2024-05-24 23:43:58+00:00,Unknown,59.25,2024,5,24
80077,53084,20988,1,72.3,2024-07-28 15:13:04+00:00,Unknown,72.3,2024,7,28
82380,53979,21408,1,23.0,2024-08-04 01:25:00+00:00,Unknown,23.0,2024,8,4
81860,55256,21421,2,61.8,2025-08-16 13:00:53+00:00,"Apt. 673 458 Batz Row, Hesselview, AZ 31539",123.6,2025,8,16
78493,54394,21380,3,42.0,2025-07-06 09:13:14+00:00,Unknown,126.0,2025,7,6
82313,53778,21423,1,83.4,2024-10-05 03:09:44+00:00,Unknown,83.4,2024,10,5
77562,53971,21171,1,61.99,2024-10-29 06:13:34+00:00,Unknown,61.99,2024,10,29
82735,54438,21125,1,14.0,2024-11-16 08:44:17+00:00,Unknown,14.0,2024,11,16
76414,54059,21483,1,66.75,2025-02-08 01:11:31+00:00,Unknown,66.75,2025,2,8
77757,53343,21438,2,65.75,2025-04-16 14:12:55+00:00,Unknown,131.5,2025,4,16
74401,55244,21096,1,73.0,2025-01-05 09:35:15+00:00,"Apt. 376 4498 Teddy Lodge, Julianland, OK 86883",73.0,2025,1,5
78262,53354,21135,5,85.8,2024-09-05 00:08:28+00:00,Unknown,429.0,2024,9,5
81375,55367,21657,4,14.0,2025-05-25 05:14:00+00:00,Unknown,56.0,2025,5,25
76022,53546,21474,3,52.99,2024-09-08 03:24:00+00:00,"8598 Cronin Junction, New Ferdinandport, NE 92491",158.97,2024,9,8
82097,54297,21263,1,72.6,2024-08-29 02:13:28+00:00,Unknown,72.6,2024,8,29
76950,53740,21182,1,66.75,2024-09-12 19:16:36+00:00,Unknown,66.75,2024,9,12
76374,53756,21071,4,56.25,2025-01-25 19:33:57+00:00,Unknown,225.0,2025,1,25
76991,55477,21490,1,44.0,2025-05-11 04:48:00+00:00,Unknown,44.0,2025,5,11
81199,54661,21004,1,17.0,2024-12-15 01:59:00+00:00,"Apt. 864 2553 Collins Burgs, New Reed, MN 57037-9017",17.0,2024,12,15
79272,54956,21256,1,60.99,2024-09-28 16:37:58+00:00,Unknown,60.99,2024,9,28
76193,54607,21581,1,23.25,2025-01-11 08:03:00+00:00,Unknown,23.25,2025,1,11
73973,53514,21034,1,40.0,2025-10-17 05:48:44+00:00,Unknown,40.0,2025,10,17
78727,54453,21410,4,24.5,2025-05-01 10:10:05+00:00,"Suite 295 5519 Koch Mountain, Binsville, MT 05088",98.0,2025,5,1
79848,55074,21518,2,63.59,2025-02-26 03:42:11+00:00,"62431 Lynch Haven, West Claudetteville, OH 99996",127.18,2025,2,26
75831,54051,21203,3,37.5,2024-08-07 06:17:00+00:00,"Suite 242 7656 Schoen Fork, Corkerymouth, CA 75388-0245",112.5,2024,8,7
82860,54062,21150,1,61.0,2025-01-31 17:16:18+00:00,"8476 O'Hara Estates, Schimmeltown, IL 19372-1917",61.0,2025,1,31
77471,55817,21153,1,50.4,2024-12-21 14:46:20+00:00,"274 Johnie Burgs, Alecville, MS 81250",50.4,2024,12,21
78718,55789,21548,1,68.0,2025-07-07 09:56:31+00:00,Unknown,68.0,2025,7,7
82471,54530,21446,2,37.2,2025-03-07 00:38:00+00:00,Unknown,74.4,2025,3,7
82540,53707,21371,2,21.99,2025-03-01 14:49:49+00:00,Unknown,43.98,2025,3,1
75861,53892,21381,1,33.0,2024-08-05 13:17:38+00:00,Unknown,33.0,2024,8,5
74244,53745,21613,1,24.75,2024-10-10 08:39:00+00:00,Unknown,24.75,2024,10,10
74028,55043,21292,4,42.0,2025-05-15 22:13:00+00:00,Unknown,168.0,2025,5,15
81067,53100,21307,1,67.0,2024-09-02 20:43:00+00:00,Unknown,67.0,2024,9,2
75212,55706,21413,3,72.6,2025-05-03 03:46:00+00:00,Unknown,217.8,2025,5,3
73833,55417,21622,1,35.0,2024-10-04 15:11:00+00:00,"Suite 864 28387 MacGyver Overpass, Tinaport, HI 71142",35.0,2024,10,4
82893,54037,21073,1,37.0,2025-01-23 08:03:44+00:00,"6430 Ruecker Trafficway, Margoriestad, IN 46461",37.0,2025,1,23
73858,53039,21252,5,57.6,2024-12-16 04:56:56+00:00,Unknown,288.0,2024,12,16
75954,55197,20994,1,19.5,2025-01-12 15:42:09+00:00,Unknown,19.5,2025,1,12
78349,54727,20921,1,16.5,2025-03-28 12:52:09+00:00,Unknown,16.5,2025,3,28
74526,55375,21467,2,45.0,2024-08-28 06:26:00+00:00,Unknown,90.0,2024,8,28
75762,53374,21033,1,75.6,2025-01-22 15:40:00+00:00,Unknown,75.6,2025,1,22
75994,55002,21379,4,76.2,2025-01-10 03:04:09+00:00,Unknown,304.8,2025,1,10
79890,55234,21645,1,50.0,2025-01-24 10:49:00+00:00,Unknown,50.0,2025,1,24
73490,54463,21302,2,19.5,2024-10-10 23:44:19+00:00,Unknown,39.0,2024,10,10
80554,53050,21188,1,63.0,2025-04-27 06:54:09+00:00,Unknown,63.0,2025,4,27
77616,55610,21004,5,17.0,2025-03-04 13:22:29+00:00,Unknown,85.0,2025,3,4
75690,54904,21181,2,46.5,2025-08-27 12:39:12+00:00,Unknown,93.0,2025,8,27
77740,54276,21074,2,71.0,2024-12-14 13:02:16+00:00,"Apt. 107 70866 Warner Trail, Earlside, FL 54601-7676",142.0,2024,12,14
82498,53439,21058,1,59.7,2024-03-24 09:19:08+00:00,Unknown,59.7,2024,3,24
79305,55478,21160,1,18.75,2024-12-18 03:32:07.595000+00:00,Unknown,18.75,2024,12,18
82894,53584,20948,1,89.7,2025-03-24 14:01:01+00:00,"Suite 672 826 Thad Underpass, East Luzville, ND 78357",89.7,2025,3,24
78733,55594,21023,1,16.79,2024-10-01 06:02:07+00:00,"Suite 951 65365 Littel Circles, Champlinside, UT 20627",16.79,2024,10,1
80848,54686,21027,1,40.2,2024-09-29 02:44:02+00:00,Unknown,40.2,2024,9,29
74551,53120,21499,1,74.0,2024-07-16 22:43:22+00:00,Unknown,74.0,2024,7,16
74897,54419,21427,1,70.2,2024-04-22 12:00:52+00:00,Unknown,70.2,2024,4,22
81769,55258,21285,1,80.1,2025-06-21 03:03:00+00:00,Unknown,80.1,2025,6,21
74031,55255,20987,3,66.5,2024-12-18 05:21:58+00:00,Unknown,199.5,2024,12,18
82792,53206,21186,3,39.75,2024-12-15 19:41:05+00:00,Unknown,119.25,2024,12,15
83050,53163,21430,1,39.9,2024-07-10 12:05:12.016000+00:00,Unknown,39.9,2024,7,10
73461,55414,20920,2,15.99,2024-02-24 15:54:14+00:00,Unknown,31.98,2024,2,24
81418,54577,20943,1,68.0,2024-06-15 03:16:00+00:00,"997 Sarina Meadow, Mckinleyshire, MA 03963",68.0,2024,6,15
75478,53745,21097,1,15.0,2025-01-21 03:44:51+00:00,Unknown,15.0,2025,1,21
78330,55522,21270,1,72.75,2024-12-22 09:17:23.536000+00:00,Unknown,72.75,2024,12,22
73743,53633,21518,1,51.5,2024-12-31 21:57:00+00:00,Unknown,51.5,2024,12,31
81798,54946,21366,5,69.3,2025-03-17 22:50:30+00:00,Unknown,346.5,2025,3,17
82915,54303,21580,4,66.0,2024-06-20 04:56:02+00:00,Unknown,264.0,2024,6,20
74936,54413,21154,1,71.0,2024-09-06 07:36:49+00:00,Unknown,71.0,2024,9,6
79203,53710,21349,1,59.99,2025-01-20 19:18:00+00:00,Unknown,59.99,2025,1,20
82199,53287,21333,5,29.5,2024-10-28 20:26:06+00:00,"1896 Jacobson Mills, Hoegerstad, LA 47206",147.5,2024,10,28
81545,53727,21576,1,60.0,2024-12-16 04:34:00+00:00,Unknown,60.0,2024,12,16
81742,54434,21436,1,37.5,2025-02-08 18:31:50+00:00,Unknown,37.5,2025,2,8
77164,53072,21576,5,58.2,2024-12-15 16:27:26+00:00,Unknown,291.0,2024,12,15
81102,54699,21580,1,65.25,2024-10-25 04:07:20+00:00,Unknown,65.25,2024,10,25
78397,55342,21654,1,17.99,2024-12-13 17:49:30+00:00,Unknown,17.99,2024,12,13
79269,53062,21641,1,83.1,2024-12-07 11:33:59+00:00,Unknown,83.1,2024,12,7
74706,53434,21375,1,30.0,2024-08-04 12:59:22+00:00,Unknown,30.0,2024,8,4
74867,55804,20990,1,26.4,2025-08-20 08:56:00+00:00,Unknown,26.4,2025,8,20
81255,54238,21065,1,27.59,2024-10-02 07:15:08+00:00,"Suite 329 86018 Devin Lodge, Bobbibury, OH 84731",27.59,2024,10,2
74958,53105,20990,1,24.3,2025-01-09 21:11:17+00:00,Unknown,24.3,2025,1,9
77297,54883,21026,1,26.4,2024-06-29 20:05:00+00:00,"37717 Manuela Highway, Katherinbury, ME 99764-7179",26.4,2024,6,29
80337,54821,21000,1,32.99,2024-12-15 12:31:12+00:00,Unknown,32.99,2024,12,15
82369,53641,21365,1,55.5,2024-06-29 02:45:43+00:00,Unknown,55.5,2024,6,29
77044,53061,20962,1,63.0,2024-10-20 21:26:23+00:00,Unknown,63.0,2024,10,20
79820,55718,20977,2,25.2,2025-05-02 10:52:00+00:00,Unknown,50.4,2025,5,2
79864,53042,21042,2,25.8,2025-08-05 21:55:17+00:00,"Apt. 536 2136 Brianna Station, Kundeview, OR 85464-1644",51.6,2025,8,5
76616,53852,21168,2,30.0,2024-12-04 21:51:35+00:00,Unknown,60.0,2024,12,4
83132,55590,21632,1,25.8,2024-09-07 18:12:07+00:00,Unknown,25.8,2024,9,7
79489,55028,21657,1,13.25,2024-12-05 02:10:28+00:00,Unknown,13.25,2024,12,5
79332,55493,21228,2,29.7,2025-06-25 09:43:00+00:00,Unknown,59.4,2025,6,25
77676,55101,20968,1,64.25,2025-03-07 12:46:04+00:00,Unknown,64.25,2025,3,7
81975,54483,21104,4,18.5,2025-06-18 02:25:34.285000+00:00,Unknown,74.0,2025,6,18
79875,55552,21189,1,29.0,2024-12-31 03:36:06+00:00,Unknown,29.0,2024,12,31
73645,54193,20920,5,17.5,2024-06-26 13:58:18+00:00,Unknown,87.5,2024,6,26
78596,53949,21070,2,30.0,2024-06-25 07:27:54+00:00,"38669 Bartell Forest, Bethelmouth, HI 80857-2401",60.0,2024,6,25
83119,54009,21163,1,55.2,2024-08-25 15:02:44+00:00,Unknown,55.2,2024,8,25
80683,53162,21561,1,26.25,2024-12-01 16:16:57+00:00,Unknown,26.25,2024,12,1
80723,55032,21312,1,63.5,2025-02-16 17:14:31+00:00,"91243 Lonny Dale, New Kendrick, FL 05503",63.5,2025,2,16
76684,54369,21559,1,71.0,2025-01-22 15:13:00+00:00,Unknown,71.0,2025,1,22
81770,55013,21160,1,21.0,2024-10-02 16:34:11.697000+00:00,"Apt. 209 62123 Brakus Street, Noelbury, MT 91711",21.0,2024,10,2
75053,53418,21600,3,46.0,2024-09-12 08:47:28.141000+00:00,Unknown,138.0,2024,9,12
75265,55055,21114,1,58.0,2024-04-11 18:54:00+00:00,Unknown,58.0,2024,4,11
77747,55637,21613,1,26.99,2024-09-26 19:13:37.880000+00:00,"Apt. 265 51851 Kunde Creek, Lake Glory, KY 21560",26.99,2024,9,26
83165,54953,21563,2,69.59,2024-11-21 12:46:21.066000+00:00,Unknown,139.18,2024,11,21
74944,54600,21272,1,81.0,2025-06-30 09:47:31+00:00,Unknown,81.0,2025,6,30
78937,55729,21269,2,32.0,2024-12-04 05:52:38+00:00,Unknown,64.0,2024,12,4
78058,55396,21404,2,33.5,2024-10-11 04:22:03+00:00,Unknown,67.0,2024,10,11
80688,53518,21631,1,17.75,2025-01-10 20:09:00+00:00,"396 Schuppe Orchard, Lindashire, OK 11696-5853",17.75,2025,1,10
76871,55224,21103,1,66.5,2024-12-17 23:36:03+00:00,Unknown,66.5,2024,12,17
73374,54687,21002,2,51.6,2024-11-17 21:48:00+00:00,"Apt. 486 79061 Estell Way, West Marty, IA 39339-8437",103.2,2024,11,17
79419,53723,21312,1,60.25,2024-10-23 17:19:00+00:00,Unknown,60.25,2024,10,23
75076,53597,20951,2,58.75,2025-01-03 02:59:01+00:00,"Suite 668 306 Wiley Island, North Bethelport, NH 64922",117.5,2025,1,3
74302,53128,21095,1,48.0,2025-01-31 19:16:45+00:00,Unknown,48.0,2025,1,31
77329,53787,21590,2,32.0,2025-02-13 05:57:00+00:00,"4929 Albertina Springs, New Loyce, WV 12925-9060",64.0,2025,2,13
82302,53594,21308,1,71.99,2024-03-20 07:45:25+00:00,Unknown,71.99,2024,3,20
75829,55061,21210,1,24.0,2024-05-13 02:36:09+00:00,"8312 Farrah Harbor, North Charlsie, IN 31580-3593",24.0,2024,5,13
79856,55533,21368,1,22.75,2025-03-01 10:00:03+00:00,Unknown,22.75,2025,3,1
75361,54012,20998,3,44.99,2025-08-27 13:30:21+00:00,"278 Rogelio Courts, Kristopherborough, MN 98599",134.97,2025,8,27
82879,54008,21197,2,72.0,2025-03-18 17:23:28+00:00,Unknown,144.0,2025,3,18
81292,54432,21548,2,66.0,2024-10-06 09:46:58+00:00,Unknown,132.0,2024,10,6
79481,53439,21382,4,70.25,2024-11-25 21:22:16+00:00,"7474 Hahn Port, Leuschkeview, MO 42133-0499",281.0,2024,11,25
78549,55053,20981,1,19.0,2024-05-27 00:37:45+00:00,Unknown,19.0,2024,5,27
76324,54314,21154,2,67.25,2024-06-20 01:59:07+00:00,Unknown,134.5,2024,6,20
82641,54901,21644,1,60.0,2024-11-05 20:51:32.542000+00:00,"Suite 185 514 Allan Meadows, Arlenville, OH 49447",60.0,2024,11,5
75308,55585,20928,1,26.4,2024-03-12 11:23:04+00:00,"Apt. 652 2785 Lenita Creek, Elinside, OH 24236",26.4,2024,3,12
75463,55703,21022,1,60.99,2025-03-11 02:37:36+00:00,Unknown,60.99,2025,3,11
76842,55686,21147,1,30.25,2024-12-27 22:16:53+00:00,Unknown,30.25,2024,12,27
78652,54043,21481,1,23.0,2024-07-29 02:04:37+00:00,Unknown,23.0,2024,7,29
77929,54908,21524,2,75.6,2024-05-18 00:23:00+00:00,Unknown,151.2,2024,5,18
74072,54050,21371,5,19.75,2025-05-22 01:56:25+00:00,Unknown,98.75,2025,5,22
79826,55306,21360,1,45.25,2024-09-05 04:51:11+00:00,"Suite 694 2520 Pearlene Meadows, Cristobalview, LA 14759",45.25,2024,9,5
76865,55731,21365,2,51.0,2025-03-09 00:07:18+00:00,"Suite 773 89772 Simon Hollow, Destinymouth, OK 97387",102.0,2025,3,9
74986,54681,21531,2,58.99,2025-01-24 23:15:00+00:00,Unknown,117.98,2025,1,24
76743,53541,21145,1,16.5,2024-06-03 23:16:30+00:00,Unknown,16.5,2024,6,3
77067,53207,21079,5,58.25,2024-10-03 03:12:52+00:00,Unknown,291.25,2024,10,3
80133,55258,21193,1,17.0,2025-04-17 06:15:51+00:00,"Apt. 852 309 Hessel Street, New Sherrilside, WA 25318",17.0,2025,4,17
77887,53475,21149,2,16.0,2025-01-31 14:53:00+00:00,Unknown,32.0,2025,1,31
79791,53391,21245,2,59.4,2024-10-05 21:37:28+00:00,Unknown,118.8,2024,10,5
79137,55696,21205,1,34.8,2024-11-05 07:47:24+00:00,Unknown,34.8,2024,11,5
73814,53898,21277,1,61.5,2025-04-14 19:33:04.838000+00:00,Unknown,61.5,2025,4,14
78940,55573,21410,1,28.75,2025-02-12 03:45:00+00:00,Unknown,28.75,2025,2,12
77727,53082,21121,1,23.7,2024-07-28 09:41:06+00:00,Unknown,23.7,2024,7,28
79135,54836,21629,1,53.5,2024-11-18 11:06:47+00:00,"708 Weber Run, Kareemside, GA 81557-1940",53.5,2024,11,18
80093,55518,21220,1,21.0,2025-02-04 12:09:29+00:00,Unknown,21.0,2025,2,4
76879,54461,21261,1,76.25,2025-03-13 23:00:00+00:00,Unknown,76.25,2025,3,13
81818,53131,21170,1,89.99,2025-01-04 01:19:00+00:00,Unknown,89.99,2025,1,4
81710,53375,21171,1,61.5,2025-07-06 15:40:39+00:00,Unknown,61.5,2025,7,6
78197,54374,20918,1,19.8,2025-03-10 19:40:00+00:00,"Apt. 376 4498 Teddy Lodge, Julianland, OK 86883",19.8,2025,3,10
81699,55066,20987,1,66.0,2025-05-07 07:46:12+00:00,"Suite 400 49273 Kathie Valley, Krisside, LA 02417-4051",66.0,2025,5,7
76333,54230,21656,2,91.19,2024-12-27 17:18:00+00:00,Unknown,182.38,2024,12,27
75001,54435,21648,1,39.0,2024-12-05 01:49:00+00:00,Unknown,39.0,2024,12,5
79218,55646,21174,1,13.25,2025-02-21 22:27:00+00:00,Unknown,13.25,2025,2,21
73356,54609,21420,2,78.0,2025-03-14 10:27:05+00:00,Unknown,156.0,2025,3,14
78108,54460,21552,1,35.0,2024-10-29 12:41:00+00:00,Unknown,35.0,2024,10,29
73529,55217,21562,1,38.25,2024-09-25 09:01:09+00:00,"Apt. 983 4140 Nienow Terrace, Daronfurt, UT 60950",38.25,2024,9,25
74336,55718,21570,1,49.5,2025-01-16 06:25:01+00:00,Unknown,49.5,2025,1,16
78285,54962,21371,2,22.0,2025-01-12 22:34:27+00:00,Unknown,44.0,2025,1,12
75746,54875,21334,1,40.0,2024-08-20 19:46:24+00:00,Unknown,40.0,2024,8,20
74303,54931,21474,1,50.0,2025-05-17 15:15:43+00:00,Unknown,50.0,2025,5,17
80300,53713,21574,2,21.0,2024-08-28 22:47:16.315000+00:00,Unknown,42.0,2024,8,28
73793,54679,21610,1,43.0,2025-06-01 12:01:00+00:00,"Suite 697 71315 Koelpin Terrace, Funkside, WA 74216-1609",43.0,2025,6,1
77275,54259,21334,2,42.0,2024-10-16 06:26:00+00:00,Unknown,84.0,2024,10,16
76581,54726,21442,1,68.5,2025-06-30 15:38:03+00:00,Unknown,68.5,2025,6,30
78038,55232,20958,1,31.0,2024-10-30 03:10:22+00:00,Unknown,31.0,2024,10,30
79360,55548,20939,1,67.0,2024-09-27 19:48:09+00:00,"Apt. 924 811 Adolph Park, West Queenbury, NE 36602-4678",67.0,2024,9,27
82578,53675,21248,1,44.5,2024-12-09 23:15:57+00:00,Unknown,44.5,2024,12,9
77567,53317,21160,1,25.8,2025-01-31 10:23:00+00:00,Unknown,25.8,2025,1,31
74930,53024,21303,1,23.0,2024-09-09 18:45:00+00:00,"Apt. 829 3684 Keturah Corner, Stevechester, AL 08654-8693",23.0,2024,9,9
75509,53766,21429,2,50.1,2024-12-09 05:33:43+00:00,"Suite 916 225 Schimmel Meadow, Port Cedrick, NY 58073-2949",100.2,2024,12,9
81863,55410,21609,1,21.0,2024-12-23 00:56:42+00:00,Unknown,21.0,2024,12,23
76037,53800,21360,2,60.3,2024-05-29 07:52:27+00:00,"24122 Denesik Brooks, Kuvalisfort, VT 20339-9632",120.6,2024,5,29
80997,54999,21330,1,43.25,2024-10-20 07:05:00+00:00,Unknown,43.25,2024,10,20
78805,55152,21083,1,23.7,2025-04-05 07:44:45+00:00,Unknown,23.7,2025,4,5
74838,54322,20930,2,41.1,2025-01-05 18:07:17+00:00,Unknown,82.2,2025,1,5
77692,55060,21655,2,32.4,2025-02-24 18:26:00+00:00,Unknown,64.8,2025,2,24
74854,53795,21466,1,18.0,2025-02-19 11:33:50.305000+00:00,Unknown,18.0,2025,2,19
74848,54084,21145,1,19.8,2024-03-10 23:58:00+00:00,"9574 Jones Plaza, West Lelah, AL 84126-7147",19.8,2024,3,10
76516,55083,21120,1,40.25,2024-05-21 08:31:15+00:00,Unknown,40.25,2024,5,21
78797,55639,21556,1,20.75,2025-02-25 01:05:20+00:00,Unknown,20.75,2025,2,25
74342,54444,21579,1,57.0,2024-10-25 10:46:00+00:00,Unknown,57.0,2024,10,25
79341,53489,21149,1,14.0,2025-01-06 11:03:13+00:00,Unknown,14.0,2025,1,6
75289,53331,21437,1,64.5,2025-01-11 20:32:01+00:00,Unknown,64.5,2025,1,11
81124,55349,21024,1,35.5,2025-01-29 02:43:07+00:00,Unknown,35.5,2025,1,29
77803,53073,21293,1,67.8,2025-05-11 04:10:59.464000+00:00,"6448 West Locks, Port Dick, WA 15968",67.8,2025,5,11
79345,54927,21058,1,63.6,2025-01-01 00:47:00+00:00,Unknown,63.6,2025,1,1
76911,53281,21098,1,63.0,2024-11-07 23:53:16+00:00,Unknown,63.0,2024,11,7
79186,53977,21121,1,26.4,2024-11-14 15:00:01+00:00,"Suite 210 3007 Tomas Streets, Jarvisshire, ND 95059-6725",26.4,2024,11,14
74768,55199,21012,2,71.4,2025-02-08 13:37:12.747000+00:00,Unknown,142.8,2025,2,8
75757,55416,21500,1,72.75,2024-11-20 19:11:00+00:00,"Apt. 607 4407 Numbers Islands, Benitomouth, UT 55810",72.75,2024,11,20
76165,54687,21042,1,20.0,2025-01-02 22:33:00+00:00,Unknown,20.0,2025,1,2
78096,55216,21231,1,71.0,2024-10-28 13:52:00+00:00,Unknown,71.0,2024,10,28
82088,55779,21469,1,68.5,2025-04-13 18:35:25+00:00,Unknown,68.5,2025,4,13
77283,54102,21227,1,70.0,2024-09-29 20:19:00+00:00,"Suite 260 136 Fadel Oval, Gleichnerburgh, MN 50803-0235",70.0,2024,9,29
80403,53138,21239,3,42.0,2025-01-09 03:23:00+00:00,Unknown,126.0,2025,1,9
76939,55191,21115,3,71.25,2025-04-04 21:28:27+00:00,"891 Gilberto Wall, East Cortneyport, MS 23554-1903",213.75,2025,4,4
77995,53379,21261,1,87.0,2025-02-23 17:53:02+00:00,Unknown,87.0,2025,2,23
74971,54784,21268,1,53.0,2025-07-15 11:57:06+00:00,"Suite 647 42919 Elbert Keys, South Moises, HI 84014",53.0,2025,7,15
74499,55573,21316,1,22.25,2024-04-24 03:26:59+00:00,Unknown,22.25,2024,4,24
79264,53649,21625,1,26.99,2025-07-12 08:20:00+00:00,Unknown,26.99,2025,7,12
74709,55613,21227,1,69.0,2025-06-23 21:53:30.855000+00:00,"Apt. 713 14344 Marcus Radial, North Markus, IL 72955",69.0,2025,6,23
76186,53127,21039,1,40.8,2025-03-10 00:54:24+00:00,"916 Grant Forks, Lake Rodrigofurt, CT 98856-5818",40.8,2025,3,10
80825,54796,21497,2,69.0,2025-01-23 13:27:58+00:00,"12163 Harley Crest, North Devoraport, HI 03490-2468",138.0,2025,1,23
75628,55520,21212,1,37.75,2025-05-28 19:48:38+00:00,Unknown,37.75,2025,5,28
78195,55402,21432,3,87.3,2025-04-26 23:09:54+00:00,Unknown,261.9,2025,4,26
75725,55054,21545,4,60.25,2025-02-19 04:44:51+00:00,Unknown,241.0,2025,2,19
74997,54523,21653,1,48.6,2024-11-07 12:27:00+00:00,Unknown,48.6,2024,11,7
78603,55746,21268,1,49.25,2025-01-14 02:06:00+00:00,Unknown,49.25,2025,1,14
76023,53519,21135,2,71.0,2024-06-05 07:41:07+00:00,Unknown,142.0,2024,6,5
82811,53142,21307,1,83.4,2025-05-28 16:50:00+00:00,"25445 Austin Estates, South Basil, DE 20328",83.4,2025,5,28
80884,54385,21183,1,48.0,2025-06-13 21:38:12.338000+00:00,Unknown,48.0,2025,6,13
80697,53382,21534,1,27.9,2024-10-16 00:19:31.805000+00:00,Unknown,27.9,2024,10,16
76587,55439,21257,1,53.4,2025-02-17 18:42:28+00:00,"13910 Jenkins Mall, Hungbury, IA 97334-1348",53.4,2025,2,17
74727,55105,21561,1,32.4,2024-06-19 04:48:00+00:00,Unknown,32.4,2024,6,19
78884,55793,21642,1,65.1,2024-06-12 23:52:57+00:00,Unknown,65.1,2024,6,12
83031,54587,21060,1,45.0,2025-01-17 12:31:00+00:00,Unknown,45.0,2025,1,17
80487,53812,21008,1,24.6,2024-05-04 07:02:30+00:00,Unknown,24.6,2024,5,4
82518,53995,21561,2,26.5,2025-07-05 19:23:40+00:00,Unknown,53.0,2025,7,5
74415,53406,21280,1,15.0,2025-02-01 09:11:22+00:00,Unknown,15.0,2025,2,1
73796,53910,21010,1,48.5,2025-07-24 20:43:16+00:00,Unknown,48.5,2025,7,24
80735,55392,21203,1,42.3,2024-12-11 23:31:38+00:00,Unknown,42.3,2024,12,11
75974,55261,21316,3,21.75,2024-09-19 03:35:00+00:00,Unknown,65.25,2024,9,19
79208,54811,21422,1,23.1,2024-11-17 07:22:21+00:00,"Apt. 865 24041 Rogahn Junctions, Heeborough, OH 80608-0693",23.1,2024,11,17
79850,55462,21461,1,45.0,2024-08-22 09:05:02+00:00,"2293 Lena Alley, East Roy, IL 48529-8354",45.0,2024,8,22
78489,53808,21091,3,29.5,2024-09-05 08:24:06+00:00,"Suite 164 7611 Lino Islands, Port Eddiebury, WA 88472",88.5,2024,9,5
79883,55762,21334,1,41.99,2024-10-19 22:30:04+00:00,Unknown,41.99,2024,10,19
82669,54245,21093,2,70.99,2024-11-30 09:22:50+00:00,Unknown,141.98,2024,11,30
78440,53508,21127,1,53.75,2025-05-05 23:38:32.046000+00:00,Unknown,53.75,2025,5,5
79726,55746,20932,1,19.0,2024-11-30 10:57:17+00:00,Unknown,19.0,2024,11,30
77662,53283,20943,1,88.2,2024-09-09 22:35:00+00:00,Unknown,88.2,2024,9,9
73396,53146,21226,4,56.99,2024-12-26 10:47:02+00:00,Unknown,227.96,2024,12,26
80297,55485,20948,1,87.6,2024-07-07 20:39:40+00:00,Unknown,87.6,2024,7,7
75165,55462,21196,1,38.0,2024-06-16 22:49:43+00:00,"2293 Lena Alley, East Roy, IL 48529-8354",38.0,2024,6,16
77439,53220,21312,1,59.75,2025-05-01 00:44:02+00:00,Unknown,59.75,2025,5,1
77152,53940,21632,1,18.5,2025-05-24 05:08:20+00:00,Unknown,18.5,2025,5,24
75269,53242,20937,1,33.6,2024-07-24 17:40:44+00:00,Unknown,33.6,2024,7,24
76591,54744,21510,1,13.0,2025-01-21 00:36:16+00:00,Unknown,13.0,2025,1,21
78755,53949,21652,2,52.5,2024-09-20 22:58:51+00:00,Unknown,105.0,2024,9,20
76653,54271,20952,2,39.5,2025-01-20 08:12:44+00:00,Unknown,79.0,2025,1,20
77004,53394,20977,1,24.0,2024-12-13 23:32:00+00:00,Unknown,24.0,2024,12,13
75638,54924,21030,1,21.0,2024-05-01 14:24:00+00:00,Unknown,21.0,2024,5,1
81485,53420,21597,1,35.99,2025-03-08 06:46:51+00:00,"76596 Cole Island, New Rodney, IA 49612",35.99,2025,3,8
79485,55697,21113,1,65.99,2024-12-28 15:40:39.020000+00:00,"Suite 950 6950 Collier Court, Lukefurt, AZ 76251-5598",65.99,2024,12,28
77709,54969,21514,2,38.25,2025-01-17 11:57:48+00:00,Unknown,76.5,2025,1,17
73433,55712,21103,1,81.0,2024-09-17 04:10:55.849000+00:00,Unknown,81.0,2024,9,17
82920,53938,21436,1,36.99,2025-05-31 07:01:23+00:00,"Apt. 961 33773 Bryce Hollow, New Marvinland, MI 03065-5995",36.99,2025,5,31
76574,53086,21427,1,60.99,2024-08-31 23:16:00+00:00,"Suite 698 88443 Justin Fork, Port Melodiestad, AR 75650",60.99,2024,8,31
74194,53539,21585,1,48.9,2024-10-15 15:08:00+00:00,Unknown,48.9,2024,10,15
75847,53619,20929,5,50.25,2024-05-31 04:16:19+00:00,Unknown,251.25,2024,5,31
81581,55197,21634,1,26.0,2025-01-09 06:48:14+00:00,"6575 Mosciski Road, West Gusview, WA 91182",26.0,2025,1,9
77768,54468,21638,1,76.8,2024-11-22 09:32:17+00:00,Unknown,76.8,2024,11,22
78635,54356,21573,1,24.0,2024-03-31 21:09:09+00:00,Unknown,24.0,2024,3,31
74898,53098,20946,1,23.25,2025-03-29 13:50:08+00:00,Unknown,23.25,2025,3,29
79476,54087,21040,1,60.5,2024-12-08 13:00:19+00:00,"Apt. 460 591 Elmer Springs, Lake Christoper, AL 31344-5993",60.5,2024,12,8
73545,55332,21192,1,74.25,2025-03-20 21:44:00+00:00,Unknown,74.25,2025,3,20
75234,53850,21461,1,46.25,2024-11-30 03:15:15+00:00,"Apt. 179 48941 Kenton Overpass, Carrollhaven, PA 84786-7217",46.25,2024,11,30
75908,53110,21589,2,43.0,2025-05-19 10:49:00+00:00,Unknown,86.0,2025,5,19
80618,53699,21439,2,40.99,2025-08-04 16:41:12+00:00,Unknown,81.98,2025,8,4
81648,55450,21316,1,29.4,2025-03-04 05:55:00+00:00,"Suite 840 790 Grant Heights, Kesslermouth, WA 71452-7622",29.4,2025,3,4
74517,53734,21512,1,70.2,2025-03-18 19:56:00+00:00,"44185 Roberts Neck, Lake Apryl, UT 89378-8416",70.2,2025,3,18
80601,53153,21190,1,42.9,2025-04-08 08:22:00+00:00,Unknown,42.9,2025,4,8
78343,53315,21126,1,63.5,2024-07-14 13:33:36.042000+00:00,Unknown,63.5,2024,7,14
82503,54760,21068,1,78.3,2024-09-04 03:51:31+00:00,Unknown,78.3,2024,9,4
75487,55089,21058,4,58.2,2025-04-29 16:35:00+00:00,Unknown,232.8,2025,4,29
74248,53186,21163,1,44.0,2024-11-08 14:00:17+00:00,Unknown,44.0,2024,11,8
81815,55089,20988,1,62.0,2025-01-29 08:55:31+00:00,Unknown,62.0,2025,1,29
79233,54003,21140,2,71.75,2025-04-23 04:18:00+00:00,"9834 Kuhn Mission, Bechtelarview, MD 32336",143.5,2025,4,23
75559,53982,21067,1,56.75,2024-04-25 02:11:10+00:00,Unknown,56.75,2024,4,25
74065,54093,21363,2,31.75,2025-02-27 00:57:44+00:00,"47714 Bartell Plains, Port Chasity, CA 80840",63.5,2025,2,27
82113,54596,21020,1,73.2,2024-10-23 09:13:13+00:00,"21218 Natalia Walks, Mercedezmouth, VA 16216",73.2,2024,10,23
78327,55070,21164,2,18.25,2024-12-18 04:11:00+00:00,Unknown,36.5,2024,12,18
76212,54985,21491,5,60.0,2024-08-22 13:39:43+00:00,Unknown,300.0,2024,8,22
81097,53374,21000,1,28.5,2025-07-11 05:11:38+00:00,Unknown,28.5,2025,7,11
82019,54093,21060,3,35.75,2024-12-02 20:11:23+00:00,"47714 Bartell Plains, Port Chasity, CA 80840",107.25,2024,12,2
74612,54906,21594,1,72.0,2025-01-17 15:48:10+00:00,Unknown,72.0,2025,1,17
77650,53668,20962,1,65.25,2024-01-31 12:25:00+00:00,Unknown,65.25,2024,1,31
76547,55689,21440,1,41.4,2024-06-24 06:19:07+00:00,Unknown,41.4,2024,6,24
73873,54001,21399,1,84.9,2024-11-25 02:55:00+00:00,Unknown,84.9,2024,11,25
73984,53090,21367,2,48.3,2024-07-15 17:12:15+00:00,Unknown,96.6,2024,7,15
80309,53972,21001,3,42.0,2025-06-25 01:38:21+00:00,Unknown,126.0,2025,6,25
82897,53612,21400,1,41.99,2025-03-30 10:10:18+00:00,Unknown,41.99,2025,3,30
73754,53054,21485,1,17.0,2025-02-14 21:40:46+00:00,Unknown,17.0,2025,2,14
77326,55485,21344,1,46.5,2025-02-26 20:28:20+00:00,Unknown,46.5,2025,2,26
82281,55444,21261,1,76.5,2024-12-15 12:28:56+00:00,Unknown,76.5,2024,12,15
74320,54301,21142,1,36.0,2025-02-18 22:31:55+00:00,Unknown,36.0,2025,2,18
73800,53326,21546,1,48.99,2025-01-26 16:19:39+00:00,Unknown,48.99,2025,1,26
78217,53348,21281,2,66.75,2024-10-26 08:55:00+00:00,Unknown,133.5,2024,10,26
75435,55190,21028,1,55.5,2024-08-25 14:23:37+00:00,Unknown,55.5,2024,8,25
79236,53703,21289,3,55.5,2024-09-15 00:04:57+00:00,Unknown,166.5,2024,9,15
81024,53799,21523,1,48.0,2024-08-16 08:54:54+00:00,Unknown,48.0,2024,8,16
80527,54660,21175,1,23.0,2024-08-04 02:01:44+00:00,Unknown,23.0,2024,8,4
78969,54409,21540,3,61.0,2024-10-19 06:48:00+00:00,Unknown,183.0,2024,10,19
76068,54634,21076,2,55.5,2024-12-11 03:21:01+00:00,Unknown,111.0,2024,12,11
81257,53471,20996,2,44.25,2024-10-15 20:39:22+00:00,"80590 Cremin Forges, New Echo, MN 72009-1415",88.5,2024,10,15
77171,55399,21404,1,37.0,2025-03-02 04:44:14+00:00,Unknown,37.0,2025,3,2
79247,55265,21462,1,35.4,2025-01-04 11:43:40.188000+00:00,Unknown,35.4,2025,1,4
73604,55621,21437,2,64.5,2024-09-28 23:44:00+00:00,Unknown,129.0,2024,9,28
83072,54609,21027,2,30.5,2024-10-14 21:57:22.332000+00:00,"Suite 387 8118 Alpha Rest, South Aronbury, NY 08555",61.0,2024,10,14
81047,54059,21455,1,59.25,2025-03-11 06:30:09+00:00,Unknown,59.25,2025,3,11
75517,54506,21135,5,76.99,2024-08-10 13:35:00+00:00,Unknown,384.95,2024,8,10
79343,53685,21190,1,40.8,2024-07-28 07:07:24+00:00,"8407 Wunsch Street, Carltonmouth, RI 34566",40.8,2024,7,28
82509,54440,21286,1,30.0,2025-02-11 00:09:29.752000+00:00,Unknown,30.0,2025,2,11
76782,54874,21461,1,49.5,2024-11-14 07:33:25+00:00,Unknown,49.5,2024,11,14
73706,53197,21039,1,31.0,2024-09-12 13:02:08+00:00,Unknown,31.0,2024,9,12
82218,53455,21013,3,53.1,2024-12-23 07:35:00+00:00,Unknown,159.3,2024,12,23
78457,55757,21170,1,75.5,2024-11-19 00:36:04+00:00,Unknown,75.5,2024,11,19
73932,55484,21324,2,54.6,2025-02-21 02:10:00+00:00,Unknown,109.2,2025,2,21
76476,53250,21359,1,87.6,2025-06-25 00:36:17+00:00,"Suite 513 41660 Wehner Crest, Isabelleburgh, NM 26104-1145",87.6,2025,6,25
74937,53155,21356,1,16.25,2024-10-11 03:53:18+00:00,Unknown,16.25,2024,10,11
74628,54849,21171,1,73.5,2025-03-27 08:47:10+00:00,"Suite 417 888 Jolynn Route, Chungfort, MT 24006",73.5,2025,3,27
77940,54596,21280,1,15.0,2025-02-23 17:59:33+00:00,Unknown,15.0,2025,2,23
82444,54139,21174,1,12.5,2025-05-19 13:26:12+00:00,"Suite 974 190 Donnelly Canyon, Streichshire, NH 82778",12.5,2025,5,19
74924,53049,21487,1,73.5,2025-02-02 20:11:00+00:00,"Suite 611 1479 Eugenio Rapid, Brekkeside, WA 85667",73.5,2025,2,2
80349,53557,21127,1,55.0,2024-07-28 16:43:02+00:00,Unknown,55.0,2024,7,28
75033,53590,21434,1,57.59,2025-01-03 23:31:00+00:00,"4978 Adell Manors, North Jarrettmouth, NM 49222-0441",57.59,2025,1,3
78886,55562,21381,1,34.5,2025-01-11 12:20:58+00:00,Unknown,34.5,2025,1,11
81429,53097,21381,1,39.6,2024-06-02 18:33:51+00:00,Unknown,39.6,2024,6,2
81351,53825,21248,1,43.0,2025-05-21 04:29:35+00:00,Unknown,43.0,2025,5,21
74978,53404,21540,2,72.3,2025-07-11 13:29:00+00:00,Unknown,144.6,2025,7,11
78580,54399,21510,2,14.0,2025-02-04 18:04:29+00:00,Unknown,28.0,2025,2,4
74943,53265,21222,1,85.2,2024-11-29 17:20:20+00:00,"Apt. 542 5104 Toshiko Causeway, East Malcolmborough, WI 35723",85.2,2024,11,29
75006,54912,21066,5,33.99,2024-08-09 03:08:51+00:00,Unknown,169.95,2024,8,9
81962,54876,21451,1,59.25,2025-01-26 13:57:43+00:00,"Apt. 607 26831 Stroman Ports, North Delana, IN 20790-5532",59.25,2025,1,26
80805,55555,21091,1,30.9,2024-10-03 13:24:34+00:00,Unknown,30.9,2024,10,3
79443,53951,21043,1,20.5,2024-09-11 08:00:00+00:00,Unknown,20.5,2024,9,11
73540,53365,21327,1,75.0,2024-08-14 11:47:00+00:00,"Apt. 460 6727 Brakus Keys, West Ashton, WI 49594",75.0,2024,8,14
80158,53940,21142,1,38.0,2024-09-12 23:54:35+00:00,"Suite 755 3297 Gale Parkway, Fidelhaven, ND 02083",38.0,2024,9,12
75721,54445,21300,2,56.75,2025-02-06 13:38:41+00:00,Unknown,113.5,2025,2,6
81360,53211,21327,3,87.9,2025-10-03 05:15:15+00:00,Unknown,263.7,2025,10,3
76546,54601,21446,1,33.0,2025-07-17 02:49:00+00:00,Unknown,33.0,2025,7,17
80650,54533,21549,1,61.5,2024-11-28 02:03:49+00:00,Unknown,61.5,2024,11,28
74674,53672,21613,1,33.0,2024-04-20 21:52:00+00:00,Unknown,33.0,2024,4,20
82662,53210,21340,1,15.0,2024-12-30 18:03:00+00:00,Unknown,15.0,2024,12,30
75206,54400,21535,3,69.25,2024-11-04 06:01:04+00:00,Unknown,207.75,2024,11,4
76133,54046,20969,1,21.3,2024-12-25 00:06:00+00:00,Unknown,21.3,2024,12,25
81946,55819,21081,1,70.5,2024-07-16 21:32:00+00:00,Unknown,70.5,2024,7,16
75828,54124,21310,1,13.75,2024-05-02 02:13:27+00:00,Unknown,13.75,2024,5,2
78159,55049,21172,1,14.4,2025-01-10 22:17:59+00:00,Unknown,14.4,2025,1,10
79351,54004,21616,1,66.0,2024-12-21 19:52:00+00:00,Unknown,66.0,2024,12,21
73504,54387,21348,2,26.0,2024-06-17 15:36:45+00:00,Unknown,52.0,2024,6,17
79739,55652,21298,1,30.9,2025-01-18 07:03:07+00:00,Unknown,30.9,2025,1,18
82287,54240,20950,3,41.1,2025-04-11 09:07:48+00:00,Unknown,123.3,2025,4,11
74363,53029,21486,3,36.99,2024-10-18 03:46:19+00:00,Unknown,110.97,2024,10,18
73429,55247,21169,1,76.79,2025-04-09 05:53:59+00:00,"Apt. 810 772 Roselyn Harbor, Larryfort, AK 89112",76.79,2025,4,9
75253,54037,21582,1,61.0,2025-08-08 19:00:59+00:00,Unknown,61.0,2025,8,8
81020,54968,21005,3,16.0,2025-01-13 19:26:58+00:00,"Suite 192 54542 Marks Knolls, VonRuedenchester, MN 26915-1010",48.0,2025,1,13
73603,54983,21485,1,25.19,2024-05-31 13:53:50+00:00,Unknown,25.19,2024,5,31
79771,54748,20954,1,71.25,2025-05-22 21:06:58+00:00,Unknown,71.25,2025,5,22
76456,54935,20982,1,40.75,2024-07-09 10:05:00+00:00,"Apt. 218 130 Sheridan Key, North Krissyton, CT 86470-4559",40.75,2024,7,9
76443,55192,21162,2,64.79,2025-01-26 11:34:14+00:00,Unknown,129.58,2025,1,26
79229,53094,20943,1,71.5,2024-12-02 01:33:27+00:00,"Apt. 866 91678 Hobert Heights, Wuckertburgh, OH 93174-5299",71.5,2024,12,2
80823,54063,21282,1,58.0,2025-04-19 17:03:35+00:00,"94794 Dickens Course, Lake Kristopher, IN 07114-4559",58.0,2025,4,19
80178,54038,21312,1,62.25,2024-08-19 01:58:32+00:00,Unknown,62.25,2024,8,19
76124,53225,21301,3,58.75,2024-09-02 22:20:19+00:00,Unknown,176.25,2024,9,2
73451,53262,21596,3,63.0,2024-08-08 13:24:00+00:00,Unknown,189.0,2024,8,8
77137,53852,21597,1,32.0,2024-08-17 18:12:14+00:00,Unknown,32.0,2024,8,17
75323,53858,21080,1,29.99,2024-12-09 16:54:29+00:00,Unknown,29.99,2024,12,9
74893,53714,21288,1,24.0,2025-02-20 20:20:11+00:00,Unknown,24.0,2025,2,20
78279,54442,21270,3,69.0,2024-11-05 12:33:49+00:00,"306 Serafina Estates, Basilhaven, VA 08078-4203",207.0,2024,11,5
75897,53836,21287,1,78.3,2024-11-27 04:59:37+00:00,"474 Hackett Mills, Farrelltown, MO 85562-4743",78.3,2024,11,27
76520,54694,21229,1,18.25,2025-01-19 06:06:00+00:00,"Suite 635 14549 Collier Locks, North Stephanieview, SC 59578",18.25,2025,1,19
79935,54844,21030,1,28.2,2024-11-03 03:33:12+00:00,Unknown,28.2,2024,11,3
78369,54945,21635,2,22.0,2024-10-19 22:04:00+00:00,Unknown,44.0,2024,10,19
77266,55727,21241,1,21.0,2024-09-12 18:38:58+00:00,Unknown,21.0,2024,9,12
74509,53784,21513,1,42.5,2024-05-09 12:13:02+00:00,Unknown,42.5,2024,5,9
74967,53051,21449,1,81.6,2025-01-17 05:53:00+00:00,Unknown,81.6,2025,1,17
78181,55474,21426,1,25.0,2025-01-07 01:52:53+00:00,"4348 Kayla Way, North Derek, SD 74905",25.0,2025,1,7
80369,53543,21273,1,70.5,2024-12-02 17:29:28+00:00,Unknown,70.5,2024,12,2
73647,54439,21404,1,37.5,2025-05-10 12:55:00+00:00,Unknown,37.5,2025,5,10
82544,55767,21554,1,33.5,2025-05-04 12:54:30+00:00,Unknown,33.5,2025,5,4
77099,55454,21309,1,44.0,2024-09-29 16:15:43+00:00,"Suite 888 41186 Talia Extensions, Carterhaven, MD 72615-9292",44.0,2024,9,29
82366,53204,21213,1,19.99,2025-05-04 00:00:00+00:00,Unknown,19.99,2025,5,4
73594,54857,21259,1,32.4,2024-10-23 16:13:27+00:00,Unknown,32.4,2024,10,23
73547,54834,21170,3,70.0,2024-09-18 14:48:00+00:00,Unknown,210.0,2024,9,18
77259,54101,21314,1,18.9,2025-03-15 21:23:32+00:00,Unknown,18.9,2025,3,15
74321,53492,21214,5,76.2,2024-11-11 04:34:46+00:00,Unknown,381.0,2024,11,11
78076,54084,21597,5,35.5,2025-02-23 21:56:12+00:00,"9574 Jones Plaza, West Lelah, AL 84126-7147",177.5,2025,2,23
78331,54615,21390,1,50.0,2025-01-28 15:00:00+00:00,"Suite 806 2234 Charlena Springs, West Carychester, NC 25091-6360",50.0,2025,1,28
76900,54927,21033,1,63.0,2025-01-09 17:20:18+00:00,Unknown,63.0,2025,1,9
78143,53083,21613,1,28.5,2025-10-04 21:35:35+00:00,"8343 Ellan Island, Hassanton, ID 38924",28.5,2025,10,4
74951,55431,21503,1,64.25,2024-09-06 02:39:00+00:00,Unknown,64.25,2024,9,6
78059,53408,21416,1,22.79,2024-08-05 21:13:00+00:00,"Suite 612 748 Jordan Well, Berniceton, TX 96903",22.79,2024,8,5
77176,53193,21430,1,33.25,2024-09-12 21:16:00+00:00,Unknown,33.25,2024,9,12
76385,53581,21536,1,66.5,2024-10-16 18:26:02+00:00,"Suite 504 10871 Matthew Streets, Port Jaunitafurt, IN 22091",66.5,2024,10,16
82927,53956,21441,5,19.25,2025-03-05 12:45:46+00:00,"Apt. 718 225 Lavon Pines, Bogisichhaven, NY 39352-5690",96.25,2025,3,5
75257,53172,21276,1,32.0,2024-07-26 19:08:00+00:00,"94444 Ambrose Prairie, Rivabury, SC 95910",32.0,2024,7,26
77826,53619,21196,2,40.0,2024-04-24 05:06:00+00:00,Unknown,80.0,2024,4,24
77250,53619,21136,2,76.0,2025-02-13 16:23:43+00:00,Unknown,152.0,2025,2,13
81145,55666,21551,1,38.25,2024-10-27 15:52:55+00:00,"98049 Sauer Route, Port Mellie, MD 48088",38.25,2024,10,27
81989,55406,21194,3,20.0,2024-11-13 08:02:00+00:00,"4845 Irena Mews, Lake Cristopherside, SC 41201",60.0,2024,11,13
78737,53114,21417,5,18.25,2024-09-24 00:59:23+00:00,Unknown,91.25,2024,9,24
79650,53205,20972,1,59.5,2024-12-10 14:46:28+00:00,Unknown,59.5,2024,12,10
82658,53460,21335,3,83.4,2024-08-13 07:50:19+00:00,"Suite 581 479 Sauer Pass, New Felipe, KS 84720",250.2,2024,8,13
73371,54499,21007,2,32.25,2025-05-22 04:57:47+00:00,"Apt. 345 9002 Pfannerstill Pines, East Andres, IA 33426-3576",64.5,2025,5,22
75477,55064,21249,1,70.0,2024-10-22 10:48:46+00:00,Unknown,70.0,2024,10,22
79839,53891,20918,1,21.6,2025-01-12 13:01:39.855000+00:00,Unknown,21.6,2025,1,12
76570,54814,21394,3,45.0,2024-08-12 23:45:00+00:00,Unknown,135.0,2024,8,12
76400,55019,21307,2,82.2,2025-01-29 13:11:00+00:00,Unknown,164.4,2025,1,29
78202,55750,21253,2,88.2,2025-06-13 15:52:29+00:00,Unknown,176.4,2025,6,13
80645,54430,21112,1,35.99,2025-03-24 19:40:12+00:00,Unknown,35.99,2025,3,24
82487,54981,21211,5,41.75,2024-10-08 09:21:00+00:00,Unknown,208.75,2024,10,8
73336,53392,21158,1,30.0,2025-06-06 04:50:04+00:00,"815 Hoyt Gateway, Marksstad, AZ 59921",30.0,2025,6,6
73573,54597,20925,1,45.99,2024-11-19 10:19:00+00:00,Unknown,45.99,2024,11,19
81682,54250,21416,3,20.39,2024-10-04 06:36:52+00:00,"36247 Glover Turnpike, Amystad, TX 78387-0276",61.17,2024,10,4
73832,54355,20963,1,61.5,2024-10-04 02:53:44+00:00,Unknown,61.5,2024,10,4
83028,54878,21195,1,39.0,2024-09-25 22:05:25+00:00,Unknown,39.0,2024,9,25
76502,53304,21549,1,63.3,2024-09-28 05:21:00+00:00,"Apt. 120 47474 Lyndsay Park, Jermaineburgh, MS 47317",63.3,2024,9,28
78024,53813,21043,1,18.5,2025-01-01 03:03:12+00:00,Unknown,18.5,2025,1,1
74650,54935,21218,1,51.0,2024-12-24 20:09:54+00:00,Unknown,51.0,2024,12,24
78496,53080,21352,1,46.79,2024-12-12 11:13:39+00:00,Unknown,46.79,2024,12,12
75841,53948,20980,1,31.25,2025-01-10 23:00:52+00:00,Unknown,31.25,2025,1,10
76148,54712,21524,1,79.2,2025-01-15 06:36:49+00:00,Unknown,79.2,2025,1,15
80263,55144,21002,3,38.99,2024-05-12 18:05:06+00:00,Unknown,116.97,2024,5,12
81681,53594,21439,1,51.59,2024-07-31 08:53:43+00:00,Unknown,51.59,2024,7,31
79483,54276,21061,1,45.5,2025-04-29 23:50:00+00:00,Unknown,45.5,2025,4,29
77500,54632,21022,2,60.0,2024-11-18 18:20:43+00:00,Unknown,120.0,2024,11,18
81258,53769,21642,1,59.4,2025-01-09 08:11:12+00:00,Unknown,59.4,2025,1,9
78587,55380,21588,1,49.5,2024-11-09 01:59:31+00:00,"Suite 261 95938 Lang Wells, Rohanberg, KY 74480",49.5,2024,11,9
78151,53161,21358,1,42.75,2024-11-24 06:32:58+00:00,Unknown,42.75,2024,11,24
80313,55743,21491,1,60.0,2025-06-19 14:15:51+00:00,Unknown,60.0,2025,6,19
76315,54475,21396,2,30.0,2024-06-06 02:02:27+00:00,Unknown,60.0,2024,6,6
75392,53672,21251,1,32.4,2025-04-01 08:09:24+00:00,Unknown,32.4,2025,4,1
73456,54332,21343,1,19.5,2024-10-18 01:58:27+00:00,"381 Mayert Knolls, Lake Shirleen, NH 50252-1636",19.5,2024,10,18
76245,53815,21348,1,29.7,2025-01-04 02:33:00+00:00,"18927 Terry Gateway, Darellland, NY 91364-4953",29.7,2025,1,4
79809,53263,20989,1,67.0,2024-11-02 23:13:16+00:00,"879 Rogahn Locks, South Eugenieport, MS 87161",67.0,2024,11,2
74095,55427,21111,4,32.5,2024-06-24 10:13:57+00:00,"Apt. 505 794 Waelchi Unions, Bergnaumchester, SD 08106",130.0,2024,6,24
79091,53397,20934,1,19.0,2025-07-06 13:14:00+00:00,Unknown,19.0,2025,7,6
74521,54362,21198,1,40.0,2024-08-18 22:12:21+00:00,Unknown,40.0,2024,8,18
82111,55099,21068,2,63.75,2025-01-05 15:19:00+00:00,Unknown,127.5,2025,1,5
77201,55600,20928,1,22.8,2024-06-28 12:35:00+00:00,Unknown,22.8,2024,6,28
76819,54719,21485,1,17.0,2024-08-29 09:48:00+00:00,Unknown,17.0,2024,8,29
77856,54838,20974,2,66.5,2025-05-07 06:24:49+00:00,Unknown,133.0,2025,5,7
81674,55044,21381,1,43.2,2024-11-26 23:36:43+00:00,Unknown,43.2,2024,11,26
79210,54980,21214,3,61.5,2024-12-24 17:29:00+00:00,"3712 VonRueden Circles, Lake Frederickborough, OR 56142",184.5,2024,12,24
77019,54237,21138,5,36.5,2025-04-14 00:37:55+00:00,Unknown,182.5,2025,4,14
75805,54386,21583,2,16.2,2025-04-15 23:48:54+00:00,Unknown,32.4,2025,4,15
76978,55427,21023,5,17.99,2024-10-26 22:08:00+00:00,Unknown,89.95,2024,10,26
74711,55561,21334,2,41.25,2025-02-27 03:39:42+00:00,"Suite 447 68723 Geraldine Mews, Nadamouth, OH 23726",82.5,2025,2,27
76639,55699,21261,1,71.75,2024-08-18 07:35:41.760000+00:00,Unknown,71.75,2024,8,18
76915,53027,20976,1,65.7,2024-12-26 05:57:14+00:00,Unknown,65.7,2024,12,26
81396,54889,21341,1,49.25,2024-03-07 16:18:02+00:00,"Suite 824 104 Jaime Village, Marlonland, NH 68094",49.25,2024,3,7
76322,54484,21423,2,71.0,2025-05-12 20:01:27+00:00,Unknown,142.0,2025,5,12
81421,53616,21426,2,25.0,2024-11-12 05:00:24+00:00,Unknown,50.0,2024,11,12
77891,54104,21636,1,52.0,2025-05-27 22:07:00+00:00,Unknown,52.0,2025,5,27
80024,55039,21101,1,17.0,2025-04-17 05:20:26+00:00,Unknown,17.0,2025,4,17
77217,53536,20953,1,46.75,2024-08-05 10:02:00+00:00,Unknown,46.75,2024,8,5
80126,55639,21205,4,26.25,2024-12-04 00:42:01+00:00,"Suite 784 683 Lean Radial, South Shane, VT 51021-6977",105.0,2024,12,4
79019,53123,21030,1,21.0,2025-02-22 12:26:17+00:00,Unknown,21.0,2025,2,22
76665,54893,20950,1,40.8,2025-02-23 18:19:00+00:00,Unknown,40.8,2025,2,23
77405,54500,21178,1,60.3,2025-04-08 08:58:00+00:00,Unknown,60.3,2025,4,8
78168,53850,21252,4,58.8,2025-10-20 10:51:00+00:00,Unknown,235.2,2025,10,20
81921,53458,21023,1,12.0,2025-03-20 06:42:16.286000+00:00,Unknown,12.0,2025,3,20
77189,55265,21231,5,87.3,2024-11-08 04:44:00+00:00,Unknown,436.5,2024,11,8
76934,55119,21473,1,75.59,2024-12-31 19:28:00+00:00,"20255 Koepp Heights, North Wm, HI 25466",75.59,2024,12,31
82173,55097,21063,1,51.5,2025-01-22 08:57:00+00:00,"Suite 793 5163 DuBuque Walks, Lake Sandy, NC 17253-0838",51.5,2025,1,22
80351,55539,21595,1,50.75,2024-02-22 16:14:16+00:00,Unknown,50.75,2024,2,22
76387,55402,21391,2,75.6,2024-10-05 10:10:00+00:00,Unknown,151.2,2024,10,5
80802,53607,20943,1,83.1,2025-06-15 17:10:54+00:00,Unknown,83.1,2025,6,15
76007,55133,21657,1,14.5,2025-01-12 13:39:00+00:00,"Apt. 986 484 Deckow Causeway, West Gilda, VA 06441-5047",14.5,2025,1,12
73507,55496,21467,1,56.1,2025-01-16 03:19:00+00:00,Unknown,56.1,2025,1,16
80984,53612,21596,1,48.0,2025-01-06 17:23:00+00:00,Unknown,48.0,2025,1,6
76216,53105,21165,1,19.8,2025-03-13 03:19:45+00:00,Unknown,19.8,2025,3,13
79595,54895,21115,5,71.25,2025-07-10 18:21:00+00:00,"33045 Blanda Shoals, Eddymouth, DE 55402",356.25,2025,7,10
82516,54934,21629,2,63.9,2024-03-26 10:30:57+00:00,Unknown,127.8,2024,3,26
77339,55093,21334,1,48.0,2025-04-15 10:53:00+00:00,"Suite 660 981 Zulauf Mountains, East Jack, WI 93893",48.0,2025,4,15
75475,53064,21555,1,75.6,2024-04-12 17:00:00+00:00,Unknown,75.6,2024,4,12
74625,55604,21056,1,51.3,2024-06-20 06:55:33+00:00,Unknown,51.3,2024,6,20
81687,55559,21534,5,23.5,2025-05-15 10:36:15+00:00,"Suite 266 690 Alverta Club, Lake Weston, OR 92970",117.5,2025,5,15
82086,53286,21390,2,48.5,2024-12-06 21:11:00+00:00,Unknown,97.0,2024,12,6
73965,53053,21464,1,30.5,2024-07-15 23:39:17+00:00,Unknown,30.5,2024,7,15
73334,54261,21152,1,28.5,2025-04-04 05:00:14+00:00,Unknown,28.5,2025,4,4
77409,54972,21103,2,64.0,2024-09-06 01:09:00+00:00,Unknown,128.0,2024,9,6
79062,55522,21369,1,57.0,2024-08-23 13:19:19+00:00,Unknown,57.0,2024,8,23
80795,53213,21211,2,42.75,2024-09-30 19:54:11+00:00,"44125 Emerson Station, Jalisastad, VA 76554",85.5,2024,9,30
79244,54805,21374,1,24.5,2024-08-06 06:17:29+00:00,"76402 Schimmel Flat, Lake Glendora, AZ 78853-0436",24.5,2024,8,6
80839,53026,21310,2,16.75,2025-09-04 04:45:16+00:00,"Apt. 742 77277 Shonta Court, North Ferminmouth, MS 61577-8462",33.5,2025,9,4
77273,54255,21410,2,23.0,2025-02-17 13:53:00+00:00,Unknown,46.0,2025,2,17
76184,54099,21636,4,64.8,2025-04-29 01:34:00+00:00,Unknown,259.2,2025,4,29
77864,54670,21044,1,22.5,2024-06-06 16:10:01+00:00,"Apt. 887 84999 Cronin Drive, Dibbertside, FL 93820",22.5,2024,6,6
81346,55615,21201,2,80.4,2024-03-25 18:37:00+00:00,Unknown,160.8,2024,3,25
79129,54725,21637,1,41.5,2025-04-28 19:08:29+00:00,Unknown,41.5,2025,4,28
74170,53038,21358,1,41.5,2024-05-18 14:46:50+00:00,Unknown,41.5,2024,5,18
73731,53330,21603,1,68.5,2024-11-02 10:50:14+00:00,"Suite 613 103 Thompson Crossing, Lake Teddyton, OK 86719-0905",68.5,2024,11,2
82853,54737,20978,2,60.0,2024-09-15 01:47:00+00:00,Unknown,120.0,2024,9,15
83081,53944,21600,3,57.3,2025-04-12 03:11:00+00:00,Unknown,171.9,2025,4,12
74430,53837,21320,1,36.0,2024-12-24 19:13:51+00:00,"8360 Benton Parkways, South Marlinbury, VT 71725",36.0,2024,12,24
74172,55662,21091,1,30.25,2025-03-08 04:07:51+00:00,"63870 Weber Wells, North Jess, NE 53256-9430",30.25,2025,3,8
81079,54320,21260,1,63.3,2024-08-31 02:20:00+00:00,"673 Patrica Ramp, Shieldsfurt, MN 75574",63.3,2024,8,31
76340,53966,21254,1,40.5,2025-03-11 13:08:00+00:00,Unknown,40.5,2025,3,11
76160,55718,21016,4,89.4,2024-05-20 17:25:00+00:00,Unknown,357.6,2024,5,20
74130,55007,21054,1,20.25,2025-01-01 20:47:25+00:00,Unknown,20.25,2025,1,1
74103,54930,21053,4,64.5,2025-03-03 15:28:16+00:00,Unknown,258.0,2025,3,3
77131,53271,21140,1,87.0,2024-10-11 23:14:52+00:00,Unknown,87.0,2024,10,11
82317,53882,21331,5,64.5,2024-07-09 11:49:00+00:00,Unknown,322.5,2024,7,9
79638,54159,21543,1,28.0,2025-01-27 11:54:01+00:00,"Suite 225 67138 Schneider Terrace, South Pansyton, MO 21185-3370",28.0,2025,1,27
78225,55158,21130,1,51.0,2024-10-21 01:27:20.938000+00:00,Unknown,51.0,2024,10,21
79453,53078,21368,3,24.5,2024-08-30 11:47:19+00:00,Unknown,73.5,2024,8,30
75135,53245,21218,4,54.3,2024-10-24 17:36:55.349000+00:00,Unknown,217.2,2024,10,24
75620,55680,21310,1,16.0,2024-09-27 11:17:16.611000+00:00,Unknown,16.0,2024,9,27
81265,55417,21494,1,26.4,2025-04-10 03:54:24+00:00,Unknown,26.4,2025,4,10
77292,55605,21401,4,21.75,2025-03-11 01:05:35+00:00,Unknown,87.0,2025,3,11
79100,55206,21630,3,63.6,2024-08-12 20:23:43+00:00,Unknown,190.8,2024,8,12
75437,53814,21463,1,75.0,2024-10-29 05:50:00+00:00,Unknown,75.0,2024,10,29
79405,53711,21235,1,47.25,2025-06-25 06:12:01+00:00,"3138 Billy Mission, Goldnermouth, RI 47148-4850",47.25,2025,6,25
82249,55661,20930,1,36.0,2025-06-27 10:54:11+00:00,"Apt. 228 97296 Walton Wall, Marcborough, AR 24011-7896",36.0,2025,6,27
79494,53660,21499,1,75.25,2024-07-08 08:51:04.631000+00:00,"Apt. 693 9831 George Streets, East Sharenburgh, CO 50970-1557",75.25,2024,7,8
75955,54231,21173,1,20.5,2025-01-10 17:42:06+00:00,Unknown,20.5,2025,1,10
74833,55615,21435,3,56.25,2025-05-27 10:57:00+00:00,Unknown,168.75,2025,5,27
77454,55261,21074,1,85.5,2024-10-01 03:21:50+00:00,Unknown,85.5,2024,10,1
76265,54520,21342,1,52.2,2025-06-13 17:14:00+00:00,"Suite 720 561 Frieda Oval, Lake Danton, ND 48313",52.2,2025,6,13
80284,54935,21127,1,62.4,2024-07-03 21:10:00+00:00,Unknown,62.4,2024,7,3
80849,54284,21048,1,60.0,2024-04-17 20:07:41+00:00,Unknown,60.0,2024,4,17
76041,55702,21019,1,61.5,2024-04-30 16:19:02+00:00,Unknown,61.5,2024,4,30
76448,53231,21481,1,22.8,2025-08-07 22:50:58+00:00,Unknown,22.8,2025,8,7
78093,54362,21241,1,20.99,2024-08-30 07:26:01+00:00,"Suite 165 86791 Tommie Mountain, North Venessa, CO 57480",20.99,2024,8,30
81922,53920,21281,5,66.99,2025-04-26 20:28:00+00:00,"6229 Hermiston Fork, Rueckertown, AZ 52276",334.95,2025,4,26
81509,54018,21489,2,62.75,2025-01-25 04:17:07+00:00,Unknown,125.5,2025,1,25
74503,53956,21600,1,44.5,2024-10-14 02:53:00+00:00,Unknown,44.5,2024,10,14
78769,54071,21253,1,81.9,2024-08-08 23:17:59+00:00,Unknown,81.9,2024,8,8
74989,53289,20950,1,39.0,2024-09-19 16:31:00+00:00,"41323 Frami Locks, East Maynard, MN 04845",39.0,2024,9,19
77840,54158,21469,2,68.99,2025-04-03 13:08:00+00:00,Unknown,137.98,2025,4,3
80019,54101,21064,1,51.6,2024-11-07 16:31:36+00:00,Unknown,51.6,2024,11,7
81800,55137,21315,1,79.8,2024-10-15 02:56:11+00:00,Unknown,79.8,2024,10,15
73757,55356,21519,1,48.5,2024-10-01 12:09:00+00:00,Unknown,48.5,2024,10,1
82270,55301,20996,1,45.5,2025-02-23 09:10:49+00:00,"Apt. 267 35810 Olson Forest, Lake Coleburgh, WA 50641-8364",45.5,2025,2,23
74644,53551,21077,1,68.25,2024-05-17 21:10:00+00:00,Unknown,68.25,2024,5,17
82528,53451,21141,1,20.75,2025-03-30 10:58:26+00:00,Unknown,20.75,2025,3,30
73701,54043,21279,2,35.99,2025-08-08 18:44:27+00:00,Unknown,71.98,2025,8,8
75561,54649,20927,2,21.75,2024-07-27 23:23:00+00:00,Unknown,43.5,2024,7,27
81595,55622,21348,1,28.25,2024-07-15 17:45:00+00:00,Unknown,28.25,2024,7,15
76263,54730,21387,5,16.0,2025-02-26 14:05:00+00:00,Unknown,80.0,2025,2,26
77074,54076,20935,3,30.25,2025-01-03 12:23:14+00:00,Unknown,90.75,2025,1,3
78169,54309,21650,1,50.39,2025-02-03 02:43:06+00:00,Unknown,50.39,2025,2,3
78750,55122,21224,4,69.6,2025-03-09 00:24:56+00:00,Unknown,278.4,2025,3,9
77892,53492,21128,4,64.25,2024-06-15 21:15:34+00:00,Unknown,257.0,2024,6,15
74639,53564,21039,5,41.4,2024-07-21 16:21:59+00:00,Unknown,207.0,2024,7,21
75629,54944,21607,3,68.75,2024-09-05 12:21:28+00:00,"Suite 465 2496 Vickey Skyway, Wilkinsonville, WA 89737-9821",206.25,2024,9,5
79897,53982,20977,1,19.0,2024-07-23 21:20:37+00:00,"Apt. 775 226 Ryan Extension, East Fidel, IL 97128-5984",19.0,2024,7,23
82030,53171,21279,1,38.0,2024-07-26 18:35:55+00:00,Unknown,38.0,2024,7,26
80111,53115,20955,1,74.99,2025-01-31 00:53:23.055000+00:00,Unknown,74.99,2025,1,31
80751,54418,21512,1,75.0,2024-08-27 18:10:09+00:00,"956 Dierdre Forge, Hellerbury, OR 25462-1684",75.0,2024,8,27
80546,54426,21378,1,43.25,2024-06-20 02:04:00+00:00,Unknown,43.25,2024,6,20
73624,53143,21452,1,23.5,2024-09-15 19:12:09+00:00,Unknown,23.5,2024,9,15
73869,54687,20946,1,25.5,2024-09-29 04:24:44+00:00,Unknown,25.5,2024,9,29
78566,53624,21574,1,27.59,2024-08-15 20:02:00+00:00,Unknown,27.59,2024,8,15
74304,54500,21339,1,74.5,2024-12-14 12:09:40.006000+00:00,Unknown,74.5,2024,12,14
75779,54010,21091,2,30.25,2025-04-23 14:37:18+00:00,"11991 Cornelius Glen, South Luann, MI 70579",60.5,2025,4,23
81568,53995,21341,1,53.5,2025-10-01 14:32:36+00:00,Unknown,53.5,2025,10,1
76361,53619,21243,4,81.9,2025-04-05 03:40:10+00:00,Unknown,327.6,2025,4,5
73459,55117,21548,1,81.9,2025-02-11 18:02:58+00:00,Unknown,81.9,2025,2,11
74085,55784,21377,1,52.5,2024-11-09 15:55:00+00:00,Unknown,52.5,2024,11,9
76609,55760,21242,1,55.75,2024-09-09 14:56:36+00:00,Unknown,55.75,2024,9,9
78546,54346,20974,1,62.75,2024-09-26 05:35:20+00:00,"48167 Amado Wells, North Giuseppinastad, SC 85013-5268",62.75,2024,9,26
81183,54004,20989,1,77.99,2024-08-29 12:58:09+00:00,Unknown,77.99,2024,8,29
75658,54404,20929,5,45.5,2024-12-28 05:10:59+00:00,"43800 Eleanore Parkways, Barneyberg, MT 40527-7330",227.5,2024,12,28
79037,53376,21048,2,65.5,2025-02-24 08:45:39+00:00,Unknown,131.0,2025,2,24
75396,55274,21416,2,13.0,2025-04-29 19:46:49+00:00,Unknown,26.0,2025,4,29
76930,55154,21077,2,77.7,2024-05-12 13:41:00+00:00,Unknown,155.4,2024,5,12
74467,54575,21030,2,21.0,2025-03-12 21:36:45.220000+00:00,Unknown,42.0,2025,3,12
78286,55355,21190,1,41.1,2024-11-20 12:04:00+00:00,Unknown,41.1,2024,11,20
81945,55161,21090,1,50.25,2025-04-21 12:59:26+00:00,Unknown,50.25,2025,4,21
75540,53199,21450,2,49.99,2024-06-30 04:12:00+00:00,Unknown,99.98,2024,6,30
82513,53529,21346,1,58.5,2024-10-15 21:08:31+00:00,"4619 Isreal Centers, Rauside, MI 67336-4452",58.5,2024,10,15
82869,55570,21561,1,30.6,2025-03-26 05:33:10+00:00,Unknown,30.6,2025,3,26
78666,53962,21546,2,60.9,2025-04-23 04:23:30+00:00,Unknown,121.8,2025,4,23
74550,54261,21059,1,55.8,2024-11-20 02:49:30+00:00,Unknown,55.8,2024,11,20
80469,55341,21365,1,62.4,2024-09-17 19:08:48+00:00,"4292 Klein Junctions, Markmouth, KY 06333",62.4,2024,9,17
80273,53763,21271,1,27.25,2025-01-04 02:04:19+00:00,Unknown,27.25,2025,1,4
76089,55526,21540,1,58.99,2024-11-20 03:49:00+00:00,"Apt. 351 109 Latosha Falls, Lebsackside, AZ 31348",58.99,2024,11,20
82791,54988,21030,1,28.5,2025-05-27 04:08:00+00:00,Unknown,28.5,2025,5,27
81555,53453,21207,1,22.5,2025-01-25 03:52:48+00:00,Unknown,22.5,2025,1,25
78751,54564,20927,1,21.0,2025-06-26 14:07:05+00:00,Unknown,21.0,2025,6,26
75591,55031,21317,1,58.2,2025-01-19 22:08:00+00:00,Unknown,58.2,2025,1,19
79107,54081,21472,1,76.79,2024-11-25 02:43:00+00:00,"12605 Lang Meadow, Port Sophiahaven, MA 26532-1773",76.79,2024,11,25
81125,55517,21029,1,46.0,2025-09-25 23:16:00+00:00,Unknown,46.0,2025,9,25
74006,55099,20960,1,28.5,2024-07-18 16:43:57+00:00,Unknown,28.5,2024,7,18
82243,53068,21286,2,33.5,2024-08-10 04:54:59.368000+00:00,"Suite 264 20676 Dale Track, West Madelene, LA 03705",67.0,2024,8,10
77942,53680,21284,1,20.99,2024-07-31 13:10:14+00:00,Unknown,20.99,2024,7,31
76243,53590,21412,1,47.75,2025-03-27 08:00:00+00:00,Unknown,47.75,2025,3,27
77596,55003,21010,1,47.0,2025-03-02 07:09:48+00:00,Unknown,47.0,2025,3,2
78357,54392,21128,1,62.0,2024-11-06 02:59:37.250000+00:00,Unknown,62.0,2024,11,6
80118,54594,21160,2,19.0,2024-10-02 01:07:53+00:00,"8060 Irvin Island, North Nellieton, MN 70438-1648",38.0,2024,10,2
73859,54163,21083,1,21.75,2024-05-04 00:36:17+00:00,Unknown,21.75,2024,5,4
78182,55094,21036,1,63.0,2025-04-15 01:27:36+00:00,Unknown,63.0,2025,4,15
79692,54670,21112,1,31.0,2025-06-07 01:37:41+00:00,"Apt. 887 84999 Cronin Drive, Dibbertside, FL 93820",31.0,2025,6,7
76281,54680,21311,5,21.5,2025-03-14 17:13:00+00:00,Unknown,107.5,2025,3,14
79717,53207,21242,1,60.99,2024-04-02 23:47:23+00:00,Unknown,60.99,2024,4,2
83038,54292,21370,1,43.0,2025-04-06 07:42:00+00:00,Unknown,43.0,2025,4,6
81010,54508,21526,1,22.5,2024-08-15 05:26:00+00:00,Unknown,22.5,2024,8,15
78950,54782,21093,5,70.0,2025-01-18 09:34:49+00:00,"Apt. 990 15968 Kuvalis River, West Alishire, WY 95556-0877",350.0,2025,1,18
80156,54737,21041,1,70.0,2024-07-24 11:28:48+00:00,"Suite 333 237 Hessel Mountain, New Troy, OK 23006",70.0,2024,7,24
74491,53251,21314,1,15.5,2025-03-26 09:51:31+00:00,Unknown,15.5,2025,3,26
75114,53049,21352,2,36.0,2025-02-19 07:58:53+00:00,Unknown,72.0,2025,2,19
81326,54043,21424,1,36.0,2025-03-27 19:32:31+00:00,"Apt. 844 1600 Kirk Green, Hansenfurt, OH 63713",36.0,2025,3,27
76451,55111,21430,1,32.25,2025-07-29 02:57:24+00:00,"Apt. 998 267 Schulist Shoal, Daughertytown, AK 03515",32.25,2025,7,29
82763,53372,21359,4,88.5,2024-11-15 18:21:43+00:00,Unknown,354.0,2024,11,15
82998,54467,21378,1,43.5,2025-03-14 08:33:44+00:00,Unknown,43.5,2025,3,14
76465,55211,21184,1,82.2,2024-12-28 09:13:00+00:00,Unknown,82.2,2024,12,28
80151,54298,21043,2,22.8,2024-07-25 17:56:16+00:00,"8597 Willis Summit, Port Hortensia, LA 76005-8908",45.6,2024,7,25
74899,55680,21412,2,57.3,2024-09-07 05:51:23+00:00,Unknown,114.6,2024,9,7
73644,55693,21161,3,43.5,2024-08-11 01:28:39+00:00,Unknown,130.5,2024,8,11
73950,53111,21432,2,71.0,2024-12-17 19:31:00+00:00,"Apt. 705 430 Grimes Orchard, Rogahnside, OR 27305",142.0,2024,12,17
80045,55327,21023,1,17.75,2024-08-21 04:42:40+00:00,Unknown,17.75,2024,8,21
80016,53797,21364,1,74.1,2025-01-06 20:30:26+00:00,"Suite 313 874 Edmond Park, South Zanaport, CA 84644",74.1,2025,1,6
73752,53739,21106,1,55.2,2025-03-28 21:43:54+00:00,Unknown,55.2,2025,3,28
75780,55186,21489,1,63.75,2025-01-14 02:24:24+00:00,Unknown,63.75,2025,1,14
76732,54402,21432,1,87.9,2024-10-26 17:55:55+00:00,"Apt. 581 5984 Amada Court, Port Leighport, KS 51298-9164",87.9,2024,10,26
81296,53296,21447,2,65.0,2025-04-24 19:02:03+00:00,"2452 Schuster Orchard, North Levimouth, NE 18137",130.0,2025,4,24
73609,53177,21525,1,50.25,2024-12-14 21:10:11+00:00,Unknown,50.25,2024,12,14
75984,54087,20935,2,29.75,2024-09-20 09:22:33+00:00,Unknown,59.5,2024,9,20
76737,53779,21375,1,27.0,2024-06-29 12:09:09+00:00,Unknown,27.0,2024,6,29
82535,53614,21634,1,29.1,2024-05-20 17:57:00+00:00,Unknown,29.1,2024,5,20
73581,54149,21492,1,25.8,2025-01-12 17:51:07+00:00,Unknown,25.8,2025,1,12
81956,54287,21126,1,64.25,2024-10-12 21:25:25+00:00,Unknown,64.25,2024,10,12
77839,53363,21325,1,67.25,2025-03-30 06:26:03+00:00,"Suite 794 451 Camila Ways, Lake Lachelle, MO 67387-2766",67.25,2025,3,30
75586,55499,21290,1,51.5,2024-11-22 14:16:55+00:00,Unknown,51.5,2024,11,22
75647,53193,21197,3,68.5,2024-05-28 11:23:57+00:00,"Suite 824 287 Roberts Drives, Lebsackmouth, PA 40376",205.5,2024,5,28
79193,53960,21533,4,49.75,2024-10-07 09:08:59+00:00,Unknown,199.0,2024,10,7
74161,54200,21123,2,83.4,2024-10-23 23:44:22+00:00,"Suite 298 1763 Ledner Fork, Brettton, IA 56014-9744",166.8,2024,10,23
78036,55132,21513,2,39.5,2025-02-10 02:16:38+00:00,Unknown,79.0,2025,2,10
76152,53975,21014,1,90.9,2025-04-06 23:33:48+00:00,Unknown,90.9,2025,4,6
80778,53830,21440,1,33.25,2025-02-08 04:49:00+00:00,Unknown,33.25,2025,2,8
77521,54198,21160,1,18.75,2025-02-25 09:37:03+00:00,"Suite 153 3739 Armstrong Plain, Nealfurt, VA 26421",18.75,2025,2,25
80240,53794,21156,1,69.0,2025-03-31 19:42:44.798000+00:00,Unknown,69.0,2025,3,31
80417,55097,21083,3,22.0,2024-10-03 07:40:24.680000+00:00,"Suite 793 5163 DuBuque Walks, Lake Sandy, NC 17253-0838",66.0,2024,10,3
76087,55571,21295,1,17.0,2024-09-25 10:48:01+00:00,Unknown,17.0,2024,9,25
77335,54236,21652,2,48.0,2024-03-29 08:02:00+00:00,Unknown,96.0,2024,3,29
77815,54502,21488,2,27.6,2024-12-03 15:03:12+00:00,Unknown,55.2,2024,12,3
79569,55444,21015,1,60.5,2024-09-15 10:39:10+00:00,Unknown,60.5,2024,9,15
78623,53983,21562,1,50.4,2024-09-09 19:36:00+00:00,"Apt. 350 8069 Pagac Forges, Wilkinsontown, FL 26848-2449",50.4,2024,9,9
78196,55391,21360,1,47.99,2025-05-06 15:08:31+00:00,Unknown,47.99,2025,5,6
74111,53535,21243,1,79.19,2024-08-12 08:21:00+00:00,Unknown,79.19,2024,8,12
77190,53941,20965,1,54.99,2025-04-08 05:48:00+00:00,Unknown,54.99,2025,4,8
81481,54327,20950,1,30.0,2024-11-03 20:48:00+00:00,Unknown,30.0,2024,11,3
77502,55086,21423,5,73.25,2025-01-20 07:37:32+00:00,Unknown,366.25,2025,1,20
73444,53641,21269,1,36.5,2025-02-18 22:00:47+00:00,Unknown,36.5,2025,2,18
81783,54033,20928,2,23.4,2025-03-20 02:21:00+00:00,Unknown,46.8,2025,3,20
76755,53193,21284,1,23.25,2025-02-01 23:14:26+00:00,"Suite 824 287 Roberts Drives, Lebsackmouth, PA 40376",23.25,2025,2,1
74261,53266,21616,1,84.6,2025-01-17 04:51:51+00:00,Unknown,84.6,2025,1,17
77885,54239,21437,5,61.0,2025-03-31 15:20:23+00:00,Unknown,305.0,2025,3,31
77421,54400,21360,3,49.0,2025-01-05 19:50:43+00:00,Unknown,147.0,2025,1,5
75885,53378,20944,1,35.25,2024-10-28 21:29:52+00:00,Unknown,35.25,2024,10,28
75115,53219,20999,1,40.2,2024-12-26 23:06:15+00:00,Unknown,40.2,2024,12,26
75415,53669,21132,2,23.1,2024-11-19 16:44:25+00:00,"76527 Danna Avenue, Gwynport, MD 65649-2428",46.2,2024,11,19
79085,55400,21260,1,56.5,2025-03-19 23:36:25.819000+00:00,Unknown,56.5,2025,3,19
79425,55061,21577,1,23.0,2024-04-25 18:00:42+00:00,Unknown,23.0,2024,4,25
73515,54790,21059,1,54.6,2024-09-19 13:54:00+00:00,Unknown,54.6,2024,9,19
81725,53833,21490,3,42.25,2024-08-30 04:33:34+00:00,Unknown,126.75,2024,8,30
73786,53432,21353,3,23.7,2025-07-02 21:29:46+00:00,Unknown,71.1,2025,7,2
81733,54768,21572,1,26.0,2025-03-30 12:43:33+00:00,"264 Josiah Corner, Koribury, IA 80432",26.0,2025,3,30
83075,53122,21442,1,80.4,2024-12-08 04:31:31+00:00,Unknown,80.4,2024,12,8
83034,55738,21429,1,47.1,2024-10-17 15:23:28+00:00,Unknown,47.1,2024,10,17
79635,55623,20938,1,23.99,2024-12-29 09:33:09.552000+00:00,Unknown,23.99,2024,12,29
74894,54229,21540,1,72.6,2024-07-01 03:16:28+00:00,Unknown,72.6,2024,7,1
75155,54198,21312,1,73.8,2024-10-14 13:50:29.548000+00:00,Unknown,73.8,2024,10,14
76841,55275,21055,1,50.5,2024-10-12 23:21:00+00:00,Unknown,50.5,2024,10,12
80495,55055,20961,5,37.99,2024-08-12 19:17:02.395000+00:00,Unknown,189.95,2024,8,12
77364,55614,21289,1,58.2,2025-03-26 14:06:44+00:00,Unknown,58.2,2025,3,26
82928,54844,21201,1,65.5,2025-08-10 07:22:00+00:00,"151 Julio Grove, Larkinbury, SD 76344",65.5,2025,8,10
82094,54946,21649,1,21.25,2025-04-10 13:43:00+00:00,Unknown,21.25,2025,4,10
81572,54807,21023,3,20.4,2024-10-26 00:50:55+00:00,Unknown,61.2,2024,10,26
78993,55636,21111,2,29.5,2024-07-17 08:57:23+00:00,Unknown,59.0,2024,7,17
75680,53098,21313,1,35.5,2024-06-17 17:07:24+00:00,Unknown,35.5,2024,6,17
82555,53086,21508,4,43.8,2024-11-02 03:22:00+00:00,"Suite 698 88443 Justin Fork, Port Melodiestad, AR 75650",175.2,2024,11,2
73580,54935,21217,1,29.5,2025-03-12 21:10:18+00:00,"Apt. 218 130 Sheridan Key, North Krissyton, CT 86470-4559",29.5,2025,3,12
80642,55674,21372,1,44.1,2024-06-21 02:02:00+00:00,Unknown,44.1,2024,6,21
73929,54684,21088,1,57.0,2024-12-13 19:56:38+00:00,"54234 Roberts Turnpike, Maggioshire, LA 76289",57.0,2024,12,13
75343,53214,21095,2,60.6,2024-08-01 01:33:19+00:00,Unknown,121.2,2024,8,1
79930,55277,21307,1,67.99,2025-05-24 10:59:00+00:00,"Suite 424 830 Berge Hollow, Baumbachburgh, VT 09898-9327",67.99,2025,5,24
76702,54326,20948,1,87.3,2025-03-10 10:42:40+00:00,Unknown,87.3,2025,3,10
78634,53725,21294,1,26.7,2025-05-27 21:22:00+00:00,"Apt. 507 39266 Elliott Drive, East Marguriteton, UT 05144",26.7,2025,5,27
79990,54224,21241,1,20.1,2024-04-11 03:37:22+00:00,Unknown,20.1,2024,4,11
75815,54841,21574,1,25.5,2025-06-07 11:59:44+00:00,Unknown,25.5,2025,6,7
76055,55702,21173,1,24.9,2024-11-17 12:56:01+00:00,Unknown,24.9,2024,11,17
75109,53268,21535,1,70.0,2024-10-16 22:46:57+00:00,Unknown,70.0,2024,10,16
74407,55144,21465,2,87.0,2024-10-09 07:46:00+00:00,Unknown,174.0,2024,10,9
78071,54188,21486,1,36.25,2024-11-17 20:26:00+00:00,Unknown,36.25,2024,11,17
80422,54723,20985,1,36.6,2024-12-16 23:23:46.102000+00:00,Unknown,36.6,2024,12,16
75744,55038,20945,1,37.25,2025-01-22 04:40:00+00:00,Unknown,37.25,2025,1,22
80242,54817,21368,1,27.0,2024-10-23 21:48:45+00:00,Unknown,27.0,2024,10,23
77952,54041,21068,1,66.0,2024-08-07 10:10:48+00:00,Unknown,66.0,2024,8,7
78786,55252,21422,1,21.99,2025-05-26 22:36:26+00:00,Unknown,21.99,2025,5,26
80474,54949,21649,1,20.0,2024-10-30 18:26:00+00:00,Unknown,20.0,2024,10,30
81814,55359,21135,1,92.1,2025-02-22 22:00:33+00:00,Unknown,92.1,2025,2,22
76064,53595,20985,1,30.75,2024-12-09 18:37:00+00:00,Unknown,30.75,2024,12,9
75254,55362,21387,1,14.0,2024-10-26 16:10:00+00:00,Unknown,14.0,2024,10,26
77227,54363,21427,1,60.99,2024-11-29 09:20:23+00:00,"Apt. 312 392 Quentin Greens, New Joshtown, MD 60009",60.99,2024,11,29
80382,54727,21523,1,45.0,2024-12-28 12:55:00+00:00,Unknown,45.0,2024,12,28
74606,55656,21448,1,14.25,2024-06-06 17:39:00+00:00,Unknown,14.25,2024,6,6
78650,53547,21500,1,84.9,2024-12-12 06:26:57+00:00,Unknown,84.9,2024,12,12
77484,55125,20961,1,37.5,2025-01-01 13:45:00+00:00,"654 Chong Plaza, North Boyceburgh, CO 06882-3195",37.5,2025,1,1
78813,55204,21252,1,50.25,2024-08-28 16:28:00+00:00,Unknown,50.25,2024,8,28
78416,55788,21115,4,81.0,2025-05-18 22:43:23+00:00,Unknown,324.0,2025,5,18
76351,54214,21116,4,38.75,2024-05-01 11:43:01+00:00,Unknown,155.0,2024,5,1
81365,55557,21627,1,21.5,2025-02-27 10:56:00+00:00,"2690 Doyle Creek, Krajcikland, LA 54581",21.5,2025,2,27
75665,54626,21423,2,84.3,2025-05-26 13:42:17.809000+00:00,Unknown,168.6,2025,5,26
74295,54389,21267,2,45.5,2024-07-31 04:11:00+00:00,Unknown,91.0,2024,7,31
82690,53180,21602,1,86.4,2024-04-10 05:03:07+00:00,"990 Ruecker Fork, West Marlinhaven, OH 10392",86.4,2024,4,10
76966,54417,21282,1,60.5,2025-01-31 18:36:35+00:00,Unknown,60.5,2025,1,31
76450,53832,21418,2,59.0,2025-03-21 11:24:00+00:00,Unknown,118.0,2025,3,21
76449,54632,21478,5,66.0,2024-11-29 21:37:00+00:00,Unknown,330.0,2024,11,29
80817,54092,21083,1,21.6,2025-03-27 07:34:12+00:00,Unknown,21.6,2025,3,27
75758,54057,21257,1,45.75,2025-04-28 06:54:25+00:00,Unknown,45.75,2025,4,28
75072,53200,21500,1,73.0,2025-02-01 21:18:00+00:00,"Apt. 910 971 Wallace Villages, South Rosendohaven, VT 65511",73.0,2025,2,1
80644,53791,21238,2,58.5,2025-07-01 01:30:12.392000+00:00,Unknown,117.0,2025,7,1
81695,54655,21505,1,27.0,2024-05-25 12:02:33+00:00,Unknown,27.0,2024,5,25
81110,55812,21084,1,74.0,2025-02-13 19:32:57+00:00,Unknown,74.0,2025,2,13
83120,54088,21378,1,50.4,2024-10-24 07:01:00+00:00,"957 Nicolas Hill, McLaughlinland, HI 92788",50.4,2024,10,24
80145,55227,21638,2,60.75,2025-03-05 02:13:15+00:00,Unknown,121.5,2025,3,5
77072,55120,21286,1,35.5,2025-02-28 04:25:34+00:00,Unknown,35.5,2025,2,28
77391,53872,21154,1,70.5,2024-08-17 13:02:38+00:00,Unknown,70.5,2024,8,17
77541,55393,21007,1,33.0,2025-06-08 17:24:36+00:00,Unknown,33.0,2025,6,8
81958,53106,21423,1,74.0,2025-01-24 19:06:29+00:00,Unknown,74.0,2025,1,24
82372,55491,21069,1,27.59,2024-07-05 03:01:18+00:00,Unknown,27.59,2024,7,5
78424,53475,21453,1,84.6,2024-08-04 20:15:53+00:00,Unknown,84.6,2024,8,4
76477,53954,21107,1,65.5,2025-01-31 00:55:51+00:00,Unknown,65.5,2025,1,31
74464,53390,21396,1,35.25,2025-05-08 07:11:00+00:00,Unknown,35.25,2025,5,8
80853,54327,21197,2,84.6,2025-07-04 23:21:57+00:00,Unknown,169.2,2025,7,4
78452,54035,21236,1,72.25,2024-10-27 21:34:23+00:00,"22516 Goyette Parks, Cummingsbury, VA 00023-9313",72.25,2024,10,27
78520,53264,21278,1,35.75,2024-10-02 12:30:17+00:00,Unknown,35.75,2024,10,2
77570,55245,21318,5,52.75,2024-12-26 10:18:00+00:00,Unknown,263.75,2024,12,26
79458,54804,21631,1,18.9,2024-06-26 17:05:07+00:00,Unknown,18.9,2024,6,26
82827,54323,21280,2,19.0,2025-01-03 17:48:36+00:00,Unknown,38.0,2025,1,3
82707,55433,21052,1,71.0,2024-09-07 12:16:40+00:00,"Suite 140 79943 Gilbert Burgs, South Kerryberg, NY 51374",71.0,2024,9,7
79653,55156,20936,1,58.0,2024-07-30 21:26:00+00:00,"9522 Lueilwitz Mews, Bartonport, MA 59200",58.0,2024,7,30
82835,55610,21263,1,60.0,2025-05-09 08:23:40+00:00,Unknown,60.0,2025,5,9
81884,53675,21411,1,28.2,2025-06-26 08:14:00+00:00,Unknown,28.2,2025,6,26
79521,54114,21604,3,53.99,2024-11-05 13:06:16+00:00,Unknown,161.97,2024,11,5
75921,55680,21622,2,38.0,2024-09-14 05:02:10+00:00,Unknown,76.0,2024,9,14
81253,54382,21062,2,75.5,2025-01-07 14:52:43.444000+00:00,Unknown,151.0,2025,1,7
80836,55258,21528,1,88.2,2025-02-06 14:16:25+00:00,Unknown,88.2,2025,2,6
78834,53451,20987,3,68.25,2024-11-06 09:29:00+00:00,Unknown,204.75,2024,11,6
79910,54764,21218,5,42.5,2024-05-06 19:03:02+00:00,Unknown,212.5,2024,5,6
77467,53909,21177,2,23.5,2024-11-17 03:30:25+00:00,Unknown,47.0,2024,11,17
81409,55158,21487,1,70.0,2025-07-12 14:07:44+00:00,Unknown,70.0,2025,7,12
80109,54597,21572,5,31.5,2024-05-25 11:46:05+00:00,"37132 Elliott Inlet, Lindgrenfort, LA 09208-9342",157.5,2024,5,25
77225,55785,21289,1,47.0,2025-01-25 13:32:00+00:00,Unknown,47.0,2025,1,25
82954,55609,21242,1,60.25,2025-05-16 14:45:12+00:00,Unknown,60.25,2025,5,16
79562,55388,21256,2,63.0,2024-12-25 06:56:08+00:00,Unknown,126.0,2024,12,25
82009,53593,21162,2,54.75,2024-06-27 18:43:00+00:00,Unknown,109.5,2024,6,27
73871,55192,20948,1,73.0,2025-10-05 23:20:09+00:00,Unknown,73.0,2025,10,5
76588,55654,21656,1,72.5,2024-08-06 10:38:57+00:00,Unknown,72.5,2024,8,6
73986,55267,20948,2,91.19,2024-10-05 23:52:31+00:00,Unknown,182.38,2024,10,5
80442,55792,20982,1,41.99,2025-08-25 19:03:50+00:00,"Suite 838 18278 Darwin Park, Tillmanport, IN 82631",41.99,2025,8,25
81548,55343,20975,2,74.99,2025-08-01 23:21:16+00:00,"6350 Ronald Extension, West Nery, TX 08312-6487",149.98,2025,8,1
74279,54797,21468,4,65.0,2025-01-31 07:52:14+00:00,Unknown,260.0,2025,1,31
82846,53141,21473,1,60.99,2024-08-12 20:53:00+00:00,"39795 Heathcote Extensions, Clintburgh, MI 80398-6141",60.99,2024,8,12
75261,54739,21594,2,64.0,2024-09-19 12:17:00+00:00,"9376 Donald Extension, South Devonville, NM 73631",128.0,2024,9,19
79544,55784,21239,1,36.0,2025-04-18 03:28:56+00:00,Unknown,36.0,2025,4,18
82441,55268,21423,1,83.4,2024-05-20 10:41:00+00:00,Unknown,83.4,2024,5,20
76863,54411,21091,1,30.3,2025-03-15 22:39:28+00:00,Unknown,30.3,2025,3,15
74742,54714,21031,1,48.0,2025-02-23 21:09:08+00:00,Unknown,48.0,2025,2,23
80850,53856,21266,1,57.5,2025-02-03 21:14:40+00:00,Unknown,57.5,2025,2,3
82277,53994,21185,2,38.7,2025-01-01 22:23:28+00:00,Unknown,77.4,2025,1,1
81158,55096,21526,3,30.0,2024-09-14 05:30:46.599000+00:00,"Suite 226 5245 Ilene Ridge, East Tishburgh, MN 43215",90.0,2024,9,14
80595,54124,20925,1,45.75,2025-01-29 13:07:12+00:00,Unknown,45.75,2025,1,29
73350,53074,21500,3,85.2,2024-09-30 11:03:34+00:00,"Apt. 996 151 Garland Skyway, Port Neville, NH 79265",255.6,2024,9,30
80292,53056,21054,2,24.0,2025-02-14 10:19:23+00:00,"3136 Eddie Ferry, Willieside, MO 18838-5195",48.0,2025,2,14
74013,55666,21330,2,43.5,2025-01-05 09:02:23+00:00,Unknown,87.0,2025,1,5
83018,53306,21245,1,57.9,2025-01-24 22:25:51+00:00,Unknown,57.9,2025,1,24
76541,55011,21558,1,27.6,2024-06-02 10:28:09+00:00,"10885 Rice Glens, Tillmanbury, MN 28449-9102",27.6,2024,6,2
79549,53169,21195,1,46.79,2024-03-20 17:35:35+00:00,Unknown,46.79,2024,3,20
78592,53267,21560,2,54.75,2024-10-04 10:13:27+00:00,Unknown,109.5,2024,10,4
80353,54890,20920,1,22.2,2024-11-27 01:34:50+00:00,Unknown,22.2,2024,11,27
76213,55628,21326,1,72.75,2024-08-09 19:01:48+00:00,"24732 Lucien Squares, Connborough, WV 86601",72.75,2024,8,9
78887,53213,21371,1,18.0,2025-03-10 10:35:11+00:00,Unknown,18.0,2025,3,10
73792,54238,21551,1,42.99,2024-09-12 16:56:53+00:00,Unknown,42.99,2024,9,12
80619,53889,20925,1,42.99,2025-01-06 10:37:32+00:00,Unknown,42.99,2025,1,6
81669,53353,21011,1,37.0,2024-11-27 00:25:20.437000+00:00,Unknown,37.0,2024,11,27
77270,53365,21156,1,72.5,2024-10-26 11:15:24+00:00,Unknown,72.5,2024,10,26
76309,53190,21519,1,60.0,2024-08-20 21:49:33+00:00,Unknown,60.0,2024,8,20
79053,54244,21132,1,22.8,2025-03-03 15:13:42+00:00,Unknown,22.8,2025,3,3
76721,53890,21246,1,42.25,2024-09-05 02:09:42+00:00,Unknown,42.25,2024,9,5
73326,53963,21573,1,32.4,2024-05-14 22:26:51+00:00,Unknown,32.4,2024,5,14
77210,54676,21476,1,71.0,2025-02-24 06:47:39+00:00,"621 Morgan Expressway, Vernonborough, MO 71495-9582",71.0,2025,2,24
77574,55188,21227,1,84.0,2024-12-01 01:58:00+00:00,"441 Kim Avenue, Balistreriview, NE 80409-0558",84.0,2024,12,1
79162,55828,20939,1,70.0,2024-05-13 12:54:05+00:00,Unknown,70.0,2024,5,13
80709,54088,21312,1,63.25,2024-11-13 13:55:11.355000+00:00,Unknown,63.25,2024,11,13
80458,53943,21585,4,44.0,2024-11-30 17:45:48+00:00,"22571 Shena Oval, West Mellissastad, MN 91780",176.0,2024,11,30
80172,54701,21178,1,57.59,2025-02-06 19:32:11+00:00,Unknown,57.59,2025,2,6
78081,54247,20982,1,39.5,2025-03-16 11:57:13+00:00,Unknown,39.5,2025,3,16
78708,54773,21567,1,58.75,2025-01-07 01:02:43+00:00,"2397 Shante Lock, Rutherfordtown, MT 20374",58.75,2025,1,7
77239,54173,21140,1,86.4,2024-09-24 08:42:34+00:00,Unknown,86.4,2024,9,24
80857,55745,21235,1,48.0,2025-03-25 05:12:48+00:00,"Apt. 855 850 Wyman Falls, Lake Edgardofort, DE 34725",48.0,2025,3,25
75808,55148,20940,1,61.5,2024-07-24 10:44:12+00:00,Unknown,61.5,2024,7,24
76763,55441,20986,1,67.0,2025-06-02 22:46:00+00:00,"185 Alden Lock, Lake Broderickhaven, MD 75939",67.0,2025,6,2
81996,55418,21070,1,27.6,2025-06-22 11:09:00+00:00,Unknown,27.6,2025,6,22
76420,53317,21555,1,61.0,2024-12-20 10:27:00+00:00,Unknown,61.0,2024,12,20
75471,55814,20982,1,47.1,2024-07-20 15:35:51+00:00,Unknown,47.1,2024,7,20
79937,55259,21314,2,17.1,2025-04-28 00:20:37+00:00,Unknown,34.2,2025,4,28
83153,53515,21266,1,58.75,2024-12-31 02:00:35.744000+00:00,Unknown,58.75,2024,12,31
73387,54516,21372,1,40.8,2024-06-06 02:19:21+00:00,Unknown,40.8,2024,6,6
73693,53840,21107,1,79.8,2025-09-18 14:54:42+00:00,Unknown,79.8,2025,9,18
77936,55180,21640,1,64.8,2024-04-19 18:42:38+00:00,Unknown,64.8,2024,4,19
75432,55075,21275,1,66.25,2025-06-20 17:08:00+00:00,"Suite 641 750 Cormier Drive, Rosalbaview, NE 75938",66.25,2025,6,20
80134,53646,20976,1,61.19,2024-06-22 05:19:00+00:00,Unknown,61.19,2024,6,22
82200,54729,21268,1,50.25,2024-12-12 10:27:52+00:00,Unknown,50.25,2024,12,12
80872,54634,21241,3,19.8,2024-09-21 10:34:57+00:00,Unknown,59.4,2024,9,21
77532,55086,21593,1,61.5,2024-07-20 18:20:53+00:00,Unknown,61.5,2024,7,20
75393,55822,21453,3,66.5,2025-02-15 13:08:19+00:00,Unknown,199.5,2025,2,15
79936,54850,21424,1,38.4,2024-12-11 05:20:24+00:00,"4604 Kertzmann River, Lake Jarod, MD 59069",38.4,2024,12,11
78643,54409,20974,2,65.0,2024-07-11 09:15:22+00:00,Unknown,130.0,2024,7,11
77598,55453,20968,1,83.7,2024-12-02 06:51:36+00:00,"202 Adena Field, Port Manualport, NV 18516-8708",83.7,2024,12,2
82377,53790,21483,1,79.2,2025-03-11 17:04:14+00:00,"453 Pacocha Lake, West Neal, HI 36720",79.2,2025,3,11
75866,53426,21220,2,18.75,2024-12-12 11:41:04+00:00,Unknown,37.5,2024,12,12
73864,53445,21205,1,28.0,2024-12-29 00:46:22+00:00,Unknown,28.0,2024,12,29
74907,53313,21195,2,42.5,2024-07-22 11:53:07+00:00,Unknown,85.0,2024,7,22
77418,53591,20946,5,26.4,2024-08-07 03:27:00+00:00,Unknown,132.0,2024,8,7
73702,55376,21602,1,69.0,2024-10-27 20:47:27+00:00,Unknown,69.0,2024,10,27
78978,54413,21188,1,50.99,2025-06-03 15:15:00+00:00,Unknown,50.99,2025,6,3
74845,53688,21472,3,62.5,2024-11-27 20:07:56.660000+00:00,Unknown,187.5,2024,11,27
79043,53610,21455,5,57.0,2024-12-13 12:37:48+00:00,Unknown,285.0,2024,12,13
76051,53979,21419,2,81.59,2024-06-05 23:47:29+00:00,Unknown,163.18,2024,6,5
75201,55520,21298,1,31.8,2025-03-11 20:19:00+00:00,Unknown,31.8,2025,3,11
78257,54093,21508,1,32.99,2024-08-19 18:24:05+00:00,"47714 Bartell Plains, Port Chasity, CA 80840",32.99,2024,8,19
79900,53830,21605,1,25.75,2025-01-23 10:57:00+00:00,Unknown,25.75,2025,1,23
80540,55447,21389,1,36.75,2025-01-17 18:37:00+00:00,Unknown,36.75,2025,1,17
74421,53227,20931,2,56.0,2024-09-27 13:25:16+00:00,Unknown,112.0,2024,9,27
73687,53884,21141,2,23.0,2024-10-02 21:53:45+00:00,Unknown,46.0,2024,10,2
79858,53933,21213,1,19.25,2025-06-27 20:34:01.171000+00:00,"Apt. 991 923 Davis Row, New Luannside, IA 36234",19.25,2025,6,27
80613,53903,21488,1,27.99,2024-10-01 23:19:15+00:00,Unknown,27.99,2024,10,1
81605,55325,21553,1,21.6,2024-05-09 16:33:51+00:00,Unknown,21.6,2024,5,9
78118,53543,21568,2,71.25,2025-03-13 06:04:45+00:00,Unknown,142.5,2025,3,13
83030,53516,21513,1,42.5,2024-12-27 10:50:00+00:00,Unknown,42.5,2024,12,27
77108,53358,21254,1,48.0,2025-05-09 20:40:00+00:00,Unknown,48.0,2025,5,9
82364,53786,21205,1,29.25,2025-05-12 00:21:49+00:00,Unknown,29.25,2025,5,12
75458,55552,21587,3,14.0,2024-09-29 03:55:04+00:00,"67880 Federico Trail, McCulloughborough, NV 93479-8341",42.0,2024,9,29
77888,53871,20978,1,70.79,2024-11-02 09:11:40+00:00,Unknown,70.79,2024,11,2
80773,55285,21611,1,62.5,2025-01-08 08:21:43+00:00,Unknown,62.5,2025,1,8
79176,54321,21276,1,37.2,2024-11-23 08:42:53+00:00,"63160 Sipes Neck, East Dwaynebury, OK 85349",37.2,2024,11,23
74359,55294,21311,1,18.0,2024-12-04 04:40:46+00:00,Unknown,18.0,2024,12,4
80899,54967,20920,1,17.0,2024-09-11 01:32:12+00:00,Unknown,17.0,2024,9,11
77939,55068,21592,2,28.75,2025-03-16 13:49:37+00:00,Unknown,57.5,2025,3,16
73803,54463,21176,2,24.0,2024-06-03 08:09:21+00:00,Unknown,48.0,2024,6,3
75394,54342,21512,1,57.75,2024-10-27 02:17:27+00:00,"Apt. 185 969 Grady Junctions, West Tinafort, KS 67931",57.75,2024,10,27
80676,53559,21035,1,40.25,2024-11-21 00:46:18+00:00,Unknown,40.25,2024,11,21
76626,53109,20953,3,44.0,2024-08-10 05:04:47+00:00,Unknown,132.0,2024,8,10
79997,54356,21558,1,25.0,2024-12-19 08:30:25+00:00,"19231 Idalia Lodge, Derekberg, OR 33853-3827",25.0,2024,12,19
81675,54589,21418,1,59.0,2024-11-21 13:02:03+00:00,Unknown,59.0,2024,11,21
73409,55460,21220,2,16.75,2025-01-22 07:36:00+00:00,Unknown,33.5,2025,1,22
78818,54559,21081,2,74.5,2024-12-23 16:59:00+00:00,Unknown,149.0,2024,12,23
75997,54717,21494,2,27.75,2025-05-31 09:47:29+00:00,Unknown,55.5,2025,5,31
78934,53778,20986,1,77.4,2025-02-23 10:51:00+00:00,Unknown,77.4,2025,2,23
80329,53604,21369,1,60.5,2024-10-01 09:09:41+00:00,Unknown,60.5,2024,10,1
74325,53270,21385,3,21.6,2024-10-16 07:05:59+00:00,Unknown,64.8,2024,10,16
82959,54751,21491,4,60.99,2025-07-10 07:39:00+00:00,Unknown,243.96,2025,7,10
83017,55385,21352,2,45.3,2024-11-13 04:10:00+00:00,Unknown,90.6,2024,11,13
80048,55249,21418,1,63.0,2024-12-13 07:24:39+00:00,Unknown,63.0,2024,12,13
81159,53094,21380,1,40.2,2025-04-06 13:33:00+00:00,"Apt. 866 91678 Hobert Heights, Wuckertburgh, OH 93174-5299",40.2,2025,4,6
80691,55665,20955,2,73.5,2025-04-07 13:21:33+00:00,"539 Sol Forks, Brownberg, AL 15708",147.0,2025,4,7
78644,54087,21036,1,63.75,2025-03-29 12:19:19+00:00,Unknown,63.75,2025,3,29
81546,53799,21258,1,23.99,2025-04-16 19:34:00+00:00,Unknown,23.99,2025,4,16
83091,53403,21154,2,67.5,2024-10-10 05:21:49+00:00,Unknown,135.0,2024,10,10
77082,55178,21475,2,35.0,2024-05-25 07:15:09+00:00,"68709 Balistreri Divide, Port Chasechester, LA 73077",70.0,2024,5,25
76764,55328,21175,1,23.25,2025-05-19 20:48:06+00:00,"Apt. 951 6016 Darrick Field, New Angla, TN 12517",23.25,2025,5,19
82512,53983,21072,1,87.6,2024-12-16 20:15:45+00:00,Unknown,87.6,2024,12,16
82637,53559,21215,1,15.5,2025-01-07 14:32:52+00:00,Unknown,15.5,2025,1,7
83021,54855,21169,2,60.25,2024-07-13 22:25:03+00:00,Unknown,120.5,2024,7,13
79123,55724,20993,1,32.7,2024-08-09 15:51:16+00:00,Unknown,32.7,2024,8,9
75749,53943,21267,1,47.99,2025-04-24 23:10:19+00:00,"22571 Shena Oval, West Mellissastad, MN 91780",47.99,2025,4,24
79893,53531,21590,1,31.0,2024-12-05 20:45:20+00:00,"8929 Rippin Inlet, Port Nathaniel, UT 89520-3000",31.0,2024,12,5
79157,53155,21582,1,68.4,2024-01-26 00:18:35+00:00,"Apt. 652 45096 Glover Squares, Rickibury, WV 11574-3652",68.4,2024,1,26
73827,54160,21402,1,65.99,2025-02-20 00:49:39+00:00,Unknown,65.99,2025,2,20
75148,54264,21549,1,62.1,2024-11-06 12:08:23+00:00,Unknown,62.1,2024,11,6
76744,55152,21398,1,23.75,2024-10-20 23:49:34+00:00,Unknown,23.75,2024,10,20
81796,53890,21500,2,75.0,2024-07-13 15:25:22.884000+00:00,Unknown,150.0,2024,7,13
73468,53509,20965,1,57.25,2024-11-02 23:02:31+00:00,"2513 Franecki Glens, Hobertshire, TX 99131-5208",57.25,2024,11,2
76714,55568,21532,1,43.8,2025-08-07 02:22:00+00:00,Unknown,43.8,2025,8,7
82964,54664,21001,1,37.99,2025-04-21 17:31:48+00:00,Unknown,37.99,2025,4,21
75763,55620,21349,1,60.0,2025-05-28 23:05:00+00:00,"Apt. 833 266 Bayer Street, Denesikstad, MS 45113-9304",60.0,2025,5,28
82051,54869,21394,2,53.4,2024-09-10 13:18:00+00:00,Unknown,106.8,2024,9,10
81823,53214,21590,1,31.75,2024-11-16 23:28:00+00:00,Unknown,31.75,2024,11,16
77761,53488,21230,1,25.0,2025-03-21 21:11:23+00:00,Unknown,25.0,2025,3,21
77237,55264,21551,1,44.4,2025-01-20 05:26:00+00:00,Unknown,44.4,2025,1,20
80453,55781,20922,1,65.0,2024-05-29 15:29:54+00:00,"Suite 178 5489 Bosco Road, Johnstonshire, MN 37165-4265",65.0,2024,5,29
78041,55123,21578,1,41.0,2024-05-22 10:47:13+00:00,"Suite 968 41583 Ward Trafficway, Vinceland, ND 65052",41.0,2024,5,22
76445,54539,21359,1,73.25,2025-02-19 14:03:00+00:00,Unknown,73.25,2025,2,19
73441,54421,21158,5,27.0,2025-01-07 20:58:23.375000+00:00,Unknown,135.0,2025,1,7
77509,55330,21543,1,27.75,2025-06-08 11:14:13+00:00,"6142 Ervin Crest, West Ronald, TN 73073-1211",27.75,2025,6,8
75038,55642,21478,1,66.75,2024-04-29 18:51:00+00:00,"Suite 838 694 Robel Fall, Greenfeldermouth, VT 97938",66.75,2024,4,29
73452,55061,20982,1,43.5,2024-10-02 13:31:00+00:00,Unknown,43.5,2024,10,2
75853,54008,21095,1,58.2,2024-12-17 12:59:00+00:00,Unknown,58.2,2024,12,17
83083,53580,21419,1,72.25,2024-12-23 14:58:18.762000+00:00,Unknown,72.25,2024,12,23
73595,53768,21586,1,22.2,2025-03-28 14:05:00+00:00,"Suite 831 33931 Ona Circle, Santobury, OH 38329",22.2,2025,3,28
79663,55179,21348,1,24.25,2025-01-07 23:42:42+00:00,Unknown,24.25,2025,1,7
81844,54161,21454,4,40.25,2025-01-30 23:14:23+00:00,Unknown,161.0,2025,1,30
76468,55291,20973,1,31.99,2024-06-18 16:32:00+00:00,Unknown,31.99,2024,6,18
82137,53685,21056,1,55.8,2024-10-08 08:28:37+00:00,"8407 Wunsch Street, Carltonmouth, RI 34566",55.8,2024,10,8
80531,53464,21456,1,56.5,2024-11-22 06:04:27+00:00,Unknown,56.5,2024,11,22
77823,54560,21580,1,64.5,2024-07-23 01:06:24+00:00,"66808 Hilton Cliffs, New Hedwig, DE 17634-5285",64.5,2024,7,23
77702,53270,21387,1,19.99,2025-06-02 00:21:46.155000+00:00,"8977 Kilback Knolls, New Craigborough, WY 83192",19.99,2025,6,2
80511,54697,21655,5,29.0,2024-12-07 04:18:47+00:00,Unknown,145.0,2024,12,7
82018,55062,21655,1,28.5,2024-09-03 08:18:44+00:00,Unknown,28.5,2024,9,3
75258,55588,21550,2,45.9,2024-11-12 12:52:35+00:00,"Suite 269 36010 Zulauf Locks, East Kaitlin, CT 99506",91.8,2024,11,12
76888,55137,21233,1,48.3,2024-09-21 12:54:39+00:00,Unknown,48.3,2024,9,21
76176,53368,21509,1,19.5,2025-02-13 11:31:13+00:00,Unknown,19.5,2025,2,13
82392,53255,21003,1,39.75,2024-10-28 08:02:07+00:00,"659 Champlin Summit, New Ava, SD 11205-4062",39.75,2024,10,28
74730,54734,21060,3,40.79,2024-09-09 20:12:00+00:00,"574 Fred Ranch, Kuphalville, SD 21880",122.37,2024,9,9
79376,54592,21344,1,48.5,2024-12-10 05:08:09+00:00,Unknown,48.5,2024,12,10
81573,53968,21077,1,79.2,2025-03-24 04:42:00+00:00,Unknown,79.2,2025,3,24
74746,54760,21074,1,86.4,2024-11-04 10:47:11+00:00,Unknown,86.4,2024,11,4
76099,55468,21025,1,64.8,2024-10-30 11:55:03+00:00,"172 Eddie Way, Lake Lonnie, PA 73277",64.8,2024,10,30
80343,55734,21345,1,57.25,2025-02-25 20:50:00+00:00,Unknown,57.25,2025,2,25
74414,55733,21145,1,18.5,2024-11-26 15:22:51+00:00,Unknown,18.5,2024,11,26
75017,54105,21251,1,29.75,2024-09-03 08:32:52.910000+00:00,Unknown,29.75,2024,9,3
77299,54076,21403,2,27.99,2024-08-28 04:15:40+00:00,Unknown,55.98,2024,8,28
79437,55117,21437,4,64.25,2024-12-03 15:01:24+00:00,Unknown,257.0,2024,12,3
73898,53903,21418,1,60.0,2025-03-20 22:49:23+00:00,Unknown,60.0,2025,3,20
79017,54424,21009,1,75.9,2025-10-06 23:51:43+00:00,Unknown,75.9,2025,10,6
78522,54871,20933,1,20.75,2025-01-10 17:21:00+00:00,"Apt. 115 174 Dana Key, West Nadabury, ID 20666-2471",20.75,2025,1,10
73354,55681,21149,1,19.8,2025-06-03 01:31:23.848000+00:00,Unknown,19.8,2025,6,3
75584,55123,21101,1,18.0,2025-08-18 15:29:50+00:00,"Suite 968 41583 Ward Trafficway, Vinceland, ND 65052",18.0,2025,8,18
77390,53193,21084,1,72.25,2025-04-19 10:51:30+00:00,Unknown,72.25,2025,4,19
77435,54410,21264,1,42.75,2024-04-09 01:37:37+00:00,Unknown,42.75,2024,4,9
76503,55167,21002,1,52.5,2024-07-27 08:15:23+00:00,Unknown,52.5,2024,7,27
82887,54455,21423,1,85.2,2024-12-26 09:55:31+00:00,"Apt. 426 33015 Kraig Manor, South Mickeyport, NV 92521-7905",85.2,2024,12,26
74594,53264,21573,1,30.6,2025-01-10 21:32:08+00:00,"Apt. 877 900 McClure Mission, South Buenachester, NE 46667-9317",30.6,2025,1,10
80672,55794,21643,1,32.75,2024-11-29 20:12:01+00:00,Unknown,32.75,2024,11,29
79239,54837,21255,1,50.1,2025-02-13 23:00:48+00:00,Unknown,50.1,2025,2,13
75055,53414,21651,5,55.5,2024-10-10 15:37:00+00:00,Unknown,277.5,2024,10,10
76861,54295,21178,1,60.6,2024-08-28 23:32:49+00:00,Unknown,60.6,2024,8,28
81919,54786,21366,1,69.0,2024-08-12 00:17:42+00:00,Unknown,69.0,2024,8,12
80654,53561,21113,1,54.0,2024-07-25 01:32:12+00:00,Unknown,54.0,2024,7,25
75925,54745,21319,1,49.99,2025-07-02 06:23:00+00:00,Unknown,49.99,2025,7,2
80883,55372,21491,2,63.0,2025-03-04 14:45:38+00:00,Unknown,126.0,2025,3,4
73667,54566,21076,3,57.0,2024-12-17 22:17:21+00:00,Unknown,171.0,2024,12,17
79173,54108,21081,1,69.99,2025-01-10 12:07:24+00:00,"Apt. 596 7205 Shameka Knolls, South Clarine, NJ 47505",69.99,2025,1,10
80347,54759,21418,1,64.25,2025-02-02 20:36:56+00:00,Unknown,64.25,2025,2,2
78495,53485,21051,1,71.75,2025-02-14 16:35:42+00:00,Unknown,71.75,2025,2,14
73377,53634,21298,1,27.0,2024-08-13 22:04:00+00:00,Unknown,27.0,2024,8,13
77872,54238,21252,2,49.0,2024-12-26 21:20:12.161000+00:00,Unknown,98.0,2024,12,26
81935,54528,21654,1,16.79,2024-08-22 21:22:56+00:00,Unknown,16.79,2024,8,22
73619,53478,21652,1,49.0,2025-08-30 16:29:41.451000+00:00,Unknown,49.0,2025,8,30
76155,53091,21343,2,20.7,2025-02-23 19:48:16+00:00,Unknown,41.4,2025,2,23
76601,53214,21255,1,40.75,2025-02-12 15:25:10+00:00,"Apt. 421 24296 Lang Views, Feeneyside, WI 75929",40.75,2025,2,12
76779,53672,20970,1,39.0,2024-09-09 02:42:00+00:00,"Suite 544 204 O'Hara Flats, Antonettaton, SD 73663",39.0,2024,9,9
80383,53814,21103,1,68.75,2024-10-01 07:36:45+00:00,Unknown,68.75,2024,10,1
78647,55022,21630,5,54.5,2025-03-20 01:15:30+00:00,Unknown,272.5,2025,3,20
75238,53853,21456,1,64.8,2024-03-15 08:37:15+00:00,Unknown,64.8,2024,3,15
75304,55365,20965,4,70.8,2024-12-23 16:50:07+00:00,Unknown,283.2,2024,12,23
75738,54854,21034,1,44.0,2024-05-25 03:09:20+00:00,Unknown,44.0,2024,5,25
76424,54442,21527,2,73.5,2024-09-07 08:32:18+00:00,Unknown,147.0,2024,9,7
78686,55487,21404,1,45.0,2025-01-09 19:12:19+00:00,"96608 Galen Freeway, Mandatown, CT 83549-5944",45.0,2025,1,9
73851,54252,21398,1,25.25,2025-02-17 03:22:46+00:00,Unknown,25.25,2025,2,17
82733,54063,21220,1,17.0,2024-08-05 06:17:36+00:00,Unknown,17.0,2024,8,5
75268,54243,21216,1,31.0,2024-10-25 03:31:00+00:00,Unknown,31.0,2024,10,25
76893,54646,21555,2,61.5,2024-11-20 22:58:00+00:00,Unknown,123.0,2024,11,20
74275,53582,21438,1,80.1,2024-07-14 19:50:00+00:00,"7484 Medhurst Alley, Shadstad, HI 74282-8398",80.1,2024,7,14
78403,54895,21431,2,77.4,2024-11-03 16:56:31+00:00,Unknown,154.8,2024,11,3
75085,55122,21447,2,63.0,2025-02-26 15:19:00+00:00,"Apt. 962 9859 Will River, Hermannport, ND 78872",126.0,2025,2,26
83139,54609,21335,1,70.0,2024-12-27 03:28:00+00:00,Unknown,70.0,2024,12,27
75077,54215,21622,1,44.4,2024-12-24 07:06:13+00:00,Unknown,44.4,2024,12,24
79056,54396,21076,1,55.5,2025-05-11 20:54:00+00:00,"Suite 330 26672 Bode Union, Handport, MS 21366",55.5,2025,5,11
81768,53053,21332,1,43.75,2025-03-14 04:54:00+00:00,"Suite 660 284 Cole Springs, Tommiehaven, WY 64447-6800",43.75,2025,3,14
75890,55111,21403,2,23.25,2025-02-08 10:59:17+00:00,"Apt. 998 267 Schulist Shoal, Daughertytown, AK 03515",46.5,2025,2,8
77017,55189,21442,3,71.75,2024-09-12 02:21:11+00:00,Unknown,215.25,2024,9,12
75247,55056,21519,3,58.2,2025-07-01 14:16:22+00:00,Unknown,174.6,2025,7,1
79828,54149,21297,1,70.5,2024-10-14 14:10:43+00:00,"Apt. 235 63603 Yost Course, Dorothymouth, AK 56222",70.5,2024,10,14
74405,54269,21232,1,59.5,2025-01-05 22:25:00+00:00,"197 Chi Center, Groverhaven, ME 93867-0353",59.5,2025,1,5
74966,54852,21045,1,22.99,2025-03-22 07:00:00+00:00,Unknown,22.99,2025,3,22
80681,53652,20968,4,79.19,2025-03-28 05:33:11+00:00,Unknown,316.76,2025,3,28
80502,53653,20934,1,20.4,2024-10-16 12:53:58+00:00,Unknown,20.4,2024,10,16
74369,54992,21450,1,49.0,2024-10-19 14:19:32+00:00,Unknown,49.0,2024,10,19
75696,53808,21364,1,66.75,2025-03-31 15:29:15+00:00,Unknown,66.75,2025,3,31
81937,55823,21385,1,21.99,2024-12-05 11:16:40+00:00,Unknown,21.99,2024,12,5
74147,54085,20935,2,39.3,2025-01-20 03:58:52+00:00,Unknown,78.6,2025,1,20
78010,55319,20975,1,73.0,2025-03-13 11:25:45+00:00,"3368 Katina Heights, Adamstown, OH 69789-0418",73.0,2025,3,13
82319,53501,21135,2,72.5,2024-12-19 10:07:00+00:00,Unknown,145.0,2024,12,19
77775,53495,21315,2,65.75,2024-08-05 18:49:41+00:00,Unknown,131.5,2024,8,5
81107,54979,20982,1,44.75,2025-05-25 12:33:12+00:00,Unknown,44.75,2025,5,25
79962,55673,21366,1,54.75,2024-08-18 09:20:00+00:00,Unknown,54.75,2024,8,18
78373,53865,21146,1,50.0,2025-05-05 17:08:12+00:00,Unknown,50.0,2025,5,5
82652,55060,21621,1,52.5,2024-05-26 08:53:00+00:00,"Apt. 225 99294 Greenholt Harbor, Port Chesterton, NY 67945-2635",52.5,2024,5,26
81908,55076,20968,1,69.0,2024-07-31 12:55:19+00:00,Unknown,69.0,2024,7,31
78238,53783,21052,1,74.0,2025-01-15 21:42:40+00:00,Unknown,74.0,2025,1,15
75117,53204,21036,1,61.0,2024-09-16 20:39:50+00:00,Unknown,61.0,2024,9,16
76015,54079,20995,1,59.99,2025-05-22 11:06:00+00:00,Unknown,59.99,2025,5,22
77743,53970,20929,1,46.0,2025-06-04 14:31:49+00:00,Unknown,46.0,2025,6,4
82723,55745,21495,2,22.8,2024-11-03 12:37:00+00:00,"Apt. 855 850 Wyman Falls, Lake Edgardofort, DE 34725",45.6,2024,11,3
76739,53987,21280,3,22.8,2024-05-09 14:23:55+00:00,"Apt. 813 8872 Harber Islands, Streichfort, NY 99247",68.4,2024,5,9
81477,55500,21343,2,24.0,2024-09-16 03:32:04+00:00,Unknown,48.0,2024,9,16
78929,55049,20918,1,18.3,2025-02-20 17:44:55+00:00,Unknown,18.3,2025,2,20
82585,53870,20993,1,29.0,2024-11-18 20:28:00+00:00,Unknown,29.0,2024,11,18
83143,54513,21385,1,21.25,2024-05-10 06:17:17+00:00,Unknown,21.25,2024,5,10
81963,54791,21456,1,64.2,2024-11-23 15:13:48+00:00,"Suite 620 10038 Rippin Meadows, East Josphineberg, IN 54855",64.2,2024,11,23
74504,55382,21156,1,82.8,2024-06-11 23:05:16+00:00,Unknown,82.8,2024,6,11
75122,53329,21365,1,52.0,2025-01-06 11:14:00+00:00,Unknown,52.0,2025,1,6
78881,53426,21129,1,39.25,2024-04-25 22:42:00+00:00,Unknown,39.25,2024,4,25
81761,55059,21081,1,72.5,2025-04-08 01:00:40+00:00,Unknown,72.5,2025,4,8
74668,54435,21133,1,71.75,2025-04-06 08:17:00+00:00,Unknown,71.75,2025,4,6
82583,53150,20997,1,70.5,2025-01-10 23:38:34+00:00,"Suite 540 677 Estella Lodge, West Adrieneview, CA 37483-9215",70.5,2025,1,10
78523,55593,21502,1,39.6,2024-10-14 08:41:56+00:00,"36937 King Place, Gutmannshire, UT 87778",39.6,2024,10,14
78796,55457,21227,1,87.59,2024-05-11 23:37:00+00:00,Unknown,87.59,2024,5,11
76799,55555,21448,1,17.4,2024-11-13 15:25:07+00:00,Unknown,17.4,2024,11,13
76241,54331,21181,1,46.5,2024-06-04 06:04:34+00:00,Unknown,46.5,2024,6,4
75063,53535,21368,2,26.0,2025-04-21 20:08:22+00:00,Unknown,52.0,2025,4,21
76328,54989,21176,1,26.5,2025-01-30 11:09:50+00:00,"Apt. 492 38951 Palma Plaza, Port Kimberleychester, WA 12007",26.5,2025,1,30
74940,53747,21107,1,64.0,2024-04-25 18:32:24+00:00,Unknown,64.0,2024,4,25
79542,55482,21437,1,64.99,2024-09-09 11:43:36+00:00,Unknown,64.99,2024,9,9
79977,53747,21196,3,42.25,2025-04-13 16:35:54+00:00,Unknown,126.75,2025,4,13
77935,53386,21292,1,40.0,2025-07-03 15:16:00+00:00,Unknown,40.0,2025,7,3
78488,54232,21016,1,89.99,2024-11-13 23:08:48+00:00,Unknown,89.99,2024,11,13
76695,55546,21269,3,33.5,2025-01-14 03:40:00+00:00,"Apt. 250 4624 Luettgen Ferry, South Hollisport, AR 80853",100.5,2025,1,14
74257,55402,21228,5,27.0,2024-06-02 05:01:37+00:00,Unknown,135.0,2024,6,2
74952,55828,21340,2,20.75,2024-11-19 22:37:19+00:00,Unknown,41.5,2024,11,19
76196,55402,21527,1,69.6,2025-07-02 18:12:00+00:00,Unknown,69.6,2025,7,2
79031,55248,21022,1,78.3,2025-04-13 06:48:48+00:00,"Apt. 991 9146 Laure Ramp, Kuhnfort, DE 74639",78.3,2025,4,13
75480,55652,21025,1,53.5,2024-04-25 20:34:57+00:00,Unknown,53.5,2024,4,25
78103,53971,21631,1,20.4,2024-12-18 16:49:47+00:00,Unknown,20.4,2024,12,18
78252,54196,20948,4,88.79,2025-01-17 23:35:19+00:00,"6578 Adaline Row, East Shaniburgh, WI 17383-9654",355.16,2025,1,17
74157,53544,21236,2,69.0,2024-08-03 07:44:00+00:00,Unknown,138.0,2024,8,3
80428,55618,20988,1,73.2,2024-05-05 21:23:01+00:00,Unknown,73.2,2024,5,5
73699,53307,21000,1,36.9,2025-01-26 08:11:00+00:00,Unknown,36.9,2025,1,26
81048,54340,21004,1,18.25,2024-07-08 08:09:07+00:00,Unknown,18.25,2024,7,8
78218,53856,21183,1,51.0,2024-12-20 22:00:00+00:00,Unknown,51.0,2024,12,20
83023,55723,21021,4,43.5,2025-08-09 18:12:00+00:00,Unknown,174.0,2025,8,9
79731,54775,21004,1,26.4,2025-01-26 22:31:17+00:00,Unknown,26.4,2025,1,26
79393,54827,21061,1,49.5,2025-03-30 10:23:42+00:00,Unknown,49.5,2025,3,30
81793,55107,20938,1,27.5,2024-05-20 13:46:20+00:00,"Suite 202 1933 Emard Keys, West Annita, IL 18429-2492",27.5,2024,5,20
83078,55575,21532,1,39.5,2024-08-25 19:38:20+00:00,Unknown,39.5,2024,8,25
79435,53560,21316,2,22.99,2025-04-30 15:04:50+00:00,Unknown,45.98,2025,4,30
76166,55529,20930,1,36.25,2024-08-27 02:25:09.931000+00:00,Unknown,36.25,2024,8,27
78191,55179,21491,1,73.2,2025-01-30 07:20:38.704000+00:00,Unknown,73.2,2025,1,30
75979,53629,21345,4,68.7,2025-05-27 21:25:25+00:00,Unknown,274.8,2025,5,27
82482,53703,21432,1,71.0,2024-07-03 02:36:20+00:00,"817 Fisher Springs, Port Felipahaven, ME 15319-3664",71.0,2024,7,3
79404,54933,21627,1,20.0,2025-04-22 00:43:00+00:00,Unknown,20.0,2025,4,22
81765,54419,21344,1,51.25,2025-04-01 04:26:27+00:00,Unknown,51.25,2025,4,1
73991,54658,20990,3,25.2,2025-04-16 14:24:00+00:00,Unknown,75.6,2025,4,16
80407,54507,21136,2,72.0,2025-02-11 23:29:00+00:00,Unknown,144.0,2025,2,11
75418,55038,20933,1,20.25,2025-03-25 05:57:28+00:00,"Apt. 631 759 Eloy Club, South Felton, OR 17187-7968",20.25,2025,3,25
75590,54871,21308,1,62.0,2025-03-27 07:38:58.687000+00:00,Unknown,62.0,2025,3,27
80496,53812,21322,1,23.5,2024-11-16 04:28:30+00:00,Unknown,23.5,2024,11,16
75532,54194,21521,1,63.59,2025-01-13 01:06:17+00:00,Unknown,63.59,2025,1,13
80962,54564,21334,1,46.8,2024-06-16 18:17:03+00:00,"Apt. 267 105 Graham Road, West Leandro, UT 45744",46.8,2024,6,16
82885,53721,21316,1,28.2,2024-09-17 07:53:41+00:00,Unknown,28.2,2024,9,17
76170,55362,21650,1,38.25,2024-11-03 11:03:04.414000+00:00,"Apt. 823 1485 Florencio Brook, Dachfurt, OK 54770-3122",38.25,2024,11,3
79219,55407,21172,1,15.0,2024-07-15 23:42:00+00:00,Unknown,15.0,2024,7,15
79891,55109,21025,1,60.9,2024-10-09 11:12:00+00:00,Unknown,60.9,2024,10,9
76612,54628,21141,1,24.0,2025-03-12 23:13:00+00:00,"Suite 374 3411 Ullrich Square, South Kirstinfurt, MA 75491-3784",24.0,2025,3,12
74977,55193,21469,2,72.0,2025-02-12 15:47:28+00:00,Unknown,144.0,2025,2,12
75550,55122,21564,2,36.25,2024-08-23 20:26:23+00:00,Unknown,72.5,2024,8,23
77085,55758,21599,1,15.5,2025-02-22 05:40:00+00:00,Unknown,15.5,2025,2,22
76047,55806,21090,1,60.6,2024-06-29 02:56:03+00:00,Unknown,60.6,2024,6,29
80059,53646,21519,1,51.99,2024-10-23 01:16:08+00:00,Unknown,51.99,2024,10,23
74543,55487,21171,1,75.6,2025-03-05 01:42:47+00:00,Unknown,75.6,2025,3,5
79300,54973,21083,1,18.0,2025-01-20 10:09:06+00:00,Unknown,18.0,2025,1,20
76478,54261,21655,1,30.0,2024-11-13 03:13:28+00:00,"Suite 755 31077 Rogelio Knolls, Annmariefort, RI 18209",30.0,2024,11,13
82596,53739,21021,2,46.0,2024-08-17 04:41:00+00:00,Unknown,92.0,2024,8,17
83159,55687,20998,1,54.0,2024-11-28 14:47:00+00:00,Unknown,54.0,2024,11,28
81174,55792,21101,1,24.9,2024-12-08 01:10:41+00:00,Unknown,24.9,2024,12,8
77436,53086,21517,3,68.25,2024-09-12 07:43:30+00:00,"Suite 698 88443 Justin Fork, Port Melodiestad, AR 75650",204.75,2024,9,12
74666,55071,21423,1,88.2,2025-06-01 19:06:00+00:00,Unknown,88.2,2025,6,1
79098,53859,21355,1,56.1,2024-11-18 21:49:21+00:00,Unknown,56.1,2024,11,18
76257,54857,21650,1,47.99,2024-08-24 22:38:49+00:00,"27067 Ellis Mountains, New Arthurborough, KY 66430-9560",47.99,2024,8,24
76750,53964,21582,1,56.5,2024-10-26 02:03:34+00:00,Unknown,56.5,2024,10,26
79288,53948,21158,1,30.6,2024-11-20 08:02:36.289000+00:00,Unknown,30.6,2024,11,20
76056,53421,21126,1,61.0,2025-06-03 05:18:19+00:00,Unknown,61.0,2025,6,3
79070,55607,20997,1,85.5,2024-04-24 02:07:07+00:00,"8604 Minh Tunnel, Lueilwitzton, ND 71909-4592",85.5,2024,4,24
74778,54793,21627,3,20.75,2024-09-25 12:30:05+00:00,"5998 Sharleen Prairie, Larsonchester, MS 49894-4055",62.25,2024,9,25
75603,53803,20983,1,17.0,2025-02-22 08:58:00+00:00,"372 Cliff Tunnel, Bryonside, OK 42911",17.0,2025,2,22
80713,55692,21600,1,47.0,2024-09-03 03:43:03+00:00,Unknown,47.0,2024,9,3
74547,54372,21294,1,28.2,2024-07-30 00:04:00+00:00,"616 Homenick Locks, Lake Darrickshire, OR 40368-2242",28.2,2024,7,30
74288,55581,21501,1,24.5,2024-05-06 20:35:49+00:00,"Suite 570 3758 Rupert Loop, South Rhett, VA 25420",24.5,2024,5,6
82231,54381,21290,2,66.0,2024-04-05 13:58:41+00:00,"Suite 959 84084 Sunny Estate, South Antonetteville, NJ 21099",132.0,2024,4,5
80348,55377,21280,1,24.0,2024-04-06 19:24:44+00:00,Unknown,24.0,2024,4,6
74064,55746,21381,2,39.3,2025-05-21 13:46:48+00:00,"56890 McKenzie Green, Reillyport, DE 43655",78.6,2025,5,21
82590,53350,21523,1,47.0,2024-05-26 05:13:00+00:00,Unknown,47.0,2024,5,26
76389,54227,21001,1,42.6,2025-03-30 00:19:00+00:00,"695 Schowalter Wells, Lonnyland, IA 91400",42.6,2025,3,30
76038,53035,21292,1,39.0,2025-04-07 23:30:00+00:00,Unknown,39.0,2025,4,7
75795,55448,21389,2,39.6,2024-10-26 09:32:22+00:00,Unknown,79.2,2024,10,26
75626,55541,20960,1,27.25,2025-04-09 23:25:34+00:00,"Suite 732 9882 Leuschke Mountains, East Dennyshire, MN 26471",27.25,2025,4,9
80089,54576,21641,1,68.25,2024-11-12 16:34:00+00:00,Unknown,68.25,2024,11,12
78332,53547,21622,1,45.6,2024-11-05 13:40:59+00:00,Unknown,45.6,2024,11,5
74059,54350,21392,1,72.75,2024-12-18 08:57:17+00:00,Unknown,72.75,2024,12,18
79861,54642,21430,1,32.5,2024-10-22 20:20:55+00:00,Unknown,32.5,2024,10,22
81207,54558,21431,1,61.0,2025-02-21 11:32:26.375000+00:00,"734 Tyler Ports, Huelsstad, RI 62837",61.0,2025,2,21
77178,55274,21540,1,63.5,2024-11-08 07:23:53+00:00,Unknown,63.5,2024,11,8
80689,53631,21543,2,28.99,2024-12-04 07:19:58+00:00,Unknown,57.98,2024,12,4
80585,54875,21000,1,27.99,2024-08-26 22:26:29.012000+00:00,"39968 Kuhn Wells, Kuphalville, KY 66256",27.99,2024,8,26
76664,55388,21422,1,24.5,2025-01-25 11:23:29+00:00,Unknown,24.5,2025,1,25
79422,54356,21468,1,67.5,2024-10-24 14:13:00+00:00,Unknown,67.5,2024,10,24
73954,53673,21638,1,59.25,2025-04-25 14:48:00+00:00,Unknown,59.25,2025,4,25
80432,55507,21333,1,30.0,2025-03-28 00:53:25+00:00,Unknown,30.0,2025,3,28
76752,55533,21636,1,53.99,2024-12-11 00:14:13+00:00,Unknown,53.99,2024,12,11
78245,55645,21406,1,55.99,2024-10-23 00:19:13+00:00,"Suite 411 1243 Turner Heights, Wizamouth, NE 38125",55.99,2024,10,23
83129,55368,20994,4,21.6,2024-10-07 10:02:29+00:00,Unknown,86.4,2024,10,7
81139,54421,21217,2,33.9,2025-03-09 22:55:00+00:00,Unknown,67.8,2025,3,9
76258,54559,21429,1,36.0,2024-08-19 17:34:00+00:00,Unknown,36.0,2024,8,19
79045,53730,21170,2,70.5,2025-04-05 08:50:42+00:00,Unknown,141.0,2025,4,5
76014,53570,21306,1,35.25,2024-10-24 21:00:00+00:00,Unknown,35.25,2024,10,24
81469,54372,21305,2,52.2,2024-04-24 01:22:00+00:00,"616 Homenick Locks, Lake Darrickshire, OR 40368-2242",104.4,2024,4,24
79885,53707,21109,1,58.25,2024-09-11 12:20:00+00:00,Unknown,58.25,2024,9,11
74693,53372,21457,1,72.25,2024-10-13 12:03:11+00:00,Unknown,72.25,2024,10,13
74661,53654,21480,1,79.19,2024-09-10 05:08:00+00:00,"Apt. 629 4913 Seymour Lodge, Audrieview, FL 93343-2089",79.19,2024,9,10
77735,53081,21271,1,28.2,2024-10-06 08:11:00+00:00,"Apt. 342 2867 Mandi Trafficway, Kunzeville, NH 34675",28.2,2024,10,6
79462,53562,21172,2,15.3,2024-06-12 05:46:00+00:00,Unknown,30.6,2024,6,12
79548,53674,21443,1,42.3,2025-02-02 05:18:48+00:00,Unknown,42.3,2025,2,2
73695,53246,21035,1,41.5,2024-07-25 18:32:00+00:00,Unknown,41.5,2024,7,25
78444,53043,21037,3,51.0,2024-12-28 13:34:42+00:00,Unknown,153.0,2024,12,28
74286,54120,21022,1,74.4,2025-04-23 21:36:36+00:00,"9002 Karina Walks, New Sungburgh, WV 77673-9053",74.4,2025,4,23
77552,55816,21115,1,82.8,2024-06-12 23:51:51+00:00,Unknown,82.8,2024,6,12
75814,53432,21239,2,38.39,2024-12-02 07:47:35+00:00,Unknown,76.78,2024,12,2
82486,55140,20943,2,69.5,2024-08-05 23:28:46+00:00,Unknown,139.0,2024,8,5
75272,55623,21352,1,42.6,2024-07-14 11:54:00+00:00,Unknown,42.6,2024,7,14
79333,55800,21383,1,41.25,2024-05-25 05:39:00+00:00,"Suite 121 42499 Hickle Center, Marquisbury, NE 13898-4135",41.25,2024,5,25
79198,55807,21231,1,69.99,2025-01-13 10:03:05+00:00,"6309 Zemlak Brooks, North Rennaton, MO 80403",69.99,2025,1,13
74816,54637,21243,4,67.5,2025-03-25 17:31:49+00:00,Unknown,270.0,2025,3,25
78988,54473,21623,1,45.99,2025-02-18 07:02:00+00:00,"Apt. 249 786 Thiel Parkways, West Anthony, OR 87223-7324",45.99,2025,2,18
79507,53058,21060,1,34.0,2025-01-14 13:35:49+00:00,"215 Doyle Falls, Lashundaburgh, NH 43058-7192",34.0,2025,1,14
80973,53656,20924,2,64.0,2025-03-12 12:34:31+00:00,Unknown,128.0,2025,3,12
73536,54490,21101,1,25.19,2025-02-08 08:41:00+00:00,Unknown,25.19,2025,2,8
75886,55274,21513,1,39.99,2024-05-05 07:20:00+00:00,Unknown,39.99,2024,5,5
77496,53171,20980,1,38.1,2024-12-12 04:09:09+00:00,Unknown,38.1,2024,12,12
73758,54151,21278,1,42.6,2025-03-21 14:10:05+00:00,Unknown,42.6,2025,3,21
78810,55040,21422,1,27.0,2024-11-28 09:26:59+00:00,Unknown,27.0,2024,11,28
73801,53124,21642,1,60.0,2025-02-20 11:54:00+00:00,"36954 Jerry Path, New Kevenberg, MD 99418",60.0,2025,2,20
78613,53878,21347,1,45.0,2024-12-20 10:08:00+00:00,Unknown,45.0,2024,12,20
77836,54708,21346,1,47.0,2025-04-02 05:40:43+00:00,Unknown,47.0,2025,4,2
74892,54958,21019,2,75.0,2025-01-14 16:39:16+00:00,Unknown,150.0,2025,1,14
76692,54510,21353,3,21.59,2025-01-28 19:49:00+00:00,Unknown,64.77,2025,1,28
77916,54839,21599,1,22.2,2025-03-17 15:30:02+00:00,Unknown,22.2,2025,3,17
81186,54068,20944,1,32.0,2025-05-17 04:03:56.867000+00:00,Unknown,32.0,2025,5,17
80666,55066,21350,1,45.5,2025-02-25 13:27:47+00:00,"Suite 400 49273 Kathie Valley, Krisside, LA 02417-4051",45.5,2025,2,25
79778,53023,21546,1,46.0,2025-05-24 21:25:42+00:00,Unknown,46.0,2025,5,24
79461,53652,21343,1,24.0,2025-01-08 07:24:56+00:00,Unknown,24.0,2025,1,8
81209,53637,21388,1,47.0,2025-01-24 00:12:36+00:00,Unknown,47.0,2025,1,24
82234,53707,21428,1,29.4,2024-06-16 00:42:10+00:00,Unknown,29.4,2024,6,16
75295,54515,21368,4,30.9,2024-06-23 02:59:00+00:00,Unknown,123.6,2024,6,23
79170,54282,20984,1,32.75,2025-02-17 02:07:51.776000+00:00,Unknown,32.75,2025,2,17
79101,53320,21420,1,82.2,2024-12-29 10:48:09+00:00,Unknown,82.2,2024,12,29
74390,55248,21245,1,57.0,2025-02-02 12:50:00+00:00,Unknown,57.0,2025,2,2
81211,55491,21021,1,43.75,2025-03-07 23:49:00+00:00,Unknown,43.75,2025,3,7
78645,55419,21312,5,61.0,2025-05-03 23:18:14.578000+00:00,"Suite 745 10042 Jared Loaf, Lake Marnie, KS 88227",305.0,2025,5,3
82754,54488,21172,2,15.25,2024-12-11 18:46:57+00:00,Unknown,30.5,2024,12,11
79630,53026,21536,1,66.5,2024-10-30 05:54:00+00:00,"Apt. 742 77277 Shonta Court, North Ferminmouth, MS 61577-8462",66.5,2024,10,30
80936,53648,21308,1,73.8,2024-04-10 20:31:55+00:00,Unknown,73.8,2024,4,10
77818,53207,20972,1,73.8,2025-04-08 11:26:37+00:00,Unknown,73.8,2025,4,8
78222,53823,21438,1,65.5,2025-04-25 11:08:37.532000+00:00,"45215 September Station, Gerholdberg, UT 34067",65.5,2025,4,25
74291,54185,20931,2,54.0,2024-12-12 09:31:48+00:00,Unknown,108.0,2024,12,12
73659,55223,21009,1,65.99,2024-07-19 17:09:00+00:00,Unknown,65.99,2024,7,19
78112,55231,21429,1,39.0,2024-04-15 03:38:42+00:00,"Suite 278 432 Dare Manor, Lake Yolando, MS 99203-1907",39.0,2024,4,15
74042,55324,21234,1,33.5,2024-08-03 09:32:03+00:00,Unknown,33.5,2024,8,3
75277,55786,21421,1,55.25,2024-12-22 05:19:36+00:00,Unknown,55.25,2024,12,22
82507,55349,21638,2,64.0,2024-12-03 21:11:19+00:00,Unknown,128.0,2024,12,3
75067,53113,21254,1,42.5,2025-07-16 15:59:31+00:00,Unknown,42.5,2025,7,16
81836,54503,21628,1,25.0,2025-04-06 07:37:43+00:00,"Apt. 895 4024 Valentine Estates, Funkhaven, CT 14590",25.0,2025,4,6
75431,53484,21537,5,23.7,2024-06-30 12:09:46+00:00,Unknown,118.5,2024,6,30
75013,55808,21496,1,26.5,2024-06-03 18:59:56+00:00,Unknown,26.5,2024,6,3
82036,54484,20936,2,55.5,2024-05-28 08:08:24.265000+00:00,Unknown,111.0,2024,5,28
80165,54254,20933,2,22.25,2024-09-21 18:34:05+00:00,"71061 Konopelski Unions, Laureside, NC 73725",44.5,2024,9,21
79451,53262,21162,1,54.25,2024-08-08 09:02:00+00:00,"Suite 971 47913 Shanell Estates, North Margarette, HI 70198-7481",54.25,2024,8,8
79662,54247,21282,1,60.0,2024-04-03 20:34:37+00:00,Unknown,60.0,2024,4,3
81861,53865,21534,1,34.79,2025-03-13 15:29:00+00:00,Unknown,34.79,2025,3,13
74138,53150,21185,1,35.5,2024-10-31 20:55:17+00:00,Unknown,35.5,2024,10,31
74925,53907,21302,2,22.8,2024-08-19 01:48:41+00:00,"Suite 887 17167 Charlotte Plaza, Bashirianshire, NV 80766",45.6,2024,8,19
73478,54563,21051,1,83.4,2025-03-21 18:48:00+00:00,Unknown,83.4,2025,3,21
77805,54860,21161,1,45.0,2024-12-05 23:21:23+00:00,"Apt. 607 85162 Solomon Street, Tammaraburgh, LA 97496-9785",45.0,2024,12,5
73906,55032,21372,1,34.99,2024-08-15 16:15:37+00:00,"91243 Lonny Dale, New Kendrick, FL 05503",34.99,2024,8,15
74576,54031,21462,4,28.0,2025-01-15 08:29:45+00:00,Unknown,112.0,2025,1,15
77537,54842,21600,1,44.99,2025-04-07 09:54:07+00:00,Unknown,44.99,2025,4,7
78366,53471,21333,5,33.75,2024-09-11 23:48:24+00:00,Unknown,168.75,2024,9,11
82996,55709,21603,1,87.0,2024-07-15 15:15:57+00:00,Unknown,87.0,2024,7,15
80053,54938,21374,1,30.0,2024-11-21 13:05:20+00:00,Unknown,30.0,2024,11,21
81083,54149,21307,1,76.8,2025-02-24 22:38:41+00:00,Unknown,76.8,2025,2,24
74277,54320,21218,1,43.0,2024-08-16 08:19:19+00:00,"673 Patrica Ramp, Shieldsfurt, MN 75574",43.0,2024,8,16
74571,54130,21287,1,61.5,2024-07-20 20:35:00+00:00,"Apt. 618 10968 Troy Lodge, Andersonhaven, AL 44046",61.5,2024,7,20
78785,53780,21473,4,69.6,2025-02-05 02:15:12+00:00,Unknown,278.4,2025,2,5
74511,53484,21130,1,40.25,2024-08-28 11:37:50+00:00,Unknown,40.25,2024,8,28
78693,54285,20998,1,48.0,2024-06-29 06:53:12+00:00,"Apt. 840 8981 Amada Plain, Lake Maryhaven, MI 48855-2500",48.0,2024,6,29
75778,54550,21629,1,62.4,2024-02-24 14:28:08+00:00,Unknown,62.4,2024,2,24
77976,53322,21472,1,62.5,2024-08-29 12:16:00+00:00,Unknown,62.5,2024,8,29
77244,54363,21078,1,70.0,2025-04-25 21:28:27+00:00,Unknown,70.0,2025,4,25
78511,54120,21288,3,23.99,2024-10-31 18:07:03+00:00,"9002 Karina Walks, New Sungburgh, WV 77673-9053",71.97,2024,10,31
81417,53724,21091,1,28.0,2024-08-15 09:54:05+00:00,Unknown,28.0,2024,8,15
73608,53584,21288,1,25.5,2025-01-12 22:16:07+00:00,Unknown,25.5,2025,1,12
75403,55184,21400,2,43.0,2025-01-25 07:04:00+00:00,Unknown,86.0,2025,1,25
79855,54776,21269,1,34.25,2024-06-29 14:33:00+00:00,Unknown,34.25,2024,6,29
75030,54434,21280,1,25.19,2024-10-14 02:32:00+00:00,Unknown,25.19,2024,10,14
77852,54764,21168,1,21.75,2024-12-04 05:46:08+00:00,"Apt. 974 9861 Yetta Ports, South Ligia, NC 13568",21.75,2024,12,4
80140,55435,21619,1,16.75,2024-11-03 23:19:48+00:00,Unknown,16.75,2024,11,3
81403,53913,21523,1,50.5,2024-10-25 03:02:00+00:00,"659 Dayle Cape, Keikoberg, RI 60833",50.5,2024,10,25
83049,54895,20940,2,60.5,2024-10-31 12:32:59+00:00,"33045 Blanda Shoals, Eddymouth, DE 55402",121.0,2024,10,31
81131,53698,21246,1,39.75,2024-08-10 06:56:54.971000+00:00,"56094 Nickole Crossroad, Jacquiberg, CO 97119-1970",39.75,2024,8,10
82349,55121,21638,4,63.5,2024-10-29 08:18:56+00:00,Unknown,254.0,2024,10,29
78275,54045,21394,1,46.99,2024-11-30 09:00:00+00:00,Unknown,46.99,2024,11,30
79516,54737,21608,1,63.99,2025-04-19 21:39:26+00:00,Unknown,63.99,2025,4,19
82201,55193,21434,1,49.25,2024-11-06 01:49:05+00:00,Unknown,49.25,2024,11,6
80579,54293,21480,1,70.99,2025-02-19 00:42:40+00:00,Unknown,70.99,2025,2,19
81830,55366,21451,1,62.0,2025-03-21 19:42:44.242000+00:00,"Suite 141 88240 Len Crest, Jerrybury, ME 36471",62.0,2025,3,21
77812,55728,21588,1,49.0,2024-08-12 12:59:00+00:00,Unknown,49.0,2024,8,12
79808,53385,21355,1,62.1,2024-12-02 15:33:47+00:00,Unknown,62.1,2024,12,2
78418,55637,20954,1,73.25,2025-03-03 09:10:00+00:00,Unknown,73.25,2025,3,3
74531,54918,21327,1,72.99,2025-08-17 18:19:00+00:00,Unknown,72.99,2025,8,17
74941,54681,21542,2,48.0,2024-12-05 20:24:00+00:00,Unknown,96.0,2024,12,5
76510,53869,21546,2,46.0,2025-01-02 23:58:36+00:00,Unknown,92.0,2025,1,2
75891,53572,21467,1,56.39,2024-08-30 19:10:00+00:00,Unknown,56.39,2024,8,30
81663,53129,21260,2,55.0,2024-11-08 10:31:00+00:00,Unknown,110.0,2024,11,8
82543,54426,21067,1,56.5,2025-03-11 09:26:50.573000+00:00,"Apt. 214 8070 Pfeffer Springs, Port Chanamouth, PA 36111",56.5,2025,3,11
76757,55450,21345,2,58.75,2024-10-05 14:38:00+00:00,Unknown,117.5,2024,10,5
77393,53195,21223,1,84.3,2025-01-24 03:24:00+00:00,"926 Volkman Center, Lake Luveniaview, FL 35701",84.3,2025,1,24
79023,55172,21299,1,30.0,2024-11-18 05:35:10+00:00,Unknown,30.0,2024,11,18
79179,54846,21333,1,32.0,2024-10-30 17:12:28.517000+00:00,Unknown,32.0,2024,10,30
83097,55102,21623,1,47.0,2024-04-13 11:47:50+00:00,Unknown,47.0,2024,4,13
75857,55652,21045,5,28.79,2024-10-26 02:16:18+00:00,Unknown,143.95,2024,10,26
76604,54981,21160,1,18.0,2025-03-13 10:07:01+00:00,"9475 Weldon Run, New Carolina, OH 02220",18.0,2025,3,13
76898,54444,21404,5,35.5,2024-11-11 18:24:32+00:00,Unknown,177.5,2024,11,11
82674,55088,21097,1,18.0,2025-02-02 13:30:07+00:00,Unknown,18.0,2025,2,2
81123,54091,21476,2,76.0,2024-07-04 14:36:00+00:00,Unknown,152.0,2024,7,4
82314,54920,21611,1,75.59,2025-03-04 22:40:14+00:00,Unknown,75.59,2025,3,4
76821,53546,21442,2,72.0,2025-03-25 17:43:36+00:00,Unknown,144.0,2025,3,25
76446,54133,21441,4,18.25,2024-09-21 16:06:00+00:00,Unknown,73.0,2024,9,21
77675,53492,21584,1,50.0,2025-03-29 02:13:56+00:00,Unknown,50.0,2025,3,29
80058,54087,21273,4,88.2,2024-12-26 12:28:44+00:00,Unknown,352.8,2024,12,26
80828,55016,21150,1,73.2,2024-07-05 00:58:27+00:00,"Apt. 553 1250 Melvin Green, Port Wes, MA 22256-5026",73.2,2024,7,5
73541,53163,21454,1,39.0,2025-02-07 21:13:25+00:00,Unknown,39.0,2025,2,7
79238,54894,21402,1,66.5,2025-03-01 07:13:27+00:00,Unknown,66.5,2025,3,1
74293,55385,21399,1,68.5,2025-01-25 07:57:26+00:00,"2854 Schoen Greens, New Lynetta, CA 88955-0651",68.5,2025,1,25
74428,53496,21363,2,30.5,2025-01-26 14:59:36+00:00,Unknown,61.0,2025,1,26
74041,53350,21627,1,30.0,2024-10-24 07:39:11+00:00,Unknown,30.0,2024,10,24
74374,55349,21291,1,30.5,2024-11-24 23:00:00+00:00,Unknown,30.5,2024,11,24
80042,54188,21341,1,62.4,2024-12-03 13:06:19+00:00,Unknown,62.4,2024,12,3
78880,54971,21498,1,17.75,2025-05-27 10:32:40+00:00,Unknown,17.75,2025,5,27
81981,53174,20946,1,25.0,2025-02-14 03:32:08+00:00,Unknown,25.0,2025,2,14
81622,53334,21120,1,47.4,2025-01-07 18:48:38.092000+00:00,"65750 Ward Loaf, South Erniemouth, DE 73294",47.4,2025,1,7
80036,55485,21059,1,55.5,2025-02-03 22:36:58+00:00,Unknown,55.5,2025,2,3
79697,54161,20921,3,20.39,2024-11-11 16:17:26.506000+00:00,Unknown,61.17,2024,11,11
79029,53697,21089,3,47.0,2024-07-28 03:10:20+00:00,Unknown,141.0,2024,7,28
82576,54579,21591,1,56.75,2024-09-03 14:47:01+00:00,"Apt. 721 118 Dach Wall, East Darrintown, NH 12415-8282",56.75,2024,9,3
82407,55098,21047,3,54.5,2025-06-07 01:19:00+00:00,"24895 Kris Ridge, Langview, NY 09681-9895",163.5,2025,6,7
74673,55467,21208,1,17.5,2024-12-10 06:53:54+00:00,Unknown,17.5,2024,12,10
82530,54777,21162,2,54.5,2024-12-31 11:41:28+00:00,Unknown,109.0,2024,12,31
74901,53969,21069,2,21.0,2025-03-25 10:00:45+00:00,Unknown,42.0,2025,3,25
74636,53572,20929,1,55.2,2025-05-09 08:25:13+00:00,Unknown,55.2,2025,5,9
73899,54902,21039,1,43.5,2024-06-06 10:25:25+00:00,Unknown,43.5,2024,6,6
74984,53190,21088,1,53.5,2024-05-01 10:04:27+00:00,"99316 Ratke Vista, Gerardoport, FL 32450",53.5,2024,5,1
73698,53870,21143,1,41.25,2024-08-01 10:41:43+00:00,Unknown,41.25,2024,8,1
80463,53890,21060,1,33.75,2024-05-01 07:23:00+00:00,Unknown,33.75,2024,5,1
82890,54640,21624,2,63.25,2024-11-27 19:37:00+00:00,Unknown,126.5,2024,11,27
76709,54063,21331,3,65.0,2024-12-13 06:43:43+00:00,Unknown,195.0,2024,12,13
78738,53435,21180,1,25.19,2024-08-08 05:27:00+00:00,Unknown,25.19,2024,8,8
76395,53620,21357,3,53.7,2024-08-17 09:15:00+00:00,"1183 Schneider Trail, Port Gabrielchester, HI 58744",161.1,2024,8,17
73904,53486,21269,1,36.5,2025-07-20 05:53:44+00:00,Unknown,36.5,2025,7,20
80433,53976,21134,1,51.99,2024-10-22 09:16:48+00:00,Unknown,51.99,2024,10,22
80801,53737,21465,1,71.0,2024-11-05 11:54:28+00:00,Unknown,71.0,2024,11,5
73750,54263,21169,1,75.6,2025-01-29 15:25:00+00:00,"Apt. 295 4743 Louvenia Light, East Chantetown, CA 29331",75.6,2025,1,29
78767,53378,21610,1,45.25,2024-09-04 23:54:00+00:00,Unknown,45.25,2024,9,4
82494,54817,21095,1,61.2,2025-01-13 21:13:34+00:00,"668 Dillon Pines, Aminafort, MI 43104-1552",61.2,2025,1,13
80338,54691,20983,1,18.6,2024-06-08 14:46:52+00:00,"Suite 874 74687 Margie Viaduct, Weldonberg, KS 93860",18.6,2024,6,8
82462,54155,21084,2,70.0,2025-01-14 00:25:25+00:00,Unknown,140.0,2025,1,14
82626,54669,21208,3,16.0,2025-04-06 23:20:50+00:00,Unknown,48.0,2025,4,6
74183,53045,21573,1,26.25,2024-03-22 03:14:04+00:00,Unknown,26.25,2024,3,22
78428,53267,21478,1,71.0,2024-11-10 15:55:24+00:00,Unknown,71.0,2024,11,10
79090,54288,21143,3,48.6,2024-07-26 15:28:00+00:00,"98682 Kenna Forge, South Jinton, PA 05391",145.8,2024,7,26
80550,53317,21400,1,46.99,2024-08-12 22:34:00+00:00,Unknown,46.99,2024,8,12
82115,55349,21341,1,60.9,2024-07-01 07:30:22+00:00,Unknown,60.9,2024,7,1
78450,54411,21461,1,59.99,2025-06-11 03:04:34+00:00,Unknown,59.99,2025,6,11
75648,55333,21003,1,39.0,2024-11-17 17:30:59.217000+00:00,"Suite 297 9010 Schowalter Mews, New Trey, UT 18272",39.0,2024,11,17
80099,54835,20988,1,60.5,2024-09-18 00:55:58+00:00,Unknown,60.5,2024,9,18
76537,55090,21339,1,71.25,2024-05-12 13:08:29.174000+00:00,Unknown,71.25,2024,5,12
82872,55564,21115,1,70.5,2024-12-25 22:16:19+00:00,Unknown,70.5,2024,12,25
77298,54545,21175,1,25.0,2025-02-10 10:04:00+00:00,Unknown,25.0,2025,2,10
79759,54482,21612,1,66.75,2024-05-27 17:11:00+00:00,Unknown,66.75,2024,5,27
82968,54255,21314,1,18.6,2024-10-04 15:58:24+00:00,Unknown,18.6,2024,10,4
81887,54004,21644,2,64.5,2024-12-09 09:43:14+00:00,"77372 Sharyl Shore, Beerberg, MA 12556-1308",129.0,2024,12,9
78350,55334,21452,1,19.0,2024-09-22 10:57:21+00:00,Unknown,19.0,2024,9,22
75391,53559,21545,1,63.75,2025-05-06 09:43:58+00:00,Unknown,63.75,2025,5,6
79187,55810,21495,1,24.5,2024-12-11 04:21:37+00:00,Unknown,24.5,2024,12,11
81633,54966,21037,1,52.75,2024-09-17 20:34:26+00:00,Unknown,52.75,2024,9,17
82597,55166,21150,1,79.5,2024-11-15 01:02:34+00:00,"Apt. 942 7001 Yost Hills, East Jamarborough, WY 00160-8243",79.5,2024,11,15
73850,54660,21224,2,70.8,2025-03-27 18:16:00+00:00,"893 Nick Forge, Wilkinsonmouth, NY 74911",141.6,2025,3,27
80067,53131,21126,1,61.0,2024-09-20 14:53:30+00:00,Unknown,61.0,2024,9,20
81235,54110,20993,1,30.0,2024-10-25 15:15:08+00:00,Unknown,30.0,2024,10,25
80384,53866,21534,3,23.0,2025-01-18 00:21:04+00:00,"41732 Whitney Causeway, Jenkinsport, WV 86680",69.0,2025,1,18
81291,54584,21127,1,52.99,2025-05-19 11:28:33+00:00,"Apt. 197 82726 Graham Drive, Denaemouth, NM 80938-5414",52.99,2025,5,19
74591,55268,21045,1,23.0,2024-12-24 04:50:10+00:00,Unknown,23.0,2024,12,24
77700,53654,21577,1,24.5,2025-01-03 14:54:58+00:00,Unknown,24.5,2025,1,3
74732,53175,21172,1,15.5,2025-04-21 02:07:24+00:00,"51592 Florrie Extensions, West Clarencehaven, HI 72967-9599",15.5,2025,4,21
77241,53684,21255,2,38.5,2025-03-13 06:35:27+00:00,Unknown,77.0,2025,3,13
80776,55756,20945,2,37.99,2025-03-27 16:51:55+00:00,Unknown,75.98,2025,3,27
77829,55692,21640,1,66.9,2025-05-06 21:38:23+00:00,Unknown,66.9,2025,5,6
81068,53823,21367,1,42.25,2024-11-14 23:33:00+00:00,Unknown,42.25,2024,11,14
82660,54988,21597,1,36.5,2024-07-13 12:14:00+00:00,"Suite 513 3510 Pagac Islands, Lake Oliviaborough, NJ 64890",36.5,2024,7,13
83102,53816,20922,1,65.99,2025-08-11 07:42:16+00:00,Unknown,65.99,2025,8,11
78020,53049,21260,1,52.0,2024-11-14 06:43:23+00:00,Unknown,52.0,2024,11,14
75528,53210,21550,1,43.0,2024-10-01 10:37:42+00:00,Unknown,43.0,2024,10,1
73942,55602,21013,1,41.0,2024-10-23 03:28:54+00:00,"Suite 644 95021 Ron Flat, Jefferytown, NE 56551-7954",41.0,2024,10,23
77416,54213,21454,1,36.5,2024-12-21 19:29:00+00:00,Unknown,36.5,2024,12,21
75501,54668,21434,2,48.5,2024-06-30 12:26:53+00:00,Unknown,97.0,2024,6,30
78307,54994,21369,1,68.4,2025-07-23 11:45:02+00:00,Unknown,68.4,2025,7,23
76798,55590,21041,1,70.0,2024-07-29 21:30:48+00:00,Unknown,70.0,2024,7,29
76919,54757,21293,1,60.75,2024-07-01 17:02:12.766000+00:00,Unknown,60.75,2024,7,1
74216,53193,21020,1,61.0,2025-05-26 23:01:35+00:00,"Suite 824 287 Roberts Drives, Lebsackmouth, PA 40376",61.0,2025,5,26
77497,55067,21011,2,36.75,2025-04-07 18:46:49+00:00,Unknown,73.5,2025,4,7
79183,53036,20978,1,70.8,2025-01-20 08:18:41+00:00,"66921 Bruen Turnpike, South Pat, KY 32620",70.8,2025,1,20
82000,53370,21306,1,37.2,2024-12-31 02:15:04+00:00,Unknown,37.2,2024,12,31
79080,53693,21548,3,66.75,2024-10-01 14:42:00+00:00,Unknown,200.25,2024,10,1
78900,55106,21160,1,24.6,2025-01-16 08:10:40+00:00,Unknown,24.6,2025,1,16
75196,54416,21005,1,17.4,2025-11-03 16:41:20+00:00,Unknown,17.4,2025,11,3
73872,55494,21224,2,62.5,2025-01-22 01:11:00+00:00,Unknown,125.0,2025,1,22
81100,54308,21139,1,62.4,2024-10-01 06:05:00+00:00,Unknown,62.4,2024,10,1
74622,54260,21605,2,21.0,2025-03-23 03:14:00+00:00,Unknown,42.0,2025,3,23
79449,53501,21509,1,14.4,2024-10-19 18:07:46+00:00,"352 Marla Stravenue, Altenwerthborough, PA 10376-6338",14.4,2024,10,19
80459,54013,21305,1,44.5,2025-03-31 21:29:00+00:00,Unknown,44.5,2025,3,31
80235,53628,21240,1,16.25,2024-10-20 06:27:31.529000+00:00,"9228 Bruen Corner, Beerhaven, WV 18752",16.25,2024,10,20
73722,53748,20973,1,31.5,2024-08-14 09:16:52+00:00,Unknown,31.5,2024,8,14
78704,54020,21590,1,31.0,2024-10-13 04:01:51+00:00,Unknown,31.0,2024,10,13
82194,54424,20982,1,52.8,2024-08-01 22:57:02+00:00,Unknown,52.8,2024,8,1
78976,53384,21405,1,57.3,2025-04-08 13:15:00+00:00,"919 Glover Stravenue, Buckridgefurt, ID 25823",57.3,2025,4,8
75378,53598,21143,1,46.8,2025-04-01 09:48:01+00:00,Unknown,46.8,2025,4,1
78982,55308,21422,2,21.0,2024-09-16 15:09:46+00:00,"7200 Ankunding Tunnel, West Lynwoodland, NM 66797",42.0,2024,9,16
82808,53632,21251,1,29.0,2024-11-28 19:23:00+00:00,Unknown,29.0,2024,11,28
77083,55823,21413,2,70.5,2025-07-29 11:14:58.009000+00:00,Unknown,141.0,2025,7,29
75812,54989,21505,1,34.79,2025-02-26 12:58:17+00:00,Unknown,34.79,2025,2,26
79262,55440,21398,3,25.25,2024-10-28 21:09:00+00:00,"1404 Hagenes Field, Pfannerstillview, IN 86759-7218",75.75,2024,10,28
82058,54857,21013,1,40.5,2025-06-27 20:51:16+00:00,Unknown,40.5,2025,6,27
82105,55237,21068,2,66.75,2025-05-28 06:12:25+00:00,Unknown,133.5,2025,5,28
74718,54155,21491,1,74.4,2024-12-28 15:39:00+00:00,"199 Walker Shore, Lake Erinton, KY 94827-9444",74.4,2024,12,28
78541,55705,21364,1,66.25,2024-07-11 05:51:58+00:00,Unknown,66.25,2024,7,11
75786,55731,21017,1,75.6,2025-01-04 01:11:44+00:00,"Suite 773 89772 Simon Hollow, Destinymouth, OK 97387",75.6,2025,1,4
78656,53466,21377,1,63.0,2025-02-24 08:53:54.217000+00:00,Unknown,63.0,2025,2,24
79344,53264,21180,1,18.75,2024-10-14 05:50:55+00:00,Unknown,18.75,2024,10,14
73955,54266,21443,1,36.5,2024-03-26 21:46:57+00:00,"5543 Dane Flats, Port Eddie, CT 42308-9323",36.5,2024,3,26
81195,54522,21616,4,81.6,2024-10-20 21:20:00+00:00,Unknown,326.4,2024,10,20
76049,53450,21445,1,44.5,2024-09-25 15:46:59+00:00,Unknown,44.5,2024,9,25
76368,54547,20981,1,26.4,2025-03-28 04:08:00+00:00,"Suite 102 326 Glover Loop, Josehaven, CT 58135-1567",26.4,2025,3,28
79144,55302,20952,2,52.2,2025-01-28 12:08:00+00:00,Unknown,104.4,2025,1,28
74391,54033,21230,1,30.5,2024-12-14 18:11:19+00:00,"1793 Augustina Port, Jaimeville, NH 45608-1045",30.5,2024,12,14
76332,54727,21250,1,23.0,2024-06-15 18:07:00+00:00,Unknown,23.0,2024,6,15
76793,54011,21303,5,25.5,2025-01-29 01:46:10+00:00,"1352 Keeling Islands, Ezekieltown, KS 04656-9753",127.5,2025,1,29
81510,55275,21422,2,27.0,2024-11-21 04:25:37+00:00,Unknown,54.0,2024,11,21
73532,54912,21295,1,15.59,2024-07-09 12:48:54+00:00,Unknown,15.59,2024,7,9
80320,55161,21615,1,45.99,2024-07-02 20:37:34+00:00,Unknown,45.99,2024,7,2
73491,55606,21178,3,46.99,2024-09-19 01:53:39+00:00,Unknown,140.97,2024,9,19
82580,55514,21366,1,54.99,2025-02-13 19:26:47+00:00,"Apt. 392 9849 Erinn Ridge, West Winfredland, PA 71612-4261",54.99,2025,2,13
80744,55282,21232,1,60.5,2024-12-11 15:57:53+00:00,"Apt. 912 22871 Damon Way, Huelsville, GA 33384-4663",60.5,2024,12,11
80385,53239,21055,2,49.75,2024-08-10 19:03:07+00:00,Unknown,99.5,2024,8,10
79806,53812,20964,1,75.0,2024-12-31 10:18:08+00:00,Unknown,75.0,2024,12,31
82230,53942,21566,2,53.5,2024-06-18 09:46:53+00:00,Unknown,107.0,2024,6,18
81233,53378,21429,1,39.5,2024-11-07 17:27:10+00:00,"9977 Lubowitz Shores, Pamalabury, WY 39039-0610",39.5,2024,11,7
77771,54685,21066,1,37.2,2024-07-23 06:46:49+00:00,Unknown,37.2,2024,7,23
73425,53267,21076,2,56.25,2024-11-15 22:49:00+00:00,"Suite 990 83182 Elene Trail, East Kerry, SC 67579",112.5,2024,11,15
79365,55246,21135,1,76.5,2024-05-21 22:08:18+00:00,Unknown,76.5,2024,5,21
75798,53304,20990,1,21.5,2025-05-30 01:14:00+00:00,"Apt. 120 47474 Lyndsay Park, Jermaineburgh, MS 47317",21.5,2025,5,30
81827,55196,21065,1,26.39,2024-12-22 18:27:07+00:00,Unknown,26.39,2024,12,22
77714,53458,21119,1,36.5,2024-10-13 01:41:06+00:00,"Suite 129 1413 Bauch Skyway, Lake Marcieberg, NY 79610-4080",36.5,2024,10,13
73813,53443,21107,1,67.0,2024-04-27 20:11:11+00:00,Unknown,67.0,2024,4,27
79534,54672,21171,5,64.0,2025-04-11 02:19:15+00:00,Unknown,320.0,2025,4,11
77434,55466,21047,5,55.25,2025-04-17 01:16:07+00:00,Unknown,276.25,2025,4,17
76308,55086,20924,1,64.0,2025-05-07 07:30:57.437000+00:00,"Suite 331 9616 Shields Row, Lake Isidroland, OH 68006-9255",64.0,2025,5,7
79421,53950,21365,1,55.99,2024-08-11 23:06:54+00:00,Unknown,55.99,2024,8,11
74400,53705,21413,1,56.99,2024-08-01 02:38:00+00:00,Unknown,56.99,2024,8,1
81513,55364,21415,1,23.7,2024-12-30 19:22:00+00:00,Unknown,23.7,2024,12,30
77362,54739,21548,2,64.5,2024-07-12 05:54:45+00:00,"9376 Donald Extension, South Devonville, NM 73631",129.0,2024,7,12
81122,53846,21335,1,71.0,2024-07-05 08:17:14+00:00,Unknown,71.0,2024,7,5
75314,53083,21357,1,51.6,2024-11-15 19:50:29+00:00,Unknown,51.6,2024,11,15
76608,54683,21340,2,17.0,2025-01-22 15:08:08+00:00,"848 Faviola Station, Kihnshire, LA 39808",34.0,2025,1,22
78337,53315,21608,1,59.0,2025-01-15 09:06:00+00:00,Unknown,59.0,2025,1,15
74510,53500,21275,1,64.0,2025-04-06 09:52:00+00:00,Unknown,64.0,2025,4,6
82470,53455,21160,1,20.5,2024-11-04 00:34:20+00:00,Unknown,20.5,2024,11,4
80707,54211,20943,2,70.0,2025-01-13 04:10:00+00:00,Unknown,140.0,2025,1,13
82264,53156,21475,1,38.25,2024-09-27 08:25:49+00:00,Unknown,38.25,2024,9,27
75597,55331,21203,1,36.75,2024-03-21 09:12:28+00:00,"Suite 151 724 Jones Shores, East Hollis, VT 97627-6366",36.75,2024,3,21
78807,55592,21045,1,21.5,2024-12-12 11:48:10+00:00,Unknown,21.5,2024,12,12
73769,53589,21397,1,64.0,2024-09-11 03:21:53+00:00,Unknown,64.0,2024,9,11
83004,54844,21485,1,21.3,2024-06-09 19:48:28.148000+00:00,Unknown,21.3,2024,6,9
74651,54561,20930,1,34.75,2025-04-18 14:59:21+00:00,Unknown,34.75,2025,4,18
73877,54145,21055,3,48.99,2025-04-13 01:43:16+00:00,Unknown,146.97,2025,4,13
75299,53473,21610,5,41.0,2024-10-02 19:11:13+00:00,"2544 Reichert Club, McKenziestad, CA 18793",205.0,2024,10,2
77510,54507,21195,1,40.5,2025-05-07 15:41:52+00:00,Unknown,40.5,2025,5,7
81203,53084,21653,1,44.0,2024-10-05 04:24:04+00:00,Unknown,44.0,2024,10,5
73330,53329,21583,2,14.7,2024-08-30 09:25:30+00:00,Unknown,29.4,2024,8,30
77937,54507,21543,1,30.0,2025-02-13 18:42:57+00:00,Unknown,30.0,2025,2,13
74119,55305,21025,1,51.0,2024-10-18 19:27:39+00:00,Unknown,51.0,2024,10,18
80006,54559,20926,4,69.0,2024-12-24 22:01:00+00:00,Unknown,276.0,2024,12,24
77488,53265,21210,1,18.99,2024-07-19 09:16:00+00:00,Unknown,18.99,2024,7,19
82713,53170,21322,3,30.0,2024-10-17 04:08:00+00:00,"668 Waters Lakes, Stantonstad, OH 65949-2869",90.0,2024,10,17
78328,55513,21092,1,39.6,2024-09-27 19:52:18+00:00,Unknown,39.6,2024,9,27
73712,55707,21433,2,58.8,2024-09-14 14:51:00+00:00,Unknown,117.6,2024,9,14
79064,53721,21056,5,45.0,2025-06-24 02:15:56.822000+00:00,Unknown,225.0,2025,6,24
73342,54218,21235,1,51.5,2025-03-05 04:21:00+00:00,"3441 Casper Pine, Abbiemouth, MD 76730-8532",51.5,2025,3,5
75447,54670,21351,1,52.75,2025-03-03 00:04:45+00:00,Unknown,52.75,2025,3,3
80055,54943,21591,1,56.25,2025-01-08 08:15:14+00:00,"Apt. 277 877 Forrest Mission, Port Glenna, HI 30962-7590",56.25,2025,1,8
79815,55263,21054,1,19.5,2024-11-22 12:36:15.786000+00:00,Unknown,19.5,2024,11,22
79570,53080,21521,1,60.0,2024-12-30 16:09:54+00:00,Unknown,60.0,2024,12,30
78470,54895,20921,1,15.5,2024-09-19 05:41:16+00:00,Unknown,15.5,2024,9,19
80589,55687,21389,3,40.8,2025-03-14 23:16:22+00:00,Unknown,122.4,2025,3,14
76640,55441,21461,1,45.0,2025-03-20 04:02:44+00:00,"185 Alden Lock, Lake Broderickhaven, MD 75939",45.0,2025,3,20
82130,54894,21172,5,13.0,2024-06-08 14:55:27+00:00,Unknown,65.0,2024,6,8
73428,54178,21650,1,39.0,2025-07-20 09:04:00+00:00,Unknown,39.0,2025,7,20
80083,54150,21252,1,50.0,2024-12-31 01:18:52+00:00,Unknown,50.0,2024,12,31
75049,53744,21649,1,24.9,2025-03-20 10:37:00+00:00,Unknown,24.9,2025,3,20
73845,55120,21125,5,16.5,2025-02-03 15:49:00+00:00,"7236 Weissnat Forks, Medhurstburgh, WI 21165",82.5,2025,2,3
78951,54215,21359,1,87.59,2024-03-14 17:53:59+00:00,Unknown,87.59,2024,3,14
82177,55653,21474,1,60.0,2025-07-24 06:03:47+00:00,"Suite 152 3576 Amanda Loaf, Port Jorgeville, MD 18803",60.0,2025,7,24
77277,54363,20985,1,30.0,2025-03-25 23:41:21+00:00,Unknown,30.0,2025,3,25
77039,54281,21647,3,80.1,2024-10-09 21:43:56+00:00,"4461 Muller Brook, Greenholtview, VT 10980",240.3,2024,10,9
81925,54860,21257,1,45.25,2024-11-19 16:45:13+00:00,Unknown,45.25,2024,11,19
82970,54811,20997,1,74.0,2024-09-02 00:03:20+00:00,Unknown,74.0,2024,9,2
82832,54547,21116,2,33.0,2024-08-03 06:23:28+00:00,Unknown,66.0,2024,8,3
76305,55297,21099,1,32.0,2024-10-30 10:31:00+00:00,Unknown,32.0,2024,10,30
73418,53382,21030,1,20.5,2024-12-30 14:32:40+00:00,Unknown,20.5,2024,12,30
81157,53471,21470,1,68.0,2024-11-16 00:04:39.395000+00:00,Unknown,68.0,2024,11,16
73394,53268,21085,1,28.2,2024-11-13 21:55:00+00:00,Unknown,28.2,2024,11,13
81479,53885,20941,1,31.8,2024-12-16 09:31:38+00:00,"Suite 531 164 Dalene Run, Gretchenstad, ME 47337",31.8,2024,12,16
76859,53692,21012,2,58.5,2024-12-09 02:26:29+00:00,Unknown,117.0,2024,12,9
81855,54517,21089,1,60.3,2025-04-05 14:04:00+00:00,Unknown,60.3,2025,4,5
79786,53042,21396,1,42.9,2024-12-07 07:31:39+00:00,Unknown,42.9,2024,12,7
83099,55577,21094,2,83.4,2024-10-15 20:22:17+00:00,Unknown,166.8,2024,10,15
78502,53024,21202,1,73.5,2024-11-29 09:21:50+00:00,Unknown,73.5,2024,11,29
79633,53372,21496,2,30.0,2024-09-03 01:04:11.726000+00:00,Unknown,60.0,2024,9,3
77163,54416,21561,1,25.75,2025-05-28 03:57:00+00:00,Unknown,25.75,2025,5,28
74608,54242,21012,1,69.0,2025-01-24 22:32:57+00:00,Unknown,69.0,2025,1,24
76493,54240,21210,3,20.0,2024-06-30 11:56:56+00:00,Unknown,60.0,2024,6,30
79700,53274,21206,1,66.0,2025-05-30 07:52:00+00:00,Unknown,66.0,2025,5,30
80582,54908,21105,1,51.75,2025-01-14 18:13:12+00:00,"397 Labadie Garden, North Jeromeland, OH 52176-9410",51.75,2025,1,14
73739,54825,21431,1,76.8,2025-03-08 23:16:18.250000+00:00,Unknown,76.8,2025,3,8
75643,53554,21240,5,21.0,2025-04-14 21:31:49+00:00,Unknown,105.0,2025,4,14
77245,54019,21314,3,13.0,2025-03-24 01:52:04+00:00,Unknown,39.0,2025,3,24
80420,54419,21469,5,67.0,2025-09-02 04:56:00+00:00,Unknown,335.0,2025,9,2
79276,55618,21476,5,73.99,2024-09-25 10:03:00+00:00,Unknown,369.95,2024,9,25
77036,53770,21448,2,16.5,2025-02-14 18:10:00+00:00,Unknown,33.0,2025,2,14
75633,53357,21276,1,30.5,2025-01-08 10:57:56+00:00,Unknown,30.5,2025,1,8
82679,54008,21501,2,25.8,2024-03-30 22:26:00+00:00,Unknown,51.6,2024,3,30
78920,53905,21067,4,63.6,2024-12-23 06:18:16+00:00,Unknown,254.4,2024,12,23
77382,53697,20939,1,69.99,2024-11-02 11:02:27+00:00,Unknown,69.99,2024,11,2
82647,54253,21085,1,25.25,2025-03-08 15:22:18+00:00,Unknown,25.25,2025,3,8
78497,54915,20970,2,45.6,2025-02-25 14:29:00+00:00,Unknown,91.2,2025,2,25
78746,53194,21315,1,65.75,2025-03-27 08:46:00+00:00,Unknown,65.75,2025,3,27
80528,54997,21441,2,15.99,2025-05-19 22:56:11+00:00,Unknown,31.98,2025,5,19
78507,54001,20975,2,84.6,2024-10-04 02:27:00+00:00,Unknown,169.2,2024,10,4
78928,55788,21189,1,26.5,2024-09-24 15:54:00+00:00,Unknown,26.5,2024,9,24
77825,53050,21611,2,63.5,2024-08-03 13:40:30+00:00,Unknown,127.0,2024,8,3
75980,54942,21485,1,19.5,2024-09-30 08:13:33+00:00,Unknown,19.5,2024,9,30
82352,55603,21452,1,24.9,2024-07-26 21:02:55.986000+00:00,Unknown,24.9,2024,7,26
74386,55770,21131,1,63.0,2025-03-21 18:13:13+00:00,Unknown,63.0,2025,3,21
77274,55294,21116,1,35.0,2024-12-12 08:54:23+00:00,Unknown,35.0,2024,12,12
82421,54722,20972,2,60.0,2025-05-19 06:27:05+00:00,"Apt. 666 331 Patrina Flats, East Christoper, NH 90561",120.0,2025,5,19
76646,54489,21354,1,15.0,2024-09-04 21:13:16+00:00,Unknown,15.0,2024,9,4
79701,53306,21618,1,43.0,2024-10-21 14:19:26+00:00,Unknown,43.0,2024,10,21
80283,55567,21308,1,58.99,2025-01-22 19:29:50+00:00,Unknown,58.99,2025,1,22
73408,55824,21245,1,57.9,2024-09-08 04:32:50+00:00,Unknown,57.9,2024,9,8
83035,53642,20917,1,39.0,2025-02-04 21:08:23+00:00,Unknown,39.0,2025,2,4
73910,55049,21224,1,57.0,2025-01-02 07:41:00+00:00,Unknown,57.0,2025,1,2
76419,55724,21187,1,80.4,2025-05-30 02:47:23+00:00,"Apt. 492 87038 Morissette Pike, South Bryantview, DE 89395",80.4,2025,5,30
74598,55808,21155,2,66.0,2025-04-22 05:43:00+00:00,Unknown,132.0,2025,4,22
74040,53128,21028,1,52.5,2024-05-27 03:56:02+00:00,Unknown,52.5,2024,5,27
81994,54757,21029,4,46.0,2025-09-07 08:45:00+00:00,"169 Romaguera Shore, Ollieville, HI 86471",184.0,2025,9,7
80942,55587,21165,1,16.0,2024-09-21 00:21:52+00:00,"9560 Virgilio Trafficway, West Wendolyn, SD 91722-7321",16.0,2024,9,21
76061,54545,21225,1,58.75,2024-08-30 05:12:34+00:00,"5975 Julius Wall, Deckowstad, FL 29855-7873",58.75,2024,8,30
73926,55346,21395,1,40.5,2025-07-04 11:49:00+00:00,Unknown,40.5,2025,7,4
74097,54916,21236,3,89.99,2024-11-03 23:32:08+00:00,Unknown,269.97,2024,11,3
80084,53509,21645,1,59.7,2025-01-01 16:25:32+00:00,"2513 Franecki Glens, Hobertshire, TX 99131-5208",59.7,2025,1,1
81943,54664,21467,1,46.0,2025-01-17 20:42:00+00:00,"Apt. 456 273 James Parkway, New Cletusberg, AZ 16466",46.0,2025,1,17
75693,54295,20994,1,19.0,2025-02-26 20:36:00+00:00,Unknown,19.0,2025,2,26
76553,55073,20942,1,37.0,2024-08-03 12:50:00+00:00,Unknown,37.0,2024,8,3
78558,54356,21053,1,50.75,2024-12-07 13:01:13+00:00,Unknown,50.75,2024,12,7
81807,53865,21262,2,39.6,2024-06-29 16:10:00+00:00,Unknown,79.2,2024,6,29
81120,55785,21442,1,68.75,2024-06-21 21:14:00+00:00,Unknown,68.75,2024,6,21
74615,53571,21110,1,36.0,2024-08-02 17:13:12+00:00,Unknown,36.0,2024,8,2
82828,54469,21365,2,53.0,2025-01-10 17:20:33+00:00,Unknown,106.0,2025,1,10
77999,54534,21578,1,52.5,2025-01-20 09:25:16.463000+00:00,Unknown,52.5,2025,1,20
81591,55798,21054,5,17.25,2025-02-28 05:24:51+00:00,Unknown,86.25,2025,2,28
74398,55456,21217,1,33.75,2024-09-28 18:06:37+00:00,Unknown,33.75,2024,9,28
81340,55145,20965,1,54.0,2025-04-03 19:56:25+00:00,Unknown,54.0,2025,4,3
73403,53289,21635,1,23.25,2024-11-24 05:01:42+00:00,Unknown,23.25,2024,11,24
81689,54985,21238,1,57.25,2024-09-18 13:41:01+00:00,Unknown,57.25,2024,9,18
77778,55218,21249,1,68.0,2025-02-23 21:49:14+00:00,Unknown,68.0,2025,2,23
79009,54863,21063,1,51.5,2024-11-05 13:45:32+00:00,"849 Branden Extensions, West Karmenstad, RI 46242",51.5,2024,11,5
79270,54694,21308,2,59.0,2024-11-04 23:58:09+00:00,Unknown,118.0,2024,11,4
82984,55035,21003,5,39.0,2025-01-01 21:10:02+00:00,"Apt. 351 715 Rohan Land, Delilahburgh, MS 12591-3400",195.0,2025,1,1
75894,54361,21656,3,91.8,2024-09-29 13:35:00+00:00,Unknown,275.4,2024,9,29
75782,53126,21016,1,74.5,2024-12-02 20:10:53+00:00,Unknown,74.5,2024,12,2
74590,53355,21130,2,51.9,2025-01-27 22:23:52.444000+00:00,"880 Dominique Meadow, West Lawerence, DE 53689-5550",103.8,2025,1,27
76129,54616,21465,1,71.25,2024-12-30 12:02:06+00:00,Unknown,71.25,2024,12,30
75662,53821,21193,1,17.4,2024-09-26 17:08:51+00:00,Unknown,17.4,2024,9,26
74715,55275,21565,2,63.5,2024-11-09 03:08:32+00:00,Unknown,127.0,2024,11,9
80379,55343,21044,3,26.0,2024-11-26 04:35:35+00:00,Unknown,78.0,2024,11,26
82437,54423,21483,1,82.8,2025-03-11 14:12:00+00:00,Unknown,82.8,2025,3,11
74734,53526,21507,1,45.99,2024-11-05 14:57:16+00:00,Unknown,45.99,2024,11,5
81007,53378,21414,1,37.5,2024-09-28 08:15:00+00:00,Unknown,37.5,2024,9,28
79727,55295,21126,1,65.5,2025-02-19 03:01:17+00:00,"Suite 999 1747 Ezra Turnpike, Ruthtown, WV 72370",65.5,2025,2,19
81085,54737,21563,5,58.99,2024-03-10 16:58:00+00:00,Unknown,294.95,2024,3,10
81751,54820,21657,1,15.5,2025-08-21 15:31:28+00:00,"Suite 925 408 Hoeger Plains, New Jacklyn, MO 71356",15.5,2025,8,21
82300,55507,21324,2,60.3,2025-04-17 19:05:45+00:00,Unknown,120.6,2025,4,17
78620,53847,21225,1,66.3,2024-09-29 16:15:11+00:00,Unknown,66.3,2024,9,29
78394,53501,21487,2,68.0,2025-02-19 06:06:50+00:00,Unknown,136.0,2025,2,19
82614,55090,21622,1,35.75,2025-03-18 17:52:11+00:00,Unknown,35.75,2025,3,18
79754,53544,21277,1,72.3,2024-08-28 14:42:05+00:00,Unknown,72.3,2024,8,28
79696,55623,21457,4,88.79,2025-01-09 07:29:02+00:00,"212 Harris Forks, O'Connerville, IN 64153",355.16,2025,1,9
82784,54472,21607,3,68.0,2024-09-25 22:42:54+00:00,Unknown,204.0,2024,9,25
75574,54608,21409,2,86.4,2024-10-19 14:28:55+00:00,Unknown,172.8,2024,10,19
79214,54712,21524,1,64.0,2024-02-24 03:53:51+00:00,Unknown,64.0,2024,2,24
78477,53522,21331,1,63.0,2025-12-01 01:16:16+00:00,Unknown,63.0,2025,12,1
79400,55542,21261,1,71.0,2024-07-21 22:00:54+00:00,Unknown,71.0,2024,7,21
75952,53177,21229,2,22.99,2024-08-07 13:18:10+00:00,Unknown,45.98,2024,8,7
73566,54336,21384,1,52.99,2024-12-04 17:31:07+00:00,"104 Harris Corner, Bernardinemouth, FL 48321-5641",52.99,2024,12,4
78453,54311,21472,1,62.5,2024-09-04 12:38:02+00:00,"Apt. 582 881 Svetlana Trail, East Sophia, NC 70166",62.5,2024,9,4
78115,55729,21602,2,72.0,2024-11-17 11:06:12+00:00,Unknown,144.0,2024,11,17
82737,55043,21182,1,66.5,2024-11-12 22:13:54+00:00,Unknown,66.5,2024,11,12
77128,53540,21409,1,85.2,2024-11-07 22:21:25+00:00,Unknown,85.2,2024,11,7
73525,54379,21031,2,53.1,2025-04-22 21:23:01+00:00,Unknown,106.2,2025,4,22
79431,55516,21181,3,49.25,2024-12-19 09:29:00+00:00,"8630 Vito Street, Hanemouth, DE 45324",147.75,2024,12,19
75322,54469,21334,2,50.39,2025-02-05 14:27:00+00:00,Unknown,100.78,2025,2,5
81544,54199,21002,1,50.7,2024-12-04 11:01:28+00:00,Unknown,50.7,2024,12,4
78795,55609,21279,1,45.6,2024-11-15 21:43:08+00:00,Unknown,45.6,2024,11,15
79846,53254,21309,4,42.0,2024-12-06 15:23:17+00:00,"13554 Leilani Valleys, South Eleanora, NJ 74130-4964",168.0,2024,12,6
82779,54230,21082,2,26.4,2025-05-13 16:42:54+00:00,Unknown,52.8,2025,5,13
82706,54700,21071,1,64.8,2025-04-29 14:23:25+00:00,Unknown,64.8,2025,4,29
79564,55814,21076,2,53.5,2024-10-19 02:31:00+00:00,"5989 Fisher Ports, Wardfurt, ND 46622",107.0,2024,10,19
81245,53581,21116,1,39.6,2025-04-10 16:40:07+00:00,Unknown,39.6,2025,4,10
78571,53187,21577,1,32.39,2025-04-04 06:18:00+00:00,Unknown,32.39,2025,4,4
75045,55022,21633,2,89.7,2024-11-17 10:51:48+00:00,Unknown,179.4,2024,11,17
74396,54753,21264,1,39.5,2024-09-18 00:54:36+00:00,"86898 Miguelina Island, North Rettaland, VT 65550",39.5,2024,9,18
73711,55092,21074,2,72.25,2024-10-30 00:57:27+00:00,"Apt. 776 229 Lannie Port, New Nathan, OR 97278",144.5,2024,10,30
76699,54174,21248,3,44.25,2024-09-01 02:18:00+00:00,Unknown,132.75,2024,9,1
75150,55456,21587,1,16.2,2025-02-28 03:06:47+00:00,Unknown,16.2,2025,2,28
74187,55221,21252,1,51.5,2024-08-16 04:32:11+00:00,"Suite 129 435 Olson Light, East Corneliuschester, SC 91325",51.5,2024,8,16
76054,53494,21526,4,23.0,2024-08-13 19:46:24+00:00,Unknown,92.0,2024,8,13
81550,53783,21253,1,69.5,2024-07-03 20:47:22+00:00,"28392 Bechtelar Highway, Albertoton, MS 16965",69.5,2024,7,3
77424,53362,21445,4,49.25,2024-07-11 16:01:00+00:00,"Suite 862 7724 Ervin Point, Stromanburgh, DE 09314",197.0,2024,7,11
74847,53080,21595,2,51.5,2024-09-25 15:49:38.178000+00:00,Unknown,103.0,2024,9,25
78994,55480,21531,1,66.6,2024-09-27 19:45:38+00:00,Unknown,66.6,2024,9,27
75640,55486,21145,1,15.0,2024-06-27 01:05:18+00:00,Unknown,15.0,2024,6,27
77716,54030,21372,1,44.39,2024-11-10 18:17:00+00:00,Unknown,44.39,2024,11,10
78967,53144,21615,1,46.5,2024-12-05 07:36:55+00:00,Unknown,46.5,2024,12,5
82581,54063,21429,1,41.5,2025-02-20 07:34:57+00:00,"94794 Dickens Course, Lake Kristopher, IN 07114-4559",41.5,2025,2,20
76628,53490,20936,1,60.5,2024-11-10 19:50:09+00:00,Unknown,60.5,2024,11,10
78728,54645,21080,1,26.0,2025-01-16 22:53:00+00:00,"572 Cornelius Brooks, Port Lakeishaville, VT 60207",26.0,2025,1,16
80738,53342,21584,1,61.2,2024-11-01 12:12:15+00:00,"Apt. 303 933 Bechtelar Camp, New Curtisfurt, AZ 70111",61.2,2024,11,1
80563,54994,21187,1,65.0,2024-10-30 08:18:00+00:00,Unknown,65.0,2024,10,30
82670,54232,21048,4,60.5,2024-10-13 22:12:47+00:00,Unknown,242.0,2024,10,13
75276,54174,20987,1,84.6,2024-02-13 19:23:12+00:00,Unknown,84.6,2024,2,13
73328,53085,21377,3,62.4,2024-08-25 14:18:43+00:00,Unknown,187.2,2024,8,25
74477,54964,21642,4,51.75,2024-09-04 08:15:00+00:00,Unknown,207.0,2024,9,4
80020,54367,21068,2,67.5,2024-12-02 21:46:43+00:00,Unknown,135.0,2024,12,2
75242,55412,21461,1,50.5,2024-11-09 08:30:00+00:00,Unknown,50.5,2024,11,9
81484,55808,21497,1,71.0,2024-12-22 22:25:30+00:00,"3272 Owen Crescent, Corneliusmouth, DE 62001-3416",71.0,2024,12,22
78529,55326,21326,1,90.0,2024-06-10 03:19:07+00:00,Unknown,90.0,2024,6,10
74822,55470,21613,1,27.75,2024-04-10 15:32:47+00:00,Unknown,27.75,2024,4,10
82040,53830,21564,1,42.6,2024-06-10 20:03:53.512000+00:00,Unknown,42.6,2024,6,10
73741,54431,21359,1,70.5,2025-01-07 07:39:00+00:00,Unknown,70.5,2025,1,7
80574,54140,21636,2,55.5,2024-08-14 21:08:00+00:00,Unknown,111.0,2024,8,14
77425,54990,21048,1,60.75,2025-05-04 21:19:00+00:00,"Suite 175 5049 Koss Passage, Andreshaven, ME 25077",60.75,2025,5,4
76912,54084,21218,1,42.75,2024-06-12 10:05:05+00:00,Unknown,42.75,2024,6,12
76599,54820,21398,3,28.8,2024-10-31 17:13:13+00:00,"Suite 925 408 Hoeger Plains, New Jacklyn, MO 71356",86.4,2024,10,31
78503,53123,21130,1,39.0,2025-03-20 21:29:00+00:00,"Suite 183 453 Brakus Cliffs, Stokestown, MT 55758",39.0,2025,3,20
73614,54132,21337,1,87.9,2025-04-29 08:24:00+00:00,Unknown,87.9,2025,4,29
77553,54393,21255,2,41.75,2024-11-29 21:45:31+00:00,Unknown,83.5,2024,11,29
76422,54384,21384,1,52.25,2024-09-12 22:42:00+00:00,Unknown,52.25,2024,9,12
78200,54479,21388,1,50.0,2024-10-26 14:10:24+00:00,Unknown,50.0,2024,10,26
81838,53697,21567,1,57.75,2024-10-22 04:58:53+00:00,Unknown,57.75,2024,10,22
75765,54101,21100,1,21.5,2025-05-16 15:40:00+00:00,Unknown,21.5,2025,5,16
80552,54923,21626,1,67.5,2024-10-06 17:24:40+00:00,"347 Kris Prairie, Jeremytown, VA 27625-2922",67.5,2024,10,6
73352,53816,20945,2,38.75,2024-09-11 16:17:55+00:00,"6016 Julius Rest, Waelchichester, ND 50798",77.5,2024,9,11
75119,54451,21595,1,57.6,2025-01-12 21:09:30+00:00,Unknown,57.6,2025,1,12
83172,55160,21108,1,23.75,2024-11-09 12:54:00+00:00,Unknown,23.75,2024,11,9
77569,53975,21194,5,24.0,2025-06-14 05:30:44+00:00,Unknown,120.0,2025,6,14
74450,54684,21485,1,19.8,2024-04-27 11:47:00+00:00,Unknown,19.8,2024,4,27
77874,54443,21354,1,15.5,2024-07-16 17:51:38+00:00,Unknown,15.5,2024,7,16
73663,54190,21533,1,47.0,2025-04-26 21:55:00+00:00,"5653 Harris Centers, West Elwood, WA 34278-5748",47.0,2025,4,26
82484,54211,21073,2,38.0,2024-10-28 18:43:00+00:00,Unknown,76.0,2024,10,28
80995,54579,21279,1,43.2,2025-03-24 00:53:00+00:00,Unknown,43.2,2025,3,24
80846,54333,21463,1,75.25,2024-10-22 04:08:00+00:00,Unknown,75.25,2024,10,22
77688,53193,21531,2,67.8,2024-06-08 07:44:31+00:00,Unknown,135.6,2024,6,8
75722,53819,21631,1,19.2,2025-03-11 01:18:00+00:00,Unknown,19.2,2025,3,11
81314,54814,21421,2,53.0,2024-11-17 13:58:38+00:00,Unknown,106.0,2024,11,17
77809,53198,21154,1,81.0,2024-07-03 15:42:00+00:00,"1288 Jeanie Stravenue, East Elisabeth, IA 79228-1593",81.0,2024,7,3
81021,55413,20955,1,73.99,2024-10-23 19:21:58+00:00,Unknown,73.99,2024,10,23
81954,54506,21193,1,21.0,2025-06-20 23:10:00+00:00,"46757 Hammes Tunnel, Lake Darenchester, ME 45859-1838",21.0,2025,6,20
78776,53746,21060,1,37.99,2024-07-21 08:39:31+00:00,Unknown,37.99,2024,7,21
74127,55026,21333,1,30.75,2025-02-03 15:37:43+00:00,Unknown,30.75,2025,2,3
76431,54019,21433,1,44.99,2024-09-17 15:37:00+00:00,Unknown,44.99,2024,9,17
78966,54529,21609,1,26.4,2024-11-12 09:50:00+00:00,Unknown,26.4,2024,11,12
82103,53549,21370,4,51.59,2024-10-09 09:17:49+00:00,Unknown,206.36,2024,10,9
77776,54489,21450,1,51.75,2025-05-02 10:08:14+00:00,Unknown,51.75,2025,5,2
74707,55596,21607,1,68.75,2025-02-17 19:07:44+00:00,Unknown,68.75,2025,2,17
82087,54337,21635,1,21.25,2024-12-12 22:25:25+00:00,"63057 Ward Place, Port Eldon, HI 71296",21.25,2024,12,12
81449,53732,21583,1,12.99,2025-04-25 12:16:46+00:00,Unknown,12.99,2025,4,25
75576,55059,21159,1,75.3,2025-04-23 16:46:38+00:00,Unknown,75.3,2025,4,23
73703,54693,21372,1,41.4,2025-04-25 19:26:10+00:00,Unknown,41.4,2025,4,25
74745,55197,21383,1,50.39,2024-09-14 02:35:07+00:00,Unknown,50.39,2024,9,14
79795,53965,21446,1,34.75,2024-08-10 18:58:56.730000+00:00,"Apt. 969 3985 Hessel Light, Alanfort, SD 20439",34.75,2024,8,10
80525,55477,21099,1,27.5,2025-05-31 05:44:10+00:00,Unknown,27.5,2025,5,31
80010,55390,21551,1,45.3,2025-06-14 21:17:28+00:00,Unknown,45.3,2025,6,14
79383,54504,21647,1,70.0,2025-02-16 08:10:58.535000+00:00,Unknown,70.0,2025,2,16
75433,55253,20931,1,66.0,2025-04-05 22:50:08+00:00,Unknown,66.0,2025,4,5
82360,53499,21522,5,53.99,2024-08-29 19:36:29+00:00,Unknown,269.95,2024,8,29
79477,54472,21369,2,60.25,2024-09-14 11:39:27+00:00,Unknown,120.5,2024,9,14
78180,55457,21294,5,22.0,2024-07-09 13:53:28+00:00,Unknown,110.0,2024,7,9
82116,53320,21323,1,30.9,2024-10-10 15:41:06+00:00,Unknown,30.9,2024,10,10
77356,55825,21477,1,47.25,2024-10-10 05:14:14+00:00,Unknown,47.25,2024,10,10
78885,54640,21327,1,88.8,2024-10-20 11:50:18+00:00,Unknown,88.8,2024,10,20
79438,53760,20991,2,43.5,2025-04-01 16:48:00+00:00,"Apt. 530 277 Byron Flat, Schmittton, NY 46177-7289",87.0,2025,4,1
79646,53299,21155,5,68.75,2024-12-25 21:39:06+00:00,"836 Aleida Square, West Margarito, NV 12265",343.75,2024,12,25
81778,53143,20940,1,59.25,2024-11-11 19:53:46+00:00,"87814 Schamberger Squares, Steviemouth, HI 45774",59.25,2024,11,11
75673,55190,21469,1,69.0,2024-11-06 17:11:28+00:00,Unknown,69.0,2024,11,6
78389,54736,21428,1,24.25,2024-11-25 21:39:45+00:00,Unknown,24.25,2024,11,25
79976,53309,21541,3,58.25,2024-09-12 18:03:17+00:00,Unknown,174.75,2024,9,12
75694,54299,21513,1,40.0,2024-10-06 17:41:29+00:00,Unknown,40.0,2024,10,6
80070,54730,21226,1,68.4,2024-12-15 02:02:26.252000+00:00,Unknown,68.4,2024,12,15
75364,54971,21288,1,22.0,2024-11-06 21:43:00+00:00,Unknown,22.0,2024,11,6
80610,54063,21631,1,21.0,2024-12-30 00:50:50+00:00,Unknown,21.0,2024,12,30
79667,55387,21124,1,43.5,2025-05-25 11:29:03+00:00,Unknown,43.5,2025,5,25
73531,53423,21203,1,45.3,2025-02-06 23:21:42+00:00,"999 Loren Springs, Kilbackfort, NC 98082",45.3,2025,2,6
76487,54564,21086,5,65.0,2025-02-28 04:28:49+00:00,"Apt. 267 105 Graham Road, West Leandro, UT 45744",325.0,2025,2,28
75469,55396,21543,1,28.0,2024-08-07 01:14:00+00:00,Unknown,28.0,2024,8,7
76886,53253,21589,3,45.75,2024-10-19 04:23:02.676000+00:00,Unknown,137.25,2024,10,19
80728,55045,21331,1,63.99,2025-04-22 03:18:57.292000+00:00,Unknown,63.99,2025,4,22
74226,53742,21626,3,68.99,2024-10-26 22:34:18+00:00,Unknown,206.97,2024,10,26
77394,55685,21179,1,54.75,2024-10-11 16:26:00+00:00,"Apt. 627 38782 Isidro Bypass, Kiptown, VT 01336-8877",54.75,2024,10,11
79851,54145,21154,1,70.99,2024-08-12 12:36:00+00:00,Unknown,70.99,2024,8,12
78473,54099,21516,1,35.1,2025-07-31 01:59:14+00:00,"38052 Ryan Plaza, Wiegandborough, CA 63818-0941",35.1,2025,7,31
82399,55574,21593,1,61.99,2025-01-23 08:46:22+00:00,Unknown,61.99,2025,1,23
74660,55049,21458,1,48.99,2024-07-12 17:58:01+00:00,"Apt. 526 857 Walsh Falls, Millerport, KS 39301",48.99,2024,7,12
76724,53467,21563,1,58.5,2025-04-26 17:03:03+00:00,"Apt. 500 5811 Becker Circles, West Gerryport, NC 51615",58.5,2025,4,26
77967,53317,20974,1,73.2,2024-12-06 22:56:45+00:00,Unknown,73.2,2024,12,6
82536,55619,21598,1,37.75,2025-04-30 01:00:01.206000+00:00,Unknown,37.75,2025,4,30
73431,53737,21440,1,37.99,2025-05-25 14:46:00+00:00,Unknown,37.99,2025,5,25
82358,55136,21188,1,47.99,2024-08-23 17:51:56+00:00,Unknown,47.99,2024,8,23
82039,53127,21025,1,50.0,2025-02-22 18:32:30+00:00,"916 Grant Forks, Lake Rodrigofurt, CT 98856-5818",50.0,2025,2,22
76423,53974,21272,1,75.9,2025-05-19 03:28:28+00:00,Unknown,75.9,2025,5,19
81006,53495,21019,4,63.0,2025-04-09 10:24:24.033000+00:00,Unknown,252.0,2025,4,9
78460,54857,21531,2,58.0,2025-04-08 02:28:39+00:00,"27067 Ellis Mountains, New Arthurborough, KY 66430-9560",116.0,2025,4,8
80434,54008,21001,5,37.0,2024-10-10 15:42:57.940000+00:00,Unknown,185.0,2024,10,10
75303,54394,21645,1,50.5,2024-11-02 05:10:34+00:00,Unknown,50.5,2024,11,2
81561,54935,21456,1,65.4,2025-01-29 19:00:00+00:00,"Apt. 218 130 Sheridan Key, North Krissyton, CT 86470-4559",65.4,2025,1,29
78100,55153,21460,1,42.0,2025-02-10 03:51:33+00:00,Unknown,42.0,2025,2,10
79353,53910,21611,1,60.75,2024-11-13 22:11:08.914000+00:00,"495 Douglas Port, Franciscotown, WI 97743",60.75,2024,11,13
80946,53507,21633,1,87.6,2024-12-07 09:26:26+00:00,Unknown,87.6,2024,12,7
75860,53221,21616,1,65.99,2024-08-03 21:32:04+00:00,Unknown,65.99,2024,8,3
75685,54197,21562,1,51.59,2025-03-10 16:57:07+00:00,Unknown,51.59,2025,3,10
74212,53739,21611,2,61.75,2025-06-26 04:47:50.765000+00:00,Unknown,123.5,2025,6,26
76277,53499,20920,2,22.5,2025-03-16 23:22:56+00:00,Unknown,45.0,2025,3,16
76758,53100,21239,1,36.5,2025-05-05 04:12:40+00:00,"270 Jeramy Rapid, Lake Wilburn, ME 18798",36.5,2025,5,5
75809,54574,21426,1,22.25,2025-04-21 00:02:28+00:00,Unknown,22.25,2025,4,21
78229,55674,21459,1,22.25,2024-12-18 03:59:00+00:00,Unknown,22.25,2024,12,18
75292,54427,21201,1,78.9,2025-03-02 08:34:00+00:00,Unknown,78.9,2025,3,2
78624,54423,21494,1,27.0,2025-04-24 17:34:25+00:00,Unknown,27.0,2025,4,24
78840,55525,21444,2,61.0,2024-08-12 18:33:41.651000+00:00,"14729 Katina Road, Schillerton, AZ 96136-9270",122.0,2024,8,12
78780,54591,21044,1,30.6,2025-01-15 21:50:00+00:00,"Suite 544 15079 Milford Falls, Kundechester, WY 54325-0436",30.6,2025,1,15
81627,53557,21026,1,20.0,2025-02-07 21:37:00+00:00,Unknown,20.0,2025,2,7
79038,55428,21631,5,14.5,2024-09-15 16:09:00+00:00,Unknown,72.5,2024,9,15
73510,54983,21039,1,32.99,2025-01-18 05:30:00+00:00,Unknown,32.99,2025,1,18
82741,54384,21505,1,37.8,2024-09-18 17:03:00+00:00,Unknown,37.8,2024,9,18
75398,54365,21064,1,48.6,2025-04-29 17:06:23+00:00,"66693 Jarrod Dam, North Elenaburgh, NY 18907-1369",48.6,2025,4,29
78123,55076,21240,5,15.75,2024-11-09 15:40:40+00:00,Unknown,78.75,2024,11,9
80968,53951,21516,1,28.25,2025-01-07 00:25:00+00:00,Unknown,28.25,2025,1,7
78214,53419,21333,2,31.0,2024-04-28 03:25:39+00:00,"299 Casimira Ways, New German, HI 40125",62.0,2024,4,28
77817,54951,21567,1,58.99,2025-01-27 19:47:38+00:00,"52499 Lonny Drive, New Margrett, DE 05760",58.99,2025,1,27
79454,55752,21439,2,43.25,2024-12-30 05:09:00+00:00,Unknown,86.5,2024,12,30
75310,54579,21280,2,24.9,2025-04-20 22:05:14+00:00,Unknown,49.8,2025,4,20
73900,54522,21580,1,76.8,2025-03-13 20:22:00+00:00,Unknown,76.8,2025,3,13
77807,55497,21519,1,50.75,2024-08-10 01:02:22+00:00,Unknown,50.75,2024,8,10
76442,55088,21317,1,50.5,2024-06-08 02:37:00+00:00,Unknown,50.5,2024,6,8
76026,53666,21430,4,35.99,2025-03-17 15:31:48+00:00,Unknown,143.96,2025,3,17
80901,54237,21066,1,34.25,2024-12-03 01:03:38+00:00,Unknown,34.25,2024,12,3
82453,54835,21098,1,80.1,2024-04-24 01:03:50+00:00,Unknown,80.1,2024,4,24
81018,54303,21153,5,52.79,2024-06-30 15:55:00+00:00,Unknown,263.95,2024,6,30
74640,54136,20994,3,16.0,2024-10-11 11:36:58+00:00,Unknown,48.0,2024,10,11
82438,54803,21125,1,16.8,2025-04-25 21:16:24+00:00,Unknown,16.8,2025,4,25
77060,55233,21132,1,22.0,2025-04-15 05:55:47+00:00,Unknown,22.0,2025,4,15
77712,53791,21600,2,55.19,2024-12-15 12:25:57+00:00,Unknown,110.38,2024,12,15
78374,54139,21612,1,61.0,2025-01-09 00:12:57+00:00,Unknown,61.0,2025,1,9
81512,54862,21448,2,17.99,2024-09-02 10:22:13+00:00,Unknown,35.98,2024,9,2
75880,53339,21585,1,42.5,2024-12-27 09:51:00+00:00,Unknown,42.5,2024,12,27
74380,54261,21302,1,21.75,2024-10-18 07:43:04+00:00,Unknown,21.75,2024,10,18
82701,54557,21189,1,25.5,2024-04-15 23:56:00+00:00,"Apt. 453 96201 Will Land, Wilfordborough, OK 92767-3954",25.5,2024,4,15
81237,55057,21496,1,28.0,2025-01-27 13:17:57+00:00,Unknown,28.0,2025,1,27
80112,55735,20928,1,24.9,2025-03-28 07:20:44+00:00,Unknown,24.9,2025,3,28
80489,54150,21480,1,82.79,2024-12-29 10:48:00+00:00,Unknown,82.79,2024,12,29
81684,55722,21465,1,92.1,2024-07-29 01:33:39+00:00,Unknown,92.1,2024,7,29
78449,54571,21290,1,62.4,2024-08-22 20:34:51+00:00,Unknown,62.4,2024,8,22
73534,54875,21215,1,23.4,2024-12-24 01:54:32+00:00,Unknown,23.4,2024,12,24
75359,53455,21585,1,48.0,2025-03-17 08:36:56+00:00,Unknown,48.0,2025,3,17
81298,54944,21633,1,89.4,2025-01-13 04:08:44+00:00,Unknown,89.4,2025,1,13
74372,54815,21195,1,46.8,2024-11-03 13:26:02.742000+00:00,Unknown,46.8,2024,11,3
75830,55596,21047,1,53.75,2025-04-03 11:47:45+00:00,Unknown,53.75,2025,4,3
76854,54549,21452,1,19.5,2024-10-19 00:04:06+00:00,"34491 Kandace Parkway, Ahmedside, NY 13232",19.5,2024,10,19
77284,54831,21143,1,52.8,2024-09-24 03:07:12+00:00,Unknown,52.8,2024,9,24
78799,55434,21200,4,41.75,2025-03-19 07:28:00+00:00,"Suite 496 179 Raymon Port, Feilhaven, WY 08018",167.0,2025,3,19
77209,53120,20974,1,75.9,2024-08-06 22:27:00+00:00,Unknown,75.9,2024,8,6
74219,54660,20996,2,57.0,2025-03-12 12:28:00+00:00,Unknown,114.0,2025,3,12
79998,54695,21146,1,58.79,2024-09-28 10:50:54+00:00,Unknown,58.79,2024,9,28
81833,54708,21147,2,30.25,2024-12-19 05:49:25+00:00,"4977 Christiansen Union, Gradystad, FL 63600",60.5,2024,12,19
78725,54456,21422,1,23.99,2024-12-08 07:40:26+00:00,"8147 Karyn Spring, East Pasquale, MT 45067",23.99,2024,12,8
82689,55733,20950,1,34.0,2024-11-11 14:54:00+00:00,Unknown,34.0,2024,11,11
80974,53098,20966,1,41.0,2024-05-18 23:21:28.118000+00:00,Unknown,41.0,2024,5,18
79324,54495,21449,3,79.5,2024-12-17 14:40:59+00:00,Unknown,238.5,2024,12,17
79387,55430,21322,1,25.0,2024-10-14 14:57:24+00:00,Unknown,25.0,2024,10,14
82687,54195,20994,1,21.0,2024-10-13 01:48:46+00:00,"20761 Shayla Route, Linneachester, RI 17074",21.0,2024,10,13
79066,54979,21162,1,52.5,2024-09-10 19:10:35+00:00,Unknown,52.5,2024,9,10
75545,53333,21187,3,81.6,2025-04-03 14:05:10+00:00,Unknown,244.8,2025,4,3
82586,53292,21477,1,45.5,2024-10-14 12:29:00+00:00,Unknown,45.5,2024,10,14
82423,53928,21087,1,36.6,2024-11-10 01:57:46+00:00,Unknown,36.6,2024,11,10
80663,54578,21182,1,66.5,2024-12-03 10:34:00+00:00,"583 Luis Parkways, North Harleytown, TN 24091",66.5,2024,12,3
81121,53733,21013,2,49.2,2024-09-21 17:39:00+00:00,Unknown,98.4,2024,9,21
73921,55309,20972,1,60.0,2025-06-21 19:09:00+00:00,Unknown,60.0,2025,6,21
76092,55111,21051,1,71.0,2025-04-07 04:14:43+00:00,"Apt. 998 267 Schulist Shoal, Daughertytown, AK 03515",71.0,2025,4,7
80500,54701,20988,1,61.5,2025-06-18 19:01:37+00:00,Unknown,61.5,2025,6,18
74806,53558,21485,3,21.75,2024-06-14 02:03:04+00:00,Unknown,65.25,2024,6,14
75534,54403,21375,1,35.4,2024-12-19 00:18:44+00:00,Unknown,35.4,2024,12,19
73764,54910,21505,1,26.0,2024-11-26 20:08:50+00:00,Unknown,26.0,2024,11,26
80371,53733,21390,2,57.6,2024-11-06 13:26:42+00:00,Unknown,115.2,2024,11,6
78133,53944,21624,1,62.75,2024-06-09 09:30:00+00:00,Unknown,62.75,2024,6,9
77385,54078,21435,1,58.0,2024-10-09 16:39:29+00:00,"20072 Mills Brooks, D'Amoreton, WA 52392",58.0,2024,10,9
78446,55609,21408,2,28.5,2024-12-19 09:22:47+00:00,Unknown,57.0,2024,12,19
79840,53821,21630,1,54.5,2024-09-16 00:24:00+00:00,Unknown,54.5,2024,9,16
77705,54260,21036,4,61.0,2024-05-10 06:57:59+00:00,Unknown,244.0,2024,5,10
78436,55596,21063,2,52.5,2024-08-11 10:14:00+00:00,"Suite 855 33314 Camie Causeway, Lorenafort, MN 29332",105.0,2024,8,11
79615,55811,21447,1,76.79,2025-06-05 12:05:00+00:00,Unknown,76.79,2025,6,5
76029,53707,21132,1,23.4,2023-12-26 05:46:59+00:00,Unknown,23.4,2023,12,26
78563,53206,21626,1,82.8,2024-09-18 02:37:00+00:00,Unknown,82.8,2024,9,18
80419,55291,21598,1,42.5,2025-03-10 07:38:30+00:00,"Suite 302 4607 Joeann Rue, Raquelfort, NY 81761-3457",42.5,2025,3,10
75105,55670,21638,1,74.39,2025-02-09 15:48:52.503000+00:00,"607 Stacey Fort, Montychester, PA 69882",74.39,2025,2,9
73365,54101,20981,1,29.7,2024-11-01 07:07:00+00:00,Unknown,29.7,2024,11,1
77927,53023,20929,1,49.25,2025-01-11 07:55:00+00:00,Unknown,49.25,2025,1,11
83164,55659,21602,2,86.39,2025-02-05 10:49:00+00:00,Unknown,172.78,2025,2,5
81772,53054,20952,1,39.75,2025-06-02 17:02:08+00:00,Unknown,39.75,2025,6,2
82696,53172,21608,2,63.5,2025-03-07 08:06:00+00:00,Unknown,127.0,2025,3,7
75271,53582,21355,2,47.25,2024-06-04 08:40:00+00:00,Unknown,94.5,2024,6,4
77359,53411,21613,2,23.0,2025-05-08 10:38:00+00:00,Unknown,46.0,2025,5,8
77566,55381,21375,2,32.75,2025-06-04 22:55:00+00:00,Unknown,65.5,2025,6,4
78752,53319,21256,2,71.7,2025-06-06 08:22:50+00:00,Unknown,143.4,2025,6,6
82479,55309,21049,2,71.0,2025-03-20 11:19:39.150000+00:00,Unknown,142.0,2025,3,20
79464,54367,21282,1,56.25,2024-12-08 14:32:14.851000+00:00,"66504 Leonardo Mount, South Nonashire, CO 63487",56.25,2024,12,8
75703,55097,21269,1,32.0,2024-12-04 14:36:08+00:00,Unknown,32.0,2024,12,4
73454,53459,21604,2,52.5,2024-05-12 08:57:54+00:00,Unknown,105.0,2024,5,12
75753,55574,21622,5,34.5,2024-10-15 11:57:49+00:00,Unknown,172.5,2024,10,15
80703,54374,21217,1,33.0,2024-12-08 19:51:43+00:00,"Apt. 376 4498 Teddy Lodge, Julianland, OK 86883",33.0,2024,12,8
74614,54927,21418,1,64.5,2025-01-06 07:37:32+00:00,Unknown,64.5,2025,1,6
79271,53309,21629,3,65.4,2024-10-23 10:22:19.404000+00:00,"95656 Isaiah Grove, New Lawandafort, CT 10683-0718",196.2,2024,10,23
81366,54513,21372,1,39.0,2024-09-09 15:19:28+00:00,"804 Dee Key, Port Moises, WA 60509",39.0,2024,9,9
78067,53400,21620,1,13.5,2025-06-13 10:53:53+00:00,Unknown,13.5,2025,6,13
79862,53107,21593,3,71.4,2024-06-16 02:43:00+00:00,Unknown,214.2,2024,6,16
78970,53720,21577,1,28.8,2025-02-18 06:43:33+00:00,"Suite 343 47904 Anderson Skyway, Fayhaven, MN 22850",28.8,2025,2,18
78405,53759,21146,2,55.19,2025-02-21 07:03:25+00:00,Unknown,110.38,2025,2,21
82022,54917,21426,1,28.5,2025-01-09 00:41:55+00:00,Unknown,28.5,2025,1,9
76097,53266,21473,1,58.5,2025-06-09 23:41:56+00:00,Unknown,58.5,2025,6,9
79076,55305,21265,1,89.99,2024-09-03 23:43:00+00:00,Unknown,89.99,2024,9,3
81951,54657,21089,1,46.0,2024-10-21 00:36:23+00:00,Unknown,46.0,2024,10,21
82727,54158,21562,1,51.0,2024-07-21 06:53:00+00:00,Unknown,51.0,2024,7,21
75244,53403,21570,2,56.1,2025-04-12 05:26:47+00:00,Unknown,112.2,2025,4,12
74215,55596,21044,1,27.0,2024-10-26 08:36:19+00:00,Unknown,27.0,2024,10,26
77477,54222,21025,1,51.0,2024-10-28 07:57:05+00:00,Unknown,51.0,2024,10,28
73885,54569,21494,2,22.0,2024-10-26 14:34:31+00:00,Unknown,44.0,2024,10,26
80733,53305,21201,1,67.0,2025-05-31 02:59:18+00:00,Unknown,67.0,2025,5,31
76600,53296,21628,1,27.0,2024-07-10 15:18:55+00:00,Unknown,27.0,2024,7,10
79668,53948,21643,1,29.5,2024-08-13 04:44:00+00:00,"Suite 101 925 Eda Ridge, Matthewland, TN 85866",29.5,2024,8,13
81804,54758,21554,1,32.5,2024-06-26 08:02:03+00:00,"6206 Harry Plaza, Lake Trey, AR 42004",32.5,2024,6,26
74133,54236,21514,1,47.4,2025-08-01 18:51:57+00:00,Unknown,47.4,2025,8,1
82697,53630,21392,1,72.5,2025-04-17 13:21:09+00:00,Unknown,72.5,2025,4,17
78519,54388,21098,1,66.75,2025-01-31 16:50:58.609000+00:00,Unknown,66.75,2025,1,31
80811,53578,21152,2,34.5,2024-10-13 10:22:58+00:00,"Apt. 947 3489 Daniella Mission, Pollichside, MN 86276",69.0,2024,10,13
80086,53885,21314,2,20.4,2024-11-06 10:24:25+00:00,Unknown,40.8,2024,11,6
73443,53853,21049,1,69.0,2025-04-09 11:46:00+00:00,Unknown,69.0,2025,4,9
78749,55152,21297,2,72.75,2024-09-21 15:10:33+00:00,Unknown,145.5,2024,9,21
81889,55036,20920,1,14.5,2025-03-19 18:30:00+00:00,Unknown,14.5,2025,3,19
82880,54210,21322,1,26.25,2024-11-08 00:44:40+00:00,Unknown,26.25,2024,11,8
76528,55032,21350,3,56.1,2024-11-24 01:31:46+00:00,Unknown,168.3,2024,11,24
83095,53640,21213,3,21.9,2024-10-05 14:47:52.924000+00:00,Unknown,65.7,2024,10,5
77816,53248,21556,4,25.5,2025-01-10 09:09:00+00:00,Unknown,102.0,2025,1,10
75618,54727,21285,1,68.99,2024-04-30 21:55:00+00:00,Unknown,68.99,2024,4,30
77328,53194,21177,2,21.5,2024-10-24 02:20:28.976000+00:00,Unknown,43.0,2024,10,24
75927,54265,21002,1,51.6,2024-11-04 19:29:20+00:00,"164 Teena Island, South Phil, OR 68112",51.6,2024,11,4
81210,54930,21290,1,52.5,2025-01-04 10:30:09+00:00,"666 Keebler Radial, East Donettatown, MS 27822",52.5,2025,1,4
77622,54696,21283,2,41.0,2025-03-20 10:03:00+00:00,Unknown,82.0,2025,3,20
80580,54375,21025,1,54.0,2024-08-12 14:34:34+00:00,"8297 Collins Place, Welchfort, RI 90317-8953",54.0,2024,8,12
82480,53550,21499,1,72.5,2025-02-09 15:24:27+00:00,"Apt. 646 812 O'Connell Union, Ronnieside, KY 04312",72.5,2025,2,9
81600,54086,21005,1,17.99,2024-08-14 12:59:17+00:00,Unknown,17.99,2024,8,14
79182,54236,21040,1,61.0,2024-12-28 23:33:16.901000+00:00,Unknown,61.0,2024,12,28
74402,53027,21436,2,36.5,2024-09-21 15:22:28+00:00,"Apt. 367 170 Kihn Bridge, South Nathanial, WY 76876-6626",73.0,2024,9,21
79789,54197,21646,1,16.0,2025-03-17 01:53:01.612000+00:00,Unknown,16.0,2025,3,17
75711,54933,21079,1,57.0,2025-06-15 11:31:13+00:00,Unknown,57.0,2025,6,15
79926,53650,21540,4,58.99,2025-02-20 05:08:00+00:00,Unknown,235.96,2025,2,20
77158,53436,21469,3,71.99,2024-08-02 01:32:32+00:00,Unknown,215.97,2024,8,2
81938,55616,21170,1,71.25,2025-05-11 15:01:00+00:00,Unknown,71.25,2025,5,11
75568,53305,20924,1,64.5,2025-01-17 08:19:00+00:00,"80641 Sheldon Court, Robertobury, KS 13460-8820",64.5,2025,1,17
79474,54033,21122,3,64.0,2024-11-01 06:46:00+00:00,Unknown,192.0,2024,11,1
76834,53562,21377,3,48.99,2024-04-28 02:54:00+00:00,Unknown,146.97,2024,4,28
80952,55756,21064,1,40.99,2024-10-12 06:58:55+00:00,Unknown,40.99,2024,10,12
77168,53903,21176,1,21.25,2024-12-06 23:24:24+00:00,Unknown,21.25,2024,12,6
80882,53266,21628,2,27.5,2024-10-03 10:40:00+00:00,Unknown,55.0,2024,10,3
78658,54828,21486,1,41.99,2025-07-10 21:51:00+00:00,Unknown,41.99,2025,7,10
81527,54951,21378,1,43.25,2025-02-01 14:48:21+00:00,Unknown,43.25,2025,2,1
82505,53995,20953,1,58.8,2025-03-08 16:06:45+00:00,"860 Hester Highway, East Karlenetown, NM 49780",58.8,2025,3,8
75887,55437,21112,1,29.5,2024-08-10 16:10:10+00:00,"56013 Schroeder Forge, Port Darrell, MD 03919-0469",29.5,2024,8,10
74057,54414,21372,1,42.3,2024-11-19 06:28:34+00:00,Unknown,42.3,2024,11,19
79240,55373,21456,1,51.5,2025-06-06 23:38:48+00:00,"49351 Hessel Square, Port Lori, NE 28819",51.5,2025,6,6
80000,55653,21001,2,43.19,2025-01-05 19:08:39+00:00,Unknown,86.38,2025,1,5
73676,53345,21392,1,74.99,2024-09-11 15:08:00+00:00,Unknown,74.99,2024,9,11
78184,53095,21494,1,33.0,2025-02-03 05:45:31+00:00,Unknown,33.0,2025,2,3
78014,54873,21076,1,67.5,2024-05-29 09:10:20+00:00,Unknown,67.5,2024,5,29
79568,54738,21251,1,24.25,2024-12-13 00:00:53+00:00,Unknown,24.25,2024,12,13
73637,55824,21368,1,22.0,2025-07-14 03:12:59+00:00,Unknown,22.0,2025,7,14
76707,55108,21633,1,70.0,2024-11-28 00:14:10.180000+00:00,Unknown,70.0,2024,11,28
79092,55669,21306,1,36.5,2024-12-25 06:07:03+00:00,Unknown,36.5,2024,12,25
78609,53653,21109,1,69.0,2024-10-31 10:47:21+00:00,Unknown,69.0,2024,10,31
75050,55237,21333,1,28.5,2024-11-19 06:33:19+00:00,"403 Nigel Terrace, New Clarisa, ND 42639",28.5,2024,11,19
81790,53585,20946,1,25.5,2024-12-21 04:31:01.355000+00:00,Unknown,25.5,2024,12,21
73715,55581,20982,1,42.25,2025-04-07 06:34:00+00:00,Unknown,42.25,2025,4,7
74825,55761,21202,2,73.0,2025-02-17 08:29:00+00:00,Unknown,146.0,2025,2,17
78326,53848,21246,1,46.8,2025-05-20 06:38:38+00:00,Unknown,46.8,2025,5,20
80378,55693,21292,1,37.75,2024-11-12 07:37:00+00:00,Unknown,37.75,2024,11,12
74536,53512,21581,1,27.0,2024-11-16 09:28:51+00:00,"777 Concha Course, Ronniebury, AK 95695",27.0,2024,11,16
76996,53509,21102,1,59.4,2024-12-06 05:33:14+00:00,Unknown,59.4,2024,12,6
75130,53364,21394,2,42.99,2024-12-21 14:04:14+00:00,Unknown,85.98,2024,12,21
77301,55447,20984,2,42.3,2025-01-11 17:08:34+00:00,"33749 Donnelly Knoll, North Derek, NC 47440-9188",84.6,2025,1,11
80810,53696,21485,1,16.99,2024-10-12 21:32:16+00:00,Unknown,16.99,2024,10,12
74316,53304,21189,2,27.75,2024-12-03 22:18:31+00:00,Unknown,55.5,2024,12,3
82269,55271,20959,1,44.0,2024-12-24 17:37:08+00:00,Unknown,44.0,2024,12,24
83105,54123,21207,2,27.9,2024-12-22 03:15:44+00:00,Unknown,55.8,2024,12,22
73470,53728,21221,2,72.5,2024-06-01 22:14:50+00:00,Unknown,145.0,2024,6,1
73501,53342,21637,1,52.8,2025-01-18 01:35:27+00:00,Unknown,52.8,2025,1,18
77028,54234,21612,1,63.5,2024-02-27 08:04:18.809000+00:00,Unknown,63.5,2024,2,27
81955,53297,21444,1,72.6,2025-02-24 18:41:43+00:00,Unknown,72.6,2025,2,24
82775,53402,21423,1,69.5,2025-05-13 04:23:24+00:00,"Suite 587 2555 Ethel Spur, North Elibury, RI 14528",69.5,2025,5,13
75014,54439,20929,1,45.0,2025-03-12 05:15:00+00:00,Unknown,45.0,2025,3,12
77001,54695,21601,1,29.0,2025-03-10 23:29:59+00:00,Unknown,29.0,2025,3,10
73868,54590,21094,1,73.25,2025-03-23 06:24:38+00:00,"Apt. 894 442 Korey Glens, South Tannershire, ND 97800-9874",73.25,2025,3,23
77343,55415,21591,3,68.39,2024-06-22 06:46:06+00:00,Unknown,205.17,2024,6,22
79185,54881,20933,1,17.5,2025-03-30 12:05:05+00:00,Unknown,17.5,2025,3,30
74995,54118,21202,1,72.25,2024-08-15 07:24:23.214000+00:00,Unknown,72.25,2024,8,15
79576,54612,21295,3,13.25,2024-09-25 17:58:11+00:00,Unknown,39.75,2024,9,25
81649,53428,21272,1,65.0,2025-02-23 12:06:00+00:00,"397 Herbert Manors, Port Micheal, MN 16114",65.0,2025,2,23
76795,54141,20952,3,53.7,2025-05-06 17:27:10+00:00,Unknown,161.1,2025,5,6
77820,54141,21210,1,18.0,2025-01-30 09:18:20+00:00,"Suite 155 12862 Rory Bypass, West Larrytown, PA 96255",18.0,2025,1,30
74574,54301,21126,1,60.0,2024-09-06 20:24:00+00:00,"Suite 622 79310 Hermiston Meadow, South Risaton, MN 97908",60.0,2024,9,6
82745,55520,21095,1,49.0,2025-01-16 00:44:47.483000+00:00,Unknown,49.0,2025,1,16
75819,53251,21336,1,61.0,2025-02-13 06:52:19+00:00,Unknown,61.0,2025,2,13
73978,53548,21024,1,35.75,2025-02-14 14:36:47+00:00,"7427 Odis Drive, Sherriborough, MO 98634",35.75,2025,2,14
82565,55382,21343,1,22.0,2024-12-12 17:15:29+00:00,Unknown,22.0,2024,12,12
79832,53855,21141,5,23.0,2024-07-23 10:25:00+00:00,Unknown,115.0,2024,7,23
78293,54266,21628,1,34.5,2024-07-28 22:18:14+00:00,"5543 Dane Flats, Port Eddie, CT 42308-9323",34.5,2024,7,28
79021,54299,21590,2,41.4,2024-12-16 20:19:42+00:00,"63348 Harris Square, East Hungchester, NH 42593-2576",82.8,2024,12,16
73865,53866,20993,1,33.6,2024-11-07 23:21:18+00:00,Unknown,33.6,2024,11,7
75039,55526,21383,1,42.5,2024-10-27 23:34:26+00:00,Unknown,42.5,2024,10,27
77753,55696,21629,1,66.0,2025-04-17 02:05:45+00:00,Unknown,66.0,2025,4,17
81359,54033,21339,1,90.0,2025-05-03 04:37:00+00:00,"1793 Augustina Port, Jaimeville, NH 45608-1045",90.0,2025,5,3
73971,55383,21521,2,64.2,2025-04-01 22:07:13+00:00,Unknown,128.4,2025,4,1
82573,53536,20967,2,46.8,2025-01-01 13:09:49+00:00,Unknown,93.6,2025,1,1
82154,55333,21506,1,33.75,2024-10-08 21:44:00+00:00,Unknown,33.75,2024,10,8
82219,55017,21292,1,37.5,2024-09-03 00:35:13+00:00,Unknown,37.5,2024,9,3
77511,53404,21504,1,61.19,2025-01-27 00:14:28+00:00,Unknown,61.19,2025,1,27
74383,53764,21283,4,37.25,2025-04-09 20:43:57+00:00,Unknown,149.0,2025,4,9
80555,54170,21593,5,61.75,2024-09-06 03:42:06+00:00,Unknown,308.75,2024,9,6
73805,55593,21529,3,60.0,2025-01-22 12:57:04+00:00,Unknown,180.0,2025,1,22
81088,55154,20941,1,22.5,2024-04-04 12:17:59+00:00,Unknown,22.5,2024,4,4
82943,55537,20931,1,58.0,2024-01-12 16:13:13+00:00,Unknown,58.0,2024,1,12
82561,55085,21019,2,78.6,2025-01-25 17:38:44+00:00,Unknown,157.2,2025,1,25
75330,53626,21210,1,24.6,2024-10-13 13:24:00+00:00,Unknown,24.6,2024,10,13
81026,55737,21084,2,88.2,2024-04-24 00:35:00+00:00,Unknown,176.4,2024,4,24
78077,55584,21196,1,38.0,2024-11-18 07:21:00+00:00,Unknown,38.0,2024,11,18
74141,53837,21139,1,54.0,2025-02-18 01:25:50+00:00,"8360 Benton Parkways, South Marlinbury, VT 71725",54.0,2025,2,18
74618,53086,21489,1,59.5,2025-01-28 11:36:55+00:00,Unknown,59.5,2025,1,28
77316,53481,21380,1,45.0,2025-01-03 23:01:51+00:00,Unknown,45.0,2025,1,3
82232,53569,21568,3,71.5,2025-01-02 14:42:49+00:00,Unknown,214.5,2025,1,2
79895,53954,21368,1,23.0,2024-10-23 16:47:30+00:00,Unknown,23.0,2024,10,23
78611,54457,21550,1,41.25,2024-07-22 23:34:43+00:00,Unknown,41.25,2024,7,22
78847,54082,21271,1,23.75,2024-08-12 08:57:57+00:00,Unknown,23.75,2024,8,12
82671,54996,21522,1,63.59,2024-09-19 03:10:53+00:00,"Suite 133 638 Teresita Dale, Shilohfort, IN 82687",63.59,2024,9,19
78283,53683,21581,1,24.5,2025-02-18 13:53:00+00:00,"7081 Abbott Drives, Batzport, MO 94645",24.5,2025,2,18
79711,54625,21166,1,47.5,2024-03-14 11:21:33+00:00,Unknown,47.5,2024,3,14
76093,55642,21592,1,26.75,2024-11-25 12:25:00+00:00,Unknown,26.75,2024,11,25
74985,55452,20993,1,26.99,2024-09-21 00:22:00+00:00,Unknown,26.99,2024,9,21
81447,53159,20958,2,35.0,2024-08-30 13:18:37+00:00,Unknown,70.0,2024,8,30
78901,53413,21549,2,54.5,2025-01-24 04:16:00+00:00,"Apt. 939 65670 Yost Parks, New Milanshire, AZ 54514",109.0,2025,1,24
80571,55168,20969,1,20.0,2025-06-09 22:52:42+00:00,Unknown,20.0,2025,6,9
81791,54291,21019,2,73.8,2024-09-26 12:19:00+00:00,Unknown,147.6,2024,9,26
74355,53539,21140,1,70.75,2024-09-01 14:06:10+00:00,Unknown,70.75,2024,9,1
75514,55260,21223,1,72.5,2025-01-25 11:36:17+00:00,Unknown,72.5,2025,1,25
75158,55472,21625,2,30.5,2025-01-04 22:59:00+00:00,Unknown,61.0,2025,1,4
79396,54789,21477,1,44.0,2025-06-23 01:08:10+00:00,Unknown,44.0,2025,6,23
75632,55555,21156,2,73.0,2025-10-14 13:53:00+00:00,"39903 Dimple Hollow, Littelmouth, NE 68902-4204",146.0,2025,10,14
75159,54428,21579,2,52.5,2024-03-12 18:23:00+00:00,Unknown,105.0,2024,3,12
73588,53870,21214,1,73.19,2024-11-14 15:58:29+00:00,Unknown,73.19,2024,11,14
77459,55601,21117,1,34.5,2025-03-07 22:59:50+00:00,"6570 Alfonzo Causeway, Loanburgh, WY 44166",34.5,2025,3,7
80796,54603,21449,2,64.0,2024-12-28 03:17:00+00:00,Unknown,128.0,2024,12,28
77866,53075,21148,2,56.5,2025-06-02 04:03:00+00:00,Unknown,113.0,2025,6,2
74963,55252,21041,1,67.75,2025-03-18 10:47:00+00:00,Unknown,67.75,2025,3,18
81457,55155,21479,1,59.75,2024-07-23 02:37:28+00:00,Unknown,59.75,2024,7,23
77066,54123,21196,1,41.75,2024-12-28 07:41:35+00:00,Unknown,41.75,2024,12,28
79559,53494,21586,1,23.7,2024-08-12 08:13:28+00:00,Unknown,23.7,2024,8,12
77848,54206,21004,1,20.25,2024-09-18 05:27:00+00:00,Unknown,20.25,2024,9,18
82845,53949,21313,3,32.99,2025-06-23 13:41:02+00:00,"38669 Bartell Forest, Bethelmouth, HI 80857-2401",98.97,2025,6,23
82252,53792,21560,1,64.2,2024-11-07 06:27:05+00:00,Unknown,64.2,2024,11,7
74079,53101,21456,1,54.5,2025-04-25 09:45:06+00:00,Unknown,54.5,2025,4,25
82163,53969,21656,2,73.99,2024-07-17 11:23:05+00:00,Unknown,147.98,2024,7,17
77002,53768,20959,1,56.7,2024-07-10 04:49:53+00:00,Unknown,56.7,2024,7,10
75219,55082,21341,2,63.6,2025-03-24 02:54:17+00:00,Unknown,127.2,2025,3,24
77868,53899,21556,5,22.0,2025-04-26 04:03:28+00:00,Unknown,110.0,2025,4,26
81771,53135,21593,1,75.0,2024-09-12 02:03:10+00:00,Unknown,75.0,2024,9,12
80288,53324,21343,2,26.4,2024-08-23 19:41:00+00:00,Unknown,52.8,2024,8,23
81690,53890,21029,2,50.25,2025-05-02 16:21:00+00:00,Unknown,100.5,2025,5,2
79503,53173,21367,1,42.0,2025-01-30 04:46:45+00:00,"Suite 210 40636 Williamson Fords, New Carroll, NJ 78234-2673",42.0,2025,1,30
80142,54140,21315,1,61.0,2024-11-08 05:37:26+00:00,Unknown,61.0,2024,11,8
77884,54472,21008,1,19.25,2024-11-29 20:26:00+00:00,Unknown,19.25,2024,11,29
77638,54643,21011,1,33.0,2024-07-01 21:14:29+00:00,Unknown,33.0,2024,7,1
74646,55543,21253,1,73.25,2024-04-30 02:40:27+00:00,"Suite 274 92860 Cathryn Radial, North Ellan, OR 21503-8819",73.25,2024,4,30
80229,54321,21490,1,46.8,2025-06-14 02:26:53+00:00,Unknown,46.8,2025,6,14
75651,55725,21335,1,68.0,2024-09-24 20:04:00+00:00,Unknown,68.0,2024,9,24
76710,54118,21508,4,35.0,2024-05-30 05:50:19+00:00,Unknown,140.0,2024,5,30
77219,53956,21365,1,53.99,2025-01-20 07:45:06+00:00,"Apt. 718 225 Lavon Pines, Bogisichhaven, NY 39352-5690",53.99,2025,1,20
78055,53817,21541,1,55.0,2024-07-19 18:54:13+00:00,Unknown,55.0,2024,7,19
78175,54002,21636,1,62.39,2025-03-08 20:12:14.016000+00:00,Unknown,62.39,2025,3,8
73778,53774,21437,3,62.0,2024-11-21 19:16:45+00:00,"Apt. 469 359 Muller Lake, Hintzstad, TN 09423",186.0,2024,11,21
76417,54640,21185,2,33.5,2024-03-12 15:59:30+00:00,Unknown,67.0,2024,3,12
81766,54593,21370,1,45.99,2025-01-05 00:20:18+00:00,Unknown,45.99,2025,1,5
82941,54530,21620,1,15.3,2024-11-22 12:38:06+00:00,"81775 Spinka Lights, Port Quentinstad, MS 33229",15.3,2024,11,22
78760,55266,21510,1,16.99,2025-03-19 02:08:51.099000+00:00,Unknown,16.99,2025,3,19
80071,54880,21095,1,62.39,2025-04-01 21:36:24+00:00,"Suite 564 83879 Suzie Lodge, Port Brenton, RI 38430",62.39,2025,4,1
76466,54959,21018,2,46.25,2024-05-24 11:48:18+00:00,Unknown,92.5,2024,5,24
78329,55521,21051,1,68.0,2025-02-28 06:57:00+00:00,Unknown,68.0,2025,2,28
79466,53584,21487,2,69.0,2025-06-15 13:14:14.861000+00:00,Unknown,138.0,2025,6,15
78565,55161,21184,2,68.99,2024-07-31 01:39:42+00:00,Unknown,137.98,2024,7,31
74601,55458,21451,1,70.8,2024-08-06 14:56:00+00:00,Unknown,70.8,2024,8,6
80602,54162,21551,1,41.5,2025-02-12 08:19:20.233000+00:00,Unknown,41.5,2025,2,12
76937,55525,21123,2,67.75,2025-01-29 13:35:26+00:00,"14729 Katina Road, Schillerton, AZ 96136-9270",135.5,2025,1,29
78599,55218,21485,2,20.75,2025-07-02 04:54:00+00:00,Unknown,41.5,2025,7,2
80265,53678,21594,1,60.0,2024-08-31 02:12:00+00:00,Unknown,60.0,2024,8,31
81665,55300,21073,1,39.0,2024-07-22 11:12:08+00:00,Unknown,39.0,2024,7,22
78027,53285,21016,1,73.0,2025-06-15 23:38:06+00:00,Unknown,73.0,2025,6,15
74871,54726,21154,2,81.6,2024-11-16 05:34:40+00:00,"Suite 903 2434 Weber Coves, Kreigerberg, TN 21911",163.2,2024,11,16
77624,54721,20999,2,29.5,2025-02-26 00:27:00+00:00,Unknown,59.0,2025,2,26
74069,55587,21115,1,86.1,2025-06-13 18:43:40+00:00,"9560 Virgilio Trafficway, West Wendolyn, SD 91722-7321",86.1,2025,6,13
80196,53964,20936,2,57.0,2024-12-15 01:30:00+00:00,Unknown,114.0,2024,12,15
78346,53744,21359,2,69.25,2024-09-04 23:06:28+00:00,Unknown,138.5,2024,9,4
82951,54369,21473,1,57.5,2025-08-01 02:42:42+00:00,"Apt. 597 46941 Kiehn Mews, South Jeffereyberg, AK 07596",57.5,2025,8,1
79914,55083,21107,1,63.5,2024-09-25 21:58:31+00:00,Unknown,63.5,2024,9,25
77506,54869,21062,1,75.5,2024-12-29 14:10:00+00:00,Unknown,75.5,2024,12,29
82783,54967,20949,5,48.25,2024-11-09 07:25:56+00:00,"Apt. 909 80606 Carmelita Estates, Kassandraton, CO 12432",241.25,2024,11,9
83093,54330,21250,3,24.0,2025-01-22 08:08:43.361000+00:00,Unknown,72.0,2025,1,22
78335,53168,21121,1,21.0,2025-02-17 09:54:49+00:00,"32283 Lockman Parkways, East Charitaville, NJ 11196",21.0,2025,2,17
82305,55530,21219,4,56.0,2024-07-22 04:47:08+00:00,"Suite 814 25892 Dooley Summit, Wolffurt, NV 61726",224.0,2024,7,22
78198,54174,21417,1,15.75,2025-05-08 08:20:51+00:00,Unknown,15.75,2025,5,8
77080,53965,21032,1,19.8,2024-12-22 17:44:09+00:00,"Apt. 969 3985 Hessel Light, Alanfort, SD 20439",19.8,2024,12,22
81746,54338,21559,1,86.4,2024-08-12 22:26:14+00:00,"26314 D'Amore Lodge, Lake Tiaraburgh, SD 89843-7840",86.4,2024,8,12
82320,54324,21646,5,20.39,2024-09-26 14:57:57+00:00,Unknown,101.95,2024,9,26
73523,54524,21105,1,47.0,2024-05-21 08:46:10+00:00,Unknown,47.0,2024,5,21
77311,53095,20982,1,40.99,2024-08-24 09:23:31+00:00,"10104 Mueller Garden, Jerehaven, GA 06024-4527",40.99,2024,8,24
75236,55544,21159,1,64.99,2024-07-13 02:10:50+00:00,Unknown,64.99,2024,7,13
82551,54143,21309,1,45.5,2024-12-29 03:32:30+00:00,Unknown,45.5,2024,12,29
74684,54766,21407,1,31.75,2025-05-08 18:03:51+00:00,"Apt. 928 796 Dorian Unions, Port Abel, NC 99807-4319",31.75,2025,5,8
77203,53195,21023,1,13.25,2024-09-27 07:30:59+00:00,Unknown,13.25,2024,9,27
73465,53659,21175,1,27.3,2025-01-20 08:12:00+00:00,Unknown,27.3,2025,1,20
74914,55772,21222,1,90.6,2025-01-02 03:17:17+00:00,"Suite 690 800 McDermott Causeway, New Nanceeside, KY 09948",90.6,2025,1,2
81169,54554,21388,1,54.6,2025-03-13 00:56:53+00:00,"3491 Quitzon Corners, East Cyrus, IL 77587-4571",54.6,2025,3,13
78531,53257,20950,1,34.0,2025-02-16 04:30:00+00:00,Unknown,34.0,2025,2,16
73401,55541,21080,1,25.0,2024-03-21 20:14:47+00:00,"Suite 732 9882 Leuschke Mountains, East Dennyshire, MN 26471",25.0,2024,3,21
79933,55652,21417,1,16.75,2024-11-05 08:43:00+00:00,"42740 Fumiko Lane, Travisfort, DE 52211",16.75,2024,11,5
74920,53995,21518,1,62.39,2024-09-25 05:31:40+00:00,"860 Hester Highway, East Karlenetown, NM 49780",62.39,2024,9,25
76371,54084,21122,1,65.0,2024-10-18 14:18:00+00:00,Unknown,65.0,2024,10,18
78794,53185,21645,4,50.0,2024-10-19 05:45:00+00:00,"Suite 821 1680 Stokes Stream, Floraville, MD 72041-1137",200.0,2024,10,19
75459,55186,21375,5,27.0,2024-07-20 08:23:38+00:00,Unknown,135.0,2024,7,20
77291,53471,20917,1,51.9,2025-03-14 01:38:06+00:00,Unknown,51.9,2025,3,14
78941,54996,21427,1,74.4,2025-08-05 19:28:35+00:00,"Suite 133 638 Teresita Dale, Shilohfort, IN 82687",74.4,2025,8,5
80368,55714,21359,1,69.0,2024-02-25 13:45:31+00:00,"571 Hamill Manors, New Queenburgh, MN 37831-0321",69.0,2024,2,25
76467,54289,21393,3,40.75,2024-10-26 14:01:30+00:00,Unknown,122.25,2024,10,26
79869,54986,21534,5,28.2,2025-06-29 04:18:00+00:00,"Suite 200 53708 Merle Dam, Lake Louettatown, MO 69602-1872",141.0,2025,6,29
77871,53281,21601,1,31.25,2025-06-30 17:28:01+00:00,Unknown,31.25,2025,6,30
76359,53103,21539,1,67.5,2024-12-30 07:22:20+00:00,Unknown,67.5,2024,12,30
79975,54160,20975,2,69.0,2024-08-12 04:10:58+00:00,Unknown,138.0,2024,8,12
77377,54841,21276,1,28.0,2025-10-03 03:56:00+00:00,"Apt. 470 365 Rory Circle, Lake Lydachester, IL 88538-1952",28.0,2025,10,3
79309,53979,21097,1,14.25,2025-02-15 12:13:34+00:00,Unknown,14.25,2025,2,15
81471,53665,21556,1,22.0,2024-10-19 09:08:59+00:00,"Suite 800 701 Reagan Cape, Dickensstad, CA 87998-4410",22.0,2024,10,19
79414,54885,21220,5,16.0,2024-12-25 20:25:00+00:00,Unknown,80.0,2024,12,25
80897,54384,21598,1,42.0,2024-10-11 12:26:38+00:00,Unknown,42.0,2024,10,11
82271,53454,21411,1,21.25,2024-08-06 06:14:05.272000+00:00,Unknown,21.25,2024,8,6
81805,53107,21572,1,36.0,2025-05-01 16:29:03+00:00,Unknown,36.0,2025,5,1
82935,53641,21448,1,15.25,2025-07-18 14:04:15+00:00,Unknown,15.25,2025,7,18
82138,55577,21325,3,80.4,2025-05-28 02:52:00+00:00,Unknown,241.2,2025,5,28
77989,53026,21076,1,54.99,2024-12-25 08:15:03+00:00,Unknown,54.99,2024,12,25
74859,55545,21259,4,25.0,2024-09-15 03:31:00.634000+00:00,"Suite 151 91136 O'Connell Estate, Port Derekville, TN 02109",100.0,2024,9,15
76882,54243,21058,5,58.2,2024-11-02 15:18:42+00:00,Unknown,291.0,2024,11,2
82436,53615,21655,1,28.0,2024-07-08 18:59:40+00:00,"Suite 804 7505 Haley Ferry, East Preston, TN 30069",28.0,2024,7,8
74702,55497,21459,1,20.4,2024-06-11 03:12:42.723000+00:00,Unknown,20.4,2024,6,11
78932,54210,21355,1,49.0,2024-09-23 19:56:00+00:00,Unknown,49.0,2024,9,23
81625,55159,21129,1,37.0,2025-04-07 06:20:16+00:00,Unknown,37.0,2025,4,7
78124,54414,21361,1,49.0,2025-04-08 22:50:42+00:00,Unknown,49.0,2025,4,8
75888,55387,21509,2,13.0,2025-01-19 15:54:17+00:00,"Apt. 797 5063 Haydee Rapids, Donnaville, ID 54981",26.0,2025,1,19
75911,53865,21065,2,24.99,2024-12-10 11:26:00+00:00,Unknown,49.98,2024,12,10
79591,53980,21471,1,19.0,2024-10-03 04:37:50+00:00,Unknown,19.0,2024,10,3
76619,55364,21630,1,53.0,2024-11-05 15:40:14+00:00,Unknown,53.0,2024,11,5
78320,55242,21375,2,32.4,2024-05-28 22:59:37+00:00,"7569 Schiller Green, West Jackie, OK 07272-0470",64.8,2024,5,28
75846,54866,21603,1,81.6,2024-10-30 16:29:00+00:00,Unknown,81.6,2024,10,30
81117,55080,21330,1,41.75,2024-05-01 22:50:55+00:00,Unknown,41.75,2024,5,1
79536,53126,21125,4,16.8,2024-06-17 06:15:02+00:00,Unknown,67.2,2024,6,17
78244,53045,20976,2,49.0,2024-10-13 07:17:58+00:00,Unknown,98.0,2024,10,13
80232,54558,21587,2,12.0,2024-11-26 13:49:57.015000+00:00,Unknown,24.0,2024,11,26
75768,53766,21582,1,61.5,2024-09-20 21:43:53+00:00,"Suite 916 225 Schimmel Meadow, Port Cedrick, NY 58073-2949",61.5,2024,9,20
76120,53485,21352,5,42.6,2025-06-29 13:13:08+00:00,Unknown,213.0,2025,6,29
82978,54718,21035,2,42.0,2024-11-19 23:05:21+00:00,Unknown,84.0,2024,11,19
74207,55820,21640,1,65.1,2024-07-27 12:04:00+00:00,Unknown,65.1,2024,7,27
81455,54062,21034,1,44.25,2024-09-10 13:31:00+00:00,Unknown,44.25,2024,9,10
78074,54561,21277,1,64.0,2024-11-05 07:04:13+00:00,Unknown,64.0,2024,11,5
76175,53570,21026,1,21.0,2024-12-29 14:58:21+00:00,Unknown,21.0,2024,12,29
74505,55217,21088,1,58.99,2025-07-21 19:22:19+00:00,Unknown,58.99,2025,7,21
76381,53425,21399,1,81.6,2024-11-23 21:57:40+00:00,Unknown,81.6,2024,11,23
76561,54891,21493,3,39.0,2024-12-31 13:04:00+00:00,Unknown,117.0,2024,12,31
76255,53203,21284,1,21.5,2025-03-04 08:41:00+00:00,Unknown,21.5,2025,3,4
81607,53434,21045,1,25.99,2024-08-28 22:04:12+00:00,Unknown,25.99,2024,8,28
79640,54002,21400,4,50.4,2024-12-12 05:10:33+00:00,Unknown,201.6,2024,12,12
73919,55693,21358,4,43.0,2025-07-17 07:42:32+00:00,"Suite 719 85390 Johns Pass, South Jermainechester, NM 22095",172.0,2025,7,17
82619,53775,21416,3,17.5,2025-05-23 01:17:15+00:00,Unknown,52.5,2025,5,23
77667,54180,20966,1,39.0,2025-02-12 11:41:35+00:00,Unknown,39.0,2025,2,12
75707,53120,21422,2,25.2,2024-06-17 16:19:41+00:00,"18801 Jeffery Lakes, East Nancy, GA 53757",50.4,2024,6,17
82095,53395,21639,1,16.0,2024-11-25 05:29:00+00:00,Unknown,16.0,2024,11,25
80593,55597,21392,5,76.25,2024-05-12 23:15:23.973000+00:00,Unknown,381.25,2024,5,12
75759,54890,20928,4,23.5,2024-09-09 00:57:58+00:00,"47547 Hansen Circles, Port Cedric, DE 44484",94.0,2024,9,9
74592,53984,20917,1,47.1,2025-04-10 01:33:33+00:00,"912 Gino Bypass, North Tillieberg, HI 88423",47.1,2025,4,10
80397,53110,21117,1,39.6,2024-10-21 16:06:00+00:00,"Apt. 539 83274 Sharon Forges, Port Ronnibury, HI 87287",39.6,2024,10,21
79972,53116,21478,1,69.0,2024-06-15 22:34:22+00:00,Unknown,69.0,2024,6,15
73389,54530,21143,1,40.0,2025-04-24 14:44:00+00:00,Unknown,40.0,2025,4,24
77234,54551,21341,1,63.0,2025-05-08 12:46:09+00:00,Unknown,63.0,2025,5,8
80655,53463,21016,2,87.9,2024-12-13 15:24:29+00:00,"Apt. 650 180 Pouros Shoals, East Yingfurt, HI 11158",175.8,2024,12,13
78145,54896,21035,1,40.0,2024-05-28 12:06:00+00:00,Unknown,40.0,2024,5,28
82460,55009,20995,1,51.75,2024-11-03 18:33:23+00:00,Unknown,51.75,2024,11,3
78299,53933,21268,2,63.6,2024-04-09 03:31:00+00:00,Unknown,127.2,2024,4,9
75156,55103,21509,1,15.0,2025-03-28 10:44:31+00:00,Unknown,15.0,2025,3,28
78004,53635,20982,1,48.6,2024-05-13 20:11:53+00:00,"Apt. 135 76414 Mosciski Heights, Streichburgh, CT 81408",48.6,2024,5,13
74690,55586,20972,2,60.5,2024-06-27 23:55:25+00:00,Unknown,121.0,2024,6,27
77998,53990,21405,2,44.0,2025-07-22 22:52:16.328000+00:00,Unknown,88.0,2025,7,22
81130,54272,21477,1,48.5,2024-11-19 22:01:50+00:00,Unknown,48.5,2024,11,19
82419,55616,21135,1,76.99,2025-01-04 22:57:06.256000+00:00,Unknown,76.99,2025,1,4
79920,54024,21471,1,23.25,2024-07-20 15:14:48+00:00,Unknown,23.25,2024,7,20
82976,53937,21094,4,71.0,2025-01-16 07:29:33+00:00,Unknown,284.0,2025,1,16
82861,55235,21040,1,72.6,2024-07-02 22:45:07+00:00,Unknown,72.6,2024,7,2
74267,55126,21006,2,17.5,2025-06-18 23:52:30+00:00,Unknown,35.0,2025,6,18
74492,53961,21101,1,17.0,2025-07-25 13:46:38+00:00,Unknown,17.0,2025,7,25
79814,54308,21359,1,71.75,2024-04-19 10:52:00+00:00,Unknown,71.75,2024,4,19
80043,54794,21511,4,33.99,2024-12-21 02:50:55+00:00,"Suite 475 898 Hettinger View, Ziemeside, LA 03443",135.96,2024,12,21
81297,55444,21023,2,15.5,2024-09-24 10:25:25+00:00,"Apt. 896 693 Feest Plaza, Darenchester, VT 03665",31.0,2024,9,24
77465,53523,21641,1,72.99,2025-04-24 02:43:00+00:00,Unknown,72.99,2025,4,24
76173,54924,20991,1,43.0,2025-04-10 06:35:00+00:00,Unknown,43.0,2025,4,10
82170,53942,20979,1,68.0,2025-01-06 14:03:56+00:00,Unknown,68.0,2025,1,6
83009,55563,21404,1,33.5,2024-12-31 04:38:40+00:00,Unknown,33.5,2024,12,31
81720,55785,21333,4,28.5,2024-07-28 19:00:00+00:00,Unknown,114.0,2024,7,28
80256,53041,21550,1,49.2,2025-01-03 16:21:42+00:00,Unknown,49.2,2025,1,3
75266,54705,21591,1,69.6,2024-08-19 10:02:00+00:00,"258 Crona Coves, West Petershire, VA 70331",69.6,2024,8,19
75687,54540,20956,1,63.75,2024-08-14 07:56:59+00:00,Unknown,63.75,2024,8,14
79956,54479,21279,1,34.0,2025-01-31 17:31:11+00:00,Unknown,34.0,2025,1,31
81087,53195,21399,1,68.0,2024-11-15 04:26:07+00:00,Unknown,68.0,2024,11,15
80794,54502,21513,2,42.0,2024-08-25 08:49:47+00:00,Unknown,84.0,2024,8,25
73345,54580,21286,1,31.0,2025-01-08 06:46:38.357000+00:00,Unknown,31.0,2025,1,8
76847,54094,21592,3,30.5,2024-07-31 10:01:01+00:00,Unknown,91.5,2024,7,31
76509,53550,20975,1,87.59,2024-11-17 21:45:49+00:00,Unknown,87.59,2024,11,17
75932,55815,21055,2,58.79,2024-07-24 03:49:00+00:00,Unknown,117.58,2024,7,24
73467,53467,21237,2,22.99,2024-12-30 22:20:17+00:00,Unknown,45.98,2024,12,30
81858,53147,21206,1,66.5,2025-03-16 16:00:14+00:00,"Suite 745 84902 Tana Drive, New Zenaida, ME 48169",66.5,2025,3,16
78483,54579,21317,4,52.75,2024-05-22 11:24:32+00:00,Unknown,211.0,2024,5,22
74184,53544,21577,1,27.6,2025-02-22 13:22:42+00:00,Unknown,27.6,2025,2,22
77198,53816,21029,1,46.5,2024-12-16 04:50:00+00:00,Unknown,46.5,2024,12,16
75205,53134,21483,1,81.3,2025-05-26 09:28:22+00:00,Unknown,81.3,2025,5,26
82982,54145,21216,1,34.75,2025-02-07 18:11:56+00:00,Unknown,34.75,2025,2,7
77543,55386,21490,1,42.75,2025-04-01 00:44:53+00:00,"Apt. 195 9523 Quitzon Islands, South Tyron, IA 53378-2848",42.75,2025,4,1
80505,54332,21428,1,27.0,2025-07-12 02:36:00+00:00,Unknown,27.0,2025,7,12
78119,55775,21251,1,25.25,2024-12-16 11:09:00+00:00,Unknown,25.25,2024,12,16
77882,54901,21211,5,46.0,2024-09-28 04:06:39+00:00,Unknown,230.0,2024,9,28
80604,54926,21629,2,56.99,2024-08-23 19:45:04+00:00,Unknown,113.98,2024,8,23
78717,54427,21148,1,54.99,2025-05-28 14:47:07+00:00,Unknown,54.99,2025,5,28
73502,53216,21172,1,16.0,2025-03-18 17:41:04+00:00,Unknown,16.0,2025,3,18
80999,53726,21430,1,31.5,2025-01-08 16:14:26+00:00,Unknown,31.5,2025,1,8
82046,55777,21136,1,76.99,2024-11-09 08:54:02+00:00,Unknown,76.99,2024,11,9
81558,53077,21130,1,49.5,2025-05-21 03:28:00+00:00,Unknown,49.5,2025,5,21
77741,55628,21369,3,69.0,2025-01-03 20:21:54+00:00,Unknown,207.0,2025,1,3
80605,54708,21159,3,64.75,2024-10-23 00:45:31+00:00,Unknown,194.25,2024,10,23
76156,54313,21373,1,24.0,2024-08-18 23:22:00+00:00,Unknown,24.0,2024,8,18
74327,54796,21485,1,23.99,2024-07-13 14:33:00+00:00,Unknown,23.99,2024,7,13
78715,53260,21572,1,26.25,2024-04-14 21:13:16+00:00,Unknown,26.25,2024,4,14
74063,54483,20949,1,56.1,2024-10-31 13:02:48+00:00,"5610 Johnnie Brook, Devinfurt, VA 50546",56.1,2024,10,31
75622,53455,21432,1,71.5,2024-11-11 14:05:05+00:00,"Suite 284 8379 Vandervort Brooks, New Lacytown, UT 69849-4673",71.5,2024,11,11
75735,54595,21386,2,47.5,2024-07-26 15:41:28.630000+00:00,Unknown,95.0,2024,7,26
81983,55810,21493,1,29.25,2025-02-02 00:28:21.260000+00:00,Unknown,29.25,2025,2,2
81822,54058,21488,1,28.99,2024-10-26 03:45:13+00:00,Unknown,28.99,2024,10,26
81029,54404,21196,1,41.5,2024-09-14 05:15:00+00:00,Unknown,41.5,2024,9,14
78672,54557,20987,1,85.2,2024-08-29 14:45:58+00:00,Unknown,85.2,2024,8,29
82851,55770,21649,1,22.0,2024-12-21 00:09:08+00:00,Unknown,22.0,2024,12,21
76603,55249,21257,3,45.99,2025-05-05 11:33:38+00:00,Unknown,137.97,2025,5,5
74452,55371,21140,1,70.99,2024-07-17 09:55:00+00:00,"Apt. 505 68188 Cristine Avenue, New Rachele, MN 21113",70.99,2024,7,17
76968,53821,21015,1,60.5,2025-07-20 20:08:00+00:00,Unknown,60.5,2025,7,20
78517,55041,21336,1,64.25,2025-02-27 19:48:00+00:00,Unknown,64.25,2025,2,27
76938,55610,21502,1,34.0,2025-01-16 10:45:00+00:00,Unknown,34.0,2025,1,16
76013,54421,21136,1,74.0,2024-09-11 14:08:00+00:00,Unknown,74.0,2024,9,11
78839,53096,21512,1,61.5,2025-09-03 16:11:27+00:00,Unknown,61.5,2025,9,3
76113,53208,21057,1,33.0,2024-10-29 00:14:09+00:00,Unknown,33.0,2024,10,29
76582,53744,21160,3,25.5,2025-03-20 20:40:56+00:00,Unknown,76.5,2025,3,20
83155,53834,21651,1,63.59,2024-05-19 12:03:00+00:00,"37526 Brakus Square, Hesterville, OH 11778",63.59,2024,5,19
80622,53467,21523,1,59.7,2024-12-13 18:48:48+00:00,"Apt. 500 5811 Becker Circles, West Gerryport, NC 51615",59.7,2024,12,13
81692,55730,21437,1,63.0,2024-12-07 17:55:47+00:00,Unknown,63.0,2024,12,7
82515,54109,21430,1,28.5,2025-04-14 18:15:46+00:00,"179 Quinton Passage, West Scotty, IA 42640-8096",28.5,2025,4,14
82363,55492,20927,1,25.5,2025-04-27 07:39:17+00:00,"3293 Kimberley Pike, Framiland, IL 46487",25.5,2025,4,27
74947,55769,21619,1,16.5,2024-08-30 18:28:00+00:00,Unknown,16.5,2024,8,30
81636,53548,21390,2,63.0,2025-10-15 08:22:40+00:00,Unknown,126.0,2025,10,15
82306,55230,21241,1,21.0,2024-06-19 23:03:15+00:00,"887 Morissette Trafficway, East Marshallborough, IA 65446-3501",21.0,2024,6,19
76010,54640,21036,1,75.9,2024-12-05 18:34:41+00:00,Unknown,75.9,2024,12,5
80560,54887,21644,2,59.5,2024-08-01 17:54:26+00:00,Unknown,119.0,2024,8,1
75506,55627,21282,1,57.99,2025-05-10 19:09:38+00:00,"Suite 886 2170 Omer Radial, Earnestport, AZ 30281",57.99,2025,5,10
81910,53068,21020,1,62.99,2024-12-19 12:30:20+00:00,"Suite 264 20676 Dale Track, West Madelene, LA 03705",62.99,2024,12,19
82188,54279,21352,1,34.25,2024-12-27 21:22:00+00:00,Unknown,34.25,2024,12,27
80629,55365,21582,1,59.25,2025-04-05 10:49:04+00:00,"883 Terrell Flat, West Benton, AL 55916",59.25,2025,4,5
74876,54040,21179,2,67.2,2025-05-16 10:13:23+00:00,Unknown,134.4,2025,5,16
80011,55133,21318,5,54.75,2024-11-12 08:38:38+00:00,Unknown,273.75,2024,11,12
77186,55827,21167,1,27.3,2024-11-16 22:44:25+00:00,Unknown,27.3,2024,11,16
77054,54084,21502,3,35.5,2025-06-01 10:30:00+00:00,"9574 Jones Plaza, West Lelah, AL 84126-7147",106.5,2025,6,1
77963,55534,21368,2,24.0,2025-05-26 20:17:45+00:00,Unknown,48.0,2025,5,26
77376,54149,21228,1,30.0,2024-10-09 02:02:13+00:00,"Apt. 235 63603 Yost Course, Dorothymouth, AK 56222",30.0,2024,10,9
78710,55706,21412,2,48.0,2025-01-29 08:17:40+00:00,"Suite 926 766 Christian Manor, Welchbury, SD 27085-2449",96.0,2025,1,29
81134,53047,21448,2,15.75,2024-11-05 08:59:00+00:00,Unknown,31.5,2024,11,5
74654,55006,21046,2,18.0,2025-02-11 07:54:28+00:00,Unknown,36.0,2025,2,11
77758,53955,20928,2,28.2,2024-09-29 09:30:44+00:00,"Suite 974 460 Audie Isle, Manualview, WA 58019-1141",56.4,2024,9,29
76274,53454,21152,1,30.0,2024-06-08 22:22:03+00:00,Unknown,30.0,2024,6,8
79842,54603,21429,1,37.0,2024-11-17 12:19:19+00:00,Unknown,37.0,2024,11,17
74158,53104,21497,1,69.75,2025-03-12 22:47:25+00:00,Unknown,69.75,2025,3,12
77926,55292,21407,1,28.25,2024-10-15 08:48:00+00:00,Unknown,28.25,2024,10,15
76426,53132,21125,2,14.0,2024-06-26 05:40:32+00:00,"92462 Williamson Summit, Hackettside, LA 12919-0751",28.0,2024,6,26
77071,55447,20970,1,39.99,2025-05-11 11:43:00+00:00,"33749 Donnelly Knoll, North Derek, NC 47440-9188",39.99,2025,5,11
80376,54739,20967,1,39.99,2024-09-26 23:54:32+00:00,"9376 Donald Extension, South Devonville, NM 73631",39.99,2024,9,26
76681,53815,20978,1,56.25,2024-03-16 09:26:15+00:00,Unknown,56.25,2024,3,16
81639,55350,21628,1,24.0,2024-10-15 00:19:00+00:00,Unknown,24.0,2024,10,15
77762,55204,21125,1,14.0,2025-02-26 10:09:23+00:00,Unknown,14.0,2025,2,26
75282,55048,21319,1,49.0,2025-04-16 20:15:00+00:00,Unknown,49.0,2025,4,16
81536,54332,21625,2,33.6,2024-10-06 15:09:00+00:00,"381 Mayert Knolls, Lake Shirleen, NH 50252-1636",67.2,2024,10,6
79096,54839,21219,2,55.5,2025-01-17 23:31:03+00:00,Unknown,111.0,2025,1,17
77588,54444,21122,1,64.0,2025-05-23 01:01:01+00:00,Unknown,64.0,2025,5,23
78555,54238,21136,1,76.99,2024-11-15 00:57:46+00:00,Unknown,76.99,2024,11,15
74553,55270,21279,3,38.0,2025-01-08 21:18:51+00:00,"Apt. 664 5983 Stehr Coves, Kutchburgh, NC 46439-1905",114.0,2025,1,8
79015,54009,21266,1,73.5,2024-09-22 21:52:05+00:00,Unknown,73.5,2024,9,22
77694,53816,21283,1,38.0,2024-11-17 23:11:23.566000+00:00,Unknown,38.0,2024,11,17
76775,54704,21595,1,51.25,2024-08-31 02:55:28+00:00,Unknown,51.25,2024,8,31
80960,54685,21228,1,27.75,2025-07-23 23:36:00+00:00,Unknown,27.75,2025,7,23
82334,53486,21521,1,62.7,2025-01-09 04:53:00+00:00,"7529 Louis Estates, Macejkovicmouth, KY 24667-0480",62.7,2025,1,9
73707,54022,21400,1,54.3,2024-11-02 10:01:24+00:00,Unknown,54.3,2024,11,2
77448,55601,21640,2,57.75,2024-05-30 23:28:29+00:00,Unknown,115.5,2024,5,30
80355,55744,20977,1,24.0,2025-02-13 23:45:06+00:00,Unknown,24.0,2025,2,13
77018,55687,21595,1,59.99,2025-01-19 21:31:08+00:00,Unknown,59.99,2025,1,19
76462,54768,21295,1,12.5,2024-06-20 14:44:00+00:00,Unknown,12.5,2024,6,20
81658,54039,20962,3,78.6,2025-02-10 12:20:13+00:00,"212 Harris Forks, O'Connerville, IN 64153",235.8,2025,2,10
75875,55715,21172,1,17.25,2024-11-24 05:19:00+00:00,Unknown,17.25,2024,11,24
79281,55718,21394,1,43.25,2025-06-28 07:37:34+00:00,Unknown,43.25,2025,6,28
79049,53232,20959,2,57.3,2024-12-11 04:06:22+00:00,"41764 Rippin Cliff, Jennellborough, KY 40314-5412",114.6,2024,12,11
75288,55498,21415,1,24.6,2025-03-18 16:56:57+00:00,Unknown,24.6,2025,3,18
79206,53290,21177,4,24.3,2024-11-09 17:38:10+00:00,Unknown,97.2,2024,11,9
80282,53045,21371,1,22.0,2024-06-08 06:13:00+00:00,Unknown,22.0,2024,6,8
74593,54375,21339,1,74.0,2024-10-28 02:09:17+00:00,Unknown,74.0,2024,10,28
77738,54425,21374,1,29.4,2025-11-05 14:12:12+00:00,Unknown,29.4,2025,11,5
81635,54459,21202,1,71.0,2024-12-12 08:03:23+00:00,"19988 Marielle Rapids, Port Lynneberg, IN 57310",71.0,2024,12,12
80510,54035,21489,1,58.75,2025-02-10 00:33:55.665000+00:00,Unknown,58.75,2025,2,10
77276,53733,21225,1,68.7,2025-05-27 20:22:27+00:00,Unknown,68.7,2025,5,27
81767,54057,21443,3,37.0,2025-02-10 16:52:00+00:00,Unknown,111.0,2025,2,10
73678,55229,21026,1,18.5,2024-07-07 17:59:36+00:00,"96140 Schneider Loaf, East Jeroldhaven, AR 95216",18.5,2024,7,7
82734,54855,21475,1,35.25,2024-07-08 08:27:53+00:00,Unknown,35.25,2024,7,8
77325,55297,20976,1,60.9,2025-04-20 19:30:00+00:00,Unknown,60.9,2025,4,20
73517,54991,21262,2,36.25,2024-09-09 23:39:00+00:00,Unknown,72.5,2024,9,9
76427,53707,21548,1,67.0,2025-04-30 16:08:51.122000+00:00,Unknown,67.0,2025,4,30
77909,54669,21543,3,32.39,2024-12-18 14:13:00+00:00,Unknown,97.17,2024,12,18
82147,55540,21591,1,70.2,2025-05-14 09:15:49+00:00,"Suite 903 780 Parisian Track, New Berry, KS 69127-4317",70.2,2025,5,14
81775,53711,21068,1,67.75,2025-06-23 17:33:00+00:00,Unknown,67.75,2025,6,23
77147,53477,21135,1,85.5,2025-05-06 07:20:00+00:00,Unknown,85.5,2025,5,6
82630,55553,21249,4,70.0,2025-06-11 18:26:27+00:00,Unknown,280.0,2025,6,11
82238,53871,21028,1,52.99,2024-10-05 06:14:00+00:00,Unknown,52.99,2024,10,5
78080,55470,21217,1,39.6,2024-09-04 10:28:09+00:00,Unknown,39.6,2024,9,4
77441,54975,21480,1,78.9,2025-03-23 01:00:02+00:00,Unknown,78.9,2025,3,23
74880,55238,20959,5,44.5,2025-02-06 13:12:12+00:00,Unknown,222.5,2025,2,6
73521,55423,21619,2,13.25,2025-03-26 10:06:21+00:00,Unknown,26.5,2025,3,26
77486,53261,21381,3,39.0,2025-05-22 06:07:36+00:00,"Apt. 398 954 Conchita Bypass, Rickyburgh, TX 94527",117.0,2025,5,22
80955,53743,20989,1,78.0,2025-03-15 19:20:41+00:00,Unknown,78.0,2025,3,15
77417,55200,21282,5,59.0,2024-10-04 23:24:00+00:00,Unknown,295.0,2024,10,4
75737,53856,21354,1,20.4,2025-06-08 10:39:16+00:00,Unknown,20.4,2025,6,8
80609,54014,21168,1,22.0,2025-05-14 14:59:46+00:00,Unknown,22.0,2025,5,14
82374,53054,21223,2,85.5,2024-05-01 22:26:40+00:00,Unknown,171.0,2024,5,1
73344,54141,21341,2,48.5,2024-09-07 16:07:27+00:00,Unknown,97.0,2024,9,7
79742,54308,21336,2,61.0,2025-02-01 08:09:39+00:00,Unknown,122.0,2025,2,1
75284,54853,20929,1,47.0,2024-08-15 09:34:18+00:00,"Apt. 966 1434 Padberg Lock, East Marcelino, ID 50186-1846",47.0,2024,8,15
76190,53770,21192,1,69.0,2024-08-17 04:13:23+00:00,Unknown,69.0,2024,8,17
82066,54205,21371,1,28.79,2024-11-10 03:21:14+00:00,Unknown,28.79,2024,11,10
77487,53805,21399,5,70.0,2025-02-05 14:31:51+00:00,Unknown,350.0,2025,2,5
79473,54180,20958,1,34.25,2025-01-20 11:23:51+00:00,"Suite 421 93069 Garnett Mill, New Keven, KY 12163",34.25,2025,1,20
81275,54990,20976,1,60.0,2024-12-12 13:42:43+00:00,Unknown,60.0,2024,12,12
80617,54100,21525,2,47.0,2024-11-02 06:28:00+00:00,Unknown,94.0,2024,11,2
83011,55206,21229,1,18.0,2024-11-05 22:04:58+00:00,Unknown,18.0,2024,11,5
79945,53839,21322,1,26.99,2024-09-21 21:23:00+00:00,Unknown,26.99,2024,9,21
81666,53218,21574,1,26.75,2024-06-24 00:33:21+00:00,Unknown,26.75,2024,6,24
75129,55592,21380,3,45.6,2025-03-09 09:14:00+00:00,Unknown,136.8,2025,3,9
74887,55036,21338,1,52.25,2025-02-23 11:32:06.936000+00:00,Unknown,52.25,2025,2,23
77107,54256,21375,1,28.5,2025-05-16 16:37:22+00:00,Unknown,28.5,2025,5,16
77501,53620,21145,1,19.5,2025-03-13 13:30:23+00:00,Unknown,19.5,2025,3,13
76748,53301,21365,1,53.5,2024-07-10 10:01:54+00:00,Unknown,53.5,2024,7,10
75788,54946,21402,1,82.8,2024-06-05 18:01:54+00:00,Unknown,82.8,2024,6,5
75336,55718,21016,1,72.5,2025-01-10 12:33:05+00:00,"Suite 279 3180 Mercedez Cove, South Kimiko, MA 58124",72.5,2025,1,10
79429,55416,21123,1,84.6,2024-09-20 02:32:41+00:00,Unknown,84.6,2024,9,20
75042,55093,21308,1,60.0,2024-12-09 22:46:12+00:00,Unknown,60.0,2024,12,9
77649,55337,21275,1,66.0,2024-11-15 17:01:25.775000+00:00,"444 Ward Route, West Jarod, NV 11106-9171",66.0,2024,11,15
76759,55555,21259,2,27.0,2025-08-06 01:00:47.290000+00:00,Unknown,54.0,2025,8,6
73519,53453,20921,1,17.0,2025-10-05 20:00:36+00:00,Unknown,17.0,2025,10,5
77191,54418,21647,1,78.6,2025-01-06 15:21:55+00:00,Unknown,78.6,2025,1,6
74176,54681,21002,5,48.3,2024-12-08 03:29:17+00:00,"82665 Lubowitz Rapid, New Art, MI 03319-7707",241.5,2024,12,8
77402,54047,21298,1,24.0,2024-08-08 08:22:36+00:00,Unknown,24.0,2024,8,8
80318,54720,21614,2,71.0,2024-09-05 23:24:00+00:00,Unknown,142.0,2024,9,5
80328,54391,21181,1,47.75,2024-09-27 09:27:36+00:00,Unknown,47.75,2024,9,27
77426,55454,21017,1,61.25,2025-01-05 04:58:01+00:00,Unknown,61.25,2025,1,5
76802,54323,21407,1,36.0,2024-07-07 21:56:43+00:00,Unknown,36.0,2024,7,7
82990,53252,21076,1,67.8,2024-07-28 05:15:59.766000+00:00,"212 Douglas Islands, West Andymouth, NM 08638",67.8,2024,7,28
82531,54451,21180,1,20.25,2025-04-19 08:47:33+00:00,Unknown,20.25,2025,4,19
75585,53760,21481,1,20.0,2025-01-09 07:28:00+00:00,"Apt. 530 277 Byron Flat, Schmittton, NY 46177-7289",20.0,2025,1,9
81662,55664,21247,3,54.99,2024-11-17 07:06:51+00:00,Unknown,164.97,2024,11,17
75705,54827,21508,3,34.0,2024-07-28 01:59:16+00:00,"495 Douglas Port, Franciscotown, WI 97743",102.0,2024,7,28
81762,54234,21073,1,40.25,2025-07-29 17:35:00+00:00,Unknown,40.25,2025,7,29
73446,53146,21261,1,73.0,2024-05-07 00:07:00+00:00,Unknown,73.0,2024,5,7
79035,54315,21583,2,13.99,2025-03-19 19:53:00+00:00,Unknown,27.98,2025,3,19
79603,53766,21093,1,78.6,2024-09-13 21:58:21+00:00,Unknown,78.6,2024,9,13
77690,55577,21055,1,45.75,2024-11-29 23:37:59+00:00,"Apt. 595 8152 Priscila Drive, Port Amparohaven, NJ 94862-3868",45.75,2024,11,29
79403,54954,21232,4,60.5,2024-11-19 16:43:44+00:00,Unknown,242.0,2024,11,19
80621,53604,21208,1,17.0,2025-02-14 13:43:38+00:00,Unknown,17.0,2025,2,14
79440,55071,21504,1,54.0,2025-05-02 03:35:44.305000+00:00,Unknown,54.0,2025,5,2
75957,55371,21266,1,58.0,2024-09-03 08:34:44+00:00,Unknown,58.0,2024,9,3
74561,54550,21253,1,70.25,2025-05-24 02:00:11+00:00,Unknown,70.25,2025,5,24
81001,55666,21325,2,67.99,2025-01-09 02:53:54+00:00,"98049 Sauer Route, Port Mellie, MD 48088",135.98,2025,1,9
80976,53762,21598,1,39.0,2025-03-27 06:23:31+00:00,Unknown,39.0,2025,3,27
76693,55449,21272,5,65.5,2024-05-05 01:42:43+00:00,Unknown,327.5,2024,5,5
80969,55734,21439,2,45.25,2025-05-10 19:19:36+00:00,Unknown,90.5,2025,5,10
82002,54381,21013,2,45.0,2024-08-29 22:36:46+00:00,Unknown,90.0,2024,8,29
80334,54859,21180,1,23.0,2025-06-27 06:35:47+00:00,"Apt. 996 151 Garland Skyway, Port Neville, NH 79265",23.0,2025,6,27
77917,53837,21636,2,51.0,2025-01-19 10:32:49+00:00,"8360 Benton Parkways, South Marlinbury, VT 71725",102.0,2025,1,19
78073,55099,21299,1,25.0,2025-03-03 02:56:54+00:00,Unknown,25.0,2025,3,3
80988,53916,21498,1,17.25,2024-10-07 05:57:10+00:00,"Apt. 139 1873 Greenholt Lake, Lake Greggfort, KS 26260",17.25,2024,10,7
80834,53713,20976,1,54.0,2024-05-30 22:37:00+00:00,Unknown,54.0,2024,5,30
82291,55153,20918,1,15.5,2024-12-13 21:44:02.661000+00:00,"8159 Dylan Tunnel, Lienberg, TX 90107",15.5,2024,12,13
77278,54978,20975,1,87.6,2024-12-29 07:38:00+00:00,Unknown,87.6,2024,12,29
78492,53042,21200,1,54.9,2024-07-28 08:59:36+00:00,Unknown,54.9,2024,7,28
80868,54663,21297,2,81.9,2024-09-11 05:35:00+00:00,"744 Satterfield Parks, Hanhfort, NJ 19248-3481",163.8,2024,9,11
80131,53515,21359,1,73.0,2024-11-14 22:20:00+00:00,Unknown,73.0,2024,11,14
77013,55338,21283,1,41.5,2025-04-17 18:28:00+00:00,Unknown,41.5,2025,4,17
80087,53062,21608,1,58.25,2024-05-22 15:43:16+00:00,Unknown,58.25,2024,5,22
77595,54087,21433,1,47.75,2025-01-01 17:29:04+00:00,"Apt. 460 591 Elmer Springs, Lake Christoper, AL 31344-5993",47.75,2025,1,1
74860,54421,21206,4,61.0,2024-12-30 22:53:31+00:00,Unknown,244.0,2024,12,30
74519,55466,21437,1,66.5,2025-03-20 01:31:00+00:00,Unknown,66.5,2025,3,20
76727,54919,21194,1,22.0,2024-08-31 14:51:25+00:00,Unknown,22.0,2024,8,31
81070,55418,21654,5,18.0,2024-11-11 17:25:43+00:00,"88160 Harris Shores, Ortizburgh, NH 29928-3841",90.0,2024,11,11
80289,53736,21508,1,33.0,2025-03-28 09:19:00+00:00,"7605 Sharolyn Wall, South Maurabury, UT 27114-7216",33.0,2025,3,28
78608,54840,21334,1,42.0,2024-10-08 20:32:26+00:00,"Apt. 446 3174 Berge Key, Port Shaquita, NY 29626",42.0,2024,10,8
75016,53907,21323,1,31.2,2024-10-01 14:12:15+00:00,Unknown,31.2,2024,10,1
73611,55459,21438,2,79.19,2024-12-21 03:19:05+00:00,Unknown,158.38,2024,12,21
80907,55515,20965,1,66.6,2024-06-02 14:38:15+00:00,"82661 Lecia Key, Odeliabury, TN 73104",66.6,2024,6,2
79583,54354,21037,1,55.5,2024-09-06 21:45:11+00:00,"Apt. 642 64307 Glover Bypass, South Prestonburgh, NY 12533-8642",55.5,2024,9,6
74962,54114,21236,1,85.2,2024-09-18 18:27:50+00:00,"Suite 446 97676 Nitzsche Loaf, Keshabury, TN 25376-3634",85.2,2024,9,18
77214,55257,21184,1,85.2,2025-01-20 17:20:00+00:00,"Suite 762 3563 Aida Brooks, Jacobimouth, WI 22511",85.2,2025,1,20
78862,54520,21643,3,30.5,2025-05-15 17:58:00+00:00,Unknown,91.5,2025,5,15
80174,54979,21176,1,22.25,2024-08-03 00:20:00+00:00,Unknown,22.25,2024,8,3
81444,53724,21010,1,45.99,2024-10-28 18:52:00+00:00,"Suite 624 5736 Kohler Vista, Conniehaven, MT 25266-5742",45.99,2024,10,28
81081,54570,21457,1,87.6,2025-03-12 06:11:46+00:00,Unknown,87.6,2025,3,12
74099,53655,21246,2,43.25,2024-03-13 01:52:00+00:00,"Suite 690 409 Shakia Villages, North Ethelyn, KY 93425",86.5,2024,3,13
76256,55347,21068,1,64.0,2024-08-06 04:36:00+00:00,Unknown,64.0,2024,8,6
80700,55195,21256,1,73.8,2024-12-20 14:52:50+00:00,Unknown,73.8,2024,12,20
77781,54602,21390,1,51.99,2024-09-08 08:58:00+00:00,Unknown,51.99,2024,9,8
79001,54562,21320,2,33.0,2025-03-19 20:12:00+00:00,Unknown,66.0,2025,3,19
80031,53493,21622,1,45.6,2025-01-12 23:55:00+00:00,Unknown,45.6,2025,1,12
74534,55055,21118,1,56.4,2024-09-11 05:25:25+00:00,"9211 Douglas Street, Strackebury, IL 21201-6503",56.4,2024,9,11
79406,54915,20934,1,21.5,2024-12-15 14:55:50+00:00,"Suite 148 262 Cruickshank Drive, Lewisbury, MN 33891",21.5,2024,12,15
82395,55102,21351,1,51.5,2024-09-29 14:59:44+00:00,"3195 Normand Forest, West Junita, PA 38945-5671",51.5,2024,9,29
77025,54189,21065,2,22.25,2024-07-11 07:58:34+00:00,"Apt. 125 938 Beer Fords, Sethville, SD 36663-7705",44.5,2024,7,11
76691,53219,21173,1,17.0,2025-01-22 18:31:00+00:00,Unknown,17.0,2025,1,22
80361,54046,21424,1,37.25,2024-10-14 03:42:06+00:00,Unknown,37.25,2024,10,14
76388,53657,21070,1,21.5,2024-09-29 06:29:14+00:00,Unknown,21.5,2024,9,29
78938,53708,20970,2,42.0,2025-03-12 05:26:02+00:00,Unknown,84.0,2025,3,12
82661,53704,21175,2,24.0,2025-04-16 16:05:00+00:00,Unknown,48.0,2025,4,16
76853,54063,21642,2,51.99,2025-01-21 06:43:58+00:00,Unknown,103.98,2025,1,21
73684,53629,21153,1,39.5,2024-10-09 05:51:46+00:00,Unknown,39.5,2024,10,9
76210,55572,21022,1,64.0,2025-04-23 06:45:43+00:00,Unknown,64.0,2025,4,23
80057,55318,21026,1,18.0,2025-03-12 09:15:59.142000+00:00,"2757 Hand Parkways, East Antione, KS 26623",18.0,2025,3,12
80409,54020,21359,1,86.7,2024-08-29 19:34:22+00:00,Unknown,86.7,2024,8,29
74779,55447,21234,1,34.75,2024-10-02 14:19:32+00:00,Unknown,34.75,2024,10,2
79597,54672,21392,1,89.99,2024-08-19 14:13:46+00:00,Unknown,89.99,2024,8,19
81846,53270,21109,1,56.75,2025-02-23 04:32:20+00:00,"8977 Kilback Knolls, New Craigborough, WY 83192",56.75,2025,2,23
80614,53685,21422,1,21.0,2025-04-09 00:03:30+00:00,"8407 Wunsch Street, Carltonmouth, RI 34566",21.0,2025,4,9
73607,55707,21098,1,75.59,2024-09-21 15:02:42.214000+00:00,Unknown,75.59,2024,9,21
82244,55386,21389,1,32.75,2024-12-23 20:43:00+00:00,Unknown,32.75,2024,12,23
77796,54813,21545,1,59.25,2025-01-19 22:08:14+00:00,Unknown,59.25,2025,1,19
73391,54641,20996,1,51.6,2025-02-27 11:08:22+00:00,Unknown,51.6,2025,2,27
78173,53265,21017,2,72.9,2025-05-12 20:46:26+00:00,Unknown,145.8,2025,5,12
73672,53098,21129,1,36.99,2024-12-12 01:57:46+00:00,Unknown,36.99,2024,12,12
80341,53641,21510,1,15.6,2024-10-18 16:59:40+00:00,Unknown,15.6,2024,10,18
75604,53389,21531,1,58.5,2024-09-14 18:07:57+00:00,Unknown,58.5,2024,9,14
75081,55703,21657,2,15.75,2025-01-11 15:36:00+00:00,Unknown,31.5,2025,1,11
77831,55215,21452,1,19.99,2025-02-24 04:31:05+00:00,Unknown,19.99,2025,2,24
74538,53670,20973,1,29.0,2024-10-16 18:45:59+00:00,Unknown,29.0,2024,10,16
76036,54365,21245,1,51.25,2025-03-07 08:46:30.993000+00:00,Unknown,51.25,2025,3,7
82478,55247,20963,1,59.5,2025-03-06 17:57:15+00:00,Unknown,59.5,2025,3,6
79649,53826,20943,1,69.99,2025-01-26 07:46:35+00:00,"41794 Satterfield Flats, Lake Kelsieberg, SC 23907",69.99,2025,1,26
79279,53319,21459,1,22.0,2024-11-18 06:05:21+00:00,Unknown,22.0,2024,11,18
80682,55236,21013,1,42.0,2024-12-01 07:19:00+00:00,"Apt. 105 55041 Parker Lodge, West Deanne, AZ 35515",42.0,2024,12,1
74385,54646,21331,1,63.0,2024-12-08 08:48:05+00:00,Unknown,63.0,2024,12,8
82257,53779,21263,1,57.25,2025-01-20 08:44:17+00:00,Unknown,57.25,2025,1,20
78859,53080,21628,1,27.5,2024-05-14 10:27:59+00:00,"Suite 331 95968 Darcie Gardens, East Carol, ID 80260-0244",27.5,2024,5,14
79796,53267,21629,1,53.5,2024-04-12 18:57:09+00:00,"Suite 990 83182 Elene Trail, East Kerry, SC 67579",53.5,2024,4,12
79938,55686,21590,2,37.19,2025-01-29 23:24:08+00:00,Unknown,74.38,2025,1,29
78858,54331,21115,1,71.5,2024-02-15 21:31:30+00:00,Unknown,71.5,2024,2,15
79657,53188,21156,1,72.75,2025-02-20 21:45:39.119000+00:00,Unknown,72.75,2025,2,20
78909,55411,20959,1,47.5,2024-09-15 13:52:29+00:00,Unknown,47.5,2024,9,15
81306,53051,21551,5,38.0,2025-01-07 07:58:18+00:00,Unknown,190.0,2025,1,7
76852,55120,21546,1,46.75,2024-10-02 05:08:10+00:00,Unknown,46.75,2024,10,2
79678,54662,21258,1,20.75,2024-10-28 19:56:31+00:00,"Apt. 801 125 Ruth Canyon, Franciscoview, NC 66777-9612",20.75,2024,10,28
73597,53054,21530,2,85.8,2025-02-25 07:34:51+00:00,Unknown,171.6,2025,2,25
83068,55208,21386,1,46.0,2024-10-08 10:17:37+00:00,Unknown,46.0,2024,10,8
78730,54895,21598,2,37.5,2025-05-17 12:35:12+00:00,Unknown,75.0,2025,5,17
82151,53556,21028,1,53.0,2025-02-26 20:16:02+00:00,Unknown,53.0,2025,2,26
76613,55007,20981,2,24.0,2024-12-13 10:37:00+00:00,Unknown,48.0,2024,12,13
76114,54690,21540,3,60.99,2025-03-11 20:36:30+00:00,Unknown,182.97,2025,3,11
76680,53867,21472,1,63.25,2025-05-30 05:47:08+00:00,Unknown,63.25,2025,5,30
77121,55385,21440,1,44.4,2025-05-06 17:56:41+00:00,Unknown,44.4,2025,5,6
83005,54747,21231,1,73.25,2025-06-23 13:41:20+00:00,Unknown,73.25,2025,6,23
75869,54407,21301,1,62.75,2025-01-21 09:02:00+00:00,Unknown,62.75,2025,1,21
79578,54763,21472,1,63.75,2025-02-23 16:19:00+00:00,Unknown,63.75,2025,2,23
75380,55469,21312,1,61.0,2025-05-03 01:05:56+00:00,Unknown,61.0,2025,5,3
79880,54283,21148,1,59.5,2024-10-06 17:27:04+00:00,Unknown,59.5,2024,10,6
76844,53315,21511,1,33.0,2025-07-25 19:23:27+00:00,Unknown,33.0,2025,7,25
82335,53500,21125,1,17.75,2024-10-06 20:26:35.674000+00:00,Unknown,17.75,2024,10,6
81654,53021,20998,1,47.99,2024-12-19 01:08:38+00:00,Unknown,47.99,2024,12,19
79666,55329,21045,1,21.0,2024-08-16 20:08:16+00:00,Unknown,21.0,2024,8,16
79518,53313,21630,1,54.75,2024-08-20 05:52:54+00:00,"Suite 650 5099 Gisele Island, Armstrongton, GA 15934-7896",54.75,2024,8,20
75153,54820,21566,1,51.25,2024-12-01 10:37:50+00:00,"Suite 925 408 Hoeger Plains, New Jacklyn, MO 71356",51.25,2024,12,1
82588,53042,21592,1,31.0,2025-04-15 07:53:11+00:00,"Apt. 536 2136 Brianna Station, Kundeview, OR 85464-1644",31.0,2025,4,15
73598,55733,21544,1,31.0,2024-09-21 22:33:56+00:00,Unknown,31.0,2024,9,21
80680,53848,21121,2,24.0,2024-07-25 18:56:59.710000+00:00,Unknown,48.0,2024,7,25
79955,53331,21585,1,54.3,2024-11-13 01:37:11+00:00,"Apt. 228 419 Reilly Stravenue, Rosarioburgh, OH 36202",54.3,2024,11,13
73666,55634,21385,1,22.5,2025-02-14 05:11:32.380000+00:00,Unknown,22.5,2025,2,14
73375,55115,21016,1,87.0,2024-10-19 03:14:35+00:00,Unknown,87.0,2024,10,19
79397,55812,21298,1,27.0,2024-04-04 21:33:47+00:00,Unknown,27.0,2024,4,4
80791,53818,21300,1,58.5,2024-03-12 05:10:10+00:00,Unknown,58.5,2024,3,12
74000,54444,20933,1,18.75,2025-01-10 20:27:00+00:00,Unknown,18.75,2025,1,10
79681,54232,20995,1,62.4,2024-07-30 12:56:00+00:00,Unknown,62.4,2024,7,30
78062,55548,21066,1,34.5,2025-09-02 18:16:38+00:00,"Apt. 924 811 Adolph Park, West Queenbury, NE 36602-4678",34.5,2025,9,2
76726,53975,21074,2,84.6,2024-11-19 21:12:37+00:00,"Apt. 673 89522 Ida Gateway, North Federicohaven, PA 73570",169.2,2024,11,19
79428,54928,21231,4,70.5,2025-03-24 14:44:32+00:00,Unknown,282.0,2025,3,24
81181,55745,20942,1,37.5,2024-12-22 17:16:00+00:00,"Apt. 855 850 Wyman Falls, Lake Edgardofort, DE 34725",37.5,2024,12,22
78617,54569,21016,1,90.3,2024-08-30 06:18:01+00:00,Unknown,90.3,2024,8,30
75616,55494,21015,1,61.0,2025-08-16 07:42:29+00:00,Unknown,61.0,2025,8,16
82073,54759,21052,2,70.75,2024-10-07 05:41:00+00:00,"37606 Carl Stravenue, Cronaberg, AL 66717-9080",141.5,2024,10,7
76380,55255,20948,1,73.0,2024-08-19 01:43:00+00:00,Unknown,73.0,2024,8,19
82953,54995,21256,1,69.6,2025-03-24 00:28:53+00:00,Unknown,69.6,2025,3,24
79931,54127,21628,3,32.1,2024-07-10 14:19:05.641000+00:00,Unknown,96.3,2024,7,10
77095,54205,21310,2,17.4,2024-09-07 04:20:31+00:00,Unknown,34.8,2024,9,7
79385,53643,21371,1,20.99,2025-04-06 11:46:19+00:00,Unknown,20.99,2025,4,6
83136,53023,21477,1,56.1,2024-11-30 17:13:17.107000+00:00,Unknown,56.1,2024,11,30
82034,55695,20979,2,72.99,2024-09-28 01:50:58+00:00,Unknown,145.98,2024,9,28
79245,53072,21209,1,53.7,2024-12-02 09:27:29+00:00,Unknown,53.7,2024,12,2
80398,53117,21332,1,42.0,2024-12-19 06:02:07+00:00,Unknown,42.0,2024,12,19
77725,54049,21193,1,16.75,2025-04-04 23:53:58.076000+00:00,"Apt. 950 7001 Padberg Parks, Grantbury, NM 63366-7162",16.75,2025,4,4
80127,53283,21363,1,33.0,2025-04-18 03:32:00+00:00,Unknown,33.0,2025,4,18
79957,54057,21551,1,40.75,2024-08-24 00:58:00+00:00,Unknown,40.75,2024,8,24
78249,53193,21600,1,45.99,2024-07-23 23:29:00+00:00,Unknown,45.99,2024,7,23
79142,54176,21232,1,59.75,2024-08-04 23:32:00+00:00,Unknown,59.75,2024,8,4
74209,53885,21596,1,59.4,2025-04-12 01:15:30+00:00,Unknown,59.4,2025,4,12
82560,54799,21079,1,63.6,2024-10-16 00:05:45+00:00,Unknown,63.6,2024,10,16
78342,53289,20971,2,17.99,2025-01-16 13:25:33+00:00,Unknown,35.98,2025,1,16
78567,55226,21374,1,23.0,2024-07-03 09:40:04+00:00,Unknown,23.0,2024,7,3
76622,54228,21288,1,25.5,2025-03-29 13:20:00+00:00,"413 Pfannerstill Fords, Tifanyland, PA 47906",25.5,2025,3,29
83024,55121,21299,1,22.0,2024-12-11 04:03:00+00:00,"26587 Klein Meadows, Samuelshire, WA 70041-2564",22.0,2024,12,11
76019,55456,21410,1,30.3,2025-01-04 01:43:00+00:00,Unknown,30.3,2025,1,4
81808,55252,21555,3,63.75,2024-11-03 22:52:52+00:00,Unknown,191.25,2024,11,3
77199,53547,21567,1,70.8,2024-10-03 02:32:48+00:00,Unknown,70.8,2024,10,3
79139,53448,20940,2,58.0,2025-03-31 13:27:57+00:00,Unknown,116.0,2025,3,31
81494,54244,21008,2,22.75,2024-08-24 10:39:07+00:00,Unknown,45.5,2024,8,24
74533,54763,20962,1,68.5,2025-06-21 20:41:28+00:00,"Apt. 821 4892 Tromp Groves, Lake Rubenchester, AR 41757",68.5,2025,6,21
73761,53081,21316,2,28.79,2024-12-23 23:52:24.398000+00:00,Unknown,57.58,2024,12,23
82731,53308,21129,1,43.2,2024-12-28 04:34:47+00:00,"16821 Wehner Canyon, East Devon, AK 09404",43.2,2024,12,28
79634,55681,21612,1,61.0,2024-05-09 20:25:00+00:00,Unknown,61.0,2024,5,9
75312,55367,21036,1,79.19,2024-06-26 04:27:49+00:00,Unknown,79.19,2024,6,26
81277,55714,21150,2,73.2,2024-02-20 00:15:42+00:00,Unknown,146.4,2024,2,20
77106,53109,21336,1,65.75,2024-12-29 09:31:35+00:00,Unknown,65.75,2024,12,29
74818,53684,21628,1,32.4,2024-10-20 09:33:22+00:00,"6801 Malvina Crest, Port Genia, MI 19059",32.4,2024,10,20
76330,55650,21020,1,62.5,2025-03-12 13:08:27+00:00,Unknown,62.5,2025,3,12
74481,55492,21051,1,86.1,2024-11-24 06:33:00+00:00,Unknown,86.1,2024,11,24
74121,54696,21341,1,49.5,2024-10-13 02:38:28+00:00,Unknown,49.5,2024,10,13
77910,54169,21027,1,35.4,2024-11-06 06:40:00+00:00,Unknown,35.4,2024,11,6
81330,53867,21243,1,65.0,2025-02-13 06:44:28+00:00,"Apt. 269 131 Luanne Well, New Rodolfoborough, TN 09372",65.0,2025,2,13
83158,53712,21465,1,71.0,2025-06-30 02:23:00+00:00,Unknown,71.0,2025,6,30
79025,53331,21163,1,45.75,2025-02-25 23:14:59+00:00,Unknown,45.75,2025,2,25
79050,55570,21157,5,31.25,2024-08-12 12:49:04.890000+00:00,Unknown,156.25,2024,8,12
77736,54465,21446,3,34.0,2024-11-23 11:18:00+00:00,Unknown,102.0,2024,11,23
77058,55716,21335,1,70.75,2024-12-16 15:03:25.802000+00:00,"Apt. 849 16404 McGlynn Harbor, Port Yulandaberg, IL 74592",70.75,2024,12,16
81361,53131,21314,1,13.75,2025-01-28 20:55:00+00:00,Unknown,13.75,2025,1,28
73383,54609,21637,1,44.5,2024-04-27 16:03:01+00:00,Unknown,44.5,2024,4,27
73564,55549,21052,1,87.3,2024-08-24 11:22:19+00:00,Unknown,87.3,2024,8,24
73440,55202,21247,1,56.0,2024-08-27 07:14:54+00:00,Unknown,56.0,2024,8,27
80657,54487,21171,1,64.0,2024-10-23 18:00:00+00:00,"471 Miles Green, Coleshire, NC 31003",64.0,2024,10,23
78722,53737,21445,1,58.79,2025-01-16 04:30:23+00:00,"792 Kuhlman Mills, Boehmport, MO 64754",58.79,2025,1,16
78012,55189,21202,1,75.99,2025-09-09 15:31:47+00:00,"Suite 943 5984 Smith Mountains, Port Nelsonview, AR 13968",75.99,2025,9,9
82008,54385,21236,1,70.99,2024-05-31 21:14:52+00:00,Unknown,70.99,2024,5,31
82117,55126,21468,1,69.5,2024-07-22 11:15:49+00:00,Unknown,69.5,2024,7,22
76672,53313,21521,1,63.3,2025-06-19 02:27:31+00:00,"Suite 650 5099 Gisele Island, Armstrongton, GA 15934-7896",63.3,2025,6,19
74205,55455,21343,1,17.0,2024-11-21 06:54:00+00:00,"743 Howe Heights, Collinburgh, NE 39956",17.0,2024,11,21
75309,54072,21201,1,68.5,2024-09-28 07:57:04+00:00,Unknown,68.5,2024,9,28
76718,54610,21098,1,63.99,2025-02-07 00:11:01+00:00,"Apt. 361 16170 Crooks Fields, Lake Guy, NJ 75603",63.99,2025,2,7
79760,53993,21409,1,71.0,2024-04-18 06:10:10+00:00,Unknown,71.0,2024,4,18
82939,55817,21381,1,36.5,2024-12-07 18:20:00+00:00,Unknown,36.5,2024,12,7
81500,53887,21276,5,36.6,2025-02-11 20:23:41+00:00,Unknown,183.0,2025,2,11
79322,53326,21654,1,13.99,2025-01-05 17:26:00+00:00,"Apt. 943 14232 Schmeler Summit, South Jadwiga, OR 62082-8773",13.99,2025,1,5
75619,55661,21643,2,30.99,2025-01-20 20:32:46+00:00,"Apt. 228 97296 Walton Wall, Marcborough, AR 24011-7896",61.98,2025,1,20
82027,54834,21007,1,31.75,2025-03-13 23:40:43+00:00,Unknown,31.75,2025,3,13
74990,55035,21522,1,52.5,2025-02-11 04:15:00+00:00,Unknown,52.5,2025,2,11
74602,55726,21489,1,72.0,2024-09-24 08:46:17+00:00,Unknown,72.0,2024,9,24
74242,55184,21570,1,58.2,2025-04-08 03:47:22+00:00,Unknown,58.2,2025,4,8
77341,54465,21528,1,72.0,2025-01-14 04:53:00+00:00,Unknown,72.0,2025,1,14
78061,54425,21475,2,35.25,2025-08-14 06:46:58+00:00,Unknown,70.5,2025,8,14
77419,53309,21077,2,66.75,2024-07-21 11:19:52+00:00,Unknown,133.5,2024,7,21
79252,54918,21266,1,60.25,2024-09-05 05:45:36+00:00,Unknown,60.25,2024,9,5
73369,53858,21325,2,79.2,2024-06-28 06:18:55+00:00,"766 Calvin Inlet, Lake Consuelabury, MI 82531-3905",158.4,2024,6,28
80415,54327,21390,1,51.5,2024-12-14 21:19:00+00:00,Unknown,51.5,2024,12,14
79999,54467,21149,2,16.0,2024-11-15 11:57:27+00:00,Unknown,32.0,2024,11,15
74814,54997,20975,1,87.6,2024-07-30 05:34:39.552000+00:00,"Apt. 942 3258 Dawne Keys, South Leland, TX 20298-9874",87.6,2024,7,30
78211,53566,21136,1,72.0,2024-10-07 14:10:16+00:00,Unknown,72.0,2024,10,7
80197,54151,20967,1,36.0,2024-09-27 07:04:53+00:00,Unknown,36.0,2024,9,27
81702,55423,21007,3,32.0,2024-07-14 12:49:00+00:00,Unknown,96.0,2024,7,14
73729,53456,21260,2,54.0,2025-08-24 20:11:51+00:00,"Apt. 600 570 Welch Divide, Kertzmannfurt, IN 07064",108.0,2025,8,24
76004,53969,21040,1,56.5,2025-01-23 20:00:00+00:00,Unknown,56.5,2025,1,23
80885,53101,21194,1,20.0,2025-04-16 15:43:32+00:00,Unknown,20.0,2025,4,16
79812,54031,21067,1,54.25,2025-05-28 17:26:02.763000+00:00,"Apt. 528 5912 Joane Shore, Evalynton, NJ 43596-9301",54.25,2025,5,28
75264,54992,21143,1,39.0,2024-03-12 01:54:00+00:00,Unknown,39.0,2024,3,12
77404,53579,20999,1,34.79,2025-02-22 18:41:00+00:00,Unknown,34.79,2025,2,22
77014,54073,21647,1,65.25,2025-05-10 08:49:00+00:00,Unknown,65.25,2025,5,10
73685,53200,21364,1,77.99,2024-11-22 10:50:50+00:00,Unknown,77.99,2024,11,22
77919,54493,20950,1,42.0,2024-09-19 20:23:29+00:00,Unknown,42.0,2024,9,19
79973,53495,21487,1,73.0,2025-01-28 12:20:21+00:00,"7628 Okuneva Mission, South Valdahaven, CO 37260-0859",73.0,2025,1,28
75654,55406,21389,1,34.5,2025-02-09 19:35:48+00:00,Unknown,34.5,2025,2,9
74703,53646,21418,1,64.0,2024-12-19 08:45:12+00:00,Unknown,64.0,2024,12,19
80536,55397,21382,2,74.99,2024-08-12 10:44:12+00:00,Unknown,149.98,2024,8,12
82657,53252,21163,1,44.0,2025-03-01 21:42:16+00:00,Unknown,44.0,2025,3,1
80080,55123,21430,1,39.6,2024-07-17 09:43:01.842000+00:00,Unknown,39.6,2024,7,17
77978,55190,21502,3,39.9,2025-02-02 10:08:16+00:00,Unknown,119.7,2025,2,2
81127,54466,21331,3,64.0,2025-03-13 14:22:22+00:00,Unknown,192.0,2025,3,13
80568,54760,21396,2,30.99,2024-10-29 05:09:05+00:00,"437 Octavio Pass, Port Ayako, HI 04526",61.98,2024,10,29
76271,53364,20954,1,76.75,2024-11-21 02:45:31+00:00,Unknown,76.75,2024,11,21
76300,54255,21606,1,19.25,2025-01-18 01:52:45+00:00,Unknown,19.25,2025,1,18
80244,54348,21602,1,67.5,2025-04-12 09:11:36+00:00,"818 Swaniawski Courts, Teressaport, LA 01872",67.5,2025,4,12
83107,54728,21255,2,37.99,2024-07-02 03:33:46+00:00,Unknown,75.98,2024,7,2
74334,54546,21322,1,31.2,2024-12-22 07:32:07+00:00,"Suite 910 50327 Weber Extension, South Jack, FL 96743-8007",31.2,2024,12,22
82602,55182,21403,1,23.0,2025-04-16 09:51:00+00:00,"Apt. 200 4094 Kathleen Drives, Jarredmouth, ND 89315",23.0,2025,4,16
80052,53812,21085,1,26.0,2024-08-28 19:03:28+00:00,"Apt. 817 7479 Gigi Via, Kennethville, ME 55804",26.0,2024,8,28
81680,54647,21173,3,17.75,2025-01-30 15:42:18+00:00,"Suite 648 9008 Erdman Junction, Breanaborough, GA 86512-5383",53.25,2025,1,30
80957,54490,21501,1,25.8,2024-09-15 21:02:00+00:00,Unknown,25.8,2024,9,15
77529,54367,21617,1,27.59,2024-12-03 14:07:55+00:00,"66504 Leonardo Mount, South Nonashire, CO 63487",27.59,2024,12,3
78910,53402,20958,1,40.8,2024-09-14 11:35:05+00:00,Unknown,40.8,2024,9,14
83149,53599,20938,1,22.5,2024-07-24 02:23:58+00:00,Unknown,22.5,2024,7,24
73999,54950,21600,3,56.1,2024-09-15 20:30:57+00:00,"Apt. 741 453 Shields Mountains, Hellerstad, MD 91072",168.3,2024,9,15
76375,55055,21409,3,71.0,2024-12-07 03:59:29+00:00,Unknown,213.0,2024,12,7
74047,53044,20918,1,19.2,2024-08-29 16:44:00+00:00,"6467 Botsford Mountains, Kilbackfurt, NV 02708-7845",19.2,2024,8,29
75414,54807,21151,5,38.99,2024-12-26 22:12:50+00:00,Unknown,194.95,2024,12,26
74269,54616,21178,2,51.0,2024-08-13 21:59:46+00:00,Unknown,102.0,2024,8,13
81933,55606,21332,1,45.0,2024-11-13 01:37:53+00:00,Unknown,45.0,2024,11,13
80959,53846,21654,1,14.75,2024-04-26 05:08:34+00:00,Unknown,14.75,2024,4,26
75883,55502,21055,1,49.99,2025-03-23 09:05:03+00:00,Unknown,49.99,2025,3,23
82549,54098,21394,1,54.9,2024-10-14 00:11:28+00:00,Unknown,54.9,2024,10,14
77634,55825,21607,1,73.99,2024-08-04 18:37:33+00:00,Unknown,73.99,2024,8,4
74506,54317,20955,1,74.5,2024-09-15 22:40:07+00:00,Unknown,74.5,2024,9,15
82491,53969,21434,1,44.25,2024-07-08 10:59:57+00:00,"Apt. 176 945 Jenkins Islands, Mellisafort, SD 15225-6689",44.25,2024,7,8
77049,55543,21387,1,21.0,2024-11-03 06:53:53.253000+00:00,"Suite 274 92860 Cathryn Radial, North Ellan, OR 21503-8819",21.0,2024,11,3
80876,54810,21489,3,63.5,2025-08-04 19:22:00+00:00,Unknown,190.5,2025,8,4
73384,53768,21570,2,46.0,2024-11-19 02:51:00+00:00,Unknown,92.0,2024,11,19
73405,54382,21220,1,17.5,2024-04-24 16:38:48.220000+00:00,Unknown,17.5,2024,4,24
78863,54734,21378,1,44.25,2025-03-21 02:21:04+00:00,Unknown,44.25,2025,3,21
78870,53358,21504,1,55.0,2024-09-22 21:22:35+00:00,Unknown,55.0,2024,9,22
81136,53658,21007,2,34.5,2024-11-06 23:17:00+00:00,Unknown,69.0,2024,11,6
77462,55272,21296,1,40.0,2024-09-30 15:12:20+00:00,Unknown,40.0,2024,9,30
82656,55147,21112,5,37.5,2024-11-04 04:32:02+00:00,"Apt. 213 936 Stephenie Branch, Zackbury, CA 85488-5676",187.5,2024,11,4
75060,53694,21214,2,72.3,2025-04-21 10:11:00+00:00,"Suite 913 22246 Bryant Forges, Humbertofort, MA 96046-5931",144.6,2025,4,21
82562,53351,21142,1,34.0,2024-08-26 16:23:56+00:00,Unknown,34.0,2024,8,26
79556,53360,21249,1,85.19,2024-09-17 12:58:08+00:00,Unknown,85.19,2024,9,17
78842,54884,20933,1,25.2,2024-04-29 08:29:31+00:00,Unknown,25.2,2024,4,29
81424,53691,21013,1,41.5,2024-11-02 01:51:00+00:00,Unknown,41.5,2024,11,2
80553,54443,21096,2,90.0,2024-10-11 21:49:53+00:00,Unknown,180.0,2024,10,11
77399,53208,21237,2,21.99,2025-01-22 12:33:02+00:00,Unknown,43.98,2025,1,22
78837,54113,21210,1,27.59,2024-12-06 10:58:09+00:00,Unknown,27.59,2024,12,6
82044,55528,20984,1,36.99,2024-10-01 11:17:25+00:00,Unknown,36.99,2024,10,1
74188,54567,21435,1,64.5,2024-12-11 18:44:30+00:00,Unknown,64.5,2024,12,11
77159,54309,20927,1,17.75,2024-05-21 19:49:35+00:00,Unknown,17.75,2024,5,21
76299,53932,21366,1,52.75,2024-06-13 16:45:00+00:00,Unknown,52.75,2024,6,13
82433,54476,21087,2,27.25,2024-07-03 13:33:12+00:00,"Suite 129 48133 Lettie Shore, East Mapleview, VT 16888-9877",54.5,2024,7,3
81531,55754,21513,1,44.0,2025-01-07 11:44:00+00:00,Unknown,44.0,2025,1,7
75770,54861,21206,1,79.8,2025-09-01 00:32:00+00:00,Unknown,79.8,2025,9,1
74869,55486,21270,2,72.0,2025-01-05 02:04:18+00:00,"Apt. 191 455 Joannie Tunnel, West Vaughnland, NC 29731-4131",144.0,2025,1,5
76260,55243,21267,1,44.5,2025-01-18 03:30:00+00:00,"Suite 111 72920 Weldon Motorway, North Lyndsay, DE 39837-2172",44.5,2025,1,18
82688,55708,21246,1,40.0,2025-04-12 23:52:47+00:00,Unknown,40.0,2025,4,12
79750,53462,21044,1,26.0,2025-03-11 17:38:59+00:00,Unknown,26.0,2025,3,11
80490,55132,21398,5,25.75,2024-11-05 21:52:00+00:00,Unknown,128.75,2024,11,5
82857,53387,21091,2,25.25,2025-01-21 06:11:25+00:00,Unknown,50.5,2025,1,21
77901,53837,21397,1,80.4,2025-03-31 04:18:18+00:00,Unknown,80.4,2025,3,31
81524,54457,21393,1,40.5,2024-12-10 02:24:00+00:00,Unknown,40.5,2024,12,10
77719,54172,21370,1,54.3,2024-11-16 23:14:53+00:00,Unknown,54.3,2024,11,16
82003,54316,21323,1,27.0,2024-08-11 03:17:22+00:00,Unknown,27.0,2024,8,11
78314,55654,21435,1,63.6,2025-01-04 15:20:53+00:00,Unknown,63.6,2025,1,4
80938,54036,21588,1,46.0,2024-11-25 14:09:00+00:00,"Apt. 479 36369 Cleo Square, Samstad, NM 18788-3748",46.0,2024,11,25
79224,55273,21484,3,53.5,2024-07-18 22:57:41+00:00,Unknown,160.5,2024,7,18
82617,54918,21512,1,61.0,2025-05-21 12:49:51+00:00,Unknown,61.0,2025,5,21
74938,54483,21366,1,56.75,2025-04-20 19:23:55+00:00,Unknown,56.75,2025,4,20
80746,54922,21492,2,26.25,2025-02-04 06:30:54+00:00,Unknown,52.5,2025,2,4
76973,53363,21579,5,55.0,2024-12-10 08:58:50+00:00,"Suite 794 451 Camila Ways, Lake Lachelle, MO 67387-2766",275.0,2024,12,10
81153,53861,21355,5,51.0,2025-01-26 15:56:00+00:00,"Apt. 295 52887 Dona Plain, East Xavier, NJ 24149",255.0,2025,1,26
82918,55377,21204,1,20.5,2024-09-26 06:39:55+00:00,Unknown,20.5,2024,9,26
73661,53633,21342,4,48.5,2024-12-05 20:23:00+00:00,Unknown,194.0,2024,12,5
83150,55368,21405,1,50.4,2024-10-18 02:29:46+00:00,"Suite 896 794 King Knolls, Earleview, SD 84865-3301",50.4,2024,10,18
76237,54122,21263,2,67.2,2024-12-14 16:49:56+00:00,Unknown,134.4,2024,12,14
74245,54671,21100,4,25.2,2024-09-27 01:49:10+00:00,Unknown,100.8,2024,9,27
81626,53773,21325,4,69.5,2024-10-17 04:18:46.503000+00:00,Unknown,278.0,2024,10,17
78680,53143,21157,4,37.2,2024-12-22 11:34:09+00:00,Unknown,148.8,2024,12,22
80865,54516,21445,1,54.9,2024-12-08 12:46:18+00:00,Unknown,54.9,2024,12,8
80509,54917,21264,3,51.0,2024-07-06 08:03:59+00:00,"4214 Will Dam, East Tommystad, TN 38537",153.0,2024,7,6
81379,54457,21174,1,17.7,2025-04-26 16:39:00+00:00,Unknown,17.7,2025,4,26
75300,53626,21370,1,43.25,2025-02-02 00:22:10+00:00,Unknown,43.25,2025,2,2
77535,55632,21172,1,15.6,2025-02-25 08:15:00+00:00,Unknown,15.6,2025,2,25
79800,54077,21656,2,74.0,2024-11-26 08:47:00+00:00,Unknown,148.0,2024,11,26
74736,55217,21508,1,37.5,2024-11-06 07:10:04+00:00,Unknown,37.5,2024,11,6
73836,53406,20926,1,80.4,2024-09-04 10:06:13+00:00,"640 Williamson Forges, Rossanaview, ME 44040-4688",80.4,2024,9,4
81508,55741,21076,1,56.5,2024-07-29 00:47:14+00:00,Unknown,56.5,2024,7,29
82301,55506,21261,2,74.5,2024-10-25 23:35:40+00:00,Unknown,149.0,2024,10,25
73477,54563,21374,1,31.8,2024-09-19 00:15:20+00:00,"45223 Feil Loaf, Tannerberg, OR 17495-1293",31.8,2024,9,19
79133,53802,21075,2,57.0,2024-09-27 16:50:02+00:00,Unknown,114.0,2024,9,27
73324,54000,21468,1,79.8,2025-05-27 04:48:00+00:00,Unknown,79.8,2025,5,27
77514,54797,21624,1,78.6,2024-09-16 21:37:00+00:00,Unknown,78.6,2024,9,16
78321,53666,21570,2,45.25,2025-03-31 09:18:56+00:00,"152 Kimberly Way, Johnathonside, OK 06116",90.5,2025,3,31
77175,55707,21216,1,31.25,2025-03-12 09:51:00+00:00,Unknown,31.25,2025,3,12
78612,53707,21653,1,43.5,2024-10-03 12:15:39+00:00,"1267 Predovic Court, Stromanstad, AK 52373",43.5,2024,10,3
82711,54367,21212,1,35.0,2025-03-15 18:12:00+00:00,Unknown,35.0,2025,3,15
74231,53362,21368,1,27.25,2024-12-24 04:34:00+00:00,Unknown,27.25,2024,12,24
81529,54353,21212,1,34.0,2024-08-15 10:10:00+00:00,Unknown,34.0,2024,8,15
79907,53513,21469,1,68.75,2024-08-02 07:15:00+00:00,Unknown,68.75,2024,8,2
76822,54756,21275,1,67.75,2025-02-23 00:34:36+00:00,Unknown,67.75,2025,2,23
75227,55210,21438,4,63.0,2025-06-28 11:38:00+00:00,Unknown,252.0,2025,6,28
82765,54699,21054,1,16.0,2025-02-14 20:44:44+00:00,Unknown,16.0,2025,2,14
81835,53758,21490,1,43.0,2024-09-24 02:08:28+00:00,Unknown,43.0,2024,9,24
78843,55164,21216,1,35.4,2024-10-22 12:02:00+00:00,Unknown,35.4,2024,10,22
81373,55758,20975,4,70.5,2024-10-21 08:40:21+00:00,"65194 Jenkins Green, Feilhaven, VA 84885-9762",282.0,2024,10,21
74750,53160,21167,1,23.1,2025-02-27 15:36:00+00:00,Unknown,23.1,2025,2,27
75557,53509,20957,1,67.8,2025-03-01 17:11:00+00:00,Unknown,67.8,2025,3,1
78706,53576,21462,1,36.0,2024-12-09 03:47:31+00:00,Unknown,36.0,2024,12,9
73771,53778,21456,1,54.99,2025-05-19 22:31:52+00:00,Unknown,54.99,2025,5,19
79844,55279,21019,1,61.5,2025-01-01 12:51:29+00:00,Unknown,61.5,2025,1,1
74114,53894,21240,5,13.5,2025-03-04 17:13:25+00:00,"Suite 579 731 Margret Gardens, Pedroville, NY 81212",67.5,2025,3,4
83104,53506,21105,4,49.5,2025-02-05 21:57:33+00:00,Unknown,198.0,2025,2,5
77895,53861,21374,1,25.5,2025-03-23 22:46:00+00:00,"Apt. 295 52887 Dona Plain, East Xavier, NJ 24149",25.5,2025,3,23
80455,54257,21307,4,66.75,2025-01-30 04:31:58+00:00,Unknown,267.0,2025,1,30
80971,54159,21344,1,46.25,2024-12-09 15:09:20+00:00,Unknown,46.25,2024,12,9
74548,53384,21412,3,48.5,2024-07-05 05:12:11+00:00,"919 Glover Stravenue, Buckridgefurt, ID 25823",145.5,2024,7,5
76035,54881,21183,1,52.5,2024-07-22 16:47:16+00:00,Unknown,52.5,2024,7,22
76593,54386,21208,2,16.75,2024-11-08 00:26:57.328000+00:00,Unknown,33.5,2024,11,8
75222,53902,20995,2,60.6,2025-06-08 01:48:48+00:00,Unknown,121.2,2025,6,8
81378,53842,21200,1,45.25,2024-11-06 05:43:21.082000+00:00,"Suite 769 529 Rutherford Plains, East Molly, HI 04835-5015",45.25,2024,11,6
82164,55175,21347,3,57.6,2024-10-29 19:23:00+00:00,"Apt. 635 3235 Larkin Path, Shanaeburgh, HI 53157-3335",172.8,2024,10,29
79213,55311,21068,1,75.3,2025-02-20 22:26:00+00:00,Unknown,75.3,2025,2,20
76501,53404,21377,5,59.99,2024-10-07 00:12:00+00:00,Unknown,299.95,2024,10,7
82193,55586,21453,3,70.5,2024-08-23 12:11:31.596000+00:00,Unknown,211.5,2024,8,23
76800,54611,21067,1,58.25,2025-01-28 08:14:50+00:00,Unknown,58.25,2025,1,28
82930,54463,20933,1,25.19,2024-10-26 19:52:10+00:00,Unknown,25.19,2024,10,26
73349,53977,21240,1,17.0,2025-05-27 03:44:27+00:00,Unknown,17.0,2025,5,27
73423,53267,21204,2,16.75,2025-04-16 03:45:05+00:00,Unknown,33.5,2025,4,16
74185,54211,21497,1,80.4,2024-12-06 14:21:03+00:00,Unknown,80.4,2024,12,6
74120,54995,21176,1,26.7,2024-08-20 19:36:29+00:00,Unknown,26.7,2024,8,20
75518,55713,21607,1,70.99,2024-10-19 18:20:00+00:00,Unknown,70.99,2024,10,19
75467,53789,21055,1,49.99,2025-05-22 08:05:02+00:00,"Apt. 988 6660 Altenwerth Views, New Madaline, MT 37173",49.99,2025,5,22
75200,54110,21497,1,66.25,2024-10-01 15:22:34.753000+00:00,Unknown,66.25,2024,10,1
75176,55531,21362,3,60.0,2025-04-10 22:36:00+00:00,Unknown,180.0,2025,4,10
80214,54267,21059,1,44.25,2024-09-17 02:34:05+00:00,Unknown,44.25,2024,9,17
82054,54758,21135,1,74.99,2024-11-17 03:31:00+00:00,Unknown,74.99,2024,11,17
81114,53923,21187,1,65.0,2024-12-17 00:52:11+00:00,Unknown,65.0,2024,12,17
76027,53364,21092,1,30.75,2025-04-13 05:19:55+00:00,"Suite 897 413 Ziemann Extensions, Stuartberg, RI 89189-3397",30.75,2025,4,13
73922,55151,21137,2,46.0,2024-12-11 00:37:37+00:00,Unknown,92.0,2024,12,11
76131,53926,21038,1,50.25,2024-09-10 22:19:50+00:00,Unknown,50.25,2024,9,10
75862,54218,21522,1,50.0,2025-08-16 21:15:08+00:00,"3441 Casper Pine, Abbiemouth, MD 76730-8532",50.0,2025,8,16
80925,53936,21492,1,30.9,2024-08-27 14:21:00+00:00,Unknown,30.9,2024,8,27
75078,55446,21056,3,47.25,2024-09-26 18:13:32+00:00,"705 Hollis Mountains, West Jesushaven, MT 24371-5614",141.75,2024,9,26
76521,55410,21408,3,27.0,2025-05-02 06:23:23+00:00,Unknown,81.0,2025,5,2
81498,54669,21009,1,62.75,2025-05-22 22:16:28+00:00,Unknown,62.75,2025,5,22
75919,55458,21481,1,22.0,2024-11-11 23:38:34+00:00,Unknown,22.0,2024,11,11
79557,53802,21374,1,25.5,2024-09-05 21:42:53+00:00,Unknown,25.5,2024,9,5
74840,54567,21453,2,70.75,2025-06-05 16:53:15+00:00,"Suite 145 3348 Kareem Stream, Port Melida, UT 31241-1438",141.5,2025,6,5
79121,54975,21181,1,45.5,2024-06-27 09:17:51.474000+00:00,"30545 Dallas Spring, Port Carmelo, NC 77285-3736",45.5,2024,6,27
75069,53067,20932,1,17.25,2025-03-28 19:10:00+00:00,Unknown,17.25,2025,3,28
73551,54655,21432,1,75.25,2024-10-15 01:51:38.756000+00:00,Unknown,75.25,2024,10,15
77790,54176,21491,2,75.0,2024-11-06 20:59:03+00:00,"Suite 415 588 Toi Square, Port Noe, NM 49062-7550",150.0,2024,11,6
77261,54838,21165,1,18.6,2025-03-20 19:17:33+00:00,Unknown,18.6,2025,3,20
80246,54759,21216,1,29.25,2025-01-02 05:21:00+00:00,Unknown,29.25,2025,1,2
82756,55319,21341,1,49.75,2024-12-09 17:43:22+00:00,Unknown,49.75,2024,12,9
77103,53351,21159,1,62.99,2025-08-15 19:14:00+00:00,Unknown,62.99,2025,8,15
75806,53884,21304,1,50.5,2024-09-04 23:15:44+00:00,Unknown,50.5,2024,9,4
77031,54982,21173,1,19.0,2024-09-03 17:25:00+00:00,Unknown,19.0,2024,9,3
81691,54272,21145,1,18.3,2024-10-27 02:05:05+00:00,Unknown,18.3,2024,10,27
75494,55696,21555,5,60.5,2024-12-16 15:26:42+00:00,Unknown,302.5,2024,12,16
73623,53049,21545,1,59.5,2025-04-13 21:49:00+00:00,"Suite 611 1479 Eugenio Rapid, Brekkeside, WA 85667",59.5,2025,4,13
78463,53577,21348,1,26.5,2024-12-20 10:38:54+00:00,Unknown,26.5,2024,12,20
80909,53274,21519,2,46.0,2024-08-26 09:55:09+00:00,"745 Sheryll Mews, Boscoside, IA 65551",92.0,2024,8,26
80658,53246,21267,1,51.6,2025-01-07 18:09:06+00:00,Unknown,51.6,2025,1,7
81491,55290,21401,1,19.75,2025-02-05 08:48:53+00:00,Unknown,19.75,2025,2,5
82477,53269,21199,1,42.99,2025-06-25 15:13:33+00:00,"Suite 188 2541 Kerluke Burg, Oberbrunnertown, MO 62113-6496",42.99,2025,6,25
75991,53409,21420,1,63.5,2024-06-11 23:11:00+00:00,Unknown,63.5,2024,6,11
80447,55277,21574,2,22.0,2024-09-26 04:19:15+00:00,"Suite 424 830 Berge Hollow, Baumbachburgh, VT 09898-9327",44.0,2024,9,26
82769,55623,21184,1,69.75,2024-12-19 04:29:34+00:00,Unknown,69.75,2024,12,19
81362,53738,21618,1,38.25,2025-06-01 16:20:49+00:00,"760 Agripina Stream, Port Margaritoville, VA 48181-3946",38.25,2025,6,1
79113,53278,20994,5,19.0,2025-03-18 22:30:24+00:00,"Apt. 304 13811 Rich Street, West Rodneyville, WV 32433",95.0,2025,3,18
80927,54338,21108,3,21.0,2024-08-02 07:22:42+00:00,Unknown,63.0,2024,8,2
73753,55048,21359,1,84.0,2024-08-24 22:48:24+00:00,Unknown,84.0,2024,8,24
73816,54473,21021,1,46.5,2024-12-08 02:51:52+00:00,Unknown,46.5,2024,12,8
81931,54804,21110,1,40.5,2024-10-10 11:59:00+00:00,Unknown,40.5,2024,10,10
77090,54617,21105,1,48.0,2024-12-08 22:48:48+00:00,Unknown,48.0,2024,12,8
77204,53825,21325,1,70.0,2025-01-06 10:57:40+00:00,Unknown,70.0,2025,1,6
76115,53201,21446,1,37.2,2024-05-27 20:44:46.302000+00:00,Unknown,37.2,2024,5,27
75913,53993,21513,1,42.99,2024-08-30 12:19:00+00:00,Unknown,42.99,2024,8,30
81917,54639,21232,1,59.0,2025-01-16 22:18:31+00:00,"Apt. 407 8896 Albertine Coves, Ashahaven, VA 69410",59.0,2025,1,16
81713,54932,21589,3,42.99,2024-12-25 16:27:28+00:00,Unknown,128.97,2024,12,25
73728,54980,21346,1,46.5,2025-01-31 23:28:40+00:00,Unknown,46.5,2025,1,31
73817,54378,21126,1,64.25,2024-08-31 17:16:55+00:00,Unknown,64.25,2024,8,31
82099,53999,21225,1,57.5,2025-01-22 01:48:00+00:00,Unknown,57.5,2025,1,22
77332,54419,20954,1,74.5,2025-04-10 11:38:11+00:00,Unknown,74.5,2025,4,10
78621,53206,21332,1,45.75,2024-04-29 06:07:00+00:00,"Apt. 463 952 Lockman Lights, South Jayne, MI 15569",45.75,2024,4,29
76378,53396,21384,1,53.5,2025-06-04 08:05:21+00:00,Unknown,53.5,2025,6,4
81212,54742,21383,4,47.4,2024-11-29 22:30:13+00:00,"34688 Gutmann Mews, Lindville, CO 31271",189.6,2024,11,29
80639,55449,21138,1,37.5,2024-12-26 09:29:27+00:00,Unknown,37.5,2024,12,26
82312,53675,21542,1,50.5,2024-07-09 05:54:14+00:00,Unknown,50.5,2024,7,9
82261,54621,21141,1,20.5,2024-07-31 19:43:16+00:00,"301 Willis Mission, North Elzatown, CA 20973",20.5,2024,7,31
79553,55498,21476,2,90.6,2024-07-02 10:59:18+00:00,Unknown,181.2,2024,7,2
80191,55088,21092,1,35.75,2025-03-25 07:30:00+00:00,"64281 Nikolaus Street, West Sheridan, AR 70620-2148",35.75,2025,3,25
80216,55012,21152,2,25.0,2024-10-28 16:45:00+00:00,Unknown,50.0,2024,10,28
76931,53058,21058,1,62.1,2024-11-06 03:30:00+00:00,Unknown,62.1,2024,11,6
80918,53309,21486,1,36.0,2025-01-28 17:53:31+00:00,Unknown,36.0,2025,1,28
74884,54459,21177,1,30.9,2024-05-19 02:49:52+00:00,Unknown,30.9,2024,5,19
76855,54431,21435,1,58.5,2024-06-15 16:35:56+00:00,Unknown,58.5,2024,6,15
77933,53753,21539,1,67.75,2024-12-31 18:51:45+00:00,Unknown,67.75,2024,12,31
76766,54429,21222,1,75.0,2025-01-07 13:40:00+00:00,Unknown,75.0,2025,1,7
81460,55787,21517,1,80.4,2024-07-03 17:20:25+00:00,Unknown,80.4,2024,7,3
82455,54576,21308,1,63.0,2024-10-29 15:00:09+00:00,Unknown,63.0,2024,10,29
76095,55131,21472,1,62.99,2024-06-11 21:13:08+00:00,Unknown,62.99,2024,6,11
73589,55096,21222,1,73.75,2024-05-11 10:38:47+00:00,"Suite 226 5245 Ilene Ridge, East Tishburgh, MN 43215",73.75,2024,5,11
83015,53864,21085,1,25.99,2025-03-21 16:52:00+00:00,Unknown,25.99,2025,3,21
80069,55668,20946,2,21.5,2024-05-22 05:58:52+00:00,Unknown,43.0,2024,5,22
78127,53870,21452,1,21.99,2024-10-11 08:26:09+00:00,Unknown,21.99,2024,10,11
83161,53581,21560,1,62.1,2025-02-24 00:02:00+00:00,Unknown,62.1,2025,2,24
82292,54285,20922,1,66.75,2025-01-01 18:42:00+00:00,Unknown,66.75,2025,1,1
76907,53958,21108,1,21.99,2024-12-18 08:06:39+00:00,Unknown,21.99,2024,12,18
75774,53864,21250,2,21.5,2024-09-29 07:13:01+00:00,Unknown,43.0,2024,9,29
75218,53898,21352,1,34.75,2024-10-29 09:23:32+00:00,Unknown,34.75,2024,10,29
74988,54376,21214,1,60.0,2025-08-18 17:31:05+00:00,"31489 Harvey Mountain, East Bret, UT 98750",60.0,2025,8,18
82226,53510,21508,1,43.8,2024-08-09 01:30:37+00:00,Unknown,43.8,2024,8,9
80987,53951,21264,1,48.0,2024-11-04 19:58:12+00:00,Unknown,48.0,2024,11,4
76627,55131,21185,1,42.3,2025-01-30 21:55:57+00:00,"521 Karina Landing, Jacobsmouth, MI 86772",42.3,2025,1,30
76703,55506,21594,3,62.75,2025-09-04 09:44:42+00:00,Unknown,188.25,2025,9,4
83134,53914,20917,1,43.0,2025-01-05 01:53:31+00:00,Unknown,43.0,2025,1,5
76074,55155,21609,1,21.3,2024-11-18 21:06:37+00:00,"Suite 270 942 Padberg Neck, Lindgrenville, WV 80161",21.3,2024,11,18
78352,55489,21637,2,40.5,2024-10-24 21:30:25+00:00,Unknown,81.0,2024,10,24
76981,53502,21021,1,50.4,2024-11-01 11:20:42.503000+00:00,"245 Schaefer Camp, South Gillianmouth, MA 32010-9410",50.4,2024,11,1
74683,54046,21236,5,72.5,2025-01-09 11:17:10+00:00,Unknown,362.5,2025,1,9
76335,55728,21355,5,49.25,2025-02-22 11:18:00+00:00,"Suite 569 784 Quitzon Shore, Masakoshire, LA 50004",246.25,2025,2,22
78816,54284,21574,1,30.0,2024-09-18 17:13:00+00:00,"924 Scotty Mills, Lehnerland, AZ 95677-4845",30.0,2024,9,18
76337,55294,21215,1,16.5,2025-02-18 06:50:04+00:00,"84009 Irving Mountains, Lake Rufusfurt, WY 85279",16.5,2025,2,18
81976,53664,21590,1,32.5,2024-10-08 21:47:16.114000+00:00,Unknown,32.5,2024,10,8
78183,53660,21277,2,71.7,2024-08-31 18:28:54.454000+00:00,"Apt. 693 9831 George Streets, East Sharenburgh, CO 50970-1557",143.4,2024,8,31
74780,53575,21498,1,20.5,2024-11-26 04:14:03+00:00,Unknown,20.5,2024,11,26
80177,54435,21403,1,29.4,2025-03-29 05:23:00+00:00,Unknown,29.4,2025,3,29
75674,55693,21187,4,66.0,2024-06-24 00:22:00+00:00,Unknown,264.0,2024,6,24
83032,53104,21556,1,29.4,2024-12-01 08:16:36+00:00,Unknown,29.4,2024,12,1
76773,54792,21086,1,66.5,2024-11-15 08:30:00+00:00,Unknown,66.5,2024,11,15
78765,54742,21440,1,37.0,2025-03-19 11:00:21+00:00,Unknown,37.0,2025,3,19
82843,55416,21090,2,57.0,2024-07-28 17:56:27+00:00,Unknown,114.0,2024,7,28
78891,55021,21606,1,19.25,2025-04-27 11:05:55+00:00,Unknown,19.25,2025,4,27
76017,53968,21416,1,16.5,2024-11-10 13:46:40+00:00,Unknown,16.5,2024,11,10
75132,54860,21472,3,60.25,2024-04-28 04:20:03+00:00,"Apt. 607 85162 Solomon Street, Tammaraburgh, LA 97496-9785",180.75,2024,4,28
77379,53334,21384,1,53.0,2024-09-14 21:44:00+00:00,Unknown,53.0,2024,9,14
75232,54759,21624,1,63.0,2025-04-24 11:19:44.631000+00:00,Unknown,63.0,2025,4,24
78851,55110,21058,1,63.9,2024-09-27 14:56:32+00:00,Unknown,63.9,2024,9,27
76235,54266,21406,3,57.99,2024-05-11 15:25:51+00:00,"5543 Dane Flats, Port Eddie, CT 42308-9323",173.97,2024,5,11
75691,54080,21354,1,17.1,2024-11-16 01:19:03+00:00,"Apt. 796 357 Cremin Estate, Carsonport, SC 09287",17.1,2024,11,16
79216,53490,21124,1,42.0,2024-06-05 09:27:59+00:00,Unknown,42.0,2024,6,5
77973,54812,21153,1,39.0,2024-10-25 08:44:58+00:00,Unknown,39.0,2024,10,25
79753,55079,21396,2,32.0,2024-08-14 23:09:00+00:00,Unknown,64.0,2024,8,14
78448,54615,21619,1,15.99,2024-09-05 05:20:08+00:00,"Suite 806 2234 Charlena Springs, West Carychester, NC 25091-6360",15.99,2024,9,5
82038,54256,21012,1,69.6,2025-07-02 23:26:11+00:00,Unknown,69.6,2025,7,2
77932,54281,21228,2,26.0,2024-09-01 07:13:33.224000+00:00,Unknown,52.0,2024,9,1
78894,53386,21584,1,61.2,2025-04-28 07:39:08+00:00,"566 Emelina Turnpike, Lashundaside, NE 78034-5281",61.2,2025,4,28
75250,55529,21120,1,37.5,2024-02-07 13:36:10+00:00,Unknown,37.5,2024,2,7
73838,53446,21444,1,57.99,2025-06-13 11:33:40+00:00,Unknown,57.99,2025,6,13
81541,53115,21229,1,21.6,2025-02-17 11:33:32+00:00,Unknown,21.6,2025,2,17
73600,53793,21539,2,67.25,2024-06-11 22:44:00+00:00,Unknown,134.5,2024,6,11
82834,55410,21373,1,21.5,2024-07-07 11:53:40+00:00,Unknown,21.5,2024,7,7
73943,55102,21516,1,30.5,2025-05-07 06:05:16.966000+00:00,Unknown,30.5,2025,5,7
73457,55235,21216,1,33.99,2024-05-28 11:11:12+00:00,Unknown,33.99,2024,5,28
81039,54545,21069,2,25.0,2024-05-31 12:07:22+00:00,Unknown,50.0,2024,5,31
77034,53104,21347,1,47.5,2024-10-29 18:33:02+00:00,"67543 Milagros Island, Corwinview, VA 81755-8539",47.5,2024,10,29
75695,55605,21124,1,37.5,2025-04-17 03:24:11+00:00,"Suite 757 1253 Rodriguez Locks, Leliafort, IN 34092",37.5,2025,4,17
79167,55158,20975,1,70.0,2024-06-23 18:32:42.848000+00:00,"Suite 151 79337 Fred Squares, South Rory, VT 04857",70.0,2024,6,23
74733,54986,21166,1,46.0,2024-10-21 15:59:20+00:00,"Suite 200 53708 Merle Dam, Lake Louettatown, MO 69602-1872",46.0,2024,10,21
74122,55691,21610,1,42.99,2024-05-10 00:23:07+00:00,"507 Torp Oval, Lornamouth, TX 40377",42.99,2024,5,10
79709,55089,21053,1,50.0,2024-08-11 07:05:00+00:00,Unknown,50.0,2024,8,11
77150,54179,21424,2,32.5,2025-01-24 18:17:00+00:00,"699 Thelma Trace, Auerview, ME 26656-9545",65.0,2025,1,24
73846,54293,21037,1,52.5,2025-01-27 12:29:52+00:00,Unknown,52.5,2025,1,27
79340,55627,21236,1,72.0,2025-01-21 10:16:17+00:00,"Suite 886 2170 Omer Radial, Earnestport, AZ 30281",72.0,2025,1,21
73574,53744,21247,1,57.99,2024-07-15 23:41:00+00:00,Unknown,57.99,2024,7,15
80922,54177,21080,4,29.99,2024-06-21 22:30:52.355000+00:00,Unknown,119.96,2024,6,21
75671,54813,21036,3,60.0,2025-01-16 05:48:00+00:00,Unknown,180.0,2025,1,16
79530,55263,21529,1,63.99,2025-02-12 20:21:29+00:00,"596 Bergstrom Trace, Dwainside, IL 90551",63.99,2025,2,12
74642,53684,21587,1,14.7,2025-01-03 17:02:00+00:00,Unknown,14.7,2025,1,3
77246,55371,20977,1,23.0,2025-03-22 00:52:38+00:00,Unknown,23.0,2025,3,22
74181,54116,21398,1,28.2,2025-02-16 15:21:47+00:00,Unknown,28.2,2025,2,16
77867,53857,20940,2,60.0,2024-03-20 00:19:51+00:00,"Suite 739 67837 Sanford Highway, New Bobbimouth, IL 37376-3092",120.0,2024,3,20
76515,54985,21532,3,36.0,2024-12-20 04:19:00+00:00,Unknown,108.0,2024,12,20
74104,53256,21218,1,45.0,2024-09-22 23:59:49+00:00,Unknown,45.0,2024,9,22
79873,55052,20951,1,58.5,2024-12-30 06:27:00+00:00,Unknown,58.5,2024,12,30
75842,53833,21546,1,49.25,2024-07-30 19:23:41+00:00,Unknown,49.25,2024,7,30
81724,53226,21314,5,15.5,2024-04-24 18:57:34+00:00,"Suite 774 99375 D'Amore Roads, Port Roslynhaven, NJ 28172",77.5,2024,4,24
80301,55765,21586,1,26.7,2024-06-06 02:02:33+00:00,Unknown,26.7,2024,6,6
81918,54249,21574,4,28.8,2024-06-24 01:48:00+00:00,Unknown,115.2,2024,6,24
76957,54233,21516,1,37.2,2025-01-05 00:41:42+00:00,Unknown,37.2,2025,1,5
76596,53964,21581,1,27.75,2025-06-27 13:41:36+00:00,"405 Schmeler Underpass, Lake Rochelle, CO 97065",27.75,2025,6,27
74377,53657,20972,2,76.2,2024-09-06 05:45:14+00:00,Unknown,152.4,2024,9,6
74436,53555,21507,1,48.75,2024-06-24 20:16:01+00:00,Unknown,48.75,2024,6,24
76490,53727,21114,1,62.0,2024-07-23 09:25:05.476000+00:00,Unknown,62.0,2024,7,23
74508,53851,21106,1,46.5,2025-03-16 03:40:16+00:00,Unknown,46.5,2025,3,16
74904,53952,21496,1,29.0,2025-02-09 08:09:00+00:00,Unknown,29.0,2025,2,9
76057,55787,21044,1,33.59,2024-08-03 06:17:00+00:00,"Apt. 904 46024 Kutch Place, North Micah, MS 14840",33.59,2024,8,3
81539,54707,21080,2,29.4,2024-11-29 01:32:28+00:00,Unknown,58.8,2024,11,29
74708,53347,21532,1,39.0,2025-05-19 06:45:41+00:00,Unknown,39.0,2025,5,19
78037,55031,21268,2,60.3,2024-11-13 22:22:00+00:00,"Apt. 475 3169 Spencer Spur, East Orvillefort, VT 31608",120.6,2024,11,13
82541,54287,21497,1,66.0,2024-05-01 21:25:40+00:00,"Suite 858 45830 Kuhlman Mountains, Ginohaven, MS 98027-6105",66.0,2024,5,1
73453,54346,21366,1,65.99,2024-11-21 23:17:41+00:00,"48167 Amado Wells, North Giuseppinastad, SC 85013-5268",65.99,2024,11,21
75428,54965,21608,1,62.0,2024-12-24 07:56:39+00:00,Unknown,62.0,2024,12,24
79018,55205,21301,1,60.5,2024-10-17 22:36:45+00:00,Unknown,60.5,2024,10,17
79706,54155,21162,1,61.2,2024-10-28 18:50:09+00:00,Unknown,61.2,2024,10,28
73602,54467,21247,1,56.5,2024-09-06 14:08:29+00:00,Unknown,56.5,2024,9,6
76110,55594,21133,1,85.8,2024-11-14 05:33:54+00:00,"Suite 951 65365 Littel Circles, Champlinside, UT 20627",85.8,2024,11,14
79081,53164,21202,5,73.5,2025-04-30 18:23:00+00:00,"Suite 930 51259 Nick Alley, Friesenborough, AL 67780",367.5,2025,4,30
74787,55273,21619,1,22.2,2024-12-06 01:53:00+00:00,Unknown,22.2,2024,12,6
75870,55178,21649,2,22.5,2024-06-08 00:23:10.664000+00:00,"68709 Balistreri Divide, Port Chasechester, LA 73077",45.0,2024,6,8
79356,53144,21562,1,44.4,2024-10-21 14:06:00+00:00,"5546 Emmie Trail, Port Taisha, AZ 91207",44.4,2024,10,21
82418,53854,21451,1,61.25,2024-10-11 13:24:30+00:00,Unknown,61.25,2024,10,11
78947,55146,21502,1,35.5,2024-05-31 20:25:13+00:00,"45615 Rohan Mills, North Bernieville, MO 89199-2735",35.5,2024,5,31
82575,53520,21311,1,22.5,2025-03-24 18:34:00+00:00,Unknown,22.5,2025,3,24
78593,55537,21182,5,77.4,2024-03-07 05:18:36+00:00,Unknown,387.0,2024,3,7
82886,54428,21087,3,26.0,2025-02-14 05:37:20+00:00,"Apt. 542 5104 Toshiko Causeway, East Malcolmborough, WI 35723",78.0,2025,2,14
81721,54362,21298,2,26.5,2025-03-07 21:11:15+00:00,Unknown,53.0,2025,3,7
75923,54912,21566,1,49.0,2024-08-12 14:12:20+00:00,"Apt. 950 936 Omer Drives, Dinomouth, VT 09819",49.0,2024,8,12
74468,55235,21376,1,60.25,2024-12-26 01:14:43+00:00,Unknown,60.25,2024,12,26
82960,55223,21397,2,63.5,2025-03-07 11:24:00+00:00,Unknown,127.0,2025,3,7
77468,55287,21017,2,72.0,2024-06-14 12:37:00+00:00,"5368 Tennie Plaza, Shannonfurt, IL 98543-4144",144.0,2024,6,14
75683,54754,20984,1,32.5,2024-11-09 18:12:14+00:00,Unknown,32.5,2024,11,9
76585,53077,21141,1,24.0,2025-07-03 01:35:35+00:00,Unknown,24.0,2025,7,3
82189,55727,21036,5,65.25,2024-12-04 18:51:05+00:00,Unknown,326.25,2024,12,4
82538,54848,21461,1,58.8,2024-12-29 01:12:01+00:00,Unknown,58.8,2024,12,29
79561,53568,21260,1,54.25,2024-11-02 04:18:58+00:00,Unknown,54.25,2024,11,2
81850,55063,21247,4,53.0,2024-08-05 00:10:54.381000+00:00,"543 Gabriel Dale, Lake Angel, IN 42232-2722",212.0,2024,8,5
73927,55529,21539,1,78.0,2024-09-03 17:04:00+00:00,Unknown,78.0,2024,9,3
75767,54885,21068,1,65.5,2024-06-24 16:18:17.622000+00:00,Unknown,65.5,2024,6,24
78494,53149,20954,1,72.99,2024-11-06 09:41:33+00:00,Unknown,72.99,2024,11,6
79993,54040,21475,2,38.0,2024-10-01 06:29:24+00:00,Unknown,76.0,2024,10,1
82365,53847,20966,1,38.0,2024-11-19 22:29:07+00:00,Unknown,38.0,2024,11,19
73670,53190,21203,1,37.0,2024-12-05 10:15:48+00:00,Unknown,37.0,2024,12,5
79069,53968,21462,1,29.0,2024-04-08 19:42:26+00:00,Unknown,29.0,2024,4,8
78702,54307,21340,1,20.4,2025-08-04 14:54:00+00:00,"16402 Ingrid Forge, East Elizbeth, SC 75429",20.4,2025,8,4
77651,54265,21264,1,52.5,2024-10-28 05:32:35+00:00,Unknown,52.5,2024,10,28
82375,54730,21558,1,22.0,2024-08-08 20:45:25+00:00,Unknown,22.0,2024,8,8
73704,53127,21200,2,42.5,2024-10-18 23:23:55+00:00,"916 Grant Forks, Lake Rodrigofurt, CT 98856-5818",85.0,2024,10,18
76980,54840,21307,3,69.5,2025-01-09 22:28:22+00:00,Unknown,208.5,2025,1,9
78082,55818,21008,1,21.0,2025-03-19 21:52:15+00:00,Unknown,21.0,2025,3,19
73717,53615,21211,1,52.8,2024-12-07 12:20:02+00:00,Unknown,52.8,2024,12,7
76717,54945,21535,3,70.0,2024-06-14 08:48:02+00:00,Unknown,210.0,2024,6,14
80007,53512,21014,1,71.99,2024-06-18 20:46:55+00:00,Unknown,71.99,2024,6,18
74983,55472,21375,1,29.99,2025-03-04 22:53:47+00:00,Unknown,29.99,2025,3,4
82615,54401,21486,2,45.9,2024-08-21 21:15:48+00:00,Unknown,91.8,2024,8,21
82446,54630,21497,4,68.0,2025-07-01 16:05:00+00:00,Unknown,272.0,2025,7,1
76025,53657,21195,2,49.5,2024-04-02 18:28:42+00:00,"Suite 526 579 Willian Fork, Bertrambury, RI 58782-4428",99.0,2024,4,2
74175,55490,21294,1,26.99,2025-03-30 18:58:00+00:00,Unknown,26.99,2025,3,30
79496,54920,20945,1,37.75,2024-10-06 13:51:00+00:00,Unknown,37.75,2024,10,6
78045,54479,21253,1,86.4,2024-06-06 05:17:48+00:00,Unknown,86.4,2024,6,6
76444,53304,21245,3,56.7,2024-08-29 00:25:52+00:00,Unknown,170.1,2024,8,29
81852,54186,21657,1,16.5,2024-09-28 23:22:57+00:00,Unknown,16.5,2024,9,28
77206,53285,21188,1,52.25,2024-10-09 07:05:00+00:00,"48417 Elvis Freeway, Lake Maire, NC 44022-9755",52.25,2024,10,9
81879,55144,21197,2,68.0,2024-07-08 00:46:05+00:00,"Suite 556 20616 Little Union, Connieside, VT 36902",136.0,2024,7,8
78743,55072,21336,1,76.8,2025-01-03 16:44:50+00:00,Unknown,76.8,2025,1,3
82316,53514,21509,1,14.5,2024-08-30 16:30:30+00:00,Unknown,14.5,2024,8,30
75065,53768,21196,1,40.5,2024-11-16 13:47:38+00:00,Unknown,40.5,2024,11,16
75525,54157,21649,1,21.99,2024-10-14 14:09:24+00:00,Unknown,21.99,2024,10,14
73905,54556,21522,1,48.75,2025-03-03 05:23:24+00:00,"8557 Rosana Haven, Leomaton, AR 03249",48.75,2025,3,3
76191,55455,21591,1,61.0,2024-10-11 07:48:19+00:00,Unknown,61.0,2024,10,11
76483,55515,21656,1,75.0,2024-08-29 03:25:58+00:00,"82661 Lecia Key, Odeliabury, TN 73104",75.0,2024,8,29
76964,55402,21587,3,15.25,2025-01-09 21:44:36+00:00,Unknown,45.75,2025,1,9
78879,55261,21513,1,40.0,2024-12-07 06:55:31+00:00,Unknown,40.0,2024,12,7
80311,53833,21329,2,39.0,2024-09-21 00:08:53+00:00,Unknown,78.0,2024,9,21
77987,53302,21587,2,15.0,2025-05-01 13:33:00+00:00,Unknown,30.0,2025,5,1
78882,54018,21323,1,24.99,2024-12-29 15:34:03+00:00,Unknown,24.99,2024,12,29
80372,54808,21387,1,18.5,2025-06-24 18:21:38+00:00,Unknown,18.5,2025,6,24
78604,55561,21045,5,28.8,2025-03-04 15:35:12+00:00,Unknown,144.0,2025,3,4
77440,54755,21506,1,29.5,2025-02-20 15:17:59+00:00,Unknown,29.5,2025,2,20
80390,53657,21268,2,60.0,2024-05-01 03:49:55+00:00,"Suite 526 579 Willian Fork, Bertrambury, RI 58782-4428",120.0,2024,5,1
76261,53090,21004,1,22.0,2025-04-16 15:45:00+00:00,Unknown,22.0,2025,4,16
78034,53688,21550,1,42.5,2024-06-21 23:51:00+00:00,Unknown,42.5,2024,6,21
80439,53819,21474,1,64.2,2024-11-20 07:52:52+00:00,"Suite 459 44826 Larry Inlet, Skilesfurt, MD 81920",64.2,2024,11,20
76236,53774,21268,2,61.2,2024-08-19 13:29:00+00:00,Unknown,122.4,2024,8,19
79784,55585,21532,1,48.9,2024-11-22 10:56:24.046000+00:00,"Apt. 652 2785 Lenita Creek, Elinside, OH 24236",48.9,2024,11,22
80993,54112,21442,1,69.75,2024-08-07 01:31:00+00:00,Unknown,69.75,2024,8,7
81105,55463,21129,1,47.1,2024-09-07 01:17:34+00:00,"8641 Thurman Shoal, Lake Williamsland, NE 72140-2891",47.1,2024,9,7
74832,53495,21298,1,21.5,2025-06-05 14:45:45+00:00,Unknown,21.5,2025,6,5
75793,53698,21315,2,74.4,2025-03-01 14:45:00+00:00,"56094 Nickole Crossroad, Jacquiberg, CO 97119-1970",148.8,2025,3,1
79471,55514,21649,1,23.5,2024-08-01 02:09:56+00:00,Unknown,23.5,2024,8,1
81428,53480,21378,2,50.1,2024-12-04 14:30:59+00:00,Unknown,100.2,2024,12,4
73616,54657,21642,2,51.25,2025-04-18 00:47:00+00:00,Unknown,102.5,2025,4,18
82167,53095,20996,1,43.5,2024-07-06 20:01:00+00:00,Unknown,43.5,2024,7,6
74866,54291,20994,1,20.4,2024-11-02 13:30:01+00:00,"Suite 570 420 Herzog Squares, Hollisport, AL 58253",20.4,2024,11,2
81697,53966,21538,2,70.25,2025-03-11 13:34:23+00:00,Unknown,140.5,2025,3,11
81132,54377,21285,2,64.25,2025-03-28 17:00:17.423000+00:00,Unknown,128.5,2025,3,28
79355,54967,21270,1,70.99,2024-07-07 20:55:57.233000+00:00,Unknown,70.99,2024,7,7
73664,53335,21510,3,22.5,2024-10-27 02:31:55+00:00,Unknown,67.5,2024,10,27
74630,55106,21472,3,63.99,2025-02-08 21:17:00+00:00,Unknown,191.97,2025,2,8
79877,53218,21042,2,21.0,2025-07-08 07:13:38+00:00,Unknown,42.0,2025,7,8
76312,55736,20946,1,21.5,2025-08-08 09:45:00+00:00,Unknown,21.5,2025,8,8
81839,53948,21041,1,82.8,2024-08-21 06:37:00+00:00,"Suite 101 925 Eda Ridge, Matthewland, TN 85866",82.8,2024,8,21
77144,54637,21553,1,21.25,2025-01-08 04:53:59+00:00,Unknown,21.25,2025,1,8
77401,54773,21404,1,34.5,2024-11-22 20:18:03+00:00,Unknown,34.5,2024,11,22
79641,55679,21034,1,40.0,2025-04-28 17:45:26+00:00,Unknown,40.0,2025,4,28
81425,55491,21625,1,31.25,2024-10-19 00:41:00+00:00,Unknown,31.25,2024,10,19
75293,54765,21628,2,34.8,2024-07-19 06:56:00+00:00,Unknown,69.6,2024,7,19
78670,54555,21007,2,32.25,2025-01-18 20:43:17+00:00,Unknown,64.5,2025,1,18
73952,53161,21357,5,45.99,2025-02-01 16:14:00+00:00,Unknown,229.95,2025,2,1
83118,53652,21557,1,83.4,2024-08-12 19:11:00+00:00,Unknown,83.4,2024,8,12
74950,53383,21076,1,54.99,2024-09-19 04:00:17+00:00,"14159 Tromp Knoll, East Larondabury, FL 04374-7294",54.99,2024,9,19
79065,55125,21205,2,27.0,2025-03-06 08:16:58+00:00,Unknown,54.0,2025,3,6
82545,54094,21458,1,45.0,2024-11-17 02:24:21+00:00,"Suite 428 14938 Labadie Oval, Micahberg, HI 39153",45.0,2024,11,17
73348,54385,21546,5,58.2,2024-12-24 12:57:34+00:00,Unknown,291.0,2024,12,24
73763,53446,21294,1,26.4,2025-03-21 02:55:02+00:00,Unknown,26.4,2025,3,21
79721,54791,20926,2,81.6,2025-03-04 01:05:00+00:00,Unknown,163.2,2025,3,4
80352,54272,21191,1,51.6,2024-12-09 14:41:33+00:00,Unknown,51.6,2024,12,9
73570,54729,21241,1,23.99,2024-11-13 06:59:54+00:00,Unknown,23.99,2024,11,13
74803,55789,21509,2,15.99,2024-08-14 00:20:14+00:00,Unknown,31.98,2024,8,14
80498,54183,21112,1,28.5,2024-12-07 04:33:35+00:00,"Suite 199 101 Roob Stravenue, Rosiatown, UT 26586",28.5,2024,12,7
77464,55356,21486,2,48.0,2025-04-24 04:22:28+00:00,Unknown,96.0,2025,4,24
78720,53563,21504,1,55.0,2025-07-04 11:14:00+00:00,Unknown,55.0,2025,7,4
74307,55470,21178,2,50.25,2024-08-06 09:39:00+00:00,Unknown,100.5,2024,8,6
81824,54461,21051,1,72.0,2025-04-07 16:01:00+00:00,Unknown,72.0,2025,4,7
80814,53862,20979,1,86.4,2024-09-20 09:22:30+00:00,Unknown,86.4,2024,9,20
73935,54535,21135,1,76.25,2025-03-17 17:52:50+00:00,Unknown,76.25,2025,3,17
82182,54412,21004,1,20.5,2024-07-24 17:27:00+00:00,Unknown,20.5,2024,7,24
76806,55303,21136,1,75.0,2024-06-02 04:49:12+00:00,Unknown,75.0,2024,6,2
81458,53575,20928,1,20.5,2024-12-28 18:18:10.790000+00:00,Unknown,20.5,2024,12,28
80837,55543,21064,1,40.25,2025-07-07 04:31:01+00:00,Unknown,40.25,2025,7,7
74241,54336,21630,5,55.99,2025-01-29 01:11:00+00:00,"104 Harris Corner, Bernardinemouth, FL 48321-5641",279.95,2025,1,29
82973,54785,21199,2,38.99,2024-05-20 02:35:00+00:00,Unknown,77.98,2024,5,20
74717,55466,21456,1,55.0,2024-11-15 03:45:00+00:00,Unknown,55.0,2024,11,15
75381,53756,21143,1,39.25,2025-01-25 23:20:00+00:00,"Apt. 958 9320 Omer Village, Corkeryville, ID 89906-9061",39.25,2025,1,25
78622,53526,21497,2,81.9,2024-11-12 03:55:01.566000+00:00,"727 Gillian Mall, Trompchester, MO 48810",163.8,2024,11,12
76194,54079,21321,2,74.0,2025-06-21 22:13:25+00:00,"2593 Karin Rapid, Lucinafort, AR 47326",148.0,2025,6,21
73975,54636,21467,1,61.19,2024-09-25 23:18:00+00:00,Unknown,61.19,2024,9,25
75178,53578,21620,2,14.75,2025-04-26 11:05:00+00:00,Unknown,29.5,2025,4,26
76384,55331,21048,2,73.8,2024-05-17 20:04:00+00:00,"Suite 151 724 Jones Shores, East Hollis, VT 97627-6366",147.6,2024,5,17
78512,54353,21073,5,37.0,2025-04-06 09:18:18+00:00,Unknown,185.0,2025,4,6
77236,53913,21550,4,39.75,2025-01-14 03:07:20+00:00,Unknown,159.0,2025,1,14
77765,54032,21302,2,22.2,2024-10-12 06:00:41+00:00,"Apt. 332 9595 Sacha Ville, Stanburgh, WY 29433-3786",44.4,2024,10,12
81289,55688,21356,4,14.25,2025-07-09 01:51:00+00:00,Unknown,57.0,2025,7,9
78089,53251,21242,1,71.7,2024-04-21 03:45:52+00:00,"9525 Robin Skyway, New Shela, OK 33303",71.7,2024,4,21
74918,53251,21545,2,70.8,2025-05-05 05:32:49.785000+00:00,Unknown,141.6,2025,5,5
76804,53662,21608,2,62.5,2025-03-09 14:20:08+00:00,Unknown,125.0,2025,3,9
75516,54478,21322,1,23.5,2025-04-21 08:33:00+00:00,"Suite 137 201 Daugherty Hollow, Pacochafort, WI 53745",23.5,2025,4,21
76533,55375,21018,5,45.0,2024-10-26 04:03:00+00:00,"5412 Micah Parkways, Lake Marcus, OR 71087",225.0,2024,10,26
77563,55124,21615,2,50.0,2024-12-17 10:38:54.617000+00:00,Unknown,100.0,2024,12,17
73415,53208,21396,1,33.5,2024-12-24 12:52:00+00:00,Unknown,33.5,2024,12,24
74475,54286,21051,4,71.5,2024-09-22 21:07:00+00:00,Unknown,286.0,2024,9,22
80512,54101,21601,1,40.5,2024-12-03 03:24:04+00:00,"234 Wisoky Locks, Wittingberg, NC 99669-4032",40.5,2024,12,3
75168,53248,21446,1,33.25,2024-06-23 08:59:00+00:00,"67739 Ankunding Crest, South Cyrusfort, CT 30601",33.25,2024,6,23
74743,54060,21064,1,39.0,2025-04-09 16:31:29+00:00,Unknown,39.0,2025,4,9
73506,53489,21346,5,50.5,2024-01-12 14:43:36+00:00,Unknown,252.5,2024,1,12
81423,54899,21479,1,75.0,2024-07-29 10:22:29+00:00,Unknown,75.0,2024,7,29
79267,54707,21580,5,66.75,2024-06-17 14:00:35+00:00,Unknown,333.75,2024,6,17
76908,54660,20980,1,34.0,2024-07-04 13:41:22+00:00,Unknown,34.0,2024,7,4
80506,54421,21449,2,67.0,2024-11-21 05:29:15+00:00,Unknown,134.0,2024,11,21
78395,55299,21587,1,14.4,2025-02-20 02:52:00+00:00,Unknown,14.4,2025,2,20
81950,55521,21330,1,44.0,2025-01-04 13:37:00+00:00,Unknown,44.0,2025,1,4
81758,54060,21184,1,84.6,2025-07-31 22:33:45+00:00,Unknown,84.6,2025,7,31
79921,55510,21103,1,76.8,2025-07-27 01:53:11+00:00,Unknown,76.8,2025,7,27
80985,55061,21154,3,68.5,2025-02-06 04:49:44+00:00,Unknown,205.5,2025,2,6
75350,55145,21496,2,26.75,2025-01-15 19:49:00+00:00,"40995 Clifton Station, Port Elroy, UT 40381",53.5,2025,1,15
74532,54310,21407,1,29.0,2024-11-14 11:19:19+00:00,"Suite 136 315 Elwood Extensions, North Melvaville, MO 89840",29.0,2024,11,14
80219,54046,21125,3,19.2,2024-09-28 19:44:00+00:00,Unknown,57.6,2024,9,28
73785,53168,21563,1,55.0,2025-02-07 12:17:46+00:00,Unknown,55.0,2025,2,7
81923,55344,21565,1,58.5,2024-10-01 09:05:00+00:00,"Apt. 346 8157 Gislason Parkway, Bednarshire, PA 79189",58.5,2024,10,1
77699,55699,21602,1,70.99,2025-05-13 18:59:00+00:00,Unknown,70.99,2025,5,13
80532,53663,21452,1,24.0,2024-09-28 01:19:00+00:00,Unknown,24.0,2024,9,28
77154,55522,21435,2,63.6,2025-03-30 06:16:13+00:00,"Suite 342 1196 Susannah Square, D'Amorehaven, SC 45512-2063",127.2,2025,3,30
83053,54714,21563,2,58.25,2024-11-01 23:19:12+00:00,Unknown,116.5,2024,11,1
74168,53345,21639,1,17.75,2024-04-29 14:44:31.377000+00:00,Unknown,17.75,2024,4,29
75385,55153,21598,1,40.0,2024-11-16 03:59:16+00:00,"8159 Dylan Tunnel, Lienberg, TX 90107",40.0,2024,11,16
81532,54078,21073,1,35.75,2025-04-11 17:17:22+00:00,"20072 Mills Brooks, D'Amoreton, WA 52392",35.75,2025,4,11
81420,53686,21449,2,68.0,2025-04-04 14:35:43+00:00,Unknown,136.0,2025,4,4
73464,53152,21168,1,23.0,2025-05-12 01:27:00+00:00,Unknown,23.0,2025,5,12
77632,55375,21345,1,56.0,2025-02-22 23:54:00+00:00,Unknown,56.0,2025,2,22
73987,53088,21101,1,20.1,2024-12-05 10:38:36+00:00,Unknown,20.1,2024,12,5
82371,55542,21339,1,76.0,2024-06-16 20:26:39+00:00,Unknown,76.0,2024,6,16
82598,54583,21082,2,19.5,2024-12-31 04:41:00+00:00,"Apt. 389 2243 Fabian Vista, Howellchester, OR 08451",39.0,2024,12,31
74381,54489,20949,2,50.0,2024-11-07 22:33:23+00:00,"Apt. 565 4836 Kent Turnpike, Lake Jolynstad, MT 95427",100.0,2024,11,7
75183,54763,20927,1,23.4,2024-09-12 05:30:20+00:00,"Apt. 821 4892 Tromp Groves, Lake Rubenchester, AR 41757",23.4,2024,9,12
82800,54574,20958,2,31.99,2025-02-25 19:58:39+00:00,Unknown,63.98,2025,2,25
76563,55512,21424,1,34.0,2024-11-19 03:35:38+00:00,Unknown,34.0,2024,11,19
80115,54030,20989,3,66.0,2025-02-15 10:20:23+00:00,Unknown,198.0,2025,2,15
75203,54067,21334,1,40.0,2025-05-04 06:54:37.082000+00:00,Unknown,40.0,2025,5,4
78872,55152,20980,1,32.0,2024-11-02 21:57:02+00:00,Unknown,32.0,2024,11,2
82621,55507,21620,5,13.99,2025-02-27 05:12:09+00:00,Unknown,69.95,2025,2,27
79712,53095,21564,2,34.25,2024-06-08 07:50:10+00:00,Unknown,68.5,2024,6,8
82825,55097,21434,3,47.75,2024-05-31 04:31:33+00:00,Unknown,143.25,2024,5,31
79738,55619,21117,1,39.0,2025-01-27 10:31:18+00:00,"Suite 721 21412 Upton Court, Port Mickeytown, NC 10664",39.0,2025,1,27
78325,53123,21629,1,51.25,2024-07-29 14:03:10+00:00,"Suite 183 453 Brakus Cliffs, Stokestown, MT 55758",51.25,2024,7,29
74686,55011,21029,1,47.0,2024-07-19 03:29:40+00:00,Unknown,47.0,2024,7,19
82793,55144,21046,1,16.2,2025-05-24 05:09:00+00:00,"Suite 556 20616 Little Union, Connieside, VT 36902",16.2,2025,5,24
75141,53569,20947,4,25.0,2025-05-08 07:39:39+00:00,Unknown,100.0,2025,5,8
74620,54934,21362,1,46.25,2025-01-20 19:39:31+00:00,Unknown,46.25,2025,1,20
78597,55686,20949,3,46.0,2024-08-01 08:49:57+00:00,Unknown,138.0,2024,8,1
80272,53632,21542,1,50.0,2024-12-26 15:08:16+00:00,Unknown,50.0,2024,12,26
74068,53811,21133,1,70.25,2024-03-04 15:20:00+00:00,Unknown,70.25,2024,3,4
83087,53322,21442,1,69.5,2025-01-27 10:38:28+00:00,"Suite 273 75857 Clifford Lock, South Lazaroland, MO 10483",69.5,2025,1,27
78208,54579,21378,1,45.0,2025-01-01 00:06:13+00:00,Unknown,45.0,2025,1,1
81065,55368,21434,2,54.0,2024-10-30 18:48:05+00:00,"Suite 896 794 King Knolls, Earleview, SD 84865-3301",108.0,2024,10,30
73820,53599,21114,1,74.7,2024-05-26 21:35:00+00:00,Unknown,74.7,2024,5,26
77524,54279,21432,3,84.0,2025-06-30 15:46:00+00:00,Unknown,252.0,2025,6,30
82730,54478,21065,1,25.2,2024-11-25 03:59:00+00:00,Unknown,25.2,2024,11,25
80861,54709,21070,1,25.0,2025-08-23 10:10:10+00:00,Unknown,25.0,2025,8,23
82839,53043,20934,1,24.0,2024-06-22 01:12:10+00:00,Unknown,24.0,2024,6,22
80557,55383,21530,2,80.4,2024-12-03 12:30:00+00:00,Unknown,160.8,2024,12,3
80806,54303,21116,1,42.9,2024-10-20 02:47:04+00:00,Unknown,42.9,2024,10,20
73677,55621,21409,1,72.5,2025-01-03 05:14:11+00:00,Unknown,72.5,2025,1,3
78387,53818,21412,1,48.5,2025-04-10 21:45:00+00:00,Unknown,48.5,2025,4,10
73733,54642,21570,2,48.75,2024-08-04 09:04:10+00:00,"Apt. 912 966 Ruby Ford, Janitafort, NE 53713",97.5,2024,8,4
77271,54089,21348,3,26.5,2024-08-22 08:35:13.352000+00:00,Unknown,79.5,2024,8,22
80399,53694,21581,2,28.5,2025-01-31 10:25:00+00:00,Unknown,57.0,2025,1,31
74874,53647,21563,1,53.0,2024-09-12 18:55:17+00:00,"7768 Rene Curve, East Buddy, AL 82773-4113",53.0,2024,9,12
80097,54801,20960,1,27.99,2024-10-17 20:33:50+00:00,Unknown,27.99,2024,10,17
79660,53213,21033,1,76.8,2024-11-27 03:54:45.668000+00:00,Unknown,76.8,2024,11,27
81926,54901,21408,1,26.1,2024-09-25 11:48:25+00:00,Unknown,26.1,2024,9,25
81380,54429,21275,1,66.0,2024-08-29 16:22:35+00:00,"43177 Powlowski Dam, Roobstad, TX 10937",66.0,2024,8,29
77258,55805,21438,1,76.8,2024-12-20 19:10:00+00:00,Unknown,76.8,2024,12,20
74841,55540,21575,1,45.0,2025-08-29 06:55:02+00:00,"Suite 903 780 Parisian Track, New Berry, KS 69127-4317",45.0,2025,8,29
82310,53176,21563,2,56.0,2024-08-26 06:45:55+00:00,Unknown,112.0,2024,8,26
75346,54620,21621,1,40.5,2025-04-26 16:42:00+00:00,Unknown,40.5,2025,4,26
73558,55197,21089,1,49.0,2025-01-01 17:01:35+00:00,"6575 Mosciski Road, West Gusview, WA 91182",49.0,2025,1,1
81754,54166,21087,1,30.5,2024-05-05 07:07:58+00:00,Unknown,30.5,2024,5,5
74754,55208,21238,1,60.25,2024-11-28 05:34:41.812000+00:00,Unknown,60.25,2024,11,28
82830,53605,21595,2,50.5,2024-03-25 20:57:57+00:00,Unknown,101.0,2024,3,25
74970,54649,20995,2,53.0,2024-09-22 00:11:00+00:00,Unknown,106.0,2024,9,22
81321,53444,21463,4,72.99,2024-11-05 16:50:40+00:00,"928 Reichel Fort, Veronaland, DE 70756-2082",291.96,2024,11,5
74790,53686,21528,1,83.4,2024-10-20 11:38:49+00:00,Unknown,83.4,2024,10,20
81276,55411,21024,3,38.75,2025-02-13 16:20:52+00:00,"Apt. 449 6388 Lockman Inlet, East Granville, OR 75045-2544",116.25,2025,2,13
78338,53898,20952,1,40.99,2025-01-27 03:01:00+00:00,Unknown,40.99,2025,1,27
75704,55352,21258,3,28.79,2024-09-05 14:12:00+00:00,Unknown,86.37,2024,9,5
73723,53482,21385,1,20.4,2024-11-13 23:52:18+00:00,Unknown,20.4,2024,11,13
80904,53393,21519,1,46.5,2025-04-09 08:21:00+00:00,"487 Martin Shoals, Auerfurt, KY 58573-7661",46.5,2025,4,9
82236,54840,21061,1,48.25,2024-12-15 12:29:00+00:00,"Apt. 446 3174 Berge Key, Port Shaquita, NY 29626",48.25,2024,12,15
76220,55645,21135,2,76.0,2025-07-27 10:17:17+00:00,Unknown,152.0,2025,7,27
74863,53117,20931,1,54.99,2024-09-29 05:05:22+00:00,Unknown,54.99,2024,9,29
82276,53699,21030,1,20.25,2024-04-10 15:46:16+00:00,Unknown,20.25,2024,4,10
81507,54134,20961,1,34.5,2024-10-15 21:18:48+00:00,Unknown,34.5,2024,10,15
81611,55285,21118,2,57.59,2024-12-16 13:39:27+00:00,Unknown,115.18,2024,12,16
81482,54108,21642,1,60.0,2024-10-16 21:07:00+00:00,"Apt. 596 7205 Shameka Knolls, South Clarine, NJ 47505",60.0,2024,10,16
77294,53299,21526,1,31.19,2024-07-23 20:13:03+00:00,"836 Aleida Square, West Margarito, NV 12265",31.19,2024,7,23
77355,55471,21006,1,15.5,2025-01-06 12:14:00+00:00,"Suite 180 990 Runte River, Kitmouth, CT 90027-4597",15.5,2025,1,6
80687,53608,21152,1,24.0,2025-03-21 16:54:15+00:00,"6639 Antoinette Mountain, New Sethtown, IA 12131-6970",24.0,2025,3,21
81271,53769,21636,4,54.25,2025-02-16 00:26:15+00:00,"Apt. 741 453 Shields Mountains, Hellerstad, MD 91072",217.0,2025,2,16
75826,54720,21612,2,65.0,2025-03-07 13:57:27+00:00,Unknown,130.0,2025,3,7
74586,55207,20992,1,53.0,2024-11-07 11:09:22+00:00,Unknown,53.0,2024,11,7
77222,53891,21484,1,67.8,2025-01-22 10:08:00+00:00,Unknown,67.8,2025,1,22
82344,53220,21582,1,58.5,2025-02-10 11:12:00+00:00,Unknown,58.5,2025,2,10
80017,55345,21504,2,53.99,2025-03-24 00:08:05+00:00,"32233 Koch Track, Clintfurt, DE 06836",107.98,2025,3,24
74232,53280,21553,1,19.0,2024-11-25 06:15:00+00:00,"Suite 829 6728 Jenifer Fork, Hollisstad, LA 51109",19.0,2024,11,25
75046,53102,21467,1,57.59,2025-05-27 13:56:00+00:00,Unknown,57.59,2025,5,27
79872,54856,21072,1,70.0,2025-03-10 17:54:13+00:00,"Suite 336 1044 Herzog Light, Lake Asleyhaven, IN 82835",70.0,2025,3,10
82776,54480,21195,1,38.25,2024-12-04 18:48:13+00:00,Unknown,38.25,2024,12,4
77554,55094,21559,2,75.5,2025-03-01 01:48:31+00:00,Unknown,151.0,2025,3,1
80330,54342,21493,4,35.99,2024-09-07 14:37:36+00:00,Unknown,143.96,2024,9,7
78935,53982,21520,2,49.0,2025-02-12 08:22:53+00:00,"Apt. 775 226 Ryan Extension, East Fidel, IL 97128-5984",98.0,2025,2,12
82348,55167,21447,1,79.2,2025-04-24 16:01:00+00:00,Unknown,79.2,2025,4,24
75818,55116,20944,1,34.75,2024-09-12 04:34:38+00:00,Unknown,34.75,2024,9,12
75606,53368,21005,1,17.4,2024-12-02 04:56:00+00:00,"962 Hector Loaf, West Gladis, IN 56586",17.4,2024,12,2
80307,53408,21105,1,47.0,2024-10-23 06:09:00+00:00,Unknown,47.0,2024,10,23
80894,53201,21424,2,37.5,2024-11-16 07:57:52+00:00,Unknown,75.0,2024,11,16
79423,54415,21571,1,19.75,2025-05-21 18:05:00+00:00,Unknown,19.75,2025,5,21
77633,54992,21076,2,54.0,2025-01-15 21:53:02.242000+00:00,Unknown,108.0,2025,1,15
75365,54272,20943,1,71.0,2025-03-08 19:16:17+00:00,Unknown,71.0,2025,3,8
75401,55488,21636,1,51.0,2024-09-05 11:45:00+00:00,Unknown,51.0,2024,9,5
80757,55725,21522,1,53.5,2024-09-25 01:19:05+00:00,Unknown,53.5,2024,9,25
80944,54378,21278,1,33.75,2024-07-07 04:39:42+00:00,Unknown,33.75,2024,7,7
80102,55387,21105,5,56.7,2024-08-01 12:08:00+00:00,Unknown,283.5,2024,8,1
82005,55660,21483,2,82.79,2025-04-20 08:08:22+00:00,Unknown,165.58,2025,4,20
76555,53941,21502,2,35.0,2024-11-27 14:09:00+00:00,Unknown,70.0,2024,11,27
81108,55777,21353,1,18.0,2024-10-26 04:23:23+00:00,Unknown,18.0,2024,10,26
80833,54013,21239,1,34.75,2024-12-12 11:20:12+00:00,Unknown,34.75,2024,12,12
80271,55632,21026,3,21.0,2025-07-25 09:07:36+00:00,Unknown,63.0,2025,7,25
79843,55517,21579,1,53.0,2024-10-26 18:53:53+00:00,Unknown,53.0,2024,10,26
79488,53848,21643,1,33.25,2025-03-22 19:04:27+00:00,Unknown,33.25,2025,3,22
79181,54313,21540,1,62.75,2025-01-22 13:20:47+00:00,Unknown,62.75,2025,1,22
80227,55099,20950,1,33.25,2025-04-04 18:25:00+00:00,Unknown,33.25,2025,4,4
77207,55253,21581,1,28.5,2025-02-20 01:55:40+00:00,Unknown,28.5,2025,2,20
79255,53079,21297,3,70.25,2025-08-17 05:33:00+00:00,Unknown,210.75,2025,8,17
77498,54877,21643,2,34.75,2024-06-27 16:00:00+00:00,Unknown,69.5,2024,6,27
81949,53673,21263,1,57.25,2024-04-20 07:49:46+00:00,Unknown,57.25,2024,4,20
75608,54938,21423,1,88.5,2024-12-30 23:12:37+00:00,Unknown,88.5,2024,12,30
81867,53561,21573,1,26.4,2024-12-15 13:16:00+00:00,"Suite 375 471 Deneen Grove, North Johanne, SD 80377",26.4,2024,12,15
80743,53117,21647,1,66.0,2025-06-08 06:53:07.845000+00:00,Unknown,66.0,2025,6,8
77519,54592,21449,1,79.8,2024-05-19 02:04:05+00:00,Unknown,79.8,2024,5,19
79486,54309,21510,1,18.0,2025-03-13 16:34:00+00:00,Unknown,18.0,2025,3,13
83112,55616,21590,1,35.25,2024-02-22 21:05:52+00:00,"Apt. 150 946 Josephina Point, North Tannamouth, LA 10662-0181",35.25,2024,2,22
73782,54773,21608,2,69.6,2025-05-01 23:31:43+00:00,Unknown,139.2,2025,5,1
75406,53617,21088,1,68.7,2025-01-18 08:46:54+00:00,"Apt. 447 818 Carter Curve, Noelfort, WA 73639-5847",68.7,2025,1,18
74771,55225,21606,1,18.5,2025-04-26 06:12:03+00:00,"62921 Maggio Canyon, Lake Quinn, WY 39087",18.5,2025,4,26
83169,55003,21405,1,53.1,2025-01-23 09:18:17+00:00,Unknown,53.1,2025,1,23
78485,54146,21615,1,49.0,2025-05-07 22:20:41.420000+00:00,Unknown,49.0,2025,5,7
76065,55287,21185,1,35.75,2024-11-20 13:18:32+00:00,"5368 Tennie Plaza, Shannonfurt, IL 98543-4144",35.75,2024,11,20
79830,53983,21315,5,62.0,2025-01-01 14:02:50+00:00,"Apt. 350 8069 Pagac Forges, Wilkinsontown, FL 26848-2449",310.0,2025,1,1
78192,53495,21137,2,46.5,2025-01-22 01:45:50.773000+00:00,Unknown,93.0,2025,1,22
75567,54434,21171,1,62.5,2024-09-09 16:00:41+00:00,"Suite 536 95052 Lakin Flats, New Raphael, NY 15179",62.5,2024,9,9
82101,55148,21270,1,67.5,2025-04-02 13:45:00+00:00,Unknown,67.5,2025,4,2
74071,53408,21347,1,43.0,2024-09-11 19:36:00+00:00,Unknown,43.0,2024,9,11
79479,53434,21413,2,69.59,2025-03-29 10:15:00+00:00,Unknown,139.18,2025,3,29
74800,54600,20970,1,38.99,2024-12-20 18:01:47+00:00,"9071 Reichert Fords, Jaspertown, ND 39011",38.99,2024,12,20
73496,54312,21270,2,67.0,2024-08-09 00:54:12.538000+00:00,"961 Melvin Extensions, North Courtney, TX 20947-0624",134.0,2024,8,9
73576,53361,21281,1,70.25,2024-08-26 00:04:18+00:00,"Suite 106 4681 Medhurst Bridge, Chungville, MI 22593-6848",70.25,2024,8,26
74308,53273,20953,1,44.5,2024-07-18 14:16:00+00:00,Unknown,44.5,2024,7,18
80366,54336,21170,1,72.0,2025-07-15 12:13:00+00:00,"104 Harris Corner, Bernardinemouth, FL 48321-5641",72.0,2025,7,15
73332,54481,21362,1,45.0,2025-10-14 08:29:00+00:00,Unknown,45.0,2025,10,14
81368,53480,21317,2,50.99,2024-03-17 01:34:00+00:00,Unknown,101.98,2024,3,17
81324,54262,21572,2,30.75,2024-05-14 05:24:27+00:00,Unknown,61.5,2024,5,14
79905,54750,21529,1,77.1,2025-05-16 11:27:34+00:00,Unknown,77.1,2025,5,16
83160,54061,21361,1,46.0,2025-04-07 17:31:00+00:00,"332 Kuphal Passage, New Loreeburgh, MD 37825-5068",46.0,2025,4,7
77027,53145,21018,1,51.9,2024-09-26 12:54:01+00:00,Unknown,51.9,2024,9,26
76569,54992,21615,3,57.6,2024-08-24 14:52:00+00:00,Unknown,172.8,2024,8,24
81533,54064,21012,2,59.0,2024-12-29 08:04:00+00:00,Unknown,118.0,2024,12,29
79783,53438,21296,1,36.75,2025-02-11 00:42:00+00:00,Unknown,36.75,2025,2,11
75963,54717,21207,1,22.5,2024-07-31 15:16:00+00:00,Unknown,22.5,2024,7,31
75259,55630,21480,1,66.0,2025-01-29 08:15:39+00:00,"Suite 472 73028 Aracely Heights, Lake Kasiside, OK 61835-9354",66.0,2025,1,29
75958,55177,21370,4,41.5,2024-10-25 19:41:33+00:00,Unknown,166.0,2024,10,25
79799,55711,21425,1,49.8,2024-11-23 05:53:00+00:00,"5771 Nolan Parkway, Greenfeldermouth, MI 69377-0418",49.8,2024,11,23
82493,54242,21113,1,49.0,2025-06-08 13:05:00+00:00,Unknown,49.0,2025,6,8
73393,55550,21421,1,61.2,2024-06-11 17:36:54+00:00,Unknown,61.2,2024,6,11
77931,53856,21187,2,64.0,2024-11-18 10:22:59+00:00,Unknown,128.0,2024,11,18
76810,53240,21397,1,77.7,2024-11-16 04:09:00+00:00,Unknown,77.7,2024,11,16
77398,55291,21065,1,24.75,2025-06-04 11:12:44+00:00,Unknown,24.75,2025,6,4
78955,53753,21437,2,65.5,2024-11-05 12:10:46+00:00,"Suite 506 73656 Little Drive, Nienowborough, KS 14613-5937",131.0,2024,11,5
80213,55616,21599,1,18.0,2025-01-24 10:24:44+00:00,"Apt. 150 946 Josephina Point, North Tannamouth, LA 10662-0181",18.0,2025,1,24
82664,55002,21511,1,35.4,2025-05-07 07:09:48+00:00,Unknown,35.4,2025,5,7
80994,53941,21587,1,17.25,2025-02-18 04:42:00+00:00,Unknown,17.25,2025,2,18
77974,55159,21190,1,37.99,2025-03-07 00:29:15+00:00,Unknown,37.99,2025,3,7
76290,53821,21391,2,78.6,2024-11-27 11:19:04+00:00,Unknown,157.2,2024,11,27
82333,55387,21448,3,22.2,2025-05-31 01:10:01+00:00,Unknown,66.6,2025,5,31
82942,55022,21267,1,48.5,2024-09-16 02:22:00+00:00,Unknown,48.5,2024,9,16
74276,54092,21128,1,63.0,2024-10-12 07:29:23+00:00,"6122 Launa Summit, Priceshire, UT 14752",63.0,2024,10,12
80450,53701,21070,3,23.25,2024-06-05 19:06:00+00:00,Unknown,69.75,2024,6,5
75933,55598,21140,5,69.25,2025-05-15 10:58:11.680000+00:00,Unknown,346.25,2025,5,15
80203,53428,21581,1,28.25,2024-07-22 10:15:06+00:00,Unknown,28.25,2024,7,22
78224,53293,21563,3,58.0,2024-09-06 08:10:27+00:00,"7658 Scott Valley, North Josueland, IN 59000",174.0,2024,9,6
75614,53236,21534,1,33.59,2025-02-18 04:14:51+00:00,"37752 Cartwright Keys, South Gail, GA 21356",33.59,2025,2,18
73668,53697,21307,1,66.5,2024-12-27 08:38:27+00:00,"5112 Antwan Haven, South Jack, NJ 12541-4005",66.5,2024,12,27
78487,53191,21296,1,38.5,2025-04-13 11:44:00+00:00,Unknown,38.5,2025,4,13
74546,53527,21570,1,45.75,2025-02-22 21:40:00+00:00,Unknown,45.75,2025,2,22
78892,53649,21089,1,47.0,2024-06-25 09:06:02+00:00,Unknown,47.0,2024,6,25
81514,54411,21067,4,56.25,2025-01-12 23:31:00+00:00,Unknown,225.0,2025,1,12
78031,53977,21016,2,75.99,2025-06-22 20:45:39+00:00,"Suite 210 3007 Tomas Streets, Jarvisshire, ND 95059-6725",151.98,2025,6,22
78465,54901,21619,1,21.0,2025-05-04 00:35:35+00:00,Unknown,21.0,2025,5,4
79484,53750,21058,1,53.25,2024-06-05 05:55:48+00:00,Unknown,53.25,2024,6,5
82279,55182,21616,5,67.99,2024-09-23 07:59:38+00:00,Unknown,339.95,2024,9,23
74671,54908,21513,1,41.0,2025-02-05 18:38:52+00:00,Unknown,41.0,2025,2,5
74932,53499,21001,2,40.8,2025-04-15 21:25:53+00:00,Unknown,81.6,2025,4,15
76963,54838,21563,2,63.6,2025-03-03 23:57:34+00:00,Unknown,127.2,2025,3,3
73638,55595,21566,1,52.5,2025-07-01 10:41:17+00:00,Unknown,52.5,2025,7,1
82075,55335,21180,1,19.0,2024-09-23 07:10:00+00:00,Unknown,19.0,2024,9,23
76566,54688,21392,1,88.79,2024-03-28 13:04:46+00:00,Unknown,88.79,2024,3,28
79150,53430,21411,1,27.3,2024-10-09 08:07:00+00:00,Unknown,27.3,2024,10,9
77641,54164,21603,1,69.75,2025-02-05 05:36:22+00:00,"Suite 931 2456 Schamberger Plaza, West Travis, GA 05335",69.75,2025,2,5
81646,54409,21144,1,71.99,2024-11-19 05:17:00+00:00,Unknown,71.99,2024,11,19
78268,54512,21457,1,74.0,2024-10-01 23:12:28+00:00,Unknown,74.0,2024,10,1
82449,53357,21004,1,25.19,2024-11-02 07:27:14+00:00,Unknown,25.19,2024,11,2
81248,53519,21122,5,65.5,2024-11-11 07:43:00+00:00,Unknown,327.5,2024,11,11
78639,54362,21125,2,17.0,2024-09-10 22:22:00+00:00,Unknown,34.0,2024,9,10
78206,55387,21313,5,33.25,2024-08-15 15:07:24.184000+00:00,"Apt. 797 5063 Haydee Rapids, Donnaville, ID 54981",166.25,2024,8,15
76185,53152,21379,1,76.8,2024-11-21 11:41:38+00:00,"434 Collier Rapid, Roderickland, NY 38879-9977",76.8,2024,11,21
73585,54140,21047,2,64.79,2025-04-29 08:50:00+00:00,Unknown,129.58,2025,4,29
82519,53304,21112,1,31.0,2024-12-08 23:53:11+00:00,"Apt. 120 47474 Lyndsay Park, Jermaineburgh, MS 47317",31.0,2024,12,8
76539,54796,21543,2,28.0,2025-05-21 00:26:00+00:00,Unknown,56.0,2025,5,21
79111,55818,21626,1,79.5,2025-03-04 06:43:11+00:00,Unknown,79.5,2025,3,4
78582,53082,21617,1,19.25,2024-11-06 03:23:00+00:00,Unknown,19.25,2024,11,6
74788,53556,21249,1,69.5,2025-03-16 13:32:33+00:00,Unknown,69.5,2025,3,16
78007,53547,21101,1,20.0,2024-11-24 03:53:17.536000+00:00,Unknown,20.0,2024,11,24
78128,55680,21044,1,26.25,2025-06-26 17:02:54+00:00,Unknown,26.25,2025,6,26
74767,54563,21036,1,62.99,2024-09-19 15:07:11+00:00,Unknown,62.99,2024,9,19
82152,54533,21184,1,83.1,2025-04-17 07:45:57+00:00,"546 Gulgowski Wall, Millicentshire, CO 29235-5930",83.1,2025,4,17
80886,54443,20937,5,34.5,2024-10-26 02:17:22+00:00,Unknown,172.5,2024,10,26
80939,53799,21331,1,61.5,2024-07-28 01:55:06.976000+00:00,Unknown,61.5,2024,7,28
76169,54141,21011,1,36.0,2024-06-12 05:00:15.244000+00:00,"Suite 155 12862 Rory Bypass, West Larrytown, PA 96255",36.0,2024,6,12
78790,53086,21042,1,20.5,2025-03-17 23:13:33+00:00,Unknown,20.5,2025,3,17
74774,55157,21351,1,48.0,2025-04-21 05:31:10+00:00,"333 Wilfredo Row, Boganland, SC 03477-9607",48.0,2025,4,21
78355,54547,21322,1,28.5,2024-10-18 15:29:30+00:00,Unknown,28.5,2024,10,18
75577,54106,21419,4,86.4,2024-01-07 06:52:52+00:00,Unknown,345.6,2024,1,7
82047,55199,21657,1,15.25,2025-05-25 23:43:20+00:00,Unknown,15.25,2025,5,25
79733,54266,21311,1,21.75,2024-10-02 21:08:43+00:00,"5543 Dane Flats, Port Eddie, CT 42308-9323",21.75,2024,10,2
75930,54714,21153,1,40.0,2024-06-22 22:57:34+00:00,"Apt. 732 1776 Dannie Roads, New Sanora, UT 48585-8087",40.0,2024,6,22
78230,53179,21522,1,50.5,2024-05-24 09:14:27+00:00,"98453 Josefine Islands, Brownport, NC 95063",50.5,2024,5,24
80410,54783,21449,2,82.79,2024-10-09 14:26:54+00:00,Unknown,165.58,2024,10,9
82387,55469,21346,2,51.0,2024-10-10 08:54:53+00:00,Unknown,102.0,2024,10,10
73508,53668,21346,1,51.25,2025-02-24 17:16:28+00:00,Unknown,51.25,2025,2,24
79302,54892,21642,1,53.75,2024-02-09 22:31:16+00:00,"52335 Charmain Course, Torpfurt, ID 06825",53.75,2024,2,9
75043,53438,21381,3,37.5,2025-06-13 12:43:34+00:00,Unknown,112.5,2025,6,13
81620,55674,21622,1,34.0,2025-04-22 09:43:54+00:00,Unknown,34.0,2025,4,22
75909,55172,21039,3,40.5,2025-04-22 23:54:41+00:00,Unknown,121.5,2025,4,22
73653,54061,21470,1,80.4,2025-03-14 08:05:00+00:00,Unknown,80.4,2025,3,14
74722,55183,21092,1,35.0,2024-12-15 09:08:07+00:00,Unknown,35.0,2024,12,15
77300,53938,21428,2,29.7,2024-08-08 13:27:00+00:00,Unknown,59.4,2024,8,8
82318,53539,21063,3,53.0,2024-11-05 20:39:00+00:00,Unknown,159.0,2024,11,5
81730,54643,21145,2,19.25,2025-02-22 17:46:54+00:00,Unknown,38.5,2025,2,22
82468,55152,21583,1,14.25,2024-10-08 17:49:36+00:00,Unknown,14.25,2024,10,8
81385,54130,21257,1,46.99,2024-12-26 10:51:00+00:00,"Apt. 618 10968 Troy Lodge, Andersonhaven, AL 44046",46.99,2024,12,26
81281,54563,21235,1,49.99,2025-07-20 17:02:00+00:00,Unknown,49.99,2025,7,20
76927,54435,21581,1,23.75,2024-11-26 13:13:00+00:00,"7786 O'Hara Hills, Starkside, WA 70892",23.75,2024,11,26
78280,54381,21148,2,54.5,2025-02-07 17:23:39+00:00,Unknown,109.0,2025,2,7
76860,55043,20950,1,42.6,2024-10-01 12:33:57+00:00,Unknown,42.6,2024,10,1
76673,53187,20960,1,26.5,2024-11-21 08:44:00+00:00,Unknown,26.5,2024,11,21
74025,54314,21073,2,44.4,2025-05-13 18:55:47+00:00,Unknown,88.8,2025,5,13
74012,53955,21431,1,62.0,2025-03-07 05:35:50+00:00,Unknown,62.0,2025,3,7
81678,53993,21220,1,17.0,2025-04-10 15:02:30+00:00,"92075 Ziemann Rest, Predovicview, NM 55273-6899",17.0,2025,4,10
81310,55034,21329,1,40.5,2025-06-03 07:57:57+00:00,Unknown,40.5,2025,6,3
82616,54941,20991,1,41.0,2024-10-07 09:19:46+00:00,Unknown,41.0,2024,10,7
79978,54117,21499,3,75.99,2024-08-30 06:42:12+00:00,Unknown,227.97,2024,8,30
79145,54610,21241,1,20.5,2024-11-22 18:37:00+00:00,Unknown,20.5,2024,11,22
74839,55186,21423,1,70.25,2024-10-12 12:01:44.573000+00:00,"Suite 982 574 Cole Prairie, Muellerberg, MS 98435",70.25,2024,10,12
83154,53334,21341,1,50.5,2024-12-26 05:28:19+00:00,Unknown,50.5,2024,12,26
75572,55695,21548,1,65.5,2024-12-09 07:45:47+00:00,"21602 Olene Glens, New Susan, WY 43279",65.5,2024,12,9
78585,54769,21590,3,33.99,2025-02-16 03:57:28+00:00,Unknown,101.97,2025,2,16
73825,54610,21470,1,84.0,2024-10-01 03:18:00+00:00,Unknown,84.0,2024,10,1
81781,55365,21471,1,23.1,2024-09-20 18:22:00+00:00,"883 Terrell Flat, West Benton, AL 55916",23.1,2024,9,20
81565,53043,21000,1,33.6,2024-09-23 16:43:00+00:00,Unknown,33.6,2024,9,23
74949,53160,21093,5,66.5,2024-11-21 19:04:03+00:00,Unknown,332.5,2024,11,21
82605,55494,21132,1,20.0,2024-09-18 22:05:25+00:00,"Apt. 323 236 Rohan Mill, Harrisburgh, HI 95975",20.0,2024,9,18
81592,54981,20936,4,58.5,2024-10-03 19:05:03+00:00,Unknown,234.0,2024,10,3
77134,53413,21195,4,41.0,2024-11-10 08:03:35+00:00,Unknown,164.0,2024,11,10
79155,53757,21426,1,26.4,2024-11-14 15:00:00+00:00,Unknown,26.4,2024,11,14
74954,55430,21432,1,87.6,2025-08-26 12:45:00+00:00,Unknown,87.6,2025,8,26
82607,55231,21529,2,65.5,2024-08-24 15:30:15+00:00,Unknown,131.0,2024,8,24
77851,55302,21532,4,39.25,2024-11-15 16:41:00+00:00,"4784 Albina Inlet, Madlynstad, ME 47705",157.0,2024,11,15
80319,54509,21201,5,63.75,2024-11-11 11:45:48.553000+00:00,Unknown,318.75,2024,11,11
78203,54155,21261,1,75.0,2025-01-03 01:17:03+00:00,Unknown,75.0,2025,1,3
74677,53153,21397,1,81.9,2024-10-07 04:11:00+00:00,Unknown,81.9,2024,10,7
74482,53338,21080,2,25.99,2024-11-18 13:24:53+00:00,"849 Dach Extensions, East Ashlishire, WA 85644-8345",51.98,2024,11,18
78472,54227,21263,1,70.2,2024-06-03 23:58:30+00:00,Unknown,70.2,2024,6,3
76730,53433,21339,2,86.4,2024-10-15 12:27:03+00:00,Unknown,172.8,2024,10,15
82474,53603,21140,3,70.75,2025-02-18 19:06:33+00:00,Unknown,212.25,2025,2,18
78486,53051,21199,1,42.5,2025-05-23 17:17:01+00:00,"50454 Denesik Rue, South Sydney, RI 47881-0570",42.5,2025,5,23
76012,54185,20982,4,50.7,2025-05-14 16:46:36+00:00,Unknown,202.8,2025,5,14
81597,55375,21148,3,58.99,2025-03-31 20:52:04+00:00,Unknown,176.97,2025,3,31
75217,55605,21655,1,32.7,2025-02-26 08:42:43+00:00,Unknown,32.7,2025,2,26
82611,55071,21330,1,45.0,2025-02-28 09:36:36+00:00,Unknown,45.0,2025,2,28
78438,54872,21133,1,68.0,2024-06-19 22:15:00+00:00,Unknown,68.0,2024,6,19
80186,54004,21097,1,18.3,2024-12-12 13:24:00+00:00,"77372 Sharyl Shore, Beerberg, MA 12556-1308",18.3,2024,12,12
80138,54910,21453,1,66.0,2024-11-25 04:59:38+00:00,"Suite 429 496 Fadel Meadows, West Pablomouth, RI 03707",66.0,2024,11,25
74088,53891,21399,1,70.5,2025-07-07 16:11:25+00:00,Unknown,70.5,2025,7,7
75366,55116,21501,1,28.8,2024-08-22 05:56:35+00:00,"Suite 292 157 Orlando Orchard, Corkerymouth, KY 44783",28.8,2024,8,22
77951,55000,21523,2,46.0,2024-07-01 02:19:00+00:00,Unknown,92.0,2024,7,1
74804,55020,21424,2,34.75,2025-02-26 22:21:21+00:00,Unknown,69.5,2025,2,26
80472,54163,21105,2,47.0,2024-08-08 20:02:02+00:00,Unknown,94.0,2024,8,8
74201,53162,21258,1,22.5,2025-01-16 11:50:58+00:00,Unknown,22.5,2025,1,16
78057,53677,20995,1,53.5,2025-02-17 19:03:38+00:00,"7847 Cornell Estates, Port Lashell, AZ 06055",53.5,2025,2,17
78243,53789,21552,1,35.25,2025-01-01 01:14:00+00:00,Unknown,35.25,2025,1,1
74917,53597,21236,2,88.5,2025-01-20 06:37:56+00:00,"Suite 668 306 Wiley Island, North Bethelport, NH 64922",177.0,2025,1,20
73863,53552,20950,1,33.5,2024-10-04 05:55:00+00:00,Unknown,33.5,2024,10,4
76897,55800,21576,3,45.25,2024-04-03 23:50:00+00:00,Unknown,135.75,2024,4,3
75003,55550,21400,1,51.3,2025-01-27 23:20:24+00:00,Unknown,51.3,2025,1,27
74282,55574,21071,1,52.5,2025-03-10 14:23:14+00:00,Unknown,52.5,2025,3,10
74373,54594,21479,5,62.99,2025-01-25 01:17:42.032000+00:00,Unknown,314.95,2025,1,25
75474,54708,21335,1,68.75,2025-04-22 16:33:35+00:00,Unknown,68.75,2025,4,22
75962,55214,21305,1,43.75,2025-01-20 14:20:55+00:00,Unknown,43.75,2025,1,20
81406,55451,21522,1,50.0,2025-02-20 19:46:00+00:00,"Apt. 221 530 Otis Islands, New Cecilia, OH 90652",50.0,2025,2,20
79231,54205,21561,1,36.9,2024-12-11 11:02:00+00:00,Unknown,36.9,2024,12,11
75941,54501,20960,3,28.75,2025-04-22 06:52:29+00:00,Unknown,86.25,2025,4,22
76670,55542,21451,1,59.99,2025-03-26 05:43:53+00:00,Unknown,59.99,2025,3,26
80021,55162,21601,1,30.0,2024-07-31 10:55:47+00:00,Unknown,30.0,2024,7,31
75092,55353,21055,2,58.8,2024-11-10 00:13:12.539000+00:00,Unknown,117.6,2024,11,10
75225,55639,21555,1,72.0,2024-08-06 12:19:55+00:00,Unknown,72.0,2024,8,6
80103,53256,21644,5,73.8,2025-01-30 02:55:15+00:00,Unknown,369.0,2025,1,30
74939,54128,21553,1,19.75,2024-07-14 06:32:08+00:00,Unknown,19.75,2024,7,14
80799,54192,21227,1,88.5,2024-11-15 05:12:00+00:00,Unknown,88.5,2024,11,15
77255,54076,21205,2,30.6,2024-11-26 16:35:01+00:00,Unknown,61.2,2024,11,26
82988,55419,21029,1,58.8,2024-12-13 04:51:09+00:00,"Suite 745 10042 Jared Loaf, Lake Marnie, KS 88227",58.8,2024,12,13
78266,53817,21550,1,52.79,2024-08-07 04:14:26+00:00,"Suite 638 310 Stracke Circle, Donnellmouth, NC 31731-6839",52.79,2024,8,7
77264,54302,21355,2,49.0,2025-01-17 02:57:01+00:00,"95460 Annemarie Turnpike, North Valbury, IN 06488",98.0,2025,1,17
79510,54476,20983,3,18.0,2025-05-14 21:08:46+00:00,"Suite 129 48133 Lettie Shore, East Mapleview, VT 16888-9877",54.0,2025,5,14
82648,53896,20940,1,75.6,2024-09-25 16:46:39.479000+00:00,Unknown,75.6,2024,9,25
78375,54502,21645,2,50.5,2024-09-17 19:39:41.431000+00:00,"8802 Jacobi Rest, Jeanton, WA 19354",101.0,2024,9,17
78085,54818,21414,1,33.0,2024-07-19 00:34:36+00:00,Unknown,33.0,2024,7,19
75388,53192,21414,1,34.0,2024-07-04 00:06:29+00:00,Unknown,34.0,2024,7,4
75610,53416,21327,3,73.0,2025-07-26 16:08:00+00:00,Unknown,219.0,2025,7,26
75080,53784,21136,1,86.4,2024-07-14 18:22:42+00:00,Unknown,86.4,2024,7,14
74454,53912,21343,1,21.0,2024-07-12 09:39:04+00:00,Unknown,21.0,2024,7,12
76163,53238,21326,2,73.0,2024-11-24 08:46:00+00:00,"51847 Rolfson Shores, Alethialand, AK 37207",146.0,2024,11,24
75708,54388,21065,1,20.0,2025-07-08 23:43:56+00:00,Unknown,20.0,2025,7,8
74238,54290,21603,1,71.0,2024-04-09 02:03:13+00:00,"Suite 776 521 Carlo Trail, Port Nilsaberg, MD 56635-2707",71.0,2024,4,9
80966,54743,21226,1,67.2,2024-05-08 16:05:27+00:00,"179 Quinton Passage, West Scotty, IA 42640-8096",67.2,2024,5,8
78139,53430,20948,1,71.25,2025-04-10 10:52:00+00:00,Unknown,71.25,2025,4,10
82729,53211,21299,1,20.0,2025-04-16 13:40:39+00:00,Unknown,20.0,2025,4,16
73472,53443,21411,1,20.25,2024-12-13 14:43:35+00:00,"Suite 340 6980 Darryl Curve, New Bill, WV 88165",20.25,2024,12,13
78763,53267,21275,2,67.0,2024-08-12 17:13:31+00:00,Unknown,134.0,2024,8,12
76347,53765,21499,3,72.0,2024-04-10 21:55:04+00:00,"795 Alexis Circles, Federicofurt, TN 96165",216.0,2024,4,10
76910,54409,21613,1,27.6,2024-11-16 02:40:52+00:00,Unknown,27.6,2024,11,16
78913,54186,21025,2,63.6,2024-10-13 19:46:38+00:00,Unknown,127.2,2024,10,13
81589,53417,21319,1,51.0,2025-05-17 03:35:47.618000+00:00,"90821 Jones Station, Joanside, OR 74444-2153",51.0,2025,5,17
73524,54052,21593,1,61.5,2024-01-23 06:13:48+00:00,Unknown,61.5,2024,1,23
77774,53707,21033,1,75.9,2024-11-24 01:18:32+00:00,Unknown,75.9,2024,11,24
73740,53383,21366,1,63.6,2025-06-04 09:17:00+00:00,"14159 Tromp Knoll, East Larondabury, FL 04374-7294",63.6,2025,6,4
74460,53593,21382,1,72.0,2024-09-06 21:52:26+00:00,Unknown,72.0,2024,9,6
77925,53649,21514,1,38.0,2024-06-30 13:40:30+00:00,Unknown,38.0,2024,6,30
73889,54570,21648,2,34.8,2025-07-20 06:45:34+00:00,Unknown,69.6,2025,7,20
81528,53532,21299,4,25.5,2025-08-02 15:37:05+00:00,Unknown,102.0,2025,8,2
77704,55508,21096,1,89.7,2024-07-21 02:26:58.657000+00:00,Unknown,89.7,2024,7,21
75439,55099,21402,1,70.25,2025-04-25 10:59:43.109000+00:00,Unknown,70.25,2025,4,25
83056,54683,21252,1,56.4,2024-09-08 17:15:02+00:00,Unknown,56.4,2024,9,8
82757,53629,21222,2,86.4,2025-05-27 15:38:08+00:00,Unknown,172.8,2025,5,27
81019,55776,21462,2,26.5,2024-07-15 20:58:22+00:00,Unknown,53.0,2024,7,15
81832,53673,21194,1,22.5,2024-12-27 01:29:00+00:00,"49689 Genesis Brooks, Jacobiside, DE 14895",22.5,2024,12,27
77184,55246,21342,1,48.5,2025-02-02 10:03:00+00:00,Unknown,48.5,2025,2,2
78255,54528,21066,1,31.0,2025-03-01 17:44:47+00:00,Unknown,31.0,2025,3,1
77346,53741,21544,1,38.39,2024-10-03 06:49:00+00:00,Unknown,38.39,2024,10,3
76016,55771,21553,1,21.6,2024-12-18 06:50:00+00:00,Unknown,21.6,2024,12,18
75436,53964,21492,2,26.1,2024-05-15 11:10:10.757000+00:00,Unknown,52.2,2024,5,15
81745,55762,21228,5,30.0,2025-01-24 05:31:20+00:00,Unknown,150.0,2025,1,24
75453,54322,21441,1,23.4,2025-03-15 16:21:54+00:00,"88602 Blanda Station, East Raphaelchester, AR 10387-4379",23.4,2025,3,15
80346,55800,21300,4,58.99,2024-10-19 12:27:49+00:00,Unknown,235.96,2024,10,19
73646,55331,21539,1,63.5,2024-07-28 07:43:00.417000+00:00,"Suite 151 724 Jones Shores, East Hollis, VT 97627-6366",63.5,2024,7,28
83036,54796,21038,1,54.0,2025-07-18 06:26:34+00:00,Unknown,54.0,2025,7,18
81640,55806,21450,1,57.6,2025-02-02 12:41:21+00:00,Unknown,57.6,2025,2,2
80443,55616,21206,1,61.99,2024-07-03 09:41:00+00:00,Unknown,61.99,2024,7,3
76032,53837,21179,1,63.9,2025-01-30 18:57:23.003000+00:00,"8360 Benton Parkways, South Marlinbury, VT 71725",63.9,2025,1,30
82813,53604,21429,1,47.99,2024-12-30 02:27:00+00:00,Unknown,47.99,2024,12,30
76344,53686,21586,1,20.99,2025-03-21 09:32:06+00:00,Unknown,20.99,2025,3,21
78640,55454,21327,5,72.25,2025-01-14 00:02:00+00:00,Unknown,361.25,2025,1,14
73855,54374,21357,1,52.2,2025-02-04 09:00:05+00:00,Unknown,52.2,2025,2,4
80530,54826,21269,1,35.75,2024-07-28 20:30:04+00:00,Unknown,35.75,2024,7,28
74306,55292,21430,1,33.25,2024-09-27 14:31:20+00:00,Unknown,33.25,2024,9,27
79610,54593,21476,1,71.0,2025-09-26 20:59:00+00:00,Unknown,71.0,2025,9,26
75573,55197,21614,1,73.0,2025-03-11 17:07:05+00:00,Unknown,73.0,2025,3,11
78107,53996,21615,1,47.5,2025-01-05 07:25:25+00:00,Unknown,47.5,2025,1,5
76076,53667,21091,1,25.99,2025-05-22 03:33:33+00:00,"Apt. 614 280 Huels Cape, North Harleymouth, IL 91548-7870",25.99,2025,5,22
78006,53888,20976,3,51.99,2024-10-20 12:52:00+00:00,Unknown,155.97,2024,10,20
75291,53465,21442,1,69.5,2024-08-08 13:09:20.334000+00:00,Unknown,69.5,2024,8,8
75718,54893,21326,1,72.0,2024-09-30 19:13:25+00:00,Unknown,72.0,2024,9,30
75444,54479,21269,1,42.6,2025-08-05 14:18:27+00:00,Unknown,42.6,2025,8,5
82204,54097,21052,1,74.75,2024-11-21 09:13:00+00:00,Unknown,74.75,2024,11,21
77601,53500,21642,1,60.9,2025-03-09 12:23:28+00:00,Unknown,60.9,2025,3,9
79958,55503,21342,1,52.79,2024-11-05 14:43:35+00:00,Unknown,52.79,2024,11,5
82465,55040,21123,1,68.75,2025-01-16 18:26:00+00:00,Unknown,68.75,2025,1,16
73937,55822,21052,2,84.0,2024-07-22 11:26:00+00:00,"79451 Schuster Stravenue, Gutmannborough, IL 16577",168.0,2024,7,22
81260,55544,20969,4,19.8,2025-01-28 08:41:00+00:00,Unknown,79.2,2025,1,28
82343,55129,20937,1,28.8,2024-06-19 20:23:25+00:00,Unknown,28.8,2024,6,19
79579,54222,21072,1,71.0,2025-04-21 18:47:51+00:00,Unknown,71.0,2025,4,21
73347,55186,21432,2,91.19,2025-01-09 10:58:00+00:00,"Suite 982 574 Cole Prairie, Muellerberg, MS 98435",182.38,2025,1,9
77591,55002,21253,1,69.25,2025-08-12 15:19:28+00:00,Unknown,69.25,2025,8,12
76979,53048,21140,4,69.0,2025-01-15 07:10:28+00:00,Unknown,276.0,2025,1,15
81091,54910,21036,1,60.5,2024-08-14 16:39:28+00:00,Unknown,60.5,2024,8,14
77348,53409,21466,1,15.3,2024-09-24 20:39:00+00:00,Unknown,15.3,2024,9,24
78868,53378,21059,1,45.0,2025-01-24 23:25:41+00:00,Unknown,45.0,2025,1,24
79911,54611,21033,1,64.75,2024-12-15 13:21:21+00:00,Unknown,64.75,2024,12,15
81200,54455,21393,1,49.2,2025-02-01 19:06:29+00:00,Unknown,49.2,2025,2,1
81290,54404,21560,5,55.0,2024-09-27 14:10:18+00:00,Unknown,275.0,2024,9,27
79445,54490,21256,1,60.0,2025-03-15 12:38:52+00:00,Unknown,60.0,2025,3,15
83089,54307,21045,3,24.5,2025-04-16 21:02:54+00:00,Unknown,73.5,2025,4,16
74875,55055,21141,1,22.25,2025-04-11 07:01:00+00:00,"9211 Douglas Street, Strackebury, IL 21201-6503",22.25,2025,4,11
74086,54666,21347,2,44.0,2024-10-21 12:58:00+00:00,Unknown,88.0,2024,10,21
80561,54266,21124,1,35.75,2025-04-20 04:47:39+00:00,"5543 Dane Flats, Port Eddie, CT 42308-9323",35.75,2025,4,20
82063,53123,21214,2,62.25,2024-08-15 03:22:59.691000+00:00,Unknown,124.5,2024,8,15
77618,55740,20935,1,32.5,2025-02-10 07:57:57+00:00,Unknown,32.5,2025,2,10
77621,53198,21067,1,58.75,2025-04-08 04:06:09+00:00,Unknown,58.75,2025,4,8
79804,54901,21382,1,72.0,2024-06-24 10:53:00+00:00,"Suite 185 514 Allan Meadows, Arlenville, OH 49447",72.0,2024,6,24
79235,55540,20958,1,32.99,2024-12-31 03:37:23+00:00,Unknown,32.99,2024,12,31
81978,55781,21163,4,49.0,2024-09-15 11:17:51+00:00,"Suite 178 5489 Bosco Road, Johnstonshire, MN 37165-4265",196.0,2024,9,15
76183,55011,20993,1,28.99,2024-08-21 01:42:00+00:00,Unknown,28.99,2024,8,21
82699,53850,21450,2,52.0,2025-03-08 18:45:00+00:00,Unknown,104.0,2025,3,8
81499,54719,20960,1,29.99,2024-12-08 18:31:00+00:00,Unknown,29.99,2024,12,8
81747,54107,20964,3,73.0,2024-12-03 10:31:21+00:00,Unknown,219.0,2024,12,3
76940,53925,21570,1,47.0,2025-06-21 16:15:31+00:00,"Apt. 912 856 Jody Brooks, East Josephinaside, ND 81043",47.0,2025,6,21
82330,55606,21375,1,29.0,2025-02-21 12:25:00+00:00,"543 Mayert Union, Port Yulandaborough, AR 04402",29.0,2025,2,21
75728,53821,21496,4,28.0,2025-04-11 20:46:59+00:00,Unknown,112.0,2025,4,11
75918,54218,21384,1,48.25,2024-10-13 00:20:00+00:00,Unknown,48.25,2024,10,13
82266,53896,21587,1,17.25,2024-07-23 15:26:57+00:00,"485 Ward Overpass, Darinshire, DE 62471",17.25,2024,7,23
82796,55269,20990,2,24.0,2024-08-05 19:45:32+00:00,Unknown,48.0,2024,8,5
82969,54241,21108,1,26.4,2025-02-04 17:34:55+00:00,Unknown,26.4,2025,2,4
79051,54310,21222,1,71.5,2024-08-05 14:32:29+00:00,"Suite 136 315 Elwood Extensions, North Melvaville, MO 89840",71.5,2024,8,5
82898,53468,20920,3,21.6,2025-02-05 15:04:53.907000+00:00,Unknown,64.8,2025,2,5
78671,53631,21568,2,70.5,2025-04-09 15:27:49+00:00,Unknown,141.0,2025,4,9
82612,55251,21399,2,69.0,2024-04-21 08:28:34+00:00,"959 Kiehn Lane, West Cleotilde, CA 51390",138.0,2024,4,21
75411,53711,21565,3,71.4,2025-02-26 18:36:00+00:00,Unknown,214.2,2025,2,26
74759,54358,21246,1,40.25,2024-10-31 09:20:34+00:00,Unknown,40.25,2024,10,31
74554,55536,21308,4,59.25,2025-03-08 06:46:29+00:00,Unknown,237.0,2025,3,8
75186,53857,20980,1,30.0,2025-01-30 11:40:40+00:00,Unknown,30.0,2025,1,30
81135,55029,21546,1,59.7,2025-05-02 11:38:00+00:00,Unknown,59.7,2025,5,2
81947,55090,21422,3,29.7,2024-09-03 20:26:09.400000+00:00,Unknown,89.1,2024,9,3
77564,55774,21647,1,67.0,2024-04-09 06:12:32+00:00,Unknown,67.0,2024,4,9
75636,54085,21117,1,36.99,2024-10-10 03:24:52+00:00,Unknown,36.99,2024,10,10
80852,53507,21559,1,72.0,2024-05-20 16:34:00+00:00,"Suite 141 4786 Hansen Trace, West Barbietown, MS 56603",72.0,2024,5,20
80344,53876,21028,3,66.3,2024-12-22 12:52:00+00:00,Unknown,198.9,2024,12,22
75000,53484,20995,1,50.0,2025-02-19 16:06:00+00:00,Unknown,50.0,2025,2,19
78088,55010,20988,1,70.8,2024-11-06 02:27:00+00:00,"Apt. 693 472 Bradly Estates, South Nanceeshire, DE 25551",70.8,2024,11,6
77841,54059,21348,2,32.1,2025-04-03 00:59:49+00:00,"Suite 632 97660 Prohaska Freeway, Emileborough, VT 77114-9440",64.2,2025,4,3
77490,54946,20976,3,53.0,2024-12-04 13:38:02+00:00,Unknown,159.0,2024,12,4
79607,54196,21271,1,26.75,2024-09-30 09:33:08.359000+00:00,"6578 Adaline Row, East Shaniburgh, WI 17383-9654",26.75,2024,9,30
78396,54178,21025,3,63.6,2024-08-18 00:48:23+00:00,"Suite 682 198 Ingeborg Locks, New Rolandoton, CO 10215",190.8,2024,8,18
80054,53399,21348,2,24.99,2025-01-15 11:42:52+00:00,"64579 Bayer Mill, West Beatris, AR 04341-5792",49.98,2025,1,15
73417,54728,21304,1,49.5,2024-09-17 10:57:00+00:00,Unknown,49.5,2024,9,17
81263,55203,21623,2,45.5,2024-05-30 10:02:45+00:00,Unknown,91.0,2024,5,30
81415,54764,20980,1,32.0,2025-02-27 20:46:34+00:00,"Apt. 974 9861 Yetta Ports, South Ligia, NC 13568",32.0,2025,2,27
82773,53533,21415,1,19.99,2025-01-20 00:27:16+00:00,Unknown,19.99,2025,1,20
80758,53088,21092,1,31.5,2024-08-01 07:05:56+00:00,Unknown,31.5,2024,8,1
80222,55479,21378,5,40.0,2025-01-17 06:09:00+00:00,Unknown,200.0,2025,1,17
81112,55770,21021,1,55.19,2025-01-08 00:22:29+00:00,Unknown,55.19,2025,1,8
82963,54610,21280,1,20.0,2025-05-08 15:05:00+00:00,Unknown,20.0,2025,5,8
82736,53392,21262,1,36.99,2024-09-19 21:35:00+00:00,"815 Hoyt Gateway, Marksstad, AZ 59921",36.99,2024,9,19
76404,53231,21234,1,40.8,2024-11-08 01:49:23.335000+00:00,"784 Goyette Circles, Solburgh, NH 21375",40.8,2024,11,8
74162,53931,21479,1,59.75,2025-06-08 23:18:31+00:00,"Apt. 424 1191 Heller Avenue, Nelsonstad, AK 04040",59.75,2025,6,8
79221,55684,21063,1,54.0,2024-05-22 19:54:26+00:00,Unknown,54.0,2024,5,22
79266,54383,21550,2,40.0,2024-09-23 18:39:00+00:00,Unknown,80.0,2024,9,23
80471,53617,20956,1,64.5,2025-03-15 19:29:00+00:00,Unknown,64.5,2025,3,15
81392,54607,21346,1,47.0,2024-12-24 13:42:00+00:00,Unknown,47.0,2024,12,24
81226,53395,21174,1,14.0,2024-05-15 11:23:22+00:00,Unknown,14.0,2024,5,15
82643,55462,21223,1,71.0,2024-08-18 18:33:01+00:00,Unknown,71.0,2024,8,18
74458,53833,20984,1,42.6,2024-08-12 12:43:51+00:00,Unknown,42.6,2024,8,12
81354,54223,20981,2,23.5,2025-03-25 23:45:00+00:00,Unknown,47.0,2025,3,25
80340,54128,20964,1,85.2,2024-10-06 05:57:00+00:00,"560 Doyle Wells, Justamouth, LA 02595",85.2,2024,10,6
78347,53934,20967,2,35.25,2024-12-14 20:31:50+00:00,"568 Goldner Mission, East Abel, AZ 74706",70.5,2024,12,14
73552,53259,21117,3,34.0,2024-09-12 10:29:00+00:00,Unknown,102.0,2024,9,12
76994,53225,20969,3,17.25,2024-08-01 23:23:37+00:00,"Suite 645 621 Normand Village, Sporerstad, MN 51769-4158",51.75,2024,8,1
77420,55099,21610,2,49.8,2025-02-08 10:41:00+00:00,Unknown,99.6,2025,2,8
75228,55532,21611,1,59.5,2025-07-26 19:46:55+00:00,Unknown,59.5,2025,7,26
73535,55687,21256,1,59.25,2025-01-08 16:28:51+00:00,Unknown,59.25,2025,1,8
76932,54323,21433,1,45.5,2024-11-05 02:22:11+00:00,Unknown,45.5,2024,11,5
79430,54217,21400,1,51.0,2025-07-02 13:13:45+00:00,"5874 Marvin Plaza, East Joe, PA 74528",51.0,2025,7,2
77373,53921,20964,1,70.99,2025-05-29 23:54:27+00:00,"Suite 183 163 Abshire Road, West Lea, MA 87392-2565",70.99,2025,5,29
78447,54443,21355,1,46.0,2024-11-19 22:27:00+00:00,Unknown,46.0,2024,11,19
77323,53240,21640,1,57.75,2024-08-07 02:41:29+00:00,"1010 Cathie Flat, Oliverland, WI 67915-8394",57.75,2024,8,7
82267,55818,21578,1,39.5,2024-12-19 02:00:21+00:00,Unknown,39.5,2024,12,19
81152,54903,21020,3,62.5,2025-04-08 09:58:00+00:00,Unknown,187.5,2025,4,8
76207,55458,21559,1,76.5,2025-08-09 06:39:48+00:00,Unknown,76.5,2025,8,9
80358,54888,21516,1,28.0,2024-10-17 20:35:00+00:00,Unknown,28.0,2024,10,17
81543,55045,21478,1,71.0,2024-09-01 14:02:00+00:00,Unknown,71.0,2024,9,1
75854,54660,21632,1,22.5,2024-08-17 08:55:11+00:00,Unknown,22.5,2024,8,17
82770,53079,21506,1,34.8,2025-03-24 16:15:02+00:00,Unknown,34.8,2025,3,24
78949,53168,21239,1,40.79,2024-12-15 18:36:14+00:00,Unknown,40.79,2024,12,15
80641,53084,21088,1,54.25,2025-03-07 08:20:29+00:00,Unknown,54.25,2025,3,7
77289,53109,21534,1,27.5,2025-07-07 04:46:44+00:00,"Apt. 756 352 Kub Locks, North Daniabury, OH 40616",27.5,2025,7,7
79292,55202,21144,1,70.5,2025-04-11 04:45:49+00:00,Unknown,70.5,2025,4,11
81438,53371,21648,1,27.75,2024-08-20 17:02:00+00:00,Unknown,27.75,2024,8,20
82816,53988,21479,1,59.0,2025-06-17 15:51:41+00:00,Unknown,59.0,2025,6,17
73779,55435,21234,1,34.0,2025-01-14 03:01:00+00:00,Unknown,34.0,2025,1,14
77948,53897,21219,1,55.0,2024-12-07 10:31:37+00:00,Unknown,55.0,2024,12,7
77742,53804,21233,1,52.5,2025-01-22 02:15:00+00:00,Unknown,52.5,2025,1,22
77906,55757,21152,2,28.25,2024-10-02 10:40:47+00:00,Unknown,56.5,2024,10,2
73830,55473,21312,1,69.6,2024-06-20 23:51:00+00:00,Unknown,69.6,2024,6,20
74340,53218,21062,1,74.0,2024-12-18 17:21:00+00:00,Unknown,74.0,2024,12,18
82175,53598,21012,1,58.75,2024-08-30 19:24:52+00:00,"594 Clair Vista, West Rodolfobury, FL 16454-8135",58.75,2024,8,30
77670,55020,21207,1,22.5,2024-11-13 11:39:06+00:00,Unknown,22.5,2024,11,13
73488,53072,21063,1,54.75,2025-04-26 00:35:00+00:00,Unknown,54.75,2025,4,26
77308,53886,21513,2,44.5,2024-08-18 20:09:19+00:00,Unknown,89.0,2024,8,18
77476,55159,21424,3,34.5,2025-04-17 02:28:20+00:00,Unknown,103.5,2025,4,17
80916,53302,21473,1,70.8,2024-09-11 09:48:33+00:00,Unknown,70.8,2024,9,11
74189,54110,20965,1,55.25,2024-04-02 02:50:00+00:00,Unknown,55.25,2024,4,2
81466,53757,21433,1,45.0,2025-04-04 02:04:00+00:00,Unknown,45.0,2025,4,4
77701,55625,21209,1,49.75,2025-01-20 14:13:44+00:00,Unknown,49.75,2025,1,20
77183,54077,21053,1,52.99,2025-02-02 00:55:32+00:00,Unknown,52.99,2025,2,2
81279,53468,21210,1,19.5,2025-07-29 05:18:00+00:00,Unknown,19.5,2025,7,29
79007,54756,21590,5,37.8,2024-06-17 12:19:19+00:00,Unknown,189.0,2024,6,17
82936,55041,21274,1,33.5,2024-04-29 15:53:08+00:00,Unknown,33.5,2024,4,29
79939,55277,21089,1,47.5,2025-06-24 16:08:31+00:00,Unknown,47.5,2025,6,24
78429,54218,21549,2,60.6,2025-05-05 00:22:00+00:00,Unknown,121.2,2025,5,5
78420,53353,21521,2,60.6,2025-01-24 20:17:49+00:00,Unknown,121.2,2025,1,24
75637,53136,21408,5,22.0,2024-09-06 05:36:00+00:00,Unknown,110.0,2024,9,6
80391,54381,20936,1,59.0,2024-10-20 05:30:48+00:00,Unknown,59.0,2024,10,20
79614,53255,20973,1,26.99,2024-04-04 01:55:07+00:00,"659 Champlin Summit, New Ava, SD 11205-4062",26.99,2024,4,4
81717,54919,21630,2,54.25,2024-12-25 02:28:40+00:00,Unknown,108.5,2024,12,25
82908,53230,21619,1,14.0,2024-12-17 00:53:13+00:00,Unknown,14.0,2024,12,17
77312,53646,21276,1,31.25,2024-12-01 19:34:47+00:00,"57081 Krajcik Estate, East Celsa, WI 47428-5664",31.25,2024,12,1
82931,54894,21489,1,62.0,2025-02-09 05:36:50.642000+00:00,Unknown,62.0,2025,2,9
75915,55451,21371,1,22.8,2024-10-25 05:06:04+00:00,Unknown,22.8,2024,10,25
73610,54358,21191,1,46.5,2025-02-22 09:43:52+00:00,"Suite 414 3635 Sanford Mews, East Marcellus, GA 77188",46.5,2025,2,22
77970,53985,20923,2,33.5,2024-11-27 00:46:25+00:00,Unknown,67.0,2024,11,27
78361,54325,21315,5,61.5,2025-03-08 14:27:00+00:00,Unknown,307.5,2025,3,8
81992,54498,20928,4,20.0,2024-10-24 16:34:08+00:00,Unknown,80.0,2024,10,24
76567,54408,21407,3,28.0,2024-10-03 10:46:28+00:00,Unknown,84.0,2024,10,3
75374,54991,21449,1,67.5,2025-01-09 19:57:10+00:00,Unknown,67.5,2025,1,9
77114,54590,21107,1,67.5,2024-11-22 02:36:00+00:00,"Apt. 894 442 Korey Glens, South Tannershire, ND 97800-9874",67.5,2024,11,22
81902,55008,20992,2,50.99,2024-10-25 15:23:50+00:00,Unknown,101.98,2024,10,25
79254,53093,21639,2,13.0,2024-07-16 08:56:54+00:00,Unknown,26.0,2024,7,16
78091,54272,21294,1,27.6,2024-11-27 21:49:14+00:00,Unknown,27.6,2024,11,27
78586,54172,21409,1,68.25,2025-06-19 11:14:33+00:00,"Suite 743 514 Hamill Coves, Ligiaville, CT 08912-2037",68.25,2025,6,19
78187,53639,21222,2,88.8,2025-05-27 22:43:37+00:00,Unknown,177.6,2025,5,27
78051,55321,21312,1,59.5,2024-09-09 17:06:00+00:00,Unknown,59.5,2024,9,9
80784,54411,21203,2,37.5,2025-04-29 16:23:09+00:00,"4441 Kiyoko Ridge, Farrellton, OH 63367-7587",75.0,2025,4,29
75565,54318,21259,1,25.5,2024-11-05 12:03:00.661000+00:00,Unknown,25.5,2024,11,5
79967,53350,21296,1,37.25,2024-11-15 18:53:23+00:00,"Suite 291 5379 Rory Orchard, Port Sebastian, KS 40530-1828",37.25,2024,11,15
81182,55694,21484,2,63.3,2025-02-23 02:50:47+00:00,Unknown,126.6,2025,2,23
80326,55629,21302,3,21.59,2024-07-25 13:34:19+00:00,Unknown,64.77,2024,7,25
74417,53133,21397,2,66.5,2025-03-21 09:46:31.364000+00:00,Unknown,133.0,2025,3,21
80529,53615,20945,1,36.99,2024-06-05 03:00:31+00:00,Unknown,36.99,2024,6,5
83096,53527,21241,1,21.0,2024-11-06 13:27:00+00:00,Unknown,21.0,2024,11,6
77041,55808,21249,1,84.3,2024-10-29 03:23:51+00:00,Unknown,84.3,2024,10,29
75360,53401,21646,1,23.4,2024-07-11 10:10:02+00:00,Unknown,23.4,2024,7,11
74846,53954,21162,2,51.5,2024-04-19 21:46:34+00:00,Unknown,103.0,2024,4,19
82587,55732,21485,1,19.5,2025-01-31 18:07:12+00:00,Unknown,19.5,2025,1,31
83026,55628,21326,5,87.0,2025-02-04 20:44:00+00:00,Unknown,435.0,2025,2,4
74196,54477,21519,1,48.25,2025-01-28 14:17:38+00:00,"Apt. 611 7836 Donn Walks, Parisianport, AR 37768-7805",48.25,2025,1,28
76906,55462,21332,1,42.5,2024-04-26 11:43:00+00:00,"2293 Lena Alley, East Roy, IL 48529-8354",42.5,2024,4,26
80827,54971,21159,1,65.99,2025-10-28 09:53:13+00:00,Unknown,65.99,2025,10,28
81842,54181,21306,3,42.6,2024-07-18 07:24:25+00:00,Unknown,127.8,2024,7,18
82896,55280,21039,1,35.99,2025-02-27 22:50:14+00:00,Unknown,35.99,2025,2,27
80098,53064,21544,3,37.2,2024-09-20 11:46:49+00:00,"Suite 201 54990 Jerold Row, Prudenceport, WA 01379",111.6,2024,9,20
78695,53651,21146,1,47.99,2024-08-21 09:26:50.417000+00:00,"Apt. 396 2199 Kuhn Turnpike, Linnville, AL 42155",47.99,2024,8,21
74076,55374,21176,1,28.8,2024-10-09 01:43:54+00:00,Unknown,28.8,2024,10,9
81012,55132,20958,1,31.0,2025-01-01 06:58:00+00:00,Unknown,31.0,2025,1,1
80160,53745,21358,2,49.2,2024-07-26 01:28:24.611000+00:00,Unknown,98.4,2024,7,26
75136,54758,21145,2,14.0,2024-10-13 15:24:00+00:00,Unknown,28.0,2024,10,13
73584,53510,21195,1,42.0,2024-08-04 03:42:16.891000+00:00,Unknown,42.0,2024,8,4
75822,54314,21595,1,62.4,2025-05-22 12:28:07+00:00,Unknown,62.4,2025,5,22
74425,55347,21569,1,78.6,2024-11-17 09:08:21+00:00,Unknown,78.6,2024,11,17
75900,54144,21501,1,27.0,2024-08-22 08:01:00+00:00,Unknown,27.0,2024,8,22
82411,53403,20925,1,40.99,2025-01-16 04:12:00+00:00,"Suite 527 51611 Fadel Light, South Dellville, AZ 17439-1937",40.99,2025,1,16
82198,54029,21028,2,56.5,2024-10-20 08:03:12+00:00,"991 Lind Valley, Johnnyborough, RI 94406",113.0,2024,10,20
76162,53320,20926,1,67.99,2025-05-26 09:39:00+00:00,Unknown,67.99,2025,5,26
80327,55575,21263,1,67.2,2025-03-27 06:54:53+00:00,Unknown,67.2,2025,3,27
81044,54537,21407,1,29.5,2024-12-02 23:59:44+00:00,Unknown,29.5,2024,12,2
73567,53142,21302,1,18.99,2025-06-17 03:17:00+00:00,Unknown,18.99,2025,6,17
79550,55530,21301,1,71.4,2025-06-28 11:39:48+00:00,Unknown,71.4,2025,6,28
76615,53800,20938,1,23.0,2024-04-24 01:20:08+00:00,Unknown,23.0,2024,4,24
77392,54810,21618,1,38.0,2025-06-28 10:58:14+00:00,Unknown,38.0,2025,6,28
82759,53348,21049,2,88.2,2025-07-17 10:42:00+00:00,Unknown,176.4,2025,7,17
82386,53697,21032,1,14.25,2025-05-14 02:12:39+00:00,Unknown,14.25,2025,5,14
73920,55713,21045,1,24.25,2024-07-25 17:40:08+00:00,"42411 Rex Ways, West Chungland, OK 52349",24.25,2024,7,25
80535,54515,21373,4,23.0,2025-05-05 10:20:00+00:00,"6987 Jones Courts, East Joesphmouth, OK 16705",92.0,2025,5,5
81103,53103,21621,1,44.0,2024-02-02 19:47:42+00:00,Unknown,44.0,2024,2,2
77928,54844,21541,1,67.19,2024-08-18 18:22:18+00:00,"151 Julio Grove, Larkinbury, SD 76344",67.19,2024,8,18
76788,55639,21353,1,18.25,2024-07-25 00:26:19+00:00,"Suite 784 683 Lean Radial, South Shane, VT 51021-6977",18.25,2024,7,25
76435,54180,21404,1,37.5,2025-02-28 17:42:00+00:00,Unknown,37.5,2025,2,28
82609,53092,21127,2,68.39,2024-08-03 17:12:00+00:00,"Suite 524 48624 Lorraine Islands, North Odis, AK 05508-6282",136.78,2024,8,3
76390,54918,21116,1,41.1,2024-06-10 01:59:30+00:00,Unknown,41.1,2024,6,10
74210,54980,21331,2,73.2,2025-04-18 04:58:02+00:00,"3712 VonRueden Circles, Lake Frederickborough, OR 56142",146.4,2025,4,18
75824,54885,21342,1,46.5,2024-09-26 18:45:03+00:00,Unknown,46.5,2024,9,26
75950,55540,21044,1,24.5,2024-11-09 21:17:23.641000+00:00,Unknown,24.5,2024,11,9
79169,54567,21334,1,40.5,2025-04-01 15:45:00+00:00,Unknown,40.5,2025,4,1
78221,55454,20990,2,22.25,2025-10-08 17:33:36+00:00,Unknown,44.5,2025,10,8
74236,53298,21411,1,20.75,2025-03-24 00:38:29+00:00,Unknown,20.75,2025,3,24
81610,55211,21514,1,37.0,2024-10-06 04:16:00+00:00,Unknown,37.0,2024,10,6
74596,55828,21566,1,53.5,2024-11-11 11:13:04+00:00,"Apt. 431 95735 Runte Throughway, South Johnnie, ID 20187",53.5,2024,11,11
74927,54112,21014,2,70.0,2024-12-19 22:30:29+00:00,"968 Mable Passage, Port Domingo, MT 94347-3950",140.0,2024,12,19
78867,55238,21458,1,46.0,2025-01-16 14:58:38+00:00,Unknown,46.0,2025,1,16
75816,53272,21581,1,27.0,2025-07-15 16:05:35+00:00,Unknown,27.0,2025,7,15
76495,53097,21008,1,23.4,2024-11-04 05:13:00+00:00,Unknown,23.4,2024,11,4
81448,53195,21188,1,49.99,2025-08-08 02:37:00+00:00,Unknown,49.99,2025,8,8
82162,54660,21387,2,15.0,2024-09-25 05:27:30+00:00,Unknown,30.0,2024,9,25
82127,54347,21612,1,73.5,2024-09-05 12:42:21+00:00,Unknown,73.5,2024,9,5
76321,54583,21456,1,51.75,2024-10-15 07:08:41+00:00,Unknown,51.75,2024,10,15
77068,53508,21175,1,22.5,2024-08-10 11:45:08.062000+00:00,Unknown,22.5,2024,8,10
75294,53099,21608,2,70.2,2024-08-27 04:38:00+00:00,Unknown,140.4,2024,8,27
76827,54804,21108,5,25.5,2024-04-14 00:41:00+00:00,Unknown,127.5,2024,4,14
75901,53051,21427,2,61.5,2024-12-06 03:20:48+00:00,Unknown,123.0,2024,12,6
77156,54837,21199,1,39.0,2025-03-02 11:16:00+00:00,Unknown,39.0,2025,3,2
82712,54993,21422,1,20.0,2025-03-22 09:46:55+00:00,Unknown,20.0,2025,3,22
80513,53059,21252,3,47.25,2025-03-10 05:08:00+00:00,"Suite 442 993 Kohler Streets, West Lucila, HI 05615",141.75,2025,3,10
76168,53649,21325,1,85.5,2025-04-29 15:43:38+00:00,"Apt. 670 3559 Tyrone Stream, East Shizuko, MN 52333-0827",85.5,2025,4,29
75354,55424,21286,1,31.99,2024-09-02 23:19:26+00:00,Unknown,31.99,2024,9,2
80779,54801,21531,2,54.0,2024-11-29 02:33:35+00:00,Unknown,108.0,2024,11,29
78508,53927,21030,1,24.0,2024-10-29 02:01:24.746000+00:00,"Suite 862 4374 McClure Camp, Hammesport, NH 20006",24.0,2024,10,29
78539,55384,21431,2,74.7,2024-09-01 09:29:31+00:00,"Suite 374 36712 Mohammad Port, North Elmo, NY 54707-6348",149.4,2024,9,1
81748,55204,21618,1,38.99,2024-08-07 06:47:41+00:00,"Suite 840 782 Siobhan Garden, West Marty, WA 03533-3415",38.99,2024,8,7
76407,55290,21020,1,59.99,2024-10-30 01:10:46.259000+00:00,Unknown,59.99,2024,10,30
78377,55237,21260,1,56.0,2025-01-13 02:25:29+00:00,Unknown,56.0,2025,1,13
81826,53395,21618,1,41.5,2024-08-04 11:53:15+00:00,Unknown,41.5,2024,8,4
75446,54636,21280,1,16.0,2024-12-07 13:41:00+00:00,Unknown,16.0,2024,12,7
77682,55290,21414,1,39.59,2024-04-20 12:01:32+00:00,Unknown,39.59,2024,4,20
76887,54274,21510,1,16.8,2025-02-03 11:01:00+00:00,Unknown,16.8,2025,2,3
78690,54094,21513,1,41.0,2024-07-16 15:49:13+00:00,Unknown,41.0,2024,7,16
76437,55776,21246,2,44.75,2024-10-23 15:56:52+00:00,"274 Johnie Burgs, Alecville, MS 81250",89.5,2024,10,23
75655,55011,21176,1,23.0,2025-06-09 16:51:29+00:00,Unknown,23.0,2025,6,9
80367,53234,21125,1,16.8,2024-11-11 22:59:34+00:00,Unknown,16.8,2024,11,11
76484,54250,21443,1,37.25,2024-12-25 02:16:39+00:00,"36247 Glover Turnpike, Amystad, TX 78387-0276",37.25,2024,12,25
77003,55579,20968,1,66.5,2024-09-04 07:24:15+00:00,"Suite 403 472 Simonis Row, Lake Carisa, WY 03034-9427",66.5,2024,9,4
74853,54712,20925,1,40.0,2024-09-27 19:16:00+00:00,Unknown,40.0,2024,9,27
78922,54926,21654,1,13.0,2024-10-10 03:55:57+00:00,Unknown,13.0,2024,10,10
73537,54418,21363,2,29.0,2025-03-16 13:05:00+00:00,Unknown,58.0,2025,3,16
77438,53721,21493,2,31.75,2024-12-01 04:57:00+00:00,Unknown,63.5,2024,12,1
75515,54626,21247,1,52.75,2024-12-19 07:30:00+00:00,Unknown,52.75,2024,12,19
74753,55097,21036,2,60.5,2024-07-28 15:44:50+00:00,Unknown,121.0,2024,7,28
77749,53422,21327,1,73.25,2025-04-17 01:24:08+00:00,Unknown,73.25,2025,4,17
81094,53262,21637,1,46.8,2025-03-22 09:38:00+00:00,Unknown,46.8,2025,3,22
78246,54219,20928,1,21.5,2024-08-19 09:04:11+00:00,Unknown,21.5,2024,8,19
74728,55542,21524,2,66.5,2025-06-11 23:11:44+00:00,Unknown,133.0,2025,6,11
73363,55805,21392,1,71.0,2025-05-05 21:25:05+00:00,"Apt. 424 57197 Kassulke Villages, New Hong, MO 29867",71.0,2025,5,5
80167,53025,21531,3,53.5,2024-12-01 09:35:37.209000+00:00,Unknown,160.5,2024,12,1
75194,54571,21574,1,26.75,2024-08-09 22:03:47+00:00,"Apt. 987 40614 Owen Flats, Aleenview, DE 66704",26.75,2024,8,9
74784,54238,21440,1,32.0,2025-04-26 19:01:55.786000+00:00,Unknown,32.0,2025,4,26
80253,53780,21604,1,52.99,2024-12-21 04:26:59+00:00,Unknown,52.99,2024,12,21
80381,53455,20981,1,28.2,2024-08-09 05:53:20+00:00,Unknown,28.2,2024,8,9
80545,54935,21519,1,46.0,2025-01-08 12:30:00+00:00,Unknown,46.0,2025,1,8
75267,53020,21159,1,62.5,2025-03-18 21:18:51+00:00,"975 Schaden Burg, Emardville, RI 04007-7245",62.5,2025,3,18
75772,53696,21423,1,74.99,2024-11-08 08:28:00+00:00,Unknown,74.99,2024,11,8
79372,54127,20999,1,39.9,2025-04-09 00:13:00+00:00,Unknown,39.9,2025,4,9
82847,53226,21552,1,40.5,2025-01-20 12:34:00+00:00,Unknown,40.5,2025,1,20
73562,55403,21349,2,57.5,2024-06-04 18:59:44+00:00,"4125 Zemlak Stravenue, East Shanti, CA 37646",115.0,2024,6,4
79969,54951,20978,1,69.0,2024-11-06 09:59:00+00:00,Unknown,69.0,2024,11,6
81915,53715,21407,1,31.8,2024-12-14 03:27:00+00:00,Unknown,31.8,2024,12,14
74775,54932,21273,1,73.0,2025-04-09 13:01:13+00:00,Unknown,73.0,2025,4,9
77216,54621,21422,1,23.25,2024-12-10 17:19:04+00:00,Unknown,23.25,2024,12,10
75090,53599,21461,1,56.39,2024-07-28 21:34:00+00:00,"92573 Charleen Greens, Luettgenville, ID 16908-9425",56.39,2024,7,28
75369,55317,21122,1,80.1,2024-07-13 00:24:39+00:00,Unknown,80.1,2024,7,13
75106,53163,21587,5,14.0,2024-09-29 12:55:46+00:00,"31448 Howell Groves, Lake Jesicaburgh, AR 39788",70.0,2024,9,29
76033,54764,21420,1,68.5,2024-12-30 15:26:26+00:00,Unknown,68.5,2024,12,30
82856,54239,21390,1,47.0,2025-03-11 21:15:25.663000+00:00,Unknown,47.0,2025,3,11
76103,54666,21144,2,73.5,2024-12-30 08:43:00+00:00,Unknown,147.0,2024,12,30
75157,53088,20996,3,52.8,2025-04-13 13:49:06.262000+00:00,Unknown,158.4,2025,4,13
80255,53288,21529,1,65.0,2025-02-01 12:48:13+00:00,"Apt. 942 2842 Murazik Unions, Lake Shanitown, NJ 64173-0301",65.0,2025,2,1
78732,53911,21288,2,29.7,2024-12-07 21:53:18+00:00,Unknown,59.4,2024,12,7
74757,55790,21454,1,48.3,2025-01-28 19:13:00+00:00,"6496 Gleichner Mews, West Anissaport, NV 31145",48.3,2025,1,28
80400,53149,21482,2,44.0,2024-12-01 07:57:24+00:00,Unknown,88.0,2024,12,1
83040,53814,21303,1,25.25,2025-01-23 09:02:00+00:00,Unknown,25.25,2025,1,23
76809,54734,21110,1,35.5,2024-07-11 12:37:38+00:00,Unknown,35.5,2024,7,11
80832,55814,21283,1,38.0,2024-06-11 04:48:00+00:00,Unknown,38.0,2024,6,11
75946,55480,21328,1,33.99,2024-11-16 18:44:47+00:00,"5187 Zieme Creek, North Patrick, NM 96749",33.99,2024,11,16
77173,53943,21317,1,49.75,2024-09-23 09:32:00+00:00,"22571 Shena Oval, West Mellissastad, MN 91780",49.75,2024,9,23
82862,54394,20996,1,46.75,2024-12-14 00:45:19+00:00,Unknown,46.75,2024,12,14
81023,53103,21594,1,63.0,2025-05-19 19:10:10+00:00,Unknown,63.0,2025,5,19
80586,53125,21593,3,58.0,2025-02-12 20:37:44.115000+00:00,"55724 Bernie Bypass, Coleland, FL 79018-0772",174.0,2025,2,12
82949,55250,21182,1,67.75,2025-02-28 10:57:56+00:00,Unknown,67.75,2025,2,28
80792,54829,21589,1,51.9,2024-11-30 15:33:42+00:00,Unknown,51.9,2024,11,30
75327,55361,21518,3,51.0,2025-03-14 01:08:57+00:00,"3385 Timothy Cove, New Verniaborough, UT 73592",153.0,2025,3,14
82235,55652,21373,1,21.75,2024-11-18 19:15:53+00:00,Unknown,21.75,2024,11,18
77652,53796,21545,1,58.0,2025-04-08 14:55:14+00:00,Unknown,58.0,2025,4,8
73815,53304,21047,1,62.4,2025-01-12 21:05:20.308000+00:00,"Apt. 120 47474 Lyndsay Park, Jermaineburgh, MS 47317",62.4,2025,1,12
81382,55730,21443,4,36.99,2024-06-10 17:40:00+00:00,Unknown,147.96,2024,6,10
79230,54099,21406,1,52.0,2024-12-29 05:42:05+00:00,"38052 Ryan Plaza, Wiegandborough, CA 63818-0941",52.0,2024,12,29
74991,55577,21055,1,50.5,2024-08-07 08:35:35.563000+00:00,"Apt. 595 8152 Priscila Drive, Port Amparohaven, NJ 94862-3868",50.5,2024,8,7
81238,54354,21079,1,55.0,2024-11-14 17:59:53.783000+00:00,Unknown,55.0,2024,11,14
81696,55819,20955,2,86.4,2024-11-11 13:06:23+00:00,"231 Colin Bridge, Abernathyborough, ME 29534",172.8,2024,11,11
83066,53140,21561,1,28.75,2024-11-16 09:24:55+00:00,"400 Sharice Point, West Deanne, ND 58544-4579",28.75,2024,11,16
77065,55355,21179,1,55.25,2025-04-02 13:41:05+00:00,Unknown,55.25,2025,4,2
75775,55408,21027,1,39.0,2025-07-21 06:42:09+00:00,Unknown,39.0,2025,7,21
74926,53476,21079,1,54.5,2025-05-26 21:34:22+00:00,Unknown,54.5,2025,5,26
80898,55681,20923,1,32.5,2025-01-20 02:58:05+00:00,Unknown,32.5,2025,1,20
77363,53729,21342,1,45.0,2025-04-11 09:19:42+00:00,Unknown,45.0,2025,4,11
76708,55327,21019,1,79.19,2024-07-31 14:53:00+00:00,Unknown,79.19,2024,7,31
80424,54276,20978,1,57.0,2024-12-19 15:10:00+00:00,"Apt. 107 70866 Warner Trail, Earlside, FL 54601-7676",57.0,2024,12,19
76080,54379,21456,1,63.9,2025-01-10 15:00:27+00:00,Unknown,63.9,2025,1,10
77732,54859,21238,1,55.5,2024-08-12 07:51:28+00:00,"Apt. 996 151 Garland Skyway, Port Neville, NH 79265",55.5,2024,8,12
75193,53390,21479,1,62.75,2025-03-10 08:24:13+00:00,Unknown,62.75,2025,3,10
79545,53830,21074,2,73.75,2024-11-22 09:05:04+00:00,"4018 Tyesha Rapids, New Jaimechester, WA 25925-5236",147.5,2024,11,22
78815,53542,21260,1,52.75,2024-07-02 10:41:36+00:00,Unknown,52.75,2024,7,2
79285,54438,20964,1,73.0,2025-02-09 11:10:15+00:00,Unknown,73.0,2025,2,9
81617,54903,21236,1,88.5,2024-07-02 02:59:03+00:00,Unknown,88.5,2024,7,2
76679,54427,21489,2,61.0,2024-04-09 11:33:00+00:00,Unknown,122.0,2024,4,9
80408,54023,21350,1,56.1,2025-04-24 10:04:58+00:00,Unknown,56.1,2025,4,24
77428,54254,21049,3,74.0,2024-10-26 20:50:20.176000+00:00,Unknown,222.0,2024,10,26
79745,55444,21007,1,35.0,2025-03-14 11:47:48+00:00,Unknown,35.0,2025,3,14
80339,54240,20955,1,73.5,2024-10-08 15:00:00+00:00,"866 Donn Plains, Cordellchester, MT 96424-0400",73.5,2024,10,8
79189,55519,21150,1,76.2,2025-01-15 20:42:31+00:00,"Apt. 966 172 Bogan Ville, Kerluketon, LA 15295-1249",76.2,2025,1,15
81098,53286,21452,4,28.2,2025-05-03 12:32:44+00:00,Unknown,112.8,2025,5,3
78754,55745,21244,1,15.6,2024-09-25 19:40:43+00:00,"Apt. 855 850 Wyman Falls, Lake Edgardofort, DE 34725",15.6,2024,9,25
81437,53500,21048,1,63.5,2024-10-14 00:42:25+00:00,Unknown,63.5,2024,10,14
73414,53796,21165,1,14.0,2024-12-10 01:15:54+00:00,Unknown,14.0,2024,12,10
73658,54129,21140,1,68.25,2024-12-02 17:12:57+00:00,Unknown,68.25,2024,12,2
80877,53620,21607,1,83.4,2025-01-07 01:10:17.852000+00:00,Unknown,83.4,2025,1,7
79992,54594,21646,2,22.8,2024-12-30 23:54:54+00:00,"8060 Irvin Island, North Nellieton, MN 70438-1648",45.6,2024,12,30
74255,54196,21143,5,53.4,2024-12-03 16:24:00+00:00,"6578 Adaline Row, East Shaniburgh, WI 17383-9654",267.0,2024,12,3
76275,53428,21025,1,60.3,2025-05-25 12:28:27+00:00,Unknown,60.3,2025,5,25
74060,54315,21497,1,71.75,2024-07-02 08:18:00+00:00,"Apt. 311 53855 Felton Tunnel, Haleyville, LA 46432",71.75,2024,7,2
81714,54926,21017,2,62.99,2024-11-08 17:25:00+00:00,"Suite 440 71130 Max Mission, South Mosesfort, ID 65434",125.98,2024,11,8
81556,55569,21036,1,65.25,2024-09-24 21:58:55+00:00,"5233 Nita Island, Jesusastad, TX 26453-7060",65.25,2024,9,24
79511,53373,21282,3,57.25,2024-10-14 22:17:19+00:00,Unknown,171.75,2024,10,14
80544,54277,21249,1,67.25,2024-08-06 00:49:00.696000+00:00,Unknown,67.25,2024,8,6
78120,54125,21085,1,25.0,2025-05-12 11:21:00+00:00,"640 Magaly Prairie, Danielfurt, KY 10273",25.0,2025,5,12
78553,53638,21109,1,54.75,2025-03-12 06:32:13+00:00,Unknown,54.75,2025,3,12
80354,54931,21403,2,24.0,2024-10-13 21:47:47+00:00,Unknown,48.0,2024,10,13
74266,55219,21615,3,60.0,2024-12-02 19:14:05+00:00,Unknown,180.0,2024,12,2
78104,54575,21460,1,35.5,2025-02-12 05:03:00+00:00,Unknown,35.5,2025,2,12
76132,55298,21265,2,72.25,2025-02-17 01:37:16+00:00,Unknown,144.5,2025,2,17
77026,55102,21155,3,81.9,2025-03-06 17:30:34+00:00,Unknown,245.7,2025,3,6
73994,53435,21199,3,39.0,2025-05-09 18:48:50+00:00,Unknown,117.0,2025,5,9
79084,55233,21464,2,32.7,2024-11-05 22:24:23.696000+00:00,Unknown,65.4,2024,11,5
81757,55310,21555,1,65.75,2025-02-27 05:15:11+00:00,Unknown,65.75,2025,2,27
73881,54280,21555,1,60.5,2024-10-11 18:49:11+00:00,Unknown,60.5,2024,10,11
76282,55033,21051,1,70.5,2024-09-01 08:36:00+00:00,"Suite 247 1366 Jonah Flat, Melaineland, OK 65572",70.5,2024,9,1
74923,55092,21553,1,18.75,2024-07-04 11:16:00+00:00,Unknown,18.75,2024,7,4
77193,53583,21496,1,32.7,2025-01-08 01:16:29+00:00,Unknown,32.7,2025,1,8
78740,53980,21351,1,51.5,2025-03-30 06:46:01+00:00,Unknown,51.5,2025,3,30
79944,54432,21199,1,51.0,2025-01-05 23:45:17+00:00,Unknown,51.0,2025,1,5
77975,54701,21128,1,76.79,2024-05-06 18:29:00+00:00,Unknown,76.79,2024,5,6
74657,54779,21039,1,31.75,2024-12-22 16:32:39+00:00,Unknown,31.75,2024,12,22
73749,54094,21640,1,57.5,2025-04-28 19:17:17+00:00,Unknown,57.5,2025,4,28
81493,55634,21307,1,78.6,2025-02-23 18:15:34+00:00,Unknown,78.6,2025,2,23
73705,54154,21175,1,27.0,2024-04-06 00:02:28+00:00,"387 Tien Land, East Arlettafort, MA 52941-6883",27.0,2024,4,6
80215,53120,21451,1,59.0,2024-11-29 15:59:10.986000+00:00,Unknown,59.0,2024,11,29
77469,53638,21043,1,18.25,2024-12-27 03:10:00+00:00,"Suite 362 136 Stokes Roads, Virgilside, CA 20988-7565",18.25,2024,12,27
76835,53281,21156,2,82.8,2024-10-12 01:11:12+00:00,"Apt. 388 26979 Rhonda Valleys, Port Mirta, MN 35881",165.6,2024,10,12
73907,53902,21250,1,23.5,2025-03-21 21:53:03.927000+00:00,Unknown,23.5,2025,3,21
74828,53862,21124,1,35.99,2025-01-21 23:59:46+00:00,Unknown,35.99,2025,1,21
79685,54679,21278,1,32.0,2025-02-08 10:38:36+00:00,"Suite 697 71315 Koelpin Terrace, Funkside, WA 74216-1609",32.0,2025,2,8
76232,55217,21588,1,48.0,2025-03-22 04:23:29+00:00,"Apt. 983 4140 Nienow Terrace, Daronfurt, UT 60950",48.0,2025,3,22
78287,54116,20976,2,61.19,2024-10-31 00:08:45+00:00,Unknown,122.38,2024,10,31
76108,54106,20929,2,46.25,2025-01-26 10:41:19.114000+00:00,Unknown,92.5,2025,1,26
76605,54731,21486,1,41.5,2025-06-28 21:13:00+00:00,Unknown,41.5,2025,6,28
74469,53206,21548,1,65.25,2025-05-08 00:58:39+00:00,Unknown,65.25,2025,5,8
76429,53432,21509,1,15.99,2025-01-12 16:59:37+00:00,Unknown,15.99,2025,1,12
81055,53329,21156,2,74.25,2024-10-13 18:49:51+00:00,"99197 Mario Coves, South Charlsiemouth, TX 79613",148.5,2024,10,13
80838,53338,20940,1,72.6,2024-09-26 00:21:55+00:00,"849 Dach Extensions, East Ashlishire, WA 85644-8345",72.6,2024,9,26
82600,53451,21072,1,71.0,2024-04-22 23:13:00+00:00,Unknown,71.0,2024,4,22
74310,54621,21463,3,72.0,2024-10-15 15:58:47+00:00,Unknown,216.0,2024,10,15
81185,54770,20955,3,76.0,2025-02-15 03:57:03.546000+00:00,Unknown,228.0,2025,2,15
78916,54807,20996,1,47.0,2024-08-29 16:53:20+00:00,Unknown,47.0,2024,8,29
73933,54465,21355,2,59.7,2024-06-19 06:04:00+00:00,Unknown,119.4,2024,6,19
76595,54782,21565,1,72.3,2025-04-02 05:31:31+00:00,"Apt. 990 15968 Kuvalis River, West Alishire, WY 95556-0877",72.3,2025,4,2
82176,55756,20963,1,72.0,2024-09-04 08:03:20+00:00,Unknown,72.0,2024,9,4
74070,53656,20988,1,59.5,2025-04-23 16:59:00.683000+00:00,Unknown,59.5,2025,4,23
76529,55225,21300,1,72.6,2025-01-31 02:55:03.665000+00:00,Unknown,72.6,2025,1,31
76125,54760,21054,1,21.6,2025-01-05 06:49:38+00:00,Unknown,21.6,2025,1,5
81553,53656,21104,1,19.0,2025-04-04 20:43:15+00:00,Unknown,19.0,2025,4,4
77752,54674,21541,2,56.25,2025-02-23 08:33:05+00:00,Unknown,112.5,2025,2,23
76046,53458,21140,2,87.59,2024-08-03 21:03:00+00:00,Unknown,175.18,2024,8,3
73518,54829,21267,2,45.99,2024-09-23 04:24:46+00:00,Unknown,91.98,2024,9,23
79658,54797,21306,1,44.1,2024-10-26 01:52:00+00:00,Unknown,44.1,2024,10,26
73626,54679,21604,1,51.75,2025-03-11 07:19:00+00:00,Unknown,51.75,2025,3,11
77148,55589,21299,1,25.8,2025-01-04 02:26:57+00:00,Unknown,25.8,2025,1,4
81309,55407,21470,2,82.2,2025-04-25 07:42:03+00:00,Unknown,164.4,2025,4,25
77813,53171,20998,1,46.5,2024-09-09 16:34:05.095000+00:00,Unknown,46.5,2024,9,9
74140,53922,21327,2,91.19,2025-06-19 17:38:27+00:00,"Suite 116 291 Bosco Highway, Gutmannborough, WA 46278-6669",182.38,2025,6,19
83039,53605,21091,1,30.25,2025-04-03 16:10:28+00:00,Unknown,30.25,2025,4,3
79629,54894,21007,1,35.5,2024-06-19 01:53:32+00:00,"Apt. 759 40406 Swift Haven, Quintinbury, OR 94113",35.5,2024,6,19
78942,54400,21399,1,69.0,2025-05-29 20:11:47+00:00,"Apt. 233 635 Elbert Way, South Terranceshire, AL 70346-2576",69.0,2025,5,29
76270,55604,21188,1,49.0,2024-12-29 06:32:09.721000+00:00,Unknown,49.0,2024,12,29
79475,54523,21440,1,33.5,2024-11-17 04:53:30+00:00,"61178 Jerde Greens, Cruickshankshire, KS 02974-4922",33.5,2024,11,17
80418,55591,21308,2,60.25,2024-11-15 21:22:01+00:00,Unknown,120.5,2024,11,15
74274,55395,21545,2,63.99,2024-12-01 17:48:06+00:00,"8740 Earl Stream, Balistrerihaven, NY 97853-4304",127.98,2024,12,1
77365,53811,21328,2,38.75,2024-09-15 08:14:12+00:00,Unknown,77.5,2024,9,15
74701,53109,21086,3,83.4,2024-11-30 15:14:32+00:00,Unknown,250.2,2024,11,30
81534,54998,21420,1,68.75,2025-03-07 14:50:00+00:00,"Suite 658 15821 Shonta Forges, New Stellahaven, SD 53542-2097",68.75,2025,3,7
78804,55463,21427,1,60.5,2025-02-23 05:22:00+00:00,Unknown,60.5,2025,2,23
76481,54924,21568,1,88.8,2025-09-02 01:36:33+00:00,Unknown,88.8,2025,9,2
74403,54500,21136,1,72.0,2025-03-11 16:42:02+00:00,Unknown,72.0,2025,3,11
76174,53419,21070,1,27.6,2025-04-05 23:32:52+00:00,Unknown,27.6,2025,4,5
77387,53681,21256,1,70.8,2024-10-06 17:47:53+00:00,"210 Paul Spring, Port Dung, NM 51964-4026",70.8,2024,10,6
80664,55525,21105,1,63.0,2025-03-13 08:38:06+00:00,"14729 Katina Road, Schillerton, AZ 96136-9270",63.0,2025,3,13
80874,55610,21519,1,46.0,2025-03-29 07:28:42+00:00,Unknown,46.0,2025,3,29
80854,54022,21550,3,46.2,2025-01-28 23:14:16+00:00,"Suite 524 21607 Jolynn Junction, Hettingerbury, MD 84548-7889",138.6,2025,1,28
77609,54058,21405,1,47.0,2024-10-03 01:22:00+00:00,"Suite 227 66101 Sanford Lodge, Stromanland, DE 53746",47.0,2024,10,3
75959,53800,21393,1,40.0,2024-09-12 12:44:13+00:00,"24122 Denesik Brooks, Kuvalisfort, VT 20339-9632",40.0,2024,9,12
82948,55440,21160,2,23.7,2025-02-28 11:35:06+00:00,Unknown,47.4,2025,2,28
73775,54993,21553,1,22.79,2025-08-10 05:00:37+00:00,"Apt. 546 80595 Little Islands, Lake Al, NV 81762",22.79,2025,8,10
77695,54052,20925,2,40.0,2025-04-04 23:09:06+00:00,Unknown,80.0,2025,4,4
75663,55670,21408,1,19.0,2024-10-02 21:53:33+00:00,"607 Stacey Fort, Montychester, PA 69882",19.0,2024,10,2
74399,55619,21524,2,78.6,2025-05-24 11:37:00+00:00,Unknown,157.2,2025,5,24
82288,54741,21607,1,73.99,2024-05-15 14:56:41+00:00,Unknown,73.99,2024,5,15
78958,55628,21587,3,16.25,2025-01-06 17:26:00+00:00,Unknown,48.75,2025,1,6
78264,55352,21011,1,34.25,2025-07-19 22:22:12+00:00,Unknown,34.25,2025,7,19
81732,53848,21249,1,69.75,2025-05-27 13:54:00+00:00,Unknown,69.75,2025,5,27
74167,53303,21467,1,47.0,2024-12-31 00:13:19+00:00,Unknown,47.0,2024,12,31
81364,53965,21422,1,20.75,2025-02-28 13:56:50+00:00,Unknown,20.75,2025,2,28
81369,54860,21040,1,59.0,2024-11-12 20:58:42+00:00,Unknown,59.0,2024,11,12
77422,55214,21506,2,41.1,2024-05-01 16:10:46+00:00,Unknown,82.2,2024,5,1
81473,54920,21032,1,17.4,2024-10-27 05:07:18+00:00,Unknown,17.4,2024,10,27
78931,55103,21111,1,38.1,2025-01-08 18:25:17+00:00,Unknown,38.1,2025,1,8
75668,53346,21527,2,59.99,2024-08-11 19:37:03+00:00,"54832 Refugio Isle, North Alexander, MS 61644-2606",119.98,2024,8,11
79833,55671,21055,2,47.0,2024-10-03 18:57:00+00:00,Unknown,94.0,2024,10,3
81738,55737,21364,1,64.0,2024-07-24 06:42:00+00:00,Unknown,64.0,2024,7,24
82345,55373,21386,1,54.0,2024-12-27 23:13:12+00:00,Unknown,54.0,2024,12,27
78673,54019,21255,1,43.5,2025-02-14 07:40:00+00:00,Unknown,43.5,2025,2,14
77865,53740,21570,1,55.2,2025-03-20 17:15:26.634000+00:00,Unknown,55.2,2025,3,20
73505,53245,21067,1,63.6,2025-04-06 08:12:25+00:00,"957 Sawayn Walks, Lake Kelvin, NE 06419-2537",63.6,2025,4,6
75058,53059,21223,1,70.75,2025-06-21 20:58:31+00:00,Unknown,70.75,2025,6,21
73436,54062,20966,3,38.25,2024-05-16 01:47:46.871000+00:00,Unknown,114.75,2024,5,16
80009,53269,21360,1,50.99,2024-09-25 15:31:00+00:00,Unknown,50.99,2024,9,25
80258,55650,21558,1,27.5,2025-04-28 23:07:05+00:00,Unknown,27.5,2025,4,28
79384,53075,21441,2,23.1,2024-08-06 09:19:23+00:00,Unknown,46.2,2024,8,6
75807,54997,21291,1,30.5,2025-01-11 22:14:59.269000+00:00,Unknown,30.5,2025,1,11
75301,54935,21512,1,62.0,2025-02-26 18:56:27+00:00,Unknown,62.0,2025,2,26
74324,54518,21380,4,33.5,2025-01-01 09:03:55+00:00,Unknown,134.0,2025,1,1
75342,54238,21039,1,36.0,2025-04-13 04:28:00+00:00,Unknown,36.0,2025,4,13
75570,55492,21294,1,24.99,2024-12-07 22:58:24+00:00,Unknown,24.99,2024,12,7
74864,53691,21150,1,61.0,2025-03-29 09:30:43+00:00,Unknown,61.0,2025,3,29
77655,53368,21453,5,68.0,2024-03-22 23:21:00+00:00,"962 Hector Loaf, West Gladis, IN 56586",340.0,2024,3,22
78788,53968,21381,2,40.8,2024-11-04 06:41:00+00:00,Unknown,81.6,2024,11,4
80583,54073,21111,2,36.9,2024-12-03 08:40:00+00:00,Unknown,73.8,2024,12,3
82676,53441,20966,1,48.6,2024-06-19 07:49:19+00:00,Unknown,48.6,2024,6,19
81467,53055,20970,5,42.75,2024-02-26 09:34:00+00:00,Unknown,213.75,2024,2,26
82903,53141,21419,2,84.0,2025-06-08 09:19:32+00:00,Unknown,168.0,2025,6,8
79824,53262,21496,1,29.99,2024-12-15 09:46:35+00:00,Unknown,29.99,2024,12,15
82644,53369,21107,2,65.99,2024-12-23 03:06:13+00:00,Unknown,131.98,2024,12,23
80034,53945,20963,1,58.5,2024-10-28 13:51:53+00:00,Unknown,58.5,2024,10,28
82547,55528,21280,1,21.9,2025-01-02 17:48:04+00:00,"9340 Schinner Glen, Clementside, NJ 57550-9804",21.9,2025,1,2
73615,53185,21115,1,69.5,2024-07-20 02:10:00+00:00,Unknown,69.5,2024,7,20
82324,55186,20940,2,71.99,2025-08-05 17:33:07+00:00,Unknown,143.98,2025,8,5
79821,55180,21374,1,29.4,2024-09-30 06:46:22+00:00,Unknown,29.4,2024,9,30
75419,54324,21182,1,68.0,2025-05-29 00:06:00+00:00,Unknown,68.0,2025,5,29
77088,53259,21486,1,37.5,2024-08-16 13:12:55+00:00,Unknown,37.5,2024,8,16
81615,53890,21380,1,45.6,2025-01-10 05:23:56+00:00,Unknown,45.6,2025,1,10
76543,53235,21019,1,64.0,2025-03-19 19:23:00+00:00,Unknown,64.0,2025,3,19
82524,55359,21116,1,43.5,2025-05-07 11:55:31+00:00,Unknown,43.5,2025,5,7
74678,54494,21559,1,76.5,2025-03-14 09:46:29+00:00,Unknown,76.5,2025,3,14
75527,53781,21265,2,91.19,2024-12-15 10:36:42+00:00,Unknown,182.38,2024,12,15
73485,55162,20918,1,17.0,2025-01-24 17:20:00+00:00,Unknown,17.0,2025,1,24
80599,53717,20949,1,45.0,2024-10-02 05:51:44+00:00,Unknown,45.0,2024,10,2
79102,55635,21386,1,50.4,2024-10-05 16:39:11.627000+00:00,"Suite 126 4860 Shanda Summit, East Nicky, NV 04526-0097",50.4,2024,10,5
81820,55572,21358,5,44.5,2024-09-12 10:20:19+00:00,"Apt. 781 680 Dalia Skyway, New Rolandoton, NE 18959-9261",222.5,2024,9,12
76694,53583,21084,2,86.1,2024-11-10 11:54:33+00:00,"3740 Lemke Creek, Konopelskihaven, ME 71939-4348",172.2,2024,11,10
79923,54573,21410,3,23.75,2025-03-05 09:01:51+00:00,Unknown,71.25,2025,3,5
73998,53345,21334,1,51.6,2025-07-15 23:45:11+00:00,Unknown,51.6,2025,7,15
82820,55651,21074,1,72.5,2025-07-26 17:10:02+00:00,Unknown,72.5,2025,7,26
78726,55767,21173,1,22.99,2024-09-10 23:02:55+00:00,Unknown,22.99,2024,9,10
81872,53570,21277,1,61.25,2024-07-14 06:27:39+00:00,Unknown,61.25,2024,7,14
81719,53805,21560,2,63.59,2024-09-17 05:48:22+00:00,Unknown,127.18,2024,9,17
83094,54235,21454,1,45.9,2025-03-31 01:23:00+00:00,Unknown,45.9,2025,3,31
75947,53688,21083,4,21.5,2024-07-13 16:48:46.032000+00:00,Unknown,86.0,2024,7,13
81095,55268,21150,2,65.25,2024-05-10 03:12:00+00:00,Unknown,130.5,2024,5,10
75216,53153,21595,3,49.99,2025-01-14 21:28:12+00:00,Unknown,149.97,2025,1,14
77911,53261,21280,1,18.0,2025-03-07 21:19:00+00:00,"Apt. 398 954 Conchita Bypass, Rickyburgh, TX 94527",18.0,2025,3,7
82067,53241,21376,1,59.0,2024-09-03 15:26:03+00:00,Unknown,59.0,2024,9,3
77763,53060,21130,1,51.6,2024-12-04 02:01:29+00:00,Unknown,51.6,2024,12,4
76594,54799,21080,1,22.0,2024-06-06 19:38:47+00:00,Unknown,22.0,2024,6,6
79765,55759,21413,1,60.0,2024-11-12 13:37:00+00:00,"Suite 481 43260 Schultz Vista, Lake Ron, WV 09272-0936",60.0,2024,11,12
78615,53042,21634,1,32.1,2024-10-01 18:22:22+00:00,Unknown,32.1,2024,10,1
77653,55596,21626,3,65.0,2024-08-09 09:05:00+00:00,Unknown,195.0,2024,8,9
81549,53618,21353,1,20.0,2025-01-11 21:21:44+00:00,Unknown,20.0,2025,1,11
78697,54081,21146,3,60.3,2024-11-28 15:18:00+00:00,Unknown,180.9,2024,11,28
81442,55121,21573,1,24.25,2025-05-12 09:38:15+00:00,"26587 Klein Meadows, Samuelshire, WA 70041-2564",24.25,2025,5,12
80750,53725,21322,1,34.2,2024-04-28 19:40:21+00:00,Unknown,34.2,2024,4,28
78482,53582,21142,1,38.0,2024-07-12 01:05:29+00:00,Unknown,38.0,2024,7,12
82864,54709,21050,1,17.5,2025-01-16 08:18:00+00:00,Unknown,17.5,2025,1,16
79250,53941,21042,1,21.5,2025-05-30 03:33:19+00:00,Unknown,21.5,2025,5,30
78158,55745,21617,1,19.5,2024-11-13 06:11:57+00:00,Unknown,19.5,2024,11,13
82537,54473,21237,2,22.99,2024-08-26 14:55:00+00:00,Unknown,45.98,2024,8,26
79587,53620,20944,1,33.5,2024-07-22 14:18:48+00:00,"1183 Schneider Trail, Port Gabrielchester, HI 58744",33.5,2024,7,22
77111,53482,21554,2,30.5,2025-05-26 15:38:13+00:00,Unknown,61.0,2025,5,26
79380,54674,21233,2,44.0,2024-03-16 13:28:03+00:00,"6161 Mayert Meadow, East Brendanmouth, CO 49504-1457",88.0,2024,3,16
82212,55273,21173,2,20.5,2024-03-06 03:03:58+00:00,Unknown,41.0,2024,3,6
81929,53223,20957,4,71.4,2024-06-13 13:48:29+00:00,Unknown,285.6,2024,6,13
76916,54277,20923,4,40.8,2024-10-15 22:45:08+00:00,Unknown,163.2,2024,10,15
78518,54002,21377,2,64.79,2024-03-18 20:06:00+00:00,Unknown,129.58,2024,3,18
79469,53022,21329,1,40.0,2024-10-29 19:44:00+00:00,Unknown,40.0,2024,10,29
79769,55675,20961,1,41.1,2024-09-27 11:27:52+00:00,Unknown,41.1,2024,9,27
78106,53232,21342,1,55.19,2025-05-01 04:00:50+00:00,Unknown,55.19,2025,5,1
78110,54923,21178,1,46.0,2024-08-04 23:28:12+00:00,Unknown,46.0,2024,8,4
75804,55358,21018,2,46.99,2024-11-24 20:39:02+00:00,Unknown,93.98,2024,11,24
78176,54335,21011,1,33.0,2024-10-04 21:11:55+00:00,Unknown,33.0,2024,10,4
81302,55357,21446,1,33.0,2025-05-10 16:46:28+00:00,Unknown,33.0,2025,5,10
78700,53183,21029,1,49.5,2024-09-21 15:02:12+00:00,Unknown,49.5,2024,9,21
81215,53900,21293,1,58.99,2024-10-08 00:16:59+00:00,Unknown,58.99,2024,10,8
81668,55176,21657,1,19.2,2025-01-19 03:52:39+00:00,Unknown,19.2,2025,1,19
82577,53307,21277,1,61.0,2024-11-10 23:16:23+00:00,Unknown,61.0,2024,11,10
74112,54969,21548,1,64.5,2025-03-11 00:51:00+00:00,Unknown,64.5,2025,3,11
78241,53221,21426,1,21.99,2025-01-15 15:11:28.500000+00:00,"825 Wyman Cliff, Traciefort, WA 81575-7377",21.99,2025,1,15
82247,54175,21535,1,69.5,2025-06-04 15:43:04+00:00,Unknown,69.5,2025,6,4
77827,55638,21458,3,47.5,2024-11-15 14:32:36+00:00,Unknown,142.5,2024,11,15
76617,55068,21634,3,28.8,2024-03-14 03:08:00+00:00,Unknown,86.4,2024,3,14
76178,53705,21249,1,84.3,2024-05-15 07:14:00+00:00,Unknown,84.3,2024,5,15
78348,53393,21557,2,69.99,2024-11-18 20:24:00+00:00,Unknown,139.98,2024,11,18
76511,54679,21577,2,30.9,2024-11-15 06:56:18+00:00,Unknown,61.8,2024,11,15
77253,55074,21430,1,29.75,2025-08-01 07:33:24.003000+00:00,"62431 Lynch Haven, West Claudetteville, OH 99996",29.75,2025,8,1
78679,55175,21067,1,58.5,2024-07-13 16:32:00+00:00,Unknown,58.5,2024,7,13
75036,55389,21027,1,29.5,2024-10-22 17:10:41.227000+00:00,Unknown,29.5,2024,10,22
82020,54941,21357,2,41.5,2025-07-20 04:42:00+00:00,Unknown,83.0,2025,7,20
77314,55546,21203,3,39.59,2024-10-10 09:51:30+00:00,Unknown,118.77,2024,10,10
76632,55183,21035,1,43.0,2024-10-01 09:08:03+00:00,Unknown,43.0,2024,10,1
75988,54716,20938,1,22.5,2024-08-14 04:53:22+00:00,Unknown,22.5,2024,8,14
81270,55452,20937,1,28.99,2024-08-03 05:31:00+00:00,Unknown,28.99,2024,8,3
81450,54098,21157,1,34.8,2025-03-21 13:57:45+00:00,"91635 Ina Bypass, Dalilaville, MS 82096-0446",34.8,2025,3,21
81593,53217,21351,2,50.99,2025-02-26 19:13:11+00:00,"33973 Zemlak Radial, Conroymouth, HI 98642",101.98,2025,2,26
76039,53188,21426,1,23.5,2025-01-24 08:06:43+00:00,Unknown,23.5,2025,1,24
78960,53660,21032,5,14.0,2024-11-05 22:01:42+00:00,Unknown,70.0,2024,11,5
76269,55381,21425,1,40.0,2024-08-19 13:40:21+00:00,Unknown,40.0,2024,8,19
76204,53267,21238,1,56.99,2025-06-07 09:01:00+00:00,Unknown,56.99,2025,6,7
78265,53087,20938,1,22.75,2024-12-04 04:00:09+00:00,"Apt. 627 85162 Conroy Point, Shanonstad, ME 94774-9566",22.75,2024,12,4
82359,55168,21017,2,60.5,2025-02-24 06:11:52+00:00,Unknown,121.0,2025,2,24
80835,53740,20975,2,69.99,2024-10-28 15:05:00+00:00,Unknown,139.98,2024,10,28
79983,53572,21185,2,39.3,2024-07-12 16:37:00+00:00,Unknown,78.6,2024,7,12
73689,55705,20936,1,56.0,2024-11-26 11:17:36+00:00,"28496 Watsica Square, Feleciafort, NY 34371",56.0,2024,11,26
78134,54622,21288,3,25.5,2024-10-23 21:21:34+00:00,Unknown,76.5,2024,10,23
82410,53356,21486,1,38.25,2024-04-25 23:29:52+00:00,Unknown,38.25,2024,4,25
81194,54304,21259,1,27.0,2025-06-27 07:26:00+00:00,Unknown,27.0,2025,6,27
83001,53899,21638,1,61.75,2024-08-18 16:49:00+00:00,Unknown,61.75,2024,8,18
74326,55376,20993,1,27.0,2024-09-24 01:53:06+00:00,Unknown,27.0,2024,9,24
74632,55732,21636,1,51.0,2024-12-30 00:45:59+00:00,"774 Harris Hill, Lake Eufemiatown, NJ 17122",51.0,2024,12,30
78334,53783,21244,3,13.5,2024-03-27 11:01:19+00:00,Unknown,40.5,2024,3,27
77375,55639,21295,1,20.7,2024-10-20 16:58:47+00:00,Unknown,20.7,2024,10,20
77344,55181,21201,1,79.19,2024-12-11 07:30:00+00:00,"11190 Kozey Springs, Lake Summer, UT 70544",79.19,2024,12,11
77037,53495,21325,1,68.25,2024-08-31 19:03:58+00:00,Unknown,68.25,2024,8,31
82965,54670,21008,1,27.59,2024-09-03 14:33:24+00:00,"Apt. 887 84999 Cronin Drive, Dibbertside, FL 93820",27.59,2024,9,3
82485,54652,20988,1,59.0,2025-01-27 16:57:53+00:00,Unknown,59.0,2025,1,27
78550,54626,21626,2,67.75,2025-05-09 16:37:00+00:00,Unknown,135.5,2025,5,9
76460,55326,21048,3,74.4,2025-10-14 23:09:48+00:00,Unknown,223.2,2025,10,14
73416,55583,21099,1,30.99,2024-05-23 20:14:52+00:00,"705 Andria Lakes, South Melissa, AK 42502",30.99,2024,5,23
76803,54788,21423,1,84.0,2025-06-16 12:18:00+00:00,Unknown,84.0,2025,6,16
78442,53147,21218,1,42.0,2024-08-04 06:24:21+00:00,Unknown,42.0,2024,8,4
73806,54104,21490,1,43.75,2025-10-04 06:06:06+00:00,"Apt. 558 7552 Ryan Inlet, Margretfurt, CO 95701",43.75,2025,10,4
80635,54085,21285,1,65.5,2025-06-10 07:41:00+00:00,Unknown,65.5,2025,6,10
79515,53046,21635,1,27.0,2024-02-24 01:53:00+00:00,Unknown,27.0,2024,2,24
82958,53619,21258,1,26.4,2024-08-13 08:36:50.351000+00:00,Unknown,26.4,2024,8,13
75373,53773,21558,3,28.5,2025-09-24 09:21:00+00:00,"Apt. 522 561 Tyree Station, East Erik, SC 63724-2072",85.5,2025,9,24
78458,53470,21587,1,13.0,2024-09-07 08:59:41.056000+00:00,Unknown,13.0,2024,9,7
74420,53863,21571,1,15.0,2024-12-01 18:32:00+00:00,Unknown,15.0,2024,12,1
79178,55716,21316,2,26.0,2024-10-19 17:52:53+00:00,Unknown,52.0,2024,10,19
79105,53707,20935,1,33.0,2024-06-13 09:45:29+00:00,Unknown,33.0,2024,6,13
81659,54645,21514,4,44.4,2025-05-11 07:30:00+00:00,Unknown,177.6,2025,5,11
76725,54312,21102,4,50.5,2024-07-22 22:53:00+00:00,"961 Melvin Extensions, North Courtney, TX 20947-0624",202.0,2024,7,22
75177,53964,21614,4,74.5,2025-01-11 06:38:43+00:00,Unknown,298.0,2025,1,11
81928,54073,21657,1,17.0,2025-03-08 15:09:00+00:00,Unknown,17.0,2025,3,8
80928,55755,21147,1,29.0,2024-11-30 12:38:58+00:00,Unknown,29.0,2024,11,30
78636,54750,21387,2,14.5,2024-09-27 07:18:18+00:00,Unknown,29.0,2024,9,27
77896,54231,21188,1,52.0,2024-12-06 23:18:00+00:00,Unknown,52.0,2024,12,6
77064,54847,21347,1,45.0,2024-09-25 20:17:06+00:00,"501 Skiles Freeway, West Anthonyshire, MO 20485",45.0,2024,9,25
80206,55811,20937,1,23.99,2024-10-05 10:49:38+00:00,Unknown,23.99,2024,10,5
74448,53509,21239,1,32.25,2024-11-09 16:46:18+00:00,Unknown,32.25,2024,11,9
74004,54945,21418,4,64.0,2024-12-19 16:00:33+00:00,Unknown,256.0,2024,12,19
78273,53859,21280,1,16.99,2025-05-28 23:08:02.019000+00:00,Unknown,16.99,2025,5,28
81899,55679,20924,1,75.9,2025-05-26 01:40:00.165000+00:00,Unknown,75.9,2025,5,26
79608,53508,21347,1,57.0,2024-11-22 09:44:00+00:00,"Apt. 555 70806 Gibson Fork, Gleichnerville, ND 45856-8737",57.0,2024,11,22
75339,53378,21179,1,69.0,2025-04-17 09:46:46+00:00,Unknown,69.0,2025,4,17
78016,54362,21444,1,73.19,2024-12-27 12:07:35+00:00,"Suite 165 86791 Tommie Mountain, North Venessa, CO 57480",73.19,2024,12,27
74135,54871,21238,1,60.99,2024-11-15 08:09:24+00:00,Unknown,60.99,2024,11,15
74819,54179,21580,1,78.0,2025-02-27 06:36:36+00:00,"699 Thelma Trace, Auerview, ME 26656-9545",78.0,2025,2,27
82401,54145,21319,1,54.5,2024-05-14 08:23:31+00:00,Unknown,54.5,2024,5,14
80964,53808,20956,2,62.75,2025-01-10 18:17:00+00:00,Unknown,125.5,2025,1,10
79087,53099,21550,2,48.0,2024-12-31 04:12:17+00:00,Unknown,96.0,2024,12,31
76590,54227,21589,2,49.2,2024-08-14 11:48:53+00:00,Unknown,98.4,2024,8,14
75440,53398,21002,2,47.1,2024-08-10 10:12:00+00:00,Unknown,94.2,2024,8,10
76731,55639,21488,2,33.0,2024-10-29 14:53:00+00:00,"Suite 784 683 Lean Radial, South Shane, VT 51021-6977",66.0,2024,10,29
80781,53968,20990,1,24.25,2024-11-18 17:43:02+00:00,Unknown,24.25,2024,11,18
82329,54392,21609,1,20.4,2024-12-26 07:33:57+00:00,Unknown,20.4,2024,12,26
77491,53581,21329,1,42.5,2024-10-24 21:28:29+00:00,Unknown,42.5,2024,10,24
82106,55802,20979,1,68.0,2024-11-23 09:32:00+00:00,Unknown,68.0,2024,11,23
74993,53421,21345,1,66.6,2025-04-28 11:59:39+00:00,Unknown,66.6,2025,4,28
78568,55447,21618,1,38.5,2025-05-27 14:31:33+00:00,"33749 Donnelly Knoll, North Derek, NC 47440-9188",38.5,2025,5,27
73648,55466,20996,2,55.2,2024-08-15 23:00:02+00:00,Unknown,110.4,2024,8,15
78784,53157,21081,1,70.5,2025-05-01 20:08:25+00:00,Unknown,70.5,2025,5,1
76740,54593,21112,1,30.0,2025-04-04 15:54:33+00:00,Unknown,30.0,2025,4,4
73631,55071,21478,1,71.0,2024-10-31 05:23:02+00:00,Unknown,71.0,2024,10,31
75032,53103,21230,1,33.3,2025-02-17 08:01:00+00:00,Unknown,33.3,2025,2,17
73673,54710,21296,1,40.0,2025-08-07 08:07:38+00:00,Unknown,40.0,2025,8,7
79505,53948,21521,1,63.9,2024-11-22 03:43:02+00:00,"Suite 101 925 Eda Ridge, Matthewland, TN 85866",63.9,2024,11,22
77015,55581,21355,1,51.0,2024-11-08 13:46:08+00:00,Unknown,51.0,2024,11,8
77635,54537,20953,1,48.5,2025-07-04 09:03:57+00:00,Unknown,48.5,2025,7,4
83103,54959,21462,1,33.0,2024-05-22 05:36:26+00:00,Unknown,33.0,2024,5,22
82298,55675,21101,2,20.0,2025-01-16 02:16:08+00:00,"984 Considine Forges, West Yen, WV 58764-1170",40.0,2025,1,16
77057,55738,21086,2,65.99,2024-08-06 06:49:00+00:00,Unknown,131.98,2024,8,6
74046,54691,21598,1,38.5,2024-09-26 01:22:17+00:00,"Suite 874 74687 Margie Viaduct, Weldonberg, KS 93860",38.5,2024,9,26
79424,54333,21544,4,34.2,2024-02-25 20:43:52.711000+00:00,Unknown,136.8,2024,2,25
75002,55680,21438,2,76.8,2024-08-18 16:02:00+00:00,Unknown,153.6,2024,8,18
76399,53449,21113,2,65.1,2024-09-19 20:36:39+00:00,Unknown,130.2,2024,9,19
77136,54687,21563,4,58.0,2024-09-16 21:56:22+00:00,"Apt. 486 79061 Estell Way, West Marty, IA 39339-8437",232.0,2024,9,16
81419,55327,21628,1,29.25,2025-05-31 14:21:11+00:00,Unknown,29.25,2025,5,31
76392,54102,21337,1,70.0,2025-03-21 15:07:35+00:00,"Suite 260 136 Fadel Oval, Gleichnerburgh, MN 50803-0235",70.0,2025,3,21
76470,53700,21318,2,62.4,2025-02-12 07:14:30+00:00,Unknown,124.8,2025,2,12
76078,53729,21337,1,86.7,2024-12-31 17:25:00+00:00,Unknown,86.7,2024,12,31
73656,55476,21299,1,28.2,2025-03-19 07:32:59.757000+00:00,Unknown,28.2,2025,3,19
83115,54661,21280,1,20.5,2024-07-10 02:06:32+00:00,Unknown,20.5,2024,7,10
81320,55517,21383,1,41.5,2024-09-08 17:05:17+00:00,Unknown,41.5,2024,9,8
74319,53730,20929,1,48.75,2024-11-26 02:19:24+00:00,"Apt. 991 8136 Krajcik Club, Manteberg, NC 13118",48.75,2024,11,26
79600,55442,21025,2,60.3,2024-08-24 15:44:00+00:00,Unknown,120.6,2024,8,24
74472,53665,21369,1,57.75,2024-11-10 08:50:35+00:00,Unknown,57.75,2024,11,10
74810,55042,21416,2,15.9,2024-11-02 03:37:12+00:00,Unknown,31.8,2024,11,2
78360,53791,21169,1,71.4,2025-01-20 19:44:00+00:00,Unknown,71.4,2025,1,20
82379,55487,21066,1,40.5,2025-03-13 02:49:51+00:00,"96608 Galen Freeway, Mandatown, CT 83549-5944",40.5,2025,3,13
79036,55761,21599,1,23.99,2024-07-10 13:27:43+00:00,Unknown,23.99,2024,7,10
77247,53278,21153,1,42.99,2024-08-31 06:27:00+00:00,Unknown,42.99,2024,8,31
75450,53139,21570,1,58.5,2024-07-11 22:19:52+00:00,"Apt. 116 6792 Gutkowski Burg, Ellamaeport, SD 49483",58.5,2024,7,11
81515,54574,21301,5,72.6,2025-04-14 02:50:50+00:00,"2865 Major Lodge, Edgarborough, AK 18909",363.0,2025,4,14
77132,54365,21009,3,61.0,2024-06-09 00:32:00+00:00,Unknown,183.0,2024,6,9
79582,53082,21525,1,58.79,2025-02-03 13:44:00+00:00,Unknown,58.79,2025,2,3
81715,54975,21635,5,28.8,2024-10-04 00:26:15+00:00,Unknown,144.0,2024,10,4
80440,53188,21160,1,19.75,2024-10-12 19:35:15+00:00,Unknown,19.75,2024,10,12
74213,53878,21264,2,41.0,2024-05-25 19:45:07+00:00,Unknown,82.0,2024,5,25
76858,54657,21123,1,67.5,2024-04-13 22:15:00+00:00,Unknown,67.5,2024,4,13
76677,54827,21475,1,44.4,2025-05-10 08:28:41+00:00,"495 Douglas Port, Franciscotown, WI 97743",44.4,2025,5,10
74322,54595,21522,2,53.75,2024-10-11 00:00:26+00:00,Unknown,107.5,2024,10,11
80673,54360,21101,3,21.59,2024-08-02 23:14:03+00:00,Unknown,64.77,2024,8,2
78056,53749,21226,1,74.39,2025-01-17 10:46:42+00:00,Unknown,74.39,2025,1,17
76656,53135,21262,1,34.75,2025-03-12 11:41:34+00:00,Unknown,34.75,2025,3,12
75128,55431,21044,1,24.0,2025-03-03 19:56:46+00:00,Unknown,24.0,2025,3,3
79656,55059,21517,1,81.59,2024-09-25 04:45:38+00:00,"3323 Tyrone Fords, Reynoldsville, MI 77044",81.59,2024,9,25
78889,55190,21086,1,69.5,2025-01-03 16:03:00+00:00,Unknown,69.5,2025,1,3
76933,53245,21430,1,36.6,2025-02-02 07:03:00+00:00,Unknown,36.6,2025,2,2
76867,53469,21584,1,57.0,2024-12-01 00:32:42+00:00,"Apt. 119 86264 Kristopher Ports, Bechtelarport, FL 34061",57.0,2024,12,1
78274,54307,21073,4,38.5,2025-02-05 22:54:30+00:00,Unknown,154.0,2025,2,5
73520,54713,21073,2,36.5,2025-04-30 14:11:23.802000+00:00,Unknown,73.0,2025,4,30
79296,55259,21085,1,24.5,2025-01-06 07:04:00+00:00,Unknown,24.5,2025,1,6
73810,55594,21323,2,25.0,2024-04-11 16:24:00+00:00,Unknown,50.0,2024,4,11
81735,53536,21221,1,84.9,2024-11-13 21:40:00+00:00,Unknown,84.9,2024,11,13
76833,54882,21065,1,27.9,2025-01-05 23:20:46+00:00,"Apt. 676 82800 Lesch Vista, Lake Juliusmouth, WY 03114",27.9,2025,1,5
78954,54304,21524,2,66.5,2025-01-11 17:00:00+00:00,Unknown,133.0,2025,1,11
77252,53217,21525,1,47.0,2025-02-02 09:47:17+00:00,Unknown,47.0,2025,2,2
74351,53503,21098,1,65.5,2024-09-21 18:51:00+00:00,Unknown,65.5,2024,9,21
78581,55460,21268,2,61.2,2024-12-02 06:54:00+00:00,Unknown,122.4,2024,12,2
73413,54024,21135,1,87.3,2024-11-06 21:36:00+00:00,Unknown,87.3,2024,11,6
75260,53470,21595,5,49.0,2025-04-13 18:43:04+00:00,Unknown,245.0,2025,4,13
79379,54686,21282,5,73.8,2025-04-07 16:03:16+00:00,Unknown,369.0,2025,4,7
80659,54972,20966,4,52.2,2025-01-23 10:04:00+00:00,Unknown,208.8,2025,1,23
77759,54740,21026,2,24.9,2024-07-28 15:46:23.167000+00:00,"Apt. 741 453 Shields Mountains, Hellerstad, MD 91072",49.8,2024,7,28
73544,54085,21035,1,40.5,2024-06-22 17:31:21+00:00,Unknown,40.5,2024,6,22
80477,53827,21027,1,28.25,2024-10-27 06:52:47+00:00,Unknown,28.25,2024,10,27
81082,55014,21243,1,65.25,2024-09-16 22:35:49+00:00,Unknown,65.25,2024,9,16
80924,54572,20938,1,24.0,2025-01-29 05:13:01+00:00,Unknown,24.0,2025,1,29
78125,53802,21294,1,31.2,2024-05-10 06:55:29+00:00,Unknown,31.2,2024,5,10
75787,54921,21643,4,41.4,2024-08-17 04:39:30+00:00,Unknown,165.6,2024,8,17
79373,53485,21576,1,55.2,2024-12-02 23:52:58+00:00,Unknown,55.2,2024,12,2
81865,53594,21442,1,69.0,2024-05-14 18:35:44+00:00,Unknown,69.0,2024,5,14
78824,53177,21121,1,26.7,2024-08-21 04:04:59+00:00,Unknown,26.7,2024,8,21
82361,53175,21390,1,50.99,2024-11-17 09:22:00+00:00,Unknown,50.99,2024,11,17
74980,55704,21301,2,61.5,2025-01-07 04:10:32+00:00,Unknown,123.0,2025,1,7
79609,55041,21389,2,31.0,2024-07-09 16:16:52+00:00,Unknown,62.0,2024,7,9
74354,53836,21124,2,33.5,2024-06-06 15:17:00+00:00,Unknown,67.0,2024,6,6
74516,54926,21020,2,61.99,2024-09-02 02:43:39.905000+00:00,Unknown,123.98,2024,9,2
82294,53418,21225,1,56.0,2024-08-31 20:02:48+00:00,Unknown,56.0,2024,8,31
78070,55479,21398,3,20.5,2024-07-19 23:36:13+00:00,Unknown,61.5,2024,7,19
74928,53973,21205,1,26.5,2025-02-04 11:54:37+00:00,Unknown,26.5,2025,2,4
74026,55776,21382,1,70.25,2024-08-25 06:48:52.148000+00:00,Unknown,70.25,2024,8,25
81335,53839,21631,2,14.0,2025-03-04 01:27:39+00:00,Unknown,28.0,2025,3,4
82021,54489,21251,1,30.0,2024-11-18 13:12:00+00:00,Unknown,30.0,2024,11,18
74626,55206,21102,1,50.75,2024-12-15 17:57:00+00:00,Unknown,50.75,2024,12,15
81603,55033,21601,2,33.0,2024-10-21 20:16:20.757000+00:00,"Suite 247 1366 Jonah Flat, Melaineland, OK 65572",66.0,2024,10,21
79227,55250,20955,3,75.75,2024-12-19 00:16:37+00:00,Unknown,227.25,2024,12,19
81977,54094,21342,1,43.0,2024-11-05 12:13:50+00:00,Unknown,43.0,2024,11,5
78564,54869,21419,1,86.4,2025-03-07 08:26:04+00:00,Unknown,86.4,2025,3,7
74292,54085,20923,1,31.25,2024-06-30 03:27:00+00:00,Unknown,31.25,2024,6,30
80454,53433,20945,1,46.2,2025-05-11 07:06:21+00:00,Unknown,46.2,2025,5,11
82289,54563,21499,1,72.99,2025-01-23 16:44:05+00:00,"45223 Feil Loaf, Tannerberg, OR 17495-1293",72.99,2025,1,23
79971,53583,21091,1,30.0,2024-05-26 03:09:07+00:00,Unknown,30.0,2024,5,26
82514,54150,21163,4,59.4,2024-07-29 03:57:00+00:00,Unknown,237.6,2024,7,29
82554,54837,21618,1,38.0,2024-11-01 14:13:51+00:00,Unknown,38.0,2024,11,1
80851,54611,21403,2,28.25,2024-08-12 10:13:48+00:00,Unknown,56.5,2024,8,12
75731,53979,21473,2,69.3,2025-01-02 22:04:47+00:00,Unknown,138.6,2025,1,2
81911,53179,21373,4,21.6,2024-09-25 10:32:13+00:00,Unknown,86.4,2024,9,25
77674,54973,21369,2,58.25,2025-01-17 20:14:04+00:00,"800 Cecil Land, McCulloughborough, MS 54755",116.5,2025,1,17
74528,53703,21047,2,56.0,2025-06-26 20:25:59+00:00,Unknown,112.0,2025,6,26
75855,54970,21414,1,33.0,2024-08-31 20:03:00+00:00,Unknown,33.0,2024,8,31
75144,55677,21599,1,14.5,2024-12-04 13:17:10+00:00,"239 Guillermo Shoals, Sherriemouth, PA 29541",14.5,2024,12,4
82440,53154,21183,1,49.25,2024-10-27 02:42:08+00:00,Unknown,49.25,2024,10,27
78204,53362,21452,3,22.5,2025-07-04 16:17:44.960000+00:00,"Suite 862 7724 Ervin Point, Stromanburgh, DE 09314",67.5,2025,7,4
77671,55346,21495,1,20.25,2024-08-13 22:20:20+00:00,Unknown,20.25,2024,8,13
79652,54912,21005,1,16.75,2025-06-03 09:01:00+00:00,Unknown,16.75,2025,6,3
79335,55773,21633,2,84.9,2024-07-14 22:31:00+00:00,Unknown,169.8,2024,7,14
76189,53590,21048,1,64.0,2025-06-05 12:48:19.822000+00:00,Unknown,64.0,2025,6,5
76278,53678,21642,1,59.7,2024-06-18 02:23:41+00:00,Unknown,59.7,2024,6,18
82871,55316,20996,2,54.3,2024-11-07 01:01:00+00:00,Unknown,108.6,2024,11,7
75376,54412,21162,1,53.5,2025-03-11 22:27:30+00:00,Unknown,53.5,2025,3,11
74105,54216,21214,1,62.5,2024-10-26 21:46:00+00:00,"Apt. 175 374 Julio Lodge, Lake Roxiefurt, WA 85180",62.5,2024,10,26
73514,54142,21196,1,40.99,2024-08-21 15:47:00+00:00,Unknown,40.99,2024,8,21
79811,53820,21293,1,59.75,2024-08-20 18:37:59+00:00,Unknown,59.75,2024,8,20
73989,54767,21235,1,52.5,2024-07-30 16:00:54+00:00,Unknown,52.5,2024,7,30
73765,53249,21358,2,41.5,2024-10-06 21:48:16+00:00,Unknown,83.0,2024,10,6
82882,55591,21436,1,35.0,2024-07-30 10:32:21+00:00,Unknown,35.0,2024,7,30
79478,55591,20973,1,31.0,2024-12-30 20:39:18+00:00,Unknown,31.0,2024,12,30
74515,55676,21599,1,16.75,2024-11-28 01:22:00+00:00,Unknown,16.75,2024,11,28
73949,54051,21069,1,21.5,2024-07-23 08:50:54+00:00,Unknown,21.5,2024,7,23
76832,55115,21461,1,48.99,2025-03-20 02:33:10+00:00,"Suite 856 1347 Kessler Stream, Gusfurt, AZ 32618-1528",48.99,2025,3,20
75146,53748,21321,1,75.5,2024-03-12 15:04:00+00:00,Unknown,75.5,2024,3,12
75185,53662,21322,2,26.99,2024-10-09 16:08:28+00:00,Unknown,53.98,2024,10,9
78201,54239,21547,3,22.0,2024-07-25 14:58:00+00:00,"5498 Bode Turnpike, Vedaview, IN 99468-5859",66.0,2024,7,25
79792,53155,21289,1,61.5,2024-10-16 17:16:56.325000+00:00,Unknown,61.5,2024,10,16
82695,54389,21216,1,31.5,2025-06-12 14:34:00+00:00,Unknown,31.5,2025,6,12
78712,54800,21534,1,27.6,2024-11-30 12:00:00+00:00,Unknown,27.6,2024,11,30
77526,54450,21615,1,54.6,2025-01-06 09:49:07+00:00,Unknown,54.6,2025,1,6
75179,54092,21228,1,28.99,2024-08-20 19:52:55+00:00,Unknown,28.99,2024,8,20
74178,55208,21365,1,60.3,2024-10-30 09:04:00+00:00,"15935 Bartell Road, Considinemouth, VT 18422",60.3,2024,10,30
81759,53639,21104,1,21.99,2024-09-24 04:14:23+00:00,Unknown,21.99,2024,9,24
75531,53232,21588,2,46.0,2025-03-10 12:11:58+00:00,Unknown,92.0,2025,3,10
75329,55632,21042,1,21.6,2024-09-19 14:08:00+00:00,Unknown,21.6,2024,9,19
74813,53996,21181,1,45.0,2024-10-08 08:50:49+00:00,Unknown,45.0,2024,10,8
80842,53430,21019,2,63.75,2025-07-10 23:27:00+00:00,Unknown,127.5,2025,7,10
78930,55469,21416,3,18.5,2025-06-07 18:55:17+00:00,Unknown,55.5,2025,6,7
74710,54394,21308,3,60.0,2025-02-08 12:35:58+00:00,Unknown,180.0,2025,2,8
77304,54524,21581,1,33.6,2025-04-10 19:37:22+00:00,Unknown,33.6,2025,4,10
79501,54061,21517,1,67.75,2025-01-17 02:48:12+00:00,Unknown,67.75,2025,1,17
74835,53430,21391,3,77.99,2024-09-28 09:34:44+00:00,Unknown,233.97,2024,9,28
82623,54217,21395,1,39.5,2025-05-08 23:17:15+00:00,Unknown,39.5,2025,5,8
83171,54035,21650,4,42.0,2024-08-15 15:51:00+00:00,Unknown,168.0,2024,8,15
81038,55764,21296,1,45.6,2024-08-13 00:59:00+00:00,"Apt. 180 898 Beier Course, North Rubiville, WI 99017",45.6,2024,8,13
81585,53262,21172,4,16.79,2024-12-19 17:30:16+00:00,Unknown,67.16,2024,12,19
74062,53103,21238,1,67.5,2025-03-01 06:50:42+00:00,Unknown,67.5,2025,3,1
81948,54014,21615,1,49.75,2024-06-05 04:25:38+00:00,"5464 Roob Corners, West Lauran, NY 19104-4404",49.75,2024,6,5
79039,54005,21513,1,51.9,2023-12-24 03:08:49.930000+00:00,Unknown,51.9,2023,12,24
76252,53151,21084,5,73.25,2024-06-29 12:32:12+00:00,Unknown,366.25,2024,6,29
74022,53857,21554,1,32.99,2025-06-06 14:49:00+00:00,Unknown,32.99,2025,6,6
76552,53410,21167,1,25.5,2025-03-31 09:22:16+00:00,Unknown,25.5,2025,3,31
77550,53607,21361,5,46.0,2024-12-06 20:34:55+00:00,Unknown,230.0,2024,12,6
79363,55246,21635,5,22.5,2025-04-28 19:34:02+00:00,Unknown,112.5,2025,4,28
81774,54664,20969,1,19.8,2024-12-07 02:10:29+00:00,"Apt. 456 273 James Parkway, New Cletusberg, AZ 16466",19.8,2024,12,7
82570,55193,20930,1,33.5,2025-05-26 09:49:47.130000+00:00,Unknown,33.5,2025,5,26
78231,54762,21377,1,49.0,2024-04-04 05:33:43+00:00,Unknown,49.0,2024,4,4
83058,53721,21519,1,46.0,2025-04-08 14:20:00+00:00,Unknown,46.0,2025,4,8
75344,54167,21511,2,30.5,2024-11-10 20:58:55.278000+00:00,"Apt. 355 6164 Ralph Street, Adamsport, LA 73554",61.0,2024,11,10
78917,54274,21369,1,57.0,2024-12-23 07:55:47+00:00,Unknown,57.0,2024,12,23
77453,55549,21147,1,31.0,2024-12-21 22:11:00+00:00,Unknown,31.0,2024,12,21
73807,54030,21434,1,55.19,2025-01-22 18:40:39+00:00,Unknown,55.19,2025,1,22
80413,54514,21034,3,42.25,2025-07-05 02:38:33+00:00,Unknown,126.75,2025,7,5
77953,53094,21243,1,83.99,2025-02-15 13:26:48+00:00,Unknown,83.99,2025,2,15
74558,53052,21283,1,46.8,2025-03-22 21:34:59+00:00,Unknown,46.8,2025,3,22
82653,54897,21122,1,63.25,2025-06-18 15:13:26+00:00,"Suite 905 34554 Keeling Locks, South Teshamouth, NY 27860-4310",63.25,2025,6,18
74054,54524,21437,1,73.2,2025-01-16 17:09:00+00:00,"Suite 146 20979 Rashad Dam, Reynoldsport, SC 48957",73.2,2025,1,16
80718,54019,21544,1,32.4,2025-03-16 02:53:14+00:00,Unknown,32.4,2025,3,16
75425,54738,21151,1,36.0,2025-02-19 19:39:04+00:00,Unknown,36.0,2025,2,19
77934,55533,21631,1,18.0,2024-10-21 00:58:39+00:00,"570 Audrea Underpass, South Reinaldo, TX 17196",18.0,2024,10,21
76913,53737,21442,1,67.5,2024-09-16 13:01:00+00:00,Unknown,67.5,2024,9,16
82824,55514,21051,1,69.5,2025-06-07 19:34:34+00:00,Unknown,69.5,2025,6,7
80015,53426,21590,1,31.5,2024-08-27 11:42:00+00:00,"Apt. 353 63629 Reginald Walk, Dodiemouth, ND 73655",31.5,2024,8,27
81311,55195,21653,1,42.5,2025-02-05 05:50:26.430000+00:00,Unknown,42.5,2025,2,5
73681,55632,21511,4,41.1,2024-09-08 21:16:16+00:00,Unknown,164.4,2024,9,8
73697,53601,21145,1,18.25,2024-08-31 06:21:45.342000+00:00,Unknown,18.25,2024,8,31
82826,55802,21233,1,41.0,2024-11-14 13:41:25+00:00,Unknown,41.0,2024,11,14
83010,54657,21420,1,76.8,2025-05-06 08:58:48+00:00,Unknown,76.8,2025,5,6
77089,54124,21606,1,17.25,2025-03-18 17:08:19.539000+00:00,"Suite 603 341 Troy Roads, Loweburgh, ID 02012-5665",17.25,2025,3,18
77886,53319,21043,1,17.0,2024-12-14 16:01:34+00:00,Unknown,17.0,2024,12,14
81254,54617,21061,3,47.99,2025-04-20 04:00:47+00:00,Unknown,143.97,2025,4,20
73997,54002,21253,1,71.75,2024-10-01 05:52:06+00:00,Unknown,71.75,2024,10,1
76403,54536,21179,1,55.5,2024-08-29 22:39:17+00:00,Unknown,55.5,2024,8,29
74649,54270,21253,1,72.5,2024-10-21 20:23:32+00:00,Unknown,72.5,2024,10,21
75541,54404,21416,4,17.25,2025-03-15 18:41:11+00:00,Unknown,69.0,2025,3,15
79716,55195,21238,1,56.0,2024-11-19 13:53:00+00:00,Unknown,56.0,2024,11,19
79349,53228,21426,3,26.7,2024-12-28 22:37:00+00:00,Unknown,80.1,2024,12,28
78874,55636,21403,3,23.0,2025-02-26 22:46:31+00:00,"Apt. 483 28502 Rogahn Terrace, Port Weifort, MS 27673-9366",69.0,2025,2,26
80581,54262,21127,3,52.0,2025-07-09 01:34:24+00:00,Unknown,156.0,2025,7,9
74473,55387,20920,1,14.0,2024-09-08 05:53:45+00:00,Unknown,14.0,2024,9,8
81569,54661,21592,2,36.3,2024-09-15 23:00:00+00:00,Unknown,72.6,2024,9,15
80970,54491,21511,1,31.75,2024-05-18 20:09:18+00:00,Unknown,31.75,2024,5,18
73380,54101,20965,1,68.4,2025-04-23 01:06:00+00:00,Unknown,68.4,2025,4,23
73969,53628,21128,1,65.25,2024-11-09 22:37:17+00:00,Unknown,65.25,2024,11,9
74265,54076,21624,1,65.0,2024-06-29 23:12:25+00:00,Unknown,65.0,2024,6,29
78232,55713,21535,1,83.1,2024-08-07 06:55:25+00:00,"42411 Rex Ways, West Chungland, OK 52349",83.1,2024,8,7
81342,55794,21327,1,85.19,2025-04-18 11:11:42+00:00,Unknown,85.19,2025,4,18
74631,54668,21209,2,59.7,2024-06-30 18:57:29+00:00,Unknown,119.4,2024,6,30
78272,55485,21496,2,25.99,2024-11-24 07:41:11+00:00,Unknown,51.98,2024,11,24
80782,55363,21095,1,56.1,2025-04-08 15:11:08+00:00,Unknown,56.1,2025,4,8
79747,53545,21609,1,24.0,2024-09-15 05:26:23+00:00,Unknown,24.0,2024,9,15
81786,55538,21356,2,16.0,2025-01-22 12:24:23.532000+00:00,Unknown,32.0,2025,1,22
78637,53717,21325,1,67.5,2024-08-10 16:17:00+00:00,Unknown,67.5,2024,8,10
76106,54044,21407,4,27.5,2024-09-30 11:22:35+00:00,Unknown,110.0,2024,9,30
79870,55447,21550,1,42.0,2024-11-09 07:16:00+00:00,Unknown,42.0,2024,11,9
83041,53837,21016,1,71.0,2025-04-01 22:46:12+00:00,Unknown,71.0,2025,4,1
82248,54795,20987,1,85.2,2024-10-20 17:26:00+00:00,Unknown,85.2,2024,10,20
78461,55652,21215,2,16.0,2024-07-20 16:41:00+00:00,Unknown,32.0,2024,7,20
79774,53839,21133,3,69.75,2024-07-30 12:43:25+00:00,"14159 Tromp Knoll, East Larondabury, FL 04374-7294",209.25,2024,7,30
76830,53062,21183,1,59.4,2024-05-10 07:03:00+00:00,Unknown,59.4,2024,5,10
76753,54295,21470,1,87.0,2025-02-17 20:13:46+00:00,"32848 Emmerich Ports, North Earl, UT 12231",87.0,2025,2,17
82028,53662,21247,2,55.5,2024-11-01 21:29:19+00:00,"84706 Bode Cliffs, Cleoborough, CA 81477-9762",111.0,2024,11,1
79525,53383,21006,2,20.5,2024-09-18 03:05:20+00:00,Unknown,41.0,2024,9,18
80911,54774,21167,1,25.5,2025-02-08 13:21:06.569000+00:00,Unknown,25.5,2025,2,8
78946,53059,21361,1,54.6,2024-08-25 10:48:00+00:00,Unknown,54.6,2024,8,25
82521,53406,21278,2,40.8,2024-07-22 09:24:27+00:00,"640 Williamson Forges, Rossanaview, ME 44040-4688",81.6,2024,7,22
75352,55018,21074,1,69.5,2024-11-20 17:23:00+00:00,Unknown,69.5,2024,11,20
76480,54550,21353,1,19.0,2024-10-11 17:04:00+00:00,Unknown,19.0,2024,10,11
74297,55030,21046,4,17.25,2025-04-21 05:48:45+00:00,"634 Reanna Circle, Cremintown, GA 15499",69.0,2025,4,21
75790,54740,21514,1,36.0,2025-04-11 04:42:17+00:00,Unknown,36.0,2025,4,11
74900,55637,21007,1,30.25,2024-08-03 22:13:00+00:00,Unknown,30.25,2024,8,3
82062,53405,21077,2,65.99,2025-05-18 12:23:52+00:00,Unknown,131.98,2025,5,18
79005,53667,21172,1,16.25,2025-01-10 08:43:39+00:00,Unknown,16.25,2025,1,10
80807,55291,21410,1,27.25,2025-10-04 10:19:19+00:00,"Suite 302 4607 Joeann Rue, Raquelfort, NY 81761-3457",27.25,2025,10,4
80958,54145,21628,1,29.5,2025-01-16 18:25:27+00:00,"2633 Konopelski Haven, Kingshire, IL 12108",29.5,2025,1,16
76157,53107,21202,3,75.5,2024-10-14 19:02:21+00:00,Unknown,226.5,2024,10,14
79112,54253,21343,1,19.0,2024-12-03 03:27:35+00:00,"Apt. 456 7787 Jarred Skyway, North Alyse, ME 47960-0740",19.0,2024,12,3
75180,55648,21063,2,60.6,2024-08-26 14:23:16+00:00,Unknown,121.2,2024,8,26
83127,55058,21275,1,77.4,2024-10-15 01:58:00+00:00,Unknown,77.4,2024,10,15
79321,55004,21463,5,87.6,2025-02-09 17:14:31+00:00,Unknown,438.0,2025,2,9
79740,55767,21576,1,45.5,2025-03-05 01:19:39+00:00,Unknown,45.5,2025,3,5
79996,55206,21271,1,27.9,2025-04-28 12:58:12+00:00,Unknown,27.9,2025,4,28
80521,54203,21433,2,53.7,2024-09-16 20:15:00+00:00,"56890 McKenzie Green, Reillyport, DE 43655",107.4,2024,9,16
79382,55504,21472,2,62.0,2025-02-18 06:20:16+00:00,Unknown,124.0,2025,2,18
79089,53875,21423,1,70.99,2024-06-27 11:02:45.404000+00:00,Unknown,70.99,2024,6,27
79161,54298,21160,1,23.0,2025-06-03 16:47:55+00:00,"8597 Willis Summit, Port Hortensia, LA 76005-8908",23.0,2025,6,3
82849,53788,21209,3,46.0,2025-02-19 10:10:19.493000+00:00,Unknown,138.0,2025,2,19
76086,53758,21586,1,24.6,2024-04-06 05:42:03.828000+00:00,Unknown,24.6,2024,4,6
77254,54518,21277,1,61.25,2025-02-27 01:52:13+00:00,Unknown,61.25,2025,2,27
81647,55061,21141,1,19.0,2025-03-21 18:15:00+00:00,Unknown,19.0,2025,3,21
81142,53996,21159,1,63.0,2024-10-27 02:24:00+00:00,"Apt. 562 52645 Cole Dam, Wileyborough, CA 09701-4301",63.0,2024,10,27
78808,53537,21647,4,70.99,2024-12-28 20:05:14+00:00,"15902 Denesik Locks, Lake Royalfort, DE 97095",283.96,2024,12,28
76580,55502,21491,1,70.8,2024-09-01 07:43:06+00:00,Unknown,70.8,2024,9,1
77571,54603,21070,1,21.25,2024-10-15 20:47:12+00:00,Unknown,21.25,2024,10,15
76353,55000,21130,2,42.25,2025-01-31 08:12:18+00:00,Unknown,84.5,2025,1,31
77788,53254,21133,1,69.5,2024-08-02 00:36:39+00:00,"13554 Leilani Valleys, South Eleanora, NJ 74130-4964",69.5,2024,8,2
82608,55202,21322,1,28.5,2024-06-27 04:40:10+00:00,"47971 Bradtke Corner, North Hoytville, AR 65484-2933",28.5,2024,6,27
76011,54537,20978,3,55.0,2024-11-06 02:51:00+00:00,Unknown,165.0,2024,11,6
80742,54983,21052,5,88.2,2024-09-10 01:34:34+00:00,"Suite 669 7325 Kathy Loop, North Jordanstad, MS 55195-6442",441.0,2024,9,10
77673,53659,21468,1,66.75,2025-05-29 16:58:42.890000+00:00,Unknown,66.75,2025,5,29
78431,53745,21358,3,43.5,2024-05-01 06:49:00+00:00,Unknown,130.5,2024,5,1
76492,55319,21184,1,70.99,2025-01-23 03:53:53+00:00,Unknown,70.99,2025,1,23
82473,55320,20982,2,43.0,2024-04-21 23:10:00+00:00,Unknown,86.0,2024,4,21
82148,53373,21316,1,28.2,2024-12-31 15:37:00+00:00,Unknown,28.2,2024,12,31
80730,54416,21189,1,34.2,2024-09-12 11:08:00+00:00,Unknown,34.2,2024,9,12
81454,54898,21038,1,54.99,2024-11-25 16:46:00+00:00,Unknown,54.99,2024,11,25
82802,55221,21091,1,31.19,2024-11-13 16:58:57+00:00,Unknown,31.19,2024,11,13
81051,55789,21230,1,35.4,2024-12-30 15:21:57+00:00,Unknown,35.4,2024,12,30
79434,53921,21164,1,15.5,2024-11-30 21:50:21+00:00,Unknown,15.5,2024,11,30
83052,54018,21528,1,82.2,2025-04-30 17:25:06+00:00,"Suite 270 8973 Mann Way, Ondrickashire, VA 77322",82.2,2025,4,30
81624,53302,20988,1,58.99,2025-01-28 21:54:54+00:00,Unknown,58.99,2025,1,28
75910,54352,21154,2,83.4,2025-01-09 09:04:00+00:00,Unknown,166.8,2025,1,9
81969,53622,21307,1,80.39,2025-05-11 03:05:53.378000+00:00,Unknown,80.39,2025,5,11
80257,53409,21599,1,17.25,2024-07-01 04:10:10+00:00,Unknown,17.25,2024,7,1
82483,55367,21654,1,15.25,2025-06-15 22:35:11+00:00,Unknown,15.25,2025,6,15
76901,55801,21496,2,29.0,2024-10-16 22:06:04+00:00,Unknown,58.0,2024,10,16
78443,55141,21428,1,27.0,2024-11-01 06:00:33+00:00,"Suite 228 7317 Seymour Knoll, Kingview, UT 58700",27.0,2024,11,1
77104,55706,21129,5,35.25,2024-09-26 02:12:00+00:00,Unknown,176.25,2024,9,26
79741,53886,21426,1,24.99,2024-09-21 00:52:13+00:00,Unknown,24.99,2024,9,21
80181,53254,21312,1,69.6,2024-04-25 19:03:00+00:00,Unknown,69.6,2024,4,25
82917,53299,21361,1,46.0,2025-08-01 05:31:31+00:00,"836 Aleida Square, West Margarito, NV 12265",46.0,2025,8,1
78290,55140,21439,1,40.75,2025-01-28 14:39:23.078000+00:00,Unknown,40.75,2025,1,28
82489,55469,21613,2,28.0,2025-07-09 23:32:23+00:00,Unknown,56.0,2025,7,9
82192,54740,21637,1,43.0,2024-07-07 23:31:51+00:00,Unknown,43.0,2024,7,7
75536,54196,21149,1,18.9,2024-06-06 16:36:08+00:00,"6578 Adaline Row, East Shaniburgh, WI 17383-9654",18.9,2024,6,6
82362,55608,21356,2,16.0,2024-11-10 16:05:38+00:00,Unknown,32.0,2024,11,10
76217,55624,21597,2,35.5,2024-08-05 23:33:36+00:00,Unknown,71.0,2024,8,5
79586,53576,21256,1,73.5,2024-09-09 01:40:23+00:00,Unknown,73.5,2024,9,9
76635,54545,21520,5,49.5,2025-02-26 01:54:18+00:00,"5975 Julius Wall, Deckowstad, FL 29855-7873",247.5,2025,2,26
78270,55561,20938,1,22.5,2025-06-02 09:08:00+00:00,"Suite 447 68723 Geraldine Mews, Nadamouth, OH 23726",22.5,2025,6,2
78432,55788,21578,2,42.25,2024-07-24 19:29:00+00:00,"8932 Smith Motorway, Port Hanneloreland, OH 77070",84.5,2024,7,24
80630,53196,21458,1,44.99,2025-03-29 15:10:17+00:00,Unknown,44.99,2025,3,29
77160,53309,21354,1,19.0,2025-02-18 11:17:06+00:00,Unknown,19.0,2025,2,18
82274,55585,21266,4,61.25,2025-06-16 19:34:04+00:00,"Apt. 652 2785 Lenita Creek, Elinside, OH 24236",245.0,2025,6,16
73596,53955,21611,1,59.0,2025-03-31 12:18:18+00:00,Unknown,59.0,2025,3,31
76943,54605,21015,2,75.3,2025-04-17 07:37:17+00:00,"20654 Wolff Burg, Bergeshire, UT 19836",150.6,2025,4,17
82746,53564,21085,2,27.0,2024-11-30 12:27:16.971000+00:00,Unknown,54.0,2024,11,30
80841,54669,20949,3,56.39,2025-06-22 13:10:00+00:00,"Apt. 147 80101 Runte Parkways, Shirleenchester, OK 47065-9696",169.17,2025,6,22
77599,53344,21619,5,13.25,2024-12-22 21:50:06+00:00,Unknown,66.25,2024,12,22
75843,53364,21623,2,52.8,2025-04-23 07:50:00+00:00,"Suite 897 413 Ziemann Extensions, Stuartberg, RI 89189-3397",105.6,2025,4,23
74273,54023,21443,1,42.0,2024-06-14 21:17:00+00:00,Unknown,42.0,2024,6,14
82680,55500,21120,1,36.0,2025-05-12 08:43:46+00:00,"Suite 650 95563 Ankunding Valleys, East Maria, MS 46197",36.0,2025,5,12
80221,53098,21335,2,80.4,2025-01-29 17:56:13+00:00,Unknown,160.8,2025,1,29
77611,53175,21276,1,33.6,2024-06-13 19:49:00+00:00,Unknown,33.6,2024,6,13
82766,55644,21619,2,18.5,2024-09-18 03:50:21.971000+00:00,Unknown,37.0,2024,9,18
78907,54914,21399,2,66.5,2025-06-03 02:40:00+00:00,"6155 O'Kon Springs, Lake Harrison, MT 29411-3875",133.0,2025,6,3
78078,54837,21137,4,44.5,2024-09-29 20:40:11+00:00,Unknown,178.0,2024,9,29
81849,54665,21100,1,21.75,2025-04-20 22:36:00+00:00,"277 Luettgen Curve, Port Linnie, MN 00828-7450",21.75,2025,4,20
74961,53322,21377,1,64.2,2024-07-21 18:59:02+00:00,"Suite 273 75857 Clifford Lock, South Lazaroland, MO 10483",64.2,2024,7,21
76421,53123,21004,1,22.0,2024-07-30 16:21:00+00:00,"Suite 183 453 Brakus Cliffs, Stokestown, MT 55758",22.0,2024,7,30
81230,53423,21009,1,64.5,2024-11-12 19:45:34+00:00,"999 Loren Springs, Kilbackfort, NC 98082",64.5,2024,11,12
80524,55784,21389,3,42.0,2025-05-12 14:52:00+00:00,Unknown,126.0,2025,5,12
77167,55169,21317,1,49.99,2024-08-29 17:50:19+00:00,Unknown,49.99,2024,8,29
81944,54997,21509,2,16.0,2024-11-30 00:29:00+00:00,Unknown,32.0,2024,11,30
78665,54673,21324,1,47.0,2024-10-31 12:29:48+00:00,Unknown,47.0,2024,10,31
76771,53894,21259,1,25.99,2025-04-12 23:30:07+00:00,Unknown,25.99,2025,4,12
79472,54873,21598,1,40.0,2024-09-26 21:51:00+00:00,Unknown,40.0,2024,9,26
73495,55304,21289,1,61.2,2025-05-26 06:18:00+00:00,"Suite 319 586 Halvorson Lane, Lucioborough, MO 43284-4515",61.2,2025,5,26
81061,53694,20929,2,55.5,2025-02-25 09:48:54+00:00,"Suite 913 22246 Bryant Forges, Humbertofort, MA 96046-5931",111.0,2025,2,25
76428,54014,21128,3,78.0,2024-09-20 23:01:01+00:00,Unknown,234.0,2024,9,20
75022,53757,21243,1,68.5,2024-08-19 03:20:28+00:00,Unknown,68.5,2024,8,19
76576,53839,21586,1,22.99,2025-05-02 14:21:49+00:00,"14159 Tromp Knoll, East Larondabury, FL 04374-7294",22.99,2025,5,2
77830,54061,21468,4,65.25,2025-05-15 06:16:00+00:00,Unknown,261.0,2025,5,15
80705,55429,20981,1,25.8,2024-12-14 19:43:27+00:00,Unknown,25.8,2024,12,14
81256,54157,21216,2,31.5,2024-07-18 08:38:38+00:00,Unknown,63.0,2024,7,18
78793,55535,21008,1,19.5,2025-04-30 20:14:11+00:00,Unknown,19.5,2025,4,30
82714,55828,21575,1,45.0,2025-07-30 22:37:00+00:00,Unknown,45.0,2025,7,30
81789,53635,21420,1,63.75,2024-05-30 07:48:22.490000+00:00,Unknown,63.75,2024,5,30
79059,54083,21288,1,29.99,2024-08-06 14:51:00+00:00,Unknown,29.99,2024,8,6
82567,53226,21293,1,59.0,2024-08-16 02:09:05+00:00,"Suite 774 99375 D'Amore Roads, Port Roslynhaven, NJ 28172",59.0,2024,8,16
74542,55169,21588,1,47.0,2024-12-20 06:57:14+00:00,"3542 Fritsch Radial, Lake Adaline, DE 93983-4355",47.0,2024,12,20
73650,53473,21646,1,17.4,2024-12-08 14:50:00+00:00,Unknown,17.4,2024,12,8
82069,54848,21572,1,27.25,2025-01-24 16:59:30+00:00,Unknown,27.25,2025,1,24
77587,53832,21017,1,64.99,2024-10-19 15:14:00+00:00,"78716 Kub Road, Smithborough, CA 39194",64.99,2024,10,19
74002,53804,21484,1,56.75,2024-09-08 16:25:00+00:00,Unknown,56.75,2024,9,8
76698,55393,21522,1,53.5,2024-11-26 12:47:52+00:00,Unknown,53.5,2024,11,26
73762,54543,21569,1,65.25,2024-09-12 03:07:07+00:00,Unknown,65.25,2024,9,12
77319,54145,21235,1,48.5,2024-09-05 17:38:00+00:00,Unknown,48.5,2024,9,5
74199,53645,21438,1,73.2,2025-01-07 00:31:06+00:00,Unknown,73.2,2025,1,7
77408,54471,21622,1,34.0,2025-02-09 07:20:38+00:00,Unknown,34.0,2025,2,9
75964,55248,21020,1,61.0,2024-08-17 00:32:37.377000+00:00,Unknown,61.0,2024,8,17
74751,54500,21512,1,58.25,2024-08-13 16:37:00+00:00,Unknown,58.25,2024,8,13
75213,53085,21409,2,68.5,2024-12-16 08:23:00+00:00,Unknown,137.0,2024,12,16
80234,55244,20917,1,48.3,2024-12-16 19:15:08+00:00,"Apt. 376 4498 Teddy Lodge, Julianland, OK 86883",48.3,2024,12,16
79457,54313,21355,1,48.75,2025-04-01 16:58:31+00:00,Unknown,48.75,2025,4,1
79532,54582,20982,1,42.0,2024-10-04 11:46:17+00:00,Unknown,42.0,2024,10,4
80977,55226,21611,2,60.25,2025-08-01 14:01:00+00:00,"4522 Bernier Views, Faychester, NH 27050-3503",120.5,2025,8,1
78399,53664,21320,1,35.5,2024-12-27 02:55:11+00:00,"Apt. 959 935 Ruecker Mission, Desiretown, DE 99589-2975",35.5,2024,12,27
80990,53919,21559,1,74.99,2025-01-17 15:20:04+00:00,Unknown,74.99,2025,1,17
81247,54653,21545,1,61.5,2024-12-12 04:00:14+00:00,Unknown,61.5,2024,12,12
81828,55455,21314,1,18.9,2024-07-14 17:39:11+00:00,"743 Howe Heights, Collinburgh, NE 39956",18.9,2024,7,14
75421,55325,21570,3,50.75,2024-10-21 17:42:51+00:00,Unknown,152.25,2024,10,21
82622,53698,21290,2,53.5,2025-02-11 18:08:42+00:00,"56094 Nickole Crossroad, Jacquiberg, CO 97119-1970",107.0,2025,2,11
82672,55583,21177,1,22.75,2024-11-25 22:28:00+00:00,Unknown,22.75,2024,11,25
82215,54192,21078,1,67.75,2024-12-14 19:27:42+00:00,"1809 Nga Trail, West Blancaburgh, NC 51856-2450",67.75,2024,12,14
78919,55489,21433,2,55.5,2024-09-13 04:44:27+00:00,Unknown,111.0,2024,9,13
79901,55009,21301,1,58.5,2025-04-25 00:07:16+00:00,Unknown,58.5,2025,4,25
74404,55275,21520,1,46.75,2024-12-27 22:17:48+00:00,"Apt. 312 32551 Hilpert Wells, Laverntown, MS 52524-5886",46.75,2024,12,27
78853,54366,21023,5,21.0,2025-05-30 13:18:00+00:00,Unknown,105.0,2025,5,30
76376,55122,21238,1,58.75,2024-06-19 03:49:00+00:00,Unknown,58.75,2024,6,19
79060,54276,21351,4,51.75,2024-12-14 20:19:31+00:00,Unknown,207.0,2024,12,14
81240,53390,20925,1,48.9,2024-11-21 19:19:31+00:00,"6368 Lakenya Row, Port Winterburgh, MI 65417-9702",48.9,2024,11,21
73878,53643,21413,2,58.5,2024-11-17 05:31:54+00:00,"2115 Kelley Parks, South Altha, NV 69047",117.0,2024,11,17
80212,55119,21183,1,47.99,2025-06-01 05:39:54+00:00,Unknown,47.99,2025,6,1
81795,53303,21292,1,39.25,2024-12-17 14:07:56+00:00,Unknown,39.25,2024,12,17
80157,55606,21595,1,52.0,2025-07-06 03:22:04.676000+00:00,Unknown,52.0,2025,7,6
77232,53625,21236,3,73.0,2024-05-28 05:40:47+00:00,Unknown,219.0,2024,5,28
75844,55812,21441,1,19.0,2025-03-27 06:54:15+00:00,Unknown,19.0,2025,3,27
73718,54613,21519,1,49.0,2025-04-04 09:33:27+00:00,"92908 Mitchell Views, New Scothaven, CO 84838-5823",49.0,2025,4,4
80578,54003,21283,1,38.5,2025-08-01 01:23:00+00:00,Unknown,38.5,2025,8,1
82255,55105,21062,2,73.0,2025-02-28 03:12:35+00:00,Unknown,146.0,2025,2,28
75382,55456,21448,2,16.5,2025-02-10 15:53:00+00:00,Unknown,33.0,2025,2,10
76738,54490,21490,1,39.0,2025-01-04 10:58:59+00:00,Unknown,39.0,2025,1,4
78109,53160,20923,1,32.75,2025-01-02 09:52:00+00:00,"Suite 394 691 Schroeder Oval, South Elvin, RI 55571",32.75,2025,1,2
81173,54889,21210,3,19.75,2025-02-19 21:33:50+00:00,Unknown,59.25,2025,2,19
73635,55548,21019,1,62.5,2025-02-17 02:22:02.288000+00:00,Unknown,62.5,2025,2,17
75968,54086,21322,1,34.2,2024-12-27 22:23:00+00:00,"317 Shamika Tunnel, South Otha, NY 71529",34.2,2024,12,27
75937,55762,21494,4,23.0,2024-09-10 05:57:42+00:00,"3184 Gleichner Village, West Buckview, AZ 59354-1119",92.0,2024,9,10
78177,55596,21521,1,50.99,2025-01-11 09:17:00+00:00,"Suite 855 33314 Camie Causeway, Lorenafort, MN 29332",50.99,2025,1,11
79573,54840,21257,5,44.5,2025-05-24 17:14:01+00:00,Unknown,222.5,2025,5,24
76262,54755,21454,2,49.8,2024-04-15 20:39:00+00:00,Unknown,99.6,2024,4,15
75316,54528,21169,2,76.8,2025-03-01 06:33:00+00:00,Unknown,153.6,2025,3,1
76902,55042,21149,1,15.6,2024-07-08 21:58:15+00:00,Unknown,15.6,2024,7,8
78365,53723,20954,2,91.2,2025-09-16 01:29:00+00:00,Unknown,182.4,2025,9,16
77669,53284,21492,1,22.0,2025-02-05 08:13:31+00:00,"Apt. 840 8981 Amada Plain, Lake Maryhaven, MI 48855-2500",22.0,2025,2,5
82850,53470,21180,2,26.7,2024-05-02 02:05:00+00:00,Unknown,53.4,2024,5,2
76610,55666,21341,2,49.25,2024-10-17 01:08:55.168000+00:00,Unknown,98.5,2024,10,17
74885,55105,21417,2,15.25,2025-01-09 19:17:27+00:00,Unknown,30.5,2025,1,9
80788,53763,21420,2,64.5,2024-12-03 15:12:37.117000+00:00,Unknown,129.0,2024,12,3
79149,53190,21656,1,85.8,2025-04-03 14:51:34+00:00,"99316 Ratke Vista, Gerardoport, FL 32450",85.8,2025,4,3
79602,55412,20937,3,33.0,2024-12-09 02:08:09+00:00,"Suite 939 561 Marilu Cove, Faustoport, CO 55721-5523",99.0,2024,12,9
80620,53591,20962,5,63.5,2024-11-21 13:29:14+00:00,Unknown,317.5,2024,11,21
79816,53343,21424,1,43.5,2025-03-01 15:41:53+00:00,Unknown,43.5,2025,3,1
75892,53409,21086,3,66.5,2025-01-08 23:42:15+00:00,Unknown,199.5,2025,1,8
78039,53484,21288,1,24.5,2024-10-08 20:06:06+00:00,"996 Brock Stravenue, South Virgil, WI 02528-2809",24.5,2024,10,8
74888,55338,21004,1,25.2,2025-01-29 21:15:52+00:00,Unknown,25.2,2025,1,29
83051,53132,21337,2,72.99,2024-03-01 22:36:59+00:00,"92462 Williamson Summit, Hackettside, LA 12919-0751",145.98,2024,3,1
82904,55159,21245,1,48.5,2024-09-20 23:31:04+00:00,Unknown,48.5,2024,9,20
77821,55133,20947,1,29.25,2024-10-10 18:23:37+00:00,Unknown,29.25,2024,10,10
76688,53879,21278,3,44.4,2024-12-05 10:56:45+00:00,Unknown,133.2,2024,12,5
75047,55017,21108,4,22.75,2024-09-16 23:39:26+00:00,Unknown,91.0,2024,9,16
77205,53708,21283,1,40.25,2025-03-01 04:26:21+00:00,Unknown,40.25,2025,3,1
76751,53665,21531,1,54.75,2025-02-04 03:08:33+00:00,"Suite 800 701 Reagan Cape, Dickensstad, CA 87998-4410",54.75,2025,2,4
76891,55626,21084,2,74.25,2025-08-10 07:18:56+00:00,Unknown,148.5,2025,8,10
75112,53556,21259,1,28.8,2025-02-04 08:53:16+00:00,Unknown,28.8,2025,2,4
80998,54303,20973,1,36.3,2025-09-10 06:44:00+00:00,Unknown,36.3,2025,9,10
80809,54268,21144,3,74.75,2024-06-13 18:24:34+00:00,Unknown,224.25,2024,6,13
81410,53480,21317,1,49.5,2025-08-28 16:47:29+00:00,Unknown,49.5,2025,8,28
80370,53739,20976,2,59.4,2024-08-08 07:01:00+00:00,Unknown,118.8,2024,8,8
75803,55151,21082,2,23.25,2025-01-20 22:50:13+00:00,Unknown,46.5,2025,1,20
81196,55456,21061,2,46.0,2025-05-20 05:08:15+00:00,Unknown,92.0,2025,5,20
74093,53881,21623,1,48.0,2025-01-20 15:02:41+00:00,Unknown,48.0,2025,1,20
77157,53559,21043,2,17.0,2025-05-06 00:24:22+00:00,Unknown,34.0,2025,5,6
79552,54689,21022,1,72.0,2024-04-11 23:59:59+00:00,Unknown,72.0,2024,4,11
77855,55661,21350,1,48.99,2025-06-15 00:11:00+00:00,"Apt. 228 97296 Walton Wall, Marcborough, AR 24011-7896",48.99,2025,6,15
75781,54108,21452,1,28.2,2025-01-12 23:29:23+00:00,"Apt. 596 7205 Shameka Knolls, South Clarine, NJ 47505",28.2,2025,1,12
77681,54101,21283,5,39.0,2024-06-24 15:54:54+00:00,Unknown,195.0,2024,6,24
73843,53617,21016,1,73.25,2024-06-21 14:13:00+00:00,"Apt. 447 818 Carter Curve, Noelfort, WA 73639-5847",73.25,2024,6,21
73791,53846,21613,1,25.0,2024-11-05 23:33:20+00:00,Unknown,25.0,2024,11,5
77875,54982,21169,1,71.4,2024-10-13 17:01:33.479000+00:00,Unknown,71.4,2024,10,13
82322,53114,21216,1,31.0,2024-07-13 07:50:00+00:00,Unknown,31.0,2024,7,13
76784,54737,20933,2,20.25,2025-05-20 21:29:48+00:00,"Suite 333 237 Hessel Mountain, New Troy, OK 23006",40.5,2025,5,20
77585,54783,21075,1,44.5,2025-02-27 02:09:59.631000+00:00,"2329 Rocco Highway, West Kenny, KS 84556",44.5,2025,2,27
75715,54946,20979,1,71.5,2025-01-17 13:33:00+00:00,Unknown,71.5,2025,1,17
81427,55652,21017,1,61.75,2024-12-18 02:00:00+00:00,"42740 Fumiko Lane, Travisfort, DE 52211",61.75,2024,12,18
76298,54181,21052,1,75.99,2025-02-02 17:46:27+00:00,Unknown,75.99,2025,2,2
75602,55398,21546,3,46.75,2025-04-22 07:22:42+00:00,Unknown,140.25,2025,4,22
77930,54315,21647,4,84.6,2025-02-02 17:16:00+00:00,Unknown,338.4,2025,2,2
79892,55463,21011,1,34.0,2024-11-14 19:50:12+00:00,Unknown,34.0,2024,11,14
75960,55242,21641,1,70.5,2025-04-26 20:25:20+00:00,"7569 Schiller Green, West Jackie, OK 07272-0470",70.5,2025,4,26
74729,55597,21242,2,71.99,2025-02-06 21:11:16+00:00,"15295 Rodrick Shoal, Efrenmouth, MO 92454-0823",143.98,2025,2,6
80539,54832,21653,1,44.5,2025-06-07 01:29:09+00:00,Unknown,44.5,2025,6,7
76701,53887,21482,1,42.0,2025-03-21 06:16:46+00:00,Unknown,42.0,2025,3,21
79547,53036,21131,2,59.4,2024-11-05 16:04:21+00:00,Unknown,118.8,2024,11,5
78927,53413,21210,1,18.99,2024-10-29 05:46:00+00:00,Unknown,18.99,2024,10,29
74117,55770,21515,1,72.0,2024-10-16 20:05:12+00:00,"5173 Sammy Rue, Reynoldsmouth, SD 58093",72.0,2024,10,16
80278,54267,21526,1,23.0,2025-06-08 08:48:57+00:00,Unknown,23.0,2025,6,8
78965,55765,21169,1,59.0,2025-04-06 08:23:30.013000+00:00,Unknown,59.0,2025,4,6
79493,54410,21566,1,61.2,2024-11-13 06:23:00+00:00,Unknown,61.2,2024,11,13
83048,55516,21525,1,48.0,2024-08-20 17:05:17+00:00,Unknown,48.0,2024,8,20
81089,53632,21321,3,70.99,2025-02-17 03:13:00+00:00,Unknown,212.97,2025,2,17
74077,55670,21078,2,85.19,2025-03-02 03:53:00+00:00,Unknown,170.38,2025,3,2
80895,54642,21654,1,17.0,2025-05-18 07:28:03+00:00,Unknown,17.0,2025,5,18
77737,53303,21052,1,71.5,2024-10-21 07:18:37+00:00,Unknown,71.5,2024,10,21
80149,55539,21244,1,17.5,2025-02-21 22:23:01+00:00,Unknown,17.5,2025,2,21
79011,53132,20924,1,64.0,2025-02-11 22:02:41.983000+00:00,Unknown,64.0,2025,2,11
74148,53939,21646,1,16.25,2024-10-24 12:16:00+00:00,Unknown,16.25,2024,10,24
73568,54501,21001,1,38.4,2025-04-13 17:09:12+00:00,Unknown,38.4,2025,4,13
81345,53792,21070,4,24.25,2024-08-09 14:35:04+00:00,Unknown,97.0,2024,8,9
79758,53916,21263,1,61.0,2025-01-07 23:35:27+00:00,"Apt. 139 1873 Greenholt Lake, Lake Greggfort, KS 26260",61.0,2025,1,7
77097,55520,21587,1,19.2,2024-08-26 18:42:52+00:00,Unknown,19.2,2024,8,26
74776,53253,21533,1,50.75,2024-09-22 17:43:00+00:00,Unknown,50.75,2024,9,22
77544,55761,21053,1,62.4,2024-01-25 20:48:31.828000+00:00,Unknown,62.4,2024,1,25
75594,54493,21097,1,22.5,2024-12-13 06:23:00+00:00,Unknown,22.5,2024,12,13
75103,54268,21622,1,34.0,2024-06-05 15:57:03+00:00,Unknown,34.0,2024,6,5
78926,54713,21268,2,48.5,2024-11-24 18:48:23+00:00,"6577 Lindgren Oval, Muellerland, FL 13907",97.0,2024,11,24
75286,54078,21306,5,32.75,2025-03-28 23:03:39+00:00,Unknown,163.75,2025,3,28
80934,54759,20931,1,54.99,2025-03-19 07:04:26+00:00,Unknown,54.99,2025,3,19
80310,53120,21321,1,85.2,2025-01-06 23:01:21+00:00,Unknown,85.2,2025,1,6
76945,54859,21586,1,28.5,2024-08-16 08:44:40+00:00,"Apt. 996 151 Garland Skyway, Port Neville, NH 79265",28.5,2024,8,16
77383,54483,21301,3,59.99,2025-06-10 13:39:18+00:00,Unknown,179.97,2025,6,10
80611,53065,21437,1,66.25,2024-06-26 20:56:20+00:00,"Apt. 152 66777 Timothy Canyon, Ivoryborough, MO 92629",66.25,2024,6,26
81084,53308,21088,2,56.0,2024-06-25 05:07:28+00:00,Unknown,112.0,2024,6,25
76202,55606,21350,2,57.6,2025-02-22 01:38:08+00:00,Unknown,115.2,2025,2,22
76623,55354,21359,1,74.0,2025-08-06 05:42:32+00:00,Unknown,74.0,2025,8,6
81601,55169,21656,1,92.39,2025-01-26 21:49:00+00:00,Unknown,92.39,2025,1,26
82141,54047,21041,2,69.99,2024-11-03 01:40:31+00:00,Unknown,139.98,2024,11,3
76118,55253,21637,1,40.25,2025-06-19 01:30:35+00:00,"Apt. 952 446 Auer Glens, North Chang, NE 04941-4179",40.25,2025,6,19
74748,55180,21282,1,58.99,2024-09-27 12:43:00+00:00,Unknown,58.99,2024,9,27
74623,53289,21573,1,23.25,2025-01-31 18:15:48+00:00,Unknown,23.25,2025,1,31
81711,54573,21003,1,37.75,2024-09-12 05:33:11+00:00,Unknown,37.75,2024,9,12
77679,54192,20934,1,17.0,2025-06-24 21:30:01+00:00,Unknown,17.0,2025,6,24
79215,53701,21120,5,35.75,2024-10-26 15:37:00+00:00,"9389 Vicenta Garden, Marioport, AZ 59259",178.75,2024,10,26
81749,54465,21449,2,68.99,2025-02-18 10:48:01+00:00,Unknown,137.98,2025,2,18
77195,53863,21198,1,48.0,2025-07-28 10:16:57+00:00,"Apt. 476 126 Damon Burg, New Chadhaven, KS 76600-0114",48.0,2025,7,28
81900,53230,21444,1,62.99,2024-12-06 14:27:02+00:00,Unknown,62.99,2024,12,6
82705,55087,21604,1,52.0,2025-02-05 06:35:01+00:00,"Suite 457 4115 Tracey Keys, South Tobie, ID 63071",52.0,2025,2,5
82780,54376,21345,1,56.75,2024-12-10 21:22:46+00:00,"31489 Harvey Mountain, East Bret, UT 98750",56.75,2024,12,10
77907,53488,21488,1,29.4,2025-08-20 17:58:06+00:00,"Apt. 496 182 Margorie Prairie, North Robbie, NC 81875-4468",29.4,2025,8,20
76018,55677,20935,1,30.25,2024-12-22 21:35:43+00:00,"239 Guillermo Shoals, Sherriemouth, PA 29541",30.25,2024,12,22
82624,55212,20933,1,21.99,2024-10-03 05:52:28.647000+00:00,"8493 Victor Mews, Roobtown, WA 44208-6073",21.99,2024,10,3
78547,53146,21044,1,23.5,2025-02-11 16:09:41+00:00,Unknown,23.5,2025,2,11
81811,53106,21530,2,85.2,2024-07-12 02:30:14+00:00,Unknown,170.4,2024,7,12
73420,53293,21125,1,14.25,2025-03-17 04:43:49.604000+00:00,Unknown,14.25,2025,3,17
74056,54692,20992,1,51.5,2024-08-30 09:36:00+00:00,Unknown,51.5,2024,8,30
81436,53608,21300,2,58.75,2024-10-19 12:38:14+00:00,Unknown,117.5,2024,10,19
78534,54551,21399,1,71.5,2024-11-22 06:14:36+00:00,Unknown,71.5,2024,11,22
74169,53705,21323,1,30.9,2024-09-26 01:53:00+00:00,Unknown,30.9,2024,9,26
74643,55703,21571,5,16.0,2025-06-17 10:01:00.688000+00:00,"Suite 464 1331 Williamson Fall, Lake Malikaside, CO 42388",80.0,2025,6,17
76323,55747,21115,4,68.0,2025-04-12 18:23:30.575000+00:00,"Suite 139 67854 Ledner Divide, Abshirehaven, WV 26014",272.0,2025,4,12
82950,53554,21184,1,72.75,2024-11-21 08:29:29+00:00,Unknown,72.75,2024,11,21
78956,53616,21486,1,37.25,2024-12-10 02:51:00+00:00,"Suite 451 289 Hickle Pines, North Herbberg, WV 42742",37.25,2024,12,10
81726,54921,21127,1,63.9,2025-04-05 11:17:06+00:00,Unknown,63.9,2025,4,5
77583,53972,20995,1,53.0,2024-11-06 02:10:15.779000+00:00,"131 Dennis Ferry, Port Tonettefurt, MT 48944",53.0,2024,11,6
78663,55131,20977,1,29.1,2025-05-31 01:37:00+00:00,Unknown,29.1,2025,5,31
82331,54360,21217,1,30.25,2024-09-30 01:21:24+00:00,Unknown,30.25,2024,9,30
78160,55258,20982,1,39.5,2024-03-15 21:52:23+00:00,Unknown,39.5,2024,3,15
82913,53622,21255,2,40.5,2024-07-09 00:11:18+00:00,Unknown,81.0,2024,7,9
75865,53867,21088,1,53.0,2024-08-30 08:43:21+00:00,Unknown,53.0,2024,8,30
81358,55707,21261,1,85.2,2024-08-13 09:54:53+00:00,Unknown,85.2,2024,8,13
73690,55498,21169,2,62.99,2025-02-22 13:28:53+00:00,"Apt. 589 5448 Monroe Prairie, Port Hipolitoshire, NJ 40802-2429",125.98,2025,2,22
78855,54361,21538,2,70.5,2025-04-13 19:08:00+00:00,"Apt. 162 373 Herminia Turnpike, Klockochester, TN 85340",141.0,2025,4,13
77620,53881,21565,5,72.3,2025-02-12 11:52:47+00:00,Unknown,361.5,2025,2,12
83168,53800,21542,1,50.25,2024-04-12 13:40:45+00:00,Unknown,50.25,2024,4,12
82836,54654,21182,2,67.0,2024-12-25 12:14:32+00:00,Unknown,134.0,2024,12,25
79748,55180,21481,1,23.25,2024-05-03 06:30:19+00:00,Unknown,23.25,2024,5,3
76409,54123,21477,1,45.75,2025-01-09 03:47:43+00:00,Unknown,45.75,2025,1,9
73773,53631,21338,2,57.6,2025-05-18 12:12:04+00:00,"Apt. 807 417 Gregorio Track, South Willistown, MN 08255-9185",115.2,2025,5,18
76233,53994,21556,3,25.5,2024-09-18 02:54:00+00:00,Unknown,76.5,2024,9,18
80816,53256,20971,3,17.0,2025-01-16 09:22:54+00:00,Unknown,51.0,2025,1,16
73499,53179,21263,3,58.25,2024-07-05 23:13:49+00:00,Unknown,174.75,2024,7,5
74908,55337,21525,1,47.25,2024-08-16 11:26:26+00:00,Unknown,47.25,2024,8,16
75549,53376,21277,2,59.0,2025-01-16 07:05:01+00:00,Unknown,118.0,2025,1,16
78973,53777,20938,1,27.5,2024-09-20 08:19:00+00:00,Unknown,27.5,2024,9,20
73772,54739,21070,1,26.4,2024-02-25 20:21:00+00:00,"9376 Donald Extension, South Devonville, NM 73631",26.4,2024,2,25
79677,55057,21497,4,67.5,2024-11-06 10:53:03+00:00,Unknown,270.0,2024,11,6
78116,54324,21518,1,55.0,2024-06-07 01:27:39+00:00,Unknown,55.0,2024,6,7
76637,55441,21586,1,21.5,2025-08-07 09:04:00+00:00,"185 Alden Lock, Lake Broderickhaven, MD 75939",21.5,2025,8,7
73578,53513,21609,1,18.5,2024-08-14 23:13:00+00:00,Unknown,18.5,2024,8,14
82332,55189,21198,2,43.2,2025-05-06 17:24:00+00:00,Unknown,86.4,2025,5,6
77228,55129,21309,1,47.25,2024-11-27 16:24:03+00:00,Unknown,47.25,2024,11,27
82747,54031,21228,1,27.0,2024-06-05 18:01:00+00:00,Unknown,27.0,2024,6,5
74443,54815,21334,1,47.4,2025-02-15 15:41:47+00:00,Unknown,47.4,2025,2,15
77905,54300,21606,1,20.99,2025-06-19 05:54:31+00:00,Unknown,20.99,2025,6,19
76689,55095,21557,2,64.0,2024-08-06 16:24:06+00:00,Unknown,128.0,2024,8,6
82013,55029,21648,2,31.5,2025-05-09 07:08:59+00:00,Unknown,63.0,2025,5,9
82875,55725,21090,1,55.2,2025-03-27 21:45:00+00:00,"332 Kuphal Passage, New Loreeburgh, MD 37825-5068",55.2,2025,3,27
78825,54555,21506,1,34.8,2024-11-29 05:37:00+00:00,Unknown,34.8,2024,11,29
76671,55485,21022,4,65.5,2025-01-23 17:16:00+00:00,Unknown,262.0,2025,1,23
82901,54595,21345,2,59.0,2025-03-15 22:27:29+00:00,Unknown,118.0,2025,3,15
80277,53911,21342,1,46.0,2025-01-06 00:43:55+00:00,"Suite 515 492 Alec Overpass, New Codystad, IA 44050",46.0,2025,1,6
76326,53732,21025,1,63.3,2024-07-21 08:22:00+00:00,"48202 Mohr Cliff, North Elbertmouth, WI 40928",63.3,2024,7,21
74882,54190,21237,1,20.0,2024-09-25 12:07:44+00:00,Unknown,20.0,2024,9,25
82052,53985,21223,1,72.0,2024-10-20 10:03:12+00:00,Unknown,72.0,2024,10,20
79048,54259,21645,1,53.25,2024-09-20 04:56:39+00:00,Unknown,53.25,2024,9,20
80041,55383,21527,1,62.5,2025-02-25 16:47:00+00:00,Unknown,62.5,2025,2,25
82782,54404,21074,1,72.0,2024-06-12 07:56:27+00:00,"43800 Eleanore Parkways, Barneyberg, MT 40527-7330",72.0,2024,6,12
81118,54826,21253,1,73.0,2024-08-15 00:42:00+00:00,Unknown,73.0,2024,8,15
79359,54622,21323,3,24.5,2025-06-07 17:03:30+00:00,"405 Littel Prairie, Chaseview, SC 87877-6949",73.5,2025,6,7
79751,53401,21103,1,63.99,2025-04-15 00:16:39+00:00,Unknown,63.99,2025,4,15
79165,55325,21083,2,21.99,2025-02-14 13:37:48+00:00,"Suite 534 85618 Jones Station, Classieberg, NE 43227",43.98,2025,2,14
78897,53837,21551,1,51.59,2025-06-13 01:07:32.546000+00:00,Unknown,51.59,2025,6,13
82548,55102,20957,2,56.75,2024-05-18 15:25:00+00:00,Unknown,113.5,2024,5,18
81164,54089,21268,1,51.75,2025-03-12 20:40:29+00:00,Unknown,51.75,2025,3,12
79970,54041,21193,1,16.2,2024-11-14 12:14:01+00:00,"Suite 418 6055 Bergstrom Dale, Blandashire, CA 93761",16.2,2024,11,14
74589,53842,21652,1,48.0,2025-02-05 18:49:20+00:00,Unknown,48.0,2025,2,5
80923,55142,21271,1,30.0,2025-04-03 07:21:21+00:00,Unknown,30.0,2025,4,3
75595,53053,21547,1,20.5,2025-06-30 03:08:05+00:00,"Suite 660 284 Cole Springs, Tommiehaven, WY 64447-6800",20.5,2025,6,30
79282,55610,21056,2,50.4,2024-08-19 13:32:55+00:00,"7543 Floyd Roads, West Jaimeechester, MD 33912",100.8,2024,8,19
83110,54924,21657,1,21.0,2025-05-20 02:17:00+00:00,Unknown,21.0,2025,5,20
76507,53437,21403,5,25.0,2024-09-22 16:50:10+00:00,Unknown,125.0,2024,9,22
75733,55514,21253,1,86.1,2024-08-23 12:08:21+00:00,Unknown,86.1,2024,8,23
74271,53504,21544,1,38.39,2024-11-28 21:58:42+00:00,Unknown,38.39,2024,11,28
79558,53352,20920,2,19.75,2025-03-08 09:36:48.385000+00:00,Unknown,39.5,2025,3,8
74034,53041,21111,1,33.6,2025-04-25 02:53:00+00:00,Unknown,33.6,2025,4,25
82183,53870,21598,1,42.75,2024-09-28 01:01:32+00:00,Unknown,42.75,2024,9,28
82181,54462,21593,1,57.0,2024-09-16 22:48:52+00:00,Unknown,57.0,2024,9,16
77686,53950,21035,4,49.8,2025-01-20 16:56:19+00:00,"79087 Barrett Causeway, Port Anikamouth, MT 46627-9724",199.2,2025,1,20
81400,54070,20917,1,47.99,2025-05-06 03:34:15+00:00,Unknown,47.99,2025,5,6
81998,55573,21440,1,35.25,2024-12-15 03:27:56+00:00,Unknown,35.25,2024,12,15
79664,54534,21362,4,48.25,2025-03-16 15:21:09+00:00,"Apt. 624 6405 Conrad Villages, North Domingo, NM 87914",193.0,2025,3,16
75898,54543,20990,1,21.75,2024-12-29 16:15:43+00:00,Unknown,21.75,2024,12,29
82819,55309,21107,4,62.0,2024-11-16 20:06:27+00:00,"Suite 777 3840 Fatima Ridges, New Wally, NC 93157",248.0,2024,11,16
77842,54676,21212,1,35.0,2024-09-27 17:36:32.670000+00:00,Unknown,35.0,2024,9,27
78964,53911,21014,4,74.25,2024-12-06 02:35:04+00:00,"Suite 515 492 Alec Overpass, New Codystad, IA 44050",297.0,2024,12,6
78857,53814,21283,1,42.0,2025-03-18 09:19:00+00:00,Unknown,42.0,2025,3,18
78171,54828,21572,4,29.75,2024-07-03 15:14:02.082000+00:00,"Suite 929 614 Hipolito Burg, Jennatown, NV 14545-3374",119.0,2024,7,3
73957,55473,21114,1,75.6,2024-09-23 05:21:52+00:00,Unknown,75.6,2024,9,23
78979,55534,21540,1,58.0,2025-01-15 18:36:00+00:00,Unknown,58.0,2025,1,15
78147,54580,21231,1,72.5,2025-02-16 16:44:04.061000+00:00,"52459 Bahringer Avenue, Breitenbergtown, UT 57552",72.5,2025,2,16
78800,55318,21181,1,48.75,2024-09-30 01:56:35+00:00,Unknown,48.75,2024,9,30
74633,53754,21563,3,64.2,2025-03-06 10:15:47+00:00,Unknown,192.6,2025,3,6
76883,55142,21348,2,24.99,2024-08-09 00:09:21+00:00,"434 Berge Parkway, North Steviehaven, NE 36843",49.98,2024,8,9
74384,54338,20989,1,81.0,2025-02-28 01:37:29+00:00,"26314 D'Amore Lodge, Lake Tiaraburgh, SD 89843-7840",81.0,2025,2,28
75052,53450,21170,1,75.25,2024-06-01 13:50:51+00:00,Unknown,75.25,2024,6,1
81150,55495,21243,1,69.5,2024-12-29 08:15:52+00:00,Unknown,69.5,2024,12,29
75035,54083,21095,2,59.7,2025-02-19 14:41:13+00:00,Unknown,119.4,2025,2,19
79690,53073,21641,1,72.5,2025-05-16 15:08:46.025000+00:00,Unknown,72.5,2025,5,16
76246,54506,21435,1,58.5,2024-12-30 22:27:00+00:00,"46757 Hammes Tunnel, Lake Darenchester, ME 45859-1838",58.5,2024,12,30
75483,53450,21476,1,86.4,2025-05-13 16:04:11+00:00,Unknown,86.4,2025,5,13
78464,54342,21483,1,78.0,2024-12-05 16:32:25+00:00,Unknown,78.0,2024,12,5
76624,54093,21408,2,22.0,2024-11-07 10:56:48+00:00,Unknown,44.0,2024,11,7
77360,53622,20940,1,59.5,2024-07-23 18:48:59+00:00,"Suite 898 749 Carter Forges, New Newtonshire, NY 82928",59.5,2024,7,23
75315,55349,21323,1,26.25,2024-11-01 02:43:09+00:00,Unknown,26.25,2024,11,1
80567,53713,21264,1,41.5,2025-03-02 01:03:08+00:00,Unknown,41.5,2025,3,2
81705,55532,20992,3,50.5,2025-01-20 15:03:03+00:00,Unknown,151.5,2025,1,20
75397,54257,21143,1,42.0,2025-04-14 11:22:26+00:00,Unknown,42.0,2025,4,14
79395,53759,20938,1,24.5,2025-02-16 15:09:27+00:00,Unknown,24.5,2025,2,16
76310,54654,21391,1,81.0,2024-11-25 20:37:59+00:00,"3431 Nicolas Vista, Flatleyshire, AK 32520-5815",81.0,2024,11,25
76630,55088,21024,1,39.5,2024-12-13 20:37:27+00:00,Unknown,39.5,2024,12,13
76090,54337,21308,5,59.0,2025-02-14 12:07:19.782000+00:00,Unknown,295.0,2025,2,14
73492,54350,21221,1,74.75,2025-02-28 00:39:28.503000+00:00,Unknown,74.75,2025,2,28
76955,53675,21287,1,65.99,2024-07-15 07:17:17+00:00,Unknown,65.99,2024,7,15
73421,54054,20964,1,75.0,2025-02-01 21:26:00+00:00,Unknown,75.0,2025,2,1
78029,54462,21628,1,28.0,2024-10-14 14:22:22+00:00,Unknown,28.0,2024,10,14
77558,55786,21338,1,49.5,2024-05-04 15:00:34+00:00,Unknown,49.5,2024,5,4
75245,55739,20997,2,87.0,2025-02-03 03:18:00+00:00,Unknown,174.0,2025,2,3
74299,53209,21209,1,58.2,2025-04-25 05:30:36+00:00,Unknown,58.2,2025,4,25
74037,54460,21645,2,53.0,2025-02-01 02:30:00+00:00,Unknown,106.0,2025,2,1
80881,55450,21298,3,28.8,2024-11-10 13:15:18+00:00,Unknown,86.4,2024,11,10
81966,54497,21507,1,45.0,2025-04-25 16:21:27+00:00,"Suite 699 88581 Earle Springs, Port Tad, AZ 14937",45.0,2025,4,25
74198,55363,21178,5,48.25,2024-12-19 18:59:00+00:00,Unknown,241.25,2024,12,19
74346,54800,21064,1,47.4,2025-02-10 12:21:00+00:00,"Apt. 536 1264 Johnston Manors, Lake Kristopherborough, AR 21291",47.4,2025,2,10
82108,54622,20998,2,49.5,2025-02-07 09:35:00+00:00,Unknown,99.0,2025,2,7
81149,54333,20976,1,59.7,2025-03-30 14:34:51+00:00,Unknown,59.7,2025,3,30
76134,55545,21500,1,87.59,2024-10-22 05:21:11+00:00,Unknown,87.59,2024,10,22
75600,53827,20996,2,54.0,2024-11-30 06:24:00+00:00,Unknown,108.0,2024,11,30
74136,54586,21484,1,53.5,2024-08-12 03:37:21+00:00,Unknown,53.5,2024,8,12
75116,53467,21167,2,19.25,2025-01-15 07:19:08+00:00,Unknown,38.5,2025,1,15
78150,54817,21437,1,62.25,2024-09-10 09:11:47+00:00,"668 Dillon Pines, Aminafort, MI 43104-1552",62.25,2024,9,10
73587,53055,21044,1,27.25,2024-12-19 15:09:00+00:00,"90917 Deedee Flat, Torphyborough, VA 79361-7879",27.25,2024,12,19
82210,54134,21065,1,22.99,2024-06-19 05:35:50+00:00,Unknown,22.99,2024,6,19
77656,53237,21426,1,30.6,2025-05-25 11:52:28+00:00,Unknown,30.6,2025,5,25
80741,54381,21578,1,43.0,2025-02-01 09:16:00+00:00,Unknown,43.0,2025,2,1
80425,55704,21651,1,52.0,2024-06-08 18:18:00+00:00,Unknown,52.0,2024,6,8
75054,53571,20955,1,73.75,2025-02-02 00:27:06+00:00,Unknown,73.75,2025,2,2
80018,53105,21160,1,27.3,2024-11-23 04:57:00+00:00,Unknown,27.3,2024,11,23
74842,53869,20981,1,22.0,2025-02-13 15:37:57+00:00,"118 Ullrich Junctions, New Jodyshire, RI 86624",22.0,2025,2,13
75051,53073,21428,1,33.6,2024-08-29 15:03:00+00:00,Unknown,33.6,2024,8,29
80266,54640,21296,1,35.99,2024-07-25 20:24:27+00:00,"5768 Jerde Point, Jeffieshire, UT 95557-3969",35.99,2024,7,25
76923,53372,21493,1,36.6,2024-10-15 23:24:04+00:00,"699 Thelma Trace, Auerview, ME 26656-9545",36.6,2024,10,15
80720,55737,20918,1,23.1,2024-08-24 11:05:00+00:00,Unknown,23.1,2024,8,24
79026,54239,21452,1,23.99,2024-07-05 07:42:00+00:00,Unknown,23.99,2024,7,5
76158,55424,21565,1,59.25,2025-01-24 22:27:48+00:00,Unknown,59.25,2025,1,24
76302,53313,21504,5,53.25,2025-01-25 18:20:35+00:00,Unknown,266.25,2025,1,25
81198,55340,21180,1,22.5,2024-06-21 13:42:54+00:00,Unknown,22.5,2024,6,21
82663,53611,21343,1,21.5,2025-05-10 17:36:20+00:00,Unknown,21.5,2025,5,10
74861,53218,21107,1,67.5,2025-03-15 21:42:00+00:00,Unknown,67.5,2025,3,15
79125,53195,21334,1,43.0,2024-10-08 00:01:58+00:00,Unknown,43.0,2024,10,8
81474,55198,21111,1,32.25,2024-10-22 23:35:14+00:00,Unknown,32.25,2024,10,22
78832,54723,21404,1,34.25,2025-08-04 17:26:22+00:00,Unknown,34.25,2025,8,4
75884,55522,21516,1,33.0,2025-01-02 15:38:36+00:00,Unknown,33.0,2025,1,2
83025,54803,21058,2,50.5,2024-07-18 19:34:16+00:00,"1505 Ned Glens, Lake Kymberlymouth, TX 87651-5022",101.0,2024,7,18
80236,55266,21462,1,31.19,2024-10-04 15:19:44+00:00,Unknown,31.19,2024,10,4
74695,54061,20934,1,25.19,2025-01-29 15:48:00+00:00,Unknown,25.19,2025,1,29
82144,55095,21525,1,49.0,2025-04-03 20:13:38+00:00,"Suite 865 21372 Russel Brook, Emmanuelhaven, AK 19441-0711",49.0,2025,4,3
76965,53437,21364,2,73.8,2025-06-08 15:05:54+00:00,Unknown,147.6,2025,6,8
74200,55707,21008,2,21.0,2024-11-21 10:55:02+00:00,Unknown,42.0,2024,11,21
75445,55208,21592,4,31.75,2024-06-13 07:18:00+00:00,Unknown,127.0,2024,6,13
73913,53614,20996,1,43.99,2024-12-30 16:47:51.933000+00:00,Unknown,43.99,2024,12,30
75452,53729,21625,1,27.0,2025-03-01 06:39:29+00:00,Unknown,27.0,2025,3,1
76607,53744,21443,1,42.0,2025-02-20 03:15:17+00:00,Unknown,42.0,2025,2,20
74781,54225,21325,1,70.5,2025-02-02 00:58:11+00:00,Unknown,70.5,2025,2,2
77240,55531,21115,1,69.5,2025-05-03 06:07:53+00:00,"Apt. 549 81740 Bailey Rapid, New Jeane, VT 36200-6493",69.5,2025,5,3
82048,54975,21543,1,31.8,2025-07-20 09:15:14+00:00,Unknown,31.8,2025,7,20
75482,55231,21247,1,54.0,2025-08-14 02:57:50+00:00,Unknown,54.0,2025,8,14
79888,54779,21566,1,49.5,2024-06-17 11:51:24+00:00,Unknown,49.5,2024,6,17
81472,53845,21019,2,65.0,2025-04-21 23:30:40+00:00,Unknown,130.0,2025,4,21
81882,53410,21271,2,22.0,2024-09-19 20:58:00+00:00,Unknown,44.0,2024,9,19
74851,54434,21393,1,40.0,2024-07-13 18:54:20+00:00,Unknown,40.0,2024,7,13
79034,53176,21308,1,76.2,2024-11-30 15:59:07+00:00,Unknown,76.2,2024,11,30
74996,55102,21075,1,56.7,2024-10-08 21:38:38+00:00,Unknown,56.7,2024,10,8
80104,55673,21059,2,54.3,2024-11-13 18:20:53+00:00,Unknown,108.6,2024,11,13
79116,54189,21588,2,58.2,2025-07-25 06:28:20+00:00,Unknown,116.4,2025,7,25
76058,53405,21214,1,60.0,2024-12-25 10:41:00+00:00,"74070 Rene Rue, Uptonmouth, SD 08753",60.0,2024,12,25
77837,53838,20985,1,34.75,2024-09-03 22:37:52+00:00,Unknown,34.75,2024,9,3
76856,54050,21564,1,35.5,2025-02-19 11:57:32+00:00,"5586 Sana Burgs, Port Janellaberg, OH 91114",35.5,2025,2,19
75953,53170,21417,1,22.5,2024-11-30 22:48:00+00:00,Unknown,22.5,2024,11,30
73968,55704,21239,1,32.0,2024-05-11 03:20:20+00:00,Unknown,32.0,2024,5,11
75068,55274,21203,1,36.5,2025-03-08 04:20:48.173000+00:00,Unknown,36.5,2025,3,8
76749,53940,21278,1,35.99,2025-02-05 13:07:21+00:00,Unknown,35.99,2025,2,5
76028,54636,21097,1,16.99,2025-06-10 22:37:50+00:00,Unknown,16.99,2025,6,10
79452,55594,21596,1,58.79,2024-11-02 00:15:55+00:00,Unknown,58.79,2024,11,2
81115,55015,21426,1,28.5,2024-09-08 03:07:26+00:00,"Apt. 446 855 Darnell Course, Nicolasfort, WV 14107-8585",28.5,2024,9,8
79303,54580,21283,2,38.75,2025-04-07 23:16:22+00:00,Unknown,77.5,2025,4,7
81525,53767,21348,1,32.7,2024-08-16 01:26:46+00:00,Unknown,32.7,2024,8,16
78455,54245,21136,3,72.99,2025-04-05 10:11:10+00:00,Unknown,218.97,2025,4,5
74881,54775,20922,1,64.25,2024-09-23 23:17:55.124000+00:00,"272 Carter Parks, Lake Hassan, DE 75012",64.25,2024,9,23
77857,54552,21190,1,35.0,2025-06-28 15:59:00+00:00,Unknown,35.0,2025,6,28
74315,54474,21611,1,62.99,2024-05-11 06:03:41+00:00,Unknown,62.99,2024,5,11
75010,54305,21517,1,79.19,2024-06-19 22:20:00+00:00,"Suite 457 384 Dawne Way, Rippinbury, TX 25566",79.19,2024,6,19
75948,55367,21497,1,69.0,2025-02-15 11:09:15+00:00,"Suite 455 160 Chantay Summit, New Bryan, MI 50593-0792",69.0,2025,2,15
80430,53789,21005,1,17.25,2024-05-22 05:44:17+00:00,Unknown,17.25,2024,5,22
75552,53592,21306,2,39.3,2024-01-29 13:11:09+00:00,Unknown,78.6,2024,1,29
75164,53623,21574,1,24.0,2025-02-04 20:09:00+00:00,"Suite 740 2011 Runolfsson Bridge, Jastburgh, WY 34114-7178",24.0,2025,2,4
81389,54342,20964,1,71.0,2024-10-11 10:03:00+00:00,Unknown,71.0,2024,10,11
76452,54892,21255,1,47.99,2025-01-23 02:00:49.584000+00:00,Unknown,47.99,2025,1,23
74769,55646,21448,1,17.0,2024-09-16 21:07:50+00:00,Unknown,17.0,2024,9,16
73577,53445,21093,1,66.25,2024-10-25 04:59:32+00:00,Unknown,66.25,2024,10,25
81329,55010,21074,1,86.39,2025-01-26 17:08:00+00:00,"Apt. 693 472 Bradly Estates, South Nanceeshire, DE 25551",86.39,2025,1,26
77295,54244,21123,5,67.75,2024-09-14 12:20:42+00:00,Unknown,338.75,2024,9,14
75689,54910,21174,1,13.75,2025-04-10 00:05:37+00:00,Unknown,13.75,2025,4,10
77340,53865,21549,3,52.25,2024-12-03 12:52:00+00:00,"Suite 634 1729 Weber Groves, Buckridgebury, FL 37994-0713",156.75,2024,12,3
77030,55581,21393,1,42.5,2025-02-19 18:35:54.756000+00:00,Unknown,42.5,2025,2,19
76917,54683,21161,2,37.75,2025-01-16 19:10:00+00:00,"848 Faviola Station, Kihnshire, LA 39808",75.5,2025,1,16
81973,53671,21230,1,27.0,2024-10-28 15:04:55+00:00,Unknown,27.0,2024,10,28
82114,54718,20943,1,87.6,2025-01-29 12:35:10+00:00,Unknown,87.6,2025,1,29
73679,55787,21552,1,35.5,2025-05-16 05:34:40+00:00,"Apt. 904 46024 Kutch Place, North Micah, MS 14840",35.5,2025,5,16
75413,55017,21221,1,71.0,2024-06-12 16:56:00+00:00,Unknown,71.0,2024,6,12
73874,53153,21334,1,40.5,2024-05-06 08:38:56+00:00,Unknown,40.5,2024,5,6
76828,54698,21646,1,16.25,2024-11-07 17:16:25+00:00,Unknown,16.25,2024,11,7
76171,53733,21217,3,39.0,2024-09-16 09:35:35+00:00,Unknown,117.0,2024,9,16
82118,54544,21087,1,27.5,2025-02-20 15:22:22+00:00,Unknown,27.5,2025,2,20
78689,55635,21238,1,57.5,2024-11-14 07:14:21+00:00,"Suite 126 4860 Shanda Summit, East Nicky, NV 04526-0097",57.5,2024,11,14
76505,53106,21432,4,86.4,2024-07-18 22:36:13+00:00,Unknown,345.6,2024,7,18
79057,53565,20971,1,20.1,2025-01-18 12:39:00+00:00,Unknown,20.1,2025,1,18
75379,54727,21228,1,33.6,2025-03-17 23:27:58+00:00,Unknown,33.6,2025,3,17
81598,54132,21271,1,28.2,2025-03-14 22:55:44+00:00,Unknown,28.2,2025,3,14
80159,53811,21092,1,36.0,2025-02-15 23:03:54+00:00,"Apt. 930 833 Bradtke Overpass, East Terrence, HI 14061-7131",36.0,2025,2,15
76946,53527,21554,1,34.25,2024-11-13 13:39:00+00:00,Unknown,34.25,2024,11,13
82778,53870,21481,1,19.0,2025-01-27 17:32:52+00:00,"Suite 804 504 Synthia Lodge, West Jeana, RI 19222",19.0,2025,1,27
76341,54856,20999,1,28.75,2025-07-23 16:36:25.917000+00:00,Unknown,28.75,2025,7,23
76559,54525,21194,1,24.0,2025-03-07 21:03:46+00:00,Unknown,24.0,2025,3,7
76198,53499,21118,2,50.0,2024-07-18 23:27:57.869000+00:00,Unknown,100.0,2024,7,18
74446,54698,21482,1,44.5,2024-09-16 00:53:10+00:00,Unknown,44.5,2024,9,16
81204,53804,21606,1,19.5,2024-10-23 13:28:00+00:00,"570 Kris Drive, New Ezequielfurt, RI 58711",19.5,2024,10,23
75682,54310,21063,3,61.2,2025-01-21 06:35:01+00:00,Unknown,183.6,2025,1,21
82566,55318,21067,2,57.5,2025-03-24 07:42:00+00:00,Unknown,115.0,2025,3,24
79243,53859,21332,3,45.75,2025-04-17 20:35:00+00:00,"Suite 581 53926 O'Kon Ramp, Osinskiton, NE 72468-8815",137.25,2025,4,17
78475,53309,20988,2,63.0,2024-06-07 11:08:00+00:00,Unknown,126.0,2024,6,7
76990,54047,21299,5,27.0,2024-12-30 08:50:49+00:00,Unknown,135.0,2024,12,30
76790,54356,21248,2,42.25,2024-12-06 22:18:56+00:00,Unknown,84.5,2024,12,6
82220,55177,21624,3,77.4,2024-12-20 11:33:00+00:00,"Suite 429 496 Fadel Meadows, West Pablomouth, RI 03707",232.2,2024,12,20
76774,53763,20985,2,30.0,2024-12-12 08:17:23+00:00,Unknown,60.0,2024,12,12
82806,55682,21213,1,17.0,2024-10-29 18:29:16+00:00,Unknown,17.0,2024,10,29
83008,53570,21168,3,25.8,2025-03-18 11:57:52+00:00,"99485 Kunde Forks, West Julesstad, OK 18306",77.4,2025,3,18
75621,55267,21607,2,70.0,2025-02-16 08:56:36+00:00,Unknown,140.0,2025,2,16
80646,54240,21314,2,18.0,2024-07-24 02:21:04+00:00,Unknown,36.0,2024,7,24
80930,54448,21169,1,64.5,2024-12-30 23:07:07+00:00,Unknown,64.5,2024,12,30
74795,54304,21288,1,27.9,2024-07-28 11:53:49+00:00,Unknown,27.9,2024,7,28
82522,54782,21453,2,67.0,2024-07-22 01:42:27+00:00,Unknown,134.0,2024,7,22
75575,55652,21353,2,18.0,2025-01-28 18:11:00+00:00,Unknown,36.0,2025,1,28
78953,54264,21365,4,61.2,2024-06-03 06:35:33+00:00,Unknown,244.8,2024,6,3
74823,53869,21394,1,44.5,2024-12-05 13:01:34+00:00,"118 Ullrich Junctions, New Jodyshire, RI 86624",44.5,2024,12,5
79616,54755,21174,1,15.5,2024-11-18 09:45:00+00:00,Unknown,15.5,2024,11,18
80819,54160,21577,1,23.25,2024-05-30 20:38:47+00:00,Unknown,23.25,2024,5,30
81739,53848,21485,1,20.5,2024-07-09 03:57:39+00:00,Unknown,20.5,2024,7,9
74015,53071,21269,2,32.75,2024-07-20 21:59:31+00:00,Unknown,65.5,2024,7,20
80124,55349,21149,1,15.5,2025-03-27 03:21:56+00:00,Unknown,15.5,2025,3,27
78772,54909,20948,2,76.5,2024-10-20 01:49:52+00:00,"Suite 362 461 Jamila Village, Romeoville, MN 86105",153.0,2024,10,20
81188,54995,21405,1,47.0,2025-04-20 02:25:31+00:00,Unknown,47.0,2025,4,20
76816,55648,21501,1,21.0,2024-12-25 21:03:54+00:00,"4619 Wm Route, East Edison, FL 92337",21.0,2024,12,25
76177,55685,21397,1,67.0,2025-01-03 22:16:07+00:00,Unknown,67.0,2025,1,3
78968,55549,20954,2,73.25,2025-02-25 23:00:53+00:00,Unknown,146.5,2025,2,25
73340,55225,21332,5,43.5,2024-09-21 21:38:53+00:00,Unknown,217.5,2024,9,21
73652,53412,21649,1,23.25,2025-05-09 02:10:20+00:00,Unknown,23.25,2025,5,9
78292,53412,20917,1,39.75,2024-11-16 01:03:38+00:00,Unknown,39.75,2024,11,16
77617,53227,21491,1,59.25,2025-06-12 15:38:36+00:00,"Suite 406 379 McKenzie Lights, Streichview, MD 45229",59.25,2025,6,12
74577,53922,21282,1,61.75,2024-12-28 23:52:53.244000+00:00,Unknown,61.75,2024,12,28
76954,55063,20934,1,19.99,2025-03-15 14:07:00+00:00,Unknown,19.99,2025,3,15
78527,55317,21528,1,83.4,2025-04-24 17:11:34+00:00,Unknown,83.4,2025,4,24
76001,54144,20975,1,88.2,2024-07-17 21:54:44+00:00,"Apt. 495 848 Bauch Junctions, West Paige, MT 04119-3933",88.2,2024,7,17
78430,55662,21308,1,59.75,2024-12-29 12:57:00+00:00,Unknown,59.75,2024,12,29
80903,53035,21008,1,18.25,2025-03-18 19:21:47+00:00,Unknown,18.25,2025,3,18
76869,53648,21589,1,40.25,2025-04-10 04:40:48+00:00,"Apt. 441 4423 Ondricka Run, East Curtismouth, CO 96842",40.25,2025,4,10
82977,55551,21600,3,44.0,2024-11-07 19:53:00+00:00,Unknown,132.0,2024,11,7
80914,54185,20984,1,31.0,2024-10-13 10:54:57+00:00,Unknown,31.0,2024,10,13
80651,53439,20990,3,19.99,2024-11-24 11:58:11+00:00,Unknown,59.97,2024,11,24
74689,55769,20963,2,70.2,2024-08-03 21:33:28+00:00,Unknown,140.4,2024,8,3
77780,54037,21527,1,63.0,2024-02-27 10:32:51+00:00,Unknown,63.0,2024,2,27
76172,54223,21225,1,54.0,2025-07-05 00:52:46.796000+00:00,Unknown,54.0,2025,7,5
81613,55336,21014,1,75.0,2025-02-08 07:33:22+00:00,Unknown,75.0,2025,2,8
75319,55298,21435,1,57.0,2025-04-19 05:01:59+00:00,"Suite 671 2481 Ty View, Kemmerville, WI 13723-6060",57.0,2025,4,19
76997,53984,21039,1,31.0,2025-07-03 01:10:00+00:00,Unknown,31.0,2025,7,3
76606,55399,21552,1,40.79,2024-11-25 22:08:00+00:00,Unknown,40.79,2024,11,25
73841,54095,21542,1,50.5,2024-12-29 18:26:59+00:00,"Suite 771 6982 Golda Camp, New Irene, WA 25024-4993",50.5,2024,12,29
77127,53197,21052,1,88.2,2025-01-17 16:27:49+00:00,Unknown,88.2,2025,1,17
80947,53202,21516,1,32.5,2024-12-25 23:06:33+00:00,Unknown,32.5,2024,12,25
73357,53880,21177,1,29.4,2025-05-01 23:36:33+00:00,Unknown,29.4,2025,5,1
82120,54543,21483,1,65.0,2024-11-10 15:23:00+00:00,Unknown,65.0,2024,11,10
78662,54599,21166,1,57.0,2024-06-01 13:28:48+00:00,Unknown,57.0,2024,6,1
80856,55275,21224,1,60.0,2025-04-08 18:17:00+00:00,Unknown,60.0,2025,4,8
79338,54664,21499,2,85.19,2024-07-21 05:15:00+00:00,Unknown,170.38,2024,7,21
81740,53491,21128,1,63.0,2025-01-21 01:40:27+00:00,Unknown,63.0,2025,1,21
74523,53850,21589,1,40.0,2025-01-04 03:48:12+00:00,Unknown,40.0,2025,1,4
79046,53345,21405,1,43.0,2024-11-21 17:28:00+00:00,Unknown,43.0,2024,11,21
79823,54967,21347,1,43.0,2025-01-30 05:48:57+00:00,Unknown,43.0,2025,1,30
83117,55778,21044,1,24.5,2024-12-07 23:34:10+00:00,Unknown,24.5,2024,12,7
80948,55586,21148,5,57.75,2024-12-29 17:14:49+00:00,Unknown,288.75,2024,12,29
77474,54084,20992,2,52.25,2024-09-10 21:52:49+00:00,Unknown,104.5,2024,9,10
79312,53209,21546,1,49.25,2024-06-23 12:17:17+00:00,Unknown,49.25,2024,6,23
73513,53567,21000,1,31.0,2024-05-06 19:07:00+00:00,Unknown,31.0,2024,5,6
77713,53271,21625,3,30.25,2025-05-28 21:52:00+00:00,Unknown,90.75,2025,5,28
78542,55772,21373,1,28.5,2024-12-04 18:55:24+00:00,Unknown,28.5,2024,12,4
79196,53598,20957,1,57.5,2024-08-13 16:45:00+00:00,Unknown,57.5,2024,8,13
82777,55800,20917,1,39.5,2024-11-13 10:38:00+00:00,"Suite 121 42499 Hickle Center, Marquisbury, NE 13898-4135",39.5,2024,11,13
81857,53984,21241,2,20.0,2025-02-17 13:08:08+00:00,"912 Gino Bypass, North Tillieberg, HI 88423",40.0,2025,2,17
73840,54456,21409,2,71.99,2025-04-24 20:19:14+00:00,Unknown,143.98,2025,4,24
75587,55424,20961,1,38.4,2025-01-12 00:15:52+00:00,"Apt. 845 1797 Tamisha Wells, Ortiztown, OK 16189",38.4,2025,1,12
78114,55564,20918,1,17.5,2025-04-05 12:59:53+00:00,Unknown,17.5,2025,4,5
78426,54951,20963,5,62.5,2024-05-15 08:18:44+00:00,Unknown,312.5,2024,5,15
77047,54146,21225,3,58.0,2025-01-22 19:38:00+00:00,Unknown,174.0,2025,1,22
76644,53795,21358,1,52.8,2024-10-23 15:06:41+00:00,"475 Douglass Harbor, Port Madalinemouth, OH 29318",52.8,2024,10,23
73586,54367,21460,2,40.2,2024-09-21 00:49:00+00:00,"66504 Leonardo Mount, South Nonashire, CO 63487",80.4,2024,9,21
78090,53856,21070,1,21.25,2024-10-13 02:05:05+00:00,Unknown,21.25,2024,10,13
75204,54970,20983,1,20.0,2025-07-29 09:24:02.382000+00:00,Unknown,20.0,2025,7,29
76367,54179,21274,1,39.6,2025-02-10 01:23:25+00:00,"699 Thelma Trace, Auerview, ME 26656-9545",39.6,2025,2,10
77345,55471,21209,1,45.0,2025-02-24 00:11:40+00:00,Unknown,45.0,2025,2,24
82863,54098,21412,2,58.8,2024-11-15 04:07:28+00:00,Unknown,117.6,2024,11,15
77870,54611,20931,2,63.6,2024-11-02 22:49:01+00:00,"Apt. 513 20552 Jast Haven, Gusview, NE 59143",127.2,2024,11,2
80096,54643,21154,1,67.0,2025-05-22 20:30:34+00:00,"Suite 963 486 Robel Meadow, Ernestoshire, ID 08140",67.0,2025,5,22
80287,54319,21609,1,22.8,2025-04-20 04:46:10+00:00,Unknown,22.8,2025,4,20
81516,53378,21175,3,29.1,2025-02-09 07:00:54+00:00,Unknown,87.3,2025,2,9
82874,55314,21639,1,14.4,2025-03-06 07:24:00+00:00,"49948 Koch Station, Moonhaven, IL 76683",14.4,2025,3,6
80878,53796,21501,2,25.0,2024-07-13 08:54:19+00:00,"Apt. 930 4707 Miguel Estates, South Dionchester, SD 68798",50.0,2024,7,13
79063,54304,21651,1,53.5,2025-03-25 12:53:12+00:00,Unknown,53.5,2025,3,25
74408,54773,21462,2,26.25,2025-05-23 12:14:58+00:00,"2397 Shante Lock, Rutherfordtown, MT 20374",52.5,2025,5,23
77318,53953,21242,5,59.5,2024-09-13 06:42:00+00:00,Unknown,297.5,2024,9,13
78877,53984,21649,1,26.4,2024-09-04 16:28:19+00:00,Unknown,26.4,2024,9,4
80777,55762,21595,1,49.0,2025-01-26 06:00:05+00:00,Unknown,49.0,2025,1,26
75192,54939,20999,2,38.4,2024-12-02 02:41:49+00:00,"26262 Weber Plaza, Hahnmouth, IN 13349",76.8,2024,12,2
78758,55809,21183,1,51.99,2024-12-30 01:38:49+00:00,Unknown,51.99,2024,12,30
81571,55770,21374,1,21.0,2024-08-17 09:09:00+00:00,Unknown,21.0,2024,8,17
78005,54079,21463,1,88.8,2025-04-10 04:44:49+00:00,Unknown,88.8,2025,4,10
81357,55199,21469,1,71.0,2025-01-01 13:54:29.680000+00:00,Unknown,71.0,2025,1,1
73979,55376,21225,1,70.8,2024-06-19 18:10:35+00:00,Unknown,70.8,2024,6,19
74942,53436,21442,3,67.5,2025-06-04 16:01:02+00:00,Unknown,202.5,2025,6,4
76145,53963,20948,1,71.25,2024-07-29 01:37:04.128000+00:00,Unknown,71.25,2024,7,29
80826,54026,21581,1,23.5,2025-06-06 03:39:00+00:00,Unknown,23.5,2025,6,6
76536,53826,21204,1,18.25,2025-06-18 19:31:01+00:00,Unknown,18.25,2025,6,18
75457,54238,21456,1,61.2,2024-10-13 15:24:43+00:00,Unknown,61.2,2024,10,13
77804,53844,21408,2,22.5,2024-08-23 00:00:37+00:00,"731 Hessel Viaduct, North Neida, ND 92935",45.0,2024,8,23
75302,53745,21113,1,50.75,2024-11-20 01:35:35+00:00,Unknown,50.75,2024,11,20
76458,53793,21295,1,15.6,2024-05-08 09:21:00+00:00,Unknown,15.6,2024,5,8
82568,55294,21261,3,71.25,2024-04-27 14:21:00+00:00,Unknown,213.75,2024,4,27
81137,53251,21174,1,13.25,2025-07-19 10:08:19+00:00,Unknown,13.25,2025,7,19
78829,53507,21188,1,47.75,2024-12-17 18:11:53+00:00,"Suite 141 4786 Hansen Trace, West Barbietown, MS 56603",47.75,2024,12,17
79689,55181,21205,2,30.99,2025-04-21 07:04:53+00:00,Unknown,61.98,2025,4,21
79460,53685,21359,1,71.5,2024-07-03 00:15:14+00:00,"8407 Wunsch Street, Carltonmouth, RI 34566",71.5,2024,7,3
82891,53215,21354,2,19.25,2024-12-20 09:12:00+00:00,Unknown,38.5,2024,12,20
75311,54369,21182,3,75.6,2025-02-28 15:08:32+00:00,Unknown,226.8,2025,2,28
76877,53563,21079,3,66.0,2024-08-28 00:05:05+00:00,Unknown,198.0,2024,8,28
73776,54035,20975,1,69.0,2025-01-22 19:01:17+00:00,"22516 Goyette Parks, Cummingsbury, VA 00023-9313",69.0,2025,1,22
81184,54143,21071,3,67.2,2025-01-25 11:46:30+00:00,Unknown,201.6,2025,1,25
82122,54746,21358,1,51.6,2025-01-20 16:06:49+00:00,Unknown,51.6,2025,1,20
80533,53516,21173,1,20.99,2025-01-16 23:02:14+00:00,Unknown,20.99,2025,1,16
77703,55288,21367,1,42.0,2025-06-29 19:44:46+00:00,Unknown,42.0,2025,6,29
83113,55445,21234,1,33.75,2025-06-27 20:46:00+00:00,Unknown,33.75,2025,6,27
76346,55183,21483,1,69.5,2024-07-21 04:09:51+00:00,Unknown,69.5,2024,7,21
75667,53804,21504,1,50.0,2024-10-08 06:17:46+00:00,"570 Kris Drive, New Ezequielfurt, RI 58711",50.0,2024,10,8
76147,55177,21494,1,30.0,2025-03-23 10:40:09+00:00,Unknown,30.0,2025,3,23
75949,55320,21219,1,65.4,2024-10-22 16:06:00+00:00,Unknown,65.4,2024,10,22
74444,55312,21280,1,17.0,2025-05-27 15:29:32+00:00,Unknown,17.0,2025,5,27
75961,53285,21251,1,24.0,2025-03-15 14:19:00+00:00,Unknown,24.0,2025,3,15
74957,54228,21053,5,51.75,2024-08-01 12:47:00+00:00,Unknown,258.75,2024,8,1
79020,54232,21427,1,61.5,2024-03-20 15:52:50+00:00,"Apt. 892 652 Cordell Fords, Ryanmouth, NV 64099-3009",61.5,2024,3,20
76678,53773,21094,3,68.0,2025-06-06 16:31:05+00:00,Unknown,204.0,2025,6,6
77612,53126,20971,1,15.0,2024-09-20 13:10:00+00:00,"579 Althea Run, Marcenefurt, SD 63941-4544",15.0,2024,9,20
76780,54496,21641,1,71.5,2025-04-08 17:33:00+00:00,Unknown,71.5,2025,4,8
78310,54812,21130,2,42.5,2024-07-13 23:51:47+00:00,Unknown,85.0,2024,7,13
75083,53307,20956,1,63.0,2025-01-12 17:52:33+00:00,Unknown,63.0,2025,1,12
74843,55238,21569,2,62.0,2024-12-14 08:41:55+00:00,Unknown,124.0,2024,12,14
82659,54496,21469,2,70.5,2024-09-12 13:19:00+00:00,Unknown,141.0,2024,9,12
73925,54977,21035,4,43.25,2024-10-04 18:06:45+00:00,Unknown,173.0,2024,10,4
76200,54629,21378,1,40.25,2024-09-12 06:03:38.163000+00:00,Unknown,40.25,2024,9,12
75931,54873,21055,1,49.5,2024-11-01 20:46:00+00:00,Unknown,49.5,2024,11,1
83131,53363,21415,1,19.5,2024-05-21 16:02:00+00:00,Unknown,19.5,2024,5,21
77924,55449,21262,1,35.5,2024-06-23 22:13:34+00:00,Unknown,35.5,2024,6,23
79781,55507,21177,1,24.75,2025-02-28 07:57:00+00:00,Unknown,24.75,2025,2,28
81167,55006,20998,3,47.25,2024-10-22 22:01:00+00:00,Unknown,141.75,2024,10,22
79651,54601,21137,1,46.5,2024-11-21 20:49:29+00:00,Unknown,46.5,2024,11,21
76506,53784,21131,4,63.9,2025-01-13 02:43:00+00:00,Unknown,255.6,2025,1,13
73539,54902,21470,1,72.0,2024-06-15 22:09:58+00:00,Unknown,72.0,2024,6,15
81443,53513,21420,1,80.1,2024-06-08 18:29:17+00:00,"7918 Brynn Valley, Harberfort, NJ 85755",80.1,2024,6,8
80710,53640,21627,2,25.19,2025-02-09 20:21:08+00:00,"38416 Jared Ridges, DuBuqueville, NJ 35908",50.38,2025,2,9
76288,53837,21228,2,28.5,2024-08-27 11:22:00+00:00,Unknown,57.0,2024,8,27
75290,53655,21503,1,63.75,2025-03-11 06:20:00+00:00,"Suite 690 409 Shakia Villages, North Ethelyn, KY 93425",63.75,2025,3,11
77883,53105,21318,1,64.8,2025-06-29 16:24:54+00:00,Unknown,64.8,2025,6,29
81266,53989,21534,3,24.99,2024-06-26 17:37:26+00:00,Unknown,74.97,2024,6,26
80847,54879,21031,1,53.7,2025-04-09 23:34:53+00:00,Unknown,53.7,2025,4,9
76815,54429,21010,1,48.5,2025-03-17 02:31:21+00:00,"43177 Powlowski Dam, Roobstad, TX 10937",48.5,2025,3,17
79491,53351,21401,2,20.75,2024-12-20 19:14:02+00:00,Unknown,41.5,2024,12,20
75906,55639,21470,1,72.5,2024-10-26 08:16:52+00:00,Unknown,72.5,2024,10,26
74562,53291,20959,1,57.3,2025-03-10 17:16:00+00:00,"Apt. 939 2627 Stoltenberg Neck, East Mindyside, TN 30917-7512",57.3,2025,3,10
82070,54133,21373,1,22.8,2024-07-03 03:46:00+00:00,"Suite 144 9745 Rolf Isle, West Avrilview, MO 06233-2242",22.8,2024,7,3
81505,55408,21523,1,46.75,2025-02-02 22:41:48.690000+00:00,Unknown,46.75,2025,2,2
76942,54896,21499,4,74.99,2025-01-16 21:59:23+00:00,Unknown,299.96,2025,1,16
82526,55596,20966,1,49.8,2025-06-03 12:06:00+00:00,Unknown,49.8,2025,6,3
76998,53684,21377,1,50.75,2025-03-03 10:29:39+00:00,Unknown,50.75,2025,3,3
81932,53189,21371,1,18.75,2024-06-09 16:49:05+00:00,Unknown,18.75,2024,6,9
78729,54964,21037,1,52.0,2024-05-14 14:00:52+00:00,"Apt. 397 7656 Bechtelar Point, Halleystad, IA 73590",52.0,2024,5,14
79605,53491,21489,1,58.0,2024-09-26 05:25:19+00:00,Unknown,58.0,2024,9,26
77078,55189,21351,1,63.6,2024-08-25 19:29:58+00:00,Unknown,63.6,2024,8,25
75896,55591,20939,1,67.0,2025-02-06 02:59:00+00:00,Unknown,67.0,2025,2,6
81608,54345,21029,1,49.0,2024-08-06 21:36:00+00:00,Unknown,49.0,2024,8,6
78588,54204,21614,1,89.1,2024-10-06 06:43:00+00:00,"Suite 925 2909 Erick Estates, West Bart, MN 27971",89.1,2024,10,6
82629,55148,21626,1,83.4,2024-04-21 14:22:34+00:00,Unknown,83.4,2024,4,21
81128,53887,21469,1,71.25,2025-05-20 17:57:00+00:00,Unknown,71.25,2025,5,20
75546,54818,21191,2,51.9,2025-02-17 03:35:00+00:00,Unknown,103.8,2025,2,17
76525,55776,21199,1,51.59,2024-08-07 06:34:45+00:00,Unknown,51.59,2024,8,7
81634,55525,21347,5,55.8,2025-01-30 19:09:52+00:00,Unknown,279.0,2025,1,30
82476,55758,21330,2,42.99,2024-10-23 08:41:00+00:00,"65194 Jenkins Green, Feilhaven, VA 84885-9762",85.98,2024,10,23
73748,55169,20922,1,80.1,2024-09-06 12:47:21.753000+00:00,Unknown,80.1,2024,9,6
74225,55630,21519,1,50.75,2024-10-15 13:50:37+00:00,Unknown,50.75,2024,10,15
79265,55233,21644,3,64.0,2024-10-10 22:29:55+00:00,Unknown,192.0,2024,10,10
79636,53664,20970,1,40.25,2024-12-15 10:37:11+00:00,Unknown,40.25,2024,12,15
73961,55225,21385,1,21.0,2024-09-21 04:53:41+00:00,"62921 Maggio Canyon, Lake Quinn, WY 39087",21.0,2024,9,21
79906,54822,21534,1,26.75,2024-09-20 13:12:00+00:00,Unknown,26.75,2024,9,20
74501,53889,21186,1,39.25,2024-08-03 14:37:00+00:00,"88266 Hessel Route, Jeritown, IL 12919",39.25,2024,8,3
78050,54164,21303,1,26.0,2024-06-28 16:25:36+00:00,Unknown,26.0,2024,6,28
79128,54159,21174,1,12.75,2025-03-24 17:25:31+00:00,Unknown,12.75,2025,3,24
79127,53080,21542,1,48.99,2025-03-17 19:51:00+00:00,"Suite 331 95968 Darcie Gardens, East Carol, ID 80260-0244",48.99,2025,3,17
82634,55377,21075,2,54.0,2024-10-29 00:23:58+00:00,"88194 Ross Highway, Fidelview, SD 58712",108.0,2024,10,29
77504,55356,20981,1,21.75,2024-12-16 04:34:00+00:00,Unknown,21.75,2024,12,16
81192,55671,21201,1,80.39,2025-02-14 16:15:00+00:00,Unknown,80.39,2025,2,14
75484,54474,21547,2,20.0,2025-03-16 00:10:00+00:00,Unknown,40.0,2025,3,16
82278,54008,21320,1,33.75,2025-02-18 22:10:15+00:00,Unknown,33.75,2025,2,18
77260,53048,21387,5,15.75,2025-04-12 04:25:17+00:00,Unknown,78.75,2025,4,12
79426,55640,21370,2,42.5,2024-08-29 10:14:23.819000+00:00,Unknown,85.0,2024,8,29
78570,53747,21610,1,46.5,2024-03-27 00:13:59+00:00,Unknown,46.5,2024,3,27
80286,53531,21281,3,70.0,2024-12-22 00:54:00+00:00,Unknown,210.0,2024,12,22
80239,53667,21267,1,44.0,2025-01-07 12:37:39+00:00,Unknown,44.0,2025,1,7
82604,55441,21438,1,66.25,2025-06-29 17:45:28+00:00,"185 Alden Lock, Lake Broderickhaven, MD 75939",66.25,2025,6,29
81015,53494,20966,1,46.8,2024-12-31 01:22:00+00:00,Unknown,46.8,2024,12,31
76042,53084,21214,1,60.0,2025-01-10 23:04:18+00:00,Unknown,60.0,2025,1,10
79467,55084,21195,1,45.0,2024-09-22 13:37:00+00:00,"7981 Harber Crossing, West Cecile, NY 45737",45.0,2024,9,22
76433,55253,21029,1,49.25,2025-02-01 16:04:43+00:00,Unknown,49.25,2025,2,1
80173,54753,21396,1,30.5,2025-01-21 16:06:00+00:00,Unknown,30.5,2025,1,21
77513,53416,21314,1,18.5,2024-11-03 06:25:54+00:00,"601 Emard Mountain, Salvadorstad, OR 92212-8782",18.5,2024,11,3
80896,53380,21574,1,25.0,2024-12-21 01:41:00+00:00,"97526 O'Reilly Wells, Lake Gail, ID 06885-0497",25.0,2024,12,21
78605,53185,21375,3,32.0,2025-02-02 09:45:45+00:00,Unknown,96.0,2025,2,2
73931,54289,21549,5,54.5,2024-12-25 13:50:22+00:00,Unknown,272.5,2024,12,25
75207,54068,20992,1,61.2,2025-01-14 01:28:04+00:00,Unknown,61.2,2025,1,14
82355,54181,21388,5,48.5,2024-07-16 05:14:50+00:00,Unknown,242.5,2024,7,16
77772,55647,21169,2,72.3,2025-05-07 23:08:08+00:00,"94119 O'Conner Cove, Morarport, RI 90994",144.6,2025,5,7
78278,54335,21272,1,63.0,2025-07-30 00:09:00+00:00,"Suite 920 3846 Corkery Tunnel, Luciennestad, KS 00991-6261",63.0,2025,7,30
77691,55354,20995,1,60.0,2024-08-13 23:26:07+00:00,"Apt. 101 523 Marks Terrace, East Rachael, TN 59931-4104",60.0,2024,8,13
81404,55307,21621,2,42.0,2025-02-07 11:34:00+00:00,Unknown,84.0,2025,2,7
74078,53092,21328,1,33.99,2024-09-30 18:22:44.693000+00:00,Unknown,33.99,2024,9,30
81868,53506,21248,2,45.5,2024-10-14 04:04:31+00:00,Unknown,91.0,2024,10,14
74826,53694,21174,1,15.25,2025-05-30 10:48:00+00:00,Unknown,15.25,2025,5,30
81119,54780,21066,5,36.0,2024-08-05 17:06:06+00:00,Unknown,180.0,2024,8,5
80152,53209,21220,1,21.6,2024-12-30 00:54:07+00:00,Unknown,21.6,2024,12,30
78277,54420,21521,1,52.75,2024-12-18 10:16:00+00:00,Unknown,52.75,2024,12,18
73724,54643,21456,1,51.25,2024-08-21 08:32:44+00:00,Unknown,51.25,2024,8,21
78002,55410,21070,2,22.75,2024-06-14 23:26:00+00:00,"221 Iesha Lodge, West Lula, OK 94752-5296",45.5,2024,6,14
80626,53038,21447,1,67.75,2024-10-04 15:14:18+00:00,Unknown,67.75,2024,10,4
74455,55054,21455,1,57.5,2025-05-11 04:15:00+00:00,Unknown,57.5,2025,5,11
76003,53322,20991,1,43.99,2025-04-30 09:26:00+00:00,"Suite 273 75857 Clifford Lock, South Lazaroland, MO 10483",43.99,2025,4,30
74332,54408,21219,1,66.0,2024-11-18 22:19:07+00:00,Unknown,66.0,2024,11,18
80523,53394,21655,1,36.0,2024-04-11 11:47:00+00:00,"Suite 304 467 Kub Square, Lake Kathimouth, OK 14328-8694",36.0,2024,4,11
75073,53397,21606,2,22.99,2024-10-31 15:31:45+00:00,Unknown,45.98,2024,10,31
78131,53707,21628,1,27.99,2024-09-29 11:12:00+00:00,"1267 Predovic Court, Stromanstad, AK 52373",27.99,2024,9,29
82168,55182,21493,1,27.5,2025-06-05 20:33:42.826000+00:00,Unknown,27.5,2025,6,5
75283,53370,21517,1,65.99,2025-02-05 04:33:00+00:00,Unknown,65.99,2025,2,5
82980,55738,21591,1,56.25,2024-07-04 22:00:59+00:00,"692 Feest Cape, North Rayford, TX 45188-6711",56.25,2024,7,4
75553,55591,21087,1,36.0,2024-12-18 03:02:42+00:00,Unknown,36.0,2024,12,18
78524,55598,21330,1,42.0,2025-06-03 12:06:00+00:00,Unknown,42.0,2025,6,3
82432,55752,20979,1,85.8,2025-05-10 04:45:40+00:00,Unknown,85.8,2025,5,10
77296,53673,21353,2,26.4,2024-07-17 02:17:00+00:00,Unknown,52.8,2024,7,17
77460,55747,21099,1,30.0,2025-03-08 08:25:24+00:00,Unknown,30.0,2025,3,8
76818,54530,21185,1,35.99,2025-07-07 15:59:46+00:00,Unknown,35.99,2025,7,7
82636,55705,21436,1,37.0,2024-08-18 12:43:00+00:00,"28496 Watsica Square, Feleciafort, NY 34371",37.0,2024,8,18
80026,53367,21326,1,88.2,2025-07-05 08:00:26+00:00,Unknown,88.2,2025,7,5
82012,53638,21276,2,30.99,2024-12-01 02:34:00+00:00,Unknown,61.98,2024,12,1
73727,54648,21174,1,16.79,2025-06-16 04:12:00+00:00,Unknown,16.79,2025,6,16
76345,55611,21089,1,46.99,2025-03-10 08:29:50+00:00,Unknown,46.99,2025,3,10
79306,53178,21557,2,68.25,2025-11-02 19:54:54+00:00,"Suite 597 8488 Senger Expressway, New Stacyview, MI 47538",136.5,2025,11,2
82992,55569,21119,3,32.99,2024-11-08 11:19:26.171000+00:00,Unknown,98.97,2024,11,8
80314,54479,21639,1,12.75,2024-11-09 05:18:25+00:00,Unknown,12.75,2024,11,9
82397,55222,21044,3,23.5,2024-11-11 20:07:00+00:00,"46977 Luettgen Key, Emardmouth, RI 79874-7964",70.5,2024,11,11
77897,54320,21162,1,61.8,2025-01-11 10:17:02+00:00,Unknown,61.8,2025,1,11
82014,55769,21287,1,76.79,2024-11-07 12:57:19+00:00,"4454 Emil Path, Robbynhaven, UT 74197-9773",76.79,2024,11,7
82406,54976,21582,5,69.0,2024-06-18 17:57:27+00:00,"72654 Kris Harbors, West Randalville, RI 09522-8936",345.0,2024,6,18
81046,54387,21325,1,83.7,2025-04-06 14:01:00+00:00,Unknown,83.7,2025,4,6
73579,54906,21339,1,88.5,2025-03-27 14:31:16+00:00,Unknown,88.5,2025,3,27
80365,55039,21474,1,52.0,2025-01-28 01:56:00+00:00,Unknown,52.0,2025,1,28
77310,54466,21168,2,22.5,2025-05-05 21:32:00+00:00,Unknown,45.0,2025,5,5
76808,55550,21497,1,68.0,2024-08-25 05:28:00+00:00,"Apt. 273 425 Colette Avenue, Lake Tianafurt, OK 24269",68.0,2024,8,25
73976,54547,21642,2,51.25,2024-10-15 04:16:25+00:00,Unknown,102.5,2024,10,15
75877,54690,21126,1,63.0,2024-10-23 12:37:42+00:00,"Suite 135 8024 Emil Plain, North Carroll, AZ 98359-9160",63.0,2024,10,23
82546,53215,21436,1,44.4,2025-03-08 21:48:25+00:00,Unknown,44.4,2025,3,8
78467,55335,21308,1,60.0,2025-01-09 12:04:00+00:00,Unknown,60.0,2025,1,9
74108,53698,20953,3,46.0,2024-08-03 02:57:03+00:00,Unknown,138.0,2024,8,3
79822,55385,21070,1,23.75,2024-10-13 08:34:58+00:00,"2854 Schoen Greens, New Lynetta, CA 88955-0651",23.75,2024,10,13
78835,53538,21589,1,51.3,2025-07-31 10:15:00+00:00,Unknown,51.3,2025,7,31
82631,55450,21034,2,48.0,2024-09-17 08:00:40+00:00,Unknown,96.0,2024,9,17
76230,53452,21464,2,32.4,2025-03-19 17:50:02+00:00,"84710 McLaughlin Pines, West Eliasshire, MD 56754",64.8,2025,3,19
79788,54825,20985,5,30.99,2025-05-23 03:02:55+00:00,Unknown,154.95,2025,5,23
74969,53446,21051,1,70.0,2025-05-05 05:51:43+00:00,Unknown,70.0,2025,5,5
78498,55271,21453,1,67.99,2025-04-17 04:33:22+00:00,Unknown,67.99,2025,4,17
77760,54070,21531,1,68.4,2025-04-22 15:02:00+00:00,"Apt. 329 733 Hettinger View, Christiansenhaven, MO 19022-8044",68.4,2025,4,22
76242,55630,21132,3,28.2,2024-12-01 19:26:00+00:00,Unknown,84.6,2024,12,1
78642,53186,21202,1,85.2,2024-07-23 22:47:52+00:00,"Apt. 896 520 Maximo Fork, North Cedrickland, VA 48871-7109",85.2,2024,7,23
76486,53641,21184,1,84.3,2024-12-13 06:56:59+00:00,Unknown,84.3,2024,12,13
75486,55602,21214,1,63.5,2024-09-02 03:48:59+00:00,"Suite 644 95021 Ron Flat, Jefferytown, NE 56551-7954",63.5,2024,9,2
77665,54723,21258,5,23.4,2025-02-02 17:59:28+00:00,Unknown,117.0,2025,2,2
78046,55260,21231,1,71.0,2024-04-27 15:40:58+00:00,Unknown,71.0,2024,4,27
80404,54739,21062,3,87.0,2025-03-02 23:47:48+00:00,"9376 Donald Extension, South Devonville, NM 73631",261.0,2025,3,2
79184,53217,21551,1,39.75,2025-07-28 21:59:59+00:00,Unknown,39.75,2025,7,28
82251,55179,20972,5,59.99,2024-11-03 00:36:00+00:00,"Suite 459 84485 Jeniffer Rapids, Ginofort, NV 23316",299.95,2024,11,3
73636,54994,21117,1,34.99,2025-04-23 17:19:48+00:00,Unknown,34.99,2025,4,23
78561,53588,21131,2,59.4,2024-10-17 11:39:03+00:00,Unknown,118.8,2024,10,17
74253,53841,21143,5,50.4,2024-11-23 02:02:42+00:00,Unknown,252.0,2024,11,23
73390,54908,21392,1,74.0,2024-07-09 15:26:13+00:00,Unknown,74.0,2024,7,9
80460,54486,21399,1,67.25,2024-12-23 20:54:24+00:00,"919 Marco Lights, Lemkebury, MI 25135-8919",67.25,2024,12,23
75341,55328,21286,1,34.25,2024-11-15 18:44:33+00:00,"Apt. 951 6016 Darrick Field, New Angla, TN 12517",34.25,2024,11,15
73590,53380,21493,1,31.75,2025-05-12 12:05:00+00:00,"97526 O'Reilly Wells, Lake Gail, ID 06885-0497",31.75,2025,5,12
76094,55164,21491,1,59.25,2025-01-28 11:09:12+00:00,"Suite 437 66141 Jamie Glen, New Corrie, MT 29335-3474",59.25,2025,1,28
74290,53407,21575,1,54.0,2024-09-01 16:10:56.099000+00:00,Unknown,54.0,2024,9,1
77715,55438,21438,2,64.0,2024-09-11 10:17:00+00:00,Unknown,128.0,2024,9,11
80708,55323,21240,1,15.5,2024-12-23 10:03:01+00:00,Unknown,15.5,2024,12,23
80046,53866,21501,1,21.5,2024-05-22 13:45:03+00:00,Unknown,21.5,2024,5,22
81961,55643,21204,1,19.99,2024-12-01 05:11:19+00:00,Unknown,19.99,2024,12,1
82533,55828,21221,1,70.25,2024-10-20 08:07:51+00:00,Unknown,70.25,2024,10,20
76377,53857,21512,1,61.99,2025-01-24 13:59:00+00:00,Unknown,61.99,2025,1,24
78668,54525,21159,1,77.1,2025-02-20 19:10:30+00:00,Unknown,77.1,2025,2,20
76534,53897,20926,1,79.5,2024-05-30 03:56:00+00:00,Unknown,79.5,2024,5,30
79136,53637,21291,2,26.0,2025-03-25 16:53:55+00:00,Unknown,52.0,2025,3,25
78675,54305,20975,4,69.0,2024-11-29 16:21:15+00:00,Unknown,276.0,2024,11,29
78977,54217,20991,1,46.8,2024-12-28 17:42:16+00:00,"5874 Marvin Plaza, East Joe, PA 74528",46.8,2024,12,28
80333,54330,21173,1,18.5,2025-02-24 01:35:00+00:00,Unknown,18.5,2025,2,24
81058,55731,21187,2,64.5,2024-10-02 03:55:52+00:00,Unknown,129.0,2024,10,2
74285,54732,21367,2,38.99,2025-04-03 19:49:49+00:00,Unknown,77.98,2025,4,3
81709,54802,21105,1,62.4,2025-03-05 06:33:39+00:00,"61056 Wisozk Roads, Lake Andresland, VA 80835-0660",62.4,2025,3,5
83130,55331,21412,1,48.0,2024-06-26 07:04:04+00:00,"Suite 151 724 Jones Shores, East Hollis, VT 97627-6366",48.0,2024,6,26
77642,54861,21197,4,70.0,2024-08-10 14:27:56+00:00,Unknown,280.0,2024,8,10
82417,54702,21577,1,26.4,2024-09-14 21:48:05+00:00,"2314 Odis Walk, East Sari, OR 76888-2597",26.4,2024,9,14
79362,55433,21246,1,44.5,2025-02-21 14:29:52+00:00,Unknown,44.5,2025,2,21
76723,53750,21045,1,22.75,2024-11-14 09:02:00+00:00,Unknown,22.75,2024,11,14
81452,53661,21147,1,31.99,2024-10-13 21:25:53+00:00,Unknown,31.99,2024,10,13
83147,54298,21209,1,59.1,2025-04-24 14:40:58+00:00,Unknown,59.1,2025,4,24
77371,53332,21620,1,15.0,2024-10-29 03:39:13+00:00,Unknown,15.0,2024,10,29
80209,53563,21283,1,40.0,2025-01-02 13:51:10.359000+00:00,Unknown,40.0,2025,1,2
77958,54308,21522,1,48.99,2025-01-08 01:47:25+00:00,Unknown,48.99,2025,1,8
74195,53174,20971,1,18.99,2024-12-01 03:09:41+00:00,Unknown,18.99,2024,12,1
73691,54808,20938,1,26.5,2024-05-06 00:55:43+00:00,"Suite 970 9660 Shalon Harbor, West Gino, OH 67733-2184",26.5,2024,5,6
79520,54892,21247,3,52.0,2025-03-15 06:46:52+00:00,Unknown,156.0,2025,3,15
81602,55255,21249,1,85.19,2024-10-11 00:39:00+00:00,Unknown,85.19,2024,10,11
79328,54810,21180,1,23.0,2024-08-30 16:53:00+00:00,Unknown,23.0,2024,8,30
82280,55194,21475,4,34.0,2024-06-05 10:54:00+00:00,Unknown,136.0,2024,6,5
79852,53846,21469,2,69.0,2024-11-20 10:37:00+00:00,Unknown,138.0,2024,11,20
79014,55455,21366,1,53.75,2024-10-01 13:55:34+00:00,"743 Howe Heights, Collinburgh, NE 39956",53.75,2024,10,1
77374,55802,21251,1,25.0,2025-01-06 06:51:00+00:00,Unknown,25.0,2025,1,6
76705,55047,21096,1,72.0,2024-06-26 05:06:38+00:00,Unknown,72.0,2024,6,26
81286,55395,21253,1,72.25,2024-12-12 03:34:17+00:00,"8740 Earl Stream, Balistrerihaven, NY 97853-4304",72.25,2024,12,12
82082,53374,21656,1,88.8,2024-11-23 11:18:21+00:00,"Suite 673 333 Clint Place, Heidenreichburgh, SD 63332-5830",88.8,2024,11,23
78190,53855,21138,1,39.75,2025-04-05 20:17:00+00:00,Unknown,39.75,2025,4,5
79409,55200,21292,2,38.99,2025-02-01 21:44:36+00:00,Unknown,77.98,2025,2,1
79625,54055,21062,1,73.75,2025-03-16 20:16:16+00:00,Unknown,73.75,2025,3,16
74607,53255,21000,4,33.3,2025-03-21 08:40:59+00:00,Unknown,133.2,2025,3,21
73498,53597,21096,2,90.3,2024-07-26 22:55:42+00:00,Unknown,180.6,2024,7,26
78393,53249,21472,1,73.2,2025-01-10 07:39:00+00:00,Unknown,73.2,2025,1,10
76527,54571,21262,1,34.0,2024-06-06 18:34:17+00:00,Unknown,34.0,2024,6,6
74032,53040,21453,1,68.5,2024-10-20 15:32:58+00:00,Unknown,68.5,2024,10,20
82704,54834,21349,1,57.0,2024-09-01 01:10:05.082000+00:00,Unknown,57.0,2024,9,1
76741,54593,21478,1,70.0,2025-03-16 09:49:31+00:00,Unknown,70.0,2025,3,16
74603,55708,21583,1,13.75,2024-10-03 20:30:57+00:00,Unknown,13.75,2024,10,3
73430,53394,21516,2,39.0,2024-10-02 09:40:00+00:00,"Suite 304 467 Kub Square, Lake Kathimouth, OK 14328-8694",78.0,2024,10,2
73553,55594,21433,2,47.0,2024-10-06 03:08:00+00:00,Unknown,94.0,2024,10,6
75899,54739,21587,3,15.99,2025-01-07 16:16:00+00:00,Unknown,47.97,2025,1,7
82889,53752,21655,5,26.0,2024-12-21 16:27:47+00:00,Unknown,130.0,2024,12,21
74979,55059,20971,3,20.5,2025-02-01 08:52:34+00:00,Unknown,61.5,2025,2,1
77614,53542,21404,1,33.5,2024-09-10 09:56:36.312000+00:00,Unknown,33.5,2024,9,10
80867,53539,20967,1,36.75,2025-03-29 09:33:00+00:00,Unknown,36.75,2025,3,29
80120,55018,21210,1,17.0,2024-06-16 06:36:05+00:00,Unknown,17.0,2024,6,16
81109,55647,21429,1,41.75,2024-02-07 06:04:00+00:00,Unknown,41.75,2024,2,7
81363,54016,21604,1,53.5,2025-06-20 12:40:00+00:00,"Suite 616 80397 Carie Garden, Olachester, AL 78926-6947",53.5,2025,6,20
78812,54789,21560,1,54.99,2025-02-15 11:35:55+00:00,Unknown,54.99,2025,2,15
76825,53969,21299,1,24.99,2025-01-14 19:42:00+00:00,Unknown,24.99,2025,1,14
73953,53664,21175,2,27.0,2024-09-27 11:39:26+00:00,Unknown,54.0,2024,9,27
75004,55408,21619,1,17.25,2024-05-19 12:48:54+00:00,Unknown,17.25,2024,5,19
75248,54592,20975,1,88.5,2025-01-23 12:44:49+00:00,Unknown,88.5,2025,1,23
77640,55486,21587,4,14.0,2024-07-09 01:53:00+00:00,Unknown,56.0,2024,7,9
82376,55485,21623,1,44.0,2024-06-15 03:37:15+00:00,Unknown,44.0,2024,6,15
77607,54190,21317,2,49.0,2024-08-21 15:45:03+00:00,Unknown,98.0,2024,8,21
83042,53590,21076,1,57.0,2025-02-22 01:45:00+00:00,"4978 Adell Manors, North Jarrettmouth, NM 49222-0441",57.0,2025,2,22
81208,55554,21633,1,70.25,2024-10-06 16:03:00+00:00,"Apt. 429 4744 Schmidt Rapids, North Jetta, DE 82391",70.25,2024,10,6
80148,54311,21293,5,60.25,2024-10-29 08:04:05+00:00,Unknown,301.25,2024,10,29
78669,53791,21492,1,28.79,2025-01-08 15:57:35+00:00,Unknown,28.79,2025,1,8
79199,54690,21352,3,35.25,2024-08-19 04:41:59.865000+00:00,"Suite 135 8024 Emil Plain, North Carroll, AZ 98359-9160",105.75,2024,8,19
78540,54267,21351,2,61.8,2025-01-03 19:40:18+00:00,Unknown,123.6,2025,1,3
73930,54129,21223,1,70.0,2025-07-15 12:49:18+00:00,"829 Russell Terrace, New Joleen, MT 81092",70.0,2025,7,15
79320,54015,21526,1,23.0,2024-09-21 04:56:27+00:00,Unknown,23.0,2024,9,21
80405,55621,20949,1,47.75,2025-02-20 03:07:41+00:00,"9464 Michale Harbor, Ebonimouth, FL 00367",47.75,2025,2,20
80185,53209,21418,4,71.7,2024-09-12 04:35:31+00:00,"Suite 265 8949 Briana Pine, New Margrettmouth, ND 52675",286.8,2024,9,12
82739,54628,21029,1,46.75,2024-05-02 20:39:39+00:00,Unknown,46.75,2024,5,2
75989,55622,21338,5,50.5,2024-09-21 15:37:34+00:00,Unknown,252.5,2024,9,21
75592,55756,20990,2,24.0,2024-08-15 23:12:31+00:00,"94445 Harris Dale, Dionberg, NH 61745",48.0,2024,8,15
74115,54446,21644,5,74.1,2024-01-08 10:10:10+00:00,Unknown,370.5,2024,1,8
74419,53697,21328,5,34.0,2024-08-27 18:24:51+00:00,Unknown,170.0,2024,8,27
79381,54422,21058,1,62.1,2025-01-14 00:35:26+00:00,Unknown,62.1,2025,1,14
77452,55120,21210,1,23.1,2025-06-23 07:55:00+00:00,"7236 Weissnat Forks, Medhurstburgh, WI 21165",23.1,2025,6,23
78367,54533,21431,2,70.8,2024-12-09 15:32:00+00:00,"546 Gulgowski Wall, Millicentshire, CO 29235-5930",141.6,2024,12,9
76663,53844,21319,3,51.25,2025-03-12 19:30:20+00:00,Unknown,153.75,2025,3,12
74522,55066,21290,1,51.0,2024-07-16 00:07:44+00:00,Unknown,51.0,2024,7,16
79854,54752,21347,1,48.75,2024-11-13 05:50:41.960000+00:00,Unknown,48.75,2024,11,13
78234,53872,21422,1,23.25,2024-11-21 17:32:32+00:00,"Apt. 634 28093 Mollie Groves, Pagacfurt, MT 35009-4555",23.25,2024,11,21
75630,54187,21038,1,65.7,2024-12-07 09:16:12+00:00,Unknown,65.7,2024,12,7
78303,54363,21652,1,49.75,2024-07-30 15:12:00+00:00,Unknown,49.75,2024,7,30
80747,53821,21219,1,65.4,2025-02-07 15:59:33+00:00,Unknown,65.4,2025,2,7
82709,54040,21145,1,16.25,2025-05-17 16:47:44.309000+00:00,Unknown,16.25,2025,5,17
79917,53715,21368,1,27.0,2024-02-09 09:14:00+00:00,Unknown,27.0,2024,2,9
82285,53814,21624,1,66.0,2024-05-13 08:07:00+00:00,Unknown,66.0,2024,5,13
73735,53260,21442,3,85.2,2024-08-17 21:33:00+00:00,"Apt. 318 874 Dibbert Mountains, Port Lavoniastad, UT 44547-5854",255.6,2024,8,17
74998,53817,21190,2,36.25,2024-07-27 23:46:12+00:00,"Suite 638 310 Stracke Circle, Donnellmouth, NC 31731-6839",72.5,2024,7,27
79807,55791,21314,2,16.5,2025-03-09 13:46:46+00:00,Unknown,33.0,2025,3,9
76686,54285,21161,1,39.25,2024-12-29 23:00:09+00:00,Unknown,39.25,2024,12,29
78912,54116,21349,4,60.25,2024-11-03 23:52:00+00:00,Unknown,241.0,2024,11,3
79884,54292,21170,1,84.0,2025-01-26 04:42:00+00:00,Unknown,84.0,2025,1,26
74815,53569,20948,2,72.75,2024-12-04 03:53:37+00:00,Unknown,145.5,2024,12,4
81952,54965,21081,1,71.75,2025-06-05 03:57:00+00:00,Unknown,71.75,2025,6,5
79732,53056,21474,1,49.0,2024-09-16 17:17:00+00:00,"3136 Eddie Ferry, Willieside, MO 18838-5195",49.0,2024,9,16
77579,53916,21001,1,33.0,2024-11-28 01:50:13+00:00,Unknown,33.0,2024,11,28
74438,53771,21071,1,55.99,2024-11-11 23:40:00+00:00,Unknown,55.99,2024,11,11
75275,54252,21047,1,66.6,2025-03-20 12:13:51+00:00,"Apt. 467 564 Columbus Island, Port Shadstad, NY 43060-8292",66.6,2025,3,20
80435,53217,21190,1,43.8,2024-10-24 00:55:00+00:00,Unknown,43.8,2024,10,24
79584,55251,21460,2,30.0,2024-06-23 14:11:11+00:00,Unknown,60.0,2024,6,23
81468,54394,21500,2,87.9,2024-07-19 17:52:00+00:00,Unknown,175.8,2024,7,19
79985,54103,21197,1,70.0,2024-08-19 18:43:01+00:00,"817 Ambrose Fields, Hackettstad, MN 14495-4971",70.0,2024,8,19
80411,55450,21379,1,67.0,2024-06-27 06:11:14.351000+00:00,Unknown,67.0,2024,6,27
82870,54334,21009,3,60.5,2025-04-24 19:49:03+00:00,"Suite 936 83622 Parisian Plains, Tianaside, SD 73569-3669",181.5,2025,4,24
76903,55320,21147,1,28.5,2024-09-05 04:03:00+00:00,Unknown,28.5,2024,9,5
76760,55356,21363,4,33.0,2025-07-23 00:10:22+00:00,Unknown,132.0,2025,7,23
78811,53588,21457,4,75.0,2024-07-18 02:07:01+00:00,Unknown,300.0,2024,7,18
79560,53417,21253,1,68.75,2024-12-28 02:50:29+00:00,Unknown,68.75,2024,12,28
82107,55417,21579,1,57.5,2025-04-21 16:38:00+00:00,Unknown,57.5,2025,4,21
74741,54575,21537,1,19.75,2024-12-07 19:52:01+00:00,Unknown,19.75,2024,12,7
76479,53256,21286,1,31.25,2024-11-18 07:45:09+00:00,Unknown,31.25,2024,11,18
75719,54647,21565,1,63.0,2024-11-07 16:37:38+00:00,Unknown,63.0,2024,11,7
79330,53324,21280,1,16.5,2025-02-21 10:37:00+00:00,Unknown,16.5,2025,2,21
82606,53126,21099,1,34.8,2024-06-26 13:02:00+00:00,Unknown,34.8,2024,6,26
73896,54051,21159,1,76.8,2024-09-20 18:29:46+00:00,Unknown,76.8,2024,9,20
79720,55172,21608,1,60.5,2024-10-26 00:37:00+00:00,Unknown,60.5,2024,10,26
79370,53045,20951,2,59.0,2025-01-20 14:22:57.711000+00:00,"Apt. 178 513 Oma Brook, Starkville, ID 17585-3543",118.0,2025,1,20
78340,55748,21020,1,70.8,2025-03-04 09:15:45+00:00,Unknown,70.8,2025,3,4
79495,55516,21642,1,51.0,2025-02-04 04:43:43.651000+00:00,"8630 Vito Street, Hanemouth, DE 45324",51.0,2025,2,4
78137,54453,21455,4,54.99,2024-11-29 14:27:00+00:00,Unknown,219.96,2024,11,29
75160,54157,21325,1,71.5,2024-12-13 23:09:19+00:00,Unknown,71.5,2024,12,13
73948,53825,21111,1,28.5,2025-05-07 09:59:00+00:00,Unknown,28.5,2025,5,7
76564,53173,20937,2,27.25,2025-05-27 21:01:37+00:00,Unknown,54.5,2025,5,27
73982,55662,21250,1,26.4,2024-10-23 13:37:00+00:00,Unknown,26.4,2024,10,23
79072,54954,21627,3,22.25,2024-11-29 14:53:30.155000+00:00,Unknown,66.75,2024,11,29
75441,54143,21028,1,54.0,2025-04-20 10:19:57+00:00,Unknown,54.0,2025,4,20
81621,53604,21073,1,39.0,2024-10-02 00:03:11+00:00,Unknown,39.0,2024,10,2
74152,53611,21424,1,36.0,2024-10-08 18:48:57+00:00,"21946 Funk Manor, West Doylemouth, TX 37384-0975",36.0,2024,10,8
79863,55549,21260,1,54.5,2025-04-02 12:52:01+00:00,Unknown,54.5,2025,4,2
79627,55282,21239,1,38.7,2025-02-13 16:55:22.683000+00:00,Unknown,38.7,2025,2,13
75760,55016,21330,1,43.5,2024-10-25 15:24:00+00:00,Unknown,43.5,2024,10,25
76690,55784,21645,3,59.7,2025-04-15 06:26:00+00:00,Unknown,179.1,2025,4,15
78903,55631,21415,2,21.0,2024-05-14 14:17:00+00:00,Unknown,42.0,2024,5,14
79676,54773,21379,1,76.8,2025-04-02 13:06:04+00:00,Unknown,76.8,2025,4,2
79122,54541,21548,1,65.5,2025-05-06 02:27:14+00:00,"Suite 363 701 Lang Roads, North Ernie, IN 91960-7014",65.5,2025,5,6
77785,53197,21298,1,22.5,2025-01-02 05:09:00+00:00,Unknown,22.5,2025,1,2
73993,53811,21558,3,32.7,2025-01-25 09:10:55+00:00,Unknown,98.1,2025,1,25
82508,54224,21172,4,15.5,2024-12-18 16:20:43+00:00,Unknown,62.0,2024,12,18
78890,55187,20968,5,81.6,2025-06-09 20:32:42+00:00,Unknown,408.0,2025,6,9
78521,55815,21426,4,26.0,2024-10-25 17:05:00+00:00,Unknown,104.0,2024,10,25
74263,55021,21594,1,59.99,2025-06-25 04:34:22+00:00,"84254 Nienow Cliffs, Scotstad, TN 25754-1108",59.99,2025,6,25
76967,54342,20981,5,22.0,2024-02-12 23:10:11.477000+00:00,Unknown,110.0,2024,2,12
77242,53720,21281,1,69.25,2025-01-20 10:56:17+00:00,Unknown,69.25,2025,1,20
80226,54617,21035,1,41.5,2024-12-06 14:18:38+00:00,Unknown,41.5,2024,12,6
77124,54510,21395,1,40.5,2025-04-18 22:18:00+00:00,"Suite 436 795 Mario Isle, Justinhaven, VT 23672-7010",40.5,2025,4,18
74027,55099,21385,1,26.4,2024-12-30 12:43:03+00:00,"Apt. 628 5993 Alane Harbor, Vilmafurt, SD 70505-5583",26.4,2024,12,30
78194,53195,20924,4,78.0,2024-08-27 11:03:49+00:00,"926 Volkman Center, Lake Luveniaview, FL 35701",312.0,2024,8,27
75581,54295,21171,1,75.3,2024-09-24 05:51:32+00:00,Unknown,75.3,2024,9,24
78305,54674,21522,1,61.19,2024-12-26 04:20:36+00:00,Unknown,61.19,2024,12,26
81013,55588,21132,1,26.1,2025-08-06 18:07:23+00:00,"Suite 269 36010 Zulauf Locks, East Kaitlin, CT 99506",26.1,2025,8,6
74809,53824,21358,1,41.75,2025-08-01 10:48:16+00:00,Unknown,41.75,2025,8,1
80507,53772,21603,1,83.1,2025-07-19 13:10:08+00:00,Unknown,83.1,2025,7,19
82156,55762,21636,1,51.0,2024-11-08 16:51:00+00:00,Unknown,51.0,2024,11,8
77267,54768,21562,1,46.5,2024-10-11 10:23:09.411000+00:00,Unknown,46.5,2024,10,11
81752,53467,21004,1,17.99,2025-05-09 13:59:14+00:00,Unknown,17.99,2025,5,9
78591,55679,21124,2,34.5,2025-02-18 03:40:29+00:00,Unknown,69.0,2025,2,18
74173,54548,21116,2,43.8,2025-05-05 03:58:00+00:00,"Apt. 385 424 Bailey Village, New Branda, WA 61031-7875",87.6,2025,5,5
79620,54775,21617,1,22.8,2025-02-01 23:31:00+00:00,Unknown,22.8,2025,2,1
81295,55330,21511,4,41.99,2025-02-09 15:55:08+00:00,Unknown,167.96,2025,2,9
73493,53613,21524,2,75.9,2024-09-29 23:44:06+00:00,Unknown,151.8,2024,9,29
74083,55473,21574,1,23.0,2024-12-06 20:23:00+00:00,Unknown,23.0,2024,12,6
80652,55162,21648,1,28.25,2024-07-08 08:27:39+00:00,Unknown,28.25,2024,7,8
80441,55659,20939,1,66.5,2024-11-30 20:29:24+00:00,Unknown,66.5,2024,11,30
82788,55154,21155,1,67.0,2024-05-08 02:45:21+00:00,Unknown,67.0,2024,5,8
74412,53115,21191,1,56.39,2024-12-14 02:12:45+00:00,Unknown,56.39,2024,12,14
75993,53580,21485,1,17.75,2025-01-04 05:35:00+00:00,Unknown,17.75,2025,1,4
82814,55767,20998,1,48.5,2025-02-03 06:34:16+00:00,Unknown,48.5,2025,2,3
82327,55470,21644,1,64.0,2024-10-09 05:51:26+00:00,Unknown,64.0,2024,10,9
81343,54129,21337,2,71.5,2024-08-12 17:51:00+00:00,Unknown,143.0,2024,8,12
75108,54393,21117,1,34.75,2024-09-30 22:45:52+00:00,"Apt. 728 41266 Sina Cove, Port Mirian, GA 61649-7398",34.75,2024,9,30
77367,54227,21023,1,17.0,2024-03-21 04:59:00+00:00,"695 Schowalter Wells, Lonnyland, IA 91400",17.0,2024,3,21
77915,53924,21610,1,43.0,2024-11-10 05:56:56+00:00,Unknown,43.0,2024,11,10
80132,55352,21211,1,51.9,2024-03-31 04:10:47.210000+00:00,"747 Rowe Summit, Guillermoport, IL 70568",51.9,2024,3,31
75464,54098,21409,1,69.75,2025-05-20 20:31:00+00:00,"91635 Ina Bypass, Dalilaville, MS 82096-0446",69.75,2025,5,20
74670,55547,21181,3,47.99,2024-12-31 23:35:28+00:00,Unknown,143.97,2024,12,31
74648,55454,20960,5,28.5,2024-12-04 05:20:56+00:00,Unknown,142.5,2024,12,4
80101,53710,20949,2,49.0,2024-02-06 06:33:33+00:00,Unknown,98.0,2024,2,6
81941,54132,21017,1,63.25,2025-01-17 01:20:16.492000+00:00,Unknown,63.25,2025,1,17
81062,54944,21235,1,52.5,2025-02-15 17:15:00+00:00,"Suite 465 2496 Vickey Skyway, Wilkinsonville, WA 89737-9821",52.5,2025,2,15
75905,53696,21548,2,67.75,2024-08-23 06:36:45+00:00,"1486 Pagac Mountain, Staceyport, CT 62461",135.5,2024,8,23
79439,54913,21344,1,47.99,2024-10-07 01:36:00+00:00,"215 Pagac Rapid, Rexchester, LA 39459",47.99,2024,10,7
75405,55689,21387,1,17.25,2025-02-23 05:36:09+00:00,Unknown,17.25,2025,2,23
82821,54934,21468,1,80.1,2025-03-19 06:22:14+00:00,Unknown,80.1,2025,3,19
77708,53961,21014,1,73.99,2024-07-01 02:40:11+00:00,Unknown,73.99,2024,7,1
75769,54845,21586,1,27.0,2024-08-24 03:54:48+00:00,"5615 Ricky Lights, Millsbury, NY 08300",27.0,2024,8,24
78908,55682,21450,1,63.0,2024-08-24 22:48:00+00:00,Unknown,63.0,2024,8,24
80106,53635,21221,1,87.6,2024-05-19 17:22:00+00:00,Unknown,87.6,2024,5,19
73469,54833,21014,1,71.75,2025-03-08 03:39:01.536000+00:00,Unknown,71.75,2025,3,8
76716,54397,21050,2,16.8,2024-11-06 00:23:53+00:00,"Suite 459 5867 Cummerata Isle, Lake Deannashire, IA 25268-2157",33.6,2024,11,6
75395,55028,21316,1,21.99,2025-01-06 18:12:12+00:00,Unknown,21.99,2025,1,6
75349,54868,21630,1,64.2,2024-12-26 16:03:00+00:00,"541 Carter Place, Port Adrian, CT 49180-7990",64.2,2024,12,26
77262,53394,21221,2,90.9,2025-01-14 05:24:46+00:00,"Suite 304 467 Kub Square, Lake Kathimouth, OK 14328-8694",181.8,2025,1,14
76761,53820,21114,2,71.1,2024-10-29 01:43:36+00:00,Unknown,142.2,2024,10,29
74055,54469,21242,3,70.2,2025-04-30 19:05:36.127000+00:00,Unknown,210.6,2025,4,30
77657,55186,21100,1,27.6,2024-09-03 04:48:19+00:00,Unknown,27.6,2024,9,3
79008,54492,21532,3,49.2,2024-09-26 23:33:20+00:00,"5767 Johnathan Loaf, Jaskolskiville, AR 17081",147.6,2024,9,26
78144,53219,21042,1,19.0,2025-01-14 01:38:54+00:00,Unknown,19.0,2025,1,14
79455,54158,21546,1,57.59,2024-11-14 12:59:01+00:00,Unknown,57.59,2024,11,14
79714,53273,21490,1,43.5,2025-03-18 02:45:31+00:00,"Suite 760 51689 Raina Pass, Vasilikitown, IA 70323",43.5,2025,3,18
73934,55681,21500,2,70.25,2024-07-19 06:01:00+00:00,Unknown,140.5,2024,7,19
74251,55619,21256,1,58.5,2025-04-08 00:43:00+00:00,Unknown,58.5,2025,4,8
78745,55607,21479,4,58.99,2024-07-01 11:44:24+00:00,Unknown,235.96,2024,7,1
81445,55374,21229,1,25.8,2025-09-16 13:17:26+00:00,Unknown,25.8,2025,9,16
77285,53654,20918,5,18.75,2024-11-16 16:31:50.720000+00:00,Unknown,93.75,2024,11,16
73826,53434,20952,1,51.59,2024-07-31 11:02:00+00:00,"Suite 564 919 Barton Roads, East Imaport, MO 59980",51.59,2024,7,31
73471,53193,21541,1,58.0,2024-02-19 23:37:12+00:00,Unknown,58.0,2024,2,19
82866,53618,21619,2,18.5,2024-11-02 04:23:57+00:00,Unknown,37.0,2024,11,2
81036,54196,20943,1,72.5,2024-12-10 10:03:28+00:00,"6578 Adaline Row, East Shaniburgh, WI 17383-9654",72.5,2024,12,10
80466,54790,21227,1,86.7,2024-12-20 00:42:17+00:00,"Suite 131 37245 Normand Forges, North Toshiko, ID 09706-5843",86.7,2024,12,20
76645,55438,21646,2,16.5,2024-07-25 06:56:00+00:00,Unknown,33.0,2024,7,25
83128,53447,21263,2,61.0,2025-01-23 02:04:16+00:00,Unknown,122.0,2025,1,23
82024,54267,20985,3,32.5,2024-11-15 12:45:09+00:00,Unknown,97.5,2024,11,15
77349,54569,21600,1,45.75,2024-10-31 07:47:17.378000+00:00,Unknown,45.75,2024,10,31
77577,54458,20934,1,18.75,2024-08-31 20:43:55+00:00,Unknown,18.75,2024,8,31
79220,53169,21402,1,67.99,2024-10-19 15:00:00+00:00,Unknown,67.99,2024,10,19
77548,54441,20973,1,26.0,2024-11-20 06:22:00+00:00,Unknown,26.0,2024,11,20
73674,53608,21281,1,71.25,2025-03-19 08:04:15+00:00,"6639 Antoinette Mountain, New Sethtown, IA 12131-6970",71.25,2025,3,19
80332,55533,21327,1,73.0,2025-06-29 16:33:30+00:00,"570 Audrea Underpass, South Reinaldo, TX 17196",73.0,2025,6,29
75766,53180,21594,1,61.99,2024-09-12 06:25:48.944000+00:00,Unknown,61.99,2024,9,12
79645,54067,21372,1,31.0,2025-01-10 00:38:00+00:00,"Apt. 696 76591 Wiza Plains, South Antione, NC 09372-5561",31.0,2025,1,10
78309,54922,21109,1,64.8,2024-12-03 00:32:41+00:00,Unknown,64.8,2024,12,3
82092,54513,21329,1,40.0,2025-10-03 02:25:25+00:00,Unknown,40.0,2025,10,3
81348,55814,21186,1,52.2,2025-02-15 06:07:15+00:00,Unknown,52.2,2025,2,15
74610,55563,21653,1,47.99,2024-12-17 16:44:43+00:00,"Suite 214 464 Saran Ways, Barrowsview, WV 61377",47.99,2024,12,17
77863,53550,21046,2,14.0,2024-11-21 00:28:47+00:00,Unknown,28.0,2024,11,21
75215,55258,21563,1,58.25,2024-07-26 13:09:22+00:00,Unknown,58.25,2024,7,26
80696,54372,21271,1,25.99,2024-10-15 20:42:02+00:00,Unknown,25.99,2024,10,15
77754,55184,21357,1,43.0,2025-01-28 00:21:22+00:00,Unknown,43.0,2025,1,28
79871,53358,21175,1,30.3,2025-01-06 09:52:59+00:00,Unknown,30.3,2025,1,6
74235,55654,21331,1,60.99,2024-11-09 14:04:00+00:00,"Suite 878 3000 Boyer Port, Gaylehaven, NE 25988-3450",60.99,2024,11,9
80306,53807,21502,1,30.25,2024-05-08 12:56:25+00:00,Unknown,30.25,2024,5,8
81106,54356,21289,1,59.4,2024-09-02 02:35:14+00:00,Unknown,59.4,2024,9,2
77444,55775,20989,1,67.0,2025-04-28 06:24:46+00:00,Unknown,67.0,2025,4,28
73719,53195,21111,1,29.0,2025-08-15 07:51:12+00:00,Unknown,29.0,2025,8,15
73882,54690,21023,1,15.75,2024-08-25 02:24:37+00:00,"Suite 135 8024 Emil Plain, North Carroll, AZ 98359-9160",15.75,2024,8,25
75922,55581,21341,2,50.75,2025-03-21 07:40:00+00:00,Unknown,101.5,2025,3,21
78606,54366,21312,1,63.5,2024-12-28 17:09:00+00:00,"275 Bogisich Via, New Bethannshire, NE 36962-5772",63.5,2024,12,28
81486,53803,20976,1,51.5,2024-12-18 06:52:00+00:00,Unknown,51.5,2024,12,18
75917,54998,21096,5,87.9,2024-06-23 00:44:00+00:00,"Suite 658 15821 Shonta Forges, New Stellahaven, SD 53542-2097",439.5,2024,6,23
79819,55826,21272,1,66.5,2024-09-28 03:19:33+00:00,"867 Bailey Mountain, North Traceyton, WY 18248",66.5,2024,9,28
81990,54473,21081,1,74.75,2024-10-02 12:24:48.684000+00:00,Unknown,74.75,2024,10,2
80548,53637,21120,1,43.5,2024-09-23 11:52:00+00:00,"Apt. 785 48133 Elwood Knolls, Bradtkefort, WV 25065",43.5,2024,9,23
82867,54751,20956,2,61.75,2024-06-11 23:55:29+00:00,Unknown,123.5,2024,6,11
82461,53550,20981,1,19.0,2024-07-28 11:02:20+00:00,"Apt. 646 812 O'Connell Union, Ronnieside, KY 04312",19.0,2024,7,28
78170,54600,21462,2,25.5,2024-10-25 01:44:55.739000+00:00,Unknown,51.0,2024,10,25
76573,55527,21303,1,27.5,2024-12-17 22:54:17+00:00,Unknown,27.5,2024,12,17
74143,54584,21146,2,49.25,2025-06-08 19:13:06+00:00,"Apt. 197 82726 Graham Drive, Denaemouth, NM 80938-5414",98.5,2025,6,8
78893,53473,21656,5,74.0,2024-12-23 19:00:50+00:00,Unknown,370.0,2024,12,23
82876,53218,21060,1,34.75,2025-04-09 13:12:57+00:00,Unknown,34.75,2025,4,9
73662,53985,20987,1,83.99,2025-02-09 00:39:33+00:00,"617 Boehm Extension, D'Amoreview, IA 12733",83.99,2025,2,9
78276,54207,21313,1,41.4,2025-05-09 20:25:30+00:00,Unknown,41.4,2025,5,9
79003,54209,20966,1,38.0,2024-10-14 14:13:38+00:00,Unknown,38.0,2024,10,14
79718,53609,21616,1,80.7,2025-03-10 04:51:00+00:00,"8865 Kiersten Common, West Drusillatown, ME 35746",80.7,2025,3,10
82368,53355,21414,5,35.0,2025-04-13 02:21:49+00:00,Unknown,175.0,2025,4,13
75190,53173,21110,1,37.0,2024-10-27 21:57:47+00:00,Unknown,37.0,2024,10,27
77893,53858,20949,1,47.99,2025-05-14 13:11:35+00:00,"766 Calvin Inlet, Lake Consuelabury, MI 82531-3905",47.99,2025,5,14
74092,54025,21485,5,20.0,2024-08-21 18:16:05+00:00,Unknown,100.0,2024,8,21
80155,53212,21618,1,51.0,2024-05-28 21:28:10.743000+00:00,"64034 Marianna Corner, Steviestad, ME 75279-2983",51.0,2024,5,28
77750,55249,21563,1,66.9,2024-12-22 12:07:00+00:00,Unknown,66.9,2024,12,22
81967,54247,21294,1,26.7,2025-07-07 21:09:38+00:00,Unknown,26.7,2025,7,7
78814,53499,21490,2,46.8,2025-02-11 07:59:33.859000+00:00,Unknown,93.6,2025,2,11
74641,53047,21104,1,26.4,2025-01-06 14:03:01+00:00,Unknown,26.4,2025,1,6
75029,55354,21402,5,68.99,2024-09-13 08:14:00+00:00,"Apt. 101 523 Marks Terrace, East Rachael, TN 59931-4104",344.95,2024,9,13
81093,54092,21420,1,68.25,2025-04-28 04:06:00+00:00,Unknown,68.25,2025,4,28
78694,53369,21527,1,72.0,2025-01-18 15:19:06.596000+00:00,Unknown,72.0,2025,1,18
74964,55219,20918,1,17.5,2024-12-04 00:32:00+00:00,Unknown,17.5,2024,12,4
78212,53856,21442,1,68.0,2024-05-27 03:06:40+00:00,Unknown,68.0,2024,5,27
76839,53193,21246,1,39.25,2025-01-24 17:54:54+00:00,Unknown,39.25,2025,1,24
82290,53829,21653,2,44.75,2024-07-27 02:53:22+00:00,Unknown,89.5,2024,7,27
76287,53431,20974,1,63.0,2025-03-27 03:27:27+00:00,Unknown,63.0,2025,3,27
76742,53997,21418,1,62.0,2024-11-12 13:53:08+00:00,"109 Ola Meadow, Port Toney, NV 08066",62.0,2024,11,12
80813,53962,21387,1,23.4,2025-03-12 22:08:15+00:00,Unknown,23.4,2025,3,12
82751,55366,20924,1,63.0,2024-08-12 03:44:19+00:00,"Suite 141 88240 Len Crest, Jerrybury, ME 36471",63.0,2024,8,12
75251,53377,21628,1,34.5,2024-11-18 04:25:30+00:00,Unknown,34.5,2024,11,18
78284,54611,21401,1,22.99,2024-11-12 18:37:10+00:00,"Apt. 513 20552 Jast Haven, Gusview, NE 59143",22.99,2024,11,12
82675,55277,21129,1,43.8,2025-03-29 01:04:55+00:00,"Suite 424 830 Berge Hollow, Baumbachburgh, VT 09898-9327",43.8,2025,3,29
79512,53698,21038,5,49.75,2024-09-18 00:27:00+00:00,Unknown,248.75,2024,9,18
77913,55356,21647,1,68.99,2024-11-20 09:42:45+00:00,Unknown,68.99,2024,11,20
77185,54357,21639,1,16.25,2025-03-25 00:56:30+00:00,Unknown,16.25,2025,3,25
80887,53248,21398,1,28.8,2025-05-10 18:08:00+00:00,Unknown,28.8,2025,5,10
75642,53400,21271,3,31.8,2024-10-18 02:48:41+00:00,Unknown,95.4,2024,10,18
80768,55643,21087,1,28.0,2024-11-05 02:59:01+00:00,Unknown,28.0,2024,11,5
80056,54486,21398,4,29.99,2024-08-31 02:41:34+00:00,Unknown,119.96,2024,8,31
76135,53551,21637,2,52.8,2024-08-12 09:47:00+00:00,Unknown,105.6,2024,8,12
74856,54582,21009,1,63.25,2025-06-02 07:00:48+00:00,Unknown,63.25,2025,6,2
75926,54472,21037,1,66.6,2025-02-01 08:03:00+00:00,Unknown,66.6,2025,2,1
78376,54769,21608,3,58.99,2025-06-21 05:33:37+00:00,"7724 Willian Street, North Jean, AL 29742",176.97,2025,6,21
81177,53349,21339,1,91.5,2025-11-04 09:46:29+00:00,Unknown,91.5,2025,11,4
81504,55716,21448,2,14.75,2024-10-14 23:51:00+00:00,Unknown,29.5,2024,10,14
75008,55756,20992,3,63.6,2025-04-11 19:43:30+00:00,Unknown,190.8,2025,4,11
76081,54096,21286,1,35.75,2025-05-19 09:57:13+00:00,Unknown,35.75,2025,5,19
82972,54214,20996,2,56.4,2024-10-22 00:34:20+00:00,"Suite 170 2901 Walker Mission, Lupeville, MO 17831-3154",112.8,2024,10,22
73339,54890,21224,1,60.75,2024-10-31 18:09:41+00:00,Unknown,60.75,2024,10,31
82650,54172,21225,1,57.99,2025-05-17 20:12:41+00:00,Unknown,57.99,2025,5,17
81232,55804,21341,1,48.75,2024-12-05 23:54:31+00:00,Unknown,48.75,2024,12,5
78850,55700,21254,1,53.7,2025-03-18 05:06:09+00:00,"2791 Jae Key, Lake Reginald, NJ 31265",53.7,2025,3,18
76083,55382,21532,1,37.5,2025-05-16 19:01:00+00:00,Unknown,37.5,2025,5,16
79313,54580,21496,2,29.0,2024-09-04 17:46:43+00:00,Unknown,58.0,2024,9,4
83144,54498,21307,1,83.4,2024-03-15 12:27:51+00:00,"Suite 433 182 Hermann Prairie, Kertzmannmouth, ID 25954",83.4,2024,3,15
79299,55583,21112,2,27.75,2024-11-25 21:15:00+00:00,Unknown,55.5,2024,11,25
74230,54750,21223,1,87.9,2024-11-19 00:42:25+00:00,Unknown,87.9,2024,11,19
77625,53256,21537,1,24.0,2024-09-30 18:38:00+00:00,Unknown,24.0,2024,9,30
81011,55659,21473,2,61.0,2024-03-18 09:05:31+00:00,Unknown,122.0,2024,3,18
80889,53701,21364,1,61.99,2024-09-18 23:27:50+00:00,"9389 Vicenta Garden, Marioport, AZ 59259",61.99,2024,9,18
82683,55504,21445,1,48.0,2024-11-26 18:22:12+00:00,"Apt. 647 7640 Swift Mountain, Dorthyport, WI 35101-7979",48.0,2024,11,26
74812,55804,21076,1,54.25,2025-04-22 20:58:56+00:00,"576 Doyle Station, Kilbackmouth, AR 51709",54.25,2025,4,22
81154,54194,21179,1,67.2,2024-11-20 22:23:00+00:00,"Apt. 822 8018 Robt Crest, South Mylesland, LA 65804",67.2,2024,11,20
75868,54069,21481,1,20.0,2025-02-07 18:54:46.137000+00:00,Unknown,20.0,2025,2,7
76439,53055,21367,1,42.5,2024-09-22 13:54:45+00:00,Unknown,42.5,2024,9,22
79073,55693,21093,1,67.0,2025-04-24 06:27:36+00:00,Unknown,67.0,2025,4,24
75412,54427,21355,1,49.99,2024-07-20 13:38:00+00:00,Unknown,49.99,2024,7,20
82439,53130,21605,1,30.6,2024-06-24 03:59:00+00:00,"Suite 986 62772 Tatyana Port, McCulloughfort, MA 05722-8472",30.6,2024,6,24
78122,53699,21076,1,55.0,2025-08-13 18:08:00+00:00,Unknown,55.0,2025,8,13
76944,53632,20998,1,46.0,2025-03-24 21:02:52+00:00,Unknown,46.0,2025,3,24
80377,55765,21312,1,60.0,2024-05-27 16:45:36.051000+00:00,Unknown,60.0,2024,5,27
80210,54792,21032,1,21.59,2025-03-24 01:11:53.549000+00:00,Unknown,21.59,2025,3,24
73683,55791,21657,1,13.0,2024-09-30 07:48:00+00:00,Unknown,13.0,2024,9,30
77079,54077,21460,4,37.5,2024-12-18 09:26:46+00:00,Unknown,150.0,2024,12,18
73959,54905,21036,1,77.99,2025-02-23 03:52:00+00:00,Unknown,77.99,2025,2,23
82831,53684,21182,1,66.75,2024-08-09 20:05:13+00:00,Unknown,66.75,2024,8,9
76992,53103,21128,1,65.99,2025-06-04 05:35:18+00:00,Unknown,65.99,2025,6,4
80456,53845,21126,3,73.5,2025-02-20 04:27:33+00:00,"27891 Keenan Shoal, North Efraintown, NV 79150",220.5,2025,2,20
82925,54807,21159,1,73.2,2024-09-30 00:23:27+00:00,Unknown,73.2,2024,9,30
73660,55787,21463,1,73.99,2024-12-16 02:08:34+00:00,"Apt. 904 46024 Kutch Place, North Micah, MS 14840",73.99,2024,12,16
75521,55669,21466,4,15.6,2024-10-07 13:35:00+00:00,Unknown,62.4,2024,10,7
81974,54953,21490,2,43.25,2024-12-20 13:26:09+00:00,"Suite 669 412 Lashandra Lane, East Silasview, IA 18086",86.5,2024,12,20
74891,53487,20956,1,61.5,2025-03-13 02:51:04+00:00,Unknown,61.5,2025,3,13
82050,55156,21643,1,36.0,2024-07-20 09:37:09+00:00,Unknown,36.0,2024,7,20
77850,55652,21122,1,81.0,2024-06-21 09:04:00+00:00,Unknown,81.0,2024,6,21
80303,54950,20971,4,21.0,2024-05-25 14:04:33+00:00,Unknown,84.0,2024,5,25
78117,55382,21149,1,20.4,2025-01-04 07:48:08+00:00,Unknown,20.4,2025,1,4
80146,53760,21382,1,85.8,2024-07-21 12:25:05+00:00,Unknown,85.8,2024,7,21
81896,53663,21568,1,84.0,2024-11-02 04:28:57+00:00,"Suite 392 3654 Rowe Plains, Lake Elton, AR 99061-0215",84.0,2024,11,2
76141,55121,21457,1,74.5,2025-03-06 02:27:16+00:00,Unknown,74.5,2025,3,6
76254,54902,21647,1,66.25,2025-07-11 09:34:48+00:00,Unknown,66.25,2025,7,11
82694,54566,20969,1,21.99,2025-04-03 07:47:29+00:00,Unknown,21.99,2025,4,3
79013,55471,21132,1,19.25,2024-11-25 09:37:00+00:00,Unknown,19.25,2024,11,25
78138,55156,21377,1,51.0,2024-08-05 11:51:00+00:00,Unknown,51.0,2024,8,5
79143,54929,21447,4,64.25,2024-06-10 19:56:18+00:00,"Apt. 431 892 Ortiz Via, Port Bernadine, MI 79086-5459",257.0,2024,6,10
78714,53074,21616,1,69.25,2025-03-23 21:15:00+00:00,Unknown,69.25,2025,3,23
75692,53193,21612,5,63.5,2024-11-15 07:57:00+00:00,Unknown,317.5,2024,11,15
77125,53279,21547,1,21.3,2024-08-02 06:48:57+00:00,Unknown,21.3,2024,8,2
78086,54620,20994,1,19.25,2024-11-10 03:58:00+00:00,Unknown,19.25,2024,11,10
77947,53263,21098,1,67.0,2024-11-29 19:05:15+00:00,Unknown,67.0,2024,11,29
82971,53688,21204,4,16.0,2025-04-06 12:53:46+00:00,"Apt. 532 59462 Kub Skyway, East Merrill, IN 80728-4619",64.0,2025,4,6
82563,54768,21221,1,70.25,2024-12-04 01:58:52+00:00,Unknown,70.25,2024,12,4
79177,55470,21066,1,32.0,2025-03-23 13:10:41.835000+00:00,Unknown,32.0,2025,3,23
75167,54983,21015,2,72.6,2024-10-11 06:55:00+00:00,Unknown,145.2,2024,10,11
77480,54518,21604,1,51.5,2024-06-11 03:33:10+00:00,"Suite 440 700 Grady Groves, Bartonview, OH 62125",51.5,2024,6,11
81520,54194,20960,5,31.19,2024-10-20 14:35:00+00:00,Unknown,155.95,2024,10,20
80005,54739,21009,1,64.5,2024-10-01 09:26:00+00:00,Unknown,64.5,2024,10,1
77645,53986,21618,1,38.5,2024-11-07 01:06:00+00:00,Unknown,38.5,2024,11,7
73901,54585,21379,5,64.5,2024-12-20 19:00:00+00:00,"6711 Waters Loop, Ruthaville, TX 23085",322.5,2024,12,20
80125,53317,21608,3,59.75,2025-01-17 08:10:48+00:00,Unknown,179.25,2025,1,17
79960,54204,21615,1,57.9,2025-04-06 13:47:37.887000+00:00,Unknown,57.9,2025,4,6
74243,54880,21543,1,34.8,2024-10-15 12:19:00+00:00,Unknown,34.8,2024,10,15
82065,54267,21633,2,72.5,2025-01-19 07:33:23+00:00,Unknown,145.0,2025,1,19
80290,54747,21608,1,60.75,2025-05-14 17:36:53+00:00,Unknown,60.75,2025,5,14
78614,53836,21036,3,72.3,2025-06-19 17:03:12+00:00,Unknown,216.9,2025,6,19
75121,54223,21082,1,22.99,2024-08-30 05:31:31+00:00,Unknown,22.99,2024,8,30
77881,55113,21241,1,17.25,2024-11-15 02:36:33.861000+00:00,"Apt. 341 544 Donnelly Crossing, East Cyrus, RI 75957",17.25,2024,11,15
76139,53610,21469,1,68.5,2024-10-24 02:08:00+00:00,Unknown,68.5,2024,10,24
74353,55008,21101,5,22.79,2024-07-06 21:30:00+00:00,Unknown,113.95,2024,7,6
78633,55232,21396,1,39.0,2024-03-05 07:18:37+00:00,"Suite 559 60491 Cummings Flats, Charleneside, NV 51293",39.0,2024,3,5
80980,53959,21346,1,59.4,2025-06-28 18:48:39+00:00,Unknown,59.4,2025,6,28
75612,54043,21379,4,64.5,2024-09-05 05:22:31+00:00,Unknown,258.0,2024,9,5
77560,53368,21588,2,45.75,2024-12-20 07:01:19+00:00,Unknown,91.5,2024,12,20
75802,54484,21310,3,12.0,2025-05-22 11:25:55+00:00,"8350 Mervin Shoal, East Israel, LA 68707-2324",36.0,2025,5,22
78653,55701,21607,2,82.79,2024-07-21 15:04:39+00:00,Unknown,165.58,2024,7,21
83140,54144,20976,1,53.99,2024-05-17 19:32:00+00:00,Unknown,53.99,2024,5,17
82525,53470,21375,1,34.8,2025-02-04 23:18:26+00:00,Unknown,34.8,2025,2,4
79327,55080,21099,1,27.0,2025-01-31 21:34:00+00:00,"5194 Pfeffer Station, Port Natoshamouth, AZ 19271",27.0,2025,1,31
76180,53945,21560,1,54.0,2025-01-28 22:14:09+00:00,Unknown,54.0,2025,1,28
77055,54431,21402,4,81.0,2024-12-29 01:21:44+00:00,"Suite 304 467 Kub Square, Lake Kathimouth, OK 14328-8694",324.0,2024,12,29
82260,53937,21153,1,44.5,2024-10-02 13:41:00+00:00,Unknown,44.5,2024,10,2
74356,55585,21498,3,27.59,2024-07-29 06:21:22+00:00,"Apt. 652 2785 Lenita Creek, Elinside, OH 24236",82.77,2024,7,29
77949,53821,21529,5,63.0,2024-12-03 19:00:00+00:00,"Apt. 448 54598 Gibson Squares, Grahamfort, ND 53406",315.0,2024,12,3
76734,55737,21605,1,28.2,2024-11-18 04:33:01+00:00,Unknown,28.2,2024,11,18
81116,55253,21197,5,69.75,2024-08-30 13:40:49+00:00,Unknown,348.75,2024,8,30
74857,54069,20962,5,75.6,2024-10-10 06:58:54+00:00,Unknown,378.0,2024,10,10
81126,55388,21493,2,29.5,2024-11-08 02:34:52+00:00,"515 DuBuque Track, Shonfort, SC 56436",59.0,2024,11,8
75009,53460,21300,1,59.0,2025-03-12 18:28:42+00:00,Unknown,59.0,2025,3,12
76413,53456,20970,4,46.79,2024-09-13 21:16:13+00:00,"Apt. 600 570 Welch Divide, Kertzmannfurt, IN 07064",187.16,2024,9,13
75307,53285,21560,1,60.0,2024-11-17 06:29:00+00:00,"48417 Elvis Freeway, Lake Maire, NC 44022-9755",60.0,2024,11,17
75099,54827,21380,2,33.0,2024-12-08 03:08:08+00:00,Unknown,66.0,2024,12,8
75064,53169,20935,1,34.99,2024-12-02 17:57:24.651000+00:00,Unknown,34.99,2024,12,2
75355,54161,21096,1,71.25,2024-02-12 19:36:31+00:00,"Apt. 592 939 Reynolds Grove, North Hassiestad, NC 76506-6368",71.25,2024,2,12
82594,55763,21483,2,66.25,2024-07-06 15:36:24+00:00,Unknown,132.5,2024,7,6
76999,54274,21120,3,47.7,2025-03-31 18:45:00+00:00,"24463 Walker Knolls, Lake Eldenmouth, WV 73615-4260",143.1,2025,3,31
79628,55727,21408,2,26.4,2025-05-11 14:08:49+00:00,Unknown,52.8,2025,5,11
76675,53823,20921,1,18.5,2025-01-27 14:04:59+00:00,"45215 September Station, Gerholdberg, UT 34067",18.5,2025,1,27
77731,53916,21231,3,88.5,2024-10-30 23:19:00+00:00,Unknown,265.5,2024,10,30
78261,53688,21537,1,19.99,2025-05-24 18:49:30+00:00,Unknown,19.99,2025,5,24
77802,55208,21512,1,62.5,2024-08-06 09:17:10+00:00,"15935 Bartell Road, Considinemouth, VT 18422",62.5,2024,8,6
76884,55279,21398,1,23.0,2025-04-24 21:38:06+00:00,Unknown,23.0,2025,4,24
82326,54777,21463,1,72.0,2025-03-09 15:47:02+00:00,"8402 Daron Brook, West Tilda, ND 48976-3147",72.0,2025,3,9
78779,53093,21300,1,61.5,2024-11-18 20:01:35+00:00,Unknown,61.5,2024,11,18
78441,53753,21352,2,45.6,2024-08-30 08:50:00+00:00,Unknown,91.2,2024,8,30
75101,53234,21605,2,28.79,2025-05-22 00:33:05+00:00,Unknown,57.58,2025,5,22
75524,54656,21221,1,74.25,2024-08-09 08:52:14+00:00,"Suite 135 8024 Emil Plain, North Carroll, AZ 98359-9160",74.25,2024,8,9
81231,54984,21610,1,52.5,2024-05-17 09:53:23.483000+00:00,Unknown,52.5,2024,5,17
73593,54133,20945,1,33.25,2024-10-05 00:23:41+00:00,Unknown,33.25,2024,10,5
80793,53057,20932,1,17.5,2025-01-05 19:21:22+00:00,Unknown,17.5,2025,1,5
77437,54097,21621,2,41.5,2025-01-10 17:00:00+00:00,"4852 Mraz Trail, Beckerburgh, KS 54607",83.0,2025,1,10
74946,54783,20951,1,57.99,2025-03-29 05:27:12+00:00,Unknown,57.99,2025,3,29
77153,54920,21315,1,65.0,2025-03-08 05:45:46+00:00,Unknown,65.0,2025,3,8
82303,54661,20926,1,69.0,2024-09-28 22:10:21+00:00,Unknown,69.0,2024,9,28
74163,55490,21140,1,72.5,2024-10-28 04:13:13+00:00,Unknown,72.5,2024,10,28
76382,53149,21123,5,70.0,2025-02-08 10:48:59+00:00,Unknown,350.0,2025,2,8
78164,53716,21161,1,39.5,2025-03-05 11:31:00+00:00,Unknown,39.5,2025,3,5
79033,54036,21319,1,49.75,2024-11-18 09:24:28+00:00,Unknown,49.75,2024,11,18
74289,54235,21369,4,59.0,2024-09-08 19:51:45+00:00,Unknown,236.0,2024,9,8
80281,55157,21243,1,79.2,2024-12-10 13:14:26+00:00,"333 Wilfredo Row, Boganland, SC 03477-9607",79.2,2024,12,10
80612,54765,21601,1,32.0,2025-01-01 12:06:01+00:00,"3694 Carroll Row, Kshlerinborough, KY 10928-2588",32.0,2025,1,1
81213,53383,21423,1,71.0,2024-06-10 17:37:31+00:00,Unknown,71.0,2024,6,10
78703,55497,21511,1,29.75,2024-08-09 01:43:29+00:00,Unknown,29.75,2024,8,9
81398,54998,21565,1,58.5,2024-10-18 10:13:43+00:00,Unknown,58.5,2024,10,18
81631,53999,21238,1,59.0,2024-11-14 14:22:45+00:00,Unknown,59.0,2024,11,14
76638,53697,21557,1,78.0,2024-12-05 17:20:30+00:00,Unknown,78.0,2024,12,5
73361,53303,21091,2,30.9,2025-08-15 19:41:00+00:00,Unknown,61.8,2025,8,15
78864,53674,21122,1,79.8,2024-08-26 19:45:12+00:00,Unknown,79.8,2024,8,26
76301,54115,21480,1,70.99,2025-02-04 08:28:47+00:00,Unknown,70.99,2025,2,4
77086,55178,21344,1,49.25,2025-03-24 04:06:00+00:00,"68709 Balistreri Divide, Port Chasechester, LA 73077",49.25,2025,3,24
75624,55636,21032,1,17.5,2024-11-29 18:48:55+00:00,"Apt. 483 28502 Rogahn Terrace, Port Weifort, MS 27673-9366",17.5,2024,11,29
77724,54489,21199,1,48.0,2025-03-13 09:07:47+00:00,Unknown,48.0,2025,3,13
80954,53548,21071,2,63.3,2024-11-30 19:44:06+00:00,Unknown,126.6,2024,11,30
79878,55776,20986,1,68.25,2024-04-08 04:36:07+00:00,Unknown,68.25,2024,4,8
81829,53777,21094,1,83.4,2024-04-05 05:56:15+00:00,Unknown,83.4,2024,4,5
81037,53815,21357,2,42.5,2024-05-21 17:14:47+00:00,Unknown,85.0,2024,5,21
79853,55345,21024,1,46.2,2025-01-07 05:22:40+00:00,Unknown,46.2,2025,1,7
81086,54923,21008,3,22.5,2024-11-12 12:41:17+00:00,"347 Kris Prairie, Jeremytown, VA 27625-2922",67.5,2024,11,12
78235,54451,21096,3,72.99,2024-07-27 21:27:00+00:00,Unknown,218.97,2024,7,27
73789,55142,20920,1,18.0,2024-09-18 23:44:18+00:00,Unknown,18.0,2024,9,18
82490,53437,21100,1,30.3,2024-10-12 23:41:39+00:00,Unknown,30.3,2024,10,12
80499,53084,21097,1,15.5,2024-10-27 02:15:39+00:00,"828 Miller Gardens, East Glayds, AZ 23519",15.5,2024,10,27
77810,53348,21411,5,25.75,2025-01-04 10:03:15+00:00,"Suite 433 6994 Coralee Falls, Verenaside, LA 98184-6895",128.75,2025,1,4
74502,53945,21363,1,32.0,2024-08-03 20:27:00+00:00,Unknown,32.0,2024,8,3
78215,54397,21503,2,81.0,2024-11-18 21:34:28.785000+00:00,Unknown,162.0,2024,11,18
74766,54276,21312,1,58.25,2024-09-29 18:52:08+00:00,"Apt. 107 70866 Warner Trail, Earlside, FL 54601-7676",58.25,2024,9,29
75796,54341,21311,1,22.99,2024-12-23 20:59:54+00:00,Unknown,22.99,2024,12,23
74333,54786,21592,1,27.99,2024-11-09 17:49:32+00:00,"6219 Runte Vista, North Torrie, KY 94677",27.99,2024,11,9
82786,55075,21120,1,45.9,2024-11-17 19:31:12+00:00,Unknown,45.9,2024,11,17
82171,53440,21311,1,23.4,2025-01-26 19:50:50+00:00,Unknown,23.4,2025,1,26
79524,53379,20965,4,66.9,2025-04-18 22:04:00+00:00,Unknown,267.6,2025,4,18
81930,53426,20944,1,40.2,2024-06-25 04:00:50+00:00,Unknown,40.2,2024,6,25
76661,53825,21541,3,58.99,2025-01-25 16:10:37+00:00,Unknown,176.97,2025,1,25
73823,55579,21244,3,18.0,2024-12-18 16:51:37+00:00,Unknown,54.0,2024,12,18
83062,55767,21213,2,18.5,2024-04-14 05:26:00+00:00,Unknown,37.0,2024,4,14
81874,55489,21254,3,42.5,2024-04-25 22:23:00+00:00,Unknown,127.5,2024,4,25
75285,54391,21449,1,68.75,2024-06-26 14:52:01.098000+00:00,Unknown,68.75,2024,6,26
81376,55043,21310,1,17.5,2024-12-17 06:54:29+00:00,Unknown,17.5,2024,12,17
79463,55048,20935,1,33.0,2025-06-20 11:34:36+00:00,Unknown,33.0,2025,6,20
80027,55252,21135,1,72.99,2024-12-05 12:10:50+00:00,Unknown,72.99,2024,12,5
74100,55564,20933,1,19.5,2024-10-08 14:14:32+00:00,Unknown,19.5,2024,10,8
74559,53503,21563,1,55.0,2024-12-30 11:28:30+00:00,Unknown,55.0,2024,12,30
74484,54962,21384,1,59.4,2025-05-13 07:26:05+00:00,Unknown,59.4,2025,5,13
80702,54123,21579,1,57.99,2025-03-19 19:52:31+00:00,Unknown,57.99,2025,3,19
79358,53280,21029,2,58.5,2024-10-07 17:29:02+00:00,"Suite 829 6728 Jenifer Fork, Hollisstad, LA 51109",117.0,2024,10,7
78667,53725,21652,1,51.75,2025-02-25 07:41:45+00:00,Unknown,51.75,2025,2,25
74204,54551,21655,1,31.19,2025-01-14 18:30:46+00:00,Unknown,31.19,2025,1,14
79598,54779,21182,1,80.4,2024-09-13 02:39:04+00:00,Unknown,80.4,2024,9,13
80766,53378,21488,2,27.25,2024-05-21 07:07:10+00:00,Unknown,54.5,2024,5,21
80870,54918,21434,2,44.5,2025-03-16 06:25:00+00:00,Unknown,89.0,2025,3,16
82618,53745,21499,2,74.5,2024-12-08 07:23:23+00:00,"Suite 767 55542 Paucek Knoll, Kautzermouth, WV 23094-0989",149.0,2024,12,8
74423,53189,20965,2,59.5,2025-05-27 01:59:07+00:00,Unknown,119.0,2025,5,27
80608,53178,21630,1,54.0,2024-11-27 00:42:50+00:00,Unknown,54.0,2024,11,27
75983,54026,21598,1,42.99,2024-07-21 10:20:20+00:00,Unknown,42.99,2024,7,21
79837,55455,21562,1,47.4,2024-08-03 17:56:38+00:00,Unknown,47.4,2024,8,3
76475,55570,21039,1,33.0,2024-06-15 10:46:25+00:00,Unknown,33.0,2024,6,15
80013,54679,20922,1,61.5,2025-01-26 08:23:00+00:00,Unknown,61.5,2025,1,26
74912,54582,21424,1,33.0,2024-12-18 06:35:19+00:00,"Suite 733 64334 Bradtke Trafficway, West Myrtachester, CO 68357-5951",33.0,2024,12,18
73484,53420,20958,5,35.25,2024-12-02 22:05:00+00:00,Unknown,176.25,2024,12,2
74959,53236,21321,2,84.0,2025-01-26 01:22:28+00:00,Unknown,168.0,2025,1,26
73474,53682,21605,1,25.75,2025-04-16 12:46:00+00:00,Unknown,25.75,2025,4,16
80113,53773,20961,1,35.0,2025-03-07 13:23:00+00:00,Unknown,35.0,2025,3,7
79497,55657,20921,2,16.5,2024-11-25 04:30:00+00:00,Unknown,33.0,2024,11,25
74981,55014,21199,4,50.7,2025-01-17 02:50:00+00:00,Unknown,202.8,2025,1,17
78699,54878,21165,1,19.75,2025-05-06 22:09:30+00:00,"19867 Miller Streets, Ivoryfort, NV 31841-8043",19.75,2025,5,6
79889,54061,20936,2,71.99,2024-10-01 01:43:00+00:00,"332 Kuphal Passage, New Loreeburgh, MD 37825-5068",143.98,2024,10,1
79680,54348,21124,1,42.0,2024-10-03 01:57:16+00:00,Unknown,42.0,2024,10,3
77604,53364,21378,5,44.99,2024-11-07 01:41:00+00:00,"Suite 897 413 Ziemann Extensions, Stuartberg, RI 89189-3397",224.95,2024,11,7
76634,54349,20974,1,65.5,2025-01-24 15:26:53+00:00,Unknown,65.5,2025,1,24
74456,55631,21401,1,21.75,2024-05-08 05:22:10+00:00,"9577 Teddy Path, Debiberg, CA 52420-8701",21.75,2024,5,8
76214,54449,21106,1,56.4,2024-11-16 21:13:00+00:00,"12464 Marshall Springs, Leonelburgh, NC 61867",56.4,2024,11,16
78378,53206,21290,1,54.0,2024-06-04 20:12:00+00:00,Unknown,54.0,2024,6,4
79535,55636,20955,1,90.9,2024-09-25 08:49:20+00:00,Unknown,90.9,2024,9,25
73879,55102,21027,1,30.99,2024-10-24 06:00:51.263000+00:00,Unknown,30.99,2024,10,24
79040,53645,21337,2,72.75,2025-03-15 13:04:00+00:00,Unknown,145.5,2025,3,15
77956,55080,21073,1,45.6,2025-01-16 06:26:00+00:00,"5194 Pfeffer Station, Port Natoshamouth, AZ 19271",45.6,2025,1,16
80534,53788,21424,1,32.0,2025-06-19 18:42:25.247000+00:00,"6145 Jones Pike, New Dee, MO 15240-7531",32.0,2025,6,19
79366,54857,21631,2,16.25,2024-08-29 17:51:00+00:00,"27067 Ellis Mountains, New Arthurborough, KY 66430-9560",32.5,2024,8,29
75345,55425,20944,1,31.99,2024-03-20 05:25:00+00:00,Unknown,31.99,2024,3,20
77527,55823,21289,1,57.0,2024-12-24 18:51:01+00:00,Unknown,57.0,2024,12,24
73483,53745,21532,1,48.6,2024-09-30 15:04:49+00:00,Unknown,48.6,2024,9,30
82061,54820,21457,1,71.0,2024-06-14 23:10:50+00:00,"Suite 925 408 Hoeger Plains, New Jacklyn, MO 71356",71.0,2024,6,14
83114,55141,21200,1,51.0,2025-01-29 01:46:53+00:00,Unknown,51.0,2025,1,29
82413,53470,21468,3,70.0,2024-12-29 10:51:11+00:00,Unknown,210.0,2024,12,29
74529,53233,21089,1,61.5,2024-07-23 17:51:00+00:00,Unknown,61.5,2024,7,23
82367,53590,21447,2,64.75,2024-12-10 03:43:53+00:00,Unknown,129.5,2024,12,10
74476,55174,21644,1,76.8,2024-11-17 20:49:20+00:00,Unknown,76.8,2024,11,17
82655,55710,21260,1,55.99,2025-04-30 18:54:23+00:00,"Suite 584 4479 Metz Isle, South Katy, MA 16033-6435",55.99,2025,4,30
75449,54872,21027,1,35.1,2024-07-18 19:08:22+00:00,Unknown,35.1,2024,7,18
77784,53495,21403,1,28.0,2024-07-08 20:32:35+00:00,Unknown,28.0,2024,7,8
78413,53555,21141,1,28.8,2024-06-04 17:38:00+00:00,Unknown,28.8,2024,6,4
74001,55479,21078,1,71.5,2024-12-01 11:47:00+00:00,Unknown,71.5,2024,12,1
75142,55103,21310,1,16.2,2025-07-17 18:16:49+00:00,Unknown,16.2,2025,7,17
79088,55374,21146,1,49.75,2024-12-25 03:21:37+00:00,Unknown,49.75,2024,12,25
77678,55824,21617,1,27.0,2024-10-16 10:18:19+00:00,"532 Lang Lights, Seymourfort, KS 68874",27.0,2024,10,16
75878,55718,20990,2,25.8,2024-04-27 18:56:00+00:00,Unknown,51.6,2024,4,27
75335,53408,20959,2,46.0,2024-09-27 11:38:27+00:00,"Suite 612 748 Jordan Well, Berniceton, TX 96903",92.0,2024,9,27
80606,53445,21206,1,63.0,2024-09-11 05:07:00+00:00,Unknown,63.0,2024,9,11
74747,53804,20938,1,32.4,2024-11-10 20:17:53+00:00,Unknown,32.4,2024,11,10
83079,54172,21547,5,17.99,2025-05-24 04:52:00+00:00,Unknown,89.95,2025,5,24
78323,54762,21164,1,14.5,2024-11-16 20:20:18+00:00,Unknown,14.5,2024,11,16
82136,53407,21495,1,24.6,2024-07-20 10:08:00+00:00,Unknown,24.6,2024,7,20
79325,53136,21210,2,19.5,2024-04-20 15:56:09+00:00,Unknown,39.0,2024,4,20
78723,54859,21453,5,85.5,2024-04-24 08:56:00+00:00,Unknown,427.5,2024,4,24
75627,54065,21199,1,52.2,2024-04-17 11:30:30+00:00,Unknown,52.2,2024,4,17
80074,53320,21220,1,13.5,2025-06-19 15:44:30+00:00,Unknown,13.5,2025,6,19
78678,54683,21370,1,43.5,2025-05-07 12:52:00+00:00,Unknown,43.5,2025,5,7
80486,55802,21140,1,85.8,2024-07-23 23:08:00+00:00,"Apt. 596 2815 Deidra Plains, New Chadwick, NH 13801-1880",85.8,2024,7,23
82681,54413,21369,2,61.0,2025-03-21 07:03:00+00:00,Unknown,122.0,2025,3,21
77733,53455,21224,1,62.25,2025-01-10 23:31:59+00:00,Unknown,62.25,2025,1,10
82221,53865,21425,4,42.0,2024-12-31 04:46:08+00:00,"Suite 634 1729 Weber Groves, Buckridgebury, FL 37994-0713",168.0,2024,12,31
78084,55063,21616,1,69.99,2024-07-14 23:09:45+00:00,Unknown,69.99,2024,7,14
82764,53437,21367,1,49.19,2024-12-08 13:58:23+00:00,Unknown,49.19,2024,12,8
79241,55252,21517,1,67.0,2024-11-09 13:05:00+00:00,Unknown,67.0,2024,11,9
80187,54091,21611,1,72.0,2025-01-17 12:58:07+00:00,"Apt. 754 17523 Johnson Fork, Carryberg, GA 82252-4142",72.0,2025,1,17
77495,53837,21575,1,48.5,2024-03-10 12:41:00+00:00,"8360 Benton Parkways, South Marlinbury, VT 71725",48.5,2024,3,10
76009,55132,21252,1,49.5,2024-11-12 05:01:00+00:00,Unknown,49.5,2024,11,12
75739,54654,21401,1,23.25,2025-05-15 22:15:52+00:00,"3431 Nicolas Vista, Flatleyshire, AK 32520-5815",23.25,2025,5,15
75407,53934,21189,2,25.0,2024-12-27 17:56:00+00:00,Unknown,50.0,2024,12,27
76396,55148,21557,4,68.99,2025-07-10 12:51:25+00:00,Unknown,275.96,2025,7,10
77133,53335,21318,1,65.1,2025-04-17 16:04:01+00:00,Unknown,65.1,2025,4,17
74807,53083,21600,1,43.0,2024-07-26 01:23:15+00:00,Unknown,43.0,2024,7,26
83101,54501,21589,1,42.5,2024-09-22 16:52:00+00:00,Unknown,42.5,2024,9,22
81629,54118,21445,1,55.2,2025-02-03 03:42:23+00:00,Unknown,55.2,2025,2,3
73613,54342,21314,1,13.0,2025-02-03 10:42:50+00:00,Unknown,13.0,2025,2,3
75666,54282,21420,2,67.25,2024-12-14 06:47:00+00:00,Unknown,134.5,2024,12,14
81456,54688,21098,3,63.0,2025-01-29 21:23:46+00:00,Unknown,189.0,2025,1,29
80035,54573,21374,1,25.0,2024-08-29 21:09:00+00:00,"Apt. 362 929 Reynaldo Spring, Kozeymouth, PA 38933-5613",25.0,2024,8,29
74872,53157,21523,2,49.0,2025-03-14 20:57:57+00:00,"Apt. 433 7765 Tillman Road, New Elviefurt, CA 25593-5086",98.0,2025,3,14
81671,53112,21473,1,69.9,2024-07-22 18:12:58+00:00,"Suite 713 272 Frankie Mills, North Catrina, HI 45737-2624",69.9,2024,7,22
78068,53283,21308,1,58.5,2024-04-05 01:25:33+00:00,Unknown,58.5,2024,4,5
81168,54934,21430,2,30.0,2025-01-10 20:22:47+00:00,"954 Rosenbaum Road, South Lurlenebury, MN 78243-7012",60.0,2025,1,10
74043,53162,21368,1,22.0,2024-08-18 19:10:00+00:00,Unknown,22.0,2024,8,18
73482,54688,21459,1,22.0,2024-08-06 00:08:10+00:00,Unknown,22.0,2024,8,6
75490,54884,21067,1,64.5,2024-07-04 09:40:00+00:00,Unknown,64.5,2024,7,4
78040,54800,20979,1,71.0,2025-08-14 18:30:35+00:00,Unknown,71.0,2025,8,14
83043,53581,21221,1,85.8,2025-02-06 15:00:39+00:00,Unknown,85.8,2025,2,6
74566,53171,21084,1,72.25,2024-07-30 22:08:09+00:00,Unknown,72.25,2024,7,30
79655,53406,21015,1,73.19,2025-09-04 09:15:37+00:00,Unknown,73.19,2025,9,4
81179,55771,21326,2,91.5,2024-01-23 20:36:05+00:00,Unknown,183.0,2024,1,23
82929,55739,21554,1,37.8,2025-02-07 06:24:22+00:00,Unknown,37.8,2025,2,7
80315,54774,21489,1,62.0,2025-03-23 15:38:38+00:00,Unknown,62.0,2025,3,23
75409,54618,21392,2,75.0,2025-01-15 13:42:08.766000+00:00,Unknown,150.0,2025,1,15
82682,54918,21244,1,19.19,2024-11-06 00:14:41+00:00,Unknown,19.19,2024,11,6
79459,54217,21285,1,78.3,2024-07-19 12:55:00+00:00,"5874 Marvin Plaza, East Joe, PA 74528",78.3,2024,7,19
80829,53155,21493,3,34.8,2025-06-06 01:16:59+00:00,Unknown,104.4,2025,6,6
81644,55570,21074,2,88.79,2025-01-13 18:17:35+00:00,Unknown,177.58,2025,1,13
79508,55370,21617,2,22.25,2024-12-19 14:02:00+00:00,Unknown,44.5,2024,12,19
80154,55529,21461,1,59.4,2025-03-19 11:42:01+00:00,"Apt. 177 505 Lindy Streets, Deangelobury, WV 54489-3951",59.4,2025,3,19
74647,53892,21523,3,59.7,2024-12-13 15:58:18+00:00,Unknown,179.1,2024,12,13
82180,54403,21499,1,88.8,2024-12-05 16:00:07+00:00,Unknown,88.8,2024,12,5
77286,53458,21345,1,71.1,2024-10-03 23:48:00+00:00,Unknown,71.1,2024,10,3
74227,54173,21232,2,59.0,2024-10-03 11:34:42+00:00,"Apt. 100 32435 Antwan Spur, Sethville, IL 90351",118.0,2024,10,3
75879,54732,21413,2,72.9,2025-05-17 21:40:24+00:00,"Suite 585 6888 Sherwood Meadows, West Clayville, WI 85986",145.8,2025,5,17
82673,54107,21540,1,62.0,2024-05-08 01:39:44+00:00,Unknown,62.0,2024,5,8
76769,53992,21562,1,40.99,2025-04-20 13:33:40+00:00,Unknown,40.99,2025,4,20
77943,54531,21614,1,71.0,2024-12-25 02:55:00+00:00,Unknown,71.0,2024,12,25
82089,55487,21039,1,32.25,2024-10-14 01:06:00+00:00,Unknown,32.25,2024,10,14
80537,54142,21036,1,78.0,2024-10-14 21:52:32+00:00,Unknown,78.0,2024,10,14
82381,54342,21470,1,81.0,2024-07-22 05:38:00+00:00,Unknown,81.0,2024,7,22
74193,53039,21327,2,73.5,2024-10-22 10:59:35+00:00,Unknown,147.0,2024,10,22
80484,55057,20917,1,52.2,2024-11-17 01:53:09+00:00,Unknown,52.2,2024,11,17
78098,53844,21134,1,65.1,2024-08-17 23:54:43+00:00,Unknown,65.1,2024,8,17
76372,53703,21069,1,22.75,2024-08-23 11:18:23+00:00,Unknown,22.75,2024,8,23
77410,55492,21453,1,68.25,2025-01-27 08:21:37+00:00,"3293 Kimberley Pike, Framiland, IL 46487",68.25,2025,1,27
73434,54759,21172,1,18.0,2024-10-13 17:17:00+00:00,"37606 Carl Stravenue, Cronaberg, AL 66717-9080",18.0,2024,10,13
76532,54581,21466,1,14.0,2024-12-14 17:00:13+00:00,"Apt. 224 919 Titus Cliffs, Deedeehaven, RI 47176-8303",14.0,2024,12,14
75102,53212,20979,1,71.5,2024-09-13 17:22:00+00:00,"64034 Marianna Corner, Steviestad, ME 75279-2983",71.5,2024,9,13
79103,53364,21264,1,43.25,2024-11-17 05:37:00+00:00,Unknown,43.25,2024,11,17
77415,54708,21287,1,76.8,2024-08-30 02:45:00+00:00,Unknown,76.8,2024,8,30
78484,53917,21214,1,63.25,2025-07-30 13:35:33+00:00,Unknown,63.25,2025,7,30
76075,54140,21111,1,29.0,2024-11-19 04:50:45+00:00,Unknown,29.0,2024,11,19
74621,53284,21565,1,62.5,2024-09-14 02:03:52+00:00,Unknown,62.5,2024,9,14
79086,55241,21614,1,72.5,2024-07-31 10:33:11.832000+00:00,"Apt. 866 13965 VonRueden Orchard, Funkborough, LA 05038-2961",72.5,2024,7,31
74582,55126,21590,1,34.99,2025-07-01 04:14:00+00:00,Unknown,34.99,2025,7,1
80066,54125,21037,1,51.25,2024-12-13 10:39:00.594000+00:00,"640 Magaly Prairie, Danielfurt, KY 10273",51.25,2024,12,13
77226,54805,21390,2,50.0,2024-10-22 02:35:36.263000+00:00,"76402 Schimmel Flat, Lake Glendora, AZ 78853-0436",100.0,2024,10,22
74426,53269,21373,1,23.5,2025-01-25 12:15:20+00:00,"Suite 188 2541 Kerluke Burg, Oberbrunnertown, MO 62113-6496",23.5,2025,1,25
79991,55327,21039,1,40.79,2024-06-15 20:22:00+00:00,"Apt. 962 54438 Murphy Glen, Port Doris, WI 63665",40.79,2024,6,15
82750,53617,21299,1,20.75,2025-05-14 14:27:00+00:00,Unknown,20.75,2025,5,14
79506,53560,21626,1,67.75,2025-06-24 14:00:00+00:00,Unknown,67.75,2025,6,24
82307,53086,21113,1,61.19,2024-10-23 21:38:00+00:00,"Suite 698 88443 Justin Fork, Port Melodiestad, AR 75650",61.19,2024,10,23
79539,55046,21534,1,29.7,2024-05-19 23:15:59+00:00,Unknown,29.7,2024,5,19
81178,55370,20939,1,67.99,2025-04-19 07:41:00+00:00,"Apt. 696 4596 Marcelino Roads, Schillerberg, RI 24925-7861",67.99,2025,4,19
78506,54841,21373,1,22.8,2025-01-22 22:32:31+00:00,Unknown,22.8,2025,1,22
74432,53709,21195,1,42.25,2025-01-14 18:14:00+00:00,Unknown,42.25,2025,1,14
82416,55244,20943,1,86.1,2024-05-24 19:59:11+00:00,Unknown,86.1,2024,5,24
75675,53541,21542,1,46.0,2024-08-28 23:38:00+00:00,Unknown,46.0,2024,8,28
82128,54223,21566,1,59.7,2025-03-20 04:52:26.882000+00:00,"84373 Stark Course, West Angle, OK 43852-1048",59.7,2025,3,20
78129,55198,21617,1,24.5,2024-07-06 20:20:28+00:00,"Apt. 719 57467 Kim Crescent, South Willard, TX 34360",24.5,2024,7,6
77212,53861,21347,1,43.99,2024-08-24 03:01:00.190000+00:00,Unknown,43.99,2024,8,24
74665,54538,21317,1,59.1,2025-03-30 16:17:19+00:00,Unknown,59.1,2025,3,30
73941,55555,21336,2,66.5,2025-02-08 02:01:29+00:00,Unknown,133.0,2025,2,8
79232,54572,21396,4,34.75,2025-01-26 11:48:50+00:00,Unknown,139.0,2025,1,26
79042,53810,20922,2,65.5,2024-08-04 03:15:17+00:00,Unknown,131.0,2024,8,4
76316,54914,21047,1,63.6,2024-12-23 11:46:00+00:00,Unknown,63.6,2024,12,23
76811,53117,21232,2,71.99,2024-09-06 20:14:09+00:00,Unknown,143.98,2024,9,6
73437,55685,20989,2,68.5,2024-05-01 04:42:00+00:00,Unknown,137.0,2024,5,1
77922,53981,21010,1,43.0,2024-10-12 10:57:58+00:00,Unknown,43.0,2024,10,12
74836,54343,21476,2,87.0,2024-10-15 23:09:00+00:00,Unknown,174.0,2024,10,15
78210,55474,21636,3,66.0,2025-01-17 07:59:00+00:00,Unknown,198.0,2025,1,17
73480,53619,20950,1,39.59,2024-06-08 00:21:59+00:00,Unknown,39.59,2024,6,8
75094,53026,21304,1,46.0,2024-09-07 08:40:57.740000+00:00,Unknown,46.0,2024,9,7
76890,53793,21025,1,63.59,2025-06-08 21:32:00+00:00,Unknown,63.59,2025,6,8
82035,55044,21187,2,69.5,2025-02-01 10:18:00+00:00,Unknown,139.0,2025,2,1
73642,55546,21099,1,27.5,2025-05-05 16:49:00+00:00,Unknown,27.5,2025,5,5
79648,53914,21604,1,49.99,2024-10-27 15:38:00+00:00,Unknown,49.99,2024,10,27
73721,54071,20942,1,47.99,2024-05-18 06:04:00+00:00,Unknown,47.99,2024,5,18
82919,55693,20960,1,28.75,2025-01-10 08:46:00+00:00,Unknown,28.75,2025,1,10
82323,55042,21339,4,71.5,2025-01-16 06:19:40.438000+00:00,Unknown,286.0,2025,1,16
80919,55447,21128,1,66.25,2025-05-12 13:12:38.506000+00:00,Unknown,66.25,2025,5,12
80686,53881,21311,2,27.3,2024-11-28 07:45:41+00:00,"Suite 871 705 Lamont Ports, Schaefershire, NJ 35338-1906",54.6,2024,11,28
80264,55400,21343,1,19.99,2025-06-08 13:08:28+00:00,Unknown,19.99,2025,6,8
82428,54188,21356,1,16.2,2025-01-08 23:35:24+00:00,Unknown,16.2,2025,1,8
74101,55504,21531,1,55.0,2025-04-15 07:12:40.857000+00:00,"Apt. 647 7640 Swift Mountain, Dorthyport, WI 35101-7979",55.0,2025,4,15
76069,54577,21602,1,69.5,2025-02-17 20:04:00+00:00,"997 Sarina Meadow, Mckinleyshire, MA 03963",69.5,2025,2,17
81267,53149,21203,1,35.5,2024-12-03 01:12:51+00:00,Unknown,35.5,2024,12,3
73768,53022,21402,1,65.25,2025-03-29 02:50:20+00:00,"Apt. 467 2204 Jacobi Lights, Daleburgh, AZ 42182",65.25,2025,3,29
81560,53842,21345,1,66.6,2024-11-15 04:42:00+00:00,Unknown,66.6,2024,11,15
78798,53375,21514,3,45.59,2025-03-19 10:31:33+00:00,Unknown,136.77,2025,3,19
78906,55321,21453,1,85.8,2024-12-26 13:50:47+00:00,Unknown,85.8,2024,12,26
74808,53144,21358,1,54.3,2024-11-03 13:26:22+00:00,Unknown,54.3,2024,11,3
73422,55687,21558,1,27.6,2024-09-21 12:45:51.391000+00:00,Unknown,27.6,2024,9,21
75554,54390,20934,1,21.5,2025-02-02 09:59:28+00:00,Unknown,21.5,2025,2,2
79794,55344,21435,1,53.25,2025-01-02 15:24:00+00:00,Unknown,53.25,2025,1,2
77644,55420,21458,2,44.99,2024-09-24 03:13:44+00:00,Unknown,89.98,2024,9,24
79868,54831,21614,1,84.3,2024-08-24 03:53:30+00:00,Unknown,84.3,2024,8,24
81673,55504,21584,1,48.25,2025-03-21 14:22:39+00:00,Unknown,48.25,2025,3,21
76053,54949,21092,1,32.0,2024-12-09 11:02:55.987000+00:00,Unknown,32.0,2024,12,9
80073,53400,21438,2,62.5,2025-09-10 09:36:50+00:00,Unknown,125.0,2025,9,10
80179,53632,21597,2,34.25,2025-05-23 03:45:00+00:00,"123 Israel Mall, Marquardtport, LA 49993-4794",68.5,2025,5,23
83156,53425,21592,1,36.0,2025-01-11 02:57:00+00:00,"Apt. 518 9696 Leon Parks, Lake Bradford, NY 81916",36.0,2025,1,11
76150,53501,21431,1,77.1,2024-10-18 10:53:31+00:00,Unknown,77.1,2024,10,18
75497,53280,21528,3,73.0,2025-02-08 12:43:48+00:00,Unknown,219.0,2025,2,8
77035,55796,21256,3,60.5,2024-10-07 19:14:54+00:00,"8566 Heidenreich Lane, Dareborough, SD 50609",181.5,2024,10,7
76504,55288,21492,1,27.3,2024-07-14 04:41:48.463000+00:00,Unknown,27.3,2024,7,14
78404,53830,20975,1,86.4,2025-01-10 18:28:00+00:00,"4018 Tyesha Rapids, New Jaimechester, WA 25925-5236",86.4,2025,1,10
74653,54321,21035,2,40.0,2024-02-06 07:39:45+00:00,Unknown,80.0,2024,2,6
81402,53307,21208,1,15.5,2025-08-30 14:40:12+00:00,Unknown,15.5,2025,8,30
78291,55495,21650,5,37.0,2025-02-12 23:46:27+00:00,Unknown,185.0,2025,2,12
79776,54465,20943,1,73.25,2025-05-24 05:11:15+00:00,Unknown,73.25,2025,5,24
75702,55451,21197,1,71.5,2024-10-16 21:04:01.154000+00:00,Unknown,71.5,2024,10,16
79200,53411,21503,1,65.0,2025-02-10 02:46:33+00:00,"Apt. 515 3340 Heller Roads, Hodkiewiczmouth, KS 30332-3942",65.0,2025,2,10
74613,54134,21283,2,47.4,2024-07-05 00:41:33+00:00,Unknown,94.8,2024,7,5
73655,54546,21144,1,71.0,2024-09-30 11:39:00+00:00,"Suite 910 50327 Weber Extension, South Jack, FL 96743-8007",71.0,2024,9,30
81782,53814,21392,1,72.5,2025-05-14 19:47:00+00:00,Unknown,72.5,2025,5,14
75589,54478,21634,1,28.8,2025-03-29 04:30:00+00:00,"Suite 137 201 Daugherty Hollow, Pacochafort, WI 53745",28.8,2025,3,29
73643,55187,20978,1,72.6,2025-04-13 15:28:00+00:00,"Apt. 617 12228 McLaughlin Gardens, New Norbert, KS 47194",72.6,2025,4,13
80065,54516,21602,1,68.75,2025-05-20 14:46:44+00:00,Unknown,68.75,2025,5,20
74496,55343,21568,1,72.5,2024-12-25 20:12:13+00:00,"6350 Ronald Extension, West Nery, TX 08312-6487",72.5,2024,12,25
78163,54866,20977,2,19.0,2025-03-08 02:30:13+00:00,"5302 Truman Falls, Lake Tami, MS 80018-0328",38.0,2025,3,8
77431,53784,21305,1,44.75,2024-12-29 22:33:56+00:00,Unknown,44.75,2024,12,29
79866,53529,20984,1,31.0,2024-12-28 04:20:50+00:00,Unknown,31.0,2024,12,28
74208,53670,21372,4,35.99,2024-11-22 18:14:20+00:00,"72715 Ali Field, West Montymouth, NV 62022",143.96,2024,11,22
83167,54940,21412,5,54.0,2024-11-07 21:28:37.084000+00:00,Unknown,270.0,2024,11,7
76373,53617,21490,1,43.0,2025-06-27 05:47:35.608000+00:00,Unknown,43.0,2025,6,27
78013,53302,21419,1,68.5,2025-01-23 09:15:16+00:00,Unknown,68.5,2025,1,23
78401,55219,21448,1,17.0,2024-07-11 03:13:20+00:00,Unknown,17.0,2024,7,11
79574,54072,20948,1,76.99,2024-12-26 03:06:00+00:00,"640 Darrell Ville, O'Harafort, NJ 29469-9554",76.99,2024,12,26
82096,55724,20936,1,68.7,2024-12-22 04:23:00+00:00,"Apt. 492 87038 Morissette Pike, South Bryantview, DE 89395",68.7,2024,12,22
75476,55431,21186,1,40.0,2024-12-15 09:00:41+00:00,"4516 Yuette Shoal, Clorindafurt, NJ 15614-3957",40.0,2024,12,15
73651,54523,21133,1,71.0,2024-12-31 12:48:23+00:00,Unknown,71.0,2024,12,31
80565,55373,21121,1,22.5,2024-11-22 16:33:43+00:00,Unknown,22.5,2024,11,22
77808,54205,21600,1,55.8,2024-12-29 17:33:51+00:00,Unknown,55.8,2024,12,29
75408,55368,21361,3,46.5,2024-04-17 23:12:00+00:00,"Suite 896 794 King Knolls, Earleview, SD 84865-3301",139.5,2024,4,17
82937,54053,21303,1,27.3,2025-01-04 20:40:45+00:00,"Apt. 950 538 Gulgowski Spur, West Miloville, MD 13537-2076",27.3,2025,1,4
81743,54676,21273,1,85.8,2024-09-21 17:18:00+00:00,Unknown,85.8,2024,9,21
81971,54389,21632,1,25.2,2024-04-12 13:11:02+00:00,Unknown,25.2,2024,4,12
80269,55038,21170,1,88.2,2024-10-05 23:20:00+00:00,Unknown,88.2,2024,10,5
82728,54281,20986,1,79.5,2025-02-03 18:07:33+00:00,"4461 Muller Brook, Greenholtview, VT 10980",79.5,2025,2,3
81806,54293,21209,1,47.75,2025-02-09 04:20:57+00:00,"Apt. 776 6829 Nienow Street, Port Robthaven, GA 40886-2925",47.75,2025,2,9
82134,54382,21084,5,74.75,2024-12-11 09:32:00+00:00,Unknown,373.75,2024,12,11
77430,55582,21111,1,39.9,2025-02-19 09:27:00+00:00,Unknown,39.9,2025,2,19
79502,53278,21403,1,30.0,2024-09-05 13:00:00+00:00,Unknown,30.0,2024,9,5
76311,53240,20954,2,72.5,2024-09-27 11:48:02+00:00,"1010 Cathie Flat, Oliverland, WI 67915-8394",145.0,2024,9,27
79197,54703,21026,1,23.99,2025-03-20 23:05:00+00:00,"8186 Miller Plaza, West Dewey, IA 90063-6768",23.99,2025,3,20
77847,53548,21639,2,17.7,2025-03-05 12:02:12+00:00,"7427 Odis Drive, Sherriborough, MO 98634",35.4,2025,3,5
81794,53798,21584,1,52.25,2024-10-11 13:30:46+00:00,"Apt. 661 821 Michelina Shores, West Jerry, IL 39543",52.25,2024,10,11
73530,53095,21311,1,24.3,2025-08-26 07:11:00+00:00,Unknown,24.3,2025,8,26
79669,53473,21178,1,51.5,2025-03-24 02:21:55+00:00,Unknown,51.5,2025,3,24
82743,54453,21094,1,69.99,2025-03-05 03:29:10+00:00,Unknown,69.99,2025,3,5
81180,53674,21233,1,40.0,2024-10-29 06:11:00+00:00,Unknown,40.0,2024,10,29
82527,55168,21561,1,36.3,2024-07-13 00:02:21+00:00,"Apt. 624 6611 Garrett Village, Manualland, AZ 73017",36.3,2024,7,13
76126,55770,20999,1,33.25,2025-03-02 03:33:00+00:00,"5173 Sammy Rue, Reynoldsmouth, SD 58093",33.25,2025,3,2
75123,53897,20944,1,34.5,2025-04-18 09:58:00+00:00,Unknown,34.5,2025,4,18
80429,54126,21473,1,59.0,2024-04-30 00:03:00+00:00,Unknown,59.0,2024,4,30
74852,55340,20961,2,36.99,2025-07-25 18:59:00+00:00,Unknown,73.98,2025,7,25
76363,53633,21494,1,26.5,2025-04-17 15:54:37+00:00,Unknown,26.5,2025,4,17
78258,54044,20954,1,71.99,2024-09-06 01:00:52+00:00,"Suite 887 17167 Charlotte Plaza, Bashirianshire, NV 80766",71.99,2024,9,6
73839,54573,21475,1,34.0,2025-09-15 04:55:24+00:00,Unknown,34.0,2025,9,15
79319,54098,21564,1,45.6,2024-07-28 05:50:50+00:00,Unknown,45.6,2024,7,28
82140,54055,21044,1,22.25,2025-04-23 11:43:00+00:00,Unknown,22.25,2025,4,23
82916,53615,21218,1,43.0,2024-10-24 18:07:00+00:00,"Suite 804 7505 Haley Ferry, East Preston, TN 30069",43.0,2024,10,24
81871,55077,21500,1,72.5,2025-01-13 20:25:25+00:00,Unknown,72.5,2025,1,13
78282,55535,21629,1,62.4,2024-06-12 01:17:41+00:00,Unknown,62.4,2024,6,12
79719,53622,21073,1,46.5,2025-04-02 09:41:00+00:00,Unknown,46.5,2025,4,2
73620,55067,21587,1,13.0,2024-08-17 11:54:55+00:00,Unknown,13.0,2024,8,17
76264,53805,21530,1,69.99,2024-06-24 11:49:13+00:00,Unknown,69.99,2024,6,24
81777,53649,21032,5,15.0,2024-07-02 22:58:29+00:00,Unknown,75.0,2024,7,2
76473,53534,21556,1,24.0,2024-11-20 17:09:00+00:00,Unknown,24.0,2024,11,20
74270,53605,21161,2,39.75,2024-10-09 18:11:28+00:00,Unknown,79.5,2024,10,9
79318,53291,21339,1,73.0,2025-02-02 16:35:35+00:00,Unknown,73.0,2025,2,2
77139,54994,21403,1,28.25,2024-09-17 02:10:59+00:00,"82771 Lucien Via, South Maxwellport, CT 26333",28.25,2024,9,17
77729,53024,21107,2,65.0,2024-09-29 18:25:25.052000+00:00,Unknown,130.0,2024,9,29
79565,54906,21432,1,72.5,2024-10-17 10:24:13+00:00,"Apt. 943 2683 Edmund Locks, Zboncakmouth, AK 19018-1247",72.5,2024,10,17
81077,53302,21543,3,31.8,2024-12-28 16:37:55+00:00,"Suite 860 2381 Jamel Fords, Goyetteshire, UT 39857",95.4,2024,12,28
76736,55105,21619,2,17.99,2024-09-28 13:00:15+00:00,Unknown,35.98,2024,9,28
81519,54427,21455,1,69.6,2024-11-11 16:02:22+00:00,Unknown,69.6,2024,11,11
74672,54948,21070,1,24.25,2025-12-03 06:47:47+00:00,Unknown,24.25,2025,12,3
76513,54606,21495,1,20.0,2024-09-29 06:36:18+00:00,"654 Chong Plaza, North Boyceburgh, CO 06882-3195",20.0,2024,9,29
79234,53593,21592,1,27.0,2025-03-16 22:00:00+00:00,Unknown,27.0,2025,3,16
81218,53650,21115,2,71.0,2024-04-08 17:19:29+00:00,Unknown,142.0,2024,4,8
79371,54968,21622,1,35.0,2024-08-27 18:21:27+00:00,Unknown,35.0,2024,8,27
83126,53090,21250,1,28.2,2025-03-15 16:40:37+00:00,Unknown,28.2,2025,3,15
78462,54709,21198,1,50.39,2025-04-23 15:22:12+00:00,Unknown,50.39,2025,4,23
81574,53733,21249,1,67.5,2024-12-06 04:04:00+00:00,Unknown,67.5,2024,12,6
73657,53077,21117,5,39.59,2024-12-05 16:30:39+00:00,Unknown,197.95,2024,12,5
81703,54472,21013,3,40.75,2025-01-11 14:04:07+00:00,Unknown,122.25,2025,1,11
76334,53650,21002,1,46.8,2024-07-19 14:38:00+00:00,Unknown,46.8,2024,7,19
76711,53540,21422,1,22.5,2024-05-27 20:24:00+00:00,Unknown,22.5,2024,5,27
83111,54700,21034,1,44.75,2024-06-11 08:43:26+00:00,Unknown,44.75,2024,6,11
80047,54253,21214,1,63.0,2024-07-09 11:13:11.878000+00:00,"Apt. 456 7787 Jarred Skyway, North Alyse, ME 47960-0740",63.0,2024,7,9
78028,54303,21319,1,60.6,2024-11-27 10:47:00+00:00,Unknown,60.6,2024,11,27
79399,55553,21065,2,26.1,2025-02-16 19:38:39+00:00,"Apt. 352 74512 White Cove, Rodgerfurt, MS 05765",52.2,2025,2,16
79075,53675,21397,1,68.0,2024-06-11 03:42:00+00:00,Unknown,68.0,2024,6,11
80241,55464,21558,4,24.75,2024-10-15 11:15:13.857000+00:00,Unknown,99.0,2024,10,15
78992,53851,21218,1,44.25,2024-08-25 00:45:20+00:00,Unknown,44.25,2024,8,25
81637,53497,21395,1,44.99,2025-10-17 20:53:00+00:00,Unknown,44.99,2025,10,17
75048,55615,21006,1,19.0,2025-02-12 20:02:00+00:00,Unknown,19.0,2025,2,12
74564,54550,21612,2,63.0,2024-12-26 03:48:26.190000+00:00,"492 Greg Station, Lueilwitzport, TX 80197",126.0,2024,12,26
77955,53309,21164,1,17.5,2025-04-01 02:37:00+00:00,Unknown,17.5,2025,4,1
73397,53040,21373,1,24.0,2024-05-12 04:57:16+00:00,Unknown,24.0,2024,5,12
81333,54812,21114,1,61.25,2024-08-18 05:47:00+00:00,"65733 Stoltenberg Passage, Latoniatown, TX 53124-6100",61.25,2024,8,18
77593,54606,21259,2,24.99,2024-10-26 01:39:40+00:00,Unknown,49.98,2024,10,26
82966,53107,21045,1,21.0,2025-05-31 11:13:00+00:00,Unknown,21.0,2025,5,31
82809,55114,21425,1,41.75,2024-09-20 04:07:55+00:00,Unknown,41.75,2024,9,20
80921,54412,21100,1,25.25,2024-09-25 23:07:10+00:00,Unknown,25.25,2024,9,25
77647,55637,21598,2,40.75,2024-07-17 14:45:16+00:00,Unknown,81.5,2024,7,17
80233,53274,20944,1,42.6,2024-10-27 09:43:13+00:00,Unknown,42.6,2024,10,27
75027,53747,21198,1,37.0,2024-09-27 06:27:41.700000+00:00,Unknown,37.0,2024,9,27
79857,55105,21100,1,23.99,2024-09-13 13:20:47+00:00,Unknown,23.99,2024,9,13
82442,54201,21062,1,71.0,2024-09-04 21:26:00+00:00,"1654 Gabriele Loaf, North Tifany, CO 38448-5284",71.0,2024,9,4
82007,54885,21510,5,17.75,2025-05-19 20:37:51+00:00,Unknown,88.75,2025,5,19
75255,54258,21549,1,66.3,2024-09-15 16:08:00+00:00,"Apt. 821 108 Rippin Union, Martyberg, NJ 93808",66.3,2024,9,15
73398,53147,21644,2,61.99,2025-02-18 11:35:00+00:00,"Suite 745 84902 Tana Drive, New Zenaida, ME 48169",123.98,2025,2,18
73481,54087,21585,1,43.99,2024-12-31 15:29:00+00:00,Unknown,43.99,2024,12,31
82523,55179,21116,1,35.0,2024-08-05 18:48:36+00:00,Unknown,35.0,2024,8,5
73909,54425,21353,1,22.75,2024-08-10 21:03:00+00:00,Unknown,22.75,2024,8,10
74237,53690,21298,2,27.9,2024-11-27 03:54:00+00:00,Unknown,55.8,2024,11,27
75489,54474,21039,4,40.5,2024-06-02 04:28:16+00:00,"75717 Elmo Ways, Corneliusfurt, WA 32796-9399",162.0,2024,6,2
81655,55515,21555,1,61.0,2025-01-23 15:05:36+00:00,Unknown,61.0,2025,1,23
77351,55765,20958,1,38.39,2024-05-09 00:14:13+00:00,Unknown,38.39,2024,5,9
76577,53884,21017,1,60.99,2024-07-26 08:14:58+00:00,Unknown,60.99,2024,7,26
82043,55724,21425,1,41.25,2024-07-31 08:38:00+00:00,"Apt. 492 87038 Morissette Pike, South Bryantview, DE 89395",41.25,2024,7,31
79207,54251,21324,1,49.0,2024-12-17 14:46:24+00:00,Unknown,49.0,2024,12,17
75544,53387,21333,2,33.25,2024-09-27 16:32:00+00:00,Unknown,66.5,2024,9,27
75566,54352,21165,1,15.0,2024-03-19 19:26:00+00:00,Unknown,15.0,2024,3,19
75836,53571,21389,2,35.25,2025-07-13 03:34:57+00:00,"8783 Flatley Fields, Genaromouth, NY 25207-1972",70.5,2025,7,13
81960,55617,21040,1,68.4,2024-07-25 21:03:45+00:00,"735 Omar Extensions, Vaughntown, PA 33373-2706",68.4,2024,7,25
74256,54855,21632,4,24.0,2024-06-27 17:08:09+00:00,Unknown,96.0,2024,6,27
78687,54813,20937,1,25.5,2024-12-07 07:29:34+00:00,Unknown,25.5,2024,12,7
75699,53403,21383,1,38.75,2025-05-13 10:24:00+00:00,Unknown,38.75,2025,5,13
77442,53440,21105,1,60.6,2024-05-26 12:13:30.039000+00:00,Unknown,60.6,2024,5,26
74016,55532,21554,2,35.5,2024-05-13 18:14:11+00:00,"741 Julia Brooks, Lake Mamieberg, CA 19453-9574",71.0,2024,5,13
75125,55773,20977,1,21.75,2025-01-01 16:56:43+00:00,Unknown,21.75,2025,1,1
77697,55172,20920,1,14.75,2025-02-23 12:07:18+00:00,Unknown,14.75,2025,2,23
74045,53332,20976,1,50.5,2025-03-07 18:02:01+00:00,Unknown,50.5,2025,3,7
82032,55338,21562,1,44.4,2024-10-05 10:59:56+00:00,Unknown,44.4,2024,10,5
80110,53743,21613,1,27.6,2024-10-26 07:01:42+00:00,"85083 Corkery Shoal, Gutmannside, CO 90245-5210",27.6,2024,10,26
76079,55454,21279,1,36.5,2025-03-19 02:53:25+00:00,"Suite 888 41186 Talia Extensions, Carterhaven, MD 72615-9292",36.5,2025,3,19
77764,54614,21341,5,53.5,2024-07-22 01:56:35+00:00,Unknown,267.5,2024,7,22
77965,55341,20922,2,63.25,2025-02-07 04:47:00+00:00,Unknown,126.5,2025,2,7
76021,54203,21616,1,70.25,2025-03-19 09:32:01+00:00,Unknown,70.25,2025,3,19
76643,54561,21398,1,25.0,2024-08-08 02:28:17+00:00,"466 Wuckert Isle, Lake Ashlynshire, NV 35898-4603",25.0,2024,8,8
82245,55044,21561,1,34.2,2025-02-26 09:53:16+00:00,"226 Mertz Mission, West Gilbertside, NC 22093",34.2,2025,2,26
75670,55760,21573,4,24.0,2024-11-13 16:58:00+00:00,Unknown,96.0,2024,11,13
75175,55647,20946,3,26.0,2024-08-21 04:10:08+00:00,Unknown,78.0,2024,8,21
76425,55566,21364,1,73.2,2024-12-15 23:37:25+00:00,Unknown,73.2,2024,12,15
76558,54551,21472,1,61.5,2024-11-03 04:05:00+00:00,"893 Latina Plains, Eldenside, UT 50081-7322",61.5,2024,11,3
75578,53939,21562,2,37.75,2024-11-30 17:22:00+00:00,"2111 Dietrich Common, North Wyattview, CO 75995",75.5,2024,11,30
78985,53138,21058,1,52.0,2024-12-01 20:10:57.724000+00:00,Unknown,52.0,2024,12,1
76325,53889,21070,1,26.4,2024-12-26 03:29:00+00:00,Unknown,26.4,2024,12,26
77962,55564,21251,1,29.99,2025-05-13 16:07:35+00:00,"815 Rolfson Well, Leciaville, DE 25392",29.99,2025,5,13
74719,54492,20979,5,87.0,2025-04-02 18:52:24+00:00,Unknown,435.0,2025,4,2
77317,53077,20931,1,56.5,2024-05-04 23:52:00+00:00,Unknown,56.5,2024,5,4
78491,55692,21534,1,29.99,2024-10-27 12:11:47+00:00,Unknown,29.99,2024,10,27
82203,53070,21196,2,41.0,2024-09-21 16:43:11+00:00,"Suite 415 29096 Carolin Crest, Gleichnerville, TX 91623",82.0,2024,9,21
76807,53094,21102,1,50.5,2025-01-20 00:54:10+00:00,Unknown,50.5,2025,1,20
73599,54529,21147,1,28.0,2024-10-24 06:41:44+00:00,"Suite 441 8556 Jayme Canyon, Colettachester, LA 21299",28.0,2024,10,24
78716,55516,21593,1,62.0,2025-04-26 19:17:58+00:00,Unknown,62.0,2025,4,26
82041,53040,21051,1,68.5,2025-01-07 11:18:00+00:00,Unknown,68.5,2025,1,7
80094,54007,21093,1,70.25,2025-04-30 11:06:37+00:00,"18968 Helga Squares, New Julius, OH 97354",70.25,2025,4,30
82403,54943,21331,5,61.25,2025-05-18 16:39:00+00:00,Unknown,306.25,2025,5,18
79622,54201,21121,1,23.25,2025-03-08 17:38:00+00:00,Unknown,23.25,2025,3,8
80873,54221,21445,1,47.0,2025-04-02 15:43:24.338000+00:00,Unknown,47.0,2025,4,2
75542,53637,20993,1,33.9,2024-11-02 00:24:59.243000+00:00,Unknown,33.9,2024,11,2
79120,55288,21589,3,53.1,2025-01-17 01:08:32.957000+00:00,Unknown,159.3,2025,1,17
76179,54860,20935,2,34.0,2025-06-15 13:55:00+00:00,Unknown,68.0,2025,6,15
75569,53161,21409,4,81.9,2025-01-14 00:29:23+00:00,Unknown,327.6,2025,1,14
79577,55658,21388,1,49.25,2025-02-05 20:34:45+00:00,Unknown,49.25,2025,2,5
80588,53173,21534,1,28.5,2024-12-02 16:39:23+00:00,Unknown,28.5,2024,12,2
76379,54930,21571,2,14.0,2024-12-13 11:33:34+00:00,Unknown,28.0,2024,12,13
75417,54384,21492,3,23.0,2024-12-22 07:52:00+00:00,Unknown,69.0,2024,12,22
74394,55294,21594,1,61.0,2024-06-13 07:00:00+00:00,Unknown,61.0,2024,6,13
77263,54202,21300,1,57.0,2025-03-19 11:31:24+00:00,Unknown,57.0,2025,3,19
75555,55098,21603,1,87.0,2025-02-14 15:44:15+00:00,Unknown,87.0,2025,2,14
75362,55322,20989,1,69.0,2024-12-05 21:38:33+00:00,"4125 Zemlak Stravenue, East Shanti, CA 37646",69.0,2024,12,5
80322,53787,21619,1,14.5,2025-01-08 18:04:00+00:00,Unknown,14.5,2025,1,8
76203,54302,21507,1,53.7,2024-08-16 13:53:19+00:00,Unknown,53.7,2024,8,16
82789,53400,21552,1,32.0,2024-05-02 16:31:34+00:00,"Apt. 587 361 Lorina Skyway, South Lexie, KY 76955",32.0,2024,5,2
78166,53104,21041,1,69.99,2025-03-03 20:39:00+00:00,Unknown,69.99,2025,3,3
81244,53188,21182,1,67.25,2024-07-31 21:59:54+00:00,"254 Paulene Path, Bayerfurt, CA 38951",67.25,2024,7,31
74916,54856,21207,5,21.5,2024-11-22 05:29:42+00:00,Unknown,107.5,2024,11,22
75140,53072,21322,3,26.5,2025-04-26 16:49:39+00:00,Unknown,79.5,2025,4,26
79965,53295,21294,1,21.0,2025-05-20 11:25:00+00:00,Unknown,21.0,2025,5,20
78681,55651,21143,2,52.79,2024-06-02 10:38:31+00:00,Unknown,105.58,2024,6,2
79995,53827,21055,1,58.5,2025-01-14 16:40:40.028000+00:00,Unknown,58.5,2025,1,14
75882,54849,21038,3,53.0,2024-05-18 16:14:00+00:00,"Suite 417 888 Jolynn Route, Chungfort, MT 24006",159.0,2024,5,18
76464,53631,21390,1,62.7,2025-05-30 04:20:00+00:00,Unknown,62.7,2025,5,30
76876,53908,21407,3,31.0,2025-01-01 00:31:00+00:00,Unknown,93.0,2025,1,1
78240,54667,21528,2,73.5,2025-05-01 15:10:20+00:00,Unknown,147.0,2025,5,1
82338,54980,21190,5,35.25,2025-03-11 00:48:31+00:00,Unknown,176.25,2025,3,11
82093,55262,21335,1,68.5,2025-02-01 04:08:00+00:00,Unknown,68.5,2025,2,1
81341,54592,21178,1,49.5,2024-08-28 23:13:00+00:00,Unknown,49.5,2024,8,28
82859,53348,21531,1,69.0,2024-09-19 17:35:38+00:00,Unknown,69.0,2024,9,19
78777,53992,21019,1,66.5,2025-01-09 12:28:00+00:00,Unknown,66.5,2025,1,9
82952,53509,21239,1,38.1,2024-09-19 13:05:34+00:00,"2513 Franecki Glens, Hobertshire, TX 99131-5208",38.1,2024,9,19
76050,53263,21295,1,17.75,2024-12-04 12:57:19+00:00,Unknown,17.75,2024,12,4
79024,53099,21117,3,40.2,2025-01-28 00:24:06+00:00,Unknown,120.6,2025,1,28
78741,53572,21262,3,34.5,2025-05-01 11:52:48+00:00,Unknown,103.5,2025,5,1
74902,55371,21474,1,51.5,2024-07-06 15:49:33+00:00,Unknown,51.5,2024,7,6
82149,55363,21535,2,70.25,2024-08-04 18:45:12+00:00,Unknown,140.5,2024,8,4
74755,54001,21600,1,44.75,2024-09-17 23:13:00+00:00,"39921 Becker Terrace, Cathifurt, NJ 25012",44.75,2024,9,17
81483,53244,21112,1,39.0,2025-04-30 19:44:43+00:00,Unknown,39.0,2025,4,30
74132,53248,21403,1,34.5,2025-04-12 14:10:15+00:00,Unknown,34.5,2025,4,12
80211,54204,21473,3,73.8,2024-08-23 02:27:57.301000+00:00,Unknown,221.4,2024,8,23
77770,53277,21013,2,41.0,2024-10-17 00:23:36+00:00,"3334 Tom Bridge, Moenchester, ID 49650-2509",82.0,2024,10,17
81797,55099,21226,1,70.5,2024-08-31 23:07:29+00:00,Unknown,70.5,2024,8,31
81803,53372,21275,1,76.8,2024-11-17 15:24:38+00:00,Unknown,76.8,2024,11,17
79619,53644,21139,3,63.6,2024-12-14 13:51:08+00:00,Unknown,190.8,2024,12,14
82911,53908,21165,3,17.5,2025-07-25 23:10:00+00:00,Unknown,52.5,2025,7,25
75611,53092,21127,1,67.19,2025-05-09 19:15:00+00:00,Unknown,67.19,2025,5,9
76272,55353,21598,3,37.0,2024-07-20 22:36:13+00:00,Unknown,111.0,2024,7,20
74033,53509,21056,1,50.4,2025-01-08 17:29:20+00:00,Unknown,50.4,2025,1,8
74578,53259,21391,1,68.75,2024-11-19 22:52:17+00:00,Unknown,68.75,2024,11,19
81441,54434,21060,2,36.0,2025-04-17 09:39:49+00:00,Unknown,72.0,2025,4,17
79000,53684,20930,1,43.8,2025-02-06 15:09:40+00:00,Unknown,43.8,2025,2,6
80745,54541,21056,1,42.5,2025-01-09 21:09:10+00:00,"Suite 363 701 Lang Roads, North Ernie, IN 91960-7014",42.5,2025,1,9
76357,55532,21010,1,48.0,2025-02-12 05:20:00+00:00,Unknown,48.0,2025,2,12
80926,54828,21407,2,27.5,2025-04-18 08:59:07+00:00,"Suite 929 614 Hipolito Burg, Jennatown, NV 14545-3374",55.0,2025,4,18
76060,54561,21539,1,68.0,2024-09-10 08:27:00+00:00,Unknown,68.0,2024,9,10
74338,53948,21412,2,44.5,2024-11-12 17:55:43+00:00,Unknown,89.0,2024,11,12
78510,55523,21418,2,72.9,2025-03-01 02:41:56+00:00,Unknown,145.8,2025,3,1
81630,55772,21116,1,33.5,2024-11-27 17:36:36+00:00,Unknown,33.5,2024,11,27
81686,55319,21124,1,38.0,2024-09-08 09:10:03+00:00,"3368 Katina Heights, Adamstown, OH 69789-0418",38.0,2024,9,8
75982,54140,21417,1,15.9,2025-01-20 07:11:58+00:00,"742 Adelaide Brook, West Loreen, AL 58534-0057",15.9,2025,1,20
73487,53078,21600,2,56.4,2024-07-04 05:03:00.609000+00:00,Unknown,112.8,2024,7,4
77357,53346,21536,1,70.75,2025-07-01 22:39:58+00:00,Unknown,70.75,2025,7,1
76066,53093,21395,2,42.5,2024-07-19 03:49:00+00:00,Unknown,85.0,2024,7,19
73629,54656,21477,1,43.5,2024-02-17 08:13:58+00:00,Unknown,43.5,2024,2,17
77718,53602,21175,1,25.25,2025-01-27 03:45:00+00:00,Unknown,25.25,2025,1,27
74890,54470,21375,1,32.99,2024-09-19 18:16:36.292000+00:00,Unknown,32.99,2024,9,19
82926,54845,20985,1,32.99,2025-01-31 01:05:00+00:00,Unknown,32.99,2025,1,31
80039,54670,21003,4,39.99,2024-12-24 02:00:00+00:00,Unknown,159.96,2024,12,24
77138,54516,21073,1,42.3,2024-07-13 18:04:21+00:00,Unknown,42.3,2024,7,13
80494,54402,21612,1,75.0,2025-03-30 17:55:00+00:00,"Apt. 581 5984 Amada Court, Port Leighport, KS 51298-9164",75.0,2025,3,30
78556,53546,21489,1,60.0,2024-10-18 10:20:45+00:00,Unknown,60.0,2024,10,18
75274,55459,21602,1,80.7,2025-01-11 23:55:00+00:00,"47201 Bettina Neck, Port Santiago, NH 92164-7449",80.7,2025,1,11
78630,54508,20983,1,22.79,2024-09-16 07:31:44+00:00,Unknown,22.79,2024,9,16
74756,54516,21344,1,60.0,2025-05-04 07:41:00+00:00,Unknown,60.0,2025,5,4
74378,53243,21130,2,39.0,2024-11-14 05:48:16+00:00,Unknown,78.0,2024,11,14
74124,53812,21617,1,21.75,2025-01-18 04:46:24+00:00,Unknown,21.75,2025,1,18
78509,54032,21583,1,12.25,2025-04-02 12:04:44+00:00,Unknown,12.25,2025,4,2
78655,54497,21352,1,45.6,2025-04-10 17:56:40.032000+00:00,Unknown,45.6,2025,4,10
79580,54122,21345,1,59.25,2025-03-02 23:43:41+00:00,Unknown,59.25,2025,3,2
73828,55170,21288,1,27.3,2024-10-25 19:53:44+00:00,Unknown,27.3,2024,10,25
78923,55587,20953,1,47.5,2024-10-30 20:16:00+00:00,Unknown,47.5,2024,10,30
77123,55721,21107,1,81.59,2024-11-01 13:06:36+00:00,Unknown,81.59,2024,11,1
76485,54120,20959,1,52.2,2025-07-19 07:46:00+00:00,Unknown,52.2,2025,7,19
79468,53938,21111,1,33.99,2024-12-05 17:50:00+00:00,Unknown,33.99,2024,12,5
81228,54826,21330,1,51.6,2024-12-18 07:23:00+00:00,Unknown,51.6,2024,12,18
73385,54755,21426,1,21.0,2025-05-12 20:51:00+00:00,Unknown,21.0,2025,5,12
81262,55617,21074,2,82.8,2025-03-23 14:36:11+00:00,Unknown,165.6,2025,3,23
79887,55468,21546,1,47.0,2024-12-01 03:40:00+00:00,Unknown,47.0,2024,12,1
74341,54033,21083,1,23.25,2024-08-13 18:20:34+00:00,Unknown,23.25,2024,8,13
75097,53516,21604,1,50.0,2024-08-09 15:24:19.548000+00:00,"17305 Rich Bypass, South Mack, WV 96087-5861",50.0,2024,8,9
73462,55663,21380,1,35.0,2024-09-30 13:06:15+00:00,"Suite 657 97212 Kristopher Plaza, Paulinastad, MN 80074-7526",35.0,2024,9,30
74999,54491,21057,2,35.25,2025-03-20 22:40:55+00:00,"Suite 210 63821 Barbie Lights, Lake Youngborough, SC 45143-2661",70.5,2025,3,20
74075,53908,21267,1,47.0,2024-10-14 17:19:51+00:00,Unknown,47.0,2024,10,14
75340,55169,21586,2,18.0,2024-12-26 15:31:00+00:00,Unknown,36.0,2024,12,26
82556,55827,21623,2,48.0,2024-05-27 00:26:00+00:00,Unknown,96.0,2024,5,27
78402,55408,21378,1,52.2,2024-08-04 11:04:14+00:00,Unknown,52.2,2024,8,4
77370,53694,21027,1,33.6,2024-04-26 16:10:18+00:00,Unknown,33.6,2024,4,26
77547,54998,21253,1,69.99,2024-01-12 00:33:33+00:00,"Suite 658 15821 Shonta Forges, New Stellahaven, SD 53542-2097",69.99,2024,1,12
77584,55311,21060,5,34.75,2024-04-07 08:06:55+00:00,Unknown,173.75,2024,4,7
82184,54301,20986,1,64.75,2025-03-21 22:12:57+00:00,Unknown,64.75,2025,3,21
82025,55369,21120,1,40.5,2024-11-13 15:43:28+00:00,Unknown,40.5,2024,11,13
74435,54929,21127,3,52.25,2024-11-27 16:02:34+00:00,Unknown,156.75,2024,11,27
80317,54264,21090,1,49.0,2024-07-21 20:30:08+00:00,Unknown,49.0,2024,7,21
82297,53185,21510,1,15.0,2024-05-01 19:14:00+00:00,Unknown,15.0,2024,5,1
75936,54791,21066,3,31.25,2024-12-15 13:24:43+00:00,Unknown,93.75,2024,12,15
82725,53633,21048,1,76.5,2025-08-16 21:49:26+00:00,Unknown,76.5,2025,8,16
77358,54547,21508,1,45.59,2024-05-28 14:53:19+00:00,Unknown,45.59,2024,5,28
73923,54653,21181,1,46.0,2024-06-19 23:14:31+00:00,Unknown,46.0,2024,6,19
81377,55526,21500,4,73.25,2025-03-27 02:29:58+00:00,"Apt. 351 109 Latosha Falls, Lebsackside, AZ 31348",293.0,2025,3,27
75649,55814,21430,1,33.0,2024-05-30 01:39:16+00:00,"5989 Fisher Ports, Wardfurt, ND 46622",33.0,2024,5,30
79810,55625,21415,3,25.19,2025-02-02 06:27:00+00:00,Unknown,75.57,2025,2,2
76629,53399,21104,1,27.0,2025-02-06 03:13:37+00:00,Unknown,27.0,2025,2,6
76082,53882,21219,1,58.75,2025-02-25 00:13:02+00:00,Unknown,58.75,2025,2,25
81587,53022,21431,1,75.9,2024-05-26 01:15:15+00:00,Unknown,75.9,2024,5,26
80231,55644,21167,1,19.25,2024-11-08 03:42:00+00:00,Unknown,19.25,2024,11,8
73628,53986,21612,1,64.5,2024-12-03 11:06:00+00:00,"Suite 709 73499 Kandice Spring, Veronamouth, NY 67052",64.5,2024,12,3
75011,54797,21560,1,54.75,2024-10-23 22:00:00+00:00,Unknown,54.75,2024,10,23
78801,55012,21312,1,75.59,2025-02-04 11:08:35.292000+00:00,Unknown,75.59,2025,2,4
74600,54319,21567,2,59.0,2024-09-30 19:03:31+00:00,Unknown,118.0,2024,9,30
81903,54852,20951,1,61.0,2024-10-30 05:26:00+00:00,Unknown,61.0,2024,10,30
79708,53884,21126,1,74.4,2024-09-27 12:25:00+00:00,Unknown,74.4,2024,9,27
80141,55737,21577,2,23.0,2024-08-07 06:45:45+00:00,Unknown,46.0,2024,8,7
78514,53977,21375,1,36.3,2025-05-01 20:02:06+00:00,Unknown,36.3,2025,5,1
75904,55144,21221,2,75.75,2024-09-18 17:20:25+00:00,Unknown,151.5,2024,9,18
76920,53519,21654,1,16.0,2024-09-01 07:22:00+00:00,"Apt. 404 70629 Jordan Manor, East Bret, MA 03116-1712",16.0,2024,9,1
79331,53180,21377,1,63.59,2025-01-21 01:15:00+00:00,Unknown,63.59,2025,1,21
74799,54472,21156,1,71.5,2025-07-24 10:38:37+00:00,"421 Ronny Pines, Port Jeraldinemouth, ND 91711-5864",71.5,2025,7,24
83170,54155,21610,1,45.0,2025-02-25 02:13:32+00:00,Unknown,45.0,2025,2,25
80840,54098,21538,1,67.0,2024-07-01 09:09:34+00:00,Unknown,67.0,2024,7,1
81050,54438,20952,1,39.0,2025-04-22 00:42:42+00:00,Unknown,39.0,2025,4,22
80808,53125,21150,1,76.5,2024-08-31 20:48:49+00:00,"55724 Bernie Bypass, Coleland, FL 79018-0772",76.5,2024,8,31
80584,54064,21487,2,84.3,2024-12-29 20:38:35+00:00,"448 Ratke Forge, East Latriciaberg, MO 28983-4147",168.6,2024,12,29
74568,53389,21561,1,34.8,2024-12-22 12:58:00+00:00,Unknown,34.8,2024,12,22
83090,53427,21087,2,30.5,2025-03-08 11:46:22+00:00,Unknown,61.0,2025,3,8
80549,54686,21043,1,16.0,2025-01-15 22:18:51+00:00,Unknown,16.0,2025,1,15
78500,53278,21035,1,38.25,2024-10-15 05:05:49+00:00,Unknown,38.25,2024,10,15
80295,53309,21038,1,51.0,2024-06-06 17:58:35+00:00,Unknown,51.0,2024,6,6
80392,53937,21626,3,64.0,2025-03-28 05:24:53+00:00,Unknown,192.0,2025,3,28
80485,55206,21245,1,57.6,2024-04-28 15:00:00+00:00,"Suite 561 1745 Schiller Corners, Schadenshire, NV 83518",57.6,2024,4,28
78344,54283,21536,1,68.0,2024-08-17 06:35:00+00:00,Unknown,68.0,2024,8,17
75120,53703,21425,1,53.99,2024-02-17 17:41:00+00:00,"817 Fisher Springs, Port Felipahaven, ME 15319-3664",53.99,2024,2,17
76331,55137,21157,2,32.0,2024-11-22 07:15:27+00:00,Unknown,64.0,2024,11,22
81234,53200,21644,2,62.0,2025-09-10 07:16:00+00:00,Unknown,124.0,2025,9,10
78154,53085,21202,2,74.5,2025-03-25 03:41:08+00:00,Unknown,149.0,2025,3,25
81566,54358,21173,1,21.5,2024-11-13 13:48:00+00:00,Unknown,21.5,2024,11,13
75513,53809,21413,1,56.5,2025-02-28 15:38:59+00:00,Unknown,56.5,2025,2,28
79433,55727,20984,1,35.5,2025-04-14 10:04:00+00:00,Unknown,35.5,2025,4,14
79334,55121,21002,1,43.0,2025-03-20 22:01:36+00:00,"26587 Klein Meadows, Samuelshire, WA 70041-2564",43.0,2025,3,20
76248,53020,21284,2,27.3,2024-06-27 06:14:00+00:00,Unknown,54.6,2024,6,27
78412,53929,21219,3,54.0,2024-09-14 05:11:35+00:00,Unknown,162.0,2024,9,14
76062,54760,21315,1,74.39,2024-08-05 21:10:27.536000+00:00,"437 Octavio Pass, Port Ayako, HI 04526",74.39,2024,8,5
79298,55100,21174,3,15.75,2025-03-26 23:01:22+00:00,Unknown,47.25,2025,3,26
74895,54745,21197,3,72.25,2024-04-27 02:41:17+00:00,Unknown,216.75,2024,4,27
81160,54522,21044,4,32.7,2025-03-09 20:29:29+00:00,Unknown,130.8,2025,3,9
74877,53384,21512,2,58.5,2024-12-02 10:16:07+00:00,Unknown,117.0,2024,12,2
79316,53194,20988,2,58.0,2025-05-18 10:28:30+00:00,Unknown,116.0,2025,5,18
82240,53515,21321,1,73.25,2024-07-08 02:59:59+00:00,Unknown,73.25,2024,7,8
81679,54915,21418,1,75.59,2025-06-05 15:57:28+00:00,Unknown,75.59,2025,6,5
83002,53844,21387,1,18.5,2025-05-10 06:51:00+00:00,"731 Hessel Viaduct, North Neida, ND 92935",18.5,2025,5,10
81092,55407,21314,1,17.75,2025-06-14 16:23:43.888000+00:00,"48954 Brittaney Causeway, Bernieburgh, IA 44452-3205",17.75,2025,6,14
82934,53688,20930,1,34.0,2024-11-06 00:10:45+00:00,Unknown,34.0,2024,11,6
75025,54710,21117,1,44.7,2024-10-23 00:24:21.273000+00:00,Unknown,44.7,2024,10,23
81854,53129,21512,1,58.25,2025-09-19 17:25:42+00:00,"Suite 205 5645 Wyman Ridges, Rauberg, OH 37728-6869",58.25,2025,9,19
81819,55742,21084,1,71.0,2024-05-04 12:12:00+00:00,Unknown,71.0,2024,5,4
80965,54149,21417,1,14.0,2025-05-17 07:32:32+00:00,Unknown,14.0,2025,5,17
74073,53872,21581,1,28.5,2024-07-18 21:57:55.128000+00:00,Unknown,28.5,2024,7,18
79078,53396,21445,1,44.25,2024-04-28 11:27:00+00:00,Unknown,44.25,2024,4,28
74910,53163,21318,1,53.25,2024-09-20 12:08:16+00:00,Unknown,53.25,2024,9,20
75810,55358,20936,1,60.0,2024-07-17 18:58:58+00:00,Unknown,60.0,2024,7,17
74328,53402,21222,1,74.0,2024-12-07 14:43:13+00:00,"Suite 587 2555 Ethel Spur, North Elibury, RI 14528",74.0,2024,12,7
78371,53046,21513,3,41.99,2025-04-17 10:25:20+00:00,Unknown,125.97,2025,4,17
73967,54661,21313,1,32.0,2025-06-09 05:33:52+00:00,Unknown,32.0,2025,6,9
79847,55520,21072,1,89.99,2025-01-10 14:48:51+00:00,"Apt. 494 49375 Mueller Cape, Feestton, KY 12747-0409",89.99,2025,1,10
82933,54721,21195,1,41.25,2025-02-16 02:06:00+00:00,Unknown,41.25,2025,2,16
80503,55383,21405,1,57.0,2024-12-21 08:43:00+00:00,"Apt. 337 900 Dewitt Groves, Jamisonborough, PA 15063-0361",57.0,2024,12,21
74563,55540,21033,5,76.8,2024-11-17 16:50:00+00:00,Unknown,384.0,2024,11,17
77149,53482,21051,1,68.0,2024-06-11 01:02:21+00:00,Unknown,68.0,2024,6,11
82492,54009,21000,1,37.2,2025-04-08 16:11:15+00:00,Unknown,37.2,2025,4,8
73549,53555,20995,2,50.25,2024-10-20 18:20:14+00:00,Unknown,100.5,2024,10,20
74281,53517,21481,1,18.0,2024-12-29 19:55:20.351000+00:00,"Suite 678 486 Parker Ranch, South Maynard, OK 61011",18.0,2024,12,29
76512,55668,20935,2,31.5,2024-10-31 13:50:00+00:00,"3858 Ziemann Viaduct, Ericktown, ND 92580-5088",63.0,2024,10,31
75858,54717,21478,2,67.5,2025-03-28 16:39:00+00:00,"Suite 975 270 Fabian Summit, Gregoryville, IA 24086-7553",135.0,2025,3,28
81677,53027,21550,1,41.75,2024-08-23 06:00:04.546000+00:00,"Apt. 367 170 Kihn Bridge, South Nathanial, WY 76876-6626",41.75,2024,8,23
73956,54064,21042,1,19.0,2025-08-18 01:14:26+00:00,"448 Ratke Forge, East Latriciaberg, MO 28983-4147",19.0,2025,8,18
80573,53291,21149,1,17.5,2025-01-21 14:37:39+00:00,Unknown,17.5,2025,1,21
74714,54174,20999,1,31.0,2024-10-28 16:50:30+00:00,Unknown,31.0,2024,10,28
74560,53680,20987,1,81.59,2025-05-22 11:14:13+00:00,Unknown,81.59,2025,5,22
75171,55291,21130,2,51.9,2025-01-10 21:31:42+00:00,Unknown,103.8,2025,1,10
75579,54970,21482,1,51.0,2024-10-30 05:55:50+00:00,Unknown,51.0,2024,10,30
73373,53475,21404,1,36.0,2024-10-24 17:52:19+00:00,"1664 Pedro Shoals, East Gwyneth, MT 95650",36.0,2024,10,24
73887,54017,21313,1,32.0,2024-11-04 11:04:31+00:00,Unknown,32.0,2024,11,4
82309,55251,20994,3,25.19,2025-01-07 21:17:36+00:00,Unknown,75.57,2025,1,7
74934,53773,21310,1,16.5,2024-11-14 17:57:43+00:00,"Apt. 522 561 Tyree Station, East Erik, SC 63724-2072",16.5,2024,11,14
74264,53082,21492,1,28.8,2025-03-09 05:53:44+00:00,Unknown,28.8,2025,3,9
78066,54681,21598,1,41.0,2025-05-12 00:02:00+00:00,"82665 Lubowitz Rapid, New Art, MI 03319-7707",41.0,2025,5,12
83124,53945,21163,1,58.79,2024-10-15 09:11:04+00:00,Unknown,58.79,2024,10,15
81564,53783,21392,1,75.0,2024-06-21 16:51:11+00:00,"28392 Bechtelar Highway, Albertoton, MS 16965",75.0,2024,6,21
76364,55775,21056,2,43.5,2024-11-16 08:27:50+00:00,Unknown,87.0,2024,11,16
80674,53960,21127,3,56.25,2024-11-20 10:15:38+00:00,Unknown,168.75,2024,11,20
73798,53332,21061,2,59.1,2025-05-09 06:57:07+00:00,Unknown,118.2,2025,5,9
79361,54136,21162,1,53.0,2024-10-26 01:13:18+00:00,"Suite 329 1022 Tillman Streets, Jewelmouth, VT 53048-2086",53.0,2024,10,26
78161,54609,21000,1,34.2,2024-11-30 09:49:00+00:00,Unknown,34.2,2024,11,30
81251,55536,21071,1,62.4,2024-11-24 17:17:28+00:00,Unknown,62.4,2024,11,24
83012,53623,21068,1,81.59,2024-10-15 15:20:08+00:00,"Suite 740 2011 Runolfsson Bridge, Jastburgh, WY 34114-7178",81.59,2024,10,15
76878,55019,21263,1,56.75,2024-06-12 20:46:57+00:00,Unknown,56.75,2024,6,12
76259,55292,21241,1,16.0,2025-01-11 08:01:03+00:00,Unknown,16.0,2025,1,11
82684,53201,21541,1,69.6,2025-03-11 21:10:06+00:00,Unknown,69.6,2025,3,11
81227,54715,21365,1,54.5,2025-04-08 19:07:00+00:00,Unknown,54.5,2025,4,8
76783,53286,21372,3,43.2,2024-08-20 06:08:00+00:00,Unknown,129.6,2024,8,20
77130,53770,21384,1,53.75,2024-09-12 07:30:29+00:00,Unknown,53.75,2024,9,12
80820,54824,21283,1,37.5,2024-09-03 09:35:00+00:00,Unknown,37.5,2024,9,3
81399,55427,21644,1,60.5,2025-02-05 13:56:00+00:00,Unknown,60.5,2025,2,5
77533,53993,21254,1,39.5,2025-02-07 09:34:35+00:00,Unknown,39.5,2025,2,7
82084,55107,21450,1,49.25,2025-09-06 05:21:05.808000+00:00,Unknown,49.25,2025,9,6
81390,55334,21510,1,16.8,2024-07-04 06:39:36+00:00,Unknown,16.8,2024,7,4
81979,54262,21071,2,62.1,2025-04-04 13:47:34+00:00,Unknown,124.2,2025,4,4
82459,53040,20944,1,31.99,2025-05-01 22:07:23+00:00,Unknown,31.99,2025,5,1
80671,54510,21113,5,50.0,2025-02-11 20:35:35+00:00,Unknown,250.0,2025,2,11
75773,55264,21499,2,90.0,2024-10-05 12:37:00+00:00,"381 Koelpin Crescent, New Marcelinafurt, CA 38995",180.0,2024,10,5
79289,53604,21580,2,62.0,2024-10-09 04:38:02+00:00,Unknown,124.0,2024,10,9
81590,54639,21035,1,38.75,2024-05-19 04:38:38+00:00,"Apt. 407 8896 Albertine Coves, Ashahaven, VA 69410",38.75,2024,5,19
82877,55305,21019,3,61.0,2024-12-10 10:34:00+00:00,Unknown,183.0,2024,12,10
77777,55425,21529,1,63.0,2024-08-08 09:00:04+00:00,Unknown,63.0,2024,8,8
77993,54536,21045,2,23.5,2024-10-12 17:44:05+00:00,Unknown,47.0,2024,10,12
82157,54598,21509,1,14.0,2024-11-13 16:06:23.816000+00:00,Unknown,14.0,2024,11,13
81148,53392,21424,1,36.25,2024-04-26 20:19:00+00:00,"815 Hoyt Gateway, Marksstad, AZ 59921",36.25,2024,4,26
