id,name,address,phone,email,is_company,canonical_id
53386,Jacqulyn Mante,"566 Emelina Turnpike, Lashundaside, NE 78034-5281",+19627158009,leonardo.leannon@wintheiser-lueilwitz.example,False,53386
55435,Shiloh Keebler,"425 Wesley Hills, Nathanialburgh, MS 08004",+14742423397,murray_mcclure@pfeffer.example,False,55435
55650,Prince Braun,"981 Howell Spring, New Sheldon, LA 62246-1232",+16861861306,anitra@pollich-kris.example,True,55650
55698,Pres. Griselda Volkman,"Apt. 552 47051 Marissa Mountains, West Margo, ND 41032-4325",+15159787734,sharla@hackett.test,False,55698
53320,Willis Spencer,"Apt. 952 20828 Dominick Tunnel, Collenmouth, HI 27850-5280",+12513030925,ivory@kuvalis-tremblay.example,False,53320
53489,Theressa Wiza,"4436 Karine Shores, O'Connerburgh, OK 32798",+13066917479,burt_medhurst@damore-koelpin.test,False,53489
55573,Hector Bergstrom,"823 Trent Rue, Fernandotown, CT 35653",+19709343080,enrique@corkery.example,False,55573
55751,Felipe Blanda,"354 McGlynn Branch, West Martinburgh, OH 32514",+17377700577,jena@dibbert.example,False,55751
54371,Kip Nitzsche,"Apt. 890 2460 Padberg Extension, Hegmannchester, CA 62216-5754",+16423047002,corie@wehner.example,False,54371
54067,Charley Friesen,"Apt. 696 76591 Wiza Plains, South Antione, NC 09372-5561",+18904079973,marlana@howell.example,False,54067
54433,Emilio Carter,"Suite 515 41211 Fredricka Glens, Lake Fritz, ND 97991",+17948064656,kimberly.hoeger@schowalter.example,False,54433
54899,Tobi Dooley,"Suite 224 3983 Keesha Vista, Gerholdton, OH 77859",+17083410582,reginald_kunde@ondricka.test,False,54899
55053,Zachariah Goldner,"Suite 518 1231 Rhea Drive, Stantonton, NE 29957",+12898335197,keenan@lueilwitz-reynolds.example,False,55053
54473,Rep. Armando Nikolaus,"Apt. 249 786 Thiel Parkways, West Anthony, OR 87223-7324",+12491576050,rosena_morar@white.example,False,54473
54232,Lana Kessler,"Apt. 892 652 Cordell Fords, Ryanmouth, NV 64099-3009",+16899358292,camie@torphy.example,False,54232
53262,Kristofer Ortiz,"Suite 971 47913 Shanell Estates, North Margarette, HI 70198-7481",+16610864317,leandro@langworth.example,False,53262
53442,Francisca Mann,"3963 Rath Rapid, Thompsonport, MT 66898-4781",+11443347448,elvin.raynor@krajcik.example,False,53442
54341,Fr. Sergio Legros,"Apt. 891 826 Turcotte Tunnel, Davisland, AR 46052",+11279235499,krysta_dickens@green-hoppe.example,False,54341
53363,Raymond Rutherford,"Suite 794 451 Camila Ways, Lake Lachelle, MO 67387-2766",+15772286208,nola.murazik@walsh-bradtke.test,False,53363
55421,Sen. Margrett Rolfson,"686 Sun Springs, Chuckstad, MA 96214",+19042884085,alfonso@goldner.test,True,55421
53035,Hayden Williamson,"Apt. 171 8587 Jesus Hollow, Port Norman, IN 76121-4062",+15656291134,matilda@bogan-murphy.test,False,53035
53617,Sheena Lubowitz,"Apt. 447 818 Carter Curve, Noelfort, WA 73639-5847",+13538929539,andrew.kautzer@corwin.test,False,53617
54561,Jerald Auer Dds,"466 Wuckert Isle, Lake Ashlynshire, NV 35898-4603",+15583235539,melvin.kertzmann@langworth.example,False,54561
54116,Kenna Goldner,"Suite 149 8408 Rath Port, West Drusilla, NM 08493-1575",+16074694643,rosenda.romaguera@jakubowski.example,False,54116
54489,Fritz Rogahn I,"Apt. 565 4836 Kent Turnpike, Lake Jolynstad, MT 95427",+16898825970,raina.weissnat@little-ziemann.test,False,54489
55570,Denita Dickens Dc,"875 Bauch Spring, Daniloville, NV 36284",+18939760256,iraida@kuvalis.test,False,55570
54503,Marilou Rolfson,"Apt. 895 4024 Valentine Estates, Funkhaven, CT 14590",+16601097310,nathan_hackett@rice-yundt.test,False,54503
55672,Shakita Hoppe Ret.,"Apt. 412 7501 Moore Walk, West Nathan, KY 49968",+19290889200,tracey@trantow-casper.example,True,55672
54744,Suzy Rice,"520 Robel Via, Eldenborough, MN 89634",+13038505485,ronny@beier-becker.example,False,54744
54968,Jacob Thiel,"Suite 192 54542 Marks Knolls, VonRuedenchester, MN 26915-1010",+14338723119,particia.tremblay@rippin.test,True,54968
53343,Tegan Johnston Sr.,"2375 Quinn Turnpike, Bruenton, MI 76985",+17830612236,gladis.koepp@jenkins.test,False,53343
54909,Parker Powlowski,"Suite 362 461 Jamila Village, Romeoville, MN 86105",+15175592379,abe.klocko@cormier.test,False,54909
53571,Cortney Ortiz Vm,"8783 Flatley Fields, Genaromouth, NY 25207-1972",+18171535284,ashley_kub@beier.example,True,53571
53141,Yoshiko Frami Ii,"39795 Heathcote Extensions, Clintburgh, MI 80398-6141",+17425154876,nieves@gutmann.example,False,53141
54336,Angelia Hane,"104 Harris Corner, Bernardinemouth, FL 48321-5641",+14485113808,dorathy.windler@stanton.test,False,54336
54576,Craig Reilly,"Suite 694 75878 Susannah Ways, Oraborough, NM 76157",+19444176666,jeanette@pollich-abernathy.test,False,54576
53761,Devin Bernier Md,"Suite 702 3050 Jared Court, Port Dreama, NJ 75995-2328",+15593457887,marcelo_goodwin@effertz-wisoky.example,False,53761
55547,Jolyn Hyatt Dds,"Suite 452 539 Zboncak Port, Markchester, NC 94459",+14215923878,allen_gleason@adams.example,False,55547
54764,Major Steuber Ii,"Apt. 974 9861 Yetta Ports, South Ligia, NC 13568",+19138480924,kelly@brown.example,False,54764
55092,Marcelo Marvin,"Apt. 776 229 Lannie Port, New Nathan, OR 97278",+17861776210,chasity.hyatt@hoppe-lind.example,False,55092
53385,Bonita Cole Ret.,"8054 Hirthe Islands, Lake Nannetteland, KY 99840-1729",+11373877179,madie.gleason@lemke.test,True,53385
53609,Genoveva Hessel,"8865 Kiersten Common, West Drusillatown, ME 35746",+13686687434,otha@daniel.example,False,53609
53554,Darrick Bosco Md,"Apt. 518 49508 Hermann Trafficway, Jameehaven, MO 17391",+15314678825,patrick@mayert.test,True,53554
55474,Olive O'Conner,"4348 Kayla Way, North Derek, SD 74905",+19628394728,alma@marvin.example,True,55474
55683,Sen. Alfredo Kertzmann,"68914 Johns Square, Myrlemouth, OK 81059",+12311834064,jae@schultz-funk.example,False,55683
54818,Alecia Macejkovic,"889 Terrell Squares, Janettbury, MO 46051-6698",+18459234921,jovita_wolf@turcotte.example,False,54818
54087,Juan Nienow,"Apt. 460 591 Elmer Springs, Lake Christoper, AL 31344-5993",+18042643098,marcie@kassulke-boyer.example,False,54087
53569,Adina Deckow,"6891 Lilia Port, Bernardohaven, WV 73205",+16477879592,chelsea@sauer.test,False,53569
54823,Darius Huel,"Apt. 753 788 Larkin Lodge, West Benside, IL 39507",+16958310931,molly@ullrich-russel.example,False,54823
55126,Will Senger,"Suite 134 365 Hank Dam, Corwinport, IN 35591",+18697838060,carl@kulas.example,False,55126
54651,Markus Wunsch,"Apt. 450 204 Mertz Run, Louisaberg, NE 53111-3189",+16960210695,omega.gleason@marks.test,False,54651
55528,Farrah Marvin,"9340 Schinner Glen, Clementside, NJ 57550-9804",+16500482777,elliot@kuhlman.example,False,55528
54352,Leopoldo Schaden Dds,"Apt. 549 881 Quigley Oval, Lake Jim, PA 05729",+11721116291,tyrell@hessel.example,False,54352
53963,Nickole Jaskolski Sr.,"Apt. 867 431 Spencer Causeway, West Dorrisborough, KY 35659",+19357601566,yetta_kuhlman@hyatt-gutkowski.example,False,53963
55671,Khalilah Pouros,"Apt. 903 62981 Leonel Isle, East Judie, UT 52609",+19108839157,todd@lang-swaniawski.test,False,55671
55662,Ramon Beahan,"63870 Weber Wells, North Jess, NE 53256-9430",+14622157698,kathyrn@feest.test,False,55662
54044,Jeromy Paucek,"Suite 887 17167 Charlotte Plaza, Bashirianshire, NV 80766",+14646858146,juliette.fay@purdy.example,False,54044
54392,Audrey Hand,"6921 Jackie Coves, Kozeymouth, MD 38548-4475",+19254540397,angele@oreilly-wisoky.test,False,54392
54097,Shera Steuber,"4852 Mraz Trail, Beckerburgh, KS 54607",+13297333791,courtney.macejkovic@pfannerstill.test,False,54097
54913,Ronny Corwin,"215 Pagac Rapid, Rexchester, LA 39459",+14627517672,del@schuster.test,True,54913
55009,Mel O'Kon,"48809 Adriane Inlet, Bodeview, VA 72320-0000",+17952306019,ted.turcotte@rath.test,False,55009
53660,Loren Weissnat Cpa,"Apt. 693 9831 George Streets, East Sharenburgh, CO 50970-1557",+16382832659,alysha_schmitt@schneider-oberbrunner.test,False,53660
54459,Carin Langosh,"19988 Marielle Rapids, Port Lynneberg, IN 57310",+19433524092,sammie.williamson@rath.test,False,54459
55509,Myrtice Herman,"2950 Quitzon Gateway, Bernhardhaven, MO 57934-8061",+15321818144,lajuana@hintz.test,False,55509
55259,Freddie Jacobi,"Suite 413 582 Waters Ridges, Audreyport, TX 96065-7719",+18912353735,oliver@cole.test,True,55259
54258,Cecille Mclaughlin,"Apt. 821 108 Rippin Union, Martyberg, NJ 93808",+18464822319,jacquline.wehner@hagenes.test,False,54258
54534,Illa Beier,"Apt. 624 6405 Conrad Villages, North Domingo, NM 87914",+19141895229,avery.trantow@barrows.example,False,54534
53187,Wynell Hirthe,"43096 Carroll Garden, Zaidaview, FL 89889",+15507701934,laverne@hills.example,False,53187
53348,Roberto Wisoky,"Suite 433 6994 Coralee Falls, Verenaside, LA 98184-6895",+17929519873,chester_boehm@schinner.test,False,53348
53601,Prof. George Dickens,"69139 Ratke Terrace, North Lester, IL 77402",+18726056532,barbra_kub@ullrich.example,False,53601
55305,Msgr. Brandon Stoltenberg,"3866 Rebbeca Track, Labadiebury, NM 59679",+13782903585,bennie.schmidt@spinka.example,False,55305
53905,Luigi Gerhold,"369 Nitzsche Inlet, West Hector, SD 78125-0915",+12861136495,cole.lockman@padberg-rowe.example,False,53905
53291,Lucretia Predovic,"Apt. 939 2627 Stoltenberg Neck, East Mindyside, TN 30917-7512",+16700808386,berenice@koelpin.example,True,53291
54788,Ronnie Will,"Apt. 726 663 Alla Points, Klingview, CO 23577-5675",+18228341653,mee@kihn-kunze.test,False,54788
54926,Manie Wiza,"Suite 440 71130 Max Mission, South Mosesfort, ID 65434",+13475671990,kristin.feeney@kemmer.test,False,54926
53411,Corrinne Lakin,"Apt. 515 3340 Heller Roads, Hodkiewiczmouth, KS 30332-3942",+16293016702,adrian_pfeffer@macgyver.example,True,53411
55368,Odell Hilpert I,"Suite 896 794 King Knolls, Earleview, SD 84865-3301",+18469634021,josh.schmidt@bayer.example,False,55368
54981,Rashad Baumbach I,"9475 Weldon Run, New Carolina, OH 02220",+11083734340,jacques_schmitt@harber.example,False,54981
54797,Silas Goodwin,"6008 White Lock, Port Chet, NJ 65164",+15365665225,risa@gleason.example,False,54797
53696,Msgr. Wynell Breitenberg,"1486 Pagac Mountain, Staceyport, CT 62461",+15429429424,raymundo_schoen@abbott-schulist.test,False,53696
54007,Von Kshlerin,"18968 Helga Squares, New Julius, OH 97354",+14342419518,keenan.schaden@reilly.test,False,54007
53878,Solange Frami,"4715 Edmundo Lakes, Schuliststad, SC 69276-9767",+15422955265,fernanda@konopelski.test,False,53878
53459,Fannie Rogahn Do,"327 Fermin Plaza, McKenziemouth, MN 23454",+12466772551,claudio@stiedemann.test,False,53459
54219,Vivan Moen Iii,"Apt. 299 52808 Cornelius Station, Ricehaven, ME 56823-5454",+15956151667,rogelio@ohara-mayer.example,False,54219
55291,Barabara Erdman,"Suite 302 4607 Joeann Rue, Raquelfort, NY 81761-3457",+16922087647,gerardo@stokes-marvin.test,False,55291
55465,Amb. Terrence Yundt,"85007 Asha Landing, North Lawrence, UT 21325",+19946402097,kathrin_lueilwitz@hettinger.example,False,55465
55781,Donte Mayer,"Suite 178 5489 Bosco Road, Johnstonshire, MN 37165-4265",+13011393031,cyndi.dubuque@doyle.test,False,55781
53440,Jeromy Vandervort,"580 Schmeler Viaduct, Garthfurt, CA 33804",+18242785566,bruce@abshire.test,False,53440
54093,Sen. Rolanda Beier,"47714 Bartell Plains, Port Chasity, CA 80840",+11403015900,agustin@nikolaus-ziemann.test,False,54093
54543,Angelina Altenwerth,"Suite 640 200 Zemlak Shore, Rudyland, AK 46730-6367",+15188933931,gretta@willms.example,False,54543
53564,Phil Schamberger Sr.,"Suite 461 7052 Russel Shoal, New Gordon, ND 98065",+11444784073,nathan.connelly@nicolas-gleason.test,False,53564
53682,Miesha Shields,"85085 Ferry Cove, East Louise, KS 27794",+17578825922,stephanie_hahn@schulist-hayes.test,False,53682
55202,Rev. Staci Emmerich,"47971 Bradtke Corner, North Hoytville, AR 65484-2933",+18223452083,tiffany@goldner.test,False,55202
55784,Sylvester Fadel,"Suite 894 66710 Solomon Shoals, Port Troyport, VT 96298",+16630374568,justina@abbott.example,False,55784
55619,Pres. Junior Schuster,"Suite 721 21412 Upton Court, Port Mickeytown, NC 10664",+17047075962,rhona_ohara@casper-okuneva.test,False,55619
55597,Leta Greenfelder,"15295 Rodrick Shoal, Efrenmouth, MO 92454-0823",+15458926744,jamel@zulauf-koepp.example,False,55597
54725,Steve Hoppe,"Suite 917 8779 Waelchi Drives, Alanhaven, TN 58772",+18174893276,idella_medhurst@pollich-schimmel.example,False,54725
53401,Rep. Pierre Wilderman,"Apt. 202 419 McKenzie Pass, Millerton, TN 63619",+13025688311,madelyn_durgan@johnston.example,False,53401
54026,Gabriel Glover,"Suite 856 885 Raynor Ports, Connton, OK 37691-0561",+18074703644,khalilah_rogahn@fay.example,False,54026
53064,Roseanne Nader,"Suite 201 54990 Jerold Row, Prudenceport, WA 01379",+16439237004,vickie@osinski.example,False,53064
53562,Rod Ebert,"609 Flavia Rest, South Hillaryfort, IN 00221",+14942104084,bruna@macgyver.test,False,53562
54579,Santo Trantow,"Apt. 721 118 Dach Wall, East Darrintown, NH 12415-8282",+11824974593,erick@baumbach.test,False,54579
54833,Jarrod Carroll Lld,"97020 Peter Spurs, Bricehaven, HI 76693-5796",+18229748350,joshua@klocko.test,True,54833
55203,Mittie Mann,"84902 Ken Shores, Marciview, DE 82817-2184",+16018369233,tresa@stroman.test,False,55203
53403,Donald Larson,"Suite 527 51611 Fadel Light, South Dellville, AZ 17439-1937",+17600763584,kenton_waelchi@rosenbaum.example,False,53403
55790,Patrica Gutkowski,"6496 Gleichner Mews, West Anissaport, NV 31145",+14889979813,esteban@reynolds-carter.test,False,55790
53134,Danilo Waters,"Apt. 810 3306 Alonzo Club, Rodriguezville, WY 53481",+18187604581,lincoln@ankunding.test,False,53134
53607,Israel Wehner,"Apt. 916 5946 Reilly Neck, Jonesside, SC 50570-7464",+13875718051,terrilyn@stark.test,False,53607
53987,Fr. Man Kutch,"Apt. 813 8872 Harber Islands, Streichfort, NY 99247",+13677511935,jolanda@king-kutch.example,False,53987
55381,The Hon. Nanci Jakubowski,"Apt. 175 33029 Malik Island, Port Bethelbury, ND 76134",+17051212104,tommy@lebsack.example,False,55381
53717,Cameron Mccullough,"4084 Welch Fall, Sipesmouth, NE 75743-2760",+18522930645,andy@herzog-sporer.test,False,53717
54017,Deshawn Wisoky,"91685 Wisozk Lock, Dannietown, NV 73943-4229",+11076777438,jerry_fadel@mohr.example,False,54017
53382,Liane Rempel,"Apt. 296 374 Volkman Loop, Lake Sammy, HI 34306-6223",+15462357468,blythe.walter@goldner.example,False,53382
55723,Clifford Kautzer,"79644 Marvin Plaza, Hackettberg, OK 48988-3695",+13738193762,luciano@haley.example,False,55723
55443,Clifford Crooks Jd,"Suite 596 617 Upton River, Smithmouth, OR 71632",+16389830369,lashon_heller@kiehn.example,False,55443
55005,Donny Corkery,"Apt. 472 48647 Trang Summit, Kleinhaven, ME 95528-9972",+13133115081,shanna@durgan.test,True,55005
53149,Claudine O'Hara,"516 Cristopher Plaza, McCulloughberg, IL 05704",+16907681224,donn@hane-romaguera.test,False,53149
54129,Martin Champlin Iii,"829 Russell Terrace, New Joleen, MT 81092",+16931006692,keith@mertz-lemke.example,False,54129
53500,Pamula Koepp,"88705 Kilback Mall, North Verdell, UT 50767-4544",+19144994193,ned.dach@larkin.example,False,53500
55246,Herman Price,"Apt. 911 323 Hand Radial, New Rebekah, LA 13302",+12032460582,voncile_mertz@jerde-rodriguez.test,False,55246
53236,Ollie Johnston,"37752 Cartwright Keys, South Gail, GA 21356",+18915586348,alfred@ullrich-weber.test,False,53236
54645,Forrest Dach,"572 Cornelius Brooks, Port Lakeishaville, VT 60207",+16583531123,kieth@kulas-langosh.test,False,54645
53596,Israel Hilll,"3123 Lawrence Haven, Flatleymouth, GA 60176",+11658367845,otis@gorczany-christiansen.test,False,53596
55577,Lizzie Keebler,"Apt. 595 8152 Priscila Drive, Port Amparohaven, NJ 94862-3868",+16896997219,annetta@morar.example,False,55577
55276,Carrie Beahan,"Suite 619 6782 O'Hara Heights, East Shalonfort, MO 31909",+15321093733,annelle@treutel.test,False,55276
53812,Keitha Armstrong Vm,"Apt. 817 7479 Gigi Via, Kennethville, ME 55804",+16234549244,harland_hermann@moore.example,False,53812
54912,Mrs. Jamaal Mcclure,"Apt. 950 936 Omer Drives, Dinomouth, VT 09819",+16682384876,david_osinski@dach-hudson.test,False,54912
55794,Michal Klocko,"516 Reichert Dam, West Elane, ME 99006-2407",+12988926822,trinity_stroman@lind.example,False,55794
54393,Walker Grimes Do,"Apt. 728 41266 Sina Cove, Port Mirian, GA 61649-7398",+11148181017,sun_reichel@harris.test,False,54393
55211,Regine Stokes,"Apt. 806 4213 Schinner Lake, South Rosalina, MI 46936-2743",+17487466470,shanel@wunsch-kunde.example,False,55211
54243,Rep. Seymour Predovic,"30684 Mosciski Shore, Port Zonia, SC 57207-7658",+17788792483,efren.vandervort@hamill.test,False,54243
54107,Roma Spinka,"Apt. 240 280 Borer Mountains, South Gertrudeview, CT 40713",+18573930676,kathie_rippin@lowe.test,False,54107
55593,Gabriela Connelly,"36937 King Place, Gutmannshire, UT 87778",+17465153397,lynsey@robel.example,True,55593
54775,Joseph Mueller,"272 Carter Parks, Lake Hassan, DE 75012",+14953965559,leopoldo@olson.example,False,54775
55044,Allene Morissette,"226 Mertz Mission, West Gilbertside, NC 22093",+12130747018,curt.okuneva@fadel.test,False,55044
55051,Carol Douglas,"Suite 912 3035 Dorian Skyway, Juliettabury, AR 23448",+13500324316,freddie@pacocha-deckow.example,False,55051
55595,Barb Hermiston,"3658 Harvey Corners, North Morton, RI 62872-2002",+17183592598,antony@ernser.example,False,55595
53071,Amb. Robbi Weissnat,"5401 Lesli Shore, East Noble, NC 28507-2500",+17617986581,bernardina@kuhic.example,False,53071
53547,Mariam Borer Iv,"9929 Wehner Manor, West Stacieside, CT 01866-1954",+15060222790,jan_satterfield@aufderhar.example,False,53547
53225,Dion Bartoletti,"Suite 645 621 Normand Village, Sporerstad, MN 51769-4158",+16228155222,starr@baumbach.example,False,53225
54844,Sen. Shelli Jaskolski,"151 Julio Grove, Larkinbury, SD 76344",+18098608455,brooke@dach-raynor.example,False,54844
54301,Fr. Lynda Kuphal,"Suite 622 79310 Hermiston Meadow, South Risaton, MN 97908",+17703957007,frances@bergstrom-carroll.test,False,54301
53423,Clifton Dickens,"999 Loren Springs, Kilbackfort, NC 98082",+15688429989,frederic@miller.example,False,53423
54639,Dr. Buena Lang,"Apt. 407 8896 Albertine Coves, Ashahaven, VA 69410",+14659544753,tobie@gorczany.test,False,54639
53845,Msgr. Marcelo Cremin,"27891 Keenan Shoal, North Efraintown, NV 79150",+16482198204,donita_streich@mitchell.example,False,53845
53893,Ellis Olson Cpa,"Suite 200 258 Kunde Keys, South Cynthiaton, AK 41072",+13263463260,hayley_jakubowski@kuhlman.example,False,53893
54667,Myles Runte,"Suite 670 3756 Mertz Points, Jerrellshire, CO 88393-1348",+19526595733,geoffrey_cartwright@bruen.test,False,54667
53387,Antonietta Von,"Apt. 304 28712 Cuc Mills, Batzmouth, MT 09329-1931",+19864375481,bridgett@stokes-hauck.test,False,53387
55068,Jovan Reichert,"939 Shelia Stream, Mariberg, VT 09294-4289",+17790924804,dyan.nikolaus@graham.example,False,55068
54201,Helena Abshire,"1654 Gabriele Loaf, North Tifany, CO 38448-5284",+15704544781,terrell@mcdermott-lemke.example,False,54201
53975,Pres. Jerold Fahey,"Apt. 673 89522 Ida Gateway, North Federicohaven, PA 73570",+19064330085,johnson.smitham@klocko.test,False,53975
54294,Clora Cruickshank,"Apt. 798 5951 Bednar Square, New Mikelberg, IN 25690",+15249690591,daren@zulauf-abshire.example,False,54294
54188,Josette Jacobson,"Apt. 558 7552 Ryan Inlet, Margretfurt, CO 95701",+16208439593,glynda@price.example,True,54188
53794,Azalee Funk Jr.,"Suite 486 75788 Vasiliki Bridge, East Magdalene, MN 33416",+13761272370,eugene_lebsack@schoen-cummerata.example,False,53794
54778,Freeman Muller,"91450 Harley Trafficway, Haneborough, ND 38322-5251",+15200855109,rodney@paucek-ferry.example,False,54778
55669,Velda Heidenreich,"421 Williemae Isle, West Jcland, MI 41295-3291",+17863170645,malcolm.daugherty@wuckert.test,False,55669
53252,Otelia Jacobs,"212 Douglas Islands, West Andymouth, NM 08638",+18757947819,tamela@carter.test,True,53252
55687,Gov. Stanley Stamm,"215 Schaden Garden, North Joella, LA 42924",+14491185197,kristen_greenfelder@walsh.test,False,55687
55148,Sunny Romaguera,"35876 Williamson Loaf, Robbiechester, WI 47044-0796",+19689018459,myron_langosh@cassin-fadel.test,False,55148
55732,Kristopher Harvey Iii,"774 Harris Hill, Lake Eufemiatown, NJ 17122",+12952857946,billie@boehm.example,False,55732
53931,Kaitlin Stracke,"Apt. 424 1191 Heller Avenue, Nelsonstad, AK 04040",+19812379124,rod@thiel.test,False,53931
53078,Harland Gutmann,"Suite 909 36279 Adelle Bridge, South Leeannshire, NC 41989-2987",+11648171671,pamelia@zieme.example,False,53078
53858,Karl Tillman,"766 Calvin Inlet, Lake Consuelabury, MI 82531-3905",+15010195287,audria@hermiston.example,False,53858
55699,Laronda Macejkovic Iii,"Apt. 855 502 Leffler Plain, New Marcelino, OR 52358-2958",+16913218226,rickey.buckridge@bayer-dare.test,False,55699
53934,Dwayne Hane,"568 Goldner Mission, East Abel, AZ 74706",+14654430210,les@douglas.example,False,53934
54000,Willian Bins Do,"403 Heathcote Ports, Bruenmouth, WA 35110",+15733622816,consuelo_mosciski@okon-rempel.test,False,54000
55196,Corie Buckridge Do,"Suite 113 89395 Jast Corners, McLaughlinstad, WI 84836",+16541454711,lamont@davis-schultz.example,True,55196
54497,Ricardo Breitenberg,"Suite 699 88581 Earle Springs, Port Tad, AZ 14937",+15391407522,georgiana@schinner-denesik.test,False,54497
53251,Amb. Nathaniel Friesen,"9525 Robin Skyway, New Shela, OK 33303",+13254337865,domenic_schultz@kunde-nicolas.example,False,53251
55691,Bridget Weber,"507 Torp Oval, Lornamouth, TX 40377",+12989178368,mack.mayert@stark-weber.test,False,55691
53215,Kacey Trantow,"52616 Bailey Way, Lake Martin, OK 00428-9876",+17717531702,lonny@ledner.test,False,53215
55199,Cary Rohan,"Apt. 649 2538 Ward Fork, Lake Fredrickshire, RI 54657",+13721712730,kisha.kris@swift.example,False,55199
55063,Scott Koelpin,"543 Gabriel Dale, Lake Angel, IN 42232-2722",+16919687114,man@ullrich-hand.test,True,55063
55344,Miss Gillian O'Hara,"Apt. 346 8157 Gislason Parkway, Bednarshire, PA 79189",+17883583828,jamar_beatty@abbott.example,False,55344
53971,Arlen Ernser,"97893 Lamonica Valley, Manteview, SD 24949-2334",+12307100811,oren.lueilwitz@hamill.test,False,53971
54303,Iluminada Fadel,"17816 Ledner Parks, Lake Alejandro, NC 30910-7278",+14353253260,antionette_vandervort@glover-reynolds.example,False,54303
54867,Karleen Kautzer,"Suite 141 3623 Magaly Points, Johnstonmouth, ND 96966",+12702543178,danial@fritsch.example,False,54867
54685,Hoyt Kiehn,"Suite 853 582 Schmeler Camp, Lake Nestor, NJ 94596",+12092011788,wm@greenholt-king.example,False,54685
54728,Teodora Cole,"Suite 337 965 Waters Streets, North Sherikaville, MI 01436-5971",+12918791486,alfredia_lueilwitz@zieme.example,True,54728
54584,Saul Bode,"Apt. 197 82726 Graham Drive, Denaemouth, NM 80938-5414",+17930370834,marco_runolfsdottir@schultz.example,False,54584
54688,Elenore Orn Ret.,"Apt. 797 7008 Gilbert Plain, Beerfurt, MT 64743-3731",+11920881756,barrie@wolf-nader.example,True,54688
55563,Stefan Bashirian,"Suite 214 464 Saran Ways, Barrowsview, WV 61377",+16076456565,huong@oconner-rutherford.test,False,55563
53080,Ms. Sung Mitchell,"Suite 331 95968 Darcie Gardens, East Carol, ID 80260-0244",+17764614957,nakia@schneider.test,False,53080
55324,Msgr. Joseph Graham,"Apt. 316 6372 Kevin Lights, Feestchester, NV 99087",+11588976828,gerardo.fadel@keebler.test,False,55324
53894,Mark Bailey,"Suite 579 731 Margret Gardens, Pedroville, NY 81212",+15790085499,dale@langosh.test,False,53894
54520,Linnie Keebler Dvm,"Suite 720 561 Frieda Oval, Lake Danton, ND 48313",+12124860478,roman_littel@johns.test,False,54520
53441,Elma Morissette,"Suite 731 9379 Dell Fall, Teddyland, OH 47640-4077",+13456635833,kyra_bahringer@spinka.example,False,53441
54669,Janeth Schuppe,"Apt. 147 80101 Runte Parkways, Shirleenchester, OK 47065-9696",+11082198085,herman@kub.example,False,54669
53863,Kirby Rodriguez,"Apt. 476 126 Damon Burg, New Chadhaven, KS 76600-0114",+14559620817,ignacia_cruickshank@swaniawski-macejkovic.example,False,53863
55665,Miss August Wunsch,"539 Sol Forks, Brownberg, AL 15708",+11130369992,jewel_wuckert@pacocha.test,False,55665
53832,Mrs. Armand Armstrong,"78716 Kub Road, Smithborough, CA 39194",+13891435175,jerica_lubowitz@gottlieb-greenfelder.example,False,53832
54996,Gov. Willette Brekke,"Suite 133 638 Teresita Dale, Shilohfort, IN 82687",+14105643502,millie_grimes@quitzon-cormier.test,False,54996
53796,Damien Quigley,"Apt. 930 4707 Miguel Estates, South Dionchester, SD 68798",+19426730206,cathern_herman@rath.example,False,53796
55318,Leonie Nitzsche,"2757 Hand Parkways, East Antione, KS 26623",+11417317063,concetta@bailey.test,False,55318
55451,Venus Trantow,"Apt. 221 530 Otis Islands, New Cecilia, OH 90652",+17650357923,marin@langosh.example,False,55451
55526,Elsa Ankunding,"Apt. 351 109 Latosha Falls, Lebsackside, AZ 31348",+11510453053,yulanda.lueilwitz@hills-walker.example,False,55526
53703,Rob Gusikowski,"817 Fisher Springs, Port Felipahaven, ME 15319-3664",+15307327152,marcel@adams.example,False,53703
53198,Rosaria Watsica Iii,"1288 Jeanie Stravenue, East Elisabeth, IA 79228-1593",+13702414142,von.considine@nicolas.test,False,53198
55770,Gilbert Jenkins,"5173 Sammy Rue, Reynoldsmouth, SD 58093",+15755236338,emmett_powlowski@goyette-labadie.test,False,55770
54030,Kurtis Rodriguez,"Apt. 191 7037 Alethia Stravenue, New Belen, SC 86657",+18747924873,erminia@nitzsche.example,False,54030
55060,Christian Rutherford,"Apt. 225 99294 Greenholt Harbor, Port Chesterton, NY 67945-2635",+15339569363,kiera@mcglynn.test,False,55060
53816,Trent Schumm,"6016 Julius Rest, Waelchichester, ND 50798",+11294055899,josef_herzog@marvin.example,False,53816
53196,Dorian Ankunding Phd,"Apt. 777 24901 Chanell Brooks, Port Wilsonland, VT 44030",+16116228429,colby.abshire@doyle.test,False,53196
55447,Benedict Nicolas,"33749 Donnelly Knoll, North Derek, NC 47440-9188",+14667170417,cassey_cruickshank@mccullough-schroeder.example,True,55447
53919,Sen. Carter Toy,"624 Rogahn Walks, Annismouth, NY 52039",+16629587605,jamie.stokes@bauch.example,False,53919
55536,Otha Carter Phd,"Suite 116 903 Greenholt Camp, West Wilfred, HI 29695",+15512699445,morgan@nitzsche.example,False,55536
55793,Tyrone Howe I,"931 Jonnie Village, Port Catina, HI 16010-9092",+15554545884,sammie_schuppe@koss.test,False,55793
54238,Aron Borer,"Suite 329 86018 Devin Lodge, Bobbibury, OH 84731",+13973782518,sarina.hoppe@schultz.example,False,54238
54770,Nga Lind,"17785 Willms Coves, East Lizbethburgh, OR 33138",+17129217495,michal@ohara.example,False,54770
54361,Flor Medhurst,"Apt. 162 373 Herminia Turnpike, Klockochester, TN 85340",+13209402827,fausto_larkin@armstrong.test,False,54361
54223,Florida Mayert,"84373 Stark Course, West Angle, OK 43852-1048",+18590082927,ivonne@mraz.test,False,54223
54814,Hiedi Weber,"325 Lana Curve, Stiedemannstad, WI 42029",+19132414707,curtis@green.test,False,54814
54671,Scot Baumbach,"42956 Lincoln Garden, Kylemouth, MT 38326-1176",+14828927816,sheena.torp@kilback-streich.test,True,54671
54846,Alexis Reinger,"Apt. 941 65735 Darin Crescent, Lake Krista, LA 08675-2031",+15922199003,antonia@hirthe.test,False,54846
55140,Branda Kertzmann,"8258 Weston Ridges, Huelsland, MI 69811",+19387023744,stewart_hayes@ferry-pagac.example,False,55140
54365,Edward Price,"66693 Jarrod Dam, North Elenaburgh, NY 18907-1369",+18698071857,arlie@hamill.test,False,54365
55552,Mr. Hunter Mohr,"67880 Federico Trail, McCulloughborough, NV 93479-8341",+13720894649,moises@lubowitz-grimes.example,False,55552
54666,Soraya Mills,"21749 Stephanie Divide, Rueckerport, MI 13787-4868",+14885401784,rico_botsford@koss.example,False,54666
53807,Kelly Pagac,"1460 Brendan Rue, Schultzberg, MI 98473-2660",+16632181437,cleo.romaguera@borer.example,False,53807
54088,Carolyne Wyman,"957 Nicolas Hill, McLaughlinland, HI 92788",+16250695624,amparo.kunze@beahan.test,False,54088
55409,Grant Kemmer,"323 Kevin Point, Wolfmouth, CO 11192-0804",+14283740892,adan.klein@rice.example,False,55409
55029,Laurene Gusikowski,"911 Bobette Loop, Keenaland, LA 31559-2207",+16073655636,theodore@ledner.example,False,55029
54118,Deshawn Toy,"Suite 619 6776 Clarita Cliff, West Timika, GA 10529",+17084254816,audra_walsh@reinger-wuckert.test,False,54118
55119,Helena Tromp,"20255 Koepp Heights, North Wm, HI 25466",+16849419807,truman.gutmann@corkery.test,False,55119
55411,Gov. Frankie Gislason,"Apt. 449 6388 Lockman Inlet, East Granville, OR 75045-2544",+14895129586,charlie_padberg@ankunding.example,False,55411
53092,Marketta Tremblay,"Suite 524 48624 Lorraine Islands, North Odis, AK 05508-6282",+11410669714,scottie_mclaughlin@kilback-tillman.test,False,53092
55231,Renaldo D'Amore,"Suite 278 432 Dare Manor, Lake Yolando, MS 99203-1907",+13054793641,dannette@schaefer.test,False,55231
54202,Roberto Stoltenberg,"799 Lesch Lakes, Port Simoneland, KY 92472-8071",+13234041137,millard@kulas.test,False,54202
53498,Gil Harris,"78227 Schulist Highway, New Lydiatown, IN 15731-7014",+19521039054,terry@schmeler.example,False,53498
55557,Ambrose Kuphal Ret.,"2690 Doyle Creek, Krajcikland, LA 54581",+15265615749,nilda@ledner-stroman.example,True,55557
54838,Rep. Adolfo Goodwin,"991 Dietrich Burg, Richfort, AZ 36306",+15960514821,emery@klein.example,False,54838
53842,Ebony Schmitt Ret.,"Suite 769 529 Rutherford Plains, East Molly, HI 04835-5015",+13927822541,raphael.cole@sawayn.test,True,53842
55745,Jackie Oberbrunner,"Apt. 855 850 Wyman Falls, Lake Edgardofort, DE 34725",+13193402753,curtis.little@lowe-koelpin.example,False,55745
55813,Mr. Riley Leffler,"Suite 279 31701 Mae Loop, New Travisfurt, TN 97824",+15622909993,euna.orn@torp.example,False,55813
53877,Jayna Green Jd,"580 Tommie Corners, Bartolettishire, OK 45863-9005",+12146359105,lolita@mohr.test,False,53877
53713,Fernanda Towne,"Suite 179 677 McClure Port, New Tericaland, MS 33129-7062",+12388496802,melva@hettinger.test,False,53713
54027,Rodrick White,"845 Greenfelder Canyon, Rolfmouth, WI 91100-8221",+11589519467,rosendo@romaguera.example,False,54027
53474,Rosalba Ratke,"Suite 607 490 Paucek Trace, Hermanborough, KY 97605-7778",+19256778749,octavio@thompson.test,False,53474
54354,Nancey Kessler,"Apt. 642 64307 Glover Bypass, South Prestonburgh, NY 12533-8642",+19732956745,leda.bruen@reilly.example,False,54354
53572,Jamaal Schmeler,"Apt. 102 564 Alexis Loop, Metabury, NH 40692-1417",+19131180579,aleta.conn@rippin-sauer.example,False,53572
55095,Amado Hahn,"Suite 865 21372 Russel Brook, Emmanuelhaven, AK 19441-0711",+19566514982,georgeann_casper@schuster.example,False,55095
54815,Hallie Bogisich,"Apt. 357 1526 Armstrong Pine, Port Efrain, SD 65966-7217",+18480817540,lucius@turner.example,False,54815
53608,Rev. Buena Stiedemann,"6639 Antoinette Mountain, New Sethtown, IA 12131-6970",+18898819365,celsa@mayert.example,False,53608
55295,Leighann Stamm,"Suite 999 1747 Ezra Turnpike, Ruthtown, WV 72370",+18001546002,andres@rath-cronin.example,False,55295
53859,Pete Schiller,"Suite 581 53926 O'Kon Ramp, Osinskiton, NE 72468-8815",+16706012171,herb.nolan@yundt.example,False,53859
55576,Logan Pagac Dc,"Suite 628 6171 Abshire Lodge, Rodshire, MA 85274-3045",+19581335400,temika.von@bradtke.test,False,55576
55432,Shandra Marvin,"17958 Nikolaus Extension, New Lucius, AL 49948-9433",+15019211519,randall.sanford@rau-vandervort.test,False,55432
53311,Nevada Brekke,"8265 Schroeder Spurs, East Wandaview, OK 08759",+16160135066,damion.padberg@lemke.test,False,53311
54799,Zenia Green,"Apt. 695 713 Donnelly Points, Orphaburgh, ID 76117-4891",+17136940964,veronika@ritchie-auer.test,False,54799
54125,Maida Simonis Iv,"640 Magaly Prairie, Danielfurt, KY 10273",+11645867540,linwood.johns@bogan-torphy.example,False,54125
54941,Apolonia Denesik,"Apt. 399 95259 Huey Locks, Lake Rickychester, NH 97931-9068",+11831319784,gilma@boyer.test,False,54941
54296,The Hon. Darcey Boehm,"Suite 799 7064 Wolff Spring, North Aleen, NJ 17375-7066",+11301183167,nery@brekke-collier.example,False,54296
55516,Mrs. Rodolfo Bechtelar,"8630 Vito Street, Hanemouth, DE 45324",+18089699210,melvin@hills.example,False,55516
54743,Fletcher Quigley,"179 Quinton Passage, West Scotty, IA 42640-8096",+12044539771,esperanza.brakus@predovic-kautzer.test,False,54743
54995,Beckie Wisoky,"Apt. 702 450 Marlin Trail, Lake Quyen, FL 10583-7233",+18531555540,stefan@schaefer.test,False,54995
53344,Shan Mckenzie,"1222 Carmelina Pass, Yasminhaven, IN 64515-5881",+17682459554,bettina@schroeder.test,False,53344
53422,Cherie Howe Lld,"242 Hoppe Knolls, North Roccofurt, NJ 99842",+13538558052,ambrose@hegmann.example,True,53422
55537,Giuseppe Jaskolski,"4714 Gerard Neck, Richiefort, NM 12835",+13317417610,hassie_haley@kerluke.test,False,55537
55165,Augustus Kihn,"Apt. 456 13930 Sherlyn Court, East Leila, TX 38678-2110",+16012561477,ernie@volkman.test,False,55165
53087,Nell Wilderman Md,"Apt. 627 85162 Conroy Point, Shanonstad, ME 94774-9566",+12820786315,florencio@heathcote-smitham.test,False,53087
55226,Jaimee Stracke,"4522 Bernier Views, Faychester, NH 27050-3503",+11068177639,karren@kessler.example,False,55226
53209,Brande Doyle,"Suite 265 8949 Briana Pine, New Margrettmouth, ND 52675",+15540198824,lurline@witting.test,False,53209
53439,Emmitt Kris,"7474 Hahn Port, Leuschkeview, MO 42133-0499",+16446234325,mel_west@goyette-jaskolski.example,False,53439
54834,Corey Schaefer,"5757 Chase Pine, Kuhicland, VA 22455-2417",+13132724217,marceline@schneider-grady.test,True,54834
53283,Ok Marquardt Iii,"239 Wisozk Oval, East Napoleonbury, OR 12508",+12630729577,maura.ullrich@trantow.test,False,53283
53840,Mr. Janene Christiansen,"Suite 587 4393 Chad Harbor, East Corazonton, KS 61879-2960",+11743126836,sandy.reilly@deckow-beatty.example,False,53840
55703,Kevin Mcglynn Do,"Suite 464 1331 Williamson Fall, Lake Malikaside, CO 42388",+12385804676,collin.conn@gorczany-thiel.test,False,55703
55129,Murray Padberg Jd,"1274 Jason Spring, Batzbury, WY 20843",+11445360681,daniella@gerhold.test,False,55129
54992,Amb. Elvera Lowe,"90111 Pia Brooks, West Kellye, NV 52957-4637",+15415512930,alfreda@olson-lockman.example,False,54992
53595,Gov. Jessie Schinner,"Apt. 656 1339 Ty Mills, West Kina, RI 90768",+12580415166,lilian@bergnaum.test,False,53595
55099,Danilo White,"Apt. 628 5993 Alane Harbor, Vilmafurt, SD 70505-5583",+12808999329,curtis.goldner@schowalter.example,False,55099
54837,Neil Stoltenberg Ret.,"50946 Bobbi Falls, Kuhnmouth, MD 17441",+16070576714,wes@gutmann.example,True,54837
53874,Rafaela Casper,"Suite 271 568 Cummerata Mountain, South Otha, MS 82966-0747",+11453345244,anibal.windler@barrows.example,False,53874
55730,Lourie Lang,"Apt. 936 4675 Rosenbaum Village, South Ervin, VT 78001-7502",+13429717473,mitsuko@kautzer.test,False,55730
54874,Dusti Stehr,"Suite 285 93099 Sheilah Common, Hanebury, VA 48980-9213",+11824891210,jack_gibson@borer.example,False,54874
55345,Cecil Klein,"32233 Koch Track, Clintfurt, DE 06836",+15852730070,eric@macejkovic.test,False,55345
54678,Pa Mante,"Apt. 622 2403 Cornelius Lights, New Celesteberg, KY 80524",+18605551901,omar@fay.test,False,54678
55497,Larissa Beatty,"30443 Dianna Burgs, Hyattmouth, IA 74762",+11599427255,marlin@dietrich-luettgen.example,False,55497
53168,Alvaro Schuppe,"32283 Lockman Parkways, East Charitaville, NJ 11196",+13900533395,alecia.reilly@botsford.test,False,53168
54535,Kendall Kozey Sr.,"Apt. 667 1115 Larkin Station, Botsfordshire, NC 65889",+17324347714,marty_cormier@beer-brown.example,False,54535
53130,Earle Emmerich,"Suite 986 62772 Tatyana Port, McCulloughfort, MA 05722-8472",+19211451564,sherwood_cormier@gusikowski.test,False,53130
55525,Rosendo Rippin,"14729 Katina Road, Schillerton, AZ 96136-9270",+12212892008,spencer@osinski-willms.example,False,55525
54131,Perry Wyman,"438 Rath Rapid, Hamillville, MO 61990-3968",+14467609306,see_feeney@larkin.example,False,54131
55396,Miesha Schmeler,"Apt. 374 10449 Gulgowski Dam, Bomouth, IA 94030",+16798602167,cameron.littel@schaden-mayer.example,False,55396
53150,Kaitlyn Steuber Iii,"Suite 540 677 Estella Lodge, West Adrieneview, CA 37483-9215",+14388564742,walker@aufderhar.test,False,53150
54921,Marx Hodkiewicz,"1137 Jacobson Course, Lednerstad, KY 53859",+15695051334,truman@hackett.test,False,54921
53876,Pres. Keith Effertz,"Suite 670 349 Hassie Turnpike, Port Joelleside, CO 10900",+18566280779,man_botsford@schowalter.test,False,53876
55600,Leanna Bauch V,"14806 Witting Expressway, Bartellside, ME 19528",+17000228193,lona.king@white.example,False,55600
55558,Arlie Parker,"5376 Jacobs Knoll, New Haywoodchester, OR 18874",+15328999673,kirk@cartwright.example,False,55558
54143,Annette Stoltenberg Iv,"96025 Olson Groves, Mannmouth, NJ 71085",+18699816726,myles_kuhlman@collier.example,False,54143
53707,Janell Pfannerstill,"1267 Predovic Court, Stromanstad, AK 52373",+11194401120,olin.ortiz@brown.example,False,53707
54565,Roderick Jenkins Jr.,"Apt. 815 42953 Aron Radial, Buckridgebury, MS 26300",+13359506569,jama@okeefe.test,False,54565
53190,Diane Will,"99316 Ratke Vista, Gerardoport, FL 32450",+13282602271,dara@mante-mitchell.example,False,53190
53605,Juliette Bayer,"Suite 371 2677 Feest Stream, Nicholeburgh, LA 45993-1012",+15209567343,maira_mitchell@schumm.test,False,53605
53879,Gov. Willie Wisozk,"Suite 936 276 Tobie Cliff, O'Konland, DE 77804",+11032395888,dollie@greenholt-jacobi.example,False,53879
53324,Issac Ebert,"Apt. 964 25374 Anette Turnpike, West Synthiatown, ID 10368",+19340966079,nathanael_reichert@anderson-johns.example,False,53324
53699,Mari Reilly,"Suite 106 6098 Ankunding Route, Lake Gus, OH 75525-7748",+17552328972,frank@swift.example,False,53699
54168,Chuck Morar,"Suite 797 94715 Bins Park, Kreigerburgh, MO 28829-1483",+17331394549,dylan@morar-borer.test,False,54168
53664,Celena Goyette,"Apt. 959 935 Ruecker Mission, Desiretown, DE 99589-2975",+19543234690,lilla_abernathy@emmerich.test,False,53664
53871,Jesusa Lynch,"Suite 927 816 Arron Road, Abbottbury, OH 74867-4612",+18433014286,zana.schmeler@lehner.example,False,53871
53313,Doretta Collins,"Suite 650 5099 Gisele Island, Armstrongton, GA 15934-7896",+12055213357,krishna@ledner.example,True,53313
55065,Msgr. Avery Dubuque,"4446 Jermaine Points, Janbury, IA 51105",+18586214140,jerry@becker-hyatt.example,False,55065
53622,Manuel Stark,"Suite 898 749 Carter Forges, New Newtonshire, NY 82928",+11117184132,burt@sanford.test,False,53622
53193,Robin Dickens I,"Suite 824 287 Roberts Drives, Lebsackmouth, PA 40376",+19145699176,erik@marquardt.test,False,53193
53045,Tyler Ankunding,"Apt. 178 513 Oma Brook, Starkville, ID 17585-3543",+18945703895,dudley@welch-jakubowski.example,False,53045
54495,Nga Collins,"Apt. 939 90299 Ferry Plain, New Jeremy, AR 44332-6992",+16354935037,josef@lind.example,True,54495
54377,Lindsay Welch,"Apt. 626 32155 Leuschke Extension, North Rettaburgh, VA 72893",+11127567615,misti.botsford@ondricka.test,False,54377
54928,Rosie Langosh,"Suite 207 1056 Streich Station, Jarredbury, CO 51143",+11497504253,leoma.okon@ward-luettgen.example,False,54928
53197,Truman Hilll Phd,"5266 Mueller Island, Kshlerinport, MN 58489-0725",+17122011409,sacha@abernathy-howell.example,False,53197
53123,Jonah Dubuque,"Suite 183 453 Brakus Cliffs, Stokestown, MT 55758",+19317322928,aretha.morissette@towne.example,False,53123
55371,Krystina Cassin,"Apt. 505 68188 Cristine Avenue, New Rachele, MN 21113",+18575200924,errol.cruickshank@herzog.test,False,55371
54559,Jan Waters Cpa,"84059 Maxwell Canyon, Milanside, NM 91174-2217",+13290828878,colby.spencer@wunsch-greenholt.example,False,54559
54935,Richie Weissnat Jd,"Apt. 218 130 Sheridan Key, North Krissyton, CT 86470-4559",+13545005248,zandra@johnson-hagenes.test,False,54935
55264,Solomon Parker,"381 Koelpin Crescent, New Marcelinafurt, CA 38995",+16490921480,gerry@kris.test,False,55264
54242,Carole Steuber Jr.,"4737 Collins Islands, Lindgrenstad, KS 68910",+16636859606,diedra@okuneva-will.example,False,54242
53999,Stevie Champlin Lld,"7263 Jacobi Vista, East Aracelisbury, NH 63797-3946",+11592448677,leon_hahn@nikolaus-wunsch.test,True,53999
53853,Prof. Rima Spinka,"Suite 201 56092 Jast Islands, North Corey, MO 79516-1642",+11366943260,reginald@thiel.example,False,53853
54376,Wyatt Smith,"31489 Harvey Mountain, East Bret, UT 98750",+16319766444,jimmie@morar.example,False,54376
54447,Yelena Steuber Cpa,"1255 McClure Junctions, Port Aidafurt, TX 33649-4143",+15239958111,ardith.sipes@johns-lueilwitz.example,False,54447
53243,Rey Bauch,"2397 Marvis Valley, Marishamouth, ND 60616",+17846636887,giovanni_lubowitz@conn-stiedemann.test,False,53243
55123,Codi Schuppe,"Suite 968 41583 Ward Trafficway, Vinceland, ND 65052",+14605110805,cruz@corwin.test,True,55123
53487,Ms. Eileen Maggio,"Suite 617 996 Kreiger Estate, New Rebeccastad, MI 32717-7227",+17397634660,lawanda.hills@carroll-bednar.example,False,53487
53082,Stan Pfeffer,"Apt. 112 29910 Carlton Glen, Marlanafort, AK 77739-6191",+19157216390,david@lakin.example,False,53082
54648,Emmitt Jones,"Suite 576 97040 Ressie Trafficway, Christianfurt, GA 82944-8676",+11922259093,awilda.stamm@stamm.test,False,54648
54950,Jeffrey Fay,"Apt. 741 453 Shields Mountains, Hellerstad, MD 91072",+14880168179,rupert_reichel@fahey.example,False,54950
55812,Rhett Feest,"Apt. 809 5398 Abshire Mountains, Martyshire, NY 88128",+15194785146,phil@dare.test,False,55812
54105,Abdul Cummerata,"507 Lorriane Ports, Wisozkchester, PA 54883",+19831108549,lorette@bernhard-vandervort.example,False,54105
53671,Mr. Josie Lynch,"290 MacGyver Mountains, Schoenchester, PA 99925-2574",+18238681494,sammy@effertz.example,False,53671
54387,Jill Swift,"Apt. 306 42234 Berry Underpass, Dessiechester, SC 53494-4700",+17742083462,ruben@bruen.test,False,54387
53645,Sen. Norene Ebert,"2405 Bailey Squares, Mariselaside, MT 39925-2890",+12351298767,lashaun.osinski@terry.test,False,53645
55640,Alberta Jacobs,"Apt. 699 960 Lindgren Street, Marifurt, MN 07952-7311",+19915775667,olen_hilpert@mann-gorczany.example,True,55640
54342,Zachery Schuster,"Apt. 185 969 Grady Junctions, West Tinafort, KS 67931",+13548072328,sang_bahringer@rohan-bode.test,False,54342
55340,Lavon Ondricka,"Suite 354 533 Francesco Wall, Sterlingville, HI 27600",+11369443885,paris@wehner.test,False,55340
53639,Kyung Cassin,"65561 Terrie Parkway, East Veraborough, CO 04838",+13338374489,vito_cartwright@boehm.example,False,53639
54454,Msgr. Robby Gusikowski,"4176 Deangelo Summit, South Randa, NJ 06968-2422",+19164648261,randa_baumbach@hayes.example,False,54454
54786,Randy Connelly,"6219 Runte Vista, North Torrie, KY 94677",+17097439892,michal@okeefe.example,True,54786
54461,Stacey Shanahan,"56986 Lachelle Turnpike, Jeromyburgh, UT 74582",+19627694044,lauren_donnelly@nicolas-murphy.test,False,54461
55083,Colby Towne,"Apt. 419 424 Hoeger River, Lake Tereseberg, NH 48582",+19326236275,owen.murray@goyette.test,True,55083
55438,Tera Botsford,"Apt. 130 37622 Schiller Lock, Lake Val, MO 55383-8978",+15939151531,hobert@daugherty.test,False,55438
54581,The Hon. Terrell Nitzsche,"Apt. 224 919 Titus Cliffs, Deedeehaven, RI 47176-8303",+19876860274,cornell@waelchi-balistreri.example,False,54581
53949,Damian Wisozk,"38669 Bartell Forest, Bethelmouth, HI 80857-2401",+15915027457,wayne@rogahn.test,False,53949
55394,Shaneka Runolfsdottir,"18732 Loren Junctions, North Daina, AZ 00223-4554",+15476327494,vernon.doyle@monahan.test,False,55394
55823,Deanna Volkman,"6624 Heidenreich Plains, Port Lionelmouth, NY 23479-0216",+15283616871,raphael_stamm@simonis.test,False,55823
54404,Dr. Salina Sporer,"43800 Eleanore Parkways, Barneyberg, MT 40527-7330",+18657168320,rosette@hirthe-aufderhar.example,False,54404
53371,Kasha Lubowitz,"1359 Hoppe Pike, Schmittton, IN 48229",+15248838621,christoper.lubowitz@kemmer.example,False,53371
54813,Daniel Luettgen,"Suite 264 50661 Bessie Circle, Port Reginaldbury, AR 54420-4676",+16676221738,maryalice.adams@hermiston.test,False,54813
55176,Gary Lakin,"Apt. 649 126 Mohr Knoll, Corinnaberg, NJ 44480",+19227500272,rolando@botsford-green.test,False,55176
55417,Jacquelynn Dubuque,"Suite 864 28387 MacGyver Overpass, Tinaport, HI 71142",+18376497067,barbara@zemlak.test,False,55417
53648,Jeffie Kuhn Dvm,"Apt. 441 4423 Ondricka Run, East Curtismouth, CO 96842",+12141839711,johnnie@blanda-west.test,False,53648
53886,Theodore Johns,"687 Deloise Overpass, East Aleen, WA 57226-2094",+13218022981,clark.upton@keebler-bechtelar.example,False,53886
55070,Berry Pacocha,"Suite 548 137 Barton Flats, Lake Soshire, NH 57475-4753",+12441276228,tony@walsh-dibbert.example,True,55070
54967,Dallas Herzog,"Apt. 909 80606 Carmelita Estates, Kassandraton, CO 12432",+13317815275,floyd@thiel.example,False,54967
53413,Marlyn Miller,"Apt. 939 65670 Yost Parks, New Milanshire, AZ 54514",+15858483756,mara_buckridge@ryan.example,False,53413
54441,Martin Beer,"7605 Sharolyn Wall, South Maurabury, UT 27114-7216",+14282320400,corey@okuneva.test,False,54441
55015,Shakira Mayer,"Apt. 446 855 Darnell Course, Nicolasfort, WV 14107-8585",+12517773279,paulina@skiles.example,False,55015
54494,Sen. Lanny Collier,"3469 McKenzie Ways, Lonniehaven, NV 13206-8675",+15098537878,elisha.kohler@bahringer.test,True,54494
53330,Fr. Young Ferry,"Suite 613 103 Thompson Crossing, Lake Teddyton, OK 86719-0905",+17345397354,desmond@dicki.test,False,53330
55540,Shannon Cummerata,"Suite 903 780 Parisian Track, New Berry, KS 69127-4317",+14788399290,loyce@gislason.test,False,55540
55707,Armanda Predovic,"Apt. 266 827 Mirian Station, Torphyfort, CA 48079-6867",+12563835264,jamison@rogahn.test,False,55707
53955,Tory Kihn Sr.,"Suite 974 460 Audie Isle, Manualview, WA 58019-1141",+12416780855,daniel_thompson@vandervort.example,False,53955
55200,Rep. Andy Collier,"75887 Brakus Creek, West Guadalupe, KS 10102-0022",+12576865214,darrel_langosh@flatley-aufderhar.test,True,55200
53261,Alyse Raynor Dvm,"Apt. 398 954 Conchita Bypass, Rickyburgh, TX 94527",+15397539086,audra.thiel@weissnat.example,False,53261
53759,Sen. Tonda Kozey,"Suite 312 4063 Jessie Mountains, Marceneville, IN 24148-8943",+19890042377,shirley@barton.test,False,53759
53930,Lydia Carter Sr.,"Apt. 355 32334 Solomon Roads, Herbview, IA 93415",+13393496618,kiara@wilkinson.example,False,53930
55747,Odis Bartoletti,"Suite 139 67854 Ledner Divide, Abshirehaven, WV 26014",+14969178369,domingo.keebler@denesik.test,False,55747
54249,Pamelia Dooley Cpa,"Apt. 956 92174 Yolanda Branch, New Zackary, AK 15715",+17698574294,teodoro@kuvalis.example,False,54249
55288,Twila Bashirian Sr.,"13633 Rosario Walk, Wiegandmouth, SD 01800",+18034200048,alicia@little-crooks.test,False,55288
55193,Chance Bayer,"8602 Friesen Row, Lebsackhaven, FL 83214-6246",+19964473561,queenie@kiehn-purdy.example,False,55193
55749,Stuart Oberbrunner Sr.,"56644 Doyle Inlet, New Lorenzo, TX 39780-9026",+16626719063,lyman@reilly.test,False,55749
55037,Sen. Abdul Powlowski,"58476 Kraig Walks, East Cody, NM 84959",+15595866806,joana_batz@bailey-konopelski.test,False,55037
53437,Etha Blick,"5408 Inocencia Gardens, Gerholdbury, CT 46988",+13525900306,jamie_kuphal@schumm-parker.test,False,53437
53222,Queen Jacobi Dvm,"Suite 371 8640 Upton Villages, Gottliebstad, KY 96541-0792",+11406967411,everett@hudson.example,True,53222
54589,Gerald Wiza Jd,"76693 Brittani Field, Aliciamouth, MT 21007",+11299724909,foster@hilpert-murray.example,False,54589
53056,Rev. Mckinley Trantow,"3136 Eddie Ferry, Willieside, MO 18838-5195",+18678598246,rosanna@schuppe.example,False,53056
54320,Booker Powlowski Jd,"673 Patrica Ramp, Shieldsfurt, MN 75574",+16979324682,warren@von-quigley.test,False,54320
53356,Catherine Abernathy Dc,"Apt. 413 84990 Brakus Estates, Jarrodland, AK 38488-5896",+18613378834,elmira_murazik@wilkinson.example,False,53356
54695,Tommie Prohaska,"6013 Juan Pass, West Oren, SC 49091-9635",+19631539909,gabriel@fritsch.test,False,54695
53510,Kasie Ankunding,"Apt. 323 274 Thanh Estates, Adamstown, IL 18154-9746",+11519593764,clement_miller@sanford.example,False,53510
54779,Lakesha Lueilwitz Dc,"3820 Torp Drive, East Brandee, CT 57053-9494",+14071992490,filiberto@bode.test,False,54779
54939,Trinidad Kling,"26262 Weber Plaza, Hahnmouth, IN 13349",+15872315131,alethia@yost.test,False,54939
53802,Whitney Schmitt Vm,"2896 Mohr Summit, Cristbury, WY 51059-9269",+16677575995,mohammed_friesen@balistreri.test,False,53802
55611,Alexa Kassulke,"2951 Buckridge Ford, Lueilwitzchester, KY 24788-7360",+13192784432,adrian_homenick@runte.example,False,55611
53244,Terrance Hahn,"29247 Elijah Prairie, Nienowshire, RI 32825-0660",+17698052192,kassandra_rippin@schaefer-lind.test,False,53244
53582,Linwood Lehner,"7484 Medhurst Alley, Shadstad, HI 74282-8398",+17220839253,diana@macgyver.example,False,53582
53032,Lesley Bode,"Apt. 145 402 Maxwell Causeway, Deweytown, ND 75473",+11293327885,vance@walker.test,False,53032
55667,Rupert Larkin,"Apt. 365 5964 Edmond Shoals, Kochfurt, SC 91186-7035",+14391112274,walter@prohaska.example,False,55667
54024,Paulina Zulauf Md,"Apt. 375 71885 Beatty Walks, Gottliebside, MN 03506-1035",+15486070056,lorine.beahan@rau-leuschke.test,False,54024
53357,Fr. Brian Zieme,"95507 Rempel Spur, Port Everettefort, SC 29137-2941",+13422472543,lucio@abernathy.test,False,53357
53488,Cassaundra Farrell Dds,"Apt. 496 182 Margorie Prairie, North Robbie, NC 81875-4468",+18430994515,leigh.bode@quigley.example,False,53488
55034,Jacques Marquardt,"Suite 714 616 Aufderhar Mills, Grahamton, ME 46860",+19326078029,rachelle@kerluke.test,False,55034
55453,Cyndy Schaefer,"202 Adena Field, Port Manualport, NV 18516-8708",+13442667443,odis_windler@lehner.test,False,55453
55038,Vernie White,"Apt. 631 759 Eloy Club, South Felton, OR 17187-7968",+13834948673,sharyn.harber@dubuque.example,False,55038
53612,Lissette Padberg,"5820 Hammes Estate, Rippinfurt, VA 44513",+19684304108,aisha.kessler@vandervort.example,False,53612
54154,Elise Gutkowski,"387 Tien Land, East Arlettafort, MA 52941-6883",+11160338110,irwin_schuppe@torp.example,False,54154
54852,Franklin Wiza,"Apt. 794 235 Homer Spurs, Port Martha, OR 59710-3394",+18671923780,craig@kuhlman.test,False,54852
54112,Hiroko Larson,"968 Mable Passage, Port Domingo, MT 94347-3950",+12044993746,stan@ritchie.example,False,54112
53106,Kenton Botsford,"9097 Hettinger Route, Capriceside, WV 25832",+14444885956,mario_sporer@deckow-dicki.test,False,53106
54785,Alvin Lang,"45285 Hills Row, Smithamfort, RI 67460",+18321631586,floyd_mueller@berge.test,False,54785
55647,Boyce Paucek,"94119 O'Conner Cove, Morarport, RI 90994",+14633066136,tim_will@weissnat-hyatt.example,False,55647
54335,Hans Mcglynn Do,"Suite 920 3846 Corkery Tunnel, Luciennestad, KS 00991-6261",+11045964608,dwayne@runolfsson.test,False,54335
54162,Jorge Beahan,"Suite 568 99824 Rempel Bypass, West Bartmouth, CA 14450-9335",+13567263835,elliot@williamson.example,False,54162
55750,Moises Hills Do,"9692 McCullough Springs, Port Curtisberg, AZ 70193-3712",+15854697106,carolynn_durgan@pouros-okuneva.test,False,55750
54824,Adrienne Powlowski,"87892 Balistreri Lake, Port Novella, NV 71678",+13395989965,pricilla_runte@green-mayer.example,False,54824
55398,Gov. Paul Kuhlman,"624 Waters Vista, Port Juliann, MI 47286",+12174241147,liberty_rolfson@bosco.test,False,55398
53059,Kia Lang Iii,"Suite 442 993 Kohler Streets, West Lucila, HI 05615",+16298179977,romeo_raynor@white-oconnell.test,False,53059
55556,Joey Okuneva,"4604 Kertzmann River, Lake Jarod, MD 59069",+14379109841,edison.gerlach@hettinger-purdy.test,False,55556
55101,Dr. Norbert Collins,"Apt. 857 744 Roni Squares, New Bufordmouth, NE 50245-0058",+15768181571,modesto_stamm@collier.test,True,55101
54853,Lacy Armstrong,"Apt. 966 1434 Padberg Lock, East Marcelino, ID 50186-1846",+13231879101,terry.lemke@hickle-oreilly.test,False,54853
55191,Eldridge Quitzon Dds,"891 Gilberto Wall, East Cortneyport, MS 23554-1903",+15609021549,leonel.altenwerth@huels-abshire.example,False,55191
53890,Matt Morar,"Suite 405 862 Schroeder Spurs, East Janita, NM 99903",+15258419960,leonel@fritsch.test,False,53890
53925,Temika Stiedemann,"Apt. 912 856 Jody Brooks, East Josephinaside, ND 81043",+15763188706,hershel@lind.test,False,53925
55788,Trey Mclaughlin,"8932 Smith Motorway, Port Hanneloreland, OH 77070",+16280770449,arnette_jaskolski@sawayn-abbott.test,False,55788
53325,Agnes Kris Lld,"Apt. 296 641 Petrina Court, Mindychester, NJ 66288",+15235845544,sarai_cormier@feest.test,True,53325
55554,Mrs. Carrie Feest,"Apt. 429 4744 Schmidt Rapids, North Jetta, DE 82391",+17519380784,dwain_barrows@grant.example,False,55554
53563,Hyon Wuckert,"298 Booker Divide, New Lindsayville, CT 10250-8689",+15744459855,lannie.sporer@kuhic-kiehn.example,False,53563
55299,Gov. Chrystal Macgyver,"841 Maynard Camp, Joycelyntown, VT 40082",+17738706887,rozella@dietrich.example,False,55299
54059,Pres. Kory Kshlerin,"Suite 632 97660 Prohaska Freeway, Emileborough, VT 77114-9440",+14761842953,diego@zemlak.test,False,54059
54054,Andres Gulgowski,"Suite 583 533 Willms Fall, Sanfordchester, VT 16671",+15485162958,clement.schroeder@kulas-oberbrunner.example,False,54054
53353,Belkis Wolff,"Apt. 196 8141 Klein Run, New Jeff, ID 31872",+11870333686,eddie@howe-bruen.test,False,53353
53723,Jacquelyn Weimann,"Suite 697 747 Weber Prairie, Brownport, IA 97443-5809",+17369360480,april.osinski@marks-swift.example,False,53723
53034,Vena Bernhard,"831 Emil Trace, Port Deannaburgh, AZ 75136",+17334722771,stephen@halvorson-kuvalis.test,False,53034
53741,Elfriede Swift,"Apt. 348 16535 Lang Rapids, Leslieton, MT 50700-3353",+14030877526,staci.ferry@heathcote-mraz.test,False,53741
53295,Sharyn Hackett,"Apt. 951 439 McClure Groves, Lake Jed, GA 30163-4025",+13684383849,susana@baumbach.test,False,53295
54317,Mrs. Dante Sawayn,"Apt. 864 476 Laure Radial, East Bryce, RI 80320-2527",+19674299890,desirae@wiegand-greenfelder.test,False,54317
54343,Jamel Nikolaus Dds,"Suite 490 8409 Ben Mount, East Myraside, WY 68438",+18435194584,royal@bahringer.test,False,54343
54622,Marvin Mcglynn,"405 Littel Prairie, Chaseview, SC 87877-6949",+12659674823,rubye.fritsch@waelchi-smitham.example,False,54622
55684,Charlie Kreiger,"Suite 747 45219 Leslie Lodge, Bauchchester, NH 74902-9784",+17977466031,les@blanda-stracke.test,False,55684
54482,Hector Tillman,"Apt. 988 9786 Rusty Camp, South Easterland, PA 13685-0409",+16740551187,candelaria@robel.test,False,54482
55393,Christopher Hane,"62085 Pfannerstill Locks, South Ahmedborough, ME 03866-7610",+15390805772,sophie@kunze.example,False,55393
55168,Maisha Gleichner,"Apt. 624 6611 Garrett Village, Manualland, AZ 73017",+11206344189,xavier@halvorson-kautzer.test,False,55168
54647,Katheleen Auer,"Suite 648 9008 Erdman Junction, Breanaborough, GA 86512-5383",+19328100035,nicola@bahringer.test,False,54647
54759,Sen. Denny Mertz,"37606 Carl Stravenue, Cronaberg, AL 66717-9080",+18264474066,milford_bogisich@rosenbaum.example,False,54759
53375,Brendon Bradtke,"102 Thomasine Park, Collinsborough, VA 50428-6622",+18536692373,elvira@blanda-kihn.example,False,53375
55527,Louis Nader,"Apt. 774 6655 Stokes Dale, South Ardell, AZ 83710-1212",+16407658354,guillermina_hane@kris-auer.example,False,55527
53186,Porsha Graham Lld,"Apt. 896 520 Maximo Fork, North Cedrickland, VA 48871-7109",+16413911314,reggie.medhurst@cremin.example,True,53186
55612,Jaimie Balistreri,"Suite 827 1420 Oberbrunner Common, Romaguerastad, IN 77859",+14240242214,vanda@larson-adams.test,False,55612
54629,Raquel Barton,"9395 Dinorah Burg, Lake Ezequieltown, AR 68635",+19618398561,prudence@mante.example,False,54629
54783,Avelina Rath Iv,"2329 Rocco Highway, West Kenny, KS 84556",+12892536181,birgit.dietrich@wilkinson.example,False,54783
54334,Virgil O'Kon,"Suite 936 83622 Parisian Plains, Tianaside, SD 73569-3669",+17418249361,claribel.volkman@lemke-shanahan.test,False,54334
53114,Willard Hane,"8631 Robert Plain, Emanuelchester, OH 91769",+12307587366,cinda_fahey@feil.test,False,53114
53245,Johnny Kling Sr.,"957 Sawayn Walks, Lake Kelvin, NE 06419-2537",+19946836317,kendrick.macejkovic@hammes.test,False,53245
53854,Kraig Johns,"9287 Bartoletti Walks, Olinview, NH 24930",+14935067403,marcel@funk-welch.example,False,53854
54483,Domenic Thompson,"5610 Johnnie Brook, Devinfurt, VA 50546",+18724610993,richard_ernser@gerhold.test,False,54483
54610,Fr. Nidia Mraz,"Apt. 361 16170 Crooks Fields, Lake Guy, NJ 75603",+19103015599,caitlin.mclaughlin@schumm-monahan.test,False,54610
54135,Israel Considine,"93154 Ellsworth Plains, Hickleside, NJ 36802",+17375443162,ronnie_kemmer@metz-dickinson.example,True,54135
54570,Darius Reichel Jr.,"3004 Hauck Ranch, Krisberg, NM 69978",+11700738718,sydney_doyle@towne-hessel.example,False,54570
55768,Monroe Spinka,"96013 Hudson Falls, Hirtheport, MS 55209",+12000509341,patty.tremblay@flatley.test,False,55768
53721,Gricelda Funk,"Suite 472 53614 Gleichner Lock, Alinabury, LA 24165",+18119380258,luis_franecki@krajcik.example,False,53721
55181,Rev. Benedict Medhurst,"11190 Kozey Springs, Lake Summer, UT 70544",+11941479541,olinda_marquardt@runolfsdottir.example,False,55181
54569,Zachery Anderson,"Suite 207 791 Hills Causeway, Port Regena, NJ 74867-0818",+13586467936,virgil_schowalter@mayer.test,False,54569
55666,Tamekia Bernhard,"98049 Sauer Route, Port Mellie, MD 48088",+12833403639,keturah.zboncak@mcclure.test,False,55666
54025,Jarred Goldner,"18647 Corey Parkways, New Desiraeborough, NH 09814-2496",+13089508718,ferne@mitchell.example,False,54025
55404,Benito Friesen,"Apt. 462 379 Bins Roads, Paucekmouth, CT 03007-1766",+17402717526,stan.roberts@gislason.example,False,55404
54149,Luciano Howell,"Apt. 235 63603 Yost Course, Dorothymouth, AK 56222",+16295905474,fletcher_haag@mante.example,False,54149
55049,Luanna Heathcote,"Apt. 526 857 Walsh Falls, Millerport, KS 39301",+13873070990,summer.hoppe@lueilwitz.test,True,55049
55256,Stefan Hansen,"Apt. 673 458 Batz Row, Hesselview, AZ 31539",+17038580090,hailey_terry@cassin.test,False,55256
53504,Felton West,"6240 Borer Terrace, West Shawn, OH 92247-6386",+16319984988,laine@considine.test,False,53504
54746,Daniel Paucek,"Apt. 310 61660 Hilpert Pass, South Yuki, KS 59362",+13824873811,julius.lockman@turner.test,False,54746
54538,Amb. Deandre Wehner,"Apt. 498 92763 Runolfsdottir Point, East Youlandaport, AR 39462",+18412532193,bell.hahn@predovic-sanford.test,False,54538
53101,Coleman Gutkowski Dds,"918 Vandervort Pass, Lake Easterberg, NV 92069",+16620138914,suzie@herman-mcclure.example,True,53101
55819,Verline Streich,"231 Colin Bridge, Abernathyborough, ME 29534",+15640448491,glenn@hansen.example,False,55819
54583,Elizebeth Lynch,"Apt. 389 2243 Fabian Vista, Howellchester, OR 08451",+18792907726,jefferey@effertz.test,False,54583
53849,Gov. Reid Baumbach,"Suite 846 281 Effertz Expressway, Goldnerborough, NC 42297",+18607539049,sona@pacocha-west.test,False,53849
55380,Moshe Farrell,"Suite 261 95938 Lang Wells, Rohanberg, KY 74480",+14938354556,marlana.jacobs@hackett-batz.test,False,55380
54391,Porter Block,"95043 Breitenberg Fields, Angelicaborough, RI 31421-1548",+19660919336,adrienne@schaefer.example,False,54391
54985,Fernando Kling,"210 Jast Expressway, West Andrew, NE 77396-2522",+16889061293,marylin.gutkowski@fadel.test,False,54985
55642,Gary Brown,"Suite 838 694 Robel Fall, Greenfeldermouth, VT 97938",+17067435675,beverley.kuvalis@blick-ullrich.example,False,55642
53463,Ty Weissnat,"Apt. 650 180 Pouros Shoals, East Yingfurt, HI 11158",+13662349633,steve.dare@muller.example,False,53463
53576,Ambrose Baumbach,"Apt. 985 5560 Bailey Ranch, West Johnathonport, NJ 16425-3220",+18790673168,josue_torphy@koss.example,False,53576
53613,Valorie Osinski,"Apt. 926 8408 Erminia Forge, West Parisbury, TX 86922-4869",+14071055925,kareem.morar@senger.test,False,53613
55800,Amb. Isiah Stoltenberg,"Suite 121 42499 Hickle Center, Marquisbury, NE 13898-4135",+12220509475,charley@sawayn-daugherty.example,False,55800
55289,Moses Cummings,"Apt. 782 286 Zieme Mountain, Deangelohaven, NM 47413-7785",+14713910626,chet@runolfsson.test,False,55289
55121,Anastasia Purdy,"26587 Klein Meadows, Samuelshire, WA 70041-2564",+14378919284,dede@carter.example,False,55121
54057,Treena Kertzmann,"794 Veum Mews, Boganside, NH 20021",+18611690959,guy.ferry@rowe.example,False,54057
53052,Christian Russel,"18346 Nitzsche River, Loisfort, AR 93396-7393",+11846956978,timmy@schiller-langosh.example,False,53052
55143,Tracee Labadie,"754 Rayford Turnpike, Ronaldchester, GA 26854",+16916650902,luis@olson-pacocha.test,False,55143
53865,Prof. Stefan Kreiger,"Suite 634 1729 Weber Groves, Buckridgebury, FL 37994-0713",+12547518765,xochitl@howell.example,False,53865
55502,Kimberly Keebler,"Suite 590 75443 Leffler Plaza, Lake Carrollville, IA 03714",+15232597761,fernando@cassin.example,False,55502
55278,Venetta Bartell,"278 Abernathy Knoll, Cesarville, KS 01781-4503",+11419927088,tina.hoeger@rodriguez.test,False,55278
55036,Rep. Florentino Wolff,"Suite 824 738 Satterfield Points, West Terrance, AR 78170-2419",+11482859492,sadye@denesik.example,False,55036
53754,Avery Borer,"424 Tod Cliff, Delbertfurt, KY 59464-1147",+19954388287,danita_bosco@mcclure-dickens.example,False,53754
54290,Kevin Sipes,"Suite 776 521 Carlo Trail, Port Nilsaberg, MD 56635-2707",+14408879235,lisette.bernier@gleichner-franecki.test,False,54290
53358,Yvonne Nader,"Suite 686 340 Chadwick Dale, Donaldshire, AR 97648",+15308492170,doreen@pollich-heller.example,False,53358
55721,Janise Rogahn,"Apt. 705 430 Grimes Orchard, Rogahnside, OR 27305",+19541609951,bell.padberg@feeney-mcdermott.test,False,55721
54993,Fr. Denis Raynor,"Apt. 546 80595 Little Islands, Lake Al, NV 81762",+17723583907,florencio@mclaughlin-jerde.test,False,54993
54362,Rep. Courtney Wuckert,"Suite 165 86791 Tommie Mountain, North Venessa, CO 57480",+18893823847,otis_murazik@macgyver-metz.example,True,54362
53698,Cesar Turcotte,"56094 Nickole Crossroad, Jacquiberg, CO 97119-1970",+18803240857,gracia_cruickshank@murazik-koss.example,True,53698
53091,Damion Flatley,"7708 Schmeler Mission, Adrienetown, FL 16203-6346",+13203475534,garland.mcclure@simonis.example,False,53091
54399,Felicitas Howe,"7076 Vandervort Court, Lakinland, WA 20282-0594",+11654998198,warren@muller-muller.example,False,54399
54703,Rosario Legros,"8186 Miller Plaza, West Dewey, IA 90063-6768",+19421574251,gregg.berge@yost-pagac.test,False,54703
54693,Mohammed Stroman,"2619 Latricia Valleys, South Andresshire, NY 49663",+16127246800,lyndsay@mckenzie.test,False,54693
54470,Larry Mclaughlin,"3596 Len Crossing, Port Shaunnaborough, NJ 41861",+18077232693,milagros@muller.test,False,54470
54539,Jared Littel,"Apt. 798 3357 Kozey Prairie, West Jesuston, ID 00386",+13091896213,jolyn@botsford.test,False,54539
53036,The Hon. Felix Bradtke,"66921 Bruen Turnpike, South Pat, KY 32620",+16683165535,kassie@vonrueden.example,False,53036
55374,Harmony Klocko,"Apt. 756 9929 Grant Ports, Port Lacy, OK 12741",+11757903752,carmen@fay-grimes.example,False,55374
53945,Fr. Kurt Mayert,"8025 Armstrong Ranch, Strackechester, NJ 80848-0580",+18416597079,moises@ernser.example,False,53945
54267,Caitlyn Gottlieb,"Suite 176 4285 Phillip Manor, West Ulyssesside, NV 31062-7154",+11217017329,edmund_davis@marquardt-crona.test,False,54267
55762,Msgr. Aurelio Douglas,"3184 Gleichner Village, West Buckview, AZ 59354-1119",+16052408788,vaughn_nader@cassin.test,False,55762
54663,Dr. Geraldo Nikolaus,"744 Satterfield Parks, Hanhfort, NJ 19248-3481",+17814242968,eli@wiegand.test,False,54663
54280,Mr. Lyndia Lemke,"Suite 916 942 Sauer Vista, Mayburgh, PA 08219-9670",+13136066128,adolph@blick.test,False,54280
54001,Son Cartwright,"39921 Becker Terrace, Cathifurt, NJ 25012",+11049592443,devin@hilll.test,False,54001
53634,Tommie Collins,"Suite 966 9935 Fadel River, South Fausto, GA 78046",+18168863076,salvador@ratke.example,True,53634
53916,Janis Walsh Jr.,"Apt. 139 1873 Greenholt Lake, Lake Greggfort, KS 26260",+18842606337,celia@haag.example,False,53916
55778,Evan Schinner,"4904 Mckinley Wells, Ritchiemouth, NM 05061",+19884609911,abdul.doyle@oconnell.example,False,55778
54241,Lucy Smith Md,"Suite 794 681 Ondricka Estates, Boscoville, TN 76636",+16129033384,johnson@moore-weimann.test,False,54241
53116,Emilio Keebler,"759 Toby Pine, Nestorshire, KY 82705",+17348530129,delphine@runte-langosh.example,False,53116
55522,Prof. Jerrie Dickinson,"Suite 342 1196 Susannah Square, D'Amorehaven, SC 45512-2063",+16116464671,moses@kris.test,False,55522
55728,Miss Floyd Kuphal,"Suite 569 784 Quitzon Shore, Masakoshire, LA 50004",+18929958965,mellissa_sauer@renner-feil.example,False,55728
54319,Adolph Keeling,"Suite 626 71035 Lynch Canyon, Korymouth, TX 54648-3300",+19158440714,mohammad_huel@corwin-hessel.test,False,54319
53520,Jacinto Kutch,"458 Stehr Port, Port Kristel, FL 25652-4789",+11837190835,jeremy@spinka-spencer.test,False,53520
55192,Allison Herzog Do,"Apt. 142 6277 Marcelino Unions, Faheyhaven, OR 42296",+15525921946,rickey@ritchie-corkery.test,False,55192
54796,Michale Greenholt,"12163 Harley Crest, North Devoraport, HI 03490-2468",+15427423354,jesus@wyman.example,False,54796
53519,Pres. Perry Goldner,"Apt. 404 70629 Jordan Manor, East Bret, MA 03116-1712",+12574425378,henry_fadel@baumbach.example,False,53519
54029,The Hon. Kenny Weissnat,"991 Lind Valley, Johnnyborough, RI 94406",+11876211866,dexter@bechtelar-upton.test,False,54029
54713,Foster Krajcik,"6577 Lindgren Oval, Muellerland, FL 13907",+18300010436,sandra_hagenes@bauch-mclaughlin.test,False,54713
54426,Rob Von Ret.,"Apt. 214 8070 Pfeffer Springs, Port Chanamouth, PA 36111",+17236923114,wilson@kutch.example,True,54426
53836,Rep. Grace Reichert,"474 Hackett Mills, Farrelltown, MO 85562-4743",+11872949476,marco_brown@kautzer.example,False,53836
55825,Ashlea Bednar,Unknown,+12552892317,stephen.kautzer@huels-cummings.example,False,55825
55011,Prof. Bert Jacobs,"10885 Rice Glens, Tillmanbury, MN 28449-9102",+18438590373,lasandra.lowe@torp.test,True,55011
55156,Maryland Mann,"9522 Lueilwitz Mews, Bartonport, MA 59200",+19191950489,son@johnston.example,False,55156
53333,Genesis Stroman I,"9165 Antonia Lodge, Valenehaven, RI 75742",+18178688824,maida@mckenzie.test,False,53333
53316,Aron Stoltenberg,"53970 Steuber Fields, Antionemouth, SD 22457-5032",+18974653992,codi.kovacek@turner-hackett.test,False,53316
53511,Antoinette Gerlach,"7931 Noe Green, Lake Louis, NE 22889-7160",+19265638285,francis_fadel@jenkins.example,False,53511
54304,Ike Renner V,"2508 Victor Run, Wiltonville, GA 13514-3389",+16502977920,leopoldo@mann-halvorson.test,False,54304
55243,Kara Donnelly Iv,"Suite 111 72920 Weldon Motorway, North Lyndsay, DE 39837-2172",+15452442133,eldora.walsh@wisozk.test,False,55243
54179,Joeann Mcclure V,"699 Thelma Trace, Auerview, ME 26656-9545",+16522951874,theda@prohaska-raynor.test,False,54179
54708,Tyson Rolfson Lld,"4977 Christiansen Union, Gradystad, FL 63600",+14712348929,junita@beer.test,True,54708
54984,Maybell Ruecker,"352 Block Point, McLaughlinfort, UT 76135-8623",+11418133106,raphael@beahan.example,False,54984
54211,Milagro Carter,"31430 Farrell Loaf, East Lula, VA 38045-5566",+17984044431,carlton@langosh-schiller.test,False,54211
53378,Scotty Bailey,"9977 Lubowitz Shores, Pamalabury, WY 39039-0610",+18042563351,cicely.williamson@sipes-hermiston.test,True,53378
55518,Cole Ferry,"Suite 553 943 Leo Wall, South Ferdinand, MO 69440-4449",+16203502008,michael.paucek@grimes-heller.example,True,55518
53826,An Batz Dds,"41794 Satterfield Flats, Lake Kelsieberg, SC 23907",+16275896528,britany.wilderman@reynolds.example,False,53826
54439,Davis Macejkovic,"7090 Fritsch Coves, Weberport, LA 98542",+13730632774,augustus@murazik.test,False,54439
54564,Melvin Schneider,"Apt. 267 105 Graham Road, West Leandro, UT 45744",+11880628134,amos_romaguera@rosenbaum.test,False,54564
53508,Oswaldo West Jr.,"Apt. 555 70806 Gibson Fork, Gleichnerville, ND 45856-8737",+13410733327,gennie@quitzon-crist.test,False,53508
53960,Ms. Vicky Maggio,"48220 Rippin Manor, Lake Jackieburgh, NV 82582-3175",+12840478747,darryl_jones@anderson.test,False,53960
55317,Sen. Nathanael Hoppe,"9786 Brain Roads, Galinahaven, KY 54253-0103",+19524531096,leopoldo@gislason-larkin.test,False,55317
53729,Msgr. Miriam Daugherty,"Apt. 914 8049 Kendrick Junctions, East Wally, MN 09706-4374",+12353982899,lucio.bogisich@wisoky-predovic.test,False,53729
53239,Sen. Michelina Langworth,"128 Ralph Crossing, Raleightown, MS 53817",+13503758473,marisela@collins.example,False,53239
55517,Sybil Graham,"299 Romaguera Motorway, South Merrill, AZ 94739-4687",+16067110571,florencio@prohaska.test,False,55517
54719,Armando Gutkowski,"5295 Miguel Creek, Lake Pedroborough, NE 06736",+18078730769,dario.armstrong@koepp.example,False,54719
53781,Tyesha Bauch,"6124 Jamel Alley, Mylesberg, NM 54394-6800",+14409669125,ronny_hane@ziemann.example,False,53781
54954,Hildegarde Klein,"20523 Fisher Port, Lake Gino, WY 33319",+19799267600,rory@hammes.test,False,54954
53988,Ceola Ankunding,"615 Larson Light, Lake Fransisca, OK 47170",+19965364373,ted_mann@price-paucek.example,False,53988
54068,The Hon. Junior Ledner,"Apt. 931 374 Baumbach Station, Joelberg, IA 49544",+11006958316,shauna@bode.example,False,54068
55076,Ms. Dane Lindgren,"182 Roma Keys, Erminiaville, NH 35732-0450",+13516200756,zane_turcotte@nicolas-cole.example,False,55076
55020,Kenny Lowe,"Suite 869 5004 Cliff Corners, Uptonburgh, ME 49821",+14900703317,emmett@cummings.test,False,55020
55429,Idella Dubuque,"5890 Collier Cape, East Deandra, NE 79548-6423",+12509583005,zenia@hudson.test,False,55429
55635,Dr. Otis Ruecker,"Suite 126 4860 Shanda Summit, East Nicky, NV 04526-0097",+17213952416,alvera.rempel@schinner.test,False,55635
54696,Renaldo Little Cpa,"Suite 417 57401 Darrin Mill, West Alex, GA 80604-2206",+11120552430,alfonso.zboncak@schimmel.example,False,54696
53791,Cary Zemlak,"335 Tera Light, Charlottechester, KS 89833-7425",+17138080525,dee@goldner-luettgen.example,False,53791
54383,Lucas Medhurst,"96488 Deckow Street, Johnsport, CO 60864-0733",+12593587562,lucie@boyer.test,False,54383
53478,Alvin Boyer,"Apt. 183 3675 Nienow Harbor, Brownfurt, WA 36824",+13080454427,melynda@armstrong.test,False,53478
54443,The Hon. Vito Johns,"Apt. 910 662 Rice Coves, Breannmouth, KS 21201",+15537250492,brant@mitchell.test,False,54443
53644,The Hon. Kourtney Boehm,"Apt. 933 51089 Kenyatta Union, Lake Kathi, NH 40216-1785",+17310416556,particia@fadel-koch.example,False,53644
54183,Willia Denesik,"Suite 199 101 Roob Stravenue, Rosiatown, UT 26586",+15198161659,erik.wisozk@parker-legros.example,False,54183
54526,Mariano Armstrong,"383 Warner Light, Mrazland, IL 21141-9561",+13001472555,otto@jenkins-parisian.test,False,54526
53818,Brooke Douglas Vm,"93452 Ariel Pines, West Douglass, WY 38605-4027",+11798902290,nicolas@murray.example,False,53818
54791,Kara Bednar,"Suite 620 10038 Rippin Meadows, East Josphineberg, IN 54855",+17796782976,yetta@gerlach.example,False,54791
53767,Hai Graham Iv,"60770 Clifton Viaduct, Connside, MN 39354",+17809099739,delmy@jast.test,False,53767
54080,Fr. Trent Lebsack,"Apt. 796 357 Cremin Estate, Carsonport, SC 09287",+19681103808,toby@kemmer.example,False,54080
53690,Bell Gleichner,"31707 Ike Square, Keeleychester, AR 20495-5872",+13937236280,annamae.waelchi@mcclure-luettgen.test,False,53690
55659,Del Kiehn,"Apt. 168 462 Julian Union, Weimannport, CA 83820-7015",+18612639510,dusty@runolfsson.test,False,55659
54074,Garth Douglas,"68447 Padberg Manors, Port Renita, MS 75294",+13331157130,cortney_jacobson@gibson.example,False,54074
53234,Msgr. Delma Ullrich,"12322 Lindgren Park, Luellaville, MI 79736-9322",+11622367390,miranda.pacocha@cruickshank.example,False,53234
55785,Rashad Heidenreich,"Apt. 286 90210 Jamie Ramp, New Ingershire, TN 58277-2192",+12374683171,judi@collins.test,False,55785
55599,Claude Crist,"31890 Aracely Throughway, East Marcelina, ID 89487",+16481483924,brandi.mayert@russel.test,False,55599
54906,Lesha Lind,"Apt. 943 2683 Edmund Locks, Zboncakmouth, AK 19018-1247",+13427586247,chi_runte@kling.test,False,54906
54721,Rosario Conroy,"Apt. 987 6044 Jaskolski Curve, Auershire, MO 12984-0414",+17822194800,omar@beahan.test,True,54721
53586,Palmer Predovic Do,"Apt. 460 198 Reed Grove, Kimport, AK 69164-0840",+15023246468,kanesha_greenholt@boyle.example,False,53586
55112,Gilbert Ondricka,"Apt. 587 58312 Douglas Island, North Chaunceyport, MS 07810",+16989233727,karey@beer.test,False,55112
54318,Korey Kreiger,"Suite 873 6084 Cliff Garden, Craigstad, GA 96867",+15308231758,raymundo_stiedemann@lehner-ullrich.test,False,54318
53727,Bo Hessel Esq.,"8770 Streich Ridge, North Isidraton, VA 56009-3926",+15658402509,georgiana@kuhn-keebler.example,True,53727
55792,Rep. Rudy Rempel,"Suite 838 18278 Darwin Park, Tillmanport, IN 82631",+19645676610,tijuana@runolfsdottir-schowalter.test,False,55792
53770,Brandy Cole,"14109 Swift Heights, Shanahanport, SD 48688-6423",+12524251736,natalie@keebler.example,True,53770
54975,Rev. Lauren Treutel,"30545 Dallas Spring, Port Carmelo, NC 77285-3736",+11796321300,shonta@haley-robel.test,False,54975
53428,Rachell Ullrich,"397 Herbert Manors, Port Micheal, MN 16114",+15643284999,georgeanna_wisoky@schamberger.test,False,53428
55498,Ellena Schamberger Iii,"Apt. 589 5448 Monroe Prairie, Port Hipolitoshire, NJ 40802-2429",+18452447367,madge@crist.example,False,55498
54189,George Stanton,"Apt. 125 938 Beer Fords, Sethville, SD 36663-7705",+18586679336,alvaro.jaskolski@boyer.test,False,54189
54193,Lino Lebsack,"35253 Robt Mission, New Mindy, NV 32751",+17093370168,tyron.leffler@krajcik.test,False,54193
54198,Noriko Green Phd,"Suite 153 3739 Armstrong Plain, Nealfurt, VA 26421",+19848070626,cole@stehr.example,False,54198
54533,Margeret Maggio,"546 Gulgowski Wall, Millicentshire, CO 29235-5930",+11856885436,chung_flatley@grant.example,True,54533
54990,Ira Schimmel Md,"Suite 175 5049 Koss Passage, Andreshaven, ME 25077",+14974361792,antonia.kuphal@dietrich-gleason.example,False,54990
53205,Esperanza Huel Cpa,"Apt. 144 79931 Johnathon Center, North Darwinville, AK 49015-1107",+13973158023,margeret@macejkovic.example,False,53205
55761,Anna Mayert,"6065 Leffler Shoals, North Dusty, WV 79125-6999",+17827145749,kirstie_luettgen@ritchie.test,False,55761
54726,Coy Nikolaus,"Suite 903 2434 Weber Coves, Kreigerberg, TN 21911",+13727978016,jeremiah_rodriguez@hintz-fritsch.test,True,54726
55618,Shirley Conn,"Suite 192 51985 Prosacco Mount, Kaitlinton, WY 29246-0730",+19376222062,deandre@metz-crist.example,True,55618
54711,Miss Alena Price,"Apt. 838 50462 Langosh Villages, Dagmarside, AL 82900",+12615372771,ramona_wiegand@goodwin.example,False,54711
55772,Magdalena Connelly,"Suite 690 800 McDermott Causeway, New Nanceeside, KY 09948",+16083013024,rayford@romaguera.example,True,55772
55064,Prof. Shelton Rodriguez,"58148 Theodora Lodge, West Kelvin, MN 97416-1222",+18771338779,tracy.kulas@ruecker.test,False,55064
55262,Myong Yost,"8754 Ondricka Spur, Lake Clay, MA 65919",+11636268224,nathaniel@jerde.example,False,55262
55237,Nickolas Cole,"403 Nigel Terrace, New Clarisa, ND 42639",+16569265536,brenda@corkery.example,True,55237
53828,Maria Considine,"Suite 797 6453 Hilpert Square, Nienowside, LA 21109-6617",+15388585996,rafael.rowe@murphy-romaguera.example,True,53828
53242,Gary Schaefer Md,"Suite 292 666 Denny Walks, Kundeville, NV 03452",+17755980095,bo@torphy.example,False,53242
54237,Brock Wisoky,"618 Baumbach Drive, East Cortneyport, HI 33489-8558",+18998841606,sumiko@medhurst.example,False,54237
55519,Faustina Dickens,"Apt. 966 172 Bogan Ville, Kerluketon, LA 15295-1249",+18135126737,rosalina@dibbert.example,False,55519
55124,Ms. Quinton Treutel,"Suite 430 9904 Kimbra Isle, Port Georgianaborough, WV 70866-5405",+17589516191,verda@bayer.example,False,55124
54933,Floyd Windler V,"94965 Maris Ville, Hanechester, WA 64705-6187",+14791629022,tawny_balistreri@jaskolski-emard.example,False,54933
54542,Valentin Hermiston,"Apt. 827 1463 Audrie Passage, North Joanaville, ID 17009",+11751951367,elliott@schaden-abshire.test,False,54542
55753,Fr. Ruth Macejkovic,"37727 Rosina Summit, East Scarlet, VT 69023",+16567437026,margherita_spencer@goldner.test,False,55753
55482,Argentina Steuber Vm,"Suite 164 7611 Lino Islands, Port Eddiebury, WA 88472",+18429064998,marvella.raynor@jaskolski.example,False,55482
54971,Samual Macgyver,"8216 Savanna Manor, Wisozkfort, NE 60556",+12202858093,isadora@cartwright.test,False,54971
53472,Amb. Sherlene Kohler,"Apt. 703 9810 Stoltenberg Rapids, Port Scottie, KS 06787",+11654017407,emile.bradtke@gutmann-beer.example,False,53472
54316,Milan Rodriguez,"Apt. 345 24610 Isabel Tunnel, Tawandaton, FL 99842-9011",+19500041550,ricardo@lemke.test,False,54316
55827,Sang Blick,"8710 Minh Estate, New Jamilamouth, RI 63529-0155",+19193720587,leonel@green-huel.test,False,55827
54924,Gregorio Schaden,"931 Anderson Fort, Alycemouth, CO 78203",+18388646452,dominick.quigley@hackett.example,False,54924
54047,Karol Kulas,"6834 Nikolaus Landing, Natalyaport, NM 05463-1339",+15189058636,joesph_reichert@reichert-corwin.test,False,54047
53217,Rev. Rashad Batz,"33973 Zemlak Radial, Conroymouth, HI 98642",+14928810331,glenn@zulauf.test,False,53217
53771,Julieta Rowe,"67318 Toy Village, Aufderharview, AK 56398",+12332451185,reuben@cruickshank.test,False,53771
55056,Ouida Bosco,"2173 Stiedemann Greens, Dickiton, VT 11674-3839",+16030769947,roscoe@hammes.example,False,55056
55559,Dario Abbott Sr.,"Suite 266 690 Alverta Club, Lake Weston, OR 92970",+13188160695,jana_littel@roob-kutch.example,False,55559
55325,Donn Gorczany,"Suite 534 85618 Jones Station, Classieberg, NE 43227",+13885577841,toni@romaguera.test,False,55325
53701,Kim Donnelly,"9389 Vicenta Garden, Marioport, AZ 59259",+11913145785,lance@muller.example,False,53701
55079,Brant Schuster,"464 Hansen Harbors, Denyseside, WV 21065",+16350573852,winter@kiehn.example,False,55079
55122,Kent Crona,"Apt. 962 9859 Will River, Hermannport, ND 78872",+14721129784,shanna_hand@kihn.test,False,55122
53321,Fr. Myles Schimmel,"1148 Frida Groves, Queenton, MD 13673",+15095930459,jacinto@roob.test,False,53321
53831,Avril Jones,"928 Santana Haven, West Danfurt, LA 86336-8141",+14380697435,herbert.jones@abshire.test,False,53831
54329,Earnest Hansen,"7329 Anthony Junction, North Georgetteborough, NM 28998",+14492356262,barb.howell@hilll.example,False,54329
54046,Freddie Rau,"478 Terry Garden, East Cariemouth, OK 52884",+13227810389,randall@ritchie.example,False,54046
54691,Rosalee Nienow,"Suite 874 74687 Margie Viaduct, Weldonberg, KS 93860",+18380166300,joeann_kiehn@bauch.test,False,54691
55829,Adelaide Stiedemann,"Suite 979 188 Roderick Track, New Devorahton, DE 12079",+13228225612,missy_mcdermott@toy.example,False,55829
55560,Maud Rice,"12605 Lang Meadow, Port Sophiahaven, MA 26532-1773",+18736022051,lissa@bins.test,False,55560
55162,Emerald Becker Jr.,"Suite 293 1669 Scottie Summit, Lake Caryshire, AK 51408",+13762911794,lavelle@effertz-bergnaum.example,False,55162
55094,Edythe Boyle,"243 Eden Land, Sidneyfurt, NE 27342-1061",+16358998977,carol@larkin-roberts.example,False,55094
54071,Jamison Sporer,"Suite 191 2039 Hirthe Trail, North Arahaven, LA 32141-1828",+12593016940,dottie@bartell.test,False,54071
53783,Xuan Osinski Iv,"28392 Bechtelar Highway, Albertoton, MS 16965",+14661853596,numbers@mertz.test,False,53783
55274,Sen. Ashley Hintz,"83062 Eartha Dale, Annalisaland, AZ 28109-0745",+16386880642,alla_mills@graham-heidenreich.example,False,55274
54397,Rickie Pfeffer,"Suite 459 5867 Cummerata Isle, Lake Deannashire, IA 25268-2157",+11525857436,caryl_watsica@sanford.test,False,54397
55263,Prof. Chadwick Bernier,"596 Bergstrom Trace, Dwainside, IL 90551",+19394614521,delmer@price.example,False,55263
54619,Sen. Ivory Beatty,"Suite 553 92414 Hosea Hills, Rueckerton, AZ 74533",+12438092699,gavin@herman.example,False,54619
54020,Exie Casper,"635 Emery Village, Wilkinsonburgh, MD 54488",+14221431348,agustin@kuhn-doyle.test,False,54020
54600,Danuta Conn Lld,"9071 Reichert Fords, Jaspertown, ND 39011",+16444929200,genaro.fritsch@davis.example,True,54600
53998,Forest Ryan,"Apt. 163 60421 Floyd Dam, New Angelofort, IL 77559-4987",+16657444949,donita_rath@torp.test,False,53998
53044,Mickie Haag,"6467 Botsford Mountains, Kilbackfurt, NV 02708-7845",+18960074193,edwardo_balistreri@emard.test,False,53044
54299,Garry Witting Sr.,"63348 Harris Square, East Hungchester, NH 42593-2576",+16690083644,evon@heller.test,False,54299
54641,Sen. Nicolette Welch,"Suite 894 96737 Eloise Lock, Erynstad, CT 42726",+11043072139,jeanene@gislason.test,True,54641
55180,Catalina Konopelski V,"Suite 974 5992 Roberts Shore, Leuschkefort, NE 96796",+13487153921,thanh_kihn@langworth.test,False,55180
53077,Dominique Nicolas,"Apt. 766 23936 Enola Pass, Geraldoton, WA 45083-0130",+17947331091,elida@lynch.example,True,53077
54430,Mitchel Jaskolski,"Apt. 879 783 Franecki Highway, Sparklehaven, MD 29082",+13672939403,verena_terry@mayer.test,False,54430
55073,Amb. Benito Leuschke,"Apt. 512 719 Christiansen Street, Jerrymouth, ME 28234-1234",+17765743046,daron_legros@gutmann.test,False,55073
54592,Nicolas Leuschke,"71403 Loyce Loop, New Markettaberg, UT 21237",+17560930301,andreas@upton.test,True,54592
53646,Quinn Connelly,"57081 Krajcik Estate, East Celsa, WI 47428-5664",+13418428317,ozella.hayes@feeney-raynor.example,True,53646
53860,Andy Hermiston,"Suite 635 69139 Mindy Ports, Lake Elease, PA 34654-7786",+13253370366,wilber@skiles-pfeffer.test,False,53860
53603,Mr. Audria Buckridge,"Suite 856 747 Siu Highway, Lehnerside, UT 58668",+16547638066,alonso@terry.example,False,53603
53851,Prof. Reena Vonrueden,"869 Boyle Shoals, Nellbury, VT 34569-5954",+12025890476,herlinda@mcdermott.test,False,53851
55682,Diann Yost Dvm,"172 Eddie Way, Lake Lonnie, PA 73277",+11101335802,rueben_beer@cassin.example,False,55682
53658,Audrey Reinger Dvm,"Apt. 446 240 Jennine River, New Sangberg, OH 08147-0248",+11179341077,miyoko@parker.example,False,53658
54697,Archie Jerde,"Suite 134 3178 Onita Grove, North Diane, MN 07074",+18784726166,clarissa_hettinger@hermann-morar.example,False,54697
54752,Josephina Walter,"58188 Altenwerth Circle, Blaineview, OH 44788",+12979101930,tommy.wolff@cruickshank-adams.test,False,54752
54083,Willette Franecki,"Apt. 182 2798 Hilpert Shore, Tyishaview, ID 02093-0675",+19640538534,joaquin_deckow@greenfelder.example,False,54083
54572,Jermaine Brekke,"Suite 543 90130 Hayley Dale, Lakinport, AL 37833",+12510953080,lemuel@lehner.example,False,54572
54060,Moon Mertz,"254 Walter Hills, West Tristanville, AR 53275",+15223182525,rayford.mertz@pacocha.test,False,54060
54252,Kirk Dietrich,"Apt. 467 564 Columbus Island, Port Shadstad, NY 43060-8292",+17078522751,bailey@franecki-funk.test,False,54252
55251,Jerry Hahn,"959 Kiehn Lane, West Cleotilde, CA 51390",+18789486115,abdul.wisoky@haley.test,False,55251
53435,Dr. Dominic Kozey,"Apt. 556 1737 O'Hara Tunnel, East Tonitaville, NE 13036-6261",+18485950816,jaymie_casper@jast.example,False,53435
53409,Bradford Lakin,"2219 McGlynn Lock, South Robbyton, TN 93582-3365",+14536982044,jimmie@hintz-pouros.test,False,53409
54096,Shayne Kling,"3884 Cory Parks, East Gerry, MA 90163",+14325594459,cleo@welch.test,False,54096
55349,Darnell Greenfelder I,"9376 Muller Cliffs, Rutherfordchester, AZ 30949-9040",+13869469990,dewitt@hagenes.example,False,55349
55422,Rick Sipes,"633 Ali Lights, Jeanettaland, TN 53792-4270",+18866567185,merle@towne.test,False,55422
53309,Reagan Schiller,"95656 Isaiah Grove, New Lawandafort, CT 10683-0718",+11140227025,luke_hoppe@macejkovic.example,False,53309
54215,Theodore Collins Vm,"Suite 820 7095 Reilly Forge, Lake Janeechester, VT 31696",+13766329381,louis@ernser.example,True,54215
55184,Mr. Thad Turcotte,"7715 Mohr Green, Schummville, SD 37305-4712",+12406160978,shawn.feil@oberbrunner.example,True,55184
55658,Terence Batz,"Suite 456 76238 Hessel Trail, South Gaston, NY 07690",+18196049049,johnny@predovic-schamberger.test,False,55658
53460,Veda Mayer Md,"Suite 581 479 Sauer Pass, New Felipe, KS 84720",+11240838195,johnathan@emard-gibson.example,False,53460
53758,Kelvin Kunde,"1678 Migdalia Tunnel, East Christene, OR 20762-6722",+11216224537,keli@mraz.example,False,53758
53360,Mirta Greenholt Ret.,"980 Sacha Dam, South Rosarioport, TX 01486-2329",+11686451615,elvin@gislason.example,True,53360
53255,Iliana Jakubowski,"659 Champlin Summit, New Ava, SD 11205-4062",+14683383881,charlsie@lubowitz-kuvalis.test,False,53255
54090,Fr. Rosaura Lynch,"24959 Russel Corner, Leuschkeside, GA 94194-3369",+16285031579,foster@pouros.test,False,54090
53280,Maggie Krajcik,"Suite 829 6728 Jenifer Fork, Hollisstad, LA 51109",+13611813761,monica@stark.example,False,53280
53640,Matilda Beer,"38416 Jared Ridges, DuBuqueville, NJ 35908",+11996259541,na@schulist-rath.example,False,53640
53935,The Hon. Socorro Witting,"198 Homenick Roads, Lake Stacy, SC 80735",+17994026211,alec_strosin@gleichner.example,True,53935
55588,Michal Gerhold,"Suite 269 36010 Zulauf Locks, East Kaitlin, CT 99506",+19513078446,ashely.doyle@hane.test,False,55588
55209,Rep. Nigel Considine,"Suite 757 9040 Lynwood Camp, Wileyfort, CT 11563-1677",+18745217452,john@kuphal.example,True,55209
54261,Julie Hettinger,"Suite 755 31077 Rogelio Knolls, Annmariefort, RI 18209",+17528607642,rosamond_friesen@gleichner.example,False,54261
54460,Donnie Hahn,"4581 Wiegand Canyon, Port Samualfurt, OK 47561-2131",+16764593823,honey@collins.example,False,54460
54500,Kareem Zulauf,"Apt. 825 466 McKenzie Lights, South Graham, NH 79522",+14143107196,jamaal_dietrich@stamm-wintheiser.test,False,54500
53154,Pedro Spinka,"Suite 848 66531 Lashawna Shore, New Neva, IA 38962-4322",+13012950163,lavonna_borer@wilderman.example,False,53154
55460,Kennith Kozey,"5656 Asa Mews, North Lorianntown, VT 09582",+18340858190,rickie.wintheiser@little.test,False,55460
54164,Martin Marvin,"Suite 931 2456 Schamberger Plaza, West Travis, GA 05335",+18202502697,sid_pfannerstill@bashirian.example,False,54164
55026,Kum Schmitt Lld,"62325 Kym Square, Keithbury, FL 99169",+16426145388,lanell@mckenzie-strosin.example,True,55026
53086,Nicolas Bergstrom,"Suite 698 88443 Justin Fork, Port Melodiestad, AR 75650",+19313339022,nannette.bartell@thompson-kovacek.test,True,53086
53962,Mr. Mitch Robel,"Apt. 712 15945 Christiansen Shores, Jaimeshire, NH 68490",+12931360265,colton@doyle.test,False,53962
53521,Colby Kreiger Lld,"64293 Renay Course, New Robert, KS 03907",+12764926087,eric_swaniawski@jaskolski-leannon.test,True,53521
55678,Dr. Wilton Pagac,"Suite 804 504 Synthia Lodge, West Jeana, RI 19222",+19737475682,gertie@west-jacobi.test,False,55678
54227,Rep. Carlo Ritchie,"695 Schowalter Wells, Lonnyland, IA 91400",+17849248726,al_king@swaniawski.example,False,54227
53980,Junior Brekke Vm,"Suite 352 445 Earnest Lakes, New Tillie, HI 23946",+19172558819,noelle_leannon@abernathy-sipes.example,False,53980
55298,Luis Sporer,"Suite 671 2481 Ty View, Kemmerville, WI 13723-6060",+16521801137,denny_wisoky@spencer-green.test,False,55298
54550,Kyoko Kautzer,"492 Greg Station, Lueilwitzport, TX 80197",+15821818082,max@powlowski-smith.test,False,54550
54953,Bobbie Larkin,"Suite 669 412 Lashandra Lane, East Silasview, IA 18086",+16795178208,garret.schaefer@ratke.example,False,54953
55670,Eloy Heller,"607 Stacey Fort, Montychester, PA 69882",+16788675466,florida_windler@goldner.example,False,55670
54390,Caridad Nader,"Apt. 783 3266 Lovella Fields, Port Tonjashire, CT 93383",+15263543267,aracely_parker@bauch-dare.example,False,54390
54596,Marquis Haley,"21218 Natalia Walks, Mercedezmouth, VA 16216",+17712044368,kittie@lind-ritchie.test,False,54596
53447,Shandi Schulist,"Suite 644 704 Johnny Trail, Augustville, MN 26310",+13100757492,tisha@conroy.test,False,53447
54101,Cassaundra Douglas,"234 Wisoky Locks, Wittingberg, NC 99669-4032",+12276141927,duane.mcglynn@kunze-metz.example,False,54101
55336,Madaline Hartmann,"5198 Hintz Alley, Boscoborough, NH 21384-9997",+19362111272,charlotte_bechtelar@buckridge.example,False,55336
53307,Lemuel Vonrueden,"16795 Kiehn Shore, Rickieton, VA 19786-0527",+13883766809,ali@jones-hermiston.example,False,53307
55197,Eleni Hessel,"6575 Mosciski Road, West Gusview, WA 91182",+14027481497,nam.schultz@harber.example,False,55197
54626,Clark Hessel,"Suite 333 1917 Cherish Lodge, Marksberg, VT 70359-4611",+12148811891,keli_kassulke@quigley-walter.example,False,54626
53170,Margrett Predovic,"668 Waters Lakes, Stantonstad, OH 65949-2869",+14738526255,asia_ziemann@rogahn.example,True,53170
54593,Alberta Kris,"75132 Keeling Port, Deangelohaven, IN 44815-9346",+15266350718,erin_auer@pollich.test,False,54593
54058,Cornell Crooks,"Suite 227 66101 Sanford Lodge, Stromanland, DE 53746",+12884326406,wendell_nolan@casper.example,True,54058
55710,Cordia Murray,"Suite 584 4479 Metz Isle, South Katy, MA 16033-6435",+14622616979,monroe_hane@medhurst-boyer.example,True,55710
55130,Alexis Hettinger,"716 Marivel Garden, Lake Feliciafort, OR 57531",+19718354271,ernie@mccullough-leuschke.test,False,55130
54661,Shiela Schowalter,"Apt. 864 2553 Collins Burgs, New Reed, MN 57037-9017",+13515980861,mervin_wunsch@farrell.example,False,54661
55714,Mrs. Nigel Stiedemann,"571 Hamill Manors, New Queenburgh, MN 37831-0321",+11395519682,irish_heidenreich@yost.example,False,55714
54328,Zenobia Bednar Dvm,"380 Marina Pine, Chungfurt, RI 33473",+19468068229,rebecka@wilkinson.test,False,54328
54591,Elissa Greenfelder,"Suite 544 15079 Milford Falls, Kundechester, WY 54325-0436",+15971794198,denis_schmidt@bradtke.test,False,54591
54630,Glenn Swaniawski,"Apt. 539 101 Davis Mews, West Bernadine, ME 03100",+15001669347,clement_swift@prosacco-kertzmann.example,False,54630
54717,Giovanni Lubowitz,"Suite 975 270 Fabian Summit, Gregoryville, IA 24086-7553",+15852726140,clifford.greenfelder@welch.example,False,54717
55490,Wade Walsh Vm,"Apt. 143 80499 Graham Islands, Schillerland, ND 13668",+13646422239,javier@sauer.test,False,55490
53449,Booker Watsica,"Suite 220 303 Macejkovic Curve, West Marcelinemouth, DE 56814-3380",+15340312691,glynda@kirlin-wisoky.test,False,53449
53345,Delpha Orn,"201 Hartmann Common, Lake Pandora, NE 27501-2516",+18308755664,kaci@kihn.example,False,53345
53920,Osvaldo Bernhard,"6229 Hermiston Fork, Rueckertown, AZ 52276",+14579516189,lynna.lesch@conroy.example,False,53920
54882,Lavone Hane,"Apt. 676 82800 Lesch Vista, Lake Juliusmouth, WY 03114",+15002782593,stephaine@ortiz.test,False,54882
54511,Rodney Kovacek,"68869 Marcellus Loop, Port Janland, ND 09437-8198",+13498583454,terry_hilpert@konopelski.example,False,54511
53426,Annetta Watsica Iii,"Apt. 353 63629 Reginald Walk, Dodiemouth, ND 73655",+18765860826,clarita@goldner.test,False,53426
53633,Amb. Keturah Runte,"Suite 128 43712 Li Village, Macejkovicfurt, TN 78929",+15446756385,dennise.kertzmann@nicolas.test,False,53633
54753,Danial Torphy,"86898 Miguelina Island, North Rettaland, VT 65550",+16801981376,florencio_herzog@gibson-oconnell.example,False,54753
54687,Stanley Jacobi,"Apt. 486 79061 Estell Way, West Marty, IA 39339-8437",+14884387050,valene@pfannerstill.test,True,54687
53668,Collin Lubowitz,"Suite 266 384 Heidenreich Plaza, New Ismael, KY 00029",+14814466216,terence@rodriguez-rosenbaum.example,True,53668
54147,Pres. Dorian Corwin,"Suite 952 6115 Goldner Spurs, Gleasonview, MO 98613-2529",+13095497854,verona@ward.test,True,54147
54230,Laronda Becker,"Apt. 603 628 Sanford Port, Nickolasville, RI 22105",+13554303424,clemmie@fisher.example,False,54230
55708,Shelia Hackett,"Suite 387 4411 Sylvester Roads, Bartontown, NM 88548",+18916259840,ahmad@reinger.example,False,55708
53533,Lacy Swaniawski,"23068 Nick Streets, West Ricardoshire, NE 36602",+12680061307,shaun@dubuque-hessel.test,False,53533
55645,Peter Hintz,"Suite 411 1243 Turner Heights, Wizamouth, NE 38125",+16709077871,wesley.klocko@wiegand.example,False,55645
55205,Katlyn Wisoky,"186 Hye River, West Anjanettefurt, MS 89834",+16410206221,mauricio@gusikowski.example,False,55205
54488,Rogelio Stokes,"65304 Considine Fields, Lake Rebekahmouth, CT 82411",+16453347814,luise_powlowski@wilkinson-lebsack.test,False,54488
54594,Betsy Maggio,"8060 Irvin Island, North Nellieton, MN 70438-1648",+14966132623,delisa_greenfelder@grant-gutkowski.test,False,54594
53084,Winfred Larkin Jr.,"828 Miller Gardens, East Glayds, AZ 23519",+15230652612,elias.waters@oberbrunner.test,False,53084
54802,Annett Sipes,"61056 Wisozk Roads, Lake Andresland, VA 80835-0660",+12439825352,stefany@jast.example,False,54802
54931,Amb. Santiago Kovacek,"471 Becker Center, West Noelia, MT 30269",+12815185791,sammie@schowalter-hettinger.example,False,54931
53361,Mollie Heaney,"Suite 106 4681 Medhurst Bridge, Chungville, MI 22593-6848",+16271775990,randolph@erdman-wilderman.example,False,53361
53467,Celsa Schultz Phd,"Apt. 500 5811 Becker Circles, West Gerryport, NC 51615",+12284907443,chastity@lehner-rodriguez.example,False,53467
53763,Lemuel Von,"690 Bernhard Light, Nathanielmouth, WA 67573",+15902034557,arnette@wehner.test,False,53763
54880,Nestor Gulgowski,"Suite 564 83879 Suzie Lodge, Port Brenton, RI 38430",+14408185500,breann_stark@schaefer.example,False,54880
54729,Heath Gibson Md,"Suite 714 43959 Howell Road, East Omerstad, OH 22881",+16079341011,kyle.lockman@nader.example,False,54729
55774,Sebastian Terry,"Suite 642 5394 Henry Roads, Stammland, WA 09474",+11790822122,corey.turner@stoltenberg-cartwright.test,False,55774
55179,Nada Ernser Esq.,"Suite 459 84485 Jeniffer Rapids, Ginofort, NV 23316",+11850299358,jamaal.mayert@hickle.test,True,55179
55783,Rep. Lakesha Jaskolski,"Apt. 911 33639 Edmundo Pass, Luettgenfurt, WA 44155",+13666426167,brook_wisoky@leannon.test,False,55783
55701,Marylou Hamill,"Apt. 251 6640 Chan Dale, Lake Changchester, MI 14089-1451",+19743230658,loyd@lakin.example,False,55701
54251,Pres. Jesus Gleason,"21478 White Plain, Lasonyaview, OK 44346-6352",+18806172201,lanelle_towne@schuster.example,False,54251
53162,Mary Cruickshank,"32146 Prohaska Points, Lake Lindsayburgh, NJ 17403",+14211370461,gavin_bogan@wolf-funk.test,False,53162
55492,Armando O'Connell,"3293 Kimberley Pike, Framiland, IL 46487",+14939179822,ferdinand_hegmann@wehner.test,True,55492
53341,Lakeisha Wiza,"Apt. 637 66642 Isreal Motorway, Claudeton, MS 74761",+17603336492,milford_schultz@nolan-dooley.example,False,53341
55132,Kaye Greenholt,"554 Kurt Avenue, Armstrongshire, MA 20633",+15219785440,russel@renner.test,False,55132
53066,Will Rosenbaum,"625 Predovic Gateway, Tyreeport, NC 95951-8222",+12581256721,ossie@lynch.test,False,53066
54908,Margene Sanford,"397 Labadie Garden, North Jeromeland, OH 52176-9410",+12775417049,johanna.howell@blick.example,False,54908
54348,Merrill Bergnaum,"818 Swaniawski Courts, Teressaport, LA 01872",+11618462679,jennifer_rolfson@wolf-ernser.test,False,54348
55272,Jody Lesch,"Suite 206 676 Cummings Glen, Dorthaview, NJ 60878-0068",+15604511827,fernanda@murray.example,False,55272
53221,Jasper Simonis,"825 Wyman Cliff, Traciefort, WA 81575-7377",+18622966789,jon@jaskolski-altenwerth.test,False,53221
55523,Lianne Shields,"Apt. 737 1077 Koss Harbor, East Wilfordhaven, FL 52840-3982",+12339910670,teddy@lueilwitz.example,False,55523
54756,Sha Vonrueden,"9172 Shelby Landing, Jerdeshire, WA 30324",+11809272912,toney_denesik@connelly.example,False,54756
55395,Judie Sporer,"8740 Earl Stream, Balistrerihaven, NY 97853-4304",+12777076228,rueben@schoen-bechtelar.example,False,55395
53308,Brianne Marks Esq.,"16821 Wehner Canyon, East Devon, AK 09404",+15899432344,jamal@considine.test,True,53308
54014,The Hon. Robbie Cole,"5464 Roob Corners, West Lauran, NY 19104-4404",+19510866787,roma.kunde@cronin.example,True,54014
54760,Renae Effertz,"437 Octavio Pass, Port Ayako, HI 04526",+12315555188,ned.roob@conn-lakin.test,False,54760
53926,Geraldo Bradtke,"Apt. 191 65361 McCullough Centers, West Marlenaville, HI 49798",+18914980514,clinton@treutel.test,False,53926
53412,Quinton Denesik,"Apt. 225 8769 Quentin Drive, Iselatown, PA 16399-4488",+11411698443,lee@armstrong.example,False,53412
53957,Dorthea Roberts,"Apt. 449 440 Hills Ridge, Port Shan, IA 86598-7387",+11120561671,lee_ritchie@terry.example,False,53957
54066,Miss Shonda Bayer,"3411 Ilene Lights, East Mickeytown, SC 25063",+14046053213,karyn@huels-parisian.example,False,54066
55402,Grant Larkin,"39608 Kozey Trace, Mitchborough, GA 80635",+17084150889,virgilio@keebler.example,False,55402
54291,Zackary Lehner,"Suite 570 420 Herzog Squares, Hollisport, AL 58253",+17494454156,karole@lehner.test,False,54291
53194,Florene Marks,"54421 Darlene Lodge, Ryanville, VA 66897",+12089601292,marcos@gerlach.example,False,53194
53212,Cheryl Schaefer,"64034 Marianna Corner, Steviestad, ME 75279-2983",+16675115739,robt@dibbert.example,False,53212
54601,Chong Hessel,"1259 Collier Throughway, Yajairafurt, RI 38805-1075",+15258091590,gregoria@hilll.example,False,54601
53936,Msgr. Luba Mclaughlin,"Suite 336 267 Isaiah Cape, New Cletus, IA 60286",+16436638288,odelia@oconnell.example,False,53936
54065,Sen. Houston Kuphal,"Apt. 522 561 Tyree Station, East Erik, SC 63724-2072",+17234376767,jacki@heller.example,False,54065
53464,Sen. Andreas Keeling,"Apt. 872 96454 Anamaria Station, West Karolynburgh, HI 05003-8634",+13636351620,kenny_kub@gottlieb.example,False,53464
54236,Dwight Wolf,"Suite 991 2645 Jerica Stravenue, West Stephani, NJ 99182-0952",+15938373715,thanh_mitchell@klocko.test,False,54236
53235,Drew Konopelski,"2575 Corina Field, Juleshaven, MN 79054",+19534919194,noella_lehner@boyle.test,False,53235
55466,Shery Nicolas,"931 Rowe Path, Dudleyberg, MA 94671",+13264238769,quiana@anderson-reilly.example,True,55466
55652,Earline Marvin,"42740 Fumiko Lane, Travisfort, DE 52211",+13589229155,mauro.klein@gutkowski.example,False,55652
53171,Meggan Hyatt,"6754 Little Way, New Ezekielbury, VT 11140-0432",+19351281872,russel@wiza.test,False,53171
53301,Pres. Keith Hoppe,"2283 Kertzmann Crescent, Lake Janine, NE 58386",+18467141846,lynwood.dibbert@jenkins-krajcik.example,False,53301
55146,Sunni Senger Iii,"45615 Rohan Mills, North Bernieville, MO 89199-2735",+14299033044,effie_yundt@jast-gusikowski.example,False,55146
55283,Annamae Mclaughlin,"37040 Fritsch Alley, Lake Teresiaview, VA 83139-2117",+18918568184,alphonse_rice@okuneva.test,False,55283
55376,Gwenda Mertz,"56091 Josef Knoll, Haydeebury, CO 31016-3137",+19713479212,else@rutherford.example,False,55376
53657,Mariah Glover,"Suite 526 579 Willian Fork, Bertrambury, RI 58782-4428",+11977985409,jerrell.fritsch@blick-kerluke.example,False,53657
54271,Harley Considine,"Apt. 794 87959 Gene Passage, South Issac, HI 34978-8004",+13996580668,josef_hodkiewicz@reichert.example,True,54271
54247,Gov. Jeremiah Mcclure,"Apt. 532 3708 Shakita Knoll, South Juliettafort, AK 44320-0138",+19640169430,alishia.breitenberg@rosenbaum.test,False,54247
55075,Rubin Schiller,"Suite 641 750 Cormier Drive, Rosalbaview, NE 75938",+16584862026,tula@wunsch.test,False,55075
53697,Stefan Conn,"5112 Antwan Haven, South Jack, NJ 12541-4005",+18348175981,harold.oconnell@oreilly-kshlerin.test,True,53697
54158,Tomiko Abshire,"Apt. 588 164 Mertz Union, New Mandieshire, CA 37652",+17313318610,lonny_paucek@schinner.example,False,54158
55139,Prof. Jone Sawayn,"Suite 964 99798 Boyle Viaduct, New Noble, MI 49115",+16746259068,clarence.corkery@kuhic-champlin.test,False,55139
54618,Miss Miranda Dach,"Suite 348 248 Karlene Springs, Stoltenbergside, NC 90563-9070",+17678228758,mercedez@hackett.example,False,54618
53883,Ruby Jacobs Dvm,"623 Robert Mountain, Cinderellaview, CT 44220-4023",+17830650935,carmine_parisian@rath.test,True,53883
54411,Miss Miles Frami,"4441 Kiyoko Ridge, Farrellton, OH 63367-7587",+17766611730,marilee.kozey@bins.example,False,54411
53573,Teodoro Rolfson,"8799 Corkery Shoals, Rathfurt, AZ 07656",+16786514171,domenic@breitenberg.test,False,53573
55241,Julius Gottlieb,"Apt. 866 13965 VonRueden Orchard, Funkborough, LA 05038-2961",+13897865447,earlie_larkin@beahan.test,False,55241
53654,Delpha Kub,"Apt. 629 4913 Seymour Lodge, Audrieview, FL 93343-2089",+13295818526,maurine_cruickshank@lubowitz.example,False,53654
53844,Johnie Kautzer,"731 Hessel Viaduct, North Neida, ND 92935",+11623595002,kamilah@labadie.example,False,53844
55722,August King Do,"Suite 797 551 Antonio Well, New Cyrilburgh, FL 89299-1339",+12259341910,terry@willms-frami.example,False,55722
53189,Kent Hane,"723 Verlene Branch, Corinnaberg, OR 17747",+14990901720,stacey_dickinson@schulist-kemmer.example,False,53189
55021,Rev. Janine Howell,"84254 Nienow Cliffs, Scotstad, TN 25754-1108",+18390779052,ollie@erdman-emmerich.example,False,55021
53133,Mirtha Kuhlman,"1287 Norene Summit, South Barneyshire, DE 42133-3490",+19846889413,santo@sporer.example,False,53133
53481,The Hon. Lina Fay,"871 Connelly Expressway, Shanahanborough, NC 98984-1129",+15638180976,edmond.labadie@nicolas.test,False,53481
53663,Chris Gottlieb,"Suite 392 3654 Rowe Plains, Lake Elton, AR 99061-0215",+16538988429,rochelle@harris-heller.example,False,53663
55335,Jonathon Wolff,"292 Darcy Track, North Guillermostad, AL 46660-5877",+11428043565,claudio_hahn@towne-kub.test,False,55335
55548,Msgr. Rocco Oberbrunner,"Apt. 924 811 Adolph Park, West Queenbury, NE 36602-4678",+17381346096,lester_pouros@breitenberg-kuvalis.example,True,55548
54134,Catherin Bode,"41373 Kozey Locks, Lake Leopoldofort, OR 64073-9498",+14062479364,cecilia.kris@champlin-torp.example,False,54134
55782,Tarah Treutel,"Apt. 756 506 Avis Curve, North Tad, MS 06216-2947",+13330173675,dinorah_crist@corwin.test,False,55782
53118,Anthony Bechtelar,"Apt. 556 92550 Marion Trace, Harveyfurt, MN 54160-8678",+13244568995,barton.bosco@blanda-beer.example,False,53118
54801,Issac Herman,"6170 Florence Keys, Delmermouth, NC 90203",+17437594345,armando.deckow@collier-champlin.test,False,54801
55686,Stacia Lindgren,"1778 Kuvalis Via, Cleoport, WI 77221-6314",+17663430243,rickie@ortiz.test,False,55686
55242,Amb. Timika Raynor,"7569 Schiller Green, West Jackie, OK 07272-0470",+19790331726,vicente@mcglynn.test,False,55242
53191,Dorathy Bartoletti Iv,"Apt. 937 59813 Russel Terrace, North Larrymouth, IA 73254-3193",+19036005322,johnson.batz@considine.example,False,53191
54502,Sen. Donna Gibson,"8802 Jacobi Rest, Jeanton, WA 19354",+16452160988,romeo.bergstrom@mckenzie.example,False,54502
54612,Erin Corwin,"9817 Howell Mills, Willmsstad, DE 23013-5370",+12350357583,santana.schiller@lowe-bartell.example,True,54612
53993,Kimberlie Altenwerth,"92075 Ziemann Rest, Predovicview, NM 55273-6899",+14502178742,brenton@mosciski-ruecker.example,False,53993
53351,Jamal Orn,"88540 Celesta Court, Schoenshire, WY 29578-6370",+11583113678,brian@abbott.test,False,53351
55504,Ms. Jacque Rath,"Apt. 647 7640 Swift Mountain, Dorthyport, WI 35101-7979",+16622660646,solange_oconner@bogan.example,False,55504
53110,Lynwood Spinka,"Apt. 539 83274 Sharon Forges, Port Ronnibury, HI 87287",+17137446908,numbers.waelchi@schimmel-collins.test,False,53110
53992,Joe Kreiger,"2404 Rocco Route, Luettgenstad, DE 98673-2736",+14138668271,charles@rodriguez.example,False,53992
53414,Nicky Osinski,"Suite 498 17810 Lesley Pine, North Charlene, NM 08775",+12781861077,sal.ortiz@effertz.example,False,53414
54742,Opal Ortiz Vm,"34688 Gutmann Mews, Lindville, CO 31271",+12910354253,aimee@wintheiser.example,False,54742
55448,Heriberto Kozey Vm,"37451 Fredricka Summit, Wardberg, OR 63526-7118",+15374761370,clemente_satterfield@marks-kozey.test,False,55448
53951,Marlyn Stracke,"Suite 922 80955 Mills Court, Sandifort, CA 34915",+14086389375,gertie@weissnat-kris.example,False,53951
54200,Dawn Braun,"Suite 298 1763 Ledner Fork, Brettton, IA 56014-9744",+17826687477,jake_mayert@sauer.test,False,54200
54222,Luther Von,"95787 Tamica Land, Kohlerfort, NH 96515",+14501010494,tillie@zemlak-volkman.example,False,54222
55760,Lela Rosenbaum,"Apt. 251 94111 Orn Fork, West Jame, NC 73770-0298",+14614251448,walter@mccullough-green.test,False,55760
54864,Son Leannon,"Suite 269 72537 Marhta Junction, East Robt, MO 71875",+13728476998,erin_oreilly@emmerich-kohler.example,False,54864
55648,Mari Witting,"4619 Wm Route, East Edison, FL 92337",+15323525645,gary@harvey-windler.example,False,55648
54217,Devon Franecki Ret.,"5874 Marvin Plaza, East Joe, PA 74528",+17432191153,nicolle.kassulke@brekke.test,True,54217
53314,Troy Hagenes,"829 Karl Plain, East Tamiefort, LA 41974-4116",+16658497394,freida.schiller@deckow-roberts.example,False,53314
53909,Rev. Mitzi Ebert,"84732 Boyer Extensions, West Geoffrey, AR 78144",+15658925863,jamaal.morar@hills.test,False,53909
55131,Florentina Jacobson,"521 Karina Landing, Jacobsmouth, MI 86772",+14002849075,rosaria@stamm.test,True,55131
53143,Chae Koepp,"87814 Schamberger Squares, Steviemouth, HI 45774",+18001561957,alex@pouros.example,False,53143
55266,Cecelia Steuber,"Suite 733 9722 Gleason Loaf, Skilesfurt, IL 93520",+13075579228,maribeth@beahan.example,False,55266
55715,Elmo Roberts,"Suite 369 67552 Prosacco Isle, North Nevilleborough, IL 39156",+16917607530,jewel@schoen.test,False,55715
53885,Ila Greenfelder,"Suite 531 164 Dalene Run, Gretchenstad, ME 47337",+11716932925,pedro@champlin.example,False,53885
54197,Rowena Reinger,"198 Wolf Avenue, Jaskolskiville, ND 56816",+19328585956,hedy.batz@hoppe.example,False,54197
54621,Estefana Pagac,"301 Willis Mission, North Elzatown, CA 20973",+15473943364,samantha.beahan@kihn-thompson.example,False,54621
53061,Janey Bayer,"95044 Lan Springs, Rogahnland, UT 74142",+13998522086,melodi@kilback-macgyver.test,False,53061
55115,Ms. Kellie Lakin,"Suite 856 1347 Kessler Stream, Gusfurt, AZ 32618-1528",+19393818864,alphonse@botsford.test,False,55115
53038,Lissette Hammes,"529 Klocko Walk, Port Ezrastad, DE 67982-0769",+14072186133,waldo.kassulke@okon-toy.test,False,53038
55388,Jerrold Balistreri,"515 DuBuque Track, Shonfort, SC 56436",+13608435508,leonarda@bruen-littel.test,False,55388
55055,Amb. Brittanie Schuster,"9211 Douglas Street, Strackebury, IL 21201-6503",+12795328368,lyndsey_koch@schimmel.test,False,55055
54879,Alecia Bailey Cpa,"Apt. 598 568 Hammes Burg, Libbyside, TN 55999",+16213345095,ingrid.lesch@bernhard.test,False,54879
54999,Mrs. Antione Durgan,"Suite 783 4045 Sawayn Spurs, West Lekishafort, ME 35142-8631",+14845084948,inge@keeling.example,False,54999
55486,Joan Kerluke,"Apt. 191 455 Joannie Tunnel, West Vaughnland, NC 29731-4131",+11684260470,reid@willms.example,False,55486
53204,Pres. Jackqueline Greenholt,"3646 Dare Valleys, Marionfort, VT 29307",+13376191439,mistie_marks@altenwerth-torphy.test,False,53204
54076,Fr. Nery Lockman,"Apt. 977 8106 Jonell Drives, Smithamville, OH 66880",+12939358410,neal_wehner@dicki.test,False,54076
53402,Claud Hills,"Suite 587 2555 Ethel Spur, North Elibury, RI 14528",+12134936292,cody_shanahan@strosin.example,False,53402
55510,Valrie Jacobs,"Suite 882 557 Balistreri Ways, Evaport, SD 31905-5467",+17921735243,niesha@oconner.test,True,55510
53574,Bruna Balistreri,"67625 Littel Light, Huelburgh, MD 52021-5406",+14572284586,bret@koelpin-okon.test,False,53574
54969,Douglass Larson Md,"5577 Runte Row, Derrickmouth, CO 13313-6808",+12518579972,clemente.christiansen@murazik.example,False,54969
54079,Kathyrn Rippin,"2593 Karin Rapid, Lucinafort, AR 47326",+15287196131,latricia.berge@terry.example,False,54079
53342,Sen. Cordie Bahringer,"Apt. 303 933 Bechtelar Camp, New Curtisfurt, AZ 70111",+14305504216,vincent@schroeder.test,True,53342
55603,Miss Letha Durgan,"5239 Marcene Club, West Abeview, OK 24669",+19727691714,vi@larkin.test,False,55603
54945,Rev. Selena Cronin,"Suite 731 2240 Bernier Forest, East Laverahaven, VT 93129",+14032139071,avery.streich@ebert.test,False,54945
55764,Isabel Bogan,"Apt. 180 898 Beier Course, North Rubiville, WI 99017",+18554765779,jarvis@bayer.test,False,55764
54517,Elijah Hartmann,"Suite 472 5021 Bradtke Walk, Carmelafort, AZ 92225-5542",+17003685953,ramona_conn@hettinger.example,False,54517
55436,Moses Smitham,"Suite 224 84167 Kulas Mills, Kennyland, MN 67963",+16192232388,mervin.boyer@lang.test,False,55436
54254,Prof. Nigel Quitzon,"71061 Konopelski Unions, Laureside, NC 73725",+13918629871,angel.shanahan@kihn-weber.example,False,54254
53929,Lucile Dooley,"11916 Shila Field, Port Christafort, NV 68646",+14244585648,jacob.hessel@klocko.example,False,53929
55391,Erin Crist,"2284 Sudie Roads, Lehnerchester, IN 85995-3281",+19371432250,dino.mueller@cummerata.test,False,55391
55147,Enoch Schiller,"Apt. 213 936 Stephenie Branch, Zackbury, CA 85488-5676",+13684036458,lara_gulgowski@armstrong.example,False,55147
54710,Aurea Miller,"4608 Kattie Courts, Grahamshire, NC 47796",+14643977716,carrol@gerhold.example,False,54710
54111,Mamie Ullrich,"Apt. 630 518 Sam Bypass, Sammiemouth, AZ 56517-4693",+13236046640,jerrold_howell@adams.example,False,54111
55511,Jon Buckridge,"379 Hyatt Shoals, Binschester, CA 34030-9741",+16154071523,delmy.jakubowski@powlowski.example,False,55511
53438,Sabine Mueller,"4898 Tabetha Extension, North Vania, MN 94026-4914",+19915199075,neal_jerde@dickens.test,False,53438
53483,Breanne Grady,"92331 Lyman Ranch, South Aleisha, AK 77242",+14267057109,madalyn@gusikowski-hackett.test,False,53483
54289,Necole Heidenreich,"160 Nell Island, Lake Malcolmtown, ID 95261-8273",+18211098655,landon@rempel-cummerata.test,True,54289
55712,Thao Schaden,"Apt. 234 86991 Grant Courts, Lake Sanford, OR 26239-8759",+16039724261,myron@robel-luettgen.example,False,55712
53536,Basilia Lehner,"39404 Josue Mall, Terryton, SD 56539",+15784497865,casey_greenfelder@volkman.test,False,53536
54727,Sunni Jacobson,"145 Emmy Ports, Kiehntown, MN 88289",+12457956996,zena@herzog.example,True,54727
55170,Laverne Weber,"54672 Deckow Mall, South Lottie, NC 35289",+17807821734,lonna@wintheiser-shanahan.example,False,55170
54720,Dina Schamberger Jd,"6778 Yost Glen, New Willy, AZ 64275-3303",+16496073857,adrianne.mccullough@hamill.test,False,54720
54228,Hiram Collier,"413 Pfannerstill Fords, Tifanyland, PA 47906",+15736106842,erma_pollich@kub.test,True,54228
54288,Glenn Cole,"98682 Kenna Forge, South Jinton, PA 05391",+16743279931,gertie_spinka@shanahan.test,True,54288
55286,Ms. Chong Runolfsson,"Apt. 332 42961 January Ridge, Jerdebury, TN 07823",+15781675656,alfonzo@torp-cremin.test,False,55286
54268,Mr. Mack Mckenzie,"30352 Libby Road, Wolffshire, IN 07706-8228",+19742073841,carlie@zulauf-kilback.example,False,54268
55544,Duane Shields,"Suite 669 693 Tesha Corner, Kuhlmanhaven, FL 71085",+12905608413,huey_lowe@heathcote.test,False,55544
54826,Tuan Johns,"Suite 817 6245 Keeling Oval, North Cristina, NE 41402-8263",+17091023323,johnny.schuppe@robel-hoppe.example,False,54826
53740,Arlen Grimes,"901 Pamelia Bridge, Lake Wayneton, IA 62473-7848",+18081395255,kenisha_wisozk@klein-kutch.test,False,53740
53973,Eusebia Schowalter Jr.,"Apt. 300 19581 Orville Forge, Parkerfort, WV 00515-1341",+18249686176,morton_cummings@huels-lesch.test,False,53973
55459,Miss Brittani Lehner,"47201 Bettina Neck, Port Santiago, NH 92164-7449",+15846642050,patsy@orn-osinski.example,False,55459
54295,Evia Reichel,"32848 Emmerich Ports, North Earl, UT 12231",+13941468634,tarah.collins@langworth-klocko.example,False,54295
53708,Ms. Carola Blick,"934 Schultz Roads, South Wendiemouth, OK 24136-3048",+12398431680,jeanetta@hagenes-bogisich.test,False,53708
54895,Pres. Antony Kulas,"33045 Blanda Shoals, Eddymouth, DE 55402",+11283953629,linnie@orn.test,False,54895
55356,Sen. Thaddeus Kling,"466 Mamie Plains, North Vita, MN 23470-5471",+18022071454,brain@kling.test,False,55356
54462,Winona Gusikowski,"53335 Monnie Grove, Lake Sidney, NV 63739",+11998887348,charise_berge@considine.test,False,54462
53538,Rev. Shani Hand,"Suite 387 456 Rempel Run, Mortonfurt, VA 88928",+11599491635,israel_schinner@jacobs-braun.example,False,53538
55810,Ms. Camie Marquardt,"Suite 744 121 Schoen Greens, Macejkovicburgh, LA 77327",+19998290889,wendy@morissette.example,False,55810
53323,Dr. Roberto Koelpin,"Apt. 239 5382 Damian Prairie, New Gabriel, RI 90593-2019",+12464251047,diane@maggio.example,False,53323
54705,Boyce Fahey,"258 Crona Coves, West Petershire, VA 70331",+13632022719,ruby.cronin@mills.example,False,54705
54871,Miss Brandy Grimes,"Apt. 115 174 Dana Key, West Nadabury, ID 20666-2471",+14000358487,tom.davis@watsica-batz.test,False,54871
54190,Miss Lou Carroll,"5653 Harris Centers, West Elwood, WA 34278-5748",+15579289493,felton@beer.test,False,54190
54730,Luci Lowe,"9837 Paucek Bridge, North Efrainview, TX 36361-8466",+12060293311,hoyt.reinger@donnelly-nolan.test,False,54730
53786,Pearlie Reilly,"19956 Brandy Summit, East Jeremiah, RI 38414",+18147530824,rocky_jerde@white.test,False,53786
53452,Arlie Lakin,"84710 McLaughlin Pines, West Eliasshire, MD 56754",+13070581049,ryan@johnston.example,False,53452
53297,Julieann Barton,"628 Glover Field, Lake Eleonora, LA 51097-9661",+16490228825,charlie@murazik-dach.example,False,53297
54187,Arron Dubuque Do,"Suite 245 2764 Alejandra Garden, Binsside, ME 10707-7380",+19966608748,miyoko_bosco@bode-mayert.example,False,54187
53033,Rolando Crooks Lld,"Apt. 844 32459 Felix Meadows, North Arturofurt, FL 16447",+16020202354,ismael_konopelski@homenick.test,True,53033
53124,So Lubowitz,"36954 Jerry Path, New Kevenberg, MD 99418",+12118062123,rosamond@crona-macgyver.example,False,53124
53638,Emmy Johnston,"Suite 362 136 Stokes Roads, Virgilside, CA 20988-7565",+17361091477,russell@hirthe.example,False,53638
53746,Buck Rosenbaum,"46551 Welch Rapid, Krisfort, NM 26877-8427",+15813297506,monty.leannon@cremin.test,False,53746
53421,Ron Baumbach Jd,"Apt. 684 33365 White Forest, Greenholtville, SC 21913",+11624792976,cary@abbott.example,False,53421
53924,Ms. Cary Weimann,"42967 Nicki Glen, Port Eddieland, MT 51533-6021",+16427000272,hilton.skiles@jakubowski.test,False,53924
54484,Quentin Larson,"8350 Mervin Shoal, East Israel, LA 68707-2324",+13727168450,junie_swift@oconnell-kihn.example,False,54484
53888,Sheldon Considine,"Apt. 808 5022 Turcotte Lock, New Kraigfurt, MO 93673-9681",+18340816177,young@reilly.example,True,53888
54794,Tracee Boehm,"Suite 475 898 Hettinger View, Ziemeside, LA 03443",+14278580372,maynard.goodwin@grimes.example,False,54794
55160,Leonard Gusikowski,"84943 Boehm Track, North Tiffiny, TX 55486",+15568353169,tory@beahan.example,False,55160
53200,Janelle Fritsch Jr.,"Apt. 910 971 Wallace Villages, South Rosendohaven, VT 65511",+16073684739,faustino@feest.example,False,53200
55030,Joel Schaden,"634 Reanna Circle, Cremintown, GA 15499",+11964180579,hipolito@crona.example,False,55030
54110,Joan Reichel Sr.,"Suite 903 3432 Booker Crossing, Homerview, MI 51434-8114",+15141279736,patricia@auer-armstrong.example,False,54110
54765,Julio Morar,"3694 Carroll Row, Kshlerinborough, KY 10928-2588",+17427185415,dallas@balistreri-collier.example,False,54765
55046,Msgr. Verline Macgyver,"Suite 535 41604 Serita Vista, South Windy, IL 04155-5061",+15995456496,cathleen.powlowski@collier.test,False,55046
54245,Fredia Nader,"402 Runte Port, Nathanhaven, NJ 02312",+19659535468,darrick.macgyver@gorczany.test,False,54245
53281,Pres. Tamatha Runolfsdottir,"Apt. 388 26979 Rhonda Valleys, Port Mirta, MN 35881",+17269785025,everett.hilll@lebsack.test,False,53281
53542,Gov. Kelley Romaguera,"670 Thiel Divide, Stoltenbergfurt, UT 80883-3177",+17311676127,adela.zieme@skiles.example,False,53542
55676,Golden Tillman Md,"Suite 494 757 Gusikowski Prairie, New Sherryl, AL 50000-5021",+12139277404,lucrecia_nader@pfannerstill-rippin.test,False,55676
55628,Belinda Kutch,"24732 Lucien Squares, Connborough, WV 86601",+17424144322,colby_jacobs@baumbach.test,False,55628
54567,Lowell Rolfson,"Suite 145 3348 Kareem Stream, Port Melida, UT 31241-1438",+14342640745,salome_marquardt@orn-jacobs.example,False,54567
55759,Tamiko Runolfsdottir Iii,"Suite 481 43260 Schultz Vista, Lake Ron, WV 09272-0936",+19263289797,arron@walter-hoppe.example,False,55759
54611,Bessie Conn,"Apt. 513 20552 Jast Haven, Gusview, NE 59143",+13879079537,lonna@ritchie.example,True,54611
53416,Vance Hudson,"601 Emard Mountain, Salvadorstad, OR 92212-8782",+13170620916,homer_mcdermott@marvin-kovacek.example,False,53416
55212,Willard Franecki Cpa,"8493 Victor Mews, Roobtown, WA 44208-6073",+15192265659,leandro.rath@gottlieb-terry.test,False,55212
53306,Geralyn Carroll Sr.,"9388 Tamika Flat, Lake Jonna, MA 21056",+15346958139,buford@tillman.test,False,53306
55535,Sen. Armand Kutch,"146 Maximo Loop, Lake Rudolfberg, SC 27046",+19137527516,marita@stiedemann.test,False,55535
53286,Frida Farrell Md,"Apt. 968 7389 Arnold Road, West Bill, WA 28345-5847",+17957368396,napoleon.johnston@corwin.test,False,53286
54427,Scottie Padberg Dds,"48670 Humberto Square, Port Lauriceberg, PA 69236",+16846792878,noah@cronin-torphy.example,True,54427
54774,Teodoro Effertz,"Suite 619 900 Kristy Branch, Lake Denvertown, MD 97973-2956",+18385293161,willian@rowe.example,False,54774
55164,Nathanael Weber,"Suite 437 66141 Jamie Glen, New Corrie, MT 29335-3474",+14774112957,rea@witting.example,False,55164
55104,Lakisha Wiegand Sr.,"Apt. 664 342 Joshua Route, North Mike, MI 30546-2323",+18855902588,wiley_cormier@turner-lebsack.test,False,55104
55194,Shayna Nikolaus,"8173 Otha Fork, Sauertown, ND 81578-3470",+18814872513,jeromy.vandervort@hahn.example,False,55194
53132,Keeley Cormier,"92462 Williamson Summit, Hackettside, LA 12919-0751",+19274318612,dewey@goodwin.test,True,53132
54115,Norman Walsh,"844 Marc Brooks, South Loida, AZ 32437",+15067978816,gertude.gusikowski@quigley.test,False,54115
55382,Alfred Christiansen,"110 Harvey Garden, North Donn, AR 88951-9417",+17060173125,doug@lemke-wunsch.test,False,55382
54062,Jerald Wisoky Vm,"8476 O'Hara Estates, Schimmeltown, IL 19372-1917",+19454014878,edwin@treutel.example,False,54062
53620,Hermina Goodwin,"1183 Schneider Trail, Port Gabrielchester, HI 58744",+13464143324,eleanora_daniel@orn-orn.example,False,53620
55763,Todd Hauck,"Suite 952 230 Junie Passage, West Christian, AL 01164-2052",+19020183144,stevie@schimmel.example,False,55763
53072,Maybelle Johnson,"Apt. 475 9490 Galen Courts, O'Harashire, WY 63192",+11732759798,mary@marquardt.example,False,53072
55817,Vertie Hackett,"274 Johnie Burgs, Alecville, MS 81250",+15757462101,shirleen@leannon.test,False,55817
54472,Tisa Emmerich,"421 Ronny Pines, Port Jeraldinemouth, ND 91711-5864",+14102955295,myong_leuschke@murphy.test,False,54472
53249,Gov. Yesenia Sporer,"61873 Houston Manor, Laurenceton, WI 86515",+17832270003,cori_kautzer@reynolds.example,False,53249
54287,Dwight Koelpin,"Suite 858 45830 Kuhlman Mountains, Ginohaven, MS 98027-6105",+18115569944,lester@champlin.test,False,54287
55530,Hong Stokes,"Suite 814 25892 Dooley Summit, Wolffurt, NV 61726",+11660853480,chasidy.pouros@bruen.test,False,55530
53543,Dr. Annabell Bosco,"2002 Nell Gateway, Sydneychester, WY 27159-6000",+15578021218,jacquline@white.example,False,53543
54856,Lonnie Thompson,"Suite 336 1044 Herzog Light, Lake Asleyhaven, IN 82835",+12208015481,gayle.dooley@harber.test,False,54856
55501,Rick Runte,"Apt. 435 96004 France Causeway, Port Estellemouth, NE 14997",+12827711675,gregorio@gottlieb-block.test,False,55501
55361,Manie Toy Dds,"3385 Timothy Cove, New Verniaborough, UT 73592",+11565423716,nettie@doyle-smith.test,False,55361
53897,Zachary Hilll,"93300 Kathryne Key, Gleasonberg, NY 25878",+15760787891,onie.ortiz@langworth.example,False,53897
54100,Lucie Wisoky,"33782 Homenick Landing, Ashelychester, HI 79553-8848",+16467944490,latanya_mclaughlin@fadel.test,False,54100
54165,Woodrow Friesen,"Suite 734 3520 Wolff Route, Ondrickaberg, TX 01005-7231",+16138546658,tracey_abernathy@damore-kemmer.example,False,54165
53022,Emilio Hand,"Apt. 467 2204 Jacobi Lights, Daleburgh, AZ 42182",+13374533987,felipe.runolfsdottir@mayert.test,False,53022
55769,Kori O'Conner,"4454 Emil Path, Robbynhaven, UT 74197-9773",+11354668725,aurelio@davis-von.example,True,55769
53512,Walter Mckenzie,"777 Concha Course, Ronniebury, AK 95695",+16060745683,lasonya.orn@zemlak.example,False,53512
53868,Vern Mayer,"62342 Bernhard Neck, West Toddhaven, VA 45171-2723",+16359321568,cedrick@macejkovic-pacocha.test,False,53868
53126,Kasi Conroy,"579 Althea Run, Marcenefurt, SD 63941-4544",+16535345343,anton.lockman@orn.test,True,53126
55418,Rep. Loma Jenkins,"88160 Harris Shores, Ortizburgh, NH 29928-3841",+16006479595,kathleen@mills-lowe.test,False,55418
54378,Prof. Leatha Treutel,"55140 Lebsack Knolls, Cartwrighthaven, OH 22041-8791",+19031046495,clayton@bergstrom-hammes.example,False,54378
55524,Ethel Herzog,"299 Ebert Motorway, North Wilmerville, SD 01390",+17882101822,lynelle@jenkins-bergstrom.test,False,55524
53081,Tennille Wunsch Vm,"Apt. 342 2867 Mandi Trafficway, Kunzeville, NH 34675",+16580340069,lakiesha@marks.example,False,53081
54604,Brook Bayer Ret.,"Apt. 373 142 Una Harbor, Armidatown, ND 29251",+15089712885,abram@bergstrom.test,True,54604
54839,Wm O'Conner,"6271 Florine Hollow, Darrelville, CA 12358",+17994133124,latrice@wisoky-schulist.example,True,54839
55445,Janina Crooks,"Suite 709 4658 Bergstrom Pike, Lanistad, NV 38614-2448",+18361809080,jarod_wuckert@schaefer.test,False,55445
55290,Pierre Bayer Do,"10148 Batz Haven, New Suzie, NE 05061",+12189731236,hayden.halvorson@veum.test,False,55290
55106,Cassidy Abshire,"691 Stormy Station, East Leo, MO 57172",+15421099327,rosette_macgyver@jakubowski-ohara.example,False,55106
55711,Rep. Cedrick Trantow,"5771 Nolan Parkway, Greenfeldermouth, MI 69377-0418",+19985317494,jarrod_grady@ondricka-abernathy.example,False,55711
53822,Lindsay Kuhlman,"Suite 699 4871 Dibbert Pines, New Fredericfort, IL 26651-3675",+16591442903,walton_greenfelder@wuckert-kreiger.test,False,53822
53792,Jamie Feeney,"7088 Johnston Shores, East Bernadineland, IA 47347-7960",+13849724205,randal.dach@ratke.test,False,53792
55072,Barrett O'Keefe,"Suite 210 57718 Mickie Road, West Dorseyport, NE 10366-7346",+19556091740,retha.russel@jaskolski.test,True,55072
54631,Eladia Prosacco,"877 Block Harbor, Port Katharine, GA 62479",+14701674452,sindy@lindgren.test,False,54631
54045,Letisha Wehner,"Apt. 226 135 Considine Forges, Hyattberg, WV 77481-7209",+18071722177,aron.bernhard@barrows-conn.example,False,54045
53039,Msgr. Tamra Kautzer,"789 Irwin Way, Dagmarport, ND 08236",+13644523439,benito@lemke.test,False,53039
53684,Weldon Gutmann,"6801 Malvina Crest, Port Genia, MI 19059",+16348411646,lavada_fisher@nikolaus-hilll.example,False,53684
54209,Martin Koch,"Suite 342 204 Dallas Brooks, Lake Jonton, AL 46923",+15005020569,will.morar@friesen-runte.test,False,54209
54036,Robert Mcclure Jd,"Apt. 479 36369 Cleo Square, Samstad, NM 18788-3748",+19825263882,rea@padberg.test,False,54036
54186,Lupe Nikolaus Jd,"749 Heller Road, South Leannview, WY 75676-0901",+14882737194,thu.ondricka@aufderhar.example,False,54186
55419,Tammi Koss,"Suite 745 10042 Jared Loaf, Lake Marnie, KS 88227",+15652639818,hester@bergnaum-wolf.example,False,55419
54285,Hung Tremblay Sr.,"Apt. 840 8981 Amada Plain, Lake Maryhaven, MI 48855-2500",+19481883463,emeline@torp.example,False,54285
55373,Kam Dooley,"49351 Hessel Square, Port Lori, NE 28819",+15717975910,larita@buckridge-harris.test,False,55373
53743,Willard Mills V,"85083 Corkery Shoal, Gutmannside, CO 90245-5210",+11347520219,otto.rath@powlowski.example,False,53743
53923,Vi Rath,"6280 Coleman Junctions, West Ara, MO 28919",+15388114057,carroll.kuhic@schaefer.example,False,53923
53809,Alfreda Cole,"8610 August Mission, Parisianland, RI 25029-0267",+11083668559,jacquiline.hayes@dicki-kunze.test,True,53809
54709,Kasie Simonis Iii,"Apt. 132 655 Gerry Unions, South Jessport, WY 45161-7517",+19881857710,lorene@dibbert.test,False,54709
53350,Kareem Gislason Dvm,"Suite 291 5379 Rory Orchard, Port Sebastian, KS 40530-1828",+16293013275,tasha.klein@ritchie.test,False,53350
53737,Msgr. Marquerite Donnelly,"792 Kuhlman Mills, Boehmport, MO 64754",+13464068377,rodney@durgan.test,False,53737
55591,The Hon. Ricarda Steuber,"7125 Weissnat Neck, New Claudeview, AK 91710-6450",+13274666437,buddy@conroy.test,False,55591
53732,Jospeh Cartwright,"48202 Mohr Cliff, North Elbertmouth, WI 40928",+16787139733,chu@torphy-parisian.example,False,53732
53466,The Hon. Margot Shanahan,"4891 Angel Neck, West Edmundomouth, SD 02376",+19804797029,robert_kertzmann@oconnell.example,False,53466
53302,Jack Daugherty,"Suite 860 2381 Jamel Fords, Goyetteshire, UT 39857",+13739073357,dusty_dare@gorczany-armstrong.test,False,53302
54418,Denisse Price,"956 Dierdre Forge, Hellerbury, OR 25462-1684",+19887702054,eden@wisozk.test,False,54418
53469,Jarod Dietrich,"Apt. 119 86264 Kristopher Ports, Bechtelarport, FL 34061",+13435609098,rusty_dicki@smith-lindgren.test,False,53469
55529,Emery Schimmel,"Apt. 177 505 Lindy Streets, Deangelobury, WV 54489-3951",+16868515793,marisa_larson@runolfsdottir-nikolaus.example,False,55529
53105,Rene Mraz,"Suite 247 31016 Greenfelder Land, North Cordell, OK 93296",+18393904410,ali@stanton.test,False,53105
53584,Leigh Mclaughlin,"Suite 672 826 Thad Underpass, East Luzville, ND 78357",+14423607936,nita.morar@cole.example,False,53584
53748,Raylene Cronin,"Apt. 788 4277 Kris Island, North Jeanettemouth, NJ 16962",+12117900614,guillermo@lesch-senger.example,False,53748
53817,Marc Collier,"Suite 638 310 Stracke Circle, Donnellmouth, NC 31731-6839",+11269066361,jodee_jacobi@kuphal.test,True,53817
53570,Mr. Britt Adams,"99485 Kunde Forks, West Julesstad, OK 18306",+12250456917,son.fadel@grady.test,False,53570
53396,Nisha Runolfsson,"Suite 184 9516 Connelly Radial, West Margareteberg, MA 30241-3943",+19909549810,burl_rowe@kemmer-hilpert.test,False,53396
53490,Amb. Sherril Streich,"Suite 578 748 Frankie Place, West Sydneytown, FL 70624-7556",+11347457817,ericka@greenfelder-nikolaus.example,False,53490
53176,Eli Fisher,"Apt. 837 8722 Odelia Mission, Maudiefurt, VT 97496",+18308877655,shonna.hyatt@mante-rowe.example,False,53176
54914,Msgr. Marcos Gusikowski,"6155 O'Kon Springs, Lake Harrison, MT 29411-3875",+16951527706,bret_donnelly@cremin-collier.test,True,54914
54138,Gay Turcotte,"Suite 412 4354 Andre Pike, Port Destinyburgh, NM 34002-0658",+15317982751,marcus.robel@littel-bergnaum.example,True,54138
53598,Gov. Bernard Spencer,"594 Clair Vista, West Rodolfobury, FL 16454-8135",+17708755851,talitha@dickens.example,False,53598
54599,Lane Christiansen Vm,"952 Gutkowski Forges, Kosston, PA 89628",+17653250356,reginald_jast@considine-herman.test,False,54599
53517,Dorinda Pagac,"Suite 678 486 Parker Ranch, South Maynard, OK 61011",+18997029929,glory@maggio-pfannerstill.example,False,53517
53560,Maryann Windler,"Apt. 567 949 Sporer Place, Blandaport, SC 57416-3338",+14036097634,jeremiah.hills@lowe.test,False,53560
53263,Jutta Wunsch,"879 Rogahn Locks, South Eugenieport, MS 87161",+13618621515,claudine@hermiston.test,False,53263
54659,Carry Rodriguez Iii,"331 Casper Forge, Lake Sheree, WY 47832",+11996288208,leandro@miller.example,False,54659
55582,Lorenzo Cruickshank,"Suite 411 396 Matilde Rapids, Dextermouth, AK 41277-5716",+19918551183,emanuel@ledner.test,False,55582
54225,Libby Goldner,"Suite 729 24374 Hickle Station, East Maraport, WA 97361",+12767182923,shawanna.littel@keebler.test,False,54225
55795,Isidro Steuber,"408 Renner Rest, Parkerland, ME 76550",+19580024416,maximo.cronin@hodkiewicz.test,False,55795
54424,Bessie Wehner,"Suite 101 2667 Weissnat Isle, West Annita, OR 94297-5431",+11130239033,kendall@gibson-kessler.example,False,54424
54766,Eugenie Orn V,"Apt. 928 796 Dorian Unions, Port Abel, NC 99807-4319",+18770792561,vernice@pagac-orn.test,False,54766
54018,Lavone Botsford,"Suite 270 8973 Mann Way, Ondrickashire, VA 77322",+17097567625,shawnda@hoeger-pollich.example,False,54018
53864,Junior Satterfield,"Apt. 424 53696 Bauch Ports, North Greggland, HI 76682-6300",+19855280804,phuong@schmeler-ritchie.test,False,53864
53274,Maxwell Pollich,"745 Sheryll Mews, Boscoside, IA 65551",+11339146425,shelton@hahn-strosin.test,False,53274
54674,Gov. Doyle Smitham,"6161 Mayert Meadow, East Brendanmouth, CO 49504-1457",+14424590400,brad@nader.example,False,54674
53339,Angie Wiegand,"Suite 627 685 Koss Expressway, Tysonchester, SC 58688",+12906144468,nana@quigley.test,False,53339
55348,Kerstin Roberts,"33386 Cristen Land, Raquelland, HI 35963-7303",+13113401723,landon@kessler-kihn.example,False,55348
55638,Alva Mosciski,"15998 Crona Manor, Grahamfurt, AL 66190",+18291710420,sheilah@friesen-muller.example,False,55638
54777,Cristina Spencer,"8402 Daron Brook, West Tilda, ND 48976-3147",+16165422567,emmitt_konopelski@greenholt.test,False,54777
54499,Scott Abshire,"Apt. 345 9002 Pfannerstill Pines, East Andres, IA 33426-3576",+18620037865,graham_cronin@turcotte.example,True,54499
55379,Amb. Blanch Dietrich,"11840 Sherman Knoll, North Edmundobury, NY 46554-0570",+14656104267,hortencia_murphy@turner.test,False,55379
54528,Mafalda Volkman,"Suite 713 5903 Boehm Street, Nathanielfort, GA 86879-2986",+12662828490,hortense@effertz.test,False,54528
55803,Roberto Howell,"545 Parisian Garden, Kozeychester, KY 16105",+19537753629,lorette_rice@yundt-rutherford.example,False,55803
53785,Isaac Smitham Ret.,"2389 Daniela Drives, Jeaneside, TX 67187-0343",+13517744997,kenneth.torp@yost-heller.test,True,53785
54893,Arden O'Keefe,"747 Hegmann Street, Coleborough, TX 69056",+11927660467,tomas@kutch.example,False,54893
53417,Malia Oberbrunner,"90821 Jones Station, Joanside, OR 74444-2153",+12524106798,lamonica@dooley.example,False,53417
54959,Eartha Dickens,"Apt. 127 493 Jung Center, Baumbachtown, VT 17813",+13385349234,karisa@schuppe.example,False,54959
53618,Colby Terry V,"Suite 873 30544 Aleisha Plaza, Lake Jonna, MI 70913",+19069595618,barton@bailey.test,True,53618
53659,Myron Becker,"765 Glenda Loaf, Lake Lenardstad, OH 90623-1784",+11634221052,keven@schoen.example,False,53659
55617,Benedict Padberg,"735 Omar Extensions, Vaughntown, PA 33373-2706",+11160352451,cari.beer@wolff-feeney.example,False,55617
53545,Leandro Bins,"Suite 923 90654 Lynch Crossroad, South Domingostad, AZ 66781",+14339212839,bettina@parisian.example,False,53545
54450,Lorrine Weissnat Ii,"2100 Arnoldo Cape, Odisburgh, VT 48667-7562",+15664008272,antonia@gleichner.test,False,54450
55705,Denis Mueller,"28496 Watsica Square, Feleciafort, NY 34371",+13894410649,deshawn@shanahan.test,False,55705
55571,Maranda Skiles,"Suite 733 64334 Bradtke Trafficway, West Myrtachester, CO 68357-5951",+12827082959,genaro_lueilwitz@farrell-zboncak.example,False,55571
54976,Mr. Mui Brown,"72654 Kris Harbors, West Randalville, RI 09522-8936",+17984134212,dorsey@volkman.test,False,54976
54948,Lazaro Hoeger,"Apt. 936 13147 Edward Meadow, South Valentine, AL 23920-7723",+16223711674,oswaldo@christiansen.example,False,54948
55737,Francesca Padberg,"274 Mariano Flats, Lawanashire, AK 17600-3492",+14131952372,jaclyn@altenwerth.test,False,55737
53985,Ward Lind,"617 Boehm Extension, D'Amoreview, IA 12733",+13574043795,fredrick@dietrich.test,False,53985
55239,Colette Schroeder Esq.,"Apt. 524 4164 Fadel Rue, North Asley, ME 17426",+14609195552,lindsey.lemke@mayer.test,True,55239
53688,Derrick Schuppe,"Apt. 532 59462 Kub Skyway, East Merrill, IN 80728-4619",+11248670764,annamae_cummings@greenholt.example,False,53688
54072,Mariela Kovacek,"640 Darrell Ville, O'Harafort, NJ 29469-9554",+16766741001,riley@metz-haag.test,False,54072
53514,Brett Gusikowski,"2330 Tommy Point, West Sanfordview, CT 27034-6728",+14890045883,virgil@cole.test,True,53514
54989,Brett Moore,"Apt. 492 38951 Palma Plaza, Port Kimberleychester, WA 12007",+16514857566,bulah_kerluke@steuber.example,True,54989
55081,Fr. Irma Orn,"6041 Laura Fork, Sukport, NH 49361-4914",+11443456492,vance@dicki-hand.test,False,55081
54518,Antwan Pouros,"Suite 440 700 Grady Groves, Bartonview, OH 62125",+14838274633,dotty@koelpin-swift.test,False,54518
53275,Sudie Jones,"Suite 830 161 Rubye Ramp, Rempelshire, RI 93312",+17568385357,mercedez@heaney.example,False,53275
55580,Myron Yost,"778 Hoeger Creek, Hirthemouth, OH 11159",+13721424249,christal@conn-hills.example,False,55580
55455,Danny Veum,"743 Howe Heights, Collinburgh, NE 39956",+17095937958,alaina_schmitt@kunze-mcdermott.test,False,55455
55450,Curtis Goyette,"Suite 840 790 Grant Heights, Kesslermouth, WA 71452-7622",+16804802758,delcie@ortiz-rowe.example,False,55450
54506,Jasmine Corwin,"46757 Hammes Tunnel, Lake Darenchester, ME 45859-1838",+12292239450,carly@hartmann-jaskolski.example,True,54506
54920,Jeremy Brekke,"Apt. 217 138 Leo Street, West Harold, GA 36989",+14749700310,adele@heaney-borer.test,False,54920
54870,Tomeka Rogahn,"4148 Rubi Drive, East Pilarborough, MI 83655",+17241417252,kenneth_schmitt@moen.example,False,54870
55679,Mrs. Arnulfo Bechtelar,"32767 Garland Park, West Dominica, IN 08921-0294",+16710505007,chin@turner-kertzmann.test,False,55679
53798,Forrest Koss,"Apt. 661 821 Michelina Shores, West Jerry, IL 39543",+13616322034,marc_keeling@padberg.example,False,53798
54825,Emory Labadie Do,"5043 Valarie Island, East Jamie, KY 05889-5881",+16896978110,nickie@brekke-breitenberg.example,False,54825
53112,Danelle Roob,"Suite 713 272 Frankie Mills, North Catrina, HI 45737-2624",+14460155421,annice@thiel.test,False,53112
54022,Msgr. Geraldo Leffler,"Suite 524 21607 Jolynn Junction, Hettingerbury, MD 84548-7889",+16440074441,grayce@bergstrom-schoen.example,False,54022
53804,Lorita Walker,"570 Kris Drive, New Ezequielfurt, RI 58711",+13814630333,fermin_marvin@erdman-feest.example,False,53804
54578,Jared Skiles Ii,"583 Luis Parkways, North Harleytown, TN 24091",+15729431077,alida.lesch@quitzon.example,False,54578
53911,Rosalva Kunde Lld,"Suite 515 492 Alec Overpass, New Codystad, IA 44050",+19525799895,teddy.beier@anderson.example,True,53911
54481,Carlos Okuneva,"Suite 195 6679 Rashida Highway, Willfurt, TX 50761-3582",+11932365564,isis.ankunding@price-kessler.example,False,54481
54363,Frank Kling Do,"Apt. 312 392 Quentin Greens, New Joshtown, MD 60009",+13409594602,gerard.kshlerin@kozey.test,False,54363
55752,Amb. Belen Mann,"Apt. 774 92236 Daugherty Turnpike, Lake Danikaborough, NE 71655",+13945682394,kori_oconnell@schulist-bode.example,False,55752
53418,Noelle Mann,"Apt. 249 69972 Roberts Square, North Shamikahaven, NJ 39373",+12542541659,ben.hammes@abshire.example,False,53418
54568,Myron West,"Apt. 271 31103 Harold Drive, North Jordonberg, NE 17677",+14253847325,nita@gorczany-monahan.example,False,54568
53310,Maura Stanton,"526 Deshawn Point, Erdmanmouth, ME 43691",+12303778582,angella@von-lemke.test,False,53310
53797,Pres. Usha Rippin,"Suite 313 874 Edmond Park, South Zanaport, CA 84644",+13076399920,ericka@schoen.test,False,53797
53152,Jessica Kuhlman,"434 Collier Rapid, Roderickland, NY 38879-9977",+11557369905,aubrey@brakus.example,False,53152
53991,Hong Kutch Jd,"Suite 860 9188 Wilson Underpass, Brownshire, ME 11987-9959",+16188857512,jarrod@greenholt.test,False,53991
55605,Cindy Lemke,"Suite 757 1253 Rodriguez Locks, Leliafort, IN 34092",+11003159847,ressie_cremin@grimes.example,False,55605
54507,Omar Gottlieb,"196 Tromp Rest, Jacobsland, MS 94618",+14544072461,austin@harris.example,False,54507
54367,Amb. Ariel Greenfelder,"66504 Leonardo Mount, South Nonashire, CO 63487",+18741744362,alayna_zemlak@cormier.example,False,54367
53024,Anna Kris,"Apt. 829 3684 Keturah Corner, Stevechester, AL 08654-8693",+17112919651,murray@oconnell.example,False,53024
53989,Denny Hand Phd,"Suite 682 5127 Mariela Wall, North Rutheborough, LA 79988",+11525758206,sari@huels-mcglynn.test,False,53989
53997,Merrill Reichel,"109 Ola Meadow, Port Toney, NV 08066",+18026870541,hugo@nader.example,False,53997
53161,Brenton Barrows,"2921 Devin Manor, New Wayne, FL 52803-2493",+15539008145,delisa_bergstrom@collins-walker.example,False,53161
55646,Zack Murray,"Apt. 179 55919 Kareem Vista, West Tia, WV 76283",+16597618701,isabelle@rice-hilll.test,False,55646
54102,Ahmad Ratke,"Suite 260 136 Fadel Oval, Gleichnerburgh, MN 50803-0235",+13892727771,harriette_rempel@white.example,False,54102
53046,Kaylene Prohaska,"1606 Loretta Point, West Chanellefurt, KS 72021-2724",+12006662964,tisha_kub@corkery.test,False,53046
53266,Rev. Velda Marks,"Suite 277 977 Kertzmann Streets, Gulgowskiside, MT 82765-0048",+14033679794,shani_kuhlman@goodwin.example,False,53266
55542,Amb. Jerrod Hand,"9397 Luettgen Stream, Lake Aurelia, GA 95481-6853",+15313327602,seth@ebert.example,False,55542
53623,Rachal Pagac,"Suite 740 2011 Runolfsson Bridge, Jastburgh, WY 34114-7178",+18855923055,neda@kertzmann.example,False,53623
54360,Ellyn Cummerata,"9307 Conn Vista, Port Lupeview, WV 33769",+12594956378,floretta.hane@boehm-watsica.example,False,54360
55674,Sandy Kiehn,"3454 Zboncak Pike, East Honey, KS 37401-1861",+16179023850,gabriele@berge-romaguera.test,False,55674
55307,Terrence Lynch,"7149 Friesen Oval, Rippinmouth, LA 18227-0427",+18547449328,galen.schuster@wilkinson.example,False,55307
55054,Shae Murphy,"Suite 905 4904 Mertz Shore, South Chantal, VT 93785-5165",+11168905602,oscar@heaney-abernathy.example,False,55054
54160,Kevin Kuhic,"7418 Connelly Coves, Clarenceside, VT 71555",+17268626439,carmen.bode@douglas.example,False,54160
54170,Tam Hoeger,"13902 Leola Dale, Erickton, FL 02013",+19616948448,jimmie@lehner.example,False,54170
55016,Winston Windler,"Apt. 553 1250 Melvin Green, Port Wes, MA 22256-5026",+11601242810,tracey_jenkins@waters.test,False,55016
54803,Kittie Lubowitz,"1505 Ned Glens, Lake Kymberlymouth, TX 87651-5022",+16408535049,jon@morar.test,False,54803
53491,Quinton Macejkovic Iv,"1955 Dibbert Lakes, Allenport, MD 49091",+14387679636,sam.schaden@stark-oconner.test,False,53491
54901,Meghan Hegmann,"Suite 185 514 Allan Meadows, Arlenville, OH 49447",+19553516789,luciano_muller@stark.test,False,54901
55149,Karey Carter,"262 Collier Squares, Kautzershire, CT 61006-5481",+16519141398,booker_stanton@prohaska.test,False,55149
55496,Yevette Lesch,"14159 Tromp Knoll, East Larondabury, FL 04374-7294",+18854341354,meryl_pouros@collier.test,False,55496
53254,Emerson Hauck,"13554 Leilani Valleys, South Eleanora, NJ 74130-4964",+11677729373,felice@dicki.test,False,53254
55416,Edgardo Dietrich,"Apt. 607 4407 Numbers Islands, Benitomouth, UT 55810",+16637670584,grace.damore@grant.test,False,55416
53678,Clement Sporer,"82726 Marquardt Burgs, Lake Adriannetown, NJ 06089",+11042545457,latasha.kunze@murray.test,False,53678
54256,Buena Fay,"521 Davis Groves, Moenberg, WY 99703-1683",+17485155261,stevie@welch.test,False,54256
54679,Rev. William Cummerata,"Suite 697 71315 Koelpin Terrace, Funkside, WA 74216-1609",+19064482517,jerrold_watsica@cole.test,False,54679
55343,Dena Turner Md,"6350 Ronald Extension, West Nery, TX 08312-6487",+13512859131,kerry.kautzer@schultz.test,False,55343
54410,Lilly Harber,"Suite 657 439 Salena Bridge, West Stephania, NY 44506",+13427977798,earl@nikolaus-klocko.test,False,54410
54181,Lavern Hayes,"61663 Leandro Springs, Rubinhaven, MT 96162",+19439812702,arvilla@simonis-mcdermott.example,False,54181
53097,Alejandro Windler,"3977 White Square, Erinburgh, WI 60415",+13507559224,hassan_pollich@effertz-hackett.test,False,53097
53635,Herschel Wolff,"Apt. 135 76414 Mosciski Heights, Streichburgh, CT 81408",+11423104470,tien@denesik-hansen.example,False,53635
55733,Hilary Brakus,"Suite 337 7061 Ebert Stravenue, North Josef, AK 24198-4825",+18322955623,tricia@fisher.example,False,55733
54962,Armandina Brakus,"Suite 295 58787 Jefferey Corner, New Mckenzieborough, UT 93246",+17568144895,edmundo.rippin@hansen.example,False,54962
54653,Trenton Hirthe,"53750 Eugene Plains, Rutherfordland, IN 54980",+19990755907,lavenia.kilback@muller.example,False,54653
54432,Gov. Louanne Kulas,"Apt. 823 452 Alejandra Wells, Elihaven, MD 49067",+16888428796,dexter@koelpin.example,False,54432
54811,Herb Considine,"Apt. 865 24041 Rogahn Junctions, Heeborough, OH 80608-0693",+14376378331,ezequiel.damore@reinger.example,True,54811
55134,Reggie Lehner,"592 Kuphal Lakes, Harrisburgh, MA 12223-4519",+18047977833,krissy@russel.example,False,55134
55275,Dominic Mante,"Apt. 312 32551 Hilpert Wells, Laverntown, MS 52524-5886",+14298471082,ellsworth@hansen-wunsch.test,False,55275
55821,Gino Nienow,"Apt. 782 8699 Kris Via, Heathcoteborough, HI 65619-0672",+16933670576,norine@bashirian.test,False,55821
53680,Grant Shanahan,"4782 Benton View, Albertoville, ME 60527-5021",+15325266174,clarence@carroll.example,False,53680
54114,Rep. Eleanor Bogan,"Suite 446 97676 Nitzsche Loaf, Keshabury, TN 25376-3634",+13000066405,andy.jakubowski@greenholt.example,False,54114
53373,Kandra Crist,"3065 Ritchie Camp, Cecilview, MT 13548",+14575565465,larue_feil@olson.example,False,53373
54401,Kennith Nicolas Dvm,"Apt. 118 8060 Jocelyn Center, East Telmashire, WI 47654",+18423932002,ned.gusikowski@schamberger.example,True,54401
53653,Lexie Lockman,"582 Rosaura Rapid, Aleaseville, MT 98674",+14350158801,zandra@jenkins.example,False,53653
54284,Prof. Shelley Bogisich,"924 Scotty Mills, Lehnerland, AZ 95677-4845",+16736649257,kayleen@west.example,False,54284
55631,Federico Kreiger,"9577 Teddy Path, Debiberg, CA 52420-8701",+12847497858,hiedi_parker@bruen.example,True,55631
53138,Fr. Melania Bashirian,"159 Filiberto Hills, Oberbrunnerberg, FL 39162",+15177838558,michele.langosh@carter.example,False,53138
54275,Alfonso Kertzmann Jd,"Apt. 972 780 Murazik Pike, Port Terrence, WY 06278-2612",+13648497096,merilyn@rosenbaum-kris.example,False,54275
53125,Johnson Bahringer,"55724 Bernie Bypass, Coleland, FL 79018-0772",+14661339426,cary@huel-dibbert.example,False,53125
54221,Trevor Borer,"1923 Malinda Mission, West Augustusshire, NJ 08880",+13281895243,lino@crooks.example,False,54221
53674,Leoma Grant,"135 Herman Ports, South Heriberto, ND 47661-4951",+16698786723,laurel@johns-marquardt.example,False,53674
55424,Sachiko Oberbrunner,"Apt. 845 1797 Tamisha Wells, Ortiztown, OK 16189",+11812894993,zaida.johns@hackett.example,False,55424
54321,Arturo Haley,"63160 Sipes Neck, East Dwaynebury, OK 85349",+12841691276,shantay.moore@cole-ullrich.example,False,54321
53448,Jordon Kutch,"Suite 832 2465 Adams Heights, Claraport, LA 22918-4749",+18682406783,jewel@bosco-hoeger.example,False,53448
54042,Carmine Rau I,"179 Rodolfo Shores, Georgannmouth, AK 61684-2836",+16318502307,carroll.moore@senger.example,False,54042
55377,Sam Emard Iv,"88194 Ross Highway, Fidelview, SD 58712",+14306904541,julius_fritsch@ohara-west.example,False,55377
54634,Sen. Sierra Douglas,"Apt. 611 303 Von Village, West Jackborough, WI 78598",+15596250112,latarsha@reichel.test,False,54634
53485,Jude Nienow Md,"7519 Tromp Expressway, Terrellberg, CT 84913",+13419422020,lane.bashirian@feil.test,False,53485
54150,Elene Aufderhar,"Apt. 886 19507 Wunsch Overpass, North Donnettehaven, MA 07195-8580",+17072169488,delia.armstrong@kreiger.test,False,54150
54389,Zola Heidenreich,"Suite 899 8617 Huels Underpass, Spencerport, SD 88263",+19001363009,kristin@walsh-mohr.test,False,54389
55018,Maurice Stark Do,"108 Hayden Track, Inamouth, DE 04480",+13789029428,cordell.sporer@mayer.test,False,55018
55719,Stefan Crona,"Apt. 158 5210 Griselda Views, North Mozell, TX 29601-5541",+15501342520,elicia.macejkovic@mraz.test,False,55719
53535,Doug Morar,"999 Dwain Point, Lake Octaviomouth, KS 07921-0471",+16239603308,ronna@harvey.test,False,53535
55244,Janel Dach,"Apt. 376 4498 Teddy Lodge, Julianland, OK 86883",+11947208007,reynaldo.orn@connelly.example,False,55244
55596,Kenton Windler,"Suite 855 33314 Camie Causeway, Lorenafort, MN 29332",+13946471258,basil@wuckert-damore.test,False,55596
55042,Rev. Lynda O'Connell,"Suite 932 37015 Cormier Knolls, North Arnettachester, ME 62955-1053",+13276201761,dwayne_windler@feil.test,True,55042
55680,Sylvester Mohr,"65156 Ira Highway, West Floydside, MI 95317-2927",+16058773287,lacy_carroll@mueller.example,False,55680
54700,Lynn Lehner,"Suite 280 1864 Marivel Ways, Tashinaside, OR 38565",+15974951729,mai.hoeger@hoppe.example,False,54700
55002,Fr. Cesar Wyman,"Suite 964 8377 Elicia Underpass, Creminstad, NH 89630",+17450194849,olen@hahn.example,False,55002
53229,Russell Hackett,"Apt. 833 43306 Larkin Alley, Lehnerport, LA 67178",+11964249956,jackeline@orn.example,False,53229
53121,Yevette Yundt Vm,"344 Walter Mission, Karlynborough, AR 51837",+15586114669,otilia.thiel@towne.test,False,53121
53954,Naida Schiller,"Apt. 517 962 Collins Streets, Batzport, DE 80854-4356",+14471111097,guillermo.kerluke@walker.test,False,53954
53068,Mr. Leana Terry,"Suite 264 20676 Dale Track, West Madelene, LA 03705",+14654556971,yesenia_hahn@wintheiser.example,False,53068
53597,Miss Ferdinand Konopelski,"Suite 668 306 Wiley Island, North Bethelport, NH 64922",+18164518083,paz@marvin.test,False,53597
54331,Msgr. Douglass Jast,"Apt. 941 99663 Mayert Court, Zulmafurt, RI 95291",+11306010072,jamar@skiles.test,False,54331
53837,Pasty Lockman,"8360 Benton Parkways, South Marlinbury, VT 71725",+17073289756,mui@smith-lehner.example,False,53837
53940,Cedrick Kreiger Sr.,"Suite 755 3297 Gale Parkway, Fidelhaven, ND 02083",+12106013021,nicky_shields@nitzsche-quigley.example,False,53940
54073,Dustin Weber,"1105 Dan Mountain, Legrosside, TN 46604",+12633836617,hans.windler@reinger.test,False,54073
54712,Bridget Purdy Iv,"4720 Koepp Ways, Russelborough, TN 99030",+18234539895,corie@bernhard.test,False,54712
54004,Mr. Taneka Mclaughlin,"77372 Sharyl Shore, Beerberg, MA 12556-1308",+14032279648,adolph_wisozk@quigley-thompson.test,False,54004
55287,Lonnie Thiel,"5368 Tennie Plaza, Shannonfurt, IL 98543-4144",+11093975422,willa@homenick.example,False,55287
55173,Adrien Crona,"334 Prosacco Orchard, Port Dale, VA 42833",+15280991404,bernardo_stanton@bailey-lowe.test,False,55173
54064,Gov. Osvaldo Graham,"448 Ratke Forge, East Latriciaberg, MO 28983-4147",+14926179882,cherlyn.jakubowski@miller.example,False,54064
54590,Teodora Witting,"Apt. 894 442 Korey Glens, South Tannershire, ND 97800-9874",+16907538537,cyndy.gorczany@lehner.test,False,54590
54847,Damian Keeling,"501 Skiles Freeway, West Anthonyshire, MO 20485",+11578269776,burt.schaden@gleichner.test,False,54847
53815,Barbra Lakin,"18927 Terry Gateway, Darellland, NY 91364-4953",+12693739612,sun@lehner.test,False,53815
55043,Ila O'Keefe,"Suite 581 41704 Schaefer Lakes, South Harriettland, PA 03314",+15688049199,willena@kiehn.example,False,55043
55127,Pres. Conchita Buckridge,"Suite 407 4236 Cecil Mills, North Genoveva, OR 66906-4664",+19571975577,clark.dibbert@larkin-batz.example,True,55127
53473,Chang Oberbrunner,"2544 Reichert Club, McKenziestad, CA 18793",+11096683287,chas.corkery@tillman.example,False,53473
54307,Nam Renner Iii,"16402 Ingrid Forge, East Elizbeth, SC 75429",+11748366731,porfirio@mccullough.example,False,54307
54614,Lavern Vandervort,"3491 Quitzon Corners, East Cyrus, IL 77587-4571",+17256027295,stacey@haley-bartell.test,False,54614
53276,Mohammad Shanahan I,"Apt. 771 344 Alfred Locks, Sherylmouth, KY 05861-5579",+11938310591,lachelle@kerluke.example,False,53276
53175,Kisha Nolan Iv,"51592 Florrie Extensions, West Clarencehaven, HI 72967-9599",+16612276116,malinda.connelly@hoeger.example,False,53175
55066,Warner Fahey,"Suite 400 49273 Kathie Valley, Krisside, LA 02417-4051",+11122842056,abe@dickinson-green.example,False,55066
54927,Tanesha Rippin,"Apt. 224 81368 Tyree Brooks, North Kristopher, MO 35770",+16906954703,isreal@pfeffer.test,False,54927
54274,Dahlia Monahan Dds,"24463 Walker Knolls, Lake Eldenmouth, WV 73615-4260",+15298810004,jackson_brown@hilpert.example,False,54274
55549,Taylor Hettinger Iii,"Apt. 796 43842 Sipes Flat, Pablobury, KY 38493",+15654473755,marcos_stracke@yost.example,False,55549
54873,Theo Batz,"31834 Violeta Way, South Hilde, MS 09245",+18990140545,palma.goodwin@kertzmann-feest.example,False,54873
53179,Orlando Ratke,"98453 Josefine Islands, Brownport, NC 95063",+19198228488,monty_gerhold@wolff.test,False,53179
55210,Nydia Schinner,"67129 Armida Brook, West Clydeberg, CT 14395",+12615884143,perry.schamberger@bernhard-veum.test,False,55210
55449,Delorse Kub,"Suite 799 5776 Hand Ports, New Franklinhaven, WI 99410-1788",+15926058890,shona_nikolaus@cremin.example,False,55449
54793,Ezekiel Hauck,"5998 Sharleen Prairie, Larsonchester, MS 49894-4055",+16502809187,shaquana_gulgowski@heidenreich.example,False,54793
55035,Tiara Howe,"Apt. 351 715 Rohan Land, Delilahburgh, MS 12591-3400",+19454765525,archie@romaguera-windler.example,False,55035
53173,Miss Alec Christiansen,"Suite 210 40636 Williamson Fords, New Carroll, NJ 78234-2673",+18847914697,louie.hudson@mclaughlin.example,False,53173
53271,Lasonya Graham,"Apt. 722 848 Elisha Camp, Goodwinbury, NH 90516",+11415887951,cole@hayes-stracke.test,False,53271
54445,Odell Treutel,"982 Bauch Dale, Johnsonland, MN 57947",+19035841804,kit@bednar.example,False,54445
55426,Arthur Altenwerth,"54728 Vincent Meadows, New Stewartberg, ID 42374",+12029076331,allison@boyle.test,False,55426
53606,Antone Schmitt,"Apt. 722 230 Davis Radial, Heaneyville, FL 87032-1474",+17612901850,benton@nicolas.example,False,53606
53329,Doreatha Cremin,"99197 Mario Coves, South Charlsiemouth, TX 79613",+13596209251,demarcus@waters.example,False,53329
54620,Pearlene Boyle Esq.,"Suite 596 8940 Shanda Ridges, South Tod, NC 28931",+12401981867,natalia@kuhlman.example,True,54620
54556,Zane Robel,"8557 Rosana Haven, Leomaton, AR 03249",+11004458981,bert.koch@zulauf.example,False,54556
53704,Brian Cronin Vm,"Suite 798 13926 Kilback Circle, Cruickshankberg, NC 43327-3655",+17565572314,brook@leannon.test,False,53704
53288,Larita Donnelly Iii,"Apt. 942 2842 Murazik Unions, Lake Shanitown, NJ 64173-0301",+13346479670,archie@jacobson-satterfield.example,False,53288
53195,Randy Schmeler,"926 Volkman Center, Lake Luveniaview, FL 35701",+12564830478,joie@graham.test,False,53195
55709,Dallas West,"71865 Leeann Locks, Lizzetteton, OH 07749",+12614672838,julio@marquardt-wehner.example,False,55709
55615,Prince Kemmer,"Apt. 595 4956 Cristy Light, Silasfurt, LA 00237",+19934821378,jeanie_herman@cole.test,True,55615
55664,Jeromy Runolfsson,"Suite 378 7316 Dennis Well, Greenville, ME 07661",+16839494773,cathie@casper-armstrong.test,False,55664
54680,Miss Clarence Mayer,"1692 Abel Unions, North Edgarborough, OR 85954",+17435829167,jarrod@abbott.test,False,54680
54415,Deloise Runolfsdottir,"54171 O'Connell Ranch, Amieehaven, OK 95024",+17945681645,sidney_osinski@little.example,False,54415
54782,Rashida King V,"Apt. 990 15968 Kuvalis River, West Alishire, WY 95556-0877",+12358496665,norman_trantow@torphy.test,False,54782
54098,Tyler Feeney,"91635 Ina Bypass, Dalilaville, MS 82096-0446",+18015840849,rodger@gutkowski-effertz.example,False,54098
53534,Johnathan Buckridge,"32038 Kling Wells, North Winfredfurt, ND 36112-4705",+19890584847,fausto_kunze@armstrong.example,False,53534
53611,Elvira Macgyver,"21946 Funk Manor, West Doylemouth, TX 37384-0975",+13204059095,wilbur_jakubowski@brakus.example,False,53611
54309,Elijah Adams,"Apt. 281 50992 Elton Orchard, New Stacy, CO 48387",+13718135608,delfina.abernathy@mcclure.test,False,54309
54010,Grant Quitzon Cpa,"11991 Cornelius Glen, South Luann, MI 70579",+14768194910,neomi.rosenbaum@monahan-stiedemann.example,False,54010
53672,Chang Mohr Phd,"Suite 544 204 O'Hara Flats, Antonettaton, SD 73663",+14229090981,mickey.wolff@wisoky.example,False,53672
55425,Tabitha Haag,"Suite 166 8952 Byron Square, New Adelaide, KY 02642-1898",+17256338764,valeria_hintz@beahan-lebsack.test,False,55425
55107,Adriene Lang,"Suite 202 1933 Emard Keys, West Annita, IL 18429-2492",+11642721778,lyle@crona-schmidt.test,False,55107
53424,Dominick Schultz,"Suite 831 48777 Gerlach Walk, East Markfort, AR 27295-1898",+18860272212,beula@borer.example,False,53424
54750,Gita Ondricka,"Suite 779 73934 Jerome Drive, Ruthton, GA 18792",+18117454969,stephen_collier@paucek-okon.test,False,54750
55644,Rep. Bo Lockman,"Suite 313 6058 Edgar Cape, New Emery, CA 15383-6764",+19350980388,adelaida.collins@schmidt.test,False,55644
53246,Arron Langosh,"8978 Christene Knolls, Amadoport, FL 71589-7520",+19228946460,vince@cronin.test,False,53246
54868,Hugh Koepp,"541 Carter Place, Port Adrian, CT 49180-7990",+12456368766,gavin_bailey@bergnaum.example,False,54868
53364,Cordie Lesch,"Suite 897 413 Ziemann Extensions, Stuartberg, RI 89189-3397",+16866317243,cathie@mills.test,True,53364
54281,Wm Cummerata,"4461 Muller Brook, Greenholtview, VT 10980",+11066537219,theodora@moore.example,False,54281
55258,Darrel Watsica,"Apt. 852 309 Hessel Street, New Sherrilside, WA 25318",+12776745480,dallas_hane@sipes.test,False,55258
53352,Tracee Bogisich Dds,"9226 Rachele Streets, Port Cassiview, MO 13740",+14971022529,tora.effertz@wisoky-marks.example,False,53352
54875,Winford Morissette,"39968 Kuhn Wells, Kuphalville, KY 66256",+17160325084,nga_romaguera@orn-ferry.test,False,54875
53129,Usha Lubowitz,"Suite 205 5645 Wyman Ridges, Rauberg, OH 37728-6869",+19477160341,carroll@bayer-toy.example,False,53129
54167,Eugenio Homenick,"Apt. 355 6164 Ralph Street, Adamsport, LA 73554",+19263532309,madeline_predovic@ondricka.test,False,54167
54332,Charlsie Shanahan,"381 Mayert Knolls, Lake Shirleen, NH 50252-1636",+13875473050,winnie@lind-von.example,False,54332
55742,Gerry Rosenbaum,"Suite 733 457 Stracke Circle, Garlandburgh, OR 60534",+19562454690,kina@dibbert.example,False,55742
54438,Prof. Leif Cruickshank,"Apt. 440 66310 Abbott Circles, Arlieside, SD 44591",+18610233881,daron.schulist@considine.test,False,54438
53965,Lindsay Huel Do,"Apt. 969 3985 Hessel Light, Alanfort, SD 20439",+17175235596,larry@ankunding.test,False,53965
55019,Elden Macejkovic,"Suite 141 53952 Janelle Fork, South Joyeburgh, AR 45170-5004",+13024909737,rosalyn.lubowitz@leuschke-towne.test,False,55019
53178,Fernande Kassulke,"Suite 597 8488 Senger Expressway, New Stacyview, MI 47538",+19021565404,lucille.prosacco@howe.test,False,53178
54379,Sen. Rebbeca Wunsch,"444 Florencia Islands, Lake Joel, GA 36893-0899",+16885089731,bertram.bartoletti@block.example,False,54379
54638,Mrs. Logan Lindgren,"Apt. 823 61635 Barton Ports, North Augustusland, PA 80336",+13979479457,gregorio@jaskolski.test,False,54638
55693,Dario Wilkinson,"Suite 719 85390 Johns Pass, South Jermainechester, NM 22095",+13326268397,harry_bartell@jaskolski.example,False,55693
53213,Pamala Frami,"44125 Emerson Station, Jalisastad, VA 76554",+15855093369,antwan_thompson@funk-schuppe.test,False,53213
53484,Mickey Macgyver Ii,"996 Brock Stravenue, South Virgil, WI 02528-2809",+11955541275,norbert@reichel.example,False,53484
55826,Fr. Carola Sipes,"867 Bailey Mountain, North Traceyton, WY 18248",+18420414847,phillip.jerde@armstrong.test,False,55826
55365,Rev. Carlota Rutherford,"883 Terrell Flat, West Benton, AL 55916",+19845195192,adell_jerde@hessel.test,False,55365
54897,Glenn Mraz,"Suite 905 34554 Keeling Locks, South Teshamouth, NY 27860-4310",+17967352981,britt@rutherford.example,False,54897
54344,Amb. Verlene Hermann,"Suite 295 9704 Satterfield Spur, Olinville, WI 81119",+17021893695,herb_jerde@shanahan.example,False,54344
55630,Shad Klocko Jd,"Suite 472 73028 Aracely Heights, Lake Kasiside, OK 61835-9354",+16576001167,nickolas_jast@shields.test,False,55630
54974,Madeline Hane,"8797 Elias Plains, West Selene, IN 49853-2480",+18956277871,emanuel.smith@vonrueden.example,False,54974
54642,Rev. Minh Shanahan,"Apt. 912 966 Ruby Ford, Janitafort, NE 53713",+11635057442,boris.monahan@wilkinson.example,False,54642
53142,Fae Collins,"25445 Austin Estates, South Basil, DE 20328",+18062180926,frank.schaden@walter.example,True,53142
55713,Prof. Natacha Russel,"42411 Rex Ways, West Chungland, OK 52349",+14862017656,seth@hudson.test,False,55713
55084,Sen. Wyatt Schultz,"7981 Harber Crossing, West Cecile, NY 45737",+15701289576,donald.moore@hintz.example,False,55084
55198,The Hon. Araceli Muller,"Apt. 719 57467 Kim Crescent, South Willard, TX 34360",+16558706036,marlene@kilback-ziemann.example,False,55198
53109,Victor Green,"Apt. 756 352 Kub Locks, North Daniabury, OH 40616",+19495789090,magan.ondricka@kertzmann.test,False,53109
54021,Mrs. Jacqueline Kunde,"8490 Kassandra Trail, Laurencemouth, OK 64572",+11325373936,vincent_crooks@howell-macejkovic.example,False,54021
54403,Dena Hartmann,"Suite 103 5296 Hayes Canyon, Gwendaside, LA 21857",+12138252241,berta@langosh-schroeder.test,False,54403
55008,Hollie Ruecker,"937 Ross Walk, Kuhicstad, NC 55475",+18511655683,leandro@hintz.test,False,55008
55413,Miss Daisy Muller,"4399 Willms Port, Marcoshire, ME 93388",+17262051333,jackie@harber.example,False,55413
55362,Dr. Evan Hegmann,"Apt. 823 1485 Florencio Brook, Dachfurt, OK 54770-3122",+16845366581,cornelia.hauck@gutkowski.test,False,55362
55319,Toya Ratke,"3368 Katina Heights, Adamstown, OH 69789-0418",+18511046241,damien@walter.test,False,55319
53108,Arletha Kunde Jr.,"1427 Kami Light, Port Aleaseton, NM 20894",+17126019015,terica.beier@bailey.test,False,53108
55493,Monika Dicki,"986 Vandervort River, West Joshborough, NV 97171",+14898386963,beverlee@damore-crooks.test,False,55493
54477,Carlo Kling,"Apt. 611 7836 Donn Walks, Parisianport, AR 37768-7805",+16001340237,caroll@conroy-haley.example,False,54477
53948,Alla Gutkowski,"Suite 101 925 Eda Ridge, Matthewland, TN 85866",+18810410869,alejandro_becker@dicki.test,False,53948
53157,Marcellus Wolf Iv,"Apt. 433 7765 Tillman Road, New Elviefurt, CA 25593-5086",+15455319210,lilian.nikolaus@smith-beer.example,False,53157
55758,Ahmad Kerluke,"65194 Jenkins Green, Feilhaven, VA 84885-9762",+18620375450,tod@rolfson.example,False,55758
55738,Zola Shields,"692 Feest Cape, North Rayford, TX 45188-6711",+19611012431,isidro@gislason.example,False,55738
54911,Eliana Bartell,"564 Hirthe Tunnel, New Hosea, MA 40552-0795",+12673012065,jen@thompson.example,False,54911
54113,Stephany Runolfsdottir,"571 Purdy Freeway, Owenport, CO 29431-5870",+12117363848,gladis@okuneva-batz.test,False,54113
53788,Harry Feil,"6145 Jones Pike, New Dee, MO 15240-7531",+13524623134,maia.boyer@schaefer-ruecker.test,False,53788
53649,Mitchel Kunze,"Apt. 670 3559 Tyrone Stream, East Shizuko, MN 52333-0827",+17687115500,mina.mayer@hammes-abshire.test,False,53649
53880,Irwin Rohan,"23793 Michaele Park, New Feltonfurt, MI 72267-3159",+17985290862,manual.breitenberg@kshlerin.test,False,53880
55543,Dr. Leandro Weber,"Suite 274 92860 Cathryn Radial, North Ellan, OR 21503-8819",+15068751502,chong_hoppe@spinka-gleichner.test,False,55543
53636,Gov. Luke Terry,"Suite 118 9082 Darius Ferry, Emiliofort, WY 88970",+13000545446,almeda@waelchi-kutch.example,False,53636
55688,Rev. Bernita Graham,"190 Lauren Square, Port Pingshire, NC 02325-9094",+15725187499,shelley@cummings-reynolds.test,False,55688
53227,Rep. Art Kulas,"Suite 406 379 McKenzie Lights, Streichview, MD 45229",+13985982576,walker@konopelski-goyette.example,False,53227
53377,Peg Green,"Apt. 636 67769 Stanton Ridges, Miguelinaville, PA 20069-7351",+16884014338,claire_sanford@corkery.test,False,53377
53592,Kenny Funk,"Suite 608 13546 Clifton Via, Wileyfort, MA 86595-7501",+13867586969,ingeborg.harvey@goodwin-hoeger.example,False,53592
54549,Alfredo Kuhic,"34491 Kandace Parkway, Ahmedside, NY 13232",+16257623169,dominique.bechtelar@orn-oreilly.example,False,54549
54049,Rickie Jacobs,"Apt. 950 7001 Padberg Parks, Grantbury, NM 63366-7162",+19020231167,lawrence_jenkins@abernathy.example,True,54049
55808,The Hon. Majorie Hilpert,"3272 Owen Crescent, Corneliusmouth, DE 62001-3416",+11880077423,earlene_stamm@runolfsdottir.test,False,55808
54597,Darnell Windler,"37132 Elliott Inlet, Lindgrenfort, LA 09208-9342",+13444087246,traci@williamson.test,False,54597
55155,Sheri Goodwin,"Suite 270 942 Padberg Neck, Lindgrenville, WV 80161",+14838134197,winston@wolf.example,False,55155
54132,Leopoldo Hilll,"2334 Blake Station, Masonview, NH 09812",+19526985737,charlie_veum@conroy.example,False,54132
55153,Synthia Hills Dc,"8159 Dylan Tunnel, Lienberg, TX 90107",+13683501436,hunter@ortiz.test,False,55153
53160,Arminda Roob,"Suite 394 691 Schroeder Oval, South Elvin, RI 55571",+15070672420,rogelio@dicki.example,False,53160
54654,Agustin Hermann,"3431 Nicolas Vista, Flatleyshire, AK 32520-5815",+17088445800,emilie@stanton.test,False,54654
53950,Timika Langosh Dc,"79087 Barrett Causeway, Port Anikamouth, MT 46627-9724",+18768039249,magan@kuvalis.example,False,53950
55815,Kelle Toy Dc,"Apt. 673 470 Cartwright Bridge, Kirkport, AZ 17266-3329",+15179341212,von@stiedemann-morissette.example,False,55815
55174,Ms. Jina Shanahan,"Apt. 350 238 Lowe Forks, Vibury, IA 01830-1412",+12242752339,dewayne_stracke@mayer.test,False,55174
55656,Belva Schmidt,"Apt. 615 10152 Newton Union, Conroyborough, RI 39116-0664",+11121289244,gayle_roob@erdman.test,False,55656
54637,Lue Kihn,"Apt. 740 61867 Krajcik Lane, East Deana, CA 21814",+18637225036,austin@beer.example,False,54637
55641,Dustin Moore,"Suite 320 19757 Thaddeus Corner, Oscarton, MD 14059",+18169769112,shondra@okuneva-mertz.example,False,55641
54840,Laverne Weimann,"Apt. 446 3174 Berge Key, Port Shaquita, NY 29626",+11224624207,carlita_cartwright@effertz.example,False,54840
55120,Antwan Legros,"7236 Weissnat Forks, Medhurstburgh, WI 21165",+11325240658,milagros@sporer.test,False,55120
54715,Winona Volkman,"5214 Raquel Glen, Rhebabury, FL 94675-3523",+16100888579,sara_berge@jones.test,False,54715
53765,Lennie Roob Vm,"795 Alexis Circles, Federicofurt, TN 96165",+13386548643,raymon_armstrong@bogisich.test,False,53765
54536,Quinton Abernathy,"Apt. 253 794 Cory Extensions, South Brittniview, CO 96541-2058",+19700953499,antony.hagenes@monahan.test,False,54536
53532,Gerard Hartmann Phd,"17086 Linh Ranch, West Lanceville, OR 95605-8899",+16565996190,kendall_donnelly@macejkovic.test,False,53532
55726,Marlen Kiehn,"Suite 332 27516 Tremblay Plaza, North Dexter, UT 16561-5434",+14423192646,carrol_legros@mayert.test,False,55726
54003,Morris Fisher,"9834 Kuhn Mission, Bechtelarview, MD 32336",+12787493085,lauretta@bernhard-bins.test,False,54003
55090,Ahmad Parker,"250 Eduardo Ridge, South Lamontbury, RI 69641",+15263485408,ignacio@schowalter.test,False,55090
54522,Jose Anderson Ii,"Apt. 401 876 Yajaira Brooks, Schinnerport, AL 54352",+16457171862,harris@schmeler.test,False,54522
53495,Elizebeth Powlowski,"7628 Okuneva Mission, South Valdahaven, CO 37260-0859",+14118393022,edmund@kessler.test,False,53495
53528,Sonny Skiles,"2653 Daron Ranch, West Avril, IN 19963",+18012346744,hank@kutch.example,False,53528
55332,Caitlyn Daugherty Sr.,"Suite 448 11441 Bergnaum Village, Santosshire, OK 90110-2430",+13484862794,mica.runolfsdottir@kessler.example,False,55332
53615,Mr. Kenton Oberbrunner,"Suite 804 7505 Haley Ferry, East Preston, TN 30069",+18435941554,angelo_koss@walter.test,False,53615
54573,Herschel Marquardt,"Apt. 362 929 Reynaldo Spring, Kozeymouth, PA 38933-5613",+17932663619,mirtha@ohara-walker.test,False,54573
54475,Lane Beahan Ret.,"Apt. 726 43733 Fay Oval, Port Coltonland, TN 68810",+19138984248,georgetta.rippin@turcotte.example,True,54475
54434,Alfonso Auer,"Suite 536 95052 Lakin Flats, New Raphael, NY 15179",+14926885341,haywood_schuster@grant.example,False,54434
54566,Sherise Jacobson Iv,"Suite 341 87521 Schamberger Cove, Langland, AZ 76173-4470",+19214699493,kory.sanford@abshire-mcclure.example,True,54566
54205,Myra Champlin,"Apt. 589 8011 Joetta Cliff, East Reatha, DE 64891",+16023575752,tiffani@kreiger.example,False,54205
55082,Mel Hackett,"5124 Kessler Inlet, Carmeloview, NC 45805-4148",+13252812965,corliss@thompson-carroll.test,False,55082
55423,Solomon Orn Phd,"Suite 113 643 Lemke Freeway, New Minda, AL 63251",+18308148323,marcia@osinski.example,False,55423
54632,Wiley Shields,"Suite 336 392 Mueller Courts, Wolffurt, WY 63109-2156",+15282617440,makeda.wiza@larson.example,False,54632
53778,Susannah Turcotte,"287 Dare Roads, Scottmouth, MD 32138",+14766562256,leslie_stroman@hudson.test,True,53778
55700,Les Ernser Phd,"2791 Jae Key, Lake Reginald, NJ 31265",+13476858998,callie@cassin.example,False,55700
53850,Gisela Turner,"Apt. 179 48941 Kenton Overpass, Carrollhaven, PA 84786-7217",+19676331175,gene@adams.test,False,53850
53921,Sydney Wunsch,"Suite 183 163 Abshire Road, West Lea, MA 87392-2565",+12761365544,yevette_jones@kshlerin-schmeler.example,False,53921
53942,Alva Renner,"Apt. 359 9104 Sherita Union, Shantellemouth, ID 26418",+11831770015,myrtice.abernathy@medhurst.example,False,53942
53706,Brynn Hyatt,"Apt. 524 9281 Anita Light, Kuvalisfort, MT 71639",+18014662360,lewis@bosco-quitzon.test,False,53706
55401,Gov. Susanne Erdman,"Suite 575 619 Fadel Bypass, Fernandoshire, AZ 20541",+13387501695,cris@bednar.test,False,55401
55183,Doug O'Hara,"Apt. 572 6880 Nerissa Radial, North Yerhaven, KS 56150-5788",+13595283651,krystyna@blanda.test,False,55183
53867,Nell Powlowski,"Apt. 269 131 Luanne Well, New Rodolfoborough, TN 09372",+15653778668,elenore@kunde.test,False,53867
53029,Denny Fadel,"80507 Runte Trail, Predovicshire, FL 46193-0659",+12322757198,angelia.kunze@douglas.example,False,53029
54263,Tennille Cormier,"Apt. 295 4743 Louvenia Light, East Chantetown, CA 29331",+13994198964,sharika_kuphal@renner.example,True,54263
53641,Eloy Labadie,"Apt. 462 16017 Bernard Villages, Linoton, KS 42421-7376",+11396030891,antone.lindgren@kiehn-gottlieb.example,False,53641
55296,Gov. Armand Mohr,"Apt. 176 945 Jenkins Islands, Mellisafort, SD 15225-6689",+14506877186,clemente@zemlak.test,False,55296
54479,Marketta Reichert,"634 Pollich Isle, North Ardenview, DE 19281-9238",+14017657025,alvera@luettgen.example,False,54479
54658,Dominick Senger,"Apt. 989 47076 Sarai Stravenue, Cartwrightville, CA 76325",+13880858341,alfonzo.christiansen@graham.example,False,54658
54276,Ms. Luis Flatley,"Apt. 107 70866 Warner Trail, Earlside, FL 54601-7676",+13350051955,rosann_crist@kertzmann.test,False,54276
55651,Fr. Mckinley Beatty,"91899 Schumm Forest, New Carli, VT 23779",+12067954996,mike@mcclure.example,False,55651
54682,Kiara Mcdermott Dds,"Apt. 981 298 Frederic Road, South Columbus, NM 40150-5535",+17037470396,rita@schinner.example,False,54682
54435,Johnna Farrell,"7786 O'Hara Hills, Starkside, WA 70892",+19909690375,louis.gislason@collier.example,False,54435
55254,Sen. Israel Bartoletti,"514 Faustino Expressway, Port Eugenio, OR 16714",+11108359630,ellyn@rice.example,False,55254
54031,Tonya Wehner Dds,"Apt. 528 5912 Joane Shore, Evalynton, NJ 43596-9301",+11616332229,carmelo.baumbach@koss.test,False,54031
53961,Kisha Maggio,"7905 Soraya Plaza, South Wilton, NE 83678",+12315419284,theron@beahan.test,False,53961
54011,Mr. Mariana Dooley,"1352 Keeling Islands, Ezekieltown, KS 04656-9753",+13220888647,maranda.torphy@nicolas.example,False,54011
54979,Donnie Kohler,"29664 Teodoro Fort, East Odell, AK 19569-6939",+17022804183,federico.kuphal@ohara-schaden.example,False,54979
53506,Miss Gladis Barton,"Suite 771 235 Ivory Station, West Deefort, AZ 59598",+11270454809,brendon_kerluke@kerluke-swift.test,False,53506
54598,Lashawnda Greenholt,"90171 Lindgren Junctions, Port Shadmouth, MT 57757-3754",+16707783682,jeanmarie@crooks-fahey.example,False,54598
53652,Sherill Bogisich,"5251 Patrick Ford, Stokesborough, TX 20305",+19456008182,gavin_dicki@flatley.example,False,53652
54640,Malisa Russel Iv,"5768 Jerde Point, Jeffieshire, UT 95557-3969",+18304307338,delpha@gislason.example,False,54640
54077,Cristie Rodriguez I,"Suite 369 66134 Simonis Flats, Smithamshire, HI 41707-9843",+14954351054,asha_baumbach@bogisich.test,False,54077
55623,Rene Dare,"212 Harris Forks, O'Connerville, IN 64153",+19038730120,jessie_windler@oreilly.example,False,55623
54255,Jeffrey Mosciski,"Apt. 787 9793 Roob Club, Demetriusberg, IL 26691",+12298567908,alonzo_dickens@cormier.test,False,54255
55294,Zofia Mertz,"84009 Irving Mountains, Lake Rufusfurt, WY 85279",+18848128963,sueann@hirthe.example,False,55294
53628,Winford Ward Ret.,"9228 Bruen Corner, Beerhaven, WV 18752",+11492180317,jeffry_lockman@harber-olson.example,True,53628
53336,Kurtis Champlin,"Suite 711 8351 Lowe Run, Mathewstad, TN 84445",+13173988502,katerine@mclaughlin.test,False,53336
54492,Kris Stoltenberg,"5767 Johnathan Loaf, Jaskolskiville, AR 17081",+12413804767,virginia@koepp.test,False,54492
53526,Charles Schneider,"727 Gillian Mall, Trompchester, MO 48810",+13354070733,chad@bradtke.test,False,53526
53384,Quintin Mraz,"919 Glover Stravenue, Buckridgefurt, ID 25823",+19275171662,quinn@christiansen.test,False,53384
55213,Aracelis Torp,"Suite 993 59350 Narcisa Bypass, East Alvaro, NY 78281",+12534508388,dirk@kassulke.example,False,55213
53509,Charolette Barton Esq.,"2513 Franecki Glens, Hobertshire, TX 99131-5208",+11243184373,kathi@marvin-barton.example,True,53509
55355,Fermin Schmidt,"Apt. 368 7726 Saran Streets, Port Patrice, NM 85312",+11499183018,eloise@wolff.example,False,55355
54453,Pres. Jose Dare,"Suite 295 5519 Koch Mountain, Binsville, MT 05088",+16104298362,bradley@metz.example,False,54453
53830,Heath Prohaska Sr.,"4018 Tyesha Rapids, New Jaimechester, WA 25925-5236",+16428245865,luciano@kiehn.test,False,53830
53465,Elaina Lemke,"2113 Keeling Street, West Deon, LA 39709-0807",+13512075873,nancey@tremblay-vandervort.test,False,53465
55010,Stephen Williamson,"Apt. 693 472 Bradly Estates, South Nanceeshire, DE 25551",+15697113961,andres@macgyver.test,False,55010
54016,Pres. Leonida Jast,"Suite 616 80397 Carie Garden, Olachester, AL 78926-6947",+11436807476,theo_corkery@keebler.test,False,54016
53453,Randall Batz,"Suite 198 84082 Hilpert Centers, Skilesstad, CO 87499-6305",+19537651530,fernando.jacobs@bruen.example,False,53453
53575,Anderson Fisher,"7975 Zieme Lodge, New Eric, SC 12505-2787",+17350451652,suzan.satterfield@stracke.example,False,53575
55534,Dorsey Vonrueden,"Suite 818 17218 Renner Divide, Sherrylton, WI 54946-1789",+15821100093,norbert@kuphal-hessel.test,False,55534
53461,Clotilde Bahringer,"676 Aron Fork, South Ezekielhaven, AR 06041-9275",+17499688038,kristi.gleason@reinger.example,False,53461
54052,Mr. Paris Heller,"48910 Corkery Bridge, New Palmaview, SD 40405-5525",+13748698719,royal.corwin@raynor.test,False,54052
55521,Arleen Towne,"Apt. 557 381 McDermott Center, Elnoraland, TN 95759-8329",+18114050493,sean@hauck-schmeler.test,False,55521
54896,Dagny Schaden,"Suite 643 6649 Prosacco Plains, Lake Ryanland, WA 19265-3095",+18878106514,dayna_mertz@kiehn.example,False,54896
55166,Erica Watsica,"Apt. 942 7001 Yost Hills, East Jamarborough, WY 00160-8243",+17352396668,william@mills.test,False,55166
53827,Tegan Fritsch,"7633 Errol Fords, New Lashawnaview, SD 63671",+19091303505,moises.schamberger@gutkowski.example,False,53827
53843,Jacinto Heidenreich,"Apt. 604 6833 Shanel Trail, South Harrisland, MT 71255",+14710299883,chang@jakubowski.example,False,53843
54440,Keli Robel,"Apt. 471 9970 Osinski Plain, Port Norbertberg, ME 86563-2738",+12740698683,pasquale_rippin@vonrueden.test,False,54440
54002,Lindsay Dubuque,"7162 Garfield Port, East Evita, AR 99878",+18761896532,curtis_stark@hartmann-keeling.example,False,54002
55818,Amalia Hoppe,"Apt. 603 6931 Roberts Glen, Lake Victorburgh, WI 41775",+16104563703,adam@yost.test,False,55818
53293,Cinderella Spencer,"7658 Scott Valley, North Josueland, IN 59000",+17319774007,sterling@murazik.test,False,53293
54141,Dee Zulauf,"Suite 155 12862 Rory Bypass, West Larrytown, PA 96255",+19034341969,florentino@reinger-reichel.example,False,54141
53294,Krystyna Powlowski,"16299 Beer Stravenue, Angeloberg, IN 41223-3709",+19859500117,woodrow_herman@hegmann.example,False,53294
55372,Marquetta O'Reilly Jd,"67243 Hamill Centers, North Walker, GA 67552-5085",+12061420462,janene.greenholt@bahringer.test,False,55372
54349,Harmony Kunde,"854 Madaline Burgs, New Elfriedeport, KY 33000-3139",+11953295946,quincy_reinger@kassulke-hilll.test,False,54349
54340,Coralee Mills Esq.,"37530 Stiedemann Vista, Peteport, MN 22499",+18048062678,geralyn@satterfield.test,True,54340
53972,Eliseo Conroy,"131 Dennis Ferry, Port Tonettefurt, MT 48944",+17909140170,genaro.maggio@mckenzie-kohler.test,True,53972
53338,Cornelia Dicki,"849 Dach Extensions, East Ashlishire, WA 85644-8345",+18313065549,dorotha.white@crona.test,True,53338
54409,Louetta Rogahn,"42243 George Dale, New Jesus, WY 24869",+13356174873,jinny@vonrueden.test,False,54409
53760,Owen Tremblay,"Apt. 530 277 Byron Flat, Schmittton, NY 46177-7289",+11295097446,samuel@ruecker.example,False,53760
55047,Jin Torphy,"Apt. 846 2530 Eleanor Island, Isaacfurt, DE 62597-2094",+13405502714,palmira@boehm.test,False,55047
53667,Darla Dibbert,"Apt. 614 280 Huels Cape, North Harleymouth, IL 91548-7870",+11622225300,wilton_beahan@ernser-dibbert.example,False,53667
54555,Shannon Nienow,"Suite 807 3408 Danna Tunnel, Loidaside, NC 65774",+15554941135,chester@quigley.test,False,54555
55427,Dr. Chad Abernathy,"Apt. 505 794 Waelchi Unions, Bergnaumchester, SD 08106",+16672642828,dexter.hettinger@kohler-cremin.example,False,55427
54660,Rep. Carlie Rodriguez,"893 Nick Forge, Wilkinsonmouth, NY 74911",+19034761323,elliot_thiel@jaskolski.example,False,54660
53406,Phil Senger,"640 Williamson Forges, Rossanaview, ME 44040-4688",+16651182231,joan@bartoletti-mclaughlin.test,False,53406
53159,Mrs. Leandro Schumm,"951 Johnston Ville, Port Desmondland, IN 29072-0163",+11602918877,werner_walker@kunze.test,False,53159
55359,Claude Jacobs,"182 Stark Fort, East Alise, MN 28436-1055",+19208265616,numbers@brown.example,True,55359
53906,Efrain Friesen,"Apt. 938 3545 Kassulke Flats, Simonisberg, NE 68658-0333",+14199809309,stefan_bailey@schultz-shanahan.example,False,53906
54056,Edward Ward,"6844 Misha Vista, Millerport, ID 41286-4801",+13294540766,christie@quitzon.example,False,54056
53647,Blake Zieme,"7768 Rene Curve, East Buddy, AL 82773-4113",+11017910769,chiquita.wiza@champlin.test,False,53647
55387,Elwood Rippin,"Apt. 797 5063 Haydee Rapids, Donnaville, ID 54981",+16642453349,lucas.jenkins@kiehn.test,False,55387
53202,Randell Wolf,"20682 Micah Island, Oberbrunnerville, SC 22402-0036",+16228561284,gilbert_powlowski@weber.example,False,53202
55620,Erik Crooks Dvm,"Apt. 833 266 Bayer Street, Denesikstad, MS 45113-9304",+19672854497,vera_hyatt@becker.example,False,55620
53408,Krystal Williamson,"Suite 612 748 Jordan Well, Berniceton, TX 96903",+11288943879,grisel.schowalter@kuvalis.test,False,53408
53996,Emerald Bruen,"Apt. 562 52645 Cole Dam, Wileyborough, CA 09701-4301",+14244335888,phung@tromp.test,False,53996
55545,Gov. Stefanie Boyer,"Suite 151 91136 O'Connell Estate, Port Derekville, TN 02109",+14704028464,vesta.lueilwitz@murphy-feeney.test,False,55545
54293,Mario Daugherty,"Apt. 776 6829 Nienow Street, Port Robthaven, GA 40886-2925",+11969918362,danille@bernier-daugherty.example,False,54293
55690,Astrid Rogahn Dc,"Apt. 530 90869 Christian Glens, Lake Cleoraville, MI 44194-8593",+19947162310,alec@paucek.example,False,55690
53218,Chi Kris Jd,"Suite 226 1717 Nicky Motorway, East Justaview, UT 53146",+14854282999,lemuel.hansen@swift.example,False,53218
54279,Quintin O'Conner,"Suite 991 9368 Winford Plaza, Hodkiewiczburgh, VA 10395",+15481630095,guadalupe@hettinger.test,True,54279
54580,Charlette Botsford,"52459 Bahringer Avenue, Breitenbergtown, UT 57552",+16334447984,reynalda_nitzsche@lemke-hegmann.test,False,54580
53166,Jonah Moen,"422 Terrell Camp, Kristiechester, OH 16411-3120",+18632510520,adina.hartmann@mann-emmerich.example,False,53166
55668,Buck Lind,"3858 Ziemann Viaduct, Ericktown, ND 92580-5088",+18122609762,fausto.volkman@pacocha-champlin.test,False,55668
55293,Hilton Botsford,"387 Kshlerin Overpass, Port Ingrid, NV 35627-5095",+18635352987,steve@steuber.test,False,55293
54885,Rev. Adrian Cummerata,"32122 Harber Flats, North Lilliam, ND 91677",+16285935310,aura@bartoletti-hyatt.example,False,54885
53631,Jacquiline Padberg,"Apt. 807 417 Gregorio Track, South Willistown, MN 08255-9185",+17377865968,alvaro@donnelly.test,False,53631
55735,Lizeth Kreiger,"Suite 682 198 Ingeborg Locks, New Rolandoton, CO 10215",+12731508107,nereida@gulgowski-crist.example,False,55735
53541,Herminia Hoppe,"454 Winfred Forks, South Michealhaven, AK 68860",+13335400448,jamie@wehner.example,False,53541
53041,Eloy Jacobs,"3357 Lehner Forge, Harleychester, WY 62310-0877",+15847149815,bruce@treutel.example,True,53041
54960,Herman Nolan Sr.,"Apt. 138 48582 Velvet Forks, New Wenona, VA 91637-5487",+15154298577,daniela_kemmer@bergnaum.example,False,54960
54812,Darby Lang,"65733 Stoltenberg Passage, Latoniatown, TX 53124-6100",+16843428413,lessie@mante.test,False,54812
53726,Denis Block,"9630 Mary Ridge, West Walterland, DE 79241",+14884727737,gordon@halvorson-flatley.test,False,53726
55102,Halina Jacobi,"3195 Normand Forest, West Junita, PA 38945-5671",+12734807316,rudy@bailey-grimes.example,True,55102
55045,Lee Lehner,"Apt. 332 9595 Sacha Ville, Stanburgh, WY 29433-3786",+15725776451,maricruz_pfeffer@hauck-jakubowski.test,False,55045
54768,Fred Stiedemann,"264 Josiah Corner, Koribury, IA 80432",+13871108965,eugene@schamberger.example,False,54768
55273,Christopher Windler,"75817 Haley Crossing, Mozelleton, TX 23337-5038",+19538441363,eusebio@braun.example,False,55273
53444,Ms. Patrice Bosco,"928 Reichel Fort, Veronaland, DE 70756-2082",+12776124692,bud_beer@ernser-white.example,False,53444
53711,Shin Gorczany,"3138 Billy Mission, Goldnermouth, RI 47148-4850",+14649806333,phillip.pacocha@beatty.test,False,53711
54886,Jeannetta Williamson,"Apt. 901 2216 Kovacek Rue, Armstrongport, TX 90686",+15879720642,spencer_paucek@schumm.test,False,54886
55023,Carlo Hackett Esq.,"99136 Farrell Dale, Fadelbury, NC 41261",+13553747485,lawanna@bode.example,True,55023
54806,Brandi Bogan,"773 Jaskolski Unions, Lake Mattie, SC 50870-4465",+11560938049,randy@mueller.test,False,54806
53093,Lindsey Huel,"Suite 885 64590 Hansen Radial, East Lai, WV 27064-7459",+14845229820,fritz.veum@shanahan.example,False,53093
53531,Thurman Johnson,"8929 Rippin Inlet, Port Nathaniel, UT 89520-3000",+12692607346,nida.schulist@mante.example,False,53531
55352,Diego Kemmer,"747 Rowe Summit, Guillermoport, IL 70568",+16474856389,sherron@kovacek.example,False,55352
54854,Joaquin Hirthe Dvm,"41937 Samuel Mountain, Port Jeffereystad, VA 10813-0709",+13919206693,len@daniel-orn.test,False,54854
55328,Charleen Fahey,"Apt. 951 6016 Darrick Field, New Angla, TN 12517",+17726371537,jessica@kreiger.test,False,55328
53455,Maribel Parker,"Suite 284 8379 Vandervort Brooks, New Lacytown, UT 69849-4673",+14722538478,ronda.sauer@hand.test,False,53455
55546,Waneta Crooks,"Apt. 250 4624 Luettgen Ferry, South Hollisport, AR 80853",+18204023362,brian.schroeder@bruen-kilback.test,False,55546
54277,Glennis Crona,"54876 Sang Fort, Dorthachester, IA 85757",+14367828680,stephaine@anderson-borer.example,False,54277
55801,Velda Bahringer Dc,"62923 Dicki Keys, Colemanport, GA 74093-3304",+16939580331,sherman_feest@dare-koelpin.test,False,55801
54547,Man Waters,"Suite 102 326 Glover Loop, Josehaven, CT 58135-1567",+11201681007,merlin_pfeffer@murphy.test,False,54547
54466,Bradford Bahringer,"1998 Gutmann Park, North Walter, MT 94404",+16947757209,star.hackett@reinger-murphy.example,False,54466
54051,Shirleen Grimes,"Suite 242 7656 Schoen Fork, Corkerymouth, CA 75388-0245",+12799746280,monroe@macejkovic-smith.test,False,54051
55169,The Hon. Porter Paucek,"3542 Fritsch Radial, Lake Adaline, DE 93983-4355",+18524163300,leanne.wyman@parker-lind.example,False,55169
53232,Jess Cronin,"41764 Rippin Cliff, Jennellborough, KY 40314-5412",+11813048323,jacki@ondricka.test,False,53232
53366,Maxie Stroman,"Suite 518 67336 Andrew Stream, Tylerfort, WI 14061-5448",+17087351999,carmel_feil@schaden.example,False,53366
55074,Josiah Reinger,"62431 Lynch Haven, West Claudetteville, OH 99996",+15555695263,marth@gleason-stark.example,False,55074
54805,Msgr. Rashad Connelly,"76402 Schimmel Flat, Lake Glendora, AZ 78853-0436",+19377185749,amira@weber.test,True,54805
53819,Ozzie Dickens,"Suite 459 44826 Larry Inlet, Skilesfurt, MD 81920",+11780172854,leighann@beier-schmeler.example,False,53819
55660,Jacqueline Bechtelar Ret.,"1396 O'Kon Junction, Darrylbury, NM 21343-4485",+15247623822,hans@champlin-jaskolski.test,True,55660
53789,Sylvester Carroll,"Apt. 988 6660 Altenwerth Views, New Madaline, MT 37173",+14722758314,takisha@mraz.example,False,53789
53568,Fr. Trisha Leannon,"Suite 381 3877 Nova Causeway, South Walton, OR 21226-9990",+11909392472,milagros@kunde-schaefer.example,False,53568
53397,Herschel Blick,"51323 Donnell Stravenue, North Rob, ID 58551",+12321090750,loma@flatley-roberts.example,False,53397
55271,Florence Swaniawski,"Suite 488 2375 Maynard Park, East Rosina, VT 19254",+15577426600,thomas@johnston.test,False,55271
53407,Tami Pacocha,"Apt. 964 7948 Kris Cove, Danaborough, VA 48928",+19211802627,ozzie_rau@beatty.example,True,53407
53471,Sen. Tommie Reichert,"80590 Cremin Forges, New Echo, MN 72009-1415",+18055702959,otelia.watsica@stanton.example,False,53471
55458,Thad Kilback,"Suite 716 75135 Tomas Stream, New Levimouth, RI 27052",+11434168416,criselda.schimmel@koepp.test,False,55458
55440,Alvin Hammes,"1404 Hagenes Field, Pfannerstillview, IN 86759-7218",+17881452248,isaias@rowe.test,False,55440
55177,Wilma Kessler,"Suite 429 496 Fadel Meadows, West Pablomouth, RI 03707",+18973614393,walker_witting@blanda-vonrueden.example,False,55177
53282,Douglass Wisoky,"6959 Kerrie Terrace, Marksbury, IL 64140",+13409002996,cruz@heathcote.example,False,53282
53492,Ahmad Rutherford,"6957 Mueller Expressway, West Pennyhaven, TX 94952",+13177892587,wilford_emard@nicolas-murphy.test,False,53492
53388,Laurinda Bashirian Ii,"609 Weimann Ranch, New Edward, OR 65787-5794",+11860603166,donnie@cummings-ward.example,False,53388
54692,Conrad Jones,"4542 Heidenreich Circle, Ryanhaven, NC 59596",+18154033085,angeles.stiedemann@champlin.test,True,54692
54172,Geralyn Tromp,"Suite 743 514 Hamill Coves, Ligiaville, CT 08912-2037",+18856422935,damien_vonrueden@herzog-huel.example,False,54172
54784,Julio Stiedemann,"Suite 647 42919 Elbert Keys, South Moises, HI 84014",+19364974030,alonzo@buckridge.test,False,54784
55309,Zackary Romaguera,"Suite 777 3840 Fatima Ridges, New Wally, NC 93157",+16008241561,mac@koelpin.example,False,55309
55337,Bonnie Harber,"444 Ward Route, West Jarod, NV 11106-9171",+14447731186,narcisa@bayer-white.example,False,55337
55269,Herman Rohan,"Apt. 381 112 Shaunda Mountain, Reichertshire, TN 57264",+14259715547,robby@hudson.example,False,55269
54917,Jimmy Carroll,"4214 Will Dam, East Tommystad, TN 38537",+16223249196,fairy@leffler.test,False,54917
53268,Rep. Sung Rowe,"548 Laraine Cape, New Candida, WY 46707",+11999940395,mozelle@haley.test,False,53268
53712,Loria Bruen,"1257 Onita Shores, Port Kaleighfurt, VT 29213",+19552527475,polly_gutmann@champlin-collins.test,False,53712
55339,Kelvin Mayer,"Apt. 630 39604 Cronin Hill, Johnathonhaven, SD 97209-2909",+18715035045,chery@morissette-lang.example,False,55339
55689,Candance Grimes Sr.,"Apt. 980 1880 Wisoky Pass, Port Heidi, MA 14552",+19651176624,asley@goldner.example,False,55689
53968,Maurita Wilderman,"19685 Moen Union, New Pierreside, RI 36022",+16770083170,basil@will-zieme.example,False,53968
54842,Milford Bayer,"4689 Veum Square, Legrosmouth, HI 50401",+19002852695,bee@considine-wilderman.test,False,54842
55481,Garnett Stroman,"Suite 754 9397 Tiera Parkway, North Jeremiah, UT 56527-2914",+13850547340,andrea@murray-kling.test,False,55481
53181,Rev. Patrick Abshire,"Suite 387 765 Janel Parkways, Neilshire, UT 56307-9662",+14630159180,lavona@wilkinson.test,False,53181
53872,Ethelyn Kling,"Apt. 634 28093 Mollie Groves, Pagacfurt, MT 35009-4555",+11769822052,arletta_boyer@corkery.example,False,53872
55338,Sen. Ed Renner,"Apt. 548 8876 Israel Wells, Mabelleport, WY 32245-3275",+17434103981,magaly@lesch.example,False,55338
53117,Wilfredo Frami,"6756 Niesha Estates, Lake Andy, NE 59259-9424",+14784443293,estelle_hirthe@fisher-mclaughlin.example,False,53117
55351,Rich Leffler Dds,"241 Courtney Ridge, New Tuyetfurt, CO 69747",+15017022205,reyes@hoppe.example,False,55351
55253,Alica Ryan,"Apt. 952 446 Auer Glens, North Chang, NE 04941-4179",+13452316997,byron@schaefer.example,False,55253
54416,Kyla Ortiz,"7635 Erin Skyway, Denesikport, MD 65730-1893",+19693222715,wayne_goldner@zboncak.example,False,54416
54602,Thi Abernathy,"8577 Ferry Mission, West Catalina, KY 76197-9319",+15855678812,asley@runte.test,False,54602
55128,Hanh Deckow,"10232 Kutch Hills, West Enriquestad, ID 40252-8117",+15801458739,lemuel@vonrueden-tromp.test,False,55128
54156,Jesse Gerlach Md,"653 Wilton Knoll, East Odafurt, AK 32530-6704",+19116145427,darron.roob@hamill.example,False,54156
54849,Waylon Wiza,"Suite 417 888 Jolynn Route, Chungfort, MT 24006",+13197456586,johnie@williamson.example,False,54849
55507,Clemente Corwin,"4265 Nikolaus Harbors, Lynchfort, IN 31860-2939",+17021394818,christian@satterfield.test,True,55507
54384,Annetta Mcdermott,"Suite 398 92721 Corwin Rest, Lake Robt, IN 34771-6803",+11445081178,eusebio.stehr@fisher.test,False,54384
54148,Julianne Predovic,"40120 Jacobson Shore, Dessieville, MS 84078-4136",+12435763344,chance.huel@tromp-sauer.test,False,54148
54831,Doug Kshlerin,"Apt. 433 97902 Edmundo Stravenue, Ernserchester, NC 63669",+19048248351,venetta@schroeder-hills.example,False,54831
54455,Mitchel Vandervort,"Apt. 426 33015 Kraig Manor, South Mickeyport, NV 92521-7905",+13232965840,soon_witting@reinger.example,False,54455
54260,Risa Jenkins,"Suite 804 19298 Sang Station, Abbottfurt, IL 38455",+18741948409,brock_shanahan@labadie.example,False,54260
54613,Carole Predovic,"92908 Mitchell Views, New Scothaven, CO 84838-5823",+15075225823,terrence@greenfelder.test,False,54613
53866,Jamie Mertz,"41732 Whitney Causeway, Jenkinsport, WV 86680",+17553521680,wilton@pollich.example,False,53866
53058,Melody Little,"215 Doyle Falls, Lashundaburgh, NH 43058-7192",+15914532820,jayson_parisian@lind.test,False,53058
55415,Estelle Haag,"9376 Donald Extension, South Devonville, NM 73631",+17755736756,raquel@schaefer-hudson.test,False,55415
54250,Masako Gorczany,"36247 Glover Turnpike, Amystad, TX 78387-0276",+19058432895,thomas.witting@casper.example,False,54250
55633,Rep. Stanton Rogahn,"32664 Sylvia Ridges, Wendyshire, NJ 13476-9169",+15242963349,paulina@schiller-wiza.example,False,55633
55439,Cleveland Hackett,"13910 Jenkins Mall, Hungbury, IA 97334-1348",+17914576633,lurlene@christiansen-denesik.example,False,55439
54940,Jim Doyle,"Suite 687 45819 Kunde Ridges, West Cornellfort, MA 09046-8592",+19667274984,brady.simonis@kunde.test,False,54940
54013,Georgeann Lindgren,"644 Hugh Mills, Mayaside, WV 71225-1346",+13860374420,miquel@ullrich.example,False,54013
53730,Marica Kertzmann,"Apt. 991 8136 Krajcik Club, Manteberg, NC 13118",+12236304379,christoper.mayer@brakus-fritsch.example,False,53730
55214,Minh Hermiston,"168 Weimann Union, Port Violetshire, IA 16395",+19733974591,vernell@jaskolski-windler.example,False,55214
54537,Augusta Smith,"886 Arlie Via, Port Shawn, VT 87405-9318",+14985185812,will_herman@bernier.test,False,54537
55219,Dr. Tracy Hessel,"44202 Wolff Mountain, Zacharymouth, ND 76407-3654",+19661317765,gayla@haley-bailey.example,False,55219
54544,Minnie Stracke,"25138 Vaughn Fall, Sawaynside, VT 13583",+11288087534,palmira_dach@hudson.test,False,54544
54650,Ernestine Murazik,"Apt. 329 808 Eleonora Branch, South Kathlinetown, NE 90332",+14090232772,kemberly@brekke.test,False,54650
54585,Michal Keeling Iii,"6711 Waters Loop, Ruthaville, TX 23085",+16972075204,alecia@pollich.example,False,54585
54694,Edmund Witting,"Suite 635 14549 Collier Locks, North Stephanieview, SC 59578",+14050331757,cortez_gutkowski@crona.example,False,54694
54792,Julene Mueller,"3606 Bryce Way, South Phillipfurt, NE 13387-9861",+12046474070,randy@gorczany.test,False,54792
53060,Pres. Vern Hermiston,"Suite 245 31353 Lewis Overpass, Andersonburgh, CT 72629",+18257213118,rodrigo@walsh.example,False,53060
54082,Kraig Nitzsche,"Suite 440 7464 Conn Lodge, Lake Diedre, PA 06678-0109",+14741663399,lauren_powlowski@halvorson.test,False,54082
54609,Marcelina Bechtelar Jr.,"Suite 387 8118 Alpha Rest, South Aronbury, NY 08555",+12186607447,anya@breitenberg-kunde.test,False,54609
55386,Kandi Marquardt,"Apt. 195 9523 Quitzon Islands, South Tyron, IA 53378-2848",+12396973795,ardell@torp-hoeger.test,False,55386
55117,Jamal Wyman,"Apt. 948 151 Keeling Fields, East Rochelle, KS 27138-5965",+14127486527,william_hansen@leuschke-ryan.test,False,55117
54233,Wilmer Rice,"Suite 171 493 Sybil Course, Kuhlmanland, FL 20700",+19541120190,curtis.pfeffer@considine.test,False,54233
55581,Azucena Hickle,"Suite 570 3758 Rupert Loop, South Rhett, VA 25420",+19883789267,takisha@baumbach-emmerich.test,False,55581
54907,Ira O'Conner Jd,"767 Reichel Wall, Faheyburgh, CT 84061-1245",+14707292236,kris@keeling.example,True,54907
54400,Miss Hiram Goldner,"Apt. 233 635 Elbert Way, South Terranceshire, AL 70346-2576",+15397434090,dorathy@cole.test,False,54400
53823,Rodrigo Conroy Dds,"45215 September Station, Gerholdberg, UT 34067",+17462760678,yon.reilly@ebert.example,True,53823
53248,Mr. Blake Becker,"67739 Ankunding Crest, South Cyrusfort, CT 30601",+19560404270,ona.bogisich@mraz.example,False,53248
55367,Clementine Shields,"Suite 455 160 Chantay Summit, New Bryan, MI 50593-0792",+12205347798,brande@wunsch.test,False,55367
55327,Ivey Lang,"Apt. 962 54438 Murphy Glen, Port Doris, WI 63665",+12185295696,shirely.blanda@langosh-kirlin.example,False,55327
55740,Zelma Brakus,"448 Maybell Rapid, Casperfurt, TN 77203-2730",+17241642885,lincoln_treutel@conn.test,False,55740
55515,Hobert O'Conner,"82661 Lecia Key, Odeliabury, TN 73104",+19091977907,shandi@grant.test,True,55515
55724,Felipe Smith,"Apt. 492 87038 Morissette Pike, South Bryantview, DE 89395",+13552277711,hoyt@cronin.test,False,55724
53994,Maris Quitzon,"Apt. 466 544 Maisha Stravenue, South Cherlybury, RI 25374-6534",+13676351190,edmond@lynch-roberts.test,False,53994
55431,Aura Runolfsson,"4516 Yuette Shoal, Clorindafurt, NJ 15614-3957",+12136050788,brittanie.kovacek@wiza-mraz.example,False,55431
54139,Tommie Klocko,"Suite 974 190 Donnelly Canyon, Streichshire, NH 82778",+15690199874,mira_ankunding@lubowitz.test,False,54139
55461,Woodrow Auer Iv,"149 Bradtke Stream, South Alden, OR 91352",+18938149205,dewey@collins.test,False,55461
55027,Marya Prohaska,"826 Ricardo Trafficway, Faheyton, VT 92617",+14979273839,efrain@kuvalis.test,False,55027
54706,Kerri Schimmel,"Apt. 567 25717 Oswaldo Extensions, Glennside, IN 62616",+17446541920,les.frami@kovacek-medhurst.test,False,54706
55487,Brice Gislason,"96608 Galen Freeway, Mandatown, CT 83549-5944",+19666300699,sari@fisher.example,False,55487
54982,Alyce Mitchell,"Apt. 746 90507 Hermann Inlet, Port Rashida, FL 44660-5952",+11584649416,kelley@windler.example,False,54982
54524,Melisa Osinski,"Suite 146 20979 Rashad Dam, Reynoldsport, SC 48957",+19427797727,alberto_hintz@koss-feeney.test,False,54524
54731,Prof. Florentino Hagenes,"1007 Friesen Roads, Kreigerbury, AR 00789-6769",+12093004844,tracey_dietrich@reichel.example,False,54731
54382,Lilli Schinner,"8297 Collins Place, Welchfort, RI 90317-8953",+12391333117,ellena@ritchie-mohr.example,False,54382
55500,Twyla Macejkovic,"Suite 650 95563 Ankunding Valleys, East Maria, MS 46197",+16224212553,emerson_mccullough@farrell.example,False,55500
55390,Skye Ondricka,"Apt. 172 450 Schinner Harbors, East Jeffreybury, LA 22106",+12388848602,theressa@goodwin.test,False,55390
53958,Kai Hauck,"83002 Camellia Avenue, Karynborough, NE 89978",+17194399306,deon@roberts-grant.example,False,53958
55069,Emmett Kuhn,"Apt. 465 777 Patricia Ridge, Maragaretmouth, MO 28627-0122",+18997874465,treasa@spencer.test,False,55069
53602,Eva Collins,"Suite 552 7410 Botsford Roads, Daughertymouth, SD 93206-3779",+16007850942,elisabeth@hessel-feeney.example,True,53602
53716,Jeramy Ritchie,"Apt. 385 28518 Daugherty Burgs, Port Cierra, OK 53103-0295",+16702685691,bob.monahan@sawayn-ferry.test,False,53716
53710,Bobby Mosciski,"9999 Raynor Spurs, Gerholdhaven, MD 57837",+15066696275,alva@sauer.example,False,53710
53728,Tommy Hodkiewicz,"69910 Garth Drive, Cruickshankville, ID 24193-1514",+17071105880,caleb_russel@waelchi.test,False,53728
54605,Sona Murray,"20654 Wolff Burg, Bergeshire, UT 19836",+13365729493,shenita_gerlach@hoeger-torp.test,False,54605
54876,Marx Zboncak,"Apt. 607 26831 Stroman Ports, North Delana, IN 20790-5532",+13215687988,isaiah@goyette.example,False,54876
55655,Randall Towne,"9933 Ellyn Junction, East Valeriaville, HI 70686-1868",+13385213248,dominique@paucek.example,False,55655
54732,Miss Agustin Schmeler,"Suite 585 6888 Sherwood Meadows, West Clayville, WI 85986",+16733072528,kesha@brekke.test,False,54732
54327,Jasmine Pfannerstill Iii,"16758 Chun Glens, South Melaine, FL 07105",+11298702893,martin@cole.test,False,54327
54677,Shawn Yost,"Suite 838 156 Ellen Islands, Dallasfurt, TN 81263",+12985191047,oliver_yundt@lind.example,False,54677
55190,Jerry Kutch Dds,"6370 Leslie Summit, Lake Renataport, TX 32347-2512",+11918131568,arron_kemmer@senger.test,False,55190
53587,Marianna Labadie,"Apt. 921 271 Tremblay Hills, Port Terrybury, PA 76585",+15668015422,stacy@kuvalis.example,False,53587
53537,Theo Donnelly,"15902 Denesik Locks, Lake Royalfort, DE 97095",+18201244529,horacio_tillman@erdman.example,False,53537
54184,Angelica Dicki,"8825 Greenfelder Meadow, Normanville, PA 18224",+17403324490,maria@dietrich-goyette.example,False,54184
55479,Isreal Rogahn,"5304 Paucek Street, Lubowitzstad, WV 94914-1997",+17518344253,rodger.rempel@altenwerth-howell.example,False,55479
53391,Dwain Pouros,"Apt. 510 12150 Mason Mountains, Goldnerhaven, VA 69780",+13330116695,nobuko@schinner.example,False,53391
53756,Amb. Bunny Stracke,"Apt. 958 9320 Omer Village, Corkeryville, ID 89906-9061",+19347709959,noelia@langosh-bednar.test,False,53756
53240,Otis Vandervort,"1010 Cathie Flat, Oliverland, WI 67915-8394",+12583773013,patrick_denesik@goyette-cronin.example,False,53240
55512,Adrien Dibbert,"Apt. 615 492 Dale Pike, East Angilabury, UT 35505-3234",+16588914770,norine@predovic.example,False,55512
55006,Dr. Bertram Crist,"Apt. 277 30802 Osinski Spur, Onieland, ME 61433",+13557782650,gala_carroll@cartwright-haley.test,False,55006
53305,Jessenia Schinner,"80641 Sheldon Court, Robertobury, KS 13460-8820",+18935314346,luanna_mraz@tillman.test,False,53305
53404,Wayne Moen,"6943 Jamel Inlet, West Haywoodborough, CA 82903",+19801729391,flor@schaefer.test,False,53404
54033,Erick Weber Cpa,"1793 Augustina Port, Jaimeville, NH 45608-1045",+16102324407,sulema.moen@marquardt.example,False,54033
55531,Geri Predovic Ret.,"Apt. 549 81740 Bailey Rapid, New Jeane, VT 36200-6493",+14745029823,aundrea_powlowski@ratke.test,True,55531
53986,Nelle Kihn,"Suite 709 73499 Kandice Spring, Veronamouth, NY 67052",+18555019451,preston.jones@volkman.test,False,53986
54398,Aracelis Lesch,"Suite 634 13560 O'Connell Meadow, Bartolettistad, KS 69974-8232",+13854113858,rikki.crooks@kiehn-kulas.example,False,54398
54991,Nolan Herman,"4428 Hintz Freeway, East Tyronborough, RI 29595",+19449639523,gonzalo.fay@abernathy-dibbert.test,False,54991
54529,Nevada Gislason,"Suite 441 8556 Jayme Canyon, Colettachester, LA 21299",+15857367620,keiko@berge.test,False,54529
55248,Renay Cremin,"Apt. 991 9146 Laure Ramp, Kuhnfort, DE 74639",+11226052736,yon@heaney.example,False,55248
54306,Amb. Sophia Heller,"879 Mari Forges, New Matilda, UT 10303",+12892472906,kymberly@kreiger.test,False,54306
55303,Edward Kub,"86071 Armando Village, West Aracelystad, IN 28721",+14972668607,colene@toy.test,False,55303
55360,Ms. Graciela Carroll,"981 Block Dale, Lake Adalberto, WY 27295-6072",+13627838634,vernice.green@stoltenberg.test,False,55360
54146,Santos Bechtelar Cpa,"Apt. 625 65811 Treutel Plaza, Friesenside, MO 24086-0877",+12307553879,edwina.schulist@bernier.example,False,54146
54603,Danille Hills,"Apt. 631 97614 Arnold Springs, North Valentinmouth, ME 25640",+18183325047,breana_kuhic@kshlerin.test,False,54603
55032,Vito Swaniawski,"91243 Lonny Dale, New Kendrick, FL 05503",+15805574304,bart@shanahan.example,False,55032
54898,Miss Alfonzo Skiles,"Apt. 995 3605 O'Keefe Lakes, Maryfort, MN 42655-6051",+17186197945,berry@pagac-pfannerstill.example,False,54898
53550,Mr. Sammy Feest,"Apt. 646 812 O'Connell Union, Ronnieside, KY 04312",+14071186040,zane_haley@krajcik.test,False,53550
55636,Amb. Otis Zboncak,"Apt. 483 28502 Rogahn Terrace, Port Weifort, MS 27673-9366",+12510442973,colby_stroman@koch-kris.example,False,55636
53369,Jong Feil,"Suite 642 48449 Faustino Motorway, Birdieburgh, WY 98461-4954",+13853477318,don@huels.example,False,53369
55814,Pearlie Jones,"5989 Fisher Ports, Wardfurt, ND 46622",+16146871310,elias.goldner@gerhold.example,False,55814
54043,Marcelino Dubuque,"Apt. 844 1600 Kirk Green, Hansenfurt, OH 63713",+18585134958,leif@walter.example,False,54043
54816,Vinita Green,"Apt. 547 30708 Armstrong Lakes, Port Leonaport, IL 43288",+16361017287,frances.thiel@ratke.example,False,54816
54919,Tamisha Schroeder,"88462 Benny Radial, North Branden, MI 90133-6107",+18366373596,mimi@bruen-roberts.example,False,54919
55234,Msgr. Jo Littel,"1935 Mitchell Highway, New Jeanettside, ND 82918-1598",+11043380472,angelita_koelpin@rice.test,False,55234
55621,Freddie Rippin I,"9464 Michale Harbor, Ebonimouth, FL 00367",+15544122333,dwain@schimmel-berge.example,False,55621
54192,Florentino Tillman,"1809 Nga Trail, West Blancaburgh, NC 51856-2450",+15305785340,martina@carroll.example,False,54192
54978,Noel Gulgowski Iv,"Suite 184 9620 Valarie Trail, South Songbury, VT 92234-0980",+18056866077,lauren@hettinger.test,False,54978
55250,Bessie Gorczany,"196 Marcel Underpass, New Deangelo, OH 37572",+17232321805,felice.brown@tromp.test,False,55250
53669,Manda Schmidt,"76527 Danna Avenue, Gwynport, MD 65649-2428",+12654524358,vanita@morar.example,False,53669
54212,Soila Pagac,"16699 Boehm Vista, South Cinthiashire, KY 16847-0020",+11480985455,delaine@king.example,False,54212
53665,Isaac Wilderman,"Suite 800 701 Reagan Cape, Dickensstad, CA 87998-4410",+12422583895,mahalia_kuvalis@carroll.example,False,53665
54546,Genevieve Mcdermott,"Suite 910 50327 Weber Extension, South Jack, FL 96743-8007",+17833803627,kayce@swaniawski.example,False,54546
53689,Consuela Robel,"Apt. 450 31046 Larae Bridge, Balistrerifurt, MT 72479",+13065685047,jacelyn@schimmel-mcclure.test,True,53689
55639,Dr. Dante Monahan,"Suite 784 683 Lean Radial, South Shane, VT 51021-6977",+19626128031,loren_weimann@crooks-corkery.test,False,55639
55420,Catina Altenwerth,"Apt. 624 9824 Effie Key, Port Virgie, VT 12128",+11002331733,lilia_mueller@sanford-franecki.test,False,55420
53922,Rogelio Von,"Suite 116 291 Bosco Highway, Gutmannborough, WA 46278-6669",+17116062268,pandora@harber-jaskolski.test,False,53922
53686,Vannessa Beer,"386 Feil Lights, New Ethanstad, OK 88164",+12409291211,doretta@kuvalis-heidenreich.test,False,53686
55410,Ty Wisozk,"221 Iesha Lodge, West Lula, OK 94752-5296",+15744318949,jerold@carroll.example,False,55410
54207,Thanh Pfannerstill,"Suite 277 612 Aja Landing, Leschbury, PA 31797",+13823990071,sam@buckridge.test,False,54207
55247,Jaleesa Ledner,"Apt. 810 772 Roselyn Harbor, Larryfort, AK 89112",+11060651068,king_dach@pacocha-christiansen.example,False,55247
55383,Hank Pacocha,"Apt. 337 900 Dewitt Groves, Jamisonborough, PA 15063-0361",+15152617168,cody@mayert.example,True,55383
54257,Fr. Quincy Adams,"Suite 992 17383 Tyron Ports, Gutmannland, IL 40532-5402",+12727458985,timothy@schulist.test,True,54257
55791,Eli Thompson,"Apt. 915 75689 Ernest Inlet, West Garfield, KY 83485-5303",+14042882757,doyle@pacocha.example,False,55791
54955,Msgr. Evelina Ebert,"Suite 775 54120 Patricia Lock, South Mohamed, WA 60432",+18429996915,sylvester@anderson.example,False,54955
54986,Yael Predovic,"Suite 200 53708 Merle Dam, Lake Louettatown, MO 69602-1872",+13576779251,alvin@lueilwitz-schumm.test,False,54986
55136,Alexander Glover,"Apt. 730 7155 Markus Lane, Alphonsemouth, SD 49211-0424",+15882580207,lillia@moore.test,False,55136
55157,Pres. Krystin Green,"333 Wilfredo Row, Boganland, SC 03477-9607",+11980127356,damien@hansen.example,False,55157
53579,Alden Pfeffer,"86605 Brakus Cape, Teneshaburgh, NJ 09343",+19103896545,nathan@lueilwitz.example,False,53579
55494,Kara Cormier,"Apt. 323 236 Rohan Mill, Harrisburgh, HI 95975",+11931153540,jimmy@lemke.example,True,55494
55145,Kala Heller,"40995 Clifton Station, Port Elroy, UT 40381",+17067056483,clinton@ritchie-ruecker.test,False,55145
54863,Alida Jones,"849 Branden Extensions, West Karmenstad, RI 46242",+13329378654,charlie@toy.example,False,54863
55321,Alica Kessler,"5047 Braun Squares, Fadelshire, DE 74747",+16853694749,savannah_breitenberg@waters-ryan.test,False,55321
53821,Sondra Wilkinson,"Apt. 448 54598 Gibson Squares, Grahamfort, ND 53406",+11009339430,marty_cole@rau.example,False,53821
55316,Mickey Jerde,"489 Robel Grove, Corwinhaven, MT 63543-8092",+15486577852,patty@farrell.example,False,55316
54627,Edmond Mcclure,"2057 Joseph Curve, Port Neil, NH 17748-3535",+15493973650,crissy.jakubowski@hoeger.example,False,54627
54456,Fr. Alberto Reichert,"8147 Karyn Spring, East Pasquale, MT 45067",+17167476886,corene_krajcik@stamm.test,False,54456
53502,Prof. Tynisha Osinski,"245 Schaefer Camp, South Gillianmouth, MA 32010-9410",+12843882241,stanford@kautzer.example,False,53502
54964,Donald Mclaughlin,"Apt. 397 7656 Bechtelar Point, Halleystad, IA 73590",+13942783009,tonya@ziemann.example,False,54964
54050,Garth Streich,"5586 Sana Burgs, Port Janellaberg, OH 91114",+11889155096,chet.feeney@wiegand-beer.example,False,54050
53300,Leida Shanahan Cpa,"Suite 542 9177 Prudence Parks, Lucillaside, NH 27167",+15651313534,sonny@kassulke-berge.example,False,53300
54587,Young Lueilwitz,"239 Johnny Green, Batzland, NJ 40680-8536",+17728738024,irwin.rosenbaum@murphy.test,False,54587
53544,Ellena Bechtelar,"Apt. 157 109 Hackett Centers, Wintheiserfurt, FL 97619",+17725900689,robin.hudson@boyer.test,False,53544
53775,Rev. Mendy Cremin,"Suite 804 6713 Mohr Overpass, Libradaton, MI 51199-7813",+11432231947,terese_cummings@greenholt.test,False,53775
54224,Fr. Maxwell Grant,"Apt. 483 4270 Dallas Mission, Pagacstad, FL 08329-9595",+11392480732,lorenzo_wyman@weimann-rippin.test,False,54224
54672,Bernardo Pfannerstill I,"120 Brekke Lakes, Arlieside, WV 11440",+15091345115,dave.tremblay@terry-hartmann.example,False,54672
55100,Maryrose O'Keefe Lld,"Apt. 406 45068 Valeria Parks, Lakinland, MN 96142-1205",+14304059954,wiley@reinger.example,True,55100
54381,Mr. Jackson Walter,"Suite 959 84084 Sunny Estate, South Antonetteville, NJ 21099",+15123805605,duane@rohan-crooks.example,False,54381
55727,Lindsay Wyman,"Suite 876 1114 Heike Glens, Isaacchester, AZ 52565",+12258849183,jacquelyn_denesik@klocko-schoen.example,False,55727
55342,Stephane Hessel,"Apt. 960 4601 Carter Overpass, New Rodrick, PA 80910",+11049770974,janna@cassin.example,False,55342
55725,Sean Watsica,"332 Kuphal Passage, New Loreeburgh, MD 37825-5068",+18031334949,lesley@koepp.example,False,55725
53702,Mr. Dusty Hamill,"Suite 257 802 Lynn Canyon, New Lacyfort, WV 85212",+14342006071,darrick_roob@graham-kuhic.example,False,53702
53070,Phyliss Howell Jd,"Suite 415 29096 Carolin Crest, Gleichnerville, TX 91623",+16959454459,laverne.anderson@lesch-weber.test,False,53070
54521,Mackenzie Grady,"Apt. 197 78460 Feest Mountains, Lindmouth, KY 30831-7165",+19530237985,lawerence.gleichner@rempel-okeefe.example,False,54521
54166,Norbert Dach,"6765 Britt Isle, Morarstad, OK 50786",+14533254775,herlinda@beer.example,False,54166
55430,Katherine Armstrong,"Apt. 591 77416 Brakus Grove, Denicechester, KS 91092-7489",+14824773371,zenaida@douglas.test,False,55430
53399,Cordie Gibson,"64579 Bayer Mill, West Beatris, AR 04341-5792",+12898621176,lela_herzog@turner.test,True,53399
55607,Mrs. Enrique Romaguera,"8604 Minh Tunnel, Lueilwitzton, ND 71909-4592",+14782982778,frank@koepp.example,False,55607
55061,Susanne Considine,"8312 Farrah Harbor, North Charlsie, IN 31580-3593",+16522338068,cheree_bogan@kuhlman.example,True,55061
55739,Russell Huels Vm,"Suite 367 4510 Evelynn Keys, Candiberg, ID 37918-7430",+12564087375,robin_lesch@treutel.test,False,55739
54551,Eloy Huels,"893 Latina Plains, Eldenside, UT 50081-7322",+18024636581,zenobia_bernhard@armstrong.test,False,54551
54091,Terrilyn Brown Iv,"Apt. 754 17523 Johnson Fork, Carryberg, GA 82252-4142",+13333831835,ernest.gorczany@hoppe-marvin.example,False,54091
54239,Fr. Omega Kris,"5498 Bode Turnpike, Vedaview, IN 99468-5859",+17252273731,alden@haag.example,False,54239
53317,Kelli Gerhold,"487 Alberto Route, Kosshaven, NH 81926-6204",+19732658092,miles@schamberger.example,False,53317
55685,Prof. Samual Huels,"Apt. 627 38782 Isidro Bypass, Kiptown, VT 01336-8877",+14648785760,janeen@mcglynn.example,False,55685
54085,Rocco Fadel,"Apt. 553 93870 Shakita Trace, North Davis, LA 55675",+17257278390,myesha_hansen@leffler.example,True,54085
55579,Micheal Moore,"Suite 403 472 Simonis Row, Lake Carisa, WY 03034-9427",+18904948394,lucrecia@franecki.test,False,55579
54701,Alexandria Hoppe,"733 Purdy Port, East Kelle, NY 43973",+19989893828,georgiann@kling-wyman.example,False,54701
54199,Sen. Dave Bins,"Suite 139 206 Russ Unions, East Marineside, PA 63792-8948",+13031873573,song.welch@jacobs.example,False,54199
54337,Dayle Harvey,"63057 Ward Place, Port Eldon, HI 71296",+16516869795,marcel@homenick-cartwright.test,False,54337
53334,Tory Parisian Ret.,"65750 Ward Loaf, South Erniemouth, DE 73294",+13103591184,ciera.shields@schultz-predovic.test,True,53334
54922,Debora Christiansen,"Apt. 372 6348 Medhurst Crossroad, West Marcellestad, WV 09088",+17203983363,kirby@hermiston-baumbach.test,False,54922
54531,Msgr. Dwight Bins,"2037 Cleveland Wells, North King, KY 26011",+18688490849,betsy@predovic-jast.test,False,54531
53400,Cora Schuster I,"Apt. 587 361 Lorina Skyway, South Lexie, KY 76955",+14912196020,alita_buckridge@adams.test,True,53400
54851,Troy Kohler,"Suite 440 297 Hahn Cliffs, Lenoreville, ME 54739",+16159037792,dino.leuschke@dare.example,False,54851
53505,Fredrick Jacobi Jd,"9449 Schamberger Radial, South Evie, AZ 82383",+12682251017,meg@schamberger.example,True,53505
55731,Wes Macejkovic,"Suite 773 89772 Simon Hollow, Destinymouth, OK 97387",+14770138314,kristina@pfannerstill-metz.example,False,55731
53065,Nick Reilly,"Apt. 152 66777 Timothy Canyon, Ivoryborough, MO 92629",+18551188647,dorthy@boyle-runolfsson.example,False,53065
55185,Bari Mohr Sr.,"Suite 552 2690 Charla Field, Port Timmyville, ME 44496",+14112088813,tuan@wiegand.test,False,55185
55033,Rogelio Monahan,"Suite 247 1366 Jonah Flat, Melaineland, OK 65572",+15475161229,shannon.carroll@boyer.example,False,55033
55007,Jesusa Raynor,"Apt. 381 844 Roberts Rapids, North Monroe, CA 20247-0843",+17020624170,elda@zieme-quitzon.example,False,55007
54525,Kiersten Bradtke,"Apt. 724 92895 Sam Viaduct, Stammstad, FL 21607-8317",+12463386737,bernie_klein@murazik-cummerata.example,False,54525
53499,Vivienne Funk,"Apt. 661 12924 Roxanna Loop, Royalshire, VA 60981",+19073789643,reyes@kassulke.example,False,53499
55031,Carmine Feest,"Apt. 475 3169 Spencer Spur, East Orvillefort, VT 31608",+16903742323,eleanor.mueller@ullrich.test,False,55031
54213,Shelton Keebler,"Suite 105 798 Lizeth Harbor, New Felix, ID 73493",+11328069332,jada_batz@wuckert.example,False,54213
54485,Tyron Veum,"9940 Norbert Flat, Port Jimmiefort, WV 00220-4552",+12834121119,virgilio@padberg.example,False,54485
54830,Milford Hackett Dvm,"Suite 512 36567 Barton Knolls, Bartontown, MN 08666-5957",+16138237621,joesph.gulgowski@krajcik-hoeger.example,False,54830
53425,Milo Kerluke,"Apt. 518 9696 Leon Parks, Lake Bradford, NY 81916",+12351949014,roseanna.casper@howe-pfannerstill.test,False,53425
53436,Markus Gutmann,"Apt. 669 4651 Elisabeth Glen, Stammbury, WV 78412",+13833096090,inge.yost@kshlerin.test,False,53436
54862,Hae Effertz,"7892 Fermin Parks, West Vincenzoberg, AZ 13889",+16057995535,melynda_hackett@weber.example,False,54862
55766,Clorinda Collins Dvm,"5678 Schoen Street, Deckowmouth, MA 18813",+15144807016,jewell.jast@swaniawski.example,True,55766
53100,Abbie Ernser Md,"270 Jeramy Rapid, Lake Wilburn, ME 18798",+11034657504,naida@rodriguez.test,False,53100
54810,Rep. Shawnta Fadel,"Apt. 523 560 Auer Light, Rempelport, MO 94790-1480",+15441579698,claude@crona.example,False,54810
54185,Sen. Consuela Kunze,"97849 Robel Plains, Lake Noel, NC 12841-6526",+13880129389,asley_reinger@russel.test,True,54185
55150,Oswaldo Bayer,"2180 Barrows Key, North Virginia, VT 49641",+16730712857,ehtel_kohler@stokes.test,False,55150
54767,Vito Nienow,"Suite 100 6279 Christiansen Street, West Lacieville, NJ 36950-0229",+15178440988,titus@dibbert-schmeler.example,False,54767
53290,Cassey Dubuque,"Apt. 284 49962 Roberts Plaza, New Dwaynemouth, NM 82980-1979",+18932318369,celena_abbott@mills.example,False,53290
54417,Omega Gislason,"Suite 355 2978 Bob Camp, North Josefshire, IL 77799-5274",+17038404003,everett@barrows.test,False,54417
53813,Jessie Beer,"Suite 830 95796 Rayford Streets, Sharleenburgh, OH 02251-9954",+12269665195,leonard_hills@jacobi-balistreri.test,False,53813
53390,Mr. Steven Bogan,"6368 Lakenya Row, Port Winterburgh, MI 65417-9702",+16764531811,jae_ullrich@goldner.test,False,53390
54577,Cary Bins,"997 Sarina Meadow, Mckinleyshire, MA 03963",+19881799500,jamal_hills@graham.example,False,54577
54845,Lee Schimmel,"5615 Ricky Lights, Millsbury, NY 08300",+18370037229,ferdinand_kirlin@daugherty-ohara.test,False,54845
54716,Sang Feest,"92040 Alphonso Cliff, Kulasport, ND 49818",+17487321256,andreas_dubuque@mcglynn.test,False,54716
55499,Dong Oberbrunner,"138 Gordon Islands, Mendyside, KY 57682-2228",+19767434624,evan@bogan.example,False,55499
53054,Long Hoppe,"Apt. 508 9657 Howe Track, New Angelyn, NH 29026",+14445792749,javier@emmerich.example,False,53054
54607,Mr. Marshall Davis,"989 Okuneva Forges, East Frederickstad, HI 42657",+19506329340,frances_okuneva@dibbert.example,False,54607
54809,Shirlee Hane,"Apt. 313 665 Mariano Via, New Leigh, PA 25408",+14294351028,janean.langworth@rohan.test,False,54809
53219,Elyse Littel,"Apt. 578 942 Jenni Circles, Walterville, TN 90220",+11362521497,charis@klocko.test,False,53219
53279,Contessa Cartwright,"Suite 197 3065 Daniel Plains, North Lexieville, KS 63723",+11423461123,buffy.schuster@collins.test,True,53279
54159,Haydee Kuphal,"Suite 225 67138 Schneider Terrace, South Pansyton, MO 21185-3370",+15273353543,hank@legros.example,False,54159
53719,Ellsworth Pfannerstill,"479 Hugh Plains, Port Coleman, WV 90084-9935",+13170370538,dorian_bergnaum@skiles.test,False,53719
54419,Edgardo Larson,"Apt. 992 1188 Shields Estate, North Georgiannemouth, MO 15797",+16615710406,diego_wyman@hoppe.example,False,54419
54092,Tashia Boyer,"6122 Launa Summit, Priceshire, UT 14752",+12957664245,tari.marvin@hintz.example,False,54092
54208,Chaya Schaden,"Apt. 646 983 Kilback Trace, Phoebeburgh, HI 26738",+12838542063,pedro@braun.example,False,54208
53167,Patrick Nitzsche,"353 Friesen Curve, Haleyberg, AR 08320",+17492156077,yaeko@bayer-kihn.test,False,53167
53230,Amb. Bev Rempel,"Apt. 362 84443 Lanny Squares, New Gastonmouth, WV 17284-4041",+19468421130,hong_bradtke@spinka.test,False,53230
55627,Kallie Heathcote,"Suite 886 2170 Omer Radial, Earnestport, AZ 30281",+15129983117,maire@pouros.example,True,55627
53580,Rex Hane,"5091 Dibbert Ridge, Dennisview, FL 20637-8528",+14984723434,barton_homenick@herzog-beatty.example,False,53580
54311,Margaretta Langworth,"Apt. 582 881 Svetlana Trail, East Sophia, NC 70166",+12871529042,reuben.mraz@kihn.example,True,54311
55809,Rod Tremblay,"Apt. 706 788 Friesen Motorway, Stantonmouth, MT 79164-0955",+17831269013,kimiko_russel@walter.example,False,55809
53787,Randy Beahan,"4929 Albertina Springs, New Loyce, WV 12925-9060",+14235038790,jeramy@bogan-lebsack.example,False,53787
53624,Todd Schmeler,"916 Grant Forks, Lake Rodrigofurt, CT 98856-5818",+12363436672,fanny.murphy@toy.test,False,53624
55704,Solomon Bahringer,"87269 O'Keefe River, North Mauricio, WI 36043-1381",+19818468324,ricky_heaney@dooley-lesch.test,False,55704
54508,Julius Nader,"10894 Joel Point, East Lucienport, MS 68846",+18844257130,mickey@crist-barrows.example,False,54508
55741,Veta Kozey,"Suite 808 7304 Rempel Flat, Lake Leonside, ME 77854",+18667718278,dotty@lebsack-jones.test,False,55741
53918,Darnell Wehner Iii,"6331 Nena Curve, New Randal, CA 91775-3165",+13072885171,sherrell.lang@mosciski.example,False,53918
54019,Gertude Goodwin,"519 Rolfson Walks, West Vanna, MA 77845",+14610239962,jann@wintheiser.example,False,54019
54735,Elli Carroll,"Suite 337 67502 Tyree Flats, North Lionelchester, IA 49481-5778",+15247011687,virgil_beier@ernser.test,False,54735
53881,Prof. Jenette O'Kon,"Suite 871 705 Lamont Ports, Schaefershire, NJ 35338-1906",+19844988866,tommie_langosh@greenfelder-hermiston.example,False,53881
55697,Harry Mante,"Suite 950 6950 Collier Court, Lukefurt, AZ 76251-5598",+19655816495,linwood.olson@kunde.test,False,55697
53841,Lemuel Weissnat Dc,"Apt. 434 541 Stroman Fields, Port Alvinmouth, VT 96705-8128",+18327583284,charla_goldner@bailey-bailey.example,False,53841
53811,Laila Nicolas Iii,"Apt. 930 833 Bradtke Overpass, East Terrence, HI 14061-7131",+16461842600,michale@prosacco.test,True,53811
53079,Maurita Nader,"8031 Von Extension, West Alesha, ID 06383-8394",+19442985876,santana@larkin.example,False,53079
53824,Antonia Labadie Ii,"21091 Kuvalis Forks, West Rashad, WV 84174",+11829308949,shaun@bechtelar.test,False,53824
54988,Adolfo Stokes,"Suite 513 3510 Pagac Islands, Lake Oliviaborough, NJ 64890",+11176358796,dudley@schumm.test,False,54988
54028,Carmon Wiegand,"91595 Travis Fords, North Rafaeltown, ND 08740-7121",+11522363368,deadra.pfeffer@powlowski.test,False,54028
54175,Claud Schoen,"Suite 845 75918 Cruickshank Crest, Nikolausburgh, OK 60977",+19892314523,raymon_osinski@steuber.example,False,54175
53192,Antoine Kemmer,"571 Catheryn Fords, New Karisa, MT 16691",+11907966756,lou@labadie.test,False,53192
53869,Erik Wiza,"118 Ullrich Junctions, New Jodyshire, RI 86624",+15382956641,jeremiah@kerluke-nienow.example,False,53869
54617,Roosevelt Heidenreich,"82128 Gulgowski Centers, Abshiremouth, RI 16163-5132",+19543014942,delilah_schroeder@mraz.test,False,54617
55301,Kristle Renner,"Apt. 267 35810 Olson Forest, Lake Coleburgh, WA 50641-8364",+15462997096,gregorio_leannon@mayer.example,False,55301
53486,Deangelo Rogahn,"7529 Louis Estates, Macejkovicmouth, KY 24667-0480",+12961269639,gabriel_mitchell@keebler.test,False,53486
54345,Machelle Harber,"919 Kyla Canyon, West Aldo, LA 39119",+16340046025,dora_bashirian@lesch.test,False,54345
55229,Carlota Herman,"96140 Schneider Loaf, East Jeroldhaven, AR 95216",+12814488147,norene@sawayn.test,False,55229
54353,Bill Lueilwitz,"5605 Nicholas Plain, East Johnathon, OH 53528",+14919907131,bev@lueilwitz.test,False,54353
53328,Johnathon Ondricka Md,"Apt. 463 952 Lockman Lights, South Jayne, MI 15569",+19112542356,mirtha@bradtke.example,False,53328
53801,Gonzalo Rowe,"Suite 123 4979 Schulist Falls, Cassinshire, MO 21997-9013",+16792920914,joelle@tillman.test,False,53801
53679,Johnie Kulas,"21086 Harvey Estates, Joaquinmouth, GA 30586",+19493241666,man@watsica-parisian.test,False,53679
53398,Bryce Botsford,"Apt. 509 5538 Stiedemann Rapid, Mintaview, IN 81294-2378",+16511196482,asa.barton@brakus.test,False,53398
53967,Sen. Ilene Larson,"Suite 832 7358 Pfannerstill Pike, West Sashastad, OK 18529-4613",+11648974092,lyle@osinski.example,False,53967
54133,Ignacio Gerlach,"Suite 144 9745 Rolf Isle, West Avrilview, MO 06233-2242",+13676130871,marilynn_olson@kassulke.example,False,54133
55598,Brooks Schuppe,"26820 Von Forges, Beattyview, MN 85349-9488",+14618338754,rayford@mayert-borer.test,False,55598
53153,Karine Cruickshank V,"Suite 335 98497 Alexis Green, New Dean, TN 40632",+17303718181,jeremy.hand@little.example,False,53153
53258,Carmon Graham,"4073 Roob Flats, Langworthberg, MN 81119-6506",+17599131228,nestor_littel@tillman-aufderhar.test,False,53258
55333,Devon Larson,"Suite 297 9010 Schowalter Mews, New Trey, UT 18272",+13335138097,orville@cronin.example,False,55333
55218,Carin Wolff,"Suite 414 3635 Sanford Mews, East Marcellus, GA 77188",+12476592992,billy_casper@stark-kertzmann.example,False,55218
55223,Jeane Batz,"Apt. 957 46976 Kohler Mews, Kochmouth, RI 47600-9969",+18634091570,keri@boyle-stark.example,False,55223
54512,Loriann Dubuque,"Apt. 201 6327 Von Divide, Lake Rosariaport, IN 85290-2010",+12552021496,conception_hoeger@olson.test,False,54512
53917,Sarina Schuster,"647 Millard Course, Byronbury, ND 72182",+14133623321,antoinette@lowe-shields.test,False,53917
53976,Russel Greenfelder,"4926 Darron Village, Lake Kevin, OH 18805",+13097296550,ed@pagac-dach.example,False,53976
53675,Florencio Yundt,"Suite 831 428 Schmidt Plaza, Jolandaborough, NH 53800-7795",+19993103743,haywood_bogan@auer.test,False,53675
53983,Anastasia D'Amore,"Apt. 350 8069 Pagac Forges, Wilkinsontown, FL 26848-2449",+14313703246,tarah_orn@terry.example,False,53983
53043,Karlene Mraz,"Apt. 670 24058 Parker Plains, New Lavernemouth, NV 30542",+12936418190,bertram.stark@moen.example,False,53043
54699,Mr. Kenny Pacocha,"739 Brittanie Meadow, Georgestad, HI 88488-8779",+12679578452,elsa_koelpin@kirlin.test,True,54699
53104,Lady Nitzsche,"67543 Milagros Island, Corwinview, VA 81755-8539",+18549381277,felix.langworth@waelchi.test,False,53104
54558,Jonna Casper,"734 Tyler Ports, Huelsstad, RI 62837",+16204663320,percy_johns@bogisich.example,False,54558
55014,Jody Wunsch,"122 Joan Underpass, Port Clinton, ID 96352-7877",+16839900314,elvie@hilpert-lueilwitz.test,False,55014
53075,Erin Macgyver,"Suite 195 767 Fahey Turnpike, Gleichnerton, NC 40023-5331",+11219928995,brittanie@kshlerin.test,False,53075
54486,Grisel Rempel,"919 Marco Lights, Lemkebury, MI 25135-8919",+13554347398,jenae_oconnell@pollich.test,False,54486
55306,Terrence Hackett Dds,"Suite 694 2520 Pearlene Meadows, Cristobalview, LA 14759",+19532497701,elmira@grant.example,False,55306
55363,Leatha Crist,"Suite 463 82388 Prosacco Pass, Gusfurt, CT 10522",+16800913767,debbra_mertz@grady.example,False,55363
54977,Maximo Hilpert,"50739 Guadalupe Haven, Daratown, RI 65362-8442",+14606093781,wm@reichel.example,False,54977
54994,Dr. Robt Raynor,"82771 Lucien Via, South Maxwellport, CT 26333",+13495342779,emile_rolfson@bednar.test,False,54994
53315,Breanna Ziemann Do,"11671 Denesik Village, New Cecil, TN 02596-6096",+14902145177,dalton@ward.test,False,53315
55311,Traci Will,"Apt. 547 25121 Weimann Course, Clemmiemouth, KS 33011",+13999716484,horacio@ohara.test,False,55311
54283,Phyliss Volkman,"Apt. 957 9211 Jeannetta Gardens, Bessieton, UT 92271",+19892172893,austin@gutkowski.test,False,54283
54676,Gov. Shaunna Rath,"621 Morgan Expressway, Vernonborough, MO 71495-9582",+13964462766,veta@dibbert.test,False,54676
55204,Cedrick Rowe,"Suite 840 782 Siobhan Garden, West Marty, WA 03533-3415",+11124955364,lane_ullrich@cremin.example,False,55204
55012,Ethelyn Altenwerth Dvm,"656 Feest Forks, South Letitia, TN 57797",+19203382605,devon@friesen.example,False,55012
53476,Rigoberto Waters,"492 Monty Mall, Shamikahaven, OH 45799-4781",+19338599348,agueda@harvey-halvorson.example,False,53476
55743,Sharan Pouros,"92380 Reinger Fields, Leonardoton, NJ 83505-2999",+15371812803,vance_feest@bode.example,False,55743
54513,Sherwood Brekke,"804 Dee Key, Port Moises, WA 60509",+15810127376,cletus_purdy@schulist.example,False,54513
53978,Miss Issac Effertz,"Suite 436 1938 Mann Rapid, Gislasonbury, AR 08409-9405",+15934928361,davida@schmitt.example,False,53978
55562,Minerva Turcotte,"31375 Gorczany Island, East Johnnie, OR 76361",+12968906596,trinidad_feest@kessler.example,True,55562
55744,Donetta Monahan,"776 Zieme Hollow, Terrellbury, WI 83516-7617",+12378233437,audrey.walsh@hagenes.test,False,55744
54355,Leena Wunsch,"Apt. 195 21113 Clyde Heights, Lake Loriahaven, MD 22076",+14754795541,ione.deckow@okon.example,False,54355
55565,Numbers Larkin,"Apt. 346 6056 Welch Turnpike, Port Ericaberg, ND 67568-9877",+14440997154,del_steuber@nienow.test,False,55565
53513,Mohamed Gutmann,"7918 Brynn Valley, Harberfort, NJ 85755",+15080524416,fredia@schuppe-brakus.example,False,53513
53026,Prof. Hulda Lang,"Apt. 742 77277 Shonta Court, North Ferminmouth, MS 61577-8462",+17027186908,evita@satterfield.test,False,53026
54063,Aron Predovic Phd,"94794 Dickens Course, Lake Kristopher, IN 07114-4559",+11370063761,lakeshia@koch.test,False,54063
53273,Deon Kreiger,"Suite 760 51689 Raina Pass, Vasilikitown, IA 70323",+16446333410,parker.jast@bogan.example,False,53273
55088,Louann Gleason,"64281 Nikolaus Street, West Sheridan, AR 70620-2148",+11564339486,carter@mcglynn.test,False,55088
54140,Donte Runte,"742 Adelaide Brook, West Loreen, AL 58534-0057",+18586972940,annabelle@schamberger-herman.example,False,54140
54346,Mack Larson,"48167 Amado Wells, North Giuseppinastad, SC 85013-5268",+11196318135,augustus.okon@green-prohaska.test,False,54346
53806,The Hon. Drusilla Barton,"Apt. 409 2946 Hubert Corners, West Domoniqueburgh, MI 92387",+16512530001,kallie.beier@okeefe-leannon.example,False,53806
53021,Jerri Anderson,"Suite 234 347 Norma Terrace, West Joye, NV 01313-9080",+11574974775,william@pollich-zieme.test,False,53021
54078,Manuel Lakin,"20072 Mills Brooks, D'Amoreton, WA 52392",+14956517454,myles@miller.test,False,54078
54915,Lizabeth Hoeger,"Suite 148 262 Cruickshank Drive, Lewisbury, MN 33891",+13093406713,sudie@wisozk.test,False,54915
55637,Grant Cummings,"Apt. 265 51851 Kunde Creek, Lake Glory, KY 21560",+17405689385,florance@zulauf.example,False,55637
54009,Jayna Dickens,"419 Kerluke Oval, Morarville, MA 86820",+16118953420,johnson@bashirian.test,False,54009
54282,Blondell Nikolaus,"1234 Lucio Cape, New Joyceborough, WA 01519",+16172262654,lupe@johnston-franecki.test,False,54282
55586,Msgr. Mathew Christiansen,"73368 Elliott Route, Denesikshire, HI 59021",+16316135766,rheba@schuppe.example,False,55586
54949,Ferne Legros,"54741 Prohaska Key, Port Edmundchester, CO 91407",+12900393057,wilson_williamson@schaden.test,False,54949
54718,Aida Bogisich,"22571 Shena Oval, West Mellissastad, MN 91780",+13312336032,woodrow@greenfelder.test,False,54718
54194,Carmen Upton Jd,"Apt. 822 8018 Robt Crest, South Mylesland, LA 65804",+11243650927,angel.gorczany@kiehn-douglas.example,False,54194
55584,Thad Spinka,"Suite 838 6276 Bryon Squares, Auerside, NV 11586-1858",+15768903783,maurice.haley@cartwright.test,False,55584
53565,Alfredo Parisian,"20713 Leannon Cove, Lake Oscar, KY 56504",+11902428278,olevia.gerhold@bartell.test,False,53565
54357,Lorinda Wiegand,"19116 Hans Roads, New Rebbeca, WY 54179-6275",+11682185180,charlyn.flatley@graham.test,False,54357
54302,Catina Cummerata Esq.,"95460 Annemarie Turnpike, North Valbury, IN 06488",+14508362210,lorenzo@rodriguez.test,True,54302
54350,Mr. Roosevelt Brakus,"684 Bartell Shores, Henryside, MN 62342-9070",+11375592584,sanjuanita@hammes.test,False,54350
55551,Carrol Bednar,"Apt. 462 3115 Harris Cape, New Blairfort, OH 81761-2522",+16397792482,cameron@schulist.test,False,55551
55716,Felipe Lebsack,"Apt. 849 16404 McGlynn Harbor, Port Yulandaberg, IL 74592",+17456241831,samara@collier.example,False,55716
53050,Theodore Gibson Do,"2436 Shirley Light, Lake Kyleport, WI 58792-8494",+19528526132,kenyatta@murray.example,False,53050
54035,Prof. Lulu Erdman,"22516 Goyette Parks, Cummingsbury, VA 00023-9313",+12342838230,lincoln@harvey.test,False,54035
53289,Jamal Klein,"41323 Frami Locks, East Maynard, MN 04845",+11784921461,nelda.turcotte@hudson.example,False,53289
54292,Jerrell Witting V,"Apt. 681 130 Gutmann Path, Mohrbury, AL 04034-9210",+12048413433,winifred@huel-hauck.test,False,54292
53861,Gov. Collette Wisozk,"Apt. 295 52887 Dona Plain, East Xavier, NJ 24149",+12082870126,lupe_torp@stiedemann.test,True,53861
55300,Laurine Bins,"84925 Feil Park, Lake Mayaside, RI 80463-7026",+14818458367,viki_ward@dach-jacobi.example,False,55300
53094,Rupert Bradtke,"Apt. 866 91678 Hobert Heights, Wuckertburgh, OH 93174-5299",+11462408504,viviana@heidenreich.example,False,53094
53482,Bryon Pfeffer,"Apt. 907 8163 Kozey Rest, Nitzschemouth, RI 97602-9798",+17740307049,ewa.franecki@klocko-boyer.example,False,53482
55222,Wiley Hintz,"46977 Luettgen Key, Emardmouth, RI 79874-7964",+14455543600,quinn@zemlak.example,False,55222
53415,Cecil Spinka,"Suite 273 75857 Clifford Lock, South Lazaroland, MO 10483",+12944480574,zenobia.ernser@grady.test,False,53415
54325,Laurie Gerhold,"6338 Ward Mission, Hagenesstad, MA 95189-6627",+12411993968,daniella_goyette@dare.test,False,54325
54541,Pablo Abernathy,"Suite 363 701 Lang Roads, North Ernie, IN 91960-7014",+14086964368,mable@lakin-kautzer.test,False,54541
54841,Pres. Codi Mertz,"Apt. 470 365 Rory Circle, Lake Lydachester, IL 88538-1952",+15459128958,emile@ebert.test,True,54841
54094,Sherryl Watsica,"Suite 428 14938 Labadie Oval, Micahberg, HI 39153",+11120937266,olympia_auer@wolff.test,False,54094
53889,Kasey Schmeler,"88266 Hessel Route, Jeritown, IL 12919",+16109186124,terri@watsica.test,False,53889
55013,Humberto Dare,"Apt. 209 62123 Brakus Street, Noelbury, MT 91711",+11613933774,august_gleichner@hyatt.test,False,55013
55280,Miss Ronni Runte,"89353 Haag Mills, Dyanmouth, VA 69080",+16361220708,emogene@hessel.example,False,55280
53700,Darren Fahey,"84907 Long Dale, Framichester, TN 98013",+12840522550,perry@grimes-simonis.test,False,53700
53432,Sen. Patti Hoppe,"1844 Karl Brooks, Lelandside, IN 17292-6513",+16695286851,lourdes@beahan.test,False,53432
54467,Antoine Stanton,"Suite 366 429 Georgiana Motorway, East Reed, HI 67374-1735",+17068509577,corey@cormier.test,False,54467
55514,Rudolph Considine,"Apt. 392 9849 Erinn Ridge, West Winfredland, PA 71612-4261",+12555200120,rodrigo@koelpin-goldner.test,True,55514
55594,Ria Ebert,"Suite 951 65365 Littel Circles, Champlinside, UT 20627",+16748489464,ike.farrell@goodwin-denesik.test,False,55594
55532,Mr. Jamey Krajcik,"741 Julia Brooks, Lake Mamieberg, CA 19453-9574",+12367912802,adria@schneider.test,False,55532
53374,Lissette Schamberger,"Suite 673 333 Clint Place, Heidenreichburgh, SD 63332-5830",+19337554352,isreal_weber@kilback.test,False,53374
53616,Bryon Cruickshank,"Suite 451 289 Hickle Pines, North Herbberg, WV 42742",+15159641603,edmund.wehner@zieme-kub.test,False,53616
53525,Eldon Kilback,"Apt. 394 1540 Schamberger Greens, Bruenmouth, NM 22218",+14815388461,luigi_bernhard@hagenes.example,False,53525
54887,Euna O'Reilly,"Suite 541 3779 Reinaldo Stravenue, Gutkowskistad, AK 51084",+19273836296,boyd.gerlach@paucek.test,False,54887
54562,Ozell Christiansen,"78124 Dorathy Avenue, Shavonburgh, MA 24215-5804",+12134580615,faye.pagac@streich.test,False,54562
53604,Francene Pacocha,"6157 Gleichner Route, Dooleymouth, DE 90200",+19728932690,jarred.prohaska@stoltenberg-smitham.test,True,53604
53214,Morris Dubuque Ret.,"Apt. 421 24296 Lang Views, Feeneyside, WI 75929",+13338762942,remona@runolfsdottir-lind.example,True,53214
55653,The Hon. Louie Daugherty,"Suite 152 3576 Amanda Loaf, Port Jorgeville, MD 18803",+13830612665,frank@smith-predovic.test,False,55653
54505,Cheryll Tremblay,"17831 Heaney Summit, Carrollborough, CA 26632",+13705599691,lavina@wyman-dickinson.example,False,54505
55508,Austin Gulgowski,"Suite 611 7966 Thersa Road, Irmgardfort, AR 43146",+16645377770,tasha@anderson.test,False,55508
53269,Mr. Ernestine Bahringer,"Suite 188 2541 Kerluke Burg, Oberbrunnertown, MO 62113-6496",+18435913946,manuel_collins@tremblay-daniel.example,False,53269
55816,Stevie Tillman,"9330 Hagenes Gateway, Jeroldborough, NE 61343-6815",+16105019437,virgil.ebert@jaskolski-legros.test,False,55816
53278,Amb. Khadijah Altenwerth,"Apt. 304 13811 Rich Street, West Rodneyville, WV 32433",+12575123912,sandy@schmidt-sawayn.example,False,53278
53600,Valda Turcotte,"Suite 786 5318 Luvenia Plain, Lake Dulcemouth, CA 35459-0240",+19577915904,guy@schultz-skiles.example,True,53600
54487,Jackie Sipes,"471 Miles Green, Coleshire, NC 31003",+12800867547,tamar.hahn@larkin.test,False,54487
55329,Rep. Heriberto Hand,"9756 Nicky Dale, Lake Kris, CA 57637",+13034177129,trinidad@zulauf.example,False,55329
53434,Deidra Kassulke,"Suite 564 919 Barton Roads, East Imaport, MO 59980",+18210864310,cyndi@emmerich-schmidt.test,False,53434
55039,Lore Bode Ii,"7174 Stoltenberg Bypass, Bennettborough, AK 44181-1880",+12562444964,tad@borer-jerde.example,False,55039
55589,Moshe Robel,"Suite 246 282 Adams Track, Lake Louisborough, KS 44838",+13622430800,rusty_auer@marks.test,False,55589
55767,Cora Mraz,"72893 Temple Junction, Charliefort, AR 23342-5666",+13795317095,goldie.torphy@grimes-mayer.test,True,55767
54722,Mr. Veda O'Hara,"Apt. 666 331 Patrina Flats, East Christoper, NH 90561",+16416499411,frankie@wolff.example,False,54722
54278,Guillermo Stanton,"531 Frami Tunnel, Kunzeton, MN 48114",+13354185591,jarod_mills@gerhold.example,False,54278
54041,Phillis Lowe Jr.,"Suite 418 6055 Bergstrom Dale, Blandashire, CA 93761",+16105797265,len_marquardt@kihn.test,False,54041
54015,Nestor Kohler,"Apt. 528 12094 Von Fields, West Katherinfurt, VA 34613-3888",+14913798643,ulysses@spinka-goyette.example,False,54015
55553,Kimberley Volkman,"Apt. 352 74512 White Cove, Rodgerfurt, MS 05765",+13677310877,werner@dooley.example,False,55553
54240,Michal Hegmann,"866 Donn Plains, Cordellchester, MT 96424-0400",+19058245936,carmelita@nicolas-schaden.test,False,54240
54848,Sherilyn Batz Iii,"3341 Hane Lakes, Port Brunoshire, MT 27534-7691",+14368940138,elinor@rowe.example,False,54848
55304,Lenard Schulist Dds,"Suite 319 586 Halvorson Lane, Lucioborough, MO 43284-4515",+12199453808,coreen@langosh.test,False,55304
53578,Nathaniel Wiegand,"Apt. 947 3489 Daniella Mission, Pollichside, MN 86276",+18768432838,adina.walker@torp.test,False,53578
55161,Joe Roberts,"67136 Mary Valley, Port Tuan, LA 75983-7311",+19970133779,lilly@osinski.test,False,55161
53650,Georgeann Dicki,"Apt. 632 2855 Peter Vista, Jewelmouth, MD 02666-4054",+18199180053,donn_harber@bahringer.test,False,53650
53776,The Hon. Odelia Kozey,"Apt. 295 806 Bailey Freeway, West Krystinbury, MA 15405",+14262038405,katrice@blanda.test,False,53776
55606,Yetta Mann,"543 Mayert Union, Port Yulandaborough, AR 04402",+14713080364,raymond@spinka-watsica.example,False,55606
55798,Cleveland Fahey,"Apt. 514 8102 Lasandra Valley, Lake Garnetttown, MT 73866",+12423467559,nathanial.haley@miller-hilll.example,False,55798
53304,Craig Parker,"Apt. 120 47474 Lyndsay Park, Jermaineburgh, MS 47317",+11348769883,tyler_boyer@crona-bartoletti.test,False,53304
55116,Ms. Collen Oberbrunner,"Suite 292 157 Orlando Orchard, Corkerymouth, KY 44783",+19508573044,lionel@corwin.test,True,55116
53591,Brice Cronin,"Apt. 989 7358 Nakisha Junction, Rueckerburgh, CA 25822-7824",+18226158210,werner.bins@hessel-swift.test,False,53591
53040,Steffanie Sauer,"57698 Conn Rapid, West Augustusmouth, WV 21994-5313",+16060685366,vickie@paucek.example,False,53040
53891,Ramon Murphy,"Apt. 244 1292 Arlen Divide, Kemmerborough, TX 75446-8287",+11210783876,stanton_pagac@hartmann.test,False,53891
55050,Herb Hilll,"Suite 198 202 O'Reilly Dale, Lonniechester, SD 66203-7638",+18842748565,anh@pfeffer.test,False,55050
53433,Gail Kassulke,"536 Granville Mountain, Jenifferfort, TN 83090",+19141513512,porfirio_morissette@ziemann.example,False,53433
55133,Peggy Grady,"Apt. 986 484 Deckow Causeway, West Gilda, VA 06441-5047",+18425869271,billi@gusikowski.example,False,55133
54655,Milton Halvorson,"793 Virgilio Lodge, West Vonnieburgh, GA 09864",+15188251194,nu@bayer-bayer.example,False,54655
55624,Sen. Lidia Schneider,"74533 Waelchi Brook, East Brinda, WA 24537-8186",+12818808607,chloe@littel.test,False,55624
53855,Elma Vandervort,"Suite 508 726 Ricky Junction, Emmerichfurt, IN 24363",+11898883530,marielle@osinski.example,False,53855
55604,Owen Grant Esq.,"140 Malissa Shores, Heathcotemouth, AR 75836",+19092345128,elene_cronin@yundt-pollich.example,True,55604
54808,Dallas Abbott,"Suite 970 9660 Shalon Harbor, West Gino, OH 67733-2184",+11904231192,dannie.emard@roberts-bayer.test,False,54808
53800,Neal Kihn,"24122 Denesik Brooks, Kuvalisfort, VT 20339-9632",+13183657772,layla@feil.test,False,53800
54738,Msgr. Isidro Mcglynn,"2678 Lind Courts, Lake Thomasineberg, SC 70363",+13061830677,luann@rath.example,False,54738
55245,Saul Ratke,"Apt. 604 3553 Flatley Fords, Andyton, MT 88537",+11918502812,gwenn.windler@schuster.example,False,55245
55777,Tod Shields,"19103 Legros Street, Port Kayleneburgh, MD 12527-8136",+11174204009,ellis_denesik@rau.example,False,55777
54790,Moises Bernhard Sr.,"Suite 131 37245 Normand Forges, North Toshiko, ID 09706-5843",+15611668004,nathanael_daugherty@legros-crona.test,False,54790
54889,Myron Hermann Ii,"Suite 824 104 Jaime Village, Marlonland, NH 68094",+11216066833,wm.pfeffer@johnston.test,False,54889
53847,Randolph Harvey,"73785 Clementina Track, Leuschketon, UT 95847",+11321444823,eusebia@yundt.test,False,53847
54714,Hyman Crist,"Apt. 732 1776 Dannie Roads, New Sanora, UT 48585-8087",+15901911041,isaias@ruecker-doyle.test,False,54714
54310,Cheri Stark I,"Suite 136 315 Elwood Extensions, North Melvaville, MO 89840",+17556835457,marcos_kassulke@sanford-lind.test,False,54310
54832,Odessa Kiehn,"450 Adams Plains, Johnsonport, NY 30038-9968",+14857366517,jake.kessler@ryan.test,False,54832
55265,Raymond Bogisich Phd,"Apt. 995 22377 O'Kon Mill, Monahanfort, UT 34379",+13935031333,humberto@rosenbaum.test,False,55265
55028,Lacy Wilderman,"98728 Adams Oval, Tammeraport, ND 95774-9770",+14474916323,elvis_bradtke@brakus.test,False,55028
55195,Emile Pouros,"Suite 814 4056 Roberta Hills, Ricktown, HI 77317-6226",+13251503445,sharilyn.hoeger@hoeger.example,False,55195
55484,Trey Predovic V,"Apt. 630 39378 Theron Trafficway, Lake Emil, CA 84573-3128",+17153534864,maureen@carroll.test,False,55484
53238,Callie O'Conner Jd,"51847 Rolfson Shores, Alethialand, AK 37207",+15705249720,gaston_corwin@bode.test,True,53238
55078,Hilario Stehr,"Suite 264 23166 Glover Station, Sophiaside, VA 73788",+14511905773,bianca@robel.test,False,55078
55341,Wilson Barton,"4292 Klein Junctions, Markmouth, KY 06333",+18125166600,barrett@pollich-goldner.example,False,55341
53852,Tammy Schumm,"Apt. 905 673 Lane Locks, South Jayberg, NE 50991",+14358986422,peter_powlowski@okon-grady.example,False,53852
54498,Rep. Lonnie Ritchie,"Suite 433 182 Hermann Prairie, Kertzmannmouth, ID 25954",+17196495109,stefanie@douglas.example,False,54498
53590,Tyree Mraz,"4978 Adell Manors, North Jarrettmouth, NM 49222-0441",+18461609637,meridith.becker@walker.example,False,53590
53158,Yer Beahan,"Suite 692 8785 Barney Circle, New Harland, RI 44659",+12419024223,savanna@bergstrom.test,False,53158
55225,Marc Fay,"62921 Maggio Canyon, Lake Quinn, WY 39087",+17314761305,garland@balistreri-altenwerth.example,False,55225
55520,Steve Jacobi,"Apt. 494 49375 Mueller Cape, Feestton, KY 12747-0409",+11454221080,perry_will@harber.test,True,55520
55267,Duncan Douglas,"536 Welch Pine, Glindabury, IN 32260",+18609417729,janina@kuhlman.test,False,55267
54509,Vanita Torp,"11477 Hessel Crossing, Lindgrenmouth, MO 48761",+18371888789,arnulfo.sauer@rice.test,False,54509
55755,Pres. Logan Dach,"613 Zina Turnpike, New Jordon, KY 18246",+15058425532,bill@luettgen.test,False,55755
54665,Reva Schiller Phd,"277 Luettgen Curve, Port Linnie, MN 00828-7450",+12081542440,barbra.mohr@trantow.test,False,54665
55260,Alan Labadie,"Apt. 323 1896 Windler Station, East Ismael, WA 20792-1706",+13657175297,karyl_cremin@kilback.example,False,55260
53231,Efren Anderson,"784 Goyette Circles, Solburgh, NH 21375",+14291507476,lavon@cremin.test,False,53231
54038,Matthew Predovic,"Suite 464 183 Lynwood Unions, South Isrealfurt, DE 82140",+13868301411,charlott.bogisich@flatley.test,False,54038
55114,Kieth Schuster,"Apt. 870 649 Numbers Crossroad, Hesselport, CT 29379",+14433144658,stephen_morissette@turcotte-hilll.test,False,55114
54413,Msgr. Renato Keebler,"Suite 636 300 Darren Creek, West Markus, PA 72463",+15728786464,frances@bartoletti.example,False,54413
53347,Ossie Hansen,"660 McKenzie Terrace, Mervinland, GA 51643",+19779349550,guadalupe_gislason@prohaska.example,False,53347
53566,Jessica Becker,"Suite 175 9775 Terry Rapid, West Dori, AL 38607-2111",+17650427934,dallas.romaguera@bashirian.example,False,53566
55366,Dr. Simonne Luettgen,"Suite 141 88240 Len Crest, Jerrybury, ME 36471",+18952531412,eugenio@ondricka.example,False,55366
55477,Tu Hamill,"22545 Ezekiel Station, Weissnatport, MT 94873",+17277962128,latosha@williamson.example,False,55477
55113,Laurene Koss,"Apt. 341 544 Donnelly Crossing, East Cyrus, RI 75957",+11266050626,ronnie@treutel-howell.example,False,55113
54821,Ardith Kunde,"42847 Turcotte Burg, Port Kina, CA 55954",+12776441002,raymond_conn@gorczany-stehr.example,False,54821
54351,Amb. Ali Thiel,"21746 Julene Island, Marcelinoborough, MN 23036",+16025260761,cornelius@schmidt-olson.test,False,54351
53964,Jesus Kozey,"405 Schmeler Underpass, Lake Rochelle, CO 97065",+12828354968,letha@schmeler-crona.example,False,53964
53256,Malka Schumm,"Apt. 588 28039 Fatimah Club, Port Lucasborough, MT 31480",+11879144311,chuck@crooks.test,False,53256
55564,Valeria Rempel,"815 Rolfson Well, Leciaville, DE 25392",+16683053459,ashly@roberts-leuschke.test,False,55564
55796,Gov. Elenora Stokes,"8566 Heidenreich Lane, Dareborough, SD 50609",+19151842642,talia@legros-oreilly.test,False,55796
53346,Taren Bogisich,"54832 Refugio Isle, North Alexander, MS 61644-2606",+11530545447,jennie_aufderhar@welch-lebsack.example,False,53346
54798,Rep. Carla Schoen,"276 Logan Junctions, Lake Lou, CT 91081-7275",+15160046996,rodger.oconnell@green.example,False,54798
55358,Gov. Kathleen Lesch,"70025 McDermott Mall, North Macie, VA 62634-7182",+19239733448,rico.roob@boyle-blick.example,False,55358
55277,Charley Crooks Iv,"Suite 424 830 Berge Hollow, Baumbachburgh, VT 09898-9327",+16742984228,alton.ziemann@borer.example,False,55277
53272,August Hirthe Jr.,"Apt. 523 198 Feeney Villages, Lake Russell, WI 64045",+12742436523,antonio@mueller.example,False,53272
55228,Suzan Champlin,"32726 Streich Flat, Lake Sanora, NH 41798-4121",+11858125984,adelle_aufderhar@carroll.test,False,55228
55163,Olene Ruecker,"2865 Major Lodge, Edgarborough, AK 18909",+19723719884,glayds.brakus@parisian.test,False,55163
55297,Julienne Rippin,"9609 Lyndsay Spurs, Reynoldsfurt, AK 29791-9683",+11504331332,marquerite@ryan.test,False,55297
53913,Jeffry Swift,"659 Dayle Cape, Keikoberg, RI 60833",+11802970536,cora@bartoletti-will.example,False,53913
54733,Alonso Ruecker,"38060 Glayds Falls, New Randalland, MI 87545",+12802066840,branden_waelchi@roob.test,False,54733
55230,Jae Morissette,"887 Morissette Trafficway, East Marshallborough, IA 65446-3501",+14388224322,raymond_wyman@cremin.test,False,55230
53857,Casey Wyman,"Suite 739 67837 Sanford Highway, New Bobbimouth, IL 37376-3092",+19897454512,korey@stamm-wuckert.example,False,53857
54120,Rodger Mcglynn,"9002 Karina Walks, New Sungburgh, WV 77673-9053",+13053702181,hollie@jones.test,False,54120
55756,Marion Nitzsche,"94445 Harris Dale, Dionberg, NH 61745",+19666924875,devora@krajcik-johns.test,False,55756
53724,Debera Weimann,"Suite 624 5736 Kohler Vista, Conniehaven, MT 25266-5742",+18455819907,reginald_pouros@kassulke.example,False,53724
53709,Earle Willms Dds,"4583 Clarita Flat, Revaton, CO 65303",+14801510343,dominic.langworth@gleason-lebsack.example,False,53709
54644,Arlena Tremblay,"8508 Lewis Island, West Danieleborough, CO 04355-7787",+16834225863,brady_sauer@schaefer-connelly.example,False,54644
53938,Andreas Bauch,"Apt. 961 33773 Bryce Hollow, New Marvinland, MI 03065-5995",+13721949718,lincoln@hauck.test,False,53938
55302,Zaida Gutmann,"4784 Albina Inlet, Madlynstad, ME 47705",+13453934255,morgan@schowalter.example,False,55302
54339,Teodoro Hintz,"Apt. 874 744 Fisher Stream, South Gustavo, MI 03046",+16858992429,kevin.walker@macejkovic.example,False,54339
55017,Brandi Gorczany,"26964 Stark Springs, North Neville, CT 84058",+17316757704,cinthia.dietrich@gerhold.example,False,55017
53862,Rev. Simon Rempel,"10550 Mraz Ridge, New Kristopherfort, TX 58826-0497",+11001202748,aura@gusikowski-schuppe.test,False,53862
53250,Msgr. Mac Torp,"Suite 513 41660 Wehner Crest, Isabelleburgh, NM 26104-1145",+11497472873,hattie_schuppe@dickinson.test,False,53250
55613,Mauro Stamm,"Apt. 713 14344 Marcus Radial, North Markus, IL 72955",+19317734301,bobbye.hermann@murazik-douglas.test,False,55613
53140,Chantelle Bogisich,"400 Sharice Point, West Deanne, ND 58544-4579",+12977300104,emilio@swaniawski.test,False,53140
53128,Otis Collier,"812 Quyen Pike, Willmston, NJ 63933",+14571833690,chauncey@hettinger.example,True,53128
53692,Harland Windler Iii,"9379 Rochelle Ports, Melialand, CT 09958",+14756427271,arminda@wuckert-lowe.test,False,53692
53548,Joye Kulas,"7427 Odis Drive, Sherriborough, MO 98634",+15864725429,spencer@turner.example,False,53548
54333,Laticia Wiegand,"6544 Gertrude Expressway, New Rupertfort, AK 77202-2898",+18824261383,roberto@veum-kertzmann.example,False,54333
53503,Bee Kling,"829 Angel Divide, East Wendie, AK 51666",+12027490172,ezequiel@bosco.test,False,53503
54998,Mrs. Anneliese Wehner,"Suite 658 15821 Shonta Forges, New Stellahaven, SD 53542-2097",+17332734684,janice@homenick-yost.example,False,54998
53122,Marty Larkin,"Apt. 708 66528 Stephen Inlet, Kelleebury, MA 20168-9410",+13195328572,martin@krajcik.test,False,53122
55539,Jonell Huel,"834 Idalia Spur, Hyattfurt, PA 19901-0110",+12521317613,florentina_pfeffer@hilll.test,False,55539
54305,Ivana Rosenbaum Esq.,"Suite 457 384 Dawne Way, Rippinbury, TX 25566",+13887156147,steven.lind@kihn.test,True,54305
54099,Miguel Emard Ii,"38052 Ryan Plaza, Wiegandborough, CA 63818-0941",+16924564359,efren@crist.test,False,54099
54106,Marlin Skiles Phd,"42648 Schaefer Trace, Mortonville, PA 82432-3613",+14512870978,benedict@gulgowski-mohr.example,False,54106
54588,Penney Stracke,"Apt. 811 8174 Mills Squares, Reubenberg, RI 16475",+12828249160,walker_walter@marquardt.example,False,54588
54191,Inocencia Prosacco,"Suite 700 703 Ratke Ridge, Littleberg, MA 05297",+12684942878,isaac@altenwerth.example,False,54191
54103,Elroy Willms,"817 Ambrose Fields, Hackettstad, MN 14495-4971",+16360731512,marion@hand.test,False,54103
53020,Cecil Treutel Cpa,"975 Schaden Burg, Emardville, RI 04007-7245",+15049270861,bruna@gorczany-willms.test,False,53020
55378,Reginald Larson,"Suite 426 846 Fritsch Spurs, East Estelleburgh, MD 33666-0731",+15422735259,sheldon.cummings@dibbert.example,False,55378
54173,Msgr. Dewey Block,"Apt. 100 32435 Antwan Spur, Sethville, IL 90351",+19738400711,sarah@bogisich-hayes.example,False,54173
54086,Brooke Macgyver,"317 Shamika Tunnel, South Otha, NY 71529",+15828114468,dena@waters-lebsack.test,False,54086
53694,Sen. Joelle Schoen,"Suite 913 22246 Bryant Forges, Humbertofort, MA 96046-5931",+13783193399,raye@homenick.test,False,53694
53735,Ranee Spencer,"Apt. 658 7925 Shannon Union, Lovellachester, FL 46241-3993",+14073444659,willian_kessler@lang.test,False,53735
55696,Woodrow Wolff V,"Suite 929 935 Ryan Streets, Lake Porterview, NJ 38070",+19268914000,darcie.olson@parker-cremin.test,False,55696
53655,Socorro Predovic Dvm,"Suite 690 409 Shakia Villages, North Ethelyn, KY 93425",+13892975331,lea@kautzer.example,True,53655
53277,Irina Farrell,"3334 Tom Bridge, Moenchester, ID 49650-2509",+17785425722,roxann.lehner@huels.example,False,53277
55188,Msgr. Kyle Bogan,"441 Kim Avenue, Balistreriview, NE 80409-0558",+12728044628,huey@dicki.example,False,55188
53095,Les Hilll,"10104 Mueller Garden, Jerehaven, GA 06024-4527",+11640080246,young_pfeffer@smitham.example,False,53095
55158,Rupert Jacobs,"Suite 151 79337 Fred Squares, South Rory, VT 04857",+14764735700,zachary@abbott-stehr.test,True,55158
54469,Shanelle Nitzsche,"78519 Douglass Shoal, South Lannystad, NC 00827",+18837826955,georgie_lueilwitz@parker.example,False,54469
54422,Hildegard Jacobs,"27184 Mayme Junction, Cristchester, HI 98045",+19669491239,gail@larkin-watsica.test,True,54422
54218,Jim Lubowitz,"3441 Casper Pine, Abbiemouth, MD 76730-8532",+19711649408,shari@lehner-erdman.test,False,54218
55694,Roderick Cruickshank,"357 Wintheiser Island, Lake Jeffstad, AL 43786-2998",+12425259437,asa.prohaska@mitchell.example,False,55694
54471,Isreal Hauck,"Suite 611 833 Heller Dam, Rayburgh, KY 67830",+16462253908,antonio@mcclure-stokes.test,False,54471
54408,Corrie Keeling Jr.,"Suite 590 1155 Dickens Locks, Lehnerhaven, KS 18967",+19540556488,louie_herzog@nienow.example,True,54408
54048,Camellia Jones,"Suite 510 26906 Janette Streets, New Lura, SD 77882-4677",+11732668614,alva.walker@macejkovic.test,False,54048
53264,Msgr. Yoshie Moen,"Apt. 877 900 McClure Mission, South Buenachester, NE 46667-9317",+13770667771,lane@halvorson.test,False,53264
55389,Norberto Wiegand,"Apt. 639 5318 Lehner Skyway, Cormierland, MO 82049-5936",+16659747300,missy_bosco@renner-welch.example,False,55389
53144,Miss Keith Leffler,"5546 Emmie Trail, Port Taisha, AZ 91207",+11425304265,zandra@gleason.example,False,53144
54405,Justina Schiller,"Suite 804 9341 Alena Village, Koeppmouth, OR 67005-1439",+15130364658,rosina@greenholt.example,False,54405
55433,Mr. Kristopher Schmidt,"Suite 140 79943 Gilbert Burgs, South Kerryberg, NY 51374",+19132037061,altha@okon.example,False,55433
53593,Marquerite Labadie,"8048 Thompson Land, South Juliusview, WV 91000-5134",+16199499455,filiberto@jones.example,False,53593
55601,Blake Kling,"6570 Alfonzo Causeway, Loanburgh, WY 44166",+12453439744,bud@ferry-hamill.test,False,55601
55350,Jonathon Spinka Dc,"Suite 960 726 Stokes Fall, Port Vicentabury, CA 86429-3552",+11636238025,josef.kling@farrell.test,False,55350
53979,Mika Metz,"Suite 506 7705 Jake Lodge, Creminview, PA 15759",+13163910152,lorette@torp-legros.example,False,53979
53810,Reita Mraz,"Suite 256 285 Nitzsche Burg, Lake Dewittmouth, KY 13880-3994",+15491402848,cedric@glover-morar.test,False,53810
55469,Carmina Barrows Cpa,"544 Price Motorway, North Nanshire, KS 33595",+18471980282,nestor_trantow@haag.example,False,55469
54005,Jose Zulauf,"Suite 280 274 Rene Causeway, Herbertberg, WI 83100-7824",+17974651063,marcelino.bergstrom@stroman.test,False,54005
53359,Krystin Nolan Cpa,"Apt. 518 86341 Casper Wall, Calliestad, ND 19107-6855",+12246853918,sammie@okuneva.example,False,53359
53594,Kandi Christiansen,"9980 Walter Burgs, West Carterburgh, AK 40347",+12086128956,domonique.schmitt@dubuque-senger.example,False,53594
53285,Jenniffer Breitenberg,"48417 Elvis Freeway, Lake Maire, NC 44022-9755",+14123464880,santana@langosh.example,False,53285
53559,Sigrid Feil,"Apt. 117 7597 Mueller Coves, Hankport, AZ 17361-2257",+15600890081,fausto.lemke@roob.example,False,53559
54817,Amb. Marcella Brekke,"668 Dillon Pines, Aminafort, MI 43104-1552",+15952958495,ressie_bednar@carter-west.test,False,54817
53182,Fumiko Lebsack Phd,"353 Reiko Spring, Felipefurt, VA 98698",+13140244004,sylvia.prohaska@schaden.example,False,53182
55353,Rev. Jasper Legros,"Apt. 132 86975 Gabriella Center, Rosettafort, WY 78406-8199",+11060487055,ellsworth_larson@larson-nolan.example,False,55353
53247,Gov. Kris Strosin,"Apt. 595 4239 Millard Ridge, Thomasenaside, WI 81012-0474",+14397032497,jeanene@franecki.example,False,53247
55208,Dana Reilly,"15935 Bartell Road, Considinemouth, VT 18422",+19710867699,krystle_toy@streich.test,False,55208
55807,Mr. Fernando Nolan,"6309 Zemlak Brooks, North Rennaton, MO 80403",+11418110962,rebeca@gottlieb.test,False,55807
53042,Carlie Kerluke,"Apt. 536 2136 Brianna Station, Kundeview, OR 85464-1644",+14912273081,magali@nader.test,False,53042
55625,Vernell Jacobi,"Apt. 222 1034 Forest Common, Beattymouth, NC 50353",+14063706345,leann@runolfsdottir.test,True,55625
54972,Kerry Kuphal,"50825 Bergstrom Tunnel, Kevenberg, CO 32979",+15079915674,francie_fay@klein.test,False,54972
54396,Ashton Abbott,"Suite 330 26672 Bode Union, Handport, MS 21366",+17003338173,giuseppina@kirlin.test,False,54396
53749,Carita Bergnaum,"88826 Amos Knolls, Bobbyview, WY 80462-5136",+11090271168,waldo@corkery.test,False,53749
53777,Letty Predovic Dc,"Suite 551 524 Lavenia Manor, Hienhaven, ID 36166-2537",+17762879593,rufus_gibson@kilback.test,False,53777
54095,Antonia Braun,"Suite 771 6982 Golda Camp, New Irene, WA 25024-4993",+19725351991,gale@kris.test,False,54095
54545,Zulema Senger,"5975 Julius Wall, Deckowstad, FL 29855-7873",+13556143483,abe.kirlin@macgyver.example,False,54545
54122,Luke Mertz,"Suite 221 726 Fadel Walk, Auerfurt, NH 13765-0013",+11757966898,katrice_jones@shanahan-bahringer.example,False,54122
54126,Virgie Mraz,"8043 Jeffry Spring, Bradlyside, TN 37927",+11250077411,rufus_rowe@bogan.test,False,54126
55789,Wiley Hilpert,"9562 Champlin Drive, Lake Carrollberg, MD 61961-5767",+19922906131,tish.osinski@pagac.example,False,55789
55252,Emerson Gutkowski,"3823 Derrick Road, Whiteland, WA 93136-1025",+13839308289,elwood.keeling@ernser.example,False,55252
55491,Mrs. Robin Cremin,"991 Yundt Vista, East Kenishaborough, IN 90420-5741",+19059415188,rayford.satterfield@roberts-konopelski.example,False,55491
54075,Jeanette Rosenbaum,"9397 Burton Knoll, Osinskimouth, LA 72181",+13433257244,emmanuel_schmidt@greenholt-hessel.test,False,54075
54428,Bo Maggio,"Apt. 542 5104 Toshiko Causeway, East Malcolmborough, WI 35723",+14086987103,marcel_wyman@fadel-harris.test,False,54428
54670,Ms. Sherise Considine,"Apt. 887 84999 Cronin Drive, Dibbertside, FL 93820",+15029629071,samella@breitenberg.test,True,54670
53637,Brain Gulgowski Ret.,"Apt. 785 48133 Elwood Knolls, Bradtkefort, WV 25065",+13493839836,audry@dietrich.test,True,53637
53163,Ivan Swaniawski,"31448 Howell Groves, Lake Jesicaburgh, AR 39788",+12180032607,rudy@jaskolski.test,False,53163
55357,Juli Block,"5090 Palmer Plains, Cherylstad, ME 85627-9529",+17274179281,randell@champlin-hayes.example,False,55357
53977,Max Zieme,"Suite 210 3007 Tomas Streets, Jarvisshire, ND 95059-6725",+15144859679,heath@romaguera-bernier.example,False,53977
53429,Maurice Dicki,"2031 Gerhold Curve, Haaghaven, DE 40876",+15504076217,lavern@reynolds.example,False,53429
55040,Melynda Lebsack,"76366 Margarito Squares, Port Rollandborough, AL 53023",+19083235557,domingo_corkery@metz-moen.test,False,55040
54690,Janeth Harber,"Suite 135 8024 Emil Plain, North Carroll, AZ 98359-9160",+17930182772,martin.raynor@bauch.example,False,54690
53556,Meg Williamson Phd,"Suite 473 9744 Abbott Corners, Trantowburgh, VA 97358-2744",+14219469824,armand@heathcote.test,False,53556
55097,Virgil Brakus V,"Suite 793 5163 DuBuque Walks, Lake Sandy, NC 17253-0838",+19128621171,cherilyn.keeling@homenick.example,False,55097
53120,Ernest Bergstrom,"18801 Jeffery Lakes, East Nancy, GA 53757",+16582544994,marcel@predovic.test,False,53120
55822,Lashunda Connelly Dds,"79451 Schuster Stravenue, Gutmannborough, IL 16577",+18438984443,enedina@hansen.example,True,55822
53959,Mrs. Yuonne Kuphal,"Apt. 583 5452 Dirk Village, East Marcieland, IL 20695-4067",+14968783922,kali.daugherty@lang-altenwerth.test,False,53959
53053,Carmine Waelchi Phd,"Suite 660 284 Cole Springs, Tommiehaven, WY 64447-6800",+14100681189,sammie@hoeger.test,False,53053
53115,Mel Legros,"6091 Doyle Rue, New Chance, AK 18241",+11249924462,rocky_wehner@watsica.test,False,53115
53298,Gov. Arnold Franecki,"411 Kathe Cliffs, North Henry, NH 82799-2597",+17202789696,miles.ferry@graham-walsh.test,False,53298
53180,Doreatha Bernhard,"990 Ruecker Fork, West Marlinhaven, OH 10392",+19952344200,leonardo.grant@stokes.test,False,53180
53558,Dion Hettinger,"Apt. 901 37785 Mueller Freeway, New Keenantown, TN 40406-6178",+12438919618,mack.yundt@cole-collins.example,False,53558
53928,Peg Kertzmann,"Suite 419 983 Doyle Manor, Hesselshire, PA 20666",+17623701449,jan.ernser@white.example,False,53928
54121,Rigoberto Heathcote,"4552 Gustavo Rapid, South Diegofort, PA 72855",+14744951054,daniela@auer-von.example,True,54121
55462,Kerrie Frami Vm,"2293 Lena Alley, East Roy, IL 48529-8354",+19975015296,andrew@green.example,False,55462
53055,Luella Green,"90917 Deedee Flat, Torphyborough, VA 79361-7879",+13672575392,hubert.corkery@mills-mclaughlin.test,False,53055
54702,Barney Roob,"2314 Odis Walk, East Sari, OR 76888-2597",+12539942921,jeffry@wunsch.test,False,54702
55004,Shay Breitenberg,"731 Denyse Meadow, South Ralph, TN 81387",+15953424988,rod@mccullough.test,False,55004
53073,Gaston Dicki,"6448 West Locks, Port Dick, WA 15968",+12561876280,lasonya@beier.test,False,53073
53915,Van Purdy,"Suite 952 4246 Wolf Greens, East Dominick, GA 15935",+15262373830,dennis.barrows@sporer.test,False,53915
54163,Shirlene Wolff,"8114 Ritchie Drives, South Christinland, ND 21630-2039",+19996672538,wilber.parisian@klocko-grady.test,False,54163
53393,Gayle Doyle,"487 Martin Shoals, Auerfurt, KY 58573-7661",+18388426418,mittie.schuster@bergnaum.example,False,53393
54130,Winfred Ziemann Ret.,"Apt. 618 10968 Troy Lodge, Andersonhaven, AL 44046",+18172714646,moises.simonis@ankunding-bernier.test,True,54130
54855,Vannesa Borer I,"Suite 459 8989 Pei Mission, Juanfurt, MO 18970",+17480777648,mervin.ondricka@mclaughlin-schulist.test,False,54855
53257,Thaddeus Zboncak,"Suite 417 768 Kris Extensions, Lucasstad, CA 29368",+19997680955,teressa@carter.example,False,53257
55249,Dick Veum,"Apt. 125 259 Andrew Spur, Schulistton, ID 77238-8610",+14627789888,venus@connelly-towne.test,False,55249
54633,Malena Nitzsche,"Suite 280 4929 Gibson Spur, East Candance, CO 10561",+18321570914,halina@hammes.test,False,54633
55495,Farah Smith V,"65276 Hilll Circles, West Fern, ND 71333",+11636634727,genevieve.vandervort@nicolas.example,False,55495
54681,Dominic Boyer Iii,"82665 Lubowitz Rapid, New Art, MI 03319-7707",+12060995117,marti@harvey.test,False,54681
53757,The Hon. Audrie Reilly,"Apt. 353 8237 Goldner Harbor, Raulland, IA 19842",+16287241097,jeffrey_armstrong@hessel.test,False,53757
53715,Jamey Mcclure,"13523 Connelly Pines, New Melaine, HI 91117",+13936493577,emerson_dietrich@schuster.example,False,53715
53292,Marty Morissette,"Suite 306 2455 Keeling Mill, North Terisaview, DE 62175-9207",+11924228577,ellsworth.mertz@cruickshank.test,False,53292
55828,Alvina Johnson,"Apt. 431 95735 Runte Throughway, South Johnnie, ID 20187",+18676144893,otis@goodwin-osinski.example,False,55828
54144,Claud Bednar,"Apt. 495 848 Bauch Junctions, West Paige, MT 04119-3933",+13169412445,seth.mclaughlin@watsica-hilpert.example,False,54144
54707,Rep. Lonny Ratke,"Suite 281 8652 Elisha Groves, Ernestinaberg, WV 58720-4538",+13772360814,bernie@tromp.test,False,54707
53287,Rich O'Connell,"1896 Jacobson Mills, Hoegerstad, LA 47206",+18299555734,hayden.kiehn@bailey.test,True,53287
53912,Hung Pollich,"Apt. 270 26086 Caroyln Common, Lake Eldenport, DE 22073-8204",+19723322573,vicente@waters-leannon.test,False,53912
55820,Karl Donnelly,"9574 Jones Plaza, West Lelah, AL 84126-7147",+13493825004,lino@reilly-luettgen.test,False,55820
53882,Caryl Krajcik,"91843 Simone Passage, Lashandachester, NM 85233-0871",+19957843220,tula_wiegand@reichert.test,False,53882
54636,Lorinda Goldner,"40939 Lorita Flat, South Edwardberg, NH 70563",+18866221169,virgil.greenholt@bernhard.example,False,54636
55215,Efren Spinka,"Apt. 747 32604 Auer Way, Pacochamouth, AZ 69781-7033",+14823499091,lonnie.beier@smith.example,False,55215
54373,Stacy Balistreri Ret.,"54761 Hagenes Mountains, Port Mignonmouth, CA 34384-9262",+14428259277,nicki.bergstrom@cummerata.example,True,54373
53549,Nakisha Bergnaum,"Suite 716 8732 Kaleigh Valleys, New Chancehaven, MA 71958",+12137608094,cruz_hyatt@wunsch.example,False,53549
54829,Kenneth Toy,"Suite 389 232 Baumbach Port, Valdaton, IN 33229-3147",+19492879002,michel_mayert@connelly.example,False,54829
54157,Shawanna Hyatt,"Suite 780 338 Lia View, Gaylamouth, LA 77166-3005",+18474720191,clement@becker-ernser.example,False,54157
53642,Tomiko Lowe,"16524 Arturo Burgs, Denverport, ME 05046",+18505289724,retha.schmeler@torphy-lesch.test,False,53642
54843,Stacee Becker V,"582 Jonas Freeway, East Yelena, NC 62685",+13528243715,emil_terry@ankunding-kunde.example,False,54843
53529,Gov. Tom Shields,"4619 Isreal Centers, Rauside, MI 67336-4452",+18494873251,tanner.okeefe@baumbach.example,False,53529
54364,Barton Gutkowski,"99471 Joshua Village, Russelmouth, RI 48431-5569",+15684309380,christian@bayer.test,False,54364
53904,Gov. Harley Dicki,"49365 Schulist Vista, Johnstonland, MO 80385-1335",+17229382219,burt@nikolaus.example,False,53904
54457,Miss Dallas Stehr,"Suite 329 1022 Tillman Streets, Jewelmouth, VT 53048-2086",+18158827957,connie@kulas.test,False,54457
54943,Connie Weber,"Apt. 277 877 Forrest Mission, Port Glenna, HI 30962-7590",+17976319291,willy.haag@reynolds.test,True,54943
53892,Oren Boyle,"96435 Kermit Inlet, Danaborough, OH 67113",+16927570769,jaqueline@blick.test,False,53892
54762,Dwight Effertz,"Suite 943 80911 Kozey Lights, West Brandy, ND 75238-4847",+14971566761,gaston@brekke-bashirian.example,False,54762
53410,Gale Kunze Dc,"40563 Candace Overpass, Ludiehaven, OH 46405-9229",+14765914370,ambrose@white-streich.example,False,53410
54748,Berniece Quitzon,"424 Wolff Shores, New Nathanialhaven, CT 82866-9516",+19248338068,carlo.hettinger@hahn.test,False,54748
53451,Meghan Ferry,"Suite 159 903 Kutch Summit, South Odishaven, OR 70652-6314",+18428382872,antonina.cremin@treutel.test,False,53451
54997,Maryalice Berge,"Apt. 942 3258 Dawne Keys, South Leland, TX 20298-9874",+17093206627,philip@berge.example,False,54997
54210,Jeffrey Nader,"Suite 466 2471 Cassin Fort, North Dane, NJ 33273-3989",+14307589795,elvina_ryan@langosh-feil.test,False,54210
55354,Mui Cronin,"Apt. 101 523 Marks Terrace, East Rachael, TN 59931-4104",+12180878900,magda_mraz@cartwright-kunde.example,False,55354
55098,Kelsie Flatley,"24895 Kris Ridge, Langview, NY 09681-9895",+19054102629,amado.dare@koelpin-oconner.test,False,55098
53944,Bea Flatley Cpa,"88380 Evelyn Walks, West Kaseybury, WV 67502-2090",+18444728169,kandis@okon-witting.example,False,53944
53090,Evita King,"36933 Swift Knolls, Marryberg, MS 50837",+18001652580,jesus_rosenbaum@hayes-pagac.test,False,53090
53589,Gwenda Casper Sr.,"Apt. 675 567 Lakenya Extensions, Wilkinsonville, ND 34427-2204",+14641127163,mario@hodkiewicz.test,False,53589
55216,Sheldon Little,"Apt. 318 348 Rosario Flats, Lake Randymouth, PA 34570-2989",+18910169805,andres.abernathy@lehner-cremin.test,False,55216
54496,Mr. Debbi Kerluke,"Suite 206 180 Lowe Corner, North Abelshire, MS 33346-0186",+19768702199,randall@schultz.example,False,54496
54987,German Dickens Iii,"50454 Denesik Rue, South Sydney, RI 47881-0570",+16775423089,jackqueline@hegmann.example,False,54987
54231,Burl Mayert Phd,"Apt. 487 66816 Vergie Bridge, Boylechester, TX 89808-5429",+17097284715,laveta@schinner-mraz.test,False,54231
55428,Edmundo Feest,"793 Ileana Court, Mariastad, ID 26193-8500",+18683310829,dianne_spinka@ohara.test,False,55428
55071,Lorretta Gottlieb,"240 Emmitt Harbors, West Vergie, FL 60627",+17893477441,robbie_prohaska@ortiz.example,True,55071
54108,Raul Carter,"Apt. 596 7205 Shameka Knolls, South Clarine, NJ 47505",+18018045691,jermaine.olson@sauer-dach.example,False,54108
54781,Ms. Yvone Mcclure,"Suite 553 238 Thompson Haven, Lake Nickymouth, OK 04446-1570",+13943781035,marcela_gerlach@mosciski-mayer.example,False,54781
53226,Shawn Wisoky,"Suite 774 99375 D'Amore Roads, Port Roslynhaven, NJ 28172",+17342804835,bryce@wyman.test,False,53226
54888,Tod Harris,"Suite 127 47120 Jerrod Extensions, Chassidymouth, MI 52927",+18989794959,wilbert.hermiston@nader.test,False,54888
54037,Jeanelle Okuneva,"6430 Ruecker Trafficway, Margoriestad, IN 46461",+16767228979,fernando@langworth.test,False,54037
55513,Wade Heller,"Suite 350 3701 Boris Shoals, Averyfurt, SD 23760-7649",+14399402167,krystal@bailey-romaguera.test,False,55513
54929,Willard Franecki,"Apt. 431 892 Ortiz Via, Port Bernadine, MI 79086-5459",+17226202502,lael_lynch@johnson-collier.test,False,54929
55442,Delmar Donnelly,"15653 Florene Squares, Eddystad, FL 80095",+17765170724,rosetta_mclaughlin@hermiston-hegmann.example,False,55442
55610,Richard Windler,"7543 Floyd Roads, West Jaimeechester, MD 33912",+19751988706,ezekiel@stokes-harris.example,False,55610
53803,Kylee Torphy,"372 Cliff Tunnel, Bryonside, OK 42911",+12878404673,wilber_littel@hills.test,False,53803
53216,Keli Lind,"Apt. 497 29824 Mignon Roads, Dortheaberg, LA 26917-6131",+15225400969,jaime@huel.test,False,53216
53183,Lianne Cassin,"6885 Stanton Inlet, South Emery, NM 97746-3600",+14408979195,emerson@harris.test,False,53183
54265,Rep. Emilio Fay,"164 Teena Island, South Phil, OR 68112",+11743270684,lynn@kuvalis.example,False,54265
55408,Nicky Roob V,"Suite 139 9328 Grimes Crest, East Abe, OH 92900",+13091655569,krystin.hamill@weissnat.test,False,55408
53966,Kirby Frami Dc,"Apt. 346 8809 Mayer Ramp, Port Patton, SC 02244",+15609873480,tracy@strosin.example,False,53966
53774,Sidney Stokes,"Apt. 469 359 Muller Lake, Hintzstad, TN 09423",+14028913731,denisse@west-marvin.example,False,53774
54698,Jonathan Veum Esq.,"Suite 934 4816 Stracke Squares, Derickside, OH 59642-0869",+16323363737,lorena.flatley@abshire.example,True,54698
54563,Dean Boyer,"45223 Feil Loaf, Tannerberg, OR 17495-1293",+13277225413,reuben@feeney.example,False,54563
54504,Bo Murphy,"376 Tressa Common, Barrowsshire, VT 47783-2706",+15366009135,stacey@bashirian-nolan.example,False,54504
54961,Tammera Cormier,"Apt. 693 8757 Mraz Crest, New Maxie, LA 11134",+11399130516,teresia@torphy-schaefer.example,True,54961
53546,Madeleine Yundt,"8598 Cronin Junction, New Ferdinandport, NE 92491",+14634772705,susann@feeney.example,False,53546
55207,Dustin Murazik Lld,"4600 Kshlerin Ways, Bogisichhaven, MT 69643-0662",+16474649273,marc@daugherty-hills.example,True,55207
55470,Amb. Elbert Price,"738 Ward Stravenue, South Renaldostad, LA 23838",+11175767010,eldon@wisoky-cummings.example,False,55470
54523,Theresia Christiansen,"61178 Jerde Greens, Cruickshankshire, KS 02974-4922",+19081970435,millard@oconnell.example,False,54523
54324,Vilma Hilpert,"Apt. 989 37856 Torp Groves, Pouroshaven, MD 38688-4943",+12747697184,len.grimes@von.test,False,54324
54006,Miki Pfeffer,"8019 Gerri Ports, Port Benniebury, IA 17222",+18820024696,miles_schroeder@schmeler-brown.example,False,54006
54540,Frederick Beer Ret.,"Apt. 109 216 Ritchie Prairie, Aureliaview, VT 88467-2162",+13801544013,ashanti.hansen@schmidt.example,True,54540
54586,Dillon Welch,"Apt. 887 67466 Pfeffer Trail, Willardchester, IN 35340-7585",+18999958295,forest@crist.example,False,54586
53632,Ivette Gorczany,"123 Israel Mall, Marquardtport, LA 49993-4794",+12524142076,stacy.bechtelar@stoltenberg.test,False,53632
55609,Msgr. Jenine Lebsack,"Apt. 248 806 Tangela Tunnel, Jenniehaven, TN 90706-2865",+17445365632,al@hyatt.test,False,55609
54747,Lincoln Kub,"Suite 704 1963 Hyatt Isle, Lanastad, WV 00496",+15287922803,romelia_dach@jakubowski.test,True,54747
53220,Yetta Vandervort,"40178 Koch Light, New Lore, NY 97284-4893",+19755498383,darrell@marvin.test,False,53220
54491,Ms. Annabel Bosco,"Suite 210 63821 Barbie Lights, Lake Youngborough, SC 45143-2661",+16052160326,anamaria.bode@nitzsche.example,False,54491
55654,Emile Beier,"Suite 878 3000 Boyer Port, Gaylehaven, NE 25988-3450",+19708848565,dolly_erdman@larkin-johnson.test,False,55654
55086,Miss Jordan Collier,"Suite 331 9616 Shields Row, Lake Isidroland, OH 68006-9255",+15823376341,hope_heaney@batz.example,True,55086
53233,Somer Renner,"9539 Grady Pass, Schowalterfort, VT 81643",+14108934780,marcie.gutkowski@jakubowski.test,False,53233
55464,Valentin Bosco Iv,"6860 Will Drive, South Weston, MT 01237",+18099026227,stephan@rippin.test,True,55464
54330,Samuel Brown,"Suite 766 58225 Luis Hills, Jewelchester, IA 75064",+12845571734,avery@johns-bauch.test,False,54330
53540,Edythe Heathcote Ii,"Apt. 785 4401 Domenica Court, Diedraside, CT 30657-2730",+11779482128,tommie@halvorson.example,True,53540
54386,Bradford Glover Dds,"8661 Leonia Shores, Tremblayland, NJ 68654-6715",+15273523027,warren_bednar@moore.example,False,54386
54675,Zenobia Bednar,"Suite 755 1088 Jast Stravenue, Keelingport, KS 39705",+12636603506,luke@mayert.test,False,54675
54442,Msgr. Carrol Wiza,"306 Serafina Estates, Basilhaven, VA 08078-4203",+12231527994,rodolfo.heathcote@heaney.example,False,54442
54800,Jeanne Steuber,"Apt. 536 1264 Johnston Manors, Lake Kristopherborough, AR 21291",+16997385715,jarrod@bins.test,False,54800
54795,Luigi Thompson,"Suite 603 631 Orn Brook, Lanorabury, TN 96453-9700",+14934534671,antoine@parker.example,False,54795
55480,Amb. Wm Fadel,"5187 Zieme Creek, North Patrick, NM 96749",+16174639016,rafael@mccullough.example,False,55480
53750,Earleen Durgan,"73888 Hester Village, South Arielburgh, ID 80744",+19440516021,mario@kuhlman-jacobson.example,False,53750
53165,Cletus Jakubowski Phd,"662 Brooks Dam, West Joshua, SC 13091",+15907233691,elisha@schinner.example,False,53165
55505,Burton Lubowitz,"Suite 461 420 Rudy Trail, New Judeborough, WY 19525-3199",+19633454946,hyman@wunsch-bosco.example,False,55505
55314,Ms. Mila Murazik,"49948 Koch Station, Moonhaven, IL 76683",+16232712032,lavern_franecki@hane.example,False,55314
55103,Herbert Veum,"2366 Hills Branch, North Barrieberg, VT 66095-9712",+15124261512,luann.balistreri@kiehn.test,False,55103
54385,Josh Pouros Sr.,"Apt. 404 40263 Guillermo Island, New Debroahfurt, NY 11464-5427",+13374014849,garnett@lebsack.test,False,54385
55399,Golda Cremin Do,"816 Kihn Summit, West Deshawntown, AR 40557",+13105977606,elton@powlowski.test,False,55399
53952,Aundrea Ritchie,"Apt. 103 4418 Cristobal Valley, Millyberg, CA 66403",+18983693443,lamar_carter@berge-hoeger.example,False,53952
54836,Msgr. Demarcus Reinger,"708 Weber Run, Kareemside, GA 81557-1940",+18546377493,randolph_bernier@reichel-auer.example,False,54836
54180,Risa Johnston Do,"Suite 421 93069 Garnett Mill, New Keven, KY 12163",+18547446499,ana.spinka@goyette.example,False,54180
54684,Romaine Feil,"54234 Roberts Turnpike, Maggioshire, LA 76289",+19571698162,blair@schaden.test,False,54684
55187,Danilo Huel,"Apt. 617 12228 McLaughlin Gardens, New Norbert, KS 47194",+12216381939,herschel@waters.test,False,55187
54314,Jorge Fritsch,"Apt. 537 4555 Guy Mountain, Macejkovicchester, WA 69878",+19650037273,sarita@murray.example,False,54314
55472,Sen. Carey Bednar,"Apt. 533 22027 Marquardt Bridge, West Bobbie, NV 64827",+19266335650,perry@corkery-dickens.test,False,55472
54970,Antony Wiegand,"Apt. 875 4285 Dominique Prairie, Owenmouth, NH 22871",+11727177599,nohemi@stracke-durgan.example,False,54970
53454,Lynsey Quigley,"312 Willard Wells, Emilport, MI 67891",+17219268402,jerri_schumm@boyer.test,False,53454
54372,Sen. Maragaret Bashirian,"616 Homenick Locks, Lake Darrickshire, OR 40368-2242",+13308570918,phuong_miller@hills.example,True,54372
54480,Wesley Raynor,"84631 Swaniawski Mountains, East Warner, OR 61369",+15451204276,hsiu.abshire@bashirian-kreiger.example,False,54480
54938,Gov. Jerome Kemmer,"415 Samira Tunnel, Filibertofurt, AK 14502",+18603710888,gerald_grant@hermann.example,False,54938
54662,Marlyn Sanford,"Apt. 801 125 Ruth Canyon, Franciscoview, NC 66777-9612",+11470724351,dorothy_bergstrom@pfeffer.example,False,54662
55182,Lenita Senger,"Apt. 200 4094 Kathleen Drives, Jarredmouth, ND 89315",+16870048972,oliva@streich.test,False,55182
53267,Coralee Grimes,"Suite 990 83182 Elene Trail, East Kerry, SC 67579",+14806454901,reda_kautzer@rolfson.example,True,53267
54689,Alia Harris,"Apt. 379 89972 Ratke Harbors, Bogisichville, MA 43645",+15247529804,boyd@haley-lebsack.example,False,54689
55125,Candra Welch,"654 Chong Plaza, North Boyceburgh, CO 06882-3195",+17344743289,darwin.zieme@osinski-bogan.test,False,55125
55673,Melynda Johnson,"1146 Porfirio Centers, Torphyside, CO 36145-8816",+11018992103,deann_rodriguez@collins-breitenberg.test,False,55673
54270,Suzann Mraz,"Apt. 872 285 Skye Tunnel, Lake Garlandton, WV 37697",+18219517804,harris_gutkowski@goodwin.example,False,54270
55569,Marcelle Zieme,"5233 Nita Island, Jesusastad, TX 26453-7060",+17654330766,zachary_heaney@watsica.test,False,55569
54947,Antoine Schmidt,"Suite 156 644 Kulas Camp, Mayertmouth, IA 85265-5860",+12439992671,alice@padberg-dietrich.test,False,54947
54420,Cyrus Johnston,"Suite 761 2873 Becker Plains, Rigobertofort, ME 61486-8132",+11202124784,mandie_lueilwitz@mosciski.test,False,54420
55780,Rubin Schinner Md,"5302 Truman Falls, Lake Tami, MS 80018-0328",+16825401881,hedy.schmidt@strosin.example,False,55780
54490,Marcela Veum,"Suite 660 18789 Aufderhar Place, Watsicaside, NM 73463",+17835733738,hung@terry.test,False,54490
54819,Eli Becker Jd,"2449 Jenkins Bridge, Port Laci, WI 88505",+17462450527,sammy@zulauf.example,False,54819
54315,Paulette Balistreri,"Apt. 311 53855 Felton Tunnel, Haleyville, LA 46432",+12715691413,christopher@damore.example,False,54315
53470,Alpha Zboncak,"Suite 334 3955 O'Reilly Field, North Glennisbury, DE 53154",+13217195286,tommy@ratke.example,False,53470
55206,Chance Hoppe I,"Suite 561 1745 Schiller Corners, Schadenshire, NV 83518",+16353939945,lecia.heller@fay.test,False,55206
55334,Regine Metz,"Suite 146 96230 Chadwick Pines, New Rosetta, GA 27625",+17318071162,myrle@cummings-rowe.test,False,55334
54902,Wes Miller,"76289 Denver Green, Brakuschester, LA 20510-2238",+18023036915,yolando_champlin@hauck.example,False,54902
54771,Darell Mcglynn,"89594 Crist Locks, Port Apoloniafort, NE 63212",+12652859248,jina@heidenreich.example,False,54771
55221,Freeman Kulas,"Suite 129 435 Olson Light, East Corneliuschester, SC 91325",+15947611548,wallace@bartoletti.example,False,55221
55347,Mr. Ching Hahn,"Apt. 450 3743 Mervin Road, Lake Cleoland, ID 12765",+19580403438,ryan@frami.test,False,55347
54804,Martin Erdman Ret.,"74237 Courtney Street, Lake Basilfort, MI 66000-9690",+12536770789,tod@konopelski.test,True,54804
53381,Rozella Carroll Phd,"96343 Virgina Rapid, Strackemouth, OR 16907-4249",+11493315801,sherril_shanahan@damore.test,False,53381
54421,Ariel Braun,"53641 Torri Field, North Tanjaport, WY 32346",+17690953881,crystal@hackett-stanton.test,False,54421
53643,Leeanna Gottlieb,"2115 Kelley Parks, South Altha, NV 69047",+14619329384,dean@wolff.test,False,53643
55048,Vivien Nolan,"Apt. 393 7866 Gutmann Creek, New Rhea, AZ 48159",+11784649358,alva@connelly.test,False,55048
53368,Viki Wyman Phd,"962 Hector Loaf, West Gladis, IN 56586",+13000555870,brendon@cartwright.test,False,53368
53725,Mitchell Howe,"Apt. 507 39266 Elliott Drive, East Marguriteton, UT 05144",+16360091559,berry@stoltenberg.example,False,53725
54369,Gala Mosciski Iii,"Apt. 597 46941 Kiehn Mews, South Jeffereyberg, AK 07596",+14496052769,olinda@mcglynn.test,False,54369
53733,Amb. Ida Orn,"Suite 196 609 Borer Dam, East Darrickburgh, SD 44500-8126",+13243303732,sidney@bergnaum.test,False,53733
54916,Msgr. Arnette Koss,"49207 Vonnie Island, New Maxwell, SC 24955",+13006068613,tran@steuber-cole.test,False,54916
54757,Wilber Hudson Phd,"169 Romaguera Shore, Ollieville, HI 86471",+15947278644,tomeka@schaden.example,False,54757
54737,Marica Kling,"Suite 333 237 Hessel Mountain, New Troy, OK 23006",+12499691718,charlie@turner.test,False,54737
55236,Gov. Bernarda Nienow,"Apt. 105 55041 Parker Lodge, West Deanne, AZ 35515",+15255156542,bill@bruen.example,False,55236
53834,Jan Purdy,"37526 Brakus Square, Hesterville, OH 11778",+18800022720,rufina@spencer.test,False,53834
53067,Scottie Rolfson,"755 Jamar Mall, Rextown, NE 43057-3703",+19818838447,kenia_feest@lowe.example,True,53067
53764,Terresa Mertz,"93016 Trantow Forges, West Yuette, ND 75318-4857",+17369269693,frida_willms@bins.example,False,53764
53063,Alexander Schmidt,"Suite 542 69294 Jessia Tunnel, Kohlermouth, AR 36050",+14609058121,harriett.orn@hirthe.test,False,53063
53025,Jefferson Johnston,"Apt. 426 846 Howe Underpass, South Michealstad, WY 61130-9111",+15779956933,lucien.bashirian@weber.test,False,53025
53731,Echo Quigley Dvm,"646 Bins Lodge, Lake Agustinview, DE 80022",+13962053778,wilber_pollich@kuhn.test,False,53731
54425,Saundra Brakus,"Apt. 204 1419 Mosciski Summit, Boscoborough, KS 88713",+15912934711,talia@koelpin.example,False,54425
53693,Quiana Kshlerin,"3895 Penni Point, Tadfort, CO 39015-4191",+12154225794,rima@stokes.example,False,53693
55308,Orval Welch Iii,"7200 Ankunding Tunnel, West Lynwoodland, NM 66797",+11312651173,armand_block@rosenbaum-hills.example,False,55308
53327,Sherice Bode Vm,"58685 Robert Freeway, North Cesar, PA 23769",+19511976029,owen.douglas@anderson.test,False,53327
54444,Aileen Mcglynn Jr.,"Apt. 168 2822 Hand Streets, Manualton, MO 81363-9574",+17390972734,eugene.shields@mueller.example,False,54444
53203,Aldo Hauck,"Suite 144 8929 Auer Fields, Jeramyborough, AK 96734",+15867018156,fumiko_ferry@kunze.test,False,53203
53312,Joy Powlowski,"Apt. 453 98457 Harriette Meadows, Danteland, WV 12669",+14572646238,donny_gerlach@cummerata.example,False,53312
55489,Dr. Albertina Skiles,"677 Rosalinda Garden, East Johnathon, LA 88378",+17149035213,shauna.connelly@franecki-mcdermott.example,False,55489
55282,Mikki Kreiger Ii,"Apt. 912 22871 Damon Way, Huelsville, GA 33384-4663",+18366807132,tresa@jacobs-heidenreich.test,False,55282
53581,Juan Ondricka,"Suite 504 10871 Matthew Streets, Port Jaunitafurt, IN 22091",+17048622276,maryland@hagenes-senger.example,False,53581
53507,Ninfa Ward,"Suite 141 4786 Hansen Trace, West Barbietown, MS 56603",+16616859670,rudy_goyette@jaskolski.example,False,53507
54226,Karrie Kerluke,"583 Kitty Lakes, McClureland, GA 25063-0838",+17816105587,zona@rowe.test,False,54226
53900,Rhiannon Sauer,"546 Brekke Mountains, North Frederic, MD 45425",+17633541801,fausto@kuhlman-ferry.example,False,53900
55824,Marisela Wunsch,"532 Lang Lights, Seymourfort, KS 68874",+11501498856,noble@paucek-rolfson.example,False,55824
55175,Rev. Lou Reinger,"Apt. 635 3235 Larkin Path, Shanaeburgh, HI 53157-3335",+16775862560,dwight@oreilly.test,False,55175
53201,Edmund Berge Esq.,"Apt. 659 5171 Ryan Fall, Katiaview, OK 04322-9244",+17029082500,quintin_jacobs@baumbach.example,True,53201
53431,Ms. Karon Breitenberg,"Suite 105 44943 Sanora Turnpike, Watersmouth, WA 39118",+19312016143,latia@legros.test,False,53431
54865,Tessa Roob,"41965 Ivan River, Lake Curt, IL 71502",+14414941547,ramon@prosacco.example,False,54865
53362,Alix White,"Suite 862 7724 Ervin Point, Stromanburgh, DE 09314",+18491052483,sanford.boehm@schneider.test,False,53362
55583,Dr. Wyatt Romaguera,"705 Andria Lakes, South Melissa, AK 42502",+14309730876,carey.mcglynn@towne.test,False,55583
55109,Christine O'Conner Dvm,"1538 Cortney Circle, South Winona, LA 48711",+17671574332,haywood@volkman.test,True,55109
53420,Msgr. Marta Lueilwitz,"76596 Cole Island, New Rodney, IA 49612",+15356169376,phyllis_homenick@schumm.example,False,53420
54624,Laurence O'Reilly,"1606 Turcotte Branch, Dickinsonburgh, OR 69651-0803",+15754588484,eva@pacocha-bartoletti.example,False,54624
53670,Peter Nitzsche Iv,"72715 Ali Field, West Montymouth, NV 62022",+12587401439,elijah@johns-graham.test,False,53670
54973,Jami Orn,"800 Cecil Land, McCulloughborough, MS 54755",+12963455855,foster@olson.test,False,54973
53896,Earle Schowalter Dc,"485 Ward Overpass, Darinshire, DE 62471",+11599691031,dorsey@mosciski.example,False,53896
54860,Rev. Kasha Weber,"Apt. 607 85162 Solomon Street, Tammaraburgh, LA 97496-9785",+19306034219,tomi@cole-jacobi.test,False,54860
53430,Danial Sanford,"3533 Lang Station, New Brandyberg, CT 12125-4396",+15523215346,morris@marquardt-jakubowski.test,False,53430
53185,Dong Osinski Jd,"Suite 821 1680 Stokes Stream, Floraville, MD 72041-1137",+18436464346,christena@tromp-von.test,False,53185
53497,Kendall Ward,"Suite 624 101 Altenwerth Vista, North Onieburgh, UT 47319",+17392205053,chad_ledner@wolff-simonis.example,False,53497
53932,Jenine Keebler,"Apt. 977 37104 Fidelia Summit, Kovacekstad, ID 86167",+12903233038,kary@fay.example,False,53932
54763,Judie Kessler,"Apt. 821 4892 Tromp Groves, Lake Rubenchester, AR 41757",+12615799601,rickie_cartwright@sporer.test,False,54763
54664,Olimpia Will,"Apt. 456 273 James Parkway, New Cletusberg, AZ 16466",+17761037258,londa.marvin@douglas-deckow.test,False,54664
53049,Tobi Friesen,"Suite 611 1479 Eugenio Rapid, Brekkeside, WA 85667",+18025930326,leandro.stoltenberg@cole.example,False,53049
55718,Hien Dach,"Suite 279 3180 Mercedez Cove, South Kimiko, MA 58124",+13962485030,adrienne_glover@kovacek-hamill.test,False,55718
55771,Noreen Wintheiser,"Suite 569 14079 Daniel Hill, Gertieshire, UT 97780-6435",+11867853288,oren_sipes@lehner.example,False,55771
55541,Lonny Fahey,"Suite 732 9882 Leuschke Mountains, East Dennyshire, MN 26471",+12381877278,clarissa_jacobson@kilback-dickinson.test,False,55541
53031,Renaldo Kiehn,"980 Sibyl Fork, Richardland, WY 27072",+14791191811,eldridge.hand@kutch-ward.test,False,53031
53103,Brenton Block,"544 Troy Mall, New Adolfo, SD 13509-3128",+15547628470,john.flatley@buckridge.example,False,53103
54980,Joan Ebert,"3712 VonRueden Circles, Lake Frederickborough, OR 56142",+12866551012,adrianne@jaskolski.example,False,54980
53496,Monte Yundt,"Apt. 442 819 Borer Flat, New Genaro, WA 44783",+12719724872,jamaal.schmeler@von.example,False,53496
54668,Jarred Huels,"Suite 105 29070 Will Land, Bookerburgh, AR 51797-0773",+18018693053,alfonso@zemlak.example,False,54668
55616,Shella Tromp,"Apt. 150 946 Josephina Point, North Tannamouth, LA 10662-0181",+11325332405,violeta_wuckert@goodwin.test,False,55616
53553,Pres. Numbers Schinner,"4966 Glover Fall, South Adalberto, TX 85881-6286",+11691967840,krystina_pacocha@mann.test,False,53553
53136,Cindy Christiansen Phd,"7916 Yost Lane, New Echoland, KY 38645",+11665975654,gail@walter-shields.example,False,53136
53629,Brynn Mante,"694 Seema Ranch, Schroederview, AK 06284",+15713953300,yahaira.littel@streich.test,False,53629
54123,Fletcher Harris Sr.,"Suite 839 7668 Jaskolski Overpass, East Cleveland, AL 71680-0717",+17601597397,meryl.rowe@morar-shields.example,False,54123
54983,Pres. Emmitt Skiles,"Suite 669 7325 Kathy Loop, North Jordanstad, MS 55195-6442",+15481358229,ling_hermann@raynor-klocko.test,False,54983
55085,Rep. Hiroko Kemmer,"903 Dallas Burg, Timmymouth, AR 74585-1577",+18893845078,france@osinski.test,False,55085
54161,Amb. Rocco Zulauf,"Apt. 592 939 Reynolds Grove, North Hassiestad, NC 76506-6368",+19776864828,manual_yost@schiller-keebler.example,True,54161
54269,Flor Fritsch,"197 Chi Center, Groverhaven, ME 93867-0353",+13756502704,fred.stracke@kunde.test,False,54269
54822,Pres. Gerda Friesen,"Suite 560 9562 Price Points, North Mi, NM 02191",+18061509258,efrain@maggio.example,False,54822
53493,Renay Stehr,"3316 Doyle Parks, Tarynton, NE 55014-8638",+15921297789,giselle@stoltenberg.test,False,53493
55414,Prof. Spencer Purdy,"Apt. 181 2701 McKenzie Forge, Mosciskishire, NJ 23443-3623",+19048241420,wilburn_white@jacobson-kuhic.test,False,55414
55003,Pres. Meagan Green,"Suite 317 79397 Pam Glen, West Ashliport, NV 10749-1389",+12171903985,mickie@herzog.example,False,55003
55186,Grover Russel,"Suite 982 574 Cole Prairie, Muellerberg, MS 98435",+16513819403,coleman_kshlerin@runolfsdottir.test,False,55186
55587,Lazaro Pfannerstill,"9560 Virgilio Trafficway, West Wendolyn, SD 91722-7321",+15168935500,sallie@quigley-purdy.test,False,55587
53349,Ashlee Wisozk,"Apt. 947 9255 Kozey Loop, East Jenifferfurt, MA 55333",+12653476956,homer_stanton@langworth.example,False,53349
54273,Chris Lockman,"Suite 854 235 Stamm Via, New Stanton, PA 11760-4400",+13653110862,jackie_abshire@dach.example,False,54273
54951,Antoine Hoppe,"52499 Lonny Drive, New Margrett, DE 05760",+12059817564,anastasia@bosco.example,False,54951
55485,Larry Cassin Lld,"136 Kilback Court, Mullerside, CA 43957",+18739586367,vanessa.lesch@stark-weimann.test,True,55485
53744,Rudy Feil Sr.,"Apt. 933 878 Sanjuanita Ridge, Nildahaven, CA 46687-2592",+12079359007,kristofer_kirlin@donnelly.test,False,53744
53848,Federico Morar,"Apt. 799 88318 Haag Mission, Port Cheryll, SC 33429",+18826178103,norberto_turner@mann-pouros.test,True,53848
53367,Emmy Powlowski,"Suite 816 6782 Fisher Light, East Graigside, IA 18461-5011",+17177506363,debrah@spencer.example,False,53367
54957,Lannie Funk,"Suite 568 7416 Upton Valley, New Cherrieville, AR 07023-2571",+13097234813,kim@jenkins-wintheiser.test,False,54957
54359,Forrest Pfannerstill,"Suite 228 640 Ullrich Neck, Wiltontown, FL 33985",+11931075185,desire@langworth-wunsch.example,False,54359
55217,Sheri Von,"Apt. 983 4140 Nienow Terrace, Daronfurt, UT 60950",+18488232877,chu@johnston.example,False,55217
55137,Duane Predovic,"Apt. 291 774 Schaefer Fort, Hahnside, VA 15522-4060",+14487818630,clementina_collins@nader.test,False,55137
53846,Bobbie Turner,"Apt. 435 9969 Adriana Meadow, Delbertstad, ND 24982",+11679803270,ramon_gleason@hackett.example,False,53846
55533,Bo Green,"570 Audrea Underpass, South Reinaldo, TX 17196",+19701141097,fran.grant@ernser-gulgowski.example,False,55533
53898,Barbra Larkin Ret.,"55908 Tromp Ways, North Denyseside, MN 24800",+14013424207,melodi@kertzmann-sawayn.test,True,53898
55702,Richie Nitzsche Dds,"Apt. 126 966 Ebert Walk, Watersside, OK 69521",+11426348752,andrea_bogan@fadel.test,False,55702
53155,Laronda Waelchi,"Apt. 652 45096 Glover Squares, Rickibury, WV 11574-3652",+18547005527,florrie_deckow@koepp.example,False,53155
55555,Darell Lueilwitz,"39903 Dimple Hollow, Littelmouth, NE 68902-4204",+19004687824,jesus_oberbrunner@fritsch-lesch.example,False,55555
53662,The Hon. Tonette Crona,"84706 Bode Cliffs, Cleoborough, CA 81477-9762",+15781324141,ana.cummings@emmerich.test,False,53662
54128,Pinkie Aufderhar,"560 Doyle Wells, Justamouth, LA 02595",+17371760333,princess_volkman@hyatt-kihn.example,False,54128
55406,Amb. Jeff Raynor,"4845 Irena Mews, Lake Cristopherside, SC 41201",+18579448449,alyce.rohan@emmerich-lesch.test,False,55406
54745,Malka Braun Do,"Suite 369 531 Joesph Ports, East Casey, WI 94704-2283",+19081256698,mickie.schowalter@sporer.example,False,54745
53946,Leonard Lubowitz,"Apt. 829 14333 Stacy Field, New Johniebury, WV 50677-5178",+17563888455,debby@funk-erdman.test,False,53946
54463,Amb. Dennis Marks,"Suite 977 2207 O'Connell Rue, Jonasfurt, SD 90198-6227",+14984424843,glenn_abbott@purdy.example,False,54463
53933,Oren Casper,"Apt. 991 923 Davis Row, New Luannside, IA 36234",+14499877472,rusty@weber.test,False,53933
55475,Dr. Adelle Daniel,"Apt. 899 4842 Leannon Walks, Hodkiewiczmouth, MN 28805",+15962242151,bernarda_lemke@buckridge-stamm.example,False,55475
53793,Royce Mosciski,"Apt. 378 8532 Schamberger Junction, Port Joaquin, TX 15370-3068",+15151021749,alec@leuschke.test,False,53793
54436,Lorraine Boyle,"Apt. 890 362 Brice Summit, Runtetown, NM 09293-3405",+16268728299,yahaira_senger@okon.example,False,54436
53984,Joseph Osinski,"912 Gino Bypass, North Tillieberg, HI 88423",+11890008307,alejandrina@keebler-quitzon.test,False,53984
55089,Rafael Goyette,"62621 Braun Summit, Mosciskishire, OR 79280",+13932650127,margareta@will-homenick.test,False,55089
53177,Michelina Schamberger,"950 Jones Village, West Maxinestad, NY 56990-7024",+14889761479,walter@kuhic.test,False,53177
54012,Daren Jerde,"278 Rogelio Courts, Kristopherborough, MN 98599",+15158519129,valentin@kunze.test,False,54012
53780,Eusebio Cruickshank,"56866 Coletta Run, Hammeshaven, FL 72508",+19537162848,nathaniel_mosciski@tremblay.test,False,53780
53174,Jimmie Osinski,"Apt. 642 94759 Balistreri Corner, New Angelobury, LA 34862",+12608415650,norris.kovacek@simonis-legros.test,False,53174
53037,Eileen Bogisich,"Apt. 344 8039 Batz Drives, Jacquelynntown, NJ 54337",+15431728286,long_white@littel-halvorson.example,False,53037
55643,Mia Collier,"Apt. 222 8107 Ebert Overpass, East Mitsuemouth, VA 20073",+12264184367,otelia_simonis@smitham.test,True,55643
55657,Byron Dietrich,"380 Dannie Islands, West Darrin, OK 02709-3736",+12664507208,walter@keeling-stoltenberg.example,False,55657
53825,Loren Fahey,"922 Thiel Causeway, Watsicaside, RI 43605",+11755538994,gale_schulist@gerlach-fisher.example,False,53825
55330,Sonny Ryan,"6142 Ervin Crest, West Ronald, TN 73073-1211",+17734374339,elmer.denesik@wunsch.test,False,55330
53030,Darnell Bailey,"Suite 331 685 Windler Harbors, Carrieside, FL 19284-3235",+18281236638,melani.hettinger@schoen-dach.example,False,53030
55457,Ray Jones Md,"425 Simonis Junctions, Roobfort, AK 78495",+12218311916,ermelinda@connelly.example,False,55457
53089,Lewis Leannon,"Suite 184 80805 Crist Terrace, Port Gabrielport, TN 19297",+18517468414,lupita@heathcote.example,False,53089
55578,Fr. Lincoln Koss,"2894 Carter Lights, Kuhicton, IN 70754",+16762280753,janis@oreilly.example,True,55578
53113,Herb Towne,"18321 Sawayn Prairie, Walshfort, IA 33910",+11732358629,ariel@okuneva-cartwright.test,False,53113
54761,Lucien Abernathy,"Apt. 382 77575 Considine Trafficway, East Linsey, NJ 16559",+14508179135,lucilla@satterfield.example,False,54761
54458,Yuette Rau Lld,"98901 Patrick Estates, East Nicollestad, CT 95332-9765",+18030275336,rae@macejkovic.example,True,54458
54023,Granville Leannon Md,"Apt. 389 327 Danette Inlet, East Wesley, NY 69278",+14764929957,shelton@hagenes-hilll.example,False,54023
55538,Rev. Genaro Kassulke,"5976 Jina Summit, Emelineland, OK 84622",+16423842473,nisha@heathcote.test,False,55538
55476,Gov. Deandre Zemlak,"Apt. 770 520 Cummings Harbor, Chayamouth, SC 17251",+11759757421,jamison.rodriguez@haley.test,False,55476
55574,Markus Erdman,"99825 Herman Drive, North Theo, MN 01915",+15755803696,lonny@wunsch-johns.example,False,55574
54323,Wallace Nolan,"Apt. 286 26649 Rath Trafficway, New Devinmouth, AZ 38393",+12315330993,victor@barton.example,False,54323
55067,Virginia Nikolaus,"900 Nathanael Pines, Mosciskiside, WA 47992-6073",+16329144796,riley@marks.example,False,55067
54628,Cammy Bruen,"Suite 374 3411 Ullrich Square, South Kirstinfurt, MA 75491-3784",+11424970565,vera@sauer-greenfelder.example,False,54628
55675,Vance Bailey,"984 Considine Forges, West Yen, WV 58764-1170",+11629626203,chante.paucek@borer.example,False,55675
55110,Tabetha Hilll,"90409 Jamaal Inlet, Darronland, ID 24454",+19383060533,danyel.hyatt@davis.example,False,55110
55488,Catrina Rodriguez Jr.,"Apt. 550 81318 Myron Lock, DuBuquetown, AL 30744",+12783629959,lasandra_wiegand@ankunding.example,False,55488
54423,Winfred Connelly,"2784 Schowalter Bypass, West Rashad, SD 88785-8116",+18672575186,gayle@gerhold.test,True,54423
55403,Sadie Olson,"4125 Zemlak Stravenue, East Shanti, CA 37646",+16231385271,sheldon@leuschke-west.test,False,55403
53530,Sari Nienow,"Apt. 616 3936 Bergstrom Falls, Krishaven, MD 64465-4098",+16550938205,beulah.pacocha@berge-ruecker.example,False,53530
55746,Rae Crist Iii,"56890 McKenzie Green, Reillyport, DE 43655",+14743309862,francisco@hahn.example,False,55746
55802,Mariano Roberts Do,"Apt. 596 2815 Deidra Plains, New Chadwick, NH 13801-1880",+17040195367,tiesha@walker-hamill.test,False,55802
54070,Maurice Littel,"Apt. 329 733 Hettinger View, Christiansenhaven, MO 19022-8044",+18790326998,drucilla@farrell.test,False,54070
53172,Ned Graham,"94444 Ambrose Prairie, Rivabury, SC 95910",+18444150943,ezequiel_beer@tremblay.test,False,53172
55118,Tisa Kozey,"Apt. 599 25534 Karen Ports, West Rigobertomouth, MO 92040",+15911421344,merrie_keeling@skiles.test,False,55118
53790,Cecil Jacobs,"453 Pacocha Lake, West Neal, HI 36720",+17281414767,numbers@jerde-schiller.test,True,53790
53380,Sen. Lindsey Bradtke,"97526 O'Reilly Wells, Lake Gail, ID 06885-0497",+13515299091,brent@leannon-haag.example,False,53380
54155,Christeen Franecki Ii,"199 Walker Shore, Lake Erinton, KY 94827-9444",+15342011027,nidia@mohr.example,False,54155
54900,Tona Waelchi Jr.,"524 Kemberly Junction, Katinaton, VT 69471",+11207542979,claude_swaniawski@conn-goyette.test,False,54900
55077,Sang Champlin Md,"Suite 318 51519 Winfred Skyway, Milanburgh, CO 73834-6173",+12215831968,gilberto@reilly.test,False,55077
55473,Esteban Spencer,"43180 Breitenberg Camp, West Gusmouth, ID 35452",+17695515257,joey_hickle@prosacco.test,False,55473
55748,Russ Stokes,"54340 John Highway, Macktown, MO 14973-0600",+19384085392,cruz@keebler.example,False,55748
53184,Dewey Herman,"613 Powlowski Light, Port Stephanyfort, NV 46721-2635",+12168707884,darwin_dicki@mitchell.test,False,53184
54229,Reid Dibbert,"Suite 494 9848 Runte Corners, Hickleville, CA 08252-2712",+14376886813,georgine.macejkovic@kertzmann.example,False,54229
54089,Reginald Bradtke,"Suite 886 13637 Everett Mount, North Marcosberg, ME 77875",+17143625168,celina.pouros@bosco-mayert.example,False,54089
54553,Melvina Armstrong Vm,"Apt. 365 280 Rolfson Estate, Pollichfurt, NH 31574-7953",+19826664970,paola.torp@carter.test,False,54553
54402,Marc Bosco,"Apt. 581 5984 Amada Court, Port Leighport, KS 51298-9164",+14962537281,suzy_mante@gislason.test,False,54402
55370,Denyse Kunze,"Apt. 696 4596 Marcelino Roads, Schillerberg, RI 24925-7861",+13441486918,jen.medhurst@friesen-barrows.example,False,55370
55384,Sam Stracke I,"Suite 374 36712 Mohammad Port, North Elmo, NY 54707-6348",+18831587137,jewell_kling@wolff.test,False,55384
54956,Shawna Durgan,"3998 Wendell Fork, Lake Erlineland, WV 51052",+19718459984,wilber_thompson@schmeler-prohaska.example,False,54956
54894,Yvette Senger Ret.,"Apt. 759 40406 Swift Haven, Quintinbury, OR 94113",+18333582497,keenan.schimmel@smith-kuhlman.test,True,54894
53296,Retha Nader Iii,"2452 Schuster Orchard, North Levimouth, NE 18137",+15395516258,valene@cartwright-brown.example,True,53296
55797,Ronny Predovic,"Apt. 563 39960 Marlo Streets, Port Zulma, CA 31647",+13795252901,mui@barton.example,False,55797
53326,Rayford Rippin,"Apt. 943 14232 Schmeler Summit, South Jadwiga, OR 62082-8773",+13896989625,tu@pfannerstill-schulist.example,False,53326
53927,Loria Raynor Dds,"Suite 862 4374 McClure Camp, Hammesport, NH 20006",+15755861958,jolene.jaskolski@jast-borer.example,False,53927
53145,Ada Mante,"Apt. 150 2719 Benjamin Brook, West Tijuana, FL 50779-9720",+13093297867,minh@langosh.example,False,53145
53753,Judith Bednar,"Suite 506 73656 Little Drive, Nienowborough, KS 14613-5937",+17096549836,ma@morissette-dickens.test,False,53753
55326,Alene Corwin,"23021 Murray Lakes, New Sunshine, NE 61002",+12500786841,sheldon_hessel@terry.test,True,55326
54137,Msgr. Franchesca Gleichner,"Apt. 961 22171 Enriqueta Coves, East Julio, NM 19955-1626",+12354018557,blaine@bechtelar.example,False,54137
54214,Elinor Crooks Cpa,"Suite 170 2901 Walker Mission, Lupeville, MO 17831-3154",+17972049124,cleo_howe@deckow.example,False,54214
55754,Lorrie Steuber,"537 Retha Extension, Raymondtown, WY 35853",+14150295125,chester.langosh@dickens.example,False,55754
55091,Kraig Keebler,"Suite 962 19897 Emmerich Cove, Roseliahaven, MI 95564-3602",+18645582565,karma_wyman@schneider-kemmer.example,False,55091
53443,Jerald Mcclure,"Suite 340 6980 Darryl Curve, New Bill, WV 88165",+15628868436,columbus@jones.example,False,53443
54952,Gov. Dana Gleason,"Apt. 491 3261 Jacobs Run, West Gus, IN 31810",+18222515089,lino_lesch@tremblay.test,False,54952
53096,Msgr. Frankie Glover,"156 Walsh Court, Murrayshire, ID 94685",+13947798145,roselle_koss@frami.test,False,53096
53098,Riley Stroman,"928 Modesto Forest, East Luzland, MS 15591",+12599194223,lacy@doyle.test,False,53098
55407,Benito Stroman,"48954 Brittaney Causeway, Bernieburgh, IA 44452-3205",+14479519637,sibyl_greenholt@kling.test,False,55407
54448,Miss Orval Wuckert,"221 Jacinto Village, Hubertmouth, NV 74575-2035",+11626198759,hortencia@larkin-pouros.test,False,54448
55080,Amb. Franklin Morissette,"5194 Pfeffer Station, Port Natoshamouth, AZ 19271",+15524532984,sybil.mayer@rodriguez.example,False,55080
54827,Greg King,"495 Douglas Port, Franciscotown, WI 97743",+15118183461,melani@pacocha.test,False,54827
54903,Elijah Funk,"436 Fairy Passage, Krisport, IL 28046",+16579700950,lloyd@kiehn-bailey.example,False,54903
55172,Elsy Little,"69317 Delma Meadows, South Jarodport, RI 58273",+14391298301,adriana@lakin-roob.test,False,55172
53337,Mr. Irwin Simonis,"Apt. 947 9997 Bartoletti Islands, North Karlyn, ND 83068",+17246889648,ryan@schamberger.example,False,53337
54869,Abel Klocko,"Suite 123 71604 Kutch Isle, Harlanmouth, GA 04675-0849",+16181411683,antoinette@kling.test,False,54869
53768,Mr. Rosalinda Parisian,"Suite 831 33931 Ona Circle, Santobury, OH 38329",+17462271508,lorenzo@davis.example,False,53768
54262,Mrs. Benny Hand,"Apt. 797 434 Sanford Street, Port Lida, TN 22658",+12043048741,gia.harber@will-renner.example,False,54262
53695,Mira Emmerich,"502 Monty Mountain, New Earlburgh, AZ 34015-3985",+11371738072,kelley_lockman@dicki-pollich.test,False,53695
54446,Twana Weimann,"674 Terry Ways, Concettastad, MO 36115-8943",+17007492345,versie.greenholt@thompson.test,False,54446
53355,Carrol Bashirian,"880 Dominique Meadow, West Lawerence, DE 53689-5550",+11636818748,ettie.yost@powlowski-oconnell.example,False,53355
54936,Julian Brown Iii,"Apt. 715 23963 Fritsch Island, Lake Malcolm, NM 80088",+15443596008,deangelo@marquardt-walker.example,False,54936
53588,Iona Wisoky,"481 McDermott Course, Lake Arleen, FL 31345-5861",+11596444006,henriette@conroy.test,False,53588
55695,Liane Stiedemann,"21602 Olene Glens, New Susan, WY 43279",+13903452737,bennie_walsh@rippin-zboncak.example,False,55695
55550,Shawn Stoltenberg,"Apt. 273 425 Colette Avenue, Lake Tianafurt, OK 24269",+16132029952,belva@fadel.test,False,55550
54145,Ramiro Will Cpa,"2633 Konopelski Haven, Kingshire, IL 12108",+19029852925,ngoc@hand-becker.test,False,54145
53340,Thomasina Ziemann,"Suite 804 467 Denesik Plains, New Zetta, MN 91514",+14017410024,kerry@kohler-jakubowski.example,False,53340
53253,Meryl Koepp,"1989 Elmer Rest, Port Stefaniaborough, NJ 78183",+15056210691,gertude@cormier.example,False,53253
54008,Florida Hintz,"Apt. 414 54462 Hallie Divide, North Adena, NV 12774-1085",+17372563676,elease.dach@herzog.test,False,54008
55478,Janett Keeling,"4772 Reinger Street, Raymundobury, VT 41821-1820",+14962587902,kaleigh@weissnat-aufderhar.example,False,55478
55787,Philomena Fahey,"Apt. 904 46024 Kutch Place, North Micah, MS 14840",+16951257760,fermin@senger.test,False,55787
53354,Prof. Paulina Williamson,"489 Garth Knolls, Almetaside, IL 90014",+12569209857,craig@runte-bashirian.test,False,53354
55706,Xiomara Orn,"Suite 926 766 Christian Manor, Welchbury, SD 27085-2449",+17574771054,deann_cormier@wiegand.example,False,55706
53676,Mrs. Syble Kuhlman,"121 Alex Landing, Port Michaela, ND 49554-9026",+11279865045,maxwell_jenkins@dickens.example,False,53676
53899,Fredia Marvin Cpa,"Apt. 634 4634 Mitchel Turnpike, Trantowbury, WV 91256-9991",+11722487094,reagan@kutch.example,False,53899
54934,Corinna Reichel,"954 Rosenbaum Road, South Lurlenebury, MN 78243-7012",+15984542936,cleo.weissnat@wolf.test,True,54934
55312,My Osinski,"8512 Daniel Hollow, Marvinhaven, DE 42314",+16485624297,javier@runolfsson.example,False,55312
54152,Moises Yost,"Suite 703 6669 Dwain Garden, North Orvalhaven, NJ 99631-1448",+11092823279,shawn.mueller@legros.test,False,54152
53805,Hanh Hartmann,"58820 Zboncak Unions, Sylvieside, NE 78587-3949",+19377460198,abraham_zemlak@jacobson-goldner.example,False,53805
55270,Loise Sawayn,"Apt. 664 5983 Stehr Coves, Kutchburgh, NC 46439-1905",+12505318276,denis_schumm@leannon.example,False,55270
54235,Rep. Classie Hoppe,"23644 Moen Brooks, Shelbyport, WI 62543-4924",+11500829022,grant.ebert@block.test,False,54235
55572,Ronny Murray,"Apt. 781 680 Dalia Skyway, New Rolandoton, NE 18959-9261",+19901877768,brain.gutkowski@moore.example,False,55572
55375,Tod Kunde,"5412 Micah Parkways, Lake Marcus, OR 71087",+12000008127,casimira.reilly@greenholt-murphy.test,False,55375
55292,Starla Schaden,"Suite 208 1824 Esmeralda Garden, East Desmond, MA 29752-4019",+12873336108,elayne@robel-langworth.example,False,55292
53738,Divina Von,"760 Agripina Stream, Port Margaritoville, VA 48181-3946",+12376718587,whitley_steuber@torp.example,False,53738
53518,Lane Kerluke I,"396 Schuppe Orchard, Lindashire, OK 11696-5853",+12202437923,claire@steuber.test,False,53518
53211,Hollis Towne,"2457 Michelina Fords, Theahaven, ND 24426-1878",+13681371167,demetrius.wyman@blanda.example,False,53211
55151,Fermin Becker Dds,"4163 Lourdes Mills, Travisview, VT 84512",+18604566044,mercedes.sipes@farrell.example,False,55151
53661,Carmella Gottlieb,"Apt. 919 57756 Gerlach Forest, South Juliettaborough, KY 12262",+11453645584,jerold@leffler.test,False,53661
54142,Rosario Fahey,"50289 Farrell Shoal, Laraeburgh, ND 79333",+12273327004,fatimah@bartoletti-conn.test,False,54142
54429,Ambrose Schimmel,"43177 Powlowski Dam, Roobstad, TX 10937",+13638628147,nadene_hettinger@smith.test,False,54429
54646,Jerrod Halvorson Sr.,"7787 Windler Hollow, Lake Cherelleport, VT 72773",+14242424739,rod@rice.test,False,54646
53651,Louvenia Brown,"Apt. 396 2199 Kuhn Turnpike, Linnville, AL 42155",+14180811415,lionel_dicki@pfeffer.example,False,53651
55405,Jane Hickle,"345 Lydia Land, New Duncan, OR 23030",+15292224459,lorna@adams.test,False,55405
54510,Nellie Baumbach,"Suite 436 795 Mario Isle, Justinhaven, VT 23672-7010",+11243974651,kerrie@gislason.example,False,54510
55622,Lannie Bins,"Apt. 117 3831 Witting Lakes, Beierville, DE 13535-7839",+14243853464,delmer.pagac@homenick-beier.test,False,55622
53561,Margeret Sporer,"Suite 375 471 Deneen Grove, North Johanne, SD 80377",+19023135495,bob@hermann.example,True,53561
55022,Pres. Laverne Witting,"540 Lakin River, North Chinbury, GA 80756-7033",+13832945704,hanh@glover.example,False,55022
54338,Kacy Wehner,"26314 D'Amore Lodge, Lake Tiaraburgh, SD 89843-7840",+15659204752,roosevelt@halvorson-abbott.test,False,54338
54616,Marcos Ullrich,"5926 Lynch Dam, North Lera, MT 68108",+11225805025,teressa@balistreri.example,True,54616
53446,Rose Rogahn Iii,"5097 Connelly Street, Lake Dominickbury, ME 08628",+13622916238,venice.crona@cummings-oberbrunner.example,False,53446
54776,Theron Erdman,"903 Kuphal Trafficway, Bashirianmouth, AZ 84474",+16501593369,zelma@ritchie.test,False,54776
55446,Fausto Bogisich,"705 Hollis Mountains, West Jesushaven, MT 24371-5614",+18311563803,curt_donnelly@ratke.test,False,55446
54923,Kylee Dach,"347 Kris Prairie, Jeremytown, VA 27625-2922",+12497505056,sebastian.mitchell@rogahn.example,False,54923
55412,Linsey Thiel Vm,"Suite 939 561 Marilu Cove, Faustoport, CO 55721-5523",+19321681165,horacio@schroeder.example,False,55412
54925,Lynwood Maggio,"7043 Johnie Corners, Hortencialand, IA 30064",+16426496054,renato.grant@walsh.test,False,54925
53705,Lien Gleichner,"339 Wilkinson Roads, West Alfredaview, WA 55837",+16399729727,hank@mertz-parisian.test,False,53705
53666,Miss Lester Herzog,"152 Kimberly Way, Johnathonside, OK 06116",+18048749025,shirly_hackett@abbott-greenfelder.example,False,53666
53981,Amb. Russell Haley,"Apt. 428 99762 Martin Mills, West Juliannside, AR 77891",+19442797724,faustino_kuhn@waters.test,False,53981
55201,Berta Harber,"982 Elia Parkways, South Vincenzo, KY 41815",+13865023551,ryan.swift@schmidt.example,False,55201
54904,Roosevelt Oberbrunner,"Suite 593 240 Stark Loaf, Schuppeview, CT 74254",+12933176996,vina@toy-kuhn.example,False,54904
54366,Elizabeth Mertz,"275 Bogisich Via, New Bethannshire, NE 36962-5772",+18760769095,kathlyn@ziemann.example,False,54366
54835,Lester Walsh,"891 Lubowitz Spurs, Port Melvin, NE 63667-3329",+16589380598,deborah@stehr.example,False,54835
54881,Breana Windler,"Apt. 356 4351 Karan Parkways, Gottliebfort, KY 89472",+16047253642,joi_schultz@kris-baumbach.test,False,54881
53752,Dexter Hauck,"72015 Whitley Lake, Collierfurt, NM 83060",+11065872846,tomas_king@howe.example,False,53752
53395,Brenda Mckenzie,"Apt. 636 3635 Dan Club, New Viviana, OH 62120-9159",+11882673058,henry@gislason.test,False,53395
54437,Miss Larue Abernathy,"56627 Ritchie Forges, New Jerome, NC 71891-7611",+15463266136,dinorah@borer.example,False,54437
55463,Rev. Clayton Koss,"8641 Thurman Shoal, Lake Williamsland, NE 72140-2891",+18842080481,valentin.mosciski@bode-nitzsche.test,False,55463
53599,Brenda Brown,"92573 Charleen Greens, Luettgenville, ID 16908-9425",+19064395788,jewell@dubuque.test,False,53599
55566,Marquerite Ondricka,"197 Odell Extensions, Port Robin, IA 32522-7231",+18590427863,rickey.ledner@schulist.test,False,55566
55729,Candy Casper,"Apt. 213 337 Tad Mission, Miaburgh, NC 35309-1253",+12360938580,maribeth_rosenbaum@bergnaum.test,False,55729
53939,Aida Oberbrunner,"2111 Dietrich Common, North Wyattview, CO 75995",+13001861068,jesse.wilderman@ankunding.test,False,53939
54958,Jake Hilpert,"681 Mitchell Road, Port Laronda, AK 62957",+19793778404,nia_grant@schuster.test,False,54958
53522,Mr. Michel Swift,"Apt. 765 139 Julius Cove, Lake Emil, MA 81386-9490",+15399387957,annie.jakubowski@hirthe.example,False,53522
55141,Alfred Harvey Cpa,"Suite 228 7317 Seymour Knoll, Kingview, UT 58700",+17409400574,sharla@dibbert.example,False,55141
55804,Keenan Kuhn,"576 Doyle Station, Kilbackmouth, AR 51709",+12109615638,lucio.schroeder@wisoky-smith.test,False,55804
53772,Miss Bryan Berge,"885 Ema Junction, Tawanachester, NV 34354-6971",+17626844070,dewayne@conn.test,False,53772
54595,Fr. Dominick Shields,"Suite 745 1235 Roderick Extension, Cronamouth, WV 15865-1877",+16457350753,margart@orn.test,False,54595
55025,Kristofer Gleason,"95278 Nader Inlet, West Lorenza, TN 89493",+13308080046,moriah@schmidt.example,False,55025
53887,Allene Walter Jd,"Apt. 198 908 Dickens Port, New Glennview, PA 33935",+14031450148,wilburn_ullrich@klocko-jenkins.example,False,53887
53720,Prof. King Kessler,"Suite 343 47904 Anderson Skyway, Fayhaven, MN 22850",+15346551058,zola@hauck.example,False,53720
55385,Alissa Vonrueden,"2854 Schoen Greens, New Lynetta, CA 88955-0651",+11568687914,gilbert@hauck-kessler.example,False,55385
53903,Leigh Funk,"7697 Velia Ferry, Candacefurt, TX 22200",+17374003555,shannon_gottlieb@haley-koch.test,False,53903
53585,Jacquie Wuckert,"Apt. 774 912 Bartell Viaduct, Lake Benny, NC 80965",+14438653691,terry@von-mante.test,False,53585
55736,Deon Luettgen,"Apt. 240 46206 Howe Passage, Rosenbaumfurt, KS 41656",+15525481423,nicolas.johnson@bins.example,False,55736
53995,Florentino Fadel,"860 Hester Highway, East Karlenetown, NM 49780",+19961335806,madonna.reynolds@keeling-doyle.test,False,53995
53169,Leilani Hauck,"2073 Cummings Trail, Maynardton, AK 15884-0764",+12836386901,deandre.wilderman@becker.test,False,53169
54861,Kesha Casper,"Suite 568 354 Robel Branch, Windychester, WY 79665-6258",+11155539784,rene.wilkinson@powlowski.test,False,54861
54755,Mitch Fritsch,"574 Fred Ranch, Kuphalville, SD 21880",+18795368144,leia_homenick@hamill.test,False,54755
53148,Ethan Wehner Phd,"9851 Gerhold Mill, South Hayleyborough, NV 89756-1902",+15220790832,tu@kautzer.test,False,53148
54297,Barney Kovacek,"Apt. 209 64940 Emerson Shores, West Shirlene, NM 37877",+12277789276,lamar_champlin@mckenzie-wintheiser.test,False,54297
54884,Rev. Lucien Anderson,"754 Karri Locks, West Brendanside, WI 64511",+11147940712,domenic_shields@renner.example,False,54884
55235,Ruben Lehner,"3591 Collen Avenue, New Edwardotown, CT 16507-3072",+16079185667,wilton.schinner@stehr-stehr.example,False,55235
53795,Elijah Christiansen,"475 Douglass Harbor, Port Madalinemouth, OH 29318",+15993041106,mauro@jerde-olson.example,False,53795
54153,Sharice Heathcote,"140 Clement Drive, Terrellborough, AK 48562-9936",+14004869402,angelyn.buckridge@reinger.test,True,54153
54741,Pres. Aubrey Batz,"7862 Welch Spring, Port Beverleechester, NH 63834",+14916342074,dena@barton.test,False,54741
53027,Dallas Veum Esq.,"Apt. 367 170 Kihn Bridge, South Nathanial, WY 76876-6626",+15073615244,anisha@terry.example,True,53027
53156,Vance Auer,"62990 Deedra Course, Tiffaneyfort, NV 42155",+17811071684,karan@cormier.example,False,53156
53814,Tony Krajcik,"1855 Schumm Curve, Lake Ericamouth, NM 92515-3958",+12517322848,marylou@mcglynn.example,False,53814
55144,Peter O'Connell,"Suite 556 20616 Little Union, Connieside, VT 36902",+19273818818,murray.shanahan@heathcote.example,True,55144
53982,Gwyneth Kulas,"Apt. 775 226 Ryan Extension, East Fidel, IL 97128-5984",+12240812543,margarito_zboncak@graham.test,False,53982
53956,Eldon Mckenzie,"Apt. 718 225 Lavon Pines, Bogisichhaven, NY 39352-5690",+16047363649,fritz_rice@von.example,False,53956
53099,Rodrigo Wintheiser,"113 Fahey Field, New Sunfort, MD 04167-7318",+13276932228,ardith_kris@wehner.test,False,53099
54124,Dell Daniel,"Suite 603 341 Troy Roads, Loweburgh, ID 02012-5665",+17352908095,elwood@rempel-sauer.test,False,54124
55000,David Hand Cpa,"91657 Lamont Summit, New Marylee, MA 84703",+19528226283,fred@braun.example,False,55000
53270,Desmond Kautzer,"8977 Kilback Knolls, New Craigborough, WY 83192",+17516405363,monte_rath@rempel.test,False,53270
54515,Morgan Schoen,"6987 Jones Courts, East Joesphmouth, OK 16705",+15082463985,jeana@fay.example,False,54515
55096,Prof. Kristan Purdy,"Suite 226 5245 Ilene Ridge, East Tishburgh, MN 43215",+14459335262,wm_hamill@ankunding-fay.test,False,55096
54449,Pres. Sandy Christiansen,"12464 Marshall Springs, Leonelburgh, NC 61867",+14828643959,alvin_mayer@strosin-cruickshank.test,False,54449
54298,Emmanuel Mosciski,"8597 Willis Summit, Port Hortensia, LA 76005-8908",+18759141925,micheal@kihn-greenholt.example,False,54298
55052,Lizzie Mcglynn,"Apt. 298 103 Considine Canyon, Leisaville, OH 57171",+13718546798,hayden@moen-runolfsson.example,False,55052
55220,Trinidad Hahn,"Apt. 820 12444 Emmy Square, Vonmouth, AL 15847-1536",+15971837353,jerrold_jaskolski@crona-cronin.example,False,55220
55720,Bettye Bernier,"Suite 491 9940 Dare Ridges, Verlineborough, WA 68471-5496",+12142575765,lisa.hills@spencer.example,False,55720
54174,Lisette Hammes,"5801 Torp Heights, South Levi, MD 88759-8293",+16185510665,brittney@zemlak.test,False,54174
55467,Marguerite Stehr,"141 Tiny Mall, East Ayako, FL 09063-3260",+13107654449,alica_lynch@muller-schmidt.test,False,55467
54963,Collin Hagenes,"82037 Eboni Plaza, Predovicland, ND 68792-3004",+11284808556,eliza@ward.example,True,54963
55279,Jon Turner,"1576 Effertz Court, Emeraldside, OK 91070",+15262049524,ronald@flatley-von.test,False,55279
54859,Lili Crooks,"Apt. 996 151 Garland Skyway, Port Neville, NH 79265",+16884760117,hilaria.kemmer@witting-pfeffer.example,False,54859
55093,Hal Kulas,"Suite 660 981 Zulauf Mountains, East Jack, WI 93893",+15042852344,sang@bernhard-hyatt.example,False,55093
55238,Justin Feest,"Suite 677 47815 Lenny Locks, Mirthachester, FL 43993",+18738813249,naida.larson@padberg-waelchi.test,False,55238
53766,Louie Hammes,"Suite 916 225 Schimmel Meadow, Port Cedrick, NY 58073-2949",+19313012288,pierre@hermann-mills.example,False,53766
54571,Earle Moore,"Apt. 987 40614 Owen Flats, Aleenview, DE 66704",+13633319702,laticia_waelchi@stehr.test,False,54571
53427,Pres. Sal Anderson,"92789 Bradford Alley, Freddaside, OR 51665-6772",+13250177577,bret@kessler-ortiz.test,False,53427
54891,Fermin Murray,"Apt. 680 508 Odelia Drive, Galenberg, TX 42018-8594",+11195317027,robin_bosco@hudson.example,False,54891
54858,Janett Pouros,"Apt. 491 25209 Jules Prairie, West Adolfo, UT 79360-4190",+11095106664,albert.kling@lockman-cartwright.example,False,54858
53137,Lindsey Macejkovic,"Apt. 793 5720 Wiegand Station, New Dionburgh, NH 44826",+14489916658,columbus.bogisich@paucek.example,False,53137
53228,Temika Wisoky,"9785 Carmine Way, New Ulysses, TX 12299-7164",+16143427559,mark@damore.test,False,53228
55561,Fr. Leann Orn,"Suite 447 68723 Geraldine Mews, Nadamouth, OH 23726",+15269686838,josefa_mitchell@gutkowski.example,False,55561
55240,Candace Kuhn,"14334 Boyle Extensions, North Demetra, MI 50852-9479",+11160968515,hilario@wolff.test,False,55240
55257,Lowell Leannon Jd,"Suite 762 3563 Aida Brooks, Jacobimouth, WI 22511",+12775213808,rosenda@breitenberg.test,False,55257
53419,Monika Schuppe,"299 Casimira Ways, New German, HI 40125",+17582166117,shayna@moen-hoppe.example,False,53419
53389,Sen. Bret Luettgen,"Apt. 399 580 Tuyet Villages, Port Jeramy, NY 34445",+16981097296,colton.rempel@emmerich.example,True,53389
54643,Amb. Andrew Crona,"Suite 963 486 Robel Meadow, Ernestoshire, ID 08140",+12700931711,arlinda.herzog@oreilly.test,False,54643
53462,Walton Sipes,"Suite 336 50546 Mirta Villages, Guyport, PA 92771",+16221858316,toya_price@cassin.test,False,53462
55608,Tiana Morissette,"17305 Rich Bypass, South Mack, WV 96087-5861",+17881309539,jonathan_reinger@zieme.example,False,55608
54683,Verona Gottlieb,"848 Faviola Station, Kihnshire, LA 39808",+18651742217,tai@mueller.test,False,54683
54608,Alfredo Kuhn,"Apt. 948 8750 Monahan Street, North Meri, NJ 34137",+14599225440,jaime@sipes-casper.example,False,54608
55454,Nakia Botsford,"Suite 888 41186 Talia Extensions, Carterhaven, MD 72615-9292",+19260682230,monica_sanford@lang.example,False,55454
54944,Karan Mosciski Do,"Suite 465 2496 Vickey Skyway, Wilkinsonville, WA 89737-9821",+16300302568,mica@dubuque-marquardt.test,False,54944
55057,Zackary Williamson,"Apt. 540 2332 Sherita Mountains, Ashleyview, MO 74243-1932",+17507995504,thomasena@langworth-brekke.example,False,55057
53188,Shemika Hoppe,"254 Paulene Path, Bayerfurt, CA 38951",+18255844346,daryl.weber@paucek.example,False,53188
54356,Sheila Bauch,"19231 Idalia Lodge, Derekberg, OR 33853-3827",+16460487981,carina@ondricka.example,False,54356
54176,Shawnee Orn,"Suite 415 588 Toi Square, Port Noe, NM 49062-7550",+18794794313,bennie.gleason@tromp.test,False,54176
53083,Felisa Dibbert Phd,"8343 Ellan Island, Hassanton, ID 38924",+18289281599,sook.fadel@willms.test,False,53083
55087,Harold Balistreri,"Suite 457 4115 Tracey Keys, South Tobie, ID 63071",+11377183615,carmelo.okeefe@daniel.test,False,55087
54195,Gerald Dibbert,"20761 Shayla Route, Linneachester, RI 17074",+15622551442,irving_white@lockman.test,False,54195
53069,Msgr. Lester Koss,"2264 Neil Wells, Purdyside, IA 12104",+13228590177,janice@flatley.example,False,53069
53557,Lonny Kemmer,"Suite 612 1305 Carly Via, Amosbury, MO 49638",+14940503492,arlen.ritchie@purdy.example,False,53557
54905,Sonny Mcglynn Sr.,"3908 Leena Pines, North Manda, GA 21727-1318",+19647196613,ted@glover-hettinger.test,False,54905
54532,Msgr. Alton Schimmel,"Apt. 424 520 Shanahan Mountain, Haleyborough, NV 26041-4426",+18087735490,rolland.mcdermott@altenwerth-lindgren.test,False,54532
55171,Gloria Bashirian,"Apt. 890 998 O'Connell Street, Casseyburgh, WA 82645",+18141096623,dwana@pfannerstill.test,False,55171
55320,Santo Satterfield,"Suite 126 584 Dominic Village, McClureport, IA 22450-5496",+17578834131,georgiann_wunsch@heaney-monahan.test,False,55320
55364,Missy Corkery,"502 Lind Loaf, Camilashire, WI 99407",+18615126320,leoma_west@ullrich-zieme.test,True,55364
55227,The Hon. Melania Gusikowski,"7815 Travis Circles, Port Cassey, VT 82665-3251",+11224053965,matthew.davis@mann.example,False,55227
55757,Gilberto Beahan,"93348 Fritsch Villages, Coleneland, LA 56206",+15516587815,lizeth.witting@von.example,False,55757
53208,Vince Bogan,"582 Philip Lane, Floydton, NM 35075",+16171696308,saran@boyer-lebsack.example,True,53208
53947,Miss Margarito Feest,"Apt. 529 450 Royal Walk, Lake Abel, PA 41914",+18553925662,joannie@williamson-glover.example,False,53947
53782,Robbie Price,"93904 Karissa Land, South Augustus, AK 72797-3735",+19008793637,sung@jakubowski-marquardt.test,False,53782
53023,Danilo Pouros,"Suite 533 1705 Wisoky Gateway, West Zada, PA 85781",+11172752974,vivian@mills.test,False,53023
53677,Jasper Osinski,"7847 Cornell Estates, Port Lashell, AZ 06055",+12135715759,emma@rogahn-hackett.test,False,53677
55346,Rep. Richie Kunze,"Suite 302 642 Roberts Neck, North Jackson, NH 44441",+11594029751,nadia.crooks@satterfield.example,False,55346
53884,Chassidy Rodriguez,"4063 Vida Course, Schulistton, NJ 03853",+11614631574,cordell@lesch-dickens.test,False,53884
55261,Ben Runolfsdottir,"Suite 979 461 Gleichner Row, Lake Oscar, OH 48495-3897",+14295101217,kimbra@labadie-beer.test,False,55261
55614,Roseann Hoeger,"14928 Reed Ramp, Theronchester, ND 73800-6939",+13904599228,newton@schulist.example,False,55614
55392,Mr. Misha Robel,"Suite 425 6368 Clemente Forest, South Jeana, AR 99485",+19352420715,thaddeus@kiehn.example,False,55392
54673,Fernanda Marks Iv,"Apt. 715 3409 Stamm Station, Christianberg, SD 13319-4565",+19604148077,so@gusikowski-schmidt.example,False,54673
53332,Carey Rodriguez Dds,"916 Marylouise Port, South Blaine, OH 87192",+14086111227,wally@thompson-satterfield.example,False,53332
55805,Sen. Keesha Tremblay,"Apt. 424 57197 Kassulke Villages, New Hong, MO 29867",+12468284315,candis@runolfsson.example,False,55805
55024,Levi Keebler,"Apt. 591 76097 Charise Rapid, Lake Tad, NH 94791-5789",+19626757813,cedric_bednar@hand.example,False,55024
53405,Bryon Harber,"74070 Rene Rue, Uptonmouth, SD 08753",+15932691255,veronika_wisozk@kuvalis.example,False,53405
54248,Orval Kirlin,"Suite 125 3398 Tremblay Summit, Lake Vincenzoton, MI 96672-9202",+17798570230,terry@mertz.test,False,54248
54474,Catherine Hahn,"75717 Elmo Ways, Corneliusfurt, WA 32796-9399",+11423804295,alda_torphy@borer.example,False,54474
53683,My Dare,"7081 Abbott Drives, Batzport, MO 94645",+11755456067,louisa@lehner.test,False,53683
53445,Pres. Shirlee Harris,"8032 Nienow Port, Anibalberg, AZ 18004-7408",+13817009653,clement@lesch.test,False,53445
54322,Kenny Jacobs,"88602 Blanda Station, East Raphaelchester, AR 10387-4379",+14262374801,genaro@mcglynn.example,True,54322
54657,Foster Macgyver,"4882 Gus Fall, Joelfort, VT 04129",+11259398730,neville_lehner@auer.example,False,54657
55734,Wilmer Denesik,"Apt. 633 9106 Ebert Club, Williamsonchester, NY 65972",+12962180896,madlyn.mosciski@roob.test,False,55734
53527,Fr. Shella Kilback,"994 Gerlach Gardens, Oberbrunnerbury, NC 62341",+16404371351,danny@funk.test,False,53527
55232,Irwin Weimann,"Suite 559 60491 Cummings Flats, Charleneside, NV 51293",+15956993706,martin_donnelly@hoeger-pacocha.example,False,55232
55626,Fr. Ruthann Windler,"Apt. 168 2706 Witting Groves, Lake Russellburgh, WV 40862",+17376661429,tommie@robel-wolf.test,False,55626
53990,Tiesha Von,"958 Eugenie Mountain, Medhurstview, UT 01708",+17501660100,dorian.olson@ritchie.test,False,53990
54204,Margy Rippin,"Suite 925 2909 Erick Estates, West Bart, MN 27971",+14022205931,petra@metz.test,False,54204
55779,Kasha Witting,"841 Filiberto Spurs, West Allenland, GA 68453",+16111200483,vance@rodriguez.example,False,55779
53331,Brain Murazik,"Apt. 228 419 Reilly Stravenue, Rosarioburgh, OH 36202",+19469025042,nadine@wilkinson.example,False,53331
55503,Alfonso Torp,"Apt. 136 55553 Morgan Shore, East Bud, OR 68256-4058",+15354453464,jarred.schmitt@kemmer.example,False,55503
54828,Gov. Ouida Bruen,"Suite 929 614 Hipolito Burg, Jennatown, NV 14545-3374",+15170135743,loren_pacocha@beahan-marquardt.example,False,54828
54053,Shani Mcclure,"Apt. 950 538 Gulgowski Spur, West Miloville, MD 13537-2076",+19244924216,cristobal@welch-blick.example,False,54053
53799,Ellsworth Stiedemann,"Suite 688 8754 Maxwell Valleys, East Jerricatown, CA 30514",+17515571733,len@heaney.example,False,53799
54892,Devora Frami,"52335 Charmain Course, Torpfurt, ID 06825",+17854835190,sook_balistreri@collins.example,False,54892
55629,Ok Stracke,"2415 Cruickshank Curve, Brekkefort, AL 45291-3623",+15127979771,florencio@halvorson.test,False,55629
53722,Donella Hauck,"4947 Tabetha Meadows, Willland, OH 64288",+18498954988,trent@mills-farrell.example,False,53722
54177,Carol Stiedemann,"411 Schmidt Green, East Arnetteton, SC 71506-8326",+17425776160,florentino.wiza@torphy.example,False,54177
54758,Gov. Ettie Kunde,"6206 Harry Plaza, Lake Trey, AR 42004",+12541054412,harlan_rosenbaum@greenholt.test,False,54758
54452,Myesha Powlowski,"Suite 649 75931 Candie Streets, Vernitafurt, IL 78077",+15316321140,mertie.hane@bauch.example,False,54452
54772,Vernia Armstrong,"25384 Senger Ports, North Bill, TX 87946-7820",+16891018337,conrad@quitzon.test,False,54772
54769,Nelda Marvin,"7724 Willian Street, North Jean, AL 29742",+19006946192,nick@toy.test,False,54769
54883,Teresia Botsford,"37717 Manuela Highway, Katherinbury, ME 99764-7179",+11485439695,clement@hessel.test,False,54883
53734,Ezequiel Lind,"44185 Roberts Neck, Lake Apryl, UT 89378-8416",+18626245171,phebe@davis.example,False,53734
54370,Leonida Marks Cpa,"84198 Kihn Ports, Lake Ellan, NJ 96467",+16893714607,penni@quigley-champlin.example,False,54370
54055,Magan Beier,"48353 Hayden Tunnel, Tonychester, AK 04648-0131",+17376351615,everette@gottlieb.test,False,54055
55041,Forrest Abshire,"Apt. 719 20422 Seymour Mews, Reynaldoville, MA 01382-0027",+16814821227,clorinda@kuhic.test,False,55041
55397,Trent Cruickshank,"Apt. 733 83062 Borer Common, Dareton, CO 97328-0069",+11224577123,dave@hermiston-jast.example,False,55397
54530,Kathleen Ledner,"81775 Spinka Lights, Port Quentinstad, MS 33229",+11154742464,ezequiel_robel@collins.example,False,54530
54119,Toby Hayes,"165 Sporer Loaf, Wittingchester, MN 83965-6112",+12588458871,asia.mccullough@fahey.example,False,54119
55142,Mr. Danette Wiegand,"434 Berge Parkway, North Steviehaven, NE 36843",+15339423614,ty@brown.example,False,55142
54773,Lauretta Bayer,"2397 Shante Lock, Rutherfordtown, MT 20374",+16676888965,jude_sipes@howe.example,True,54773
54857,Elouise Pagac Jd,"27067 Ellis Mountains, New Arthurborough, KY 66430-9560",+13954236949,erik.quigley@homenick-mcdermott.example,False,54857
55154,Taunya Connelly,"Suite 815 97097 Sonja Crossing, Lolitaview, OR 22914",+18610632157,marlon@stehr-stroman.example,True,55154
54872,Coleman Heaney,"293 Nitzsche Trail, North Garyton, HI 30156",+15387724302,meggan@doyle.test,True,54872
53139,Gov. Buford Dibbert,"Apt. 116 6792 Gutkowski Burg, Ellamaeport, SD 49483",+13913236503,daniela@hoppe-nitzsche.test,False,53139
53475,Idell Casper Jr.,"1664 Pedro Shoals, East Gwyneth, MT 95650",+19374894550,agnes_daniel@kozey.example,False,53475
55224,Elza Prohaska,"Suite 394 270 Leannon Mountains, New Jermaine, LA 09299",+19282451142,rosendo_schmidt@olson.test,False,55224
53260,Tracee Padberg,"Apt. 318 874 Dibbert Mountains, Port Lavoniastad, UT 44547-5854",+13583834904,desire@ebert.example,False,53260
55456,Venice Robel,"Apt. 323 71989 Sonia Wall, Abbottburgh, MN 84516-6210",+18738552432,kristofer@schowalter.test,False,55456
54206,Mitsue Upton,"569 Davis Union, East Lang, AZ 28875",+19488224531,deloras.hayes@conroy.example,False,54206
54514,Hilton Hane,"3640 Wunsch River, South Clayhaven, GA 21061",+12845780549,wilmer@moore.example,False,54514
53515,Shelba Mayert Sr.,"Suite 709 27126 Christiansen Glens, South Elvisbury, TX 40927",+14837791204,jeffry@denesik.example,False,53515
54478,Carroll Hagenes,"Suite 137 201 Daugherty Hollow, Pacochafort, WI 53745",+18219586590,chet@hudson.test,False,54478
53479,Edwin Dubuque,"Suite 930 155 Trinidad Trafficway, North Pearly, DE 44610-5788",+13066114672,alfredo@effertz.test,False,53479
53673,Alejandro Rau Ret.,"49689 Genesis Brooks, Jacobiside, DE 14895",+12322482463,percy.strosin@runte-dicki.test,True,53673
54560,Deangelo Von,"66808 Hilton Cliffs, New Hedwig, DE 17634-5285",+18121284665,graham@keeling-mosciski.example,False,54560
55471,Wesley Quigley,"Suite 180 990 Runte River, Kitmouth, CT 90027-4597",+14541364943,kum@kutch.example,False,55471
53762,Prof. Kathlene Jones,"1737 Spencer Island, Luciafurt, AL 10191",+14606992893,natividad_weber@thompson.test,False,53762
54878,Melonie Gutkowski Iii,"19867 Miller Streets, Ivoryfort, NV 31841-8043",+14540989807,odell.mayer@little.example,False,54878
55323,Gov. Walton Abernathy,"Apt. 883 667 Morissette Neck, West Dallasburgh, CO 16143",+13344749857,griselda_bergstrom@gusikowski.example,False,55323
54394,Roman Lakin,"390 Eugena Burgs, West Elbert, NM 20025",+15619243672,arnold_gulgowski@stracke.example,False,54394
54468,Sherly Ziemann Jr.,"50831 Hobert Parkway, Ruthstad, CT 03992",+19894493065,keven@barrows.test,False,54468
53319,Magda Krajcik,"21479 Ashley Coves, Nakishaview, WY 03080-2928",+14889073434,grover_predovic@wolf-parisian.test,False,53319
54890,Major Kuhn Ii,"47547 Hansen Circles, Port Cedric, DE 44484",+13485955961,sterling_konopelski@reichel.test,False,54890
55189,Rep. Miguel Conroy,"Suite 943 5984 Smith Mountains, Port Nelsonview, AR 13968",+18067852810,pierre_parker@altenwerth.example,True,55189
