id,user_id,book_id,quantity,unit_price,timestamp,shipping,paid_price,year,month,day
80941,47864,21550,1,80.4,2025-01-11 21:50:11+00:00,Unknown,80.4,2025,1,11
81245,47864,22052,2,32.39,2024-03-27 07:46:55.055000+00:00,Unknown,64.78,2024,3,27
78477,48918,21367,1,30.0,2025-06-29 23:17:51+00:00,Unknown,30.0,2025,6,29
86303,48092,21724,1,18.0,2024-11-06 09:29:00+00:00,Unknown,18.0,2024,11,6
81990,48418,21441,1,24.99,2024-09-16 15:05:39+00:00,Unknown,24.99,2024,9,16
82785,50265,21459,2,41.5,2024-06-29 00:13:48.016000+00:00,Unknown,83.0,2024,6,29
84594,49429,21598,1,19.99,2024-07-06 15:27:00+00:00,Unknown,19.99,2024,7,6
86155,49965,21752,1,61.99,2025-01-08 11:28:42+00:00,Unknown,61.99,2025,1,8
82478,50188,21587,1,69.5,2024-11-08 02:05:08.703000+00:00,Unknown,69.5,2024,11,8
80811,50433,21899,1,80.39,2024-08-18 04:51:52+00:00,Unknown,80.39,2024,8,18
80319,48403,21729,1,44.99,2025-02-22 21:01:00+00:00,"605 Durgan Corner, New Marcos, PA 20319-6778",44.99,2025,2,22
81678,50160,21892,1,24.5,2025-01-31 15:55:19+00:00,Unknown,24.5,2025,1,31
78241,50620,21794,2,32.25,2025-02-11 03:33:23+00:00,Unknown,64.5,2025,2,11
78614,47795,21803,1,49.5,2025-01-22 21:29:50+00:00,Unknown,49.5,2025,1,22
84345,50838,21832,1,32.5,2025-03-21 22:09:00+00:00,Unknown,32.5,2025,3,21
80911,49908,21881,1,63.5,2024-08-27 08:15:41.056000+00:00,Unknown,63.5,2024,8,27
79692,49610,21675,1,18.5,2024-11-04 01:47:03+00:00,Unknown,18.5,2024,11,4
81095,50016,21374,1,86.39,2025-07-21 22:40:41+00:00,Unknown,86.39,2025,7,21
79587,49751,21339,4,65.0,2024-12-04 16:03:00+00:00,Unknown,260.0,2024,12,4
82696,50196,21584,1,52.5,2024-11-06 16:05:16+00:00,Unknown,52.5,2024,11,6
83541,50147,21816,2,70.5,2025-03-06 11:45:28+00:00,"Suite 772 5259 Ozie Summit, Cummerataview, IN 87860",141.0,2025,3,6
77673,50860,21475,1,26.0,2025-04-16 08:36:11+00:00,Unknown,26.0,2025,4,16
85884,49197,21976,1,34.8,2024-09-05 07:02:00+00:00,Unknown,34.8,2024,9,5
82744,50498,21491,1,30.0,2024-09-10 08:57:54+00:00,Unknown,30.0,2024,9,10
80411,48273,22026,2,57.5,2024-12-07 13:50:00+00:00,Unknown,115.0,2024,12,7
80497,48726,21543,1,63.9,2025-04-10 15:29:22+00:00,Unknown,63.9,2025,4,10
83693,50758,21777,1,37.8,2025-02-05 16:14:04+00:00,Unknown,37.8,2025,2,5
86357,49125,21573,2,28.0,2024-08-24 10:30:57+00:00,"78346 Edmundo Heights, Huelshire, VA 41518-0607",56.0,2024,8,24
83599,47733,22055,1,55.5,2024-08-24 08:24:59+00:00,Unknown,55.5,2024,8,24
85921,48883,22033,1,48.75,2024-04-02 15:37:20.585000+00:00,Unknown,48.75,2024,4,2
78452,48120,21394,1,68.5,2025-03-31 22:13:00+00:00,Unknown,68.5,2025,3,31
78567,49847,21824,1,59.0,2024-08-18 06:02:55+00:00,Unknown,59.0,2024,8,18
81760,49820,22034,1,75.75,2024-11-01 07:49:27+00:00,Unknown,75.75,2024,11,1
86115,48338,21596,1,36.25,2024-07-10 13:06:00+00:00,Unknown,36.25,2024,7,10
83127,49203,22008,1,66.75,2024-11-01 13:56:17+00:00,Unknown,66.75,2024,11,1
79078,48803,21321,1,68.5,2025-01-14 17:32:32+00:00,Unknown,68.5,2025,1,14
82188,48744,21486,3,30.6,2024-12-23 19:44:52+00:00,"70939 Lloyd Fall, Dooleybury, CO 89886",91.8,2024,12,23
85506,50199,22035,3,34.0,2025-06-03 11:53:37+00:00,Unknown,102.0,2025,6,3
83638,47781,21963,1,38.25,2024-08-10 23:23:00+00:00,"Suite 852 6071 Frami Grove, Lake Refugiofurt, MI 42887",38.25,2024,8,10
81421,49252,21481,2,22.25,2025-07-18 21:51:00+00:00,"7358 Syreeta Prairie, New Pamelabury, DE 91542",44.5,2025,7,18
84980,49584,21502,2,67.0,2025-04-03 06:29:00+00:00,Unknown,134.0,2025,4,3
83383,50284,21478,2,47.99,2025-03-20 05:57:41+00:00,Unknown,95.98,2025,3,20
79354,48473,21445,1,18.25,2025-01-05 13:00:00+00:00,Unknown,18.25,2025,1,5
78989,50814,22003,1,68.7,2024-11-18 00:04:00+00:00,Unknown,68.7,2024,11,18
79163,50262,21671,1,38.99,2024-09-25 01:18:27+00:00,Unknown,38.99,2024,9,25
80696,50380,21734,1,52.75,2024-08-24 13:14:00+00:00,Unknown,52.75,2024,8,24
80970,50465,21914,1,70.5,2024-12-28 05:18:09+00:00,Unknown,70.5,2024,12,28
77932,48130,21640,1,42.99,2024-09-12 13:10:58+00:00,"Suite 969 7846 Rocio Rue, Dachchester, HI 26095-4420",42.99,2024,9,12
85202,50574,21342,1,60.0,2025-03-02 17:09:00+00:00,Unknown,60.0,2025,3,2
82723,48276,21490,2,66.0,2024-04-09 23:45:59+00:00,"Apt. 429 33804 Kathryn Mountains, Joanaburgh, MA 37568-5100",132.0,2024,4,9
84301,49810,21541,2,36.75,2024-11-14 23:28:01+00:00,Unknown,73.5,2024,11,14
81900,47861,21968,1,21.5,2024-07-08 15:54:03.687000+00:00,Unknown,21.5,2024,7,8
79808,50485,21730,2,36.0,2024-12-27 19:57:22+00:00,Unknown,72.0,2024,12,27
80632,50264,21866,1,47.4,2025-10-02 11:08:08+00:00,Unknown,47.4,2025,10,2
79118,49855,21875,1,47.75,2024-07-20 05:28:43+00:00,Unknown,47.75,2024,7,20
86018,48325,21891,4,65.75,2025-05-01 01:19:19+00:00,Unknown,263.0,2025,5,1
84510,50205,21738,1,51.3,2025-01-25 05:42:32+00:00,Unknown,51.3,2025,1,25
78479,49638,21306,1,50.0,2024-12-02 01:14:38+00:00,Unknown,50.0,2024,12,2
79406,48453,21802,1,43.0,2025-04-20 16:42:17+00:00,Unknown,43.0,2025,4,20
82487,48591,21591,1,50.0,2025-07-14 21:26:42+00:00,"Apt. 659 83330 Schmeler Lodge, Napoleonborough, CO 90847-5961",50.0,2025,7,14
78571,50095,21328,2,63.5,2024-11-20 11:01:40+00:00,Unknown,127.0,2024,11,20
77998,48686,21614,1,62.1,2024-10-11 01:30:29+00:00,Unknown,62.1,2024,10,11
84704,48082,21888,1,73.99,2025-12-01 05:34:34+00:00,Unknown,73.99,2025,12,1
83330,49774,21327,1,25.19,2024-08-07 05:12:59+00:00,"Apt. 325 62226 Friesen Crossing, Douglaschester, WA 60351",25.19,2024,8,7
81373,48146,21789,2,30.0,2025-03-21 10:55:16.690000+00:00,"Suite 229 8016 Clifton Mission, East Ianburgh, OR 94196-5070",60.0,2025,3,21
85584,50335,21807,2,39.6,2024-07-12 18:56:23+00:00,Unknown,79.2,2024,7,12
83019,48576,21610,2,67.2,2024-04-26 11:23:27+00:00,Unknown,134.4,2024,4,26
82291,48726,21337,1,37.25,2024-10-21 06:59:40.808000+00:00,Unknown,37.25,2024,10,21
81438,50887,21963,1,48.9,2025-10-14 19:06:00+00:00,Unknown,48.9,2025,10,14
80865,48813,21767,1,31.5,2024-10-10 07:40:14+00:00,Unknown,31.5,2024,10,10
85381,48441,21799,1,33.6,2024-08-30 12:31:00+00:00,Unknown,33.6,2024,8,30
83560,49965,21788,1,25.2,2024-12-25 10:10:52+00:00,"Suite 539 278 Lida Rapids, Lake Coltonport, IA 27687-9720",25.2,2024,12,25
79948,48796,21322,1,32.75,2024-06-17 23:34:10.436000+00:00,Unknown,32.75,2024,6,17
85164,49358,21815,1,17.25,2024-12-25 13:37:00+00:00,Unknown,17.25,2024,12,25
80413,50609,21574,1,47.5,2024-11-08 16:40:00+00:00,"Suite 134 64019 Jon Corners, North Alonaport, NV 81038-7338",47.5,2024,11,8
81408,48832,21722,1,46.79,2025-01-22 11:46:57.657000+00:00,Unknown,46.79,2025,1,22
81698,48268,21852,1,41.0,2025-02-19 00:40:14+00:00,Unknown,41.0,2025,2,19
78512,49347,21867,1,74.1,2025-04-08 04:00:43.694000+00:00,"Suite 220 77811 Davis Plaza, Port Lisaport, IL 97878",74.1,2025,4,8
84393,48193,22046,1,59.99,2024-09-28 10:26:39+00:00,Unknown,59.99,2024,9,28
80530,48078,21380,1,64.5,2024-07-06 17:28:55+00:00,Unknown,64.5,2024,7,6
80166,49047,21749,1,71.5,2025-04-06 23:37:30+00:00,"225 Carolann Passage, West Anderson, WI 01900",71.5,2025,4,6
82887,50071,21731,2,51.25,2025-01-18 17:22:22+00:00,Unknown,102.5,2025,1,18
78037,47973,21631,1,28.8,2024-12-17 20:37:29+00:00,"56199 Jamey Shoals, Lake Issacville, VT 17712",28.8,2024,12,17
81752,48948,21308,1,36.0,2025-05-14 11:03:03+00:00,Unknown,36.0,2025,5,14
82569,47961,21929,3,60.0,2025-02-12 16:58:27+00:00,Unknown,180.0,2025,2,12
84896,49339,21947,1,76.8,2025-01-20 17:23:00+00:00,"4469 White Manor, Carsonberg, AK 60694-6854",76.8,2025,1,20
83429,48866,21740,1,56.5,2025-03-05 15:51:05+00:00,Unknown,56.5,2025,3,5
79902,49843,21851,1,32.4,2025-07-14 08:35:09+00:00,Unknown,32.4,2025,7,14
86084,48196,21885,4,57.3,2024-05-12 13:58:00+00:00,Unknown,229.2,2024,5,12
79765,48782,21451,1,87.6,2024-09-29 14:19:50+00:00,"Apt. 192 969 Krissy Port, South Inger, MS 63584",87.6,2024,9,29
77797,50918,21602,1,62.25,2024-03-25 12:17:55+00:00,"Suite 992 763 Ronny Prairie, Port Neelytown, NC 43283",62.25,2024,3,25
81356,50771,21666,1,68.0,2024-10-05 01:57:00+00:00,Unknown,68.0,2024,10,5
78471,48739,21999,1,34.0,2024-08-30 13:57:55+00:00,"24883 Yoshie Curve, North Lashandahaven, AK 84392-4338",34.0,2024,8,30
82934,47674,21446,1,18.6,2024-11-08 04:42:31+00:00,Unknown,18.6,2024,11,8
79420,48571,21919,2,55.0,2024-07-20 11:38:50+00:00,Unknown,110.0,2024,7,20
82553,48650,21693,2,85.2,2024-05-26 14:58:23+00:00,Unknown,170.4,2024,5,26
81598,50719,21348,2,21.0,2025-07-03 04:43:43+00:00,Unknown,42.0,2025,7,3
85701,49906,22034,1,88.2,2024-03-31 05:02:00+00:00,Unknown,88.2,2024,3,31
83605,47837,21490,1,65.75,2024-10-24 12:25:34+00:00,Unknown,65.75,2024,10,24
85605,50663,21803,1,62.4,2024-01-19 03:30:40+00:00,Unknown,62.4,2024,1,19
83502,48355,21677,1,33.0,2025-06-20 14:56:39+00:00,Unknown,33.0,2025,6,20
82764,48961,21343,1,71.5,2024-10-17 04:32:37+00:00,Unknown,71.5,2024,10,17
81121,50426,21372,1,35.5,2024-11-13 10:38:55+00:00,Unknown,35.5,2024,11,13
86254,49635,21522,1,23.7,2025-01-01 14:12:19+00:00,Unknown,23.7,2025,1,1
86473,49625,21870,1,64.0,2024-10-04 08:55:00+00:00,Unknown,64.0,2024,10,4
78638,48575,21773,1,47.1,2025-08-15 07:02:01+00:00,"Apt. 987 339 Leonora Point, North Mohamedton, ID 54492-4773",47.1,2025,8,15
80384,49284,21697,2,64.25,2025-02-26 21:57:05+00:00,"Suite 145 168 Weissnat Trail, Port Greta, AZ 37876-3552",128.5,2025,2,26
84047,48791,21985,1,20.5,2024-08-17 14:20:27.959000+00:00,Unknown,20.5,2024,8,17
77807,48852,21718,3,47.75,2025-05-17 14:49:02+00:00,Unknown,143.25,2025,5,17
84776,48976,21995,2,45.99,2024-03-20 05:45:00+00:00,Unknown,91.98,2024,3,20
79045,49453,21315,1,75.0,2024-04-18 23:08:08+00:00,Unknown,75.0,2024,4,18
83607,47762,21760,1,80.7,2024-11-08 23:25:52+00:00,"Apt. 574 199 Cremin Underpass, Hansenside, MA 45626",80.7,2024,11,8
78109,48560,21872,3,38.0,2024-11-29 23:08:50+00:00,Unknown,114.0,2024,11,29
85943,47994,21661,1,66.25,2024-04-05 08:07:16+00:00,Unknown,66.25,2024,4,5
84304,48745,22034,1,73.0,2024-09-24 20:25:04+00:00,Unknown,73.0,2024,9,24
82544,49839,21918,5,70.0,2025-01-03 15:19:08+00:00,Unknown,350.0,2025,1,3
78039,48834,21578,1,21.5,2024-10-31 13:54:00+00:00,"47149 Marcelene Streets, Kingview, NV 59138-9180",21.5,2024,10,31
80454,50305,21335,1,32.75,2024-09-12 12:23:00+00:00,Unknown,32.75,2024,9,12
77911,47728,21934,2,51.3,2024-09-07 09:18:05+00:00,"Suite 370 34918 August Summit, Florinefort, WY 14770",102.6,2024,9,7
78728,47825,21480,1,64.79,2024-10-01 13:42:10+00:00,Unknown,64.79,2024,10,1
83523,50625,21924,1,55.5,2024-08-04 19:15:57+00:00,Unknown,55.5,2024,8,4
83993,48767,21983,1,60.75,2024-10-31 16:11:00+00:00,Unknown,60.75,2024,10,31
82866,49068,21418,1,29.5,2025-01-31 03:04:59+00:00,Unknown,29.5,2025,1,31
81988,48933,21464,1,63.0,2025-03-05 03:22:31+00:00,Unknown,63.0,2025,3,5
86359,49247,21300,1,38.5,2025-03-12 03:24:20+00:00,Unknown,38.5,2025,3,12
79996,48991,21954,2,51.5,2024-10-13 10:53:47+00:00,Unknown,103.0,2024,10,13
84412,51024,21992,2,35.0,2024-12-24 22:41:00+00:00,Unknown,70.0,2024,12,24
82324,50070,21896,1,27.0,2024-05-13 11:29:19.697000+00:00,"Suite 502 837 Gleason Spring, Dickensville, AR 82975",27.0,2024,5,13
82580,47858,21795,2,36.99,2025-01-06 05:57:18+00:00,Unknown,73.98,2025,1,6
81060,48405,21395,1,75.6,2024-12-08 08:55:00+00:00,Unknown,75.6,2024,12,8
78935,50761,21495,1,49.0,2025-03-15 19:00:00+00:00,"Suite 353 8752 Christian Knoll, Hillsfurt, ID 00549-2490",49.0,2025,3,15
81713,49037,21951,1,30.75,2025-07-11 21:58:00+00:00,Unknown,30.75,2025,7,11
78140,50502,21562,1,33.5,2024-06-23 07:34:00+00:00,Unknown,33.5,2024,6,23
78946,48858,21784,1,65.99,2024-10-18 13:27:07+00:00,"Suite 244 366 McKenzie Mews, New Shayneland, WV 28559-9464",65.99,2024,10,18
84118,48116,21406,1,71.25,2024-12-04 03:48:00+00:00,Unknown,71.25,2024,12,4
80521,49722,22009,1,25.75,2024-12-26 21:04:52+00:00,Unknown,25.75,2024,12,26
83664,50425,21986,2,50.0,2025-01-08 02:35:58.835000+00:00,"Apt. 687 3527 Rosenbaum Stravenue, Morarmouth, SD 04680",100.0,2025,1,8
80335,49224,21810,1,52.0,2024-04-10 09:01:20.148000+00:00,Unknown,52.0,2024,4,10
82248,48120,21635,2,39.99,2025-02-14 22:45:50+00:00,"370 Lind Extension, Boscomouth, MT 74876",79.98,2025,2,14
81561,49096,21409,3,65.75,2024-08-18 13:50:58+00:00,"Suite 652 385 Aaron Village, South Lucianoburgh, CA 86593",197.25,2024,8,18
78738,48094,21589,1,76.79,2025-03-19 08:40:00+00:00,Unknown,76.79,2025,3,19
85256,47888,21763,1,38.5,2025-02-13 09:43:00+00:00,Unknown,38.5,2025,2,13
79628,49980,21562,1,34.25,2025-02-08 17:55:15+00:00,Unknown,34.25,2025,2,8
77921,50659,21643,1,13.5,2024-08-27 01:56:31.776000+00:00,"Suite 863 698 Wisozk Shoals, Trompshire, AK 79391",13.5,2024,8,27
79328,51059,21695,4,87.6,2024-05-28 05:54:29+00:00,Unknown,350.4,2024,5,28
81770,48987,21962,1,79.2,2024-09-25 04:32:00+00:00,Unknown,79.2,2024,9,25
86019,49041,21702,1,64.5,2024-06-09 15:52:52+00:00,Unknown,64.5,2024,6,9
83890,49493,21703,1,65.5,2025-01-12 19:44:50+00:00,Unknown,65.5,2025,1,12
83588,49230,21703,1,68.5,2024-08-21 04:22:06.318000+00:00,"5680 Heller Port, East Elly, WY 88883-4803",68.5,2024,8,21
79602,50033,21948,1,64.5,2025-01-06 21:08:50+00:00,Unknown,64.5,2025,1,6
81736,51103,21418,1,33.25,2024-11-21 15:33:51+00:00,Unknown,33.25,2024,11,21
77920,49433,21307,4,26.25,2024-09-28 14:18:53+00:00,"Suite 870 9680 Rocco Brooks, New Rubin, NC 97192",105.0,2024,9,28
78586,48801,21802,2,45.0,2024-12-04 08:37:29+00:00,Unknown,90.0,2024,12,4
81805,49275,21833,1,67.0,2024-07-25 15:38:18+00:00,Unknown,67.0,2024,7,25
79175,48166,21344,1,64.8,2024-11-13 11:19:19+00:00,"5033 Bert Lodge, Carolview, MT 97859-5923",64.8,2024,11,13
77682,48404,21617,5,27.5,2024-10-05 08:21:00+00:00,Unknown,137.5,2024,10,5
78192,49406,21779,1,31.5,2025-08-15 06:40:15+00:00,"Suite 897 567 Schamberger Trail, West Martyborough, WA 43957-3262",31.5,2025,8,15
85096,48328,22054,1,80.4,2024-05-18 00:23:18.509000+00:00,Unknown,80.4,2024,5,18
79470,50226,21353,1,26.25,2025-03-13 06:03:33.102000+00:00,Unknown,26.25,2025,3,13
77795,48832,21752,4,60.0,2024-07-28 13:59:20+00:00,"Apt. 355 3790 Graham Burgs, North Cedricmouth, CA 83909-7628",240.0,2024,7,28
79330,50998,21339,2,70.75,2024-03-28 14:06:09+00:00,Unknown,141.5,2024,3,28
85071,48535,22033,3,50.5,2024-11-15 06:29:00+00:00,Unknown,151.5,2024,11,15
84280,49426,21536,1,48.0,2025-05-14 23:40:27+00:00,Unknown,48.0,2025,5,14
79130,48277,22003,2,61.5,2024-08-09 00:13:00+00:00,Unknown,123.0,2024,8,9
79120,50136,21548,1,41.0,2024-11-25 09:29:58.872000+00:00,Unknown,41.0,2024,11,25
79950,49285,21375,1,51.5,2025-01-01 01:47:17+00:00,Unknown,51.5,2025,1,1
78332,47792,21948,2,63.0,2024-11-30 06:05:00+00:00,Unknown,126.0,2024,11,30
80585,48976,21615,1,57.9,2024-07-10 00:36:00+00:00,Unknown,57.9,2024,7,10
82808,48097,21814,5,45.75,2024-10-04 02:23:00+00:00,Unknown,228.75,2024,10,4
81208,47834,21714,2,42.0,2025-05-13 06:49:41+00:00,Unknown,84.0,2025,5,13
85889,48551,21525,1,33.0,2024-05-20 16:17:14+00:00,Unknown,33.0,2024,5,20
78433,48704,21937,1,52.5,2024-05-25 03:29:30+00:00,Unknown,52.5,2024,5,25
84819,48959,21352,1,31.0,2025-06-07 09:59:15+00:00,Unknown,31.0,2025,6,7
78149,49162,21787,1,44.5,2024-11-10 21:51:00+00:00,Unknown,44.5,2024,11,10
83824,49018,21952,2,50.25,2025-01-14 15:08:28+00:00,"Apt. 973 93069 Yost Forest, New Redashire, CA 36510",100.5,2025,1,14
84900,49087,21573,1,32.5,2024-11-17 07:39:00+00:00,"339 Napoleon Ramp, East Alicamouth, SC 91018",32.5,2024,11,17
77822,50969,22003,1,70.2,2024-11-25 20:54:38+00:00,"983 Alana Trail, East Alphonse, AK 12188",70.2,2024,11,25
83113,50174,21983,2,60.25,2024-09-25 12:02:00+00:00,"739 Felicia Shores, New Leonardo, MI 50300-4369",120.5,2024,9,25
85600,49746,21618,1,54.9,2025-03-07 14:46:47+00:00,Unknown,54.9,2025,3,7
80262,48939,21806,1,58.0,2024-07-18 21:22:43+00:00,"1885 Clemente Divide, Christiansenland, NV 19823-4941",58.0,2024,7,18
84289,50052,21558,1,20.0,2024-12-28 07:10:22+00:00,"Suite 458 99710 Renner Forks, South Mandieburgh, NE 46946",20.0,2024,12,28
86449,48725,21528,1,46.99,2025-03-07 20:56:00+00:00,Unknown,46.99,2025,3,7
81991,51056,21467,1,58.8,2025-04-07 07:33:11+00:00,Unknown,58.8,2025,4,7
83178,49626,21862,1,54.5,2025-08-01 11:25:00+00:00,"Apt. 842 191 Gutmann Rest, West Arlene, WI 73743-8405",54.5,2025,8,1
81716,50544,21958,1,75.0,2024-06-29 03:11:00+00:00,Unknown,75.0,2024,6,29
85734,48963,21656,1,36.0,2024-12-04 03:06:09+00:00,"56061 White Cape, Doriefort, MD 35894-8001",36.0,2024,12,4
80981,51047,21592,1,60.0,2024-07-21 07:54:42+00:00,Unknown,60.0,2024,7,21
77626,50274,21443,1,28.2,2025-06-03 17:32:50+00:00,Unknown,28.2,2025,6,3
81129,48919,21781,1,68.5,2024-12-06 17:35:15+00:00,"Suite 795 306 Runolfsson Centers, Lake Gabriel, NJ 60152",68.5,2024,12,6
82056,47957,21926,2,53.4,2025-05-16 22:10:00+00:00,"107 Blanda Canyon, Port Sung, TX 87766",106.8,2025,5,16
79982,50836,21529,3,18.0,2024-08-05 12:48:00+00:00,Unknown,54.0,2024,8,5
83175,49656,21427,1,75.75,2024-12-26 15:19:00+00:00,Unknown,75.75,2024,12,26
82617,49327,21886,1,57.0,2025-03-30 16:57:44.170000+00:00,Unknown,57.0,2025,3,30
80980,49764,21393,5,57.5,2024-03-29 11:26:01.641000+00:00,Unknown,287.5,2024,3,29
78437,48040,22004,2,82.79,2024-12-19 07:36:00+00:00,Unknown,165.58,2024,12,19
80950,50347,21339,2,70.0,2024-05-13 10:48:57+00:00,Unknown,140.0,2024,5,13
77812,49898,21609,4,83.99,2024-12-17 23:25:00+00:00,"485 Hoppe Centers, Saranland, AK 05913",335.96,2024,12,17
83215,49422,21321,3,68.25,2024-10-03 01:45:54+00:00,Unknown,204.75,2024,10,3
85937,48669,21906,1,47.4,2024-08-23 08:57:39+00:00,Unknown,47.4,2024,8,23
81664,50940,21864,4,84.0,2025-08-10 15:09:44+00:00,Unknown,336.0,2025,8,10
79841,49299,21614,1,65.99,2025-01-14 14:04:57+00:00,Unknown,65.99,2025,1,14
80690,50219,21941,3,48.5,2025-08-17 20:24:53+00:00,Unknown,145.5,2025,8,17
86003,50463,21675,3,21.6,2025-09-16 11:41:00+00:00,Unknown,64.8,2025,9,16
80878,50779,21466,1,31.0,2024-04-06 08:00:00+00:00,"1286 Robt Meadow, South Merideth, IN 12514-4525",31.0,2024,4,6
80883,47834,21954,1,51.0,2025-03-22 11:23:05+00:00,Unknown,51.0,2025,3,22
85054,49917,21595,1,62.39,2024-09-30 23:52:53+00:00,Unknown,62.39,2024,9,30
81571,50471,21739,1,42.75,2024-11-12 16:53:00+00:00,Unknown,42.75,2024,11,12
77906,48237,21769,1,65.0,2024-08-07 02:44:58+00:00,Unknown,65.0,2024,8,7
83883,51024,21534,1,19.0,2024-12-21 19:51:57+00:00,Unknown,19.0,2024,12,21
77733,50431,21645,1,50.0,2025-03-29 03:17:00+00:00,"Apt. 870 5950 Kunde Throughway, New Alden, DE 85484-1567",50.0,2025,3,29
84195,49792,21724,1,21.0,2025-03-02 10:55:00+00:00,Unknown,21.0,2025,3,2
84847,48075,21415,1,71.4,2025-02-25 16:44:51+00:00,Unknown,71.4,2025,2,25
78896,47742,21571,2,18.75,2025-02-20 01:32:40+00:00,Unknown,37.5,2025,2,20
78016,50366,21769,1,66.25,2024-10-17 07:32:31.315000+00:00,Unknown,66.25,2024,10,17
79563,49760,21967,1,40.0,2025-02-22 00:11:58+00:00,Unknown,40.0,2025,2,22
83280,48963,21454,1,25.19,2025-02-23 17:12:00+00:00,"56061 White Cape, Doriefort, MD 35894-8001",25.19,2025,2,23
84253,50455,21300,1,39.5,2024-07-27 04:19:53.885000+00:00,Unknown,39.5,2024,7,27
82712,49509,21833,1,79.2,2025-01-22 21:08:41+00:00,Unknown,79.2,2025,1,22
78447,49302,21898,2,54.5,2025-09-26 06:41:58+00:00,"4484 Kenneth Rue, Julioview, OR 27238",109.0,2025,9,26
85905,49828,21825,3,45.3,2024-08-09 23:59:00+00:00,Unknown,135.9,2024,8,9
77722,50609,21706,1,21.0,2024-12-04 10:27:00+00:00,"Suite 134 64019 Jon Corners, North Alonaport, NV 81038-7338",21.0,2024,12,4
84435,49504,21415,1,60.0,2025-05-19 07:44:12+00:00,Unknown,60.0,2025,5,19
82462,50497,21620,3,31.25,2024-05-03 00:23:03+00:00,Unknown,93.75,2024,5,3
78318,51067,21921,3,75.6,2024-09-12 13:40:00+00:00,"6762 Bahringer Points, Gemafurt, DE 27934-1303",226.8,2024,9,12
86392,48841,21754,1,27.99,2025-03-11 07:28:30+00:00,"Suite 567 51176 Pam Freeway, Rashadside, GA 60407",27.99,2025,3,11
81533,48821,21972,1,18.99,2025-01-15 08:16:48+00:00,"637 Gino Wells, New Raven, IA 47841",18.99,2025,1,15
79792,49796,21896,2,17.5,2025-04-30 09:48:56+00:00,Unknown,35.0,2025,4,30
79595,47910,21440,2,24.0,2025-01-15 18:32:00+00:00,"Apt. 238 106 Yetta Court, Port Cleotildeburgh, ND 13639-5753",48.0,2025,1,15
78804,50569,21632,1,68.5,2024-08-06 02:37:56.178000+00:00,Unknown,68.5,2024,8,6
80434,49587,21625,1,25.8,2024-09-24 20:39:08+00:00,Unknown,25.8,2024,9,24
79028,47821,21404,1,20.75,2024-03-08 21:47:06+00:00,"59967 Heriberto Square, Hilariofort, TX 82380-4388",20.75,2024,3,8
85972,48493,21697,1,80.4,2024-10-12 12:07:00+00:00,Unknown,80.4,2024,10,12
83626,50517,22046,4,69.6,2024-06-21 23:07:02+00:00,Unknown,278.4,2024,6,21
85760,49469,22004,3,69.75,2024-08-10 08:45:04+00:00,"6731 Simonis Keys, Boyleberg, NY 96661",209.25,2024,8,10
78147,50082,21758,1,42.5,2025-05-16 12:51:03+00:00,Unknown,42.5,2025,5,16
85558,49385,21307,1,23.0,2025-01-28 04:12:11.493000+00:00,Unknown,23.0,2025,1,28
84720,47999,21567,1,63.0,2024-11-28 10:16:00+00:00,Unknown,63.0,2024,11,28
80817,48249,21663,1,71.0,2024-09-21 10:01:12+00:00,Unknown,71.0,2024,9,21
85922,50810,21922,2,25.5,2025-06-22 03:44:36+00:00,Unknown,51.0,2025,6,22
77816,50727,21478,1,55.8,2025-01-02 10:58:39.019000+00:00,Unknown,55.8,2025,1,2
82360,48907,21875,1,60.6,2024-08-25 22:00:30+00:00,Unknown,60.6,2024,8,25
78612,50194,21300,2,40.5,2024-10-05 00:01:01+00:00,Unknown,81.0,2024,10,5
78450,49180,21840,1,19.2,2025-02-16 19:52:25+00:00,"110 Koepp Brook, Lake Krystalmouth, WI 43525-3141",19.2,2025,2,16
84544,50082,21777,1,34.25,2024-07-17 22:32:00+00:00,Unknown,34.25,2024,7,17
84123,50344,21344,1,49.99,2025-01-22 21:40:41+00:00,Unknown,49.99,2025,1,22
78905,48539,21969,1,54.25,2025-02-12 21:45:40+00:00,Unknown,54.25,2025,2,12
79138,49534,21333,1,71.0,2025-04-08 17:49:00+00:00,Unknown,71.0,2025,4,8
80238,50448,21798,1,66.0,2025-03-28 01:18:00+00:00,Unknown,66.0,2025,3,28
77752,50947,21562,1,41.7,2025-05-17 23:19:00+00:00,"Apt. 640 963 Ronni Skyway, Nigelview, FL 55519-4938",41.7,2025,5,17
83018,49751,21393,1,56.5,2024-04-01 06:32:34+00:00,Unknown,56.5,2024,4,1
77647,48686,21737,1,21.25,2024-09-03 11:07:19+00:00,"24205 Ledner Glen, Lorenaland, NJ 53567",21.25,2024,9,3
85531,49571,21386,1,48.75,2025-04-23 18:53:41+00:00,Unknown,48.75,2025,4,23
81547,48848,22037,1,28.0,2024-07-01 22:08:30+00:00,"Apt. 531 6169 Brandee Locks, Brakusfort, KY 37295-5476",28.0,2024,7,1
80998,49032,21530,3,51.5,2024-11-11 13:40:00+00:00,Unknown,154.5,2024,11,11
85845,49629,21337,4,37.25,2024-10-08 23:41:00+00:00,"Apt. 935 682 Davis Extensions, Fannymouth, KY 04568",149.0,2024,10,8
85772,51038,21797,1,20.75,2025-02-28 16:10:42+00:00,Unknown,20.75,2025,2,28
78013,48323,21812,1,48.5,2024-11-16 10:20:38+00:00,Unknown,48.5,2024,11,16
78256,49783,21904,3,45.75,2025-03-10 05:44:36+00:00,"Apt. 856 44663 Haydee Villages, Cortezfurt, MA 39618-1688",137.25,2025,3,10
82074,50416,21795,2,36.75,2025-07-20 08:54:18+00:00,Unknown,73.5,2025,7,20
78338,50244,21389,1,66.6,2025-07-07 16:54:34+00:00,Unknown,66.6,2025,7,7
86328,50630,21484,2,18.9,2024-12-13 17:32:25+00:00,Unknown,37.8,2024,12,13
85513,48895,21315,1,85.2,2025-06-24 16:38:21+00:00,Unknown,85.2,2025,6,24
84078,50734,22056,1,27.9,2025-01-30 14:53:30+00:00,Unknown,27.9,2025,1,30
84713,50176,21409,1,63.5,2024-10-31 00:16:59+00:00,Unknown,63.5,2024,10,31
84688,48844,22053,1,56.5,2025-09-22 15:09:06+00:00,"Suite 753 63621 Fahey Street, Port Kenethview, IN 19012-1628",56.5,2025,9,22
82013,49692,21790,1,68.0,2025-03-15 15:06:00+00:00,"91386 Bailey Spur, Teofilaland, RI 07803-5039",68.0,2025,3,15
80484,49207,21338,3,38.75,2024-09-12 20:12:00+00:00,"249 Isaura Cape, Kreigerhaven, HI 72811-9706",116.25,2024,9,12
83423,49118,21390,1,47.0,2024-10-18 07:53:09+00:00,Unknown,47.0,2024,10,18
78495,48565,21370,2,62.5,2025-07-06 02:31:29+00:00,Unknown,125.0,2025,7,6
81633,48861,21354,1,64.2,2024-12-14 18:39:44+00:00,"Suite 809 6479 McClure Forges, Eugeneburgh, IA 76155",64.2,2024,12,14
79017,49626,22049,2,30.99,2024-08-30 09:32:48+00:00,Unknown,61.98,2024,8,30
84987,50148,21955,1,52.0,2024-08-29 03:37:28+00:00,"Suite 742 5376 Harris Terrace, Prohaskaview, NY 44026-1225",52.0,2024,8,29
85627,48806,21717,1,33.5,2024-11-03 07:03:06+00:00,Unknown,33.5,2024,11,3
81277,48634,21378,1,34.25,2024-08-25 23:44:44+00:00,"541 Pamelia Ville, Ernieton, IL 29284-0456",34.25,2024,8,25
85988,48328,21720,1,25.5,2024-12-24 03:51:16+00:00,Unknown,25.5,2024,12,24
78597,49445,21372,1,38.75,2024-07-25 23:24:39.871000+00:00,Unknown,38.75,2024,7,25
79032,48344,21877,1,75.0,2024-10-23 17:39:00+00:00,Unknown,75.0,2024,10,23
81405,49762,21901,1,62.99,2025-07-31 14:41:00+00:00,Unknown,62.99,2025,7,31
85793,48430,21747,4,32.5,2025-01-15 14:59:45+00:00,"328 Buckridge Hollow, New Shirleyberg, MI 66027-1958",130.0,2025,1,15
82078,47822,21422,2,15.3,2024-09-24 16:08:33+00:00,Unknown,30.6,2024,9,24
85426,49999,21714,4,51.3,2024-12-25 18:54:23+00:00,"Suite 362 66022 Peggie Burg, Port Mattieport, IA 97339-4561",205.2,2024,12,25
83440,48596,21471,1,25.2,2024-05-19 20:53:55+00:00,Unknown,25.2,2024,5,19
83711,48517,21947,2,60.75,2024-05-28 04:14:44+00:00,Unknown,121.5,2024,5,28
77863,49639,22046,1,58.5,2025-07-13 08:52:00+00:00,Unknown,58.5,2025,7,13
81750,49293,22021,1,15.5,2024-08-29 16:32:26+00:00,"6958 Dietrich Valley, New Rhettbury, NH 05494-6957",15.5,2024,8,29
85249,49582,21709,1,50.25,2025-03-06 17:45:00+00:00,Unknown,50.25,2025,3,6
80602,49566,21749,3,73.25,2025-02-19 22:58:51+00:00,Unknown,219.75,2025,2,19
78131,50443,22024,3,88.8,2024-07-25 22:23:13+00:00,Unknown,266.4,2024,7,25
84909,50180,21331,1,42.99,2024-12-19 18:52:45+00:00,"Apt. 465 940 Luettgen Ford, Port Man, AZ 60841",42.99,2024,12,19
84942,48525,21388,5,21.59,2024-10-06 05:17:25+00:00,Unknown,107.95,2024,10,6
79656,50732,21967,1,42.0,2024-12-16 01:41:00+00:00,"Apt. 450 69390 Zboncak Lodge, North Malkabury, NE 83529-4080",42.0,2024,12,16
81775,49682,21807,1,30.75,2024-10-06 18:46:00+00:00,Unknown,30.75,2024,10,6
78872,49313,21724,1,17.0,2025-02-22 20:05:05+00:00,Unknown,17.0,2025,2,22
84655,48463,21636,1,17.0,2025-08-04 01:36:29+00:00,Unknown,17.0,2025,8,4
83618,47720,21552,5,68.0,2024-12-25 07:52:28+00:00,Unknown,340.0,2024,12,25
84821,50284,21393,1,69.0,2024-09-13 10:55:31+00:00,"Apt. 668 822 Alexis Prairie, Kunzemouth, PA 54891-5574",69.0,2024,9,13
81477,49905,21936,5,16.0,2024-09-18 21:28:54+00:00,Unknown,80.0,2024,9,18
86428,48211,21924,1,64.2,2025-02-07 22:13:28+00:00,"Apt. 194 217 Pfeffer Route, Port Stacyland, SC 14402",64.2,2025,2,7
82121,48356,21955,1,54.25,2025-06-14 07:08:46+00:00,Unknown,54.25,2025,6,14
81995,49369,21731,1,46.25,2024-11-27 04:20:00+00:00,"Suite 498 2647 Sanford Key, East Earle, WI 77108-1277",46.25,2024,11,27
78279,47825,21467,1,46.0,2025-01-06 05:04:40+00:00,Unknown,46.0,2025,1,6
83413,49629,21560,1,20.4,2024-10-03 22:27:17+00:00,Unknown,20.4,2024,10,3
81431,48900,21542,2,31.99,2025-01-27 06:24:00+00:00,Unknown,63.98,2025,1,27
84955,49721,21486,2,22.0,2024-09-27 18:31:00+00:00,Unknown,44.0,2024,9,27
78215,47985,21799,1,37.2,2024-10-16 23:46:04+00:00,Unknown,37.2,2024,10,16
84212,50923,21459,1,41.0,2024-08-15 09:24:51+00:00,Unknown,41.0,2024,8,15
84010,48499,22055,1,50.5,2025-01-07 01:26:15.825000+00:00,Unknown,50.5,2025,1,7
79391,50577,21447,1,48.5,2024-09-28 01:49:13+00:00,Unknown,48.5,2024,9,28
81236,48214,21407,1,61.0,2025-04-26 19:38:00+00:00,Unknown,61.0,2025,4,26
83436,48123,21647,1,49.5,2024-09-05 03:37:51+00:00,Unknown,49.5,2024,9,5
82373,49379,21684,3,55.5,2025-01-11 09:39:00+00:00,Unknown,166.5,2025,1,11
78349,48536,21300,1,39.75,2024-06-29 06:02:00+00:00,Unknown,39.75,2024,6,29
82878,50647,21520,1,17.0,2025-05-06 16:22:00+00:00,Unknown,17.0,2025,5,6
80960,50751,22056,1,18.0,2024-09-18 23:06:57+00:00,"92251 Hamill Knoll, New Deonna, NY 49247",18.0,2024,9,18
77992,50051,21637,1,60.6,2024-10-24 17:18:05+00:00,Unknown,60.6,2024,10,24
86027,50773,22049,2,28.0,2024-12-25 23:53:05+00:00,"162 Mose Place, North Taylor, PA 06717",56.0,2024,12,25
78499,48097,21879,5,54.0,2024-07-04 14:15:37+00:00,Unknown,270.0,2024,7,4
81109,49579,21483,1,58.0,2025-01-22 02:18:58+00:00,"146 Bartoletti Ford, East Alvarohaven, WA 64997",58.0,2025,1,22
83358,49081,22032,2,46.8,2024-11-04 00:53:00+00:00,Unknown,93.6,2024,11,4
79635,49824,21757,4,23.4,2024-10-27 13:14:00+00:00,Unknown,93.6,2024,10,27
78846,50006,21592,1,74.4,2025-01-22 16:55:00+00:00,Unknown,74.4,2025,1,22
82757,48384,21554,1,66.25,2025-02-24 10:53:00+00:00,"9235 Spencer Shore, Dionnechester, VA 50033",66.25,2025,2,24
84050,48346,21654,3,44.0,2024-09-16 16:00:20+00:00,Unknown,132.0,2024,9,16
79349,49062,21738,4,41.5,2024-04-21 18:52:00+00:00,"612 Denis Haven, Natishachester, NV 39557-0543",166.0,2024,4,21
80652,47859,21947,1,77.7,2024-08-28 13:42:00+00:00,Unknown,77.7,2024,8,28
78184,49078,21627,1,68.0,2024-12-02 17:59:00+00:00,Unknown,68.0,2024,12,2
82839,47928,21640,2,40.0,2025-01-30 11:56:00.739000+00:00,Unknown,80.0,2025,1,30
85425,50249,21574,2,47.0,2024-06-22 11:03:39+00:00,"Apt. 194 1858 Darryl Gardens, Bayerville, PA 50407-1901",94.0,2024,6,22
81663,49324,22051,1,29.5,2025-08-27 08:03:22+00:00,Unknown,29.5,2025,8,27
79185,48712,21633,1,40.8,2025-02-23 13:50:00+00:00,"Apt. 953 2735 Sal Valley, Stantonmouth, IN 37693-5372",40.8,2025,2,23
78913,49410,21880,1,45.59,2024-10-28 07:04:12+00:00,Unknown,45.59,2024,10,28
79089,48940,21680,2,50.75,2024-10-01 18:24:03+00:00,Unknown,101.5,2024,10,1
81168,47983,21852,2,45.25,2024-02-25 13:43:17+00:00,Unknown,90.5,2024,2,25
84692,48461,21760,1,69.99,2025-05-11 05:37:25+00:00,Unknown,69.99,2025,5,11
79929,50930,21333,1,70.99,2024-08-29 12:41:13+00:00,Unknown,70.99,2024,8,29
79176,47956,21927,1,40.8,2024-08-12 06:09:13+00:00,"8678 Sporer Island, Stantonside, GA 61834",40.8,2024,8,12
85004,48692,21727,1,16.0,2025-01-28 13:34:34+00:00,Unknown,16.0,2025,1,28
83159,48891,21665,1,73.5,2024-07-07 10:01:05+00:00,Unknown,73.5,2024,7,7
79585,48900,21384,1,49.0,2025-03-13 20:22:00+00:00,Unknown,49.0,2025,3,13
81204,49687,22002,1,80.4,2024-12-31 07:47:20+00:00,Unknown,80.4,2024,12,31
82372,48596,21638,4,57.59,2024-12-24 05:34:32+00:00,Unknown,230.36,2024,12,24
79838,48349,21456,4,80.4,2024-12-31 15:00:38+00:00,Unknown,321.6,2024,12,31
83213,48817,21710,3,70.0,2025-06-27 10:59:20+00:00,Unknown,210.0,2025,6,27
86038,49707,21653,2,34.0,2024-12-26 02:44:32+00:00,Unknown,68.0,2024,12,26
78324,47907,21505,1,42.0,2025-01-01 23:31:20+00:00,"4144 Moore Highway, Venicestad, MT 39430",42.0,2025,1,1
78483,49066,21550,1,70.0,2025-08-05 09:32:11+00:00,Unknown,70.0,2025,8,5
84606,49943,21765,1,22.5,2024-07-22 03:17:44+00:00,"Apt. 558 564 Hipolito Station, Nikolaushaven, KY 12949",22.5,2024,7,22
82303,49084,21601,1,57.0,2025-02-09 17:29:57+00:00,Unknown,57.0,2025,2,9
83559,48639,21626,2,34.75,2025-03-14 14:49:00+00:00,Unknown,69.5,2025,3,14
81933,47895,21555,1,47.75,2024-10-19 15:50:53+00:00,"58882 Dare Village, New Coy, AK 91053",47.75,2024,10,19
82042,49038,21973,3,70.5,2024-07-12 17:18:27+00:00,"Suite 993 4178 Fay Mall, Rudolfville, MO 01657-1193",211.5,2024,7,12
80264,48728,21578,1,20.0,2025-01-13 16:00:59.345000+00:00,"Suite 669 63203 Cedric Mountain, Kemmerville, NJ 01062",20.0,2025,1,13
84151,50628,21426,1,77.1,2024-09-16 00:19:00+00:00,Unknown,77.1,2024,9,16
79911,47826,21518,1,44.0,2025-03-28 18:43:00+00:00,Unknown,44.0,2025,3,28
83741,49014,21943,1,70.99,2024-09-07 09:36:24+00:00,"Apt. 624 887 Rosa Lane, North Ed, RI 86339",70.99,2024,9,7
79944,50686,21796,3,31.0,2025-04-19 07:19:00+00:00,Unknown,93.0,2025,4,19
79954,50306,21546,1,48.0,2024-08-20 02:55:29.982000+00:00,Unknown,48.0,2024,8,20
81344,49543,21620,2,34.99,2024-10-25 18:24:00+00:00,"Apt. 917 6627 Armstrong Forge, West Abrahambury, LA 47576-7509",69.98,2024,10,25
79242,48693,21845,3,83.1,2025-01-09 20:45:00+00:00,"60036 Bryant Key, New See, OR 98217-7162",249.3,2025,1,9
84185,50569,21604,1,86.39,2025-02-13 00:49:05+00:00,"Suite 880 2340 Doyle Greens, West Mitsukoburgh, MT 35485",86.39,2025,2,13
78998,48096,21744,1,54.99,2025-06-27 09:36:00+00:00,Unknown,54.99,2025,6,27
79872,50156,21775,1,65.99,2024-07-17 22:24:22+00:00,"Suite 487 22361 Ziemann Mount, New Jamarton, MT 44091-4800",65.99,2024,7,17
84436,48464,22004,2,71.0,2024-09-12 15:22:42.624000+00:00,Unknown,142.0,2024,9,12
79273,47904,21351,1,44.7,2025-04-23 17:10:00+00:00,Unknown,44.7,2025,4,23
80442,49448,21845,1,85.5,2024-10-27 19:59:59+00:00,Unknown,85.5,2024,10,27
85244,47988,21695,1,87.0,2025-03-23 00:06:06+00:00,Unknown,87.0,2025,3,23
77650,48328,22055,1,54.0,2024-10-15 06:50:31+00:00,Unknown,54.0,2024,10,15
82299,49981,21748,1,23.0,2025-05-08 11:49:34+00:00,Unknown,23.0,2025,5,8
83578,49002,21618,1,45.5,2025-04-29 14:04:29+00:00,Unknown,45.5,2025,4,29
82877,49348,22013,1,44.0,2024-10-20 17:34:00+00:00,Unknown,44.0,2024,10,20
85446,49978,21923,1,21.3,2024-11-13 12:14:05+00:00,Unknown,21.3,2024,11,13
78066,49098,21929,1,58.75,2024-08-16 09:17:00+00:00,"Apt. 794 879 Erich Fields, Emersonshire, DE 29478",58.75,2024,8,16
77720,48139,21915,1,42.6,2025-02-03 01:58:00+00:00,"851 McLaughlin Crossroad, Kleinfurt, IN 09478",42.6,2025,2,3
83542,51048,21788,3,24.0,2024-11-13 01:52:26+00:00,Unknown,72.0,2024,11,13
84725,50584,21860,1,43.0,2025-05-03 05:08:45+00:00,"Apt. 492 51959 Michiko Row, Barrettfurt, CA 40658-5318",43.0,2025,5,3
79173,50117,21854,3,63.99,2024-05-21 21:32:07+00:00,"579 Mayer Crest, New Bernice, NV 15060-0293",191.97,2024,5,21
78242,48458,21533,1,53.5,2024-09-28 14:44:19+00:00,Unknown,53.5,2024,9,28
77675,48649,21365,3,36.0,2025-01-13 13:21:04+00:00,Unknown,108.0,2025,1,13
78700,48495,21684,1,60.25,2024-09-25 09:54:00+00:00,Unknown,60.25,2024,9,25
84523,50396,21850,1,60.25,2024-06-22 04:14:02+00:00,Unknown,60.25,2024,6,22
82986,48745,21588,1,75.9,2024-07-31 19:34:05+00:00,Unknown,75.9,2024,7,31
83388,50718,21627,1,72.25,2025-01-31 10:09:38.816000+00:00,Unknown,72.25,2025,1,31
83673,47999,21563,1,87.59,2024-12-04 14:07:00+00:00,"957 Kathey Cape, Murrayview, ME 23512-4859",87.59,2024,12,4
79989,47826,21779,2,43.8,2024-09-06 13:59:44+00:00,Unknown,87.6,2024,9,6
78669,49429,21541,2,36.5,2024-08-15 02:37:24+00:00,"Apt. 855 48825 Nettie Via, Kuvalischester, ND 06992",73.0,2024,8,15
86369,50053,21912,1,65.0,2025-04-23 07:57:00+00:00,Unknown,65.0,2025,4,23
85714,49710,21597,1,65.75,2024-12-20 06:02:55+00:00,Unknown,65.75,2024,12,20
79436,49908,21699,1,21.0,2024-07-03 02:48:24.506000+00:00,Unknown,21.0,2024,7,3
81707,47784,21800,1,34.0,2024-10-20 19:03:51+00:00,Unknown,34.0,2024,10,20
81041,49079,21438,1,25.2,2025-04-25 07:04:00+00:00,Unknown,25.2,2025,4,25
84213,48915,21517,2,63.5,2024-09-04 11:55:00+00:00,Unknown,127.0,2024,9,4
84868,48193,21750,1,37.2,2025-07-28 12:43:18.868000+00:00,Unknown,37.2,2025,7,28
79870,50675,21572,1,67.5,2024-10-28 17:23:39.762000+00:00,Unknown,67.5,2024,10,28
80141,49968,21357,1,30.0,2024-07-27 04:34:00+00:00,Unknown,30.0,2024,7,27
83228,49202,21705,1,75.6,2025-03-09 00:12:41+00:00,"Apt. 655 6139 Lesley Stravenue, Runtebury, CT 50240-2726",75.6,2025,3,9
82467,50425,21700,1,51.6,2025-02-07 00:11:29+00:00,"Apt. 687 3527 Rosenbaum Stravenue, Morarmouth, SD 04680",51.6,2025,2,7
81607,48973,21782,1,64.8,2025-03-14 06:32:51+00:00,Unknown,64.8,2025,3,14
84904,50859,21453,1,57.99,2024-04-10 20:39:00+00:00,Unknown,57.99,2024,4,10
80178,48369,21549,1,35.4,2025-04-01 11:29:16+00:00,Unknown,35.4,2025,4,1
81644,49576,21976,1,30.0,2025-01-16 21:24:14+00:00,Unknown,30.0,2025,1,16
83375,48164,21530,1,53.75,2025-04-04 17:48:32+00:00,Unknown,53.75,2025,4,4
79331,50539,22053,1,55.0,2025-06-05 04:17:36+00:00,Unknown,55.0,2025,6,5
81042,50070,21599,1,58.75,2025-02-03 04:07:49+00:00,"Suite 502 837 Gleason Spring, Dickensville, AR 82975",58.75,2025,2,3
82619,49524,21864,1,73.75,2025-05-04 20:59:37+00:00,Unknown,73.75,2025,5,4
86336,48380,21796,5,39.59,2025-02-04 16:24:45+00:00,Unknown,197.95,2025,2,4
79412,47889,21425,2,32.25,2025-05-29 13:46:29+00:00,Unknown,64.5,2025,5,29
80686,50808,21340,1,62.39,2025-07-23 08:09:27+00:00,"878 Bernie Square, Marvinstad, AK 49250",62.39,2025,7,23
81526,49056,22055,1,53.0,2025-02-17 00:35:44.040000+00:00,"Suite 493 3342 Hermiston Harbor, Metzfort, TN 48404",53.0,2025,2,17
83863,49156,21305,2,35.1,2024-12-01 11:59:00+00:00,"Suite 432 4251 Homer Camp, Emmafurt, FL 40965",70.2,2024,12,1
81186,50058,21529,1,17.0,2024-08-25 05:38:05+00:00,"Apt. 229 32718 Felipe Harbors, East Myleshaven, MI 15957",17.0,2024,8,25
80198,49429,21579,2,84.6,2024-11-02 23:25:36+00:00,"Apt. 855 48825 Nettie Via, Kuvalischester, ND 06992",169.2,2024,11,2
83223,51114,21993,4,48.25,2025-01-22 23:49:00+00:00,Unknown,193.0,2025,1,22
82484,49515,21404,1,27.3,2024-09-18 13:33:00+00:00,Unknown,27.3,2024,9,18
79827,48086,21610,3,52.0,2025-03-07 20:05:00+00:00,Unknown,156.0,2025,3,7
85113,48822,21393,1,68.1,2024-11-17 06:26:16+00:00,Unknown,68.1,2024,11,17
78766,48280,22026,5,58.5,2024-08-28 08:32:44+00:00,Unknown,292.5,2024,8,28
83600,50604,21545,1,28.0,2024-12-21 17:30:07+00:00,"Apt. 599 11579 Farah Brooks, Catriceside, AL 98839-0677",28.0,2024,12,21
78988,50190,21632,1,85.2,2024-11-03 15:39:39+00:00,Unknown,85.2,2024,11,3
85431,48807,22016,1,53.0,2025-02-24 09:04:36+00:00,"Suite 992 81122 Hodkiewicz Well, West Vergietown, MN 94841",53.0,2025,2,24
84315,49743,21855,1,56.99,2024-10-30 15:00:00+00:00,Unknown,56.99,2024,10,30
81167,48917,21738,1,43.99,2025-06-14 13:25:00+00:00,"Suite 525 91868 Travis Ports, New Alisha, WA 09292-1008",43.99,2025,6,14
80702,50644,21837,1,61.75,2024-10-14 20:04:51.006000+00:00,Unknown,61.75,2024,10,14
82793,47918,21551,1,19.0,2025-05-18 09:57:03.460000+00:00,"56689 Morgan Oval, West Todburgh, ID 82464-7304",19.0,2025,5,18
78983,49835,21957,1,59.25,2025-03-11 04:18:00+00:00,Unknown,59.25,2025,3,11
85813,48032,22036,2,44.75,2024-12-05 01:49:28+00:00,Unknown,89.5,2024,12,5
82995,49541,21507,1,45.9,2024-08-28 00:35:30+00:00,Unknown,45.9,2024,8,28
85672,50350,21496,1,67.0,2024-06-27 05:14:48.723000+00:00,Unknown,67.0,2024,6,27
83374,48415,21396,1,66.6,2025-01-19 11:27:00+00:00,"Suite 630 1959 Tanya Fall, Port Donashire, NC 87039",66.6,2025,1,19
86187,49341,22052,2,29.99,2024-12-23 06:04:00+00:00,Unknown,59.98,2024,12,23
80618,48295,21891,1,66.25,2024-12-05 08:06:07+00:00,Unknown,66.25,2024,12,5
84129,49693,21324,4,30.0,2025-06-01 23:26:00+00:00,Unknown,120.0,2025,6,1
80893,47746,21738,1,44.0,2024-10-19 05:14:16+00:00,Unknown,44.0,2024,10,19
84977,48367,21598,1,23.1,2024-08-20 16:03:38+00:00,"7124 Errol Loop, Robelbury, IN 15807-5202",23.1,2024,8,20
78387,49967,21684,1,60.0,2024-04-17 16:00:00+00:00,"Apt. 728 74750 Rosenbaum Knoll, Murphyland, OR 09067-7581",60.0,2024,4,17
83343,49886,21391,3,66.0,2024-08-04 22:29:01+00:00,"Apt. 499 351 Artie Port, Patiencefort, CA 28855",198.0,2024,8,4
78778,49034,21443,1,27.6,2025-02-10 23:31:24+00:00,Unknown,27.6,2025,2,10
81455,48961,21690,3,37.75,2024-10-02 13:01:59+00:00,Unknown,113.25,2024,10,2
80711,49299,21450,2,30.75,2024-09-30 20:27:01.086000+00:00,Unknown,61.5,2024,9,30
79300,50873,21546,1,55.2,2025-07-03 05:13:00+00:00,"Apt. 790 942 Gaston Lights, South Shaquitaberg, MD 71153",55.2,2025,7,3
83386,50640,21324,1,27.0,2024-09-04 12:30:35+00:00,"604 Bechtelar Meadows, Sudiefort, CT 85757",27.0,2024,9,4
78084,48352,21658,1,54.5,2024-11-06 05:36:20+00:00,Unknown,54.5,2024,11,6
84478,50651,21892,1,24.75,2024-10-05 05:39:00+00:00,Unknown,24.75,2024,10,5
83873,48276,21323,1,47.5,2025-03-20 22:49:23+00:00,Unknown,47.5,2025,3,20
82187,48102,21452,3,69.0,2025-01-16 03:51:05+00:00,Unknown,207.0,2025,1,16
80555,51067,22056,1,21.75,2025-05-31 07:17:00+00:00,Unknown,21.75,2025,5,31
85494,49394,21495,2,62.39,2024-11-10 17:53:41+00:00,Unknown,124.78,2024,11,10
78683,50944,21585,1,63.5,2024-07-31 16:05:51.450000+00:00,Unknown,63.5,2024,7,31
85910,50787,21323,1,56.7,2024-08-06 14:11:41+00:00,Unknown,56.7,2024,8,6
82432,49752,21655,3,14.5,2024-10-14 04:16:41+00:00,"Suite 712 70652 Katia Port, South Brianaberg, NM 52533",43.5,2024,10,14
82779,49975,21381,1,29.4,2025-04-22 18:51:16+00:00,Unknown,29.4,2025,4,22
78019,48362,21518,1,42.0,2024-05-07 10:36:55+00:00,Unknown,42.0,2024,5,7
81371,47695,21587,5,69.0,2025-01-26 09:55:46+00:00,Unknown,345.0,2025,1,26
82504,48706,21652,1,59.25,2024-02-24 12:47:33.183000+00:00,Unknown,59.25,2024,2,24
82405,50894,22037,2,33.6,2024-05-07 20:54:04+00:00,Unknown,67.2,2024,5,7
78681,51013,21425,1,34.5,2025-03-12 11:45:00+00:00,Unknown,34.5,2025,3,12
79081,49539,21398,1,31.99,2024-11-20 11:49:10+00:00,Unknown,31.99,2024,11,20
83507,49211,21862,1,66.0,2025-02-10 14:00:48+00:00,Unknown,66.0,2025,2,10
81701,49473,21441,1,26.0,2025-01-20 16:39:22+00:00,Unknown,26.0,2025,1,20
80757,48263,21581,1,44.5,2025-04-17 04:11:00+00:00,"519 McClure Skyway, South Ottoview, DE 41110",44.5,2025,4,17
79428,48085,21424,1,68.5,2024-11-09 17:36:25+00:00,"576 Boehm Wall, Jaspershire, MT 64985",68.5,2024,11,9
80828,50966,22052,1,24.5,2024-11-14 15:47:39+00:00,"Suite 643 894 Cole Estates, New Levi, DE 84511",24.5,2024,11,14
78179,50621,21426,3,66.99,2024-12-11 14:05:00+00:00,Unknown,200.97,2024,12,11
80334,49122,21843,2,75.3,2025-02-04 05:23:01+00:00,"519 Norbert Ridges, East Vivienneborough, TN 60637",150.6,2025,2,4
83812,48442,21644,1,36.0,2024-07-20 10:41:10+00:00,"Suite 685 87307 Kemmer Cliffs, Eunaville, SD 68250-6135",36.0,2024,7,20
82705,51111,21887,4,35.75,2025-02-05 04:04:15+00:00,Unknown,143.0,2025,2,5
82446,48290,22050,2,72.99,2024-12-11 23:25:25+00:00,"1040 Cristobal Skyway, New Shaunnashire, CA 50987-8527",145.98,2024,12,11
82598,48958,21425,4,35.99,2024-03-22 22:58:00+00:00,Unknown,143.96,2024,3,22
77633,47757,22007,1,55.8,2024-04-03 15:39:00+00:00,Unknown,55.8,2024,4,3
78601,50419,22025,1,59.0,2025-02-03 20:34:55+00:00,"Apt. 923 7762 Botsford Mountain, Port Milanside, UT 35281",59.0,2025,2,3
78173,50642,21543,1,60.0,2024-12-17 18:07:51+00:00,Unknown,60.0,2024,12,17
83430,50055,21655,2,18.6,2025-01-16 22:30:18+00:00,Unknown,37.2,2025,1,16
85995,47753,22033,2,47.5,2025-04-05 03:00:19+00:00,"Apt. 822 86901 Pura Mountain, South Shizuemouth, IL 94433-4374",95.0,2025,4,5
78493,50221,21362,1,22.0,2024-05-09 21:22:00+00:00,Unknown,22.0,2024,5,9
82649,47969,21602,1,76.2,2024-12-23 19:07:00+00:00,Unknown,76.2,2024,12,23
80713,48895,21896,1,21.5,2025-07-30 20:07:24+00:00,Unknown,21.5,2025,7,30
77871,48417,21760,5,68.0,2025-03-23 14:46:00+00:00,Unknown,340.0,2025,3,23
80949,50205,21704,1,61.19,2024-06-27 06:08:14+00:00,Unknown,61.19,2024,6,27
78429,50551,21476,1,37.25,2025-03-04 22:48:48+00:00,Unknown,37.25,2025,3,4
78075,51026,21693,5,72.5,2025-06-21 14:16:16+00:00,Unknown,362.5,2025,6,21
84059,48534,21658,2,69.0,2024-12-03 11:05:16+00:00,Unknown,138.0,2024,12,3
84290,47952,21587,4,72.75,2024-12-19 15:23:00+00:00,Unknown,291.0,2024,12,19
81171,51057,21904,1,44.25,2025-02-20 06:13:38+00:00,Unknown,44.25,2025,2,20
77760,49830,21857,1,20.7,2024-10-29 15:09:32+00:00,Unknown,20.7,2024,10,29
83060,49963,21440,1,25.75,2025-02-13 07:32:24+00:00,Unknown,25.75,2025,2,13
85573,49902,21446,1,13.0,2024-11-30 10:47:00+00:00,Unknown,13.0,2024,11,30
79127,48759,21305,2,28.5,2024-06-15 01:12:39+00:00,"Suite 646 79746 Leroy Flat, Port Paulette, WA 62767",57.0,2024,6,15
80020,48235,21701,5,59.4,2024-09-06 23:27:54+00:00,Unknown,297.0,2024,9,6
82452,49235,21903,1,38.0,2025-01-22 01:52:00+00:00,Unknown,38.0,2025,1,22
78233,49153,21755,2,25.2,2024-12-01 09:05:46+00:00,Unknown,50.4,2024,12,1
82958,49198,21490,2,63.5,2024-09-18 08:15:48+00:00,"Apt. 178 666 Marcos Mission, West Rhiannonchester, OH 17104",127.0,2024,9,18
86147,47709,21725,1,43.5,2025-06-24 06:20:00+00:00,"51916 Elvis Mews, Desireborough, MI 05965",43.5,2025,6,24
80778,49569,21818,5,27.6,2025-02-17 02:04:00+00:00,Unknown,138.0,2025,2,17
82208,50060,21920,1,23.5,2025-01-14 07:01:11+00:00,"446 Noah Ville, South Fausto, CT 70407-9511",23.5,2025,1,14
85479,48008,21548,2,37.5,2024-08-16 18:15:42+00:00,Unknown,75.0,2024,8,16
79731,48748,21445,3,14.25,2025-03-14 08:24:56.344000+00:00,Unknown,42.75,2025,3,14
83770,50989,21507,1,35.25,2025-01-07 02:44:00+00:00,"2859 Gleason Cliffs, North Eugeniomouth, ID 62801-4791",35.25,2025,1,7
81604,49305,21347,4,36.0,2025-04-27 04:15:17+00:00,Unknown,144.0,2025,4,27
77754,49061,21401,4,36.6,2025-03-18 12:06:00+00:00,Unknown,146.4,2025,3,18
83493,48764,21628,1,46.0,2025-03-12 14:12:16+00:00,Unknown,46.0,2025,3,12
80310,50774,21625,5,20.7,2024-07-05 13:28:56+00:00,Unknown,103.5,2024,7,5
85433,50021,21434,1,30.5,2024-10-03 06:53:12+00:00,Unknown,30.5,2024,10,3
83356,47755,21629,1,45.0,2025-07-03 17:07:07+00:00,"2654 Elvia Flats, Port Catina, ND 49136-7056",45.0,2025,7,3
82050,50773,21861,1,38.5,2024-12-18 01:56:00+00:00,Unknown,38.5,2024,12,18
85268,49736,21611,2,50.25,2025-02-20 18:17:36+00:00,Unknown,100.5,2025,2,20
82577,48721,21814,1,41.0,2024-12-16 03:57:28.246000+00:00,Unknown,41.0,2024,12,16
77758,49128,21609,1,83.4,2024-05-08 07:41:20+00:00,"Apt. 443 952 Tromp Vista, Stacyfort, NE 68350",83.4,2024,5,8
81365,50200,21499,1,52.0,2025-02-14 05:33:00+00:00,Unknown,52.0,2025,2,14
80378,48120,21905,1,31.8,2024-07-01 06:33:59+00:00,Unknown,31.8,2024,7,1
83234,48987,21507,2,40.99,2024-12-06 19:11:23+00:00,Unknown,81.98,2024,12,6
84660,50880,21617,2,31.8,2024-10-08 10:20:11+00:00,"847 Sanda Village, Lake Velva, AR 22074",63.6,2024,10,8
85036,49870,21927,1,37.99,2024-07-23 04:49:53+00:00,"Suite 692 4051 Powlowski Prairie, South Pasty, DE 06514",37.99,2024,7,23
81014,49855,21350,1,34.75,2024-06-27 22:40:53+00:00,Unknown,34.75,2024,6,27
82640,49837,21398,1,36.0,2024-10-18 11:14:29+00:00,"Suite 983 2009 Heathcote Squares, Port Raeann, MD 86113-1894",36.0,2024,10,18
84279,49807,21629,1,42.0,2024-08-12 12:49:00+00:00,"Apt. 579 712 Wiegand Land, New Zelmafort, DE 12957-0037",42.0,2024,8,12
81694,47796,21802,3,54.0,2024-12-22 21:42:43+00:00,"Apt. 853 163 Reilly Flat, Vincentmouth, NY 21622-6154",162.0,2024,12,22
82328,48641,21667,1,66.0,2024-06-24 04:41:58+00:00,Unknown,66.0,2024,6,24
81461,48483,21622,1,47.99,2025-05-23 23:25:36+00:00,"Apt. 959 77033 Mayert Neck, Flatleyborough, SC 59504",47.99,2025,5,23
82700,50463,22012,1,72.6,2024-09-24 10:33:51+00:00,Unknown,72.6,2024,9,24
80953,49618,21318,1,27.0,2024-09-05 02:07:04+00:00,Unknown,27.0,2024,9,5
83623,51048,21435,1,35.75,2025-03-01 12:24:00+00:00,"88934 Bechtelar Crossroad, Port Lisette, HI 10313",35.75,2025,3,1
82203,49986,21945,1,13.99,2024-12-15 19:17:34+00:00,"Suite 353 98935 Vivien Highway, Dooleyborough, WV 80254-3648",13.99,2024,12,15
85572,50691,21957,1,68.4,2025-03-08 06:52:00+00:00,Unknown,68.4,2025,3,8
84996,48586,21582,1,62.0,2024-05-23 00:13:00+00:00,"Apt. 197 47567 Nicolas Mews, Stantonmouth, WA 22375-4175",62.0,2024,5,23
79474,50159,21807,4,31.5,2024-12-27 00:22:14+00:00,Unknown,126.0,2024,12,27
81133,48842,21648,1,22.25,2024-06-20 07:39:17+00:00,Unknown,22.25,2024,6,20
82017,50058,21865,2,67.5,2024-12-19 16:23:23+00:00,Unknown,135.0,2024,12,19
77655,48855,21349,1,77.4,2024-12-07 10:04:56+00:00,Unknown,77.4,2024,12,7
83491,47739,21379,1,30.9,2025-05-05 16:19:00+00:00,Unknown,30.9,2025,5,5
83102,50853,22029,1,68.5,2024-02-08 23:23:28+00:00,Unknown,68.5,2024,2,8
81528,48656,21480,1,51.25,2024-09-09 15:15:04+00:00,"33679 Corrine Vista, North Elliott, DE 83059-3440",51.25,2024,9,9
80220,49755,21306,1,57.6,2025-02-20 04:01:38+00:00,"Suite 703 29390 Bashirian Radial, Eboniehaven, AL 24390-5983",57.6,2025,2,20
84400,49532,21439,1,47.7,2024-08-12 11:45:39+00:00,"Apt. 191 61129 Sawayn Crest, Maximoberg, VT 27156-0286",47.7,2024,8,12
84402,50102,21925,1,30.5,2025-07-03 21:11:00+00:00,Unknown,30.5,2025,7,3
86477,48154,21932,1,29.4,2025-04-05 16:01:14+00:00,Unknown,29.4,2025,4,5
78497,48225,21962,1,75.6,2024-12-25 15:44:26+00:00,Unknown,75.6,2024,12,25
78950,48131,21610,1,52.75,2024-07-28 14:37:33+00:00,Unknown,52.75,2024,7,28
82898,50528,21321,1,63.5,2025-03-19 01:24:00+00:00,"7197 Mills Freeway, Port Michaleborough, ME 65103-8025",63.5,2025,3,19
78027,49467,21614,1,54.0,2025-06-11 19:34:00+00:00,"Apt. 326 4315 Littel Forks, Metzstad, TN 15973",54.0,2025,6,11
84081,49613,21936,4,19.75,2024-08-19 03:31:59+00:00,"Apt. 123 144 Monte Pass, Lake Nelida, NH 91403-2650",79.0,2024,8,19
80424,49663,21589,4,60.25,2025-01-31 15:31:00+00:00,Unknown,241.0,2025,1,31
85710,50916,21846,5,23.5,2024-09-25 04:11:00+00:00,Unknown,117.5,2024,9,25
77788,50301,21970,1,70.99,2024-10-17 00:53:24+00:00,Unknown,70.99,2024,10,17
82890,50983,21964,1,84.6,2025-02-15 02:43:25+00:00,Unknown,84.6,2025,2,15
83457,47794,21644,1,32.0,2025-05-05 16:29:00+00:00,Unknown,32.0,2025,5,5
81596,49125,21631,1,33.59,2025-04-23 12:31:00+00:00,"78346 Edmundo Heights, Huelshire, VA 41518-0607",33.59,2025,4,23
79135,49641,21355,1,59.25,2024-08-30 22:22:43+00:00,Unknown,59.25,2024,8,30
80179,50053,21393,3,57.5,2024-05-15 11:46:47.555000+00:00,Unknown,172.5,2024,5,15
79370,48580,21957,5,57.25,2024-11-16 13:03:00+00:00,"904 Ryan Mission, East Thad, NV 72964",286.25,2024,11,16
78707,50452,22040,1,30.0,2025-01-04 04:26:00+00:00,"Apt. 665 49322 Susana Forge, Brittshire, IL 79726-3322",30.0,2025,1,4
83188,47865,21382,1,58.79,2024-08-26 02:12:51+00:00,Unknown,58.79,2024,8,26
83791,49585,21773,2,37.5,2025-04-08 23:17:14+00:00,"8953 Franklin Spring, West Alvaville, NH 86852",75.0,2025,4,8
79433,49186,22004,1,68.0,2024-09-06 05:50:16.724000+00:00,Unknown,68.0,2024,9,6
78714,47887,21928,1,21.59,2025-06-17 00:50:19+00:00,"Suite 112 240 Duncan Trail, West Lauren, WV 36366-5128",21.59,2025,6,17
83979,50469,21578,3,26.39,2024-12-26 02:53:30+00:00,Unknown,79.17,2024,12,26
86072,50319,21863,1,49.5,2025-01-04 18:31:00+00:00,Unknown,49.5,2025,1,4
85170,50436,22027,1,36.0,2024-04-07 06:58:38+00:00,Unknown,36.0,2024,4,7
85440,48576,21649,2,67.5,2025-03-23 15:54:00+00:00,Unknown,135.0,2025,3,23
85908,50659,21522,4,17.0,2024-10-18 20:42:16+00:00,Unknown,68.0,2024,10,18
82560,50770,21492,5,27.75,2025-03-21 22:10:57+00:00,Unknown,138.75,2025,3,21
79962,50209,21316,2,37.19,2025-01-03 17:42:00+00:00,Unknown,74.38,2025,1,3
78563,49879,21659,5,34.5,2024-11-12 17:10:00+00:00,Unknown,172.5,2024,11,12
86343,48922,21907,4,64.2,2025-03-07 03:30:41+00:00,Unknown,256.8,2025,3,7
82551,49718,21815,1,14.5,2025-03-08 16:57:00+00:00,Unknown,14.5,2025,3,8
86508,49181,21438,1,28.2,2024-11-11 17:16:08+00:00,Unknown,28.2,2024,11,11
85542,49630,21690,2,42.0,2024-12-22 06:17:54+00:00,Unknown,84.0,2024,12,22
82903,51010,21496,1,69.0,2024-10-03 00:00:03+00:00,Unknown,69.0,2024,10,3
85644,49855,21489,1,19.99,2025-03-02 00:13:00+00:00,Unknown,19.99,2025,3,2
80482,49085,21953,1,48.0,2024-09-10 16:02:55+00:00,Unknown,48.0,2024,9,10
78040,50054,21745,1,18.99,2025-03-19 01:39:53+00:00,Unknown,18.99,2025,3,19
83915,50702,21326,1,69.5,2024-04-11 04:18:35+00:00,Unknown,69.5,2024,4,11
79342,49221,21364,5,87.0,2025-04-07 14:20:02+00:00,Unknown,435.0,2025,4,7
84207,50586,21303,2,55.0,2024-05-27 03:20:05+00:00,"Apt. 707 32276 Will Village, East Ruebenmouth, KY 25829",110.0,2024,5,27
78333,50507,21685,1,73.5,2025-04-08 02:14:31+00:00,Unknown,73.5,2025,4,8
85040,49789,21408,2,42.5,2024-12-03 09:59:00+00:00,Unknown,85.0,2024,12,3
78148,50992,21628,1,51.6,2024-07-16 22:40:00+00:00,"Suite 206 894 Doug Ville, Pacochatown, LA 06048",51.6,2024,7,16
78345,48681,22015,1,62.0,2024-11-26 18:14:24+00:00,Unknown,62.0,2024,11,26
77987,47806,21521,4,58.2,2024-11-16 19:04:44.085000+00:00,Unknown,232.8,2024,11,16
81569,50323,21901,1,62.0,2024-10-07 20:53:56+00:00,Unknown,62.0,2024,10,7
85313,47697,21461,3,73.0,2024-06-22 13:09:00+00:00,Unknown,219.0,2024,6,22
78399,47770,21508,1,31.2,2024-10-08 04:01:21+00:00,"Suite 632 8198 Crona Brooks, West Season, IN 72744-8982",31.2,2024,10,8
80369,50651,21655,3,19.5,2025-08-05 21:34:00+00:00,Unknown,58.5,2025,8,5
82571,48998,21320,1,58.75,2025-01-13 17:13:13+00:00,Unknown,58.75,2025,1,13
84654,49365,21821,1,67.75,2025-04-12 02:47:00+00:00,Unknown,67.75,2025,4,12
84756,49508,21306,1,55.8,2024-09-19 20:03:43+00:00,Unknown,55.8,2024,9,19
78364,48117,21302,4,24.0,2024-10-17 17:54:31+00:00,Unknown,96.0,2024,10,17
84551,51057,22049,2,36.0,2024-02-10 14:09:51+00:00,Unknown,72.0,2024,2,10
84921,48748,21313,1,40.99,2025-03-04 04:11:53+00:00,Unknown,40.99,2025,3,4
82799,50037,21553,1,43.5,2025-07-12 09:09:00+00:00,Unknown,43.5,2025,7,12
85691,51036,21680,1,49.0,2024-10-14 18:38:55+00:00,Unknown,49.0,2024,10,14
78941,50373,21595,2,67.8,2024-10-26 19:00:30+00:00,"3451 Jacobson Trace, South Dalilatown, MS 41191",135.6,2024,10,26
83795,48922,22028,5,60.0,2024-06-06 05:06:00+00:00,"Suite 137 6392 Antonio Rue, Pourosview, UT 76841",300.0,2024,6,6
83052,50403,21454,3,24.6,2024-12-11 20:03:50+00:00,"366 Angelic Keys, Sandamouth, NM 49502-9440",73.8,2024,12,11
79840,49808,21538,1,86.4,2025-03-24 19:36:00+00:00,Unknown,86.4,2025,3,24
79102,48532,21755,1,20.75,2025-03-27 13:13:31+00:00,Unknown,20.75,2025,3,27
84300,49126,21383,1,51.5,2024-10-24 18:44:00+00:00,Unknown,51.5,2024,10,24
83942,50158,21519,1,46.25,2024-12-03 13:15:40.007000+00:00,"9791 Haley Gardens, Ritchieberg, DE 73798",46.25,2024,12,3
78864,50361,21948,4,61.75,2024-02-26 14:03:30+00:00,Unknown,247.0,2024,2,26
85404,50559,21495,2,49.0,2024-10-30 04:44:06+00:00,Unknown,98.0,2024,10,30
78392,48222,21785,3,62.99,2025-03-12 07:40:00+00:00,Unknown,188.97,2025,3,12
82174,47954,21972,2,19.5,2024-08-23 19:29:24+00:00,Unknown,39.0,2024,8,23
78574,50415,22005,1,41.99,2025-01-01 20:07:36+00:00,"Suite 904 14277 Mraz Ways, Boylehaven, GA 99570-6360",41.99,2025,1,1
84449,49529,21543,1,50.0,2025-02-14 05:55:15+00:00,Unknown,50.0,2025,2,14
81727,49038,21607,4,36.25,2024-12-16 09:25:00+00:00,Unknown,145.0,2024,12,16
84956,49529,21946,1,54.25,2024-07-03 04:43:00+00:00,Unknown,54.25,2024,7,3
80478,50846,21481,1,22.8,2025-02-10 12:12:31.596000+00:00,Unknown,22.8,2025,2,10
78921,49737,22043,3,13.5,2024-10-17 00:15:36.680000+00:00,Unknown,40.5,2024,10,17
82726,49631,21438,1,18.5,2025-04-11 15:57:00+00:00,Unknown,18.5,2025,4,11
78386,49051,21616,1,41.0,2025-05-23 13:13:47+00:00,"2576 Casper Ranch, South Kathy, MI 17170",41.0,2025,5,23
77929,50131,21721,2,52.25,2025-06-07 04:22:35+00:00,"Suite 160 1378 Leida Corners, Lake Darren, OR 50412",104.5,2025,6,7
85666,48281,22041,3,46.5,2025-03-29 19:50:06+00:00,Unknown,139.5,2025,3,29
81157,49750,21358,1,18.75,2024-11-19 17:21:21+00:00,"Apt. 739 4624 Farrell Ridges, Michaleberg, PA 01788-8941",18.75,2024,11,19
83246,49076,21399,1,64.0,2024-05-02 13:13:02+00:00,Unknown,64.0,2024,5,2
80479,50876,21786,1,59.4,2024-10-18 13:15:20+00:00,Unknown,59.4,2024,10,18
81293,49577,21641,1,30.25,2025-01-02 03:50:16+00:00,Unknown,30.25,2025,1,2
78942,49987,21819,1,63.5,2024-12-05 19:36:36+00:00,Unknown,63.5,2024,12,5
83034,47983,21810,1,50.5,2024-05-12 09:44:39+00:00,Unknown,50.5,2024,5,12
85364,49408,21670,2,21.5,2024-10-05 16:45:09+00:00,"1702 Schamberger Tunnel, Thielhaven, WV 18566-8616",43.0,2024,10,5
81397,51056,21793,2,27.5,2024-12-01 04:20:30.792000+00:00,Unknown,55.0,2024,12,1
79052,50569,21439,1,46.79,2025-06-13 16:16:54+00:00,Unknown,46.79,2025,6,13
81941,50952,21660,1,36.0,2024-07-26 01:11:00+00:00,Unknown,36.0,2024,7,26
83270,50710,21925,1,25.0,2024-12-22 02:52:48+00:00,Unknown,25.0,2024,12,22
82851,50275,21467,1,46.99,2024-07-25 23:55:09+00:00,"Suite 600 5502 Corwin Inlet, Tremblayborough, MT 96902",46.99,2024,7,25
78519,49989,22049,1,30.75,2025-03-07 13:26:41+00:00,Unknown,30.75,2025,3,7
81279,49035,21328,1,74.4,2024-11-18 01:52:56+00:00,Unknown,74.4,2024,11,18
84088,48857,21521,1,49.5,2024-10-09 13:17:20+00:00,Unknown,49.5,2024,10,9
83059,49043,21402,1,39.5,2024-11-02 06:41:01+00:00,Unknown,39.5,2024,11,2
77767,49157,21890,1,81.6,2025-04-05 06:35:00+00:00,Unknown,81.6,2025,4,5
77870,48294,21755,1,24.0,2025-04-02 17:10:33+00:00,Unknown,24.0,2025,4,2
78096,49915,21393,1,53.75,2024-10-16 12:37:39+00:00,Unknown,53.75,2024,10,16
86082,49391,21555,1,44.0,2025-03-23 09:13:18+00:00,"5488 Zelma Brooks, Robelstad, NE 21997-2220",44.0,2025,3,23
85452,50817,21574,2,46.0,2024-10-16 06:11:07+00:00,Unknown,92.0,2024,10,16
84085,49653,21767,1,34.99,2024-12-07 17:55:20+00:00,Unknown,34.99,2024,12,7
85630,48558,21779,1,36.0,2025-01-02 06:51:11+00:00,Unknown,36.0,2025,1,2
83720,49393,21472,1,30.5,2025-06-11 20:00:48+00:00,Unknown,30.5,2025,6,11
82479,49644,21494,1,62.25,2024-10-29 09:33:00+00:00,Unknown,62.25,2024,10,29
86175,48246,21534,1,18.5,2025-03-03 10:11:23+00:00,Unknown,18.5,2025,3,3
86006,48721,21779,1,35.0,2024-10-20 12:48:20+00:00,"Suite 405 241 Wintheiser Mills, Granvillehaven, NC 07589-1437",35.0,2024,10,20
84907,50048,21827,2,18.0,2024-12-19 13:24:56+00:00,"403 Mac Extension, West Demetriusview, OH 05740-2654",36.0,2024,12,19
81940,48632,21386,1,46.0,2024-09-26 22:03:59+00:00,Unknown,46.0,2024,9,26
81475,48420,21407,2,58.0,2025-01-17 13:12:00+00:00,Unknown,116.0,2025,1,17
82231,50291,21386,1,46.75,2024-12-24 05:31:15+00:00,Unknown,46.75,2024,12,24
84769,48937,21849,1,43.8,2024-08-03 13:28:00+00:00,"40334 Mikaela Road, New Scott, SD 95550",43.8,2024,8,3
79810,51024,21628,1,55.8,2025-02-26 00:08:00+00:00,"318 Goyette Center, New Kaitlinfort, WY 97237",55.8,2025,2,26
78153,50488,21641,1,37.8,2024-08-23 00:57:32+00:00,Unknown,37.8,2024,8,23
84918,50610,21752,1,69.3,2025-01-17 01:48:00+00:00,Unknown,69.3,2025,1,17
80082,48240,21641,1,32.99,2024-09-01 19:53:47+00:00,Unknown,32.99,2024,9,1
78230,50363,21411,1,40.8,2024-10-09 07:17:00+00:00,Unknown,40.8,2024,10,9
79219,47886,22050,1,70.99,2024-11-13 15:37:43+00:00,Unknown,70.99,2024,11,13
80038,50365,21960,1,66.0,2024-04-10 21:25:25+00:00,Unknown,66.0,2024,4,10
84437,48186,21947,5,61.0,2024-11-01 19:13:29+00:00,Unknown,305.0,2024,11,1
86291,49666,21762,1,28.5,2024-12-16 10:45:29+00:00,Unknown,28.5,2024,12,16
82130,49054,21566,3,24.0,2025-06-03 12:07:21+00:00,"9753 Lawrence Fields, Port Ahmedport, CA 99140",72.0,2025,6,3
82991,50003,21631,1,26.75,2025-02-09 18:42:46+00:00,Unknown,26.75,2025,2,9
84162,48527,21703,3,66.0,2024-05-23 14:38:26+00:00,Unknown,198.0,2024,5,23
85336,50749,21350,2,33.99,2024-06-13 16:58:04+00:00,"Apt. 656 213 Shane Springs, Luettgenfurt, WV 97410",67.98,2024,6,13
85146,47934,21975,3,69.0,2024-11-01 17:54:58.940000+00:00,Unknown,207.0,2024,11,1
84536,49017,21965,3,59.99,2024-08-27 13:15:00+00:00,Unknown,179.97,2024,8,27
80486,48838,21297,2,31.5,2025-01-21 07:23:00+00:00,Unknown,63.0,2025,1,21
82486,50791,21999,1,32.99,2025-02-05 08:38:00+00:00,"Suite 420 264 Walker Light, West Chaunceyborough, OK 62173-1946",32.99,2025,2,5
79269,48510,21428,1,60.0,2024-11-27 11:13:49+00:00,Unknown,60.0,2024,11,27
80040,50211,21849,2,41.7,2024-12-21 12:36:33+00:00,Unknown,83.4,2024,12,21
78024,49843,21513,1,15.5,2024-12-05 03:04:23+00:00,Unknown,15.5,2024,12,5
86225,48762,21595,1,63.6,2025-02-17 11:52:00+00:00,"Apt. 107 4533 Kunde Knoll, Schroederburgh, CO 58358",63.6,2025,2,17
85849,48169,21969,1,57.25,2025-04-05 22:20:05+00:00,Unknown,57.25,2025,4,5
82227,51101,21765,1,26.25,2024-12-24 14:00:00+00:00,Unknown,26.25,2024,12,24
81839,49259,21987,2,37.0,2024-08-28 15:12:21+00:00,"Suite 870 3141 Raul Trail, South Pamellastad, ND 64510",74.0,2024,8,28
84407,47899,21996,1,86.4,2025-02-03 00:43:49+00:00,Unknown,86.4,2025,2,3
78006,49374,21510,1,26.0,2024-12-20 07:47:33+00:00,Unknown,26.0,2024,12,20
85594,49895,21546,1,46.75,2025-02-20 21:52:05+00:00,Unknown,46.75,2025,2,20
85359,47791,21695,1,75.99,2025-03-23 07:53:00+00:00,"Suite 470 539 Morar Ways, North Terresafurt, MD 66539-0923",75.99,2025,3,23
80048,48798,21531,1,17.99,2025-08-13 15:07:31.944000+00:00,"Apt. 176 81566 Grady Islands, Rafaelview, NV 23601-3743",17.99,2025,8,13
83615,48842,21389,1,65.4,2024-11-26 13:57:22+00:00,Unknown,65.4,2024,11,26
82765,48469,21398,1,35.5,2025-01-20 23:08:10+00:00,Unknown,35.5,2025,1,20
86068,50385,21573,1,34.2,2024-07-10 15:33:31.900000+00:00,Unknown,34.2,2024,7,10
84742,50986,21335,1,36.0,2024-06-26 19:24:00+00:00,"Apt. 183 1470 Caterina Cape, Trompfurt, OH 69406-2704",36.0,2024,6,26
84128,49576,21516,2,58.99,2025-05-12 05:51:50+00:00,Unknown,117.98,2025,5,12
84618,50962,21815,1,15.0,2025-01-19 16:06:07+00:00,Unknown,15.0,2025,1,19
79856,48314,21386,1,45.0,2024-07-19 00:54:02+00:00,"Apt. 987 713 Hudson Station, Geraldobury, SD 60424-2953",45.0,2024,7,19
79503,49702,21546,3,53.1,2025-04-29 19:12:37+00:00,Unknown,159.3,2025,4,29
86262,48252,21629,1,45.5,2024-06-26 12:03:58+00:00,Unknown,45.5,2024,6,26
80546,49900,21349,1,80.7,2024-11-26 22:31:12+00:00,Unknown,80.7,2024,11,26
83846,49943,22042,1,53.0,2024-05-12 08:51:33+00:00,"Apt. 558 564 Hipolito Station, Nikolaushaven, KY 12949",53.0,2024,5,12
84879,49784,21775,1,82.8,2025-07-26 07:53:00+00:00,Unknown,82.8,2025,7,26
79769,48530,21614,3,64.5,2024-06-17 23:25:08+00:00,"Suite 810 6389 Renner Union, Daughertymouth, MO 06448",193.5,2024,6,17
85621,48738,21323,1,48.5,2025-01-25 03:29:00+00:00,Unknown,48.5,2025,1,25
79999,50396,21327,1,19.5,2025-03-07 16:51:14.470000+00:00,Unknown,19.5,2025,3,7
79550,48161,21955,1,55.0,2024-06-18 04:00:00+00:00,"Apt. 447 9227 Langosh Flat, South Araceliport, AR 98459-0100",55.0,2024,6,18
85075,49571,21991,4,71.5,2024-05-27 10:01:25+00:00,Unknown,286.0,2024,5,27
80619,50713,21804,4,48.5,2025-01-29 05:22:22+00:00,Unknown,194.0,2025,1,29
84462,49372,21525,1,37.99,2024-08-16 17:25:26+00:00,"Suite 502 51922 Casper Orchard, Shawnchester, KY 16166",37.99,2024,8,16
78688,49054,21619,4,50.0,2024-06-09 04:40:18+00:00,Unknown,200.0,2024,6,9
82936,48316,21528,1,44.25,2025-04-07 14:53:46+00:00,Unknown,44.25,2025,4,7
81446,48244,21560,1,17.0,2025-05-10 17:49:00+00:00,Unknown,17.0,2025,5,10
81645,48780,22022,1,54.25,2025-06-08 05:24:43.301000+00:00,Unknown,54.25,2025,6,8
79213,47894,21362,1,26.39,2025-03-28 18:09:38+00:00,Unknown,26.39,2025,3,28
81641,49418,21568,1,27.0,2024-03-26 07:46:00+00:00,Unknown,27.0,2024,3,26
83148,49378,21672,1,82.8,2024-06-21 07:15:27+00:00,Unknown,82.8,2024,6,21
80739,48820,21664,1,47.5,2025-08-07 16:00:58+00:00,Unknown,47.5,2025,8,7
85410,50129,21398,1,37.8,2024-12-21 19:26:01+00:00,"Suite 849 997 Stamm Crossing, West Raymondetown, VT 95581",37.8,2024,12,21
86267,48583,21732,5,63.0,2024-11-12 17:49:00+00:00,"384 Breana Brooks, West Pearl, NM 13632",315.0,2024,11,12
80526,50183,21543,1,50.75,2024-09-21 01:02:57+00:00,Unknown,50.75,2024,9,21
85305,48807,21831,2,63.6,2025-05-03 17:36:19+00:00,Unknown,127.2,2025,5,3
84344,49227,21322,2,36.9,2024-11-30 03:51:29.828000+00:00,"Apt. 164 618 Terra Ford, Lutherchester, MS 06400-1448",73.8,2024,11,30
83887,47817,21861,1,35.0,2025-02-18 03:31:00+00:00,"Apt. 274 5971 Tomas Rue, Hodkiewiczside, RI 21139-6362",35.0,2025,2,18
80092,48622,21827,1,18.0,2024-08-26 19:26:40+00:00,Unknown,18.0,2024,8,26
82451,47902,21825,1,38.0,2025-01-29 17:38:39+00:00,Unknown,38.0,2025,1,29
82562,48192,21303,1,64.8,2024-10-14 17:45:34+00:00,Unknown,64.8,2024,10,14
82018,50635,21437,1,54.5,2024-12-26 08:36:00+00:00,Unknown,54.5,2024,12,26
77742,49879,21499,1,52.75,2024-12-18 09:31:08+00:00,Unknown,52.75,2024,12,18
81550,49886,21898,1,61.5,2024-11-25 02:21:57+00:00,"Apt. 499 351 Artie Port, Patiencefort, CA 28855",61.5,2024,11,25
81047,48585,21315,1,91.19,2025-04-07 14:16:00+00:00,"14747 Corkery Views, East Ali, MN 48571-1070",91.19,2025,4,7
80150,48791,21790,2,69.5,2024-08-13 08:13:13+00:00,Unknown,139.0,2024,8,13
86314,47686,21753,1,56.25,2024-10-15 03:55:31+00:00,Unknown,56.25,2024,10,15
83206,48932,21333,5,79.8,2025-09-22 04:20:09+00:00,Unknown,399.0,2025,9,22
82802,49066,21481,1,25.19,2025-02-11 11:42:00+00:00,Unknown,25.19,2025,2,11
85242,49957,21464,1,66.0,2025-01-18 22:30:57+00:00,"3571 Stiedemann Circle, New Canditown, RI 34722",66.0,2025,1,18
84191,47885,21651,1,66.0,2024-02-20 18:00:56.736000+00:00,Unknown,66.0,2024,2,20
77713,50969,21442,1,61.19,2024-09-14 02:55:01+00:00,Unknown,61.19,2024,9,14
81657,48690,21687,1,67.5,2024-10-01 04:01:00+00:00,Unknown,67.5,2024,10,1
84396,49613,21631,2,22.75,2025-03-18 08:07:28+00:00,"Apt. 123 144 Monte Pass, Lake Nelida, NH 91403-2650",45.5,2025,3,18
85930,49427,21674,1,20.0,2025-03-11 12:17:41+00:00,"97349 Jada Village, Danaburgh, TN 97541-4659",20.0,2025,3,11
81725,49933,21456,1,63.0,2024-12-03 05:07:00+00:00,Unknown,63.0,2024,12,3
85474,48002,21551,1,20.75,2025-01-27 07:02:50+00:00,Unknown,20.75,2025,1,27
83233,48055,21534,1,22.2,2025-02-16 01:21:19+00:00,Unknown,22.2,2025,2,16
82498,49450,21300,1,50.4,2024-05-07 23:46:52+00:00,Unknown,50.4,2024,5,7
79915,50387,21656,1,39.59,2024-10-11 23:36:04+00:00,Unknown,39.59,2024,10,11
79375,48883,21815,1,13.5,2025-03-01 23:58:00+00:00,"2384 Lecia Parkway, East Danille, NM 81132",13.5,2025,3,1
79653,49588,21345,1,73.0,2024-05-23 04:33:37+00:00,"96673 Dietrich Ridges, Clarineport, MA 73105",73.0,2024,5,23
78951,49753,22016,2,49.0,2025-05-27 08:24:45+00:00,Unknown,98.0,2025,5,27
82490,50379,21705,1,78.0,2024-06-14 17:15:04+00:00,"6587 Roob Harbors, Schowalterbury, WI 91775",78.0,2024,6,14
85342,48702,21864,1,86.7,2024-11-14 09:56:00+00:00,Unknown,86.7,2024,11,14
78900,47891,21309,1,27.5,2025-01-24 15:25:00+00:00,Unknown,27.5,2025,1,24
78919,50285,21641,2,30.0,2024-08-27 20:37:44+00:00,Unknown,60.0,2024,8,27
82978,48917,21835,1,86.4,2025-01-28 01:49:47+00:00,Unknown,86.4,2025,1,28
84365,48409,22044,1,26.4,2024-10-24 13:28:00+00:00,"Apt. 862 9769 Robel Cove, East Careyport, MD 67670-3010",26.4,2024,10,24
79903,49444,21755,1,20.25,2024-11-08 08:58:21+00:00,"87090 McClure Point, Binsborough, SD 49703",20.25,2024,11,8
83462,51029,21492,2,25.25,2025-06-02 19:02:33+00:00,"Apt. 425 6307 Emanuel Via, Dickstad, PA 19320-6188",50.5,2025,6,2
85754,49969,21389,1,62.7,2024-09-23 15:28:56+00:00,"1351 Stoltenberg Stravenue, East Arcelia, AZ 35046-9888",62.7,2024,9,23
81309,48025,21370,1,74.39,2025-04-05 01:44:33+00:00,"Apt. 604 696 Treutel Union, Torpchester, LA 49623-4781",74.39,2025,4,5
83620,50717,21622,1,43.5,2025-01-13 13:48:01+00:00,Unknown,43.5,2025,1,13
79077,48647,22022,1,68.4,2025-01-05 15:29:52+00:00,Unknown,68.4,2025,1,5
86455,48936,21784,1,66.75,2025-08-02 03:06:00+00:00,"Suite 814 212 Hugo Wall, South Jarred, CO 00700-3081",66.75,2025,8,2
85950,49240,21902,2,28.8,2024-04-12 19:25:54+00:00,"80403 Littel Drive, South Dana, NM 79107",57.6,2024,4,12
80331,49657,21726,1,58.5,2025-04-15 13:47:36+00:00,Unknown,58.5,2025,4,15
84355,49089,21753,2,58.0,2024-08-26 07:54:36+00:00,Unknown,116.0,2024,8,26
79029,50853,21896,1,25.19,2024-09-21 09:24:16+00:00,Unknown,25.19,2024,9,21
85333,48877,21918,1,75.99,2025-02-06 19:24:06+00:00,"26501 Dotty Mill, West Gerardohaven, DE 02848",75.99,2025,2,6
77786,48833,21409,1,64.0,2024-09-21 23:31:00+00:00,Unknown,64.0,2024,9,21
82591,48969,21566,1,28.8,2024-06-23 15:09:09+00:00,Unknown,28.8,2024,6,23
81867,49123,21440,1,29.99,2024-12-02 08:24:30+00:00,Unknown,29.99,2024,12,2
85866,50599,21619,1,52.5,2025-07-27 21:24:22.410000+00:00,Unknown,52.5,2025,7,27
83097,50568,21451,1,90.9,2025-01-16 07:50:29+00:00,"14681 Claude Crescent, East Juanbury, HI 77617-5124",90.9,2025,1,16
82365,50351,21965,3,60.25,2024-05-26 14:54:00+00:00,Unknown,180.75,2024,5,26
79292,50266,21523,2,14.0,2025-01-30 10:26:00+00:00,Unknown,28.0,2025,1,30
83078,50419,21922,1,24.0,2024-10-01 14:03:06+00:00,"Apt. 923 7762 Botsford Mountain, Port Milanside, UT 35281",24.0,2024,10,1
79713,49490,21393,4,54.0,2025-05-21 22:23:00+00:00,Unknown,216.0,2025,5,21
83379,48620,21385,1,35.99,2025-03-28 17:30:41+00:00,Unknown,35.99,2025,3,28
81739,49239,21478,1,46.5,2024-10-04 22:13:22+00:00,"Apt. 887 1340 Morar Centers, North Wernerstad, ME 04304",46.5,2024,10,4
82343,49067,21631,2,27.75,2025-05-01 14:46:00+00:00,Unknown,55.5,2025,5,1
79338,49176,21327,3,22.0,2024-10-27 18:27:27+00:00,Unknown,66.0,2024,10,27
78855,49876,21738,1,46.99,2025-04-03 21:48:00+00:00,Unknown,46.99,2025,4,3
83416,50707,21350,2,42.0,2024-08-31 22:30:11+00:00,"906 Reed Mill, Fritschshire, NV 62622-7620",84.0,2024,8,31
81857,49512,21948,1,64.5,2024-10-08 22:38:51.282000+00:00,Unknown,64.5,2024,10,8
83062,50547,21917,2,75.6,2024-07-20 07:37:49+00:00,"6838 Bins Mountain, Averychester, PA 50500-8814",151.2,2024,7,20
84452,49509,21349,1,66.25,2025-02-26 19:59:07+00:00,Unknown,66.25,2025,2,26
80943,50676,21762,1,32.0,2025-03-03 16:23:00+00:00,Unknown,32.0,2025,3,3
84848,48811,21763,1,35.5,2024-07-17 03:32:30+00:00,Unknown,35.5,2024,7,17
84499,48289,21375,1,50.0,2025-03-05 19:42:04+00:00,Unknown,50.0,2025,3,5
82224,48245,21941,1,58.5,2024-11-28 13:04:59+00:00,Unknown,58.5,2024,11,28
77834,48446,22004,1,72.25,2025-02-12 22:39:46+00:00,Unknown,72.25,2025,2,12
82426,48476,21484,1,15.99,2024-08-19 02:25:00+00:00,Unknown,15.99,2024,8,19
86280,50015,21460,1,64.99,2024-08-25 05:40:24+00:00,"4480 Pouros Vista, Markmouth, MO 36832",64.99,2024,8,25
81257,50688,21445,1,14.99,2025-03-19 17:25:00+00:00,Unknown,14.99,2025,3,19
85253,47790,21437,2,55.99,2024-11-06 04:31:00+00:00,Unknown,111.98,2024,11,6
82492,49676,21500,1,28.0,2025-05-21 20:48:21+00:00,Unknown,28.0,2025,5,21
81369,49953,21758,2,44.5,2025-06-18 01:46:50+00:00,"Suite 127 2049 Dinah Divide, Lake Henrytown, LA 36056",89.0,2025,6,18
80002,48782,21628,1,46.99,2024-08-10 18:02:45+00:00,Unknown,46.99,2024,8,10
83012,47862,21935,1,19.2,2025-05-27 00:33:00+00:00,Unknown,19.2,2025,5,27
81786,50365,21919,1,55.0,2025-05-28 01:52:43+00:00,Unknown,55.0,2025,5,28
84205,49654,21927,3,45.9,2025-01-23 09:30:00+00:00,Unknown,137.7,2025,1,23
80428,47783,21410,1,20.5,2024-07-18 14:25:00.693000+00:00,Unknown,20.5,2024,7,18
85870,50142,21842,2,64.75,2024-09-29 04:38:00+00:00,Unknown,129.5,2024,9,29
83460,48330,21434,1,27.0,2024-11-17 06:29:58+00:00,Unknown,27.0,2024,11,17
79589,48994,21988,1,47.99,2024-07-05 04:26:00+00:00,Unknown,47.99,2024,7,5
78186,49519,21513,2,21.59,2024-08-14 18:26:17+00:00,Unknown,43.18,2024,8,14
78412,48375,21928,1,16.0,2025-02-04 23:24:38.252000+00:00,Unknown,16.0,2025,2,4
82925,48160,21429,1,29.25,2024-10-12 14:29:06+00:00,Unknown,29.25,2024,10,12
83074,49655,21448,1,24.3,2024-12-04 16:02:11+00:00,Unknown,24.3,2024,12,4
82869,49916,21430,1,66.0,2024-09-04 04:24:18+00:00,Unknown,66.0,2024,9,4
79092,50088,21384,1,60.0,2024-09-17 20:28:33+00:00,"Suite 487 22361 Ziemann Mount, New Jamarton, MT 44091-4800",60.0,2024,9,17
85824,49809,21311,1,17.0,2024-07-13 05:42:00+00:00,Unknown,17.0,2024,7,13
83684,48375,21379,2,24.5,2024-03-21 16:10:41+00:00,"27209 Smith Mews, Lake Rebbeca, VA 21683",49.0,2024,3,21
83303,50630,21815,1,15.25,2025-01-29 01:34:00+00:00,"883 Cremin Branch, Nathanialborough, NM 32093",15.25,2025,1,29
85459,49763,21472,1,32.0,2025-04-02 19:07:00+00:00,Unknown,32.0,2025,4,2
83644,49845,21878,1,54.5,2024-10-06 16:25:49+00:00,"Suite 414 2744 Chet Squares, New Leticiashire, IN 48521-6815",54.5,2024,10,6
84297,50388,22031,1,39.9,2024-03-13 06:19:31+00:00,Unknown,39.9,2024,3,13
85639,48633,21719,2,60.5,2024-10-19 18:58:00+00:00,Unknown,121.0,2024,10,19
80626,50965,21428,5,74.1,2024-11-10 21:58:00+00:00,Unknown,370.5,2024,11,10
83627,49082,21589,1,70.5,2024-08-25 09:42:00+00:00,Unknown,70.5,2024,8,25
79218,49937,21693,5,68.99,2025-07-07 11:09:54+00:00,Unknown,344.95,2025,7,7
84125,49618,22057,1,63.59,2024-03-14 13:54:30+00:00,"Suite 992 763 Ronny Prairie, Port Neelytown, NC 43283",63.59,2024,3,14
80511,49725,21790,1,69.0,2025-03-15 03:55:09+00:00,Unknown,69.0,2025,3,15
85900,48460,21676,1,86.39,2025-08-01 11:44:22+00:00,"512 Abshire Locks, Robelmouth, UT 98895",86.39,2025,8,1
85535,49803,21374,3,70.0,2024-09-27 06:46:00+00:00,Unknown,210.0,2024,9,27
85288,48717,21951,1,38.4,2025-04-04 17:03:00+00:00,"Apt. 304 27477 McKenzie Knolls, New Myrna, MO 43612",38.4,2025,4,4
82554,50952,21999,1,32.5,2024-12-10 09:54:00+00:00,"Apt. 702 5215 Davida Avenue, Nataliefort, MA 42986",32.5,2024,12,10
78428,50619,21312,2,41.5,2024-12-30 11:02:13+00:00,Unknown,83.0,2024,12,30
83080,48365,21415,1,62.0,2025-05-27 02:44:20+00:00,Unknown,62.0,2025,5,27
85027,48360,21573,2,28.5,2024-07-04 13:48:48+00:00,Unknown,57.0,2024,7,4
78127,49530,21635,2,38.0,2025-03-18 19:23:50+00:00,"10863 Rozella Lodge, Fredricfort, MS 03922-3512",76.0,2025,3,18
80417,50311,21791,5,44.75,2024-11-17 09:31:00+00:00,Unknown,223.75,2024,11,17
81125,50452,21560,2,20.39,2024-10-07 16:00:40+00:00,Unknown,40.78,2024,10,7
84622,49951,22024,1,86.7,2025-02-13 01:40:19+00:00,"Suite 686 3728 Torphy River, East Rob, SC 29580",86.7,2025,2,13
85006,50182,21941,2,51.0,2024-11-15 13:31:58+00:00,"41489 Harris Street, New Shannon, DE 49251",102.0,2024,11,15
83557,48107,21686,2,18.0,2024-02-17 16:03:32+00:00,Unknown,36.0,2024,2,17
79590,48592,21635,1,38.25,2024-05-04 01:49:01+00:00,"Apt. 390 184 Stiedemann Shoal, Muellerhaven, GA 33039-5975",38.25,2024,5,4
83630,49114,21850,1,61.25,2024-12-14 22:25:19+00:00,Unknown,61.25,2024,12,14
77616,49876,21870,1,63.0,2024-07-29 04:53:40+00:00,"7020 McClure Forest, East Jaleesa, TX 97330",63.0,2024,7,29
84278,48763,22052,1,23.99,2024-01-04 15:24:00+00:00,Unknown,23.99,2024,1,4
78985,50657,21799,1,34.2,2024-08-28 05:21:00+00:00,Unknown,34.2,2024,8,28
78945,50050,21625,1,17.5,2024-12-18 10:07:26+00:00,Unknown,17.5,2024,12,18
84357,48862,21479,1,61.5,2025-03-02 15:12:16+00:00,Unknown,61.5,2025,3,2
77739,50438,21673,1,40.0,2025-05-27 07:40:00+00:00,Unknown,40.0,2025,5,27
83917,49195,21525,2,35.0,2025-05-19 15:36:31+00:00,"Suite 574 5898 Connelly Canyon, North Leandro, NE 68696",70.0,2025,5,19
86452,47848,21964,3,69.5,2024-08-10 09:03:13+00:00,"712 Nathanael Turnpike, Dibbertside, HI 50906",208.5,2024,8,10
84152,48405,21332,1,15.3,2025-05-01 05:25:00+00:00,Unknown,15.3,2025,5,1
80088,49671,21387,1,49.5,2025-01-22 19:24:11+00:00,Unknown,49.5,2025,1,22
79461,50335,21621,1,70.75,2024-06-25 00:15:15+00:00,Unknown,70.75,2024,6,25
86474,50391,21447,1,50.5,2025-03-08 15:24:24+00:00,Unknown,50.5,2025,3,8
80263,48080,21670,1,23.0,2025-03-03 15:20:00+00:00,Unknown,23.0,2025,3,3
78959,50128,21378,1,41.1,2025-06-15 00:26:39+00:00,"59238 Buckridge Inlet, Lake Eleonora, WV 87319-8042",41.1,2025,6,15
80385,47720,21749,1,69.0,2025-03-20 04:03:14+00:00,Unknown,69.0,2025,3,20
78776,49281,21385,1,32.7,2024-09-10 11:15:22+00:00,Unknown,32.7,2024,9,10
78023,48696,21820,4,30.25,2024-11-29 03:14:00+00:00,Unknown,121.0,2024,11,29
79062,47828,21692,1,64.5,2024-08-29 18:16:24.213000+00:00,"Suite 643 47879 Gottlieb Lodge, Port Sonville, TX 15279-0700",64.5,2024,8,29
78903,49127,21572,1,54.25,2025-02-15 15:08:00+00:00,"3936 Blanda Isle, East Vaughn, MA 37116-5826",54.25,2025,2,15
79640,50802,22049,2,36.9,2024-10-20 21:59:16+00:00,Unknown,73.8,2024,10,20
79302,47807,21437,4,57.0,2025-02-25 02:32:58+00:00,Unknown,228.0,2025,2,25
82628,47687,21369,1,37.0,2025-02-06 19:51:16+00:00,Unknown,37.0,2025,2,6
84941,48488,21789,2,24.75,2024-07-24 05:49:16+00:00,Unknown,49.5,2024,7,24
82445,47684,22012,1,74.4,2024-11-17 03:34:00+00:00,Unknown,74.4,2024,11,17
77931,50335,21488,1,66.25,2024-08-08 10:14:00+00:00,Unknown,66.25,2024,8,8
80614,50930,21454,2,22.99,2024-05-16 02:55:11+00:00,Unknown,45.98,2024,5,16
82902,48692,22020,1,88.8,2025-03-25 03:28:49+00:00,Unknown,88.8,2025,3,25
78431,50296,22017,1,26.5,2024-06-13 02:01:54+00:00,"Suite 707 1434 Monahan Lock, Jerrellburgh, MI 56804",26.5,2024,6,13
83731,47955,21920,1,25.99,2025-06-09 22:48:25+00:00,Unknown,25.99,2025,6,9
80683,48571,22028,1,61.0,2024-07-12 17:19:32+00:00,Unknown,61.0,2024,7,12
82993,48653,21661,1,83.1,2024-05-20 23:52:52+00:00,"Apt. 594 789 Gerald Forest, Schoenside, WA 47053-6982",83.1,2024,5,20
79050,48651,21775,1,68.0,2025-04-16 13:43:43+00:00,Unknown,68.0,2025,4,16
81399,50956,21665,1,73.0,2024-07-21 11:21:00+00:00,Unknown,73.0,2024,7,21
84406,49701,21361,2,65.0,2024-11-17 13:56:12+00:00,"13261 Purdy Glens, Shavonmouth, AR 70016-7730",130.0,2024,11,17
79766,48522,22011,1,73.75,2024-11-15 13:51:45+00:00,Unknown,73.75,2024,11,15
77900,50667,21996,1,73.99,2025-03-15 16:24:00+00:00,Unknown,73.99,2025,3,15
78634,48091,21863,1,50.1,2024-11-22 10:53:34+00:00,Unknown,50.1,2024,11,22
86332,50304,21591,1,54.0,2024-12-10 11:35:24+00:00,Unknown,54.0,2024,12,10
80276,50854,21803,2,50.0,2024-09-26 10:48:00+00:00,Unknown,100.0,2024,9,26
83133,49192,21844,2,47.1,2024-07-12 09:06:42.272000+00:00,Unknown,94.2,2024,7,12
86355,48732,21617,1,22.0,2025-06-26 13:10:15+00:00,"746 Fredericka Extension, Reynaldotown, AL 59023-1796",22.0,2025,6,26
84216,48371,21566,1,28.0,2025-03-23 15:45:46+00:00,Unknown,28.0,2025,3,23
84461,49345,21934,4,45.75,2025-06-23 23:46:00+00:00,"1505 Greenfelder Fall, West Stephanbury, MI 11548",183.0,2025,6,23
80269,51121,21605,1,56.4,2025-05-27 20:59:17+00:00,"577 Jordan Rue, Port Sebastianstad, ME 42638-1871",56.4,2025,5,27
80489,48807,21659,2,39.6,2024-11-05 23:14:52+00:00,"Suite 992 81122 Hodkiewicz Well, West Vergietown, MN 94841",79.2,2024,11,5
83777,49771,21828,3,19.2,2025-03-25 18:11:00+00:00,Unknown,57.6,2025,3,25
83983,47791,21555,2,45.25,2025-04-11 17:55:36+00:00,Unknown,90.5,2025,4,11
77803,50436,21818,2,20.0,2024-11-20 11:00:04.173000+00:00,"970 Tristan Motorway, Sidneybury, LA 76853",40.0,2024,11,20
82798,50245,21966,3,33.6,2025-03-27 21:39:25.247000+00:00,Unknown,100.8,2025,3,27
79775,48110,21373,1,19.0,2025-07-18 06:22:20+00:00,Unknown,19.0,2025,7,18
82437,49216,21722,4,39.9,2025-03-06 02:01:43+00:00,Unknown,159.6,2025,3,6
81254,50354,21701,1,48.5,2025-02-18 11:39:05+00:00,"9309 Hassan Manors, Mohrberg, IL 88664-9895",48.5,2025,2,18
83908,47729,21509,2,41.0,2025-07-10 18:23:12+00:00,Unknown,82.0,2025,7,10
81380,49758,21674,1,25.19,2025-05-28 06:57:47+00:00,"2673 Madeline Trafficway, Wehnerhaven, AZ 83401",25.19,2025,5,28
77938,49603,21948,1,78.3,2025-02-06 03:14:05.072000+00:00,Unknown,78.3,2025,2,6
84702,47806,21989,1,73.5,2025-03-14 16:44:00+00:00,Unknown,73.5,2025,3,14
81538,49924,22039,5,60.5,2024-09-16 10:16:01+00:00,Unknown,302.5,2024,9,16
78801,50314,21939,1,37.5,2024-05-20 13:34:34+00:00,Unknown,37.5,2024,5,20
81666,48324,21454,1,24.25,2024-11-19 02:44:14+00:00,Unknown,24.25,2024,11,19
84233,50466,21710,3,85.2,2024-06-02 20:20:00+00:00,Unknown,255.6,2024,6,2
83393,49096,21972,1,21.6,2025-04-14 17:46:22+00:00,Unknown,21.6,2025,4,14
85064,48296,21932,1,20.75,2024-08-31 01:03:32.990000+00:00,"62044 Pinkie Keys, Port Willian, IL 80369-2288",20.75,2024,8,31
80462,49838,21849,1,41.99,2024-08-24 16:15:19+00:00,Unknown,41.99,2024,8,24
78545,50158,21371,1,61.19,2025-08-09 05:23:00+00:00,Unknown,61.19,2025,8,9
85566,49376,21937,1,63.6,2024-10-07 20:20:00+00:00,Unknown,63.6,2024,10,7
79444,48309,21353,1,29.0,2024-09-08 17:00:19+00:00,Unknown,29.0,2024,9,8
80821,48759,21343,1,75.0,2024-11-04 10:06:58+00:00,Unknown,75.0,2024,11,4
81737,48649,21750,1,30.5,2024-06-04 22:58:14+00:00,Unknown,30.5,2024,6,4
81222,49413,21740,2,56.5,2025-01-24 19:34:00+00:00,Unknown,113.0,2025,1,24
80501,49914,21625,1,21.5,2025-02-05 00:45:00+00:00,"Suite 417 8864 Karoline Spurs, Lake Daryl, ND 58150",21.5,2025,2,5
77912,49706,22048,3,46.0,2024-04-24 04:25:59+00:00,"854 Eric Station, North Lupe, NM 13636",138.0,2024,4,24
82611,49448,22046,1,58.99,2024-08-08 12:14:00+00:00,Unknown,58.99,2024,8,8
86166,50563,21787,2,42.0,2025-02-13 15:17:00+00:00,Unknown,84.0,2025,2,13
85879,48272,21815,1,13.5,2025-02-16 08:37:37+00:00,"4909 Lisbeth Route, Glennaland, PA 91871",13.5,2025,2,16
81619,49156,21775,3,66.0,2024-10-07 09:24:02+00:00,Unknown,198.0,2024,10,7
79829,50451,21446,1,21.6,2024-08-17 22:49:08+00:00,Unknown,21.6,2024,8,17
80113,49306,21936,1,23.99,2024-09-15 19:34:34+00:00,Unknown,23.99,2024,9,15
80094,49222,21665,1,69.99,2025-07-01 09:35:52+00:00,Unknown,69.99,2025,7,1
79111,47996,21578,5,18.75,2024-07-29 19:54:22+00:00,Unknown,93.75,2024,7,29
84641,47922,21834,1,36.6,2025-04-17 14:35:45+00:00,Unknown,36.6,2025,4,17
79517,48057,21593,1,21.6,2025-03-08 12:29:27+00:00,Unknown,21.6,2025,3,8
83884,48071,21712,2,70.0,2024-12-19 18:46:00+00:00,Unknown,140.0,2024,12,19
84223,51060,21596,2,35.25,2024-09-16 13:06:51+00:00,Unknown,70.5,2024,9,16
83756,48883,21386,1,55.2,2025-03-07 12:25:25+00:00,"2384 Lecia Parkway, East Danille, NM 81132",55.2,2025,3,7
83258,50738,21815,1,13.99,2025-05-04 16:19:19+00:00,Unknown,13.99,2025,5,4
80072,48321,21981,1,25.2,2024-07-06 21:12:00+00:00,Unknown,25.2,2024,7,6
81423,50678,21898,1,56.0,2024-09-20 08:08:57+00:00,"Suite 295 8050 Bergnaum Walk, Lake Mickeyfurt, RI 53997",56.0,2024,9,20
80452,48369,21531,1,14.5,2024-06-28 11:21:14+00:00,Unknown,14.5,2024,6,28
85427,50148,21590,1,38.5,2025-01-03 21:41:26.714000+00:00,Unknown,38.5,2025,1,3
77962,49451,21895,1,17.5,2024-10-26 05:51:06+00:00,Unknown,17.5,2024,10,26
84329,51017,21662,1,25.8,2025-04-10 01:48:37+00:00,"Apt. 533 906 Jacques Lane, North Reggiehaven, SC 07099",25.8,2025,4,10
85958,48271,21600,5,29.7,2025-02-15 23:46:50+00:00,Unknown,148.5,2025,2,15
77685,50855,21687,5,61.0,2024-11-26 16:21:03+00:00,"553 Alan Dale, Lake Emmanuelton, RI 12999",305.0,2024,11,26
81621,50108,21850,1,73.2,2024-10-14 11:12:01+00:00,Unknown,73.2,2024,10,14
80892,50423,21597,1,68.5,2024-12-31 15:34:00+00:00,Unknown,68.5,2024,12,31
80637,48923,21976,1,25.99,2024-09-04 14:45:36+00:00,"143 Yen Extension, Noahbury, NV 98629",25.99,2024,9,4
78034,49546,21396,1,65.99,2024-10-25 11:32:32+00:00,"261 Jamel Hills, Lake Reina, UT 88015",65.99,2024,10,25
80285,50501,21966,1,27.25,2024-10-27 05:16:36+00:00,Unknown,27.25,2024,10,27
80517,48677,21850,1,62.25,2024-12-20 11:42:03+00:00,Unknown,62.25,2024,12,20
86479,50879,21731,2,48.25,2024-06-14 17:16:59+00:00,Unknown,96.5,2024,6,14
78783,49656,21866,1,46.8,2025-06-15 09:59:00+00:00,Unknown,46.8,2025,6,15
80570,48491,21511,1,25.75,2024-06-30 07:30:04.186000+00:00,Unknown,25.75,2024,6,30
81348,50925,21745,4,22.5,2025-04-27 14:57:11+00:00,Unknown,90.0,2025,4,27
79933,49766,21727,1,16.79,2024-09-09 13:53:08.457000+00:00,Unknown,16.79,2024,9,9
80085,47947,21952,1,50.5,2024-03-16 03:12:20+00:00,Unknown,50.5,2024,3,16
83861,49374,21496,1,69.5,2024-07-06 22:25:29.309000+00:00,Unknown,69.5,2024,7,6
84143,47795,21464,3,62.99,2025-04-02 16:13:00+00:00,Unknown,188.97,2025,4,2
82461,49118,21907,1,56.5,2025-05-15 02:27:35+00:00,"Apt. 136 6941 Curtis Meadows, New Asleybury, WA 04856-4004",56.5,2025,5,15
78809,50118,21516,1,65.4,2024-08-10 07:31:19+00:00,Unknown,65.4,2024,8,10
82823,48024,21303,2,56.99,2024-07-31 16:36:00+00:00,Unknown,113.98,2024,7,31
85201,50125,21755,1,22.25,2025-07-27 09:29:45+00:00,Unknown,22.25,2025,7,27
77672,48353,21995,2,42.75,2025-01-16 12:24:00+00:00,Unknown,85.5,2025,1,16
81953,49072,21371,1,53.0,2025-01-09 13:48:39+00:00,"Apt. 597 76695 McClure Well, Nitzscheburgh, AR 09667-1508",53.0,2025,1,9
80591,48842,21973,1,69.0,2025-03-01 07:38:00+00:00,Unknown,69.0,2025,3,1
85568,50891,21547,2,56.75,2025-07-23 11:43:00+00:00,Unknown,113.5,2025,7,23
79202,50372,21497,1,67.0,2024-10-28 01:28:26+00:00,"Suite 242 91531 Lorenzo Springs, Mattview, MT 33829",67.0,2024,10,28
80467,47922,21826,1,46.99,2024-11-28 04:48:09+00:00,Unknown,46.99,2024,11,28
77667,49988,21779,1,44.1,2024-08-31 07:13:30+00:00,Unknown,44.1,2024,8,31
81044,48657,21325,1,57.6,2025-02-06 10:44:35+00:00,"Suite 607 9460 Daren Streets, Priceville, LA 10135",57.6,2025,2,6
84946,48602,21415,2,71.4,2025-05-16 22:52:00+00:00,Unknown,142.8,2025,5,16
83855,47824,22000,1,36.5,2024-09-20 13:41:23+00:00,Unknown,36.5,2024,9,20
81984,48200,21772,1,53.7,2024-10-22 21:00:00+00:00,"Suite 112 240 Duncan Trail, West Lauren, WV 36366-5128",53.7,2024,10,22
79946,48515,21368,1,42.25,2024-12-24 23:31:07+00:00,Unknown,42.25,2024,12,24
82930,47795,21700,1,50.4,2024-11-18 06:26:48+00:00,Unknown,50.4,2024,11,18
80565,50058,22018,1,57.25,2025-01-13 19:38:23+00:00,Unknown,57.25,2025,1,13
84054,50184,21913,1,44.0,2024-07-23 14:54:00+00:00,Unknown,44.0,2024,7,23
80897,48486,21402,1,39.99,2024-11-20 13:53:53+00:00,Unknown,39.99,2024,11,20
79463,50301,21720,1,27.0,2024-08-12 10:26:26+00:00,Unknown,27.0,2024,8,12
78413,50294,21420,1,32.1,2024-11-21 04:18:58.895000+00:00,Unknown,32.1,2024,11,21
81926,50613,21644,2,37.0,2025-02-15 01:24:48+00:00,Unknown,74.0,2025,2,15
83544,50192,21888,1,75.25,2024-09-23 03:36:00+00:00,Unknown,75.25,2024,9,23
82807,48099,21488,1,79.5,2024-11-01 07:46:33+00:00,"624 Cremin Mount, Piperburgh, KY 66536-8744",79.5,2024,11,1
77869,49960,21723,2,47.25,2024-12-14 23:16:00+00:00,Unknown,94.5,2024,12,14
78684,49570,21704,2,66.0,2024-07-21 13:46:03+00:00,Unknown,132.0,2024,7,21
82988,50000,21710,1,73.25,2024-10-02 15:26:00+00:00,Unknown,73.25,2024,10,2
82543,48132,21813,2,29.75,2024-09-05 02:20:28+00:00,Unknown,59.5,2024,9,5
81862,48509,21831,1,50.0,2024-08-07 22:15:00+00:00,Unknown,50.0,2024,8,7
78501,49825,21460,2,82.5,2024-11-07 04:36:21+00:00,"5440 Rodriguez Loaf, New Robena, LA 84772",165.0,2024,11,7
80940,50810,21618,1,56.4,2025-04-22 05:19:18+00:00,Unknown,56.4,2025,4,22
82610,49925,21299,1,64.0,2025-06-08 23:26:38+00:00,Unknown,64.0,2025,6,8
78560,48643,21872,1,48.0,2024-09-02 18:15:39+00:00,Unknown,48.0,2024,9,2
84340,50915,21455,1,61.19,2025-04-18 18:58:00+00:00,"92021 Medhurst Hollow, Port Wilsontown, KS 56381",61.19,2025,4,18
85727,47908,21840,1,15.99,2024-12-30 05:42:40.891000+00:00,"Apt. 194 965 Bryan Creek, North Emilioland, ID 77316-5159",15.99,2024,12,30
81833,49295,22017,1,38.39,2024-12-19 06:06:42+00:00,Unknown,38.39,2024,12,19
82503,48788,21617,1,30.3,2024-10-28 20:24:00+00:00,Unknown,30.3,2024,10,28
81970,50067,21599,5,69.0,2024-11-12 09:34:55+00:00,Unknown,345.0,2024,11,12
80254,49090,21833,1,78.0,2024-01-11 02:17:00+00:00,Unknown,78.0,2024,1,11
78934,50025,21754,1,27.0,2025-04-27 18:12:34.140000+00:00,Unknown,27.0,2025,4,27
81767,49718,21755,1,29.4,2024-08-16 18:57:47+00:00,Unknown,29.4,2024,8,16
86334,48607,21530,1,48.5,2024-12-22 18:32:27+00:00,"Suite 440 27043 Jesse Ways, Huelsberg, OH 04732",48.5,2024,12,22
79488,48892,21689,1,16.5,2025-03-02 21:42:42+00:00,Unknown,16.5,2025,3,2
82025,50950,21730,1,38.7,2025-04-28 15:55:00+00:00,Unknown,38.7,2025,4,28
80670,50396,21854,1,70.8,2025-01-03 03:01:12.119000+00:00,Unknown,70.8,2025,1,3
84489,49841,21823,1,64.25,2024-05-26 13:07:00+00:00,Unknown,64.25,2024,5,26
80470,48441,21869,1,28.99,2024-12-27 07:53:21+00:00,Unknown,28.99,2024,12,27
85144,50916,21364,1,85.8,2024-08-16 18:29:48+00:00,Unknown,85.8,2024,8,16
81451,48708,21558,1,17.5,2025-03-07 21:42:00+00:00,"Apt. 777 71791 Lucienne Bypass, New Vadaview, ID 77164-2435",17.5,2025,3,7
79850,50871,21926,5,44.75,2024-05-20 12:17:51+00:00,Unknown,223.75,2024,5,20
84284,48968,21816,1,68.25,2024-07-12 16:57:53+00:00,"5244 Welch Greens, Gavinfurt, CA 07855-2282",68.25,2024,7,12
84714,48786,21768,4,24.6,2024-09-29 02:46:54.828000+00:00,"7316 Taina Village, New Timothy, MO 49817",98.4,2024,9,29
81298,49740,21896,1,17.75,2024-12-16 01:02:00+00:00,Unknown,17.75,2024,12,16
77697,49595,21404,1,22.99,2025-01-06 11:06:46+00:00,Unknown,22.99,2025,1,6
77597,48800,21306,1,47.0,2024-12-12 23:02:00+00:00,Unknown,47.0,2024,12,12
80225,50875,21770,1,21.5,2025-01-14 18:59:53+00:00,"Suite 350 64453 Conn Plain, Teddytown, ME 93937-2421",21.5,2025,1,14
85785,49395,21694,2,28.0,2025-08-01 01:36:43+00:00,Unknown,56.0,2025,8,1
84865,49568,21963,1,37.99,2025-01-26 16:43:00+00:00,Unknown,37.99,2025,1,26
83348,49418,21398,1,33.75,2024-08-10 02:28:37+00:00,Unknown,33.75,2024,8,10
81341,47679,22013,2,48.0,2025-03-17 08:27:00+00:00,Unknown,96.0,2025,3,17
78504,47803,22021,1,15.5,2025-02-14 22:59:12+00:00,"Apt. 692 60968 Heriberto Harbor, North Shanae, KS 23344-9937",15.5,2025,2,14
79576,50945,21734,1,58.2,2025-03-06 21:02:45+00:00,Unknown,58.2,2025,3,6
81082,48530,21937,5,51.5,2025-01-13 16:47:00+00:00,Unknown,257.5,2025,1,13
81470,50017,21346,1,46.75,2025-01-10 00:17:06+00:00,Unknown,46.75,2025,1,10
85757,49649,21615,1,47.5,2024-10-30 03:11:54+00:00,Unknown,47.5,2024,10,30
83914,49300,21660,2,31.0,2025-01-10 19:30:59+00:00,Unknown,62.0,2025,1,10
79053,48043,21875,1,58.2,2025-01-10 21:56:50+00:00,Unknown,58.2,2025,1,10
79069,48848,22024,3,87.3,2024-06-25 00:39:20+00:00,"Apt. 531 6169 Brandee Locks, Brakusfort, KY 37295-5476",261.9,2024,6,25
81719,49036,21720,1,30.5,2024-12-13 15:01:02+00:00,"Suite 925 27640 Yuko Groves, Hermannborough, KY 14813",30.5,2024,12,13
86200,49949,21865,1,69.0,2025-01-03 13:48:52+00:00,"1464 Anderson Pine, New Leighstad, HI 76610",69.0,2025,1,3
86394,48409,22001,1,60.0,2025-05-23 06:29:26+00:00,Unknown,60.0,2025,5,23
85073,50332,21430,2,66.9,2024-07-24 16:52:52+00:00,"236 Cole Walk, North Elvina, ID 20126-1950",133.8,2024,7,24
82806,49053,21615,2,48.75,2024-09-12 07:23:36+00:00,"93252 Erwin Points, Vandervortbury, ME 39248-8835",97.5,2024,9,12
78579,48859,21557,1,80.4,2025-01-08 17:01:49+00:00,"Apt. 765 260 Langosh Run, Casperbury, HI 67484-6398",80.4,2025,1,8
83098,48241,21498,1,22.25,2024-08-10 16:37:17+00:00,Unknown,22.25,2024,8,10
81209,48216,21853,1,55.25,2024-08-27 20:41:00+00:00,Unknown,55.25,2024,8,27
85177,50038,21796,1,33.6,2025-02-07 14:13:13+00:00,"24235 Terrence Lodge, Altenwerthside, PA 81211-3429",33.6,2025,2,7
80451,50857,21456,2,62.0,2025-04-12 16:40:00+00:00,Unknown,124.0,2025,4,12
83390,51059,21922,3,31.19,2025-01-13 22:24:36+00:00,Unknown,93.57,2025,1,13
81689,48680,21640,1,44.25,2025-04-09 05:23:13+00:00,Unknown,44.25,2025,4,9
78620,49062,21404,2,27.0,2024-10-26 18:31:24.361000+00:00,Unknown,54.0,2024,10,26
78288,48919,21359,2,23.0,2024-10-25 11:17:14+00:00,"Suite 795 306 Runolfsson Centers, Lake Gabriel, NJ 60152",46.0,2024,10,25
80356,49660,21610,2,64.2,2025-01-23 22:46:56+00:00,Unknown,128.4,2025,1,23
80677,48144,21849,2,33.25,2025-05-04 10:04:19+00:00,Unknown,66.5,2025,5,4
84611,49064,21517,1,63.25,2024-09-26 03:15:02+00:00,Unknown,63.25,2024,9,26
78922,49042,21949,1,46.0,2025-01-07 22:26:00+00:00,"933 Debra Park, Lake Omegaborough, OR 74989-2928",46.0,2025,1,7
84740,50078,21414,2,47.0,2024-02-01 16:29:00+00:00,Unknown,94.0,2024,2,1
79483,48126,21509,1,42.0,2024-10-06 16:09:36+00:00,Unknown,42.0,2024,10,6
82871,49506,21529,1,16.8,2024-10-17 08:03:00+00:00,Unknown,16.8,2024,10,17
78421,48095,22025,1,55.0,2024-07-01 17:44:17+00:00,Unknown,55.0,2024,7,1
79093,49207,21970,1,68.75,2024-09-26 05:49:31+00:00,Unknown,68.75,2024,9,26
85944,50397,21411,1,32.75,2024-08-30 19:56:08+00:00,"Suite 153 426 Lannie Stravenue, Effertzbury, ME 14257-6318",32.75,2024,8,30
80742,47859,21615,1,43.5,2024-11-07 12:52:26+00:00,Unknown,43.5,2024,11,7
83840,48175,21712,1,74.25,2025-01-11 18:32:00+00:00,Unknown,74.25,2025,1,11
86069,49589,21743,1,37.25,2025-04-02 03:31:22+00:00,Unknown,37.25,2025,4,2
82856,49430,21721,1,55.75,2024-06-20 18:58:16+00:00,Unknown,55.75,2024,6,20
83943,49693,21627,1,69.99,2024-04-14 01:55:00+00:00,Unknown,69.99,2024,4,14
81892,48255,21774,3,21.0,2024-07-11 18:00:00+00:00,Unknown,63.0,2024,7,11
86463,50272,21621,1,66.0,2025-02-12 14:11:43+00:00,"Suite 523 99715 Gabrielle Club, Allanfort, OH 51834-3029",66.0,2025,2,12
84752,50088,21471,2,26.99,2024-09-24 20:11:52+00:00,Unknown,53.98,2024,9,24
78823,48536,21350,1,39.3,2025-05-10 23:05:00+00:00,"Apt. 213 9863 Von Center, Eleanoretown, MD 81804",39.3,2025,5,10
85962,48508,21719,1,62.25,2025-04-30 19:49:27.302000+00:00,Unknown,62.25,2025,4,30
82146,47832,21346,3,42.0,2024-11-30 19:21:56+00:00,Unknown,126.0,2024,11,30
86196,50424,21815,3,15.25,2025-02-03 20:16:00+00:00,Unknown,45.75,2025,2,3
81889,49862,21594,3,17.1,2025-04-23 19:59:29+00:00,"124 Isiah Overpass, West Lanellemouth, WI 67772-3275",51.3,2025,4,23
85794,49712,21391,1,64.5,2024-11-16 18:37:00+00:00,"Apt. 297 384 Steuber Oval, South Makeda, NJ 46622",64.5,2024,11,16
84343,50474,21997,2,71.75,2024-11-08 12:23:43.038000+00:00,"Suite 908 528 Heathcote Fields, Port Nisha, VA 87997-3678",143.5,2024,11,8
78822,51035,21725,5,37.75,2024-09-07 03:43:00+00:00,Unknown,188.75,2024,9,7
83718,48878,21699,2,23.25,2024-10-16 23:47:59+00:00,Unknown,46.5,2024,10,16
80255,48413,21616,1,36.5,2025-01-29 19:38:57+00:00,Unknown,36.5,2025,1,29
83158,50498,21662,2,25.25,2025-02-14 19:14:14+00:00,Unknown,50.5,2025,2,14
79990,50632,21433,1,58.2,2024-12-11 11:38:00+00:00,Unknown,58.2,2024,12,11
81289,49713,21658,1,57.99,2025-01-04 17:12:25+00:00,"87512 Herman Turnpike, East Nedamouth, MA 73952-0558",57.99,2025,1,4
84062,50008,21885,1,60.0,2024-08-28 09:38:31+00:00,Unknown,60.0,2024,8,28
80175,49291,21835,2,73.5,2025-03-24 16:51:58+00:00,Unknown,147.0,2025,3,24
85123,50952,21805,2,61.5,2024-06-15 08:02:44+00:00,"Apt. 702 5215 Davida Avenue, Nataliefort, MA 42986",123.0,2024,6,15
80241,48695,21587,3,68.5,2025-07-28 19:23:05+00:00,"41787 Heathcote Dale, Monnieton, KY 16660-6519",205.5,2025,7,28
82064,48316,21311,2,19.75,2024-08-25 18:43:00+00:00,Unknown,39.5,2024,8,25
80887,47758,21764,1,60.6,2024-11-08 18:27:14+00:00,Unknown,60.6,2024,11,8
79928,50823,21599,1,57.0,2024-06-15 05:55:33+00:00,Unknown,57.0,2024,6,15
79887,49196,21605,1,48.5,2024-09-16 04:31:00+00:00,"232 Margarite Via, Lake Valencia, NJ 64331",48.5,2024,9,16
79538,49998,21330,2,55.2,2025-02-24 13:44:02+00:00,Unknown,110.4,2025,2,24
84930,50452,21345,1,71.25,2025-01-23 21:21:02+00:00,Unknown,71.25,2025,1,23
83395,49204,21298,3,52.99,2024-06-11 07:07:10+00:00,"Suite 232 11075 McGlynn Plaza, Seanfurt, ID 75287-2590",158.97,2024,6,11
84824,48761,21995,5,41.5,2024-05-01 08:29:19+00:00,"6890 Elsy Place, Justinland, NY 62986-3085",207.5,2024,5,1
83972,48722,21712,1,90.0,2024-09-10 02:11:22+00:00,Unknown,90.0,2024,9,10
79416,49067,21781,1,76.8,2025-03-15 18:07:35+00:00,Unknown,76.8,2025,3,15
85475,49332,21371,2,66.6,2024-11-07 13:33:38+00:00,Unknown,133.2,2024,11,7
81766,50022,21608,1,61.2,2024-09-03 14:18:17+00:00,Unknown,61.2,2024,9,3
86400,47807,21527,1,28.25,2025-01-28 13:29:31+00:00,"63186 Hauck Mission, Nikolausland, NJ 95817-1549",28.25,2025,1,28
80660,49708,21823,1,62.75,2025-05-22 16:14:23+00:00,Unknown,62.75,2025,5,22
79018,48221,21551,1,18.0,2024-07-12 13:19:00+00:00,"4485 Dell Place, O'Haraborough, NV 06131-9713",18.0,2024,7,12
86306,48085,21364,1,88.8,2024-12-31 16:27:00+00:00,"576 Boehm Wall, Jaspershire, MT 64985",88.8,2024,12,31
85948,48440,21947,1,62.5,2025-08-04 12:43:50+00:00,Unknown,62.5,2025,8,4
85065,49003,21771,3,72.0,2024-10-22 22:26:37+00:00,"5526 Shawnta Orchard, East Elbert, WV 67444-9730",216.0,2024,10,22
79801,49826,21625,1,18.5,2024-10-06 12:50:00+00:00,Unknown,18.5,2024,10,6
79529,48466,21952,2,49.0,2025-04-12 12:49:13.572000+00:00,"960 Schamberger Vista, Altenwerthberg, CO 30201-5735",98.0,2025,4,12
82979,50497,21490,2,66.0,2025-01-02 03:11:05+00:00,Unknown,132.0,2025,1,2
80629,47711,21558,1,24.9,2025-07-07 19:44:09+00:00,Unknown,24.9,2025,7,7
85388,51061,21813,1,32.0,2025-01-21 07:40:28+00:00,Unknown,32.0,2025,1,21
78832,50975,21582,2,63.0,2024-05-03 10:50:08+00:00,Unknown,126.0,2024,5,3
83765,48389,21478,1,47.99,2025-01-04 18:19:06.079000+00:00,"Suite 141 709 Trent Summit, Mosciskiburgh, AR 02037",47.99,2025,1,4
86431,50582,21776,1,74.0,2025-02-07 14:02:30+00:00,Unknown,74.0,2025,2,7
86439,49494,21538,1,71.99,2024-12-01 07:04:19+00:00,"Apt. 431 709 Corkery Rapids, West Zacherybury, NE 45613-5136",71.99,2024,12,1
81019,50592,21979,2,31.0,2024-07-30 20:23:30+00:00,Unknown,62.0,2024,7,30
80682,47968,21406,1,71.0,2024-09-02 03:42:44.684000+00:00,Unknown,71.0,2024,9,2
85969,47854,21831,1,53.0,2024-06-25 13:50:44+00:00,Unknown,53.0,2024,6,25
81558,51054,21601,4,63.9,2024-10-25 04:06:35.697000+00:00,Unknown,255.6,2024,10,25
78622,50443,21490,1,75.9,2024-06-27 16:49:54+00:00,"943 Kuhlman Manor, Josephfort, MD 65553",75.9,2024,6,27
84728,49353,21875,4,47.75,2025-06-29 08:25:56+00:00,Unknown,191.0,2025,6,29
83481,48411,21411,1,33.0,2024-12-12 18:08:51+00:00,Unknown,33.0,2024,12,12
80575,47672,22032,1,43.2,2024-10-20 12:07:53+00:00,Unknown,43.2,2024,10,20
83275,48875,21448,1,28.8,2024-09-28 10:40:00+00:00,Unknown,28.8,2024,9,28
84915,50048,21393,1,53.75,2024-12-27 08:42:00+00:00,Unknown,53.75,2024,12,27
80975,48197,21836,3,48.99,2025-02-05 20:39:59+00:00,Unknown,146.97,2025,2,5
78558,48452,21955,1,55.5,2025-06-26 04:24:20+00:00,Unknown,55.5,2025,6,26
79114,50300,21578,1,26.4,2024-08-29 06:05:33+00:00,Unknown,26.4,2024,8,29
83025,50313,21458,1,80.1,2025-01-06 12:53:18+00:00,Unknown,80.1,2025,1,6
80471,48670,21557,1,78.0,2025-05-05 01:52:42+00:00,Unknown,78.0,2025,5,5
83399,49227,21859,1,74.99,2025-09-11 21:20:15+00:00,Unknown,74.99,2025,9,11
79172,48144,21865,1,85.2,2024-05-12 06:40:26+00:00,Unknown,85.2,2024,5,12
82267,50141,21422,2,15.25,2024-08-15 17:43:22+00:00,"89743 Emery Via, Noblestad, OR 31801",30.5,2024,8,15
80557,48496,21821,1,68.99,2024-07-10 18:46:10+00:00,"Suite 520 796 Raynor Spur, Feeststad, TN 62808",68.99,2024,7,10
84168,50914,21299,1,61.5,2024-09-05 09:21:21+00:00,Unknown,61.5,2024,9,5
81112,48201,21508,1,22.5,2025-05-20 17:08:19+00:00,Unknown,22.5,2025,5,20
79033,48141,22022,1,64.79,2024-09-05 06:42:41+00:00,"Apt. 398 22366 Sandy Orchard, South Kyrafurt, NH 39582-1412",64.79,2024,9,5
81030,48690,21347,1,42.6,2025-12-05 01:25:25+00:00,Unknown,42.6,2025,12,5
82565,48205,21751,4,69.99,2024-12-30 12:32:00+00:00,Unknown,279.96,2024,12,30
85165,50862,21967,1,41.0,2025-02-15 19:39:32+00:00,"Apt. 229 442 Shemika Radial, Elidiaville, AZ 72257",41.0,2025,2,15
82683,49412,21764,1,47.0,2024-11-15 17:41:00+00:00,Unknown,47.0,2024,11,15
82251,49989,21372,3,37.0,2025-04-21 06:09:42+00:00,Unknown,111.0,2025,4,21
77933,48583,21834,4,31.2,2025-06-09 11:10:54+00:00,Unknown,124.8,2025,6,9
78193,48785,21706,4,17.25,2025-03-18 13:48:00+00:00,Unknown,69.0,2025,3,18
78551,49607,21308,2,43.8,2024-05-03 01:47:00+00:00,Unknown,87.6,2024,5,3
80839,48253,21865,1,67.0,2024-09-06 17:53:22+00:00,Unknown,67.0,2024,9,6
82179,48302,21458,1,64.0,2024-06-19 00:28:52.250000+00:00,"6041 Lynwood Alley, New Darell, WY 89186-0428",64.0,2024,6,19
77753,47745,21582,2,62.0,2024-05-17 14:53:41+00:00,Unknown,124.0,2024,5,17
81575,50618,21685,1,65.99,2024-06-06 17:01:50+00:00,Unknown,65.99,2024,6,6
83105,48762,21949,1,52.2,2024-09-30 11:49:04+00:00,Unknown,52.2,2024,9,30
83749,49076,21879,1,58.5,2024-09-23 18:02:22+00:00,Unknown,58.5,2024,9,23
77645,48604,21862,2,56.0,2024-10-19 15:11:44+00:00,Unknown,112.0,2024,10,19
80889,48396,21803,1,50.0,2024-09-26 03:07:06+00:00,"416 Omar Island, South Janene, CO 10938-0597",50.0,2024,9,26
86252,49707,21681,1,34.5,2025-05-16 08:59:36+00:00,Unknown,34.5,2025,5,16
83960,48297,21356,1,27.59,2024-12-09 19:19:00+00:00,Unknown,27.59,2024,12,9
85457,49752,21794,1,33.0,2024-12-05 02:10:35+00:00,"Suite 712 70652 Katia Port, South Brianaberg, NM 52533",33.0,2024,12,5
85951,51064,21514,5,73.75,2024-12-28 03:49:20+00:00,"429 Renner Oval, Port Dexterside, UT 29605-3966",368.75,2024,12,28
85286,48263,21320,1,58.0,2024-10-01 08:53:35+00:00,"519 McClure Skyway, South Ottoview, DE 41110",58.0,2024,10,1
85806,48936,21788,2,30.0,2025-03-13 22:48:26+00:00,Unknown,60.0,2025,3,13
78334,50848,22002,3,64.0,2024-07-03 06:49:28+00:00,Unknown,192.0,2024,7,3
82970,49472,21307,1,25.25,2025-04-12 17:34:00+00:00,Unknown,25.25,2025,4,12
84862,50972,22029,2,81.0,2024-11-28 15:41:21+00:00,Unknown,162.0,2024,11,28
83295,50905,21573,1,28.0,2024-12-07 09:23:26+00:00,Unknown,28.0,2024,12,7
86157,49343,21324,1,27.0,2025-05-05 15:23:39+00:00,Unknown,27.0,2025,5,5
83170,48975,21758,1,44.0,2025-01-08 12:41:26+00:00,Unknown,44.0,2025,1,8
79162,47675,21789,1,26.0,2024-11-14 18:01:00+00:00,Unknown,26.0,2024,11,14
80273,47790,21798,2,55.25,2024-08-01 04:06:00+00:00,"Suite 247 447 Buckridge Station, North Diedrachester, VT 05147",110.5,2024,8,1
79409,50012,21803,2,47.0,2024-12-13 04:54:55+00:00,Unknown,94.0,2024,12,13
77961,50465,21540,1,34.8,2024-06-25 09:10:34+00:00,"5316 Wolff Circles, Port Setsuko, OK 32053-4366",34.8,2024,6,25
77866,49200,21832,1,41.1,2025-01-17 07:16:58+00:00,Unknown,41.1,2025,1,17
80436,48198,21358,1,18.0,2024-12-28 12:47:05+00:00,Unknown,18.0,2024,12,28
78017,49146,21879,2,55.0,2024-12-28 16:28:00+00:00,Unknown,110.0,2024,12,28
77746,49643,21322,2,32.0,2024-10-05 10:58:47.543000+00:00,Unknown,64.0,2024,10,5
78377,48007,21479,1,73.2,2024-10-15 01:17:00+00:00,"660 Daniel Shoal, Ferryborough, MT 17205-2531",73.2,2024,10,15
79876,47894,21659,2,32.25,2024-10-18 21:09:58+00:00,"Suite 146 1538 Okuneva Shoal, Ferryton, NJ 48815-6781",64.5,2024,10,18
83103,49030,21895,1,22.2,2024-07-29 02:49:32+00:00,"Apt. 860 81983 Rivka Forest, Amaliaview, UT 35036-0268",22.2,2024,7,29
85911,50463,21364,1,89.4,2024-06-22 05:46:12+00:00,"3576 Peg Spring, Port Richard, OH 35984-2244",89.4,2024,6,22
84724,48474,21792,2,73.8,2025-09-06 05:57:00+00:00,Unknown,147.6,2025,9,6
78797,48136,21909,1,28.25,2025-02-06 11:30:30+00:00,"98874 Lehner Creek, East Joshuabury, MD 25912-0890",28.25,2025,2,6
84529,48296,21643,2,14.5,2024-10-31 16:57:51+00:00,Unknown,29.0,2024,10,31
86139,48966,21668,1,53.75,2024-09-15 19:21:37+00:00,Unknown,53.75,2024,9,15
79593,50297,22053,1,63.0,2025-04-04 20:53:32+00:00,Unknown,63.0,2025,4,4
81848,48996,21806,1,61.0,2024-11-10 13:18:00+00:00,"Suite 238 6441 Turcotte Inlet, Beerbury, GA 36724-0542",61.0,2024,11,10
80784,50816,21893,1,84.3,2025-03-24 01:17:00+00:00,Unknown,84.3,2025,3,24
85218,50339,21771,1,89.99,2025-03-29 00:41:12+00:00,Unknown,89.99,2025,3,29
82555,49742,21981,1,23.25,2024-10-31 18:38:54+00:00,Unknown,23.25,2024,10,31
84774,50005,21624,1,21.0,2025-07-06 10:17:00+00:00,"2309 Ismael Stravenue, New Jacob, MS 70373-4201",21.0,2025,7,6
83647,49329,21352,1,39.0,2024-09-29 13:04:00+00:00,Unknown,39.0,2024,9,29
81832,49194,21835,1,68.25,2024-11-21 00:03:42+00:00,Unknown,68.25,2024,11,21
81676,49080,21991,3,90.3,2025-04-01 22:21:46+00:00,"4757 Breana Turnpike, South Sunni, CO 38083",270.9,2025,4,1
83007,50605,21964,4,69.5,2025-03-01 14:21:03+00:00,Unknown,278.0,2025,3,1
80587,48426,21500,3,30.25,2025-02-07 20:49:00+00:00,Unknown,90.75,2025,2,7
80298,49404,21369,1,37.0,2024-03-26 08:03:00+00:00,Unknown,37.0,2024,3,26
86272,48896,21332,1,12.25,2025-05-27 12:00:18+00:00,"63362 Robert Springs, Dickichester, IA 30204-4734",12.25,2025,5,27
79812,50405,21561,1,70.5,2025-01-17 17:24:09+00:00,Unknown,70.5,2025,1,17
82207,48911,21441,3,23.0,2025-05-03 15:01:00+00:00,"3790 Cletus Spring, New Jameton, MA 16698-8899",69.0,2025,5,3
82077,49326,21673,1,47.7,2024-12-28 15:20:10+00:00,Unknown,47.7,2024,12,28
80843,50072,21904,1,44.75,2024-08-24 04:11:00+00:00,Unknown,44.75,2024,8,24
85214,47827,21979,4,40.8,2024-10-17 11:23:00+00:00,"Apt. 856 706 Lynn Prairie, Boehmberg, NY 35327",163.2,2024,10,17
79004,47779,21863,1,44.0,2024-12-01 13:20:34+00:00,Unknown,44.0,2024,12,1
80352,48228,21592,1,63.5,2025-02-21 19:09:59+00:00,Unknown,63.5,2025,2,21
85721,48219,21980,5,14.5,2025-02-12 20:02:52+00:00,Unknown,72.5,2025,2,12
86159,48062,21744,1,56.0,2025-01-12 11:29:48+00:00,"Suite 648 36683 Breitenberg Underpass, New Chet, IA 90233",56.0,2025,1,12
82817,48056,21945,1,18.99,2024-12-27 03:20:57+00:00,"11708 Clifton Knoll, West Guy, PA 50885",18.99,2024,12,27
81420,48836,21924,5,55.5,2024-12-27 22:29:29+00:00,Unknown,277.5,2024,12,27
81541,48804,21688,1,18.99,2025-01-06 09:20:00+00:00,"Suite 718 4386 Wunsch Points, Kittyton, MD 38921",18.99,2025,1,6
84579,50754,21467,1,48.0,2024-12-18 03:34:53+00:00,"Apt. 350 744 Karren Rapids, North Tory, PA 61430-8064",48.0,2024,12,18
79072,49472,21316,1,35.0,2025-02-23 11:05:33+00:00,Unknown,35.0,2025,2,23
83817,47911,21754,1,28.0,2025-01-21 00:07:04+00:00,Unknown,28.0,2025,1,21
84364,48578,21380,1,68.0,2025-03-21 17:44:55+00:00,Unknown,68.0,2025,3,21
82997,48753,21353,1,35.99,2024-08-11 19:25:45+00:00,Unknown,35.99,2024,8,11
83546,48120,21297,3,33.3,2025-03-11 04:54:57+00:00,"370 Lind Extension, Boscomouth, MT 74876",99.9,2025,3,11
82384,50229,21621,1,68.99,2024-11-05 17:03:06+00:00,"Suite 429 11177 Roberta Plains, Starkview, LA 48297",68.99,2024,11,5
79188,47805,21360,1,60.5,2024-07-22 12:07:01+00:00,Unknown,60.5,2024,7,22
77919,49723,21907,2,55.5,2024-09-25 09:47:08+00:00,"Apt. 738 472 Marco Shores, South Tysonmouth, NE 39763",111.0,2024,9,25
82852,47717,21395,1,73.8,2024-09-24 18:16:47+00:00,"Apt. 395 8118 Weimann Radial, Hauckmouth, TX 96209-5581",73.8,2024,9,24
83998,48814,21451,1,74.75,2025-05-08 00:49:17.178000+00:00,Unknown,74.75,2025,5,8
83315,50910,21949,2,41.5,2024-09-25 17:06:00+00:00,"70452 Dominga Isle, West Tressa, MD 40096",83.0,2024,9,25
80338,47727,21380,1,81.6,2025-05-11 11:02:07+00:00,"693 Wunsch Crest, Austinville, NV 75132-4855",81.6,2025,5,11
85715,50021,21545,1,37.2,2025-07-30 14:26:00+00:00,Unknown,37.2,2025,7,30
83807,49414,21965,1,61.25,2024-08-04 23:26:01+00:00,"Apt. 434 86586 Luettgen Springs, South Demarcus, MA 77781-3110",61.25,2024,8,4
82245,49273,21315,1,73.75,2025-01-08 03:36:00+00:00,"388 Arden Point, New Aleenhaven, VA 29633",73.75,2025,1,8
81182,48868,21756,2,31.8,2024-08-18 12:08:51+00:00,Unknown,63.6,2024,8,18
83359,50328,21766,2,69.6,2024-08-06 23:31:51+00:00,Unknown,139.2,2024,8,6
86023,50242,22013,1,55.2,2025-01-15 02:06:37.946000+00:00,Unknown,55.2,2025,1,15
78211,49091,21353,1,33.59,2024-10-21 03:56:54+00:00,Unknown,33.59,2024,10,21
81140,50410,21578,1,19.25,2025-05-08 22:47:23+00:00,Unknown,19.25,2025,5,8
77875,48132,21883,1,34.25,2024-08-12 08:47:47+00:00,"Apt. 649 1935 Salvador Lights, Dickensburgh, OK 14139-4051",34.25,2024,8,12
78416,48970,21447,1,46.25,2024-12-06 15:56:41+00:00,"27251 Kuhlman Glen, North Madelyn, MA 38192",46.25,2024,12,6
79547,48231,22027,1,40.5,2024-10-01 08:21:24.375000+00:00,Unknown,40.5,2024,10,1
78107,48856,22007,1,49.8,2024-08-23 00:37:07+00:00,Unknown,49.8,2024,8,23
77750,50334,21388,1,16.0,2025-05-19 00:29:00+00:00,Unknown,16.0,2025,5,19
84816,49085,21950,1,52.0,2025-04-18 00:35:46+00:00,"Suite 421 442 Kandace Knolls, Port Leonelshire, GA 31667-9432",52.0,2025,4,18
80477,49329,21563,1,72.5,2024-07-04 14:37:00+00:00,"Suite 135 606 Jamel Alley, Lake Everetteton, VT 33419",72.5,2024,7,4
86489,49884,21399,1,66.5,2024-12-20 16:14:39+00:00,Unknown,66.5,2024,12,20
85642,50750,21324,1,30.0,2024-12-20 11:37:00+00:00,Unknown,30.0,2024,12,20
77656,50561,21873,1,74.5,2024-08-06 09:17:00.348000+00:00,Unknown,74.5,2024,8,6
79085,47902,21305,1,31.2,2025-01-23 05:42:53+00:00,Unknown,31.2,2025,1,23
83604,48669,21426,2,78.0,2024-08-24 15:32:05+00:00,Unknown,156.0,2024,8,24
83058,49716,21353,1,27.25,2025-01-17 05:37:33+00:00,Unknown,27.25,2025,1,17
79606,47694,21344,1,51.0,2024-03-01 18:21:37+00:00,Unknown,51.0,2024,3,1
84314,50295,21970,1,70.25,2024-08-13 07:11:16+00:00,Unknown,70.25,2024,8,13
84750,50421,21828,2,15.25,2025-02-12 06:02:00+00:00,"659 Angel Fields, South Dannyfurt, ID 11003",30.5,2025,2,12
79670,50964,21583,3,57.25,2025-03-08 08:11:41+00:00,Unknown,171.75,2025,3,8
78317,47963,21481,1,24.0,2025-05-02 10:03:29+00:00,Unknown,24.0,2025,5,2
82743,49991,22051,1,29.99,2024-08-28 05:40:28.224000+00:00,"270 Harber Garden, New Shaunte, MA 85613-6733",29.99,2024,8,28
81383,48469,21335,1,33.5,2024-10-29 12:16:20+00:00,Unknown,33.5,2024,10,29
83420,49302,21697,1,77.99,2024-10-25 11:35:45+00:00,Unknown,77.99,2024,10,25
82884,48486,21891,1,80.4,2024-10-17 00:28:33+00:00,Unknown,80.4,2024,10,17
84292,48095,21785,1,61.0,2025-03-21 11:41:02+00:00,Unknown,61.0,2025,3,21
78047,50073,21932,4,19.75,2025-02-28 20:23:14+00:00,Unknown,79.0,2025,2,28
85375,50878,21604,3,72.5,2024-10-09 11:26:26+00:00,Unknown,217.5,2024,10,9
85203,50022,21605,1,45.0,2025-04-12 12:08:18+00:00,"Suite 873 41178 Everette Extension, Lake Shaunaberg, NY 22425-6077",45.0,2025,4,12
82408,49696,21855,2,56.0,2024-06-27 09:20:14+00:00,Unknown,112.0,2024,6,27
85595,50821,21737,1,20.0,2024-11-19 22:14:00+00:00,Unknown,20.0,2024,11,19
77957,50899,21915,1,33.75,2024-09-24 23:48:39+00:00,Unknown,33.75,2024,9,24
82259,50150,21750,2,29.75,2024-12-24 05:39:39+00:00,Unknown,59.5,2024,12,24
79265,50052,21307,1,33.6,2025-03-30 00:48:49+00:00,"Suite 458 99710 Renner Forks, South Mandieburgh, NE 46946",33.6,2025,3,30
85628,50522,21890,1,69.25,2024-10-18 18:51:33+00:00,Unknown,69.25,2024,10,18
85267,50369,21651,1,63.0,2025-05-01 19:37:00+00:00,Unknown,63.0,2025,5,1
84708,50657,21855,1,70.8,2025-04-13 04:13:00+00:00,Unknown,70.8,2025,4,13
81890,50218,21694,1,30.6,2024-10-30 12:33:17+00:00,Unknown,30.6,2024,10,30
78295,48943,21752,1,68.4,2024-06-09 00:52:45.846000+00:00,Unknown,68.4,2024,6,9
81067,50241,21597,2,80.4,2024-07-25 13:38:30+00:00,Unknown,160.8,2024,7,25
84084,50423,21488,1,66.5,2025-01-22 23:05:25+00:00,Unknown,66.5,2025,1,22
86367,48395,21358,1,21.0,2024-05-11 09:18:00+00:00,Unknown,21.0,2024,5,11
77701,49661,21833,2,80.7,2024-08-20 15:06:23+00:00,"Apt. 606 905 Kirlin Crescent, North Cathrineton, CA 82896-1684",161.4,2024,8,20
78266,49914,21526,2,22.0,2025-07-02 03:52:57+00:00,Unknown,44.0,2025,7,2
78425,50744,21620,2,34.5,2024-12-21 21:05:31+00:00,Unknown,69.0,2024,12,21
82671,50488,21535,1,51.75,2024-07-01 07:34:52+00:00,Unknown,51.75,2024,7,1
79243,50916,21666,1,77.4,2025-03-16 03:34:00+00:00,Unknown,77.4,2025,3,16
80556,50662,21765,3,26.25,2025-02-24 08:57:00+00:00,Unknown,78.75,2025,2,24
84730,50021,21853,1,64.8,2024-04-27 02:12:23+00:00,Unknown,64.8,2024,4,27
85412,48775,21495,1,50.5,2025-04-20 11:32:03+00:00,"5681 Pfannerstill Mews, East Brianneborough, SC 06137-3328",50.5,2025,4,20
83475,50258,21544,1,17.99,2024-12-02 07:31:11+00:00,"5518 Normand Land, Juanaborough, NY 09415-3094",17.99,2024,12,2
86338,49439,21450,1,28.5,2024-07-15 21:55:58+00:00,"60226 Joycelyn Forest, Rebecaborough, CO 50858",28.5,2024,7,15
80458,48835,21505,1,39.0,2024-06-06 00:54:00+00:00,Unknown,39.0,2024,6,6
78704,50613,21960,1,70.2,2025-01-20 00:13:00+00:00,Unknown,70.2,2025,1,20
78996,50236,21980,1,15.59,2025-01-31 22:22:00+00:00,"22744 Harriett Row, Jamarland, ID 23245",15.59,2025,1,31
85784,49239,22000,1,41.1,2024-10-14 07:45:00+00:00,Unknown,41.1,2024,10,14
77862,49604,21766,2,60.75,2024-10-02 22:37:20+00:00,Unknown,121.5,2024,10,2
79677,51070,21974,1,62.99,2024-11-25 10:55:07.296000+00:00,Unknown,62.99,2024,11,25
85822,50462,21950,5,49.5,2024-05-27 01:20:00+00:00,Unknown,247.5,2024,5,27
86220,50563,21493,1,28.75,2024-07-02 03:51:37+00:00,Unknown,28.75,2024,7,2
79633,49281,21390,1,59.4,2024-07-21 07:55:38+00:00,"Suite 518 94047 Wilkinson Mountain, Port Alva, ND 57007",59.4,2024,7,21
80420,47997,22047,1,66.25,2025-05-29 20:29:51+00:00,Unknown,66.25,2025,5,29
82320,49605,21463,1,28.0,2024-10-13 11:23:44+00:00,Unknown,28.0,2024,10,13
84305,50567,21410,1,24.99,2025-05-01 14:24:34+00:00,Unknown,24.99,2025,5,1
78269,48463,21785,1,75.59,2024-12-29 10:32:44+00:00,Unknown,75.59,2024,12,29
84093,48379,21339,3,67.5,2024-09-08 01:39:07+00:00,Unknown,202.5,2024,9,8
83895,48071,21713,1,43.75,2024-10-12 01:13:40+00:00,Unknown,43.75,2024,10,12
82943,49792,21796,1,29.5,2025-07-30 21:56:56+00:00,Unknown,29.5,2025,7,30
77989,49948,21876,1,35.99,2025-01-30 16:39:49+00:00,Unknown,35.99,2025,1,30
85092,48387,21884,1,35.5,2024-11-15 07:49:35+00:00,Unknown,35.5,2024,11,15
85945,49650,21689,2,25.2,2025-06-27 17:24:39+00:00,Unknown,50.4,2025,6,27
79460,50286,21697,1,64.99,2025-05-13 20:30:19+00:00,Unknown,64.99,2025,5,13
77827,50709,21598,1,23.5,2024-08-13 14:30:22+00:00,"Apt. 415 5666 Hudson Parks, South Boyd, MS 42094",23.5,2024,8,13
81602,48906,22055,1,53.99,2025-03-16 04:25:54+00:00,Unknown,53.99,2025,3,16
78516,47946,22053,1,56.5,2024-12-15 16:32:00+00:00,Unknown,56.5,2024,12,15
81197,49627,22054,5,65.0,2024-12-23 18:04:35+00:00,"36063 Bula Ferry, Port Danielton, CO 87131",325.0,2024,12,23
84790,50714,21995,4,45.5,2025-02-06 19:51:41.911000+00:00,Unknown,182.0,2025,2,6
78427,48049,21480,1,52.0,2024-09-10 02:35:32+00:00,Unknown,52.0,2024,9,10
86124,48146,21779,1,39.0,2025-04-13 00:54:34+00:00,Unknown,39.0,2025,4,13
83340,48074,21417,1,61.75,2024-03-08 01:07:07+00:00,Unknown,61.75,2024,3,8
79885,49262,21357,2,23.5,2025-03-17 15:26:58+00:00,"Suite 335 2782 Mammie Overpass, West Nathanielville, NE 54210-3406",47.0,2025,3,17
79457,49977,21801,1,39.5,2025-03-29 11:38:19+00:00,Unknown,39.5,2025,3,29
79150,49942,21772,1,42.99,2025-01-24 11:48:47+00:00,Unknown,42.99,2025,1,24
81632,49255,22016,1,48.99,2024-05-18 23:03:29+00:00,Unknown,48.99,2024,5,18
86059,51085,21535,1,52.0,2024-08-10 21:30:00+00:00,"Suite 243 537 Leigh Orchard, New Jacquelyne, ND 25505-6581",52.0,2024,8,10
84433,49126,21873,1,71.0,2025-01-30 20:02:52+00:00,Unknown,71.0,2025,1,30
82709,50848,21458,1,67.0,2024-09-09 01:03:46+00:00,Unknown,67.0,2024,9,9
83367,50624,21823,4,79.2,2024-11-03 15:35:00+00:00,Unknown,316.8,2024,11,3
84127,47782,21722,2,36.5,2025-04-02 17:51:00+00:00,Unknown,73.0,2025,4,2
82250,50574,21701,3,56.4,2025-01-16 19:07:00+00:00,Unknown,169.2,2025,1,16
83193,50962,21568,1,35.99,2025-01-10 00:00:31+00:00,Unknown,35.99,2025,1,10
79807,48821,21670,3,26.0,2024-05-10 06:21:10+00:00,Unknown,78.0,2024,5,10
81573,50988,21822,1,29.5,2025-01-07 18:16:23+00:00,"604 Marquardt Trafficway, Port Ethanmouth, WA 74502-5757",29.5,2025,1,7
80425,47673,21566,1,27.0,2025-02-04 22:42:10+00:00,Unknown,27.0,2025,2,4
81823,50485,21480,1,52.0,2025-08-25 23:21:00+00:00,Unknown,52.0,2025,8,25
82100,48553,21547,2,69.0,2024-04-30 11:12:00+00:00,Unknown,138.0,2024,4,30
78660,49565,21850,4,60.75,2025-03-25 13:37:37+00:00,"226 Gibson Rest, Leotafort, MD 42872-1487",243.0,2025,3,25
83950,47831,21580,1,64.75,2025-03-22 11:15:00+00:00,Unknown,64.75,2025,3,22
77611,49215,22009,1,31.19,2024-07-09 14:30:06+00:00,"Apt. 571 27643 Gorczany Skyway, Marieland, WY 06911-9771",31.19,2024,7,9
77974,50702,21328,1,74.4,2024-12-20 15:45:45+00:00,Unknown,74.4,2024,12,20
80987,50888,21562,1,41.99,2024-08-19 22:17:28+00:00,"Apt. 245 973 Marge Way, Schummton, NH 82211",41.99,2024,8,19
85394,49396,21589,1,59.25,2025-02-03 16:53:00+00:00,Unknown,59.25,2025,2,3
82448,49276,22006,2,27.25,2024-03-03 00:01:00+00:00,"Suite 417 8778 Bauch Lodge, West Jan, CA 91260",54.5,2024,3,3
85396,49068,21823,2,74.1,2025-07-24 03:43:00+00:00,Unknown,148.2,2025,7,24
84843,48211,21950,2,52.25,2024-12-30 18:02:06+00:00,"Apt. 194 217 Pfeffer Route, Port Stacyland, SC 14402",104.5,2024,12,30
83268,48357,21675,2,18.5,2024-10-05 14:13:40+00:00,Unknown,37.0,2024,10,5
81361,47884,21779,1,38.7,2025-03-02 19:23:00+00:00,Unknown,38.7,2025,3,2
86116,50717,21597,1,69.5,2024-09-15 08:43:19+00:00,Unknown,69.5,2024,9,15
78582,50992,21736,4,44.75,2024-12-31 19:41:00+00:00,Unknown,179.0,2024,12,31
84888,49445,21805,5,60.9,2024-07-30 04:06:45+00:00,Unknown,304.5,2024,7,30
83856,50233,21955,1,56.0,2025-04-23 09:27:00+00:00,"Suite 228 632 Hyatt Common, East Carlieton, CO 27658-3411",56.0,2025,4,23
82895,48412,21757,1,17.7,2025-07-19 11:15:33+00:00,"Suite 600 478 Herzog Stravenue, Monroeberg, WV 31406",17.7,2025,7,19
83667,48730,21562,2,34.99,2025-06-14 07:55:56+00:00,Unknown,69.98,2025,6,14
79732,50540,21871,1,39.0,2025-02-22 20:03:07+00:00,Unknown,39.0,2025,2,22
84320,47669,21812,1,45.5,2024-05-04 10:56:27+00:00,"6767 Volkman Shoal, Stefanialand, MS 53376-0102",45.5,2024,5,4
83823,49563,21641,1,29.99,2025-05-07 23:04:29.022000+00:00,Unknown,29.99,2025,5,7
80427,48203,21474,1,18.9,2025-02-18 15:38:50+00:00,Unknown,18.9,2025,2,18
84027,49843,21798,1,59.99,2024-07-25 02:26:42+00:00,Unknown,59.99,2024,7,25
84586,50693,21305,1,29.5,2025-03-19 15:11:07+00:00,"Apt. 739 4998 Miller Lane, Chuckmouth, TN 38599",29.5,2025,3,19
83291,49087,21923,1,25.19,2024-10-31 19:50:38+00:00,Unknown,25.19,2024,10,31
78657,48249,21515,1,48.99,2025-01-15 23:27:00+00:00,Unknown,48.99,2025,1,15
78751,50296,21409,1,63.25,2024-12-22 05:52:24+00:00,Unknown,63.25,2024,12,22
84121,49206,21308,1,35.25,2025-01-20 09:34:00+00:00,Unknown,35.25,2025,1,20
80508,51049,21462,2,23.0,2025-05-28 08:48:02.921000+00:00,"894 Lynch Park, Irvinbury, MS 36580-7642",46.0,2025,5,28
78630,48121,21871,2,28.0,2025-02-12 01:31:48+00:00,"575 Willms Roads, West Jonell, MI 10302",56.0,2025,2,12
82728,47964,22015,2,79.2,2024-11-30 09:12:48+00:00,"4687 Senger Groves, Weberville, NC 46579-3565",158.4,2024,11,30
85303,50927,21899,1,81.9,2024-12-21 19:11:00+00:00,"50814 Feeney Crossing, Lake Belindaville, WV 96835-7668",81.9,2024,12,21
82377,49498,21814,1,55.19,2025-07-19 05:32:00+00:00,"83477 Frami Mill, Erichton, ND 55822-0660",55.19,2025,7,19
81165,50958,21355,1,60.5,2025-06-13 21:27:05+00:00,Unknown,60.5,2025,6,13
81498,49073,22017,5,26.5,2024-08-20 00:27:05+00:00,"41926 Herzog Lights, East Amee, VT 33524-9649",132.5,2024,8,20
85598,49864,22044,2,21.99,2025-07-06 15:26:24+00:00,Unknown,43.98,2025,7,6
77972,50898,21792,1,61.25,2025-02-21 00:15:00+00:00,"Suite 577 397 Kassulke Courts, Tyronestad, WI 52530-7865",61.25,2025,2,21
86092,48997,21875,2,49.5,2025-01-22 04:18:18+00:00,"866 Reilly Viaduct, Priceshire, NJ 87104",99.0,2025,1,22
79987,49111,21344,3,65.1,2025-04-05 12:20:08+00:00,Unknown,195.3,2025,4,5
78902,49859,21812,1,47.99,2025-01-16 01:28:02+00:00,Unknown,47.99,2025,1,16
78348,49116,21582,1,66.5,2024-07-27 23:09:11+00:00,Unknown,66.5,2024,7,27
84046,50126,21316,1,30.75,2024-09-22 02:40:36+00:00,"Suite 893 19453 Cathern Isle, Lake Robert, AZ 38360-6880",30.75,2024,9,22
83857,50513,21805,1,48.0,2024-08-04 20:17:41+00:00,"67509 Krajcik Brooks, Lorieton, CO 17861-4481",48.0,2024,8,4
83540,48408,21523,1,14.0,2024-09-19 14:31:31+00:00,"Apt. 351 899 Beier Radial, Florentinoport, VT 50374-4144",14.0,2024,9,19
82722,49751,21810,1,66.0,2024-05-09 22:33:19+00:00,Unknown,66.0,2024,5,9
82778,48277,21948,1,75.59,2024-11-11 13:41:44+00:00,"316 Nathanial Key, Kevenview, KY 25947-8966",75.59,2024,11,11
84095,49013,21666,2,79.2,2025-01-27 20:51:32+00:00,Unknown,158.4,2025,1,27
81893,51068,21608,1,54.0,2024-11-10 12:24:28+00:00,Unknown,54.0,2024,11,10
78296,50161,21895,2,14.99,2024-12-30 02:26:00+00:00,Unknown,29.98,2024,12,30
81843,48699,21602,4,61.5,2024-12-11 10:49:51+00:00,Unknown,246.0,2024,12,11
77809,48247,21953,1,46.5,2025-01-29 03:15:08+00:00,Unknown,46.5,2025,1,29
79178,48034,22038,1,36.0,2024-09-01 09:03:38+00:00,"96829 Hackett Avenue, Naderview, MA 51525",36.0,2024,9,1
83900,48816,21399,1,80.1,2025-01-24 18:59:24+00:00,"5457 Olson Rapids, Dickensstad, RI 04271",80.1,2025,1,24
83421,49472,21475,1,24.5,2024-03-28 05:22:23+00:00,Unknown,24.5,2024,3,28
81556,49731,21337,1,34.99,2024-06-11 23:51:51+00:00,Unknown,34.99,2024,6,11
82263,48806,21321,1,66.5,2024-06-09 17:50:18+00:00,Unknown,66.5,2024,6,9
85960,48125,21401,1,27.0,2025-10-12 09:19:46+00:00,Unknown,27.0,2025,10,12
82090,49830,21386,1,45.0,2025-01-07 19:11:00+00:00,"Suite 545 40491 Freddy Mill, Lilybury, SC 19376",45.0,2025,1,7
78396,51086,21656,1,33.6,2025-03-10 00:55:32+00:00,Unknown,33.6,2025,3,10
78097,48996,21999,1,31.5,2024-11-14 12:20:00+00:00,Unknown,31.5,2024,11,14
81913,50929,21383,3,49.75,2024-09-21 04:37:30+00:00,Unknown,149.25,2024,9,21
82633,51089,21547,1,64.8,2024-12-08 06:10:00+00:00,Unknown,64.8,2024,12,8
82094,50238,21514,1,71.5,2025-03-06 06:27:26+00:00,Unknown,71.5,2025,3,6
82872,48127,21853,1,67.8,2024-07-10 08:51:00+00:00,"322 Rutherford Freeway, South Wesleymouth, LA 03541",67.8,2024,7,10
84815,49080,22056,1,25.5,2025-01-18 00:53:45+00:00,Unknown,25.5,2025,1,18
80651,49790,21435,1,40.79,2024-09-13 21:37:00+00:00,Unknown,40.79,2024,9,13
79271,48813,21636,2,15.0,2024-08-11 05:01:02+00:00,Unknown,30.0,2024,8,11
81907,50029,21540,1,33.3,2024-11-01 22:19:00+00:00,Unknown,33.3,2024,11,1
81443,50229,21776,1,72.25,2024-09-25 08:04:00+00:00,Unknown,72.25,2024,9,25
79661,49337,21564,4,72.5,2025-08-13 13:54:11+00:00,Unknown,290.0,2025,8,13
84044,49919,21341,3,23.0,2024-07-21 11:37:38+00:00,"Apt. 247 497 Schaden Union, Port Elvia, VT 03528",69.0,2024,7,21
81491,50857,21466,1,34.5,2024-10-01 10:48:45+00:00,Unknown,34.5,2024,10,1
79326,50420,21711,1,25.0,2024-08-31 21:27:55+00:00,Unknown,25.0,2024,8,31
83848,48021,21651,1,63.75,2024-07-14 23:31:21+00:00,Unknown,63.75,2024,7,14
80583,50853,22057,1,57.0,2024-11-17 09:09:48+00:00,Unknown,57.0,2024,11,17
79260,48448,21832,1,42.9,2024-05-18 09:13:00+00:00,Unknown,42.9,2024,5,18
86402,49664,21654,1,51.6,2024-10-26 19:46:26+00:00,Unknown,51.6,2024,10,26
79148,50822,21477,1,17.75,2025-01-08 06:37:38+00:00,Unknown,17.75,2025,1,8
82604,48676,21421,1,73.5,2024-08-09 18:12:10.617000+00:00,Unknown,73.5,2024,8,9
84087,47681,21879,1,66.0,2025-04-03 14:13:00.071000+00:00,Unknown,66.0,2025,4,3
79667,49896,21780,1,18.0,2024-07-12 19:06:06+00:00,Unknown,18.0,2024,7,12
83013,49059,21876,5,32.25,2024-07-15 18:45:54+00:00,Unknown,161.25,2024,7,15
78795,47811,22000,3,35.25,2024-09-15 13:10:33+00:00,Unknown,105.75,2024,9,15
83092,51034,21509,1,37.5,2025-03-08 16:57:41+00:00,"9647 Simonis Crest, Glentown, FL 92685-5844",37.5,2025,3,8
83939,50679,21716,1,36.6,2025-01-12 08:56:52+00:00,Unknown,36.6,2025,1,12
84313,48011,21692,1,69.0,2025-01-16 00:23:00+00:00,Unknown,69.0,2025,1,16
83244,51125,21807,1,34.0,2025-09-03 20:54:11.328000+00:00,"Apt. 323 57859 Jonna Pine, Ardenchester, GA 27915",34.0,2025,9,3
81080,48650,21919,1,58.75,2024-12-08 12:08:00+00:00,Unknown,58.75,2024,12,8
84458,49353,22041,1,39.25,2025-07-10 23:31:35+00:00,Unknown,39.25,2025,7,10
80173,47844,21764,1,52.0,2024-11-19 08:00:36+00:00,"Suite 563 1147 Murray Underpass, Littelside, TX 25465",52.0,2024,11,19
84601,50109,21878,1,59.0,2024-05-31 06:33:19+00:00,Unknown,59.0,2024,5,31
77684,47791,21907,1,56.0,2024-05-07 03:26:00+00:00,Unknown,56.0,2024,5,7
78350,50518,21833,1,64.0,2024-10-20 10:29:11+00:00,Unknown,64.0,2024,10,20
85339,48233,21652,1,61.5,2024-10-15 04:47:45+00:00,"9649 Rolf View, South Norman, NH 69238-0106",61.5,2024,10,15
83346,47663,21864,1,75.0,2025-01-20 09:57:24+00:00,"3783 Winfred Mountains, West Sam, NE 47162-7981",75.0,2025,1,20
86289,49147,21969,1,56.5,2025-01-28 00:20:22+00:00,Unknown,56.5,2025,1,28
82427,50804,21778,1,39.0,2025-01-07 19:13:00+00:00,Unknown,39.0,2025,1,7
80199,48257,21316,1,37.5,2025-03-18 22:48:00+00:00,"832 Casey Divide, Chelseyland, MT 16872",37.5,2025,3,18
83152,49164,21383,1,52.0,2024-10-10 08:39:49+00:00,"Apt. 297 59771 Johnston Points, South Alberg, ND 02573",52.0,2024,10,10
82095,48147,22030,1,16.5,2025-03-05 16:15:17+00:00,Unknown,16.5,2025,3,5
77882,47880,22005,4,44.25,2024-11-07 14:36:00+00:00,"284 Miller Pike, North Luana, WI 73626",177.0,2024,11,7
85124,48101,21367,5,32.4,2024-06-30 03:05:04.091000+00:00,Unknown,162.0,2024,6,30
84265,48327,22029,1,64.5,2025-02-20 06:13:08+00:00,Unknown,64.5,2025,2,20
83660,48569,21721,1,61.8,2025-01-01 02:18:00+00:00,Unknown,61.8,2025,1,1
85013,49766,21816,2,87.3,2025-03-02 03:46:00+00:00,Unknown,174.6,2025,3,2
85662,49104,21768,2,21.5,2024-12-04 02:42:10+00:00,Unknown,43.0,2024,12,4
81379,49923,21578,2,20.25,2025-01-17 10:30:14+00:00,Unknown,40.5,2025,1,17
83015,50750,21929,1,58.0,2025-02-04 11:52:26+00:00,"4421 Reanna Mills, Port Jenice, OH 13336-1358",58.0,2025,2,4
84451,48159,21604,3,74.99,2025-01-30 21:39:16+00:00,Unknown,224.97,2025,1,30
79286,49559,21906,2,42.0,2024-11-28 02:35:10+00:00,Unknown,84.0,2024,11,28
78369,49411,22056,1,26.4,2024-09-25 07:16:19+00:00,Unknown,26.4,2024,9,25
82607,47665,21955,4,64.8,2025-08-30 16:10:00+00:00,"Suite 973 2377 Hayes Mills, Rosarioside, SC 68113-5517",259.2,2025,8,30
83167,50436,21860,3,55.2,2024-12-03 08:38:00+00:00,Unknown,165.6,2024,12,3
83669,48411,21705,1,80.1,2024-12-11 14:54:00+00:00,"Suite 671 202 Leia Freeway, North Emeryside, NJ 94591-0705",80.1,2024,12,11
85548,50785,21918,1,75.75,2025-05-18 17:22:00+00:00,"Apt. 144 2937 Cary Center, South Jonathonbury, IL 67778-0248",75.75,2025,5,18
85114,47815,21705,1,64.0,2024-12-29 07:18:29+00:00,Unknown,64.0,2024,12,29
77712,49943,21779,1,39.59,2025-04-28 13:14:16+00:00,"Apt. 558 564 Hipolito Station, Nikolaushaven, KY 12949",39.59,2025,4,28
79106,47960,21816,2,68.5,2024-12-26 22:36:26.842000+00:00,Unknown,137.0,2024,12,26
85729,50821,21751,1,88.8,2024-10-14 09:40:31+00:00,Unknown,88.8,2024,10,14
79836,50536,21371,1,52.99,2025-05-06 14:37:49+00:00,Unknown,52.99,2025,5,6
81255,48037,21868,1,65.99,2025-01-01 16:33:23+00:00,"16481 Dollie Village, New Kristofer, SD 35116-0509",65.99,2025,1,1
84160,50664,22010,1,43.5,2024-10-13 14:57:31+00:00,Unknown,43.5,2024,10,13
78326,48129,21597,1,68.99,2024-09-16 04:06:14+00:00,Unknown,68.99,2024,9,16
80621,48982,21910,1,39.3,2024-11-05 16:19:26+00:00,"78629 Takako Mountains, Carmelitashire, AR 63374-5019",39.3,2024,11,5
77821,50658,21705,1,74.7,2024-05-15 17:28:09+00:00,"3923 Kutch Burg, Hegmannfurt, NJ 51410",74.7,2024,5,15
80838,48093,21296,2,54.25,2024-09-26 13:06:35+00:00,Unknown,108.5,2024,9,26
83730,47762,21688,2,20.99,2025-03-21 21:04:57+00:00,"Apt. 574 199 Cremin Underpass, Hansenside, MA 45626",41.98,2025,3,21
79625,49961,21789,4,25.0,2025-01-12 21:06:40+00:00,Unknown,100.0,2025,1,12
83737,50407,21610,1,64.8,2025-07-31 10:33:30+00:00,Unknown,64.8,2025,7,31
83225,48189,21668,1,59.4,2025-01-11 09:49:00+00:00,Unknown,59.4,2025,1,11
81610,50517,21509,1,40.99,2024-10-21 20:22:21+00:00,Unknown,40.99,2024,10,21
85583,49494,21359,1,31.2,2025-04-19 21:13:08+00:00,Unknown,31.2,2025,4,19
82900,47837,22026,1,67.5,2024-10-25 09:36:52.355000+00:00,"199 Marlin Fords, West Dyan, RI 26924",67.5,2024,10,25
80459,50615,21376,1,54.99,2024-07-05 20:03:10+00:00,Unknown,54.99,2024,7,5
85752,50292,21425,1,36.25,2025-03-25 16:44:00+00:00,Unknown,36.25,2025,3,25
79223,47722,21913,1,44.5,2025-01-05 23:44:17+00:00,"42013 Coy Port, Howeton, OK 26431-5645",44.5,2025,1,5
80321,50607,21977,5,25.75,2025-04-04 14:16:53+00:00,Unknown,128.75,2025,4,4
78924,49788,21838,1,29.75,2024-11-07 11:34:45.755000+00:00,"29643 Purdy Coves, Lake Robertoland, UT 64834-4681",29.75,2024,11,7
80872,49444,21542,1,35.0,2024-10-17 12:39:05+00:00,Unknown,35.0,2024,10,17
83009,49375,21343,1,86.4,2025-02-04 18:57:47+00:00,Unknown,86.4,2025,2,4
85076,49551,21864,1,73.5,2025-03-10 01:40:23+00:00,Unknown,73.5,2025,3,10
79109,49203,21961,1,32.4,2024-03-09 02:26:00+00:00,"Apt. 649 493 Reichel Circle, West Bennie, MD 13238",32.4,2024,3,9
81539,48076,21812,2,48.25,2024-11-30 10:25:54+00:00,Unknown,96.5,2024,11,30
83055,47906,21895,1,20.7,2025-03-20 18:30:39+00:00,Unknown,20.7,2025,3,20
86120,49664,21362,2,18.25,2024-11-19 19:22:00+00:00,"Apt. 704 149 Hayes Creek, South Cherelle, ND 99766-8324",36.5,2024,11,19
83085,49929,21431,1,48.0,2025-01-27 04:42:00+00:00,"604 Gusikowski Mews, South Merrillstad, MI 32679",48.0,2025,1,27
85067,48264,21692,2,83.7,2024-11-24 05:29:00+00:00,Unknown,167.4,2024,11,24
79236,48960,21505,1,44.5,2025-04-15 23:51:00+00:00,"1993 Johns Lodge, Lake Zachary, CT 30350-2195",44.5,2025,4,15
84096,48361,21652,1,60.0,2025-05-15 13:15:03+00:00,Unknown,60.0,2025,5,15
85023,49419,21656,5,32.25,2025-01-01 01:50:00+00:00,Unknown,161.25,2025,1,1
80365,48738,21554,3,67.0,2024-10-26 19:26:00+00:00,Unknown,201.0,2024,10,26
85300,49127,21676,1,84.9,2025-01-15 16:23:38+00:00,"3936 Blanda Isle, East Vaughn, MA 37116-5826",84.9,2025,1,15
81662,50817,21776,1,90.6,2024-10-22 06:27:46+00:00,Unknown,90.6,2024,10,22
83964,48993,21828,1,19.5,2024-09-27 00:15:05+00:00,Unknown,19.5,2024,9,27
81011,50149,21396,1,51.0,2024-07-17 15:43:00+00:00,Unknown,51.0,2024,7,17
78867,50023,21567,1,62.0,2025-02-24 23:09:10+00:00,Unknown,62.0,2025,2,24
83912,48644,21442,1,49.5,2025-05-13 21:44:26+00:00,"981 Cummerata Ramp, East Lettyborough, MO 31718",49.5,2025,5,13
77926,49414,21798,1,70.8,2024-11-24 15:15:15+00:00,Unknown,70.8,2024,11,24
82151,49514,21890,1,67.0,2024-11-28 02:27:05+00:00,"Suite 263 4748 Ward Lights, South Paulita, AK 82887",67.0,2024,11,28
85526,48964,21469,1,59.75,2024-08-16 23:52:43+00:00,Unknown,59.75,2024,8,16
85646,49266,21508,1,29.1,2024-12-26 05:26:15+00:00,Unknown,29.1,2024,12,26
84100,48590,21888,2,89.4,2024-07-29 01:40:40+00:00,"445 Haag Dam, East Tod, ID 46797-1837",178.8,2024,7,29
85155,49728,21622,1,56.4,2024-06-24 18:01:07+00:00,Unknown,56.4,2024,6,24
84370,49921,21645,1,48.5,2025-03-07 17:45:00+00:00,Unknown,48.5,2025,3,7
86223,50422,21469,1,59.5,2024-03-09 01:18:34+00:00,"Apt. 994 752 Bernarda Stream, Port Michaelmouth, DE 61614",59.5,2024,3,9
82335,48210,21351,4,43.5,2024-12-19 15:08:00+00:00,Unknown,174.0,2024,12,19
79324,49457,21942,1,14.25,2024-12-18 21:30:11+00:00,"Suite 520 783 Mandie Passage, Port Chariseside, DE 40747",14.25,2024,12,18
84410,50987,21991,3,75.0,2025-03-19 08:35:12+00:00,Unknown,225.0,2025,3,19
84221,48570,21422,1,18.0,2024-09-17 18:51:35+00:00,Unknown,18.0,2024,9,17
86362,49577,21497,1,69.0,2025-01-22 16:57:46+00:00,Unknown,69.0,2025,1,22
84902,48731,22027,1,31.25,2024-12-25 20:47:52+00:00,"3504 Rudy Run, Port Neilport, WA 22402-6389",31.25,2024,12,25
77873,48219,21352,1,32.0,2025-05-15 22:39:44.664000+00:00,Unknown,32.0,2025,5,15
85481,50059,21762,5,30.5,2024-12-02 06:15:19+00:00,Unknown,152.5,2024,12,2
79329,48156,21417,1,74.4,2025-04-20 11:29:20+00:00,Unknown,74.4,2025,4,20
77608,49698,22027,1,29.25,2025-01-10 18:12:00+00:00,Unknown,29.25,2025,1,10
83477,49187,22042,1,62.4,2024-11-23 12:30:00+00:00,Unknown,62.4,2024,11,23
80015,48813,21477,1,18.0,2024-12-17 02:49:00+00:00,Unknown,18.0,2024,12,17
83144,50291,21882,1,50.1,2024-09-09 17:23:00+00:00,"Apt. 277 174 Xavier Trace, New Rubi, OR 82766",50.1,2024,9,9
78648,49195,21355,1,55.75,2024-11-20 15:44:00+00:00,Unknown,55.75,2024,11,20
77801,47905,22037,2,25.75,2024-11-09 11:50:00+00:00,Unknown,51.5,2024,11,9
82438,51031,21893,1,69.0,2025-08-31 14:26:42+00:00,"7597 Anthony Trafficway, East Syreeta, HI 38303-5839",69.0,2025,8,31
78009,48447,21649,1,69.5,2025-07-21 09:46:59+00:00,"980 Nathanial Trail, Fritschville, IL 97412-5086",69.5,2025,7,21
84926,47810,21468,1,30.0,2024-10-24 00:53:10+00:00,"577 Murazik Skyway, East Jannetfort, MA 44141",30.0,2024,10,24
79519,48753,21619,1,52.0,2024-04-01 03:16:10+00:00,Unknown,52.0,2024,4,1
86275,49639,21414,1,52.8,2024-10-30 08:45:00+00:00,Unknown,52.8,2024,10,30
79869,50617,21321,1,63.99,2025-06-05 13:56:00+00:00,Unknown,63.99,2025,6,5
81142,50369,21722,2,44.39,2024-06-12 20:39:07+00:00,Unknown,88.78,2024,6,12
84556,49622,21616,1,36.0,2024-09-25 09:14:32+00:00,Unknown,36.0,2024,9,25
86317,49002,21998,1,17.0,2025-04-14 06:27:14+00:00,"Apt. 434 86586 Luettgen Springs, South Demarcus, MA 77781-3110",17.0,2025,4,14
81921,48704,22006,1,33.6,2025-04-02 00:21:39+00:00,Unknown,33.6,2025,4,2
83751,49120,21726,2,57.0,2024-11-27 18:50:00+00:00,"Apt. 519 61954 Tyrell Ranch, Grahambury, WV 75517-2243",114.0,2024,11,27
85664,50933,21518,1,48.0,2025-01-25 12:10:48+00:00,Unknown,48.0,2025,1,25
78958,50935,21408,1,44.0,2024-10-25 03:08:55+00:00,Unknown,44.0,2024,10,25
77887,48073,21970,1,71.0,2024-10-22 19:11:00+00:00,Unknown,71.0,2024,10,22
80218,50583,21534,2,18.25,2024-11-28 14:57:01+00:00,"1412 Phillip Vista, South Jefferey, ID 73359",36.5,2024,11,28
79618,49320,21807,1,31.5,2024-08-12 00:56:26+00:00,Unknown,31.5,2024,8,12
85602,50838,22046,1,62.25,2025-03-09 06:18:47+00:00,Unknown,62.25,2025,3,9
85166,48307,21974,2,73.2,2025-02-24 04:06:00+00:00,Unknown,146.4,2025,2,24
85992,49928,21610,3,54.0,2025-04-10 09:33:57+00:00,Unknown,162.0,2025,4,10
79345,48829,21547,1,53.0,2024-10-01 23:27:56+00:00,"7608 Schinner Causeway, Lake Raisa, AL 56729",53.0,2024,10,1
86075,49773,21867,1,59.25,2025-06-07 04:32:00+00:00,"1850 Louis Points, Treasaborough, AL 96983",59.25,2025,6,7
86286,49116,21834,1,35.4,2025-05-31 16:09:20+00:00,"Apt. 722 2476 Williamson Expressway, South Hedwigview, NJ 59274",35.4,2025,5,31
81037,48970,21357,2,24.0,2024-11-28 17:36:00+00:00,Unknown,48.0,2024,11,28
79068,49419,21773,1,45.0,2024-07-10 07:44:14+00:00,"Apt. 855 276 Shizuko Glens, North Maria, NE 26014",45.0,2024,7,10
80031,48081,22032,2,39.0,2024-08-24 14:15:46+00:00,"Suite 281 151 Joeann Trail, Lake Micaela, OH 08091-8200",78.0,2024,8,24
82480,48823,21308,1,33.75,2025-01-03 19:01:59+00:00,Unknown,33.75,2025,1,3
82107,48815,21457,1,27.99,2024-05-25 03:00:00+00:00,Unknown,27.99,2024,5,25
83787,50829,21357,4,26.7,2024-09-29 03:44:34+00:00,Unknown,106.8,2024,9,29
80787,50612,21505,3,42.0,2024-07-11 14:22:02+00:00,Unknown,126.0,2024,7,11
81814,47959,21433,1,43.0,2024-12-14 09:03:00+00:00,Unknown,43.0,2024,12,14
78552,48606,21925,4,36.9,2024-09-09 09:16:14+00:00,Unknown,147.6,2024,9,9
83068,50028,21981,1,20.5,2025-02-11 07:11:00+00:00,Unknown,20.5,2025,2,11
79798,50728,21417,1,78.6,2024-03-20 23:26:09+00:00,Unknown,78.6,2024,3,20
80443,48927,21896,1,22.8,2025-04-08 13:58:07+00:00,Unknown,22.8,2025,4,8
85791,49586,21830,1,69.99,2025-01-08 15:02:45+00:00,Unknown,69.99,2025,1,8
77705,49124,21462,1,28.99,2025-04-19 18:22:00+00:00,Unknown,28.99,2025,4,19
78031,50005,22056,3,18.0,2024-06-12 04:41:00+00:00,Unknown,54.0,2024,6,12
80745,50803,21769,1,74.4,2024-12-02 18:01:22+00:00,Unknown,74.4,2024,12,2
78026,50411,21335,1,40.5,2025-02-15 20:38:00+00:00,Unknown,40.5,2025,2,15
79823,48443,22051,2,28.0,2024-08-14 02:53:48+00:00,"4234 Hintz Mission, Kevinberg, TN 18870-5282",56.0,2024,8,14
82237,48304,21720,1,34.8,2025-01-17 22:30:14+00:00,Unknown,34.8,2025,1,17
80279,50777,21303,1,68.4,2025-01-17 06:25:00+00:00,"18312 Mosciski Island, North Idalia, IN 96231",68.4,2025,1,17
86509,48027,21823,1,61.99,2025-07-13 13:25:41.664000+00:00,Unknown,61.99,2025,7,13
85497,50421,21640,1,49.2,2025-05-16 17:15:00+00:00,Unknown,49.2,2025,5,16
82160,50842,21856,1,39.0,2024-12-22 09:15:06+00:00,Unknown,39.0,2024,12,22
80281,50955,21744,1,64.2,2024-12-18 16:09:00+00:00,Unknown,64.2,2024,12,18
78642,50635,22020,1,87.9,2024-03-10 11:37:48.469000+00:00,Unknown,87.9,2024,3,10
84827,49537,21541,1,31.99,2024-06-26 21:01:44+00:00,"Apt. 717 3536 Steuber Junctions, East Ludivina, MO 27241-9670",31.99,2024,6,26
79486,50226,21503,3,23.7,2025-01-19 05:32:06+00:00,Unknown,71.1,2025,1,19
85137,49219,21497,1,67.25,2024-09-29 17:44:51+00:00,Unknown,67.25,2024,9,29
83111,49618,21812,4,58.5,2024-12-17 03:40:51.221000+00:00,"Suite 992 763 Ronny Prairie, Port Neelytown, NC 43283",234.0,2024,12,17
80658,49898,21544,3,14.0,2024-06-01 07:59:08+00:00,Unknown,42.0,2024,6,1
85150,49930,21325,3,51.75,2024-11-11 12:30:10+00:00,Unknown,155.25,2024,11,11
83786,49899,21941,1,50.5,2024-10-24 12:13:40+00:00,Unknown,50.5,2024,10,24
77680,48395,22012,1,62.75,2024-12-01 22:25:34+00:00,Unknown,62.75,2024,12,1
86224,50726,22034,2,72.0,2025-08-19 11:44:55.575000+00:00,Unknown,144.0,2025,8,19
78528,49774,21663,1,71.5,2025-08-13 10:19:28+00:00,Unknown,71.5,2025,8,13
82415,50621,21342,1,60.25,2025-01-30 08:09:00+00:00,Unknown,60.25,2025,1,30
80111,50787,21559,2,41.99,2025-01-08 12:17:54+00:00,Unknown,83.98,2025,1,8
78734,49612,21588,1,60.75,2024-12-20 01:40:40+00:00,"89673 Morton Springs, Margeneview, AL 50206",60.75,2024,12,20
81322,50525,21974,1,58.25,2025-04-13 20:52:52+00:00,Unknown,58.25,2025,4,13
82734,48321,21666,2,79.8,2025-01-06 05:33:40+00:00,Unknown,159.6,2025,1,6
82264,47878,21812,1,57.3,2025-05-07 16:33:17+00:00,Unknown,57.3,2025,5,7
79449,49736,21698,5,60.0,2025-04-27 11:44:17+00:00,Unknown,300.0,2025,4,27
85555,49025,21468,1,31.5,2024-10-20 05:53:55+00:00,Unknown,31.5,2024,10,20
81009,48849,21650,1,72.0,2025-03-19 06:52:26+00:00,Unknown,72.0,2025,3,19
79832,49910,21570,1,31.0,2025-03-21 19:03:45.634000+00:00,Unknown,31.0,2025,3,21
86028,48127,21874,1,69.99,2024-09-04 09:02:19+00:00,"322 Rutherford Freeway, South Wesleymouth, LA 03541",69.99,2024,9,4
82012,47957,21790,1,84.9,2024-09-12 04:27:00+00:00,"107 Blanda Canyon, Port Sung, TX 87766",84.9,2024,9,12
84286,48237,21560,2,21.3,2025-04-16 05:15:53+00:00,"80254 Cami Club, New Daltonstad, WA 79808",42.6,2025,4,16
80967,50540,21565,1,27.5,2025-04-22 18:00:00+00:00,"Suite 969 22264 Kuhn Isle, West Samfurt, LA 86874-5635",27.5,2025,4,22
84201,49944,21377,2,68.4,2024-11-28 03:49:42+00:00,Unknown,136.8,2024,11,28
84566,49080,21936,1,16.5,2024-03-09 05:41:00+00:00,Unknown,16.5,2024,3,9
84828,48001,21324,2,32.0,2024-06-04 20:20:48.871000+00:00,Unknown,64.0,2024,6,4
83218,50566,21768,1,24.99,2024-12-01 05:03:00+00:00,"Apt. 178 84989 Toy Stravenue, Holliebury, MN 70742",24.99,2024,12,1
80402,49444,21605,1,44.0,2024-08-02 11:36:09+00:00,Unknown,44.0,2024,8,2
80853,49725,22057,1,49.5,2024-06-13 07:47:07.532000+00:00,"Apt. 869 293 Bettye Freeway, South Rockyland, AZ 66649-5874",49.5,2024,6,13
85564,49271,21769,1,62.75,2024-08-05 22:49:00+00:00,"304 Reinaldo Way, East Jacobhaven, HI 10803",62.75,2024,8,5
77980,47981,21593,1,17.25,2024-12-18 03:10:59+00:00,Unknown,17.25,2024,12,18
81816,49484,21499,1,66.0,2024-05-11 23:09:09+00:00,Unknown,66.0,2024,5,11
79129,49379,21832,5,43.5,2024-10-05 16:41:01+00:00,Unknown,217.5,2024,10,5
78082,50579,21494,2,75.59,2024-12-06 09:22:03.201000+00:00,Unknown,151.18,2024,12,6
80078,50033,21340,1,48.25,2024-12-02 19:52:28+00:00,Unknown,48.25,2024,12,2
86071,48936,22022,1,54.5,2025-05-30 12:37:00+00:00,"Suite 814 212 Hugo Wall, South Jarred, CO 00700-3081",54.5,2025,5,30
79500,50877,22029,1,65.0,2024-07-25 08:26:11+00:00,Unknown,65.0,2024,7,25
80429,49884,21674,2,20.75,2024-07-22 10:17:55+00:00,Unknown,41.5,2024,7,22
83537,48105,21413,1,42.25,2025-07-07 10:18:00+00:00,Unknown,42.25,2025,7,7
79603,50377,21470,1,15.0,2024-08-21 00:38:00+00:00,Unknown,15.0,2024,8,21
80627,47824,21648,1,22.8,2024-12-19 14:07:00+00:00,Unknown,22.8,2024,12,19
78650,51004,21945,1,17.25,2024-12-29 06:31:20.520000+00:00,Unknown,17.25,2024,12,29
82390,48994,21393,5,52.99,2025-02-06 05:16:00+00:00,Unknown,264.95,2025,2,6
78214,50297,21970,2,69.5,2024-08-31 06:31:04+00:00,"Apt. 744 834 Stracke Route, East Gitaton, CO 61866",139.0,2024,8,31
82873,50937,21633,1,36.6,2024-08-20 05:44:27+00:00,Unknown,36.6,2024,8,20
80935,48681,21737,1,18.99,2024-12-05 03:29:23+00:00,"Suite 239 4124 Billie Overpass, West Wendolynstad, OK 25288-4008",18.99,2024,12,5
81946,49629,21763,2,39.25,2024-09-03 12:21:19+00:00,"Apt. 935 682 Davis Extensions, Fannymouth, KY 04568",78.5,2024,9,3
84108,49502,21321,1,63.25,2025-02-23 07:59:02+00:00,Unknown,63.25,2025,2,23
83591,49948,21799,1,28.0,2025-03-08 05:52:47+00:00,Unknown,28.0,2025,3,8
82574,50296,22023,1,15.6,2025-04-15 17:27:00+00:00,Unknown,15.6,2025,4,15
78653,50757,21854,1,61.25,2024-11-11 15:33:00+00:00,"Apt. 757 910 Fisher Divide, Corwintown, ID 06384",61.25,2024,11,11
81872,51057,21997,1,88.5,2024-03-05 04:09:07.483000+00:00,Unknown,88.5,2024,3,5
83974,50890,21862,5,65.1,2025-05-13 15:10:44+00:00,Unknown,325.5,2025,5,13
85091,50501,21729,2,55.8,2025-01-23 20:13:19+00:00,Unknown,111.6,2025,1,23
85414,48351,21314,1,68.5,2024-11-25 15:08:00+00:00,Unknown,68.5,2024,11,25
83734,50652,21536,1,49.19,2025-04-18 11:35:00+00:00,Unknown,49.19,2025,4,18
81065,50948,21723,1,50.99,2024-08-10 18:00:41+00:00,Unknown,50.99,2024,8,10
81010,47914,21672,1,67.75,2025-03-17 03:57:39+00:00,Unknown,67.75,2025,3,17
81429,49829,21402,1,40.0,2024-09-16 05:57:00+00:00,Unknown,40.0,2024,9,16
83292,48934,22015,1,62.99,2024-12-23 16:25:00+00:00,Unknown,62.99,2024,12,23
80805,48938,21431,1,52.0,2025-03-09 08:36:13+00:00,Unknown,52.0,2025,3,9
85447,50823,21865,2,83.99,2025-01-26 00:25:19+00:00,Unknown,167.98,2025,1,26
82547,49433,21639,5,47.0,2024-09-28 20:11:54+00:00,Unknown,235.0,2024,9,28
80391,50659,21882,1,40.5,2024-06-27 11:11:53+00:00,Unknown,40.5,2024,6,27
85434,48738,21427,2,86.39,2025-02-12 00:49:54+00:00,Unknown,172.78,2025,2,12
86438,47833,21597,3,68.0,2025-07-28 09:08:17+00:00,Unknown,204.0,2025,7,28
80361,48814,21326,2,67.75,2025-02-24 05:52:44+00:00,Unknown,135.5,2025,2,24
81581,47788,21527,1,27.5,2024-11-06 15:13:00+00:00,Unknown,27.5,2024,11,6
83580,50738,22016,1,51.25,2024-12-31 00:53:00+00:00,"896 Boris Heights, Herbertstad, NY 35835",51.25,2024,12,31
83894,48371,21329,2,46.25,2025-02-19 04:19:53.480000+00:00,Unknown,92.5,2025,2,19
79549,50230,21503,1,24.0,2024-12-11 11:56:32+00:00,"Apt. 922 7913 Karla Unions, Port Joesphview, KS 11285-8739",24.0,2024,12,11
79994,50184,21765,2,28.79,2024-07-28 02:52:58+00:00,Unknown,57.58,2024,7,28
81594,50316,21808,3,54.99,2024-09-01 19:11:00+00:00,Unknown,164.97,2024,9,1
79720,50131,21443,1,26.4,2025-05-15 20:07:31+00:00,Unknown,26.4,2025,5,15
80370,47846,21894,1,49.75,2024-10-03 04:41:26+00:00,Unknown,49.75,2024,10,3
81882,48366,21734,1,50.25,2024-08-30 05:06:35+00:00,Unknown,50.25,2024,8,30
83893,49841,21716,1,39.6,2024-03-14 14:26:34+00:00,Unknown,39.6,2024,3,14
85652,48097,21420,1,25.75,2025-01-21 14:03:49+00:00,"6958 Mohammed Port, Skilesburgh, RI 20621-7558",25.75,2025,1,21
84294,50199,21807,1,30.0,2024-12-24 20:47:00+00:00,Unknown,30.0,2024,12,24
78999,49581,21460,1,77.99,2025-06-20 07:05:32+00:00,"Suite 622 53274 Bashirian Trail, Goyetteville, IL 04053",77.99,2025,6,20
82776,48151,21662,1,24.99,2025-05-02 19:22:59.624000+00:00,Unknown,24.99,2025,5,2
85593,47665,21672,1,79.8,2024-11-09 01:09:09+00:00,Unknown,79.8,2024,11,9
83910,49696,21905,1,29.25,2025-07-28 18:18:52.345000+00:00,Unknown,29.25,2025,7,28
82667,49185,21557,1,63.5,2024-10-31 20:06:12+00:00,Unknown,63.5,2024,10,31
81169,48438,21922,1,32.39,2024-08-28 07:54:23+00:00,Unknown,32.39,2024,8,28
82629,49886,21875,2,57.0,2024-09-01 16:19:00+00:00,"Apt. 499 351 Artie Port, Patiencefort, CA 28855",114.0,2024,9,1
79890,47972,21783,2,78.9,2024-11-16 21:21:09+00:00,Unknown,157.8,2024,11,16
79537,50918,21598,1,20.0,2025-02-16 02:30:04.134000+00:00,"Suite 992 763 Ronny Prairie, Port Neelytown, NC 43283",20.0,2025,2,16
84409,50341,21518,1,51.9,2025-03-02 14:14:54.035000+00:00,Unknown,51.9,2025,3,2
84135,50378,21583,1,58.5,2024-10-18 10:30:39+00:00,Unknown,58.5,2024,10,18
81389,50831,21817,1,80.39,2024-03-12 19:27:00+00:00,Unknown,80.39,2024,3,12
79758,50550,21381,1,29.7,2024-07-30 01:05:29.930000+00:00,Unknown,29.7,2024,7,30
80186,48128,21340,1,48.0,2024-03-01 19:08:58+00:00,Unknown,48.0,2024,3,1
82708,49488,22055,1,54.0,2025-03-09 01:21:48+00:00,Unknown,54.0,2025,3,9
85669,48021,21936,1,20.75,2024-07-28 04:40:00+00:00,Unknown,20.75,2024,7,28
77888,50533,21612,2,16.99,2025-03-27 18:53:30+00:00,"Suite 231 50778 Bulah Views, West Nathanialbury, NM 98166-6327",33.98,2025,3,27
82496,50819,21469,1,68.4,2024-08-14 11:41:00+00:00,Unknown,68.4,2024,8,14
82489,48590,21884,1,35.0,2024-09-22 04:18:07+00:00,Unknown,35.0,2024,9,22
85603,50595,21301,1,44.0,2025-01-20 17:16:04.496000+00:00,Unknown,44.0,2025,1,20
77769,47814,21359,1,27.0,2025-01-30 22:18:43+00:00,Unknown,27.0,2025,1,30
80770,48566,21704,4,54.5,2024-11-16 10:37:00+00:00,Unknown,218.0,2024,11,16
86078,47778,21993,2,52.8,2024-07-07 20:09:32+00:00,Unknown,105.6,2024,7,7
86391,49567,21353,2,26.99,2024-12-06 18:38:39+00:00,"Apt. 385 1920 Krissy Extension, East Lennaborough, AK 12985-8094",53.98,2024,12,6
79386,48629,21883,1,35.75,2024-07-08 21:18:00+00:00,Unknown,35.75,2024,7,8
84778,50984,21891,1,67.5,2024-10-19 18:06:00+00:00,Unknown,67.5,2024,10,19
81074,48485,21746,1,17.5,2024-12-18 18:35:40+00:00,"2671 See Trail, East Kristopherville, ME 97946-2544",17.5,2024,12,18
80918,49822,21635,1,39.25,2025-04-27 05:55:55+00:00,Unknown,39.25,2025,4,27
85418,47925,21947,1,61.0,2025-02-27 23:21:33+00:00,Unknown,61.0,2025,2,27
78053,48043,21647,1,43.75,2024-09-13 02:15:22+00:00,Unknown,43.75,2024,9,13
85472,50863,21385,1,26.75,2025-02-27 08:24:00+00:00,Unknown,26.75,2025,2,27
86420,51022,21748,1,25.99,2025-01-05 00:24:00+00:00,Unknown,25.99,2025,1,5
79951,49778,21845,4,67.75,2024-09-02 14:57:00+00:00,Unknown,271.0,2024,9,2
83927,48402,21776,2,72.25,2025-06-21 05:53:58+00:00,Unknown,144.5,2025,6,21
85637,50542,21679,2,28.99,2024-04-15 06:28:38+00:00,Unknown,57.98,2024,4,15
79378,48555,21350,1,36.25,2025-01-19 00:14:51+00:00,Unknown,36.25,2025,1,19
86005,50170,21862,1,69.59,2024-10-09 00:57:40+00:00,"Suite 715 3329 Haley Fords, Boscohaven, CA 67669",69.59,2024,10,9
85632,48158,21467,2,49.25,2025-01-16 04:38:24+00:00,Unknown,98.5,2025,1,16
79151,48596,21714,5,43.0,2024-10-24 11:28:46+00:00,Unknown,215.0,2024,10,24
78346,51055,21949,1,44.0,2025-04-29 16:22:00+00:00,"101 Block Lights, Port Sanfordburgh, VT 92497",44.0,2025,4,29
84107,48626,21484,1,17.25,2024-08-03 06:02:19+00:00,Unknown,17.25,2024,8,3
80418,47831,21352,1,33.99,2024-10-26 08:59:02+00:00,Unknown,33.99,2024,10,26
82196,47845,21384,1,57.6,2025-06-17 04:27:00+00:00,Unknown,57.6,2025,6,17
77960,49884,21576,1,25.5,2025-04-17 07:46:56+00:00,"Apt. 859 145 Lueilwitz Centers, Kimberyfort, CA 25953",25.5,2025,4,17
80465,47856,21685,1,63.0,2025-05-09 02:03:49.414000+00:00,Unknown,63.0,2025,5,9
84444,48921,21965,1,68.1,2024-12-25 21:22:23+00:00,"4114 Christina Light, Collinsside, MN 36904",68.1,2024,12,25
83441,47777,21707,1,85.2,2025-02-23 09:07:52+00:00,Unknown,85.2,2025,2,23
78330,48796,21549,1,26.5,2024-11-19 06:34:00+00:00,"78149 Lizzie Street, East Malcolm, IA 13609",26.5,2024,11,19
78581,48023,21960,2,66.9,2025-04-26 05:38:33.673000+00:00,Unknown,133.8,2025,4,26
82436,47714,21392,2,65.4,2025-02-13 16:31:53+00:00,Unknown,130.8,2025,2,13
81372,49243,21600,2,25.5,2024-09-14 09:28:15+00:00,Unknown,51.0,2024,9,14
80308,50973,22033,1,49.25,2024-10-11 13:44:12+00:00,Unknown,49.25,2024,10,11
82963,50670,21414,1,55.2,2024-12-18 21:12:00+00:00,Unknown,55.2,2024,12,18
85703,49779,21554,1,85.2,2024-08-11 09:04:27+00:00,"4536 Purdy Estates, West Carrol, NY 13398-6016",85.2,2024,8,11
78957,47793,21747,1,36.3,2024-07-07 05:02:00+00:00,"Suite 192 772 Keeley Drive, New Carolynfurt, AR 94640-3654",36.3,2024,7,7
79848,50258,21598,2,22.8,2025-02-28 13:38:54+00:00,Unknown,45.6,2025,2,28
83249,50719,21822,1,34.8,2024-07-14 23:11:26+00:00,Unknown,34.8,2024,7,14
84910,51120,21420,1,28.2,2024-10-15 16:50:22+00:00,Unknown,28.2,2024,10,15
80056,48994,21468,1,33.75,2024-11-05 14:45:15+00:00,Unknown,33.75,2024,11,5
84564,49947,21557,1,63.25,2025-02-17 01:00:00+00:00,Unknown,63.25,2025,2,17
81597,50202,21415,1,60.25,2024-12-05 22:03:53+00:00,Unknown,60.25,2024,12,5
77891,49611,21889,1,44.0,2024-06-05 09:34:17.901000+00:00,Unknown,44.0,2024,6,5
78788,48567,21606,1,43.8,2025-05-28 18:59:26+00:00,Unknown,43.8,2025,5,28
82748,48079,21463,1,33.0,2024-10-21 21:31:00+00:00,"Suite 873 852 Elton Plains, North Denae, HI 25544",33.0,2024,10,21
82120,48386,22020,1,73.25,2025-01-10 13:15:00+00:00,Unknown,73.25,2025,1,10
85145,49166,21967,1,38.0,2024-11-10 15:00:02.905000+00:00,Unknown,38.0,2024,11,10
82184,50084,22026,3,63.6,2024-07-29 02:02:46+00:00,Unknown,190.8,2024,7,29
85158,50191,21901,2,60.0,2025-02-14 02:27:27+00:00,"947 Fermina Views, Jarrodburgh, MA 99257",120.0,2025,2,14
82827,48872,21605,1,43.75,2025-01-09 11:13:00+00:00,Unknown,43.75,2025,1,9
85231,50643,21409,1,73.5,2025-02-23 08:29:00+00:00,Unknown,73.5,2025,2,23
81837,49393,21499,1,52.0,2024-11-30 04:56:00+00:00,"16653 Crooks Motorway, Simonisborough, PA 21192",52.0,2024,11,30
78363,50098,21494,1,63.5,2024-09-04 19:38:43+00:00,Unknown,63.5,2024,9,4
80780,50433,21677,1,37.2,2024-09-11 21:35:05+00:00,Unknown,37.2,2024,9,11
81110,49655,21474,1,15.75,2024-12-16 15:50:44+00:00,"Suite 384 16125 Heathcote Branch, Lovefurt, AZ 31867-9274",15.75,2024,12,16
80506,48990,21334,1,82.5,2025-07-03 14:55:55+00:00,Unknown,82.5,2025,7,3
83240,50990,21617,2,25.0,2024-09-08 06:44:39+00:00,"Apt. 771 638 Scottie Meadow, Durganburgh, AR 01801",50.0,2024,9,8
81021,50556,21480,3,52.0,2025-03-30 23:49:10+00:00,Unknown,156.0,2025,3,30
82485,50584,21334,2,65.99,2024-08-01 11:43:50+00:00,"Apt. 492 51959 Michiko Row, Barrettfurt, CA 40658-5318",131.98,2024,8,1
79504,49065,21383,1,47.0,2024-07-02 20:28:00+00:00,Unknown,47.0,2024,7,2
85464,49126,21373,2,18.5,2024-11-17 04:15:00+00:00,Unknown,37.0,2024,11,17
83267,48568,21328,3,63.0,2024-11-15 07:04:00+00:00,Unknown,189.0,2024,11,15
79729,49966,21307,3,25.75,2025-02-02 01:57:55+00:00,"Suite 499 6043 Boyer Walk, West Edward, ND 24010-0335",77.25,2025,2,2
78466,50084,21964,1,72.75,2024-09-10 10:30:13+00:00,"Apt. 604 15254 Hilll Cliffs, New Alpha, CA 34434",72.75,2024,9,10
83016,49668,21608,3,50.5,2024-11-12 10:18:00+00:00,Unknown,151.5,2024,11,12
85057,47851,21961,1,29.0,2025-03-30 12:20:58+00:00,Unknown,29.0,2025,3,30
84024,49144,21748,1,31.5,2025-04-18 15:00:35+00:00,"666 Landon Field, Webermouth, NH 09296-7456",31.5,2025,4,18
79973,50835,21377,1,69.6,2025-01-07 13:18:01+00:00,"Apt. 417 34624 Schultz Centers, Hueystad, CA 69519",69.6,2025,1,7
85312,50630,21984,1,67.2,2025-03-28 17:28:27+00:00,Unknown,67.2,2025,3,28
83253,50408,21986,1,49.5,2024-10-30 16:14:21+00:00,"631 Dawn Stravenue, Christopherville, OK 99656-2720",49.5,2024,10,30
86126,49782,21713,1,43.0,2025-07-10 06:47:26+00:00,Unknown,43.0,2025,7,10
85138,50416,21998,4,13.99,2025-04-18 22:58:00+00:00,Unknown,55.96,2025,4,18
78811,49725,21616,1,40.25,2024-07-05 04:50:07+00:00,Unknown,40.25,2024,7,5
78176,50631,22053,2,55.5,2025-02-24 16:02:00+00:00,Unknown,111.0,2025,2,24
82911,48895,22014,2,29.0,2024-09-13 16:57:56+00:00,Unknown,58.0,2024,9,13
85373,50960,21483,1,57.0,2024-10-26 01:04:12+00:00,Unknown,57.0,2024,10,26
77815,50224,22033,2,55.8,2024-04-12 12:58:00+00:00,"Suite 577 8908 Shayne Point, Brownton, WI 53568",111.6,2024,4,12
80014,48865,22052,1,26.75,2025-01-21 21:34:20+00:00,"83776 Noah Drive, East Johnton, PA 51158",26.75,2025,1,21
78720,50651,21591,1,63.0,2025-01-18 04:38:39+00:00,Unknown,63.0,2025,1,18
86001,48674,21350,1,41.7,2024-10-31 09:35:17+00:00,Unknown,41.7,2024,10,31
80990,50127,21656,1,34.5,2024-09-30 01:01:30+00:00,Unknown,34.5,2024,9,30
79704,48242,21495,1,49.5,2025-05-19 09:45:52+00:00,"4049 Rohan Springs, Biancastad, ME 84568-0051",49.5,2025,5,19
85511,50883,21673,1,39.5,2025-04-16 17:31:29+00:00,Unknown,39.5,2025,4,16
81887,50479,22047,3,78.6,2025-02-06 00:58:00+00:00,"4716 Waneta Mission, Powlowskiberg, ND 17807-6169",235.8,2025,2,6
82240,48639,22011,1,88.8,2024-08-09 10:22:00+00:00,Unknown,88.8,2024,8,9
84165,50938,21881,1,59.0,2024-08-15 20:47:30+00:00,Unknown,59.0,2024,8,15
80023,47706,21712,1,75.0,2024-10-04 10:01:08+00:00,Unknown,75.0,2024,10,4
81934,48623,21815,1,16.2,2025-04-02 04:54:28+00:00,Unknown,16.2,2025,4,2
82186,49709,21646,1,75.5,2024-07-28 07:46:00+00:00,Unknown,75.5,2024,7,28
83967,49552,21575,1,69.5,2025-08-16 23:01:00+00:00,"Apt. 463 771 Ruecker Mount, Port Juniorburgh, ID 39145",69.5,2025,8,16
77806,47921,21899,1,68.5,2024-10-22 20:46:28+00:00,"Suite 400 52022 Laquanda Trail, Prosaccoview, IA 84755",68.5,2024,10,22
81024,50080,21715,1,39.59,2024-11-25 00:24:36+00:00,Unknown,39.59,2024,11,25
80553,48482,21710,1,85.8,2025-03-27 19:51:00+00:00,Unknown,85.8,2025,3,27
83041,49856,22003,1,61.5,2024-12-19 22:35:37+00:00,Unknown,61.5,2024,12,19
78030,50004,21765,2,28.8,2024-09-30 21:45:00+00:00,Unknown,57.6,2024,9,30
82317,49934,21659,2,38.4,2025-04-16 05:11:21+00:00,"788 Abel Forest, Williamsonview, IL 07601",76.8,2025,4,16
84101,50026,21940,1,54.75,2024-08-23 22:32:12+00:00,Unknown,54.75,2024,8,23
84012,50812,21702,1,78.0,2024-12-28 22:54:52+00:00,"Apt. 925 15138 Corkery Stream, Port Anton, CO 59649",78.0,2024,12,28
81735,50137,22051,1,33.6,2025-09-05 05:51:09+00:00,Unknown,33.6,2025,9,5
84493,48118,21702,1,64.0,2024-11-10 10:28:10.049000+00:00,Unknown,64.0,2024,11,10
82089,47991,21413,2,37.75,2024-08-27 20:33:00+00:00,Unknown,75.5,2024,8,27
81920,47769,21543,3,51.0,2024-11-01 04:01:00+00:00,Unknown,153.0,2024,11,1
83678,50385,21775,1,82.8,2025-06-14 13:31:34+00:00,Unknown,82.8,2025,6,14
86427,49194,21627,1,72.0,2025-02-09 12:58:00+00:00,Unknown,72.0,2025,2,9
79554,48979,21905,1,25.75,2025-02-07 00:35:16+00:00,Unknown,25.75,2025,2,7
81366,49046,21649,3,66.5,2025-04-11 05:31:00+00:00,Unknown,199.5,2025,4,11
81879,49802,21821,1,69.25,2024-07-09 16:32:00+00:00,Unknown,69.25,2024,7,9
79472,48009,21794,1,34.5,2025-03-13 00:31:33+00:00,"385 Robin Route, North Hillaryfurt, OK 68901-3725",34.5,2025,3,13
81004,47812,22014,1,32.0,2024-07-15 18:36:58+00:00,"84697 Mitchell Parks, Port Diegobury, OH 59361",32.0,2024,7,15
81340,49286,21620,3,39.3,2024-04-08 08:32:00+00:00,"Suite 203 7945 Corine Station, New Michale, MA 44651",117.9,2024,4,8
79715,47847,21316,3,30.75,2024-10-10 09:07:56+00:00,Unknown,92.25,2024,10,10
84587,50779,21564,1,76.0,2025-02-11 21:59:00+00:00,Unknown,76.0,2025,2,11
84809,47760,22039,1,62.99,2024-09-10 20:49:32+00:00,Unknown,62.99,2024,9,10
84060,49398,21555,1,49.0,2025-08-21 07:41:16+00:00,Unknown,49.0,2025,8,21
79335,51006,21580,1,74.4,2024-07-26 05:40:54+00:00,Unknown,74.4,2024,7,26
79238,48867,21784,2,66.5,2024-05-29 11:44:28+00:00,Unknown,133.0,2024,5,29
83389,48576,21367,1,37.2,2024-11-21 15:19:00+00:00,Unknown,37.2,2024,11,21
84484,50716,21471,1,21.0,2024-08-19 12:15:40+00:00,Unknown,21.0,2024,8,19
81106,48567,22055,1,51.0,2024-11-22 15:40:43+00:00,Unknown,51.0,2024,11,22
81803,50825,21662,1,24.0,2024-12-01 04:28:01.358000+00:00,Unknown,24.0,2024,12,1
85567,48782,21506,1,24.0,2025-04-17 21:37:00+00:00,"Apt. 192 969 Krissy Port, South Inger, MS 63584",24.0,2025,4,17
83835,48786,21857,1,12.0,2024-12-15 00:23:18+00:00,"7316 Taina Village, New Timothy, MO 49817",12.0,2024,12,15
77941,51095,22036,2,44.75,2025-02-13 06:39:10+00:00,"251 Towne Port, Creminview, WA 24812",89.5,2025,2,13
81960,49145,21770,2,16.75,2025-03-20 03:41:50+00:00,"357 Brekke Falls, New Tannerborough, OH 07594-9447",33.5,2025,3,20
84156,49306,21390,1,59.1,2025-05-30 01:52:28+00:00,"349 Richard Harbors, Turnerstad, VT 51892",59.1,2025,5,30
78132,49041,21806,1,62.5,2025-03-13 21:10:33+00:00,Unknown,62.5,2025,3,13
85854,51099,21937,1,56.0,2024-11-25 04:52:00+00:00,Unknown,56.0,2024,11,25
83456,49731,21702,1,76.5,2024-12-30 21:06:45+00:00,Unknown,76.5,2024,12,30
78258,48230,21959,1,90.0,2025-01-14 12:20:49+00:00,Unknown,90.0,2025,1,14
79346,49436,21302,1,23.5,2024-07-25 21:04:46+00:00,Unknown,23.5,2024,7,25
85946,49690,21306,2,50.0,2024-11-28 04:12:41+00:00,Unknown,100.0,2024,11,28
79899,48133,21815,1,18.9,2024-12-02 00:23:41+00:00,"Suite 945 16813 Emmerich Coves, Lake Edgar, NV 50064",18.9,2024,12,2
84228,48580,21504,3,58.75,2025-07-01 04:18:18+00:00,Unknown,176.25,2025,7,1
84812,48945,21922,1,24.99,2025-01-20 19:26:00+00:00,Unknown,24.99,2025,1,20
86052,48156,21983,1,74.4,2025-05-07 23:37:21+00:00,Unknown,74.4,2025,5,7
82217,50041,21866,1,40.75,2024-12-06 16:00:00+00:00,Unknown,40.75,2024,12,6
79843,50149,21617,4,26.75,2024-09-23 22:16:00+00:00,"26663 Goldner Mountains, West Rubiport, IL 14710",107.0,2024,9,23
78373,48164,21519,1,59.7,2024-06-02 15:20:00+00:00,Unknown,59.7,2024,6,2
80377,50805,21583,1,56.0,2025-01-26 07:38:22+00:00,Unknown,56.0,2025,1,26
84804,50065,21555,1,44.75,2025-02-20 12:23:00+00:00,Unknown,44.75,2025,2,20
80598,48170,21421,1,64.0,2024-12-15 14:14:00+00:00,Unknown,64.0,2024,12,15
80474,50949,21879,1,56.0,2025-02-15 08:11:00+00:00,Unknown,56.0,2025,2,15
79754,49264,21461,1,71.99,2024-06-28 02:25:00+00:00,Unknown,71.99,2024,6,28
78817,49542,21754,1,35.7,2024-12-24 05:31:08+00:00,"Apt. 662 27490 McKenzie Mountains, North Bessieton, IA 56970",35.7,2024,12,24
79232,50889,21363,2,69.75,2024-12-02 09:19:32+00:00,Unknown,139.5,2024,12,2
79691,50599,21520,1,19.2,2024-08-12 08:00:55+00:00,Unknown,19.2,2024,8,12
84291,48705,21590,1,44.7,2024-10-13 02:24:00+00:00,Unknown,44.7,2024,10,13
79389,49324,21786,1,49.75,2025-04-02 06:16:00+00:00,"Suite 552 54721 Nader Gateway, North Dwainstad, PA 02685-3687",49.75,2025,4,2
80567,50881,21520,3,20.5,2024-12-27 00:51:00+00:00,"8462 Brown Mission, East Clarisa, CT 05654",61.5,2024,12,27
81690,48272,21492,4,23.0,2025-02-19 19:40:40+00:00,Unknown,92.0,2025,2,19
81685,50197,21461,1,75.75,2025-01-02 21:29:48+00:00,Unknown,75.75,2025,1,2
81127,49898,21755,2,19.75,2024-08-06 12:29:10+00:00,Unknown,39.5,2024,8,6
83467,48472,21980,1,13.5,2024-08-21 22:33:41.835000+00:00,Unknown,13.5,2024,8,21
85653,49809,21724,1,19.19,2024-11-05 03:20:02+00:00,Unknown,19.19,2024,11,5
84608,50015,21709,2,53.0,2025-04-02 00:52:49+00:00,Unknown,106.0,2025,4,2
85285,48650,21413,1,38.75,2025-06-04 04:41:19+00:00,Unknown,38.75,2025,6,4
77621,48677,21304,1,19.0,2025-04-14 08:04:50+00:00,"4095 Deangelo Light, Torpshire, IA 10969",19.0,2025,4,14
84787,49411,21449,1,49.0,2025-04-06 07:58:17+00:00,"7558 Madelyn Mountain, Federicomouth, ME 07518-4573",49.0,2025,4,6
79160,50948,21593,3,21.5,2024-10-28 05:54:00+00:00,Unknown,64.5,2024,10,28
86408,48735,21906,1,48.0,2025-04-19 17:23:33+00:00,Unknown,48.0,2025,4,19
85174,48985,21931,2,34.2,2024-04-28 20:53:22+00:00,Unknown,68.4,2024,4,28
78159,49871,21544,1,18.25,2025-03-19 14:30:50+00:00,Unknown,18.25,2025,3,19
80542,48373,21612,1,17.0,2024-06-17 17:19:40+00:00,Unknown,17.0,2024,6,17
79125,47911,21453,1,64.2,2024-08-09 23:44:16+00:00,Unknown,64.2,2024,8,9
83036,47797,21549,1,34.2,2024-11-01 06:54:06+00:00,Unknown,34.2,2024,11,1
85871,48166,21782,1,57.0,2024-06-27 10:30:11+00:00,Unknown,57.0,2024,6,27
81063,49281,21497,1,82.2,2025-04-12 12:33:12+00:00,"Suite 518 94047 Wilkinson Mountain, Port Alva, ND 57007",82.2,2025,4,12
78908,48724,21834,3,33.6,2024-08-27 06:51:59+00:00,"Apt. 473 67185 Lowell Rapid, Jinport, MT 58568-1777",100.8,2024,8,27
79967,50830,21712,5,74.5,2025-01-25 07:00:53+00:00,Unknown,372.5,2025,1,25
85038,48638,21326,1,64.99,2024-09-27 01:25:00+00:00,Unknown,64.99,2024,9,27
85966,48471,21763,2,44.1,2025-04-16 21:50:00+00:00,Unknown,88.2,2025,4,16
84079,48671,21666,2,64.5,2024-12-11 03:14:16+00:00,"7473 Glover Junction, New Alan, DE 38559",129.0,2024,12,11
84528,48672,21969,1,65.4,2025-01-24 02:55:00+00:00,Unknown,65.4,2025,1,24
80786,47991,21867,1,61.0,2024-06-20 03:28:41+00:00,Unknown,61.0,2024,6,20
80858,50732,21996,1,86.4,2024-06-23 18:31:42.411000+00:00,Unknown,86.4,2024,6,23
79394,50149,21325,2,48.0,2024-09-11 17:59:00+00:00,Unknown,96.0,2024,9,11
79352,48221,21962,1,65.0,2025-09-04 01:38:28+00:00,Unknown,65.0,2025,9,4
85770,50614,21892,1,28.5,2025-07-05 04:10:10+00:00,Unknown,28.5,2025,7,5
78547,48942,22001,1,63.99,2024-11-17 16:51:00+00:00,Unknown,63.99,2024,11,17
83966,50519,21874,1,69.75,2024-10-28 14:44:30+00:00,Unknown,69.75,2024,10,28
81033,51098,22011,1,90.0,2024-12-09 07:51:00+00:00,Unknown,90.0,2024,12,9
85272,50831,21763,5,37.75,2024-09-14 02:38:42+00:00,"2067 Wilbert Springs, Lake Ward, LA 03571-8262",188.75,2024,9,14
80594,49206,21692,1,68.0,2025-01-09 10:21:51+00:00,Unknown,68.0,2025,1,9
79992,49178,21536,1,48.6,2024-09-26 05:22:00+00:00,Unknown,48.6,2024,9,26
80084,47980,22037,1,28.0,2024-12-18 01:09:25+00:00,Unknown,28.0,2024,12,18
85864,48579,21716,1,40.5,2024-10-07 04:21:26+00:00,"Suite 437 8935 Jamal Ranch, South Aurelio, MO 19628",40.5,2024,10,7
83637,50390,22047,3,65.0,2025-03-01 20:11:00+00:00,"Apt. 857 686 Crooks Squares, Rosenbaumberg, CA 18317",195.0,2025,3,1
85805,50617,21958,2,76.99,2024-06-24 10:53:52+00:00,Unknown,153.98,2024,6,24
85651,50516,21824,2,60.0,2025-03-26 22:55:47+00:00,Unknown,120.0,2025,3,26
85623,50543,21868,4,64.0,2024-10-26 03:05:00+00:00,Unknown,256.0,2024,10,26
81515,48287,21883,1,43.8,2025-03-29 17:28:08+00:00,"Apt. 412 9832 Prosacco Way, Sengerland, DE 01178-9494",43.8,2025,3,29
80584,48157,21388,1,18.0,2024-12-12 04:52:52+00:00,Unknown,18.0,2024,12,12
80274,50087,21690,2,45.3,2025-03-07 02:29:25+00:00,Unknown,90.6,2025,3,7
78852,48320,21643,1,17.0,2024-02-19 19:15:19+00:00,Unknown,17.0,2024,2,19
85751,49823,21901,1,63.5,2024-05-19 13:36:21+00:00,"9886 Kuhic Port, South Jamarshire, KY 85493",63.5,2024,5,19
78526,49418,21889,1,41.75,2024-11-21 23:31:07+00:00,Unknown,41.75,2024,11,21
79811,49892,21620,1,34.5,2025-07-20 03:47:36+00:00,Unknown,34.5,2025,7,20
83596,47781,21824,1,76.8,2025-01-12 11:11:26+00:00,Unknown,76.8,2025,1,12
82199,48456,21410,1,21.0,2024-07-31 11:11:00+00:00,Unknown,21.0,2024,7,31
84952,48343,21986,2,52.99,2024-09-25 08:19:26+00:00,"88912 Lakin Fall, West Amadaville, AZ 02683",105.98,2024,9,25
81954,48724,21924,1,54.99,2025-08-09 11:50:54+00:00,Unknown,54.99,2025,8,9
82919,48190,21335,1,34.5,2025-02-17 17:41:01+00:00,Unknown,34.5,2025,2,17
84662,51115,21696,1,42.75,2024-10-13 15:16:50+00:00,"Apt. 149 883 White Extensions, Champlinland, KY 33631-7589",42.75,2024,10,13
85761,50967,21870,1,78.6,2024-12-27 15:40:13+00:00,"Suite 548 52704 Anastacia Springs, Lake Jen, HI 59015",78.6,2024,12,27
81999,51127,21693,1,84.0,2025-01-09 17:51:05+00:00,Unknown,84.0,2025,1,9
80312,49201,21540,1,29.75,2024-09-01 17:17:39+00:00,Unknown,29.75,2024,9,1
78981,48638,21775,1,80.4,2024-05-30 14:33:22.013000+00:00,Unknown,80.4,2024,5,30
83163,48245,21550,1,72.5,2024-12-11 07:24:25+00:00,Unknown,72.5,2024,12,11
85667,50081,21432,1,37.0,2025-02-05 19:04:37+00:00,"Suite 486 30069 Bartell Prairie, Port Denny, NE 82632-6642",37.0,2025,2,5
86395,47707,21296,2,66.0,2024-08-19 18:37:48+00:00,"Apt. 472 8937 Manual Forks, New Geraldberg, MI 79282-1517",132.0,2024,8,19
82247,50831,22030,1,14.0,2024-04-22 22:05:07+00:00,Unknown,14.0,2024,4,22
80928,48343,21429,1,33.6,2024-10-06 19:21:53+00:00,Unknown,33.6,2024,10,6
85961,48808,21698,1,55.8,2025-01-01 12:31:38+00:00,Unknown,55.8,2025,1,1
78777,50515,21354,3,66.3,2024-07-12 03:11:45+00:00,Unknown,198.9,2024,7,12
81914,48088,21917,1,62.0,2024-10-21 22:48:22+00:00,Unknown,62.0,2024,10,21
83196,50036,21397,1,70.25,2024-12-18 18:29:29+00:00,Unknown,70.25,2024,12,18
85462,50823,21417,1,63.99,2025-08-02 09:41:05+00:00,Unknown,63.99,2025,8,2
83284,49701,21897,1,52.25,2024-07-27 08:37:57.387000+00:00,"13261 Purdy Glens, Shavonmouth, AR 70016-7730",52.25,2024,7,27
81681,50007,21913,1,41.25,2025-04-20 02:05:00+00:00,Unknown,41.25,2025,4,20
86020,50153,21736,1,47.0,2025-04-18 08:16:25+00:00,Unknown,47.0,2025,4,18
84469,50186,21358,2,14.5,2024-08-16 13:27:15+00:00,Unknown,29.0,2024,8,16
86242,49868,21361,1,62.99,2024-11-01 19:12:43+00:00,Unknown,62.99,2024,11,1
83869,49046,21667,1,57.25,2024-08-18 19:43:09+00:00,Unknown,57.25,2024,8,18
80164,47690,21468,2,30.75,2024-11-18 11:10:35+00:00,Unknown,61.5,2024,11,18
82290,50053,21441,3,26.0,2024-12-30 19:43:02+00:00,Unknown,78.0,2024,12,30
83763,49784,21645,1,51.0,2024-11-14 10:16:42+00:00,Unknown,51.0,2024,11,14
86154,49281,21428,1,60.75,2024-08-21 08:51:32+00:00,Unknown,60.75,2024,8,21
86496,50367,21604,1,74.99,2024-11-26 05:58:05+00:00,Unknown,74.99,2024,11,26
79776,48497,21620,2,36.3,2024-10-06 11:17:00+00:00,"21326 Quintin Islands, West Shaeside, WI 68640-1512",72.6,2024,10,6
80277,48696,21362,2,17.25,2025-02-27 18:23:06+00:00,Unknown,34.5,2025,2,27
84878,50184,21636,1,13.0,2024-07-26 20:37:00+00:00,Unknown,13.0,2024,7,26
82718,49382,21865,1,71.0,2025-01-22 00:23:12+00:00,Unknown,71.0,2025,1,22
80001,50579,21629,1,41.75,2024-04-02 03:29:03+00:00,Unknown,41.75,2024,4,2
83166,48440,21382,1,51.25,2025-03-24 17:27:00+00:00,Unknown,51.25,2025,3,24
85983,49645,21728,1,55.5,2024-11-15 10:30:41+00:00,Unknown,55.5,2024,11,15
83789,48903,21392,1,54.75,2024-12-28 06:21:18+00:00,Unknown,54.75,2024,12,28
82642,49873,21854,3,73.8,2024-04-22 12:38:00+00:00,Unknown,221.4,2024,4,22
81593,49690,21442,1,45.75,2024-06-08 22:34:23+00:00,Unknown,45.75,2024,6,8
85152,48095,21695,1,72.75,2025-02-12 14:49:37+00:00,"Suite 511 261 Romaguera Cliff, South Miles, WY 80252-2844",72.75,2025,2,12
78207,48426,21865,2,81.6,2025-02-13 20:45:08+00:00,"Suite 275 77041 Mraz Walks, New Marin, GA 07431",163.2,2025,2,13
84281,48119,21881,1,71.4,2025-01-24 08:15:00+00:00,Unknown,71.4,2025,1,24
80952,49426,21644,1,41.4,2024-08-20 04:11:00+00:00,Unknown,41.4,2024,8,20
78652,48283,21330,1,54.0,2025-03-19 17:37:47+00:00,Unknown,54.0,2025,3,19
78339,47823,21985,1,18.75,2024-06-28 06:07:51+00:00,"122 Asha Mill, Leonardoburgh, CA 26185",18.75,2024,6,28
79854,49069,21893,1,86.4,2025-01-01 00:27:49+00:00,"729 Francesco Ranch, Carymouth, MS 29671-2690",86.4,2025,1,1
82727,48404,21684,2,58.0,2024-12-05 07:34:47+00:00,Unknown,116.0,2024,12,5
83932,48680,21484,1,17.25,2025-01-14 23:32:00+00:00,"7080 Britt Inlet, New Laurence, HI 63992",17.25,2025,1,14
85080,49464,21970,1,71.5,2024-12-14 18:21:00+00:00,"68293 Miller Islands, Port Agripinaland, HI 10834-5548",71.5,2024,12,14
83703,49635,21686,1,20.5,2025-02-17 02:42:07+00:00,Unknown,20.5,2025,2,17
79321,50041,22047,2,78.9,2024-12-11 12:59:30+00:00,Unknown,157.8,2024,12,11
85259,50465,21419,2,49.5,2024-10-12 15:44:00+00:00,Unknown,99.0,2024,10,12
83004,48454,21534,5,19.5,2024-07-06 22:37:00+00:00,Unknown,97.5,2024,7,6
80152,48896,21356,1,25.2,2024-10-28 19:38:09+00:00,Unknown,25.2,2024,10,28
86300,49252,21741,1,43.2,2024-02-24 22:03:13+00:00,"7358 Syreeta Prairie, New Pamelabury, DE 91542",43.2,2024,2,24
79795,48540,21951,1,35.5,2024-05-25 11:27:00+00:00,Unknown,35.5,2024,5,25
82545,51075,21746,1,21.0,2025-03-18 08:16:31+00:00,Unknown,21.0,2025,3,18
81278,50626,21915,1,30.0,2024-10-08 08:13:40+00:00,"Apt. 867 1632 Carey Cove, Fadelmouth, CT 62425",30.0,2024,10,8
77785,48643,21609,1,85.8,2024-11-09 18:56:00+00:00,Unknown,85.8,2024,11,9
78578,50528,21743,2,45.6,2024-08-22 14:53:57.424000+00:00,"7197 Mills Freeway, Port Michaleborough, ME 65103-8025",91.2,2024,8,22
80250,49061,21628,1,42.5,2024-10-26 13:47:00+00:00,Unknown,42.5,2024,10,26
79158,51039,21948,1,63.99,2025-06-04 11:14:00+00:00,Unknown,63.99,2025,6,4
79422,49146,21385,1,34.2,2024-10-31 20:26:00+00:00,Unknown,34.2,2024,10,31
86091,49369,21440,1,25.5,2024-10-22 08:58:40+00:00,Unknown,25.5,2024,10,22
84287,50704,21508,1,27.25,2024-12-09 04:39:00+00:00,"797 Blair Locks, Boehmborough, KS 65058-5604",27.25,2024,12,9
81955,48082,21810,2,54.0,2025-02-25 23:12:38+00:00,Unknown,108.0,2025,2,25
84726,48056,21980,1,16.75,2024-10-13 11:27:00+00:00,Unknown,16.75,2024,10,13
79131,50615,21334,1,76.8,2024-07-25 08:53:18+00:00,Unknown,76.8,2024,7,25
86058,49471,21734,1,49.75,2025-03-24 02:41:47+00:00,Unknown,49.75,2025,3,24
79874,48400,21981,2,22.79,2024-08-08 01:30:13+00:00,Unknown,45.58,2024,8,8
78911,50112,21445,1,18.5,2024-08-05 20:37:49+00:00,"71020 Ondricka Haven, Bergnaumland, IA 26575-1186",18.5,2024,8,5
82083,48526,21892,1,32.4,2025-04-01 08:26:03+00:00,"140 Berge Estates, Hwafurt, VA 04976",32.4,2025,4,1
80571,48580,21475,1,23.5,2024-12-25 23:29:00+00:00,Unknown,23.5,2024,12,25
82499,49851,21674,1,17.0,2024-10-24 03:49:00+00:00,Unknown,17.0,2024,10,24
84979,48260,21372,1,33.0,2024-09-01 19:16:02+00:00,"509 Lang Springs, Lake Andre, AZ 49402-6477",33.0,2024,9,1
80051,49900,21871,1,30.0,2025-02-22 23:46:48+00:00,Unknown,30.0,2025,2,22
79614,49148,21935,1,16.0,2024-01-17 01:39:03+00:00,"9280 Will Light, Damientown, ME 67802-9192",16.0,2024,1,17
79336,48212,21712,1,73.0,2025-05-20 00:25:35+00:00,Unknown,73.0,2025,5,20
81414,51110,21930,1,32.39,2024-12-17 12:00:00+00:00,Unknown,32.39,2024,12,17
83207,49766,21950,1,57.0,2024-10-27 18:00:00+00:00,Unknown,57.0,2024,10,27
83679,49081,21465,1,69.99,2024-11-17 02:43:56+00:00,Unknown,69.99,2024,11,17
85730,48442,21503,4,21.99,2024-09-18 22:14:47.326000+00:00,"Suite 685 87307 Kemmer Cliffs, Eunaville, SD 68250-6135",87.96,2024,9,18
85716,50826,21471,5,26.0,2024-10-30 09:50:34+00:00,Unknown,130.0,2024,10,30
79007,48863,21507,1,45.0,2024-07-26 19:24:30+00:00,Unknown,45.0,2024,7,26
81531,48081,21812,3,48.75,2024-12-02 05:04:00+00:00,Unknown,146.25,2024,12,2
79964,48723,21608,2,51.0,2024-10-26 01:33:00+00:00,Unknown,102.0,2024,10,26
84009,50666,21949,1,46.0,2025-01-02 07:38:39+00:00,Unknown,46.0,2025,1,2
77677,47865,21629,1,54.3,2024-06-16 15:22:24+00:00,Unknown,54.3,2024,6,16
83534,50751,21767,1,36.25,2024-12-05 15:37:00+00:00,Unknown,36.25,2024,12,5
81570,49835,21901,1,72.9,2025-02-04 14:54:07+00:00,Unknown,72.9,2025,2,4
84082,49323,21795,5,35.5,2024-07-13 04:19:19+00:00,"269 Kerluke Heights, North Cheri, MO 26203",177.5,2024,7,13
82774,49547,21967,3,51.6,2024-10-01 10:42:46+00:00,Unknown,154.8,2024,10,1
86475,48256,21304,1,23.7,2024-12-30 13:05:05+00:00,Unknown,23.7,2024,12,30
82711,49713,21896,1,21.0,2024-09-08 06:43:49+00:00,Unknown,21.0,2024,9,8
85503,48879,21713,1,56.7,2025-01-04 07:26:00+00:00,Unknown,56.7,2025,1,4
77663,48536,21819,3,73.2,2024-11-18 22:43:13+00:00,Unknown,219.6,2024,11,18
83444,49985,22023,2,14.75,2024-08-26 08:03:45.408000+00:00,"2760 Clarissa Pike, Friesenside, DE 88444-4014",29.5,2024,8,26
80337,49028,22050,1,82.5,2024-06-15 19:27:44+00:00,Unknown,82.5,2024,6,15
78306,49641,21319,1,22.0,2024-10-28 15:02:09+00:00,"Suite 583 953 Asuncion Lane, Kristelchester, WA 74723-5955",22.0,2024,10,28
82838,48318,21918,1,90.0,2024-08-10 21:33:37.299000+00:00,"25117 Buckridge Junctions, Derickshire, MO 77609-6346",90.0,2024,8,10
78410,48389,21330,2,49.75,2025-04-29 06:41:11+00:00,Unknown,99.5,2025,4,29
83122,49831,21554,2,85.8,2024-05-08 00:49:11+00:00,Unknown,171.6,2024,5,8
81143,48584,21814,1,45.5,2025-02-13 00:37:41+00:00,Unknown,45.5,2025,2,13
84829,48559,21997,1,86.4,2025-04-17 03:01:06+00:00,Unknown,86.4,2025,4,17
86042,48476,21944,1,41.1,2025-02-25 10:16:05+00:00,"Apt. 944 3122 Tony Plains, New Major, MT 79255",41.1,2025,2,25
80468,48126,21568,3,24.25,2025-02-18 17:28:58+00:00,Unknown,72.75,2025,2,18
78166,47702,21519,1,55.8,2024-12-11 10:07:45+00:00,Unknown,55.8,2024,12,11
79895,50435,21501,2,17.5,2025-01-08 18:44:27+00:00,Unknown,35.0,2025,1,8
79741,48606,21608,1,53.5,2024-12-24 05:48:00+00:00,"Apt. 514 900 Stiedemann Land, Alyshamouth, PA 42279",53.5,2024,12,24
80219,50379,21349,1,77.1,2024-12-25 16:33:56+00:00,Unknown,77.1,2024,12,25
77858,49770,21427,3,71.0,2025-04-03 16:21:00+00:00,"252 Calista Turnpike, Lake Hyeside, NE 15197-7975",213.0,2025,4,3
86433,50675,21364,2,72.99,2024-09-22 03:49:21+00:00,Unknown,145.98,2024,9,22
78260,49626,21473,1,37.5,2024-02-24 04:09:57+00:00,Unknown,37.5,2024,2,24
79561,49384,21596,2,36.99,2024-12-20 07:38:00+00:00,Unknown,73.98,2024,12,20
77766,49082,21764,1,47.0,2025-05-10 09:22:00+00:00,Unknown,47.0,2025,5,10
80386,49243,21314,1,70.0,2025-05-16 12:24:23+00:00,"Suite 778 4915 Reinger Meadow, O'Connerview, VA 76889",70.0,2025,5,16
83077,51023,22039,1,63.0,2024-04-20 13:02:22+00:00,Unknown,63.0,2024,4,20
83530,48922,21832,1,34.99,2024-08-13 22:19:27+00:00,Unknown,34.99,2024,8,13
84992,48001,21910,1,34.25,2024-09-16 14:17:10+00:00,Unknown,34.25,2024,9,16
82630,47688,21814,1,41.5,2025-04-10 05:33:33+00:00,Unknown,41.5,2025,4,10
81061,50299,21459,1,42.0,2025-03-02 20:07:00+00:00,Unknown,42.0,2025,3,2
80751,50812,21534,1,22.2,2025-07-19 17:34:29+00:00,"Apt. 925 15138 Corkery Stream, Port Anton, CO 59649",22.2,2025,7,19
83161,47775,21387,1,59.4,2025-09-12 15:01:29+00:00,Unknown,59.4,2025,9,12
82005,49528,21481,3,18.5,2024-09-06 23:26:00+00:00,Unknown,55.5,2024,9,6
78134,50547,21353,1,30.6,2025-04-11 19:40:19+00:00,Unknown,30.6,2025,4,11
86211,50851,21727,3,17.0,2024-10-18 09:58:00+00:00,"23668 Herman Dam, South Ardentown, AL 89809-7132",51.0,2024,10,18
83904,48517,21863,3,43.75,2024-10-24 00:06:36.085000+00:00,"333 Greenfelder Crescent, West Jefferson, NC 94144",131.25,2024,10,24
82974,50592,21833,1,65.0,2025-04-01 16:13:37+00:00,Unknown,65.0,2025,4,1
81337,48221,22027,1,30.75,2025-03-22 22:03:51+00:00,"4485 Dell Place, O'Haraborough, NV 06131-9713",30.75,2025,3,22
85599,49907,21748,1,25.99,2025-02-25 20:23:23+00:00,Unknown,25.99,2025,2,25
83049,50500,21752,1,58.5,2025-03-22 06:05:26+00:00,Unknown,58.5,2025,3,22
82960,48245,21325,2,61.5,2024-07-15 10:45:33+00:00,"Suite 277 35615 Todd Roads, East Delmar, MI 61989-6595",123.0,2024,7,15
79133,48521,21490,1,65.5,2024-08-30 21:57:29+00:00,Unknown,65.5,2024,8,30
80634,48349,21548,1,46.79,2025-01-14 00:02:00+00:00,Unknown,46.79,2025,1,14
86382,48337,21646,5,75.5,2025-04-06 11:36:53+00:00,Unknown,377.5,2025,4,6
85089,50902,21831,1,63.6,2025-05-02 21:25:20+00:00,Unknown,63.6,2025,5,2
78195,48260,22012,3,60.0,2024-06-21 12:12:43.193000+00:00,Unknown,180.0,2024,6,21
83180,48350,21963,1,49.8,2025-01-02 21:39:27+00:00,"49762 Giuseppe Courts, Cristalland, IA 85246-6282",49.8,2025,1,2
82265,50819,21709,2,51.5,2024-12-06 13:19:26+00:00,"2390 Powlowski Highway, Jakubowskifort, OR 29800-5476",103.0,2024,12,6
84144,49733,21308,1,37.5,2024-06-25 04:34:56+00:00,Unknown,37.5,2024,6,25
84055,49374,21691,1,15.5,2025-06-25 10:06:50+00:00,"550 Stacee Roads, Goldnerhaven, OR 40589",15.5,2025,6,25
81572,47897,21768,2,24.3,2025-02-09 10:22:47+00:00,Unknown,48.6,2025,2,9
79557,48613,21945,1,21.0,2024-09-03 10:39:09+00:00,Unknown,21.0,2024,9,3
83606,48711,21749,1,71.5,2025-02-11 04:03:00+00:00,Unknown,71.5,2025,2,11
84869,49231,21389,2,53.0,2024-08-04 20:30:48+00:00,Unknown,106.0,2024,8,4
84798,51052,21794,1,31.0,2025-01-10 11:13:39+00:00,Unknown,31.0,2025,1,10
81247,50058,21971,1,58.8,2025-05-26 03:30:48+00:00,"Apt. 229 32718 Felipe Harbors, East Myleshaven, MI 15957",58.8,2025,5,26
85878,48758,21539,1,14.4,2024-10-25 08:32:32+00:00,Unknown,14.4,2024,10,25
80231,48557,22055,1,53.0,2025-08-11 08:48:57.417000+00:00,"Suite 344 5961 Kautzer Dale, North Salvatore, TN 79668",53.0,2025,8,11
86390,50923,21816,2,86.39,2024-12-13 00:03:00+00:00,Unknown,172.78,2024,12,13
78968,51055,21497,4,69.99,2024-09-27 04:19:01+00:00,Unknown,279.96,2024,9,27
80884,49688,21885,1,59.4,2024-07-31 21:48:04+00:00,Unknown,59.4,2024,7,31
83450,51075,21820,2,35.0,2025-08-15 18:23:40+00:00,Unknown,70.0,2025,8,15
84148,50801,21808,1,57.99,2025-04-30 16:59:35+00:00,Unknown,57.99,2025,4,30
80793,49022,21424,2,66.0,2025-04-12 06:33:30+00:00,"87229 Quincy Coves, Port Milagrosbury, CO 02421-6454",132.0,2025,4,12
82111,47845,21494,1,75.6,2024-08-31 12:28:00+00:00,Unknown,75.6,2024,8,31
80295,48701,21835,1,86.4,2024-07-20 11:52:26+00:00,Unknown,86.4,2024,7,20
83995,48108,21670,1,28.8,2025-03-18 07:57:59+00:00,Unknown,28.8,2025,3,18
84230,49198,21368,1,51.3,2024-11-11 13:54:00+00:00,"Apt. 178 666 Marcos Mission, West Rhiannonchester, OH 17104",51.3,2024,11,11
80326,48505,21452,1,84.6,2025-01-04 13:14:12+00:00,"5309 O'Conner Causeway, Port Rick, CO 67830-4107",84.6,2025,1,4
81040,47987,21358,2,14.0,2025-02-03 21:14:00+00:00,"Apt. 159 7535 Margorie Port, Ziemanntown, ID 98090-5153",28.0,2025,2,3
81462,48818,21489,1,23.0,2024-10-30 06:57:13+00:00,Unknown,23.0,2024,10,30
84911,48953,21654,1,44.0,2025-02-01 17:45:22+00:00,Unknown,44.0,2025,2,1
82864,48118,21717,2,34.5,2025-01-20 18:52:12+00:00,Unknown,69.0,2025,1,20
84109,48214,21553,1,40.5,2024-11-03 11:46:41+00:00,Unknown,40.5,2024,11,3
78773,48265,21868,1,78.0,2025-04-24 06:54:58+00:00,"666 Hauck Trace, Jonesland, MT 21700-5252",78.0,2025,4,24
85397,50181,21735,1,36.0,2025-01-05 20:55:00+00:00,"690 Lowe Corner, New Geoffrey, KY 66652-6902",36.0,2025,1,5
82369,50484,21344,1,52.5,2024-09-23 10:00:13+00:00,Unknown,52.5,2024,9,23
82073,48534,21524,1,49.25,2025-03-16 13:44:01+00:00,Unknown,49.25,2025,3,16
84113,49583,21500,1,27.5,2025-01-05 20:56:36.615000+00:00,"Apt. 805 8124 Wisoky Spurs, Lake Lisastad, KS 09879-5704",27.5,2025,1,5
83203,49678,22056,1,23.5,2024-07-07 00:12:36+00:00,Unknown,23.5,2024,7,7
83889,48519,21719,1,73.19,2025-03-16 09:28:45+00:00,Unknown,73.19,2025,3,16
83935,49168,21752,1,69.6,2025-03-15 20:11:00+00:00,Unknown,69.6,2025,3,15
83549,48596,21690,3,50.7,2025-05-18 10:57:10.786000+00:00,"Suite 387 48419 Florene Estate, Port Jeffereystad, SC 78228",152.1,2025,5,18
77790,50890,22051,2,29.75,2025-08-14 13:29:00+00:00,"156 Hegmann Gardens, North Tyrone, MS 08149-5777",59.5,2025,8,14
83913,47860,21807,1,34.5,2024-10-25 23:24:00+00:00,Unknown,34.5,2024,10,25
80123,48275,21823,2,61.0,2025-03-26 09:13:00+00:00,"122 Carol Trafficway, Jazminestad, IL 39663",122.0,2025,3,26
82122,47703,21879,3,70.8,2024-07-29 05:23:25+00:00,"Suite 750 344 Pfannerstill Crescent, North Kamilahbury, WY 08675",212.4,2024,7,29
80984,50102,21481,1,21.0,2024-09-19 21:58:24+00:00,Unknown,21.0,2024,9,19
80492,50515,21351,1,42.6,2025-08-19 02:10:00+00:00,"876 Tamera Junctions, Port Felipe, DE 46268",42.6,2025,8,19
85101,48155,21961,4,27.5,2025-06-25 18:40:00+00:00,Unknown,110.0,2025,6,25
83073,49759,21740,1,53.0,2024-12-02 23:22:16+00:00,"75687 Ryan Street, Schaefertown, OR 38398",53.0,2024,12,2
81763,49431,21508,1,26.99,2025-01-14 10:21:25+00:00,"43864 Jeramy Plains, South Anthonyburgh, CT 17313-4753",26.99,2025,1,14
83289,50835,21400,1,44.99,2025-09-05 15:16:18.305000+00:00,Unknown,44.99,2025,9,5
86331,47764,21383,2,50.25,2024-12-11 12:46:01+00:00,Unknown,100.5,2024,12,11
79430,50692,22041,1,45.6,2024-09-25 00:24:09+00:00,Unknown,45.6,2024,9,25
82147,49427,21816,2,80.4,2024-09-18 22:04:02+00:00,Unknown,160.8,2024,9,18
85929,48981,21921,1,62.5,2024-10-22 10:42:27+00:00,"Apt. 322 271 Buffy Tunnel, Schummville, SD 63853-5655",62.5,2024,10,22
82768,48422,21521,3,48.5,2025-05-16 05:51:00+00:00,Unknown,145.5,2025,5,16
85046,49002,21500,2,34.79,2024-12-21 02:40:27+00:00,Unknown,69.58,2024,12,21
84806,50446,21872,2,40.0,2025-03-15 17:13:27+00:00,"487 Lesch Knolls, Lindgrenport, MD 35045",80.0,2025,3,15
84310,47914,21966,1,24.5,2025-03-03 02:22:41+00:00,Unknown,24.5,2025,3,3
86384,49636,21600,1,26.25,2025-01-18 10:03:00+00:00,"Suite 556 6812 Dickens Glen, Krystenbury, MT 42209-4917",26.25,2025,1,18
79794,49438,21838,5,40.2,2024-05-01 10:11:00+00:00,Unknown,201.0,2024,5,1
83645,49730,21620,1,33.99,2025-03-17 10:45:44.907000+00:00,Unknown,33.99,2025,3,17
83219,48918,21791,5,45.0,2024-11-12 03:56:00+00:00,Unknown,225.0,2024,11,12
83110,50251,21854,1,71.4,2024-08-04 13:53:42+00:00,Unknown,71.4,2024,8,4
79913,51059,21512,1,84.0,2024-11-03 23:53:25+00:00,Unknown,84.0,2024,11,3
86236,48195,21579,1,69.0,2025-05-17 03:50:41+00:00,Unknown,69.0,2025,5,17
82721,50628,22008,1,68.99,2024-08-18 02:54:42+00:00,Unknown,68.99,2024,8,18
81444,50172,21836,1,46.25,2024-09-14 20:10:00+00:00,"Apt. 559 683 Shalanda Run, Laurynbury, MD 53143",46.25,2024,9,14
83866,49224,21495,2,52.25,2025-07-01 10:45:00+00:00,Unknown,104.5,2025,7,1
77924,48257,21796,2,33.0,2025-02-28 15:05:17+00:00,Unknown,66.0,2025,2,28
83438,48483,21956,1,23.0,2024-11-23 20:52:18+00:00,Unknown,23.0,2024,11,23
80724,48640,21348,1,18.25,2024-06-23 15:50:00+00:00,Unknown,18.25,2024,6,23
83899,48717,21894,4,56.4,2025-03-22 19:50:50+00:00,Unknown,225.6,2025,3,22
85500,50530,21919,1,60.5,2024-11-13 02:37:32.826000+00:00,Unknown,60.5,2024,11,13
79046,50892,22024,2,69.5,2024-10-07 20:47:40+00:00,Unknown,139.0,2024,10,7
85463,47985,21715,2,35.75,2024-04-10 14:55:28+00:00,Unknown,71.5,2024,4,10
80630,49342,22042,1,53.5,2024-09-10 01:17:01+00:00,Unknown,53.5,2024,9,10
77751,49183,21916,5,22.8,2024-10-16 16:00:47+00:00,Unknown,114.0,2024,10,16
78979,48445,21429,1,27.75,2024-10-01 17:23:04+00:00,"48112 Kutch Parks, Shandihaven, IN 26269-8180",27.75,2024,10,1
86209,48022,21895,1,16.2,2025-03-09 20:58:00+00:00,Unknown,16.2,2025,3,9
81928,50690,21867,1,56.0,2024-10-10 09:23:23+00:00,Unknown,56.0,2024,10,10
78508,50712,21415,1,58.0,2024-07-17 07:52:17+00:00,"634 Batz Camp, Feeneyfort, DE 42785-8019",58.0,2024,7,17
85277,48173,21961,1,27.99,2025-02-24 00:01:48+00:00,Unknown,27.99,2025,2,24
77688,50523,21686,1,23.4,2024-09-26 05:00:59+00:00,Unknown,23.4,2024,9,26
79220,48832,21439,1,43.5,2025-01-16 23:38:00+00:00,"Apt. 355 3790 Graham Burgs, North Cedricmouth, CA 83909-7628",43.5,2025,1,16
79015,50392,21866,1,40.0,2025-04-20 19:47:37+00:00,Unknown,40.0,2025,4,20
79419,49198,22025,3,58.75,2025-04-03 20:43:57+00:00,"Apt. 178 666 Marcos Mission, West Rhiannonchester, OH 17104",176.25,2025,4,3
83368,48995,21479,1,61.0,2024-12-20 06:38:00+00:00,Unknown,61.0,2024,12,20
84929,48322,21891,1,80.4,2024-10-22 10:21:23+00:00,Unknown,80.4,2024,10,22
85051,50779,21521,1,61.2,2024-04-02 10:34:50+00:00,Unknown,61.2,2024,4,2
86276,50974,21678,5,73.5,2025-03-02 13:59:44+00:00,Unknown,367.5,2025,3,2
80456,47723,21369,1,36.0,2024-08-06 20:47:09+00:00,Unknown,36.0,2024,8,6
80667,49680,21447,1,49.0,2025-02-09 13:19:15+00:00,Unknown,49.0,2025,2,9
86434,50098,21727,4,15.0,2025-01-11 17:09:00+00:00,Unknown,60.0,2025,1,11
83556,47670,22023,2,18.5,2024-08-17 13:15:00+00:00,"764 Frami Coves, North Ezekiel, VT 93063",37.0,2024,8,17
85670,51038,21827,4,16.99,2024-10-23 23:08:22+00:00,Unknown,67.96,2024,10,23
78891,48752,21849,3,41.4,2024-07-07 17:22:41+00:00,Unknown,124.2,2024,7,7
81153,50436,21378,1,36.0,2024-05-01 03:23:25.311000+00:00,"970 Tristan Motorway, Sidneybury, LA 76853",36.0,2024,5,1
81410,47836,21555,1,44.75,2024-09-08 15:37:27+00:00,Unknown,44.75,2024,9,8
83141,51121,21377,1,64.5,2025-07-24 02:59:18+00:00,Unknown,64.5,2025,7,24
79797,50437,21348,1,20.99,2024-11-12 10:56:48+00:00,Unknown,20.99,2024,11,12
85280,50850,21900,4,72.5,2024-06-19 16:04:00+00:00,"348 Smith Extensions, New Catrice, HI 56757",290.0,2024,6,19
78213,50558,21413,2,47.99,2025-06-06 08:08:09+00:00,"71702 Schinner Orchard, Arronfort, CO 90435-3072",95.98,2025,6,6
82707,50890,21515,1,57.0,2024-11-02 11:00:10+00:00,"156 Hegmann Gardens, North Tyrone, MS 08149-5777",57.0,2024,11,2
78535,48997,21861,1,38.5,2024-10-11 18:25:00+00:00,Unknown,38.5,2024,10,11
84748,50792,21382,2,63.6,2025-06-20 11:24:35+00:00,Unknown,127.2,2025,6,20
82054,48282,21603,2,62.1,2025-06-16 10:37:11+00:00,"Apt. 912 743 Marcelo Island, Port Carina, ND 04495-0917",124.2,2025,6,16
85510,49711,21414,1,59.1,2025-07-21 05:00:00+00:00,Unknown,59.1,2025,7,21
84513,49855,21564,1,91.8,2024-12-11 14:02:00+00:00,Unknown,91.8,2024,12,11
86218,47890,21496,1,80.1,2025-01-10 09:44:00+00:00,Unknown,80.1,2025,1,10
84404,48699,21332,4,16.75,2024-10-31 23:50:57+00:00,Unknown,67.0,2024,10,31
82548,49897,21629,1,55.2,2025-01-25 11:43:00+00:00,Unknown,55.2,2025,1,25
84014,50233,21966,1,27.0,2025-06-18 11:52:07+00:00,Unknown,27.0,2025,6,18
81545,49672,21921,1,58.0,2025-04-03 23:07:56+00:00,Unknown,58.0,2025,4,3
81986,48334,21434,1,26.0,2024-10-28 21:43:00+00:00,Unknown,26.0,2024,10,28
82976,48661,21561,1,78.0,2024-10-22 22:42:00+00:00,"Apt. 669 880 Carroll Light, Port Marquischester, HI 77735-1406",78.0,2024,10,22
82289,49776,21939,1,36.0,2024-11-14 15:06:51+00:00,Unknown,36.0,2024,11,14
81034,49801,21302,2,22.75,2025-04-23 03:42:28+00:00,Unknown,45.5,2025,4,23
82918,47938,21697,1,76.8,2025-03-19 17:42:44+00:00,"Apt. 632 25563 Herb Street, East Linnie, GA 04626",76.8,2025,3,19
81653,48924,21710,3,74.25,2024-07-19 17:35:13+00:00,Unknown,222.75,2024,7,19
85049,47860,21953,2,52.79,2024-04-25 04:58:00+00:00,Unknown,105.58,2024,4,25
82483,48815,21567,2,62.0,2024-07-30 08:36:00+00:00,Unknown,124.0,2024,7,30
83548,51076,21519,1,47.5,2024-10-09 11:17:00+00:00,Unknown,47.5,2024,10,9
79356,50880,21686,1,18.0,2025-03-17 21:42:07+00:00,Unknown,18.0,2025,3,17
77653,49644,22036,1,59.4,2024-09-29 07:26:00+00:00,"Suite 728 23825 Ward Roads, East Theodora, MN 30660",59.4,2024,9,29
85517,47724,21810,2,55.0,2025-02-22 01:36:05+00:00,Unknown,110.0,2025,2,22
77740,48698,21737,1,22.0,2024-10-12 23:43:32+00:00,"Suite 298 8534 Corwin Junctions, Parkershire, UT 52490",22.0,2024,10,12
83050,48041,21471,1,30.0,2024-05-30 17:01:00+00:00,Unknown,30.0,2024,5,30
85550,49163,21684,5,59.5,2024-11-12 20:45:30+00:00,Unknown,297.5,2024,11,12
82639,48020,21696,1,43.25,2025-04-12 08:11:43.895000+00:00,Unknown,43.25,2025,4,12
80401,49282,21501,1,16.25,2024-12-28 20:27:56+00:00,Unknown,16.25,2024,12,28
84385,48722,22034,1,73.25,2024-09-10 18:20:52+00:00,Unknown,73.25,2024,9,10
79169,49556,21587,4,68.0,2024-12-24 08:54:28+00:00,Unknown,272.0,2024,12,24
78679,48748,21871,1,29.99,2024-11-07 00:40:33.727000+00:00,Unknown,29.99,2024,11,7
81807,48215,21777,1,31.75,2025-01-06 20:41:38+00:00,Unknown,31.75,2025,1,6
81880,49112,21457,3,25.0,2024-09-04 04:03:30+00:00,Unknown,75.0,2024,9,4
77964,50699,21870,3,79.19,2025-01-20 17:05:52+00:00,Unknown,237.57,2025,1,20
82011,49964,21496,1,70.25,2024-10-29 09:07:29+00:00,Unknown,70.25,2024,10,29
85720,50866,22003,3,60.99,2025-05-29 17:38:24+00:00,Unknown,182.97,2025,5,29
81764,50939,21584,2,41.0,2024-09-21 21:20:22+00:00,Unknown,82.0,2024,9,21
79498,49975,21589,1,76.5,2024-04-13 11:24:16.437000+00:00,"Suite 340 6149 Edmund Terrace, Breitenbergtown, MA 91618-6864",76.5,2024,4,13
79075,47742,21485,2,49.0,2024-08-31 08:58:58+00:00,Unknown,98.0,2024,8,31
79059,48598,21691,1,22.2,2024-10-28 18:18:05+00:00,Unknown,22.2,2024,10,28
82901,49476,21491,2,34.8,2024-11-25 03:45:00+00:00,Unknown,69.6,2024,11,25
80245,50891,21503,1,19.0,2024-08-23 19:29:49+00:00,Unknown,19.0,2024,8,23
78947,49113,21696,2,38.0,2024-09-29 11:41:12+00:00,Unknown,76.0,2024,9,29
80790,49940,21515,1,59.99,2024-04-29 09:32:00+00:00,Unknown,59.99,2024,4,29
78370,49544,21799,1,37.5,2024-10-13 12:57:00+00:00,"Apt. 544 3741 Swift Dam, South Geniechester, LA 52147-8517",37.5,2024,10,13
80249,48310,21417,1,63.75,2025-02-22 23:35:38+00:00,Unknown,63.75,2025,2,22
83182,48402,21613,1,53.0,2025-01-31 22:56:19+00:00,Unknown,53.0,2025,1,31
77666,50741,21720,3,27.5,2025-03-31 08:28:10+00:00,Unknown,82.5,2025,3,31
84672,50863,22011,1,73.5,2025-06-04 07:12:12+00:00,Unknown,73.5,2025,6,4
82606,49103,21477,1,24.3,2025-03-09 22:31:00+00:00,Unknown,24.3,2025,3,9
84612,50923,21977,1,26.7,2024-11-17 22:12:29+00:00,Unknown,26.7,2024,11,17
80824,48289,22056,1,18.99,2024-10-11 23:29:00+00:00,Unknown,18.99,2024,10,11
82528,50949,21454,1,25.0,2024-05-23 07:15:52.877000+00:00,"9780 Connelly Valleys, South Jonathonborough, NY 59721",25.0,2024,5,23
77614,49927,21695,2,75.25,2025-03-25 22:21:11+00:00,Unknown,150.5,2025,3,25
80195,48930,21689,1,16.0,2024-05-15 04:45:09+00:00,"Suite 970 2868 Cruickshank Summit, Hammesview, MI 06535-1724",16.0,2024,5,15
80703,50663,21917,2,63.0,2024-11-14 19:45:00+00:00,Unknown,126.0,2024,11,14
78518,48242,21837,4,60.5,2025-01-31 23:00:00+00:00,"4049 Rohan Springs, Biancastad, ME 84568-0051",242.0,2025,1,31
83543,50323,21570,2,31.99,2024-09-06 18:38:58.190000+00:00,Unknown,63.98,2024,9,6
85868,47969,21808,1,59.0,2025-01-14 23:16:09+00:00,Unknown,59.0,2025,1,14
79210,48943,22016,1,51.5,2024-11-07 00:58:06+00:00,Unknown,51.5,2024,11,7
79161,50867,21432,1,38.99,2025-08-31 10:06:31+00:00,Unknown,38.99,2025,8,31
84919,50471,21705,1,61.99,2024-10-17 19:05:00+00:00,Unknown,61.99,2024,10,17
81512,49828,21568,3,25.99,2024-10-01 14:18:15+00:00,Unknown,77.97,2024,10,1
85819,48863,21312,1,38.75,2024-08-15 19:09:02+00:00,"Apt. 596 8120 Senger Underpass, Joyaport, AZ 44788-4814",38.75,2024,8,15
83370,49361,21358,1,18.5,2025-06-09 12:47:34+00:00,Unknown,18.5,2025,6,9
80901,49755,21982,2,41.5,2025-02-04 23:35:04+00:00,Unknown,83.0,2025,2,4
83513,50467,21821,1,78.3,2024-06-17 15:48:03+00:00,Unknown,78.3,2024,6,17
81740,48982,21956,1,28.8,2024-11-01 20:37:41+00:00,"78629 Takako Mountains, Carmelitashire, AR 63374-5019",28.8,2024,11,1
82189,48365,21985,1,19.25,2024-12-12 00:26:09+00:00,Unknown,19.25,2024,12,12
79159,48662,21956,1,29.99,2025-01-10 03:20:39+00:00,"8549 Hoppe Unions, Port Geneborough, IN 78613",29.99,2025,1,10
81481,48914,21674,1,20.99,2025-03-02 15:56:12+00:00,"Apt. 967 411 Jakubowski Lodge, Lorettafurt, TN 91831-7324",20.99,2025,3,2
85099,50881,21872,2,36.99,2025-08-04 07:31:43+00:00,Unknown,73.98,2025,8,4
77676,48340,21336,1,86.7,2025-05-31 13:51:03+00:00,Unknown,86.7,2025,5,31
86330,48921,21629,1,41.25,2024-10-29 10:56:00+00:00,Unknown,41.25,2024,10,29
84822,47664,22038,1,34.5,2024-12-17 16:43:15+00:00,Unknown,34.5,2024,12,17
77599,49022,21601,1,66.0,2025-01-11 12:20:36+00:00,Unknown,66.0,2025,1,11
81306,49320,21784,1,63.5,2024-11-01 12:16:06.298000+00:00,Unknown,63.5,2024,11,1
79768,48627,22011,3,90.3,2025-01-12 18:03:54+00:00,"8643 Nicolas Plaza, East Pathaven, VT 45180",270.9,2025,1,12
86174,47826,21764,1,52.75,2025-04-06 19:20:00+00:00,Unknown,52.75,2025,4,6
84346,50848,21311,1,18.0,2025-02-06 16:20:06+00:00,Unknown,18.0,2025,2,6
84376,50014,21752,2,59.99,2024-07-09 14:47:00+00:00,"7575 Aurelio Creek, West Beatris, OH 18515",119.98,2024,7,9
84434,49600,21600,1,26.75,2024-10-13 09:15:25+00:00,Unknown,26.75,2024,10,13
80389,49157,22033,3,49.99,2024-08-14 14:17:19+00:00,"Apt. 559 37960 Boehm Pines, New Ola, UT 11673",149.97,2024,8,14
86397,47666,21960,1,59.5,2025-08-10 16:11:30+00:00,Unknown,59.5,2025,8,10
85999,48526,21865,1,70.0,2025-04-08 19:09:00+00:00,Unknown,70.0,2025,4,8
82862,48385,21977,2,25.0,2024-11-19 03:11:00+00:00,Unknown,50.0,2024,11,19
79524,50935,21749,1,71.75,2025-02-16 14:15:08.878000+00:00,Unknown,71.75,2025,2,16
80622,48912,22056,2,22.0,2024-12-15 07:30:07+00:00,Unknown,44.0,2024,12,15
81790,48391,21334,1,65.0,2024-08-15 11:41:00+00:00,Unknown,65.0,2024,8,15
78252,50710,22046,5,72.6,2024-06-27 09:00:05+00:00,"Apt. 419 5059 Sachiko Loop, East Norberttown, AR 13282",363.0,2024,6,27
85680,49794,21580,1,80.4,2025-01-12 09:50:51+00:00,Unknown,80.4,2025,1,12
82163,48986,21573,1,28.0,2025-04-03 08:04:00+00:00,Unknown,28.0,2025,4,3
80589,48079,21597,1,67.0,2025-03-11 04:22:00+00:00,Unknown,67.0,2025,3,11
80354,47789,21551,1,18.75,2025-04-26 05:52:08+00:00,Unknown,18.75,2025,4,26
85569,49805,21481,2,23.99,2024-11-04 12:26:00+00:00,Unknown,47.98,2024,11,4
81559,48970,21951,1,35.25,2025-12-04 19:20:20+00:00,Unknown,35.25,2025,12,4
84441,50828,21948,3,62.99,2025-04-19 03:00:21+00:00,Unknown,188.97,2025,4,19
85120,49859,21791,2,48.0,2024-09-11 06:50:50+00:00,Unknown,96.0,2024,9,11
81668,49211,21626,1,42.0,2024-07-18 03:39:50.239000+00:00,Unknown,42.0,2024,7,18
81160,48026,21406,2,68.99,2025-01-25 09:02:00+00:00,Unknown,137.98,2025,1,25
82363,49517,21959,3,85.19,2025-01-25 18:44:55+00:00,Unknown,255.57,2025,1,25
78969,49417,21483,1,54.25,2024-08-07 21:25:00+00:00,Unknown,54.25,2024,8,7
84203,48224,21902,2,19.75,2024-11-08 00:46:04+00:00,Unknown,39.5,2024,11,8
83733,47951,21826,2,46.0,2024-06-16 07:26:26+00:00,Unknown,92.0,2024,6,16
79123,50625,21525,3,35.0,2025-05-24 03:22:00+00:00,Unknown,105.0,2025,5,24
79891,48502,21524,1,46.5,2024-11-10 22:04:09+00:00,Unknown,46.5,2024,11,10
82944,50048,21721,1,54.99,2024-09-16 10:10:00+00:00,Unknown,54.99,2024,9,16
78923,50753,21461,2,75.5,2025-08-25 04:34:34+00:00,Unknown,151.0,2025,8,25
82834,48046,21524,3,47.0,2024-09-16 00:46:27+00:00,Unknown,141.0,2024,9,16
78837,50113,21742,1,35.5,2025-05-05 14:05:00+00:00,"Suite 948 34829 Junko Forges, Port Wm, OR 73584",35.5,2025,5,5
81691,50211,21929,1,56.25,2024-11-03 07:09:55+00:00,Unknown,56.25,2024,11,3
86090,49724,21548,1,39.5,2024-07-28 07:19:00+00:00,Unknown,39.5,2024,7,28
82434,49487,21692,3,69.25,2024-09-05 12:38:24+00:00,"8525 Mitchel Points, North Adamborough, WY 43584-9505",207.75,2024,9,5
81449,49541,21349,1,67.25,2024-09-17 05:16:39+00:00,Unknown,67.25,2024,9,17
82912,50734,22021,1,20.0,2025-01-28 09:59:16+00:00,Unknown,20.0,2025,1,28
80657,50816,21551,1,24.9,2024-09-13 06:08:00+00:00,Unknown,24.9,2024,9,13
85409,50217,21915,1,40.79,2024-08-04 12:12:32+00:00,Unknown,40.79,2024,8,4
83650,49740,21493,1,34.79,2025-01-21 16:47:04+00:00,Unknown,34.79,2025,1,21
83376,48133,21669,1,23.0,2024-12-30 23:58:00+00:00,"Suite 945 16813 Emmerich Coves, Lake Edgar, NV 50064",23.0,2024,12,30
84447,49816,21877,3,71.25,2025-01-03 00:16:22+00:00,"Suite 200 5036 Howard Island, West Christopher, VA 47896",213.75,2025,1,3
79230,49906,21751,1,83.7,2024-10-12 13:32:56.809000+00:00,"Apt. 524 508 Gary Rapid, Dickensborough, CA 18647",83.7,2024,10,12
85957,50144,21415,2,62.0,2024-10-12 01:01:00+00:00,Unknown,124.0,2024,10,12
82097,48623,21418,2,38.39,2024-10-29 18:06:28+00:00,Unknown,76.78,2024,10,29
81643,50744,21582,1,75.6,2024-07-12 03:17:00+00:00,Unknown,75.6,2024,7,12
80114,50928,21659,2,33.99,2024-09-02 09:17:07+00:00,Unknown,67.98,2024,9,2
80323,50994,21906,2,40.5,2024-12-01 02:06:00+00:00,Unknown,81.0,2024,12,1
85193,48202,21597,1,78.6,2025-02-28 01:12:00+00:00,Unknown,78.6,2025,2,28
83959,49827,21760,1,71.0,2025-11-12 16:00:00+00:00,Unknown,71.0,2025,11,12
80372,50822,21564,1,72.25,2025-07-23 11:12:00+00:00,Unknown,72.25,2025,7,23
81493,48906,21392,1,52.75,2025-01-03 13:43:25+00:00,Unknown,52.75,2025,1,3
78949,49268,21567,2,60.5,2024-07-18 05:04:28.398000+00:00,Unknown,121.0,2024,7,18
84042,48249,21434,1,33.3,2024-10-13 07:44:00+00:00,Unknown,33.3,2024,10,13
78426,47925,21610,1,63.59,2025-03-05 14:56:00+00:00,Unknown,63.59,2025,3,5
84597,48508,21611,2,51.5,2024-07-19 16:11:18+00:00,Unknown,103.0,2024,7,19
81987,48769,21398,2,34.25,2025-06-21 04:30:26+00:00,Unknown,68.5,2025,6,21
79014,48776,21464,1,65.75,2024-11-03 04:47:40+00:00,"Suite 941 1647 Vernon Road, North Archiestad, OH 65015-9407",65.75,2024,11,3
84031,50463,21479,1,69.9,2024-11-08 12:18:57+00:00,Unknown,69.9,2024,11,8
79137,48267,21532,1,15.75,2025-02-05 09:44:35+00:00,Unknown,15.75,2025,2,5
84845,48544,22036,1,55.8,2024-12-31 19:39:28+00:00,Unknown,55.8,2024,12,31
86118,48672,21354,1,52.0,2024-12-14 01:38:49+00:00,Unknown,52.0,2024,12,14
81499,48070,21316,1,37.8,2024-12-21 00:18:04+00:00,Unknown,37.8,2024,12,21
80481,49008,21429,2,28.0,2024-09-26 06:35:22+00:00,Unknown,56.0,2024,9,26
86096,50010,21736,1,56.4,2024-11-21 19:04:56+00:00,Unknown,56.4,2024,11,21
83273,48566,22016,2,61.2,2025-01-12 14:33:00+00:00,Unknown,122.4,2025,1,12
85909,48017,22038,1,38.4,2025-01-29 08:10:00+00:00,Unknown,38.4,2025,1,29
79531,48228,21434,1,30.0,2024-11-22 08:24:19+00:00,Unknown,30.0,2024,11,22
78789,50287,22041,1,40.25,2024-12-02 22:29:04+00:00,"636 Moen Tunnel, Elijahborough, WV 97874-3940",40.25,2024,12,2
84842,50321,21605,1,43.5,2024-09-05 15:08:38+00:00,"Suite 282 433 Reichel Spurs, Bertramberg, WY 15200-6265",43.5,2024,9,5
83593,47894,21373,1,22.8,2024-05-31 09:24:38+00:00,Unknown,22.8,2024,5,31
86499,47707,21872,1,47.7,2024-11-02 04:44:51+00:00,"Apt. 472 8937 Manual Forks, New Geraldberg, MI 79282-1517",47.7,2024,11,2
84678,48945,21592,1,58.5,2024-12-31 16:24:23.585000+00:00,Unknown,58.5,2024,12,31
83922,48322,21350,1,44.4,2025-03-16 13:58:59+00:00,Unknown,44.4,2025,3,16
84700,48162,21945,1,17.4,2025-03-06 21:27:25+00:00,Unknown,17.4,2025,3,6
82702,50035,21826,1,48.99,2024-06-15 01:55:26+00:00,Unknown,48.99,2024,6,15
81488,49406,21817,1,63.25,2025-08-17 18:21:22+00:00,Unknown,63.25,2025,8,17
80635,48563,21921,4,76.2,2025-01-12 21:57:38+00:00,"Apt. 219 719 Danette Manor, Port Linwood, MN 04868",304.8,2025,1,12
83766,50596,21597,1,66.0,2025-02-01 05:27:49+00:00,"5675 Luettgen Trace, Gloverland, VT 83750-4521",66.0,2025,2,1
80322,48549,22052,1,30.9,2025-03-23 23:09:00+00:00,"Suite 241 72999 Isreal Mews, Mariaview, MD 01948",30.9,2025,3,23
85982,49603,21847,1,67.25,2024-05-24 06:45:00+00:00,Unknown,67.25,2024,5,24
85372,50819,21303,3,57.75,2025-01-16 19:16:55+00:00,Unknown,173.25,2025,1,16
80091,48002,21335,1,33.0,2024-02-05 15:36:28.740000+00:00,"Apt. 653 972 Jacquetta Wall, Lake Sidney, CT 17257",33.0,2024,2,5
80148,49583,21383,1,62.4,2024-07-13 08:04:00+00:00,Unknown,62.4,2024,7,13
81818,49984,21715,1,32.0,2024-11-10 01:39:00+00:00,Unknown,32.0,2024,11,10
85836,49233,21352,1,33.0,2025-01-27 01:15:44+00:00,"51706 Gino Expressway, Lake Hildegard, UT 72216-3912",33.0,2025,1,27
82800,48080,21370,1,62.0,2025-01-12 07:21:58+00:00,Unknown,62.0,2025,1,12
85722,50599,21667,1,55.5,2025-05-23 20:42:00+00:00,Unknown,55.5,2025,5,23
85316,49331,21824,1,63.0,2025-05-24 04:16:00+00:00,Unknown,63.0,2025,5,24
86081,49552,21343,3,71.0,2024-11-13 15:26:00+00:00,"Apt. 463 771 Ruecker Mount, Port Juniorburgh, ID 39145",213.0,2024,11,13
84954,49501,21385,1,25.99,2025-09-19 07:00:23+00:00,Unknown,25.99,2025,9,19
80835,47954,21401,1,28.75,2024-07-18 00:43:46+00:00,Unknown,28.75,2024,7,18
85821,48039,22022,3,55.25,2024-06-15 19:01:53+00:00,"13951 Benedict Causeway, North Mathaland, AL 81257-7535",165.75,2024,6,15
79285,51037,21446,1,15.0,2024-05-23 18:23:34+00:00,"Suite 776 95059 Shawnna Streets, Beerfort, MT 13687-6042",15.0,2024,5,23
82266,49454,21892,1,27.0,2025-05-06 10:34:11+00:00,Unknown,27.0,2025,5,6
78716,49920,21554,1,84.6,2025-08-13 03:51:39+00:00,Unknown,84.6,2025,8,13
79957,50801,21489,3,19.5,2024-07-05 14:10:00+00:00,Unknown,58.5,2024,7,5
84394,48416,21588,1,62.99,2024-06-30 13:16:40.216000+00:00,"Apt. 321 564 O'Reilly Wells, East Annabell, WI 17705-4989",62.99,2024,6,30
84169,50630,21968,1,23.4,2025-03-29 10:17:45+00:00,Unknown,23.4,2025,3,29
77799,50840,21924,1,54.25,2024-12-18 13:55:37+00:00,Unknown,54.25,2024,12,18
85163,47690,21377,1,57.0,2025-03-01 18:33:07+00:00,Unknown,57.0,2025,3,1
83778,49841,21367,1,29.99,2025-02-01 11:35:12+00:00,Unknown,29.99,2025,2,1
79098,48282,21383,2,63.59,2024-08-09 16:31:31+00:00,Unknown,127.18,2024,8,9
78393,48660,21544,1,14.0,2024-07-14 03:17:34+00:00,"75461 Luettgen Islands, East Dominga, NE 03542",14.0,2024,7,14
83670,49822,21482,1,64.0,2024-07-08 05:07:00+00:00,"Apt. 869 293 Bettye Freeway, South Rockyland, AZ 66649-5874",64.0,2024,7,8
80340,51122,21872,1,37.25,2025-01-30 13:10:30.562000+00:00,Unknown,37.25,2025,1,30
78656,48676,21476,3,35.5,2024-05-07 23:21:00+00:00,Unknown,106.5,2024,5,7
85863,51107,21736,1,48.0,2024-09-02 04:23:00+00:00,Unknown,48.0,2024,9,2
84539,47853,21880,4,38.0,2025-04-10 02:36:00+00:00,"1418 Feest Burg, East Jeromy, ID 22202",152.0,2025,4,10
80076,49270,21582,4,67.99,2024-11-26 01:31:31+00:00,"Suite 341 5505 Reta Court, Port Lizabethtown, CO 17223-7085",271.96,2024,11,26
82583,50408,21435,3,33.0,2025-01-08 22:36:37+00:00,Unknown,99.0,2025,1,8
84418,48377,21362,1,26.4,2024-11-01 19:48:17+00:00,Unknown,26.4,2024,11,1
83712,50749,21801,1,50.39,2024-08-25 10:37:45+00:00,Unknown,50.39,2024,8,25
79966,50303,21868,4,66.25,2025-02-22 19:16:29+00:00,Unknown,265.0,2025,2,22
85978,48914,21335,1,29.0,2025-07-30 05:48:17.355000+00:00,"Apt. 967 411 Jakubowski Lodge, Lorettafurt, TN 91831-7324",29.0,2025,7,30
84985,50520,21688,1,26.39,2024-09-01 05:11:00+00:00,Unknown,26.39,2024,9,1
79505,50540,22001,1,61.25,2024-08-08 17:49:28+00:00,"Suite 969 22264 Kuhn Isle, West Samfurt, LA 86874-5635",61.25,2024,8,8
82314,49664,21506,4,21.0,2024-12-15 16:13:26+00:00,Unknown,84.0,2024,12,15
82375,48593,21537,1,24.0,2024-03-03 23:54:32.403000+00:00,Unknown,24.0,2024,3,3
78511,48800,22041,1,40.99,2024-08-09 12:02:28+00:00,Unknown,40.99,2024,8,9
78244,48705,21770,1,19.5,2025-01-13 03:50:38+00:00,"Suite 167 60722 Margarett Mountains, North Gerardoburgh, NH 50129",19.5,2025,1,13
79742,49683,21557,1,63.0,2024-08-05 10:45:46+00:00,"94357 Nga Isle, South Isaias, PA 85722-2984",63.0,2024,8,5
80207,48348,21882,2,39.0,2024-12-16 09:03:37+00:00,"98465 Feeney Island, Port Michaelemouth, VA 61522-9935",78.0,2024,12,16
77839,50661,21365,1,33.5,2024-12-08 19:12:00+00:00,Unknown,33.5,2024,12,8
79556,48282,21799,1,37.2,2025-01-25 21:14:07+00:00,Unknown,37.2,2025,1,25
79937,49989,22027,1,30.99,2024-10-22 07:08:02.086000+00:00,Unknown,30.99,2024,10,22
84706,49951,21976,1,27.5,2024-11-15 01:13:00+00:00,"Suite 686 3728 Torphy River, East Rob, SC 29580",27.5,2024,11,15
83173,48121,21684,2,58.25,2025-03-04 01:02:00+00:00,Unknown,116.5,2025,3,4
82201,47763,21534,1,18.0,2024-07-16 13:08:54+00:00,"Suite 612 723 Larhonda Square, Shauntehaven, TX 55075-9041",18.0,2024,7,16
82526,49253,21922,1,22.0,2025-02-01 18:09:00+00:00,Unknown,22.0,2025,2,1
84623,50378,21438,1,18.0,2024-08-25 23:51:00+00:00,Unknown,18.0,2024,8,25
78651,48371,21762,3,35.99,2024-10-03 09:38:14+00:00,Unknown,107.97,2024,10,3
85679,49411,21493,1,32.1,2025-08-25 02:42:51+00:00,Unknown,32.1,2025,8,25
84568,50343,21848,3,57.0,2024-08-24 13:47:00+00:00,Unknown,171.0,2024,8,24
82512,49219,21504,1,58.75,2025-05-06 05:08:38+00:00,Unknown,58.75,2025,5,6
82449,48879,21758,2,44.25,2025-05-02 19:09:20+00:00,"Apt. 251 1870 Leannon Avenue, South Wilbertfort, NC 85653-1020",88.5,2025,5,2
80515,48846,21395,1,63.0,2025-03-07 06:52:00+00:00,Unknown,63.0,2025,3,7
84032,47917,21691,1,18.75,2025-01-10 02:36:59+00:00,Unknown,18.75,2025,1,10
81874,50686,21782,5,64.8,2024-10-03 11:34:23+00:00,Unknown,324.0,2024,10,3
81755,49724,21587,1,73.5,2025-01-31 10:13:15+00:00,Unknown,73.5,2025,1,31
82292,49627,21764,1,58.8,2024-10-03 19:09:10.365000+00:00,Unknown,58.8,2024,10,3
85629,49481,21789,1,27.9,2024-08-16 06:53:43+00:00,Unknown,27.9,2024,8,16
79956,47725,21452,1,70.75,2024-11-06 05:07:00+00:00,Unknown,70.75,2024,11,6
78703,47909,21355,1,56.5,2025-02-09 00:52:07+00:00,Unknown,56.5,2025,2,9
79201,48925,21896,1,19.5,2024-08-10 17:15:11+00:00,Unknown,19.5,2024,8,10
78254,51020,21411,1,36.75,2024-03-24 04:40:28+00:00,Unknown,36.75,2024,3,24
84039,51044,21538,1,84.6,2024-09-13 07:10:14+00:00,Unknown,84.6,2024,9,13
79076,48132,21875,1,60.0,2024-11-20 23:29:00+00:00,Unknown,60.0,2024,11,20
78506,48921,21563,2,71.5,2024-08-02 23:13:08.566000+00:00,Unknown,143.0,2024,8,2
79980,48246,21343,1,91.2,2025-03-01 00:46:57.463000+00:00,"88628 Carter Road, East Lavona, NM 63338-6592",91.2,2025,3,1
85159,48220,21385,2,31.2,2024-12-10 02:46:42+00:00,Unknown,62.4,2024,12,10
78697,49757,21415,2,72.0,2024-11-17 07:24:57+00:00,"Suite 704 2976 Derrick Run, Lachelleville, WY 15932",144.0,2024,11,17
81085,48643,22006,1,37.5,2025-05-21 02:19:03+00:00,Unknown,37.5,2025,5,21
82941,49755,21953,1,42.5,2024-10-10 00:57:25+00:00,"Suite 703 29390 Bashirian Radial, Eboniehaven, AL 24390-5983",42.5,2024,10,10
81333,49334,21513,2,20.4,2025-05-10 05:52:48+00:00,Unknown,40.8,2025,5,10
78564,49600,21306,1,56.4,2024-08-18 22:41:03.384000+00:00,Unknown,56.4,2024,8,18
85881,49702,21545,1,31.99,2024-11-05 08:32:44+00:00,Unknown,31.99,2024,11,5
81308,49768,21547,5,55.0,2024-05-13 10:36:52+00:00,"Suite 205 96783 Ryan Underpass, Flatleyland, ME 25217",275.0,2024,5,13
78990,48074,21731,3,51.0,2024-06-07 21:52:05+00:00,Unknown,153.0,2024,6,7
77935,50505,21356,1,21.0,2025-01-31 05:00:00+00:00,Unknown,21.0,2025,1,31
78374,48624,21679,2,25.75,2025-04-16 05:56:00+00:00,Unknown,51.5,2025,4,16
83492,47838,21964,1,71.0,2024-07-11 09:52:16+00:00,"Suite 910 54746 Hackett Plain, Barrowsfort, UT 27878",71.0,2024,7,11
82613,48034,21956,1,21.0,2025-06-03 01:12:12+00:00,Unknown,21.0,2025,6,3
78717,49197,22050,5,70.25,2025-03-11 03:04:00+00:00,Unknown,351.25,2025,3,11
78602,47984,21469,1,57.25,2025-02-04 09:22:00+00:00,"Apt. 214 71537 Adeline Forge, Alexanderstad, MT 03355-3299",57.25,2025,2,4
84649,48127,21763,2,47.7,2025-02-19 07:05:00+00:00,Unknown,95.4,2025,2,19
82180,49005,21814,1,43.0,2025-01-20 16:04:00+00:00,"3482 Stevie Hills, East Shizukoview, KY 81963-0029",43.0,2025,1,20
78529,50455,21733,1,15.0,2024-08-08 17:25:25+00:00,"3267 Kuvalis Bypass, Port Lucienchester, AL 28295",15.0,2024,8,8
85374,48050,21898,1,65.1,2024-06-04 14:49:00+00:00,Unknown,65.1,2024,6,4
83665,50772,21580,1,79.2,2024-12-31 03:19:23+00:00,"658 Jenkins Spring, North Joaquin, IN 26673-0571",79.2,2024,12,31
84758,50493,21952,2,54.75,2024-12-10 12:06:00+00:00,Unknown,109.5,2024,12,10
83162,50997,21661,1,80.39,2024-04-10 06:00:00+00:00,Unknown,80.39,2024,4,10
86261,47814,22003,1,60.25,2025-02-13 22:04:19+00:00,Unknown,60.25,2025,2,13
86215,48595,21460,1,68.75,2024-04-25 19:18:10+00:00,Unknown,68.75,2024,4,25
84180,48001,21675,1,18.0,2025-04-13 19:02:00+00:00,Unknown,18.0,2025,4,13
86128,50978,21815,1,19.2,2024-07-12 08:57:53+00:00,Unknown,19.2,2024,7,12
82584,48354,21414,2,49.5,2025-03-23 12:31:00+00:00,Unknown,99.0,2025,3,23
80132,50201,21519,1,46.75,2025-05-02 21:17:00+00:00,"Apt. 110 209 Howe Locks, Croninmouth, AK 18378-7950",46.75,2025,5,2
83728,50117,21648,1,18.99,2024-06-02 11:09:04+00:00,Unknown,18.99,2024,6,2
80666,49850,21692,1,64.75,2025-03-16 07:48:00+00:00,"Apt. 239 1525 Fahey Crossing, Hermannland, MA 16283-6240",64.75,2025,3,16
79058,51058,21754,1,35.1,2024-12-10 02:46:03+00:00,"803 Kunze Islands, Port Paigeview, LA 96671-9761",35.1,2024,12,10
81400,50248,21839,1,71.0,2024-05-28 19:16:32+00:00,Unknown,71.0,2024,5,28
81155,49750,21610,4,56.5,2024-07-12 19:08:00+00:00,"Apt. 739 4624 Farrell Ridges, Michaleberg, PA 01788-8941",226.0,2024,7,12
84067,50557,21452,1,86.39,2025-02-15 20:01:09+00:00,Unknown,86.39,2025,2,15
81519,51117,21761,1,34.5,2024-10-15 11:08:08+00:00,Unknown,34.5,2024,10,15
84210,50446,21830,1,81.0,2024-08-10 23:39:49+00:00,"487 Lesch Knolls, Lindgrenport, MD 35045",81.0,2024,8,10
80800,48037,21873,2,71.99,2024-09-20 14:00:22+00:00,Unknown,143.98,2024,9,20
80563,48886,21965,2,71.4,2024-12-28 02:35:24.052000+00:00,Unknown,142.8,2024,12,28
85376,50000,21705,1,75.0,2024-10-21 21:21:00+00:00,Unknown,75.0,2024,10,21
81137,50325,21717,1,34.75,2025-04-17 17:28:05+00:00,Unknown,34.75,2025,4,17
84679,50102,21423,1,49.19,2024-03-27 19:23:55+00:00,Unknown,49.19,2024,3,27
83064,48100,21833,1,67.99,2024-12-14 11:15:40+00:00,"Apt. 451 1247 DuBuque Trail, Mamouth, MO 04493",67.99,2024,12,14
77635,48488,21358,1,14.0,2025-03-04 10:21:00+00:00,Unknown,14.0,2025,3,4
81591,47699,22034,1,74.75,2024-07-05 23:44:45.891000+00:00,"35141 Kohler Tunnel, Jonnastad, IN 33575",74.75,2024,7,5
79949,48737,21338,1,37.0,2024-08-10 20:24:00+00:00,Unknown,37.0,2024,8,10
79253,48736,21370,2,59.99,2024-11-23 04:09:39+00:00,Unknown,119.98,2024,11,23
79308,50942,21669,2,19.99,2025-01-13 15:27:11+00:00,"2346 Darrel Corners, New Nathanial, UT 78893-8257",39.98,2025,1,13
85156,50921,21777,1,39.0,2024-11-15 03:57:03.706000+00:00,"Apt. 376 78250 Ulysses Inlet, Lake Unbury, MI 01680",39.0,2024,11,15
82675,48858,21421,1,63.0,2025-04-25 19:57:05+00:00,"Suite 244 366 McKenzie Mews, New Shayneland, WV 28559-9464",63.0,2025,4,25
77843,50542,21789,1,24.0,2024-10-10 09:08:56+00:00,Unknown,24.0,2024,10,10
78435,49200,21365,3,35.99,2024-08-03 02:56:58+00:00,Unknown,107.97,2024,8,3
80104,49145,21601,1,63.3,2024-11-12 09:07:00+00:00,Unknown,63.3,2024,11,12
80128,49372,21389,1,66.0,2025-03-11 09:52:00+00:00,Unknown,66.0,2025,3,11
80224,48779,22027,1,32.5,2024-07-12 17:34:00+00:00,Unknown,32.5,2024,7,12
81347,51036,21876,1,32.0,2024-07-16 07:45:49+00:00,Unknown,32.0,2024,7,16
85192,50443,21737,3,22.2,2024-09-07 17:50:38.020000+00:00,Unknown,66.6,2024,9,7
83653,47952,21345,1,88.8,2024-09-09 23:17:16.326000+00:00,Unknown,88.8,2024,9,9
85362,48303,21646,1,75.5,2025-11-01 10:18:18+00:00,"Suite 641 5556 Gibson Throughway, Alfonzoburgh, NV 69354-7297",75.5,2025,11,1
81782,48613,21766,4,58.0,2024-12-27 07:50:50+00:00,Unknown,232.0,2024,12,27
82023,48439,21878,1,70.8,2024-09-19 16:54:38+00:00,Unknown,70.8,2024,9,19
79567,48072,21685,1,64.5,2024-11-24 08:04:42.621000+00:00,Unknown,64.5,2024,11,24
84105,50857,21441,2,27.0,2024-12-13 17:00:02+00:00,Unknown,54.0,2024,12,13
81417,50473,21686,1,22.2,2024-07-20 15:06:32+00:00,Unknown,22.2,2024,7,20
85443,50253,21628,1,46.5,2025-01-19 14:29:50+00:00,Unknown,46.5,2025,1,19
85438,50287,21571,1,21.75,2024-08-01 17:32:02+00:00,Unknown,21.75,2024,8,1
80903,50323,22020,2,73.99,2024-09-01 00:54:00+00:00,"7152 Kristofer Land, South Reuben, SD 95155",147.98,2024,9,1
86228,49174,22005,1,43.0,2024-04-28 17:22:07+00:00,Unknown,43.0,2024,4,28
78180,49065,21405,1,23.7,2024-04-30 15:50:00+00:00,"Apt. 111 41216 Graham Valleys, Runolfssonberg, KS 96004-8277",23.7,2024,4,30
82092,48207,21723,1,50.0,2025-04-24 08:58:00+00:00,Unknown,50.0,2025,4,24
84053,48073,21818,1,22.2,2024-12-14 19:36:06+00:00,Unknown,22.2,2024,12,14
80923,48964,21334,1,65.99,2024-09-28 23:10:29+00:00,Unknown,65.99,2024,9,28
77627,50700,21490,1,62.5,2024-12-25 15:07:50+00:00,Unknown,62.5,2024,12,25
84187,49182,21605,1,57.6,2025-01-24 03:45:44+00:00,Unknown,57.6,2025,1,24
84780,48676,21989,2,70.99,2025-03-14 01:37:34+00:00,"9801 Efrain Circles, Lake Percybury, MS 56886",141.98,2025,3,14
83090,47994,21466,3,35.5,2024-09-11 18:53:09+00:00,Unknown,106.5,2024,9,11
80675,49876,21574,2,45.0,2024-07-30 10:36:52+00:00,Unknown,90.0,2024,7,30
78709,49758,21374,2,69.5,2025-01-08 21:18:15.125000+00:00,Unknown,139.0,2025,1,8
81103,50898,21727,1,16.79,2025-02-13 02:09:52+00:00,Unknown,16.79,2025,2,13
79726,48754,21709,1,49.0,2024-11-16 12:43:43+00:00,Unknown,49.0,2024,11,16
79688,49603,21938,1,72.5,2025-03-18 18:37:36+00:00,Unknown,72.5,2025,3,18
86176,50760,21645,1,51.5,2025-05-10 11:11:00+00:00,Unknown,51.5,2025,5,10
80822,49216,21918,1,74.5,2024-11-29 03:11:41+00:00,Unknown,74.5,2024,11,29
79376,47721,21538,1,90.6,2025-11-04 13:27:27+00:00,Unknown,90.6,2025,11,4
79530,50219,21787,1,53.1,2025-06-03 21:09:00+00:00,Unknown,53.1,2025,6,3
79697,47926,21729,1,50.4,2025-01-12 05:01:00+00:00,Unknown,50.4,2025,1,12
78342,49424,21974,1,69.3,2025-03-19 09:50:41+00:00,Unknown,69.3,2025,3,19
83365,51045,21574,2,51.6,2024-06-06 02:33:10+00:00,Unknown,103.2,2024,6,6
80966,48936,21967,1,41.75,2024-09-23 11:28:17.101000+00:00,Unknown,41.75,2024,9,23
85332,50139,21393,2,53.0,2025-04-05 01:43:00+00:00,Unknown,106.0,2025,4,5
78010,50887,21514,2,90.0,2025-04-16 23:24:00+00:00,Unknown,180.0,2025,4,16
80655,50967,21391,1,67.5,2024-10-09 02:19:19+00:00,Unknown,67.5,2024,10,9
80368,49762,21965,5,56.75,2024-08-30 08:12:34+00:00,"Suite 447 13192 Runolfsdottir Village, Murphychester, VT 44294",283.75,2024,8,30
79889,49925,21833,5,78.6,2025-07-16 13:06:52+00:00,Unknown,393.0,2025,7,16
82645,49436,21950,1,49.99,2024-12-15 01:34:19+00:00,"920 Ned Shore, West Madieside, MN 35596-1549",49.99,2024,12,15
78388,50237,21703,1,65.99,2024-11-06 11:11:29+00:00,"387 Eduardo Summit, North Heidyside, CA 53793",65.99,2024,11,6
85281,50100,21340,1,49.0,2025-01-30 07:20:00+00:00,Unknown,49.0,2025,1,30
84316,47823,21461,1,74.0,2024-06-16 22:25:40+00:00,Unknown,74.0,2024,6,16
86505,48126,21910,1,34.25,2025-03-31 07:40:00+00:00,Unknown,34.25,2025,3,31
78617,49300,21794,1,33.0,2024-04-28 19:33:56+00:00,"Apt. 425 2618 Julio Camp, New Sam, AL 55761",33.0,2024,4,28
84753,48057,21811,1,39.6,2025-04-04 21:03:00+00:00,"84753 Padberg Shore, Weberberg, VT 12554",39.6,2025,4,4
80209,49804,21851,1,23.25,2024-08-23 21:48:30+00:00,Unknown,23.25,2024,8,23
80754,50009,21610,5,53.5,2024-09-06 18:15:56+00:00,Unknown,267.5,2024,9,6
82655,47769,21848,1,57.25,2024-11-09 16:47:00+00:00,Unknown,57.25,2024,11,9
81467,51045,21541,1,35.25,2025-06-07 21:15:20+00:00,"Suite 433 109 Louetta Plain, Lake Samualland, TN 14297-3932",35.25,2025,6,7
80102,48750,21454,1,24.5,2024-12-11 17:12:24+00:00,Unknown,24.5,2024,12,11
85147,49561,22010,1,52.8,2024-09-15 10:43:36+00:00,Unknown,52.8,2024,9,15
86457,50423,21821,1,69.75,2025-04-18 11:24:04+00:00,Unknown,69.75,2025,4,18
82858,49884,21691,5,19.0,2025-04-24 00:37:03+00:00,Unknown,95.0,2025,4,24
85816,48358,21601,1,54.5,2024-05-14 14:53:00+00:00,Unknown,54.5,2024,5,14
81086,49670,21880,2,38.75,2025-01-07 07:23:41+00:00,Unknown,77.5,2025,1,7
85647,49288,21608,1,49.0,2025-05-16 17:55:00+00:00,Unknown,49.0,2025,5,16
80645,49068,21355,5,70.2,2025-04-12 15:30:38+00:00,Unknown,351.0,2025,4,12
85391,48485,21836,1,56.39,2024-12-01 01:23:00+00:00,Unknown,56.39,2024,12,1
81684,51071,21616,1,40.0,2024-09-18 15:49:39.464000+00:00,Unknown,40.0,2024,9,18
82969,51085,21308,1,45.0,2025-01-28 14:45:27+00:00,Unknown,45.0,2025,1,28
80320,49551,21459,2,43.0,2024-09-11 03:04:14+00:00,Unknown,86.0,2024,9,11
78573,48993,21746,2,21.0,2024-11-20 14:37:33+00:00,"6661 Baumbach Lodge, South Heideview, GA 88907",42.0,2024,11,20
86436,50710,21346,1,42.25,2024-07-24 12:06:01+00:00,Unknown,42.25,2024,7,24
81299,47769,21828,2,21.0,2025-09-05 12:31:00+00:00,Unknown,42.0,2025,9,5
80898,49998,21615,2,47.75,2025-02-14 16:50:46+00:00,Unknown,95.5,2025,2,14
78711,48630,21870,1,79.19,2024-10-30 14:31:44+00:00,Unknown,79.19,2024,10,30
85228,48346,21496,1,80.4,2024-12-18 20:56:14+00:00,"Apt. 390 2423 Murray Overpass, Hermistonfort, MO 75440",80.4,2024,12,18
86309,48703,21626,1,35.0,2024-11-20 02:56:26+00:00,"Apt. 110 594 Larson Corner, Herzogton, KY 23690",35.0,2024,11,20
84835,49432,21887,1,45.0,2025-01-31 05:56:00+00:00,Unknown,45.0,2025,1,31
82059,49630,21571,1,22.5,2024-06-23 05:25:46+00:00,Unknown,22.5,2024,6,23
78986,50882,21636,1,17.25,2024-04-21 12:51:00+00:00,Unknown,17.25,2024,4,21
78197,50706,21552,1,67.25,2024-11-25 01:43:00+00:00,"Apt. 788 80491 Walsh Field, Vandervortport, WI 22764",67.25,2024,11,25
84245,51039,22039,1,65.0,2024-06-03 21:19:54+00:00,"314 Simonne Course, North Edmondport, CO 13601",65.0,2024,6,3
79658,48970,21660,4,33.6,2024-08-24 07:32:04+00:00,Unknown,134.4,2024,8,24
78885,48188,22022,1,54.5,2024-07-25 11:58:04+00:00,"3418 Alberto Crossing, Port Nickolasview, MS 87911-4882",54.5,2024,7,25
86307,48038,21649,1,66.5,2024-04-29 18:02:02+00:00,Unknown,66.5,2024,4,29
78048,51110,21986,2,53.0,2025-08-02 05:55:00+00:00,Unknown,106.0,2025,8,2
78862,50580,21705,1,65.0,2025-03-15 12:22:00+00:00,Unknown,65.0,2025,3,15
78276,48160,21347,1,35.5,2024-11-11 01:08:00+00:00,Unknown,35.5,2024,11,11
85353,47800,21782,1,58.25,2024-03-13 07:24:31+00:00,Unknown,58.25,2024,3,13
83569,49846,21575,3,71.99,2025-06-02 14:38:00+00:00,Unknown,215.97,2025,6,2
85831,50713,21556,1,58.8,2024-10-15 08:25:25+00:00,Unknown,58.8,2024,10,15
84145,49566,21931,1,27.99,2024-06-27 15:59:22+00:00,Unknown,27.99,2024,6,27
77965,48072,21444,1,14.75,2025-02-28 00:48:00+00:00,Unknown,14.75,2025,2,28
78596,50000,21557,1,65.75,2024-11-19 22:54:00+00:00,"Suite 122 8393 Donnelly Greens, Jaredbury, IL 86488",65.75,2024,11,19
83723,51008,21415,1,76.2,2024-02-03 09:48:55+00:00,Unknown,76.2,2024,2,3
79447,49801,21340,2,52.0,2025-06-07 08:58:42+00:00,Unknown,104.0,2025,6,7
81620,49283,21975,1,68.0,2025-03-13 10:48:00+00:00,Unknown,68.0,2025,3,13
81362,49004,21426,1,78.6,2024-11-20 01:25:43+00:00,Unknown,78.6,2024,11,20
81959,48993,21630,1,35.0,2025-01-29 04:34:26+00:00,"6661 Baumbach Lodge, South Heideview, GA 88907",35.0,2025,1,29
79687,50651,21426,1,65.5,2024-04-21 14:15:03+00:00,Unknown,65.5,2024,4,21
82992,48858,21994,1,36.99,2024-07-15 21:19:41.043000+00:00,Unknown,36.99,2024,7,15
83565,49708,21614,4,55.0,2024-08-10 12:19:00+00:00,Unknown,220.0,2024,8,10
80435,49057,21481,1,20.0,2024-06-08 17:34:37+00:00,Unknown,20.0,2024,6,8
78257,48854,21679,1,25.0,2024-07-21 00:31:38+00:00,Unknown,25.0,2024,7,21
84041,51074,21329,2,54.0,2025-01-27 18:55:00+00:00,Unknown,108.0,2025,1,27
85167,50263,21920,1,27.59,2025-02-06 11:57:38+00:00,Unknown,27.59,2025,2,6
79883,48655,21434,2,31.25,2024-12-23 04:19:55+00:00,"206 Howe Forge, North Julene, IL 68896",62.5,2024,12,23
81822,49868,21301,2,44.5,2025-01-03 19:50:00+00:00,"Apt. 532 38256 Rutherford Knoll, West Asa, AL 21872-2513",89.0,2025,1,3
85208,48577,21361,3,73.5,2025-04-11 12:18:02.611000+00:00,Unknown,220.5,2025,4,11
81345,48228,21665,1,70.99,2024-07-25 02:09:49+00:00,"Suite 746 407 Janyce Camp, Schuppeburgh, WI 37399",70.99,2024,7,25
81188,51064,21459,1,38.99,2024-12-25 13:49:03+00:00,Unknown,38.99,2024,12,25
81616,49510,21747,1,38.4,2025-04-20 04:42:00+00:00,Unknown,38.4,2025,4,20
80701,50991,21544,1,14.5,2024-09-04 17:46:31+00:00,Unknown,14.5,2024,9,4
84086,50850,21502,3,66.0,2025-06-18 19:51:50+00:00,Unknown,198.0,2025,6,18
85365,48576,21694,4,24.25,2024-04-02 10:14:43+00:00,Unknown,97.0,2024,4,2
79049,49418,21429,1,36.0,2024-07-17 17:47:19+00:00,"4997 Kathyrn Stravenue, West Dario, MA 74068-9613",36.0,2024,7,17
80503,48505,21920,1,25.0,2025-01-18 19:23:37+00:00,Unknown,25.0,2025,1,18
80261,48833,21412,4,17.25,2025-04-13 10:35:00+00:00,Unknown,69.0,2025,4,13
85676,50978,21902,3,29.4,2025-02-10 11:15:28+00:00,Unknown,88.2,2025,2,10
77988,49351,22025,1,57.0,2024-12-07 01:20:10+00:00,"587 Kieth Hollow, South Leona, OR 32400",57.0,2024,12,7
82638,49371,21730,1,33.75,2024-05-05 17:00:16.470000+00:00,"Apt. 620 4555 Youlanda Prairie, West Cristobalhaven, KS 66237",33.75,2024,5,5
86426,49321,21847,1,71.0,2024-09-10 20:22:22.667000+00:00,"Apt. 902 884 Janene Fords, Randalchester, SD 59808",71.0,2024,9,10
84727,50966,21858,1,22.5,2025-04-07 09:20:00+00:00,Unknown,22.5,2025,4,7
80814,50947,21772,1,55.8,2024-10-07 10:39:06.329000+00:00,"Apt. 640 963 Ronni Skyway, Nigelview, FL 55519-4938",55.8,2024,10,7
80844,48523,21533,5,56.5,2024-07-02 19:26:11+00:00,"565 Quinn Villages, East Hilario, OK 16244-3035",282.5,2024,7,2
84411,47721,21858,1,21.0,2025-03-21 02:22:07+00:00,Unknown,21.0,2025,3,21
79043,47744,21328,5,62.25,2025-03-22 14:48:55+00:00,Unknown,311.25,2025,3,22
86377,51059,22026,1,53.0,2025-02-27 07:38:41+00:00,"Suite 881 53907 Hessel Shore, Antonport, LA 51495",53.0,2025,2,27
81272,48967,21815,3,17.0,2025-02-25 21:23:16+00:00,Unknown,51.0,2025,2,25
83045,49127,21790,1,71.25,2025-04-03 23:57:22.976000+00:00,Unknown,71.25,2025,4,3
82863,50541,21725,1,48.0,2025-09-13 16:09:49+00:00,Unknown,48.0,2025,9,13
85993,50462,21827,1,16.0,2024-11-10 17:54:22+00:00,"20029 Mosciski Mount, Kohlerfort, AL 22806-1846",16.0,2024,11,10
85986,48785,21803,2,62.7,2024-06-02 23:06:44+00:00,"Apt. 575 40968 Lakin Station, Yostmouth, AK 13920-5620",125.4,2024,6,2
83518,50843,21569,1,40.0,2024-11-12 10:44:24.377000+00:00,"883 Coy Village, New Hai, PA 82419",40.0,2024,11,12
84383,48706,21428,1,61.25,2025-01-01 10:21:00+00:00,Unknown,61.25,2025,1,1
85142,48493,21578,1,26.7,2024-10-23 20:05:02+00:00,Unknown,26.7,2024,10,23
86251,48966,21747,1,40.2,2025-07-08 02:58:54+00:00,"Suite 836 6022 Treutel Manors, Lake Aaron, NM 19458",40.2,2025,7,8
85923,48363,21831,3,54.0,2024-07-18 16:10:50+00:00,Unknown,162.0,2024,7,18
86342,49735,22001,1,60.99,2024-10-22 21:41:06+00:00,"236 Donella Lights, Deckowmouth, VT 74899-4026",60.99,2024,10,22
82868,49520,21399,5,63.0,2025-04-17 17:47:00+00:00,"Suite 898 257 Floyd Club, Ciramouth, CO 05825",315.0,2025,4,17
81013,48928,21429,3,32.4,2024-12-14 21:40:00+00:00,"7243 Simonis Extensions, Pfefferfort, VT 77479",97.2,2024,12,14
84743,48593,21797,1,21.5,2024-05-16 08:15:00+00:00,Unknown,21.5,2024,5,16
80864,48630,21719,2,64.0,2024-08-09 06:30:22.858000+00:00,Unknown,128.0,2024,8,9
81756,47854,21856,1,41.0,2025-01-19 04:14:00+00:00,Unknown,41.0,2025,1,19
86134,50654,21387,1,53.5,2024-04-15 22:52:47.341000+00:00,Unknown,53.5,2024,4,15
82621,50256,21964,1,83.4,2024-07-30 03:27:34+00:00,Unknown,83.4,2024,7,30
80353,48631,21477,1,21.5,2024-12-24 07:08:00+00:00,Unknown,21.5,2024,12,24
80416,49931,21472,1,34.0,2024-12-18 21:51:00+00:00,Unknown,34.0,2024,12,18
84131,48490,21429,2,28.0,2024-06-15 10:39:30+00:00,Unknown,56.0,2024,6,15
85317,50467,21542,1,34.0,2025-05-03 18:40:51+00:00,"8821 Rodriguez Centers, Port Claretha, OH 70322",34.0,2025,5,3
79686,48342,21836,1,50.0,2025-02-18 00:32:00+00:00,"Suite 682 135 Mitsuko Valley, Sporerhaven, UT 24215",50.0,2025,2,18
85932,50471,21851,1,24.25,2024-10-25 12:37:34+00:00,Unknown,24.25,2024,10,25
77727,51016,21583,1,72.6,2025-02-02 08:03:42+00:00,Unknown,72.6,2025,2,2
85122,48678,21823,1,63.0,2024-09-22 17:11:11+00:00,"3340 Phil Ports, Marvinfurt, WV 00291-0173",63.0,2024,9,22
84548,49630,21994,1,39.0,2025-05-28 19:59:34+00:00,Unknown,39.0,2025,5,28
83947,49545,21607,1,39.9,2025-01-30 08:44:49+00:00,Unknown,39.9,2025,1,30
82924,48595,21412,1,17.0,2025-02-13 01:33:00+00:00,"1004 Prosacco Brooks, Arnetteton, NJ 36922",17.0,2025,2,13
82729,48443,21908,1,24.6,2025-03-10 19:19:29+00:00,Unknown,24.6,2025,3,10
83722,47814,21453,1,69.6,2024-09-07 02:33:29+00:00,Unknown,69.6,2024,9,7
82307,48143,21778,1,40.5,2024-08-24 02:47:24+00:00,Unknown,40.5,2024,8,24
81613,48347,21355,1,57.99,2024-11-16 09:11:15+00:00,Unknown,57.99,2024,11,16
82910,49093,21798,3,58.0,2024-09-19 03:09:15+00:00,Unknown,174.0,2024,9,19
78682,50116,21699,1,21.5,2025-08-01 05:57:23.614000+00:00,Unknown,21.5,2025,8,1
78608,50812,21999,2,38.1,2025-05-15 07:40:00+00:00,"Apt. 925 15138 Corkery Stream, Port Anton, CO 59649",76.2,2025,5,15
83221,48434,21585,1,58.5,2024-08-06 06:13:48+00:00,Unknown,58.5,2024,8,6
83243,50117,21533,1,69.0,2025-03-05 12:46:11+00:00,Unknown,69.0,2025,3,5
79613,49549,21695,4,71.0,2025-01-04 09:26:44+00:00,Unknown,284.0,2025,1,4
84017,50076,21755,1,29.4,2024-10-13 19:09:39+00:00,Unknown,29.4,2024,10,13
79439,51057,21401,1,36.0,2025-01-07 00:11:00+00:00,Unknown,36.0,2025,1,7
78021,50457,21736,1,45.0,2024-04-23 20:38:00+00:00,Unknown,45.0,2024,4,23
81688,49857,21794,2,40.2,2025-03-22 09:36:30+00:00,Unknown,80.4,2025,3,22
86201,49296,21557,1,78.6,2024-10-11 23:31:27+00:00,Unknown,78.6,2024,10,11
82961,48825,21637,1,48.99,2024-05-25 22:20:37+00:00,Unknown,48.99,2024,5,25
85435,48540,21492,1,24.5,2024-12-29 06:29:27+00:00,Unknown,24.5,2024,12,29
84621,50972,21855,1,57.0,2025-01-06 14:10:00+00:00,Unknown,57.0,2025,1,6
79893,47818,21605,1,52.8,2024-05-14 17:18:42+00:00,Unknown,52.8,2024,5,14
85547,47999,21513,1,17.5,2025-01-19 02:14:50+00:00,Unknown,17.5,2025,1,19
78004,49783,21656,1,33.6,2024-09-11 19:14:14+00:00,Unknown,33.6,2024,9,11
78463,49901,21531,4,21.3,2025-03-25 07:25:08+00:00,Unknown,85.2,2025,3,25
79717,50543,21930,2,31.8,2024-02-14 01:30:11+00:00,Unknown,63.6,2024,2,14
82052,49431,21512,1,69.0,2025-05-23 04:31:57+00:00,Unknown,69.0,2025,5,23
77781,48697,21977,1,32.4,2025-01-05 18:44:02+00:00,Unknown,32.4,2025,1,5
85390,50676,21782,1,64.5,2024-12-06 19:29:00+00:00,"Apt. 657 9032 Treasa Rue, New Bennettmouth, LA 74026-7809",64.5,2024,12,6
80100,49957,21731,1,48.99,2025-01-17 06:58:00+00:00,"3571 Stiedemann Circle, New Canditown, RI 34722",48.99,2025,1,17
84080,50469,22030,1,18.75,2025-01-24 07:48:55+00:00,Unknown,18.75,2025,1,24
82476,47901,21349,1,66.75,2025-04-29 01:42:45+00:00,Unknown,66.75,2025,4,29
82368,50948,21835,1,82.8,2025-03-01 22:59:35+00:00,"547 Bins Route, Kiehnland, VT 03453-4519",82.8,2025,3,1
82044,48633,21501,1,14.0,2024-11-25 22:37:06+00:00,"9013 Waters Row, East Doretheashire, HI 40221",14.0,2024,11,25
86074,51107,21944,3,37.5,2024-10-05 11:47:07+00:00,Unknown,112.5,2024,10,5
81338,50387,21571,1,24.0,2025-01-06 13:21:48+00:00,Unknown,24.0,2025,1,6
82515,49049,21636,2,18.0,2024-07-15 21:40:51+00:00,"6211 Caren Flat, Jannafurt, NE 42105-0673",36.0,2024,7,15
84104,50018,21414,1,49.75,2025-01-14 14:45:53+00:00,"15799 Kutch Street, Thielshire, MD 26581",49.75,2025,1,14
86208,49322,21635,1,40.0,2024-08-01 17:40:23+00:00,Unknown,40.0,2024,8,1
84866,47972,21815,5,17.75,2024-08-14 05:13:00+00:00,Unknown,88.75,2024,8,14
80538,50973,21380,1,77.4,2024-03-13 22:11:00+00:00,Unknown,77.4,2024,3,13
82234,50572,21479,1,59.99,2024-09-01 04:17:00+00:00,Unknown,59.99,2024,9,1
86379,49409,21326,2,69.75,2025-09-07 00:00:09+00:00,Unknown,139.5,2025,9,7
78955,51116,21816,3,68.25,2025-01-18 08:10:00+00:00,Unknown,204.75,2025,1,18
85955,50497,21467,1,51.0,2025-01-31 14:21:48+00:00,Unknown,51.0,2025,1,31
81292,48791,21460,2,81.6,2024-12-27 08:58:00+00:00,Unknown,163.2,2024,12,27
81841,47953,21622,1,48.0,2024-05-15 21:32:23+00:00,Unknown,48.0,2024,5,15
82967,49543,21514,1,74.5,2025-03-04 15:02:00+00:00,"Apt. 917 6627 Armstrong Forge, West Abrahambury, LA 47576-7509",74.5,2025,3,4
80963,48069,22042,1,62.1,2025-03-30 13:59:03+00:00,Unknown,62.1,2025,3,30
79743,49298,21961,1,27.0,2025-04-17 02:15:08+00:00,"Suite 655 4848 Borer Hill, North Vicentaberg, RI 67001",27.0,2025,4,17
81273,48969,21404,1,21.25,2024-10-30 19:17:00+00:00,Unknown,21.25,2024,10,30
85711,50007,21675,3,18.5,2024-11-26 16:38:00+00:00,Unknown,55.5,2024,11,26
83031,50990,21758,1,47.75,2025-07-25 14:04:31+00:00,"Apt. 771 638 Scottie Meadow, Durganburgh, AR 01801",47.75,2025,7,25
81915,48575,21827,1,21.3,2024-11-05 03:50:57+00:00,"Apt. 987 339 Leonora Point, North Mohamedton, ID 54492-4773",21.3,2024,11,5
80438,51024,21793,1,31.99,2024-10-09 22:21:28+00:00,Unknown,31.99,2024,10,9
85221,48681,21451,1,84.0,2024-12-11 14:28:00+00:00,"Suite 239 4124 Billie Overpass, West Wendolynstad, OK 25288-4008",84.0,2024,12,11
78444,50431,21720,1,26.75,2024-12-29 16:11:00+00:00,Unknown,26.75,2024,12,29
79894,50943,21929,1,72.0,2024-06-03 23:01:00+00:00,Unknown,72.0,2024,6,3
81069,47995,21815,1,19.8,2024-10-19 13:58:43+00:00,Unknown,19.8,2024,10,19
81835,49794,21564,1,71.5,2025-02-05 20:37:18+00:00,Unknown,71.5,2025,2,5
79723,49735,21973,1,80.4,2025-02-12 11:11:00+00:00,"236 Donella Lights, Deckowmouth, VT 74899-4026",80.4,2025,2,12
81757,48338,21699,1,30.0,2024-10-03 18:12:00+00:00,Unknown,30.0,2024,10,3
85940,48675,21932,1,20.0,2025-02-12 13:29:07+00:00,"357 Schuster Square, West Calebton, WY 60789-8884",20.0,2025,2,12
79117,48488,21665,1,69.0,2025-06-08 04:22:51+00:00,"Suite 875 92650 Beer Rapid, Chasshire, FL 04688-6527",69.0,2025,6,8
80681,50773,21428,1,72.0,2024-09-19 13:16:00+00:00,Unknown,72.0,2024,9,19
80460,50455,21518,2,48.6,2024-12-30 14:24:59+00:00,Unknown,97.2,2024,12,30
78432,50629,21888,1,74.0,2024-07-18 14:16:08+00:00,Unknown,74.0,2024,7,18
77591,47788,21610,3,57.5,2024-09-22 09:14:01+00:00,Unknown,172.5,2024,9,22
81696,49712,21586,1,42.0,2024-12-12 15:56:56+00:00,Unknown,42.0,2024,12,12
81260,48068,21457,1,28.75,2025-04-25 12:02:00+00:00,Unknown,28.75,2025,4,25
85133,50982,21864,1,87.0,2025-09-19 03:02:49.992000+00:00,Unknown,87.0,2025,9,19
86136,49006,21848,1,67.2,2024-09-24 01:54:54+00:00,Unknown,67.2,2024,9,24
78779,48965,21740,1,54.5,2024-07-15 21:41:04+00:00,Unknown,54.5,2024,7,15
85393,48950,21796,1,29.75,2024-10-09 04:44:11+00:00,"3366 Chadwick Ford, Rashadmouth, HI 98496-1795",29.75,2024,10,9
80211,48889,21699,1,27.3,2025-03-16 17:12:13+00:00,Unknown,27.3,2025,3,16
81211,50468,22057,1,62.1,2025-02-10 03:55:45+00:00,"5380 Kuvalis Knolls, New Refugia, AL 09839-9443",62.1,2025,2,10
81520,49381,21433,1,45.75,2024-09-17 20:02:57+00:00,Unknown,45.75,2024,9,17
82113,48447,21802,1,53.1,2024-12-04 02:35:08+00:00,"980 Nathanial Trail, Fritschville, IL 97412-5086",53.1,2024,12,4
79652,47898,21548,1,49.2,2024-07-22 13:37:01+00:00,Unknown,49.2,2024,7,22
79684,48005,21796,3,32.0,2024-06-21 15:32:44.668000+00:00,Unknown,96.0,2024,6,21
81390,48813,21570,3,28.75,2024-12-09 20:55:21+00:00,Unknown,86.25,2024,12,9
78818,48684,21773,1,41.0,2024-09-01 09:26:00+00:00,"78091 Bradtke Plain, Lake Garretfurt, NY 11434",41.0,2024,9,1
84656,49883,21349,5,64.5,2025-08-08 14:38:44+00:00,Unknown,322.5,2025,8,8
81868,50469,21805,1,60.6,2025-06-25 13:20:55+00:00,Unknown,60.6,2025,6,25
83448,50208,21460,1,65.5,2024-08-29 00:00:03+00:00,"491 Littel Fork, Port Vernview, NV 82292-0577",65.5,2024,8,29
82306,49415,21952,1,49.99,2024-07-03 12:28:44+00:00,"Suite 512 2332 Marian Path, Bergnaummouth, WV 04238",49.99,2024,7,3
78133,48766,21969,1,57.25,2024-12-13 06:00:58+00:00,Unknown,57.25,2024,12,13
85237,50621,21705,1,65.5,2024-09-25 05:01:53+00:00,Unknown,65.5,2024,9,25
78115,50001,21433,1,57.59,2024-12-15 22:08:38+00:00,Unknown,57.59,2024,12,15
82646,48612,21367,1,30.75,2024-10-06 09:35:57+00:00,Unknown,30.75,2024,10,6
78487,49770,21800,2,34.5,2025-02-19 09:46:29+00:00,Unknown,69.0,2025,2,19
80579,49072,22044,1,23.5,2025-02-05 13:13:06+00:00,"Apt. 597 76695 McClure Well, Nitzscheburgh, AR 09667-1508",23.5,2025,2,5
79910,48832,22039,2,65.5,2025-05-12 01:42:00+00:00,Unknown,131.0,2025,5,12
79288,48345,21956,1,20.0,2024-12-08 12:48:00+00:00,"Suite 836 359 Myrta Prairie, Anthonyland, NH 56972",20.0,2024,12,8
82096,49051,21827,1,20.39,2024-03-19 10:52:48+00:00,"2576 Casper Ranch, South Kathy, MI 17170",20.39,2024,3,19
82491,48913,21890,2,70.0,2024-10-24 06:32:00+00:00,Unknown,140.0,2024,10,24
78216,49412,21935,1,19.5,2024-10-24 17:40:29.079000+00:00,Unknown,19.5,2024,10,24
80347,49054,21721,2,53.75,2025-07-18 15:18:22+00:00,Unknown,107.5,2025,7,18
78375,50023,21345,1,72.25,2024-10-08 19:47:18+00:00,"Apt. 339 5965 Cletus Lock, Delisachester, IL 04684",72.25,2024,10,8
78693,47859,21790,1,72.75,2024-08-17 00:28:23+00:00,Unknown,72.75,2024,8,17
79718,48963,22034,3,86.39,2024-07-24 23:46:11+00:00,"56061 White Cape, Doriefort, MD 35894-8001",259.17,2024,7,24
86456,48164,21472,1,33.0,2024-10-14 16:39:41.091000+00:00,Unknown,33.0,2024,10,14
85902,49448,21454,1,24.99,2024-09-18 10:22:00+00:00,Unknown,24.99,2024,9,18
83400,49809,21749,1,88.8,2024-09-16 10:37:13.219000+00:00,"Apt. 151 10745 Loren Via, Hyattport, AK 87074-9979",88.8,2024,9,16
80068,49745,21833,1,68.5,2025-03-25 07:09:55+00:00,"Apt. 569 12697 Bartell Turnpike, Boscotown, OH 81787",68.5,2025,3,25
85963,49277,21471,4,21.5,2025-01-09 15:12:25+00:00,Unknown,86.0,2025,1,9
82502,50954,21814,1,40.0,2025-01-04 12:24:25+00:00,"2298 Wisozk Village, Cammiebury, MI 02783-9791",40.0,2025,1,4
82965,50870,21658,4,56.75,2024-08-14 11:03:03+00:00,Unknown,227.0,2024,8,14
83748,48572,21479,1,59.0,2024-09-29 06:54:42+00:00,Unknown,59.0,2024,9,29
83048,48888,21606,3,36.99,2024-10-11 05:37:26+00:00,"Apt. 170 1374 Powlowski Creek, Bernierfort, AK 78899-2112",110.97,2024,10,11
83944,50882,21414,1,46.0,2024-12-26 19:00:30+00:00,Unknown,46.0,2024,12,26
82308,50196,21484,1,12.25,2024-11-26 20:09:54+00:00,Unknown,12.25,2024,11,26
85560,50900,21574,1,42.25,2024-10-23 03:01:06+00:00,Unknown,42.25,2024,10,23
83758,48173,21515,1,59.7,2024-12-11 02:34:30+00:00,Unknown,59.7,2024,12,11
79344,48239,21709,1,54.99,2025-06-25 13:19:37+00:00,"3912 Flora Shore, South Doyleland, OK 09639-0366",54.99,2025,6,25
77811,50793,22054,1,69.25,2024-10-22 17:41:19+00:00,Unknown,69.25,2024,10,22
78325,48352,21430,1,58.25,2025-01-15 14:24:28+00:00,Unknown,58.25,2025,1,15
84693,47921,21783,1,63.0,2024-06-01 21:00:00+00:00,"Suite 400 52022 Laquanda Trail, Prosaccoview, IA 84755",63.0,2024,6,1
80461,50459,21623,2,35.25,2024-10-23 16:59:00+00:00,Unknown,70.5,2024,10,23
82190,49962,21341,1,22.5,2025-01-18 00:51:59+00:00,"Apt. 655 62881 Prosacco Isle, Goyetteport, OH 74479-9133",22.5,2025,1,18
77852,49685,21749,1,85.5,2025-01-08 20:23:00+00:00,"6719 Kautzer Stream, South Alice, WV 07992-3860",85.5,2025,1,8
83699,51088,22038,1,38.4,2024-04-25 06:09:00+00:00,Unknown,38.4,2024,4,25
78336,49801,21493,1,34.8,2024-08-27 08:23:32+00:00,Unknown,34.8,2024,8,27
78459,50654,22051,2,32.99,2025-04-10 10:47:53+00:00,Unknown,65.98,2025,4,10
81043,48921,22027,1,32.0,2024-09-18 21:29:29+00:00,Unknown,32.0,2024,9,18
81639,50884,21368,1,43.5,2025-01-10 15:31:00+00:00,Unknown,43.5,2025,1,10
85917,47827,21804,5,60.6,2025-03-26 20:28:52+00:00,Unknown,303.0,2025,3,26
81151,47851,21642,1,40.0,2024-06-18 20:18:17+00:00,Unknown,40.0,2024,6,18
79675,49339,21383,1,62.4,2024-10-03 02:31:05+00:00,Unknown,62.4,2024,10,3
86070,49613,21884,1,33.0,2024-09-11 19:27:03+00:00,"Apt. 123 144 Monte Pass, Lake Nelida, NH 91403-2650",33.0,2024,9,11
85675,49686,22057,3,63.0,2025-02-02 18:29:36+00:00,Unknown,189.0,2025,2,2
81624,48741,21380,2,64.25,2024-06-21 06:45:00+00:00,Unknown,128.5,2024,6,21
79448,48799,21352,1,32.0,2025-05-04 19:34:03+00:00,"528 Mickey Green, East Virgilport, WI 23880-2056",32.0,2025,5,4
82697,47839,21987,1,41.5,2024-08-11 05:41:30+00:00,Unknown,41.5,2024,8,11
78307,50213,21689,1,20.75,2024-06-08 04:27:00+00:00,Unknown,20.75,2024,6,8
81003,50053,21515,1,52.0,2024-11-04 11:28:43.611000+00:00,Unknown,52.0,2024,11,4
80329,47673,21750,1,31.0,2024-05-18 12:49:00+00:00,"311 Sharleen Mount, Crisberg, AR 19907-5204",31.0,2024,5,18
79231,49165,21679,1,27.99,2025-02-01 09:52:11+00:00,Unknown,27.99,2025,2,1
81931,48087,21751,1,71.25,2024-10-16 17:52:59+00:00,Unknown,71.25,2024,10,16
83435,49246,21598,4,24.0,2024-10-03 16:49:00+00:00,"449 Doug Cliff, Pierreberg, NE 55684",96.0,2024,10,3
77744,49473,21617,1,27.99,2024-12-19 00:00:25+00:00,"8058 VonRueden Loaf, Olinberg, FL 01667",27.99,2024,12,19
78018,47845,21299,1,62.99,2025-01-17 19:20:00+00:00,"571 Bergstrom Gardens, Catharineview, NM 94091-8730",62.99,2025,1,17
85176,49527,21453,1,57.0,2024-11-07 06:46:33+00:00,Unknown,57.0,2024,11,7
82710,49981,21748,1,27.9,2025-03-28 15:12:53+00:00,"1502 Bauch Causeway, East Isaiasburgh, NV 76961-7124",27.9,2025,3,28
84397,49455,21913,5,41.0,2025-02-11 03:19:18+00:00,Unknown,205.0,2025,2,11
83232,50638,21523,1,14.5,2024-06-24 15:30:00+00:00,Unknown,14.5,2024,6,24
82469,49018,21847,1,68.25,2024-10-02 18:10:00+00:00,Unknown,68.25,2024,10,2
82093,48093,22039,1,64.75,2025-03-21 11:42:43+00:00,"846 Sipes Circle, East Nicolette, MT 47807",64.75,2025,3,21
83968,50320,21630,1,36.0,2025-03-25 14:07:07+00:00,Unknown,36.0,2025,3,25
80251,50248,21772,1,43.0,2025-06-20 03:06:47+00:00,"3688 Stracke Key, Brainbury, MO 03455",43.0,2025,6,20
79477,50610,21435,1,36.75,2024-06-11 14:14:00+00:00,Unknown,36.75,2024,6,11
78725,49533,22045,3,34.99,2024-10-16 07:47:00+00:00,"91578 Herschel Island, West Kelsie, WY 00381-5051",104.97,2024,10,16
85469,50538,21307,1,28.25,2024-12-15 22:58:54+00:00,"45971 Alayna Isle, East Marquis, DE 91040",28.25,2024,12,15
82981,49906,21788,4,26.75,2025-07-07 17:10:28+00:00,Unknown,107.0,2025,7,7
78774,49582,21782,1,58.99,2024-10-16 14:12:23+00:00,Unknown,58.99,2024,10,16
85037,48288,21434,1,30.5,2024-04-12 23:10:00+00:00,Unknown,30.5,2024,4,12
78624,48502,21918,1,73.0,2024-11-04 15:58:53+00:00,Unknown,73.0,2024,11,4
83689,48038,21448,1,21.0,2024-08-06 10:47:15+00:00,Unknown,21.0,2024,8,6
84274,49380,21864,2,72.5,2024-07-26 10:18:52+00:00,Unknown,145.0,2024,7,26
84934,50110,21496,1,67.99,2025-08-01 11:14:14+00:00,Unknown,67.99,2025,8,1
83149,50670,21762,5,27.5,2024-12-05 17:23:07+00:00,Unknown,137.5,2024,12,5
77833,49381,21592,1,73.5,2024-12-23 06:23:46+00:00,Unknown,73.5,2024,12,23
77642,48699,21983,2,59.5,2024-12-05 14:30:00+00:00,Unknown,119.0,2024,12,5
81189,48365,21358,1,19.8,2025-01-18 00:18:59+00:00,Unknown,19.8,2025,1,18
86269,50064,21956,3,29.7,2024-12-07 17:01:05+00:00,Unknown,89.1,2024,12,7
80573,48851,21962,1,75.9,2024-10-17 21:56:56+00:00,"Apt. 703 71670 Mauro Springs, Port Sherwood, VT 21865-4301",75.9,2024,10,17
83478,48087,21703,1,67.99,2024-08-04 02:02:11+00:00,Unknown,67.99,2024,8,4
79564,48687,21875,1,45.0,2024-09-29 21:48:11+00:00,Unknown,45.0,2024,9,29
85828,50540,21542,1,31.5,2024-12-25 02:06:59+00:00,Unknown,31.5,2024,12,25
84163,48692,21372,1,33.99,2025-04-02 04:45:28+00:00,"Apt. 344 14450 Risa Stream, Langmouth, NH 22790",33.99,2025,4,2
83210,49045,21970,2,71.0,2024-09-12 21:07:54+00:00,Unknown,142.0,2024,9,12
85086,49459,21543,2,49.0,2024-09-09 18:05:38+00:00,Unknown,98.0,2024,9,9
78538,51006,21436,5,63.0,2024-08-10 08:49:49+00:00,Unknown,315.0,2024,8,10
79437,48754,21663,1,67.0,2024-06-26 18:35:38+00:00,Unknown,67.0,2024,6,26
84072,50110,21342,1,61.5,2024-08-12 02:25:02+00:00,"Suite 747 5359 Mertz Brooks, North Cody, NC 98291-2678",61.5,2024,8,12
77703,50692,21908,2,20.99,2024-11-20 23:24:00+00:00,Unknown,41.98,2024,11,20
79749,49888,21490,5,64.0,2024-08-21 10:35:00+00:00,Unknown,320.0,2024,8,21
79348,48972,21890,1,84.3,2025-02-28 14:06:49+00:00,Unknown,84.3,2025,2,28
86112,49765,21502,1,67.0,2024-10-04 02:49:25+00:00,Unknown,67.0,2024,10,4
85495,49691,21441,1,26.25,2024-04-09 06:36:50+00:00,Unknown,26.25,2024,4,9
80985,49024,21498,1,21.0,2024-08-15 07:27:57+00:00,Unknown,21.0,2024,8,15
82999,49184,21300,5,49.8,2024-11-15 06:00:39+00:00,Unknown,249.0,2024,11,15
79778,50214,21482,1,68.25,2024-04-15 04:57:05+00:00,Unknown,68.25,2024,4,15
78189,49784,21757,3,14.25,2025-01-21 00:31:50+00:00,Unknown,42.75,2025,1,21
82204,49462,21871,1,28.25,2024-05-25 09:30:13+00:00,Unknown,28.25,2024,5,25
84256,48226,21559,4,38.5,2024-04-14 06:12:39+00:00,Unknown,154.0,2024,4,14
81695,49573,21956,4,25.75,2024-08-08 04:53:00+00:00,Unknown,103.0,2024,8,8
85970,49434,21564,1,90.9,2025-04-11 23:30:04+00:00,"Apt. 409 8020 Mack Light, North Lucioview, VA 79375",90.9,2025,4,11
83937,49947,21589,2,63.0,2025-03-16 11:30:36.510000+00:00,"5720 Larkin Row, Bartonstad, NM 93251",126.0,2025,3,16
81450,51071,21431,2,53.99,2024-06-05 14:30:18+00:00,Unknown,107.98,2024,6,5
80502,49654,21449,4,59.4,2024-09-22 14:39:50+00:00,"5971 Corine Spurs, Port Destiny, MA 91797",237.6,2024,9,22
85799,49058,21640,5,45.5,2024-10-27 21:17:54+00:00,Unknown,227.5,2024,10,27
85779,48239,21834,4,29.0,2024-09-29 03:43:33+00:00,Unknown,116.0,2024,9,29
82931,49889,21865,1,84.0,2025-05-09 12:38:36+00:00,Unknown,84.0,2025,5,9
79490,49609,21623,2,33.0,2025-06-07 05:41:35+00:00,Unknown,66.0,2025,6,7
82138,47744,22005,1,53.1,2024-09-07 01:55:00+00:00,Unknown,53.1,2024,9,7
82796,47894,21407,3,61.99,2025-01-14 03:53:00+00:00,Unknown,185.97,2025,1,14
80866,48042,22042,1,57.6,2025-04-06 15:30:00+00:00,Unknown,57.6,2025,4,6
85095,47837,21738,2,44.99,2024-09-06 22:25:54+00:00,Unknown,89.98,2024,9,6
82654,50140,21951,3,38.39,2025-03-18 08:43:00+00:00,"Suite 476 32368 Alfonzo Estate, Port Carmelobury, MN 09055-9522",115.17,2025,3,18
78641,49594,21587,5,84.6,2024-06-01 10:59:35+00:00,Unknown,423.0,2024,6,1
84285,50617,21893,3,85.5,2024-12-14 08:16:58+00:00,Unknown,256.5,2024,12,14
78503,49819,21501,1,18.5,2025-01-09 21:08:30+00:00,Unknown,18.5,2025,1,9
83114,48628,21623,1,37.75,2024-06-12 05:37:27.220000+00:00,"Apt. 216 8852 Muller Pines, New Albertchester, IN 67746-3211",37.75,2024,6,12
77771,48519,21693,3,71.0,2024-11-24 22:34:00+00:00,Unknown,213.0,2024,11,24
83750,49244,21594,3,17.0,2025-01-05 19:50:34.538000+00:00,Unknown,51.0,2025,1,5
84126,49469,21856,1,41.25,2025-05-06 12:07:27+00:00,Unknown,41.25,2025,5,6
82846,49838,21771,1,74.0,2025-02-11 05:31:46+00:00,Unknown,74.0,2025,2,11
85924,49007,21740,1,58.99,2024-06-21 10:21:00+00:00,Unknown,58.99,2024,6,21
81206,48738,21726,1,62.1,2025-05-15 06:25:00+00:00,"Apt. 629 574 Kuvalis Street, Damionland, RI 00889-5493",62.1,2025,5,15
84588,49414,21997,5,88.2,2025-02-03 09:55:45+00:00,Unknown,441.0,2025,2,3
79491,47911,21753,1,57.5,2025-03-10 06:12:13+00:00,"Suite 747 4887 Ardella Pass, Evelynnmouth, AR 21033-1348",57.5,2025,3,10
78323,47845,21312,1,37.75,2024-06-10 14:07:07+00:00,Unknown,37.75,2024,6,10
83269,49454,21452,2,72.75,2025-10-07 09:53:30+00:00,"974 Pollich Union, Hamillland, LA 75549-4884",145.5,2025,10,7
83328,50238,21744,1,52.0,2025-01-04 04:24:25+00:00,Unknown,52.0,2025,1,4
85906,51040,21342,1,69.59,2024-09-11 01:14:05+00:00,Unknown,69.59,2024,9,11
85029,49095,21553,1,47.1,2025-03-08 04:19:00+00:00,Unknown,47.1,2025,3,8
83263,48121,21490,1,63.0,2024-06-18 19:47:00+00:00,Unknown,63.0,2024,6,18
85295,47952,21610,1,54.75,2025-01-23 01:07:00+00:00,Unknown,54.75,2025,1,23
78721,49575,22001,5,58.0,2025-05-21 11:49:24+00:00,Unknown,290.0,2025,5,21
79545,49879,22029,3,79.8,2024-05-14 14:30:44+00:00,Unknown,239.4,2024,5,14
78247,50601,21947,1,76.5,2025-01-18 17:57:00+00:00,Unknown,76.5,2025,1,18
84820,50716,21351,1,39.5,2024-07-14 02:36:20+00:00,Unknown,39.5,2024,7,14
82002,50509,21973,1,68.25,2024-09-12 18:10:00+00:00,"Apt. 398 22366 Sandy Orchard, South Kyrafurt, NH 39582-1412",68.25,2024,9,12
79101,50046,21770,1,18.0,2025-04-09 08:20:44+00:00,Unknown,18.0,2025,4,9
84075,48906,21636,1,14.75,2024-08-26 06:34:30+00:00,"Suite 135 1445 Pfeffer Brook, Edwintown, MO 49830-7316",14.75,2024,8,26
79506,48235,21299,1,77.99,2024-10-15 05:54:32+00:00,Unknown,77.99,2024,10,15
81436,50387,21650,2,73.25,2024-11-30 06:52:07+00:00,"616 Nader Estate, West Howard, NC 66201-5460",146.5,2024,11,30
80344,48525,21950,1,58.2,2025-03-26 22:22:14+00:00,Unknown,58.2,2025,3,26
81225,50523,21735,1,39.0,2025-03-31 08:04:56+00:00,"Suite 255 1951 Jones Throughway, East Leonoraburgh, NM 21151",39.0,2025,3,31
83784,49536,21810,1,50.75,2025-04-07 03:44:27.338000+00:00,Unknown,50.75,2025,4,7
78589,48268,21695,1,71.0,2024-09-11 09:26:00+00:00,"487 Lesch Knolls, Lindgrenport, MD 35045",71.0,2024,9,11
81134,49661,21580,1,62.75,2024-10-31 15:27:47+00:00,"Apt. 606 905 Kirlin Crescent, North Cathrineton, CA 82896-1684",62.75,2024,10,31
78183,51090,21777,1,33.5,2024-11-07 06:01:00+00:00,Unknown,33.5,2024,11,7
86482,49783,21841,3,58.5,2024-12-30 13:36:53.691000+00:00,Unknown,175.5,2024,12,30
78327,50567,21429,1,29.0,2025-01-13 03:53:31+00:00,Unknown,29.0,2025,1,13
80029,48602,21328,1,71.1,2024-09-25 18:17:11+00:00,"Apt. 971 9695 Coy Mews, Batztown, ND 53982-4938",71.1,2024,9,25
77762,48297,21332,1,12.5,2025-04-05 13:55:00+00:00,Unknown,12.5,2025,4,5
80847,48596,21689,1,19.0,2025-05-16 02:04:00+00:00,Unknown,19.0,2025,5,16
84684,49428,21551,1,19.0,2024-10-26 16:31:26+00:00,Unknown,19.0,2024,10,26
77800,50779,21813,1,33.6,2024-12-17 09:20:34+00:00,"1286 Robt Meadow, South Merideth, IN 12514-4525",33.6,2024,12,17
83702,47919,21629,1,46.5,2025-01-01 09:52:45+00:00,Unknown,46.5,2025,1,1
84617,48241,21936,1,23.7,2024-06-24 11:59:59+00:00,Unknown,23.7,2024,6,24
86050,50626,21549,1,26.0,2024-12-02 21:48:32.749000+00:00,"Apt. 867 1632 Carey Cove, Fadelmouth, CT 62425",26.0,2024,12,2
78423,50963,21494,5,60.5,2024-07-29 16:53:37+00:00,"Apt. 755 91534 Edgar Dale, Gradyland, AL 98124",302.5,2024,7,29
78858,50382,21637,2,48.75,2024-12-04 10:47:49+00:00,"Apt. 474 78969 Kuhic Way, Sherylton, AL 98813-4306",97.5,2024,12,4
78541,50897,21588,1,64.75,2024-09-26 05:30:00+00:00,Unknown,64.75,2024,9,26
82327,49903,21352,1,34.0,2024-12-18 16:19:23+00:00,Unknown,34.0,2024,12,18
83517,48169,21646,3,76.5,2024-11-30 11:51:00+00:00,Unknown,229.5,2024,11,30
81146,47704,21352,2,39.6,2024-12-07 16:14:30+00:00,"Apt. 708 350 Lanny Mission, Kristleport, ID 88157",79.2,2024,12,7
83195,48932,21469,2,57.5,2025-04-15 08:44:44+00:00,"731 Prosacco Street, Adalinehaven, ME 58660",115.0,2025,4,15
85415,49746,21470,1,19.2,2024-11-06 07:20:59+00:00,Unknown,19.2,2024,11,6
85252,50778,22006,2,28.0,2024-10-24 08:58:38+00:00,"4636 Hintz Valleys, Asleymouth, TX 41419",56.0,2024,10,24
78509,50756,21428,1,64.0,2025-07-16 18:05:48+00:00,Unknown,64.0,2025,7,16
83921,49580,21664,3,44.0,2025-03-04 15:38:14+00:00,"Apt. 158 678 Sporer Springs, Sterlingview, KY 71137-2385",132.0,2025,3,4
83948,49550,21566,1,33.6,2024-07-29 16:38:35+00:00,Unknown,33.6,2024,7,29
78966,50357,21858,1,19.99,2025-03-08 01:16:00+00:00,Unknown,19.99,2025,3,8
79320,49521,21607,1,36.0,2024-12-29 00:59:53+00:00,Unknown,36.0,2024,12,29
85719,50734,21887,1,44.4,2024-08-29 07:25:41+00:00,"40162 Hilll Meadows, West Ira, NH 94474-0381",44.4,2024,8,29
78283,48940,21604,1,83.4,2025-05-09 19:17:41.638000+00:00,Unknown,83.4,2025,5,9
78078,48158,21965,1,60.0,2024-12-12 22:46:40.188000+00:00,Unknown,60.0,2024,12,12
82735,50067,21878,1,57.5,2024-11-04 23:54:00+00:00,"89360 O'Hara Mountains, West Christa, IA 36224-6900",57.5,2024,11,4
82542,49526,21946,1,58.0,2024-10-14 15:51:00+00:00,Unknown,58.0,2024,10,14
82624,49678,21494,1,61.75,2024-07-17 23:09:07+00:00,Unknown,61.75,2024,7,17
85116,48791,21542,2,30.5,2025-02-12 09:52:53+00:00,Unknown,61.0,2025,2,12
78155,49136,21766,1,61.75,2024-06-11 19:41:29+00:00,Unknown,61.75,2024,6,11
77953,50402,21566,1,33.9,2025-03-09 15:10:46+00:00,"1538 Kuhn Unions, Stracketon, CO 01865-4634",33.9,2025,3,9
80519,47741,21518,4,43.0,2024-06-06 01:58:34+00:00,Unknown,172.0,2024,6,6
79534,49951,21712,1,70.0,2025-04-09 18:15:00+00:00,Unknown,70.0,2025,4,9
81642,50652,21919,1,59.75,2024-09-05 10:29:19+00:00,Unknown,59.75,2024,9,5
79641,49027,21908,1,21.5,2024-10-09 07:50:00+00:00,"166 Refugio Meadows, Gorczanyberg, WA 07287",21.5,2024,10,9
78415,50279,21421,1,62.0,2025-02-11 09:43:00+00:00,Unknown,62.0,2025,2,11
82678,50343,21512,2,86.4,2025-01-11 11:01:34.602000+00:00,Unknown,172.8,2025,1,11
81787,49275,21854,1,60.5,2025-03-06 12:29:52+00:00,Unknown,60.5,2025,3,6
78239,51036,21431,1,49.75,2024-11-29 23:43:00+00:00,Unknown,49.75,2024,11,29
79680,47709,21296,2,54.75,2024-06-05 20:56:57+00:00,Unknown,109.5,2024,6,5
78926,49170,21335,3,32.75,2024-12-17 04:59:17+00:00,Unknown,98.25,2024,12,17
85796,49152,21874,1,67.5,2024-10-30 22:47:24+00:00,Unknown,67.5,2024,10,30
85746,51029,21505,1,47.4,2024-09-23 05:27:24+00:00,Unknown,47.4,2024,9,23
81975,49460,21387,1,60.6,2024-12-08 18:16:01+00:00,Unknown,60.6,2024,12,8
86179,50905,21660,2,26.75,2024-07-06 12:09:57+00:00,Unknown,53.5,2024,7,6
78736,51002,21552,1,66.5,2025-02-12 04:29:56+00:00,Unknown,66.5,2025,2,12
77995,49484,21826,4,51.25,2024-04-03 10:17:24+00:00,"Suite 221 822 Arvilla Way, Lake Laurettaview, ND 15443-0018",205.0,2024,4,3
78841,50607,21456,1,81.3,2024-10-29 20:49:00+00:00,Unknown,81.3,2024,10,29
78201,50640,21958,1,74.25,2024-09-24 02:57:57+00:00,"604 Bechtelar Meadows, Sudiefort, CT 85757",74.25,2024,9,24
83337,50323,21309,1,27.5,2024-06-30 17:58:12+00:00,"7152 Kristofer Land, South Reuben, SD 95155",27.5,2024,6,30
83305,50308,21301,5,49.8,2024-11-30 14:48:26+00:00,Unknown,249.0,2024,11,30
82085,48648,22052,1,26.75,2024-12-23 16:21:20+00:00,Unknown,26.75,2024,12,23
80432,50101,21553,1,39.5,2025-03-05 14:38:00+00:00,Unknown,39.5,2025,3,5
84682,49708,21597,1,69.25,2025-02-11 19:20:00+00:00,Unknown,69.25,2025,2,11
79435,48507,21507,2,40.75,2024-07-18 16:22:02+00:00,Unknown,81.5,2024,7,18
84260,49288,21901,2,60.0,2025-05-19 12:10:25+00:00,Unknown,120.0,2025,5,19
82537,48840,21937,2,55.5,2025-03-22 02:19:02.512000+00:00,Unknown,111.0,2025,3,22
84517,48556,21597,1,66.0,2025-01-06 05:50:34+00:00,"Suite 502 968 Jina Drive, Lake Perryshire, NE 27236",66.0,2025,1,6
79380,48882,21657,1,26.4,2024-12-24 03:12:23+00:00,"571 Estela Row, Reubenfurt, OR 73300-9904",26.4,2024,12,24
81936,51091,21575,1,69.0,2024-07-14 16:54:00+00:00,Unknown,69.0,2024,7,14
83687,48309,21750,1,29.99,2025-01-08 17:02:00+00:00,Unknown,29.99,2025,1,8
84226,49824,21749,4,74.25,2025-03-14 23:37:14+00:00,Unknown,297.0,2025,3,14
83179,51032,22005,5,42.0,2025-02-05 04:46:00+00:00,"50496 Denesik Pike, West Rey, AZ 95608-2514",210.0,2025,2,5
84881,49229,21475,1,26.25,2025-04-15 00:08:05+00:00,Unknown,26.25,2025,4,15
83573,50798,21664,1,46.25,2025-04-19 07:01:00+00:00,Unknown,46.25,2025,4,19
83404,48760,21876,2,31.0,2024-09-25 22:52:18+00:00,"95845 Ward Centers, New Casey, VA 02186-1672",62.0,2024,9,25
78151,50664,21657,1,24.3,2024-08-01 12:00:00+00:00,Unknown,24.3,2024,8,1
77946,49847,21413,1,41.0,2024-11-08 07:09:39+00:00,Unknown,41.0,2024,11,8
83827,49935,21949,1,44.99,2024-08-16 04:19:00+00:00,Unknown,44.99,2024,8,16
79842,50031,21879,1,59.75,2024-12-23 11:49:00+00:00,"3254 Stoltenberg Manors, Thomasport, NC 07978",59.75,2024,12,23
85298,49369,21849,1,36.0,2024-05-31 09:29:46+00:00,Unknown,36.0,2024,5,31
83326,50565,21951,1,32.5,2025-02-01 20:15:38+00:00,Unknown,32.5,2025,2,1
86045,48238,21858,1,27.0,2025-03-18 07:10:13+00:00,Unknown,27.0,2025,3,18
78476,47992,21973,2,70.0,2024-10-11 11:51:57+00:00,Unknown,140.0,2024,10,11
77969,50312,21949,1,44.0,2025-04-21 16:17:00+00:00,Unknown,44.0,2025,4,21
81239,49414,21413,1,45.3,2024-10-06 21:29:09.661000+00:00,Unknown,45.3,2024,10,6
80707,48490,21299,3,64.25,2024-10-29 13:43:41+00:00,Unknown,192.75,2024,10,29
78157,49866,21579,3,71.75,2024-10-29 14:37:58+00:00,Unknown,215.25,2024,10,29
79859,49345,21555,1,48.0,2025-07-08 16:46:34+00:00,"1505 Greenfelder Fall, West Stephanbury, MI 11548",48.0,2025,7,8
86388,50834,21896,1,17.25,2025-01-28 10:15:57+00:00,Unknown,17.25,2025,1,28
84516,49134,21436,1,62.75,2024-06-12 22:10:00+00:00,Unknown,62.75,2024,6,12
83252,47771,21298,1,51.5,2025-02-15 12:25:00+00:00,Unknown,51.5,2025,2,15
86216,48597,21606,1,39.0,2024-12-04 20:19:43+00:00,Unknown,39.0,2024,12,4
81774,48299,21525,3,37.0,2024-06-24 22:08:14+00:00,Unknown,111.0,2024,6,24
84521,48588,21696,1,38.0,2025-03-26 19:03:00+00:00,Unknown,38.0,2025,3,26
82394,50513,21353,1,33.9,2024-10-15 14:17:00+00:00,Unknown,33.9,2024,10,15
86021,50706,21327,1,20.0,2025-04-11 04:30:00+00:00,"Apt. 788 80491 Walsh Field, Vandervortport, WI 22764",20.0,2025,4,11
86502,48661,21802,1,54.6,2025-04-13 23:57:36+00:00,Unknown,54.6,2025,4,13
82192,50558,21666,1,65.0,2025-02-08 09:35:58.253000+00:00,Unknown,65.0,2025,2,8
77749,50540,21338,2,49.19,2024-08-21 06:47:00+00:00,"Suite 969 22264 Kuhn Isle, West Samfurt, LA 86874-5635",98.38,2024,8,21
82366,50361,21890,1,82.8,2024-09-21 13:14:13+00:00,Unknown,82.8,2024,9,21
80248,48159,22045,1,38.75,2024-08-26 14:25:00+00:00,Unknown,38.75,2024,8,26
82210,49376,21986,3,50.25,2024-10-03 22:38:13+00:00,Unknown,150.75,2024,10,3
81235,48935,21639,1,44.5,2024-04-08 11:45:00+00:00,Unknown,44.5,2024,4,8
84368,50476,21634,4,87.59,2025-06-27 13:38:24+00:00,"Suite 175 182 Upton Avenue, New Delmerberg, IL 41182-4825",350.36,2025,6,27
80087,48120,21781,1,66.25,2025-07-16 23:44:00+00:00,Unknown,66.25,2025,7,16
84852,49645,21923,1,18.3,2025-06-01 18:18:32+00:00,Unknown,18.3,2025,6,1
79054,47856,21542,1,31.5,2025-02-01 12:17:00+00:00,Unknown,31.5,2025,2,1
80041,48373,21340,3,47.5,2024-07-30 22:46:27+00:00,Unknown,142.5,2024,7,30
83296,48708,21908,1,18.99,2024-12-17 08:08:29+00:00,Unknown,18.99,2024,12,17
80067,48215,21793,1,30.0,2024-10-12 03:07:54+00:00,Unknown,30.0,2024,10,12
85977,50326,21995,1,45.5,2024-08-12 17:17:36+00:00,Unknown,45.5,2024,8,12
78309,48497,21451,1,73.5,2025-02-01 10:41:00+00:00,Unknown,73.5,2025,2,1
84211,48368,21341,1,19.75,2024-04-16 11:41:10.562000+00:00,Unknown,19.75,2024,4,16
80721,47667,21949,1,46.5,2024-09-21 22:40:11+00:00,"91389 Renna Pine, West Irena, IA 05904",46.5,2024,9,21
77835,50405,21591,1,62.39,2024-07-25 13:36:36+00:00,Unknown,62.39,2024,7,25
84718,48712,21587,1,69.0,2024-10-14 01:09:00+00:00,Unknown,69.0,2024,10,14
80063,49867,21508,2,26.25,2025-01-05 22:26:58+00:00,Unknown,52.5,2025,1,5
84178,48394,21403,5,53.0,2025-01-20 08:00:00+00:00,Unknown,265.0,2025,1,20
86032,49240,21588,5,75.59,2024-04-24 02:39:00+00:00,Unknown,377.95,2024,4,24
81709,49881,21411,1,33.25,2024-09-30 19:20:00+00:00,Unknown,33.25,2024,9,30
79599,48251,21773,1,41.0,2024-12-25 04:58:31+00:00,Unknown,41.0,2024,12,25
83844,49689,21417,1,64.0,2024-11-06 08:20:28+00:00,Unknown,64.0,2024,11,6
81909,48949,21669,1,20.0,2024-10-24 14:57:00+00:00,"Apt. 900 7908 Klocko Dam, Luciuschester, NV 37026",20.0,2024,10,24
82506,49077,21734,1,48.0,2024-09-11 04:27:37+00:00,Unknown,48.0,2024,9,11
80674,48300,21636,1,14.0,2024-09-29 20:02:39+00:00,Unknown,14.0,2024,9,29
78613,48809,21905,1,30.75,2024-04-03 21:19:21.644000+00:00,Unknown,30.75,2024,4,3
83082,48259,21989,1,87.6,2025-10-18 02:34:34+00:00,Unknown,87.6,2025,10,18
83310,50530,21919,1,70.8,2024-10-27 22:34:41+00:00,"Suite 173 935 Gulgowski Canyon, Dareberg, CA 63104",70.8,2024,10,27
80258,51036,21328,1,73.19,2024-12-28 05:42:13+00:00,Unknown,73.19,2024,12,28
83342,48296,21369,1,38.5,2025-06-13 10:18:04+00:00,Unknown,38.5,2025,6,13
85578,50276,21376,1,54.5,2025-04-15 03:34:10.927000+00:00,Unknown,54.5,2025,4,15
83561,50762,21958,1,76.0,2024-07-27 04:00:54+00:00,Unknown,76.0,2024,7,27
82027,49021,21933,1,54.5,2024-09-05 04:11:58.088000+00:00,Unknown,54.5,2024,9,5
86100,50477,22048,1,41.75,2024-11-28 00:26:42+00:00,Unknown,41.75,2024,11,28
81905,49868,21768,1,23.0,2025-06-12 05:00:00+00:00,"Apt. 532 38256 Rutherford Knoll, West Asa, AL 21872-2513",23.0,2025,6,12
85263,49611,21601,1,63.59,2025-05-18 04:49:00+00:00,Unknown,63.59,2025,5,18
84885,48050,21566,1,24.0,2024-11-19 00:26:11+00:00,"Suite 106 68865 Hermiston Forest, Alyshaport, FL 17749",24.0,2024,11,19
81529,48561,21401,2,33.6,2025-01-18 12:12:44+00:00,Unknown,67.2,2025,1,18
81871,51015,21508,2,32.4,2024-08-12 05:36:15+00:00,"49790 Ira Fields, Littlehaven, KS 33772",64.8,2024,8,12
84825,48205,21369,1,38.5,2024-05-17 00:46:00+00:00,Unknown,38.5,2024,5,17
81776,48401,21966,1,23.0,2025-03-30 15:12:32+00:00,Unknown,23.0,2025,3,30
83697,48541,21840,1,17.5,2024-07-25 03:59:49+00:00,Unknown,17.5,2024,7,25
81849,50488,21583,3,56.0,2024-10-10 06:56:29+00:00,"533 Hipolito Burg, New Jennineshire, CT 03883",168.0,2024,10,10
83443,48553,22023,1,21.3,2024-11-27 21:44:39.211000+00:00,Unknown,21.3,2024,11,27
85890,49325,21765,2,24.5,2025-06-12 16:23:00+00:00,Unknown,49.0,2025,6,12
79725,50839,21518,1,49.5,2025-04-12 20:04:43+00:00,Unknown,49.5,2025,4,12
84990,47882,21898,1,52.99,2025-04-16 09:44:26+00:00,Unknown,52.99,2025,4,16
82953,49005,21750,1,34.0,2025-02-28 06:20:24+00:00,Unknown,34.0,2025,2,28
78001,50473,21390,1,46.0,2024-08-06 20:29:54+00:00,"Apt. 567 24407 Dickens Junctions, New Tinytown, AR 19603-1428",46.0,2024,8,6
80499,48182,21906,3,50.1,2025-01-06 08:09:00+00:00,Unknown,150.3,2025,1,6
85899,50058,21598,1,22.0,2024-08-28 07:06:12+00:00,Unknown,22.0,2024,8,28
78953,48023,21839,1,70.0,2025-01-27 09:13:42+00:00,"Suite 150 8581 Jesse Unions, Lake Owenstad, IA 67194-2474",70.0,2025,1,27
80955,49448,22056,1,20.75,2025-02-12 06:53:00+00:00,Unknown,20.75,2025,2,12
80047,48619,21974,2,73.2,2024-05-23 16:49:33+00:00,Unknown,146.4,2024,5,23
82066,48258,21355,1,56.0,2025-07-05 04:48:00+00:00,Unknown,56.0,2025,7,5
83907,48211,21603,1,51.0,2025-03-26 10:16:00+00:00,Unknown,51.0,2025,3,26
84119,47950,21634,1,71.75,2024-07-19 03:47:00+00:00,Unknown,71.75,2024,7,19
83825,49303,21912,1,66.75,2024-08-30 01:32:04+00:00,Unknown,66.75,2024,8,30
82620,49001,21304,1,14.25,2025-02-27 08:32:04+00:00,Unknown,14.25,2025,2,27
78607,49549,21428,1,77.7,2024-10-24 09:50:00+00:00,Unknown,77.7,2024,10,24
86389,48781,21505,1,44.0,2024-09-04 15:49:39+00:00,Unknown,44.0,2024,9,4
79400,48809,22028,1,63.0,2025-09-18 22:38:09+00:00,Unknown,63.0,2025,9,18
81521,49511,21481,2,17.99,2025-10-04 15:17:40+00:00,Unknown,35.98,2025,10,4
82477,50180,21598,2,19.0,2024-10-15 07:03:00+00:00,"Apt. 465 940 Luettgen Ford, Port Man, AZ 60841",38.0,2024,10,15
83826,49041,21600,1,22.0,2024-11-11 03:53:07+00:00,Unknown,22.0,2024,11,11
77669,49475,21560,3,14.25,2024-12-25 04:22:04+00:00,Unknown,42.75,2024,12,25
80656,48516,21709,2,52.99,2025-01-10 15:01:45+00:00,Unknown,105.98,2025,1,10
80859,49432,21893,3,70.75,2025-04-24 09:11:00+00:00,Unknown,212.25,2025,4,24
79724,49683,21663,1,81.9,2024-10-15 15:14:52+00:00,"94357 Nga Isle, South Isaias, PA 85722-2984",81.9,2024,10,15
82596,48393,21465,1,71.5,2025-08-16 14:32:00+00:00,Unknown,71.5,2025,8,16
80957,48945,21945,1,18.99,2024-08-18 23:53:31.835000+00:00,"Suite 101 9661 Thelma Streets, East Ianhaven, MS 99577",18.99,2024,8,18
86368,47875,21434,1,26.99,2025-04-09 10:09:00+00:00,Unknown,26.99,2025,4,9
82401,48044,21401,1,31.75,2024-10-21 11:22:11+00:00,Unknown,31.75,2024,10,21
79367,50832,21386,1,44.99,2025-02-01 15:23:00+00:00,Unknown,44.99,2025,2,1
85232,49597,21941,1,51.75,2024-10-01 01:44:12+00:00,Unknown,51.75,2024,10,1
80441,50419,21335,2,33.0,2024-12-23 11:01:52+00:00,Unknown,66.0,2024,12,23
78746,51068,22017,1,27.5,2024-12-22 05:51:48+00:00,Unknown,27.5,2024,12,22
79226,48010,21305,1,30.99,2025-07-13 02:59:00+00:00,"9144 Prohaska Course, Lannyfort, IN 35270-1206",30.99,2025,7,13
77689,48761,21644,2,38.4,2024-08-18 13:38:00+00:00,"6890 Elsy Place, Justinland, NY 62986-3085",76.8,2024,8,18
82983,49511,21480,1,48.5,2024-08-06 03:43:00+00:00,Unknown,48.5,2024,8,6
82393,48852,21570,3,28.25,2025-04-14 16:34:46+00:00,Unknown,84.75,2025,4,14
78263,47763,21655,5,21.0,2024-11-13 05:15:21+00:00,Unknown,105.0,2024,11,13
82886,48466,21442,1,46.0,2025-02-11 00:12:00+00:00,Unknown,46.0,2025,2,11
81046,50799,21644,1,37.0,2024-10-11 05:10:45+00:00,Unknown,37.0,2024,10,11
83609,48259,21429,1,33.0,2025-03-04 21:25:01+00:00,Unknown,33.0,2025,3,4
80408,48073,21642,1,42.0,2024-08-15 07:37:05+00:00,Unknown,42.0,2024,8,15
84739,48168,21461,2,76.5,2024-12-10 11:08:00+00:00,Unknown,153.0,2024,12,10
84360,48102,21613,1,54.75,2024-08-31 20:04:16+00:00,Unknown,54.75,2024,8,31
81001,48700,21476,1,34.99,2025-03-26 08:34:36+00:00,"29313 Charles Ranch, South Clair, VA 62232",34.99,2025,3,26
85847,47763,21591,2,54.75,2024-10-12 05:53:32+00:00,"Suite 612 723 Larhonda Square, Shauntehaven, TX 55075-9041",109.5,2024,10,12
79634,50533,21952,1,50.0,2024-07-27 16:07:00+00:00,Unknown,50.0,2024,7,27
79747,48856,21733,1,21.0,2024-09-01 00:44:53+00:00,Unknown,21.0,2024,9,1
86466,47733,21587,1,69.25,2025-01-02 04:03:21+00:00,"193 Pollich Centers, New Doloris, NJ 06979",69.25,2025,1,2
81503,51100,21938,5,86.1,2024-10-22 18:48:35+00:00,"Suite 670 291 Wolff Rue, Chasemouth, HI 36369",430.5,2024,10,22
83314,48409,22004,1,67.25,2025-07-11 06:27:59+00:00,Unknown,67.25,2025,7,11
83350,49880,21427,1,74.25,2024-05-28 04:18:18+00:00,Unknown,74.25,2024,5,28
84414,47727,21539,1,16.99,2024-09-25 19:21:12+00:00,Unknown,16.99,2024,9,25
82662,48687,21843,5,76.8,2025-04-24 17:04:07+00:00,Unknown,384.0,2025,4,24
77595,50153,21371,1,54.0,2024-07-23 13:36:27+00:00,"1749 Cartwright Street, Altonborough, MA 08540-4989",54.0,2024,7,23
83027,49500,21311,1,18.5,2024-11-13 17:33:00+00:00,"1125 Otha Prairie, South Kathlenetown, AR 37930",18.5,2024,11,13
84785,50534,21620,1,39.6,2025-02-16 00:53:00+00:00,"Apt. 275 53000 Soon Key, South Albert, NH 90077",39.6,2025,2,16
78054,51024,21473,1,38.0,2024-12-31 15:27:10+00:00,"318 Goyette Center, New Kaitlinfort, WY 97237",38.0,2024,12,31
85787,47782,21717,1,35.75,2025-07-21 18:08:38+00:00,Unknown,35.75,2025,7,21
84642,48672,21351,1,40.99,2024-12-17 19:20:00+00:00,"660 McCullough Coves, Mohammedbury, NC 94662-4005",40.99,2024,12,17
81459,47797,21488,1,86.1,2024-08-28 10:11:52+00:00,Unknown,86.1,2024,8,28
84198,47942,21316,1,41.4,2024-12-13 04:50:30+00:00,Unknown,41.4,2024,12,13
79041,48980,21493,1,24.5,2024-10-24 20:32:45+00:00,Unknown,24.5,2024,10,24
80122,50266,21994,1,37.2,2024-12-15 15:24:00+00:00,Unknown,37.2,2024,12,15
83353,49845,21776,1,73.99,2025-01-30 15:56:05+00:00,Unknown,73.99,2025,1,30
85521,49845,21960,1,57.25,2024-11-30 16:49:00+00:00,Unknown,57.25,2024,11,30
80653,49871,21843,1,78.6,2024-08-28 19:43:00+00:00,Unknown,78.6,2024,8,28
84887,50548,21437,1,55.5,2025-05-19 17:51:09+00:00,Unknown,55.5,2025,5,19
83100,48096,21437,5,64.8,2024-11-21 03:56:09+00:00,Unknown,324.0,2024,11,21
84421,48814,21460,1,64.5,2025-05-08 21:18:54+00:00,Unknown,64.5,2025,5,8
80791,50735,21677,1,40.8,2024-12-24 23:19:04.108000+00:00,"Apt. 616 7277 Arden Pines, North Howard, NC 98598",40.8,2024,12,24
86512,50345,21956,1,21.5,2024-09-19 17:01:16+00:00,"Apt. 762 163 Oralia Extension, Keelytown, OR 16000",21.5,2024,9,19
85352,50023,21984,1,55.25,2024-09-29 18:11:01+00:00,"Apt. 339 5965 Cletus Lock, Delisachester, IL 04684",55.25,2024,9,29
85334,50831,21683,2,47.75,2024-10-08 08:13:24+00:00,"2067 Wilbert Springs, Lake Ward, LA 03571-8262",95.5,2024,10,8
84832,49818,21908,1,22.79,2025-03-03 14:46:46+00:00,Unknown,22.79,2025,3,3
78314,49925,22036,4,48.99,2024-12-17 21:45:59+00:00,Unknown,195.96,2024,12,17
81163,50380,21912,1,83.99,2025-07-21 23:09:19+00:00,Unknown,83.99,2025,7,21
77970,48580,21482,5,79.8,2024-11-08 11:27:21+00:00,Unknown,399.0,2024,11,8
84988,48499,21429,2,32.4,2024-09-12 23:51:00+00:00,Unknown,64.8,2024,9,12
79551,48269,21841,1,71.7,2025-01-05 20:35:32+00:00,Unknown,71.7,2025,1,5
77832,50878,21489,1,27.0,2024-12-26 13:25:37+00:00,Unknown,27.0,2024,12,26
84788,50706,21886,1,49.5,2024-12-03 20:49:42+00:00,Unknown,49.5,2024,12,3
85507,48549,21433,3,44.75,2025-02-08 22:17:15+00:00,"Suite 241 72999 Isreal Mews, Mariaview, MD 01948",134.25,2025,2,8
83816,48390,21910,1,44.4,2024-07-22 22:12:22.035000+00:00,"Suite 914 60921 Prosacco Crossroad, Watersland, WI 77297-1764",44.4,2024,7,22
81490,49876,21489,1,28.79,2025-01-11 11:15:20+00:00,Unknown,28.79,2025,1,11
85367,48840,21717,1,39.6,2024-09-10 11:52:25+00:00,"Suite 786 87261 Mariela Wall, North Vernbury, CT 66069-0789",39.6,2024,9,10
78592,48825,21401,2,28.5,2025-05-29 11:49:29+00:00,Unknown,57.0,2025,5,29
81509,49076,21851,3,24.0,2025-02-07 04:36:19.941000+00:00,"Suite 178 32484 Mellisa Stream, East Eusebio, KY 94602",72.0,2025,2,7
84209,49051,21468,1,31.0,2024-02-18 23:03:03+00:00,"2576 Casper Ranch, South Kathy, MI 17170",31.0,2024,2,18
84506,49647,21501,1,21.0,2024-09-22 05:04:03+00:00,Unknown,21.0,2024,9,22
81702,50890,21548,1,37.5,2024-08-17 20:49:12+00:00,Unknown,37.5,2024,8,17
78505,47949,21506,1,24.5,2024-12-03 14:43:20+00:00,Unknown,24.5,2024,12,3
81532,49705,21562,1,36.9,2024-10-25 20:32:00+00:00,Unknown,36.9,2024,10,25
77954,48234,22023,1,13.5,2024-08-09 16:13:00+00:00,Unknown,13.5,2024,8,9
79357,49613,22004,5,70.25,2025-01-04 12:32:41.690000+00:00,"Apt. 123 144 Monte Pass, Lake Nelida, NH 91403-2650",351.25,2025,1,4
84175,49237,21399,1,65.5,2025-04-19 16:56:17+00:00,Unknown,65.5,2025,4,19
82795,48183,21435,1,35.0,2024-08-29 02:04:00+00:00,Unknown,35.0,2024,8,29
84099,50307,21357,1,23.0,2025-03-07 13:52:09+00:00,"558 Ivette Harbors, Raleighchester, IN 91053",23.0,2025,3,7
80740,50903,21795,1,35.5,2024-09-27 15:15:00+00:00,Unknown,35.5,2024,9,27
78122,50055,21376,1,54.0,2024-09-26 21:57:12+00:00,Unknown,54.0,2024,9,26
79379,50674,21907,1,56.0,2025-03-09 03:53:46+00:00,Unknown,56.0,2025,3,9
79678,49082,21542,3,38.7,2025-05-19 14:07:00+00:00,Unknown,116.1,2025,5,19
81055,50613,21585,1,74.1,2024-06-28 20:20:05+00:00,"Suite 858 2872 Stanley Greens, East Valentine, PA 05359",74.1,2024,6,28
83006,49267,21573,1,27.75,2024-10-26 06:39:19+00:00,Unknown,27.75,2024,10,26
85195,51069,21863,2,53.7,2024-12-07 22:01:12+00:00,"Apt. 286 14818 Manuel Curve, Carleyside, WA 45292",107.4,2024,12,7
83140,50839,21722,1,33.25,2024-11-27 10:37:00+00:00,Unknown,33.25,2024,11,27
79605,48333,22055,4,52.99,2025-01-16 06:58:23+00:00,Unknown,211.96,2025,1,16
78695,49851,21595,1,63.59,2024-12-03 11:37:00+00:00,Unknown,63.59,2024,12,3
83754,49749,21694,1,34.2,2024-07-25 12:27:08+00:00,Unknown,34.2,2024,7,25
78077,47855,21745,1,25.2,2024-10-08 06:17:17+00:00,Unknown,25.2,2024,10,8
81888,50809,21462,1,24.99,2024-11-25 16:43:42+00:00,Unknown,24.99,2024,11,25
81768,50426,22040,1,29.75,2024-08-28 08:06:44+00:00,Unknown,29.75,2024,8,28
82755,50162,21491,1,36.9,2024-04-19 01:41:11.575000+00:00,Unknown,36.9,2024,4,19
80374,49440,22008,2,67.5,2024-08-26 03:44:46+00:00,Unknown,135.0,2024,8,26
84574,50483,21326,2,76.8,2024-08-04 12:39:00+00:00,"Apt. 106 692 Koepp Road, Erdmanton, TX 36600-0158",153.6,2024,8,4
78781,48545,21539,1,19.8,2025-03-10 21:53:33+00:00,Unknown,19.8,2025,3,10
79249,48621,21748,1,31.8,2025-06-02 12:14:19+00:00,Unknown,31.8,2025,6,2
81130,50272,21761,1,32.5,2024-08-22 12:08:42+00:00,Unknown,32.5,2024,8,22
77952,48482,21637,1,49.0,2024-11-22 20:35:12+00:00,Unknown,49.0,2024,11,22
85685,50080,21330,1,46.25,2024-11-10 16:53:29+00:00,Unknown,46.25,2024,11,10
78626,50343,21303,1,57.5,2024-09-19 09:26:00+00:00,Unknown,57.5,2024,9,19
79116,47681,21385,5,28.99,2024-12-23 00:35:43+00:00,Unknown,144.95,2024,12,23
81437,48256,21482,1,81.0,2024-12-24 13:44:00+00:00,Unknown,81.0,2024,12,24
78319,50788,21319,1,22.0,2024-09-09 01:22:17+00:00,Unknown,22.0,2024,9,9
83320,49275,21883,1,33.0,2024-09-28 12:19:45+00:00,Unknown,33.0,2024,9,28
83970,50513,22025,2,55.0,2025-01-06 23:03:03+00:00,Unknown,110.0,2025,1,6
79922,50200,21314,2,68.5,2024-07-04 06:37:42+00:00,"Suite 361 61633 Mia Coves, Greenholtton, PA 79821-0791",137.0,2024,7,4
77784,50485,21619,1,49.0,2024-10-03 06:22:00+00:00,Unknown,49.0,2024,10,3
78136,48985,21429,1,29.25,2025-08-24 07:23:33+00:00,Unknown,29.25,2025,8,24
81313,48944,21969,1,57.25,2024-10-11 00:21:21+00:00,Unknown,57.25,2024,10,11
81505,48869,21674,2,19.5,2024-11-07 15:09:16+00:00,Unknown,39.0,2024,11,7
80299,49829,21505,1,43.0,2024-11-20 16:02:00+00:00,Unknown,43.0,2024,11,20
77592,51022,21348,5,23.25,2025-05-13 00:30:03+00:00,Unknown,116.25,2025,5,13
85125,50175,21837,1,75.0,2025-03-13 07:29:25+00:00,Unknown,75.0,2025,3,13
81232,51116,21516,2,53.75,2024-10-19 16:27:00+00:00,Unknown,107.5,2024,10,19
79784,49016,21554,1,85.8,2024-12-28 04:13:00+00:00,Unknown,85.8,2024,12,28
79000,48498,21517,1,67.25,2024-07-16 14:06:35+00:00,Unknown,67.25,2024,7,16
85306,49421,21402,2,40.5,2024-11-26 14:08:28+00:00,"23551 Deandre Port, East Randa, WA 23751-3371",81.0,2024,11,26
80983,49437,21721,5,54.0,2025-01-25 17:51:56+00:00,"3797 Leuschke Mountains, Port Sherlynfurt, NM 00789",270.0,2025,1,25
80586,50226,21687,1,68.4,2024-12-21 14:11:46+00:00,"8670 Derick Lights, New Gil, RI 28330",68.4,2024,12,21
81950,51038,21533,1,56.0,2025-02-20 06:22:00+00:00,Unknown,56.0,2025,2,20
86076,49710,21646,1,90.0,2024-10-24 13:40:36.296000+00:00,Unknown,90.0,2024,10,24
82430,48845,21682,1,74.0,2025-02-07 08:12:30+00:00,Unknown,74.0,2025,2,7
80430,47796,21343,1,71.0,2025-03-07 01:12:00+00:00,"Apt. 853 163 Reilly Flat, Vincentmouth, NY 21622-6154",71.0,2025,3,7
85766,50758,21802,2,57.0,2025-01-01 04:15:52+00:00,Unknown,114.0,2025,1,1
82142,49954,21690,1,38.75,2024-06-15 23:10:58.706000+00:00,Unknown,38.75,2024,6,15
85187,50957,21542,1,35.0,2024-11-30 19:32:00+00:00,Unknown,35.0,2024,11,30
81554,49644,21504,1,57.0,2025-03-27 03:08:00+00:00,Unknown,57.0,2025,3,27
80364,48097,21684,1,56.5,2024-11-04 04:20:56+00:00,Unknown,56.5,2024,11,4
84138,50625,21691,3,14.0,2025-01-01 05:04:45+00:00,"Suite 753 37034 Kreiger Turnpike, North Nadenefort, MN 93111-7234",42.0,2025,1,1
84372,49381,21835,1,88.2,2025-04-20 01:45:00+00:00,"4495 Emmitt Harbor, West Armand, VT 56771-3794",88.2,2025,4,20
82176,47999,21508,1,32.1,2025-01-19 04:34:46+00:00,"957 Kathey Cape, Murrayview, ME 23512-4859",32.1,2025,1,19
79407,48544,21930,1,24.25,2024-12-10 01:28:48+00:00,Unknown,24.25,2024,12,10
80464,50005,21903,1,41.5,2025-02-13 07:22:51+00:00,"2309 Ismael Stravenue, New Jacob, MS 70373-4201",41.5,2025,2,13
85967,51000,21515,2,62.7,2025-02-26 05:01:00+00:00,Unknown,125.4,2025,2,26
77804,50387,21861,3,44.4,2024-08-30 13:04:53+00:00,Unknown,133.2,2024,8,30
78474,48245,21571,1,18.0,2025-01-02 14:04:45+00:00,Unknown,18.0,2025,1,2
79796,49687,22052,1,26.0,2025-01-16 21:51:00+00:00,"90702 Gaston Crossing, New Lannie, CT 66473",26.0,2025,1,16
80112,49520,21970,3,70.5,2024-12-02 05:36:22+00:00,Unknown,211.5,2024,12,2
85984,48716,21493,1,24.5,2024-08-21 17:52:31.279000+00:00,Unknown,24.5,2024,8,21
81250,50958,21824,1,62.75,2025-06-27 06:03:15+00:00,Unknown,62.75,2025,6,27
78170,50396,21508,1,27.59,2024-09-16 15:05:34+00:00,Unknown,27.59,2024,9,16
77601,50972,21995,5,55.19,2024-10-27 00:07:19+00:00,Unknown,275.95,2024,10,27
84474,49381,21966,2,24.0,2024-06-08 06:51:17+00:00,Unknown,48.0,2024,6,8
84582,47828,21363,1,70.0,2025-02-11 12:38:48+00:00,Unknown,70.0,2025,2,11
85750,50400,21923,1,20.7,2025-01-26 05:52:14+00:00,Unknown,20.7,2025,1,26
78555,49542,21449,1,50.99,2024-09-16 01:06:29+00:00,Unknown,50.99,2024,9,16
81465,49243,21432,1,34.0,2024-07-29 11:12:24.750000+00:00,Unknown,34.0,2024,7,29
78139,50344,21566,1,31.2,2024-10-30 15:30:00+00:00,Unknown,31.2,2024,10,30
82464,48322,22044,1,23.0,2025-04-16 20:28:00+00:00,Unknown,23.0,2025,4,16
81051,50149,21774,1,20.75,2024-10-29 04:38:04+00:00,Unknown,20.75,2024,10,29
78543,49912,21436,1,61.5,2024-03-26 22:42:42+00:00,"Suite 788 330 Don Gardens, Lenitahaven, OH 63213-4573",61.5,2024,3,26
82701,50034,21606,1,45.6,2024-10-01 13:14:32+00:00,Unknown,45.6,2024,10,1
81178,49755,21426,5,79.19,2024-09-07 01:21:35+00:00,Unknown,395.95,2024,9,7
79588,50313,21508,1,27.0,2024-11-10 22:19:00+00:00,Unknown,27.0,2024,11,10
79398,51048,21634,1,73.25,2025-01-06 23:20:18+00:00,Unknown,73.25,2025,1,6
86135,50669,21901,1,60.75,2024-03-13 16:54:08+00:00,Unknown,60.75,2024,3,13
77641,47944,21946,1,54.0,2024-12-20 08:37:09+00:00,Unknown,54.0,2024,12,20
85039,50013,21761,1,27.99,2024-12-03 09:42:28+00:00,Unknown,27.99,2024,12,3
83514,51046,21583,5,67.8,2025-05-21 13:01:00+00:00,"2645 Macejkovic Rest, East Judson, IL 51410-9436",339.0,2025,5,21
84631,49552,21381,1,33.3,2024-11-19 21:32:00+00:00,Unknown,33.3,2024,11,19
77708,48699,21869,2,33.75,2024-08-21 17:22:57+00:00,Unknown,67.5,2024,8,21
77777,50337,21934,2,46.5,2024-12-09 11:13:07+00:00,Unknown,93.0,2024,12,9
81860,47895,21480,3,53.0,2024-07-14 20:45:45+00:00,Unknown,159.0,2024,7,14
86429,49786,21353,1,24.5,2025-02-02 15:39:59+00:00,"2466 Langosh Forges, Port Abbeyton, WA 98102-0777",24.5,2025,2,2
81353,48141,21998,1,22.2,2024-10-08 19:09:44+00:00,"Apt. 398 22366 Sandy Orchard, South Kyrafurt, NH 39582-1412",22.2,2024,10,8
79212,51066,21507,1,35.25,2025-04-19 18:39:00+00:00,Unknown,35.25,2025,4,19
86478,50781,21864,2,89.4,2025-06-19 04:42:42+00:00,Unknown,178.8,2025,6,19
80531,50770,21662,1,26.7,2024-09-25 07:23:32.519000+00:00,"Apt. 308 43011 Marvin Meadows, Bertshire, SC 32907",26.7,2024,9,25
80154,49681,21680,3,49.25,2025-05-21 11:11:20+00:00,Unknown,147.75,2025,5,21
81207,48308,21437,1,62.4,2024-07-08 15:04:00+00:00,Unknown,62.4,2024,7,8
80910,49418,21631,1,26.4,2024-06-22 22:18:20+00:00,"4997 Kathyrn Stravenue, West Dario, MA 74068-9613",26.4,2024,6,22
84241,49660,21597,5,81.59,2024-12-26 16:36:01+00:00,Unknown,407.95,2024,12,26
79481,48861,21606,1,37.5,2025-02-04 12:38:00+00:00,Unknown,37.5,2025,2,4
83198,48076,21686,4,18.0,2024-12-23 07:00:04+00:00,"Apt. 521 509 Yong Parkway, South Ruthanneside, VT 40270-4544",72.0,2024,12,23
78521,50927,21955,5,68.1,2024-03-25 16:10:29+00:00,"50814 Feeney Crossing, Lake Belindaville, WV 96835-7668",340.5,2024,3,25
81976,48137,21540,1,28.0,2024-10-15 14:16:15+00:00,Unknown,28.0,2024,10,15
83366,49804,21346,5,43.25,2024-09-11 13:32:32+00:00,Unknown,216.25,2024,9,11
85857,50577,22011,1,74.0,2024-06-19 22:17:17+00:00,Unknown,74.0,2024,6,19
82653,47980,21508,1,26.5,2024-09-22 18:46:23+00:00,Unknown,26.5,2024,9,22
80071,48718,21553,1,42.5,2024-12-18 05:29:14+00:00,Unknown,42.5,2024,12,18
83398,50534,22017,1,30.5,2024-12-26 12:04:19+00:00,"Apt. 275 53000 Soon Key, South Albert, NH 90077",30.5,2024,12,26
84838,49583,22043,1,13.5,2024-12-09 09:31:15+00:00,"Apt. 805 8124 Wisoky Spurs, Lake Lisastad, KS 09879-5704",13.5,2024,12,9
85087,50013,21639,1,48.0,2024-08-14 02:04:27+00:00,"Apt. 818 853 Jamel Light, Wendyport, NY 11209",48.0,2024,8,14
80767,48447,21432,2,33.0,2024-03-20 04:51:35.528000+00:00,Unknown,66.0,2024,3,20
83815,49052,21922,1,27.5,2024-08-20 14:28:57+00:00,"22908 Kihn Forks, Patricefurt, WY 33453",27.5,2024,8,20
84311,48001,21576,2,28.25,2024-10-06 20:31:00+00:00,"Apt. 314 53166 Wyman Cliff, Bradtkeshire, NY 89140",56.5,2024,10,6
80795,50783,21972,1,23.7,2024-05-10 07:00:49+00:00,Unknown,23.7,2024,5,10
85206,49194,21807,1,33.99,2025-01-08 22:50:50+00:00,Unknown,33.99,2025,1,8
79079,49077,21382,3,48.0,2024-11-17 06:15:27+00:00,Unknown,144.0,2024,11,17
80159,50590,21862,2,69.9,2024-12-27 06:30:27+00:00,Unknown,139.8,2024,12,27
79730,50091,21848,4,61.0,2024-11-01 16:32:13+00:00,Unknown,244.0,2024,11,1
79805,47797,21447,5,61.8,2024-10-14 01:28:50+00:00,Unknown,309.0,2024,10,14
77780,49579,21504,1,57.75,2025-02-10 22:36:55+00:00,Unknown,57.75,2025,2,10
80025,48563,21969,1,55.5,2025-02-01 19:27:58+00:00,"Apt. 219 719 Danette Manor, Port Linwood, MN 04868",55.5,2025,2,1
82656,50045,21367,1,31.75,2025-01-09 18:10:38+00:00,Unknown,31.75,2025,1,9
80447,48454,21508,1,28.2,2024-10-13 17:16:00+00:00,Unknown,28.2,2024,10,13
80221,49985,21992,1,34.5,2025-01-21 20:26:45+00:00,"2760 Clarissa Pike, Friesenside, DE 88444-4014",34.5,2025,1,21
85318,50159,21310,1,69.0,2024-07-29 11:48:36+00:00,Unknown,69.0,2024,7,29
83601,48002,21777,5,33.5,2024-12-18 09:39:18+00:00,"Apt. 653 972 Jacquetta Wall, Lake Sidney, CT 17257",167.5,2024,12,18
84427,49678,21716,1,37.2,2024-12-07 11:18:58+00:00,Unknown,37.2,2024,12,7
79396,50676,21487,1,38.0,2025-02-10 09:35:19+00:00,Unknown,38.0,2025,2,10
82411,50118,21694,1,25.0,2024-03-09 11:08:32.016000+00:00,Unknown,25.0,2024,3,9
85817,48866,22004,1,81.6,2025-04-11 17:02:01+00:00,"Apt. 484 3830 Luettgen Oval, South Jamelside, WY 19320-8220",81.6,2025,4,11
82597,50032,21377,1,53.5,2024-09-26 17:23:02+00:00,"Suite 460 95052 Barton Dam, Ashleighborough, ND 82099",53.5,2024,9,26
81230,48507,21865,1,84.9,2025-06-13 02:06:20+00:00,Unknown,84.9,2025,6,13
78735,50619,21830,1,81.3,2024-09-28 14:17:01+00:00,"Apt. 164 90189 Nitzsche Track, Dooleystad, WV 59474-5893",81.3,2024,9,28
86140,48646,21695,2,75.0,2025-02-08 10:12:39+00:00,Unknown,150.0,2025,2,8
85400,48504,21696,2,46.8,2025-07-07 05:18:50+00:00,"7355 Schowalter Courts, East Ronaldland, MT 92367",93.6,2025,7,7
80886,50310,22045,1,38.25,2025-02-24 08:23:11+00:00,"Suite 286 42631 Lonnie Glen, West Brigid, MI 95612-2343",38.25,2025,2,24
79657,50560,21387,1,52.5,2024-10-09 05:24:51+00:00,"Suite 743 6675 Willard Ports, North Milantown, WI 61609",52.5,2024,10,9
77997,49938,21485,1,48.25,2025-02-10 18:30:57+00:00,Unknown,48.25,2025,2,10
77959,47700,21921,1,60.0,2024-10-27 19:31:43+00:00,Unknown,60.0,2024,10,27
79940,50991,21528,2,42.75,2025-06-02 12:03:44.565000+00:00,Unknown,85.5,2025,6,2
83142,47780,21755,1,22.0,2024-08-23 17:58:04+00:00,Unknown,22.0,2024,8,23
85826,51046,21629,1,41.0,2025-08-26 10:19:19+00:00,Unknown,41.0,2025,8,26
83788,48213,21391,1,66.75,2025-07-21 04:45:23+00:00,Unknown,66.75,2025,7,21
79708,50458,21712,1,87.6,2024-11-25 11:48:50+00:00,Unknown,87.6,2024,11,25
79497,49551,21622,1,51.9,2024-08-09 20:49:49+00:00,Unknown,51.9,2024,8,9
80673,49993,21546,3,47.99,2025-08-24 19:54:00+00:00,"Suite 521 5507 Rob Ridges, Hellermouth, AK 43754-5616",143.97,2025,8,24
83079,49944,22027,1,31.99,2024-11-11 16:34:04+00:00,"254 Gino Grove, Swaniawskitown, AR 11399-8693",31.99,2024,11,11
81330,49796,21524,1,45.0,2024-10-20 15:28:00+00:00,Unknown,45.0,2024,10,20
86247,47964,21867,1,57.99,2024-09-25 18:03:00+00:00,Unknown,57.99,2024,9,25
81269,49749,21901,1,63.5,2025-02-16 00:49:23+00:00,Unknown,63.5,2025,2,16
80332,50664,21359,1,27.0,2025-08-03 23:30:00+00:00,Unknown,27.0,2025,8,3
83808,49374,21322,3,30.25,2025-02-11 17:16:30+00:00,Unknown,90.75,2025,2,11
83675,50276,22009,1,25.0,2024-07-30 09:40:05+00:00,Unknown,25.0,2024,7,30
83646,49947,22036,5,48.0,2024-10-08 11:58:46+00:00,Unknown,240.0,2024,10,8
81335,50670,21609,1,72.99,2024-10-09 08:06:00+00:00,"Suite 826 4200 Zofia Crossroad, Wunschside, ID 78241-7661",72.99,2024,10,9
78523,48128,22043,1,13.0,2024-10-10 18:34:00+00:00,Unknown,13.0,2024,10,10
80608,48669,21712,1,73.0,2024-08-06 17:30:14.372000+00:00,"3751 Kathrin Turnpike, Wuckertland, NE 57120",73.0,2024,8,6
80223,49306,21954,1,57.6,2025-06-04 23:27:00+00:00,Unknown,57.6,2025,6,4
84508,49283,21798,1,59.5,2024-07-25 11:08:00+00:00,Unknown,59.5,2024,7,25
83830,50468,21725,1,38.25,2024-11-26 05:14:06+00:00,Unknown,38.25,2024,11,26
82955,49513,21459,1,45.6,2025-04-30 05:18:43+00:00,"6422 Catherine Cliff, Nieshaport, FL 70613-2544",45.6,2025,4,30
83125,49783,21647,1,44.0,2024-09-18 09:05:57+00:00,Unknown,44.0,2024,9,18
85585,50274,21517,1,78.6,2024-06-20 08:14:00+00:00,Unknown,78.6,2024,6,20
77996,49840,21740,1,67.2,2024-11-24 17:29:37+00:00,Unknown,67.2,2024,11,24
80373,49758,21342,2,73.19,2024-09-14 06:01:19+00:00,Unknown,146.38,2024,9,14
78965,48188,22017,1,35.4,2024-11-20 01:03:33+00:00,Unknown,35.4,2024,11,20
81942,48152,21524,3,50.5,2024-05-20 13:44:00+00:00,"Apt. 620 9627 Goldner Radial, Port Arnette, NM 74494-8163",151.5,2024,5,20
85238,49396,21582,4,65.0,2025-02-25 20:55:59+00:00,"7548 Kreiger Plain, East Kip, CT 87617",260.0,2025,2,25
82826,50145,21910,4,40.5,2024-11-02 21:37:01+00:00,Unknown,162.0,2024,11,2
83005,47887,21846,5,25.0,2025-01-03 14:02:42+00:00,Unknown,125.0,2025,1,3
77984,48173,21431,1,53.75,2024-11-04 21:00:31+00:00,Unknown,53.75,2024,11,4
78285,50115,21308,2,34.0,2025-02-09 17:29:44+00:00,"38954 Dalia Landing, West Kathrinville, OR 17321-6796",68.0,2025,2,9
81480,50910,21945,1,17.0,2024-07-19 04:47:00+00:00,"70452 Dominga Isle, West Tressa, MD 40096",17.0,2024,7,19
85524,48732,21567,2,60.99,2024-12-20 13:34:16+00:00,"746 Fredericka Extension, Reynaldotown, AL 59023-1796",121.98,2024,12,20
79803,51086,21495,1,50.5,2024-11-09 09:02:03+00:00,Unknown,50.5,2024,11,9
79355,48504,21415,1,59.75,2025-02-22 07:02:34+00:00,Unknown,59.75,2025,2,22
85496,48341,21782,1,58.5,2024-07-02 08:13:00+00:00,Unknown,58.5,2024,7,2
77999,49474,21488,1,81.6,2025-02-12 06:51:39+00:00,"Apt. 199 49497 Schuppe Overpass, South Joselyn, MO 56371",81.6,2025,2,12
81386,50107,21375,1,47.0,2024-09-21 14:27:29+00:00,Unknown,47.0,2024,9,21
83205,49273,22057,1,48.0,2025-01-30 18:20:00+00:00,Unknown,48.0,2025,1,30
79574,47823,21605,3,45.99,2024-08-01 09:57:24+00:00,"122 Asha Mill, Leonardoburgh, CA 26185",137.97,2024,8,1
81317,49173,21644,5,33.99,2024-09-11 19:02:56+00:00,"Suite 165 408 Bennie Station, Rustyfurt, TN 20905",169.95,2024,9,11
78456,50175,21667,1,59.99,2025-04-23 03:22:00+00:00,Unknown,59.99,2025,4,23
82193,50762,21956,1,23.75,2025-04-24 16:11:08.230000+00:00,Unknown,23.75,2025,4,24
83281,51059,21692,4,66.99,2025-04-12 03:00:10+00:00,Unknown,267.96,2025,4,12
85767,48577,21849,1,44.7,2025-09-07 16:02:02+00:00,"Suite 545 26468 Lance Fords, East Nickolaschester, TX 35873",44.7,2025,9,7
78632,50247,21859,3,72.0,2024-07-06 16:39:00+00:00,"Apt. 945 92871 Ryan Trafficway, Anyastad, VT 57044-6838",216.0,2024,7,6
79858,48539,21852,5,43.0,2024-09-04 18:40:00+00:00,Unknown,215.0,2024,9,4
79970,48598,21346,1,53.4,2024-10-30 07:22:11+00:00,Unknown,53.4,2024,10,30
86472,49514,21775,1,68.99,2024-11-11 04:57:21+00:00,Unknown,68.99,2024,11,11
83520,50798,21682,2,70.5,2025-06-25 19:04:59+00:00,Unknown,141.0,2025,6,25
78130,51103,21794,1,32.25,2024-11-19 05:25:05+00:00,Unknown,32.25,2024,11,19
83483,49360,21825,2,36.5,2024-11-29 13:07:00+00:00,"Suite 242 91531 Lorenzo Springs, Mattview, MT 33829",73.0,2024,11,29
84634,47933,21637,2,62.4,2025-01-04 04:50:00+00:00,Unknown,124.8,2025,1,4
80992,48589,21443,1,29.99,2025-05-03 07:00:30.832000+00:00,"Apt. 387 42899 Hansen Ports, Kozeyside, OH 46202-8494",29.99,2025,5,3
83949,49706,21986,4,53.5,2024-03-01 18:08:52+00:00,Unknown,214.0,2024,3,1
84158,49005,22017,1,29.0,2024-05-18 19:02:12+00:00,Unknown,29.0,2024,5,18
80450,50332,21889,1,46.75,2024-10-09 23:45:05+00:00,Unknown,46.75,2024,10,9
77734,49209,21605,1,47.75,2024-12-27 06:50:09+00:00,"Suite 982 762 Anita Locks, North Mariano, MS 88328",47.75,2024,12,27
81555,49913,21640,1,54.0,2025-02-08 04:53:11+00:00,Unknown,54.0,2025,2,8
78676,48864,21576,1,23.0,2025-07-04 06:12:36+00:00,Unknown,23.0,2025,7,4
84341,48816,21649,3,67.0,2024-07-09 00:50:32+00:00,"5457 Olson Rapids, Dickensstad, RI 04271",201.0,2024,7,9
78290,47786,21431,1,49.75,2024-07-24 14:02:37+00:00,"Suite 696 84740 Daron Green, Batzmouth, GA 27349",49.75,2024,7,24
81667,50650,21523,1,13.5,2025-01-01 03:50:48+00:00,Unknown,13.5,2025,1,1
86258,48189,22018,1,56.5,2024-08-14 13:29:19+00:00,"76984 Schamberger Stream, Port Logan, IN 60801",56.5,2024,8,14
84936,50198,21706,1,17.5,2024-10-08 03:05:40+00:00,"911 Juan Pines, Blandabury, TN 28553-1430",17.5,2024,10,8
86162,47982,21771,4,71.5,2025-06-02 13:06:06+00:00,Unknown,286.0,2025,6,2
77826,49507,21517,1,80.4,2024-09-18 22:32:00+00:00,Unknown,80.4,2024,9,18
79073,50416,21462,2,23.25,2025-10-06 06:31:31+00:00,Unknown,46.5,2025,10,6
83662,50207,21739,1,43.99,2025-01-17 03:53:12+00:00,Unknown,43.99,2025,1,17
78719,48611,21406,1,81.9,2025-02-11 01:30:18+00:00,Unknown,81.9,2025,2,11
86245,49773,21359,1,24.25,2024-09-14 11:05:21+00:00,Unknown,24.25,2024,9,14
81733,47750,21535,1,63.0,2024-12-07 12:19:51+00:00,Unknown,63.0,2024,12,7
80336,50026,21570,1,27.0,2025-02-09 09:36:28+00:00,Unknown,27.0,2025,2,9
83143,49031,21759,1,65.4,2024-04-30 21:43:00+00:00,Unknown,65.4,2024,4,30
81601,48062,21738,5,41.75,2024-09-14 11:08:29+00:00,"Suite 648 36683 Breitenberg Underpass, New Chet, IA 90233",208.75,2024,9,14
80819,48290,21363,1,68.5,2025-02-13 13:56:06+00:00,Unknown,68.5,2025,2,13
86014,49458,21825,2,43.8,2025-01-02 08:16:34+00:00,Unknown,87.6,2025,1,2
83642,48605,21972,1,17.0,2024-09-03 09:20:00+00:00,"Suite 910 75039 Keeling Hills, North Mandi, MI 79579-8421",17.0,2024,9,3
81081,50900,21663,2,69.0,2024-07-27 09:30:12+00:00,Unknown,138.0,2024,7,27
83199,48007,21444,1,15.5,2024-04-22 10:10:31+00:00,Unknown,15.5,2024,4,22
85677,49077,21714,2,51.6,2024-09-13 03:03:48+00:00,Unknown,103.2,2024,9,13
78092,48692,21325,2,53.99,2024-02-02 22:37:54+00:00,"Apt. 344 14450 Risa Stream, Langmouth, NH 22790",107.98,2024,2,2
80544,50713,21646,1,72.99,2024-10-08 21:44:31+00:00,Unknown,72.99,2024,10,8
85663,49357,21550,1,72.0,2025-04-02 16:21:21+00:00,"Suite 714 979 Gibson Falls, West Mark, CO 85843-5836",72.0,2025,4,2
81426,48095,21908,4,19.99,2025-02-04 18:51:16.565000+00:00,"Suite 511 261 Romaguera Cliff, South Miles, WY 80252-2844",79.96,2025,2,4
82079,48900,21896,3,26.4,2024-04-09 17:40:00+00:00,Unknown,79.2,2024,4,9
82787,50090,21655,2,16.8,2024-10-29 13:25:00+00:00,Unknown,33.6,2024,10,29
84957,49639,21462,1,25.0,2024-10-20 01:25:32+00:00,"743 Mitzi Lodge, South Domitila, OK 17518",25.0,2024,10,20
79919,50238,21420,1,21.0,2025-01-15 16:25:00+00:00,Unknown,21.0,2025,1,15
86109,50144,21467,1,51.0,2025-01-23 16:52:26+00:00,Unknown,51.0,2025,1,23
82951,49893,21536,2,38.0,2024-12-01 17:59:16+00:00,Unknown,76.0,2024,12,1
85839,50062,21664,2,44.99,2025-02-24 18:04:04+00:00,"523 Volkman Grove, Valhaven, TX 48291",89.98,2025,2,24
83800,50959,21735,1,33.5,2024-12-15 04:57:52+00:00,Unknown,33.5,2024,12,15
86378,49897,21309,1,27.0,2024-12-04 20:00:00+00:00,Unknown,27.0,2024,12,4
80144,49420,21992,1,32.25,2024-11-26 09:42:00+00:00,Unknown,32.25,2024,11,26
79142,50714,21424,1,75.6,2025-05-10 20:46:00+00:00,Unknown,75.6,2025,5,10
84805,51018,21338,1,44.4,2025-04-23 13:50:00+00:00,Unknown,44.4,2025,4,23
84174,48983,21828,1,17.75,2024-12-28 23:46:11.332000+00:00,"Apt. 225 93776 Denae Mountain, Dickfort, AR 42907-2889",17.75,2024,12,28
78654,47971,21598,1,19.0,2025-06-23 09:35:50+00:00,Unknown,19.0,2025,6,23
85708,48631,21534,2,15.0,2024-12-06 14:41:00+00:00,Unknown,30.0,2024,12,6
86188,50516,21511,2,25.99,2024-09-15 04:51:00+00:00,"43869 Precious Way, South Jeramytown, NV 58748-6527",51.98,2024,9,15
77893,50007,21566,1,24.75,2025-03-24 04:32:02.865000+00:00,Unknown,24.75,2025,3,24
85230,50152,21751,1,74.5,2025-01-20 01:20:07+00:00,Unknown,74.5,2025,1,20
79145,51125,21458,1,68.0,2024-12-24 01:27:54+00:00,Unknown,68.0,2024,12,24
80764,50370,21804,1,48.0,2025-02-22 16:46:34+00:00,Unknown,48.0,2025,2,22
81728,47823,21347,1,40.8,2024-08-03 22:39:57+00:00,Unknown,40.8,2024,8,3
79209,47928,21894,3,60.3,2024-09-28 09:30:08+00:00,Unknown,180.9,2024,9,28
85322,49603,21931,1,25.5,2025-01-24 07:02:00+00:00,Unknown,25.5,2025,1,24
77819,48812,21298,1,50.0,2025-07-02 22:16:45+00:00,Unknown,50.0,2025,7,2
81275,47914,21756,2,30.99,2024-10-03 21:00:00+00:00,Unknown,61.98,2024,10,3
81058,49046,21922,1,31.2,2025-02-21 21:21:15+00:00,Unknown,31.2,2025,2,21
85325,49822,21525,2,43.2,2024-09-18 23:56:00+00:00,Unknown,86.4,2024,9,18
78507,50101,21423,1,42.0,2024-11-29 14:28:30.394000+00:00,Unknown,42.0,2024,11,29
85411,50936,21794,1,38.1,2025-04-06 10:08:00+00:00,Unknown,38.1,2025,4,6
85575,49231,21605,2,58.5,2025-04-18 08:26:56+00:00,Unknown,117.0,2025,4,18
79494,50195,21886,4,53.1,2024-07-10 21:20:00+00:00,Unknown,212.4,2024,7,10
77899,48917,21607,3,35.75,2024-12-19 15:01:00+00:00,Unknown,107.25,2024,12,19
83081,49184,21535,2,51.0,2025-07-27 14:29:00+00:00,Unknown,102.0,2025,7,27
81447,51106,21316,1,33.0,2024-12-13 03:35:14+00:00,Unknown,33.0,2024,12,13
80488,50416,21467,1,51.0,2025-03-22 20:35:32.184000+00:00,Unknown,51.0,2025,3,22
86363,50674,21636,2,15.0,2025-06-18 02:48:00+00:00,"Apt. 697 922 McKenzie Lodge, South Glenna, MT 60865",30.0,2025,6,18
80073,50394,21579,1,71.5,2025-03-24 15:46:00+00:00,Unknown,71.5,2025,3,24
77857,51084,21364,1,84.0,2025-03-31 13:07:31+00:00,Unknown,84.0,2025,3,31
79299,48449,21912,4,81.6,2024-10-25 18:31:16+00:00,Unknown,326.4,2024,10,25
84465,50445,21845,1,72.5,2024-09-01 23:14:46+00:00,Unknown,72.5,2024,9,1
84751,48204,22018,1,64.5,2024-10-18 13:05:00+00:00,Unknown,64.5,2024,10,18
79638,50159,21299,2,61.0,2024-10-04 11:25:34+00:00,Unknown,122.0,2024,10,4
80744,49337,21809,4,16.99,2024-06-13 00:53:35+00:00,"Apt. 644 216 Schinner Club, Lake Kaseyport, TN 55074-6587",67.96,2024,6,13
83037,48709,21648,2,19.5,2025-03-06 09:52:15+00:00,"200 Herzog Isle, Seymourmouth, ND 84794",39.0,2025,3,6
80720,48715,21889,1,41.0,2024-06-21 07:24:00+00:00,Unknown,41.0,2024,6,21
80528,49275,21600,1,24.5,2024-06-10 22:02:00+00:00,Unknown,24.5,2024,6,10
78063,49307,21850,3,76.5,2024-06-23 21:07:04+00:00,Unknown,229.5,2024,6,23
82424,49837,21894,2,47.5,2025-02-17 21:53:52+00:00,Unknown,95.0,2025,2,17
86129,50468,21558,2,22.0,2025-04-19 04:13:31+00:00,"5380 Kuvalis Knolls, New Refugia, AL 09839-9443",44.0,2025,4,19
81828,50921,21449,1,52.0,2024-05-21 18:55:15+00:00,"Apt. 376 78250 Ulysses Inlet, Lake Unbury, MI 01680",52.0,2024,5,21
79532,48770,21930,1,33.3,2025-01-10 12:31:45+00:00,Unknown,33.3,2025,1,10
85914,48001,21884,1,37.5,2025-01-16 04:13:45.740000+00:00,Unknown,37.5,2025,1,16
78143,50736,21798,1,56.99,2024-07-22 14:27:51+00:00,Unknown,56.99,2024,7,22
85728,49015,21751,1,70.0,2024-11-14 23:27:00+00:00,"916 Homenick Oval, Korifort, OK 47069",70.0,2024,11,14
77916,50840,21694,1,23.99,2025-05-01 09:34:39+00:00,Unknown,23.99,2025,5,1
80233,50745,21651,1,75.3,2025-04-26 15:59:23+00:00,Unknown,75.3,2025,4,26
81846,48332,21779,1,40.8,2024-10-28 19:20:00+00:00,Unknown,40.8,2024,10,28
79845,47825,21492,1,26.5,2025-01-18 03:46:00+00:00,Unknown,26.5,2025,1,18
79263,48730,21300,2,37.0,2025-04-21 06:03:37+00:00,Unknown,74.0,2025,4,21
84002,49088,21338,1,46.5,2025-04-25 04:42:00+00:00,"36552 Bauch Junctions, Dickiport, RI 94836-9265",46.5,2025,4,25
82938,48172,21301,1,41.0,2024-03-31 06:20:54+00:00,Unknown,41.0,2024,3,31
85689,47877,21555,1,56.4,2024-06-11 01:12:34+00:00,Unknown,56.4,2024,6,11
78414,51046,21634,3,81.6,2025-05-23 01:53:52+00:00,Unknown,244.8,2025,5,23
80445,49754,21889,4,43.0,2024-11-25 09:00:35+00:00,"Apt. 998 89231 Sporer Trafficway, Windlerfort, NY 17102-9044",172.0,2024,11,25
81243,48755,22040,1,32.4,2024-10-10 06:53:16+00:00,"43049 Jolene Orchard, Torritown, CO 97940",32.4,2024,10,10
82258,48931,21520,1,19.25,2024-08-16 01:28:38+00:00,Unknown,19.25,2024,8,16
80929,49799,21911,1,63.0,2025-01-16 02:07:00+00:00,Unknown,63.0,2025,1,16
81311,49252,21769,1,77.7,2025-08-24 09:49:28+00:00,Unknown,77.7,2025,8,24
80504,49595,21842,2,71.7,2024-03-16 10:06:06+00:00,Unknown,143.4,2024,3,16
85103,49715,21844,4,37.0,2024-08-28 01:34:31+00:00,Unknown,148.0,2024,8,28
86117,50027,21658,1,54.0,2025-01-17 08:15:01.224000+00:00,Unknown,54.0,2025,1,17
83978,50277,21918,1,74.5,2025-03-25 17:43:00+00:00,Unknown,74.5,2025,3,25
78887,48082,21347,1,35.0,2024-12-04 22:29:37+00:00,Unknown,35.0,2024,12,4
83532,50422,21811,2,31.5,2025-05-08 17:43:11+00:00,Unknown,63.0,2025,5,8
85292,50165,21595,1,67.2,2024-09-04 11:45:07+00:00,Unknown,67.2,2024,9,4
83510,50201,21902,1,26.39,2024-08-24 19:56:00+00:00,"Apt. 110 209 Howe Locks, Croninmouth, AK 18378-7950",26.39,2024,8,24
81875,50985,21719,3,64.0,2024-09-11 20:44:00+00:00,Unknown,192.0,2024,9,11
78565,50737,21843,1,60.75,2025-02-19 16:00:22+00:00,Unknown,60.75,2025,2,19
80289,49487,21864,1,74.5,2025-05-17 14:59:16+00:00,Unknown,74.5,2025,5,17
82664,48809,21686,2,15.25,2025-02-16 20:52:44+00:00,Unknown,30.5,2025,2,16
84479,49957,21844,2,40.5,2025-01-10 10:56:24+00:00,Unknown,81.0,2025,1,10
83452,49911,21876,1,34.25,2025-07-10 18:18:00+00:00,Unknown,34.25,2025,7,10
84638,50861,21839,1,72.25,2025-09-08 23:32:00+00:00,Unknown,72.25,2025,9,8
77648,49029,21641,1,34.5,2024-10-01 09:27:27.423000+00:00,"1875 Jacobs Trafficway, Lake Tristan, NC 43292-6085",34.5,2024,10,1
82084,49724,21561,1,78.0,2024-06-27 18:59:00+00:00,Unknown,78.0,2024,6,27
77782,48372,21806,1,62.0,2024-09-15 19:18:21.688000+00:00,Unknown,62.0,2024,9,15
79113,49963,21455,2,48.0,2024-07-29 15:27:27+00:00,Unknown,96.0,2024,7,29
85582,50456,21597,1,81.6,2024-11-03 04:17:57+00:00,"77983 Bettye Port, East Kerriport, OK 13743-2420",81.6,2024,11,3
79825,47928,21449,2,50.0,2024-09-28 09:59:21+00:00,Unknown,100.0,2024,9,28
84698,48947,21315,1,84.9,2024-05-11 00:43:13+00:00,"7982 Cornelius Dale, Port Eugenioberg, IA 44696",84.9,2024,5,11
78198,49385,21329,2,45.0,2024-12-19 21:33:42+00:00,"7760 Fahey Estate, Keshiaberg, NJ 09207-5923",90.0,2024,12,19
83480,50799,21618,4,57.3,2025-05-10 15:10:30.184000+00:00,Unknown,229.2,2025,5,10
78859,47986,22049,2,29.5,2024-08-15 18:53:02+00:00,Unknown,59.0,2024,8,15
78340,50152,21341,1,24.75,2025-01-17 00:02:00+00:00,Unknown,24.75,2025,1,17
83797,48014,21533,1,55.5,2025-05-01 04:05:00+00:00,Unknown,55.5,2025,5,1
78629,49132,21352,1,34.8,2024-12-06 06:29:26+00:00,Unknown,34.8,2024,12,6
78002,49940,21690,3,38.5,2025-08-19 23:02:46+00:00,Unknown,115.5,2025,8,19
78812,48498,21649,1,82.8,2025-05-27 06:08:04+00:00,Unknown,82.8,2025,5,27
83260,48055,21356,1,24.0,2025-03-04 11:45:22+00:00,Unknown,24.0,2025,3,4
78591,48105,21721,1,62.7,2024-08-17 19:55:00+00:00,"Apt. 586 808 Caleb Field, East Dominic, NE 87671-8052",62.7,2024,8,17
81979,48801,21332,1,18.9,2025-03-24 06:24:58+00:00,"545 Fritz Club, Lake Gene, NJ 62620",18.9,2025,3,24
81079,49991,21863,1,53.4,2024-11-21 12:51:00+00:00,"270 Harber Garden, New Shaunte, MA 85613-6733",53.4,2024,11,21
81600,50618,21415,1,73.8,2025-05-28 18:54:25+00:00,Unknown,73.8,2025,5,28
79087,50460,21360,2,76.8,2024-11-07 18:24:11+00:00,Unknown,153.6,2024,11,7
84190,50122,21675,1,18.99,2024-04-12 23:56:51+00:00,Unknown,18.99,2024,4,12
84242,48458,21705,2,65.0,2024-07-06 00:14:58+00:00,"Apt. 962 9357 Efrain Point, Port Mathildastad, MI 29758",130.0,2024,7,6
82752,48037,21918,1,72.0,2024-08-16 13:00:12+00:00,"16481 Dollie Village, New Kristofer, SD 35116-0509",72.0,2024,8,16
79722,48310,21452,3,74.5,2024-11-20 23:31:36+00:00,Unknown,223.5,2024,11,20
85580,49594,21504,1,59.99,2024-12-31 18:17:16+00:00,Unknown,59.99,2024,12,31
77851,50280,21429,1,27.0,2024-12-10 03:07:00+00:00,Unknown,27.0,2024,12,10
77719,47826,21325,1,61.2,2025-01-08 23:49:00+00:00,Unknown,61.2,2025,1,8
83721,50816,21333,1,69.0,2025-01-30 08:28:54+00:00,Unknown,69.0,2025,1,30
78298,49396,21502,3,70.0,2025-06-26 19:42:52+00:00,Unknown,210.0,2025,6,26
84600,50207,21694,3,28.5,2024-05-15 12:49:11+00:00,Unknown,85.5,2024,5,15
78702,48228,21440,1,25.5,2024-11-21 16:39:00+00:00,"Suite 746 407 Janyce Camp, Schuppeburgh, WI 37399",25.5,2024,11,21
77757,49743,21798,1,67.2,2024-07-09 08:55:00+00:00,Unknown,67.2,2024,7,9
78395,50155,21556,3,46.0,2025-01-31 05:24:00+00:00,Unknown,138.0,2025,1,31
80448,49971,21317,1,73.2,2025-05-10 07:35:23+00:00,Unknown,73.2,2025,5,10
82419,48753,21978,1,25.25,2025-01-17 15:58:26+00:00,Unknown,25.25,2025,1,17
84417,48483,21864,1,87.0,2025-04-15 16:16:45.131000+00:00,Unknown,87.0,2025,4,15
86184,49041,21964,1,73.0,2024-12-15 23:38:00+00:00,Unknown,73.0,2024,12,15
85135,48020,21666,1,67.0,2024-11-13 01:51:52+00:00,"619 Alexis Cliff, South Lavon, TN 31857",67.0,2024,11,13
86361,47828,21923,1,17.99,2025-09-18 23:42:56.792000+00:00,Unknown,17.99,2025,9,18
85355,47784,21324,2,30.99,2024-11-04 21:39:00+00:00,"24264 Brian Port, Yundtbury, NE 87859-8277",61.98,2024,11,4
84533,50876,21640,1,53.4,2024-09-14 00:16:42+00:00,Unknown,53.4,2024,9,14
84502,47738,21979,1,34.75,2024-07-11 23:20:00+00:00,Unknown,34.75,2024,7,11
79450,49601,21662,2,21.99,2025-02-23 06:32:00+00:00,"33919 Bryon Harbor, Johnsshire, AL 45645",43.98,2025,2,23
83976,48454,22005,1,40.25,2025-02-02 14:01:27+00:00,"Suite 536 64876 Jeremy Estate, East Kerry, WI 75121",40.25,2025,2,2
78713,49257,21325,1,57.6,2025-02-22 05:28:49+00:00,Unknown,57.6,2025,2,22
80997,49169,21345,1,76.5,2024-10-28 15:09:58+00:00,Unknown,76.5,2024,10,28
79610,50101,21320,1,74.4,2025-01-16 15:43:51+00:00,Unknown,74.4,2025,1,16
80151,48207,21768,1,21.0,2024-10-05 05:47:00+00:00,"1372 Osinski Islands, Champlinville, MI 55701-3755",21.0,2024,10,5
78595,47837,21583,3,58.99,2024-04-17 20:13:16+00:00,Unknown,176.97,2024,4,17
85055,47747,21917,1,81.0,2024-09-30 09:38:16+00:00,Unknown,81.0,2024,9,30
79199,50957,21845,3,85.8,2025-02-07 11:08:43.948000+00:00,Unknown,257.4,2025,2,7
83020,49939,21329,1,42.0,2025-06-26 16:36:00+00:00,Unknown,42.0,2025,6,26
81612,47947,21979,1,31.25,2025-02-08 09:55:25+00:00,"Suite 912 437 Gerlach Camp, East Arlene, VA 83451-6889",31.25,2025,2,8
81316,47789,21421,2,72.9,2024-12-15 16:24:24+00:00,Unknown,145.8,2024,12,15
84255,50138,21459,2,52.2,2025-03-01 09:52:54+00:00,Unknown,104.4,2025,3,1
79177,50873,21595,2,66.6,2025-02-06 18:09:05+00:00,"Apt. 790 942 Gaston Lights, South Shaquitaberg, MD 71153",133.2,2025,2,6
82422,49319,21805,1,48.99,2024-01-13 07:54:00+00:00,"Apt. 719 867 Yolanda Pines, West Birdietown, NC 61340",48.99,2024,1,13
80765,50844,21675,1,19.2,2024-09-03 01:23:00+00:00,Unknown,19.2,2024,9,3
84000,50239,21976,1,25.75,2024-09-27 06:29:00+00:00,Unknown,25.75,2024,9,27
82688,48922,21787,1,44.0,2024-09-05 04:28:53+00:00,Unknown,44.0,2024,9,5
86206,48908,21381,1,29.4,2025-07-18 06:30:43+00:00,Unknown,29.4,2025,7,18
82825,49241,21630,2,38.4,2024-11-01 21:57:14+00:00,Unknown,76.8,2024,11,1
83725,48894,21724,1,16.5,2024-05-30 09:39:52.924000+00:00,Unknown,16.5,2024,5,30
82155,48519,22030,1,17.4,2025-02-11 13:16:35+00:00,Unknown,17.4,2025,2,11
78536,48186,21465,3,70.25,2025-05-07 07:25:50+00:00,Unknown,210.75,2025,5,7
78014,50359,21373,1,21.99,2025-02-19 22:54:00+00:00,Unknown,21.99,2025,2,19
83779,49550,21990,1,57.6,2024-08-05 14:27:00+00:00,Unknown,57.6,2024,8,5
83150,49889,21425,1,38.4,2025-07-02 03:35:35+00:00,"Apt. 147 7365 Jacobson Light, Winfredborough, DE 92301",38.4,2025,7,2
85151,49620,21343,2,75.0,2024-08-17 03:42:42+00:00,Unknown,150.0,2024,8,17
83369,50294,21847,1,71.5,2024-11-05 14:37:38+00:00,Unknown,71.5,2024,11,5
84962,48419,21601,4,57.0,2024-07-16 06:27:31+00:00,Unknown,228.0,2024,7,16
81448,47995,21954,2,47.0,2024-10-21 03:00:00+00:00,Unknown,94.0,2024,10,21
84744,49073,21320,1,69.9,2025-07-24 08:46:22+00:00,Unknown,69.9,2025,7,24
82272,48687,21992,3,35.5,2024-10-17 16:20:42+00:00,Unknown,106.5,2024,10,17
83427,48574,21872,1,39.0,2025-01-03 20:47:45+00:00,Unknown,39.0,2025,1,3
81270,51116,21878,5,67.5,2025-01-31 04:43:25+00:00,Unknown,337.5,2025,1,31
78032,51056,21624,1,25.2,2025-02-14 01:18:00+00:00,Unknown,25.2,2025,2,14
77665,50444,21738,1,55.8,2024-03-15 18:39:00+00:00,"Suite 205 848 Cyrus Island, Lake Nenitabury, OR 31736-0163",55.8,2024,3,15
83858,49760,21851,1,28.5,2025-01-10 13:59:26+00:00,"Apt. 363 21548 Carmon Ports, Parkerberg, WA 98298-0556",28.5,2025,1,10
78753,48940,21343,4,74.75,2024-08-21 13:20:00+00:00,"Suite 426 21407 Emmitt Crossing, North Nathanael, ID 69711",299.0,2024,8,21
84074,49626,21302,1,23.0,2024-09-15 18:40:00+00:00,Unknown,23.0,2024,9,15
80037,48889,21900,3,73.0,2024-12-16 09:25:00+00:00,Unknown,219.0,2024,12,16
79197,49758,21557,1,81.3,2024-07-06 21:22:53.493000+00:00,Unknown,81.3,2024,7,6
78881,51014,21679,1,35.4,2024-05-21 07:49:00+00:00,Unknown,35.4,2024,5,21
81304,49250,21751,1,82.8,2024-09-26 21:55:00+00:00,"Apt. 803 221 Cummings Wells, Carlofurt, NE 01826-1737",82.8,2024,9,26
83381,50524,21823,1,62.75,2024-10-12 06:43:00+00:00,Unknown,62.75,2024,10,12
78502,48246,21905,2,29.75,2024-11-25 00:03:00+00:00,Unknown,59.5,2024,11,25
82865,47703,21770,1,21.5,2025-01-06 00:51:00+00:00,Unknown,21.5,2025,1,6
80212,50235,21648,1,21.25,2025-03-17 00:26:00+00:00,Unknown,21.25,2025,3,17
85417,50431,22030,2,20.1,2025-05-01 03:20:18.249000+00:00,Unknown,40.2,2025,5,1
81482,49340,21937,1,66.6,2025-03-20 00:32:26+00:00,Unknown,66.6,2025,3,20
82605,50503,21316,1,31.0,2024-11-12 07:37:48+00:00,Unknown,31.0,2024,11,12
85454,48483,21889,1,41.5,2025-01-14 16:30:27.437000+00:00,Unknown,41.5,2025,1,14
81360,50536,21496,1,67.99,2024-12-11 08:07:00+00:00,Unknown,67.99,2024,12,11
84519,50846,21314,1,70.0,2024-12-23 03:06:25+00:00,Unknown,70.0,2024,12,23
84240,51009,22040,1,28.0,2025-03-12 03:29:20+00:00,Unknown,28.0,2025,3,12
84029,50422,21570,2,31.99,2025-04-07 19:52:25+00:00,Unknown,63.98,2025,4,7
81966,50817,21406,2,69.0,2024-12-27 14:30:02+00:00,Unknown,138.0,2024,12,27
81674,48636,21785,1,74.4,2024-07-12 06:15:00+00:00,Unknown,74.4,2024,7,12
80153,50082,21610,1,55.0,2024-03-24 02:15:02+00:00,Unknown,55.0,2024,3,24
83072,49833,21923,1,21.0,2025-02-14 05:10:25+00:00,Unknown,21.0,2025,2,14
78468,48759,21498,1,24.6,2024-08-29 15:48:27+00:00,Unknown,24.6,2024,8,29
84860,50034,21374,5,71.5,2024-07-20 14:54:07+00:00,"Apt. 213 9808 Little Inlet, Leuschkeborough, IA 88360",357.5,2024,7,20
79044,48749,21419,3,57.9,2025-01-19 06:02:35.871000+00:00,Unknown,173.7,2025,1,19
79881,49975,21693,1,71.75,2024-08-14 22:04:13+00:00,Unknown,71.75,2024,8,14
82048,49300,21324,1,29.5,2024-12-02 23:05:00+00:00,"Apt. 425 2618 Julio Camp, New Sam, AL 55761",29.5,2024,12,2
79520,50930,21626,1,33.0,2024-12-14 17:02:00+00:00,"25042 Miquel Wall, Pagacville, TX 17275-1972",33.0,2024,12,14
78303,51105,21572,1,53.0,2024-03-11 23:37:37+00:00,"Apt. 957 59925 Ondricka Crest, Alysaberg, ID 63559-2707",53.0,2024,3,11
86422,48618,21847,1,67.25,2024-10-15 04:32:10+00:00,Unknown,67.25,2024,10,15
78938,48247,21641,2,32.99,2024-08-23 16:32:54+00:00,"5829 Amada Motorway, Kemmershire, MN 10541-5506",65.98,2024,8,23
85633,50781,21770,1,22.2,2025-04-20 10:47:00+00:00,"8760 Toy Ways, North Clintfort, AL 11717",22.2,2025,4,20
85330,48549,21558,1,21.75,2025-02-19 16:38:55+00:00,Unknown,21.75,2025,2,19
83494,49773,21355,2,55.5,2024-09-24 08:36:00+00:00,"1850 Louis Points, Treasaborough, AL 96983",111.0,2024,9,24
79025,49618,21836,2,45.25,2024-10-04 11:19:00+00:00,"Suite 992 763 Ronny Prairie, Port Neelytown, NC 43283",90.5,2024,10,4
86266,49780,21696,1,41.0,2024-12-21 01:17:18.463000+00:00,Unknown,41.0,2024,12,21
79548,47956,21727,2,16.0,2025-04-15 12:52:47+00:00,"8678 Sporer Island, Stantonside, GA 61834",32.0,2025,4,15
78527,49588,21659,1,33.99,2025-09-20 00:50:37+00:00,Unknown,33.99,2025,9,20
82049,50480,21411,3,36.0,2025-01-24 22:43:13+00:00,Unknown,108.0,2025,1,24
80217,50542,21916,2,18.5,2024-11-28 16:03:59+00:00,Unknown,37.0,2024,11,28
82119,49156,21994,1,41.1,2025-05-04 10:37:40+00:00,Unknown,41.1,2025,5,4
81759,50532,21742,1,31.0,2024-10-04 05:39:16+00:00,Unknown,31.0,2024,10,4
79660,49785,21439,1,34.75,2024-11-13 07:24:10+00:00,Unknown,34.75,2024,11,13
84392,47920,21876,1,40.5,2024-09-11 19:37:00+00:00,Unknown,40.5,2024,9,11
78353,50313,21404,2,19.5,2025-06-21 19:38:10+00:00,"64714 Witting Port, Kiehntown, OK 26171-8184",39.0,2025,6,21
85712,50057,21695,3,88.79,2024-10-25 00:03:10+00:00,"31005 Viola Manor, Port Nicolaton, RI 08736-9276",266.37,2024,10,25
84426,51114,21447,1,48.75,2024-08-23 09:09:55+00:00,"13615 Glover Mount, North Joe, VA 25873-0267",48.75,2024,8,23
83245,49138,21564,2,71.5,2025-02-20 09:43:03+00:00,Unknown,143.0,2025,2,20
86098,50352,21630,3,30.5,2025-01-14 12:48:00+00:00,Unknown,91.5,2025,1,14
78203,47781,21417,1,64.0,2025-01-22 16:49:05+00:00,Unknown,64.0,2025,1,22
81100,48744,21485,1,45.0,2024-09-25 17:37:41+00:00,Unknown,45.0,2024,9,25
78492,51094,21482,1,64.5,2025-01-06 08:48:33+00:00,"Suite 820 851 Wolf Row, North Edisonport, FL 57465",64.5,2025,1,6
85895,48192,21441,1,22.0,2025-02-27 04:51:54+00:00,Unknown,22.0,2025,2,27
86233,49575,21604,1,82.8,2024-08-31 21:42:32+00:00,Unknown,82.8,2024,8,31
79207,48231,21403,1,55.75,2024-12-10 11:47:31+00:00,Unknown,55.75,2024,12,10
80850,50647,21297,2,27.25,2024-12-08 13:51:01+00:00,Unknown,54.5,2024,12,8
84837,50949,21441,1,30.3,2024-05-19 12:41:00+00:00,"9780 Connelly Valleys, South Jonathonborough, NY 59721",30.3,2024,5,19
77716,49268,21491,1,37.2,2024-11-23 17:59:00+00:00,Unknown,37.2,2024,11,23
81262,48185,21470,1,19.99,2025-07-25 11:50:06.252000+00:00,Unknown,19.99,2025,7,25
80961,51115,21459,2,43.99,2024-10-08 19:59:42+00:00,Unknown,87.98,2024,10,8
82035,49123,21530,1,48.99,2024-10-25 00:21:00+00:00,"506 Rickie Path, East Merrillhaven, MT 78876-7129",48.99,2024,10,25
83490,50997,21829,5,71.0,2025-03-03 17:39:22+00:00,Unknown,355.0,2025,3,3
79804,47879,21635,1,43.0,2024-10-11 22:11:00.155000+00:00,Unknown,43.0,2024,10,11
83362,50330,22046,1,73.2,2024-09-22 11:50:31+00:00,Unknown,73.2,2024,9,22
82797,49116,21822,1,31.99,2024-10-19 18:15:27+00:00,Unknown,31.99,2024,10,19
85596,50893,21491,1,30.75,2024-09-12 21:58:00+00:00,Unknown,30.75,2024,9,12
78733,50119,21809,1,15.0,2024-10-08 05:39:56+00:00,Unknown,15.0,2024,10,8
80578,50756,21515,2,48.0,2025-06-18 06:00:24+00:00,Unknown,96.0,2025,6,18
85191,47782,21676,1,85.8,2024-11-10 22:43:04+00:00,"9851 Ziemann Tunnel, South Willie, PA 01800-9465",85.8,2024,11,10
85168,50643,21683,1,51.99,2024-07-01 02:00:00+00:00,Unknown,51.99,2024,7,1
80802,47669,21430,1,54.5,2025-01-21 06:21:00+00:00,Unknown,54.5,2025,1,21
81114,48755,21328,1,62.0,2024-09-24 02:16:00+00:00,Unknown,62.0,2024,9,24
85309,48433,21442,1,48.0,2025-02-03 04:54:00+00:00,Unknown,48.0,2025,2,3
80257,48219,21668,1,54.99,2024-07-10 14:51:00+00:00,Unknown,54.99,2024,7,10
80937,49880,21551,1,21.5,2024-09-01 12:51:10+00:00,Unknown,21.5,2024,9,1
84803,47943,21872,3,48.0,2024-09-28 08:21:15+00:00,Unknown,144.0,2024,9,28
80228,49138,21604,1,84.0,2025-02-16 22:34:30+00:00,Unknown,84.0,2025,2,16
80161,47832,21877,4,92.39,2024-11-16 23:11:14+00:00,Unknown,369.56,2024,11,16
82749,49580,21750,1,34.0,2024-05-07 22:13:24+00:00,Unknown,34.0,2024,5,7
79156,50329,21670,1,25.8,2025-01-10 19:50:02+00:00,Unknown,25.8,2025,1,10
80931,49665,21935,1,17.75,2025-01-20 00:29:43+00:00,"Suite 422 80432 Gleason Fork, Lienhaven, TX 55509-0182",17.75,2025,1,20
82699,50506,21787,1,45.5,2024-09-28 16:54:00+00:00,Unknown,45.5,2024,9,28
79900,49669,21941,2,63.0,2024-10-17 12:25:00+00:00,"7790 Dena Ridge, West Lucasmouth, NJ 34741-8381",126.0,2024,10,17
77909,48470,22002,1,66.5,2024-07-14 07:40:49+00:00,Unknown,66.5,2024,7,14
84916,48966,21953,1,46.2,2024-10-25 17:29:34+00:00,Unknown,46.2,2024,10,25
80815,50872,21311,1,24.0,2025-01-27 22:45:21+00:00,Unknown,24.0,2025,1,27
85650,48141,21757,1,21.9,2025-04-13 02:07:04+00:00,Unknown,21.9,2025,4,13
78918,48109,22045,1,35.25,2024-07-16 06:41:41+00:00,"Apt. 783 9845 Annita Pike, Beerhaven, HI 70833-9587",35.25,2024,7,16
79334,49239,21978,2,27.5,2025-02-08 22:30:03+00:00,Unknown,55.0,2025,2,8
85759,50999,21753,2,56.0,2024-10-22 23:21:00+00:00,Unknown,112.0,2024,10,22
79147,49884,21904,1,44.25,2024-11-02 00:14:00+00:00,Unknown,44.25,2024,11,2
85471,50125,21327,2,21.75,2025-01-28 06:32:14+00:00,Unknown,43.5,2025,1,28
83821,47978,21809,1,15.25,2024-11-25 04:26:38+00:00,Unknown,15.25,2024,11,25
80689,50793,21845,1,84.6,2024-10-23 09:50:46+00:00,Unknown,84.6,2024,10,23
80350,49066,21401,2,32.4,2025-02-04 23:32:52+00:00,Unknown,64.8,2025,2,4
84874,49035,21584,1,43.0,2025-06-22 11:46:21+00:00,Unknown,43.0,2025,6,22
81568,49375,21995,2,40.5,2024-12-12 08:49:39+00:00,Unknown,81.0,2024,12,12
79648,48720,21792,1,59.99,2024-12-17 08:03:00+00:00,Unknown,59.99,2024,12,17
78162,49065,21764,1,47.0,2024-08-01 14:29:13+00:00,Unknown,47.0,2024,8,1
86454,48510,21537,4,25.5,2024-11-15 08:16:42+00:00,Unknown,102.0,2024,11,15
85702,48016,21920,1,26.0,2025-02-18 08:50:02+00:00,"Suite 984 8116 Glynis Lane, Turnermouth, VT 58651",26.0,2025,2,18
78931,50187,21860,1,47.75,2024-10-31 10:19:07+00:00,"5201 Roberts Expressway, Port Ayannashire, GA 76895",47.75,2024,10,31
78227,47888,21415,1,61.5,2024-06-13 07:06:00+00:00,"Suite 444 1467 Rosalinda Rapid, New Hsiu, TN 26126-2090",61.5,2024,6,13
85445,49159,21783,2,61.5,2025-07-19 18:24:58+00:00,Unknown,123.0,2025,7,19
78916,50187,21750,2,32.25,2024-11-29 03:00:33+00:00,Unknown,64.5,2024,11,29
78160,47833,21987,1,44.1,2024-08-17 01:04:00+00:00,Unknown,44.1,2024,8,17
85131,48235,21757,2,15.25,2024-12-11 00:36:00+00:00,Unknown,30.5,2024,12,11
82136,50436,21679,1,30.0,2025-08-16 11:39:00+00:00,Unknown,30.0,2025,8,16
85190,48262,21337,3,39.3,2024-08-15 19:36:40+00:00,Unknown,117.9,2024,8,15
86199,50301,21616,5,49.2,2025-04-09 11:37:00+00:00,Unknown,246.0,2025,4,9
86290,49652,21382,1,64.2,2025-01-25 17:37:54+00:00,"Apt. 783 2267 Tillman Key, Gottliebtown, OH 42454-4106",64.2,2025,1,25
84136,48655,21887,2,39.6,2025-03-06 00:28:48+00:00,Unknown,79.2,2025,3,6
80397,48176,21299,2,78.6,2025-07-23 00:18:19+00:00,Unknown,157.2,2025,7,23
83727,50296,21986,1,60.6,2024-10-04 10:06:00+00:00,Unknown,60.6,2024,10,4
82254,48270,21474,1,24.3,2025-04-24 22:30:59+00:00,Unknown,24.3,2025,4,24
85162,48483,21727,1,12.0,2025-08-01 18:22:28+00:00,Unknown,12.0,2025,8,1
84170,48149,21710,3,89.7,2025-01-29 09:27:35+00:00,Unknown,269.1,2025,1,29
86183,50024,21532,1,18.0,2024-08-23 03:14:08+00:00,Unknown,18.0,2024,8,23
78237,48704,22027,3,33.99,2025-01-17 02:26:00+00:00,Unknown,101.97,2025,1,17
84445,48332,21949,1,44.99,2025-04-09 15:28:00+00:00,Unknown,44.99,2025,4,9
77841,49511,21450,1,30.25,2024-12-13 19:15:45+00:00,Unknown,30.25,2024,12,13
79654,49730,21665,1,69.25,2025-02-16 09:09:39+00:00,Unknown,69.25,2025,2,16
80146,48716,21986,1,52.0,2025-03-27 05:14:00+00:00,"5337 Tad Stravenue, Balistreriland, WI 16804-1253",52.0,2025,3,27
82507,49867,21496,2,70.0,2024-09-09 04:38:36+00:00,"3339 Pouros Oval, East Maurice, IA 90891",140.0,2024,9,9
78020,49414,21645,1,49.5,2025-03-21 17:05:29+00:00,Unknown,49.5,2025,3,21
77607,50121,21433,1,47.25,2025-01-27 21:51:00+00:00,Unknown,47.25,2025,1,27
86088,47887,21913,3,45.5,2025-04-04 15:10:57+00:00,Unknown,136.5,2025,4,4
82945,49203,21414,1,45.5,2024-10-21 23:32:12+00:00,Unknown,45.5,2024,10,21
81059,51057,21499,2,54.0,2025-05-17 00:53:00+00:00,Unknown,108.0,2025,5,17
81105,47714,21820,5,36.0,2024-12-26 20:54:48+00:00,"Apt. 408 77004 Hans Path, Meldashire, ID 32325",180.0,2024,12,26
78856,49023,21923,2,20.99,2024-06-05 12:02:11+00:00,Unknown,41.98,2024,6,5
81560,47785,22052,4,21.75,2024-07-30 10:46:01+00:00,"Apt. 321 380 Ramiro Corners, Yolondaport, CT 66764-3813",87.0,2024,7,30
80825,49422,21554,1,68.0,2024-09-17 23:46:00+00:00,Unknown,68.0,2024,9,17
84683,48983,21703,1,66.0,2025-03-28 16:46:48+00:00,"Apt. 225 93776 Denae Mountain, Dickfort, AR 42907-2889",66.0,2025,3,28
83867,51032,21517,2,80.39,2024-12-30 12:15:08+00:00,Unknown,160.78,2024,12,30
84293,47868,22054,1,68.0,2025-03-10 03:25:00+00:00,"833 Delphine Fort, West Galina, MN 98911",68.0,2025,3,10
84336,48798,21845,1,72.0,2024-10-19 11:01:54+00:00,"Apt. 176 81566 Grady Islands, Rafaelview, NV 23601-3743",72.0,2024,10,19
80423,48560,21603,1,50.99,2025-03-05 17:29:51+00:00,Unknown,50.99,2025,3,5
80868,49946,22054,1,70.0,2025-04-20 06:22:38+00:00,Unknown,70.0,2025,4,20
77659,49409,21666,1,81.6,2024-09-19 11:34:22+00:00,Unknown,81.6,2024,9,19
84267,48663,21880,3,39.5,2024-08-09 22:07:10+00:00,Unknown,118.5,2024,8,9
78834,50002,21348,1,20.5,2024-12-08 20:31:52+00:00,Unknown,20.5,2024,12,8
77810,48048,21516,1,53.75,2025-02-25 18:29:24+00:00,Unknown,53.75,2025,2,25
86347,47958,21703,1,69.0,2024-06-15 14:12:23+00:00,Unknown,69.0,2024,6,15
85896,50788,21821,1,70.5,2024-11-10 13:58:13+00:00,"Apt. 703 941 Kiehn Road, Kreigerfurt, OK 43743-6121",70.5,2024,11,10
80107,50000,21381,3,31.2,2024-08-07 04:02:00+00:00,Unknown,93.6,2024,8,7
85973,47662,21759,5,66.9,2025-02-25 21:03:18+00:00,Unknown,334.5,2025,2,25
79395,49774,21441,1,26.75,2025-05-09 13:06:51+00:00,Unknown,26.75,2025,5,9
85790,48351,21825,1,42.3,2024-12-24 22:03:36+00:00,"Suite 213 11610 Kelsey Islands, West Gaynell, KS 40224-0543",42.3,2024,12,24
79879,49075,21607,2,39.0,2025-04-01 07:41:52+00:00,"82726 Lubowitz Plaza, Danielmouth, HI 49455",78.0,2025,4,1
83833,48540,21795,1,42.6,2025-06-02 02:17:00+00:00,Unknown,42.6,2025,6,2
84507,49397,21495,1,48.5,2024-11-06 04:05:00+00:00,Unknown,48.5,2024,11,6
81772,48730,21640,1,49.8,2024-09-12 12:50:44.559000+00:00,Unknown,49.8,2024,9,12
85920,48517,21734,1,49.0,2024-05-26 18:48:00+00:00,Unknown,49.0,2024,5,26
85894,51028,21440,2,26.5,2024-05-10 04:03:18+00:00,Unknown,53.0,2024,5,10
81801,48069,21862,2,59.25,2024-08-12 01:33:44+00:00,"2370 Spinka Fords, South Delmarborough, ME 43777-9332",118.5,2024,8,12
85541,49041,21867,1,59.25,2024-07-19 14:08:27+00:00,Unknown,59.25,2024,7,19
81352,48682,21717,1,44.1,2025-01-20 03:24:18+00:00,Unknown,44.1,2025,1,20
83002,49814,21690,2,48.6,2024-12-10 21:36:51+00:00,Unknown,97.2,2024,12,10
83713,48225,21322,2,27.25,2024-09-19 08:58:29+00:00,Unknown,54.5,2024,9,19
79540,49231,21994,2,34.99,2025-03-20 05:13:00+00:00,Unknown,69.98,2025,3,20
85561,48636,21749,1,69.5,2024-09-28 00:11:55+00:00,Unknown,69.5,2024,9,28
82980,50440,21484,1,15.6,2025-06-05 23:16:01+00:00,Unknown,15.6,2025,6,5
83355,50740,21886,1,54.9,2025-01-21 17:43:54+00:00,Unknown,54.9,2025,1,21
81908,48955,21542,1,36.0,2025-03-01 11:46:09+00:00,Unknown,36.0,2025,3,1
85661,48859,21799,2,30.0,2025-02-12 02:56:00+00:00,Unknown,60.0,2025,2,12
81522,50299,21476,1,34.0,2024-12-28 15:10:41+00:00,Unknown,34.0,2024,12,28
83136,49150,21877,1,88.8,2024-12-05 03:27:29+00:00,Unknown,88.8,2024,12,5
77976,48160,21308,2,33.0,2025-08-06 18:12:06+00:00,Unknown,66.0,2025,8,6
83704,48627,21770,1,25.2,2024-12-22 00:09:59+00:00,Unknown,25.2,2024,12,22
86320,50568,21641,1,39.6,2024-12-26 05:16:38+00:00,Unknown,39.6,2024,12,26
84069,48668,21443,1,23.0,2024-06-09 04:39:52+00:00,Unknown,23.0,2024,6,9
86417,50568,21402,1,41.0,2024-08-17 19:53:04+00:00,Unknown,41.0,2024,8,17
83973,50508,21622,1,46.0,2024-05-22 15:14:10.430000+00:00,"Suite 439 53783 Raleigh Stream, South Ulysses, NV 90220-1531",46.0,2024,5,22
79454,50422,21783,1,64.0,2025-02-27 04:17:42+00:00,Unknown,64.0,2025,2,27
82989,48306,21429,1,28.5,2024-05-13 07:53:00+00:00,Unknown,28.5,2024,5,13
85574,48990,21897,1,57.0,2025-05-15 22:38:21+00:00,"53872 Tish Landing, South Justin, NY 50736",57.0,2025,5,15
78028,50583,21599,1,71.1,2024-06-19 15:17:00+00:00,Unknown,71.1,2024,6,19
80004,48193,21409,1,66.0,2024-05-09 03:55:04+00:00,"Apt. 822 25530 Spencer Landing, Jaysonport, MT 40297-9486",66.0,2024,5,9
82243,47725,21311,1,17.75,2024-08-13 03:38:37.822000+00:00,Unknown,17.75,2024,8,13
78628,49313,21982,1,49.2,2024-08-28 02:46:57.809000+00:00,Unknown,49.2,2024,8,28
79455,50204,22003,1,70.5,2025-02-22 15:09:00+00:00,Unknown,70.5,2025,2,22
79930,49351,21315,3,70.99,2024-10-23 20:14:00+00:00,Unknown,212.97,2024,10,23
85964,49019,21920,1,23.0,2025-04-24 03:32:52+00:00,Unknown,23.0,2025,4,24
83570,49483,21529,1,22.8,2025-04-05 12:07:00+00:00,Unknown,22.8,2025,4,5
84159,50704,21421,1,63.25,2024-08-29 01:17:34+00:00,"797 Blair Locks, Boehmborough, KS 65058-5604",63.25,2024,8,29
82387,49375,21777,2,31.25,2024-11-26 12:16:00+00:00,Unknown,62.5,2024,11,26
83700,47900,21979,1,33.0,2024-10-18 16:16:32+00:00,Unknown,33.0,2024,10,18
83209,49732,21750,3,39.59,2025-04-01 08:17:53+00:00,Unknown,118.77,2025,4,1
83838,50582,21849,2,32.0,2024-10-11 00:55:47+00:00,Unknown,64.0,2024,10,11
80693,48827,21900,2,85.2,2024-11-25 12:40:40+00:00,Unknown,170.4,2024,11,25
79445,49755,21810,1,51.5,2025-05-10 08:02:00+00:00,Unknown,51.5,2025,5,10
79284,48660,21765,1,22.99,2025-04-25 07:42:32+00:00,Unknown,22.99,2025,4,25
83628,50463,22029,1,67.99,2025-02-21 20:15:00+00:00,Unknown,67.99,2025,2,21
79388,47766,22014,1,30.75,2025-01-07 09:46:00+00:00,Unknown,30.75,2025,1,7
81016,50364,22052,1,25.0,2025-03-06 08:28:00+00:00,"Apt. 267 62011 Hilll Shore, Lake Kattiefurt, NH 92408",25.0,2025,3,6
84571,50800,22030,1,17.1,2024-08-16 17:14:00+00:00,Unknown,17.1,2024,8,16
86468,48681,21658,1,67.19,2025-01-04 12:22:09+00:00,"Suite 239 4124 Billie Overpass, West Wendolynstad, OK 25288-4008",67.19,2025,1,4
79066,49638,22009,1,28.75,2025-03-29 19:19:00+00:00,Unknown,28.75,2025,3,29
85117,50793,21708,1,27.99,2025-05-31 04:11:11+00:00,Unknown,27.99,2025,5,31
82019,48595,22035,1,34.25,2024-11-12 15:43:00+00:00,Unknown,34.25,2024,11,12
81916,50129,21352,1,32.75,2024-11-28 16:13:40+00:00,Unknown,32.75,2024,11,28
78367,50818,21728,1,52.0,2024-11-02 06:50:54+00:00,Unknown,52.0,2024,11,2
80357,50689,21435,1,33.25,2025-03-05 07:57:00+00:00,"Apt. 553 73290 Dach Via, West Shirelyfurt, NM 82545",33.25,2025,3,5
80774,49962,21897,1,53.5,2025-02-09 16:47:55+00:00,"Apt. 655 62881 Prosacco Isle, Goyetteport, OH 74479-9133",53.5,2025,2,9
80680,50359,21823,4,62.5,2024-03-27 18:54:40+00:00,Unknown,250.0,2024,3,27
84157,49032,21655,1,16.5,2024-12-11 04:03:16+00:00,"Apt. 249 336 O'Conner Valleys, Lake Kenview, AK 99108-2313",16.5,2024,12,11
83076,49953,21356,1,26.0,2024-06-05 07:58:00+00:00,Unknown,26.0,2024,6,5
77934,48675,21753,1,56.0,2024-12-09 06:07:00+00:00,"357 Schuster Square, West Calebton, WY 60789-8884",56.0,2024,12,9
84917,48301,21452,1,71.5,2025-08-05 17:37:23+00:00,"Apt. 877 863 Frami Walks, South Joane, AR 42938-8874",71.5,2025,8,5
78235,50540,21702,1,62.99,2024-08-27 05:45:12+00:00,Unknown,62.99,2024,8,27
83506,50437,21945,2,16.2,2025-01-12 09:44:00+00:00,Unknown,32.4,2025,1,12
83834,50337,21509,1,41.5,2024-09-30 00:55:30+00:00,Unknown,41.5,2024,9,30
82966,50832,21385,4,34.2,2025-02-01 10:32:00+00:00,Unknown,136.8,2025,2,1
82849,47723,21428,2,72.0,2024-05-04 06:20:03+00:00,Unknown,144.0,2024,5,4
79914,50320,21365,1,31.0,2025-04-23 22:09:34+00:00,Unknown,31.0,2025,4,23
78525,49111,21987,1,37.0,2025-04-11 15:24:00+00:00,Unknown,37.0,2025,4,11
85200,50647,21321,1,76.5,2024-12-02 11:33:00+00:00,Unknown,76.5,2024,12,2
82238,50022,21349,1,64.25,2025-04-06 04:45:27+00:00,Unknown,64.25,2025,4,6
84172,49715,21598,1,20.99,2025-05-30 14:45:00+00:00,Unknown,20.99,2025,5,30
78065,48190,22018,1,55.0,2025-02-09 09:30:22+00:00,Unknown,55.0,2025,2,9
84425,51008,21706,1,22.99,2025-07-02 10:33:51+00:00,Unknown,22.99,2025,7,2
81020,49313,22051,1,32.0,2024-03-30 12:32:00+00:00,Unknown,32.0,2024,3,30
82608,49824,21658,1,56.0,2025-02-08 19:46:54+00:00,Unknown,56.0,2025,2,8
82609,48920,21605,1,48.5,2024-05-20 07:18:52.073000+00:00,Unknown,48.5,2024,5,20
85901,50024,21657,2,21.6,2025-07-26 17:41:08+00:00,"16698 Weissnat Estate, North Abramfurt, NV 55310",43.2,2025,7,26
78808,48326,21323,3,43.25,2024-09-29 12:35:00+00:00,Unknown,129.75,2024,9,29
84970,48682,21509,1,40.75,2024-07-05 12:29:52+00:00,Unknown,40.75,2024,7,5
79592,50373,21819,3,59.75,2025-03-05 16:33:43+00:00,"3451 Jacobson Trace, South Dalilatown, MS 41191",179.25,2025,3,5
78036,50730,21505,1,43.5,2024-07-06 05:25:00+00:00,Unknown,43.5,2024,7,6
84025,48099,21959,4,71.99,2025-03-19 17:02:00+00:00,Unknown,287.96,2025,3,19
79039,48382,21463,5,27.5,2024-12-21 06:44:39+00:00,Unknown,137.5,2024,12,21
80324,48117,21654,1,56.1,2024-07-06 23:12:00+00:00,Unknown,56.1,2024,7,6
78281,48727,21542,1,42.0,2024-12-03 23:28:00+00:00,Unknown,42.0,2024,12,3
77864,47836,21699,1,25.5,2024-08-02 09:48:00+00:00,Unknown,25.5,2024,8,2
80303,47849,21575,1,73.75,2025-03-26 05:40:00+00:00,Unknown,73.75,2025,3,26
78362,49165,21452,1,69.25,2024-12-18 06:41:15+00:00,Unknown,69.25,2024,12,18
78546,50925,21500,1,27.5,2025-02-03 17:42:00+00:00,Unknown,27.5,2025,2,3
83801,49505,21923,1,21.9,2025-02-26 18:17:33+00:00,Unknown,21.9,2025,2,26
81145,48393,21567,1,62.5,2025-01-08 00:22:00+00:00,"Apt. 590 90240 Haywood Cliffs, Gislasonview, MT 91435",62.5,2025,1,8
80550,49428,21407,3,61.25,2024-07-13 00:35:29+00:00,Unknown,183.75,2024,7,13
85533,48325,21579,1,84.0,2025-06-14 06:02:33+00:00,Unknown,84.0,2025,6,14
81226,49219,21486,2,23.5,2025-03-23 19:30:06+00:00,Unknown,47.0,2025,3,23
79359,50192,21425,4,33.5,2024-07-09 08:26:02+00:00,Unknown,134.0,2024,7,9
85028,48520,21319,3,27.6,2024-10-17 21:32:55+00:00,Unknown,82.8,2024,10,17
79866,48857,21768,3,21.5,2024-10-04 20:42:14+00:00,"6105 Rohan Circle, Port Andres, RI 08109-0508",64.5,2024,10,4
84323,49952,21758,2,51.0,2024-10-18 01:27:45+00:00,Unknown,102.0,2024,10,18
79969,51012,21880,4,37.0,2024-03-18 09:14:08+00:00,"4366 Gleason Route, Hoegerton, WV 83998-2096",148.0,2024,3,18
84405,49221,21531,1,14.0,2025-02-20 05:46:16+00:00,"416 Dierdre Ridge, Barttown, WA 33781-3683",14.0,2025,2,20
84013,48207,21488,1,67.0,2025-01-26 11:35:00+00:00,"1372 Osinski Islands, Champlinville, MI 55701-3755",67.0,2025,1,26
80609,49350,22001,1,76.2,2025-04-10 03:01:56+00:00,"Suite 655 4578 Carmine Terrace, South Franciscohaven, ME 48831-9670",76.2,2025,4,10
77634,48807,21903,1,36.5,2024-08-23 01:10:35.164000+00:00,Unknown,36.5,2024,8,23
82831,48607,21780,2,21.6,2024-06-15 23:34:49+00:00,"Suite 440 27043 Jesse Ways, Huelsberg, OH 04732",43.2,2024,6,15
79733,49462,22001,1,62.99,2024-10-06 00:44:28+00:00,Unknown,62.99,2024,10,6
85349,47755,21976,2,34.2,2025-03-01 13:40:00+00:00,Unknown,68.4,2025,3,1
81721,47691,21398,1,32.25,2025-02-25 00:03:30+00:00,Unknown,32.25,2025,2,25
81819,48880,21425,1,32.75,2025-05-01 12:17:47+00:00,Unknown,32.75,2025,5,1
85106,48136,21833,2,66.75,2025-02-11 13:20:48+00:00,"98874 Lehner Creek, East Joshuabury, MD 25912-0890",133.5,2025,2,11
78553,48764,21498,1,23.25,2024-09-06 01:01:30+00:00,Unknown,23.25,2024,9,6
85859,50921,21937,1,65.1,2024-05-04 08:29:11+00:00,"Apt. 376 78250 Ulysses Inlet, Lake Unbury, MI 01680",65.1,2024,5,4
83332,49731,21817,2,79.8,2024-12-23 04:51:08+00:00,Unknown,159.6,2024,12,23
78135,49465,21562,1,32.75,2025-04-30 21:22:44+00:00,Unknown,32.75,2025,4,30
85034,48439,21845,2,67.5,2025-01-17 22:05:41+00:00,Unknown,135.0,2025,1,17
79200,49833,21529,1,14.5,2025-04-26 12:48:00+00:00,Unknown,14.5,2025,4,26
81810,48206,21491,4,40.79,2024-08-16 06:45:43+00:00,Unknown,163.16,2024,8,16
83112,48366,21382,1,63.59,2025-04-15 17:06:00+00:00,Unknown,63.59,2025,4,15
79750,50139,22004,1,67.5,2024-05-26 16:13:00+00:00,Unknown,67.5,2024,5,26
85490,50345,21929,3,56.0,2025-06-04 15:42:37+00:00,Unknown,168.0,2025,6,4
79655,50901,21787,4,42.5,2024-06-27 21:18:00+00:00,"Suite 631 3018 Courtney Trafficway, New Mikeside, NH 46021-2201",170.0,2024,6,27
83558,51020,21977,3,22.0,2025-01-28 00:51:00+00:00,Unknown,66.0,2025,1,28
78561,49440,21730,1,40.2,2024-10-01 00:25:00+00:00,Unknown,40.2,2024,10,1
82283,48086,21862,1,56.0,2024-10-20 18:14:00+00:00,Unknown,56.0,2024,10,20
83668,47887,21365,1,32.0,2025-05-12 22:40:55+00:00,Unknown,32.0,2025,5,12
85467,48190,21889,1,41.5,2024-10-17 19:00:17.967000+00:00,Unknown,41.5,2024,10,17
78264,49692,21645,2,46.0,2025-02-24 05:45:04+00:00,Unknown,92.0,2025,2,24
84768,49522,21354,1,54.5,2024-09-30 12:01:47+00:00,Unknown,54.5,2024,9,30
84193,50603,22013,1,59.1,2025-04-10 11:52:00+00:00,Unknown,59.1,2025,4,10
84851,50889,21932,2,20.0,2024-09-08 23:28:27.002000+00:00,Unknown,40.0,2024,9,8
85616,49312,21382,3,57.6,2024-08-20 10:57:45.255000+00:00,Unknown,172.8,2024,8,20
85477,49558,21516,1,56.99,2024-10-21 02:01:28+00:00,Unknown,56.99,2024,10,21
82463,49829,21864,1,85.8,2024-02-10 21:59:00+00:00,"Apt. 927 694 Miller Canyon, North Joel, VT 02823-6834",85.8,2024,2,10
78045,49469,21719,3,63.0,2025-02-15 08:51:00+00:00,"6731 Simonis Keys, Boyleberg, NY 96661",189.0,2025,2,15
83715,50262,21965,1,60.5,2024-10-13 18:11:20+00:00,"9185 Lee Street, Powlowskiview, TN 76526-0969",60.5,2024,10,13
79527,50220,21848,1,72.9,2025-02-19 00:51:03+00:00,Unknown,72.9,2025,2,19
84603,50271,21383,1,49.0,2025-01-11 01:34:42+00:00,"Suite 925 620 Bulah Pike, West Meridethside, IA 67544-1210",49.0,2025,1,11
86385,48597,21948,1,61.75,2024-11-01 17:23:38+00:00,Unknown,61.75,2024,11,1
79020,50702,21369,1,40.5,2024-10-04 17:09:00+00:00,Unknown,40.5,2024,10,4
82889,51111,21602,1,74.4,2024-05-23 11:10:24+00:00,Unknown,74.4,2024,5,23
84342,49033,22028,1,60.25,2024-07-02 15:28:16+00:00,Unknown,60.25,2024,7,2
85407,48197,21417,2,63.0,2025-03-01 23:33:09+00:00,Unknown,126.0,2025,3,1
85350,48048,21629,1,45.0,2024-12-17 17:54:42.724000+00:00,Unknown,45.0,2024,12,17
82595,47830,22025,4,57.0,2025-02-26 03:15:00+00:00,Unknown,228.0,2025,2,26
82809,49087,21747,2,34.0,2025-04-13 15:15:49+00:00,Unknown,68.0,2025,4,13
81164,48075,21772,1,53.7,2025-02-18 03:22:00+00:00,Unknown,53.7,2025,2,18
78687,48684,22052,1,24.5,2024-10-27 17:08:00+00:00,Unknown,24.5,2024,10,27
79744,49871,21931,5,25.99,2024-09-27 00:45:09+00:00,Unknown,129.95,2024,9,27
86180,49753,21603,1,63.0,2024-09-21 06:52:20+00:00,"826 Steuber Flats, Hammesbury, OH 38357-6806",63.0,2024,9,21
86102,49271,21606,3,40.0,2024-05-10 06:10:57+00:00,Unknown,120.0,2024,5,10
84527,49075,21934,2,47.0,2024-11-13 08:35:00+00:00,Unknown,94.0,2024,11,13
84839,49365,21723,2,54.0,2024-11-14 05:17:00+00:00,Unknown,108.0,2024,11,14
78100,51034,21300,1,45.6,2025-04-22 02:12:00+00:00,"9647 Simonis Crest, Glentown, FL 92685-5844",45.6,2025,4,22
81513,50153,21751,5,69.25,2024-10-11 10:56:19+00:00,Unknown,346.25,2024,10,11
83096,50980,21784,1,63.5,2024-09-11 03:10:00+00:00,Unknown,63.5,2024,9,11
82228,49624,21856,1,43.99,2024-12-09 00:58:00+00:00,Unknown,43.99,2024,12,9
79972,48587,21398,1,41.99,2025-03-28 21:57:00+00:00,Unknown,41.99,2025,3,28
81582,50429,21652,2,59.0,2024-09-23 21:12:08+00:00,Unknown,118.0,2024,9,23
78391,48642,21759,1,55.5,2025-02-13 07:15:00+00:00,Unknown,55.5,2025,2,13
80881,50553,21535,1,62.4,2024-11-26 16:34:00+00:00,"965 Huel Unions, West Bradford, MO 30050-9367",62.4,2024,11,26
84927,47735,21589,1,63.0,2025-03-31 10:16:00+00:00,"Suite 166 91584 Ping Gardens, Goodwinfort, OH 59492-7057",63.0,2025,3,31
81028,49440,21951,1,37.5,2025-04-02 08:05:12+00:00,Unknown,37.5,2025,4,2
78708,50246,21882,1,37.0,2024-09-24 14:34:33+00:00,Unknown,37.0,2024,9,24
83174,49195,21609,1,88.2,2024-08-21 13:45:00+00:00,Unknown,88.2,2024,8,21
79938,49658,21667,1,55.5,2025-03-31 19:42:56+00:00,Unknown,55.5,2025,3,31
85017,50026,21608,1,50.5,2024-10-27 20:39:00+00:00,Unknown,50.5,2024,10,27
84146,50762,21977,1,26.5,2025-01-05 07:12:14.871000+00:00,Unknown,26.5,2025,1,5
83336,49420,21736,5,53.4,2024-07-28 22:48:43+00:00,"Suite 909 39334 Spinka Road, East Phyllis, VT 12045-2006",267.0,2024,7,28
86476,50280,21538,1,70.99,2024-09-16 09:31:23+00:00,Unknown,70.99,2024,9,16
79706,51086,21562,4,32.5,2025-05-14 00:23:30+00:00,Unknown,130.0,2025,5,14
86462,50827,21978,1,27.25,2024-10-06 02:15:29+00:00,Unknown,27.25,2024,10,6
85543,48302,21380,2,68.0,2024-08-27 14:17:04+00:00,Unknown,136.0,2024,8,27
85220,50960,21518,1,50.7,2024-05-23 20:38:46.698000+00:00,Unknown,50.7,2024,5,23
80229,49760,21514,1,87.0,2025-02-15 20:51:00+00:00,Unknown,87.0,2025,2,15
80823,47780,21662,1,23.5,2024-11-07 13:59:40+00:00,Unknown,23.5,2024,11,7
82015,49325,21551,1,20.0,2024-07-26 23:12:13+00:00,Unknown,20.0,2024,7,26
83470,48187,21450,1,25.25,2025-03-25 07:30:25+00:00,Unknown,25.25,2025,3,25
79224,48777,21700,1,43.0,2024-07-24 11:08:22+00:00,Unknown,43.0,2024,7,24
80510,48614,21306,1,47.5,2024-09-11 23:30:25+00:00,Unknown,47.5,2024,9,11
86497,50250,21436,2,62.0,2024-08-24 02:32:26+00:00,"Suite 789 554 Gutmann Stravenue, New Hyunport, NJ 01071-3303",124.0,2024,8,24
83373,47854,21630,2,34.99,2024-07-08 18:17:53+00:00,Unknown,69.98,2024,7,8
82894,50496,22004,4,68.99,2024-09-28 00:21:26+00:00,Unknown,275.96,2024,9,28
83752,48712,21846,1,20.75,2025-01-17 17:43:00+00:00,Unknown,20.75,2025,1,17
84501,49200,21491,1,34.25,2024-11-03 11:42:00+00:00,Unknown,34.25,2024,11,3
78730,50097,21574,1,55.2,2025-02-07 11:48:55+00:00,Unknown,55.2,2025,2,7
85697,48675,21631,1,25.75,2024-09-01 15:39:00+00:00,"357 Schuster Square, West Calebton, WY 60789-8884",25.75,2024,9,1
78929,49951,21635,1,43.99,2024-10-15 09:58:12+00:00,Unknown,43.99,2024,10,15
79431,51017,21902,1,23.4,2024-12-13 01:04:45+00:00,Unknown,23.4,2024,12,13
80564,48145,21362,1,25.8,2024-10-03 20:28:00+00:00,Unknown,25.8,2024,10,3
78572,49918,21297,1,24.75,2025-07-02 06:01:10+00:00,Unknown,24.75,2025,7,2
86295,48395,21697,1,63.0,2024-05-12 02:12:13+00:00,Unknown,63.0,2024,5,12
81897,47949,21878,1,56.0,2025-01-26 12:54:00+00:00,"Apt. 967 831 Anabel Point, Elliottburgh, WA 05880",56.0,2025,1,26
79781,48492,21380,1,82.79,2024-11-04 18:30:50+00:00,Unknown,82.79,2024,11,4
84512,48227,21378,1,36.5,2024-09-05 14:10:08+00:00,"8244 Weimann Road, East Glenda, MO 81365",36.5,2024,9,5
80096,49833,21980,1,12.5,2025-01-06 09:32:40.032000+00:00,Unknown,12.5,2025,1,6
79560,50334,21973,1,72.0,2024-11-10 10:06:36+00:00,Unknown,72.0,2024,11,10
84199,48529,21513,2,19.99,2024-08-12 08:47:52+00:00,Unknown,39.98,2024,8,12
78982,50203,22007,2,42.0,2024-04-07 13:20:24+00:00,Unknown,84.0,2024,4,7
79031,48805,22001,1,73.8,2024-12-14 22:07:25+00:00,Unknown,73.8,2024,12,14
80708,48030,21947,1,64.5,2025-02-05 14:49:00+00:00,"351 Hansen Turnpike, West Traci, IA 30575-1546",64.5,2025,2,5
79313,50541,21393,1,57.5,2025-02-27 02:52:00+00:00,Unknown,57.5,2025,2,27
80900,49221,21892,1,27.5,2024-12-21 04:04:22+00:00,Unknown,27.5,2024,12,21
77643,50794,21411,1,32.99,2025-02-22 12:07:17+00:00,Unknown,32.99,2025,2,22
83204,49259,21587,1,72.0,2024-08-31 06:15:00+00:00,Unknown,72.0,2024,8,31
79508,47838,21323,1,46.0,2025-01-21 09:28:17+00:00,Unknown,46.0,2025,1,21
81993,48635,22055,1,53.0,2025-05-12 02:08:59+00:00,Unknown,53.0,2025,5,12
85556,48464,21322,1,33.6,2025-04-04 19:41:07+00:00,Unknown,33.6,2025,4,4
80284,49020,21757,1,18.0,2025-03-02 00:10:00+00:00,Unknown,18.0,2025,3,2
85811,48693,21940,1,55.5,2024-05-26 13:10:00+00:00,"60036 Bryant Key, New See, OR 98217-7162",55.5,2024,5,26
82854,49246,21807,2,31.5,2024-11-10 17:23:00+00:00,Unknown,63.0,2024,11,10
77846,51093,21521,1,64.2,2025-05-14 07:16:05+00:00,"Apt. 545 7460 Huel Stravenue, East Silas, GA 10016",64.2,2025,5,14
81456,48047,21965,1,59.25,2025-02-06 18:26:11+00:00,Unknown,59.25,2025,2,6
80201,48268,21934,1,45.5,2024-09-11 10:40:37+00:00,Unknown,45.5,2024,9,11
78223,50131,21483,1,57.5,2025-03-07 11:19:00+00:00,Unknown,57.5,2025,3,7
81223,51031,21300,1,40.99,2025-02-20 02:54:00+00:00,Unknown,40.99,2025,2,20
86185,49238,21604,3,71.5,2024-06-14 05:40:12.940000+00:00,"22640 Blick Shore, South Hipolitostad, MA 42352-4896",214.5,2024,6,14
84709,48634,21444,1,15.59,2025-01-17 03:25:42+00:00,Unknown,15.59,2025,1,17
84922,51042,21846,1,22.5,2025-06-05 16:24:00+00:00,Unknown,22.5,2025,6,5
86467,48288,21333,5,82.2,2025-07-09 23:50:32+00:00,"Apt. 536 720 Ian Highway, Lehnershire, FL 53909-6616",411.0,2025,7,9
84220,50498,21936,1,15.5,2025-02-01 13:03:02+00:00,Unknown,15.5,2025,2,1
85852,48694,21974,1,59.25,2024-09-20 16:07:49+00:00,Unknown,59.25,2024,9,20
81720,48449,21434,3,31.8,2024-12-15 10:40:40+00:00,Unknown,95.4,2024,12,15
84619,50638,21731,1,59.7,2025-03-20 20:43:06+00:00,Unknown,59.7,2025,3,20
78267,50573,21730,3,43.8,2024-09-24 08:49:00+00:00,"Suite 370 34918 August Summit, Florinefort, WY 14770",131.4,2024,9,24
84122,49353,21604,1,69.99,2025-06-06 19:43:30+00:00,Unknown,69.99,2025,6,6
80213,49376,21924,1,65.99,2024-09-14 18:16:00+00:00,Unknown,65.99,2024,9,14
83197,47901,21919,1,55.0,2025-08-27 22:19:00+00:00,Unknown,55.0,2025,8,27
85552,50270,21643,1,17.5,2024-08-18 05:01:00+00:00,Unknown,17.5,2024,8,18
81180,49801,21546,1,54.0,2025-01-25 23:46:00+00:00,"Apt. 571 428 Gutkowski Burg, Rueckerchester, KY 29858-9427",54.0,2025,1,25
82383,48453,22052,1,25.5,2025-05-08 17:08:00+00:00,Unknown,25.5,2025,5,8
78299,48897,21547,3,53.0,2024-06-18 11:24:51+00:00,Unknown,159.0,2024,6,18
81729,49507,21851,2,26.0,2024-09-24 23:43:43+00:00,"773 Davis Mall, Shieldsmouth, AK 59477-0618",52.0,2024,9,24
79763,48809,21440,1,29.4,2024-12-12 17:19:00+00:00,Unknown,29.4,2024,12,12
80668,50861,21378,1,34.0,2025-05-16 04:57:11+00:00,Unknown,34.0,2025,5,16
82652,51055,21313,1,53.4,2025-01-14 19:12:40.075000+00:00,Unknown,53.4,2025,1,14
85798,50000,22015,1,63.99,2024-10-16 00:38:53+00:00,Unknown,63.99,2024,10,16
86095,47680,21809,1,19.5,2024-08-12 01:19:52+00:00,Unknown,19.5,2024,8,12
83608,49287,21926,2,47.0,2025-01-19 21:59:35+00:00,Unknown,94.0,2025,1,19
78271,48123,21358,2,13.5,2024-11-26 09:20:53+00:00,Unknown,27.0,2024,11,26
78534,48806,21675,1,16.75,2024-12-02 22:19:00+00:00,Unknown,16.75,2024,12,2
79740,51058,21981,3,20.5,2024-10-30 05:53:00+00:00,"803 Kunze Islands, Port Paigeview, LA 96671-9761",61.5,2024,10,30
82521,47786,21548,1,40.25,2024-12-01 03:09:02+00:00,Unknown,40.25,2024,12,1
84249,49303,21920,5,21.25,2024-12-30 09:57:50+00:00,Unknown,106.25,2024,12,30
78583,50567,21742,1,35.99,2025-03-06 14:21:20+00:00,"Apt. 512 7572 Torp Forks, Dickinsonstad, SD 28764",35.99,2025,3,6
83017,49103,21983,2,59.5,2024-09-19 22:18:35+00:00,"Suite 109 96783 Marisela Road, South Paulstad, OK 70889",119.0,2024,9,19
79266,49276,21755,1,28.2,2024-12-12 22:38:27+00:00,Unknown,28.2,2024,12,12
82648,50114,21903,1,36.75,2024-09-17 03:46:07+00:00,Unknown,36.75,2024,9,17
80138,49575,21832,1,41.4,2025-04-25 00:59:33+00:00,"8307 Jarrod Junction, Bergstrombury, AZ 45108-8048",41.4,2025,4,25
79484,49480,21651,1,79.8,2025-01-09 17:05:00+00:00,Unknown,79.8,2025,1,9
78722,48846,21994,1,42.3,2025-01-31 15:53:00+00:00,"9923 Stark Springs, Bartolettishire, ID 08791",42.3,2025,1,31
79912,48949,21880,1,46.2,2024-09-27 22:00:51+00:00,"Apt. 900 7908 Klocko Dam, Luciuschester, NV 37026",46.2,2024,9,27
81328,50780,21855,1,59.0,2024-11-10 02:26:47+00:00,"8952 Philomena Village, Francesberg, NH 56690",59.0,2024,11,10
83920,48890,21695,1,86.4,2024-11-20 22:42:07+00:00,"699 Laci Trail, Waelchiborough, CO 87242",86.4,2024,11,20
81107,49545,21327,3,21.99,2025-05-16 20:06:39+00:00,Unknown,65.97,2025,5,16
80993,49634,21370,2,63.75,2024-12-26 18:17:43+00:00,Unknown,127.5,2024,12,26
83611,49930,21454,2,27.0,2024-11-23 02:15:26+00:00,Unknown,54.0,2024,11,23
84735,50492,21912,1,82.8,2025-03-10 12:52:04.276000+00:00,Unknown,82.8,2025,3,10
84432,50339,21884,1,34.0,2024-10-02 06:02:00+00:00,Unknown,34.0,2024,10,2
79347,49948,21581,1,55.8,2024-09-02 08:40:58+00:00,Unknown,55.8,2024,9,2
80157,48413,21436,1,61.0,2024-08-12 00:47:23+00:00,Unknown,61.0,2024,8,12
82513,50318,21790,3,70.75,2024-05-17 18:19:07.657000+00:00,"Apt. 821 566 Hahn Valleys, Maisieburgh, IL 66370",212.25,2024,5,17
85648,51038,21359,1,29.99,2025-02-22 12:00:00+00:00,Unknown,29.99,2025,2,22
83845,49214,21809,1,23.1,2025-03-28 12:20:20+00:00,Unknown,23.1,2025,3,28
84912,48452,21576,4,26.25,2025-03-10 18:39:39+00:00,"Apt. 565 8385 Zena Village, Lake Jacinto, NY 56108",105.0,2025,3,10
78690,49659,21940,1,54.5,2024-08-25 17:18:21+00:00,Unknown,54.5,2024,8,25
78847,50288,21547,1,56.0,2024-11-10 15:18:00+00:00,Unknown,56.0,2024,11,10
81551,50665,21594,1,13.75,2024-05-20 18:28:06+00:00,Unknown,13.75,2024,5,20
80606,48587,21308,1,43.8,2024-10-31 12:40:07+00:00,"304 Ted Throughway, Eramouth, ME 64906",43.8,2024,10,31
78640,49063,21882,2,37.25,2024-04-05 03:21:00+00:00,"288 Roob Shores, Dylanbury, AL 98615-6296",74.5,2024,4,5
84020,50446,21481,3,17.5,2024-11-13 01:23:00+00:00,"487 Lesch Knolls, Lindgrenport, MD 35045",52.5,2024,11,13
80191,50622,21770,1,26.39,2024-10-24 16:53:27+00:00,Unknown,26.39,2024,10,24
80026,49600,21350,1,36.0,2025-05-19 14:35:35+00:00,"724 Mueller Pike, Miguelport, NY 69418",36.0,2025,5,19
86077,50711,21637,1,51.0,2025-05-16 09:56:00+00:00,Unknown,51.0,2025,5,16
79777,49364,22005,1,45.5,2024-11-23 07:02:00+00:00,Unknown,45.5,2024,11,23
82458,50390,21807,1,39.59,2024-08-02 05:47:42+00:00,"Apt. 857 686 Crooks Squares, Rosenbaumberg, CA 18317",39.59,2024,8,2
82235,50056,21814,1,40.99,2024-12-02 06:19:08+00:00,"2003 Krajcik Landing, East Cary, CA 32082",40.99,2024,12,2
85047,48927,22039,1,75.3,2025-08-14 01:00:00+00:00,"Suite 102 55897 Herzog Ford, Robelborough, AZ 22665",75.3,2025,8,14
78851,48792,21918,1,71.25,2025-02-21 10:14:44+00:00,Unknown,71.25,2025,2,21
77901,50666,21549,2,25.5,2025-01-29 12:14:06+00:00,Unknown,51.0,2025,1,29
81784,48623,21517,1,78.0,2025-02-19 13:23:18+00:00,Unknown,78.0,2025,2,19
79577,49775,21895,1,20.1,2024-11-16 15:49:03+00:00,Unknown,20.1,2024,11,16
85869,50141,21331,1,43.5,2025-02-08 05:52:22+00:00,Unknown,43.5,2025,2,8
83878,50668,21793,1,27.25,2024-08-30 08:06:00+00:00,Unknown,27.25,2024,8,30
80367,49000,21702,1,79.19,2024-08-27 04:52:00+00:00,Unknown,79.19,2024,8,27
78799,50093,21332,1,12.0,2024-07-25 03:02:12+00:00,"906 Kessler Hollow, Wyatthaven, NE 97705",12.0,2024,7,25
86507,47955,21648,4,26.4,2025-05-26 22:26:00+00:00,Unknown,105.6,2025,5,26
81605,48191,22017,1,28.99,2024-09-28 18:55:45.286000+00:00,Unknown,28.99,2024,9,28
84686,50738,21932,1,23.0,2025-03-30 10:12:33+00:00,Unknown,23.0,2025,3,30
84811,47902,22017,1,37.2,2024-07-01 00:48:30+00:00,Unknown,37.2,2024,7,1
80813,49247,21544,1,19.5,2025-06-07 13:03:35+00:00,"529 Randell Throughway, Oscarport, AR 16391",19.5,2025,6,7
84486,48290,21664,1,51.6,2024-08-25 16:03:01+00:00,"1040 Cristobal Skyway, New Shaunnashire, CA 50987-8527",51.6,2024,8,25
79104,49527,21945,1,18.99,2025-02-05 16:58:32+00:00,Unknown,18.99,2025,2,5
83566,50278,22014,1,33.6,2024-11-12 01:42:00+00:00,Unknown,33.6,2024,11,12
84590,47753,21461,1,73.75,2024-04-14 16:51:53+00:00,Unknown,73.75,2024,4,14
85255,48172,21659,1,31.99,2024-10-02 19:39:00+00:00,"128 Jeannetta Springs, Alleenmouth, AL 29966",31.99,2024,10,2
84423,48407,21403,4,54.25,2024-09-15 08:55:55+00:00,Unknown,217.0,2024,9,15
85398,50534,22028,1,58.25,2024-04-26 23:02:00+00:00,Unknown,58.25,2024,4,26
78784,50992,21652,1,59.0,2024-07-02 21:57:00+00:00,Unknown,59.0,2024,7,2
81435,49066,21387,2,50.0,2024-03-07 04:15:37+00:00,Unknown,100.0,2024,3,7
80192,50530,21650,3,69.5,2025-01-14 09:01:34+00:00,Unknown,208.5,2025,1,14
79906,47853,21609,2,68.0,2024-12-25 12:02:28+00:00,Unknown,136.0,2024,12,25
84023,48363,21748,1,24.75,2024-02-27 05:21:30+00:00,"62707 Robin Locks, Mikeburgh, MI 97456-8648",24.75,2024,2,27
85320,48174,21424,1,67.25,2024-04-14 00:42:50+00:00,"Apt. 913 412 Katlyn Throughway, North Robin, SC 33787",67.25,2024,4,14
79565,47865,21341,3,20.25,2025-09-25 15:25:23+00:00,Unknown,60.75,2025,9,25
79468,49072,21716,1,40.5,2025-03-03 06:59:40+00:00,Unknown,40.5,2025,3,3
83380,48518,21407,3,69.3,2024-03-10 03:46:00+00:00,Unknown,207.9,2024,3,10
83468,48002,21297,1,25.75,2024-10-15 18:56:19+00:00,Unknown,25.75,2024,10,15
84561,49189,21388,1,24.6,2024-08-30 10:24:31+00:00,Unknown,24.6,2024,8,30
84986,49876,21798,3,55.75,2024-09-10 09:30:13+00:00,Unknown,167.25,2024,9,10
83641,48885,21331,1,44.25,2024-08-05 13:20:00+00:00,Unknown,44.25,2024,8,5
84605,47942,21992,1,41.7,2025-06-23 12:46:06.510000+00:00,Unknown,41.7,2025,6,23
82296,49858,21769,3,77.4,2024-08-19 12:51:00+00:00,Unknown,232.2,2024,8,19
84981,50253,21673,1,39.0,2025-01-16 16:59:34+00:00,"71598 Witting Forges, Robinton, NY 31933-3587",39.0,2025,1,16
83811,48796,21373,1,20.5,2024-10-08 01:10:08+00:00,"78149 Lizzie Street, East Malcolm, IA 13609",20.5,2024,10,8
85389,50910,22048,1,41.5,2025-03-19 01:33:18.302000+00:00,Unknown,41.5,2025,3,19
82352,50136,22056,3,26.7,2024-10-11 06:28:35+00:00,Unknown,80.1,2024,10,11
86277,47891,21543,5,52.0,2024-12-31 10:52:30+00:00,Unknown,260.0,2024,12,31
82262,50468,21675,2,16.0,2025-01-08 21:30:34.839000+00:00,Unknown,32.0,2025,1,8
77763,48564,21456,2,79.19,2025-05-27 04:30:50+00:00,Unknown,158.38,2025,5,27
80551,48528,21375,1,49.99,2024-07-08 05:22:00+00:00,Unknown,49.99,2024,7,8
81358,50407,21354,2,66.3,2025-02-01 22:25:00+00:00,Unknown,132.6,2025,2,1
82599,47692,21997,1,92.39,2024-10-05 08:34:51+00:00,Unknown,92.39,2024,10,5
79985,48565,21731,1,48.5,2025-07-20 21:15:00+00:00,Unknown,48.5,2025,7,20
79227,48278,21888,1,73.99,2024-06-16 05:18:27+00:00,"Apt. 484 8693 Quitzon Corner, Keenanville, AL 44061",73.99,2024,6,16
79181,48532,21569,2,51.3,2025-05-16 23:05:38+00:00,Unknown,102.6,2025,5,16
81012,47690,21339,1,79.2,2025-03-23 23:10:00+00:00,Unknown,79.2,2025,3,23
81754,48506,21979,2,31.0,2024-12-31 22:11:40+00:00,"Apt. 586 808 Caleb Field, East Dominic, NE 87671-8052",62.0,2024,12,31
80077,49573,22027,5,30.0,2024-11-24 10:50:48+00:00,Unknown,150.0,2024,11,24
83666,50828,21836,2,47.5,2025-01-01 22:46:00+00:00,"42679 Flatley Street, East Marsha, SC 07474-9763",95.0,2025,1,1
80831,49235,21321,1,80.7,2024-12-17 22:04:26+00:00,Unknown,80.7,2024,12,17
82538,49774,21439,1,36.0,2025-01-20 04:26:15+00:00,"Apt. 325 62226 Friesen Crossing, Douglaschester, WA 60351",36.0,2025,1,20
83879,47916,21469,1,61.5,2024-04-18 00:03:29+00:00,Unknown,61.5,2024,4,18
80631,49005,21399,1,64.75,2025-05-12 08:05:00+00:00,Unknown,64.75,2025,5,12
78666,49980,22034,3,86.1,2025-05-14 12:33:39+00:00,Unknown,258.3,2025,5,14
82191,49228,21297,1,27.75,2024-09-18 01:59:27+00:00,Unknown,27.75,2024,9,18
84759,50848,21571,1,24.6,2024-06-19 00:58:00+00:00,Unknown,24.6,2024,6,19
79746,48525,22056,2,21.25,2025-08-14 15:20:00+00:00,Unknown,42.5,2025,8,14
79083,50538,21339,1,69.75,2025-04-16 14:17:20+00:00,Unknown,69.75,2025,4,16
81746,50053,21299,2,65.0,2024-08-24 13:05:00+00:00,Unknown,130.0,2024,8,24
83371,50273,21833,1,66.99,2025-07-21 19:43:47+00:00,Unknown,66.99,2025,7,21
78308,48249,22008,1,68.99,2025-02-11 00:46:03+00:00,"124 Isiah Overpass, West Lanellemouth, WI 67772-3275",68.99,2025,2,11
82148,50273,21636,1,19.2,2025-05-11 13:37:35+00:00,"Apt. 134 902 Jones Court, East Tonisha, PA 37022",19.2,2025,5,11
78384,51116,21707,1,88.5,2025-08-20 16:42:00+00:00,Unknown,88.5,2025,8,20
77710,50022,21346,1,51.6,2025-01-22 04:58:18+00:00,Unknown,51.6,2025,1,22
85635,51044,21649,2,66.0,2025-07-03 12:57:36+00:00,Unknown,132.0,2025,7,3
80016,48464,21391,2,79.8,2024-10-16 08:23:37.167000+00:00,Unknown,159.6,2024,10,16
80761,49274,21311,1,20.99,2024-09-01 18:27:07+00:00,Unknown,20.99,2024,9,1
82686,50390,21492,1,27.99,2024-12-05 00:02:58+00:00,Unknown,27.99,2024,12,5
85455,50099,21960,1,55.5,2025-05-05 02:21:22+00:00,"4725 Francene Rest, Rauview, ME 49289-1202",55.5,2025,5,5
79261,49714,21569,1,44.0,2025-03-31 11:30:00+00:00,"44893 Dalton Trace, Parkerberg, IL 29124",44.0,2025,3,31
85608,48180,22046,1,60.99,2025-03-20 19:30:11+00:00,Unknown,60.99,2025,3,20
81120,47762,21677,1,32.99,2024-08-09 22:21:54+00:00,Unknown,32.99,2024,8,9
82137,49010,21769,1,67.0,2025-02-12 09:40:19+00:00,Unknown,67.0,2025,2,12
78677,48608,21537,1,26.0,2025-08-10 14:13:53+00:00,Unknown,26.0,2025,8,10
78091,50697,21983,1,62.0,2025-10-06 04:06:06+00:00,Unknown,62.0,2025,10,6
78956,49913,21610,1,69.0,2025-03-11 10:12:49+00:00,"Apt. 796 4014 Powlowski Club, Phungville, NH 04084-2652",69.0,2025,3,11
78665,49817,21947,1,76.5,2024-08-29 17:10:00+00:00,Unknown,76.5,2024,8,29
79523,49385,21887,4,38.75,2025-03-29 00:06:56+00:00,"7760 Fahey Estate, Keshiaberg, NJ 09207-5923",155.0,2025,3,29
81910,47932,21539,1,14.4,2024-09-27 05:49:00+00:00,Unknown,14.4,2024,9,27
83707,47711,22050,1,71.75,2024-09-25 13:28:45+00:00,Unknown,71.75,2024,9,25
82125,50884,21989,2,73.25,2024-09-25 20:02:11+00:00,"1258 Kuvalis Crest, Port Alejandrina, NY 36595",146.5,2024,9,25
79091,47959,21547,1,57.75,2025-01-12 10:32:14.259000+00:00,Unknown,57.75,2025,1,12
82564,48907,21384,1,47.5,2024-11-17 04:00:24+00:00,Unknown,47.5,2024,11,17
85290,48563,21892,1,27.0,2025-02-04 20:18:05+00:00,Unknown,27.0,2025,2,4
79955,50792,21535,1,52.0,2024-12-12 07:26:29+00:00,Unknown,52.0,2024,12,12
83724,48860,21298,1,53.25,2024-12-13 01:19:00+00:00,Unknown,53.25,2024,12,13
81943,48062,21827,1,18.25,2025-02-28 14:44:20+00:00,"Suite 648 36683 Breitenberg Underpass, New Chet, IA 90233",18.25,2025,2,28
79241,50285,21821,2,65.0,2025-03-26 16:56:49+00:00,"22776 Gibson Summit, Lake Kiethburgh, CA 38582-6355",130.0,2025,3,26
81508,47798,21800,1,43.2,2024-09-11 23:34:18+00:00,Unknown,43.2,2024,9,11
83056,48177,21469,1,58.5,2024-10-26 07:01:00+00:00,Unknown,58.5,2024,10,26
86017,49610,21928,3,14.75,2024-09-12 23:18:03+00:00,Unknown,44.25,2024,9,12
80185,49873,21732,1,63.25,2025-03-28 20:34:58.848000+00:00,Unknown,63.25,2025,3,28
82593,50414,21642,1,39.25,2025-02-27 11:57:57+00:00,Unknown,39.25,2025,2,27
82789,47861,21321,1,65.0,2025-05-01 02:31:00+00:00,"Suite 625 485 Gerhold Harbor, Armstrongbury, IN 71570",65.0,2025,5,1
77907,50727,21660,4,30.99,2024-09-17 00:58:32+00:00,Unknown,123.96,2024,9,17
81902,49352,21368,1,45.75,2024-04-24 10:17:17+00:00,Unknown,45.75,2024,4,24
79771,47832,21830,1,80.4,2024-06-30 09:53:26.680000+00:00,Unknown,80.4,2024,6,30
83891,49132,21493,1,24.0,2024-11-23 09:54:14+00:00,Unknown,24.0,2024,11,23
86048,50732,22013,1,58.8,2025-03-27 12:54:05+00:00,Unknown,58.8,2025,3,27
82211,48938,21801,1,38.99,2024-07-10 10:12:18+00:00,Unknown,38.99,2024,7,10
82984,50305,21362,1,17.0,2024-07-09 18:20:43+00:00,Unknown,17.0,2024,7,9
82568,49017,21784,1,66.25,2024-09-15 12:50:10+00:00,Unknown,66.25,2024,9,15
86167,50565,21891,2,63.99,2024-12-29 22:31:20+00:00,Unknown,127.98,2024,12,29
77927,50492,21854,1,60.0,2024-08-27 21:38:00+00:00,Unknown,60.0,2024,8,27
81492,50321,21878,1,58.5,2024-09-06 20:42:00+00:00,Unknown,58.5,2024,9,6
85823,48106,21671,2,37.5,2025-01-14 14:55:02+00:00,"290 Ezra Burg, West Robby, ND 31903",75.0,2025,1,14
79140,49438,21879,1,71.1,2025-02-23 19:39:00+00:00,Unknown,71.1,2025,2,23
82171,50337,22033,1,55.5,2025-02-26 05:46:40+00:00,Unknown,55.5,2025,2,26
82312,48771,21852,2,42.25,2024-10-06 17:04:00+00:00,Unknown,84.5,2024,10,6
79683,49893,21716,1,37.19,2024-10-14 05:34:52+00:00,Unknown,37.19,2024,10,14
86087,49753,21770,3,20.4,2024-04-01 19:07:02+00:00,"826 Steuber Flats, Hammesbury, OH 38357-6806",61.2,2024,4,1
78311,49051,21835,1,70.75,2024-11-18 14:47:50+00:00,Unknown,70.75,2024,11,18
80785,48438,21301,1,44.5,2024-08-13 04:38:00+00:00,Unknown,44.5,2024,8,13
84235,47758,21934,2,53.1,2024-05-29 03:33:00+00:00,Unknown,106.2,2024,5,29
84073,50305,21385,1,29.25,2024-11-04 17:54:00+00:00,"7889 Vito Crossing, South Daratown, TX 76496",29.25,2024,11,4
78794,48438,21889,1,50.4,2024-10-02 06:12:27+00:00,Unknown,50.4,2024,10,2
82173,49409,21501,1,18.5,2024-11-20 19:02:56+00:00,Unknown,18.5,2024,11,20
81136,50312,21495,2,53.5,2025-03-29 03:03:25.318000+00:00,"911 Strosin Fords, Beahanhaven, LA 11852",107.0,2025,3,29
79233,49807,21978,2,31.5,2024-08-29 09:15:25+00:00,Unknown,63.0,2024,8,29
85343,49110,21547,1,56.75,2025-01-21 03:58:09+00:00,"17271 Brown Street, Hamillfort, DE 73482-2693",56.75,2025,1,21
86241,48144,21741,1,39.5,2024-12-16 13:51:05+00:00,"Suite 723 529 Ledner Plain, North Esperanzamouth, AR 95291",39.5,2024,12,16
78593,48584,21576,1,34.2,2024-11-06 16:21:36+00:00,Unknown,34.2,2024,11,6
81917,49424,21924,1,66.0,2024-09-20 00:01:59+00:00,"Apt. 853 6297 Lizzette Greens, Streichfurt, MT 28996-6950",66.0,2024,9,20
86321,49068,21705,4,63.99,2025-05-23 15:14:00+00:00,Unknown,255.96,2025,5,23
86137,49890,21490,1,63.99,2025-03-16 01:28:22+00:00,"Suite 120 9334 Murazik Tunnel, West Waldoside, AZ 40115",63.99,2025,3,16
79255,48840,21737,3,22.75,2025-05-11 08:08:31+00:00,"Suite 786 87261 Mariela Wall, North Vernbury, CT 66069-0789",68.25,2025,5,11
83854,49415,21365,1,29.5,2024-12-16 17:16:24+00:00,Unknown,29.5,2024,12,16
82994,48363,21812,3,55.19,2024-06-08 23:26:21+00:00,Unknown,165.57,2024,6,8
83033,49274,21810,1,52.0,2024-05-09 21:28:53+00:00,"Suite 681 1238 Pilar Ford, Clemenciaburgh, MD 14774",52.0,2024,5,9
78815,49778,21687,3,58.5,2025-03-31 06:06:08+00:00,"Apt. 712 1671 Janis Mills, Port Gerardo, TX 77112",175.5,2025,3,31
78322,50521,21422,1,16.8,2025-02-14 22:47:36+00:00,Unknown,16.8,2025,2,14
80577,47802,21373,1,18.0,2024-07-02 07:21:00+00:00,Unknown,18.0,2024,7,2
79279,50450,21637,1,51.75,2024-05-02 15:32:17+00:00,Unknown,51.75,2024,5,2
84065,50672,21957,3,69.6,2025-01-20 17:10:00+00:00,"5864 Douglas Village, Lake Fidelburgh, SD 48515-0155",208.8,2025,1,20
78513,49147,21985,1,18.0,2024-08-18 01:22:21+00:00,"172 Shaniqua Stream, Lake Claribel, OH 30184",18.0,2024,8,18
85406,47712,21643,2,18.75,2025-02-18 11:53:01+00:00,Unknown,37.5,2025,2,18
83262,47907,21627,2,69.5,2024-08-13 21:39:41+00:00,"4144 Moore Highway, Venicestad, MT 39430",139.0,2024,8,13
84690,47750,21457,5,29.1,2024-11-23 15:07:52+00:00,Unknown,145.5,2024,11,23
85293,50266,21719,1,75.6,2025-01-08 12:34:00+00:00,Unknown,75.6,2025,1,8
82349,49751,21580,2,62.0,2024-11-26 01:45:45+00:00,Unknown,124.0,2024,11,26
78517,49809,22026,5,57.75,2024-05-20 13:37:26+00:00,"Apt. 151 10745 Loren Via, Hyattport, AK 87074-9979",288.75,2024,5,20
80205,49092,21936,3,16.25,2025-07-14 19:11:00+00:00,Unknown,48.75,2025,7,14
85925,49309,22045,1,35.0,2024-10-14 17:14:55.849000+00:00,"Suite 242 7569 Kunze Gardens, North Phillip, OR 37524-5182",35.0,2024,10,14
79855,49601,21696,2,46.8,2024-08-23 18:34:26+00:00,Unknown,93.6,2024,8,23
85229,49386,21903,1,40.99,2025-01-22 08:37:37+00:00,Unknown,40.99,2025,1,22
78320,50330,21728,1,50.5,2024-11-02 17:49:51+00:00,Unknown,50.5,2024,11,2
79961,48389,21407,1,60.75,2024-09-07 15:20:00+00:00,Unknown,60.75,2024,9,7
79259,47978,21758,2,57.3,2024-10-01 11:49:32+00:00,Unknown,114.6,2024,10,1
83586,48219,21788,2,22.25,2025-01-01 23:25:28+00:00,Unknown,44.5,2025,1,1
83181,49822,21906,1,53.7,2024-07-19 04:52:32+00:00,Unknown,53.7,2024,7,19
86040,50993,21548,1,41.99,2024-12-19 12:08:48+00:00,"5701 Rozella Radial, Dietrichmouth, DE 01222",41.99,2024,12,19
79121,48230,21319,1,30.9,2025-05-05 05:21:00+00:00,Unknown,30.9,2025,5,5
86315,49443,21406,1,70.0,2024-05-28 09:14:00+00:00,Unknown,70.0,2024,5,28
81751,48223,21621,3,66.5,2024-09-27 03:35:00+00:00,Unknown,199.5,2024,9,27
79164,50528,21517,1,67.25,2025-03-22 18:08:10+00:00,Unknown,67.25,2025,3,22
78494,50257,22057,1,49.0,2024-10-22 10:36:31+00:00,Unknown,49.0,2024,10,22
86264,50000,21873,2,86.7,2024-07-21 06:04:34+00:00,Unknown,173.4,2024,7,21
82029,49789,21784,1,66.0,2024-06-09 13:42:34+00:00,Unknown,66.0,2024,6,9
83538,50851,21888,1,70.0,2024-12-17 18:09:00+00:00,Unknown,70.0,2024,12,17
80358,47716,21435,2,41.4,2025-01-03 11:53:27+00:00,"69085 Mervin Neck, Masonshire, MA 20298",82.8,2025,1,3
80383,48828,21946,1,57.75,2024-12-04 14:58:55+00:00,Unknown,57.75,2024,12,4
84797,48497,22054,2,65.25,2024-08-29 21:58:55+00:00,Unknown,130.5,2024,8,29
78830,50648,21764,1,49.0,2024-10-07 07:51:19+00:00,Unknown,49.0,2024,10,7
85043,48067,21500,2,31.75,2024-11-26 09:04:51+00:00,Unknown,63.5,2024,11,26
78467,48386,21463,2,27.5,2024-10-21 08:19:00+00:00,Unknown,55.0,2024,10,21
83755,50334,21438,2,28.79,2025-01-25 04:34:00+00:00,Unknown,57.58,2025,1,25
81840,50471,21679,1,27.0,2025-04-28 14:18:09+00:00,Unknown,27.0,2025,4,28
80650,49114,21304,1,16.5,2025-04-03 16:32:33+00:00,Unknown,16.5,2025,4,3
81795,48842,21724,3,21.3,2024-06-26 06:57:46+00:00,Unknown,63.9,2024,6,26
86033,49524,21799,1,34.8,2024-12-13 19:00:00+00:00,Unknown,34.8,2024,12,13
83001,49113,21618,5,49.5,2025-05-28 22:28:37+00:00,"Apt. 914 8262 Jamar Lodge, Tomasborough, MI 35346-7235",247.5,2025,5,28
79544,50184,21915,1,41.99,2024-06-28 03:31:00+00:00,Unknown,41.99,2024,6,28
83047,48425,21885,2,50.0,2024-09-21 15:41:02+00:00,Unknown,100.0,2024,9,21
84553,49715,21965,5,69.0,2024-11-16 19:53:51+00:00,Unknown,345.0,2024,11,16
79021,51091,21769,1,63.25,2024-09-30 10:04:34+00:00,Unknown,63.25,2024,9,30
82398,49763,21939,1,35.99,2025-06-17 21:25:23+00:00,"Apt. 365 4588 Annie Meadows, West Percy, MT 04202",35.99,2025,6,17
77825,49164,21794,2,39.59,2024-09-11 15:30:00+00:00,"Apt. 297 59771 Johnston Points, South Alberg, ND 02573",79.18,2024,9,11
78772,50433,21542,1,38.4,2024-08-19 05:09:13+00:00,Unknown,38.4,2024,8,19
78480,50521,21565,1,29.5,2024-06-25 18:50:46+00:00,Unknown,29.5,2024,6,25
83083,50857,21386,5,58.2,2025-02-13 20:41:29+00:00,"897 Twanna Point, Feeneytown, KY 31826",291.0,2025,2,13
79939,50339,21937,1,53.0,2025-04-22 14:32:01+00:00,"11776 Morar Parks, Cleoraburgh, OR 73642",53.0,2025,4,22
79892,50076,21871,2,37.8,2024-11-17 03:15:00+00:00,"949 Ileen Radial, Schmidtville, TN 99390",75.6,2024,11,17
81075,48775,21372,1,35.99,2024-03-13 04:42:42+00:00,Unknown,35.99,2024,3,13
82644,49609,21381,5,25.0,2024-11-16 17:00:19+00:00,"Suite 272 7524 Deidra Loaf, Port Keturah, HI 65321-5691",125.0,2024,11,16
83837,48928,21542,2,30.5,2024-07-15 03:06:26+00:00,Unknown,61.0,2024,7,15
81853,49852,21604,3,83.1,2024-12-31 02:10:55+00:00,"Apt. 545 94124 Carlo Trail, East Lillie, NE 09082",249.3,2024,12,31
79170,48848,21531,1,18.5,2024-10-03 00:47:44+00:00,"Apt. 531 6169 Brandee Locks, Brakusfort, KY 37295-5476",18.5,2024,10,3
79646,49797,21427,3,86.4,2024-10-05 09:08:36.269000+00:00,Unknown,259.2,2024,10,5
81354,50771,21617,1,23.75,2025-04-26 15:56:45+00:00,Unknown,23.75,2025,4,26
85514,48058,21324,2,38.4,2025-01-29 10:16:56+00:00,"Apt. 446 86822 McLaughlin Square, Mariettemouth, SC 90656-7599",76.8,2025,1,29
83794,49406,21734,1,48.99,2025-05-12 12:04:04.903000+00:00,Unknown,48.99,2025,5,12
81083,49332,22020,1,88.5,2025-05-20 23:28:00+00:00,Unknown,88.5,2025,5,20
79392,50125,21938,2,73.25,2025-01-29 02:26:54+00:00,Unknown,146.5,2025,1,29
81314,49924,21526,5,23.4,2025-01-28 17:28:00+00:00,Unknown,117.0,2025,1,28
84200,49387,22014,1,30.75,2025-07-08 03:11:20+00:00,Unknown,30.75,2025,7,8
79932,50990,21580,1,76.79,2025-04-08 15:38:19+00:00,Unknown,76.79,2025,4,8
79365,50172,21608,1,51.0,2024-11-26 00:37:15+00:00,Unknown,51.0,2024,11,26
77774,48057,21888,2,75.5,2024-12-12 23:02:28+00:00,Unknown,151.0,2024,12,12
79055,48839,21769,2,66.0,2024-09-21 15:49:04+00:00,Unknown,132.0,2024,9,21
84106,48150,21451,1,87.6,2024-10-12 11:06:00+00:00,Unknown,87.6,2024,10,12
86444,50869,21974,1,74.7,2024-09-06 07:20:58+00:00,"Suite 957 9516 Noelle Estate, Port Deborah, MD 33601-5934",74.7,2024,9,6
79215,48766,22030,1,18.3,2024-11-06 06:25:00+00:00,Unknown,18.3,2024,11,6
85363,51087,21847,1,69.5,2025-02-13 03:02:50+00:00,Unknown,69.5,2025,2,13
86424,50727,21642,2,38.99,2025-03-12 21:17:18+00:00,"653 Wolf Overpass, North Barryberg, AR 22932-0336",77.98,2025,3,12
86178,49370,21351,1,40.5,2025-05-29 23:45:50+00:00,Unknown,40.5,2025,5,29
80638,48906,21357,1,24.5,2025-05-02 09:55:05+00:00,Unknown,24.5,2025,5,2
84737,48846,21934,1,45.5,2025-08-25 16:45:37+00:00,Unknown,45.5,2025,8,25
83272,48586,21617,2,22.0,2024-09-16 01:42:00+00:00,Unknown,44.0,2024,9,16
84271,49318,21763,1,36.5,2024-09-05 16:00:24+00:00,Unknown,36.5,2024,9,5
78365,47943,21971,1,62.4,2024-10-20 07:06:23+00:00,"368 Mante Skyway, Mannside, MN 77909",62.4,2024,10,20
82519,48868,21882,1,37.0,2024-10-03 22:00:00+00:00,Unknown,37.0,2024,10,3
82733,48599,21499,1,55.5,2024-12-12 04:59:24+00:00,Unknown,55.5,2024,12,12
83391,48634,21394,1,65.0,2024-07-06 05:30:00+00:00,"541 Pamelia Ville, Ernieton, IL 29284-0456",65.0,2024,7,6
82679,50009,21598,3,22.99,2024-12-09 06:07:00+00:00,Unknown,68.97,2024,12,9
84288,47860,21625,1,20.75,2025-04-27 09:02:02+00:00,Unknown,20.75,2025,4,27
83107,48879,21732,2,59.0,2025-01-05 21:41:41+00:00,Unknown,118.0,2025,1,5
83231,51055,21627,1,68.25,2024-11-20 22:25:10+00:00,"101 Block Lights, Port Sanfordburgh, VT 92497",68.25,2024,11,20
83785,48927,21750,1,31.75,2025-03-30 15:20:48+00:00,Unknown,31.75,2025,3,30
77606,48305,21855,4,58.5,2024-12-28 23:50:50+00:00,Unknown,234.0,2024,12,28
84699,48492,21934,1,44.0,2025-05-14 06:35:00+00:00,"78629 Takako Mountains, Carmelitashire, AR 63374-5019",44.0,2025,5,14
83524,48673,21681,1,35.5,2024-10-26 03:10:05.658000+00:00,Unknown,35.5,2024,10,26
83024,48057,21579,1,88.79,2024-01-28 13:40:00+00:00,Unknown,88.79,2024,1,28
85287,48498,21929,4,69.9,2024-08-10 14:56:48+00:00,Unknown,279.6,2024,8,10
83498,48609,22009,1,34.8,2025-02-06 22:03:00+00:00,Unknown,34.8,2025,2,6
83407,50381,22001,1,61.99,2025-06-26 02:27:00+00:00,Unknown,61.99,2025,6,26
79417,50076,22018,1,69.3,2025-02-13 06:26:05+00:00,Unknown,69.3,2025,2,13
86451,48190,21863,1,51.0,2025-01-15 10:52:00+00:00,Unknown,51.0,2025,1,15
84974,49589,21346,1,44.0,2025-04-16 23:10:53+00:00,Unknown,44.0,2025,4,16
84627,51085,21355,2,69.3,2025-02-28 02:06:29+00:00,Unknown,138.6,2025,2,28
82099,49652,21966,1,25.0,2024-10-16 20:22:00+00:00,Unknown,25.0,2024,10,16
85328,50551,21393,1,54.5,2025-03-08 17:20:51+00:00,Unknown,54.5,2025,3,8
79609,50914,21774,1,19.5,2025-06-12 11:06:35+00:00,"635 Alena Lane, Jastbury, CO 25054",19.5,2025,6,12
83828,47884,21640,1,49.2,2025-07-08 20:50:46+00:00,"Suite 707 273 Lynch Plain, Lake Fabiola, OK 41725",49.2,2025,7,8
78806,50066,21911,1,61.0,2025-01-19 21:11:55.398000+00:00,Unknown,61.0,2025,1,19
82566,49695,21820,1,35.0,2024-11-22 11:47:00+00:00,Unknown,35.0,2024,11,22
79492,49420,21541,1,33.0,2024-08-19 00:53:00+00:00,Unknown,33.0,2024,8,19
86447,48903,21308,1,33.75,2024-10-02 12:33:27+00:00,Unknown,33.75,2024,10,2
84863,50579,21299,1,61.5,2024-08-09 19:57:03+00:00,"Suite 943 539 Velva Mission, South Lamontchester, CO 68586-6717",61.5,2024,8,9
85768,49395,21783,2,75.59,2024-07-23 18:23:26+00:00,"Suite 722 2751 Salvatore Fork, New Darcel, MA 75343",151.18,2024,7,23
83516,49835,21346,1,46.0,2025-03-10 01:33:00+00:00,Unknown,46.0,2025,3,10
83875,49626,21606,1,39.75,2025-09-27 21:24:00+00:00,Unknown,39.75,2025,9,27
78967,50719,21411,1,35.75,2024-12-24 14:05:02+00:00,Unknown,35.75,2024,12,24
80512,50936,21438,1,20.0,2025-03-17 07:16:00+00:00,Unknown,20.0,2025,3,17
77776,49321,22041,1,38.99,2024-09-30 19:03:32+00:00,Unknown,38.99,2024,9,30
83804,49514,21301,1,45.5,2024-11-12 01:17:42+00:00,Unknown,45.5,2024,11,12
82908,50751,21669,4,19.25,2024-12-15 03:26:01+00:00,Unknown,77.0,2024,12,15
82632,47807,21412,1,16.8,2024-09-28 01:35:20+00:00,Unknown,16.8,2024,9,28
80794,48695,21658,1,52.5,2024-10-21 02:22:45+00:00,Unknown,52.5,2024,10,21
79712,50849,21499,1,63.3,2024-10-24 03:47:32+00:00,"2144 Goyette Trafficway, East Samuel, NC 14354",63.3,2024,10,24
85296,49428,21952,1,52.5,2024-12-28 18:48:15+00:00,"Apt. 588 3872 Gutmann Island, Cormiershire, FL 59693",52.5,2024,12,28
82319,51034,21759,1,55.75,2025-05-24 15:09:56+00:00,Unknown,55.75,2025,5,24
78661,50231,21905,1,29.99,2024-12-23 02:01:08+00:00,Unknown,29.99,2024,12,23
83705,50697,21908,4,20.0,2024-08-10 17:56:28.845000+00:00,Unknown,80.0,2024,8,10
84520,48545,21529,2,19.8,2024-12-23 19:13:13+00:00,Unknown,39.6,2024,12,23
83575,48128,21881,1,60.5,2024-11-14 23:10:00+00:00,"4483 Hansen Pine, Dominicmouth, NC 84646-7396",60.5,2024,11,14
77603,47925,21891,3,66.25,2024-11-28 01:38:49+00:00,Unknown,198.75,2024,11,28
78344,47827,21916,1,23.4,2024-07-05 22:22:05+00:00,"Apt. 856 706 Lynn Prairie, Boehmberg, NY 35327",23.4,2024,7,5
80287,50308,21306,1,47.0,2025-01-28 04:21:38+00:00,Unknown,47.0,2025,1,28
81938,48860,22050,2,68.25,2024-11-27 02:12:00+00:00,Unknown,136.5,2024,11,27
84846,48865,21484,1,17.5,2024-10-23 11:44:51+00:00,Unknown,17.5,2024,10,23
85707,50716,21625,1,17.5,2024-11-27 15:38:00+00:00,Unknown,17.5,2024,11,27
78542,48262,21983,1,76.2,2024-10-29 02:32:41+00:00,Unknown,76.2,2024,10,29
82536,48156,21977,1,27.0,2024-09-09 15:36:00+00:00,Unknown,27.0,2024,9,9
85321,48335,21969,4,57.75,2025-07-13 21:14:19+00:00,Unknown,231.0,2025,7,13
81679,50536,21537,5,29.4,2024-07-05 09:30:04+00:00,Unknown,147.0,2024,7,5
79245,51032,21905,1,36.0,2024-09-17 16:29:00+00:00,Unknown,36.0,2024,9,17
77908,49710,21761,2,28.5,2025-03-04 05:40:12+00:00,Unknown,57.0,2025,3,4
80202,50042,21377,1,58.0,2024-08-18 08:15:41+00:00,"Apt. 750 1966 Albertina Rapids, Lake Susanne, SD 83966-0289",58.0,2024,8,18
79738,48954,21557,1,67.5,2024-04-17 11:57:00+00:00,Unknown,67.5,2024,4,17
78594,49350,21515,1,48.0,2024-09-16 06:45:41+00:00,Unknown,48.0,2024,9,16
85591,49560,21868,2,66.25,2025-04-07 02:12:23+00:00,Unknown,132.5,2025,4,7
80796,48851,22043,2,14.25,2025-05-05 18:40:51+00:00,Unknown,28.5,2025,5,5
84831,48387,21716,1,34.25,2025-05-12 12:19:00+00:00,Unknown,34.25,2025,5,12
85808,48409,21944,2,38.75,2024-08-29 07:36:00+00:00,Unknown,77.5,2024,8,29
80106,47728,21336,1,83.4,2024-11-01 18:39:10+00:00,Unknown,83.4,2024,11,1
79144,49675,21744,1,54.0,2024-09-28 15:17:15+00:00,Unknown,54.0,2024,9,28
81761,49712,21892,1,26.99,2024-11-01 19:10:53+00:00,Unknown,26.99,2024,11,1
81387,49354,21631,2,26.0,2025-01-15 16:34:46.575000+00:00,Unknown,52.0,2025,1,15
77686,48299,21580,1,65.99,2024-09-15 22:06:00+00:00,"7280 Jadwiga Wells, New Clementefort, MA 33405-7030",65.99,2024,9,15
82740,48248,22041,2,38.5,2025-01-18 01:02:43+00:00,Unknown,77.0,2025,1,18
85769,48294,22003,1,60.5,2025-01-06 21:05:00+00:00,Unknown,60.5,2025,1,6
81097,49805,21725,1,45.59,2025-01-22 21:03:44+00:00,Unknown,45.59,2025,1,22
80415,49072,21915,1,35.75,2025-01-29 13:08:00+00:00,Unknown,35.75,2025,1,29
78071,50163,21750,5,33.75,2024-11-16 10:46:44+00:00,Unknown,168.75,2024,11,16
79369,48135,21824,1,61.25,2024-10-30 01:12:34+00:00,Unknown,61.25,2024,10,30
81201,47946,21886,1,48.5,2024-05-27 00:34:00+00:00,"Apt. 487 38551 Keven Camp, Kenethtown, IA 21015",48.5,2024,5,27
82273,49016,21399,1,76.79,2025-03-24 13:50:15+00:00,Unknown,76.79,2025,3,24
84764,49229,22018,1,56.75,2024-11-18 15:49:43+00:00,Unknown,56.75,2024,11,18
84006,48921,21991,1,73.25,2024-12-10 19:54:00+00:00,Unknown,73.25,2024,12,10
84232,49492,21320,1,58.0,2025-05-25 04:56:00+00:00,Unknown,58.0,2025,5,25
84635,49897,21610,1,57.0,2025-03-08 14:48:00+00:00,"Suite 787 36170 O'Conner Springs, North Melvina, PA 37161",57.0,2025,3,8
83239,49052,21359,2,26.5,2025-01-26 22:51:56+00:00,Unknown,53.0,2025,1,26
78670,49697,22030,1,16.5,2025-01-02 14:12:00+00:00,Unknown,16.5,2025,1,2
82614,47702,21851,4,24.99,2025-04-18 03:22:10+00:00,Unknown,99.96,2025,4,18
79291,49616,21892,1,31.2,2024-10-20 08:58:46+00:00,Unknown,31.2,2024,10,20
80590,48998,21561,2,84.6,2025-01-28 15:32:10+00:00,Unknown,169.2,2025,1,28
78229,50441,21649,2,69.25,2025-01-21 04:43:06+00:00,"Apt. 406 624 Kylee Port, East Kenton, OR 66859-6002",138.5,2025,1,21
82367,49152,21840,1,20.1,2024-11-06 00:44:11+00:00,Unknown,20.1,2024,11,6
85009,50778,21990,1,44.99,2024-10-03 15:29:54+00:00,Unknown,44.99,2024,10,3
83306,50655,21773,1,37.0,2025-03-08 15:45:37+00:00,Unknown,37.0,2025,3,8
79363,48286,21952,1,60.3,2024-07-04 09:00:32+00:00,Unknown,60.3,2024,7,4
79333,49662,21621,1,66.0,2025-08-20 04:52:00+00:00,Unknown,66.0,2025,8,20
85304,48441,21955,1,56.5,2025-05-08 19:02:02+00:00,Unknown,56.5,2025,5,8
79604,48878,21476,1,36.5,2025-01-21 07:43:50+00:00,"Apt. 911 864 Witting Plains, New Ali, MT 77647",36.5,2025,1,21
83287,49444,21447,5,51.75,2024-08-04 01:45:02+00:00,"87090 McClure Point, Binsborough, SD 49703",258.75,2024,8,4
85450,48988,21995,2,44.0,2024-12-01 03:55:17.460000+00:00,Unknown,88.0,2024,12,1
78737,47796,21619,1,61.2,2024-09-19 20:22:51.703000+00:00,"Apt. 853 163 Reilly Flat, Vincentmouth, NY 21622-6154",61.2,2024,9,19
78484,49937,21523,1,19.8,2025-04-18 22:58:27+00:00,Unknown,19.8,2025,4,18
80920,48189,21452,1,71.0,2025-09-09 11:27:45.812000+00:00,Unknown,71.0,2025,9,9
85180,49711,21981,1,18.99,2025-03-21 12:06:00+00:00,"Suite 106 59555 Satterfield Ranch, East Claudefurt, IA 79119",18.99,2025,3,21
80612,49703,22030,2,15.5,2024-11-10 16:25:43+00:00,Unknown,31.0,2024,11,10
78405,50873,21949,1,42.0,2024-08-18 11:22:33+00:00,Unknown,42.0,2024,8,18
79235,49079,21885,4,52.5,2024-10-01 05:42:46+00:00,Unknown,210.0,2024,10,1
86458,48546,21301,3,53.4,2024-07-29 02:48:02+00:00,Unknown,160.2,2024,7,29
85109,51039,21749,2,74.0,2025-01-09 14:28:45+00:00,"314 Simonne Course, North Edmondport, CO 13601",148.0,2025,1,9
77844,48135,21757,2,18.9,2025-01-25 08:55:38+00:00,Unknown,37.8,2025,1,25
83325,50031,21950,1,47.75,2025-09-14 14:06:23+00:00,Unknown,47.75,2025,9,14
80268,48022,21617,1,29.99,2024-10-24 02:21:00+00:00,"126 Ed Summit, West Lucindaborough, WV 65751",29.99,2024,10,24
86483,49243,21857,1,16.25,2025-01-01 05:14:35+00:00,Unknown,16.25,2025,1,1
82286,50495,21638,1,45.25,2025-04-30 12:49:00+00:00,Unknown,45.25,2025,4,30
79960,48204,21544,1,19.19,2024-12-30 23:20:27+00:00,Unknown,19.19,2024,12,30
83961,47833,21700,2,41.0,2024-12-22 11:02:55.575000+00:00,Unknown,82.0,2024,12,22
85537,50256,21481,3,18.0,2024-04-08 01:34:00+00:00,Unknown,54.0,2024,4,8
85347,49303,21321,1,76.5,2024-12-06 22:57:58+00:00,"Suite 539 24196 Emmerich Ford, Lake Carlton, IN 92225-7786",76.5,2024,12,6
86282,49652,21771,1,73.5,2024-12-21 16:11:10+00:00,"Apt. 783 2267 Tillman Key, Gottliebtown, OH 42454-4106",73.5,2024,12,21
83992,47759,21673,4,40.5,2025-04-04 00:42:00+00:00,Unknown,162.0,2025,4,4
82575,48097,21365,1,32.0,2024-10-10 18:29:06+00:00,"6958 Mohammed Port, Skilesburgh, RI 20621-7558",32.0,2024,10,10
80909,49752,21601,1,66.3,2024-12-25 22:34:39+00:00,Unknown,66.3,2024,12,25
81930,47829,21880,1,38.5,2024-09-27 20:31:29+00:00,"45960 Braun Freeway, Patriciaburgh, OK 10606-9584",38.5,2024,9,27
80646,48297,21446,1,18.75,2025-04-04 07:03:00+00:00,Unknown,18.75,2025,4,4
79005,50973,21384,1,62.39,2024-10-11 22:52:32+00:00,Unknown,62.39,2024,10,11
79397,49034,21507,1,40.75,2025-02-07 01:41:08+00:00,"4998 Hirthe Streets, Jeffburgh, CO 90720",40.75,2025,2,7
83065,50629,21503,1,19.0,2025-04-19 00:30:25+00:00,Unknown,19.0,2025,4,19
84490,49524,21863,1,40.5,2025-09-04 07:03:58+00:00,Unknown,40.5,2025,9,4
78255,50798,21453,1,70.79,2024-12-24 16:07:00+00:00,"Apt. 272 119 Beatty Lights, Port Lakiesha, IA 15346-5931",70.79,2024,12,24
79012,48642,21941,2,48.5,2025-04-26 16:02:00+00:00,Unknown,97.0,2025,4,26
80842,47927,21642,1,37.25,2025-01-26 07:09:15+00:00,Unknown,37.25,2025,1,26
79728,48785,21757,1,20.4,2025-03-18 06:51:56+00:00,Unknown,20.4,2025,3,18
86191,47935,21684,1,56.25,2024-08-27 10:10:18.714000+00:00,Unknown,56.25,2024,8,27
77880,48817,21773,1,41.75,2024-09-25 14:13:00+00:00,"Suite 923 28736 Anjelica Court, Port Patrick, AK 50254",41.75,2024,9,25
79853,47889,22033,2,55.5,2024-08-12 09:58:09.506000+00:00,Unknown,111.0,2024,8,12
77892,50100,21870,1,78.3,2024-08-25 16:22:14+00:00,Unknown,78.3,2024,8,25
85213,48394,21746,1,22.79,2024-11-08 20:38:00+00:00,"Apt. 357 1152 Chance Pass, North Josue, KS 39306",22.79,2024,11,8
77885,50979,21925,2,32.7,2024-09-06 11:54:12+00:00,Unknown,65.4,2024,9,6
86055,50704,21532,1,17.0,2024-06-30 02:32:14+00:00,Unknown,17.0,2024,6,30
84022,50069,21530,1,52.99,2025-01-24 16:55:00+00:00,Unknown,52.99,2025,1,24
85814,49131,21825,1,38.25,2024-08-25 22:05:47.555000+00:00,"42872 Klein Locks, Port Lynettaburgh, MI 45172-0002",38.25,2024,8,25
85732,50732,21656,1,33.6,2024-05-04 11:52:52+00:00,Unknown,33.6,2024,5,4
77881,50097,21629,1,46.5,2024-09-27 15:13:00+00:00,Unknown,46.5,2024,9,27
84668,50239,21625,1,21.0,2024-09-24 19:17:03.505000+00:00,Unknown,21.0,2024,9,24
80194,50125,21958,3,73.0,2025-04-06 01:41:23+00:00,Unknown,219.0,2025,4,6
79871,50786,21730,1,43.8,2024-12-15 17:23:21+00:00,Unknown,43.8,2024,12,15
84545,49721,21726,1,47.0,2024-10-31 08:29:00+00:00,Unknown,47.0,2024,10,31
81552,50874,21347,1,43.19,2025-04-28 19:05:37+00:00,Unknown,43.19,2025,4,28
86227,48273,22006,1,28.5,2025-02-06 00:51:52.677000+00:00,"2683 Grant Summit, Marioport, LA 54515-9028",28.5,2025,2,6
83871,48578,21590,2,37.25,2025-02-23 14:03:06+00:00,Unknown,74.5,2025,2,23
85918,49173,21791,1,45.5,2025-01-13 02:53:56+00:00,"Suite 165 408 Bennie Station, Rustyfurt, TN 20905",45.5,2025,1,13
80431,48559,21777,1,34.8,2024-10-21 10:05:52+00:00,"Suite 613 531 Kuhic Run, South Mickeychester, IA 63304",34.8,2024,10,21
80125,50381,21533,1,53.0,2024-12-12 01:13:00+00:00,Unknown,53.0,2024,12,12
80237,50594,21471,1,26.99,2024-11-26 11:48:09+00:00,Unknown,26.99,2024,11,26
80360,50203,21554,1,71.5,2024-09-16 07:57:55.608000+00:00,Unknown,71.5,2024,9,16
84982,48861,21338,1,37.99,2024-12-08 05:38:52+00:00,"Suite 809 6479 McClure Forges, Eugeneburgh, IA 76155",37.99,2024,12,8
83360,49711,21313,3,51.6,2025-04-26 03:43:00+00:00,Unknown,154.8,2025,4,26
85422,49740,21652,4,60.25,2024-05-30 00:45:39+00:00,Unknown,241.0,2024,5,30
79689,50818,21981,2,21.0,2024-10-22 06:43:00+00:00,Unknown,42.0,2024,10,22
78294,48514,21906,2,52.2,2024-09-27 14:01:52+00:00,Unknown,104.4,2024,9,27
80302,47942,21411,1,32.0,2024-11-16 10:20:38+00:00,Unknown,32.0,2024,11,16
82067,49045,21880,1,44.4,2024-10-30 06:14:36+00:00,Unknown,44.4,2024,10,30
83230,50544,21951,1,32.75,2024-10-22 12:17:43+00:00,Unknown,32.75,2024,10,22
84273,48251,21721,1,52.99,2024-11-16 17:06:00+00:00,Unknown,52.99,2024,11,16
85942,50041,21368,3,44.0,2024-07-25 00:24:36+00:00,Unknown,132.0,2024,7,25
82322,50247,21697,1,80.1,2024-12-26 06:52:00+00:00,Unknown,80.1,2024,12,26
81675,48649,21545,2,27.75,2024-08-13 04:20:00+00:00,Unknown,55.5,2024,8,13
84049,47971,21628,1,51.6,2024-08-27 10:25:00+00:00,Unknown,51.6,2024,8,27
85617,48225,21997,1,75.25,2024-07-02 03:34:00+00:00,"Apt. 100 4472 Herta Spurs, Joellenside, ND 12327-9300",75.25,2024,7,2
80359,49049,21961,2,25.0,2024-08-29 15:43:22+00:00,Unknown,50.0,2024,8,29
79813,47985,21766,1,72.3,2024-09-06 20:22:26+00:00,"3803 Beahan Harbors, Port Fredricchester, GA 42404-7165",72.3,2024,9,6
79126,48977,21664,1,55.19,2024-07-11 15:16:23+00:00,Unknown,55.19,2024,7,11
78585,49944,21551,1,23.5,2024-07-29 14:55:27.815000+00:00,Unknown,23.5,2024,7,29
79582,50270,21978,1,29.99,2025-03-28 02:35:06+00:00,Unknown,29.99,2025,3,28
84595,48485,22036,3,55.5,2025-03-22 21:53:00+00:00,Unknown,166.5,2025,3,22
83953,49252,21732,2,59.0,2024-12-07 22:13:21.832000+00:00,Unknown,118.0,2024,12,7
84130,49865,21336,1,72.75,2024-10-17 17:46:39.801000+00:00,Unknown,72.75,2024,10,17
78074,49033,21789,1,27.0,2024-09-03 21:01:00+00:00,Unknown,27.0,2024,9,3
77619,49447,21952,1,54.75,2024-08-02 18:44:26+00:00,Unknown,54.75,2024,8,2
83067,49962,21707,1,74.75,2025-03-26 12:51:02+00:00,"Apt. 655 62881 Prosacco Isle, Goyetteport, OH 74479-9133",74.75,2025,3,26
85792,48658,21825,1,41.99,2024-09-01 17:07:42+00:00,Unknown,41.99,2024,9,1
83216,51018,21621,2,69.0,2024-12-13 01:30:00+00:00,Unknown,138.0,2024,12,13
80137,49732,21623,1,44.39,2024-11-07 07:29:00+00:00,Unknown,44.39,2024,11,7
78566,48232,22051,1,30.5,2024-04-23 19:14:00+00:00,Unknown,30.5,2024,4,23
86229,50805,21677,1,34.8,2024-10-02 15:17:08+00:00,Unknown,34.8,2024,10,2
79824,51116,21300,5,47.1,2025-04-29 09:34:31+00:00,Unknown,235.5,2025,4,29
77724,50083,21431,1,53.0,2025-02-17 23:23:15+00:00,Unknown,53.0,2025,2,17
83624,50176,21826,3,60.6,2025-01-11 14:09:21+00:00,"Apt. 178 55466 Teofila Estate, South Nga, MA 13219-2683",181.8,2025,1,11
81096,48723,21412,5,18.0,2025-02-25 13:08:05+00:00,Unknown,90.0,2025,2,25
82522,50273,21944,1,34.99,2025-01-17 02:36:37+00:00,Unknown,34.99,2025,1,17
83349,48546,21826,5,49.75,2024-11-14 06:36:00+00:00,Unknown,248.75,2024,11,14
77937,47873,21597,1,70.75,2024-05-14 22:47:40+00:00,Unknown,70.75,2024,5,14
78114,47861,21487,2,38.0,2025-07-20 07:36:55+00:00,Unknown,76.0,2025,7,20
83951,49480,21927,1,39.25,2024-10-31 13:56:51+00:00,"Suite 728 2539 Bethann Village, West Sal, WV 14589-6134",39.25,2024,10,31
85832,48301,21352,4,32.0,2025-02-16 02:50:30.006000+00:00,"Apt. 877 863 Frami Walks, South Joane, AR 42938-8874",128.0,2025,2,16
78821,48353,21440,2,26.0,2024-12-30 14:25:17+00:00,Unknown,52.0,2024,12,30
83402,48795,21935,2,13.75,2024-11-01 00:39:14+00:00,Unknown,27.5,2024,11,1
84761,50399,21700,1,40.5,2024-10-31 12:25:07+00:00,Unknown,40.5,2024,10,31
79203,49360,21513,1,24.0,2024-09-30 09:17:39+00:00,Unknown,24.0,2024,9,30
83505,49286,21763,1,40.0,2024-09-13 17:46:46+00:00,"Suite 203 7945 Corine Station, New Michale, MA 44651",40.0,2024,9,13
82109,50934,21982,1,45.6,2024-11-17 17:33:16+00:00,Unknown,45.6,2024,11,17
82026,48549,21652,1,64.99,2024-10-25 21:30:30+00:00,"Suite 241 72999 Isreal Mews, Mariaview, MD 01948",64.99,2024,10,25
78068,50422,21814,5,54.0,2024-02-08 19:38:00+00:00,Unknown,270.0,2024,2,8
85241,48692,21960,1,56.0,2025-02-06 12:58:38+00:00,"Apt. 344 14450 Risa Stream, Langmouth, NH 22790",56.0,2025,2,6
82493,50899,22001,2,72.0,2024-11-23 11:28:12+00:00,Unknown,144.0,2024,11,23
77787,50873,21541,1,39.6,2025-05-22 11:02:00+00:00,Unknown,39.6,2025,5,22
86461,50493,21568,1,27.5,2024-08-08 14:53:06+00:00,Unknown,27.5,2024,8,8
78557,49718,21871,1,29.99,2024-07-30 23:14:14+00:00,Unknown,29.99,2024,7,30
86503,50550,21369,1,37.0,2025-03-15 20:35:35+00:00,"2548 Bode Ford, South Deon, OR 27021-2484",37.0,2025,3,15
82913,48475,21871,1,28.0,2024-11-24 13:51:00+00:00,"336 Lavina Centers, Herzoghaven, IL 70531",28.0,2024,11,24
78540,48346,21532,4,16.8,2025-05-04 22:45:07+00:00,Unknown,67.2,2025,5,4
85448,48459,21454,1,20.75,2025-02-18 22:34:04+00:00,"Suite 761 4491 Rigoberto Lane, McLaughlinshire, ME 85605",20.75,2025,2,18
85695,50986,21789,3,28.0,2025-02-14 08:37:32+00:00,Unknown,84.0,2025,2,14
79276,50147,21986,1,60.6,2024-10-27 02:42:02+00:00,"Suite 772 5259 Ozie Summit, Cummerataview, IN 87860",60.6,2024,10,27
82232,48596,21576,1,24.99,2025-02-26 20:37:37+00:00,Unknown,24.99,2025,2,26
77617,49826,21560,1,15.25,2024-11-26 09:53:09.664000+00:00,Unknown,15.25,2024,11,26
84467,48193,22057,1,50.0,2024-11-03 02:01:00+00:00,"Apt. 822 25530 Spencer Landing, Jaysonport, MT 40297-9486",50.0,2024,11,3
78003,49113,21544,1,18.0,2024-09-20 23:07:12+00:00,Unknown,18.0,2024,9,20
86067,47763,21790,1,68.5,2025-04-16 14:45:23+00:00,Unknown,68.5,2025,4,16
85775,48859,21901,1,62.0,2025-04-22 01:04:37+00:00,Unknown,62.0,2025,4,22
82661,47976,21761,3,27.99,2024-05-29 18:50:38+00:00,"565 Edmond Route, Lockmanstad, NE 70837",83.97,2024,5,29
85149,48361,21929,2,55.0,2024-12-03 21:45:48+00:00,Unknown,110.0,2024,12,3
86354,48809,21681,2,37.5,2024-01-09 14:17:17+00:00,Unknown,75.0,2024,1,9
79305,47879,21826,1,50.0,2024-10-03 15:47:31+00:00,Unknown,50.0,2024,10,3
77731,51036,21576,1,28.8,2024-05-03 06:59:00+00:00,Unknown,28.8,2024,5,3
82410,48728,21784,4,64.75,2024-04-25 05:53:15+00:00,Unknown,259.0,2024,4,25
82341,49012,21997,1,74.99,2024-10-06 22:37:05+00:00,Unknown,74.99,2024,10,6
83554,50989,21621,1,71.0,2025-04-16 10:08:40+00:00,Unknown,71.0,2025,4,16
81669,50146,21351,1,45.6,2025-02-17 00:47:58+00:00,"11401 Columbus Ways, Cristmouth, NC 50954-7978",45.6,2025,2,17
80545,50676,21828,5,19.0,2024-09-20 17:50:00+00:00,"Apt. 657 9032 Treasa Rue, New Bennettmouth, LA 74026-7809",95.0,2024,9,20
80012,49402,21882,1,47.1,2024-12-10 14:10:00+00:00,"Apt. 730 47436 Marks Crossing, Nanaport, OH 81925-4172",47.1,2024,12,10
81038,50341,21791,1,57.6,2025-05-12 00:03:23+00:00,Unknown,57.6,2025,5,12
85855,49456,21699,1,25.19,2025-04-17 02:52:52+00:00,Unknown,25.19,2025,4,17
78070,49466,21783,3,74.39,2025-02-12 13:54:00+00:00,Unknown,223.17,2025,2,12
83916,48577,21749,3,71.99,2024-11-15 08:00:33+00:00,Unknown,215.97,2024,11,15
80763,50375,21535,1,48.75,2024-12-20 13:35:41+00:00,Unknown,48.75,2024,12,20
85515,51083,21483,1,56.0,2024-06-10 21:21:11+00:00,"28479 Normand Prairie, Angelamouth, WV 39602-8729",56.0,2024,6,10
81349,50168,21749,1,72.75,2024-11-14 23:24:34.888000+00:00,Unknown,72.75,2024,11,14
83657,50928,21712,5,71.25,2024-12-28 10:05:25+00:00,Unknown,356.25,2024,12,28
79923,49929,21642,1,39.25,2024-10-21 02:56:34+00:00,Unknown,39.25,2024,10,21
79553,50134,21719,1,74.7,2025-04-27 07:55:53+00:00,Unknown,74.7,2025,4,27
80507,47666,21878,1,55.99,2025-04-04 05:11:42+00:00,Unknown,55.99,2025,4,4
77779,50417,21775,2,68.5,2025-04-21 22:50:00+00:00,Unknown,137.0,2025,4,21
81844,48833,21985,1,17.0,2024-12-14 10:21:52+00:00,"Suite 366 328 Hoeger Plaza, Wunschport, NE 57161-6736",17.0,2024,12,14
80160,49930,21811,1,40.8,2025-06-15 11:41:00+00:00,Unknown,40.8,2025,6,15
86506,49746,21721,2,55.75,2025-01-17 15:30:00+00:00,Unknown,111.5,2025,1,17
84658,50987,21991,2,88.2,2024-05-27 01:50:09+00:00,Unknown,176.4,2024,5,27
82742,48502,21827,2,15.99,2024-08-20 14:21:46.778000+00:00,Unknown,31.98,2024,8,20
79594,48573,21840,2,19.8,2024-10-15 18:09:35+00:00,Unknown,39.6,2024,10,15
84794,47708,21333,1,71.0,2024-11-12 17:41:14+00:00,"Apt. 585 4436 Powlowski Keys, East Kiara, NC 40949-6520",71.0,2024,11,12
83818,50883,21431,2,48.0,2025-04-10 06:42:00+00:00,"92385 Aufderhar Throughway, North Marlinshire, TX 97488",96.0,2025,4,10
82527,49045,21765,1,29.4,2024-11-22 02:14:20+00:00,"724 Monahan Radial, Lake Jordon, ME 58647-0559",29.4,2024,11,22
81123,51102,21536,4,45.6,2025-03-12 19:24:27.381000+00:00,Unknown,182.4,2025,3,12
86060,49833,21762,2,28.0,2024-03-10 07:37:06+00:00,Unknown,56.0,2024,3,10
82745,50752,21969,1,54.5,2025-02-26 15:03:28+00:00,"Apt. 511 8141 Carin Trail, Lake Leroybury, HI 25126",54.5,2025,2,26
82511,48637,21909,1,29.0,2024-04-04 23:00:31+00:00,Unknown,29.0,2024,4,4
85509,50815,21617,2,27.59,2024-01-04 03:34:27+00:00,"Suite 791 76180 Renner Tunnel, Kubburgh, VA 49625",55.18,2024,1,4
84998,49963,21771,1,71.5,2025-01-29 06:03:00+00:00,Unknown,71.5,2025,1,29
83474,48663,21837,1,62.0,2024-12-01 09:21:00+00:00,"7808 Marcela Stream, Nitzschechester, SD 10189-4272",62.0,2024,12,1
83923,49505,21602,1,62.0,2025-04-14 23:29:31.344000+00:00,"Apt. 472 6938 Shon River, Lake Ingridfurt, IL 43305-7348",62.0,2025,4,14
79337,50092,21527,1,26.99,2024-08-30 13:40:23+00:00,Unknown,26.99,2024,8,30
78904,50121,21349,2,82.2,2025-02-11 06:49:10+00:00,Unknown,164.4,2025,2,11
78455,50144,21427,1,71.0,2025-02-09 17:53:12+00:00,Unknown,71.0,2025,2,9
79465,49503,21824,2,62.75,2025-03-19 06:09:00+00:00,"Apt. 451 20591 Caprice Stream, Lake Jamal, MS 90441-8004",125.5,2025,3,19
85134,48231,21824,2,60.25,2025-05-14 21:09:00+00:00,Unknown,120.5,2025,5,14
82280,49122,21324,3,35.1,2024-09-02 00:36:52+00:00,"519 Norbert Ridges, East Vivienneborough, TN 60637",105.3,2024,9,2
79048,50509,21899,2,84.0,2024-12-17 00:57:37+00:00,Unknown,168.0,2024,12,17
82442,49046,21983,3,64.75,2025-08-18 08:45:10.375000+00:00,Unknown,194.25,2025,8,18
84366,48168,21424,1,68.0,2024-12-01 03:05:40+00:00,Unknown,68.0,2024,12,1
84496,48754,21708,3,31.0,2024-12-10 23:09:08+00:00,Unknown,93.0,2024,12,10
82378,50560,21649,3,69.0,2025-06-05 14:02:26+00:00,"Suite 743 6675 Willard Ports, North Milantown, WI 61609",207.0,2025,6,5
86341,49560,21935,1,13.99,2024-11-30 03:20:00+00:00,Unknown,13.99,2024,11,30
79275,48295,21703,1,64.0,2024-08-13 10:09:00+00:00,Unknown,64.0,2024,8,13
83422,50639,21988,1,47.99,2024-05-23 15:18:00+00:00,Unknown,47.99,2024,5,23
86406,48244,22038,1,43.2,2025-05-10 17:31:00+00:00,Unknown,43.2,2025,5,10
80062,48671,21872,1,45.59,2025-04-17 00:54:54+00:00,"7473 Glover Junction, New Alan, DE 38559",45.59,2025,4,17
86172,47831,21370,1,75.0,2025-05-17 17:13:48.812000+00:00,"850 Brekke Road, Watsicamouth, MS 42510",75.0,2025,5,17
81032,51100,21710,1,75.75,2024-10-09 19:38:32+00:00,Unknown,75.75,2024,10,9
79924,49723,21361,1,65.75,2025-09-06 17:06:20+00:00,"Apt. 738 472 Marco Shores, South Tysonmouth, NE 39763",65.75,2025,9,6
82374,51072,21457,4,31.19,2025-01-01 00:20:00+00:00,Unknown,124.76,2025,1,1
77640,49586,21580,1,75.6,2024-11-06 07:29:00+00:00,"321 Eldridge Junctions, East Emoryfort, AZ 86340",75.6,2024,11,6
80121,49463,21790,1,69.0,2024-12-04 00:57:00+00:00,Unknown,69.0,2024,12,4
86346,49998,21392,3,52.99,2025-02-25 08:12:16+00:00,"14922 Abshire Manors, Rodneyland, TX 93417-6500",158.97,2025,2,25
79427,50125,21703,1,80.39,2024-03-05 09:59:22+00:00,Unknown,80.39,2024,3,5
85251,47733,21989,1,85.8,2024-10-31 15:29:49+00:00,Unknown,85.8,2024,10,31
86161,51027,21613,1,70.2,2025-03-28 06:01:48+00:00,Unknown,70.2,2025,3,28
86168,48202,21763,2,39.99,2024-11-26 13:56:09+00:00,Unknown,79.98,2024,11,26
80039,50262,21858,2,23.0,2025-03-03 15:43:54+00:00,Unknown,46.0,2025,3,3
85538,48135,21954,1,47.0,2025-01-16 05:56:20+00:00,Unknown,47.0,2025,1,16
82214,50496,21405,2,24.0,2024-08-15 06:28:38+00:00,Unknown,48.0,2024,8,15
86101,48607,21816,2,70.25,2024-10-12 21:40:00+00:00,Unknown,140.5,2024,10,12
79847,47937,21351,1,37.5,2024-11-20 09:18:20+00:00,"601 Eugenio Corners, Lake Epifania, TX 09641",37.5,2024,11,20
84707,50229,21745,1,18.99,2024-08-17 12:53:00+00:00,Unknown,18.99,2024,8,17
78997,49782,21571,1,23.0,2024-11-06 16:33:43.203000+00:00,"67512 Billy Roads, East Jules, MS 51295",23.0,2024,11,6
84723,50279,21794,2,36.0,2024-04-22 00:40:00+00:00,Unknown,72.0,2024,4,22
82381,50947,21952,1,52.99,2024-08-24 15:20:13+00:00,Unknown,52.99,2024,8,24
78022,50323,21444,2,15.5,2024-08-07 07:54:37+00:00,Unknown,31.0,2024,8,7
79108,47976,21814,3,43.75,2024-09-12 14:58:57+00:00,Unknown,131.25,2024,9,12
81018,50453,21664,2,54.0,2024-12-03 18:09:59+00:00,Unknown,108.0,2024,12,3
82820,48808,21530,1,62.4,2024-10-03 10:31:47+00:00,Unknown,62.4,2024,10,3
83780,49395,21471,2,23.0,2025-04-14 06:15:41+00:00,Unknown,46.0,2025,4,14
78458,50417,21330,2,45.0,2024-10-11 19:45:33+00:00,Unknown,90.0,2024,10,11
83768,51062,21567,1,59.5,2025-02-18 11:36:43+00:00,"95773 Cummerata Loop, West Ronnie, WI 72936",59.5,2025,2,18
83040,48484,21605,1,46.0,2024-07-09 17:33:39.002000+00:00,"Suite 614 407 Ebert Bypass, North Kyleside, NY 80367-4569",46.0,2024,7,9
81495,48918,21780,1,18.75,2024-10-02 15:21:00+00:00,Unknown,18.75,2024,10,2
84949,50545,21944,1,37.99,2024-09-02 18:15:43+00:00,"Apt. 772 21618 Rosia Branch, Lake Tamville, AL 49763-1401",37.99,2024,9,2
85990,50702,21531,1,14.5,2025-04-23 00:05:00+00:00,Unknown,14.5,2025,4,23
86312,48971,21698,1,46.25,2025-01-22 23:33:00+00:00,Unknown,46.25,2025,1,22
82159,48069,21751,1,71.5,2024-10-02 14:13:35+00:00,Unknown,71.5,2024,10,2
81886,50743,21708,2,29.0,2025-02-17 13:35:54+00:00,"Apt. 669 1512 Kuhn Grove, New Margarito, MT 81433-9170",58.0,2025,2,17
78033,50902,21374,1,70.0,2024-06-25 02:35:47+00:00,Unknown,70.0,2024,6,25
82021,49764,21411,1,33.5,2024-06-18 02:11:06+00:00,Unknown,33.5,2024,6,18
79103,50774,21313,1,42.0,2024-07-29 09:16:14+00:00,Unknown,42.0,2024,7,29
78839,49985,21631,1,23.0,2025-07-08 03:06:57+00:00,Unknown,23.0,2025,7,8
86403,50449,21352,2,34.0,2024-11-04 04:14:14+00:00,Unknown,68.0,2024,11,4
82497,50922,21945,2,17.4,2025-08-28 01:28:28+00:00,Unknown,34.8,2025,8,28
85694,50513,21348,1,24.3,2025-03-20 05:45:17+00:00,Unknown,24.3,2025,3,20
82773,48689,21302,1,19.99,2024-12-20 00:44:16+00:00,Unknown,19.99,2024,12,20
84350,49537,21686,1,22.5,2024-04-22 04:10:00+00:00,Unknown,22.5,2024,4,22
80548,49429,21630,1,34.0,2024-11-17 01:10:57+00:00,Unknown,34.0,2024,11,17
81712,47965,21426,1,62.99,2024-10-06 01:50:00+00:00,Unknown,62.99,2024,10,6
85444,48790,22029,5,63.0,2024-10-26 02:08:32+00:00,Unknown,315.0,2024,10,26
86177,48363,21933,1,52.0,2025-03-09 15:43:00+00:00,"62707 Robin Locks, Mikeburgh, MI 97456-8648",52.0,2025,3,9
83129,49840,21889,1,41.0,2025-07-14 18:26:00+00:00,Unknown,41.0,2025,7,14
80412,49843,21344,1,63.6,2024-11-28 13:57:50+00:00,Unknown,63.6,2024,11,28
79662,49989,21946,3,55.25,2024-06-13 08:14:06+00:00,Unknown,165.75,2024,6,13
84192,48457,21639,1,44.99,2025-01-02 14:28:00+00:00,Unknown,44.99,2025,1,2
82907,50280,21489,1,23.1,2025-01-09 15:25:16+00:00,"292 Deanne Union, Kutchland, NV 07686-7562",23.1,2025,1,9
80525,48685,21757,2,16.75,2025-02-28 17:00:11+00:00,Unknown,33.5,2025,2,28
83975,49092,21808,3,57.25,2025-05-28 01:45:00+00:00,Unknown,171.75,2025,5,28
77917,47989,22014,1,28.75,2025-05-01 02:26:38+00:00,"Apt. 892 55163 Kub Burgs, Lake Karena, NJ 70410",28.75,2025,5,1
78187,48929,21627,1,72.5,2025-02-15 19:43:00+00:00,Unknown,72.5,2025,2,15
78280,50617,21422,1,14.0,2024-05-22 01:46:49+00:00,"15117 Jordan Route, Port Isaborough, ME 12016",14.0,2024,5,22
79385,50185,21680,1,49.25,2024-12-30 07:36:42+00:00,Unknown,49.25,2024,12,30
83799,50968,21443,2,24.75,2024-12-22 18:59:11+00:00,Unknown,49.5,2024,12,22
83901,48723,21335,1,32.0,2024-11-03 00:59:00+00:00,Unknown,32.0,2024,11,3
83177,49188,21416,1,34.0,2024-06-06 01:48:40+00:00,Unknown,34.0,2024,6,6
83224,49839,21670,1,26.99,2025-06-14 08:21:20+00:00,Unknown,26.99,2025,6,14
77794,50112,21329,1,42.0,2025-04-23 19:03:00+00:00,"71020 Ondricka Haven, Bergnaumland, IA 26575-1186",42.0,2025,4,23
83155,49840,21421,1,63.75,2024-04-08 02:57:00+00:00,Unknown,63.75,2024,4,8
85081,48172,21543,5,63.0,2024-11-28 07:17:00+00:00,Unknown,315.0,2024,11,28
85011,50846,21593,1,24.3,2024-12-07 07:27:00+00:00,Unknown,24.3,2024,12,7
84876,49267,21635,1,38.0,2024-04-20 16:44:00+00:00,Unknown,38.0,2024,4,20
82105,49865,21820,1,34.75,2024-07-21 10:31:38+00:00,Unknown,34.75,2024,7,21
79995,48521,21656,1,37.2,2024-10-03 14:09:47+00:00,"Apt. 926 93779 Denesik Trafficway, Katlynbury, SC 29356-1825",37.2,2024,10,3
84629,47720,21776,2,88.8,2024-08-20 09:26:26+00:00,"250 Wolf Vista, Westonland, UT 45016-1007",177.6,2024,8,20
81516,48428,21633,1,34.99,2024-10-25 13:07:38+00:00,Unknown,34.99,2024,10,25
79664,48528,22001,1,63.25,2025-01-05 02:26:06+00:00,Unknown,63.25,2025,1,5
84537,50524,21941,1,52.0,2024-08-06 09:44:21+00:00,Unknown,52.0,2024,8,6
84550,47757,21567,1,58.75,2025-02-22 00:43:26.134000+00:00,Unknown,58.75,2025,2,22
81290,50562,21388,1,15.0,2025-04-30 02:38:00+00:00,Unknown,15.0,2025,4,30
79562,48793,21431,1,49.0,2024-11-09 20:04:45.260000+00:00,"Apt. 782 58086 Jere Bridge, Mosciskishire, LA 56408-6773",49.0,2024,11,9
81524,50692,21858,1,22.8,2024-08-07 16:24:11+00:00,"849 Leslie Station, East Monnie, CO 91316-2658",22.8,2024,8,7
82514,50681,21527,1,30.0,2025-01-06 14:46:41.131000+00:00,Unknown,30.0,2025,1,6
81935,48380,21996,1,85.19,2024-10-22 07:26:13.115000+00:00,Unknown,85.19,2024,10,22
84354,50121,21696,3,48.6,2025-03-16 22:05:53+00:00,Unknown,145.8,2025,3,16
78035,48613,21452,1,70.0,2025-04-04 18:44:30+00:00,Unknown,70.0,2025,4,4
84250,49223,21561,1,67.5,2024-11-10 05:39:37+00:00,Unknown,67.5,2024,11,10
79325,50369,21354,1,56.5,2024-11-13 17:21:00+00:00,Unknown,56.5,2024,11,13
79432,48199,21469,1,69.3,2024-09-07 04:27:15+00:00,Unknown,69.3,2024,9,7
85171,50077,21959,1,70.75,2024-11-12 11:57:46+00:00,"978 Dare Ridges, New Vicenteberg, ID 11804-0963",70.75,2024,11,12
79257,48635,21310,3,78.3,2024-11-07 22:50:19+00:00,"1860 Runolfsdottir Lock, Norrisborough, NC 91038-7473",234.9,2024,11,7
84378,49180,21690,2,48.6,2025-01-10 12:44:33+00:00,Unknown,97.2,2025,1,10
78848,50203,22036,1,47.75,2024-12-22 03:03:00+00:00,Unknown,47.75,2024,12,22
78158,51069,21475,1,26.5,2024-10-22 00:44:00+00:00,"Apt. 286 14818 Manuel Curve, Carleyside, WA 45292",26.5,2024,10,22
83617,50492,21818,2,19.25,2025-04-26 01:30:21+00:00,"215 Zulauf Forges, Huelfort, DE 43543",38.5,2025,4,26
81132,48807,21700,2,52.79,2025-02-02 15:30:19+00:00,Unknown,105.58,2025,2,2
83640,47672,21618,1,58.8,2025-03-06 13:43:00+00:00,Unknown,58.8,2025,3,6
80131,47680,22026,5,58.99,2024-09-21 07:43:17+00:00,Unknown,294.95,2024,9,21
80944,49086,21644,1,32.75,2024-10-31 23:39:52+00:00,Unknown,32.75,2024,10,31
79799,49345,21995,1,40.5,2025-08-09 16:14:00+00:00,"1505 Greenfelder Fall, West Stephanbury, MI 11548",40.5,2025,8,9
78460,50701,21764,1,48.25,2024-05-26 15:12:28+00:00,Unknown,48.25,2024,5,26
78750,48802,21809,5,19.99,2024-12-19 13:45:11+00:00,Unknown,99.95,2024,12,19
78102,48838,22037,1,29.25,2024-10-12 14:56:20+00:00,"2605 Bernhard Shores, West Darlenabury, AZ 94048",29.25,2024,10,12
80803,48755,22029,1,68.5,2025-10-20 16:53:55+00:00,"43049 Jolene Orchard, Torritown, CO 97940",68.5,2025,10,20
77764,50477,21638,1,54.0,2025-03-13 11:52:23+00:00,Unknown,54.0,2025,3,13
84139,48804,21997,4,72.0,2024-12-09 01:39:00+00:00,Unknown,288.0,2024,12,9
85636,48960,21488,1,68.5,2025-04-28 05:28:32+00:00,Unknown,68.5,2025,4,28
78828,50155,21448,2,24.9,2025-07-02 23:33:55+00:00,Unknown,49.8,2025,7,2
82009,48383,21625,1,24.3,2024-10-26 14:18:00+00:00,Unknown,24.3,2024,10,26
80913,50618,21529,1,17.4,2025-01-29 08:03:49+00:00,"50853 Medhurst Key, Lake Randal, ID 68708-5473",17.4,2025,1,29
86160,49064,21756,1,29.99,2025-04-30 22:15:39.641000+00:00,Unknown,29.99,2025,4,30
80003,49556,21833,2,65.5,2024-12-16 12:59:37+00:00,Unknown,131.0,2024,12,16
83576,47859,21882,1,37.0,2025-01-02 11:44:00+00:00,Unknown,37.0,2025,1,2
80163,47723,21575,3,72.5,2024-10-29 22:32:00+00:00,Unknown,217.5,2024,10,29
82281,48181,21621,1,71.25,2024-12-04 23:02:00+00:00,Unknown,71.25,2024,12,4
86299,50675,21876,2,35.25,2025-02-04 10:05:57+00:00,"Suite 177 8387 Nakisha Brook, West Dillon, NV 98361",70.5,2025,2,4
79214,48131,21889,1,49.8,2025-01-24 09:26:55+00:00,Unknown,49.8,2025,1,24
85965,49745,21964,1,74.0,2025-02-25 08:13:43+00:00,Unknown,74.0,2025,2,25
85684,50744,21303,1,67.8,2024-10-03 20:58:36.098000+00:00,Unknown,67.8,2024,10,3
86000,49333,21306,1,57.6,2024-06-29 12:01:00+00:00,Unknown,57.6,2024,6,29
84306,48188,21509,2,42.75,2024-11-12 02:33:27+00:00,Unknown,85.5,2024,11,12
80905,48236,21798,1,54.0,2024-09-21 19:46:38+00:00,"3255 Sybil Pines, New Augustaside, SD 59384",54.0,2024,9,21
84217,48672,21675,1,14.5,2024-08-09 09:06:21+00:00,Unknown,14.5,2024,8,9
81088,50892,21347,3,39.59,2024-12-09 01:52:51+00:00,Unknown,118.77,2024,12,9
85907,50047,21467,1,47.0,2024-08-04 15:18:20+00:00,Unknown,47.0,2024,8,4
85774,50082,21695,1,75.5,2025-06-20 22:48:00+00:00,"Suite 785 26959 Monica Via, North Carylstad, AR 63622-7252",75.5,2025,6,20
78076,48281,21859,1,89.4,2025-03-09 09:41:17+00:00,Unknown,89.4,2025,3,9
81072,48937,21477,1,19.5,2024-12-28 13:01:00+00:00,"40334 Mikaela Road, New Scott, SD 95550",19.5,2024,12,28
78366,50374,21907,1,53.25,2025-01-30 19:26:00+00:00,"2302 Hong Green, Alisonbury, HI 02025",53.25,2025,1,30
85674,48316,21853,4,56.5,2025-04-04 23:45:16+00:00,Unknown,226.0,2025,4,4
85604,48819,22013,3,49.0,2024-10-24 06:00:00+00:00,Unknown,147.0,2024,10,24
80592,48345,21848,3,58.99,2025-03-29 19:06:06+00:00,"Suite 836 359 Myrta Prairie, Anthonyland, NH 56972",176.97,2025,3,29
79019,49004,21571,1,18.25,2024-08-02 02:28:45+00:00,"Apt. 121 86975 McCullough Expressway, Schadenton, NV 70665-7747",18.25,2024,8,2
83132,49146,21398,1,31.25,2025-05-04 09:55:29+00:00,Unknown,31.25,2025,5,4
82879,50131,21985,1,20.0,2025-02-09 03:24:41+00:00,Unknown,20.0,2025,2,9
80697,48991,21932,1,19.0,2025-03-19 00:41:00+00:00,Unknown,19.0,2025,3,19
83567,47789,21943,1,82.8,2024-10-26 09:29:26+00:00,Unknown,82.8,2024,10,26
85786,47738,21331,1,45.75,2024-12-18 15:36:28+00:00,"16285 Sporer Ports, East Phillipport, KY 99449-2914",45.75,2024,12,18
85872,49883,21868,1,67.0,2024-04-12 15:21:39+00:00,Unknown,67.0,2024,4,12
84526,49645,21550,1,84.0,2024-07-07 10:54:02+00:00,Unknown,84.0,2024,7,7
85492,50169,21596,1,39.6,2024-04-30 18:53:17+00:00,Unknown,39.6,2024,4,30
85351,49739,21573,1,33.59,2024-02-10 10:17:17+00:00,Unknown,33.59,2024,2,10
85738,48357,21467,1,51.75,2025-04-13 05:47:31.388000+00:00,Unknown,51.75,2025,4,13
80605,49406,21581,1,56.4,2025-02-23 09:01:56.282000+00:00,Unknown,56.4,2025,2,23
85504,48312,21793,2,28.5,2025-03-07 05:25:00+00:00,"153 Mohr Inlet, Libbyville, MD 14388-7218",57.0,2025,3,7
82788,48099,21726,2,48.5,2024-08-12 17:07:00+00:00,Unknown,97.0,2024,8,12
85148,48903,21490,1,66.75,2024-11-02 05:41:46+00:00,Unknown,66.75,2024,11,2
78991,50352,21729,1,45.75,2024-11-07 16:00:00+00:00,"58775 Smith Center, North Orpha, NJ 77529-9768",45.75,2024,11,7
81118,50894,21557,1,64.5,2024-10-21 23:59:00+00:00,Unknown,64.5,2024,10,21
78635,49176,21517,1,62.5,2025-07-23 17:20:46+00:00,Unknown,62.5,2025,7,23
80916,48094,21363,2,69.75,2025-03-01 00:59:24+00:00,Unknown,139.5,2025,3,1
82230,49900,21533,1,56.25,2025-01-22 05:22:20+00:00,Unknown,56.25,2025,1,22
81877,48477,21344,1,50.0,2024-05-08 09:40:00+00:00,"Suite 510 7618 Kautzer Dale, North Foster, CA 38140",50.0,2024,5,8
81980,50025,21673,1,52.2,2024-09-01 08:28:48+00:00,Unknown,52.2,2024,9,1
81671,49588,21430,1,56.0,2024-11-25 10:40:54+00:00,"96673 Dietrich Ridges, Clarineport, MA 73105",56.0,2024,11,25
80204,50080,21510,1,25.8,2024-11-01 06:27:33+00:00,Unknown,25.8,2024,11,1
82129,49444,22037,1,28.0,2024-06-29 08:44:07+00:00,Unknown,28.0,2024,6,29
78537,50808,22037,1,35.4,2025-05-25 22:02:28+00:00,Unknown,35.4,2025,5,25
84349,49911,21690,1,38.25,2024-06-09 21:36:00+00:00,"384 Littel Corner, Brekkeland, UT 47764",38.25,2024,6,9
85748,49774,21360,1,75.9,2024-12-12 06:09:09+00:00,Unknown,75.9,2024,12,12
77660,49170,21701,1,52.75,2024-08-03 06:37:04.730000+00:00,"Suite 403 7908 Barrows Tunnel, New Haefort, TN 33123-4793",52.75,2024,8,3
82287,51011,21834,1,36.0,2025-01-07 11:28:32+00:00,Unknown,36.0,2025,1,7
77796,48555,21809,1,16.0,2024-08-11 23:35:45+00:00,Unknown,16.0,2024,8,11
85687,49764,21315,1,72.5,2024-12-28 16:38:07+00:00,Unknown,72.5,2024,12,28
84624,50994,21926,1,42.5,2024-10-09 21:05:00+00:00,Unknown,42.5,2024,10,9
85094,50290,21470,1,15.0,2025-07-02 01:14:26+00:00,Unknown,15.0,2025,7,2
85773,48277,21653,2,42.6,2024-08-24 19:59:00+00:00,Unknown,85.2,2024,8,24
79539,49376,21474,1,15.25,2025-01-13 00:45:11+00:00,Unknown,15.25,2025,1,13
82689,50606,21450,1,35.1,2024-05-06 14:52:52+00:00,Unknown,35.1,2024,5,6
79878,49989,21742,1,39.3,2024-10-13 06:43:05+00:00,"95532 Belkis Drives, Dietrichchester, NH 01857-0764",39.3,2024,10,13
81434,49008,21321,1,78.0,2025-08-02 06:56:56+00:00,Unknown,78.0,2025,8,2
81376,48686,21834,1,31.19,2024-06-15 12:03:51+00:00,Unknown,31.19,2024,6,15
86414,48385,21728,4,60.0,2025-03-18 09:46:00+00:00,Unknown,240.0,2025,3,18
82549,48401,22024,2,83.99,2025-01-09 19:16:27+00:00,Unknown,167.98,2025,1,9
78081,50306,21538,1,70.99,2025-03-19 11:35:36+00:00,Unknown,70.99,2025,3,19
85518,47775,21814,1,48.0,2025-01-28 11:42:16+00:00,Unknown,48.0,2025,1,28
85709,49881,21389,1,56.99,2025-03-28 18:18:27+00:00,Unknown,56.99,2025,3,28
78025,47793,21667,2,55.75,2024-12-04 12:38:12.779000+00:00,"Suite 192 772 Keeley Drive, New Carolynfurt, AR 94640-3654",111.5,2024,12,4
81836,50902,21406,4,71.5,2024-08-26 06:09:00+00:00,Unknown,286.0,2024,8,26
78358,50235,21963,2,48.0,2024-08-09 12:36:01+00:00,Unknown,96.0,2024,8,9
80168,47850,22015,1,63.0,2025-01-02 00:17:00+00:00,Unknown,63.0,2025,1,2
85184,49597,21834,1,30.0,2024-07-04 09:56:01+00:00,Unknown,30.0,2024,7,4
86121,49979,21479,2,76.5,2024-10-12 17:28:32+00:00,Unknown,153.0,2024,10,12
85916,49418,21416,1,38.7,2025-01-22 07:59:35+00:00,Unknown,38.7,2025,1,22
84352,49646,21492,1,25.0,2024-09-09 03:21:00+00:00,Unknown,25.0,2024,9,9
80540,49966,21396,2,55.99,2025-05-30 00:58:42+00:00,Unknown,111.98,2025,5,30
79809,50892,21640,1,48.0,2024-12-27 21:06:00+00:00,Unknown,48.0,2024,12,27
83655,48494,22036,1,48.0,2024-06-07 08:27:00+00:00,Unknown,48.0,2024,6,7
83555,50719,21968,1,18.5,2024-06-23 05:21:12+00:00,"7449 Hershel Well, New Raquel, SD 15154-4094",18.5,2024,6,23
86469,49810,21482,4,79.2,2025-02-17 08:35:12+00:00,Unknown,316.8,2025,2,17
84694,49101,21421,1,74.4,2024-10-14 03:19:00+00:00,Unknown,74.4,2024,10,14
81268,50445,21397,1,70.5,2024-09-25 14:22:46+00:00,Unknown,70.5,2024,9,25
82416,49546,21744,1,64.8,2025-03-13 03:23:00+00:00,Unknown,64.8,2025,3,13
84741,48382,21612,1,13.5,2024-10-17 23:38:16+00:00,Unknown,13.5,2024,10,17
84670,50825,21957,2,59.0,2025-02-12 22:10:54+00:00,Unknown,118.0,2025,2,12
79947,49108,21902,1,19.5,2025-02-13 06:14:20+00:00,"Suite 444 9738 Trinidad Knolls, West Ronald, RI 18343",19.5,2025,2,13
80314,50937,21746,1,21.25,2024-06-08 08:08:13+00:00,Unknown,21.25,2024,6,8
82135,47939,21433,1,46.0,2025-04-04 07:11:21+00:00,Unknown,46.0,2025,4,4
81321,48054,21460,2,63.0,2024-10-20 00:08:45+00:00,Unknown,126.0,2024,10,20
79586,51074,21589,3,61.5,2025-01-07 08:34:10.562000+00:00,"92764 Pacocha Corners, Port Shericefurt, AZ 12336-6161",184.5,2025,1,7
83466,49717,21754,1,37.8,2024-02-23 22:08:00+00:00,Unknown,37.8,2024,2,23
86310,48487,21395,1,64.5,2025-06-21 05:01:00+00:00,Unknown,64.5,2025,6,21
83849,51085,21526,1,24.0,2025-01-01 18:14:05+00:00,Unknown,24.0,2025,1,1
79187,49076,21537,2,22.5,2024-12-30 08:32:00+00:00,"Suite 178 32484 Mellisa Stream, East Eusebio, KY 94602",45.0,2024,12,30
83639,49956,21344,1,61.19,2024-05-11 23:02:18.499000+00:00,Unknown,61.19,2024,5,11
79615,48590,21401,2,32.0,2025-02-18 19:18:18+00:00,"445 Haag Dam, East Tod, ID 46797-1837",64.0,2025,2,18
79905,48385,21351,1,44.4,2025-08-04 08:46:48+00:00,"Suite 801 654 Windler Ridges, Laruechester, SC 16786",44.4,2025,8,4
83958,49610,21760,1,72.25,2024-12-11 13:34:00+00:00,Unknown,72.25,2024,12,11
77850,49894,22015,1,81.3,2025-02-15 21:52:25.390000+00:00,Unknown,81.3,2025,2,15
84859,48171,21872,1,46.5,2025-02-22 04:27:24+00:00,"7854 Wintheiser Meadow, Magdalenhaven, IN 07234-5427",46.5,2025,2,22
77994,48195,21869,1,35.1,2024-09-30 20:45:25+00:00,Unknown,35.1,2024,9,30
79471,48776,21840,1,18.0,2024-07-26 14:22:43+00:00,Unknown,18.0,2024,7,26
83286,51098,21598,1,20.99,2025-02-28 19:37:51+00:00,Unknown,20.99,2025,2,28
85673,50265,21673,1,49.2,2024-12-22 20:23:47+00:00,Unknown,49.2,2024,12,22
86192,47979,21377,1,55.99,2024-08-02 20:58:00+00:00,Unknown,55.99,2024,8,2
81655,50021,21870,1,65.25,2025-01-30 07:17:00+00:00,Unknown,65.25,2025,1,30
86221,47667,21618,2,46.25,2024-10-22 03:28:36+00:00,Unknown,92.5,2024,10,22
82315,50648,21466,2,36.6,2024-09-11 09:27:07+00:00,Unknown,73.2,2024,9,11
81179,50223,21631,1,31.5,2024-06-30 04:33:09+00:00,Unknown,31.5,2024,6,30
81623,50927,21601,1,57.99,2025-02-03 06:55:38+00:00,"50814 Feeney Crossing, Lake Belindaville, WV 96835-7668",57.99,2025,2,3
79528,47958,21871,1,30.0,2024-09-04 03:58:13+00:00,Unknown,30.0,2024,9,4
82164,47874,21776,1,71.5,2024-06-27 17:25:09.589000+00:00,Unknown,71.5,2024,6,27
83759,49386,21746,2,20.1,2025-02-10 23:57:50+00:00,Unknown,40.2,2025,2,10
85194,47692,21468,2,31.75,2025-06-15 20:41:58+00:00,Unknown,63.5,2025,6,15
86190,48011,21540,1,25.75,2024-12-18 01:42:00+00:00,Unknown,25.75,2024,12,18
84070,50964,21444,1,18.0,2024-10-30 08:45:31+00:00,Unknown,18.0,2024,10,30
82305,50578,21886,2,44.5,2024-09-19 07:35:39.881000+00:00,Unknown,89.0,2024,9,19
79751,50048,21912,2,79.8,2025-01-02 21:28:00+00:00,Unknown,159.6,2025,1,2
79294,50028,21818,1,22.5,2025-08-06 09:30:35+00:00,Unknown,22.5,2025,8,6
85706,48734,21704,1,52.0,2024-10-02 19:45:12.463000+00:00,Unknown,52.0,2024,10,2
85294,49331,21574,1,53.4,2024-05-26 22:12:00+00:00,Unknown,53.4,2024,5,26
84883,50809,21480,1,49.0,2024-12-20 11:24:46+00:00,Unknown,49.0,2024,12,20
86212,50062,21363,1,86.39,2024-09-18 09:24:33+00:00,"523 Volkman Grove, Valhaven, TX 48291",86.39,2024,9,18
78869,50480,21379,1,30.9,2024-07-06 16:59:01+00:00,Unknown,30.9,2024,7,6
81424,48889,21743,1,46.8,2025-05-06 14:37:00+00:00,"113 Hessel Rest, Port Colintown, IN 11073-4758",46.8,2025,5,6
85132,48151,21432,1,33.5,2024-11-17 21:58:39+00:00,Unknown,33.5,2024,11,17
79132,50637,21930,1,25.0,2025-03-02 17:02:00+00:00,"Apt. 638 6888 Veum Mission, Glenport, WI 02109-6960",25.0,2025,3,2
80559,49909,21563,2,73.0,2024-03-22 07:27:40.766000+00:00,Unknown,146.0,2024,3,22
79317,50677,21991,1,73.5,2025-02-22 12:33:42+00:00,"2751 Corrine Branch, West Melia, NV 40806-7501",73.5,2025,2,22
83010,50258,21805,1,49.0,2025-01-15 18:45:00+00:00,"5518 Normand Land, Juanaborough, NY 09415-3094",49.0,2025,1,15
81962,47852,21484,1,17.5,2024-06-29 01:08:07+00:00,Unknown,17.5,2024,6,29
79221,49242,21996,1,71.0,2024-07-18 20:25:00+00:00,Unknown,71.0,2024,7,18
79042,49714,21322,1,35.4,2025-03-23 22:49:00+00:00,Unknown,35.4,2025,3,23
83339,49978,21572,1,62.4,2024-09-21 18:19:50+00:00,Unknown,62.4,2024,9,21
80345,49032,21313,3,43.0,2024-08-02 22:04:14+00:00,Unknown,129.0,2024,8,2
78749,50983,21659,1,40.8,2024-07-03 04:18:07+00:00,Unknown,40.8,2024,7,3
78491,51051,21347,1,33.75,2024-05-02 15:39:14+00:00,Unknown,33.75,2024,5,2
85620,50412,21647,1,43.99,2024-10-11 08:50:08+00:00,Unknown,43.99,2024,10,11
83813,47993,21848,1,60.25,2024-07-12 13:46:26+00:00,"Suite 538 4708 Green Overpass, Davishaven, UT 17206",60.25,2024,7,12
81866,48741,21690,2,49.2,2025-04-28 09:23:27+00:00,Unknown,98.4,2025,4,28
78980,47921,21580,1,80.4,2025-03-09 19:59:43.993000+00:00,"Suite 400 52022 Laquanda Trail, Prosaccoview, IA 84755",80.4,2025,3,9
82949,48200,21432,1,34.25,2024-10-12 08:30:15.483000+00:00,Unknown,34.25,2024,10,12
78910,51032,21762,1,29.99,2024-11-14 17:20:16+00:00,Unknown,29.99,2024,11,14
83022,47880,21940,2,63.59,2025-07-25 17:40:43+00:00,Unknown,127.18,2025,7,25
81173,50671,21952,2,50.5,2024-11-13 22:24:00+00:00,"Suite 193 325 Waelchi Lakes, West Bradfordland, FL 34525",101.0,2024,11,13
81458,47919,22009,2,33.3,2024-12-05 07:34:44+00:00,Unknown,66.6,2024,12,5
81693,50019,21402,2,42.99,2024-09-22 01:54:01+00:00,"Apt. 779 42415 Stark Trail, West Nevilleton, MT 34664",85.98,2024,9,22
84218,49664,21940,2,51.5,2025-04-14 02:13:40+00:00,Unknown,103.0,2025,4,14
82153,48249,22005,1,49.8,2024-09-24 09:16:00+00:00,Unknown,49.8,2024,9,24
82815,49628,21766,1,63.0,2025-03-02 19:59:59+00:00,Unknown,63.0,2025,3,2
82454,47715,21907,1,52.0,2024-09-27 22:30:58+00:00,Unknown,52.0,2024,9,27
81781,48187,21632,1,69.75,2024-09-06 00:10:58+00:00,"8571 Streich Street, North Tereasa, TN 75396-9815",69.75,2024,9,6
85846,49890,21700,1,51.9,2024-11-05 02:12:28+00:00,"Suite 120 9334 Murazik Tunnel, West Waldoside, AZ 40115",51.9,2024,11,5
78873,49305,21801,1,42.0,2025-03-25 18:45:19+00:00,"Apt. 389 7893 Charlesetta Ferry, North Jorge, IN 79163",42.0,2025,3,25
84857,48212,21710,1,71.99,2024-08-14 21:22:28+00:00,"34648 Shanahan Cove, Port Brett, MI 98993-3847",71.99,2024,8,14
79139,50833,21387,2,65.99,2024-11-30 14:10:10+00:00,"Apt. 314 6047 Jonathon Harbors, Gerlachberg, TX 44843",131.98,2024,11,30
78633,49009,22043,1,13.25,2024-10-11 20:01:00+00:00,Unknown,13.25,2024,10,11
79931,49866,21536,1,38.0,2025-04-10 11:18:25+00:00,Unknown,38.0,2025,4,10
79710,48785,21810,1,54.0,2025-01-30 11:26:53+00:00,"Apt. 575 40968 Lakin Station, Yostmouth, AK 13920-5620",54.0,2025,1,30
81549,50809,21754,1,38.39,2025-03-20 16:36:51+00:00,Unknown,38.39,2025,3,20
83841,50283,21378,1,35.5,2025-03-27 15:36:00+00:00,Unknown,35.5,2025,3,27
79822,50492,21487,4,38.99,2024-01-16 21:18:33+00:00,"215 Zulauf Forges, Huelfort, DE 43543",155.96,2024,1,16
83989,48490,21755,1,20.25,2024-09-08 13:02:08+00:00,Unknown,20.25,2024,9,8
77963,50435,21365,1,36.0,2025-01-22 09:27:04+00:00,Unknown,36.0,2025,1,22
86345,48997,21345,1,73.0,2025-03-06 20:07:00+00:00,"866 Reilly Viaduct, Priceshire, NJ 87104",73.0,2025,3,6
82000,49656,21486,2,23.0,2024-06-15 18:49:00+00:00,Unknown,46.0,2024,6,15
83985,51042,21758,1,43.0,2024-09-28 19:00:16+00:00,Unknown,43.0,2024,9,28
85356,49578,21863,1,48.9,2024-09-07 03:49:07.088000+00:00,Unknown,48.9,2024,9,7
81191,49747,21348,1,22.99,2024-12-14 17:49:00+00:00,"Suite 524 200 Janelle Haven, North Isidromouth, TN 11515",22.99,2024,12,14
85838,49877,21507,1,44.39,2025-02-10 04:17:24+00:00,"415 Mraz Radial, South Dannielle, AZ 63333",44.39,2025,2,10
85262,47894,21746,1,16.0,2024-07-24 12:23:41+00:00,"Suite 146 1538 Okuneva Shoal, Ferryton, NJ 48815-6781",16.0,2024,7,24
79669,50516,21696,3,42.0,2024-12-23 01:23:25+00:00,"43869 Precious Way, South Jeramytown, NV 58748-6527",126.0,2024,12,23
85007,50479,21690,1,51.0,2024-11-25 00:07:05+00:00,"4716 Waneta Mission, Powlowskiberg, ND 17807-6169",51.0,2024,11,25
85655,49988,21969,1,58.0,2024-11-14 03:02:07+00:00,Unknown,58.0,2024,11,14
86515,48321,21953,1,38.99,2024-06-30 05:01:00+00:00,Unknown,38.99,2024,6,30
85005,50089,21412,3,19.5,2025-05-11 23:37:12+00:00,"57898 Eugenio Mountain, Leonorport, WV 65001-7926",58.5,2025,5,11
77890,47843,21883,1,32.5,2024-10-23 16:52:52+00:00,Unknown,32.5,2024,10,23
82323,49387,21672,3,84.9,2024-06-10 17:50:42+00:00,Unknown,254.7,2024,6,10
79030,49546,21650,5,73.75,2025-06-05 21:30:00+00:00,"261 Jamel Hills, Lake Reina, UT 88015",368.75,2025,6,5
79607,49174,21637,1,60.6,2025-01-28 00:14:49+00:00,Unknown,60.6,2025,1,28
84482,49243,21453,1,68.39,2025-01-09 22:22:11+00:00,Unknown,68.39,2025,1,9
85111,50112,22023,1,18.0,2024-11-13 22:41:14.170000+00:00,"71020 Ondricka Haven, Bergnaumland, IA 26575-1186",18.0,2024,11,13
77694,50839,21358,3,15.99,2025-06-21 20:11:12+00:00,Unknown,47.97,2025,6,21
79868,50643,21515,1,51.0,2025-03-16 10:20:35+00:00,Unknown,51.0,2025,3,16
79693,50676,21405,1,22.0,2025-08-22 12:38:00+00:00,Unknown,22.0,2025,8,22
78757,50851,21368,2,44.5,2025-03-09 10:40:52+00:00,"23668 Herman Dam, South Ardentown, AL 89809-7132",89.0,2025,3,9
81576,49022,21993,2,52.8,2024-10-23 06:42:00+00:00,Unknown,105.6,2024,10,23
84272,48205,21741,1,40.5,2024-07-26 00:51:20+00:00,Unknown,40.5,2024,7,26
83030,50766,21915,1,33.5,2025-03-27 16:31:07.558000+00:00,"247 Hamill Skyway, West Parismouth, MS 64874-1003",33.5,2025,3,27
84005,47698,21848,4,56.0,2025-11-02 02:28:28+00:00,Unknown,224.0,2025,11,2
84572,51007,21835,3,70.5,2025-08-04 23:46:03+00:00,Unknown,211.5,2025,8,4
82534,50218,21896,1,22.79,2024-11-05 16:17:00+00:00,Unknown,22.79,2024,11,5
81170,49689,21716,1,34.0,2024-07-22 08:55:43+00:00,Unknown,34.0,2024,7,22
83710,50993,22035,1,44.39,2024-12-08 16:14:00+00:00,Unknown,44.39,2024,12,8
83742,48246,21498,1,19.0,2024-12-14 20:59:46+00:00,Unknown,19.0,2024,12,14
78726,49545,21642,3,37.99,2024-05-21 09:02:32+00:00,Unknown,113.97,2024,5,21
77706,49713,21697,1,67.0,2024-09-20 10:53:07+00:00,Unknown,67.0,2024,9,20
78486,49715,21843,4,65.0,2024-10-23 09:12:11.941000+00:00,Unknown,260.0,2024,10,23
84244,49389,21522,1,17.0,2024-09-21 13:55:00+00:00,Unknown,17.0,2024,9,21
79274,48237,21775,4,65.99,2025-08-28 18:52:36+00:00,"80254 Cami Club, New Daltonstad, WA 79808",263.96,2025,8,28
79303,49486,21411,3,37.8,2025-02-20 05:44:40+00:00,Unknown,113.4,2025,2,20
77618,51025,21675,1,16.0,2025-04-13 09:26:57+00:00,Unknown,16.0,2025,4,13
83957,49656,21512,1,70.0,2024-08-25 17:34:34+00:00,Unknown,70.0,2024,8,25
84856,50973,21527,2,24.5,2025-04-17 08:21:33+00:00,Unknown,49.0,2025,4,17
86127,48053,21614,2,53.0,2025-03-10 08:31:12+00:00,Unknown,106.0,2025,3,10
78461,48865,21724,5,19.5,2025-05-11 11:38:21+00:00,"83776 Noah Drive, East Johnton, PA 51158",97.5,2025,5,11
84057,48437,21822,1,29.5,2024-10-30 04:22:28+00:00,"Suite 637 3787 Brian Path, South Darwin, DE 03243",29.5,2024,10,30
84248,50583,21912,1,76.8,2024-12-14 12:55:39+00:00,Unknown,76.8,2024,12,14
81548,49788,21672,3,65.99,2025-02-28 15:47:24+00:00,"29643 Purdy Coves, Lake Robertoland, UT 64834-4681",197.97,2025,2,28
84182,47739,21332,1,15.25,2024-10-03 05:31:21+00:00,Unknown,15.25,2024,10,3
81266,48327,21954,1,48.25,2024-10-20 19:39:38+00:00,"Apt. 246 81464 Ernestine Lights, Douglashaven, NC 55857",48.25,2024,10,20
85682,50938,21392,1,63.6,2025-01-23 17:06:22+00:00,"Apt. 861 855 Trey Port, North Carla, AL 24536-3577",63.6,2025,1,23
81111,49107,21550,1,69.0,2024-09-24 20:54:00+00:00,"77955 Hyatt Meadows, Port Deneen, HI 48720",69.0,2024,9,24
84048,48254,21528,1,57.59,2025-03-24 19:08:57.187000+00:00,"7387 Shery Neck, North Michelineland, AK 82844-4229",57.59,2025,3,24
83649,49643,22021,1,18.0,2025-02-10 22:06:00+00:00,Unknown,18.0,2025,2,10
82309,50415,21343,1,87.6,2024-12-28 12:05:00+00:00,"Suite 904 14277 Mraz Ways, Boylehaven, GA 99570-6360",87.6,2024,12,28
82293,48457,21555,1,47.0,2025-03-10 22:20:00.493000+00:00,Unknown,47.0,2025,3,10
78287,48534,21512,2,70.99,2024-10-26 11:10:45+00:00,Unknown,141.98,2024,10,26
81567,50455,21934,2,50.7,2024-09-15 00:37:59+00:00,Unknown,101.4,2024,9,15
77691,50507,21878,2,55.99,2025-03-01 19:25:00+00:00,Unknown,111.98,2025,3,1
83418,50290,21974,1,68.7,2024-09-24 15:18:34+00:00,Unknown,68.7,2024,9,24
86344,49907,21936,2,19.0,2024-10-23 10:27:39+00:00,"82296 Abernathy Cliff, Abeton, ND 69481",38.0,2024,10,23
81388,48475,21325,2,49.5,2025-05-31 19:11:48+00:00,Unknown,99.0,2025,5,31
79748,49150,22026,1,58.5,2024-11-24 11:26:00+00:00,Unknown,58.5,2024,11,24
77637,49000,21655,1,17.0,2024-09-22 22:49:49+00:00,Unknown,17.0,2024,9,22
78481,48142,21743,2,37.99,2024-08-26 22:14:00+00:00,Unknown,75.98,2024,8,26
77868,48104,21669,1,22.5,2024-07-21 05:17:33+00:00,"Suite 754 7169 Cedrick Circle, Macejkovicburgh, FL 55566-5347",22.5,2024,7,21
78424,49851,21587,2,71.0,2025-03-19 17:37:00+00:00,Unknown,142.0,2025,3,19
80008,49103,21909,5,37.2,2024-06-18 23:06:11+00:00,"Suite 109 96783 Marisela Road, South Paulstad, OK 70889",186.0,2024,6,18
86443,51123,21317,1,71.4,2024-09-30 21:30:13+00:00,Unknown,71.4,2024,9,30
81473,49901,21998,1,16.2,2024-04-07 07:51:00+00:00,Unknown,16.2,2024,4,7
81070,50527,21806,2,60.0,2024-10-12 15:45:00+00:00,Unknown,120.0,2024,10,12
85777,49645,21990,1,45.5,2024-10-26 20:56:45+00:00,Unknown,45.5,2024,10,26
78407,47706,21975,2,66.5,2025-07-27 17:14:29+00:00,Unknown,133.0,2025,7,27
84626,49442,21735,5,39.0,2024-11-30 06:08:47+00:00,Unknown,195.0,2024,11,30
85850,50172,22049,1,28.25,2025-08-02 01:32:27+00:00,Unknown,28.25,2025,8,2
82233,47934,21627,1,73.0,2024-08-30 04:30:52+00:00,Unknown,73.0,2024,8,30
84830,47947,21730,1,36.5,2024-09-15 23:51:48+00:00,Unknown,36.5,2024,9,15
83529,48861,21490,1,78.0,2024-11-19 19:14:00+00:00,Unknown,78.0,2024,11,19
78888,48816,21329,1,52.2,2024-11-07 12:47:51+00:00,Unknown,52.2,2024,11,7
83764,51114,21675,1,15.99,2024-12-04 20:00:21+00:00,"13615 Glover Mount, North Joe, VA 25873-0267",15.99,2024,12,4
77798,50805,21820,1,40.2,2024-12-24 03:12:49+00:00,Unknown,40.2,2024,12,24
82024,50853,21620,1,39.0,2025-01-29 06:21:54+00:00,"Suite 242 914 Douglas Canyon, New Cathryntown, VT 97192",39.0,2025,1,29
81780,47666,21436,1,61.5,2024-08-17 14:22:40+00:00,Unknown,61.5,2024,8,17
84928,49401,21973,1,71.0,2025-01-11 01:59:08.687000+00:00,Unknown,71.0,2025,1,11
86244,51012,21609,1,86.1,2025-02-20 13:04:00+00:00,Unknown,86.1,2025,2,20
78436,48550,21384,1,48.0,2024-02-28 05:45:14+00:00,Unknown,48.0,2024,2,28
81911,49253,21425,1,37.0,2024-10-16 08:49:55.071000+00:00,Unknown,37.0,2024,10,16
83257,50603,21891,2,67.25,2024-10-10 17:50:29+00:00,Unknown,134.5,2024,10,10
84052,48789,21702,4,77.4,2025-07-27 08:06:31+00:00,Unknown,309.6,2025,7,27
81472,47840,21913,1,50.7,2024-12-09 05:19:00+00:00,Unknown,50.7,2024,12,9
78352,47817,21451,1,70.5,2025-03-31 19:53:33+00:00,Unknown,70.5,2025,3,31
86054,48999,21885,5,50.0,2024-10-24 19:39:53+00:00,Unknown,250.0,2024,10,24
86340,49778,21512,1,68.99,2024-08-01 15:31:41+00:00,Unknown,68.99,2024,8,1
82172,48712,21762,1,28.0,2025-03-15 10:39:53+00:00,Unknown,28.0,2025,3,15
83482,50260,22002,1,66.99,2025-02-19 03:41:52+00:00,Unknown,66.99,2025,2,19
80286,49478,21938,1,75.75,2025-02-24 18:01:22+00:00,Unknown,75.75,2025,2,24
78378,50449,22014,3,29.0,2025-04-22 11:25:54.638000+00:00,Unknown,87.0,2025,4,22
80698,48203,22001,1,58.0,2024-07-08 09:22:48+00:00,Unknown,58.0,2024,7,8
81246,48381,21428,1,62.0,2025-04-27 08:48:52+00:00,Unknown,62.0,2025,4,27
83729,50800,21639,2,43.25,2025-08-23 04:08:00+00:00,Unknown,86.5,2025,8,23
77902,49401,21694,3,31.19,2024-04-07 08:46:46+00:00,Unknown,93.57,2024,4,7
85211,48480,21413,1,47.4,2024-12-29 01:43:00+00:00,"Apt. 304 890 Swift Divide, East Jarrett, CO 69861",47.4,2024,12,29
78120,48105,21784,2,76.8,2024-06-19 00:24:24+00:00,Unknown,153.6,2024,6,19
86405,49703,21920,1,22.5,2025-02-14 22:19:59+00:00,Unknown,22.5,2025,2,14
77661,50900,22057,5,47.75,2025-06-09 10:31:55+00:00,Unknown,238.75,2025,6,9
84630,47952,21790,1,72.5,2025-05-05 11:29:22+00:00,Unknown,72.5,2025,5,5
78191,49718,21501,1,21.3,2024-08-06 23:46:00+00:00,"Suite 509 4510 Dickens Station, Stiedemannmouth, LA 61295-8808",21.3,2024,8,6
84457,50666,21438,1,21.99,2024-12-22 10:59:03+00:00,Unknown,21.99,2024,12,22
83631,48995,21583,3,70.8,2025-01-31 09:18:29.186000+00:00,Unknown,212.4,2025,1,31
86316,49878,21405,2,19.5,2025-01-01 10:47:20.611000+00:00,"754 Schimmel Spurs, Arlenport, CT 65171-4642",39.0,2025,1,1
86044,49049,21732,1,59.0,2025-05-12 02:49:31+00:00,Unknown,59.0,2025,5,12
84663,48967,21572,3,55.5,2025-04-10 11:59:18+00:00,"Suite 709 39936 Jerry Manor, Howeton, NY 23782-0223",166.5,2025,4,10
85205,50174,21857,1,12.0,2024-10-20 18:29:25+00:00,Unknown,12.0,2024,10,20
81824,49523,22022,1,66.9,2025-02-25 07:51:42+00:00,"Suite 952 78972 Schuster Inlet, Port Joyceville, RI 06424",66.9,2025,2,25
85302,50872,21619,1,52.0,2024-08-16 15:58:53+00:00,Unknown,52.0,2024,8,16
77936,47745,21540,1,27.5,2024-09-14 16:41:10+00:00,Unknown,27.5,2024,9,14
84298,50084,21928,2,16.99,2024-04-06 12:25:34+00:00,"Apt. 604 15254 Hilll Cliffs, New Alpha, CA 34434",33.98,2024,4,6
80034,48192,21475,1,27.99,2025-01-15 19:49:00+00:00,Unknown,27.99,2025,1,15
81852,48652,21973,1,70.75,2024-09-01 04:23:41+00:00,Unknown,70.75,2024,9,1
83685,49057,21330,1,47.0,2024-08-09 02:06:51+00:00,Unknown,47.0,2024,8,9
81758,50973,21780,1,17.5,2025-02-17 05:23:36+00:00,Unknown,17.5,2025,2,17
79770,48107,21967,1,41.0,2024-12-27 08:05:35+00:00,Unknown,41.0,2024,12,27
84593,48253,21992,1,34.99,2025-02-17 05:27:55+00:00,Unknown,34.99,2025,2,17
79623,49557,21858,1,19.0,2024-09-20 03:17:41+00:00,"3937 Leone Summit, Port Dominick, WY 23165",19.0,2024,9,20
85626,48027,21479,1,59.5,2024-07-26 04:33:00+00:00,Unknown,59.5,2024,7,26
80116,48946,21582,1,67.5,2025-08-28 12:04:39+00:00,Unknown,67.5,2025,8,28
78764,50670,21554,2,69.0,2024-07-25 15:07:33+00:00,Unknown,138.0,2024,7,25
80753,48672,21911,2,64.0,2025-02-09 01:26:41+00:00,Unknown,128.0,2025,2,9
78813,48784,21621,1,71.0,2025-02-04 17:56:29+00:00,Unknown,71.0,2025,2,4
83254,48404,21488,1,66.0,2024-08-22 18:33:54+00:00,Unknown,66.0,2024,8,22
80230,48668,21950,1,47.0,2024-09-10 03:49:33+00:00,Unknown,47.0,2024,9,10
85329,47766,22035,2,38.0,2024-10-28 01:41:57+00:00,Unknown,76.0,2024,10,28
81827,47995,21545,4,34.8,2024-07-21 07:23:00+00:00,Unknown,139.2,2024,7,21
79817,49330,21415,1,61.75,2025-01-17 16:43:58+00:00,Unknown,61.75,2025,1,17
84991,50880,21688,2,20.4,2025-06-02 03:00:12.736000+00:00,Unknown,40.8,2025,6,2
77775,49748,21320,1,74.39,2025-04-10 05:19:20+00:00,Unknown,74.39,2025,4,10
83238,48466,21537,1,25.0,2024-09-14 23:34:59+00:00,Unknown,25.0,2024,9,14
79304,50837,21555,2,54.0,2025-01-31 15:29:29+00:00,Unknown,108.0,2025,1,31
80978,50968,21324,1,37.8,2024-10-26 04:45:53+00:00,Unknown,37.8,2024,10,26
79820,50154,21849,1,33.5,2024-05-11 23:01:00+00:00,Unknown,33.5,2024,5,11
82715,48361,21839,2,72.0,2025-04-01 21:04:14+00:00,Unknown,144.0,2025,4,1
81419,48884,21588,3,63.99,2025-05-02 06:40:14+00:00,"12054 Rusty Common, Arletteton, UT 49030",191.97,2025,5,2
85257,51069,21459,1,42.0,2025-02-28 21:32:23+00:00,Unknown,42.0,2025,2,28
78877,50643,21653,5,44.4,2025-01-11 20:58:13+00:00,Unknown,222.0,2025,1,11
79555,48726,21710,1,74.5,2025-01-22 11:24:53.898000+00:00,Unknown,74.5,2025,1,22
80588,49436,21462,1,33.59,2024-11-05 04:57:00+00:00,Unknown,33.59,2024,11,5
84937,47796,21824,4,61.0,2024-12-16 20:07:59+00:00,Unknown,244.0,2024,12,16
80772,48723,21426,2,78.0,2024-12-06 02:17:57+00:00,Unknown,156.0,2024,12,6
82106,48888,21683,1,51.25,2024-12-13 17:11:14+00:00,Unknown,51.25,2024,12,13
86387,47867,21554,1,68.5,2025-07-16 11:55:44+00:00,"6317 Era Dale, South Solangeville, HI 55263",68.5,2025,7,16
84186,49071,21644,2,41.4,2025-01-04 15:53:21+00:00,Unknown,82.8,2025,1,4
81237,49716,21845,2,67.99,2025-08-26 06:59:16+00:00,Unknown,135.98,2025,8,26
81929,49566,21567,4,59.5,2025-01-08 06:20:51+00:00,"705 Altenwerth Station, East Clay, IL 83547",238.0,2025,1,8
80537,48721,21862,4,57.25,2024-12-12 09:36:02+00:00,Unknown,229.0,2024,12,12
86370,48077,21386,4,48.0,2024-10-09 16:51:16+00:00,Unknown,192.0,2024,10,9
82680,51060,21600,1,25.99,2025-04-13 07:33:00+00:00,Unknown,25.99,2025,4,13
80610,49702,21646,1,75.99,2025-02-16 13:14:57.444000+00:00,Unknown,75.99,2025,2,16
83147,49608,21998,1,21.59,2024-09-16 21:22:28+00:00,Unknown,21.59,2024,9,16
80773,49819,21643,1,15.75,2024-09-21 11:34:00+00:00,"3280 Morissette Summit, Isaton, WI 28294-6556",15.75,2024,9,21
79714,50651,21623,1,35.99,2024-12-06 15:19:31+00:00,"390 Gottlieb Ramp, O'Harabury, ME 30486-3377",35.99,2024,12,6
80514,47827,21614,1,62.39,2024-09-06 16:29:48+00:00,"Apt. 856 706 Lynn Prairie, Boehmberg, NY 35327",62.39,2024,9,6
85781,48269,21498,2,19.0,2024-10-31 05:39:44+00:00,Unknown,38.0,2024,10,31
83925,48345,21325,2,53.5,2024-11-08 16:19:00+00:00,"Suite 836 359 Myrta Prairie, Anthonyland, NH 56972",107.0,2024,11,8
82039,50321,21626,1,34.75,2024-12-06 11:32:00+00:00,"Suite 282 433 Reichel Spurs, Bertramberg, WY 15200-6265",34.75,2024,12,6
86356,48718,21528,1,44.0,2024-11-23 23:53:01+00:00,"1036 Jetta Glens, Hyattland, ID 69889-7668",44.0,2024,11,23
85540,47861,21455,2,52.5,2024-07-09 23:42:46+00:00,Unknown,105.0,2024,7,9
80491,49723,21918,5,86.7,2024-10-03 11:37:00+00:00,Unknown,433.5,2024,10,3
81587,48717,21792,1,64.99,2024-08-22 02:24:35+00:00,Unknown,64.99,2024,8,22
78389,50189,21527,1,23.75,2025-09-15 12:38:05+00:00,Unknown,23.75,2025,9,15
84898,50610,21437,1,69.59,2024-10-24 12:07:39+00:00,Unknown,69.59,2024,10,24
84419,49875,21691,1,23.4,2025-02-02 11:10:47+00:00,Unknown,23.4,2025,2,2
80888,50052,21625,2,18.0,2024-05-04 20:24:39+00:00,Unknown,36.0,2024,5,4
80722,50665,21526,2,20.5,2024-07-20 00:38:00+00:00,"66043 Rippin Roads, Meaganland, MD 18434-8689",41.0,2024,7,20
82253,50687,21926,1,54.0,2024-12-07 00:44:02+00:00,Unknown,54.0,2024,12,7
84202,49857,21301,1,45.0,2024-11-21 18:58:10+00:00,"9760 Bergstrom Underpass, East Floyd, OR 51871",45.0,2024,11,21
79764,48896,21453,1,55.99,2025-01-27 08:33:06+00:00,"63362 Robert Springs, Dickichester, IA 30204-4734",55.99,2025,1,27
85928,48062,21757,1,15.99,2025-04-13 08:36:00+00:00,"Suite 648 36683 Breitenberg Underpass, New Chet, IA 90233",15.99,2025,4,13
83634,51076,21956,1,24.6,2025-07-06 22:59:12+00:00,"817 Skiles Alley, Shadville, SC 14858",24.6,2025,7,6
85451,51059,21565,1,34.79,2025-02-24 06:34:04+00:00,Unknown,34.79,2025,2,24
84950,50795,21852,1,43.0,2024-11-06 09:41:45.369000+00:00,"1395 Lemke Ridges, Garrymouth, MD 84374",43.0,2024,11,6
78520,48595,21506,1,24.25,2024-12-10 06:07:00+00:00,Unknown,24.25,2024,12,10
77904,50733,22000,1,32.0,2024-07-05 23:12:00+00:00,Unknown,32.0,2024,7,5
84480,50994,21477,1,26.1,2025-05-13 08:19:03+00:00,Unknown,26.1,2025,5,13
81566,47958,21659,1,33.25,2025-06-07 18:28:06+00:00,"Suite 296 63774 Wilkinson Station, North Bernardabury, IL 28781",33.25,2025,6,7
82182,49041,21811,1,32.0,2025-04-25 13:16:04+00:00,Unknown,32.0,2025,4,25
82342,48383,21726,1,49.25,2025-03-08 12:04:18+00:00,Unknown,49.25,2025,3,8
81985,50618,21827,2,19.2,2024-08-20 06:09:09+00:00,Unknown,38.4,2024,8,20
85110,50989,21713,1,55.2,2025-03-07 21:52:20+00:00,Unknown,55.2,2025,3,7
81793,50830,21512,1,86.4,2024-05-11 17:25:00+00:00,Unknown,86.4,2024,5,11
79882,48890,22037,1,28.5,2024-09-04 00:47:17+00:00,Unknown,28.5,2024,9,4
82622,48634,21785,1,74.7,2024-12-17 19:42:00+00:00,Unknown,74.7,2024,12,17
85276,48917,21394,1,66.25,2024-12-09 10:00:00+00:00,Unknown,66.25,2024,12,9
84391,50949,21631,4,25.25,2025-04-12 12:45:55+00:00,Unknown,101.0,2025,4,12
85749,50543,21997,1,71.0,2025-04-14 08:18:00+00:00,Unknown,71.0,2025,4,14
77792,47942,22011,1,86.7,2024-12-26 14:53:00+00:00,Unknown,86.7,2024,12,26
78868,50035,21520,1,22.2,2024-02-14 19:46:29+00:00,Unknown,22.2,2024,2,14
82573,47745,21830,3,72.0,2024-10-08 16:02:12+00:00,Unknown,216.0,2024,10,8
85240,48041,21886,1,46.0,2024-10-30 23:06:00+00:00,Unknown,46.0,2024,10,30
80926,51043,21541,1,43.2,2025-02-19 14:32:37+00:00,Unknown,43.2,2025,2,19
85104,49556,22009,1,32.39,2024-10-27 05:15:22+00:00,Unknown,32.39,2024,10,27
82076,49586,21522,3,17.5,2025-02-04 02:53:20+00:00,Unknown,52.5,2025,2,4
81039,48819,21683,2,50.0,2025-05-22 18:41:36+00:00,Unknown,100.0,2025,5,22
80554,50227,21683,2,57.3,2024-08-16 00:40:40+00:00,Unknown,114.6,2024,8,16
82114,49933,21499,1,67.2,2025-05-12 00:14:43+00:00,Unknown,67.2,2025,5,12
80930,50488,22057,1,60.9,2025-01-07 01:27:31+00:00,Unknown,60.9,2025,1,7
80165,48425,21953,1,45.9,2024-08-04 10:46:57+00:00,Unknown,45.9,2024,8,4
83885,50318,21679,1,27.75,2025-01-31 03:11:15+00:00,Unknown,27.75,2025,1,31
78181,50612,21651,1,62.75,2025-02-06 16:10:57+00:00,"Suite 262 4661 Elli Ports, Wiltonfurt, NY 55491-6696",62.75,2025,2,6
85419,49695,21999,1,36.0,2024-12-29 20:22:40+00:00,Unknown,36.0,2024,12,29
77895,47718,21931,1,27.0,2024-03-23 00:11:21+00:00,Unknown,27.0,2024,3,23
78101,50002,21993,1,43.5,2025-08-10 12:47:40+00:00,Unknown,43.5,2025,8,10
85216,48684,21748,1,24.0,2024-12-19 11:50:00+00:00,Unknown,24.0,2024,12,19
83500,48100,21358,1,19.2,2024-11-18 12:57:47+00:00,"Apt. 451 1247 DuBuque Trail, Mamouth, MO 04493",19.2,2024,11,18
80938,48613,22049,2,32.39,2024-09-17 09:24:41+00:00,Unknown,64.78,2024,9,17
79814,48293,22025,1,66.6,2024-12-07 02:42:00+00:00,Unknown,66.6,2024,12,7
84580,50055,21946,1,54.0,2024-11-16 12:39:03+00:00,"Suite 116 6345 Hollis Mountains, Rolfhaven, WI 76124",54.0,2024,11,16
79897,50333,21761,1,31.99,2024-12-11 23:51:13+00:00,Unknown,31.99,2024,12,11
80239,49704,21863,1,50.1,2024-09-16 19:53:10+00:00,"172 Heaney Ramp, Huelmouth, LA 37842",50.1,2024,9,16
83851,49438,21530,1,61.8,2024-09-11 22:33:49+00:00,Unknown,61.8,2024,9,11
82676,49337,21740,1,69.6,2025-01-16 12:54:00+00:00,Unknown,69.6,2025,1,16
78335,48818,21600,2,33.59,2024-07-15 15:22:32+00:00,Unknown,67.18,2024,7,15
79124,49027,21720,1,30.25,2024-10-28 00:38:00+00:00,Unknown,30.25,2024,10,28
80580,50031,21296,5,64.5,2025-04-08 11:03:09+00:00,Unknown,322.5,2025,4,8
79115,48979,21741,2,37.0,2025-04-27 15:26:56+00:00,Unknown,74.0,2025,4,27
84380,49788,21342,2,61.0,2024-11-22 09:56:00+00:00,Unknown,122.0,2024,11,22
78475,49877,21380,3,82.5,2025-01-20 02:38:00+00:00,Unknown,247.5,2025,1,20
81172,49266,21775,5,66.5,2025-02-05 10:09:00+00:00,Unknown,332.5,2025,2,5
80719,50045,21700,1,50.7,2025-04-19 21:13:12+00:00,Unknown,50.7,2025,4,19
85429,48283,21453,1,58.0,2024-12-28 08:50:09+00:00,Unknown,58.0,2024,12,28
79377,49657,21440,1,23.0,2024-12-06 05:49:46+00:00,Unknown,23.0,2024,12,6
85014,49825,21785,1,79.2,2025-05-12 18:39:00+00:00,Unknown,79.2,2025,5,12
80278,48667,21645,1,51.5,2025-01-11 10:21:00+00:00,Unknown,51.5,2025,1,11
85557,49886,21987,1,45.59,2025-01-02 17:23:00+00:00,Unknown,45.59,2025,1,2
85366,49287,21929,1,66.6,2024-09-20 21:53:00+00:00,"43207 Shelton View, West Stefan, IN 35632-7241",66.6,2024,9,20
84071,48322,21465,1,68.75,2024-07-03 20:02:59+00:00,Unknown,68.75,2024,7,3
82337,48252,21584,3,54.0,2024-11-26 23:25:25+00:00,Unknown,162.0,2024,11,26
85361,48612,21467,1,51.0,2024-10-22 16:56:00+00:00,"Apt. 832 92291 Schinner Meadows, New Dionna, NH 50043",51.0,2024,10,22
82572,50186,21928,1,16.25,2025-03-23 06:03:47+00:00,"1363 Dino Neck, Markston, LA 57470",16.25,2025,3,23
84453,48137,21812,2,47.5,2025-07-13 16:18:45+00:00,Unknown,95.0,2025,7,13
79047,47928,21434,1,30.75,2024-11-13 13:42:00+00:00,Unknown,30.75,2024,11,13
83962,49233,22026,1,70.2,2024-02-23 20:14:18+00:00,"51706 Gino Expressway, Lake Hildegard, UT 72216-3912",70.2,2024,2,23
85888,50907,21543,1,50.5,2024-10-24 03:20:14+00:00,Unknown,50.5,2024,10,24
77623,50486,21539,1,14.7,2024-07-17 03:21:29+00:00,Unknown,14.7,2024,7,17
77613,50853,21989,1,89.7,2024-08-29 23:20:52+00:00,"Suite 242 914 Douglas Canyon, New Cathryntown, VT 97192",89.7,2024,8,29
83341,49965,21834,1,27.99,2025-03-13 10:20:09+00:00,Unknown,27.99,2025,3,13
79414,50573,21871,1,33.5,2025-01-27 02:02:36+00:00,Unknown,33.5,2025,1,27
83319,48503,21428,1,61.75,2024-09-02 11:26:00+00:00,Unknown,61.75,2024,9,2
82794,49170,21359,1,31.2,2024-05-21 23:15:00+00:00,Unknown,31.2,2024,5,21
79459,50270,21896,1,20.7,2024-09-12 18:19:20+00:00,Unknown,20.7,2024,9,12
80752,50405,21743,1,35.75,2024-12-28 13:18:18+00:00,Unknown,35.75,2024,12,28
84795,49074,22013,1,46.0,2024-07-30 20:48:03+00:00,Unknown,46.0,2024,7,30
78763,50459,21715,1,40.8,2024-12-04 22:38:06+00:00,Unknown,40.8,2024,12,4
84560,48930,21815,1,18.75,2024-10-24 14:42:11+00:00,Unknown,18.75,2024,10,24
85127,49400,21505,1,42.5,2024-09-03 15:14:12+00:00,Unknown,42.5,2024,9,3
85234,48136,21495,1,50.0,2025-02-07 11:00:57+00:00,Unknown,50.0,2025,2,7
86037,48553,21597,1,70.75,2025-01-27 09:25:11+00:00,Unknown,70.75,2025,1,27
86418,50593,21751,1,71.0,2025-02-20 04:49:00+00:00,"4500 Schneider Isle, Andersonport, MN 83192",71.0,2025,2,20
77654,49579,21891,3,63.0,2024-08-17 02:31:00+00:00,Unknown,189.0,2024,8,17
84893,48879,21492,1,26.99,2025-06-21 01:50:40+00:00,Unknown,26.99,2025,6,21
77975,49420,21601,1,53.5,2024-10-14 12:17:00+00:00,Unknown,53.5,2024,10,14
79849,48972,21969,1,57.99,2024-09-12 15:36:51+00:00,Unknown,57.99,2024,9,12
81580,48714,21504,1,57.0,2024-11-11 10:42:48+00:00,Unknown,57.0,2024,11,11
84810,48755,21937,1,65.7,2025-03-31 02:35:00+00:00,Unknown,65.7,2025,3,31
84142,48735,21554,1,69.75,2025-01-15 07:33:43+00:00,Unknown,69.75,2025,1,15
85860,50035,21832,1,32.0,2025-05-23 11:40:55+00:00,Unknown,32.0,2025,5,23
80183,48823,21368,1,45.0,2025-04-17 09:49:00+00:00,Unknown,45.0,2025,4,17
79374,47764,21995,1,45.25,2025-02-11 04:47:00+00:00,Unknown,45.25,2025,2,11
84103,50422,21801,1,47.1,2024-10-21 19:19:18+00:00,"Apt. 994 752 Bernarda Stream, Port Michaelmouth, DE 61614",47.1,2024,10,21
78500,49378,21808,2,70.2,2024-08-24 12:30:24+00:00,Unknown,140.4,2024,8,24
78658,50595,21547,1,68.4,2024-12-11 05:28:28+00:00,"Apt. 101 20379 Iris Ways, Sydneyshire, OK 70137-3865",68.4,2024,12,11
81700,49191,21507,1,43.8,2024-12-08 00:42:52+00:00,Unknown,43.8,2024,12,8
86062,48395,21304,1,17.5,2025-03-14 12:02:43+00:00,Unknown,17.5,2025,3,14
85934,48062,21761,2,29.25,2024-12-12 08:34:00+00:00,"Suite 648 36683 Breitenberg Underpass, New Chet, IA 90233",58.5,2024,12,12
80147,50172,22017,1,27.75,2024-08-17 18:40:37+00:00,Unknown,27.75,2024,8,17
83123,48976,21489,3,25.5,2024-06-09 03:32:00+00:00,"Apt. 836 2685 Clyde Ranch, Houstonfort, OR 34946",76.5,2024,6,9
85160,48227,21895,5,17.25,2024-08-12 18:44:00+00:00,Unknown,86.25,2024,8,12
86273,49267,22009,1,28.5,2024-09-23 05:21:00+00:00,Unknown,28.5,2024,9,23
84665,50742,21335,1,30.75,2024-05-27 20:58:40+00:00,Unknown,30.75,2024,5,27
86195,48081,21882,1,41.25,2025-04-28 22:31:24+00:00,Unknown,41.25,2025,4,28
83850,51076,21369,1,35.25,2024-12-19 01:17:16+00:00,Unknown,35.25,2024,12,19
83757,47746,21632,2,70.0,2025-05-12 11:26:50+00:00,Unknown,140.0,2025,5,12
81891,49864,21508,1,27.0,2025-02-09 16:36:23+00:00,Unknown,27.0,2025,2,9
85874,50910,21900,2,73.5,2024-06-02 05:46:22+00:00,Unknown,147.0,2024,6,2
80196,48825,21698,1,56.1,2025-03-10 18:42:13+00:00,Unknown,56.1,2025,3,10
81825,50803,21308,1,34.5,2025-04-02 18:42:00+00:00,"889 Mason Street, Hartmannview, TX 13646",34.5,2025,4,2
80162,48870,21998,1,16.0,2025-02-19 10:22:39+00:00,Unknown,16.0,2025,2,19
80490,48183,21316,1,31.25,2025-02-04 19:48:48+00:00,Unknown,31.25,2025,2,4
80912,50375,21802,2,43.0,2025-06-22 04:13:17+00:00,Unknown,86.0,2025,6,22
82893,47888,21789,1,25.5,2025-04-05 21:22:00+00:00,Unknown,25.5,2025,4,5
79516,48079,21791,1,56.4,2024-11-08 02:38:37+00:00,Unknown,56.4,2024,11,8
78234,49291,21758,3,45.0,2025-03-30 11:17:00+00:00,Unknown,135.0,2025,3,30
84116,47683,21768,1,20.75,2025-04-12 09:19:00+00:00,"Apt. 251 9928 Erdman Summit, East Micheline, GA 85643-7396",20.75,2025,4,12
80593,48424,21778,1,39.5,2024-12-30 04:09:00+00:00,Unknown,39.5,2024,12,30
83338,49785,21884,1,33.0,2024-09-08 16:09:55+00:00,Unknown,33.0,2024,9,8
83101,50798,21852,1,42.0,2024-12-16 01:30:35+00:00,Unknown,42.0,2024,12,16
82346,47744,21552,5,71.75,2024-11-25 09:43:49+00:00,Unknown,358.75,2024,11,25
84567,50104,21408,1,53.99,2024-10-27 17:40:00+00:00,Unknown,53.99,2024,10,27
79581,48610,21817,1,63.0,2024-12-21 20:48:37+00:00,Unknown,63.0,2024,12,21
79617,48146,21340,1,52.5,2024-09-20 18:49:41+00:00,Unknown,52.5,2024,9,20
84959,48215,22041,1,38.5,2025-04-14 12:14:00+00:00,Unknown,38.5,2025,4,14
86283,50700,21393,1,68.4,2024-06-14 09:00:25+00:00,Unknown,68.4,2024,6,14
79311,50269,21879,1,56.0,2024-08-18 01:55:47.020000+00:00,Unknown,56.0,2024,8,18
85607,47702,21554,2,68.25,2024-07-13 23:29:50+00:00,Unknown,136.5,2024,7,13
81820,50174,21601,1,56.25,2025-02-08 03:58:00+00:00,"739 Felicia Shores, New Leonardo, MI 50300-4369",56.25,2025,2,8
86311,49371,21855,1,58.0,2024-08-29 17:11:42+00:00,"Apt. 620 4555 Youlanda Prairie, West Cristobalhaven, KS 66237",58.0,2024,8,29
79844,48353,21303,2,55.25,2025-03-24 22:34:50+00:00,Unknown,110.5,2025,3,24
85486,48352,21300,1,42.0,2024-11-16 02:36:06+00:00,Unknown,42.0,2024,11,16
85671,50068,22023,1,16.5,2025-04-21 05:28:52+00:00,Unknown,16.5,2025,4,21
83465,48770,21598,1,20.99,2024-05-07 19:58:13+00:00,"31500 Felice Pike, South Cindyborough, HI 52687-6467",20.99,2024,5,7
82459,50133,22045,1,37.99,2024-07-28 01:08:25+00:00,Unknown,37.99,2024,7,28
80624,49866,21855,1,56.99,2024-06-23 12:10:00+00:00,Unknown,56.99,2024,6,23
78759,47672,21977,3,31.5,2025-01-04 10:10:25+00:00,Unknown,94.5,2025,1,4
84719,50861,21973,1,69.5,2024-09-20 05:41:59+00:00,Unknown,69.5,2024,9,20
82030,48665,21810,1,50.0,2025-01-04 04:30:03+00:00,Unknown,50.0,2025,1,4
78448,49620,21967,1,38.5,2025-07-19 06:04:00+00:00,Unknown,38.5,2025,7,19
78464,48940,22024,1,72.0,2024-10-15 21:14:00+00:00,Unknown,72.0,2024,10,15
86173,50301,21746,5,20.4,2024-12-05 01:33:00+00:00,Unknown,102.0,2024,12,5
86031,49778,21451,1,85.2,2025-02-27 22:11:12+00:00,Unknown,85.2,2025,2,27
84132,49066,21773,3,50.4,2024-12-06 16:33:15+00:00,Unknown,151.2,2024,12,6
82413,49179,21310,1,64.99,2025-01-19 06:16:52+00:00,Unknown,64.99,2025,1,19
78747,48188,21985,5,16.75,2024-08-25 05:38:00+00:00,Unknown,83.75,2024,8,25
79695,49048,21323,5,47.25,2025-01-16 09:56:54+00:00,Unknown,236.25,2025,1,16
80406,47730,21401,1,33.6,2024-10-26 07:53:14.973000+00:00,"Apt. 927 694 Miller Canyon, North Joel, VT 02823-6834",33.6,2024,10,26
77955,47938,21455,2,61.5,2024-12-06 07:55:23+00:00,Unknown,123.0,2024,12,6
80604,48153,21961,3,27.99,2025-04-11 11:30:55+00:00,Unknown,83.97,2025,4,11
85078,49561,21681,1,32.99,2025-05-08 17:18:00+00:00,Unknown,32.99,2025,5,8
83321,48038,21512,1,86.39,2024-08-24 19:26:19+00:00,Unknown,86.39,2024,8,24
85460,49248,21417,1,61.0,2025-03-19 14:47:00+00:00,Unknown,61.0,2025,3,19
78755,49212,21991,1,71.5,2025-05-11 06:19:10+00:00,"36356 Davis Plains, Dannyshire, TN 38781",71.5,2025,5,11
84068,48198,22019,1,32.0,2024-06-10 12:09:19+00:00,Unknown,32.0,2024,6,10
79476,50732,21807,1,30.5,2024-05-25 18:15:38+00:00,Unknown,30.5,2024,5,25
84547,48240,21757,1,18.25,2025-03-18 17:23:00+00:00,Unknown,18.25,2025,3,18
85562,48549,22031,1,32.99,2024-12-11 00:44:40+00:00,"Suite 241 72999 Isreal Mews, Mariaview, MD 01948",32.99,2024,12,11
79780,49505,21777,1,32.0,2024-08-29 13:00:59+00:00,Unknown,32.0,2024,8,29
79381,50583,21562,1,39.3,2024-12-05 10:27:40+00:00,Unknown,39.3,2024,12,5
77990,49279,21811,5,30.5,2024-06-23 07:09:09+00:00,Unknown,152.5,2024,6,23
83521,50343,21411,1,34.99,2024-09-28 13:45:11+00:00,Unknown,34.99,2024,9,28
82681,49748,21376,2,57.25,2025-01-12 18:17:37+00:00,Unknown,114.5,2025,1,12
86240,48630,21592,1,58.5,2024-10-15 10:50:17+00:00,Unknown,58.5,2024,10,15
85442,49445,22047,4,79.8,2025-06-30 01:55:52+00:00,Unknown,319.2,2025,6,30
81403,48682,21888,1,84.0,2025-02-18 04:18:22+00:00,"85641 Chelsie Plaza, Darrenberg, NY 80932-7313",84.0,2025,2,18
85875,49460,21711,1,22.0,2024-10-17 09:25:20.615000+00:00,Unknown,22.0,2024,10,17
81937,48525,21927,1,37.0,2024-11-25 21:00:52+00:00,"81726 Marsha Tunnel, South Shanelland, ME 72763",37.0,2024,11,25
80184,49210,21385,3,32.4,2024-12-16 00:46:22+00:00,Unknown,97.2,2024,12,16
78590,49822,21891,1,76.79,2024-10-18 15:35:54+00:00,Unknown,76.79,2024,10,18
82404,49959,21438,2,21.5,2025-03-29 22:46:12+00:00,Unknown,43.0,2025,3,29
79122,50333,21622,3,47.75,2024-12-25 00:35:44+00:00,Unknown,143.25,2024,12,25
84951,50080,21420,1,24.25,2024-12-13 22:15:18+00:00,Unknown,24.25,2024,12,13
83329,48134,21610,1,66.6,2024-04-30 20:27:00+00:00,Unknown,66.6,2024,4,30
86490,47887,21642,1,36.5,2025-03-11 00:41:11+00:00,"Suite 112 240 Duncan Trail, West Lauren, WV 36366-5128",36.5,2025,3,11
84938,48157,21597,1,83.1,2024-07-09 21:50:37.436000+00:00,Unknown,83.1,2024,7,9
79254,48162,21553,1,41.75,2024-11-14 00:35:34+00:00,Unknown,41.75,2024,11,14
83184,50056,21817,1,66.5,2025-05-30 13:52:23+00:00,Unknown,66.5,2025,5,30
80135,49325,21965,2,70.5,2025-03-29 13:44:00+00:00,Unknown,141.0,2025,3,29
82102,48740,21582,1,64.5,2024-09-02 22:07:00+00:00,Unknown,64.5,2024,9,2
80951,49192,21316,1,34.99,2025-04-19 07:37:03+00:00,Unknown,34.99,2025,4,19
79318,49316,21608,1,54.99,2024-05-21 23:25:57+00:00,Unknown,54.99,2024,5,21
84948,49658,21822,1,33.6,2024-05-26 13:51:51+00:00,Unknown,33.6,2024,5,26
84442,50861,21749,1,71.0,2024-12-10 17:04:04+00:00,Unknown,71.0,2024,12,10
78961,49527,21429,1,32.39,2025-05-07 23:47:44+00:00,Unknown,32.39,2025,5,7
85246,50471,21703,1,66.75,2025-03-10 19:27:52+00:00,"Suite 290 5294 Trantow Hills, Murrayburgh, MT 80829",66.75,2025,3,10
81982,47825,21988,1,45.75,2024-08-14 17:48:36+00:00,"Suite 346 8872 Pedro Lake, South Americahaven, MO 27140-0636",45.75,2024,8,14
78932,50228,21340,3,49.99,2025-03-27 14:41:46+00:00,Unknown,149.97,2025,3,27
82057,48028,21654,2,52.8,2024-08-31 02:12:44.612000+00:00,Unknown,105.6,2024,8,31
78971,51126,21371,4,55.0,2025-01-27 19:04:00+00:00,Unknown,220.0,2025,1,27
80375,51042,21661,1,66.0,2024-12-21 01:34:00+00:00,Unknown,66.0,2024,12,21
79105,50253,21983,1,61.0,2025-04-25 11:40:09+00:00,"71598 Witting Forges, Robinton, NY 31933-3587",61.0,2025,4,25
80902,50186,21573,1,32.0,2024-07-26 09:53:07+00:00,Unknown,32.0,2024,7,26
86061,49725,21775,4,81.0,2024-05-14 04:01:28+00:00,Unknown,324.0,2024,5,14
79559,49300,21322,1,28.0,2025-05-27 06:22:31+00:00,Unknown,28.0,2025,5,27
80311,48710,21557,1,77.7,2025-05-01 13:46:51+00:00,Unknown,77.7,2025,5,1
86024,47926,21822,1,27.25,2024-08-20 17:56:00+00:00,Unknown,27.25,2024,8,20
78049,47780,21769,3,81.59,2024-09-05 14:04:00+00:00,Unknown,244.77,2024,9,5
81742,49390,21408,1,42.25,2024-11-30 07:38:14+00:00,Unknown,42.25,2024,11,30
82714,49256,21555,2,48.75,2024-04-30 15:14:08+00:00,"Apt. 875 1061 Wunsch Landing, Shieldsland, KS 77811",97.5,2024,4,30
85121,48840,21337,1,39.0,2025-01-11 09:08:38+00:00,Unknown,39.0,2025,1,11
78570,50051,22025,1,57.99,2024-12-21 04:14:00+00:00,Unknown,57.99,2024,12,21
82304,49257,21659,1,35.0,2025-02-02 08:43:00+00:00,Unknown,35.0,2025,2,2
85812,50885,21951,3,34.0,2024-10-02 05:57:22+00:00,Unknown,102.0,2024,10,2
82636,50141,22038,1,35.5,2024-10-30 14:23:23+00:00,Unknown,35.5,2024,10,30
80270,51036,22030,2,16.2,2024-12-22 09:40:00+00:00,Unknown,32.4,2024,12,22
83776,51037,21905,1,37.19,2024-10-15 08:06:22+00:00,Unknown,37.19,2024,10,15
80852,48235,21718,2,46.99,2025-03-19 18:22:20+00:00,Unknown,93.98,2025,3,19
84933,50958,21451,1,73.0,2024-12-16 03:02:34+00:00,Unknown,73.0,2024,12,16
80382,49749,21594,1,20.7,2024-11-16 15:45:29+00:00,"61534 Botsford Fort, West Beulah, OR 68361-4761",20.7,2024,11,16
84236,49841,21379,1,22.99,2024-09-12 13:22:28+00:00,Unknown,22.99,2024,9,12
83313,48856,21642,1,48.9,2024-12-21 06:18:13+00:00,Unknown,48.9,2024,12,21
79916,50723,21854,1,61.0,2025-04-04 01:01:57.528000+00:00,Unknown,61.0,2025,4,4
78754,50613,21705,1,61.0,2024-11-16 22:46:10+00:00,"Suite 858 2872 Stanley Greens, East Valentine, PA 05359",61.0,2024,11,16
83309,49188,21785,1,61.0,2025-04-13 06:59:51+00:00,"6483 Koch Flats, Wolfffort, TN 25840-2479",61.0,2025,4,13
78390,50451,21619,1,62.39,2025-01-02 03:33:00+00:00,Unknown,62.39,2025,1,2
82098,47976,21577,1,64.5,2024-07-21 04:11:37+00:00,"565 Edmond Route, Lockmanstad, NE 70837",64.5,2024,7,21
78844,50921,21582,1,64.0,2024-07-04 10:29:14+00:00,"Apt. 376 78250 Ulysses Inlet, Lake Unbury, MI 01680",64.0,2024,7,4
81006,49941,21404,1,20.0,2025-02-18 15:26:47+00:00,"Suite 656 97144 Emory Fords, South Derek, WY 75506",20.0,2025,2,18
80306,48048,21398,1,32.99,2024-09-08 13:01:01+00:00,Unknown,32.99,2024,9,8
81422,50586,21821,1,70.0,2025-01-08 17:07:12+00:00,Unknown,70.0,2025,1,8
77745,49530,21998,3,18.0,2025-01-24 05:52:45+00:00,Unknown,54.0,2025,1,24
78890,48683,21884,1,37.8,2024-11-05 17:42:01+00:00,Unknown,37.8,2024,11,5
79361,50456,21547,1,70.5,2024-11-05 17:00:00+00:00,Unknown,70.5,2024,11,5
78599,48911,22007,5,53.4,2024-09-18 06:22:08+00:00,Unknown,267.0,2024,9,18
81025,49241,21383,1,56.7,2024-10-28 12:45:16+00:00,Unknown,56.7,2024,10,28
80789,50748,22001,1,60.99,2024-06-03 05:05:00+00:00,"93522 Austin Brook, Lake Karlene, AL 39785-7005",60.99,2024,6,3
77657,49021,22022,1,55.99,2024-11-30 08:11:55+00:00,"183 MacGyver Knoll, North Mauricioville, FL 34516-7664",55.99,2024,11,30
79867,48225,21763,1,37.5,2025-01-21 13:29:43+00:00,Unknown,37.5,2025,1,21
79651,50241,21466,1,39.6,2025-01-18 07:15:29+00:00,Unknown,39.6,2025,1,18
86383,48433,21447,1,59.7,2025-02-27 18:06:53+00:00,Unknown,59.7,2025,2,27
80516,49163,21627,2,68.99,2025-01-11 10:11:18+00:00,Unknown,137.98,2025,1,11
85700,50351,21542,1,32.75,2025-02-11 14:09:00+00:00,Unknown,32.75,2025,2,11
81219,49131,21943,1,72.99,2025-04-12 00:25:00+00:00,"42872 Klein Locks, Port Lynettaburgh, MI 45172-0002",72.99,2025,4,12
85941,48563,21543,1,53.0,2025-01-05 23:54:18+00:00,Unknown,53.0,2025,1,5
81090,50924,21465,1,83.4,2025-01-31 08:41:02+00:00,Unknown,83.4,2025,1,31
81302,49479,21392,1,60.0,2025-02-06 15:07:20+00:00,Unknown,60.0,2025,2,6
80932,51126,21387,1,61.19,2024-04-30 16:55:00+00:00,Unknown,61.19,2024,4,30
82143,50079,21762,1,28.0,2025-03-06 18:29:16+00:00,Unknown,28.0,2025,3,6
80103,47831,21661,1,79.8,2025-01-08 10:58:53+00:00,"850 Brekke Road, Watsicamouth, MS 42510",79.8,2025,1,8
81396,49521,21923,1,16.0,2025-01-17 01:44:00+00:00,Unknown,16.0,2025,1,17
78168,49920,21313,1,40.25,2025-05-07 05:46:58+00:00,Unknown,40.25,2025,5,7
82790,50502,21473,1,43.5,2024-08-10 02:25:59+00:00,"Apt. 177 370 Elza Camp, Milfordhaven, MI 91351",43.5,2024,8,10
85610,48610,21432,3,33.25,2024-08-16 01:05:12+00:00,"48737 Tawny Underpass, New Rosalvaland, WI 11600",99.75,2024,8,16
80558,50789,21728,1,63.3,2024-10-26 11:23:30+00:00,Unknown,63.3,2024,10,26
80882,50592,21603,1,48.5,2024-04-03 05:33:25+00:00,Unknown,48.5,2024,4,3
82929,48945,21393,2,54.0,2024-10-19 12:08:11+00:00,Unknown,108.0,2024,10,19
80849,48541,21920,1,28.8,2024-08-07 03:55:55+00:00,Unknown,28.8,2024,8,7
86013,50689,21577,1,79.8,2025-05-12 10:26:07+00:00,Unknown,79.8,2025,5,12
79542,50556,21603,1,49.0,2025-09-29 12:55:31+00:00,"30070 Will Branch, South Brandafurt, MN 15307-8788",49.0,2025,9,29
86386,48135,21532,2,21.6,2025-03-17 00:01:02.413000+00:00,Unknown,43.2,2025,3,17
84348,49237,21563,1,71.25,2024-07-07 02:07:00+00:00,Unknown,71.25,2024,7,7
85185,47972,21565,1,28.5,2024-12-24 16:18:46+00:00,Unknown,28.5,2024,12,24
79247,48896,21975,3,66.5,2025-03-12 19:04:40+00:00,Unknown,199.5,2025,3,12
79979,47704,21361,1,80.39,2024-09-02 02:52:00+00:00,Unknown,80.39,2024,9,2
85233,48264,21967,1,43.5,2025-05-27 01:36:52+00:00,Unknown,43.5,2025,5,27
79579,49492,21521,2,60.9,2025-05-26 22:49:48+00:00,"5580 Daugherty Vista, South Micahfort, OH 35987-2835",121.8,2025,5,26
80313,49368,21876,1,36.0,2025-01-29 16:00:45+00:00,Unknown,36.0,2025,1,29
85273,51002,21850,2,61.75,2025-03-18 04:44:46+00:00,Unknown,123.5,2025,3,18
78748,49757,21335,1,32.5,2025-02-10 07:15:02.775000+00:00,Unknown,32.5,2025,2,10
78963,49191,21363,1,85.2,2025-06-15 08:19:33+00:00,Unknown,85.2,2025,6,15
86012,48456,21634,1,73.0,2024-12-09 22:01:57+00:00,Unknown,73.0,2024,12,9
82212,48550,21435,5,37.75,2024-12-28 00:12:38.996000+00:00,"Suite 806 311 Bernier Neck, Yundtburgh, VT 86887-8743",188.75,2024,12,28
83526,51110,22040,1,28.0,2025-05-20 14:55:08+00:00,Unknown,28.0,2025,5,20
78090,50407,21678,2,90.9,2024-09-07 15:28:54+00:00,Unknown,181.8,2024,9,7
84089,49385,21546,2,44.25,2025-09-24 17:52:30+00:00,Unknown,88.5,2025,9,24
86213,48294,21867,1,59.25,2024-11-06 00:48:14+00:00,Unknown,59.25,2024,11,6
85654,50267,21389,4,56.75,2024-10-18 10:48:24+00:00,Unknown,227.0,2024,10,18
78043,50517,22042,1,63.6,2024-06-12 13:09:21+00:00,Unknown,63.6,2024,6,12
79666,48829,21712,1,72.5,2024-09-03 16:56:00+00:00,Unknown,72.5,2024,9,3
82952,49238,21811,4,36.6,2025-01-15 20:09:10+00:00,"22640 Blick Shore, South Hipolitostad, MA 42352-4896",146.4,2025,1,15
78865,50460,21474,1,24.9,2025-06-16 22:01:00+00:00,Unknown,24.9,2025,6,16
84890,49896,21981,2,28.5,2024-07-02 06:37:00+00:00,"5040 Elfriede Forges, Lake Argentina, MI 25198",57.0,2024,7,2
80715,47831,21739,5,41.75,2024-07-16 21:21:58.137000+00:00,Unknown,208.75,2024,7,16
85126,49543,21958,1,73.5,2024-12-27 08:36:38.457000+00:00,"Apt. 917 6627 Armstrong Forge, West Abrahambury, LA 47576-7509",73.5,2024,12,27
85788,48452,21467,1,48.0,2025-07-20 14:47:16+00:00,Unknown,48.0,2025,7,20
80836,49315,22031,1,37.8,2024-12-02 05:03:00+00:00,Unknown,37.8,2024,12,2
85432,49714,21463,1,28.5,2024-08-24 08:07:08+00:00,"44893 Dalton Trace, Parkerberg, IL 29124",28.5,2024,8,24
81381,50479,21713,1,46.5,2024-06-28 01:14:00+00:00,"4716 Waneta Mission, Powlowskiberg, ND 17807-6169",46.5,2024,6,28
83412,48138,21595,1,52.25,2025-05-18 14:18:00+00:00,Unknown,52.25,2025,5,18
83781,47666,21777,1,30.0,2024-08-27 17:58:19+00:00,Unknown,30.0,2024,8,27
82601,50220,21842,1,72.9,2025-04-23 06:59:06+00:00,Unknown,72.9,2025,4,23
80422,47723,21604,1,82.8,2024-08-16 09:52:00+00:00,"Suite 596 3441 Ines Mews, South Cruz, TN 62318",82.8,2024,8,16
78644,50651,21482,1,66.0,2024-11-06 10:24:15+00:00,Unknown,66.0,2024,11,6
83511,50465,21679,2,33.6,2024-10-10 17:39:00+00:00,Unknown,67.2,2024,10,10
82634,47790,21998,2,16.25,2025-04-05 02:35:21+00:00,Unknown,32.5,2025,4,5
78408,48152,21786,1,63.6,2024-10-30 12:43:00+00:00,Unknown,63.6,2024,10,30
83876,49715,21327,1,19.99,2025-02-02 17:46:08+00:00,Unknown,19.99,2025,2,2
80747,48058,21463,2,36.0,2024-05-22 03:47:42+00:00,Unknown,72.0,2024,5,22
84578,48333,21341,5,21.5,2025-03-12 22:56:00+00:00,Unknown,107.5,2025,3,12
82222,51019,21818,1,19.0,2025-05-25 08:48:32+00:00,Unknown,19.0,2025,5,25
83134,47781,21536,1,39.5,2024-04-22 18:36:18+00:00,Unknown,39.5,2024,4,22
85052,50928,21791,1,44.0,2024-05-12 20:06:07+00:00,Unknown,44.0,2024,5,12
81904,50334,21975,2,70.5,2024-03-01 13:26:27+00:00,Unknown,141.0,2024,3,1
79786,48346,22039,1,77.4,2024-11-27 00:57:00+00:00,"Apt. 390 2423 Murray Overpass, Hermistonfort, MO 75440",77.4,2024,11,27
85835,51031,21544,1,15.6,2025-08-24 11:12:08+00:00,Unknown,15.6,2025,8,24
78992,51085,21718,1,51.6,2025-03-02 03:20:00+00:00,Unknown,51.6,2025,3,2
82338,49912,21634,2,71.0,2024-02-28 22:32:26+00:00,Unknown,142.0,2024,2,28
85413,48424,21889,3,43.0,2024-06-25 14:13:43.809000+00:00,Unknown,129.0,2024,6,25
83264,49320,21934,1,44.0,2024-09-21 03:17:00+00:00,Unknown,44.0,2024,9,21
86131,47849,21862,2,58.99,2025-02-10 12:06:17+00:00,Unknown,117.98,2025,2,10
85178,49436,21992,1,31.0,2025-01-10 05:41:01+00:00,"920 Ned Shore, West Madieside, MN 35596-1549",31.0,2025,1,10
79608,49679,21383,1,52.0,2024-12-23 02:19:20.404000+00:00,Unknown,52.0,2024,12,23
80768,47912,21793,2,31.0,2025-09-16 00:29:00+00:00,Unknown,62.0,2025,9,16
81017,48907,21925,1,25.0,2024-10-24 11:01:30+00:00,Unknown,25.0,2024,10,24
80304,47807,21652,1,70.8,2024-10-05 08:09:00+00:00,Unknown,70.8,2024,10,5
79411,49566,21957,2,68.39,2025-03-30 17:01:53+00:00,"705 Altenwerth Station, East Clay, IL 83547",136.78,2025,3,30
84296,48230,22052,1,22.0,2025-06-16 02:51:20+00:00,Unknown,22.0,2025,6,16
83648,48132,22054,1,79.2,2024-09-01 07:46:58+00:00,Unknown,79.2,2024,9,1
81901,49303,21672,1,65.0,2024-12-19 03:25:54+00:00,Unknown,65.0,2024,12,19
82110,49064,21735,4,39.6,2025-01-06 01:05:10.121000+00:00,Unknown,158.4,2025,1,6
86327,50527,21505,1,47.7,2024-11-25 20:31:29+00:00,Unknown,47.7,2024,11,25
78243,48468,21759,1,55.99,2024-10-08 10:29:51+00:00,Unknown,55.99,2024,10,8
80140,50545,21845,4,71.25,2025-05-03 01:25:32+00:00,Unknown,285.0,2025,5,3
81634,48211,21790,1,70.0,2024-07-02 20:23:11+00:00,Unknown,70.0,2024,7,2
80661,50823,21309,1,33.6,2025-05-05 14:37:00+00:00,Unknown,33.6,2025,5,5
80343,50851,21304,1,18.6,2025-08-06 12:52:10+00:00,Unknown,18.6,2025,8,6
80915,50688,21817,2,65.5,2024-10-19 10:51:40+00:00,Unknown,131.0,2024,10,19
79696,50186,21555,1,44.99,2024-04-02 19:43:00+00:00,Unknown,44.99,2024,4,2
82780,48294,21920,1,28.2,2024-05-20 01:24:00+00:00,Unknown,28.2,2024,5,20
83903,50910,21889,2,44.0,2024-08-11 14:48:51+00:00,Unknown,88.0,2024,8,11
83194,47934,21640,1,41.99,2024-05-18 05:36:00+00:00,"800 Mina Corner, New William, MO 02066",41.99,2024,5,18
83988,47919,21764,1,62.4,2024-10-07 12:37:45+00:00,Unknown,62.4,2024,10,7
81658,50103,21542,5,38.7,2024-09-03 01:25:00+00:00,Unknown,193.5,2024,9,3
82158,50628,21757,1,21.3,2024-10-12 17:56:40.792000+00:00,Unknown,21.3,2024,10,12
80536,49057,21495,1,62.7,2025-05-30 22:00:21+00:00,"222 Min Inlet, Hermannfort, ME 30936-6044",62.7,2025,5,30
77828,47734,22045,1,43.8,2025-03-31 13:45:00+00:00,Unknown,43.8,2025,3,31
84494,50643,21819,2,63.0,2025-01-19 17:15:00+00:00,Unknown,126.0,2025,1,19
83283,47711,21862,1,55.5,2025-04-08 23:04:00+00:00,Unknown,55.5,2025,4,8
80297,48817,21648,1,20.0,2024-11-15 07:28:00+00:00,Unknown,20.0,2024,11,15
83084,48495,21464,2,61.0,2025-03-31 03:06:49.910000+00:00,Unknown,122.0,2025,3,31
79094,50424,21743,1,34.25,2025-01-05 22:14:31.194000+00:00,Unknown,34.25,2025,1,5
83735,48324,21756,1,29.5,2025-02-17 22:25:02+00:00,Unknown,29.5,2025,2,17
85516,48050,21527,1,27.6,2024-11-20 08:08:41+00:00,Unknown,27.6,2024,11,20
84657,47991,21448,1,20.75,2025-01-17 01:51:00+00:00,Unknown,20.75,2025,1,17
81234,48074,21696,1,43.75,2025-04-22 21:59:00+00:00,Unknown,43.75,2025,4,22
80816,48221,21678,1,76.0,2024-09-10 12:12:40+00:00,Unknown,76.0,2024,9,10
77605,47703,21391,1,66.0,2024-09-02 06:32:08+00:00,Unknown,66.0,2024,9,2
86153,48384,21912,2,64.0,2024-10-19 10:32:16+00:00,Unknown,128.0,2024,10,19
79941,50637,21995,1,50.4,2024-10-06 02:16:56+00:00,"Apt. 638 6888 Veum Mission, Glenport, WI 02109-6960",50.4,2024,10,6
80046,50151,21407,1,59.5,2025-09-02 02:28:28+00:00,Unknown,59.5,2025,9,2
80861,50831,21938,1,88.8,2024-05-06 19:06:45+00:00,"2067 Wilbert Springs, Lake Ward, LA 03571-8262",88.8,2024,5,6
79001,48020,21460,1,75.6,2024-08-17 14:32:00+00:00,Unknown,75.6,2024,8,17
82197,47937,21813,1,30.0,2024-07-03 21:34:00+00:00,Unknown,30.0,2024,7,3
81022,48130,21670,1,25.0,2024-11-20 03:13:20.505000+00:00,Unknown,25.0,2024,11,20
82977,51001,21560,1,17.25,2024-10-09 07:00:00+00:00,Unknown,17.25,2024,10,9
82075,47949,21387,1,52.0,2024-11-30 08:43:51+00:00,Unknown,52.0,2024,11,30
82657,50084,21854,1,60.75,2025-02-03 20:40:44+00:00,Unknown,60.75,2025,2,3
84602,50864,21611,1,56.4,2025-07-25 02:24:35+00:00,Unknown,56.4,2025,7,25
84522,48564,21981,1,19.25,2024-11-30 01:12:00+00:00,Unknown,19.25,2024,11,30
86243,48235,21818,1,27.9,2025-04-23 23:46:04+00:00,"Suite 332 431 Tamala Harbors, West Devona, CT 54753-3532",27.9,2025,4,23
83187,49131,21433,1,48.75,2025-03-10 09:27:48.601000+00:00,"42872 Klein Locks, Port Lynettaburgh, MI 45172-0002",48.75,2025,3,10
82682,50055,21712,1,84.9,2024-03-26 15:37:00+00:00,Unknown,84.9,2024,3,26
78930,48077,21763,5,48.6,2024-09-20 16:11:35+00:00,Unknown,243.0,2024,9,20
81156,49371,21522,1,23.1,2024-12-11 08:07:19+00:00,"Apt. 620 4555 Youlanda Prairie, West Cristobalhaven, KS 66237",23.1,2024,12,11
77859,47956,21530,1,52.75,2024-07-08 10:11:50.634000+00:00,Unknown,52.75,2024,7,8
85424,48567,21734,5,48.5,2024-03-20 09:52:47+00:00,Unknown,242.5,2024,3,20
79222,47921,21342,1,70.79,2024-09-02 15:42:21+00:00,"Suite 400 52022 Laquanda Trail, Prosaccoview, IA 84755",70.79,2024,9,2
86333,48209,21762,1,33.0,2025-01-10 13:45:21+00:00,"317 Zboncak Canyon, Port Tyson, WY 68449",33.0,2025,1,10
82156,48550,22057,1,50.25,2024-12-12 18:09:35.223000+00:00,Unknown,50.25,2024,12,12
79663,50459,22022,1,53.75,2024-10-19 20:02:32+00:00,Unknown,53.75,2024,10,19
84399,49464,21508,1,27.5,2024-07-03 18:35:48.512000+00:00,Unknown,27.5,2024,7,3
82118,48266,21958,1,71.5,2025-02-07 13:04:54+00:00,"447 Jadwiga Locks, West Micheal, OH 21235",71.5,2025,2,7
83744,48043,21425,1,37.25,2024-04-07 04:39:32.243000+00:00,Unknown,37.25,2024,4,7
80086,50152,21487,1,37.99,2025-02-19 16:28:08+00:00,Unknown,37.99,2025,2,19
83528,49341,21569,1,42.0,2025-03-06 14:31:00+00:00,"Apt. 463 84739 Tillman Corners, Dickenschester, MA 48260",42.0,2025,3,6
83865,49721,21989,1,72.75,2024-05-23 15:34:19+00:00,Unknown,72.75,2024,5,23
82170,50309,21400,1,48.0,2025-01-08 23:16:38+00:00,"43485 Stephane Trace, North Berneice, NH 23107",48.0,2025,1,8
82340,49668,21681,2,45.3,2025-05-13 22:17:00+00:00,Unknown,90.6,2025,5,13
83487,48170,21368,3,41.99,2025-05-25 09:38:04+00:00,"365 Bartell Views, Lake Numbersland, PA 80850",125.97,2025,5,25
80684,48792,21557,1,62.5,2025-03-29 16:13:57+00:00,Unknown,62.5,2025,3,29
85565,50658,21855,2,61.99,2024-12-31 23:08:16.487000+00:00,Unknown,123.98,2024,12,31
83614,50773,22050,2,86.4,2024-05-17 20:27:10+00:00,Unknown,172.8,2024,5,17
78906,48801,21984,1,51.0,2024-10-31 10:07:15.052000+00:00,"545 Fritz Club, Lake Gene, NJ 62620",51.0,2024,10,31
77939,48378,21451,1,71.0,2025-06-18 20:44:10+00:00,Unknown,71.0,2025,6,18
78313,48538,21667,4,60.0,2024-11-26 21:39:00+00:00,"377 Nickolas Canyon, Chaschester, WA 86875-9167",240.0,2024,11,26
84141,49870,21409,1,66.5,2024-12-28 21:26:00+00:00,Unknown,66.5,2024,12,28
82334,48720,21379,2,22.0,2025-06-18 05:31:00+00:00,Unknown,44.0,2025,6,18
83401,51049,21433,2,47.0,2024-11-15 21:09:40+00:00,"894 Lynch Park, Irvinbury, MS 36580-7642",94.0,2024,11,15
86047,47835,21597,1,70.5,2024-10-21 19:42:00+00:00,Unknown,70.5,2024,10,21
84318,47705,21451,1,70.0,2025-06-29 03:24:24.634000+00:00,Unknown,70.0,2025,6,29
86194,50445,21815,1,19.2,2025-02-23 19:08:00+00:00,Unknown,19.2,2025,2,23
84238,49561,21889,1,43.75,2024-10-31 11:09:02+00:00,Unknown,43.75,2024,10,31
86046,48976,21568,2,29.4,2025-02-05 11:29:06+00:00,Unknown,58.8,2025,2,5
79917,48926,21967,1,40.0,2025-02-22 06:46:35+00:00,Unknown,40.0,2025,2,22
86146,49059,22001,1,58.5,2025-01-03 20:38:34+00:00,Unknown,58.5,2025,1,3
78219,49844,21350,1,36.0,2024-08-09 16:34:30+00:00,Unknown,36.0,2024,8,9
82659,47996,21944,1,42.0,2024-09-03 22:40:40+00:00,Unknown,42.0,2024,9,3
83473,50206,21534,1,20.5,2025-10-26 17:14:51+00:00,"131 Stiedemann Village, Corwinhaven, TX 87839-2907",20.5,2025,10,26
78083,49574,21345,2,72.25,2024-08-12 14:24:00+00:00,Unknown,144.5,2024,8,12
83771,49911,21529,2,17.0,2024-09-08 12:00:00+00:00,"384 Littel Corner, Brekkeland, UT 47764",34.0,2024,9,8
78807,48140,21778,2,38.0,2025-03-25 23:39:15+00:00,Unknown,76.0,2025,3,25
84997,50743,21335,1,30.0,2025-01-24 13:55:00+00:00,Unknown,30.0,2025,1,24
81765,49479,21675,1,20.4,2024-07-04 12:29:06+00:00,"340 Kilback Meadow, Murphyburgh, OR 67388-4077",20.4,2024,7,4
79082,49265,21330,5,47.0,2024-08-04 17:42:00+00:00,Unknown,235.0,2024,8,4
80662,50960,21793,1,28.5,2025-01-02 20:05:55+00:00,Unknown,28.5,2025,1,2
79698,50172,21888,1,75.0,2024-12-10 02:20:20+00:00,"Apt. 559 683 Shalanda Run, Laurynbury, MD 53143",75.0,2024,12,10
79918,50176,21619,2,63.0,2024-08-01 09:01:00+00:00,"Apt. 178 55466 Teofila Estate, South Nga, MA 13219-2683",126.0,2024,8,1
82899,48332,21592,1,60.5,2024-09-21 10:22:31+00:00,Unknown,60.5,2024,9,21
84549,48681,21822,1,31.5,2024-12-01 22:02:11+00:00,Unknown,31.5,2024,12,1
79011,50370,21861,2,38.5,2024-06-20 10:23:00+00:00,Unknown,77.0,2024,6,20
78974,48611,21936,1,18.6,2024-10-16 10:35:41+00:00,Unknown,18.6,2024,10,16
84542,48629,21602,1,73.8,2024-09-10 23:49:58+00:00,Unknown,73.8,2024,9,10
82344,48072,21873,3,85.19,2025-01-21 16:47:13+00:00,Unknown,255.57,2025,1,21
86189,50070,21324,1,33.9,2025-08-12 13:36:00+00:00,"Suite 502 837 Gleason Spring, Dickensville, AR 82975",33.9,2025,8,12
81626,50802,21924,1,54.5,2024-08-30 18:21:42.697000+00:00,Unknown,54.5,2024,8,30
79037,49423,22048,1,41.5,2024-12-28 17:49:50+00:00,Unknown,41.5,2024,12,28
86004,50142,22034,2,75.0,2024-07-27 08:20:34+00:00,Unknown,150.0,2024,7,27
81859,50031,21503,1,20.0,2025-03-12 19:17:51+00:00,Unknown,20.0,2025,3,12
86281,48757,21399,1,65.75,2024-08-25 07:47:00+00:00,Unknown,65.75,2024,8,25
82321,49481,21312,1,38.5,2024-10-03 15:46:00+00:00,Unknown,38.5,2024,10,3
82844,50081,21312,1,38.0,2024-08-18 06:20:05+00:00,Unknown,38.0,2024,8,18
86396,49052,21351,1,42.0,2025-02-24 19:18:24+00:00,Unknown,42.0,2025,2,24
84408,47985,21554,3,66.0,2024-06-08 12:24:34+00:00,Unknown,198.0,2024,6,8
86413,49433,21863,1,43.0,2024-09-28 09:04:00+00:00,Unknown,43.0,2024,9,28
83439,50496,21464,1,62.0,2025-02-10 06:07:00+00:00,"24239 Leannon Walk, Lake Timmy, IL 97890-1592",62.0,2025,2,10
79307,48067,21702,1,66.25,2024-08-30 00:11:42+00:00,"Apt. 992 8830 Little Inlet, Lake Kenyaborough, NM 51058",66.25,2024,8,30
78786,49016,21332,3,15.0,2024-10-15 11:43:00+00:00,Unknown,45.0,2024,10,15
85079,48681,21312,1,38.75,2025-03-05 07:06:42+00:00,Unknown,38.75,2025,3,5
81385,49390,22033,1,45.99,2024-11-30 00:25:30+00:00,Unknown,45.99,2024,11,30
85726,49779,21462,1,23.0,2024-05-19 01:03:00+00:00,Unknown,23.0,2024,5,19
79821,49693,21804,2,56.7,2025-05-29 09:10:34+00:00,Unknown,113.4,2025,5,29
79674,48565,21704,1,54.5,2024-10-07 19:28:51+00:00,Unknown,54.5,2024,10,7
79332,47937,21689,1,17.0,2024-10-17 05:05:32.815000+00:00,Unknown,17.0,2024,10,17
78925,49984,21849,1,40.2,2025-05-12 22:31:00+00:00,"Apt. 835 45421 Quitzon Groves, New Americamouth, TN 14199-5514",40.2,2025,5,12
78302,48345,21754,2,38.39,2024-07-23 01:02:00+00:00,"Suite 836 359 Myrta Prairie, Anthonyland, NH 56972",76.78,2024,7,23
78785,48136,21805,1,60.6,2024-04-05 11:35:54+00:00,"98874 Lehner Creek, East Joshuabury, MD 25912-0890",60.6,2024,4,5
82431,50124,21595,1,61.2,2024-11-09 17:17:00+00:00,Unknown,61.2,2024,11,9
79971,48853,22055,1,65.99,2025-02-10 20:27:21+00:00,Unknown,65.99,2025,2,10
85614,49374,21829,1,76.25,2024-09-24 21:46:00+00:00,"550 Stacee Roads, Goldnerhaven, OR 40589",76.25,2024,9,24
83276,51006,21835,1,68.5,2025-03-29 06:45:00+00:00,Unknown,68.5,2025,3,29
86352,50466,21401,2,27.0,2025-08-29 19:09:00+00:00,Unknown,54.0,2025,8,29
80665,51022,21364,1,72.25,2024-12-12 12:00:19+00:00,Unknown,72.25,2024,12,12
83740,49851,21670,1,21.5,2025-07-04 05:09:00+00:00,Unknown,21.5,2025,7,4
80576,48946,21371,1,50.25,2025-01-05 09:45:00+00:00,Unknown,50.25,2025,1,5
84237,50320,21394,1,81.6,2025-01-01 18:09:46+00:00,Unknown,81.6,2025,1,1
84299,50165,21576,1,24.0,2024-12-18 13:02:07+00:00,Unknown,24.0,2024,12,18
83126,48822,21371,1,61.2,2024-09-21 08:09:16+00:00,Unknown,61.2,2024,9,21
80974,49221,21799,1,28.0,2025-03-10 07:35:27+00:00,"416 Dierdre Ridge, Barttown, WA 33781-3683",28.0,2025,3,10
81518,48494,21628,1,46.0,2024-11-30 21:57:42+00:00,"Suite 954 82413 Medhurst Walk, Kenethland, MT 20670",46.0,2024,11,30
84620,50198,21851,2,23.0,2024-07-09 14:35:06+00:00,"911 Juan Pines, Blandabury, TN 28553-1430",46.0,2024,7,9
83806,48382,21849,3,33.0,2024-08-09 20:08:00+00:00,"Suite 217 43282 Agustina Plaza, West Caron, MI 59402-4621",99.0,2024,8,9
82081,50244,21296,1,51.0,2024-10-09 10:38:00+00:00,"6455 Conn Mountains, South Neelyborough, SC 65433",51.0,2024,10,9
83931,48896,21691,1,19.8,2024-09-11 00:26:45+00:00,Unknown,19.8,2024,9,11
85182,50098,21300,1,40.0,2024-10-06 23:57:00+00:00,Unknown,40.0,2024,10,6
84762,50131,21769,1,79.2,2025-04-02 12:08:44+00:00,Unknown,79.2,2025,4,2
79314,49481,21895,2,14.25,2025-02-13 08:00:48+00:00,"946 Crona Station, South Garnettburgh, NC 74262",28.5,2025,2,13
80907,48747,22042,1,52.5,2024-09-05 21:14:00+00:00,Unknown,52.5,2024,9,5
84312,50426,21953,1,52.2,2024-08-23 23:05:22.035000+00:00,Unknown,52.2,2024,8,23
78111,47999,21317,1,74.1,2025-01-29 05:09:08+00:00,Unknown,74.1,2025,1,29
85018,48730,22026,1,58.5,2024-11-20 22:25:21+00:00,"5447 MacGyver Circle, East Christoper, NV 53602",58.5,2024,11,20
78171,47752,21641,1,33.5,2024-07-24 03:45:00+00:00,Unknown,33.5,2024,7,24
86284,49817,21396,3,60.9,2024-10-18 10:34:00+00:00,Unknown,182.7,2024,10,18
84784,48899,21502,4,68.5,2024-04-19 20:41:33+00:00,Unknown,274.0,2024,4,19
84563,50878,21489,3,22.0,2024-09-09 19:46:53+00:00,Unknown,66.0,2024,9,9
81838,48302,21798,1,58.0,2025-06-20 04:56:00+00:00,Unknown,58.0,2025,6,20
84369,47816,21998,1,16.0,2025-05-04 16:08:40+00:00,Unknown,16.0,2025,5,4
79027,50711,21666,1,66.25,2025-05-02 15:37:24+00:00,Unknown,66.25,2025,5,2
78732,50429,21545,2,26.0,2024-07-30 12:19:11.341000+00:00,Unknown,52.0,2024,7,30
85188,50030,21670,1,25.8,2025-03-01 09:43:43+00:00,"4239 Thiel Lodge, South Haileyfort, MO 77801-3262",25.8,2025,3,1
86119,48741,21338,3,38.99,2024-12-09 02:50:00+00:00,"Suite 323 811 Tyler Meadow, South Kevenborough, AZ 39414",116.97,2024,12,9
81253,50778,21413,1,49.8,2024-12-07 20:03:23+00:00,Unknown,49.8,2024,12,7
77860,50992,21904,1,52.8,2025-02-28 05:55:00+00:00,Unknown,52.8,2025,2,28
81393,48128,21942,1,20.4,2024-09-20 22:33:01.950000+00:00,Unknown,20.4,2024,9,20
77905,50026,21495,2,58.8,2025-02-05 06:32:29+00:00,Unknown,117.6,2025,2,5
77609,50000,21827,2,18.25,2024-10-21 02:22:42+00:00,Unknown,36.5,2024,10,21
82848,50044,22050,1,82.2,2024-08-10 18:42:00+00:00,Unknown,82.2,2024,8,10
84045,50611,21702,1,76.8,2025-02-13 23:54:31+00:00,Unknown,76.8,2025,2,13
85589,49283,21510,1,22.99,2025-02-14 05:55:26+00:00,"Suite 860 45792 Rudolph Ramp, Ellyland, VA 47926-1701",22.99,2025,2,14
82832,49823,21897,1,54.0,2024-08-03 23:45:25+00:00,"9886 Kuhic Port, South Jamarshire, KY 85493",54.0,2024,8,3
77692,50835,21456,1,62.25,2025-02-02 00:28:00+00:00,"Apt. 417 34624 Schultz Centers, Hueystad, CA 69519",62.25,2025,2,2
79362,50169,21991,1,72.99,2024-11-24 01:06:34+00:00,"Apt. 973 291 Kuhlman Flat, West Delila, CA 37004-2612",72.99,2024,11,24
78663,48500,21677,2,29.0,2024-12-12 05:28:49+00:00,Unknown,58.0,2024,12,12
80972,49824,21954,1,47.0,2025-03-30 23:49:29+00:00,Unknown,47.0,2025,3,30
82874,50026,21646,4,88.8,2025-05-01 03:06:34+00:00,Unknown,355.2,2025,5,1
82771,50403,21666,1,82.79,2024-11-30 16:38:46+00:00,Unknown,82.79,2024,11,30
84459,49479,21519,1,54.9,2025-02-28 20:53:28+00:00,Unknown,54.9,2025,2,28
82256,48317,21566,1,30.0,2025-07-25 14:25:00+00:00,Unknown,30.0,2025,7,25
79642,50148,21483,1,54.0,2025-01-02 14:46:00+00:00,Unknown,54.0,2025,1,2
81363,50799,22031,1,35.99,2025-04-26 08:49:00+00:00,"Apt. 130 537 Elmo Mission, South Byrontown, MN 12217",35.99,2025,4,26
84599,51092,21795,1,36.0,2024-12-06 20:23:22+00:00,Unknown,36.0,2024,12,6
79833,48604,21840,2,13.0,2025-01-30 23:02:35+00:00,"58329 Douglas Mission, Hermannberg, SC 14638",26.0,2025,1,30
85077,49177,21950,2,51.0,2025-02-18 21:27:00+00:00,Unknown,102.0,2025,2,18
83241,47822,21722,1,40.5,2025-01-14 11:43:59+00:00,Unknown,40.5,2025,1,14
82260,49672,21847,3,66.0,2025-06-12 01:55:00+00:00,Unknown,198.0,2025,6,12
84925,51097,21660,2,30.5,2024-06-28 14:22:36+00:00,Unknown,61.0,2024,6,28
81457,47834,21417,1,76.8,2025-03-10 19:19:21+00:00,Unknown,76.8,2025,3,10
83496,47743,21425,1,37.0,2024-12-03 18:34:17+00:00,"Suite 481 332 Cleveland Isle, East Maifort, OK 37740-6804",37.0,2024,12,3
84110,50417,21601,1,68.4,2024-12-04 23:03:26+00:00,Unknown,68.4,2024,12,4
85717,49268,21890,1,81.0,2024-08-22 15:00:00+00:00,"Apt. 297 99416 Bernier Mission, Simonismouth, OH 99783",81.0,2024,8,22
79237,49383,21686,1,17.0,2024-09-19 19:57:59+00:00,"369 Gulgowski Road, New Ivorystad, UT 08715-3627",17.0,2024,9,19
84147,48184,21531,5,17.0,2024-11-26 15:44:04+00:00,Unknown,85.0,2024,11,26
79522,49780,21992,2,31.0,2024-12-14 09:37:10+00:00,Unknown,62.0,2024,12,14
84254,50893,21605,1,48.75,2025-04-01 12:59:32+00:00,Unknown,48.75,2025,4,1
81606,49042,21522,1,24.6,2025-07-26 03:59:00+00:00,Unknown,24.6,2025,7,26
82695,47997,21332,1,14.0,2024-05-19 07:43:03+00:00,Unknown,14.0,2024,5,19
81315,49597,21677,1,35.4,2024-09-01 23:02:00+00:00,Unknown,35.4,2024,9,1
80741,50899,21837,1,62.5,2025-02-11 03:20:00+00:00,"Apt. 284 2330 Cory Terrace, Cartwrightbury, PA 16909-7184",62.5,2025,2,11
82892,49002,21620,4,30.99,2025-09-14 22:53:24+00:00,"Apt. 434 86586 Luettgen Springs, South Demarcus, MA 77781-3110",123.96,2025,9,14
77943,48136,21325,2,52.99,2024-09-15 19:13:13+00:00,Unknown,105.98,2024,9,15
85704,50570,21339,1,69.5,2024-09-08 20:49:00+00:00,Unknown,69.5,2024,9,8
78833,49252,21519,4,49.5,2024-12-06 23:51:29+00:00,Unknown,198.0,2024,12,6
78962,48655,21619,2,59.99,2025-02-02 07:27:11+00:00,"206 Howe Forge, North Julene, IL 68896",119.98,2025,2,2
82541,50348,21532,1,16.5,2024-11-16 22:18:06+00:00,Unknown,16.5,2024,11,16
85501,48311,21707,3,71.25,2024-12-01 21:23:43.052000+00:00,Unknown,213.75,2024,12,1
84275,47781,21688,1,21.0,2025-01-12 04:08:10+00:00,Unknown,21.0,2025,1,12
80611,49087,21830,2,87.0,2024-09-30 03:15:00+00:00,Unknown,174.0,2024,9,30
83898,48580,21617,2,23.0,2024-08-09 06:00:03.361000+00:00,"904 Ryan Mission, East Thad, NV 72964",46.0,2024,8,9
86446,50472,21599,1,56.25,2024-10-15 04:48:13.759000+00:00,Unknown,56.25,2024,10,15
79095,50045,21367,1,29.25,2024-12-01 16:56:00+00:00,"Apt. 934 35782 Joan Wells, North Laveniaburgh, NE 08764",29.25,2024,12,1
83629,49574,21628,4,51.6,2024-11-07 20:24:53+00:00,"Apt. 219 9524 Funk Plain, Boscomouth, KS 61284-2434",206.4,2024,11,7
78079,50529,21547,2,64.5,2024-12-15 19:06:31+00:00,Unknown,129.0,2024,12,15
78113,49904,21867,3,72.9,2024-12-07 03:19:00+00:00,Unknown,218.7,2024,12,7
80387,48298,21296,1,51.99,2024-10-04 02:04:01+00:00,Unknown,51.99,2024,10,4
80282,47768,21554,4,66.75,2025-03-02 23:28:51+00:00,Unknown,267.0,2025,3,2
84757,48678,21880,2,40.99,2025-02-14 14:37:41+00:00,Unknown,81.98,2025,2,14
85825,48738,21990,4,45.99,2024-12-09 11:47:14+00:00,Unknown,183.96,2024,12,9
85154,48914,21653,1,35.75,2025-05-29 17:07:43+00:00,Unknown,35.75,2025,5,29
83237,47703,21677,2,30.0,2024-09-04 00:20:11+00:00,Unknown,60.0,2024,9,4
83392,50795,21495,2,50.75,2024-06-29 14:00:00+00:00,Unknown,101.5,2024,6,29
80439,49021,21555,1,45.5,2024-05-08 09:31:25+00:00,Unknown,45.5,2024,5,8
85001,48715,21524,1,48.0,2025-02-03 06:46:06+00:00,Unknown,48.0,2025,2,3
85261,49826,21599,1,58.5,2024-09-06 05:54:05+00:00,Unknown,58.5,2024,9,6
84454,49077,21749,1,84.9,2024-11-29 02:08:09+00:00,"Suite 924 671 Tremblay Junctions, Wisozkborough, SD 15932",84.9,2024,11,29
82069,50452,21801,1,39.0,2024-10-24 03:19:40+00:00,"Apt. 665 49322 Susana Forge, Brittshire, IL 79726-3322",39.0,2024,10,24
80595,49627,21364,2,71.0,2024-12-16 03:48:40+00:00,Unknown,142.0,2024,12,16
81817,49782,21923,1,15.99,2025-05-27 12:20:00+00:00,Unknown,15.99,2025,5,27
85880,50860,21982,1,39.0,2024-10-29 21:03:46+00:00,Unknown,39.0,2024,10,29
79927,49436,21587,1,69.75,2024-09-13 13:09:09+00:00,"920 Ned Shore, West Madieside, MN 35596-1549",69.75,2024,9,13
78673,47901,21887,1,34.5,2024-09-12 15:34:00+00:00,Unknown,34.5,2024,9,12
78884,48009,21835,1,68.0,2025-02-18 10:02:00+00:00,"385 Robin Route, North Hillaryfurt, OK 68901-3725",68.0,2025,2,18
78845,48627,21945,1,20.7,2024-08-15 19:11:48+00:00,"8643 Nicolas Plaza, East Pathaven, VT 45180",20.7,2024,8,15
80959,50338,21637,1,51.5,2024-08-26 12:37:26+00:00,"Apt. 980 68888 Alfred Mountain, Grahamfurt, NE 36779",51.5,2024,8,26
80704,50135,21616,1,38.99,2024-12-28 17:07:33+00:00,Unknown,38.99,2024,12,28
84850,49804,21543,2,57.6,2024-11-22 19:53:51+00:00,Unknown,115.2,2024,11,22
80108,48728,21851,1,28.0,2025-01-23 09:41:00+00:00,Unknown,28.0,2025,1,23
79785,49699,21441,2,30.3,2024-12-12 20:08:10+00:00,Unknown,60.6,2024,12,12
78119,47935,21680,1,63.6,2024-11-04 09:05:17+00:00,Unknown,63.6,2024,11,4
79408,48507,21483,1,54.75,2025-04-30 07:10:55+00:00,Unknown,54.75,2025,4,30
82641,49927,21682,1,88.8,2025-01-19 04:02:09+00:00,Unknown,88.8,2025,1,19
81212,48835,21728,2,51.99,2024-12-15 06:59:20+00:00,Unknown,103.98,2024,12,15
83839,48664,21926,1,42.5,2024-07-12 04:42:04+00:00,Unknown,42.5,2024,7,12
82837,49689,21966,4,32.4,2025-01-14 17:56:00+00:00,Unknown,129.6,2025,1,14
85015,48672,21938,5,90.6,2025-06-29 03:22:57+00:00,Unknown,453.0,2025,6,29
78411,50989,21752,1,58.5,2024-08-24 14:03:58+00:00,Unknown,58.5,2024,8,24
79350,49609,21643,3,16.5,2025-04-06 05:10:04+00:00,Unknown,49.5,2025,4,6
82278,50454,21380,1,81.6,2024-12-04 01:40:32+00:00,"Suite 201 4053 Allene Port, Hahnside, NJ 16680-7909",81.6,2024,12,4
79512,50824,21954,5,49.0,2025-02-09 10:17:39+00:00,Unknown,245.0,2025,2,9
79191,48739,21431,1,52.0,2025-05-29 02:07:51+00:00,Unknown,52.0,2025,5,29
78895,47868,21872,1,39.75,2025-06-03 03:58:42+00:00,"833 Delphine Fort, West Galina, MN 98911",39.75,2025,6,3
84337,50265,21958,1,73.0,2025-01-08 20:08:11+00:00,Unknown,73.0,2025,1,8
83154,50649,21300,1,40.25,2024-12-20 05:07:00+00:00,"806 Nick Turnpike, Torphychester, NM 30479-6964",40.25,2024,12,20
84351,50136,21517,1,62.75,2024-11-20 12:18:37+00:00,Unknown,62.75,2024,11,20
85527,48340,21802,1,47.5,2024-11-16 20:10:00+00:00,Unknown,47.5,2024,11,16
85742,50947,21786,1,51.5,2024-07-28 11:10:21+00:00,Unknown,51.5,2024,7,28
83446,49792,21718,1,46.5,2025-07-22 12:09:46+00:00,"Apt. 245 106 Parker Parkways, Lake Mammie, WY 33907-5693",46.5,2025,7,22
83952,49681,21406,1,71.0,2025-03-29 07:30:18+00:00,Unknown,71.0,2025,3,29
82175,49772,21587,1,84.0,2024-04-08 17:28:47+00:00,"38839 Kelley Pine, Teofilahaven, SC 81045",84.0,2024,4,8
81008,49169,21359,1,26.0,2025-02-02 22:56:59+00:00,Unknown,26.0,2025,2,2
84677,49133,21391,2,76.79,2024-10-07 04:25:52+00:00,Unknown,153.58,2024,10,7
78376,48497,21848,1,58.99,2024-05-04 08:14:00+00:00,"21326 Quintin Islands, West Shaeside, WI 68640-1512",58.99,2024,5,4
86125,47799,21996,5,73.0,2025-04-01 14:06:00+00:00,"785 Heaney Walks, Ruthmouth, WV 32930-2880",365.0,2025,4,1
82829,50638,21919,1,69.59,2024-10-13 21:21:19.709000+00:00,Unknown,69.59,2024,10,13
84295,49480,21514,2,74.5,2024-11-03 21:28:09+00:00,Unknown,149.0,2024,11,3
84471,48547,21967,1,42.0,2025-03-22 06:06:00+00:00,"9343 Padberg Station, Ikechester, NJ 17909",42.0,2025,3,22
86324,48551,21372,5,36.99,2025-05-09 13:07:00+00:00,"Suite 796 119 Rogahn Ferry, West Sorayatown, KY 93551-9741",184.95,2025,5,9
84648,50291,21355,1,67.19,2025-03-06 08:55:00+00:00,Unknown,67.19,2025,3,6
78465,50549,21880,1,38.5,2024-11-02 17:24:45.592000+00:00,"Suite 145 75037 Larkin Club, East Stephinehaven, ND 02178-3626",38.5,2024,11,2
82922,47745,21757,1,18.0,2024-11-10 05:57:55+00:00,Unknown,18.0,2024,11,10
86066,48394,22046,1,72.6,2025-01-20 02:11:09.661000+00:00,"Apt. 357 1152 Chance Pass, North Josue, KS 39306",72.6,2025,1,20
79272,48099,21981,1,28.79,2025-05-29 02:46:00+00:00,Unknown,28.79,2025,5,29
85493,49006,21367,1,29.5,2024-10-25 14:39:26+00:00,Unknown,29.5,2024,10,25
82047,49672,21718,1,42.25,2025-04-12 07:38:19+00:00,"Suite 878 709 Rutherford Underpass, Marianhaven, ID 53201-7847",42.25,2025,4,12
79580,50424,21301,1,45.5,2024-05-24 09:53:23.575000+00:00,Unknown,45.5,2024,5,24
79364,48657,21530,1,51.0,2025-06-20 03:04:29.891000+00:00,Unknown,51.0,2025,6,20
82811,47988,21348,2,20.99,2025-05-05 01:23:13+00:00,Unknown,41.98,2025,5,5
79256,50089,21397,2,71.25,2025-03-24 15:54:00+00:00,"57898 Eugenio Mountain, Leonorport, WV 65001-7926",142.5,2025,3,24
81202,49446,21845,2,81.59,2025-06-09 04:26:19+00:00,Unknown,163.18,2025,6,9
81027,48247,21842,1,63.99,2025-02-27 00:09:00+00:00,Unknown,63.99,2025,2,27
78886,48842,21895,1,16.5,2024-09-18 16:08:00+00:00,Unknown,16.5,2024,9,18
78835,50637,21532,1,16.0,2024-09-02 00:59:40+00:00,Unknown,16.0,2024,9,2
82588,47938,21932,2,24.0,2025-05-12 15:48:06+00:00,"Apt. 632 25563 Herb Street, East Linnie, GA 04626",48.0,2025,5,12
81329,50880,21362,1,22.2,2025-03-26 19:33:37+00:00,Unknown,22.2,2025,3,26
85522,48708,21907,2,55.5,2025-01-07 16:35:23+00:00,Unknown,111.0,2025,1,7
80779,48968,21858,1,23.0,2025-06-01 07:06:26+00:00,Unknown,23.0,2025,6,1
84464,51051,21925,1,27.5,2024-11-28 22:54:39+00:00,Unknown,27.5,2024,11,28
79023,49478,21944,1,36.25,2025-07-09 02:21:55+00:00,Unknown,36.25,2025,7,9
86248,48494,21518,1,42.25,2024-06-25 03:31:24+00:00,Unknown,42.25,2024,6,25
81054,51043,21977,1,27.5,2024-10-23 16:59:00+00:00,"74281 Zemlak Ways, West Cheryll, TX 62021",27.5,2024,10,23
79591,49983,21361,2,66.5,2024-05-14 09:32:52+00:00,"337 Irvin Crest, Smithmouth, MO 76764",133.0,2024,5,14
82982,50784,21740,4,57.5,2025-02-18 04:07:15+00:00,Unknown,230.0,2025,2,18
80022,49922,21593,2,25.2,2025-04-02 15:31:37+00:00,"2177 Antonia Crescent, Lake Britt, NM 11730",50.4,2025,4,2
83124,51079,21926,1,51.9,2025-03-27 23:47:59.273000+00:00,Unknown,51.9,2025,3,27
83312,48808,21596,1,33.0,2025-04-24 21:54:52.931000+00:00,Unknown,33.0,2025,4,24
79171,49091,21741,5,40.0,2024-07-26 01:33:18+00:00,Unknown,200.0,2024,7,26
83971,48189,21608,1,63.9,2024-04-14 21:44:00+00:00,Unknown,63.9,2024,4,14
81117,48597,21785,1,79.2,2024-04-15 10:11:00+00:00,"1935 Lewis Island, Dannielleton, TN 04678",79.2,2024,4,15
84040,50137,21666,1,68.75,2024-09-05 22:14:00+00:00,Unknown,68.75,2024,9,5
81002,50261,21456,1,75.3,2024-12-30 10:48:48+00:00,Unknown,75.3,2024,12,30
79558,49398,21929,3,59.5,2025-08-04 09:51:51+00:00,"Apt. 112 27052 Keebler Freeway, Reginaldshire, ME 87929-7838",178.5,2025,8,4
80934,50169,21518,1,40.0,2024-06-05 03:30:45+00:00,Unknown,40.0,2024,6,5
78089,50513,21831,1,52.25,2024-12-31 05:13:00+00:00,"67509 Krajcik Brooks, Lorieton, CO 17861-4481",52.25,2024,12,31
82706,49104,21351,1,39.5,2025-03-15 02:38:44+00:00,Unknown,39.5,2025,3,15
79865,51080,21300,2,50.7,2025-03-29 21:50:06+00:00,Unknown,101.4,2025,3,29
80654,50814,21478,1,47.0,2024-11-26 05:02:30+00:00,"Suite 305 77360 Chance Springs, Quintonfort, MA 69405",47.0,2024,11,26
82494,48809,21362,1,19.25,2024-11-14 18:12:08+00:00,"14267 Zemlak Ridge, Lake Dawne, OR 85497-0193",19.25,2024,11,14
85026,49973,21750,1,37.5,2024-04-23 18:55:00+00:00,Unknown,37.5,2024,4,23
81252,47970,22055,1,50.5,2024-10-02 08:17:48+00:00,"9996 Hagenes Route, Lake Lucilla, NJ 34674-1500",50.5,2024,10,2
85764,48478,21867,1,60.0,2025-01-05 16:06:00+00:00,Unknown,60.0,2025,1,5
82747,51078,21973,1,87.0,2025-01-31 05:28:08.862000+00:00,Unknown,87.0,2025,1,31
78727,48712,22047,1,66.5,2025-06-19 18:28:34+00:00,"Apt. 953 2735 Sal Valley, Stantonmouth, IN 37693-5372",66.5,2025,6,19
84497,47886,21659,3,34.0,2024-10-26 07:30:44+00:00,Unknown,102.0,2024,10,26
80057,49106,22021,1,17.25,2024-10-28 04:30:00+00:00,Unknown,17.25,2024,10,28
79309,48177,21470,1,21.6,2024-08-04 18:16:48+00:00,"1350 Jeanelle Park, Michalehaven, IN 59747-3521",21.6,2024,8,4
84871,50492,21550,1,72.5,2024-09-14 13:56:32+00:00,Unknown,72.5,2024,9,14
82594,47764,21442,5,57.9,2024-10-13 13:39:05.503000+00:00,Unknown,289.5,2024,10,13
80876,50595,21687,1,59.25,2024-12-07 17:04:35+00:00,Unknown,59.25,2024,12,7
78316,49640,22008,2,65.5,2025-01-19 01:36:24+00:00,"3389 Fisher Road, North Jesse, MN 15057-9643",131.0,2025,1,19
78394,49056,21486,2,24.5,2024-09-07 05:44:47+00:00,Unknown,49.0,2024,9,7
79584,50820,21417,3,63.99,2024-06-13 05:58:05+00:00,"432 Evelia Junction, Cassiechester, NM 04024",191.97,2024,6,13
78588,50786,22006,1,36.3,2024-09-20 00:45:00+00:00,"6212 Braun Keys, West Kirbyhaven, AL 50420-9953",36.3,2024,9,20
80522,51088,21591,1,49.0,2025-04-18 17:35:02+00:00,Unknown,49.0,2025,4,18
82916,48133,21933,1,67.2,2025-05-03 04:27:00+00:00,"Suite 945 16813 Emmerich Coves, Lake Edgar, NV 50064",67.2,2025,5,3
86421,50335,21820,1,32.99,2024-12-12 03:40:00+00:00,"44720 Vernice Row, Mandytown, MO 30155-6318",32.99,2024,12,12
79835,50353,21684,1,68.4,2024-08-13 21:42:00+00:00,"Apt. 323 8024 Wuckert Fort, Jameymouth, OR 40190",68.4,2024,8,13
86297,50585,21964,1,74.99,2024-11-06 17:19:30+00:00,Unknown,74.99,2024,11,6
84030,49671,22028,4,74.7,2025-01-05 03:26:07+00:00,"Apt. 671 83303 Schamberger Parks, Nicolburgh, WV 79219-1131",298.8,2025,1,5
83282,51095,21402,1,38.99,2024-09-02 08:34:11+00:00,Unknown,38.99,2024,9,2
77644,48322,21909,1,36.9,2024-12-05 18:20:00+00:00,Unknown,36.9,2024,12,5
81949,48640,21557,4,76.79,2024-12-26 14:29:11+00:00,Unknown,307.16,2024,12,26
77820,49577,21346,1,57.59,2025-01-07 04:51:20+00:00,Unknown,57.59,2025,1,7
84204,49649,21694,1,32.4,2024-10-16 20:54:44+00:00,Unknown,32.4,2024,10,16
85683,50742,21800,2,36.0,2024-07-09 00:56:29+00:00,Unknown,72.0,2024,7,9
84133,51056,21456,1,65.25,2025-01-11 13:16:07+00:00,"Apt. 478 75951 Dallas Loop, New Chaseburgh, NY 28226",65.25,2025,1,11
82181,49460,21418,2,35.1,2025-03-26 06:54:53+00:00,"4855 Willis Walk, Nadershire, HI 24676",70.2,2025,3,26
82062,50128,21370,1,76.2,2024-12-17 14:51:39+00:00,Unknown,76.2,2024,12,17
86246,48957,21800,2,33.5,2024-06-15 22:00:12+00:00,Unknown,67.0,2024,6,15
84932,50700,21553,2,39.0,2025-06-10 08:50:11+00:00,Unknown,78.0,2025,6,10
78042,50418,21343,3,76.5,2024-09-21 09:19:28+00:00,"Suite 926 954 Charis Plaza, South Bellaville, VA 07428-6208",229.5,2024,9,21
82704,50651,21788,1,22.75,2025-02-02 23:00:21+00:00,Unknown,22.75,2025,2,2
80965,49508,21530,1,58.2,2024-10-31 20:26:00+00:00,Unknown,58.2,2024,10,31
83054,48780,21551,1,24.0,2024-06-28 09:35:00+00:00,Unknown,24.0,2024,6,28
85282,50143,21453,1,57.0,2024-09-15 11:28:23+00:00,Unknown,57.0,2024,9,15
85344,50286,22057,4,47.5,2025-01-31 22:33:00+00:00,"743 Dibbert Trafficway, North Bobby, NV 59277",190.0,2025,1,31
82249,50627,21422,1,15.0,2025-02-04 06:15:17+00:00,Unknown,15.0,2025,2,4
85737,50047,22001,2,58.0,2025-02-07 08:22:55+00:00,Unknown,116.0,2025,2,7
80330,49964,21766,1,61.0,2024-05-23 14:14:33+00:00,Unknown,61.0,2024,5,23
81977,49115,21601,1,52.0,2024-09-09 02:32:03+00:00,Unknown,52.0,2024,9,9
81884,49883,21310,1,79.5,2025-01-16 19:15:36+00:00,Unknown,79.5,2025,1,16
81084,49508,21383,4,50.25,2025-01-01 20:43:02+00:00,Unknown,201.0,2025,1,1
82816,48408,21434,1,31.99,2024-12-21 18:00:22+00:00,Unknown,31.99,2024,12,21
78372,49345,21929,5,69.9,2024-11-16 04:47:56+00:00,"1505 Greenfelder Fall, West Stephanbury, MI 11548",349.5,2024,11,16
81912,48117,21520,1,16.5,2024-12-11 17:39:51+00:00,Unknown,16.5,2024,12,11
77612,50822,21301,1,43.0,2024-07-22 10:02:00+00:00,Unknown,43.0,2024,7,22
81652,50780,21389,1,63.6,2025-02-12 20:39:06+00:00,"8952 Philomena Village, Francesberg, NH 56690",63.6,2025,2,12
80222,49280,22049,1,29.0,2025-01-13 00:55:40+00:00,Unknown,29.0,2025,1,13
83415,49983,21998,1,17.0,2024-11-19 03:44:00+00:00,Unknown,17.0,2024,11,19
83261,50655,21752,1,57.75,2024-08-31 16:00:54+00:00,Unknown,57.75,2024,8,31
84390,48456,21873,1,85.19,2025-01-16 04:04:09+00:00,Unknown,85.19,2025,1,16
81647,48331,21897,3,57.99,2025-01-05 21:27:04+00:00,Unknown,173.97,2025,1,5
82674,48206,22034,3,71.99,2025-02-07 07:31:00+00:00,"Apt. 647 8411 Kovacek Ways, Tamaraville, AK 45901",215.97,2025,2,7
85618,48881,21329,3,55.8,2025-04-12 17:07:00+00:00,"844 Danuta Square, Gregorioborough, AL 04393",167.4,2025,4,12
85705,49073,21664,1,42.0,2025-03-24 02:22:00+00:00,Unknown,42.0,2025,3,24
78769,49148,21515,1,51.0,2025-03-25 13:58:33+00:00,"9280 Will Light, Damientown, ME 67802-9192",51.0,2025,3,25
82948,50048,21903,1,50.39,2025-03-12 18:32:54+00:00,Unknown,50.39,2025,3,12
79637,50331,21579,1,86.4,2024-12-09 09:37:00+00:00,Unknown,86.4,2024,12,9
85979,50956,22039,1,62.75,2024-12-11 19:52:00+00:00,Unknown,62.75,2024,12,11
80351,48128,21620,1,42.0,2025-01-22 19:39:49+00:00,Unknown,42.0,2025,1,22
84800,50115,21446,1,14.0,2024-05-19 01:59:25+00:00,Unknown,14.0,2024,5,19
86411,48042,21670,3,29.7,2024-10-30 06:54:30+00:00,Unknown,89.1,2024,10,30
78007,49088,21412,1,18.9,2025-01-18 20:02:40+00:00,Unknown,18.9,2025,1,18
85279,51127,21446,1,17.99,2025-02-17 14:15:34+00:00,Unknown,17.99,2025,2,17
82128,48700,21559,1,51.6,2024-09-12 01:11:14+00:00,Unknown,51.6,2024,9,12
79184,51006,21520,1,18.99,2024-12-26 20:16:30+00:00,Unknown,18.99,2024,12,26
80307,51022,21383,2,47.75,2025-03-15 09:10:01+00:00,"Suite 236 54131 Senger Lane, North Cherry, KS 99009",95.5,2025,3,15
78331,48211,21762,1,30.5,2024-09-04 10:23:21+00:00,Unknown,30.5,2024,9,4
86510,48404,21297,1,24.25,2025-05-26 02:08:00+00:00,Unknown,24.25,2025,5,26
83862,49232,21371,4,60.9,2024-08-29 02:23:00+00:00,"77163 Fisher Meadows, Antoniohaven, TN 37059-8942",243.6,2024,8,29
81285,50437,21850,1,58.0,2024-07-17 07:07:51+00:00,"17265 Ruben Island, South Laurelmouth, MT 04696",58.0,2024,7,17
80736,50620,21875,1,46.5,2024-11-24 13:12:00+00:00,Unknown,46.5,2024,11,24
78443,50979,21392,1,61.5,2025-01-24 14:11:30+00:00,Unknown,61.5,2025,1,24
80050,49066,21457,1,28.99,2024-09-14 08:33:57+00:00,Unknown,28.99,2024,9,14
86104,49896,21429,1,35.1,2025-02-26 07:41:31+00:00,"5040 Elfriede Forges, Lake Argentina, MI 25198",35.1,2025,2,26
81471,50506,22051,2,29.99,2025-06-30 13:49:09+00:00,"54306 Karlyn Track, Rueckerstad, MT 16831",59.98,2025,6,30
83583,48653,22051,1,33.0,2024-10-21 16:50:00+00:00,Unknown,33.0,2024,10,21
79788,48359,21971,1,51.5,2024-11-18 20:02:07+00:00,Unknown,51.5,2024,11,18
81323,49067,21639,1,52.8,2025-01-10 11:36:00+00:00,Unknown,52.8,2025,1,10
80265,47934,21827,1,25.19,2025-06-25 17:33:59+00:00,Unknown,25.19,2025,6,25
78261,48457,21907,1,53.99,2024-07-20 21:12:42+00:00,"32503 Schultz Trail, Simonisland, GA 19993",53.99,2024,7,20
79353,48807,21756,1,30.99,2024-12-16 03:37:00+00:00,Unknown,30.99,2024,12,16
79988,49810,21819,1,72.6,2024-10-01 20:03:23+00:00,Unknown,72.6,2024,10,1
79061,47977,21496,1,83.99,2025-04-30 12:32:58+00:00,Unknown,83.99,2025,4,30
84793,50444,21452,1,87.6,2024-11-10 01:32:43+00:00,Unknown,87.6,2024,11,10
78972,49727,21409,1,73.2,2024-12-16 20:43:00+00:00,Unknown,73.2,2024,12,16
84961,48423,21446,1,16.5,2024-06-02 05:31:00+00:00,Unknown,16.5,2024,6,2
78012,48029,21907,1,66.6,2024-03-15 14:44:48+00:00,Unknown,66.6,2024,3,15
86009,48723,22027,1,31.99,2025-03-21 14:11:51+00:00,Unknown,31.99,2025,3,21
80869,50345,22008,1,63.0,2024-10-18 02:27:00+00:00,"Apt. 762 163 Oralia Extension, Keelytown, OR 16000",63.0,2024,10,18
85833,48920,21387,2,49.75,2024-07-19 20:12:36.176000+00:00,Unknown,99.5,2024,7,19
85807,50587,21802,1,46.75,2025-03-29 21:56:33+00:00,Unknown,46.75,2025,3,29
80729,48288,21408,1,54.0,2024-06-21 05:26:17+00:00,"Apt. 536 720 Ian Highway, Lehnershire, FL 53909-6616",54.0,2024,6,21
86205,49540,21719,1,64.25,2024-08-09 23:29:49+00:00,Unknown,64.25,2024,8,9
79404,47676,22004,1,72.0,2024-12-27 05:05:00+00:00,Unknown,72.0,2024,12,27
84960,50584,21550,2,85.2,2024-12-01 02:04:00+00:00,Unknown,170.4,2024,12,1
77940,49686,21375,1,50.0,2025-03-29 20:44:52+00:00,Unknown,50.0,2025,3,29
78964,50640,21920,1,21.0,2024-09-30 05:24:45+00:00,Unknown,21.0,2024,9,30
80208,50029,22038,1,37.8,2025-01-03 00:38:48+00:00,"Suite 425 24660 Vandervort Cove, Williamsonville, AL 85388-2015",37.8,2025,1,3
83345,47839,21499,1,53.99,2025-01-11 14:19:00+00:00,"6061 Rolfson Grove, Felicestad, MO 14071-3224",53.99,2025,1,11
85795,48759,21430,1,69.6,2024-08-21 13:05:50+00:00,Unknown,69.6,2024,8,21
79857,48888,21522,2,15.75,2025-03-14 19:04:49+00:00,"Apt. 170 1374 Powlowski Creek, Bernierfort, AK 78899-2112",31.5,2025,3,14
85066,48640,21784,1,77.99,2025-02-17 13:40:21+00:00,Unknown,77.99,2025,2,17
82525,51018,21711,1,24.25,2025-05-19 23:45:45+00:00,Unknown,24.25,2025,5,19
78705,48892,21674,1,19.75,2024-09-26 10:53:07+00:00,Unknown,19.75,2024,9,26
79800,49398,21928,1,15.25,2024-12-27 23:11:19+00:00,"Apt. 112 27052 Keebler Freeway, Reginaldshire, ME 87929-7838",15.25,2024,12,27
80718,50522,21329,2,45.75,2024-09-20 21:40:28+00:00,Unknown,91.5,2024,9,20
82385,49112,21679,1,25.0,2025-03-11 02:33:20+00:00,Unknown,25.0,2025,3,11
82957,49096,22055,4,52.99,2025-03-24 20:49:16.842000+00:00,Unknown,211.96,2025,3,24
84867,50735,21524,1,46.99,2024-04-29 05:54:03+00:00,Unknown,46.99,2024,4,29
82940,49696,21991,1,71.0,2024-05-25 19:11:49+00:00,Unknown,71.0,2024,5,25
79705,47691,21326,5,67.0,2025-04-17 13:37:48.657000+00:00,Unknown,335.0,2025,4,17
83881,49101,21669,1,19.0,2025-06-30 12:08:36+00:00,Unknown,19.0,2025,6,30
82883,48207,21637,2,47.5,2024-10-28 10:16:54+00:00,Unknown,95.0,2024,10,28
78550,50925,21630,5,32.25,2024-08-20 04:02:04+00:00,Unknown,161.25,2024,8,20
81802,49907,21936,1,18.0,2024-11-19 03:08:57+00:00,Unknown,18.0,2024,11,19
83164,47779,21943,1,71.0,2025-01-20 17:44:00+00:00,Unknown,71.0,2025,1,20
81031,50273,21892,1,29.5,2024-12-21 11:40:10+00:00,"Apt. 134 902 Jones Court, East Tonisha, PA 37022",29.5,2024,12,21
84604,50860,21444,1,14.99,2025-01-03 11:05:47+00:00,Unknown,14.99,2025,1,3
83266,50768,21503,1,23.99,2024-05-18 07:23:18+00:00,Unknown,23.99,2024,5,18
79440,47860,21794,1,31.25,2025-01-01 16:08:20.325000+00:00,Unknown,31.25,2025,1,1
79136,50247,21651,1,62.5,2025-03-07 13:06:00+00:00,"Apt. 945 92871 Ryan Trafficway, Anyastad, VT 57044-6838",62.5,2025,3,7
83829,49573,21618,1,46.0,2025-02-05 04:43:57.914000+00:00,Unknown,46.0,2025,2,5
84326,47829,21338,4,39.0,2024-12-22 18:59:16+00:00,"45960 Braun Freeway, Patriciaburgh, OK 10606-9584",156.0,2024,12,22
83121,50627,21786,1,60.6,2025-03-24 18:40:13+00:00,Unknown,60.6,2025,3,24
85235,48874,21936,1,19.2,2024-09-25 11:20:40+00:00,Unknown,19.2,2024,9,25
80339,50390,21957,5,59.5,2024-09-14 09:46:26+00:00,Unknown,297.5,2024,9,14
80197,48233,21637,1,52.99,2024-04-15 10:01:58+00:00,Unknown,52.99,2024,4,15
83426,49107,22002,1,63.99,2025-07-06 00:40:00+00:00,Unknown,63.99,2025,7,6
81392,50400,21401,4,39.0,2025-01-01 13:45:00+00:00,Unknown,156.0,2025,1,1
79384,48949,21705,1,75.0,2024-11-06 19:34:58+00:00,"Apt. 900 7908 Klocko Dam, Luciuschester, NV 37026",75.0,2024,11,6
84689,50944,21933,2,52.0,2024-06-29 13:50:00+00:00,Unknown,104.0,2024,6,29
84609,48090,21922,5,26.4,2025-06-23 22:10:14+00:00,Unknown,132.0,2025,6,23
78337,49834,21950,2,50.25,2024-06-21 11:09:58+00:00,Unknown,100.5,2024,6,21
84963,49450,21691,2,18.25,2025-01-10 02:45:04+00:00,"Suite 739 203 Agatha Ways, North Mattiemouth, AK 53155-4766",36.5,2025,1,10
86197,50014,21418,2,33.0,2024-12-09 09:30:34+00:00,"7575 Aurelio Creek, West Beatris, OH 18515",66.0,2024,12,9
81368,49930,21296,1,53.5,2024-03-21 08:13:00+00:00,Unknown,53.5,2024,3,21
86399,50588,21495,1,48.5,2024-06-10 20:48:00+00:00,Unknown,48.5,2024,6,10
77690,49587,21441,1,31.2,2025-04-15 16:17:00+00:00,Unknown,31.2,2025,4,15
83632,50726,21743,1,46.8,2025-01-25 18:59:44+00:00,Unknown,46.8,2025,1,25
86495,50628,21416,1,39.59,2025-01-14 12:18:51+00:00,"1756 Winston Cliff, South Joleen, CO 74016-0861",39.59,2025,1,14
81089,48041,21521,1,48.0,2024-04-08 03:49:09+00:00,Unknown,48.0,2024,4,8
84525,48630,21686,2,18.6,2024-10-08 21:06:54+00:00,Unknown,37.2,2024,10,8
85100,49605,21971,2,61.2,2024-11-25 13:02:00+00:00,Unknown,122.4,2024,11,25
81149,48008,21883,1,36.5,2024-09-19 07:40:12+00:00,Unknown,36.5,2024,9,19
79668,48267,21701,3,56.4,2025-02-06 17:15:01.003000+00:00,Unknown,169.2,2025,2,6
84717,48590,21385,1,26.25,2025-02-09 05:15:00+00:00,Unknown,26.25,2025,2,9
78442,47811,21776,1,76.5,2024-08-03 23:59:37+00:00,Unknown,76.5,2024,8,3
78742,47827,21329,3,46.25,2025-04-21 06:56:56+00:00,Unknown,138.75,2025,4,21
86398,50565,21613,1,67.2,2024-11-02 04:25:37+00:00,Unknown,67.2,2024,11,2
84615,48889,21456,1,80.4,2024-10-30 16:38:00+00:00,"113 Hessel Rest, Port Colintown, IN 11073-4758",80.4,2024,10,30
82371,49188,21786,1,62.4,2024-07-15 00:37:22.052000+00:00,"6483 Koch Flats, Wolfffort, TN 25840-2479",62.4,2024,7,15
78667,47953,21817,1,80.39,2024-04-26 02:16:07+00:00,Unknown,80.39,2024,4,26
81863,48750,21999,5,39.3,2024-02-29 04:22:44+00:00,Unknown,196.5,2024,2,29
81815,47800,21820,1,37.8,2024-11-01 16:02:00+00:00,Unknown,37.8,2024,11,1
79909,47876,21844,1,45.9,2025-02-21 12:14:46+00:00,Unknown,45.9,2025,2,21
79478,48378,21796,1,30.5,2024-10-29 21:25:59+00:00,Unknown,30.5,2024,10,29
84476,50699,21624,2,22.99,2025-05-18 07:58:00+00:00,Unknown,45.98,2025,5,18
81553,50843,21750,2,31.25,2024-11-16 21:25:38+00:00,Unknown,62.5,2024,11,16
85638,50307,21334,1,68.25,2025-01-02 14:59:00+00:00,Unknown,68.25,2025,1,2
85994,49338,21835,1,68.99,2024-12-22 16:27:52+00:00,Unknown,68.99,2024,12,22
85033,50103,21829,1,74.25,2024-11-27 22:15:57+00:00,Unknown,74.25,2024,11,27
81992,49555,21592,1,62.5,2024-11-18 17:55:00+00:00,Unknown,62.5,2024,11,18
80832,48713,21337,1,43.8,2024-11-08 22:33:00+00:00,"1538 Kuhn Unions, Stracketon, CO 01865-4634",43.8,2024,11,8
84746,47670,21461,1,76.0,2024-11-08 01:29:54+00:00,Unknown,76.0,2024,11,8
82692,49051,21591,1,52.5,2025-01-20 00:32:55+00:00,Unknown,52.5,2025,1,20
79310,50274,22052,3,23.0,2024-11-23 13:06:00+00:00,Unknown,69.0,2024,11,23
77971,47739,21577,1,66.0,2025-06-05 14:06:55+00:00,"1921 Ruthe Unions, Lake Kenyettaport, TX 74365",66.0,2025,6,5
79466,48985,21746,3,16.0,2025-01-26 04:05:40+00:00,Unknown,48.0,2025,1,26
83361,51015,21302,1,23.1,2024-04-08 19:34:15+00:00,Unknown,23.1,2024,4,8
85379,48917,21980,1,17.99,2025-02-11 00:17:20+00:00,Unknown,17.99,2025,2,11
83928,49645,21485,1,44.0,2025-07-20 07:00:43+00:00,Unknown,44.0,2025,7,20
84754,50877,21421,3,61.0,2024-12-01 06:46:38+00:00,Unknown,183.0,2024,12,1
85209,49174,21438,4,18.5,2024-10-13 16:06:22+00:00,Unknown,74.0,2024,10,13
78112,48948,21716,2,31.25,2025-02-22 11:25:35+00:00,Unknown,62.5,2025,2,22
81599,50068,21430,2,54.0,2024-10-30 19:07:02+00:00,Unknown,108.0,2024,10,30
85956,48048,21497,1,71.0,2025-06-22 14:53:14+00:00,Unknown,71.0,2025,6,22
81747,50470,21631,4,26.4,2024-04-25 20:30:23+00:00,Unknown,105.6,2024,4,25
85858,48891,21318,1,29.7,2024-10-18 10:03:00+00:00,Unknown,29.7,2024,10,18
81036,47819,21814,5,40.0,2024-07-20 10:31:21+00:00,Unknown,200.0,2024,7,20
78889,48745,21397,3,75.75,2025-02-28 14:54:57+00:00,Unknown,227.25,2025,2,28
79368,47962,21746,1,16.0,2024-10-25 15:53:00+00:00,Unknown,16.0,2024,10,25
82475,49919,21639,3,54.0,2025-04-08 04:48:22+00:00,Unknown,162.0,2025,4,8
78685,48240,21683,1,52.0,2024-09-30 02:19:16+00:00,Unknown,52.0,2024,9,30
82888,48935,21401,1,29.0,2025-01-09 18:27:42+00:00,Unknown,29.0,2025,1,9
81052,48866,21769,1,62.0,2024-03-28 09:06:00+00:00,Unknown,62.0,2024,3,28
77928,48434,22006,3,29.99,2024-09-15 09:17:00+00:00,"957 Stokes Path, Hillsfort, CA 27349-1312",89.97,2024,9,15
79736,48376,21969,1,65.1,2025-02-23 11:45:28+00:00,Unknown,65.1,2025,2,23
78347,49678,21917,1,66.0,2024-12-18 06:54:19+00:00,Unknown,66.0,2024,12,18
86453,49007,21383,3,58.8,2025-02-08 09:16:00+00:00,"4265 Antwan Light, North Michale, OR 68924",176.4,2025,2,8
83926,50222,21546,1,45.75,2024-07-08 21:50:42+00:00,Unknown,45.75,2024,7,8
77756,47857,21931,2,25.5,2024-07-05 02:02:14+00:00,Unknown,51.0,2024,7,5
82850,48879,21765,1,28.8,2024-09-11 18:10:36.187000+00:00,Unknown,28.8,2024,9,11
83406,50383,21505,1,43.0,2024-07-31 19:42:32+00:00,Unknown,43.0,2024,7,31
84796,51081,21871,1,32.5,2024-10-09 13:31:30+00:00,Unknown,32.5,2024,10,9
82805,48855,21629,2,44.5,2025-03-01 06:35:00+00:00,Unknown,89.0,2025,3,1
79099,49440,21715,1,39.0,2025-06-05 13:34:49+00:00,Unknown,39.0,2025,6,5
78562,50102,21921,1,58.75,2025-09-28 04:40:00+00:00,Unknown,58.75,2025,9,28
84019,48751,21552,1,70.0,2024-08-25 01:10:00+00:00,Unknown,70.0,2024,8,25
85592,48998,21423,2,51.0,2025-04-18 14:42:43+00:00,Unknown,102.0,2025,4,18
83714,48789,21481,4,17.5,2025-06-09 19:05:37+00:00,Unknown,70.0,2025,6,9
86448,49359,21737,1,19.0,2025-02-24 16:38:00+00:00,Unknown,19.0,2025,2,24
80874,48188,21397,1,87.0,2024-10-30 15:24:00+00:00,"3418 Alberto Crossing, Port Nickolasview, MS 87911-4882",87.0,2024,10,30
86329,50726,21995,2,42.75,2025-05-10 08:30:00+00:00,Unknown,85.5,2025,5,10
83472,49662,21959,1,89.7,2025-02-12 14:59:58+00:00,Unknown,89.7,2025,2,12
79282,50386,21514,1,73.0,2024-12-24 10:37:25+00:00,Unknown,73.0,2024,12,24
77867,49308,21674,1,18.75,2024-08-02 12:09:23+00:00,"Apt. 811 87827 Ritchie Walks, South Joettaside, KS 94662-0130",18.75,2024,8,2
79703,48635,21455,1,58.79,2024-09-17 15:03:31.269000+00:00,Unknown,58.79,2024,9,17
83997,49596,21475,1,24.25,2025-04-08 16:15:21+00:00,Unknown,24.25,2025,4,8
84814,49904,21399,2,66.25,2024-07-19 07:37:18+00:00,Unknown,132.5,2024,7,19
85606,48310,21703,1,69.75,2024-07-02 21:54:00+00:00,"Apt. 742 9041 Mose Rapids, South Felton, NC 57436",69.75,2024,7,2
83139,50489,21789,1,28.0,2024-10-02 14:34:19+00:00,"Suite 374 678 Nigel Stravenue, South Alba, ME 43411",28.0,2024,10,2
80300,48955,21325,1,48.0,2024-12-23 07:58:27+00:00,Unknown,48.0,2024,12,23
80524,48541,22004,2,82.2,2024-10-15 03:39:33+00:00,Unknown,164.4,2024,10,15
79323,50043,21947,3,64.0,2025-06-16 22:40:00+00:00,Unknown,192.0,2025,6,16
77884,49973,21470,3,17.75,2024-07-20 07:37:36+00:00,Unknown,53.25,2024,7,20
79873,50645,21560,1,15.99,2025-02-23 21:25:07+00:00,Unknown,15.99,2025,2,23
82509,48290,21562,1,32.0,2025-03-14 11:03:00+00:00,Unknown,32.0,2025,3,14
79382,49089,21581,1,44.5,2025-02-05 13:32:48+00:00,Unknown,44.5,2025,2,5
82810,48241,21803,1,48.5,2024-10-25 05:39:00+00:00,Unknown,48.5,2024,10,25
81919,49482,21536,1,38.75,2024-11-14 00:26:00+00:00,"Apt. 683 7906 Ilona Pike, Wolffurt, MN 67850",38.75,2024,11,14
82947,47852,21746,4,16.99,2025-01-08 03:15:16+00:00,Unknown,67.96,2025,1,8
83190,50738,21766,2,69.9,2025-10-25 02:18:00+00:00,Unknown,139.8,2025,10,25
81175,48163,21948,1,75.59,2025-01-30 17:10:43+00:00,Unknown,75.59,2025,1,30
80954,49919,21811,1,29.25,2024-10-15 17:25:19.924000+00:00,"Apt. 247 497 Schaden Union, Port Elvia, VT 03528",29.25,2024,10,15
80735,48816,21353,1,24.99,2025-06-07 08:21:15+00:00,Unknown,24.99,2025,6,7
79526,50034,22047,1,64.0,2025-02-08 04:43:45+00:00,Unknown,64.0,2025,2,8
80266,49916,21399,1,67.99,2024-07-04 16:45:42+00:00,Unknown,67.99,2024,7,4
85449,47716,21500,1,30.0,2024-06-02 01:09:38+00:00,Unknown,30.0,2024,6,2
86123,49337,21631,1,27.5,2025-02-26 03:01:00+00:00,"Apt. 644 216 Schinner Club, Lake Kaseyport, TN 55074-6587",27.5,2025,2,26
81855,50481,21756,1,28.0,2024-12-10 07:16:00+00:00,Unknown,28.0,2024,12,10
77949,50686,21843,1,65.0,2025-01-15 22:00:45+00:00,Unknown,65.0,2025,1,15
80053,49353,21827,1,21.6,2025-05-05 16:05:00+00:00,"Apt. 238 3736 Annabell Land, Littlemouth, FL 56238",21.6,2025,5,5
84817,49246,21512,5,67.0,2024-12-03 04:14:48+00:00,"449 Doug Cliff, Pierreberg, NE 55684",335.0,2024,12,3
85289,48148,21419,1,44.0,2024-11-21 12:01:00+00:00,"Suite 753 46510 Kunde Parkway, Yostburgh, AR 82515",44.0,2024,11,21
79659,49124,21649,1,64.0,2025-03-22 04:42:21+00:00,Unknown,64.0,2025,3,22
81071,49604,21476,2,40.8,2025-02-09 03:45:42+00:00,Unknown,81.6,2025,2,9
82762,47668,21380,1,66.5,2025-01-05 18:37:00+00:00,"Suite 495 10813 Magdalena Locks, Chaunceychester, CO 93682",66.5,2025,1,5
81546,50302,22052,1,24.5,2025-07-03 13:16:00+00:00,Unknown,24.5,2025,7,3
77736,50673,22030,2,21.6,2024-12-20 10:53:55+00:00,Unknown,43.2,2024,12,20
86278,48282,21951,5,34.0,2024-07-05 18:12:00+00:00,Unknown,170.0,2024,7,5
84535,48297,21806,1,57.0,2024-10-11 12:53:59+00:00,Unknown,57.0,2024,10,11
81649,50004,21679,1,24.99,2025-01-18 19:25:00+00:00,Unknown,24.99,2025,1,18
81813,48643,21314,2,69.5,2025-02-26 21:38:08.861000+00:00,"72146 Kovacek River, West Dennisfurt, MA 82143-2989",139.0,2025,2,26
82418,50937,21550,1,81.6,2024-11-28 23:06:05.592000+00:00,Unknown,81.6,2024,11,28
85576,50583,21844,1,48.0,2024-10-12 02:20:00+00:00,Unknown,48.0,2024,10,12
80136,50378,21517,1,65.0,2024-10-24 10:22:41+00:00,"Apt. 474 880 Kareen Route, New Conrad, NC 95431-5363",65.0,2024,10,24
79195,47733,21455,1,58.79,2025-05-25 17:18:58+00:00,Unknown,58.79,2025,5,25
83297,49811,21443,1,25.0,2024-12-06 15:40:52+00:00,Unknown,25.0,2024,12,6
77942,48244,21493,1,27.0,2024-09-03 08:14:36+00:00,Unknown,27.0,2024,9,3
78802,47695,21928,1,18.0,2024-11-27 06:12:19+00:00,"Apt. 444 71353 Huel Row, North Angelita, PA 92295",18.0,2024,11,27
78625,50650,21361,2,66.0,2024-05-06 05:36:49+00:00,Unknown,132.0,2024,5,6
81159,49567,21934,1,46.5,2025-02-03 05:38:48+00:00,Unknown,46.5,2025,2,3
82275,47744,21623,2,43.8,2024-07-25 03:43:57+00:00,Unknown,87.6,2024,7,25
86513,49829,21501,3,17.4,2025-01-31 09:32:00+00:00,Unknown,52.2,2025,1,31
79402,50135,21325,2,57.6,2024-05-14 20:45:31.676000+00:00,Unknown,115.2,2024,5,14
79258,48563,21684,1,70.8,2024-08-23 05:52:06+00:00,Unknown,70.8,2024,8,23
81608,49857,21556,4,47.25,2025-08-26 19:40:39+00:00,Unknown,189.0,2025,8,26
84705,48963,21580,1,67.5,2024-09-10 17:35:28+00:00,"56061 White Cape, Doriefort, MD 35894-8001",67.5,2024,9,10
79569,50988,21824,1,60.0,2025-02-20 07:33:11+00:00,Unknown,60.0,2025,2,20
80280,48220,21315,1,70.0,2024-07-25 20:59:23+00:00,"Suite 807 667 Florentino Curve, Serinafort, AR 09749-1601",70.0,2024,7,25
79974,47702,21521,2,48.5,2024-12-19 18:29:08+00:00,Unknown,97.0,2024,12,19
78069,48208,21424,1,66.0,2025-04-06 12:51:13+00:00,Unknown,66.0,2025,4,6
84460,50122,21528,1,45.99,2025-08-26 21:23:03+00:00,Unknown,45.99,2025,8,26
85227,50225,21317,1,61.0,2024-05-23 21:08:00+00:00,Unknown,61.0,2024,5,23
79925,50539,21785,2,65.99,2025-07-22 02:01:33+00:00,Unknown,131.98,2025,7,22
79270,49739,21333,1,69.99,2024-12-31 03:32:00+00:00,Unknown,69.99,2024,12,31
84035,50557,21776,1,91.5,2024-08-27 05:11:40+00:00,Unknown,91.5,2024,8,27
79978,50800,22038,2,43.2,2024-12-24 05:53:00+00:00,Unknown,86.4,2024,12,24
79860,48689,21779,1,33.0,2025-06-01 00:20:07.417000+00:00,"936 Amelia Lodge, Aminabury, MO 94127",33.0,2025,6,1
82855,50627,21990,1,44.5,2024-10-15 14:43:00+00:00,Unknown,44.5,2024,10,15
82558,48135,22045,1,38.5,2024-11-13 12:10:05+00:00,Unknown,38.5,2024,11,13
79358,47684,21435,1,40.8,2025-05-05 21:55:00+00:00,Unknown,40.8,2025,5,5
78272,48905,21525,1,40.8,2025-09-28 13:07:00+00:00,Unknown,40.8,2025,9,28
85590,48097,21515,1,51.75,2024-07-05 11:31:00+00:00,Unknown,51.75,2024,7,5
77674,50094,21654,2,46.5,2025-05-20 18:50:00+00:00,Unknown,93.0,2025,5,20
77845,49389,21809,1,19.2,2025-02-23 23:20:36+00:00,Unknown,19.2,2025,2,23
85093,48429,21580,1,66.25,2024-04-11 22:36:00+00:00,"Apt. 906 243 Jed Plaza, New Woodrowport, DE 19483-1496",66.25,2024,4,11
82921,49912,21780,1,17.1,2025-01-04 00:53:52+00:00,Unknown,17.1,2025,1,4
81809,48520,21933,4,55.0,2025-01-11 11:03:48+00:00,Unknown,220.0,2025,1,11
86493,50322,21371,2,53.5,2025-02-22 00:52:28+00:00,"4809 Camie Ramp, New Marisela, KS 50293",107.0,2025,2,22
84650,49906,21718,1,45.99,2024-12-03 12:16:52+00:00,"Apt. 524 508 Gary Rapid, Dickensborough, CA 18647",45.99,2024,12,3
77985,48682,21509,1,38.0,2024-08-29 17:56:58+00:00,Unknown,38.0,2024,8,29
82101,47886,22027,1,30.75,2025-01-20 16:40:00+00:00,Unknown,30.75,2025,1,20
83782,50071,21379,2,30.6,2025-02-20 06:51:11+00:00,Unknown,61.2,2025,2,20
84303,47694,21941,1,61.2,2024-08-05 01:14:13+00:00,Unknown,61.2,2024,8,5
82760,49467,21461,1,76.5,2025-01-04 20:05:37+00:00,Unknown,76.5,2025,1,4
86164,50088,21821,1,69.25,2024-11-05 06:41:34+00:00,Unknown,69.25,2024,11,5
82694,48627,21817,4,62.5,2024-07-03 05:55:02+00:00,"8643 Nicolas Plaza, East Pathaven, VT 45180",250.0,2024,7,3
83250,50431,21539,1,15.6,2024-06-01 00:23:00+00:00,Unknown,15.6,2024,6,1
78055,49017,21363,1,67.0,2024-04-18 07:57:46.049000+00:00,"7441 Leopoldo Estates, West Adolph, GA 52045",67.0,2024,4,18
79566,49546,21638,3,49.75,2024-10-15 00:43:00+00:00,Unknown,149.25,2024,10,15
77725,49238,21306,1,46.25,2024-12-18 01:56:54+00:00,Unknown,46.25,2024,12,18
83936,50012,21383,2,62.7,2025-07-09 20:27:45+00:00,Unknown,125.4,2025,7,9
82014,50620,21420,1,23.0,2025-04-09 05:58:04.013000+00:00,Unknown,23.0,2025,4,9
81947,49450,21716,2,31.5,2025-03-12 00:16:09+00:00,Unknown,63.0,2025,3,12
77602,50817,22032,2,38.99,2024-07-27 13:21:00+00:00,Unknown,77.98,2024,7,27
85619,48818,21977,1,28.79,2024-11-27 11:27:00+00:00,"3904 Deborah Gateway, Stammstad, FL 53940-3925",28.79,2024,11,27
82582,51046,21467,2,48.0,2024-11-24 14:19:38+00:00,Unknown,96.0,2024,11,24
79415,50936,21797,2,25.8,2024-06-13 15:53:05+00:00,Unknown,51.6,2024,6,13
81192,49780,21774,1,23.99,2024-03-22 22:51:48.888000+00:00,Unknown,23.99,2024,3,22
81217,48481,21742,4,34.99,2024-06-22 09:36:55+00:00,"7314 Maxie Mills, Colefurt, NH 16804",139.96,2024,6,22
82531,48735,21873,1,73.99,2025-04-04 00:06:50+00:00,Unknown,73.99,2025,4,4
81640,51114,21705,1,61.0,2025-02-06 08:22:00+00:00,Unknown,61.0,2025,2,6
81650,47850,21548,1,42.5,2024-09-04 09:01:00+00:00,Unknown,42.5,2024,9,4
79051,49581,22025,1,55.75,2024-09-19 13:30:00+00:00,Unknown,55.75,2024,9,19
80572,50795,21927,1,34.25,2025-05-16 12:22:00+00:00,Unknown,34.25,2025,5,16
79196,48761,21545,2,28.25,2024-06-14 23:17:00+00:00,"6890 Elsy Place, Justinland, NY 62986-3085",56.5,2024,6,14
77813,48712,21754,1,29.0,2024-06-10 14:48:00+00:00,Unknown,29.0,2024,6,10
85549,48325,21508,1,23.99,2025-01-27 03:42:00+00:00,Unknown,23.99,2025,1,27
85489,50599,21862,1,58.5,2025-05-20 13:34:58+00:00,Unknown,58.5,2025,5,20
83864,48018,21679,2,24.75,2024-09-21 13:50:00+00:00,"37893 Jack Hill, Jeremiahhaven, UT 20249-4723",49.5,2024,9,21
84969,49807,21550,1,70.0,2025-04-20 10:24:44+00:00,Unknown,70.0,2025,4,20
82004,50776,21923,1,19.75,2024-12-06 04:20:16+00:00,Unknown,19.75,2024,12,6
77876,48425,21658,1,65.7,2025-06-18 13:51:43+00:00,Unknown,65.7,2025,6,18
79573,48497,21671,1,36.99,2025-03-19 21:00:24+00:00,Unknown,36.99,2025,3,19
81590,48026,21739,1,39.99,2025-02-11 15:54:38+00:00,Unknown,39.99,2025,2,11
85736,49759,21595,1,51.25,2024-06-26 15:33:31+00:00,"75687 Ryan Street, Schaefertown, OR 38398",51.25,2024,6,26
81769,50246,22007,3,50.39,2025-03-28 15:49:05+00:00,Unknown,151.17,2025,3,28
85003,49205,21552,3,71.25,2024-10-05 15:15:47+00:00,Unknown,213.75,2024,10,5
82282,50819,21643,1,14.5,2024-03-14 10:23:38+00:00,Unknown,14.5,2024,3,14
80947,50607,21525,5,35.0,2025-04-09 18:45:00+00:00,Unknown,175.0,2025,4,9
86441,49651,21794,1,30.25,2024-09-02 03:13:41+00:00,Unknown,30.25,2024,9,2
85387,50081,21493,2,34.8,2024-12-02 15:47:37+00:00,Unknown,69.6,2024,12,2
85278,48843,22048,1,42.5,2024-09-13 21:27:24+00:00,Unknown,42.5,2024,9,13
78231,50893,21738,1,43.0,2024-06-21 07:30:00+00:00,Unknown,43.0,2024,6,21
81687,49145,21925,3,36.6,2025-03-26 04:15:26+00:00,Unknown,109.8,2025,3,26
81440,48807,21482,1,68.25,2024-09-10 03:44:39+00:00,Unknown,68.25,2024,9,10
82443,49294,21340,2,51.75,2025-01-16 02:15:35+00:00,Unknown,103.5,2025,1,16
78202,49834,21855,3,59.99,2024-12-20 07:31:14+00:00,Unknown,179.97,2024,12,20
84877,50213,21964,1,73.5,2024-11-07 11:00:54+00:00,Unknown,73.5,2024,11,7
81951,48334,22032,3,46.79,2024-08-06 04:46:00+00:00,Unknown,140.37,2024,8,6
77604,48712,21742,1,41.7,2024-11-22 16:13:09+00:00,Unknown,41.7,2024,11,22
79183,49921,22025,2,72.0,2025-05-11 17:10:43+00:00,Unknown,144.0,2025,5,11
83745,50779,21720,1,29.25,2024-11-07 20:00:39+00:00,Unknown,29.25,2024,11,7
80922,49789,21600,2,32.39,2024-10-22 19:19:14+00:00,Unknown,64.78,2024,10,22
82456,49829,21696,2,51.59,2024-11-28 01:37:23.339000+00:00,Unknown,103.18,2024,11,28
80566,47798,21910,1,34.25,2025-01-09 17:32:22+00:00,"1745 Murazik Inlet, Keelingchester, AK 85956",34.25,2025,1,9
86270,48240,21311,3,21.6,2024-05-20 16:38:00+00:00,Unknown,64.8,2024,5,20
85952,48516,21481,2,18.0,2024-08-12 11:03:00+00:00,Unknown,36.0,2024,8,12
82417,50865,21546,1,43.75,2025-04-29 11:56:00+00:00,"Suite 762 754 Domitila Mission, New Garry, LA 99660",43.75,2025,4,29
85340,50182,21556,1,49.0,2025-07-06 12:52:06.848000+00:00,Unknown,49.0,2025,7,6
81425,50338,21621,3,67.5,2025-05-27 15:06:57+00:00,Unknown,202.5,2025,5,27
78046,47803,21778,1,45.6,2025-02-15 23:18:43+00:00,"Apt. 692 60968 Heriberto Harbor, North Shanae, KS 23344-9937",45.6,2025,2,15
82615,49162,21330,1,58.8,2024-06-07 06:17:45+00:00,Unknown,58.8,2024,6,7
85688,49929,21473,1,41.4,2024-12-21 04:25:10+00:00,"604 Gusikowski Mews, South Merrillstad, MI 32679",41.4,2024,12,21
86416,50126,21663,3,69.5,2025-03-10 11:30:00+00:00,Unknown,208.5,2025,3,10
83598,48310,21477,1,17.75,2024-09-28 02:06:22+00:00,Unknown,17.75,2024,9,28
82971,47920,21986,1,49.99,2024-12-07 18:52:00+00:00,"Suite 683 387 Ratke Parkways, Peggyland, UT 21282-5868",49.99,2024,12,7
78829,49737,21578,1,24.6,2024-10-13 06:15:58+00:00,Unknown,24.6,2024,10,13
80732,49156,21862,1,56.99,2024-10-27 12:48:00+00:00,Unknown,56.99,2024,10,27
81374,47986,21654,2,46.0,2024-10-01 17:22:55+00:00,Unknown,92.0,2024,10,1
81205,50725,21584,1,41.0,2025-02-03 21:44:28+00:00,Unknown,41.0,2025,2,3
83417,47718,21741,5,37.0,2025-03-17 10:53:55+00:00,Unknown,185.0,2025,3,17
80260,48425,21905,1,27.25,2024-06-10 16:15:00+00:00,Unknown,27.25,2024,6,10
77624,48593,21879,1,56.0,2024-11-29 03:35:39+00:00,Unknown,56.0,2024,11,29
86041,47677,21434,2,30.0,2024-10-21 15:48:11+00:00,Unknown,60.0,2024,10,21
86470,48513,22015,1,81.3,2025-02-16 09:21:50+00:00,Unknown,81.3,2025,2,16
86313,49607,21617,2,27.0,2024-04-29 19:51:22+00:00,Unknown,54.0,2024,4,29
82166,49445,21721,1,55.0,2024-11-15 19:13:13+00:00,Unknown,55.0,2024,11,15
78559,50315,21362,5,21.0,2024-10-20 05:29:00+00:00,Unknown,105.0,2024,10,20
82618,47812,21924,1,67.19,2024-12-25 21:56:20+00:00,Unknown,67.19,2024,12,25
84583,49070,21438,1,24.0,2025-03-01 08:50:14+00:00,Unknown,24.0,2025,3,1
80033,48558,21945,1,15.99,2025-03-31 04:42:00+00:00,Unknown,15.99,2025,3,31
83769,49483,21861,3,34.0,2025-06-16 01:01:11+00:00,Unknown,102.0,2025,6,16
83568,50214,21570,1,30.0,2024-07-09 10:56:00+00:00,Unknown,30.0,2024,7,9
86380,49880,21369,1,37.0,2024-08-03 08:48:15+00:00,Unknown,37.0,2024,8,3
85341,47691,21817,1,74.4,2024-11-12 00:51:27+00:00,Unknown,74.4,2024,11,12
86222,48341,21875,1,47.99,2024-12-07 09:07:00+00:00,"4468 Celina Pass, Douglasfort, NV 14417-2483",47.99,2024,12,7
82195,48564,21600,1,25.0,2025-05-03 02:12:09+00:00,Unknown,25.0,2025,5,3
86492,48402,21776,2,73.99,2024-10-03 08:28:51+00:00,"733 Skiles Stravenue, North Ozzie, NV 37444",147.98,2024,10,3
81785,49284,21531,3,15.99,2024-02-29 21:28:00+00:00,"Suite 145 168 Weissnat Trail, Port Greta, AZ 37876-3552",47.97,2024,2,29
78029,50973,21530,1,63.9,2025-04-15 06:54:52+00:00,Unknown,63.9,2025,4,15
85380,48046,21368,2,41.5,2024-05-17 12:01:00+00:00,Unknown,83.0,2024,5,17
84388,49985,21312,1,46.5,2024-09-17 17:30:20+00:00,Unknown,46.5,2024,9,17
78631,49973,21567,2,63.0,2024-09-14 23:40:40+00:00,"Apt. 720 392 Kovacek Glens, Legrosville, TX 59606",126.0,2024,9,14
86337,48071,21502,1,66.0,2024-12-17 13:47:09+00:00,"2158 Nikolaus Summit, West Lucien, PA 91232-3647",66.0,2024,12,17
80240,49202,21890,1,79.2,2025-10-03 23:31:00+00:00,Unknown,79.2,2025,10,3
80495,50782,21906,1,53.99,2025-02-05 03:32:31+00:00,"41289 Clarice Alley, Schoenview, AK 48755-4887",53.99,2025,2,5
79217,48421,21449,5,52.99,2025-03-08 17:34:22+00:00,Unknown,264.95,2025,3,8
86106,47891,21899,2,82.2,2025-03-01 01:13:14+00:00,Unknown,164.4,2025,3,1
78603,49128,21556,2,49.5,2024-10-19 00:44:58+00:00,"Apt. 443 952 Tromp Vista, Stacyfort, NE 68350",99.0,2024,10,19
80820,48223,21599,1,57.99,2024-11-20 12:59:00+00:00,Unknown,57.99,2024,11,20
83551,48114,21656,4,31.0,2024-09-08 00:07:12+00:00,Unknown,124.0,2024,9,8
80964,47967,22053,2,64.8,2024-07-15 08:40:00+00:00,Unknown,129.6,2024,7,15
79759,50097,21731,2,55.8,2024-12-25 04:59:27+00:00,"74305 Leopoldo Point, New Damianberg, IA 84373",111.6,2024,12,25
78472,50995,21628,3,46.75,2024-08-09 03:08:59.007000+00:00,Unknown,140.25,2024,8,9
77662,48827,21443,2,24.25,2024-12-14 18:22:27.095000+00:00,"Apt. 955 6207 Hickle Tunnel, Tyrellfort, NY 87251-4397",48.5,2024,12,14
85968,50907,22014,1,37.5,2024-12-04 17:28:00+00:00,Unknown,37.5,2024,12,4
80845,50040,21852,1,49.5,2024-12-24 01:25:00+00:00,Unknown,49.5,2024,12,24
85981,48045,21490,1,73.8,2024-12-09 01:33:52+00:00,"Apt. 315 8135 Heidi Canyon, East Charmain, IL 15365",73.8,2024,12,9
84509,50776,21355,1,56.5,2025-01-22 10:14:08+00:00,Unknown,56.5,2025,1,22
83277,50467,21437,1,67.8,2025-02-01 05:47:37+00:00,Unknown,67.8,2025,2,1
80714,50337,21785,1,66.0,2024-12-23 22:30:12+00:00,Unknown,66.0,2024,12,23
85851,48188,21596,1,36.0,2025-08-04 21:31:00+00:00,"3418 Alberto Crossing, Port Nickolasview, MS 87911-4882",36.0,2025,8,4
86360,48246,21310,1,65.25,2024-03-15 16:40:48+00:00,Unknown,65.25,2024,3,15
82880,48115,21387,1,50.5,2025-03-03 01:32:00+00:00,"Suite 133 733 Otha Mews, North Laurene, KY 15951",50.5,2025,3,3
84018,50640,21397,1,70.0,2024-08-07 23:01:00+00:00,Unknown,70.0,2024,8,7
81797,49197,21354,2,62.4,2024-09-06 13:42:03+00:00,"13852 Rebecca Square, South Benberg, GA 87277",124.8,2024,9,6
86298,50027,21733,2,19.5,2024-11-08 16:44:51+00:00,"845 Keebler Coves, Gutmannside, VA 29406",39.0,2024,11,8
86170,49782,21932,1,23.75,2025-02-12 20:19:19+00:00,Unknown,23.75,2025,2,12
80518,50720,21371,1,54.5,2024-09-20 02:19:00+00:00,Unknown,54.5,2024,9,20
85587,49608,21403,3,55.5,2024-10-14 20:06:16+00:00,Unknown,166.5,2024,10,14
83086,49891,21956,1,22.0,2024-09-25 08:23:00+00:00,Unknown,22.0,2024,9,25
86165,49058,21951,1,35.0,2024-11-25 13:23:37+00:00,Unknown,35.0,2024,11,25
82775,50315,21925,1,31.5,2024-09-29 23:33:21+00:00,"Suite 496 7551 Nicolas Springs, Debistad, AR 42109-6777",31.5,2024,9,29
84584,49413,21380,1,67.99,2025-01-05 11:55:03+00:00,Unknown,67.99,2025,1,5
82241,50488,21620,1,40.79,2025-02-04 15:33:56+00:00,Unknown,40.79,2025,2,4
80101,48571,21577,1,66.0,2025-01-31 20:55:00+00:00,Unknown,66.0,2025,1,31
81800,49538,21656,1,36.3,2024-10-27 20:07:16+00:00,Unknown,36.3,2024,10,27
84570,48053,21681,1,37.0,2024-12-24 17:58:23+00:00,"Suite 113 214 Cassin Rapid, Kristenview, UT 94281",37.0,2024,12,24
78116,50028,21330,1,47.5,2025-03-15 22:59:08+00:00,"Apt. 323 767 Torphy Creek, Lake Danae, WY 51517-6484",47.5,2025,3,15
86073,50208,21454,1,22.0,2024-09-06 06:33:32+00:00,Unknown,22.0,2024,9,6
82370,51062,21786,3,52.75,2024-08-19 08:12:00+00:00,"95773 Cummerata Loop, West Ronnie, WI 72936",158.25,2024,8,19
85311,49437,21377,1,56.75,2025-03-02 23:51:48.384000+00:00,"3797 Leuschke Mountains, Port Sherlynfurt, NM 00789",56.75,2025,3,2
79128,50817,21315,1,71.99,2024-07-06 08:56:00+00:00,"92690 Chris Estate, Harlanland, ND 39809",71.99,2024,7,6
79469,50309,21997,3,88.8,2024-11-21 20:15:39+00:00,"43485 Stephane Trace, North Berneice, NH 23107",266.4,2024,11,21
83255,48835,21740,1,58.75,2025-08-05 19:19:11+00:00,"Suite 862 42876 Lind Tunnel, Lake Galefurt, VT 72414",58.75,2025,8,5
80485,50858,21930,2,28.0,2024-11-13 21:45:52+00:00,Unknown,56.0,2024,11,13
80685,47779,21416,1,33.0,2025-04-27 15:58:00+00:00,Unknown,33.0,2025,4,27
82131,51068,21728,4,53.0,2024-10-10 08:42:00+00:00,Unknown,212.0,2024,10,10
83484,50347,21819,1,60.25,2024-10-28 07:33:50+00:00,Unknown,60.25,2024,10,28
78876,49664,21425,1,36.99,2024-09-12 05:00:43+00:00,"Apt. 704 149 Hayes Creek, South Cherelle, ND 99766-8324",36.99,2024,9,12
83656,49710,21338,1,36.99,2025-02-05 06:38:54+00:00,"Apt. 444 517 McKenzie Stravenue, Rollandbury, CA 49215",36.99,2025,2,5
78052,48440,21342,1,58.75,2024-10-26 16:27:14+00:00,Unknown,58.75,2024,10,26
81677,49265,22048,1,42.0,2025-04-01 08:21:05+00:00,Unknown,42.0,2025,4,1
81367,50008,21987,2,49.19,2024-08-09 15:22:26+00:00,Unknown,98.38,2024,8,9
78899,49906,21489,1,23.4,2024-11-01 02:34:41+00:00,Unknown,23.4,2024,11,1
78422,50056,21319,1,22.0,2024-08-06 22:40:23+00:00,Unknown,22.0,2024,8,6
79543,48067,21506,1,25.2,2025-02-02 19:26:50+00:00,Unknown,25.2,2025,2,2
85862,49565,21543,1,60.0,2025-02-03 00:53:44+00:00,"226 Gibson Rest, Leotafort, MD 42872-1487",60.0,2025,2,3
78270,49354,21782,2,67.19,2025-01-05 20:46:00+00:00,Unknown,134.38,2025,1,5
84576,48367,21570,1,30.5,2024-04-18 23:13:53+00:00,Unknown,30.5,2024,4,18
84034,49575,21688,2,18.0,2025-03-09 13:59:59.857000+00:00,Unknown,36.0,2025,3,9
81898,48198,21575,1,73.5,2024-10-17 03:46:23+00:00,Unknown,73.5,2024,10,17
83783,49971,21574,1,45.99,2024-09-30 19:01:42+00:00,"Suite 265 8609 Francie Dale, Vandervortmouth, WY 44596-6963",45.99,2024,9,30
86486,50717,21847,1,69.75,2024-07-27 20:19:05.641000+00:00,Unknown,69.75,2024,7,27
82152,50126,21970,1,70.5,2024-11-28 20:56:31.266000+00:00,Unknown,70.5,2024,11,28
82316,50786,21360,2,72.0,2025-01-30 02:04:00+00:00,Unknown,144.0,2025,1,30
81583,48925,21814,2,42.25,2025-07-24 07:48:08+00:00,Unknown,84.5,2025,7,24
84531,48319,22000,1,33.75,2025-01-25 05:41:32+00:00,"946 Hodkiewicz Knolls, New Danelleton, NM 18870-9020",33.75,2025,1,25
84596,50539,21363,1,84.0,2024-06-13 14:06:00+00:00,"Suite 711 8136 Carey Lakes, Morarshire, NC 99688",84.0,2024,6,13
85756,50989,21736,1,45.5,2025-02-21 23:32:02+00:00,Unknown,45.5,2025,2,21
83156,50921,21823,3,73.2,2024-06-30 01:07:34.101000+00:00,"Apt. 376 78250 Ulysses Inlet, Lake Unbury, MI 01680",219.6,2024,6,30
83909,51011,21440,1,22.75,2024-10-16 01:18:59+00:00,"Apt. 323 4659 Stanley Canyon, New Grettaberg, MO 89576",22.75,2024,10,16
77699,48674,21321,1,68.0,2025-04-10 10:19:52+00:00,Unknown,68.0,2025,4,10
83172,49935,21938,3,71.5,2025-05-12 17:54:07+00:00,Unknown,214.5,2025,5,12
81705,48496,21919,1,59.0,2025-02-07 13:55:00+00:00,Unknown,59.0,2025,2,7
79762,48737,21361,1,63.0,2024-05-30 10:20:57+00:00,Unknown,63.0,2024,5,30
80734,47790,21327,1,21.75,2024-07-23 02:31:00+00:00,Unknown,21.75,2024,7,23
78598,50041,21380,4,68.25,2024-09-16 06:19:40+00:00,Unknown,273.0,2024,9,16
77977,48433,21748,1,29.99,2024-11-08 05:16:00+00:00,Unknown,29.99,2024,11,8
84971,50265,21907,1,55.99,2024-10-09 01:07:00+00:00,Unknown,55.99,2024,10,9
80643,47792,21611,1,46.5,2024-03-29 02:16:48.089000+00:00,"64516 Lashay Flat, Linwoodtown, UT 11594-9090",46.5,2024,3,29
80216,49126,21336,2,87.6,2024-07-06 23:49:49+00:00,Unknown,175.2,2024,7,6
81861,50513,22005,1,43.25,2024-07-27 18:13:45+00:00,Unknown,43.25,2024,7,27
79251,49585,21998,1,16.8,2025-02-04 08:29:00+00:00,Unknown,16.8,2025,2,4
84181,47796,21849,3,35.99,2025-03-21 13:25:05.082000+00:00,"Apt. 853 163 Reilly Flat, Vincentmouth, NY 21622-6154",107.97,2025,3,21
86287,47970,21798,2,59.5,2025-02-10 17:21:00+00:00,Unknown,119.0,2025,2,10
82643,49823,21534,1,19.8,2024-08-12 14:35:00+00:00,"9886 Kuhic Port, South Jamarshire, KY 85493",19.8,2024,8,12
83508,50861,21960,1,56.99,2024-12-18 04:49:54+00:00,"8600 Shu Lakes, Langland, SD 82726-4527",56.99,2024,12,18
81968,50167,21711,1,21.0,2025-03-26 21:08:50+00:00,Unknown,21.0,2025,3,26
84324,49658,21814,1,43.25,2024-11-07 12:41:57+00:00,Unknown,43.25,2024,11,7
84968,50421,21929,3,55.25,2025-02-17 17:24:31+00:00,Unknown,165.75,2025,2,17
80309,49015,21737,1,23.99,2025-02-24 23:20:09+00:00,Unknown,23.99,2025,2,24
82791,50158,21784,1,68.75,2024-07-24 12:44:52+00:00,Unknown,68.75,2024,7,24
78840,49509,21567,1,63.0,2024-12-14 09:08:56+00:00,Unknown,63.0,2024,12,14
79993,50547,21460,2,79.2,2025-01-14 10:09:00+00:00,Unknown,158.4,2025,1,14
81876,49957,21464,2,63.0,2024-09-05 23:45:00+00:00,Unknown,126.0,2024,9,5
83063,48761,21863,1,42.5,2024-01-07 19:18:18+00:00,"6890 Elsy Place, Justinland, NY 62986-3085",42.5,2024,1,7
84782,49640,21457,2,26.25,2025-03-01 14:07:50+00:00,Unknown,52.5,2025,3,1
81076,49000,21614,1,52.75,2024-04-18 23:36:51+00:00,Unknown,52.75,2024,4,18
84328,49682,21344,1,52.75,2024-08-27 17:24:54+00:00,Unknown,52.75,2024,8,27
86481,48346,21513,1,17.5,2024-11-20 06:41:18+00:00,Unknown,17.5,2024,11,20
79647,50111,21685,3,80.1,2024-07-11 20:10:59+00:00,Unknown,240.3,2024,7,11
85976,49680,21627,1,85.2,2024-10-13 17:54:49+00:00,"Suite 748 63111 O'Connell Haven, East Zackborough, MI 56875",85.2,2024,10,13
79206,48246,21407,1,74.4,2024-09-10 20:37:01+00:00,Unknown,74.4,2024,9,10
86110,48193,21497,1,67.0,2024-08-11 11:58:34+00:00,Unknown,67.0,2024,8,11
86089,48921,21944,2,38.0,2024-10-24 04:37:00+00:00,Unknown,76.0,2024,10,24
80052,49363,21817,1,73.2,2024-12-23 13:17:03+00:00,Unknown,73.2,2024,12,23
84976,50876,21756,4,28.0,2024-10-23 18:26:44+00:00,Unknown,112.0,2024,10,23
86358,48160,21546,1,52.2,2025-04-25 07:01:37+00:00,Unknown,52.2,2025,4,25
85830,50886,21955,2,55.0,2024-08-20 05:33:36+00:00,Unknown,110.0,2024,8,20
80968,49125,21378,1,39.0,2024-12-17 03:52:43+00:00,Unknown,39.0,2024,12,17
82847,50776,21819,1,72.6,2024-08-30 14:53:00+00:00,Unknown,72.6,2024,8,30
82570,47759,21819,1,73.5,2025-04-09 19:25:01+00:00,Unknown,73.5,2025,4,9
84731,49209,21332,1,12.0,2024-07-09 00:00:13.217000+00:00,"Suite 982 762 Anita Locks, North Mariano, MS 88328",12.0,2024,7,9
84112,49331,21377,2,55.75,2025-01-09 11:26:46+00:00,Unknown,111.5,2025,1,9
77915,50805,21749,1,86.4,2024-07-19 06:54:17.868000+00:00,Unknown,86.4,2024,7,19
81261,48181,21447,2,60.0,2025-01-11 02:15:03.138000+00:00,"5000 Katina Valleys, East Walter, NY 67975-3501",120.0,2025,1,11
82388,50122,21396,1,53.5,2024-09-15 11:46:00+00:00,Unknown,53.5,2024,9,15
82720,48996,21798,1,55.99,2024-08-26 05:39:20+00:00,Unknown,55.99,2024,8,26
84779,50209,21494,1,62.0,2025-06-09 08:09:00+00:00,"Suite 651 770 Zemlak Harbor, Dongborough, MN 23711",62.0,2025,6,9
77973,49567,21297,1,24.0,2024-06-19 04:54:00+00:00,"Apt. 385 1920 Krissy Extension, East Lennaborough, AK 12985-8094",24.0,2024,6,19
77587,49658,22022,1,66.0,2025-06-26 12:28:15+00:00,Unknown,66.0,2025,6,26
81923,48469,21594,1,21.9,2025-03-31 13:23:14+00:00,"4623 Wintheiser Plaza, New Milo, TN 83582-1982",21.9,2025,3,31
79038,50295,21856,1,42.5,2024-09-24 22:22:52+00:00,Unknown,42.5,2024,9,24
82435,50656,21489,1,28.5,2025-07-16 14:48:18+00:00,Unknown,28.5,2025,7,16
81506,49886,21414,1,44.0,2025-01-31 07:52:17+00:00,Unknown,44.0,2025,1,31
80541,50567,21562,1,34.5,2025-08-31 09:01:00+00:00,"Apt. 512 7572 Torp Forks, Dickinsonstad, SD 28764",34.5,2025,8,31
78469,49963,21714,2,46.75,2025-02-12 17:40:55+00:00,Unknown,93.5,2025,2,12
83115,50628,21755,1,25.2,2025-03-21 00:52:04+00:00,Unknown,25.2,2025,3,21
81791,50890,21587,1,72.5,2025-01-12 21:08:00+00:00,"156 Hegmann Gardens, North Tyrone, MS 08149-5777",72.5,2025,1,12
84308,48233,21675,1,20.7,2024-09-13 14:02:44+00:00,"9649 Rolf View, South Norman, NH 69238-0106",20.7,2024,9,13
81310,47965,21833,1,64.25,2025-11-05 12:41:41+00:00,Unknown,64.25,2025,11,5
79782,49642,21787,3,47.99,2024-09-06 19:23:28+00:00,Unknown,143.97,2024,9,6
82112,51020,21408,1,55.2,2024-09-03 03:10:55+00:00,Unknown,55.2,2024,9,3
85042,48619,21590,2,40.8,2025-02-24 19:58:15+00:00,"87339 Elvira Cove, Basilside, KS 53938",81.6,2025,2,24
84770,49500,21646,1,71.0,2025-01-17 13:35:25+00:00,"1125 Otha Prairie, South Kathlenetown, AR 37930",71.0,2025,1,17
83773,49836,21526,1,23.0,2025-07-07 16:33:10+00:00,Unknown,23.0,2025,7,7
86351,48410,21791,2,58.8,2024-10-05 07:25:53+00:00,Unknown,117.6,2024,10,5
79112,49367,21779,2,34.5,2024-04-19 22:04:25+00:00,Unknown,69.0,2024,4,19
80247,50852,21524,1,47.0,2024-12-14 10:39:03+00:00,Unknown,47.0,2024,12,14
82600,50468,22023,1,18.5,2025-05-03 17:44:59+00:00,Unknown,18.5,2025,5,3
83169,47758,21464,1,62.25,2024-09-12 20:56:13+00:00,Unknown,62.25,2024,9,12
85048,49113,21426,1,80.1,2025-02-04 22:32:04+00:00,"Apt. 914 8262 Jamar Lodge, Tomasborough, MI 35346-7235",80.1,2025,2,4
82397,50490,21876,2,31.99,2024-04-19 08:06:00+00:00,Unknown,63.98,2024,4,19
78554,48681,21912,1,78.0,2025-01-27 15:53:00+00:00,"Suite 239 4124 Billie Overpass, West Wendolynstad, OK 25288-4008",78.0,2025,1,27
79818,49861,21467,1,48.5,2025-04-13 15:04:00+00:00,Unknown,48.5,2025,4,13
83832,47933,21365,1,30.5,2025-02-09 00:04:08+00:00,Unknown,30.5,2025,2,9
77979,49910,21866,1,49.19,2024-09-22 09:29:04+00:00,"Apt. 443 9663 Gorczany Pine, South Zola, WV 74542",49.19,2024,9,22
81870,49314,21604,1,72.0,2025-04-13 14:33:18+00:00,"Apt. 202 6214 Keeling Corners, New Cecilychester, UT 24225",72.0,2025,4,13
82068,49177,21501,1,18.0,2024-09-30 04:34:34+00:00,Unknown,18.0,2024,9,30
81500,50824,21759,3,69.3,2024-11-23 20:50:47+00:00,Unknown,207.9,2024,11,23
79629,48937,21933,1,55.5,2025-01-06 07:45:46+00:00,Unknown,55.5,2025,1,6
84703,48861,21635,1,39.0,2024-08-08 17:22:47+00:00,Unknown,39.0,2024,8,8
80480,48835,21753,3,55.0,2024-06-19 17:17:53+00:00,"Suite 862 42876 Lind Tunnel, Lake Galefurt, VT 72414",165.0,2024,6,19
77894,49759,21827,3,18.0,2024-10-23 14:20:00+00:00,Unknown,54.0,2024,10,23
85615,48948,21736,1,45.0,2025-03-25 11:28:08+00:00,Unknown,45.0,2025,3,25
86086,48924,22011,2,73.75,2024-08-30 05:27:00+00:00,Unknown,147.5,2024,8,30
85834,50532,21569,3,39.75,2024-06-21 19:26:00+00:00,Unknown,119.25,2024,6,21
80081,48514,21567,1,63.5,2024-07-24 11:07:51+00:00,Unknown,63.5,2024,7,24
83882,50341,21595,1,66.0,2024-06-20 14:54:43+00:00,Unknown,66.0,2024,6,20
79945,48520,21540,3,30.5,2024-12-21 17:15:11+00:00,Unknown,91.5,2024,12,21
82392,48910,21946,1,65.1,2024-10-30 10:13:06+00:00,"Suite 442 12024 Jacobi Springs, Port Preciousborough, MD 57157",65.1,2024,10,30
82803,48185,21462,1,28.99,2025-06-04 20:50:00+00:00,Unknown,28.99,2025,6,4
85939,47679,21475,1,32.4,2024-11-22 09:39:33+00:00,Unknown,32.4,2024,11,22
79753,48162,21482,2,66.5,2024-10-28 06:38:56+00:00,Unknown,133.0,2024,10,28
85219,48550,21784,1,66.5,2025-05-06 03:16:23+00:00,"Suite 806 311 Bernier Neck, Yundtburgh, VT 86887-8743",66.5,2025,5,6
86036,49857,21623,1,37.0,2025-02-15 16:17:37+00:00,Unknown,37.0,2025,2,15
83584,47946,21418,1,29.25,2024-06-17 01:44:00+00:00,Unknown,29.25,2024,6,17
78005,49500,21498,2,19.99,2025-05-18 16:49:59+00:00,Unknown,39.98,2025,5,18
78128,49522,21806,1,57.0,2025-01-01 16:51:26.190000+00:00,Unknown,57.0,2025,1,1
81441,49740,21425,1,40.8,2025-04-25 13:50:50+00:00,Unknown,40.8,2025,4,25
83000,50265,21589,1,62.5,2025-01-14 21:07:17+00:00,Unknown,62.5,2025,1,14
83461,49283,21914,1,69.25,2025-01-14 10:22:22+00:00,"Suite 860 45792 Rudolph Ramp, Ellyland, VA 47926-1701",69.25,2025,1,14
82559,49845,21689,1,24.6,2025-02-17 06:55:57.016000+00:00,Unknown,24.6,2025,2,17
78106,50474,21587,1,84.6,2025-04-29 14:12:50+00:00,"Suite 908 528 Heathcote Fields, Port Nisha, VA 87997-3678",84.6,2025,4,29
81301,50431,21703,2,67.25,2024-09-16 17:36:00+00:00,Unknown,134.5,2024,9,16
80860,49120,21703,3,80.39,2025-05-22 00:59:00+00:00,Unknown,241.17,2025,5,22
83772,49214,21315,1,71.25,2025-05-25 11:19:31+00:00,Unknown,71.25,2025,5,25
80712,48839,21640,1,45.5,2024-08-08 21:13:00+00:00,"871 Erin Orchard, West Freedashire, CO 87266",45.5,2024,8,8
81585,48654,21368,1,48.6,2024-06-04 03:24:25+00:00,Unknown,48.6,2024,6,4
80988,48916,21580,1,64.25,2025-01-22 18:04:41+00:00,Unknown,64.25,2025,1,22
80716,49743,22019,1,41.4,2024-10-25 22:09:17+00:00,Unknown,41.4,2024,10,25
83307,49855,21938,1,90.0,2024-07-05 00:33:00+00:00,Unknown,90.0,2024,7,5
83138,47671,21651,2,63.99,2024-12-02 16:14:00+00:00,Unknown,127.98,2024,12,2
78940,48257,21763,1,44.4,2024-12-27 10:47:50+00:00,Unknown,44.4,2024,12,27
82576,48688,21480,1,53.5,2024-10-11 19:55:24+00:00,"Suite 489 103 Hane Flats, Brakuschester, IA 54859",53.5,2024,10,11
80603,48455,21460,1,65.75,2025-01-01 01:18:18+00:00,Unknown,65.75,2025,1,1
78619,48957,21773,1,46.8,2025-01-03 02:23:23+00:00,"1682 Heller Crossroad, Kilbackstad, VT 20992",46.8,2025,1,3
83571,49808,21827,1,20.4,2024-08-01 17:50:04+00:00,Unknown,20.4,2024,8,1
81972,49931,21534,1,23.7,2025-01-03 23:11:44+00:00,Unknown,23.7,2025,1,3
83525,48108,21554,1,69.5,2024-09-13 10:58:10.263000+00:00,"6582 Andra Point, Hermanview, OK 77258",69.5,2024,9,13
80810,50010,21934,3,45.0,2024-08-06 01:54:00+00:00,Unknown,135.0,2024,8,6
86404,48384,21443,1,24.75,2024-09-21 20:36:00+00:00,Unknown,24.75,2024,9,21
84428,50434,21301,2,43.75,2024-09-19 03:16:33+00:00,Unknown,87.5,2024,9,19
82516,50694,21770,2,19.0,2025-01-28 01:26:49+00:00,Unknown,38.0,2025,1,28
78228,50108,21316,1,30.5,2024-11-21 12:42:39+00:00,Unknown,30.5,2024,11,21
80599,47787,21711,2,26.4,2024-12-17 16:19:16+00:00,Unknown,52.8,2024,12,17
80079,47973,21855,1,59.0,2024-07-26 16:10:18+00:00,Unknown,59.0,2024,7,26
78250,48973,22003,1,57.99,2024-10-04 10:16:02+00:00,Unknown,57.99,2024,10,4
82455,49604,21879,2,65.1,2025-01-25 09:48:48+00:00,"Apt. 838 680 Elton Mountain, Lake Esteban, ME 01887",130.2,2025,1,25
86350,49871,21696,1,42.5,2024-12-26 10:32:08+00:00,Unknown,42.5,2024,12,26
82117,49656,21823,1,61.99,2025-01-10 05:37:13+00:00,Unknown,61.99,2025,1,10
84633,49648,21431,4,53.0,2025-05-27 06:45:29+00:00,Unknown,212.0,2025,5,27
78248,48129,21611,1,57.0,2024-08-14 19:29:00+00:00,Unknown,57.0,2024,8,14
85041,50585,21772,1,42.5,2024-11-05 09:50:06+00:00,"737 Volkman Way, Rauton, IL 43076",42.5,2024,11,5
80672,48838,21825,2,38.25,2024-06-09 12:56:13+00:00,Unknown,76.5,2024,6,9
80691,49666,21439,2,46.8,2024-07-27 20:49:47+00:00,Unknown,93.6,2024,7,27
79080,49498,21914,1,72.5,2025-01-19 17:05:03+00:00,"83477 Frami Mill, Erichton, ND 55822-0660",72.5,2025,1,19
85022,49981,21775,1,68.0,2024-08-05 12:28:00+00:00,"1502 Bauch Causeway, East Isaiasburgh, NV 76961-7124",68.0,2024,8,5
85782,50069,21989,1,73.5,2025-03-09 13:28:17+00:00,Unknown,73.5,2025,3,9
78883,48871,21399,1,64.5,2024-11-04 20:46:23+00:00,"19500 Schultz Spring, Leuschkeland, WY 00738-8131",64.5,2024,11,4
81706,49587,21539,2,16.5,2024-10-20 21:44:44+00:00,Unknown,33.0,2024,10,20
83208,50216,21710,1,75.0,2025-03-28 12:14:29.640000+00:00,"Apt. 245 8166 Rebecka Wall, South Lucillaland, HI 22061",75.0,2025,3,28
84882,51097,21593,4,27.0,2025-02-21 01:40:20+00:00,Unknown,108.0,2025,2,21
80560,50772,21969,3,55.0,2025-01-30 06:17:45+00:00,"658 Jenkins Spring, North Joaquin, IN 26673-0571",165.0,2025,1,30
79886,50100,21890,1,80.7,2024-12-02 01:18:00+00:00,Unknown,80.7,2024,12,2
80475,48994,21680,1,57.6,2024-10-23 17:07:45+00:00,Unknown,57.6,2024,10,23
81193,47958,21382,1,59.7,2025-01-22 06:21:37+00:00,Unknown,59.7,2025,1,22
84154,50945,21828,2,16.0,2024-12-11 11:03:00+00:00,Unknown,32.0,2024,12,11
84438,48688,21907,1,61.5,2024-07-26 17:58:24+00:00,Unknown,61.5,2024,7,26
82905,50825,21354,1,69.0,2024-08-21 14:02:58+00:00,Unknown,69.0,2024,8,21
84894,48948,21525,2,36.75,2024-12-15 14:14:54.509000+00:00,"Suite 625 75303 Feest Gateway, Shuton, AK 58383",73.5,2024,12,15
78094,49381,22057,1,60.9,2024-11-09 22:58:22+00:00,Unknown,60.9,2024,11,9
79410,48962,21539,1,16.0,2024-08-28 22:54:59+00:00,Unknown,16.0,2024,8,28
79694,51101,21953,1,38.5,2024-11-14 14:15:18+00:00,Unknown,38.5,2024,11,14
83451,50132,21306,2,46.5,2025-03-02 20:11:30+00:00,Unknown,93.0,2025,3,2
85143,49098,21714,1,47.25,2024-07-20 02:54:58+00:00,Unknown,47.25,2024,7,20
80007,48847,21479,2,58.5,2024-11-11 21:27:35+00:00,Unknown,117.0,2024,11,11
79863,50643,21550,1,68.0,2024-11-14 11:51:30+00:00,Unknown,68.0,2024,11,14
83117,48686,21342,1,73.19,2024-09-18 17:34:00+00:00,Unknown,73.19,2024,9,18
85118,48709,21795,1,36.5,2025-01-25 15:43:36+00:00,Unknown,36.5,2025,1,25
79489,47947,22032,1,36.75,2025-02-07 15:09:18.736000+00:00,"Suite 912 437 Gerlach Camp, East Arlene, VA 83451-6889",36.75,2025,2,7
78611,49813,21405,1,18.0,2025-06-11 00:53:00+00:00,Unknown,18.0,2025,6,11
78379,49431,21725,3,48.6,2025-03-21 15:37:56+00:00,Unknown,145.8,2025,3,21
85470,49041,21860,2,44.5,2025-01-09 12:58:59+00:00,Unknown,89.0,2025,1,9
80699,49145,21752,1,58.0,2024-10-25 06:33:25+00:00,Unknown,58.0,2024,10,25
81296,50720,21355,3,59.0,2025-07-07 06:58:40+00:00,Unknown,177.0,2025,7,7
77625,48820,21369,2,38.5,2025-04-14 18:44:08+00:00,"533 Will Place, Wizaton, ME 27486-1348",77.0,2025,4,14
79026,51050,21494,2,76.2,2025-01-25 10:26:00+00:00,Unknown,152.4,2025,1,25
82450,48318,21555,1,46.25,2025-04-03 09:57:46+00:00,Unknown,46.25,2025,4,3
85762,48853,21446,1,17.0,2024-08-09 22:14:50+00:00,Unknown,17.0,2024,8,9
82060,49352,21832,1,34.0,2024-11-24 07:58:16.095000+00:00,Unknown,34.0,2024,11,24
83095,48851,21788,1,21.5,2025-02-22 21:49:00+00:00,"Apt. 703 71670 Mauro Springs, Port Sherwood, VT 21865-4301",21.5,2025,2,22
80569,49689,21474,3,24.0,2024-12-08 03:11:33+00:00,"Apt. 244 95132 Langosh Heights, Port Emorybury, HI 67242",72.0,2024,12,8
83488,48365,21585,1,58.5,2025-05-27 05:25:00+00:00,Unknown,58.5,2025,5,27
86105,49355,21750,5,40.5,2024-08-12 07:24:23+00:00,Unknown,202.5,2024,8,12
82466,47882,21348,1,22.99,2025-05-23 01:33:32+00:00,Unknown,22.99,2025,5,23
84043,50129,21737,2,19.0,2024-12-10 04:18:00+00:00,Unknown,38.0,2024,12,10
85008,48888,22044,1,22.25,2025-06-19 07:30:01+00:00,Unknown,22.25,2025,6,19
78920,49983,21631,2,22.75,2025-02-04 10:03:58+00:00,Unknown,45.5,2025,2,4
79036,48140,21751,1,72.5,2024-09-16 04:23:00+00:00,Unknown,72.5,2024,9,16
80259,47818,21422,1,20.4,2025-07-28 05:13:48.852000+00:00,"61764 Cartwright Corner, North Polly, WY 77928-8146",20.4,2025,7,28
84431,49790,21778,2,39.75,2024-12-26 18:35:55+00:00,Unknown,79.5,2024,12,26
79965,49692,21998,1,21.6,2025-02-26 04:21:00+00:00,"91386 Bailey Spur, Teofilaland, RI 07803-5039",21.6,2025,2,26
80407,50217,21724,2,24.9,2024-10-15 00:26:57.809000+00:00,Unknown,49.8,2024,10,15
83433,49227,22015,2,63.99,2025-04-15 13:56:38+00:00,"Apt. 164 618 Terra Ford, Lutherchester, MS 06400-1448",127.98,2025,4,15
85269,50803,21760,1,72.5,2025-04-08 19:33:32+00:00,Unknown,72.5,2025,4,8
78710,49779,21496,1,82.79,2024-09-25 06:43:19+00:00,Unknown,82.79,2024,9,25
78085,50340,21481,1,18.99,2025-06-05 18:30:20+00:00,"5502 Flora Plain, Breitenbergmouth, AR 20176",18.99,2025,6,5
86043,49338,21390,1,54.0,2025-06-21 10:32:58+00:00,Unknown,54.0,2025,6,21
85254,51057,21923,1,15.0,2024-06-06 11:05:14.750000+00:00,"Suite 944 249 Porfirio Camp, Rauhaven, MN 55629",15.0,2024,6,6
78284,50683,21882,1,40.99,2025-01-01 18:26:41+00:00,Unknown,40.99,2025,1,1
77678,48577,21546,1,43.75,2024-08-22 15:45:00+00:00,"Suite 545 26468 Lance Fords, East Nickolaschester, TX 35873",43.75,2024,8,22
83686,48719,21339,1,69.5,2024-09-17 23:09:17+00:00,Unknown,69.5,2024,9,17
84061,49162,21480,1,62.39,2024-09-18 16:10:10+00:00,Unknown,62.39,2024,9,18
79229,48118,22038,1,39.6,2024-10-03 15:04:00+00:00,Unknown,39.6,2024,10,3
84889,49585,21428,1,62.99,2024-12-20 06:30:00+00:00,Unknown,62.99,2024,12,20
79327,49947,21873,1,72.25,2025-09-07 14:29:13+00:00,Unknown,72.25,2025,9,7
81005,50300,21508,2,26.0,2024-11-07 04:50:24.941000+00:00,Unknown,52.0,2024,11,7
79193,49013,21378,1,34.0,2025-04-08 13:27:13+00:00,Unknown,34.0,2025,4,8
85975,47789,21774,1,20.0,2024-09-22 22:29:00+00:00,Unknown,20.0,2024,9,22
77718,50318,21932,1,23.0,2025-01-03 23:26:43+00:00,Unknown,23.0,2025,1,3
84873,49223,21402,2,50.4,2024-12-18 03:19:28+00:00,Unknown,100.8,2024,12,18
83035,48950,21692,1,69.0,2025-03-22 17:28:04+00:00,"3366 Chadwick Ford, Rashadmouth, HI 98496-1795",69.0,2025,3,22
78790,50045,21986,1,65.1,2024-12-06 11:42:00+00:00,"Apt. 934 35782 Joan Wells, North Laveniaburgh, NE 08764",65.1,2024,12,6
80659,48503,21573,2,27.75,2024-09-16 17:38:00+00:00,"94082 Rickie Row, Lake Clinton, NV 36522",55.5,2024,9,16
85634,48007,21724,2,19.2,2024-11-21 22:15:10+00:00,Unknown,38.4,2024,11,21
78156,49161,21690,2,41.5,2024-10-12 14:05:18+00:00,Unknown,83.0,2024,10,12
80090,49994,21900,1,69.0,2024-09-14 22:05:17+00:00,Unknown,69.0,2024,9,14
77747,50727,21696,1,42.5,2024-10-11 09:58:00+00:00,Unknown,42.5,2024,10,11
80174,50040,21734,2,48.0,2024-08-24 00:06:00+00:00,Unknown,96.0,2024,8,24
81092,50345,21691,2,15.99,2025-03-14 01:32:31+00:00,Unknown,31.98,2025,3,14
81412,47977,21634,1,81.6,2025-01-20 03:28:28+00:00,Unknown,81.6,2025,1,20
85656,47821,21972,1,19.2,2024-07-15 10:09:14+00:00,Unknown,19.2,2024,7,15
84884,50822,22054,1,79.2,2024-11-15 22:55:57+00:00,Unknown,79.2,2024,11,15
85301,47866,21466,1,42.9,2025-01-21 15:08:00+00:00,Unknown,42.9,2025,1,21
82867,47851,21850,2,59.5,2024-03-16 03:17:41+00:00,Unknown,119.0,2024,3,16
82200,50317,21624,2,22.5,2024-09-24 04:20:49+00:00,"25487 Bergstrom Shores, East Walterberg, ME 32679",45.0,2024,9,24
83437,50640,21988,4,44.25,2024-12-21 17:10:14+00:00,Unknown,177.0,2024,12,21
80728,49723,21834,3,32.7,2025-06-07 15:50:02+00:00,Unknown,98.1,2025,6,7
85173,49459,21461,1,85.5,2025-02-28 03:37:00+00:00,Unknown,85.5,2025,2,28
82959,47773,21513,2,22.8,2024-07-17 06:11:31+00:00,"153 Josefine Unions, New Leoberg, SC 77981",45.6,2024,7,17
86210,48839,21721,1,50.5,2024-07-30 06:51:41+00:00,"871 Erin Orchard, West Freedashire, CO 87266",50.5,2024,7,30
78995,49766,21952,1,51.99,2025-04-15 01:28:00+00:00,Unknown,51.99,2025,4,15
82612,50572,21496,1,71.0,2025-01-08 08:38:32+00:00,Unknown,71.0,2025,1,8
85371,50146,21649,3,69.75,2024-05-16 20:51:00+00:00,Unknown,209.25,2024,5,16
86501,49121,21911,1,62.0,2024-12-17 03:12:27+00:00,Unknown,62.0,2024,12,17
84855,51006,21579,1,74.99,2024-06-18 12:42:57+00:00,Unknown,74.99,2024,6,18
83251,50528,21953,2,48.9,2025-05-02 00:54:22+00:00,Unknown,97.8,2025,5,2
78970,48349,21624,1,27.6,2024-12-28 20:46:11+00:00,Unknown,27.6,2024,12,28
82923,47899,21850,1,72.0,2025-05-16 05:52:00+00:00,Unknown,72.0,2025,5,16
82236,51053,21989,1,84.0,2024-08-31 23:23:18+00:00,Unknown,84.0,2024,8,31
78882,50210,21884,1,30.0,2025-01-11 07:04:07+00:00,Unknown,30.0,2025,1,11
83403,48022,21386,1,48.75,2024-08-13 07:10:54.894000+00:00,Unknown,48.75,2024,8,13
80342,49119,21499,1,51.75,2024-06-27 03:22:21+00:00,Unknown,51.75,2024,6,27
82731,50859,21456,4,65.99,2024-12-19 07:49:43+00:00,"556 Heidenreich Overpass, Bashirianshire, NV 79726",263.96,2024,12,19
86415,49816,21412,2,19.5,2025-02-01 15:23:04+00:00,Unknown,39.0,2025,2,1
82198,50500,21372,1,35.5,2025-01-15 07:17:00+00:00,Unknown,35.5,2025,1,15
77879,49101,21993,1,54.9,2024-08-06 03:16:10+00:00,Unknown,54.9,2024,8,6
84215,49668,21598,1,18.0,2025-03-19 14:13:53+00:00,Unknown,18.0,2025,3,19
85815,50430,21792,3,63.0,2024-07-08 11:12:37+00:00,"Suite 366 30680 Wayne Crossroad, North Lawerence, KS 46148-9939",189.0,2024,7,8
85912,49126,21739,1,40.0,2025-02-16 10:53:39+00:00,Unknown,40.0,2025,2,16
78587,48536,21422,1,21.59,2025-01-17 18:09:00+00:00,Unknown,21.59,2025,1,17
79343,50733,21699,1,25.8,2024-08-18 09:53:00+00:00,Unknown,25.8,2024,8,18
86365,50015,21517,2,75.0,2024-08-06 21:02:55+00:00,Unknown,150.0,2024,8,6
81514,48636,22019,1,32.99,2025-08-05 20:45:00+00:00,"Apt. 309 195 Dania Ranch, Ambroseborough, VT 70059",32.99,2025,8,5
85520,49308,21436,1,79.19,2024-11-30 14:29:45+00:00,"Apt. 811 87827 Ritchie Walks, South Joettaside, KS 94662-0130",79.19,2024,11,30
84914,49073,21318,1,28.5,2024-02-27 02:20:00+00:00,"41926 Herzog Lights, East Amee, VT 33524-9649",28.5,2024,2,27
77721,49811,21586,1,53.7,2024-06-26 20:55:17.609000+00:00,Unknown,53.7,2024,6,26
81646,50965,22003,1,73.8,2024-07-18 13:06:06+00:00,Unknown,73.8,2024,7,18
81102,48081,21906,1,42.0,2025-02-01 16:31:36+00:00,Unknown,42.0,2025,2,1
85690,50226,22041,1,39.0,2025-05-11 05:22:14.928000+00:00,Unknown,39.0,2025,5,11
81078,49448,21739,1,39.0,2024-10-28 06:58:58+00:00,Unknown,39.0,2024,10,28
84995,49883,21893,2,69.75,2024-06-12 12:00:39+00:00,Unknown,139.5,2024,6,12
82223,49086,21929,1,57.25,2024-06-19 15:11:05+00:00,Unknown,57.25,2024,6,19
81287,48944,21316,1,35.0,2025-04-05 18:05:41+00:00,Unknown,35.0,2025,4,5
84386,50982,22013,1,45.25,2024-10-22 23:48:00+00:00,"670 Schamberger Ports, Lake Barney, OR 22152",45.25,2024,10,22
77805,49591,21392,2,49.5,2025-04-26 19:48:15+00:00,Unknown,99.0,2025,4,26
79761,48507,21850,1,69.6,2025-03-09 23:39:04.042000+00:00,Unknown,69.6,2025,3,9
86464,48633,21607,1,42.3,2025-04-02 22:59:12.145000+00:00,Unknown,42.3,2025,4,2
82819,50295,21358,1,18.99,2025-01-16 23:41:52+00:00,Unknown,18.99,2025,1,16
82882,50787,21621,1,70.75,2025-03-15 04:27:33+00:00,"Suite 301 3679 Dooley Shore, Taiberg, SD 35845-0016",70.75,2025,3,15
80388,49299,21368,1,49.8,2024-07-25 07:40:39+00:00,Unknown,49.8,2024,7,25
82746,49694,21578,1,22.25,2025-07-09 00:13:19+00:00,Unknown,22.25,2025,7,9
84367,49933,21339,1,66.75,2025-09-26 00:28:00+00:00,Unknown,66.75,2025,9,26
85985,48275,21799,1,31.5,2025-06-22 21:33:00.078000+00:00,Unknown,31.5,2025,6,22
82441,49092,21388,1,18.0,2024-07-03 21:47:00+00:00,"4206 Abernathy Flat, Glenmouth, OK 89470",18.0,2024,7,3
81404,50142,21723,1,47.0,2024-10-04 17:59:00+00:00,"Suite 237 386 Sabra Motorway, East Garyburgh, RI 24750",47.0,2024,10,4
81717,48837,21735,3,33.5,2024-08-21 19:50:40+00:00,Unknown,100.5,2024,8,21
84266,48739,21356,1,32.39,2025-01-20 20:11:00+00:00,Unknown,32.39,2025,1,20
84675,47978,21623,1,41.1,2024-10-14 14:14:35+00:00,Unknown,41.1,2024,10,14
85804,50645,21980,2,19.2,2025-02-17 09:56:02.250000+00:00,"60288 Rob Fort, South Sheldon, NM 07507-7818",38.4,2025,2,17
80404,48672,22010,1,43.0,2025-09-16 21:15:03+00:00,Unknown,43.0,2025,9,16
78293,50649,21559,1,45.9,2025-07-06 19:45:43.888000+00:00,Unknown,45.9,2025,7,6
82421,48873,21300,1,40.5,2024-07-31 19:01:20+00:00,Unknown,40.5,2024,7,31
85989,49174,21787,3,45.25,2025-07-02 03:20:00+00:00,Unknown,135.75,2025,7,2
83621,48290,21982,2,41.5,2024-09-04 17:18:17+00:00,Unknown,83.0,2024,9,4
86293,49206,21611,1,60.9,2024-09-25 06:37:15.645000+00:00,Unknown,60.9,2024,9,25
81320,50006,21560,1,23.99,2024-07-16 16:43:21+00:00,Unknown,23.99,2024,7,16
82124,48075,22031,1,30.25,2024-01-29 08:22:00+00:00,Unknown,30.25,2024,1,29
86143,49247,21817,3,61.75,2025-01-27 21:47:53+00:00,"529 Randell Throughway, Oscarport, AR 16391",185.25,2025,1,27
85938,48182,21739,2,46.2,2025-01-02 15:12:48+00:00,Unknown,92.4,2025,1,2
84651,49106,21588,5,63.0,2024-08-07 07:23:51+00:00,Unknown,315.0,2024,8,7
86114,47976,21448,2,28.8,2025-03-10 20:22:41+00:00,Unknown,57.6,2025,3,10
78775,49816,21315,1,89.4,2024-04-16 08:36:48+00:00,Unknown,89.4,2024,4,16
80271,48873,21306,1,57.9,2025-04-25 11:57:06+00:00,Unknown,57.9,2025,4,25
83990,47678,21578,1,22.25,2025-03-19 15:21:44+00:00,Unknown,22.25,2025,3,19
78825,48886,21317,2,61.99,2024-11-12 23:41:10+00:00,Unknown,123.98,2024,11,12
84051,49896,21772,1,56.4,2024-09-03 20:33:12+00:00,Unknown,56.4,2024,9,3
78621,50725,21729,1,44.0,2024-10-24 13:33:43+00:00,Unknown,44.0,2024,10,24
80663,48427,21421,1,76.8,2025-03-21 17:53:23+00:00,"Suite 223 30405 Harber Tunnel, Herzogtown, MT 43772",76.8,2025,3,21
78088,49470,21781,1,66.0,2025-01-10 23:51:00+00:00,Unknown,66.0,2025,1,10
85385,48618,21666,1,83.7,2025-08-16 19:35:37+00:00,Unknown,83.7,2025,8,16
80500,48092,21737,1,23.99,2024-10-28 16:30:00+00:00,Unknown,23.99,2024,10,28
79387,48984,21316,1,31.99,2025-07-19 16:39:51+00:00,Unknown,31.99,2025,7,19
85223,50219,21297,2,28.5,2024-12-25 19:47:43.243000+00:00,Unknown,57.0,2024,12,25
80395,50563,21891,5,62.0,2025-02-10 15:54:12+00:00,Unknown,310.0,2025,2,10
84818,48866,22044,1,22.0,2025-03-23 02:07:00+00:00,Unknown,22.0,2025,3,23
82209,51115,21461,1,71.99,2024-04-08 18:22:20+00:00,"Apt. 149 883 White Extensions, Champlinland, KY 33631-7589",71.99,2024,4,8
83405,50443,21436,1,80.1,2025-01-24 08:33:00+00:00,Unknown,80.1,2025,1,24
79828,48691,21447,1,56.1,2025-02-12 12:00:00+00:00,Unknown,56.1,2025,2,12
83930,48905,21430,1,54.0,2024-09-29 14:09:00+00:00,Unknown,54.0,2024,9,29
83515,50012,21369,1,40.5,2024-09-08 11:15:55+00:00,"Apt. 210 933 Schimmel Dale, Mikemouth, SC 73074-3106",40.5,2024,9,8
82637,50069,21399,2,68.99,2024-11-09 10:46:48+00:00,Unknown,137.98,2024,11,9
84231,48129,21689,1,17.0,2024-12-17 18:35:35+00:00,Unknown,17.0,2024,12,17
81394,48943,21399,1,64.75,2024-12-23 06:25:07+00:00,"9597 Koepp Manor, North Mervin, KY 52764",64.75,2024,12,23
78544,48234,21922,2,24.25,2024-11-30 08:35:22+00:00,"379 Buster Shores, West Ara, NV 47551",48.5,2024,11,30
84098,48780,21493,1,28.0,2024-08-25 15:50:55+00:00,Unknown,28.0,2024,8,25
78356,50795,21869,1,37.8,2024-12-08 06:51:22+00:00,Unknown,37.8,2024,12,8
85735,48251,22014,1,37.19,2024-12-07 22:47:36.638000+00:00,Unknown,37.19,2024,12,7
78404,49826,21366,2,33.5,2025-04-09 11:36:59+00:00,Unknown,67.0,2025,4,9
78532,49464,21510,2,25.99,2024-09-13 00:43:55+00:00,Unknown,51.98,2024,9,13
82041,48233,21591,1,54.75,2025-02-25 20:48:00+00:00,Unknown,54.75,2025,2,25
79578,50317,21883,2,31.0,2024-01-04 00:18:18+00:00,Unknown,62.0,2024,1,4
86376,49082,21972,1,21.6,2024-06-21 06:01:00+00:00,"403 Bernhard Lights, Carrieside, VT 10877-0400",21.6,2024,6,21
81762,48600,21913,1,44.5,2024-08-05 17:19:02+00:00,Unknown,44.5,2024,8,5
81339,50939,21885,1,50.5,2024-07-25 17:34:39+00:00,"Apt. 557 1094 Terresa Ways, Lake Elmerborough, MA 42693",50.5,2024,7,25
81726,49987,21728,1,52.99,2024-10-28 12:56:10+00:00,Unknown,52.99,2024,10,28
85430,49944,21823,2,62.0,2024-09-11 07:20:00+00:00,Unknown,124.0,2024,9,11
84091,50338,21909,1,34.2,2025-05-22 20:23:00+00:00,Unknown,34.2,2025,5,22
83622,50197,21916,1,20.0,2024-05-27 11:17:23+00:00,Unknown,20.0,2024,5,27
84781,48255,21677,1,37.5,2024-09-26 15:28:33+00:00,"Suite 841 3810 Jamika Manor, Lyndonside, AZ 67857",37.5,2024,9,26
86318,50242,21931,3,30.0,2024-12-01 20:48:00+00:00,"Apt. 404 51378 Ross Mall, Dennismouth, SC 53579",90.0,2024,12,1
83301,50580,21480,1,52.5,2024-09-08 17:25:14+00:00,Unknown,52.5,2024,9,8
85763,47668,21694,1,31.8,2024-11-29 17:16:53+00:00,"Suite 495 10813 Magdalena Locks, Chaunceychester, CO 93682",31.8,2024,11,29
84880,50360,21353,2,29.5,2025-02-05 19:06:56+00:00,Unknown,59.0,2025,2,5
79499,50660,21854,1,61.25,2024-10-05 18:43:08+00:00,Unknown,61.25,2024,10,5
86142,50121,21462,1,28.2,2025-01-07 00:21:00+00:00,"916 Yost Unions, North Chase, AK 15690-1085",28.2,2025,1,7
81741,50577,21702,1,61.25,2024-12-14 16:33:00+00:00,Unknown,61.25,2024,12,14
78917,48156,21612,1,16.99,2024-08-26 20:52:00+00:00,Unknown,16.99,2024,8,26
84371,47800,21682,1,71.0,2025-05-08 12:40:30+00:00,"18312 Mosciski Island, North Idalia, IN 96231",71.0,2025,5,8
83853,48830,21532,1,13.5,2025-07-03 17:19:12+00:00,Unknown,13.5,2025,7,3
80398,49318,21702,1,77.4,2024-08-12 11:13:00+00:00,"Suite 515 3418 Margert Crest, New Elisa, AZ 42271",77.4,2024,8,12
84771,48684,21910,3,43.8,2024-09-11 21:18:00+00:00,Unknown,131.4,2024,9,11
79040,50129,21581,1,47.25,2025-02-12 12:21:00+00:00,Unknown,47.25,2025,2,12
81783,49929,21840,2,18.5,2024-11-11 19:16:32+00:00,"604 Gusikowski Mews, South Merrillstad, MI 32679",37.0,2024,11,11
82202,48567,21722,1,33.0,2024-09-10 18:21:54+00:00,"540 Herlinda Shoal, South Janniefort, OK 36302",33.0,2024,9,10
81682,50562,21652,1,63.5,2024-11-21 09:06:41+00:00,Unknown,63.5,2024,11,21
81402,50281,21801,1,51.9,2024-05-28 07:21:06+00:00,"Apt. 316 1113 Joette Inlet, West Chasfort, SC 81123",51.9,2024,5,28
81224,48624,21612,1,17.4,2025-01-02 03:18:00+00:00,Unknown,17.4,2025,1,2
80214,47873,21733,1,16.8,2025-01-31 07:33:03+00:00,"9136 Dicki Knoll, South Suzann, MI 67243-8518",16.8,2025,1,31
79166,49855,21696,1,38.0,2024-12-03 23:50:14+00:00,"Apt. 429 84448 McLaughlin Club, New Joann, AR 84631-1990",38.0,2024,12,3
77681,48925,21502,1,68.0,2024-11-03 16:03:53.717000+00:00,Unknown,68.0,2024,11,3
80846,49816,21432,1,41.99,2025-02-15 04:20:42+00:00,"Suite 200 5036 Howard Island, West Christopher, VA 47896",41.99,2025,2,15
83299,49304,21670,2,25.0,2024-12-09 11:41:31+00:00,Unknown,50.0,2024,12,9
85327,48149,22035,3,37.0,2025-02-13 02:53:05+00:00,Unknown,111.0,2025,2,13
81049,49853,21994,1,31.5,2024-12-19 12:19:13+00:00,Unknown,31.5,2024,12,19
79904,50619,21720,1,28.25,2024-10-24 14:07:00+00:00,Unknown,28.25,2024,10,24
77631,48369,21468,1,31.5,2024-06-11 07:40:00+00:00,Unknown,31.5,2024,6,11
81077,48942,21671,1,33.99,2024-09-22 12:59:04+00:00,Unknown,33.99,2024,9,22
81468,48015,21380,2,64.0,2024-08-07 21:09:15+00:00,Unknown,128.0,2024,8,7
86393,50071,21933,1,63.6,2025-06-21 07:52:00+00:00,Unknown,63.6,2025,6,21
82990,49989,21869,1,29.0,2025-04-14 10:16:36+00:00,"95532 Belkis Drives, Dietrichchester, NH 01857-0764",29.0,2025,4,14
84263,48302,21331,1,54.6,2025-07-16 19:51:07+00:00,Unknown,54.6,2025,7,16
86450,49166,21949,1,46.99,2025-02-23 08:35:24+00:00,Unknown,46.99,2025,2,23
78177,50604,22034,1,72.0,2024-09-20 10:05:22+00:00,Unknown,72.0,2024,9,20
82781,48464,21377,1,57.5,2024-12-30 16:02:59+00:00,Unknown,57.5,2024,12,30
81511,50498,21509,2,47.7,2024-07-30 06:05:13+00:00,"Suite 521 63396 Sauer Villages, East Shannon, OH 67554-2579",95.4,2024,7,30
81945,47693,21965,1,74.1,2024-10-29 18:55:46+00:00,Unknown,74.1,2024,10,29
82761,48914,21952,3,53.0,2025-04-05 18:54:19.573000+00:00,"Apt. 967 411 Jakubowski Lodge, Lorettafurt, TN 91831-7324",159.0,2025,4,5
86516,50280,21691,1,17.4,2024-08-21 18:19:26+00:00,Unknown,17.4,2024,8,21
86373,48260,21621,1,69.75,2024-04-09 04:53:34+00:00,Unknown,69.75,2024,4,9
83372,50597,21959,2,71.25,2024-06-03 02:21:29+00:00,Unknown,142.5,2024,6,3
79631,50951,21833,1,69.0,2024-11-30 18:53:46+00:00,Unknown,69.0,2024,11,30
85222,48612,21835,1,88.79,2024-03-06 16:00:00+00:00,Unknown,88.79,2024,3,6
85624,50776,21579,2,82.8,2024-10-23 22:05:40+00:00,Unknown,165.6,2024,10,23
84984,49291,21549,5,29.0,2025-03-26 17:59:34+00:00,Unknown,145.0,2025,3,26
82144,48726,21882,2,41.99,2024-06-17 22:41:38+00:00,Unknown,83.98,2024,6,17
82345,49287,21953,1,48.0,2025-01-05 08:24:23+00:00,Unknown,48.0,2025,1,5
78816,48468,21547,1,65.7,2024-06-23 12:23:19+00:00,"95192 Dare Walk, Port Ervin, NV 61877",65.7,2024,6,23
79246,49060,22048,1,45.0,2024-12-18 21:26:03+00:00,"67306 Mayer Mill, Rexborough, NM 92867-3367",45.0,2024,12,18
83454,49298,21562,5,42.3,2025-02-15 23:44:00+00:00,"Suite 655 4848 Borer Hill, North Vicentaberg, RI 67001",211.5,2025,2,15
79296,50779,21576,1,27.5,2025-03-12 06:19:00+00:00,Unknown,27.5,2025,3,12
83116,48222,21857,1,17.0,2025-04-08 03:24:48+00:00,"1459 Luettgen Land, East Rory, SC 26260-1074",17.0,2025,4,8
81214,50785,21820,1,35.0,2024-12-02 12:04:43+00:00,Unknown,35.0,2024,12,2
86198,48966,21594,1,16.2,2024-04-28 19:08:12+00:00,Unknown,16.2,2024,4,28
80996,49193,21470,1,18.0,2025-05-06 17:27:00+00:00,Unknown,18.0,2025,5,6
82086,49630,21608,1,51.0,2024-12-30 11:43:43+00:00,"Suite 623 51203 Dani Summit, Tamarville, CA 55930-1419",51.0,2024,12,30
84836,48500,22029,1,63.0,2024-09-27 22:35:43.497000+00:00,Unknown,63.0,2024,9,27
83165,47930,21495,1,62.1,2025-03-02 06:35:19.403000+00:00,Unknown,62.1,2025,3,2
79442,48281,21322,2,32.99,2025-03-27 01:00:54+00:00,Unknown,65.98,2025,3,27
82585,50050,21457,5,27.75,2025-09-28 21:31:52+00:00,"Apt. 704 78662 Mafalda Ports, South Elba, NV 73675-0061",138.75,2025,9,28
86517,49543,22011,2,88.2,2024-12-29 23:30:25+00:00,"Apt. 917 6627 Armstrong Forge, West Abrahambury, LA 47576-7509",176.4,2024,12,29
81683,47801,21719,2,74.1,2024-07-18 20:54:54.969000+00:00,"Suite 857 8434 Lecia Locks, Port Maxwell, WY 78764",148.2,2024,7,18
77610,47784,21868,2,74.4,2024-11-21 20:31:34+00:00,"24264 Brian Port, Yundtbury, NE 87859-8277",148.8,2024,11,21
82331,50633,21448,2,21.5,2025-06-18 19:36:00+00:00,"Suite 551 2566 Williamson Wall, South Shawn, MI 86592",43.0,2025,6,18
86108,50626,22028,2,70.8,2024-09-09 23:32:42.506000+00:00,Unknown,141.6,2024,9,9
78796,48805,21782,1,54.5,2024-10-30 14:39:27+00:00,Unknown,54.5,2024,10,30
85771,49749,21766,1,74.4,2025-06-03 08:22:40+00:00,Unknown,74.4,2025,6,3
80856,50372,21447,1,60.0,2025-03-04 16:40:49+00:00,Unknown,60.0,2025,3,4
84966,49658,21825,4,44.39,2024-11-27 12:11:54+00:00,Unknown,177.56,2024,11,27
82510,48458,21910,1,40.8,2024-06-26 22:59:52.630000+00:00,Unknown,40.8,2024,6,26
78699,49217,21333,1,66.0,2025-06-30 12:18:00+00:00,Unknown,66.0,2025,6,30
85758,50356,21658,2,56.5,2024-11-12 20:46:56+00:00,Unknown,113.0,2024,11,12
86214,48597,21896,2,17.75,2024-09-21 16:21:43+00:00,Unknown,35.5,2024,9,21
86239,48775,21396,1,63.9,2025-02-04 21:29:00+00:00,Unknown,63.9,2025,2,4
79097,48419,21622,2,51.9,2025-01-04 11:45:40+00:00,Unknown,103.8,2025,1,4
83186,49005,21979,1,32.0,2024-11-20 23:26:04+00:00,"3482 Stevie Hills, East Shizukoview, KY 81963-0029",32.0,2024,11,20
77652,49393,21343,1,73.99,2024-10-13 14:16:15+00:00,Unknown,73.99,2024,10,13
78724,50983,21428,1,79.19,2024-11-17 14:45:58+00:00,Unknown,79.19,2024,11,17
84219,48493,21329,1,51.6,2024-10-07 18:47:00+00:00,Unknown,51.6,2024,10,7
83424,49761,21830,1,83.99,2025-04-03 07:07:54+00:00,Unknown,83.99,2025,4,3
81527,49684,21405,1,19.99,2025-01-17 01:19:00+00:00,"Apt. 113 48893 Bashirian Path, Hagenesshire, PA 61056-5178",19.99,2025,1,17
79134,50960,21304,1,22.8,2025-04-20 17:46:11+00:00,Unknown,22.8,2025,4,20
84530,50863,21914,1,88.5,2024-06-03 05:17:52+00:00,Unknown,88.5,2024,6,3
86471,50300,21630,3,32.0,2025-01-16 15:29:30+00:00,Unknown,96.0,2025,1,16
81244,49812,21698,1,48.5,2024-11-29 13:14:12+00:00,Unknown,48.5,2024,11,29
86133,48110,21917,1,67.5,2024-12-30 01:08:46+00:00,Unknown,67.5,2024,12,30
83043,49843,21676,1,70.0,2024-05-12 00:00:56+00:00,"Suite 652 345 Bauch Plains, Kesslerberg, SC 19639",70.0,2024,5,12
81869,49210,21932,2,21.0,2025-08-18 21:44:39.640000+00:00,"Apt. 329 115 Little Key, North Trentburgh, NH 21453",42.0,2025,8,18
80994,51081,21943,1,84.0,2024-08-25 09:52:10+00:00,Unknown,84.0,2024,8,25
84710,48578,21638,1,56.4,2025-05-17 03:15:40+00:00,Unknown,56.4,2025,5,17
81364,51013,21375,1,60.3,2024-11-20 19:16:47+00:00,Unknown,60.3,2024,11,20
83691,48505,21309,2,25.99,2024-07-23 12:07:00+00:00,Unknown,51.98,2024,7,23
79441,48009,21898,1,54.75,2025-03-30 04:53:27+00:00,"385 Robin Route, North Hillaryfurt, OK 68901-3725",54.75,2025,3,30
80738,48610,21706,1,19.0,2025-01-09 11:06:52+00:00,"48737 Tawny Underpass, New Rosalvaland, WI 11600",19.0,2025,1,9
81672,48641,21778,5,45.9,2024-11-16 05:10:03+00:00,"Suite 969 936 Emerson Alley, Gretchenborough, FL 90453",229.5,2024,11,16
82968,50478,21689,1,22.2,2025-01-12 17:19:14+00:00,Unknown,22.2,2025,1,12
84767,48572,21451,1,88.79,2025-04-07 17:35:01+00:00,Unknown,88.79,2025,4,7
81957,49776,21729,2,56.4,2024-11-24 10:19:00+00:00,Unknown,112.8,2024,11,24
78418,50253,21572,3,54.0,2024-05-16 03:01:55+00:00,"71598 Witting Forges, Robinton, NY 31933-3587",162.0,2024,5,16
80871,48491,21971,1,51.5,2024-07-25 02:46:06+00:00,"Suite 995 73837 Brakus Via, Ladonnachester, OH 79374",51.5,2024,7,25
81283,48052,21714,2,45.0,2024-10-29 05:58:18+00:00,Unknown,90.0,2024,10,29
84674,49617,21615,1,54.0,2024-10-04 17:05:26+00:00,Unknown,54.0,2024,10,4
78741,50518,21850,2,63.0,2024-09-07 23:07:00+00:00,Unknown,126.0,2024,9,7
80242,48598,21923,1,18.0,2025-05-31 18:02:08+00:00,Unknown,18.0,2025,5,31
81433,49256,21515,1,50.99,2025-01-15 05:56:05+00:00,Unknown,50.99,2025,1,15
78217,48948,21408,2,47.0,2025-01-02 11:11:20+00:00,"Suite 625 75303 Feest Gateway, Shuton, AK 58383",94.0,2025,1,2
78758,50393,21981,2,21.25,2025-09-06 20:41:00+00:00,Unknown,42.5,2025,9,6
78870,47685,22037,1,27.5,2025-03-23 22:40:00+00:00,Unknown,27.5,2025,3,23
85753,48920,21551,1,26.4,2024-07-03 03:00:14+00:00,Unknown,26.4,2024,7,3
82420,50230,21682,1,73.5,2024-09-26 16:14:14+00:00,"Apt. 922 7913 Karla Unions, Port Joesphview, KS 11285-8739",73.5,2024,9,26
80019,48307,21490,1,65.5,2024-12-18 16:33:30+00:00,Unknown,65.5,2024,12,18
83157,50083,21326,1,67.0,2024-12-17 18:48:47+00:00,Unknown,67.0,2024,12,17
78731,48582,21892,3,24.0,2025-03-07 02:13:00+00:00,Unknown,72.0,2025,3,7
85243,47872,21984,3,53.5,2025-02-10 10:23:00+00:00,Unknown,160.5,2025,2,10
81334,50007,21495,1,52.75,2024-12-19 02:29:00+00:00,"Apt. 742 61092 Riley Parkways, Kemmerchester, SD 67418",52.75,2024,12,19
80381,50392,21737,1,19.99,2025-01-03 14:59:18+00:00,Unknown,19.99,2025,1,3
80924,49826,21742,1,31.0,2025-01-25 14:09:00+00:00,Unknown,31.0,2025,1,25
79737,48323,21700,1,45.0,2024-06-13 21:20:00+00:00,Unknown,45.0,2024,6,13
81715,48152,21389,1,51.75,2025-04-08 02:36:45+00:00,"Apt. 620 9627 Goldner Radial, Port Arnette, NM 74494-8163",51.75,2025,4,8
81661,50887,21838,1,32.0,2024-12-03 00:56:00+00:00,Unknown,32.0,2024,12,3
79182,49003,21784,1,82.5,2025-02-04 05:57:00+00:00,Unknown,82.5,2025,2,4
79676,47730,21822,5,30.5,2025-06-08 04:18:19+00:00,Unknown,152.5,2025,6,8
86207,49440,21428,1,60.75,2024-11-13 14:33:23+00:00,Unknown,60.75,2024,11,13
82070,48854,21937,1,54.0,2025-01-11 12:25:00+00:00,Unknown,54.0,2025,1,11
84321,47725,21646,1,72.5,2024-10-14 11:20:26+00:00,"4817 Shanon Crest, Vicenteland, ND 97743-8472",72.5,2024,10,14
84732,48488,21892,1,27.0,2024-06-20 14:47:02+00:00,Unknown,27.0,2024,6,20
80021,48761,21665,1,71.99,2024-05-27 02:56:50+00:00,"6890 Elsy Place, Justinland, NY 62986-3085",71.99,2024,5,27
83464,50002,21316,1,42.0,2024-07-10 16:53:53+00:00,Unknown,42.0,2024,7,10
78636,49721,21596,1,32.0,2025-05-22 05:26:00+00:00,Unknown,32.0,2025,5,22
84559,49015,21301,1,43.0,2025-02-21 23:40:36+00:00,"916 Homenick Oval, Korifort, OK 47069",43.0,2025,2,21
84327,48922,21956,2,30.3,2024-12-07 07:55:28+00:00,Unknown,60.6,2024,12,7
80837,47767,21608,1,60.6,2025-02-22 22:21:10+00:00,Unknown,60.6,2025,2,22
84844,49714,21926,1,42.25,2024-09-22 20:53:19+00:00,Unknown,42.25,2024,9,22
84534,47773,21390,4,44.75,2025-03-14 07:38:18+00:00,Unknown,179.0,2025,3,14
84514,50079,21853,1,55.5,2024-03-07 14:05:05+00:00,Unknown,55.5,2024,3,7
82920,49048,21415,1,63.25,2025-01-09 05:31:00+00:00,Unknown,63.25,2025,1,9
81466,48867,21561,2,65.0,2025-06-18 17:28:53+00:00,Unknown,130.0,2025,6,18
86149,48972,21308,4,36.99,2024-11-08 03:30:40+00:00,Unknown,147.96,2024,11,8
79100,48418,21460,1,67.99,2024-12-19 15:21:23.003000+00:00,Unknown,67.99,2024,12,19
82532,50547,21703,1,79.8,2024-12-19 03:52:31+00:00,"6838 Bins Mountain, Averychester, PA 50500-8814",79.8,2024,12,19
79790,49675,21775,3,79.5,2024-12-27 02:59:00+00:00,Unknown,238.5,2024,12,27
81997,49683,21394,1,65.0,2025-05-22 15:44:51+00:00,Unknown,65.0,2025,5,22
85197,48721,21606,1,46.2,2025-04-29 07:33:00+00:00,Unknown,46.2,2025,4,29
79624,48257,21959,1,89.4,2024-07-29 17:31:18+00:00,Unknown,89.4,2024,7,29
85416,49143,21426,1,79.8,2024-10-05 07:23:26.325000+00:00,Unknown,79.8,2024,10,5
84647,48715,21581,2,53.7,2024-08-08 23:56:15+00:00,Unknown,107.4,2024,8,8
84920,48709,21599,2,54.25,2025-04-30 07:24:04+00:00,Unknown,108.5,2025,4,30
78576,49209,21824,2,64.99,2024-04-29 22:04:49+00:00,Unknown,129.98,2024,4,29
79278,49116,22006,1,30.0,2024-10-04 18:48:17+00:00,"Apt. 722 2476 Williamson Expressway, South Hedwigview, NJ 59274",30.0,2024,10,4
86504,49579,21420,3,26.4,2024-10-20 17:52:59+00:00,Unknown,79.2,2024,10,20
84189,48791,22048,1,49.8,2025-09-23 19:26:46+00:00,Unknown,49.8,2025,9,23
83274,48876,21627,1,68.25,2024-07-04 21:34:37+00:00,Unknown,68.25,2024,7,4
86156,48692,22054,1,66.75,2024-08-06 21:32:08+00:00,"Apt. 344 14450 Risa Stream, Langmouth, NH 22790",66.75,2024,8,6
79739,50462,21859,1,89.4,2025-07-20 21:35:53+00:00,Unknown,89.4,2025,7,20
83652,49871,21497,1,82.8,2024-03-22 20:58:51+00:00,Unknown,82.8,2024,3,22
81280,48507,21452,1,89.4,2024-10-18 17:42:42+00:00,Unknown,89.4,2024,10,18
80463,48555,21983,4,61.99,2024-12-01 09:43:00+00:00,Unknown,247.96,2024,12,1
81464,49055,21920,1,23.5,2025-02-21 16:12:22.476000+00:00,Unknown,23.5,2025,2,21
82157,49457,21429,1,32.4,2024-08-19 18:45:46+00:00,Unknown,32.4,2024,8,19
81227,48048,21568,3,33.0,2025-04-20 07:45:22+00:00,Unknown,99.0,2025,4,20
79719,49056,21974,1,69.6,2024-12-24 09:31:00+00:00,Unknown,69.6,2024,12,24
78496,48067,21793,1,30.25,2025-03-26 01:17:48+00:00,"Apt. 992 8830 Little Inlet, Lake Kenyaborough, NM 51058",30.25,2025,3,26
79434,47810,22053,3,53.0,2024-12-15 08:51:00+00:00,Unknown,159.0,2024,12,15
85953,48657,21559,1,38.99,2025-03-19 23:13:27+00:00,Unknown,38.99,2025,3,19
78232,49708,21902,1,22.0,2024-11-13 15:17:01+00:00,"Suite 670 1120 Stokes Place, North Donnellfurt, MI 55835-3192",22.0,2024,11,13
81152,50219,21468,1,39.6,2024-11-20 16:57:03.081000+00:00,"Suite 117 80658 Morissette Field, Hoegerview, TN 33438-6035",39.6,2024,11,20
80440,48436,21602,1,60.75,2024-07-13 07:33:59.306000+00:00,Unknown,60.75,2024,7,13
79789,50886,21314,1,72.99,2024-09-10 00:53:32+00:00,Unknown,72.99,2024,9,10
83351,48479,21632,1,82.8,2025-04-22 08:32:28+00:00,Unknown,82.8,2025,4,22
81119,49529,21456,1,63.75,2025-01-25 19:08:30+00:00,Unknown,63.75,2025,1,25
79721,50651,21375,1,48.25,2025-02-25 20:03:36+00:00,Unknown,48.25,2025,2,25
83214,49841,21724,3,21.0,2025-01-06 22:01:00+00:00,"Apt. 377 49730 Mable Path, East Shantaborough, NJ 15129",63.0,2025,1,6
85996,50048,21715,1,35.5,2025-04-10 11:28:32+00:00,"403 Mac Extension, West Demetriusview, OH 05740-2654",35.5,2025,4,10
84721,50531,21331,1,53.4,2024-11-07 09:40:21+00:00,Unknown,53.4,2024,11,7
80706,48486,21704,2,67.19,2024-11-29 22:58:00+00:00,"7823 Don Vista, Port Shainachester, CT 11420-6240",134.38,2024,11,29
85780,50977,21939,5,43.2,2024-12-26 04:32:35+00:00,"Suite 400 10844 Fahey Pine, Lake Dexter, MN 30491",216.0,2024,12,26
81415,48465,21891,1,66.5,2024-06-21 11:08:42+00:00,Unknown,66.5,2024,6,21
84387,49082,21352,2,29.75,2025-01-16 15:20:28+00:00,Unknown,59.5,2025,1,16
83994,47769,21746,1,16.25,2024-08-03 07:27:39+00:00,Unknown,16.25,2024,8,3
83905,50409,21606,1,38.5,2024-11-01 15:52:51.812000+00:00,Unknown,38.5,2024,11,1
82927,48550,21644,1,34.0,2024-10-23 03:54:44+00:00,Unknown,34.0,2024,10,23
83595,48053,21747,1,36.6,2024-05-23 20:23:24+00:00,Unknown,36.6,2024,5,23
82690,50197,21576,1,33.6,2025-04-04 02:07:22.339000+00:00,"76746 Kyle Knoll, Vanborough, IA 78087",33.6,2025,4,4
83288,48993,21869,1,32.5,2025-01-04 16:47:44+00:00,Unknown,32.5,2025,1,4
82935,50487,21963,1,45.0,2025-05-31 18:35:38+00:00,Unknown,45.0,2025,5,31
78680,48779,21347,1,36.0,2025-02-08 11:12:29+00:00,Unknown,36.0,2025,2,8
85776,50593,22045,3,37.0,2024-10-23 02:20:42+00:00,"4500 Schneider Isle, Andersonport, MN 83192",111.0,2024,10,23
78383,48402,21304,2,17.0,2024-03-23 12:37:13+00:00,"733 Skiles Stravenue, North Ozzie, NV 37444",34.0,2024,3,23
82468,50333,22029,5,76.2,2024-08-24 11:55:02+00:00,"Suite 829 263 Beahan Well, North Mikeborough, SC 76001",381.0,2024,8,24
84225,49896,21860,3,57.59,2024-06-19 10:56:41+00:00,Unknown,172.77,2024,6,19
80170,49365,21309,1,25.5,2024-08-20 12:54:00+00:00,Unknown,25.5,2024,8,20
81331,50767,21491,2,29.0,2025-09-25 21:52:00+00:00,Unknown,58.0,2025,9,25
86511,51126,21850,2,72.6,2025-04-03 05:10:20+00:00,"Apt. 942 234 Latisha Wells, Port Danyelleville, AR 84680-4832",145.2,2025,4,3
83945,49653,21973,1,84.3,2024-07-10 13:12:00+00:00,Unknown,84.3,2024,7,10
82687,48765,21587,1,73.0,2025-08-10 09:14:51+00:00,Unknown,73.0,2025,8,10
80535,49593,21354,1,56.5,2025-09-17 06:13:13+00:00,Unknown,56.5,2025,9,17
85198,48006,21685,1,75.6,2025-02-27 21:23:10+00:00,Unknown,75.6,2025,2,27
83151,48877,21552,1,85.8,2024-11-07 23:00:46+00:00,Unknown,85.8,2024,11,7
86445,50415,21559,1,42.99,2025-03-05 17:23:29+00:00,Unknown,42.99,2025,3,5
85172,48098,21301,1,55.2,2024-12-28 19:48:26+00:00,"Apt. 841 602 Bo Viaduct, North Heribertoborough, NM 42331",55.2,2024,12,28
85408,49690,21970,1,84.6,2025-01-01 23:40:57+00:00,Unknown,84.6,2025,1,1
83805,51056,21430,1,54.75,2024-10-05 16:33:00+00:00,Unknown,54.75,2024,10,5
85345,50172,21313,1,43.75,2024-08-01 00:25:36+00:00,"Apt. 559 683 Shalanda Run, Laurynbury, MD 53143",43.75,2024,8,1
81850,48959,21419,1,49.0,2024-11-24 07:17:49.575000+00:00,Unknown,49.0,2024,11,24
78672,50949,21708,3,28.0,2024-08-09 20:42:08+00:00,Unknown,84.0,2024,8,9
81351,47960,21518,1,41.0,2024-11-25 12:46:45+00:00,"51273 Carola Camp, Leuschkefort, ME 62784",41.0,2024,11,25
78419,48053,21480,1,63.3,2024-10-09 18:08:47+00:00,Unknown,63.3,2024,10,9
79064,49043,22026,5,57.0,2024-07-16 02:58:05+00:00,Unknown,285.0,2024,7,16
79700,49235,21385,1,25.99,2024-12-29 15:19:00+00:00,Unknown,25.99,2024,12,29
86432,50960,21450,1,25.0,2024-07-15 18:47:38+00:00,Unknown,25.0,2024,7,15
82336,50209,21865,1,67.5,2024-12-29 07:17:24+00:00,Unknown,67.5,2024,12,29
83708,50240,21759,1,57.5,2025-02-05 21:17:25.211000+00:00,Unknown,57.5,2025,2,5
77698,50679,22015,1,67.25,2024-11-25 08:31:00+00:00,Unknown,67.25,2024,11,25
79216,48775,21470,1,16.0,2024-04-11 02:49:00+00:00,Unknown,16.0,2024,4,11
86409,48009,21803,1,47.0,2025-05-27 15:15:33+00:00,"385 Robin Route, North Hillaryfurt, OK 68901-3725",47.0,2025,5,27
80193,50736,21871,1,39.6,2024-09-17 03:18:25+00:00,Unknown,39.6,2024,9,17
86305,49239,21961,1,28.0,2025-07-21 23:37:00+00:00,Unknown,28.0,2025,7,21
83120,48561,21522,1,17.0,2025-04-03 19:07:00+00:00,Unknown,17.0,2025,4,3
85437,47750,21771,1,76.75,2025-05-09 16:36:00+00:00,Unknown,76.75,2025,5,9
77759,51078,21483,1,58.5,2025-04-15 19:40:21+00:00,Unknown,58.5,2025,4,15
83485,50473,21421,1,61.75,2025-05-12 23:21:11+00:00,Unknown,61.75,2025,5,12
79351,50765,22007,1,54.0,2024-12-02 02:06:57.926000+00:00,"33044 Opal Crossroad, Port Cleoview, DE 17446",54.0,2024,12,2
77730,50790,21794,2,32.0,2024-11-13 05:54:28.115000+00:00,Unknown,64.0,2024,11,13
81267,48894,21446,1,19.8,2024-05-16 09:13:00+00:00,"Suite 996 3007 Wilkinson Plaza, VonRuedenton, AZ 57971",19.8,2024,5,16
86002,50814,21413,1,39.5,2024-09-13 06:23:40+00:00,Unknown,39.5,2024,9,13
80188,49804,21375,5,48.5,2024-12-02 08:48:00+00:00,Unknown,242.5,2024,12,2
79453,49738,21341,1,26.4,2024-10-20 23:22:14.170000+00:00,"Apt. 724 62560 Chadwick Mission, Wilsontown, TX 14363-9222",26.4,2024,10,20
85554,49373,21339,1,69.0,2024-08-10 07:52:21+00:00,Unknown,69.0,2024,8,10
78604,48190,21354,1,68.4,2024-09-05 03:38:08+00:00,Unknown,68.4,2024,9,5
77817,50442,22041,1,50.4,2024-09-04 21:13:42+00:00,Unknown,50.4,2024,9,4
80215,49430,21384,1,50.75,2025-01-19 10:44:37+00:00,"Apt. 111 4418 Hagenes Viaduct, Port Josefport, VA 05763-0747",50.75,2025,1,19
85466,50349,21627,1,70.0,2025-05-14 13:15:19+00:00,Unknown,70.0,2025,5,14
83991,50295,21926,3,47.75,2025-08-18 03:05:00+00:00,Unknown,143.25,2025,8,18
86169,48294,21444,1,13.25,2024-11-05 03:30:30+00:00,Unknown,13.25,2024,11,5
82833,50496,21363,1,82.5,2025-01-06 08:40:10+00:00,Unknown,82.5,2025,1,6
83503,47809,21567,1,59.0,2025-05-02 23:33:48+00:00,Unknown,59.0,2025,5,2
78118,49560,21940,2,50.0,2024-09-06 06:45:18+00:00,Unknown,100.0,2024,9,6
85586,51120,21955,1,55.0,2024-10-15 02:34:09+00:00,"Apt. 485 1033 Dreama Port, Krajcikbury, WI 97287",55.0,2024,10,15
82750,49430,21839,1,82.8,2024-04-28 12:56:36+00:00,Unknown,82.8,2024,4,28
82769,48387,21511,1,30.0,2024-11-09 08:18:45.858000+00:00,"149 Marco Roads, South Eleanoreport, MD 68566",30.0,2024,11,9
82213,48626,21704,2,64.5,2025-02-19 01:41:00+00:00,Unknown,129.0,2025,2,19
83099,50073,21753,2,70.5,2025-04-07 05:36:32+00:00,Unknown,141.0,2025,4,7
77715,50641,21690,1,39.0,2024-09-02 15:26:00+00:00,"Suite 621 2083 Georgette Skyway, East Weldon, AZ 85403-0041",39.0,2024,9,2
84028,50421,21465,2,67.0,2024-08-15 16:40:00+00:00,Unknown,134.0,2024,8,15
86182,49808,21595,1,67.8,2025-03-03 17:44:00+00:00,"Suite 689 527 Ryan Ways, Anamariatown, ND 45388-4441",67.8,2025,3,3
82376,48996,21734,1,51.0,2025-01-15 06:33:10+00:00,"Suite 238 6441 Turcotte Inlet, Beerbury, GA 36724-0542",51.0,2025,1,15
85724,49732,21638,2,49.25,2024-10-26 01:23:00+00:00,Unknown,98.5,2024,10,26
81319,48361,21560,1,23.4,2025-10-03 12:27:27+00:00,Unknown,23.4,2025,10,3
79884,50524,21974,1,59.99,2025-01-16 18:14:30+00:00,Unknown,59.99,2025,1,16
84903,50435,21904,1,42.0,2024-09-01 09:49:18+00:00,Unknown,42.0,2024,9,1
83334,49248,21530,1,50.0,2024-05-06 21:35:05+00:00,Unknown,50.0,2024,5,6
86026,48226,21399,2,65.0,2025-03-18 21:01:13+00:00,Unknown,130.0,2025,3,18
77896,50618,21562,1,39.3,2025-01-14 19:42:51+00:00,"50853 Medhurst Key, Lake Randal, ID 68708-5473",39.3,2025,1,14
83635,47665,22053,1,54.75,2024-07-24 03:32:04+00:00,Unknown,54.75,2024,7,24
83419,49501,21428,1,65.75,2024-04-06 10:12:44+00:00,"Apt. 594 36363 Tamera Turnpike, Hahnberg, MA 85021",65.75,2024,4,6
83137,48284,21886,2,44.75,2025-03-04 17:59:06+00:00,"Apt. 782 31836 Friesen View, East Valville, ME 60548",89.5,2025,3,4
86271,49293,21706,1,24.0,2024-03-29 09:48:00+00:00,"6958 Dietrich Valley, New Rhettbury, NH 05494-6957",24.0,2024,3,29
82053,49666,21999,2,36.3,2024-10-29 21:30:54+00:00,Unknown,72.6,2024,10,29
78218,47905,21455,1,58.5,2024-07-22 23:37:00+00:00,Unknown,58.5,2024,7,22
79405,48994,21692,1,81.0,2025-01-05 07:37:04+00:00,"969 Gulgowski Haven, Schadenfort, MI 52614",81.0,2025,1,5
78723,51115,21715,3,31.5,2025-03-08 14:40:00+00:00,Unknown,94.5,2025,3,8
77855,49682,21715,1,30.0,2024-09-24 08:32:00+00:00,"Suite 416 35900 Champlin Court, New Dierdre, PA 11236-8041",30.0,2024,9,24
82087,49200,21472,1,33.99,2025-01-09 10:54:00+00:00,"Apt. 220 128 Vandervort Locks, West Clorinda, MA 98948",33.99,2025,1,9
86163,49673,21880,1,39.25,2025-03-06 02:29:42+00:00,"93252 Erwin Points, Vandervortbury, ME 39248-8835",39.25,2025,3,6
79681,47946,21413,2,42.0,2025-06-10 23:11:00+00:00,Unknown,84.0,2025,6,10
82183,48555,21686,1,18.3,2025-03-14 20:25:25+00:00,Unknown,18.3,2025,3,14
85395,51021,22005,1,54.9,2024-08-12 17:02:00+00:00,Unknown,54.9,2024,8,12
78226,48272,21625,4,17.0,2024-05-02 21:16:44+00:00,Unknown,68.0,2024,5,2
79366,48358,21361,1,74.1,2024-10-09 04:54:19+00:00,"3147 Howe Summit, South Andres, NJ 96994",74.1,2024,10,9
83028,48843,21815,3,15.6,2024-10-19 13:56:12+00:00,"Suite 334 6253 Bradly Ramp, New Su, GA 41859-3050",46.8,2024,10,19
80581,50307,21841,2,55.0,2024-03-06 14:19:16+00:00,Unknown,110.0,2024,3,6
82665,48452,21943,1,71.5,2024-12-27 16:56:55+00:00,"Apt. 565 8385 Zena Village, Lake Jacinto, NY 56108",71.5,2024,12,27
81692,48893,21912,1,66.99,2024-08-30 18:44:30+00:00,Unknown,66.99,2024,8,30
81903,49137,21393,4,67.8,2024-10-11 04:10:46+00:00,"4227 Marquita Extension, North Benjaminshire, IA 47616",271.2,2024,10,11
79709,51102,21399,1,80.4,2025-03-17 20:53:00+00:00,Unknown,80.4,2025,3,17
86015,49520,21429,1,27.0,2025-01-12 13:36:37+00:00,"Suite 898 257 Floyd Club, Ciramouth, CO 05825",27.0,2025,1,12
79861,47875,21972,1,14.5,2024-10-15 21:34:03+00:00,Unknown,14.5,2024,10,15
78649,50613,21399,1,68.0,2025-02-27 17:53:13+00:00,Unknown,68.0,2025,2,27
83590,49563,21374,1,69.0,2024-12-29 00:15:49+00:00,Unknown,69.0,2024,12,29
82784,49647,21773,1,49.8,2025-06-15 15:09:08+00:00,"Apt. 530 629 Waelchi Estate, Port Chanteberg, KY 07938-2364",49.8,2025,6,15
80115,49396,21915,1,31.25,2024-11-21 02:34:52+00:00,Unknown,31.25,2024,11,21
81830,49035,21789,1,26.75,2024-08-20 10:01:18+00:00,Unknown,26.75,2024,8,20
82550,49954,21630,1,32.5,2024-09-20 07:37:30+00:00,Unknown,32.5,2024,9,20
81704,50121,21625,1,21.99,2024-10-04 14:18:29+00:00,Unknown,21.99,2024,10,4
82277,49286,21963,1,49.2,2024-12-17 18:19:58+00:00,Unknown,49.2,2024,12,17
78175,50309,21628,1,47.0,2024-06-24 04:18:33+00:00,Unknown,47.0,2024,6,24
78580,50514,21520,2,19.5,2024-09-14 23:58:00+00:00,Unknown,39.0,2024,9,14
82003,48862,21420,1,21.0,2024-06-20 12:37:00+00:00,Unknown,21.0,2024,6,20
85265,48805,21666,3,68.5,2024-12-22 21:12:39+00:00,Unknown,205.5,2024,12,22
79107,50376,22042,1,61.8,2024-08-21 03:36:54+00:00,"Apt. 383 79879 Dannette Curve, Hoppestad, NC 64725",61.8,2024,8,21
84687,50534,21511,1,28.5,2025-08-20 17:19:00+00:00,Unknown,28.5,2025,8,20
84335,50915,21694,5,34.5,2024-03-26 00:30:19+00:00,Unknown,172.5,2024,3,26
82841,50783,21908,1,28.2,2025-07-01 21:37:41+00:00,Unknown,28.2,2025,7,1
82843,49623,21781,1,67.0,2024-10-16 13:22:02+00:00,"Apt. 109 294 Reichel Valleys, Mohrland, WY 73881-8486",67.0,2024,10,16
79896,49228,21418,1,30.0,2025-03-16 04:56:01+00:00,Unknown,30.0,2025,3,16
82845,48483,21309,1,32.39,2024-09-14 01:59:00+00:00,Unknown,32.39,2024,9,14
78145,48048,21491,1,38.4,2025-04-02 19:53:54+00:00,Unknown,38.4,2025,4,2
82399,48885,21727,1,17.99,2025-01-18 08:50:18+00:00,Unknown,17.99,2025,1,18
78782,47942,21429,1,30.0,2024-11-27 05:09:20+00:00,Unknown,30.0,2024,11,27
80582,49551,21990,4,47.0,2024-10-17 20:32:48+00:00,Unknown,188.0,2024,10,17
80827,47741,21717,5,45.59,2025-03-14 11:57:24+00:00,Unknown,227.95,2025,3,14
79864,50589,21790,1,70.99,2024-09-19 13:23:00+00:00,Unknown,70.99,2024,9,19
79716,50270,21581,2,44.5,2024-08-13 18:13:06+00:00,Unknown,89.0,2024,8,13
82724,51112,21909,1,32.7,2024-09-05 22:04:41+00:00,"Suite 926 1791 Erick Fields, Beerview, PA 32968",32.7,2024,9,5
82561,49881,21403,1,57.99,2024-03-08 14:16:14+00:00,Unknown,57.99,2024,3,8
78854,48285,21552,2,66.5,2024-08-11 10:37:01+00:00,Unknown,133.0,2024,8,11
85062,48494,21704,5,50.5,2024-11-09 04:48:33.775000+00:00,Unknown,252.5,2024,11,9
78533,50285,21974,1,59.25,2025-01-17 22:01:50+00:00,Unknown,59.25,2025,1,17
84076,49801,22016,1,48.0,2024-06-23 11:42:58+00:00,"Apt. 571 428 Gutkowski Burg, Rueckerchester, KY 29858-9427",48.0,2024,6,23
81718,48528,21824,2,76.79,2024-09-12 02:36:42.355000+00:00,Unknown,153.58,2024,9,12
85458,48317,21678,1,75.0,2025-01-08 04:27:53+00:00,Unknown,75.0,2025,1,8
83775,50791,21500,1,35.99,2024-10-16 06:33:00+00:00,Unknown,35.99,2024,10,16
81023,49254,21433,3,47.25,2024-10-04 00:18:00+00:00,"50408 Schaefer Port, Lake Aubreyville, NE 06668-3980",141.75,2024,10,4
83445,47992,21642,2,48.0,2024-11-23 21:57:00+00:00,Unknown,96.0,2024,11,23
82623,50559,21999,2,39.59,2024-05-21 01:30:00+00:00,Unknown,79.18,2024,5,21
84639,50400,22006,3,33.6,2024-05-27 21:22:09+00:00,Unknown,100.8,2024,5,27
85867,48693,21625,1,24.0,2024-10-19 03:15:24.739000+00:00,Unknown,24.0,2024,10,19
81779,48918,21429,1,28.25,2024-11-03 23:07:22+00:00,Unknown,28.25,2024,11,3
85058,49787,21522,2,15.0,2024-08-09 23:48:48+00:00,Unknown,30.0,2024,8,9
81731,48048,22035,5,37.25,2025-03-15 06:37:00+00:00,Unknown,186.25,2025,3,15
81045,47772,21952,1,49.5,2024-11-14 19:17:28+00:00,Unknown,49.5,2024,11,14
80498,47997,21775,3,80.4,2025-02-09 12:18:23+00:00,"Apt. 478 75951 Dallas Loop, New Chaseburgh, NY 28226",241.2,2025,2,9
79413,49792,21627,1,69.5,2024-12-20 08:09:00+00:00,Unknown,69.5,2024,12,20
82985,50653,21509,1,51.3,2025-03-08 21:54:00+00:00,Unknown,51.3,2025,3,8
78892,47713,21336,1,84.9,2024-11-29 00:22:00+00:00,Unknown,84.9,2024,11,29
85553,48018,22055,1,53.0,2025-02-17 23:58:00+00:00,Unknown,53.0,2025,2,17
81922,49893,21814,1,43.5,2024-12-27 00:41:00+00:00,Unknown,43.5,2024,12,27
84361,49153,21667,1,58.5,2024-10-19 02:01:29+00:00,"Suite 262 56012 Morgan Stravenue, West Carterhaven, SC 68407-3921",58.5,2024,10,19
86158,50416,21982,2,38.99,2025-01-06 20:23:14+00:00,Unknown,77.98,2025,1,6
78056,47797,21982,2,48.0,2024-09-23 20:29:48+00:00,Unknown,96.0,2024,9,23
82926,49851,22013,3,56.4,2025-03-26 22:40:31+00:00,Unknown,169.2,2025,3,26
84332,49968,21878,1,67.2,2024-10-28 04:15:00+00:00,Unknown,67.2,2024,10,28
84598,48583,21359,2,27.0,2025-03-13 01:45:21+00:00,Unknown,54.0,2025,3,13
82339,48343,22054,1,84.0,2024-06-15 09:29:05+00:00,Unknown,84.0,2024,6,15
85546,47861,21493,1,29.0,2025-01-16 05:49:00+00:00,Unknown,29.0,2025,1,16
78274,47879,21936,1,22.2,2025-02-10 23:13:11+00:00,Unknown,22.2,2025,2,10
80705,50792,21745,1,19.25,2025-05-23 15:40:00+00:00,Unknown,19.25,2025,5,23
77646,48735,21591,5,61.19,2024-07-07 11:19:56+00:00,Unknown,305.95,2024,7,7
82859,49322,21879,2,68.4,2025-03-18 14:35:44+00:00,Unknown,136.8,2025,3,18
85991,50285,21344,2,49.0,2025-05-23 02:29:40+00:00,Unknown,98.0,2025,5,23
84511,49205,21994,2,32.99,2024-04-27 01:50:04+00:00,Unknown,65.98,2024,4,27
83732,50670,21420,2,24.5,2025-01-01 12:06:15+00:00,Unknown,49.0,2025,1,1
80097,50828,21887,2,34.0,2025-01-25 13:42:43+00:00,Unknown,68.0,2025,1,25
77743,50014,21653,1,38.0,2024-07-12 16:50:00+00:00,Unknown,38.0,2024,7,12
82716,48061,21887,1,38.99,2024-12-27 14:07:55+00:00,Unknown,38.99,2024,12,27
79070,48025,21980,2,12.0,2025-04-12 17:41:00+00:00,Unknown,24.0,2025,4,12
83051,48863,21464,1,74.7,2024-12-23 19:46:00+00:00,"Apt. 596 8120 Senger Underpass, Joyaport, AZ 44788-4814",74.7,2024,12,23
84899,49337,21470,2,19.8,2025-01-13 21:13:01+00:00,Unknown,39.6,2025,1,13
78712,48024,21883,1,40.5,2024-11-28 10:20:10+00:00,Unknown,40.5,2024,11,28
79632,50620,21650,1,88.8,2024-08-03 16:04:00+00:00,Unknown,88.8,2024,8,3
85484,48717,21345,1,92.39,2025-02-16 16:26:00+00:00,Unknown,92.39,2025,2,16
84137,49887,21563,2,74.75,2024-10-02 23:07:53+00:00,"Apt. 259 90420 Gislason Track, Binstown, IN 65341",149.5,2024,10,2
80376,49290,21960,2,67.5,2024-12-10 09:01:24+00:00,"55242 Sammie Mission, Lake Lethashire, AL 97977",135.0,2024,12,10
79452,49870,21835,1,81.6,2024-10-23 12:42:00+00:00,Unknown,81.6,2024,10,23
84064,49455,21927,2,36.5,2025-04-22 11:19:56+00:00,"7114 Bernier Bypass, North Lakeisha, OK 49090-2059",73.0,2025,4,22
80036,48300,21398,1,35.0,2024-08-07 14:36:00+00:00,Unknown,35.0,2024,8,7
83767,48863,21581,2,44.5,2025-08-03 07:30:00+00:00,"Apt. 596 8120 Senger Underpass, Joyaport, AZ 44788-4814",89.0,2025,8,3
80875,49130,21406,1,70.0,2024-10-01 01:38:42+00:00,"Apt. 616 963 Batz Stream, East Nettiefort, IL 23394",70.0,2024,10,1
84944,50672,21905,1,28.25,2025-01-30 08:45:50+00:00,Unknown,28.25,2025,1,30
81231,50521,21304,2,23.99,2024-08-13 13:19:00+00:00,Unknown,47.98,2024,8,13
80710,48381,21862,1,68.4,2025-05-29 17:56:11+00:00,Unknown,68.4,2025,5,29
84282,49342,21634,1,83.99,2024-07-08 13:25:05+00:00,"723 Quiana Course, East Mozelle, UT 34016",83.99,2024,7,8
83449,50953,21685,4,66.25,2025-05-30 10:58:00+00:00,Unknown,265.0,2025,5,30
77829,50845,21838,1,30.0,2024-05-07 04:20:19+00:00,Unknown,30.0,2024,5,7
78438,50768,22026,1,56.0,2025-03-03 20:57:00+00:00,"Suite 726 86038 Shanti Pass, Rolfland, TX 32856",56.0,2025,3,3
77649,50222,21596,3,37.8,2024-10-18 14:21:57+00:00,"Apt. 730 17946 Buddy Islands, South Anamouth, ND 64721-9232",113.4,2024,10,18
79622,48406,21810,2,53.0,2025-03-24 15:09:03+00:00,Unknown,106.0,2025,3,24
83217,47812,21993,1,45.5,2024-12-04 02:50:00+00:00,"84697 Mitchell Parks, Port Diegobury, OH 59361",45.5,2024,12,4
81540,47977,21915,5,34.0,2025-04-12 13:18:04+00:00,"5040 Wuckert Squares, Luettgentown, VT 01584-4359",170.0,2025,4,12
86257,48119,21911,1,62.0,2024-12-01 15:17:00+00:00,Unknown,62.0,2024,12,1
82016,48186,21573,1,35.1,2025-01-04 03:20:00+00:00,"Apt. 493 20057 Chauncey Course, West Adrian, NM 63401-1969",35.1,2025,1,4
80855,49590,21326,1,78.9,2025-05-13 08:33:24+00:00,Unknown,78.9,2025,5,13
83489,48497,22015,1,64.0,2024-08-04 03:28:28+00:00,Unknown,64.0,2024,8,4
78044,48094,21976,1,30.9,2024-11-25 00:51:55+00:00,Unknown,30.9,2024,11,25
84575,49999,21660,1,27.25,2024-11-22 20:10:54+00:00,Unknown,27.25,2024,11,22
77615,48202,21315,3,71.0,2024-12-24 09:40:03+00:00,Unknown,213.0,2024,12,24
85297,47769,21689,1,25.2,2024-12-10 18:34:47+00:00,Unknown,25.2,2024,12,10
81305,47934,21755,2,22.5,2025-02-14 18:56:25+00:00,Unknown,45.0,2025,2,14
85070,47779,21517,1,66.25,2024-05-20 14:15:25+00:00,Unknown,66.25,2024,5,20
82302,47889,21434,2,28.25,2024-07-14 20:22:34+00:00,Unknown,56.5,2024,7,14
79252,48898,21617,1,26.0,2025-02-16 15:52:09+00:00,"121 Will Ford, East Marcelofort, NY 63121-6701",26.0,2025,2,16
85818,47800,21767,1,32.75,2025-05-07 16:37:00+00:00,Unknown,32.75,2025,5,7
80854,49119,21422,2,17.4,2024-07-11 18:59:00+00:00,Unknown,34.8,2024,7,11
81251,50981,21915,1,32.0,2024-10-16 22:13:39+00:00,Unknown,32.0,2024,10,16
78099,48062,21799,1,26.99,2024-08-28 15:26:13+00:00,"Suite 648 36683 Breitenberg Underpass, New Chet, IA 90233",26.99,2024,8,28
83682,49741,21858,2,19.5,2025-05-05 10:10:59+00:00,Unknown,39.0,2025,5,5
84973,49697,21425,2,32.0,2025-03-23 22:56:56+00:00,Unknown,64.0,2025,3,23
85528,48061,21802,1,43.5,2024-11-18 16:31:00+00:00,Unknown,43.5,2024,11,18
77956,48741,21533,1,67.5,2024-05-12 03:17:08+00:00,"Suite 323 811 Tyler Meadow, South Kevenborough, AZ 39414",67.5,2024,5,12
81586,50455,21680,1,64.2,2024-09-26 01:31:24+00:00,Unknown,64.2,2024,9,26
79281,48087,21474,1,20.0,2024-07-31 08:36:00+00:00,Unknown,20.0,2024,7,31
80155,50493,21337,1,36.99,2024-06-28 17:49:26.463000+00:00,Unknown,36.99,2024,6,28
83831,48285,21656,1,40.5,2024-08-08 04:38:50+00:00,Unknown,40.5,2024,8,8
81198,48613,21586,1,43.75,2025-03-07 19:10:52+00:00,Unknown,43.75,2025,3,7
85186,47679,21902,2,19.0,2025-01-14 04:53:27+00:00,Unknown,38.0,2025,1,14
78315,50729,21302,1,20.25,2025-06-01 22:53:10.680000+00:00,Unknown,20.25,2025,6,1
77704,49505,21603,1,48.0,2024-11-26 21:53:10+00:00,Unknown,48.0,2024,11,26
81625,50911,21854,1,64.0,2024-05-29 00:52:39+00:00,"Apt. 870 8700 Nathalie Plains, Chungburgh, NH 01300-9712",64.0,2024,5,29
83819,49973,21651,1,67.75,2025-02-13 16:47:54+00:00,Unknown,67.75,2025,2,13
81131,47770,21321,1,64.75,2025-09-04 05:37:00+00:00,Unknown,64.75,2025,9,4
77590,50912,21982,2,49.2,2025-04-06 07:46:39+00:00,Unknown,98.4,2025,4,6
83870,49056,21904,1,52.8,2024-09-28 20:20:00+00:00,Unknown,52.8,2024,9,28
79672,48244,21341,1,19.25,2024-02-06 04:50:46+00:00,Unknown,19.25,2024,2,6
81144,48828,21994,5,33.0,2025-05-26 11:50:16+00:00,Unknown,165.0,2025,5,26
78246,50403,21669,1,26.4,2025-06-19 18:07:28+00:00,Unknown,26.4,2025,6,19
80142,49962,21428,2,60.0,2025-01-23 04:33:36+00:00,"Apt. 655 62881 Prosacco Isle, Goyetteport, OH 74479-9133",120.0,2025,1,23
80139,49213,21689,1,19.5,2024-08-29 22:39:35+00:00,Unknown,19.5,2024,8,29
78686,51037,21715,1,40.8,2024-09-23 06:46:46+00:00,"Suite 776 95059 Shawnna Streets, Beerfort, MT 13687-6042",40.8,2024,9,23
83414,47685,21744,5,53.5,2025-05-12 11:19:00+00:00,Unknown,267.5,2025,5,12
86138,49140,21728,3,54.5,2025-05-13 02:12:15+00:00,Unknown,163.5,2025,5,13
78556,48662,21737,5,18.5,2025-03-11 05:46:00+00:00,Unknown,92.5,2025,3,11
82474,50666,21637,1,57.6,2025-02-17 05:04:46+00:00,Unknown,57.6,2025,2,17
81213,48372,21462,3,26.25,2024-08-15 03:47:07+00:00,Unknown,78.75,2024,8,15
77768,48901,22048,1,52.2,2024-12-15 00:24:31+00:00,Unknown,52.2,2024,12,15
81543,49323,21981,3,28.5,2024-05-05 09:51:38+00:00,"269 Kerluke Heights, North Cheri, MO 26203",85.5,2024,5,5
84503,49064,21932,1,23.4,2025-04-01 11:51:50+00:00,Unknown,23.4,2025,4,1
79157,49315,21678,1,73.25,2024-10-17 04:00:00+00:00,Unknown,73.25,2024,10,17
82133,50928,21837,1,63.5,2024-11-22 05:20:00+00:00,Unknown,63.5,2024,11,22
79649,50521,21486,2,27.0,2024-11-04 05:30:07+00:00,"3969 Nada Harbor, New Adalberto, MO 76037",54.0,2024,11,4
80494,50128,21862,1,69.0,2024-12-25 08:04:58+00:00,Unknown,69.0,2024,12,25
80561,48059,21698,4,50.5,2025-05-18 01:01:37+00:00,Unknown,202.0,2025,5,18
81489,50366,21937,1,55.99,2024-09-20 13:36:11+00:00,"Suite 896 192 Renner Lights, Evelinville, HI 41387-8559",55.99,2024,9,20
80058,51068,21920,1,21.75,2025-04-01 19:43:00+00:00,Unknown,21.75,2025,4,1
82007,50675,21484,1,12.0,2025-05-25 17:45:39+00:00,Unknown,12.0,2025,5,25
85129,50910,21434,1,29.0,2025-03-19 16:34:00+00:00,"70452 Dominga Isle, West Tressa, MD 40096",29.0,2025,3,19
86259,50175,21863,3,42.0,2024-08-20 19:39:12+00:00,Unknown,126.0,2024,8,20
85331,47947,21658,5,62.4,2025-03-04 03:41:04+00:00,Unknown,312.0,2025,3,4
83753,50817,21644,1,36.0,2024-08-31 07:24:32+00:00,Unknown,36.0,2024,8,31
78321,48844,21845,1,80.4,2024-06-21 08:19:20+00:00,Unknown,80.4,2024,6,21
82108,50231,21728,1,50.5,2025-04-28 01:55:38+00:00,"Suite 820 79971 Lester Mills, Sengerland, WV 58992",50.5,2025,4,28
83681,49043,21372,1,34.5,2024-07-03 09:26:51+00:00,"43702 Kamala Row, Macejkovicview, KS 81046-4789",34.5,2024,7,3
86230,48567,22003,1,61.25,2025-02-01 16:54:00+00:00,"540 Herlinda Shoal, South Janniefort, OK 36302",61.25,2025,2,1
86099,48380,21549,1,29.0,2025-06-02 08:06:14+00:00,Unknown,29.0,2025,6,2
80692,48797,21353,5,29.4,2024-12-13 20:43:19+00:00,"906 Ruben Mews, Port Chayamouth, ID 20765",147.0,2024,12,13
80777,50461,21720,3,28.5,2024-10-27 17:47:13+00:00,Unknown,85.5,2024,10,27
82255,47804,21897,2,55.0,2025-01-26 13:11:43+00:00,Unknown,110.0,2025,1,26
79149,49820,21778,1,42.0,2024-09-21 08:16:33+00:00,"Apt. 454 365 Swaniawski Cape, North Ikemouth, OK 47794",42.0,2024,9,21
79268,49141,21561,1,66.0,2024-09-15 15:41:33+00:00,Unknown,66.0,2024,9,15
81496,47886,21664,1,44.75,2024-12-14 15:48:18+00:00,Unknown,44.75,2024,12,14
82586,48554,21845,3,71.0,2024-04-27 06:28:52+00:00,"63566 Micheal Mountains, Port Billie, NH 01647-6571",213.0,2024,4,27
77598,47904,22050,1,67.25,2024-10-26 21:36:00+00:00,Unknown,67.25,2024,10,26
82539,49972,21523,2,15.0,2024-11-22 06:11:00+00:00,Unknown,30.0,2024,11,22
79016,48135,21489,2,23.5,2024-12-13 15:50:16+00:00,Unknown,47.0,2024,12,13
82036,47870,21883,1,42.6,2025-04-29 16:53:53+00:00,"Apt. 427 470 Otelia Station, Moorechester, ME 59122-9029",42.6,2025,4,29
78245,47999,21959,1,75.5,2025-04-30 01:25:12+00:00,Unknown,75.5,2025,4,30
78304,48999,21363,1,69.75,2024-09-24 03:06:43+00:00,Unknown,69.75,2024,9,24
82274,50084,21481,2,20.75,2024-11-03 19:00:00+00:00,"Apt. 604 15254 Hilll Cliffs, New Alpha, CA 34434",41.5,2024,11,3
80885,47871,21687,1,61.0,2025-01-13 19:21:00+00:00,"900 Shayla Springs, Ullrichport, VA 69633",61.0,2025,1,13
83955,48717,21986,1,51.75,2024-09-17 01:31:00+00:00,"Apt. 304 27477 McKenzie Knolls, New Myrna, MO 43612",51.75,2024,9,17
80054,50484,21843,2,60.5,2024-09-09 12:06:58+00:00,Unknown,121.0,2024,9,9
84940,50280,21495,1,50.5,2025-01-27 00:51:26+00:00,Unknown,50.5,2025,1,27
83736,47682,21717,3,44.4,2024-11-12 21:46:09.798000+00:00,Unknown,133.2,2024,11,12
81806,49593,22003,1,70.8,2024-08-22 06:30:25+00:00,"575 Terry Avenue, Cassinchester, ME 03402",70.8,2024,8,22
81154,51124,21463,1,33.0,2024-06-27 00:41:05+00:00,Unknown,33.0,2024,6,27
82460,49234,21463,3,35.7,2025-03-16 15:08:06.723000+00:00,"Suite 918 37018 Bode Branch, New Delorisville, AK 79196",107.1,2025,3,16
84763,51109,21533,5,56.5,2025-03-03 19:07:00+00:00,Unknown,282.5,2025,3,3
85665,49954,21870,2,63.75,2025-06-18 08:32:29+00:00,Unknown,127.5,2025,6,18
77789,50776,22018,1,69.3,2024-09-15 20:54:20.954000+00:00,Unknown,69.3,2024,9,15
85747,49064,21694,1,25.99,2025-02-20 06:37:16+00:00,Unknown,25.99,2025,2,20
81743,49533,21541,1,33.99,2024-09-26 12:18:09+00:00,Unknown,33.99,2024,9,26
80120,48251,21484,1,13.75,2024-08-07 03:47:00+00:00,Unknown,13.75,2024,8,7
82956,48807,21306,1,50.99,2024-08-06 23:28:00+00:00,Unknown,50.99,2024,8,6
83335,49063,21854,2,75.9,2024-09-09 05:15:35+00:00,"288 Roob Shores, Dylanbury, AL 98615-6296",151.8,2024,9,9
85210,50751,21850,1,61.25,2024-09-06 18:14:00+00:00,Unknown,61.25,2024,9,6
82725,47690,21377,1,56.75,2024-06-13 23:46:00+00:00,Unknown,56.75,2024,6,13
80400,47690,21524,1,50.5,2024-12-25 20:54:00+00:00,Unknown,50.5,2024,12,25
81350,49447,21440,3,24.99,2025-03-17 00:50:04+00:00,Unknown,74.97,2025,3,17
80226,49231,21923,1,17.99,2025-03-14 01:56:34.214000+00:00,Unknown,17.99,2025,3,14
81544,48525,21942,2,16.5,2024-11-06 17:40:37+00:00,Unknown,33.0,2024,11,6
84913,48156,21933,2,57.99,2024-11-04 03:16:00+00:00,"957 Stefan Wells, East Shermantown, MA 86668",115.98,2024,11,4
83877,50522,21918,4,74.5,2025-02-01 03:15:40+00:00,Unknown,298.0,2025,2,1
86079,48461,21969,1,57.0,2024-09-17 01:26:44+00:00,Unknown,57.0,2024,9,17
86440,47966,21333,1,68.5,2025-03-02 05:15:28.607000+00:00,"113 Thad Corner, Lorefort, OR 97266",68.5,2025,3,2
85631,49249,21525,1,44.7,2025-02-25 23:03:00+00:00,Unknown,44.7,2025,2,25
85980,48009,21890,3,80.4,2024-10-17 19:13:28+00:00,"385 Robin Route, North Hillaryfurt, OK 68901-3725",241.2,2024,10,17
84833,50907,21530,1,64.2,2024-09-21 14:43:45+00:00,Unknown,64.2,2024,9,21
78485,50636,21429,2,30.25,2025-01-06 07:08:01+00:00,"3525 Cassin Cove, West Danyel, AR 30643",60.5,2025,1,6
83014,48728,21723,1,54.0,2025-01-25 12:08:53+00:00,"Suite 669 63203 Cedric Mountain, Kemmerville, NJ 01062",54.0,2025,1,25
81680,48775,21457,1,34.2,2024-06-11 01:25:04+00:00,"5681 Pfannerstill Mews, East Brianneborough, SC 06137-3328",34.2,2024,6,11
82244,49686,21706,1,17.0,2025-03-02 00:43:00+00:00,Unknown,17.0,2025,3,2
86285,48928,21490,2,75.59,2024-12-05 14:56:29.403000+00:00,Unknown,151.18,2024,12,5
79056,49016,21505,1,44.5,2025-01-19 14:29:00+00:00,Unknown,44.5,2025,1,19
81401,50971,21610,1,52.75,2024-08-18 06:56:18+00:00,Unknown,52.75,2024,8,18
77923,51105,21463,5,28.99,2024-06-09 08:51:00+00:00,"Apt. 957 59925 Ondricka Crest, Alysaberg, ID 63559-2707",144.95,2024,6,9
82998,49007,21567,1,75.59,2025-04-05 21:08:00+00:00,Unknown,75.59,2025,4,5
79901,49644,21398,1,35.99,2025-05-13 00:24:00+00:00,"Suite 728 23825 Ward Roads, East Theodora, MN 30660",35.99,2025,5,13
78914,48791,21310,1,69.5,2025-04-13 15:16:50+00:00,"164 Leandro Ranch, Aileneview, MA 65026",69.5,2025,4,13
81792,48541,21946,1,54.25,2024-08-24 15:27:38+00:00,Unknown,54.25,2024,8,24
82650,48758,22043,1,15.75,2024-12-24 03:56:48+00:00,Unknown,15.75,2024,12,24
84610,50460,21533,1,67.2,2024-09-22 23:14:11+00:00,Unknown,67.2,2024,9,22
77853,47930,21541,1,37.5,2025-05-18 01:34:40+00:00,Unknown,37.5,2025,5,18
80616,50814,21893,1,70.0,2024-08-23 17:24:00+00:00,Unknown,70.0,2024,8,23
85861,49124,21397,2,88.2,2025-06-02 13:29:34+00:00,Unknown,176.4,2025,6,2
83661,50863,21996,2,73.25,2025-07-18 23:54:26+00:00,"16963 Renner Mall, Huelchester, ID 64170-7033",146.5,2025,7,18
84140,50714,21576,2,24.5,2024-06-25 06:39:39+00:00,Unknown,49.0,2024,6,25
82738,50439,21912,1,81.3,2025-02-12 13:17:05.121000+00:00,"30602 Homenick Gardens, Bartolettishire, TX 35718",81.3,2025,2,12
83716,50097,21712,1,73.0,2025-08-29 04:16:31+00:00,Unknown,73.0,2025,8,29
83552,50331,21533,1,56.5,2024-04-16 07:47:00+00:00,Unknown,56.5,2024,4,16
81542,47872,22014,1,32.0,2024-11-30 22:32:31+00:00,Unknown,32.0,2024,11,30
78196,49418,21373,1,21.6,2024-12-25 08:47:47+00:00,"4997 Kathyrn Stravenue, West Dario, MA 74068-9613",21.6,2024,12,25
80633,48702,21968,1,19.0,2024-11-23 10:48:00+00:00,Unknown,19.0,2024,11,23
82354,48601,21636,1,18.5,2024-08-21 01:00:16.877000+00:00,"795 Gordon Fall, South Gus, OR 29493",18.5,2024,8,21
77986,48450,21933,2,53.5,2024-12-31 06:17:33+00:00,"Apt. 267 484 Lowe Greens, Port Vince, NV 48853",107.0,2024,12,31
78659,50127,21758,1,43.0,2024-08-06 06:02:32+00:00,Unknown,43.0,2024,8,6
79787,50156,21568,4,32.1,2024-08-29 20:23:19.637000+00:00,Unknown,128.4,2024,8,29
79772,49815,21783,1,60.25,2024-08-08 18:22:00+00:00,Unknown,60.25,2024,8,8
83119,50888,21305,3,31.5,2025-02-22 04:33:55+00:00,Unknown,94.5,2025,2,22
80030,49524,21830,1,67.25,2024-03-16 11:39:48+00:00,Unknown,67.25,2024,3,16
84375,49617,21422,1,17.5,2024-12-27 02:30:00+00:00,Unknown,17.5,2024,12,27
79074,48426,21752,2,73.8,2025-05-06 20:58:59+00:00,Unknown,147.6,2025,5,6
83663,49867,21589,1,62.99,2025-03-25 05:33:39+00:00,Unknown,62.99,2025,3,25
80028,49526,21737,2,17.75,2025-04-29 03:15:39+00:00,"Suite 720 48031 Emma Mountain, West Lavern, MD 64705-2072",35.5,2025,4,29
78169,48589,21854,2,73.2,2025-05-03 17:06:00+00:00,Unknown,146.4,2025,5,3
80426,48397,21833,1,66.5,2024-09-13 22:32:43+00:00,Unknown,66.5,2024,9,13
82828,50767,21837,1,77.99,2024-12-03 13:20:00+00:00,Unknown,77.99,2024,12,3
79568,47809,21452,2,88.5,2024-12-30 05:33:46+00:00,Unknown,177.0,2024,12,30
80043,48421,21647,1,49.8,2025-04-22 16:16:00+00:00,"9719 Dach Field, Stehrfurt, CA 16250",49.8,2025,4,22
79598,48259,21770,1,16.25,2024-12-27 14:01:21.351000+00:00,Unknown,16.25,2024,12,27
86294,49526,21737,1,19.75,2024-08-26 13:15:00+00:00,Unknown,19.75,2024,8,26
83499,48535,21605,1,58.79,2024-10-02 13:48:56+00:00,Unknown,58.79,2024,10,2
78798,50775,21708,1,28.0,2024-08-20 17:26:07+00:00,Unknown,28.0,2024,8,20
80676,50639,21757,1,16.0,2024-11-13 05:33:54+00:00,Unknown,16.0,2024,11,13
84696,49333,21653,1,38.0,2025-05-12 04:06:50+00:00,Unknown,38.0,2025,5,12
80857,49582,21362,1,25.8,2025-02-04 11:55:00+00:00,Unknown,25.8,2025,2,4
82382,49861,21966,1,34.5,2025-04-09 18:53:59+00:00,Unknown,34.5,2025,4,9
80939,48334,21579,1,85.8,2025-01-17 15:13:05+00:00,Unknown,85.8,2025,1,17
82396,49850,21665,1,70.0,2024-11-26 22:13:00+00:00,Unknown,70.0,2024,11,26
81798,50116,21964,2,73.25,2024-10-06 23:03:16+00:00,"Suite 933 275 Willard Manor, New Errolland, HI 67853-3831",146.5,2024,10,6
84446,49012,21584,3,49.19,2024-07-18 23:38:00+00:00,Unknown,147.57,2024,7,18
84989,49057,21310,1,77.7,2025-01-02 18:14:08+00:00,Unknown,77.7,2025,1,2
80167,48460,21897,2,53.5,2025-09-19 22:09:17+00:00,Unknown,107.0,2025,9,19
84262,47811,21523,2,17.5,2025-02-03 04:10:00+00:00,Unknown,35.0,2025,2,3
84472,48499,21837,1,76.79,2024-11-26 05:46:38+00:00,Unknown,76.79,2024,11,26
77951,48154,21449,1,53.0,2024-10-19 21:09:54+00:00,Unknown,53.0,2024,10,19
79981,50779,22053,1,56.25,2024-12-20 19:14:18+00:00,Unknown,56.25,2024,12,20
84581,50081,21312,1,37.5,2024-05-11 23:35:05+00:00,Unknown,37.5,2024,5,11
84094,50536,22010,1,50.1,2024-05-06 21:49:00+00:00,Unknown,50.1,2024,5,6
85551,49555,21722,5,37.75,2025-03-23 07:46:34.989000+00:00,Unknown,188.75,2025,3,23
80783,48034,21302,1,22.5,2024-02-05 19:50:30+00:00,Unknown,22.5,2024,2,5
80730,47766,21864,1,89.99,2024-12-21 04:24:00+00:00,Unknown,89.99,2024,12,21
82669,49257,21447,1,51.0,2025-07-17 14:59:56+00:00,"726 Hauck Prairie, Harveyborough, RI 67946",51.0,2025,7,17
85314,49754,21703,2,67.0,2024-08-29 11:05:18+00:00,Unknown,134.0,2024,8,29
83046,50700,21836,2,50.25,2025-01-13 16:27:56+00:00,Unknown,100.5,2025,1,13
84063,50648,21406,1,87.3,2025-02-04 12:26:53.575000+00:00,"Suite 233 864 Prosacco Villages, New Wilburberg, WA 17421-7381",87.3,2025,2,4
84389,49544,21341,3,29.4,2024-12-21 07:07:14+00:00,Unknown,88.2,2024,12,21
77840,47994,22046,1,59.75,2024-08-11 10:43:00+00:00,Unknown,59.75,2024,8,11
84697,49222,21654,2,47.5,2024-04-01 08:45:22+00:00,Unknown,95.0,2024,4,1
78301,49010,21394,1,67.0,2024-09-20 01:14:26+00:00,"283 Shanahan Pass, New Vinita, VT 23400-1183",67.0,2024,9,20
84505,49919,21609,1,72.0,2024-05-24 14:11:00+00:00,Unknown,72.0,2024,5,24
82447,50344,21718,1,43.0,2025-05-23 12:39:00+00:00,Unknown,43.0,2025,5,23
84766,49518,22026,1,58.99,2025-03-10 14:26:00+00:00,"39696 Homenick Mount, South Adalberto, WY 68205",58.99,2025,3,10
79665,49976,21709,1,52.25,2024-09-15 11:24:00+00:00,Unknown,52.25,2024,9,15
84792,49934,21873,1,75.5,2024-06-25 23:23:34+00:00,Unknown,75.5,2024,6,25
83290,50850,22057,1,63.0,2024-11-09 23:02:20+00:00,"348 Smith Extensions, New Catrice, HI 56757",63.0,2024,11,9
84450,48042,21916,1,22.2,2025-03-16 13:51:12+00:00,"250 Medhurst Drive, New Vannessafurt, MD 73474-7213",22.2,2025,3,16
78165,50634,21383,1,57.3,2024-07-12 03:45:00+00:00,"13249 Fritsch Freeway, West Jae, ME 48724",57.3,2024,7,12
80942,47797,21776,1,75.75,2025-04-26 07:44:00+00:00,Unknown,75.75,2025,4,26
81000,49670,21878,1,57.25,2024-09-16 19:58:00+00:00,Unknown,57.25,2024,9,16
86500,50066,21490,1,65.5,2024-08-07 02:13:47.907000+00:00,Unknown,65.5,2024,8,7
81730,50564,21995,1,41.5,2024-12-29 20:06:13+00:00,Unknown,41.5,2024,12,29
79475,49744,21528,1,51.0,2024-07-29 06:43:00+00:00,Unknown,51.0,2024,7,29
84671,50350,21634,2,73.0,2024-10-04 20:07:46+00:00,Unknown,146.0,2024,10,4
81659,48403,21402,1,42.0,2024-12-11 01:28:00+00:00,Unknown,42.0,2024,12,11
81628,51016,21402,2,38.0,2024-09-13 01:22:00+00:00,Unknown,76.0,2024,9,13
83969,50757,21497,1,71.5,2024-10-20 05:52:35.253000+00:00,Unknown,71.5,2024,10,20
79907,49139,21525,1,45.0,2024-04-07 01:22:25+00:00,Unknown,45.0,2024,4,7
85346,50374,21661,2,67.0,2025-07-28 22:14:18+00:00,Unknown,134.0,2025,7,28
82362,49795,21541,3,39.9,2024-09-27 16:07:00+00:00,"Suite 648 22742 Gary Cliff, Baileybury, ME 26271-5894",119.7,2024,9,27
82666,50143,21817,3,62.0,2024-09-09 00:35:00+00:00,"Suite 209 74904 Sipes Island, Catrinatown, OH 63156-9785",186.0,2024,9,9
83810,47737,21527,1,24.0,2024-11-25 10:47:57+00:00,Unknown,24.0,2024,11,25
84015,49888,21906,4,44.5,2025-01-16 06:46:21+00:00,Unknown,178.0,2025,1,16
80236,49843,21579,4,86.4,2024-08-12 06:08:43+00:00,Unknown,345.6,2024,8,12
79991,48259,21867,3,59.5,2024-10-26 08:17:04.887000+00:00,Unknown,178.5,2024,10,26
85112,50290,22012,1,62.5,2024-08-07 07:05:00+00:00,Unknown,62.5,2024,8,7
78768,50897,21380,1,67.0,2025-03-04 12:36:46+00:00,Unknown,67.0,2025,3,4
82658,47964,21684,3,68.1,2024-08-15 15:10:03+00:00,Unknown,204.3,2024,8,15
82379,48065,21649,1,69.0,2025-06-01 18:14:38+00:00,Unknown,69.0,2025,6,1
79875,48551,21704,1,52.0,2024-11-08 03:36:11+00:00,Unknown,52.0,2024,11,8
79390,50319,21818,2,18.0,2024-11-16 05:33:00+00:00,Unknown,36.0,2024,11,16
80187,48269,21742,1,31.5,2024-10-31 21:09:00+00:00,"Apt. 306 39973 Boehm Square, Hollismouth, IN 21544",31.5,2024,10,31
78062,48107,21896,1,20.25,2025-06-12 05:55:53+00:00,Unknown,20.25,2025,6,12
79194,49817,21695,1,91.2,2025-05-25 19:04:41+00:00,Unknown,91.2,2025,5,25
84897,49978,21536,1,41.75,2024-09-17 02:39:15+00:00,Unknown,41.75,2024,9,17
78225,48285,21622,1,57.0,2024-05-27 21:48:46+00:00,Unknown,57.0,2024,5,27
84259,47793,21362,1,19.0,2025-02-08 17:02:43+00:00,"Suite 192 772 Keeley Drive, New Carolynfurt, AR 94640-3654",19.0,2025,2,8
80717,48745,22021,2,17.0,2024-11-14 14:15:13+00:00,Unknown,34.0,2024,11,14
86111,49653,22024,1,70.0,2025-01-03 22:07:00+00:00,Unknown,70.0,2025,1,3
85337,49351,21672,1,67.5,2025-06-23 16:11:27+00:00,Unknown,67.5,2025,6,23
79008,50169,21462,1,23.25,2024-11-01 21:47:00+00:00,Unknown,23.25,2024,11,1
78767,48902,21867,5,59.5,2025-03-25 17:27:00+00:00,Unknown,297.5,2025,3,25
82358,48273,21928,1,19.0,2024-04-28 12:46:20+00:00,"2683 Grant Summit, Marioport, LA 54515-9028",19.0,2024,4,28
83229,50610,21729,1,54.0,2025-01-26 18:54:36.664000+00:00,Unknown,54.0,2025,1,26
83486,48393,21595,3,55.0,2025-03-30 05:03:20+00:00,"Apt. 590 90240 Haywood Cliffs, Gislasonview, MT 91435",165.0,2025,3,30
78765,50272,21905,1,26.0,2024-11-06 23:58:27+00:00,Unknown,26.0,2024,11,6
84716,50653,21664,1,46.0,2025-01-05 14:24:06+00:00,Unknown,46.0,2025,1,5
81883,50021,21575,2,87.0,2025-02-18 04:09:45+00:00,Unknown,174.0,2025,2,18
83938,50602,21642,2,45.0,2024-12-11 15:14:43+00:00,Unknown,90.0,2024,12,11
79063,48924,22021,2,15.0,2025-06-14 04:52:00+00:00,"69907 Wiley Dam, West Lovieside, OR 47779-3806",30.0,2025,6,14
80649,48832,21355,1,56.75,2024-07-19 01:42:11+00:00,"Apt. 355 3790 Graham Burgs, North Cedricmouth, CA 83909-7628",56.75,2024,7,19
79645,49633,21877,3,75.25,2025-03-16 04:30:50+00:00,Unknown,225.75,2025,3,16
85083,49875,21491,2,29.5,2024-10-27 21:59:55+00:00,Unknown,59.0,2024,10,27
80098,50123,21612,1,16.25,2024-07-27 17:14:00+00:00,Unknown,16.25,2024,7,27
80032,48577,21332,1,13.99,2024-10-27 06:06:00+00:00,Unknown,13.99,2024,10,27
79518,48755,21787,1,44.5,2025-03-17 18:14:54+00:00,"43049 Jolene Orchard, Torritown, CO 97940",44.5,2025,3,17
84546,49813,21447,2,48.0,2024-09-27 01:50:50+00:00,"Suite 882 66009 Hilll Orchard, South Clarkland, NH 17126-9220",96.0,2024,9,27
83171,49123,21981,1,23.75,2024-12-13 06:57:35+00:00,Unknown,23.75,2024,12,13
85601,47677,21829,1,89.7,2024-11-23 05:25:00+00:00,Unknown,89.7,2024,11,23
84003,48850,21806,1,69.6,2024-11-23 01:47:41+00:00,Unknown,69.6,2024,11,23
82031,48175,21857,1,12.5,2025-03-20 15:16:00+00:00,Unknown,12.5,2025,3,20
82141,49127,21966,3,34.2,2024-06-10 22:17:00+00:00,"3936 Blanda Isle, East Vaughn, MA 37116-5826",102.6,2024,6,10
81654,48454,21771,1,76.25,2025-01-07 00:40:00+00:00,Unknown,76.25,2025,1,7
78515,49759,21751,2,83.7,2024-11-30 04:30:08+00:00,Unknown,167.4,2024,11,30
78188,50453,21552,1,69.0,2024-11-19 18:40:00+00:00,Unknown,69.0,2024,11,19
85072,51093,22030,1,13.25,2025-02-22 08:12:51+00:00,Unknown,13.25,2025,2,22
83984,50512,21856,1,52.5,2024-07-25 06:54:34+00:00,Unknown,52.5,2024,7,25
78402,50467,21326,2,68.0,2025-06-19 05:29:19+00:00,"8821 Rodriguez Centers, Port Claretha, OH 70322",136.0,2025,6,19
82860,49478,22024,2,69.0,2025-02-27 19:43:00+00:00,"Apt. 472 33062 Lewis Mills, South Franklyn, KS 85268",138.0,2025,2,27
82737,48237,21921,1,62.5,2024-11-14 06:53:45+00:00,Unknown,62.5,2024,11,14
78398,47768,21734,2,50.99,2025-02-19 05:25:43+00:00,"664 Kunde Highway, New Norberto, WV 66982-2203",101.98,2025,2,19
85035,49540,21658,1,52.5,2025-01-04 06:06:00+00:00,Unknown,52.5,2025,1,4
81104,48623,21749,1,73.0,2025-04-11 06:55:00+00:00,Unknown,73.0,2025,4,11
86256,50069,21932,1,19.75,2024-08-24 17:37:58+00:00,"Apt. 721 35166 Kareem Circles, Maryjoview, UT 77264-3990",19.75,2024,8,24
79834,50917,21829,1,85.2,2025-06-28 00:50:50+00:00,"245 Herb Knolls, Lake Cathy, DE 68831-9161",85.2,2025,6,28
82071,50937,21426,2,64.25,2024-12-19 03:15:00+00:00,Unknown,128.5,2024,12,19
83987,50776,21998,1,14.0,2025-08-20 18:40:00+00:00,Unknown,14.0,2025,8,20
80895,48482,21922,2,25.25,2024-09-19 03:42:48+00:00,Unknown,50.5,2024,9,19
79888,48989,21811,1,39.6,2024-09-26 17:58:46+00:00,"Suite 576 721 Ashleigh Meadow, Rooseveltside, AK 83484",39.6,2024,9,26
80607,49658,22039,1,73.2,2024-07-30 06:06:59+00:00,Unknown,73.2,2024,7,30
80124,50901,21515,1,49.5,2024-12-14 04:26:00+00:00,Unknown,49.5,2024,12,14
84247,48150,21925,1,26.5,2025-06-23 19:34:00+00:00,Unknown,26.5,2025,6,23
78912,50230,21645,1,50.0,2025-02-17 14:22:20+00:00,"Apt. 922 7913 Karla Unions, Port Joesphview, KS 11285-8739",50.0,2025,2,17
78853,48182,21509,3,38.5,2024-04-11 02:05:14+00:00,Unknown,115.5,2024,4,11
85299,48225,21337,1,36.25,2024-10-27 20:56:59+00:00,Unknown,36.25,2024,10,27
85019,48734,21537,2,22.5,2024-12-18 04:03:26+00:00,Unknown,45.0,2024,12,18
77849,50350,22007,2,52.8,2025-04-24 13:37:27+00:00,Unknown,105.6,2025,4,24
85897,49315,22018,4,55.0,2025-02-26 10:31:32+00:00,Unknown,220.0,2025,2,26
81286,49438,21940,1,51.75,2024-11-03 04:44:00+00:00,"Apt. 218 44558 Buckridge Forges, Port Betty, NH 06540-7519",51.75,2024,11,3
80678,50606,21375,1,58.5,2025-04-27 11:11:44+00:00,Unknown,58.5,2025,4,27
84001,50020,21412,1,19.8,2024-10-27 15:44:00+00:00,Unknown,19.8,2024,10,27
86375,48136,21503,1,24.99,2025-03-04 00:40:08.460000+00:00,Unknown,24.99,2025,3,4
85931,49357,21300,1,49.8,2024-05-30 10:57:57+00:00,Unknown,49.8,2024,5,30
80341,47794,21603,1,51.25,2024-07-07 15:23:00+00:00,"4035 Dennis Cliffs, South Odis, ME 35440",51.25,2024,7,7
85903,50256,22040,2,32.75,2025-01-15 08:11:29+00:00,"71260 Collin Vista, East Jc, SC 97374-3174",65.5,2025,1,15
81395,48290,21836,5,45.5,2025-05-08 23:19:49.549000+00:00,"1040 Cristobal Skyway, New Shaunnashire, CA 50987-8527",227.5,2025,5,8
82857,48332,21983,1,75.3,2025-01-11 12:54:17+00:00,Unknown,75.3,2025,1,11
80695,49259,21345,4,74.25,2024-08-21 17:35:37+00:00,Unknown,297.0,2024,8,21
85074,48390,22001,1,70.79,2024-10-10 10:06:20+00:00,"Suite 914 60921 Prosacco Crossroad, Watersland, WI 77297-1764",70.79,2024,10,10
79295,49392,21784,1,65.0,2024-07-04 23:25:00+00:00,Unknown,65.0,2024,7,4
83322,48029,21598,1,24.3,2024-10-16 22:30:32+00:00,Unknown,24.3,2024,10,16
82311,48037,21996,4,89.4,2025-02-20 19:05:37+00:00,Unknown,357.6,2025,2,20
81969,49583,21343,1,71.25,2025-01-23 08:56:26+00:00,Unknown,71.25,2025,1,23
79013,48984,21702,5,73.2,2024-12-10 22:18:00+00:00,"Suite 546 793 Delta Crest, Olliebury, IA 60184",366.0,2024,12,10
85399,48108,22016,2,48.0,2024-05-13 03:27:34+00:00,"6582 Andra Point, Hermanview, OK 77258",96.0,2024,5,13
78606,49652,21775,1,66.99,2024-10-29 17:51:00+00:00,"Apt. 783 2267 Tillman Key, Gottliebtown, OH 42454-4106",66.99,2024,10,29
81183,48502,21871,1,32.5,2025-03-04 14:59:15+00:00,Unknown,32.5,2025,3,4
85473,50143,21511,2,24.0,2024-11-15 02:21:00+00:00,"Suite 209 74904 Sipes Island, Catrinatown, OH 63156-9785",48.0,2024,11,15
82168,49849,21657,1,23.0,2024-12-18 03:48:58+00:00,Unknown,23.0,2024,12,18
82915,47748,21975,1,66.0,2024-07-16 13:42:00+00:00,Unknown,66.0,2024,7,16
78142,49810,21488,3,81.6,2024-09-28 08:40:00+00:00,Unknown,244.8,2024,9,28
79880,50031,21595,4,63.6,2024-04-26 17:45:29+00:00,Unknown,254.4,2024,4,26
78993,49893,21581,1,55.5,2025-02-24 08:22:00+00:00,Unknown,55.5,2025,2,24
84905,49180,21959,3,74.0,2024-11-11 23:08:41+00:00,Unknown,222.0,2024,11,11
84680,48754,21625,1,20.0,2025-05-04 12:33:15+00:00,Unknown,20.0,2025,5,4
80620,49005,22031,4,32.0,2024-08-24 22:43:00+00:00,Unknown,128.0,2024,8,24
83594,48470,21861,1,37.75,2024-11-29 11:43:34+00:00,"179 Lind Stravenue, Lake Carmineborough, KY 12290-3070",37.75,2024,11,29
81228,48923,21699,1,24.9,2024-06-29 09:13:59+00:00,"143 Yen Extension, Noahbury, NV 98629",24.9,2024,6,29
82954,49721,21827,1,15.25,2024-04-19 18:10:00+00:00,Unknown,15.25,2024,4,19
84377,48680,21660,1,28.5,2025-01-22 12:02:10+00:00,Unknown,28.5,2025,1,22
86412,50196,21653,2,36.0,2024-09-25 09:20:20+00:00,"30067 Rosenbaum Forge, Howellfort, NM 32762",72.0,2024,9,25
81248,48664,21617,1,26.0,2025-03-23 16:07:21+00:00,Unknown,26.0,2025,3,23
83168,50348,21769,1,62.99,2024-11-02 07:33:28+00:00,"Suite 204 40744 Kihn Islands, Lake Kelvin, AL 28231",62.99,2024,11,2
85368,49019,21904,1,42.0,2024-06-19 12:17:12+00:00,"276 Oberbrunner Haven, West Marcos, NH 84595-1424",42.0,2024,6,19
80127,48923,21931,1,30.25,2024-09-29 18:13:58+00:00,"143 Yen Extension, Noahbury, NV 98629",30.25,2024,9,29
80818,49348,21471,2,26.5,2025-04-02 20:14:26+00:00,Unknown,53.0,2025,4,2
78760,49104,21586,1,42.0,2024-07-17 22:22:18+00:00,"Suite 315 977 Codi Creek, East Eura, MI 16635-3394",42.0,2024,7,17
80694,50860,21395,1,60.99,2024-12-15 12:00:00+00:00,Unknown,60.99,2024,12,15
85873,51048,21888,1,87.3,2024-11-16 09:20:00+00:00,Unknown,87.3,2024,11,16
85307,49300,21913,1,41.0,2024-07-22 08:25:23+00:00,Unknown,41.0,2024,7,22
81973,48396,21671,1,44.7,2025-10-29 05:28:00+00:00,Unknown,44.7,2025,10,29
81166,49507,21450,2,35.7,2024-10-02 19:39:24+00:00,Unknown,71.4,2024,10,2
83941,50437,22037,1,30.0,2024-03-07 21:59:01+00:00,Unknown,30.0,2024,3,7
79312,48485,21466,1,33.0,2024-07-02 16:37:52+00:00,"2671 See Trail, East Kristopherville, ME 97946-2544",33.0,2024,7,2
82132,49597,21956,4,26.4,2025-03-07 13:33:03+00:00,Unknown,105.6,2025,3,7
80390,50953,21868,1,77.4,2025-01-28 19:40:00+00:00,"Suite 911 3489 Alisa Fort, Pfefferton, TX 32059-3033",77.4,2025,1,28
80596,50202,21545,1,33.6,2024-09-30 16:04:27+00:00,Unknown,33.6,2024,9,30
84477,47923,21944,2,34.5,2024-03-15 23:17:14+00:00,"Suite 722 7548 Franecki Track, West Ida, WI 17806",69.0,2024,3,15
78522,50094,21379,1,21.0,2025-01-05 10:04:55+00:00,Unknown,21.0,2025,1,5
78087,49996,21742,2,43.2,2024-08-14 19:55:00+00:00,"Suite 416 801 German Harbors, South Deirdreshire, MS 12601",86.4,2024,8,14
83929,48462,21505,1,39.5,2025-01-13 20:00:03+00:00,Unknown,39.5,2025,1,13
82205,50919,21784,3,68.75,2025-01-17 10:52:34+00:00,Unknown,206.25,2025,1,17
85063,48902,21385,2,28.5,2024-11-12 00:55:13+00:00,Unknown,57.0,2024,11,12
82046,48759,21360,2,63.75,2025-02-24 21:45:34+00:00,Unknown,127.5,2025,2,24
79650,50098,21308,2,36.0,2024-05-07 13:29:21+00:00,"16271 Wintheiser Mission, Kassulkeside, CA 65864",72.0,2024,5,7
77658,50380,21900,2,71.99,2024-08-27 15:20:00+00:00,"Apt. 103 7196 Myung Lights, Port Shantaeland, NC 96050-2288",143.98,2024,8,27
82677,49534,21942,1,17.0,2025-05-18 12:03:33+00:00,Unknown,17.0,2025,5,18
84923,50775,21387,1,49.99,2024-12-15 23:36:38+00:00,Unknown,49.99,2024,12,15
77897,48818,21370,1,60.5,2024-11-01 08:19:00+00:00,Unknown,60.5,2024,11,1
78470,51097,21578,1,20.5,2024-11-14 15:32:52+00:00,Unknown,20.5,2024,11,14
78792,49855,21657,1,22.2,2024-07-09 16:51:44+00:00,Unknown,22.2,2024,7,9
83061,51035,21847,3,69.99,2025-04-21 08:21:49+00:00,"Suite 389 9726 Sharon Station, North Sue, DE 44964-5210",209.97,2025,4,21
86255,48703,21472,1,35.75,2025-06-25 12:47:00+00:00,Unknown,35.75,2025,6,25
80143,48543,21741,1,39.0,2024-10-30 08:16:36+00:00,Unknown,39.0,2024,10,30
83547,49145,21739,1,51.6,2024-12-25 23:44:00+00:00,Unknown,51.6,2024,12,25
83880,50451,21805,1,48.25,2025-01-18 00:41:53+00:00,Unknown,48.25,2025,1,18
85310,49221,21888,1,90.0,2025-02-22 07:42:36+00:00,Unknown,90.0,2025,2,22
78282,48673,21434,1,30.5,2024-10-31 17:59:57+00:00,"Apt. 646 970 Vanita Lodge, Bartonton, MT 02606",30.5,2024,10,31
86372,49068,21643,2,17.0,2024-10-20 19:01:58+00:00,Unknown,34.0,2024,10,20
85718,49244,21854,1,74.4,2025-04-12 16:20:00+00:00,Unknown,74.4,2025,4,12
82357,50119,21817,1,62.99,2025-02-02 05:28:29+00:00,Unknown,62.99,2025,2,2
84246,50152,21977,3,23.5,2024-11-29 23:22:33+00:00,Unknown,70.5,2024,11,29
81603,48258,21453,5,55.0,2024-12-09 04:23:15+00:00,Unknown,275.0,2024,12,9
78878,48000,22057,1,48.5,2024-10-07 11:18:48+00:00,"Apt. 223 262 Guillermo Spur, Kuphalville, MT 27696-4502",48.5,2024,10,7
83271,48637,21578,1,22.25,2024-06-24 22:38:33+00:00,"7387 Jesusa Gateway, East Napoleon, NJ 04709",22.25,2024,6,24
86459,50337,21480,1,51.75,2024-10-31 14:29:00+00:00,Unknown,51.75,2024,10,31
83946,49862,21479,1,73.8,2024-12-31 12:08:00+00:00,Unknown,73.8,2024,12,31
78977,48305,21882,1,46.8,2025-06-20 18:02:00+00:00,Unknown,46.8,2025,6,20
84540,48773,21893,1,69.99,2024-08-14 20:14:17+00:00,"Suite 882 2025 Fahey Road, Kovacekfort, AZ 71233-7264",69.99,2024,8,14
83760,50495,22007,1,46.25,2024-09-17 18:01:00+00:00,"20077 Arvilla Dam, North Courtneyfurt, ID 32747-6348",46.25,2024,9,17
84947,50886,21551,2,23.5,2025-02-02 22:21:19+00:00,Unknown,47.0,2025,2,2
81015,49149,21299,1,79.2,2024-12-19 22:37:00+00:00,Unknown,79.2,2024,12,19
80328,47919,21491,5,29.0,2024-12-19 10:12:43+00:00,Unknown,145.0,2024,12,19
85169,48790,21738,1,41.99,2024-11-12 19:50:34+00:00,Unknown,41.99,2024,11,12
85319,48259,21366,2,33.25,2024-07-29 22:49:56.503000+00:00,Unknown,66.5,2024,7,29
85801,50983,22016,1,52.0,2024-11-11 16:16:12+00:00,Unknown,52.0,2024,11,11
84736,48937,22043,1,13.25,2024-12-07 11:19:49+00:00,"40334 Mikaela Road, New Scott, SD 95550",13.25,2024,12,7
81200,50983,21320,2,58.5,2024-09-12 00:22:17+00:00,Unknown,117.0,2024,9,12
77945,49940,21791,1,49.0,2024-09-30 22:19:54+00:00,Unknown,49.0,2024,9,30
79934,48803,22030,1,13.99,2025-01-16 17:55:38+00:00,"16271 Albert Trace, West Ailene, SC 13131-9140",13.99,2025,1,16
82875,50979,21812,1,43.99,2024-11-02 19:33:29+00:00,Unknown,43.99,2024,11,2
83387,47824,21938,1,89.7,2024-07-22 03:17:02+00:00,"320 Swaniawski Mount, North Reannaport, WA 96417-6378",89.7,2024,7,22
80093,49274,21979,2,34.99,2025-06-26 04:22:15.470000+00:00,"Suite 681 1238 Pilar Ford, Clemenciaburgh, MD 14774",69.98,2025,6,26
79767,47923,21497,2,71.0,2024-07-04 05:21:00+00:00,"Suite 722 7548 Franecki Track, West Ida, WI 17806",142.0,2024,7,4
78514,48145,21348,1,20.75,2025-03-28 23:53:18+00:00,"Apt. 405 20060 Jonathan Oval, North Pazfurt, MO 92458",20.75,2025,3,28
81115,48200,21797,5,17.5,2025-08-07 02:40:01+00:00,Unknown,87.5,2025,8,7
77836,51081,21507,1,35.5,2024-12-22 12:36:22+00:00,Unknown,35.5,2024,12,22
78251,48123,21367,1,33.6,2024-11-25 11:36:00+00:00,Unknown,33.6,2024,11,25
85713,49780,21750,1,30.75,2024-12-17 17:57:09+00:00,Unknown,30.75,2024,12,17
83996,48559,21796,1,28.0,2024-10-20 02:02:00+00:00,Unknown,28.0,2024,10,20
84669,48775,21469,1,59.99,2025-01-03 09:57:00+00:00,Unknown,59.99,2025,1,3
84691,48283,21603,1,53.99,2025-01-05 02:24:44+00:00,Unknown,53.99,2025,1,5
81484,47756,21421,1,72.3,2024-08-13 04:22:31+00:00,Unknown,72.3,2024,8,13
80453,50214,21377,1,56.0,2024-03-14 17:15:20+00:00,"Suite 449 151 Tommie Islands, Okunevaburgh, NY 61983-9681",56.0,2024,3,14
85354,49084,21768,1,22.25,2025-05-12 02:53:00+00:00,"Suite 392 4450 Lamar Orchard, Tanaville, CT 02129",22.25,2025,5,12
78440,49962,21659,1,42.6,2025-04-03 00:58:03+00:00,"Apt. 655 62881 Prosacco Isle, Goyetteport, OH 74479-9133",42.6,2025,4,3
79619,50961,21764,1,60.6,2025-03-12 00:11:49.059000+00:00,Unknown,60.6,2025,3,12
85245,48437,21331,1,55.2,2025-07-01 17:17:00+00:00,"Suite 637 3787 Brian Path, South Darwin, DE 03243",55.2,2025,7,1
83318,49042,21920,1,21.0,2024-08-28 21:20:00+00:00,Unknown,21.0,2024,8,28
82533,48605,21789,1,23.0,2024-12-20 01:50:15+00:00,Unknown,23.0,2024,12,20
78605,48268,21961,1,29.25,2024-11-01 02:36:00+00:00,Unknown,29.25,2024,11,1
78174,49595,21583,1,58.75,2024-05-27 01:58:00+00:00,Unknown,58.75,2024,5,27
85468,48542,21666,1,65.25,2024-11-19 20:26:36+00:00,Unknown,65.25,2024,11,19
78312,51032,21895,1,16.25,2024-11-30 18:36:30+00:00,Unknown,16.25,2024,11,30
78489,50700,21463,1,34.8,2024-11-05 02:05:37+00:00,Unknown,34.8,2024,11,5
84395,49467,21630,2,34.5,2024-07-31 02:53:28+00:00,Unknown,69.0,2024,7,31
85383,51011,21493,1,28.0,2024-12-10 18:56:00+00:00,Unknown,28.0,2024,12,10
77886,48474,21452,3,71.99,2025-06-02 20:04:43.167000+00:00,Unknown,215.97,2025,6,2
85247,48401,21976,1,26.25,2024-10-13 02:00:00+00:00,Unknown,26.25,2024,10,13
80625,49189,21763,1,44.4,2025-07-03 05:00:08+00:00,"Apt. 504 53838 Herman Rapids, Reillyland, CO 27554",44.4,2025,7,3
78623,47686,21728,1,65.7,2024-04-08 14:47:00+00:00,Unknown,65.7,2024,4,8
82556,50055,21358,1,17.75,2025-02-18 12:09:57+00:00,"Suite 116 6345 Hollis Mountains, Rolfhaven, WI 76124",17.75,2025,2,18
82428,48037,21427,1,74.5,2024-12-05 21:57:00+00:00,Unknown,74.5,2024,12,5
80325,48667,21333,1,69.0,2024-11-11 21:05:54+00:00,Unknown,69.0,2024,11,11
82127,47705,21369,1,43.2,2024-08-12 23:26:26+00:00,Unknown,43.2,2024,8,12
86148,48792,21912,1,76.8,2024-10-15 03:49:49+00:00,"Apt. 794 63061 Fay Mountains, New Nolan, NY 12359-8751",76.8,2024,10,15
80971,51095,22049,1,26.5,2024-04-09 09:46:35+00:00,Unknown,26.5,2024,4,9
82946,50664,21910,1,35.5,2024-08-17 00:10:05+00:00,Unknown,35.5,2024,8,17
84124,49599,21393,5,66.0,2025-02-09 15:59:13+00:00,"565 Kelley Light, Lanellside, SC 74855-5351",330.0,2025,2,9
81826,48869,21823,1,61.5,2024-08-08 21:27:58.213000+00:00,Unknown,61.5,2024,8,8
81148,49286,22007,2,46.99,2024-08-20 08:08:04+00:00,Unknown,93.98,2024,8,20
81026,48681,21410,1,24.5,2025-02-08 14:28:57+00:00,Unknown,24.5,2025,2,8
83145,49940,21469,1,57.0,2025-06-19 04:54:00+00:00,"Apt. 157 344 Bartoletti Plaza, Kirstieburgh, WY 13455-9412",57.0,2025,6,19
78948,50344,21991,1,72.25,2024-06-28 01:23:30+00:00,Unknown,72.25,2024,6,28
84715,49430,21540,1,30.99,2025-06-23 06:47:29+00:00,Unknown,30.99,2025,6,23
85743,49219,21896,1,22.99,2024-09-17 11:18:21+00:00,Unknown,22.99,2024,9,17
81453,50260,21912,1,67.5,2025-02-02 06:06:31+00:00,Unknown,67.5,2025,2,2
79926,50693,21711,1,25.5,2025-01-22 14:22:10+00:00,Unknown,25.5,2025,1,22
83531,48279,21563,1,85.2,2024-04-22 22:33:00+00:00,Unknown,85.2,2024,4,22
86235,50915,21711,5,22.5,2024-08-28 23:35:24+00:00,"92021 Medhurst Hollow, Port Wilsontown, KS 56381",112.5,2024,8,28
84729,48456,21609,2,72.25,2024-10-02 12:51:10+00:00,"Suite 348 784 Bins Isle, New Maidaborough, OH 20223",144.5,2024,10,2
86152,48506,21399,1,65.0,2025-01-11 17:46:07+00:00,Unknown,65.0,2025,1,11
80799,50237,21692,1,66.99,2024-09-20 04:53:53+00:00,"387 Eduardo Summit, North Heidyside, CA 53793",66.99,2024,9,20
80867,49393,21340,1,61.2,2024-05-01 13:43:24+00:00,Unknown,61.2,2024,5,1
84892,50894,21934,2,56.7,2025-05-01 08:37:45+00:00,Unknown,113.4,2025,5,1
85420,48410,21774,1,21.0,2024-11-28 05:01:00+00:00,Unknown,21.0,2024,11,28
86348,48338,21763,2,35.0,2025-06-13 03:02:12+00:00,Unknown,70.0,2025,6,13
79487,49922,21729,1,54.9,2025-08-08 00:40:51+00:00,"2177 Antonia Crescent, Lake Britt, NM 11730",54.9,2025,8,8
78163,50446,21336,2,71.25,2025-01-12 07:03:53+00:00,Unknown,142.5,2025,1,12
86274,50964,21816,3,84.0,2024-07-25 20:58:00+00:00,Unknown,252.0,2024,7,25
81177,47662,21828,1,19.5,2024-12-06 08:38:00+00:00,Unknown,19.5,2024,12,6
84841,49518,21449,5,59.99,2024-11-01 16:28:59+00:00,Unknown,299.95,2024,11,1
83042,51123,21582,3,67.99,2025-02-18 03:24:00+00:00,Unknown,203.97,2025,2,18
78008,47748,21856,3,39.25,2024-02-08 02:38:00+00:00,"620 Gigi Keys, East Oswaldohaven, PA 73781",117.75,2024,2,8
79521,50490,21979,1,37.8,2025-01-04 00:16:00+00:00,Unknown,37.8,2025,1,4
81073,50582,21832,1,41.7,2024-12-07 16:11:11+00:00,"Apt. 103 8344 Flatley Stream, Kutchside, NV 86615",41.7,2024,12,7
84257,48316,21615,2,45.0,2024-10-31 17:04:10+00:00,"Suite 479 7153 Barrows Lodge, Croninview, MO 64468",90.0,2024,10,31
82072,48664,22030,1,16.99,2025-01-01 10:53:00+00:00,Unknown,16.99,2025,1,1
86035,48618,21535,3,53.0,2024-10-16 20:00:00+00:00,Unknown,159.0,2024,10,16
85723,47915,22057,3,48.0,2025-07-11 16:05:00+00:00,Unknown,144.0,2025,7,11
79495,49400,21745,1,22.2,2025-01-06 08:59:30.085000+00:00,"Suite 157 41144 Bridget Fall, Jessishire, NV 83385",22.2,2025,1,6
85260,50398,21322,2,29.99,2025-01-19 22:01:00+00:00,Unknown,59.98,2025,1,19
80070,48236,21970,5,79.5,2024-07-15 12:50:00+00:00,"3255 Sybil Pines, New Augustaside, SD 59384",397.5,2024,7,15
82602,48472,21608,1,53.0,2024-09-20 16:17:23+00:00,Unknown,53.0,2024,9,20
81174,48163,21610,1,56.5,2025-03-27 23:07:00+00:00,Unknown,56.5,2025,3,27
85848,47663,21438,1,27.3,2024-08-14 09:53:48+00:00,Unknown,27.3,2024,8,14
83852,47677,22036,2,56.7,2024-10-22 00:15:05+00:00,Unknown,113.4,2024,10,22
84440,49376,21363,1,85.2,2025-02-28 19:38:47+00:00,"Suite 212 7056 Providencia Viaduct, Daronland, CA 71860",85.2,2025,2,28
85935,48043,21394,1,67.0,2025-01-02 06:21:07+00:00,Unknown,67.0,2025,1,2
80006,48890,21792,2,62.0,2024-12-13 22:13:28+00:00,"699 Laci Trail, Waelchiborough, CO 87242",124.0,2024,12,13
77991,50629,21894,2,45.25,2024-10-28 07:54:00+00:00,Unknown,90.5,2024,10,28
82313,50312,21403,1,53.25,2025-05-11 23:39:00+00:00,"911 Strosin Fords, Beahanhaven, LA 11852",53.25,2025,5,11
82842,50538,22008,1,65.0,2024-09-27 21:32:54+00:00,"45971 Alayna Isle, East Marquis, DE 91040",65.0,2024,9,27
84667,48880,21981,1,20.25,2024-10-07 23:08:00+00:00,Unknown,20.25,2024,10,7
83432,49576,21563,1,87.0,2024-05-11 05:40:00+00:00,"Apt. 481 468 Beer Shores, Sherwoodfort, ME 74056",87.0,2024,5,11
82500,49980,21902,2,19.99,2025-01-06 05:07:04+00:00,Unknown,39.98,2025,1,6
86141,48364,22004,2,68.99,2024-06-21 13:19:00+00:00,Unknown,137.98,2024,6,21
83761,47771,21653,1,44.7,2025-03-02 23:38:00+00:00,Unknown,44.7,2025,3,2
83364,49673,21669,4,18.0,2024-12-28 01:40:48+00:00,Unknown,72.0,2024,12,28
81291,50140,21958,1,74.5,2025-07-09 23:25:36+00:00,"Suite 476 32368 Alfonzo Estate, Port Carmelobury, MN 09055-9522",74.5,2025,7,9
82904,50324,21348,2,23.0,2025-01-24 01:25:21+00:00,"Suite 807 414 Boyer Islands, Bennettton, NH 86133",46.0,2025,1,24
78038,49072,21374,1,69.0,2025-01-10 02:26:26+00:00,Unknown,69.0,2025,1,10
80762,49236,21497,1,68.0,2025-04-29 08:17:13+00:00,Unknown,68.0,2025,4,29
85439,48294,22037,1,28.0,2024-06-07 07:42:43+00:00,Unknown,28.0,2024,6,7
79616,48856,21863,1,39.5,2024-10-17 14:55:17+00:00,Unknown,39.5,2024,10,17
85803,48538,21954,2,51.0,2024-11-28 20:50:00+00:00,Unknown,102.0,2024,11,28
85386,49252,21873,1,90.9,2024-08-10 02:56:25+00:00,Unknown,90.9,2024,8,10
85919,50780,21356,1,23.0,2024-09-13 22:42:33+00:00,Unknown,23.0,2024,9,13
79502,49565,21876,5,32.25,2025-04-12 06:31:54.721000+00:00,Unknown,161.25,2025,4,12
85649,48057,22047,1,76.8,2024-12-01 22:58:52+00:00,Unknown,76.8,2024,12,1
84077,50293,21687,1,59.0,2024-06-01 11:25:43+00:00,"31250 Stoltenberg Flat, Beckermouth, AK 28908",59.0,2024,6,1
84661,49455,21408,1,42.0,2024-08-15 01:44:23.236000+00:00,"7114 Bernier Bypass, North Lakeisha, OK 49090-2059",42.0,2024,8,15
78124,50562,21579,1,73.5,2024-06-12 20:01:23+00:00,Unknown,73.5,2024,6,12
85453,48119,21442,4,55.2,2024-10-10 18:27:49+00:00,Unknown,220.8,2024,10,10
81238,49677,21618,1,60.9,2024-10-23 21:58:53+00:00,Unknown,60.9,2024,10,23
82294,50669,21480,1,50.0,2024-12-19 23:46:11.229000+00:00,Unknown,50.0,2024,12,19
83581,50257,21977,4,26.0,2024-11-25 03:57:19+00:00,Unknown,104.0,2024,11,25
79165,49068,21426,2,62.0,2025-06-15 09:29:01+00:00,"Apt. 711 826 Herzog Road, South Jeniport, NY 40923",124.0,2025,6,15
78400,49486,21660,1,26.5,2024-10-04 06:37:00+00:00,Unknown,26.5,2024,10,4
80380,49472,21907,1,53.5,2024-08-05 19:24:24+00:00,Unknown,53.5,2024,8,5
82853,50549,21433,1,58.5,2024-12-01 08:13:00+00:00,Unknown,58.5,2024,12,1
80110,50187,21477,1,20.4,2025-01-15 07:03:28+00:00,"5201 Roberts Expressway, Port Ayannashire, GA 76895",20.4,2025,1,15
80894,50748,21549,1,24.5,2024-09-21 05:17:18+00:00,Unknown,24.5,2024,9,21
82626,51079,21610,1,56.25,2025-07-12 00:56:24.286000+00:00,Unknown,56.25,2025,7,12
83527,49553,21532,1,13.5,2025-07-10 04:17:00+00:00,Unknown,13.5,2025,7,10
82219,48814,21992,3,34.99,2024-11-02 14:49:00+00:00,"4683 Bianca Fields, Port Nedmouth, GA 76515-4659",104.97,2024,11,2
81537,48259,21326,2,69.99,2024-10-01 14:26:39+00:00,Unknown,139.98,2024,10,1
81703,47869,21750,5,32.5,2025-04-10 01:09:20+00:00,"Suite 142 683 Ritchie Mills, New Cyrilview, MA 04154",162.5,2025,4,10
80089,49907,21296,1,55.0,2024-07-29 07:05:08+00:00,Unknown,55.0,2024,7,29
84270,50472,21971,4,54.0,2024-12-27 19:25:24+00:00,Unknown,216.0,2024,12,27
80896,50560,21458,1,80.4,2025-01-11 17:00:29+00:00,Unknown,80.4,2025,1,11
85130,47711,21916,1,23.99,2024-12-25 12:55:52.302000+00:00,Unknown,23.99,2024,12,25
81967,48111,21401,1,33.59,2024-08-09 08:01:19.918000+00:00,Unknown,33.59,2024,8,9
80549,50728,21496,4,70.75,2024-08-08 00:38:05+00:00,Unknown,283.0,2024,8,8
79205,49032,22046,1,57.99,2024-10-19 11:29:29+00:00,Unknown,57.99,2024,10,19
80117,50497,21408,4,52.79,2025-02-20 11:27:00+00:00,Unknown,211.16,2025,2,20
80000,49280,21457,1,25.0,2025-01-04 10:16:14+00:00,Unknown,25.0,2025,1,4
83676,48843,21489,1,24.9,2024-06-24 14:00:18+00:00,Unknown,24.9,2024,6,24
82040,50113,21564,1,75.99,2024-09-27 16:16:27+00:00,Unknown,75.99,2024,9,27
78205,49605,22028,2,69.6,2024-12-13 14:11:03+00:00,Unknown,139.2,2024,12,13
85545,48525,21957,1,61.25,2024-11-28 23:15:00+00:00,Unknown,61.25,2024,11,28
81574,49947,21735,3,29.75,2024-10-23 14:55:20+00:00,Unknown,89.25,2024,10,23
81196,49475,21625,2,20.5,2024-06-18 14:08:13+00:00,"5437 Reilly Loop, Lake Berry, SC 52010",41.0,2024,6,18
82045,47837,21416,1,38.7,2024-12-06 13:47:00+00:00,Unknown,38.7,2024,12,6
78291,48738,21320,3,63.99,2025-05-21 09:59:14+00:00,Unknown,191.97,2025,5,21
84379,50411,21728,4,55.25,2024-09-08 11:16:29+00:00,Unknown,221.0,2024,9,8
83911,49276,21858,1,22.99,2025-03-29 02:10:30+00:00,Unknown,22.99,2025,3,29
81748,48239,21609,1,68.0,2025-04-20 03:59:22+00:00,Unknown,68.0,2025,4,20
86107,48056,21559,1,51.3,2025-01-19 00:21:00+00:00,Unknown,51.3,2025,1,19
78791,48603,21707,1,73.5,2024-05-03 00:15:10+00:00,Unknown,73.5,2024,5,3
84330,48846,21446,1,17.0,2025-05-22 05:20:35+00:00,Unknown,17.0,2025,5,22
83317,50221,21337,1,41.4,2024-05-28 15:57:22+00:00,"Suite 856 57893 Norine Knoll, Lake Elden, CA 65745-2743",41.4,2024,5,28
78341,49866,21351,2,42.9,2024-11-10 07:34:02+00:00,"Suite 614 8439 Runte Flats, Hackettland, HI 07737",85.8,2024,11,10
79571,48543,21508,2,27.0,2025-08-26 18:00:37+00:00,Unknown,54.0,2025,8,26
82928,50269,21800,1,44.39,2025-01-31 14:20:00+00:00,Unknown,44.39,2025,1,31
85032,48499,21650,1,71.5,2024-08-27 09:58:00+00:00,"2172 Dominique Meadows, Bayerview, NE 05950-2156",71.5,2024,8,27
83408,49760,21953,1,38.5,2024-12-25 22:32:54+00:00,"Apt. 363 21548 Carmon Ports, Parkerberg, WA 98298-0556",38.5,2024,12,25
79760,50528,21866,2,40.0,2025-07-10 08:07:29+00:00,"7197 Mills Freeway, Port Michaleborough, ME 65103-8025",80.0,2025,7,10
82836,49093,22008,1,64.5,2025-02-16 01:54:15+00:00,Unknown,64.5,2025,2,16
79921,51026,21365,1,32.0,2025-04-21 17:08:34+00:00,Unknown,32.0,2025,4,21
85212,49076,21932,1,23.4,2024-11-08 01:50:00+00:00,Unknown,23.4,2024,11,8
81932,49971,21839,1,88.79,2024-06-05 20:59:00+00:00,Unknown,88.79,2024,6,5
80134,49693,21437,1,55.5,2025-02-20 19:41:10+00:00,Unknown,55.5,2025,2,20
80403,49504,21540,1,34.2,2024-11-05 22:50:14+00:00,Unknown,34.2,2024,11,5
78539,49364,22015,4,64.5,2024-05-02 12:59:00+00:00,Unknown,258.0,2024,5,2
80476,49463,21560,1,22.5,2024-10-23 07:40:16+00:00,Unknown,22.5,2024,10,23
81595,50401,21641,1,33.0,2025-01-13 08:05:00+00:00,"Suite 612 34553 Annabel Plaza, Lake Yolanda, NV 77318-2572",33.0,2025,1,13
78976,49280,21950,1,49.75,2025-01-02 00:08:45+00:00,Unknown,49.75,2025,1,2
84167,49525,21798,1,71.99,2024-08-02 04:29:53+00:00,Unknown,71.99,2024,8,2
82022,49467,21734,1,49.0,2024-11-19 20:57:00+00:00,Unknown,49.0,2024,11,19
80880,50862,21760,1,82.8,2024-07-23 12:00:16+00:00,"Apt. 229 442 Shemika Radial, Elidiaville, AZ 72257",82.8,2024,7,23
78879,48059,21305,4,30.0,2024-04-26 03:27:00+00:00,"527 Alton Views, Freddybury, AR 77990-3319",120.0,2024,4,26
84953,50215,21412,1,15.99,2025-02-23 07:25:29.674000+00:00,Unknown,15.99,2025,2,23
82942,49508,21953,4,45.6,2025-02-14 03:37:00+00:00,Unknown,182.4,2025,2,14
78843,48612,21471,3,25.5,2024-07-29 13:27:28+00:00,Unknown,76.5,2024,7,29
79735,50150,21735,1,28.99,2024-10-01 22:37:00+00:00,Unknown,28.99,2024,10,1
82567,48893,22018,2,66.3,2025-07-04 23:13:13+00:00,Unknown,132.6,2025,7,4
79583,48150,21673,1,39.99,2024-09-24 14:55:09+00:00,"Apt. 250 8090 Jerde Parkways, Todfort, NM 30595-0471",39.99,2024,9,24
82973,48518,21305,1,28.25,2024-09-28 13:11:44.709000+00:00,Unknown,28.25,2024,9,28
82288,48633,22003,1,56.0,2024-12-12 17:58:55+00:00,Unknown,56.0,2024,12,12
77683,49117,21574,5,47.75,2025-05-06 03:09:00+00:00,Unknown,238.75,2025,5,6
85865,49105,21358,1,14.99,2025-03-21 04:44:37+00:00,Unknown,14.99,2025,3,21
82216,48919,21953,1,41.0,2025-01-22 22:05:05+00:00,"Suite 795 306 Runolfsson Centers, Lake Gabriel, NJ 60152",41.0,2025,1,22
85270,47777,21343,1,74.5,2025-02-17 04:32:00+00:00,Unknown,74.5,2025,2,17
79192,49350,21459,1,40.75,2024-09-29 21:30:32+00:00,"Suite 655 4578 Carmine Terrace, South Franciscohaven, ME 48831-9670",40.75,2024,9,29
85856,51063,21762,1,38.4,2024-12-30 18:31:10+00:00,"72895 Barney Bridge, Lake Virgieland, OR 58233",38.4,2024,12,30
77903,50717,21490,1,73.2,2024-09-16 15:23:45+00:00,"97204 Loura Garden, New Mayaland, ID 56159",73.2,2024,9,16
83577,50749,21636,1,18.75,2025-08-01 05:49:00+00:00,"Apt. 656 213 Shane Springs, Luettgenfurt, WV 97410",18.75,2025,8,1
81714,47862,21882,1,43.2,2025-05-20 19:40:14+00:00,Unknown,43.2,2025,5,20
85840,49017,21905,1,27.25,2024-09-12 10:43:04+00:00,Unknown,27.25,2024,9,12
80925,50506,22029,1,63.75,2024-02-07 16:16:16+00:00,Unknown,63.75,2024,2,7
81418,50080,21615,1,56.39,2025-02-27 09:20:46+00:00,Unknown,56.39,2025,2,27
84115,49981,21733,1,18.5,2024-08-22 16:35:00+00:00,Unknown,18.5,2024,8,22
79546,50489,21412,1,18.0,2024-10-31 20:47:09+00:00,"Suite 374 678 Nigel Stravenue, South Alba, ME 43411",18.0,2024,10,31
83222,49577,21747,1,36.3,2024-11-26 21:52:26+00:00,Unknown,36.3,2024,11,26
81732,47900,21676,1,80.4,2024-12-12 07:47:34+00:00,"Apt. 164 90189 Nitzsche Track, Dooleystad, WV 59474-5893",80.4,2024,12,12
79541,49083,21963,4,45.0,2024-11-23 14:52:00+00:00,Unknown,180.0,2024,11,23
80349,48034,21837,1,76.5,2024-07-15 17:46:43+00:00,Unknown,76.5,2024,7,15
83378,47839,21359,1,26.4,2025-09-03 06:24:58+00:00,Unknown,26.4,2025,9,3
80074,50959,21736,1,57.59,2025-02-20 14:14:00+00:00,"958 Delsie Islands, Lake Yingbury, WI 15441",57.59,2025,2,20
80410,49705,21979,1,35.1,2024-11-22 08:37:00+00:00,"608 Mohr Spur, East Irena, OK 26374",35.1,2024,11,22
79060,50345,21883,1,33.0,2025-06-14 03:10:09+00:00,Unknown,33.0,2025,6,14
77735,50012,21946,1,56.5,2024-11-12 19:44:50+00:00,"Apt. 210 933 Schimmel Dale, Mikemouth, SC 73074-3106",56.5,2024,11,12
84807,47670,21324,1,31.75,2025-02-21 02:25:43+00:00,"764 Frami Coves, North Ezekiel, VT 93063",31.75,2025,2,21
82770,48832,21375,1,49.0,2024-12-09 10:53:00+00:00,"Apt. 355 3790 Graham Burgs, North Cedricmouth, CA 83909-7628",49.0,2024,12,9
84557,50455,21671,1,36.0,2025-07-06 16:35:16+00:00,"3267 Kuvalis Bypass, Port Lucienchester, AL 28295",36.0,2025,7,6
86265,50285,21674,1,21.0,2024-05-18 16:49:00+00:00,Unknown,21.0,2024,5,18
81673,48346,21873,1,73.25,2025-06-21 04:07:19+00:00,Unknown,73.25,2025,6,21
82332,48464,21369,1,38.25,2024-07-19 18:11:31+00:00,"85540 Zboncak Trace, Estellashire, OK 58661-0849",38.25,2024,7,19
86008,49640,21551,1,24.6,2024-07-01 08:10:00+00:00,"3389 Fisher Road, North Jesse, MN 15057-9643",24.6,2024,7,1
84772,50170,21885,3,52.5,2024-09-22 05:10:50+00:00,Unknown,157.5,2024,9,22
80371,50817,21709,1,63.0,2024-10-04 11:18:23.510000+00:00,"92690 Chris Estate, Harlanland, ND 39809",63.0,2024,10,4
79756,50489,21528,1,43.0,2025-04-29 06:07:00+00:00,Unknown,43.0,2025,4,29
83300,50424,21678,3,88.8,2024-03-08 10:29:00+00:00,Unknown,266.4,2024,3,8
83868,50016,21369,2,36.99,2024-11-09 04:42:51+00:00,Unknown,73.98,2024,11,9
80145,48366,21908,1,19.99,2024-12-18 05:36:00+00:00,Unknown,19.99,2024,12,18
82670,47836,21485,1,49.5,2025-07-04 06:09:12+00:00,Unknown,49.5,2025,7,4
82351,48298,21357,1,25.0,2024-09-05 14:39:56+00:00,Unknown,25.0,2024,9,5
79601,50576,21318,1,28.0,2025-04-13 05:03:53+00:00,Unknown,28.0,2025,4,13
85384,47729,21448,1,25.8,2025-07-06 12:02:36+00:00,"Apt. 423 125 Alfredia Corner, East Stefany, ID 30673-7576",25.8,2025,7,6
85115,50228,21347,1,34.0,2024-07-27 22:05:43+00:00,"Suite 645 49914 Kovacek Station, Lake Katherinaside, AZ 67340-9045",34.0,2024,7,27
81336,50063,22009,1,25.5,2025-01-21 02:48:00+00:00,Unknown,25.5,2025,1,21
82909,49565,21575,1,72.5,2024-11-29 01:47:50+00:00,Unknown,72.5,2024,11,29
81944,50836,21497,2,67.5,2024-07-18 11:30:11+00:00,Unknown,135.0,2024,7,18
79174,50887,21348,2,20.99,2024-08-07 03:08:33+00:00,Unknown,41.98,2024,8,7
81773,48689,22054,1,80.4,2025-01-19 04:49:09+00:00,Unknown,80.4,2025,1,19
80848,50795,21986,1,54.75,2024-07-22 22:19:48+00:00,Unknown,54.75,2024,7,22
79621,47899,21423,2,49.8,2024-10-11 19:59:00+00:00,Unknown,99.6,2024,10,11
80644,47717,21530,1,62.1,2025-01-11 04:06:15+00:00,Unknown,62.1,2025,1,11
78300,47748,21470,1,23.99,2025-05-21 14:37:00+00:00,Unknown,23.99,2025,5,21
80118,48137,21992,1,39.0,2025-01-10 10:08:00+00:00,"14816 Francisco Groves, Ingaside, ME 17110-5911",39.0,2025,1,10
84416,48313,21495,1,61.8,2025-02-09 15:03:59+00:00,Unknown,61.8,2025,2,9
78451,48426,22055,3,51.5,2024-09-08 08:19:47+00:00,Unknown,154.5,2024,9,8
78222,47742,21487,1,42.5,2024-07-10 01:17:00+00:00,Unknown,42.5,2024,7,10
85523,47963,21763,1,39.99,2025-02-23 12:35:26+00:00,"1522 Rogahn Passage, Lake Letitiaside, MS 83158-2903",39.99,2025,2,23
84173,48502,22007,1,43.0,2025-04-26 00:22:36+00:00,Unknown,43.0,2025,4,26
80348,49140,21307,2,25.99,2024-04-18 10:50:23+00:00,"71661 Olson Street, Lesliefort, OK 29734",51.98,2024,4,18
84325,50221,21646,1,87.6,2024-05-27 21:46:32+00:00,Unknown,87.6,2024,5,27
82061,47986,21551,2,19.99,2025-05-21 14:48:15+00:00,"188 Chad Shores, Sidneyberg, OH 74992",39.98,2025,5,21
81965,49206,21919,5,66.6,2025-04-26 11:46:00+00:00,Unknown,333.0,2025,4,26
82407,47924,21941,1,53.99,2024-12-09 20:26:41+00:00,"Suite 807 5324 Benito Highway, Vandervortberg, WI 85664",53.99,2024,12,9
80927,47763,22051,1,30.5,2025-04-23 18:01:53+00:00,Unknown,30.5,2025,4,23
79851,48805,21673,1,51.6,2025-01-31 08:18:28+00:00,"18174 Roman Drive, North Normanmouth, RI 24537",51.6,2025,1,31
78200,50855,21812,1,48.5,2025-03-02 09:25:00+00:00,Unknown,48.5,2025,3,2
79228,48987,22016,1,50.0,2024-07-21 23:46:06+00:00,Unknown,50.0,2024,7,21
78138,47887,21804,3,61.19,2025-02-03 03:50:00+00:00,Unknown,183.57,2025,2,3
79084,48924,21626,1,43.8,2024-11-20 23:04:36+00:00,Unknown,43.8,2024,11,20
80991,48197,21874,1,80.7,2024-11-02 18:23:20+00:00,"419 Kemmer Passage, North Sherwoodburgh, FL 31179-5008",80.7,2024,11,2
83919,48742,21593,1,19.5,2025-02-07 11:07:33.349000+00:00,Unknown,19.5,2025,2,7
84302,48222,22033,1,49.99,2025-04-22 13:46:00+00:00,"1459 Luettgen Land, East Rory, SC 26260-1074",49.99,2025,4,22
78875,49607,21910,1,44.4,2025-04-24 11:21:30+00:00,Unknown,44.4,2025,4,24
81256,50044,21569,4,53.4,2024-12-16 00:02:21+00:00,Unknown,213.6,2024,12,16
83087,48721,21886,1,56.4,2024-11-18 02:33:35+00:00,Unknown,56.4,2024,11,18
83026,49616,21332,1,14.0,2024-04-28 21:42:00+00:00,Unknown,14.0,2024,4,28
85157,49769,21355,3,56.0,2025-05-07 22:50:14+00:00,"6065 Bergstrom Brook, New Shayne, DE 20715",168.0,2025,5,7
80807,48952,21776,2,76.99,2024-04-03 11:52:33+00:00,Unknown,153.98,2024,4,3
81699,50500,21466,1,42.3,2024-08-21 21:00:00+00:00,Unknown,42.3,2024,8,21
85392,47823,21309,1,29.0,2025-02-02 05:02:31+00:00,"122 Asha Mill, Leonardoburgh, CA 26185",29.0,2025,2,2
85482,47672,21523,1,17.75,2025-06-06 04:13:03+00:00,"Apt. 164 69491 Bessie Rue, Mosciskiton, UT 48581-7874",17.75,2025,6,6
84374,50034,21461,1,74.5,2024-05-26 20:50:29+00:00,Unknown,74.5,2024,5,26
79009,49120,21965,1,70.79,2024-07-02 07:51:29+00:00,Unknown,70.79,2024,7,2
81660,48479,21370,2,59.0,2024-12-27 14:26:40+00:00,Unknown,118.0,2024,12,27
79920,49832,21894,1,50.75,2025-04-17 09:09:00+00:00,Unknown,50.75,2025,4,17
78548,48676,21880,1,43.8,2025-02-02 05:04:00+00:00,Unknown,43.8,2025,2,2
86063,49286,21583,1,57.25,2024-09-20 03:08:28+00:00,Unknown,57.25,2024,9,20
86304,49084,21675,2,21.3,2024-11-10 11:33:00+00:00,"Suite 392 4450 Lamar Orchard, Tanaville, CT 02129",42.6,2024,11,10
78805,49518,21467,4,46.5,2024-11-10 12:18:12+00:00,Unknown,186.0,2024,11,10
83093,50892,21350,1,35.0,2025-01-13 05:53:00+00:00,"Apt. 695 6547 Emmerich Way, North Jeff, AL 83519",35.0,2025,1,13
78975,48909,21849,1,35.0,2025-04-23 21:40:39+00:00,Unknown,35.0,2025,4,23
82034,49526,21794,1,32.5,2024-10-03 03:30:00+00:00,"Suite 720 48031 Emma Mountain, West Lavern, MD 64705-2072",32.5,2024,10,3
82501,50473,21934,1,43.0,2025-07-11 10:26:02+00:00,Unknown,43.0,2025,7,11
79264,48011,21634,1,86.4,2024-09-06 03:14:00+00:00,Unknown,86.4,2024,9,6
81710,50853,21428,2,75.0,2024-06-23 05:51:40+00:00,Unknown,150.0,2024,6,23
85012,50115,21891,3,80.1,2024-11-13 02:49:00+00:00,"38954 Dalia Landing, West Kathrinville, OR 17321-6796",240.3,2024,11,13
83135,48373,21407,1,73.2,2024-11-03 22:09:43+00:00,Unknown,73.2,2024,11,3
86319,50412,21859,2,91.19,2024-11-18 17:40:43+00:00,Unknown,182.38,2024,11,18
78771,49409,21862,1,58.75,2025-03-27 19:20:00+00:00,Unknown,58.75,2025,3,27
81284,51067,21805,4,47.0,2025-02-27 21:22:43+00:00,Unknown,188.0,2025,2,27
78662,49767,21829,2,86.4,2025-02-03 10:44:18+00:00,Unknown,172.8,2025,2,3
83003,48419,21966,1,25.5,2025-02-06 13:57:47+00:00,"Apt. 218 9341 Sheldon Turnpike, West Cyrstalland, NJ 14546-7305",25.5,2025,2,6
77889,50108,21849,1,36.75,2024-12-21 16:22:27.509000+00:00,Unknown,36.75,2024,12,21
84994,51066,21366,1,37.8,2025-02-02 13:41:16+00:00,"Apt. 247 690 Nicolas Harbor, Olenburgh, RI 99063",37.8,2025,2,2
86335,50921,22024,1,71.99,2024-11-12 01:34:47+00:00,Unknown,71.99,2024,11,12
85853,49953,21895,1,16.75,2024-10-02 13:56:24+00:00,Unknown,16.75,2024,10,2
78928,48851,22022,2,53.99,2025-08-19 14:27:36+00:00,Unknown,107.98,2025,8,19
86049,49685,21371,2,54.0,2024-12-09 13:23:59+00:00,Unknown,108.0,2024,12,9
80914,47691,21370,1,74.7,2024-08-12 09:44:00+00:00,"2978 Arlinda Trail, East Mervinchester, NC 76862",74.7,2024,8,12
79783,50961,21330,1,54.3,2024-07-06 12:02:40+00:00,Unknown,54.3,2024,7,6
80444,49667,21944,2,39.0,2024-11-21 00:47:41.088000+00:00,Unknown,78.0,2024,11,21
80083,50213,21489,1,21.5,2024-04-11 22:02:04+00:00,Unknown,21.5,2024,4,11
83091,47756,21405,2,19.5,2024-12-13 16:52:00+00:00,Unknown,39.0,2024,12,13
84532,49943,21729,4,55.19,2025-01-28 23:40:33+00:00,Unknown,220.76,2025,1,28
82917,49261,21580,2,65.99,2025-10-26 12:45:00+00:00,"4164 Sydney Circles, Port Colebury, KY 99191",131.98,2025,10,26
80688,48355,21636,1,17.0,2024-06-27 02:43:00+00:00,"Apt. 210 158 Feest Grove, West Magaly, GA 13144-5986",17.0,2024,6,27
78262,48930,21604,2,84.3,2024-12-30 09:57:00+00:00,Unknown,168.6,2024,12,30
85207,47999,21689,1,22.5,2024-02-15 17:11:13+00:00,Unknown,22.5,2024,2,15
80597,51125,21756,1,26.75,2024-09-20 09:35:00+00:00,Unknown,26.75,2024,9,20
78770,48762,21904,1,54.6,2024-03-28 01:13:00+00:00,Unknown,54.6,2024,3,28
80333,48731,21512,2,85.2,2025-01-03 14:55:36+00:00,Unknown,170.4,2025,1,3
84184,49029,21404,1,23.99,2025-01-13 19:24:00+00:00,"1875 Jacobs Trafficway, Lake Tristan, NC 43292-6085",23.99,2025,1,13
82380,48145,21684,2,68.4,2024-05-24 03:57:00+00:00,Unknown,136.8,2024,5,24
82870,50789,22029,1,64.75,2025-03-19 14:26:28+00:00,Unknown,64.75,2025,3,19
77586,49478,21919,1,70.8,2024-08-23 08:17:05+00:00,Unknown,70.8,2024,8,23
84481,48381,21510,1,22.75,2024-12-17 16:01:00+00:00,Unknown,22.75,2024,12,17
83896,49715,21432,3,37.0,2024-08-28 23:51:00+00:00,Unknown,111.0,2024,8,28
84886,47797,21600,1,23.0,2024-04-26 18:41:00.319000+00:00,Unknown,23.0,2024,4,26
80700,48526,21463,1,38.7,2024-05-17 22:35:52+00:00,Unknown,38.7,2024,5,17
81139,50985,21575,4,71.0,2024-06-15 09:19:10+00:00,Unknown,284.0,2024,6,15
83459,48812,21876,1,36.0,2024-10-17 00:45:16+00:00,Unknown,36.0,2024,10,17
82759,50878,21893,1,71.99,2025-01-23 18:50:12+00:00,Unknown,71.99,2025,1,23
85183,50671,21839,2,69.99,2024-06-11 08:47:01+00:00,Unknown,139.98,2024,6,11
82472,50951,21417,1,78.9,2025-10-06 00:46:58+00:00,"Apt. 621 4710 Particia Curve, Lake Shantel, DE 45333-2637",78.9,2025,10,6
78960,50457,21351,1,42.9,2025-02-26 12:53:48+00:00,"239 Bayer Manors, Geneviveview, OK 79130-6291",42.9,2025,2,26
83023,48876,21445,1,17.7,2024-10-08 01:47:51+00:00,Unknown,17.7,2024,10,8
78740,47940,21828,1,20.0,2025-08-13 23:26:07+00:00,Unknown,20.0,2025,8,13
79467,47909,21713,2,52.2,2024-10-03 01:34:00+00:00,"Suite 589 48300 Runolfsdottir Village, Yundtborough, IL 46948",104.4,2024,10,3
78221,47974,21853,1,65.1,2024-09-22 11:59:16+00:00,"2372 Otha Way, Stehrfurt, IL 18076-4050",65.1,2024,9,22
86171,50909,21916,1,23.4,2024-10-15 17:22:36+00:00,"Suite 182 850 Doloris Tunnel, East Antonette, CA 17073-2955",23.4,2024,10,15
83965,50623,21516,2,54.99,2025-02-21 17:45:27+00:00,Unknown,109.98,2025,2,21
79685,49517,21305,2,28.0,2024-10-16 10:59:52+00:00,Unknown,56.0,2024,10,16
79339,51126,21880,5,40.99,2025-02-17 12:46:51+00:00,Unknown,204.95,2025,2,17
82423,50890,22031,3,30.0,2024-12-28 23:41:41+00:00,"156 Hegmann Gardens, North Tyrone, MS 08149-5777",90.0,2024,12,28
84150,49683,21475,1,30.3,2024-07-01 19:40:57+00:00,"94357 Nga Isle, South Isaias, PA 85722-2984",30.3,2024,7,1
78259,48598,21729,1,51.0,2024-06-02 11:07:06+00:00,Unknown,51.0,2024,6,2
86132,48573,21915,2,37.5,2024-09-26 19:41:17+00:00,Unknown,75.0,2024,9,26
83131,50040,21691,1,14.5,2024-04-02 08:18:33.895000+00:00,Unknown,14.5,2024,4,2
85456,48987,22050,1,82.5,2025-03-04 15:31:10+00:00,Unknown,82.5,2025,3,4
80455,50290,21666,1,76.8,2024-09-04 13:30:00+00:00,Unknown,76.8,2024,9,4
83934,49211,21912,1,66.99,2024-04-14 12:35:39+00:00,Unknown,66.99,2024,4,14
78409,50817,21357,1,28.8,2024-10-17 23:06:00+00:00,"92690 Chris Estate, Harlanland, ND 39809",28.8,2024,10,17
85181,50522,21951,1,33.99,2025-01-24 17:09:00+00:00,Unknown,33.99,2025,1,24
81777,50890,21695,2,72.25,2024-06-12 01:34:02.651000+00:00,"156 Hegmann Gardens, North Tyrone, MS 08149-5777",144.5,2024,6,12
84331,49844,21344,1,59.1,2025-02-12 08:06:04+00:00,Unknown,59.1,2025,2,12
79322,49361,21844,3,43.2,2024-10-26 06:48:00+00:00,Unknown,129.6,2024,10,26
82295,48864,21547,1,54.25,2024-11-08 23:03:00+00:00,Unknown,54.25,2024,11,8
80808,50860,21329,1,54.3,2024-11-29 08:54:48+00:00,Unknown,54.3,2024,11,29
85053,48560,21531,1,16.0,2025-01-12 17:28:00+00:00,Unknown,16.0,2025,1,12
83872,50564,21323,1,43.5,2024-11-06 19:47:25+00:00,Unknown,43.5,2024,11,6
78328,51029,21621,1,71.75,2025-02-03 03:00:17+00:00,Unknown,71.75,2025,2,3
78618,49604,21377,1,57.0,2024-08-16 17:32:05+00:00,Unknown,57.0,2024,8,16
86056,49958,22007,1,45.0,2024-09-22 10:35:00+00:00,Unknown,45.0,2024,9,22
78403,48591,21673,2,44.99,2025-08-27 05:10:00+00:00,Unknown,89.98,2025,8,27
86145,50253,21955,3,55.0,2024-11-06 11:33:00+00:00,Unknown,165.0,2024,11,6
81974,49205,22023,1,14.0,2024-12-22 16:54:35+00:00,"Suite 925 6151 Agustin Trail, North Lottiehaven, UT 60979",14.0,2024,12,22
82409,48823,21611,3,60.0,2024-12-22 17:23:34+00:00,"Suite 842 814 Erasmo Skyway, North Seematon, CA 11454-8668",180.0,2024,12,22
79963,49481,21330,5,49.75,2025-07-17 17:52:30+00:00,Unknown,248.75,2025,7,17
86480,50318,21600,1,27.0,2024-10-30 21:51:00+00:00,Unknown,27.0,2024,10,30
86366,50212,21667,1,60.99,2024-12-26 22:59:35+00:00,"Suite 356 84400 Kuphal Estates, South Sandimouth, NM 61206-0069",60.99,2024,12,26
79315,50454,21762,1,35.1,2024-10-14 04:18:47+00:00,Unknown,35.1,2024,10,14
83189,50422,21371,1,65.1,2025-08-06 01:46:00+00:00,Unknown,65.1,2025,8,6
83790,48486,21345,1,72.0,2024-09-07 11:34:47+00:00,Unknown,72.0,2024,9,7
84685,49645,22018,4,55.0,2024-09-09 11:46:38+00:00,"Suite 686 893 Hui Crest, South Geoffrey, CT 50829-8662",220.0,2024,9,9
85224,49462,21317,1,59.0,2024-12-22 08:47:21.677000+00:00,"Suite 905 536 Kub Plaza, Lake Isaura, NJ 39667-9285",59.0,2024,12,22
85236,50016,21926,1,43.75,2024-12-14 16:58:07+00:00,Unknown,43.75,2024,12,14
78150,50509,21451,1,90.9,2025-04-15 02:53:56+00:00,Unknown,90.9,2025,4,15
82972,48848,21883,1,32.5,2025-05-15 01:25:11+00:00,"Apt. 531 6169 Brandee Locks, Brakusfort, KY 37295-5476",32.5,2025,5,15
78575,50979,21841,2,56.5,2025-05-13 06:59:25+00:00,Unknown,113.0,2025,5,13
80049,48551,21503,3,24.0,2024-03-28 14:45:32+00:00,"Suite 796 119 Rogahn Ferry, West Sorayatown, KY 93551-9741",72.0,2024,3,28
85141,50024,21765,1,31.5,2025-04-15 16:00:00+00:00,Unknown,31.5,2025,4,15
80275,51054,21488,5,70.25,2024-09-15 03:12:14+00:00,Unknown,351.25,2024,9,15
84319,49665,21340,1,49.5,2024-01-16 22:35:24+00:00,Unknown,49.5,2024,1,16
83324,49705,21602,1,72.9,2025-08-13 10:25:00+00:00,Unknown,72.9,2025,8,13
85275,50241,21588,3,64.25,2024-03-02 15:45:44+00:00,Unknown,192.75,2024,3,2
78199,48215,21521,1,52.99,2024-12-02 13:26:25+00:00,Unknown,52.99,2024,12,2
77772,49569,21525,1,32.0,2024-12-03 10:56:00+00:00,Unknown,32.0,2024,12,3
86039,48831,21785,1,61.0,2024-12-14 00:52:34+00:00,"76675 Edmond Heights, South Reubenhaven, VA 42767",61.0,2024,12,14
77589,48643,21583,1,69.59,2025-03-16 22:39:56+00:00,Unknown,69.59,2025,3,16
85024,50875,21934,1,44.5,2024-05-23 00:13:35+00:00,Unknown,44.5,2024,5,23
79190,47876,21834,3,27.5,2025-03-14 01:22:03.868000+00:00,Unknown,82.5,2025,3,14
80750,47797,21977,1,23.25,2024-09-14 12:53:59+00:00,Unknown,23.25,2024,9,14
82741,49786,21309,1,27.5,2024-12-11 20:58:52+00:00,"2466 Langosh Forges, Port Abbeyton, WA 98102-0777",27.5,2024,12,11
86057,48663,21853,1,65.1,2024-12-04 03:12:00+00:00,"7808 Marcela Stream, Nitzschechester, SD 10189-4272",65.1,2024,12,4
84276,49440,21471,2,22.0,2024-10-30 06:33:36+00:00,Unknown,44.0,2024,10,30
78161,47779,21722,1,33.5,2025-04-02 05:26:17+00:00,Unknown,33.5,2025,4,2
83658,49121,21783,3,76.8,2025-04-24 16:17:00+00:00,Unknown,230.4,2025,4,24
84353,50203,21480,2,51.0,2024-10-30 21:02:00+00:00,Unknown,102.0,2024,10,30
85686,48772,21346,2,42.5,2024-12-15 04:41:24+00:00,Unknown,85.0,2024,12,15
78787,47666,21405,2,23.7,2025-04-02 07:04:43+00:00,"Apt. 658 765 Cherelle Highway, Gutmannshire, NC 87753-0780",47.4,2025,4,2
80080,49738,21822,1,37.19,2025-01-01 21:57:00+00:00,Unknown,37.19,2025,1,1
83822,49816,22022,1,55.0,2025-02-04 10:54:08+00:00,Unknown,55.0,2025,2,4
82065,48722,21481,1,21.6,2024-11-13 04:17:19+00:00,Unknown,21.6,2024,11,13
80879,49155,21744,1,51.75,2025-09-09 15:22:36+00:00,Unknown,51.75,2025,9,9
78973,49981,21994,1,34.5,2024-10-24 14:48:59+00:00,Unknown,34.5,2024,10,24
84358,49214,21383,1,47.0,2024-10-18 05:11:11+00:00,"2821 Santos Hills, Edisonview, MO 11225",47.0,2024,10,18
85588,49388,21808,1,57.25,2025-06-12 19:35:05+00:00,"902 Oberbrunner Groves, Homenickhaven, NY 03052-4520",57.25,2025,6,12
83793,49844,21299,1,66.75,2025-04-11 12:06:48+00:00,Unknown,66.75,2025,4,11
85641,50373,21770,2,17.0,2024-07-29 06:18:29.263000+00:00,Unknown,34.0,2024,7,29
85082,49134,22041,1,49.2,2024-12-24 08:06:00+00:00,Unknown,49.2,2024,12,24
77732,48366,21560,2,18.75,2025-04-25 07:09:57+00:00,Unknown,37.5,2025,4,25
78675,50436,21734,1,52.0,2025-03-19 11:44:33+00:00,"970 Tristan Motorway, Sidneybury, LA 76853",52.0,2025,3,19
80639,49256,21391,1,62.99,2024-12-29 04:24:00+00:00,Unknown,62.99,2024,12,29
77594,50702,21904,1,40.5,2025-02-27 09:23:00+00:00,Unknown,40.5,2025,2,27
81497,50792,22032,1,35.99,2025-04-11 09:14:12+00:00,Unknown,35.99,2025,4,11
83519,50131,21443,1,22.0,2024-05-23 23:58:00+00:00,"Suite 160 1378 Leida Corners, Lake Darren, OR 50412",22.0,2024,5,23
80647,48502,21533,2,52.5,2025-07-10 04:33:18+00:00,Unknown,105.0,2025,7,10
77741,48478,21916,2,23.99,2024-07-22 12:36:28.092000+00:00,Unknown,47.98,2024,7,22
78954,49489,21582,1,65.5,2025-10-17 13:00:00+00:00,Unknown,65.5,2025,10,17
85927,50388,21492,2,33.0,2025-05-26 12:59:57+00:00,Unknown,66.0,2025,5,26
82177,49595,21425,1,37.0,2024-07-20 08:25:00+00:00,Unknown,37.0,2024,7,20
78224,49488,22041,5,51.3,2024-11-14 22:45:00+00:00,"94476 Roger Crossroad, Lake Leon, LA 75857",256.5,2024,11,14
81563,48007,21340,1,59.7,2024-08-03 11:27:09+00:00,Unknown,59.7,2024,8,3
78060,48959,21879,1,66.9,2024-08-29 02:17:17+00:00,Unknown,66.9,2024,8,29
84243,51091,21372,1,40.5,2024-12-06 10:01:18+00:00,"Apt. 599 853 Renita Skyway, South Dominic, CO 88607",40.5,2024,12,6
82386,49026,21385,1,29.99,2025-02-07 15:45:52+00:00,Unknown,29.99,2025,2,7
83613,48093,22017,1,28.0,2025-02-11 09:12:41+00:00,Unknown,28.0,2025,2,11
80812,49919,21396,1,51.0,2025-02-12 01:44:13+00:00,Unknown,51.0,2025,2,12
78212,50285,21902,1,19.99,2024-11-16 06:43:37+00:00,Unknown,19.99,2024,11,16
83227,47875,22030,2,15.0,2024-11-23 08:44:44+00:00,"2970 Leonardo Prairie, Walshville, MI 69684",30.0,2024,11,23
79372,48875,21506,2,25.0,2024-05-14 05:09:00+00:00,Unknown,50.0,2024,5,14
82540,49182,21665,1,71.0,2025-04-11 23:21:19+00:00,Unknown,71.0,2025,4,11
82055,50943,21825,1,37.0,2025-07-21 09:17:40+00:00,Unknown,37.0,2025,7,21
81615,47937,21488,1,70.0,2025-04-23 11:58:39+00:00,Unknown,70.0,2025,4,23
82169,50854,21951,3,31.0,2024-08-23 07:29:46+00:00,Unknown,93.0,2024,8,23
84333,47967,21584,1,40.99,2024-07-27 09:10:04+00:00,Unknown,40.99,2024,7,27
83476,49431,21328,1,58.0,2024-12-02 12:49:00+00:00,Unknown,58.0,2024,12,2
80158,50071,21782,1,68.1,2024-06-23 14:38:15+00:00,Unknown,68.1,2024,6,23
79180,50907,21746,2,21.25,2024-08-15 11:12:27+00:00,Unknown,42.5,2024,8,15
79086,49099,21529,1,18.5,2025-07-02 16:56:22+00:00,Unknown,18.5,2025,7,2
83651,50542,22005,1,42.0,2025-03-27 01:30:00+00:00,Unknown,42.0,2025,3,27
85936,48882,21767,1,37.8,2024-07-03 02:59:00+00:00,"571 Estela Row, Reubenfurt, OR 73300-9904",37.8,2024,7,3
80283,50474,21570,1,37.8,2024-06-29 05:38:32+00:00,Unknown,37.8,2024,6,29
81845,49166,21783,4,63.0,2024-11-07 13:13:25+00:00,Unknown,252.0,2024,11,7
80513,48753,21324,1,32.0,2025-02-23 07:42:07+00:00,Unknown,32.0,2025,2,23
81216,50988,21325,5,53.25,2025-01-29 23:31:00+00:00,Unknown,266.25,2025,1,29
79983,49644,21551,5,20.25,2024-06-02 05:28:00+00:00,Unknown,101.25,2024,6,2
79306,49426,21654,1,54.6,2025-03-02 04:41:33+00:00,Unknown,54.6,2025,3,2
78984,50384,21492,1,28.8,2024-12-07 21:08:44.651000+00:00,Unknown,28.8,2024,12,7
79297,49565,21417,1,76.8,2025-01-09 15:55:00+00:00,"226 Gibson Rest, Leotafort, MD 42872-1487",76.8,2025,1,9
80962,50641,21437,1,55.0,2024-12-27 08:27:44+00:00,"Suite 621 2083 Georgette Skyway, East Weldon, AZ 85403-0041",55.0,2024,12,27
82603,49466,22007,1,42.99,2024-11-05 08:25:00+00:00,"41705 Dudley Plain, Ginetteberg, MA 34655-7065",42.99,2024,11,5
80760,48959,21706,4,22.5,2025-02-22 10:42:41+00:00,Unknown,90.0,2025,2,22
78718,50497,21611,1,49.5,2025-07-13 20:23:26+00:00,Unknown,49.5,2025,7,13
78838,47968,22038,2,42.0,2024-10-29 07:48:07.500000+00:00,Unknown,84.0,2024,10,29
86381,48609,21808,1,54.0,2024-11-25 18:54:42+00:00,Unknown,54.0,2024,11,25
77830,48497,21332,2,12.99,2025-03-03 08:20:53+00:00,Unknown,25.98,2025,3,3
80527,50512,21780,2,14.99,2024-09-19 22:19:22+00:00,Unknown,29.98,2024,9,19
85476,48535,21484,1,14.0,2024-11-20 06:21:13+00:00,Unknown,14.0,2024,11,20
80267,49198,21856,1,38.99,2024-07-23 21:50:33.229000+00:00,Unknown,38.99,2024,7,23
82756,47781,21569,1,50.39,2025-07-28 13:52:00+00:00,Unknown,50.39,2025,7,28
85887,48382,21376,1,52.0,2025-03-03 08:00:00+00:00,Unknown,52.0,2025,3,3
79597,48683,21894,1,56.7,2024-06-24 18:04:17+00:00,Unknown,56.7,2024,6,24
81406,50318,21330,1,54.3,2024-04-10 01:58:58+00:00,Unknown,54.3,2024,4,10
84864,48614,21918,1,75.0,2024-10-17 01:22:40+00:00,Unknown,75.0,2024,10,17
83847,49227,21724,2,17.5,2024-10-18 05:06:00+00:00,Unknown,35.0,2024,10,18
86423,49164,21487,2,48.0,2025-01-14 04:24:29+00:00,"Apt. 297 59771 Johnston Points, South Alberg, ND 02573",96.0,2025,1,14
84429,51087,21560,1,18.0,2025-01-05 18:00:54+00:00,Unknown,18.0,2025,1,5
77861,48828,21985,1,21.25,2025-09-20 22:30:02+00:00,Unknown,21.25,2025,9,20
80733,49369,21713,2,47.0,2025-01-02 14:17:11+00:00,Unknown,94.0,2025,1,2
83843,48644,21811,1,34.99,2024-11-07 19:23:34+00:00,Unknown,34.99,2024,11,7
81007,49628,21696,1,42.75,2024-06-27 01:18:10+00:00,"Suite 145 168 Weissnat Trail, Port Greta, AZ 37876-3552",42.75,2024,6,27
85358,49527,21756,3,25.0,2024-07-09 03:27:38+00:00,Unknown,75.0,2024,7,9
79154,48119,21515,2,58.2,2025-02-11 20:58:17+00:00,Unknown,116.4,2025,2,11
82975,48849,21696,2,42.0,2025-03-15 11:11:20+00:00,Unknown,84.0,2025,3,15
78490,50520,21710,1,70.25,2025-02-15 20:10:48+00:00,"Suite 163 8484 Shelley Rest, West Josetown, KY 43505-2723",70.25,2025,2,15
84773,49363,21396,1,64.8,2025-01-23 02:38:54+00:00,Unknown,64.8,2025,1,23
83981,51088,21905,2,30.5,2024-10-31 13:19:23+00:00,Unknown,61.0,2024,10,31
83545,49004,21444,1,17.5,2024-07-17 11:59:24+00:00,Unknown,17.5,2024,7,17
78430,50084,21437,1,57.0,2024-08-21 18:53:25+00:00,Unknown,57.0,2024,8,21
81265,49985,21866,1,37.99,2025-04-22 02:42:00+00:00,"2760 Clarissa Pike, Friesenside, DE 88444-4014",37.99,2025,4,22
83357,48459,21853,2,64.2,2025-01-25 16:40:00+00:00,"Suite 761 4491 Rigoberto Lane, McLaughlinshire, ME 85605",128.4,2025,1,25
80105,47992,21811,5,38.1,2024-07-06 10:59:00+00:00,Unknown,190.5,2024,7,6
83202,50882,21472,3,31.0,2025-04-26 12:44:22+00:00,Unknown,93.0,2025,4,26
85480,50729,21928,2,17.99,2024-09-17 13:21:05+00:00,"Suite 316 98213 Elwanda Coves, East Tonaborough, OH 81151",35.98,2024,9,17
78357,48515,21767,1,34.75,2024-06-07 07:14:01+00:00,Unknown,34.75,2024,6,7
84712,49111,21365,1,36.3,2024-10-16 18:20:00+00:00,Unknown,36.3,2024,10,16
78401,48366,21497,4,66.75,2025-03-17 23:00:00+00:00,Unknown,267.0,2025,3,17
81346,49437,21622,5,43.99,2024-05-05 11:55:47+00:00,Unknown,219.95,2024,5,5
85059,48969,21504,1,71.4,2024-11-08 04:16:28+00:00,Unknown,71.4,2024,11,8
80806,49499,21572,2,62.39,2025-02-06 02:59:00+00:00,Unknown,124.78,2025,2,6
81430,50717,21551,1,21.0,2024-07-04 12:39:09+00:00,"97204 Loura Garden, New Mayaland, ID 56159",21.0,2024,7,4
81240,48819,21311,1,19.5,2025-03-12 15:00:48+00:00,Unknown,19.5,2025,3,12
85841,50214,21534,1,22.8,2024-09-14 06:29:25+00:00,Unknown,22.8,2024,9,14
80640,48772,22004,1,85.8,2024-09-17 21:07:12.884000+00:00,Unknown,85.8,2024,9,17
83860,50526,21413,5,39.0,2024-09-14 21:02:57+00:00,Unknown,195.0,2024,9,14
79456,50571,21296,1,51.99,2025-03-24 23:03:03+00:00,Unknown,51.99,2025,3,24
85883,49721,22051,1,33.75,2025-01-09 04:25:33+00:00,Unknown,33.75,2025,1,9
79057,50598,21972,1,15.99,2025-02-06 11:40:00+00:00,Unknown,15.99,2025,2,6
80013,50550,21333,1,71.0,2024-10-13 23:07:59+00:00,"2548 Bode Ford, South Deon, OR 27021-2484",71.0,2024,10,13
81220,50817,21688,1,23.1,2024-11-18 06:36:01+00:00,"92690 Chris Estate, Harlanland, ND 39809",23.1,2024,11,18
79438,47998,21797,2,17.5,2024-11-24 11:07:00+00:00,Unknown,35.0,2024,11,24
82950,50908,21732,2,61.25,2025-01-24 03:22:39+00:00,Unknown,122.5,2025,1,24
79511,48765,21341,1,21.75,2024-03-14 00:43:47+00:00,Unknown,21.75,2024,3,14
81190,48057,21647,1,52.8,2024-07-29 00:11:53+00:00,Unknown,52.8,2024,7,29
78125,48833,21879,1,67.2,2025-04-04 21:07:39+00:00,Unknown,67.2,2025,4,4
82698,47904,21900,1,72.0,2024-11-28 09:37:43+00:00,"48715 Cummings Wall, Goyettestad, CA 90538-8011",72.0,2024,11,28
83497,48689,21636,4,18.0,2024-12-02 16:56:06+00:00,Unknown,72.0,2024,12,2
85877,49289,21573,1,29.0,2024-09-26 17:24:04+00:00,"4713 Hilpert Glen, East Carlhaven, MA 87186",29.0,2024,9,26
82008,49479,21376,2,54.75,2025-02-04 20:36:00+00:00,"340 Kilback Meadow, Murphyburgh, OR 67388-4077",109.5,2025,2,4
78901,48418,21367,1,39.59,2025-04-22 17:04:49+00:00,Unknown,39.59,2025,4,22
80035,50939,21455,2,52.5,2024-08-07 14:20:00+00:00,Unknown,105.0,2024,8,7
78110,48632,21749,1,71.0,2024-10-03 13:12:15+00:00,Unknown,71.0,2024,10,3
81229,51059,21959,1,70.75,2025-02-14 05:33:00+00:00,"Suite 881 53907 Hessel Shore, Antonport, LA 51495",70.75,2025,2,14
78745,48577,21944,2,45.6,2025-02-12 16:48:00+00:00,Unknown,91.2,2025,2,12
81116,50476,21509,1,39.0,2025-01-29 21:52:36+00:00,Unknown,39.0,2025,1,29
84234,50120,21587,1,73.0,2025-04-21 11:33:24+00:00,Unknown,73.0,2025,4,21
78265,48853,21323,3,54.3,2025-07-01 05:48:28+00:00,Unknown,162.9,2025,7,1
80505,50433,22033,2,48.5,2024-12-17 21:16:00+00:00,Unknown,97.0,2024,12,17
80253,48017,21646,1,74.0,2025-07-21 16:17:45.630000+00:00,Unknown,74.0,2025,7,21
82091,48617,21553,1,42.0,2024-06-19 01:37:00+00:00,Unknown,42.0,2024,6,19
81479,50961,21675,1,15.5,2025-03-22 13:44:00+00:00,"Suite 360 920 Rowe Brook, South Patty, KY 18180",15.5,2025,3,22
84197,49993,21361,1,64.5,2024-12-30 15:21:39+00:00,Unknown,64.5,2024,12,30
78185,50399,21453,1,54.0,2024-04-25 19:02:32+00:00,Unknown,54.0,2024,4,25
80177,48712,21479,1,60.5,2024-10-13 06:46:53+00:00,Unknown,60.5,2024,10,13
85539,49971,21398,1,34.75,2024-10-24 10:24:00+00:00,Unknown,34.75,2024,10,24
82361,50269,21969,1,56.99,2025-06-01 22:42:30+00:00,"Apt. 575 65174 Randa Oval, South Tuanburgh, MT 45671",56.99,2025,6,1
84854,49803,22042,1,51.0,2025-04-30 02:51:00+00:00,Unknown,51.0,2025,4,30
83029,47717,21460,1,63.25,2025-07-22 02:51:51+00:00,"Apt. 395 8118 Weimann Radial, Hauckmouth, TX 96209-5581",63.25,2025,7,22
78273,47725,21481,1,17.5,2024-08-10 11:33:15+00:00,Unknown,17.5,2024,8,10
86485,49162,21556,4,47.0,2024-11-28 04:22:57+00:00,Unknown,188.0,2024,11,28
78385,47932,21762,1,28.5,2024-10-07 19:06:33+00:00,"Apt. 842 5251 Dennis Hollow, South Carey, KY 16680-0307",28.5,2024,10,7
78498,48519,21566,1,24.5,2024-12-18 21:49:48+00:00,Unknown,24.5,2024,12,18
85402,49142,21566,3,30.6,2024-10-29 23:36:00+00:00,Unknown,91.8,2024,10,29
78051,48397,21724,1,15.5,2024-04-23 16:38:07+00:00,Unknown,15.5,2024,4,23
86249,49569,21888,1,73.25,2025-03-05 03:02:00+00:00,Unknown,73.25,2025,3,5
84443,47787,21689,1,19.5,2025-02-03 09:11:12+00:00,Unknown,19.5,2025,2,3
84993,47818,21595,1,67.8,2025-02-05 01:40:00+00:00,Unknown,67.8,2025,2,5
79065,49299,21897,1,55.99,2024-10-30 14:58:00+00:00,Unknown,55.99,2024,10,30
81749,49059,21813,4,33.25,2024-12-05 01:11:49.362000+00:00,Unknown,133.0,2024,12,5
79707,48143,21849,2,33.5,2025-03-29 12:03:21+00:00,"163 Crooks Highway, West Herlinda, NE 80212",67.0,2025,3,29
82444,48041,22002,2,64.0,2024-07-30 20:02:18+00:00,Unknown,128.0,2024,7,30
80687,51102,21391,1,66.0,2024-10-25 12:17:29+00:00,Unknown,66.0,2024,10,25
85326,49299,21475,1,24.99,2025-01-20 19:57:00+00:00,Unknown,24.99,2025,1,20
82276,48572,21676,3,71.0,2024-06-15 05:17:27+00:00,Unknown,213.0,2024,6,15
80539,48628,21412,1,19.0,2025-04-17 01:05:22+00:00,Unknown,19.0,2025,4,17
81753,48605,21374,1,69.75,2024-08-26 20:35:00+00:00,"Suite 910 75039 Keeling Hills, North Mandi, MI 79579-8421",69.75,2024,8,26
80792,51109,21535,3,50.75,2025-09-08 23:22:00+00:00,Unknown,152.25,2025,9,8
81507,50777,21456,1,67.5,2024-12-23 23:12:31+00:00,Unknown,67.5,2024,12,23
85645,50833,21746,2,20.7,2024-10-18 15:18:25+00:00,Unknown,41.4,2024,10,18
78488,48145,21828,1,17.25,2025-03-09 21:38:00+00:00,"Apt. 405 20060 Jonathan Oval, North Pazfurt, MO 92458",17.25,2025,3,9
77711,50544,21914,1,71.0,2024-06-24 20:11:18+00:00,Unknown,71.0,2024,6,24
85016,50507,21961,1,30.3,2025-02-17 20:02:00+00:00,Unknown,30.3,2025,2,17
78866,48439,21660,1,31.2,2024-06-11 08:13:00+00:00,"2370 Brakus Burgs, Gottliebville, OH 09125",31.2,2024,6,11
79451,49861,21950,1,52.99,2024-09-06 18:16:47+00:00,Unknown,52.99,2024,9,6
82635,47907,21876,4,39.59,2025-03-08 22:30:00+00:00,Unknown,158.36,2025,3,8
85069,49264,21628,1,43.25,2025-03-01 22:58:45+00:00,Unknown,43.25,2025,3,1
83153,50648,21857,1,15.3,2024-12-18 00:41:33.782000+00:00,"Suite 233 864 Prosacco Villages, New Wilburberg, WA 17421-7381",15.3,2024,12,18
78240,50473,21387,1,54.75,2024-07-30 07:53:00+00:00,Unknown,54.75,2024,7,30
80743,50385,21734,2,50.0,2024-09-01 23:35:33+00:00,Unknown,100.0,2024,9,1
81924,50155,21747,1,40.2,2024-11-10 22:52:52+00:00,Unknown,40.2,2024,11,10
79096,48351,21425,1,32.0,2024-12-29 06:36:59+00:00,Unknown,32.0,2024,12,29
81064,50519,21794,1,33.75,2024-10-03 01:14:39+00:00,"Suite 539 7340 Gail Grove, New Rustyton, TX 54814",33.75,2024,10,3
81066,49223,21453,1,55.5,2024-08-24 04:44:00+00:00,Unknown,55.5,2024,8,24
80206,51110,21737,1,24.0,2025-02-01 12:45:59+00:00,Unknown,24.0,2025,2,1
78297,49127,21680,5,52.0,2024-09-30 05:23:35+00:00,Unknown,260.0,2024,9,30
81927,49071,21491,2,36.6,2024-09-23 04:49:00+00:00,Unknown,73.2,2024,9,23
80600,48808,21700,1,45.0,2024-12-22 20:45:07+00:00,"Apt. 676 51433 Milly Row, New Dewayne, SC 39704-1568",45.0,2024,12,22
78382,50326,21867,5,71.1,2024-10-17 08:13:00+00:00,Unknown,355.5,2024,10,17
80149,49031,21459,1,52.2,2024-09-05 06:05:45+00:00,Unknown,52.2,2024,9,5
83384,47684,21764,2,48.0,2024-05-10 23:02:00+00:00,Unknown,96.0,2024,5,10
82028,49039,21686,1,16.0,2024-12-26 05:18:00+00:00,"49765 Kuvalis Summit, North Arlyne, MT 95757",16.0,2024,12,26
83032,50482,21609,1,85.5,2024-04-05 21:10:10+00:00,Unknown,85.5,2024,4,5
79401,49844,21497,1,82.5,2024-08-29 00:00:00+00:00,Unknown,82.5,2024,8,29
82996,49698,21860,1,55.5,2024-08-12 11:47:16.831000+00:00,Unknown,55.5,2024,8,12
81195,49165,21721,1,52.99,2024-09-18 23:17:00+00:00,Unknown,52.99,2024,9,18
81811,50576,22021,1,19.5,2024-09-02 17:32:39+00:00,"786 Rolfson Spring, West Minhchester, GA 46374",19.5,2024,9,2
79953,47858,21556,5,57.6,2024-09-20 06:38:00+00:00,"5487 Ferdinand Plains, Tyrellland, SD 20989-5306",288.0,2024,9,20
79485,50425,21643,1,19.2,2025-05-22 23:28:55+00:00,Unknown,19.2,2025,5,22
85820,49091,21735,2,33.5,2024-08-12 09:20:50+00:00,Unknown,67.0,2024,8,12
81778,50754,21490,1,66.75,2024-09-29 01:51:49+00:00,Unknown,66.75,2024,9,29
84488,48256,21440,2,24.0,2025-03-08 10:19:55+00:00,Unknown,48.0,2025,3,8
81318,51072,21706,1,18.25,2024-11-21 00:13:06+00:00,Unknown,18.25,2024,11,21
78277,49831,21986,1,53.0,2024-10-12 00:26:00+00:00,Unknown,53.0,2024,10,12
82123,48653,21486,2,25.0,2024-11-27 07:34:34+00:00,Unknown,50.0,2024,11,27
78706,49252,21388,3,19.8,2025-01-08 18:12:34+00:00,Unknown,59.4,2025,1,8
81796,50740,21565,1,31.19,2025-01-01 19:30:41+00:00,"Suite 111 399 Schuster Ford, Shannonside, MO 15794-7185",31.19,2025,1,1
77707,49046,21424,3,81.59,2024-07-29 07:35:45+00:00,Unknown,244.77,2024,7,29
78137,49882,21815,1,21.0,2024-09-11 15:02:57+00:00,Unknown,21.0,2024,9,11
86011,48590,21993,1,43.0,2024-09-25 18:23:37+00:00,"445 Haag Dam, East Tod, ID 46797-1837",43.0,2024,9,25
79024,49262,21720,2,29.25,2024-06-05 23:35:53+00:00,Unknown,58.5,2024,6,5
83192,48583,21881,1,63.25,2024-12-05 12:17:18+00:00,Unknown,63.25,2024,12,5
82063,49967,21325,1,61.5,2024-10-31 18:20:00+00:00,Unknown,61.5,2024,10,31
86491,47701,21623,1,35.0,2025-01-03 14:25:59+00:00,Unknown,35.0,2025,1,3
85271,48386,21997,3,71.0,2025-01-12 16:37:56+00:00,Unknown,213.0,2025,1,12
86238,48661,21409,1,63.0,2025-02-16 11:43:00+00:00,Unknown,63.0,2025,2,16
81122,48044,22022,4,54.25,2024-10-16 09:29:49+00:00,"31927 Jeanie Gateway, North Leticia, AK 10724",217.0,2024,10,16
82353,48413,21364,3,74.75,2024-12-23 03:30:00+00:00,"Apt. 851 24675 Marlin River, Bartolettiville, KS 31116",224.25,2024,12,23
83308,49581,21694,2,31.5,2024-09-05 00:40:16+00:00,Unknown,63.0,2024,9,5
78860,50368,21323,1,56.7,2024-09-27 20:11:34+00:00,Unknown,56.7,2024,9,27
79225,50960,21574,1,46.25,2025-01-20 05:02:13+00:00,Unknown,46.25,2025,1,20
82221,50355,21354,1,68.4,2024-12-04 02:42:15+00:00,"Apt. 947 567 Thompson Highway, Port Frederickhaven, NE 67075-8978",68.4,2024,12,4
82933,48760,21518,1,49.8,2024-08-30 22:11:24+00:00,Unknown,49.8,2024,8,30
84552,49016,21969,1,58.25,2024-10-20 14:16:41+00:00,Unknown,58.25,2024,10,20
84037,50476,21311,1,19.0,2024-04-28 16:04:00+00:00,Unknown,19.0,2024,4,28
82758,48648,21945,3,14.99,2024-11-16 02:16:34+00:00,Unknown,44.97,2024,11,16
85559,50860,22051,5,30.0,2025-01-04 20:37:00+00:00,Unknown,150.0,2025,1,4
79393,51001,22027,1,31.25,2025-04-14 07:20:35+00:00,Unknown,31.25,2025,4,14
85217,51076,21646,3,72.75,2024-12-23 16:06:50+00:00,Unknown,218.25,2024,12,23
85502,48405,21300,2,38.5,2024-09-30 08:22:11+00:00,Unknown,77.0,2024,9,30
81952,50994,21711,1,21.5,2024-07-03 00:10:28+00:00,Unknown,21.5,2024,7,3
82356,47801,21926,1,44.0,2025-01-14 11:08:01+00:00,Unknown,44.0,2025,1,14
80749,48219,21958,2,85.8,2024-12-05 14:51:55+00:00,Unknown,171.6,2024,12,5
78275,48584,21890,1,70.75,2025-02-03 06:40:34+00:00,"308 Skiles Ports, South Marget, AZ 57350-8647",70.75,2025,2,3
79446,48020,21320,1,75.3,2024-03-04 01:12:43+00:00,"619 Alexis Cliff, South Lavon, TN 31857",75.3,2024,3,4
82964,50647,21900,1,68.5,2024-10-20 03:11:57+00:00,Unknown,68.5,2024,10,20
85196,50676,21776,1,71.75,2025-04-22 02:42:00+00:00,Unknown,71.75,2025,4,22
80473,47974,21969,1,56.0,2025-06-11 01:45:00+00:00,Unknown,56.0,2025,6,11
83509,50340,21407,3,57.75,2025-09-13 16:06:29+00:00,Unknown,173.25,2025,9,13
83902,48529,21543,1,53.0,2024-12-12 16:54:50+00:00,Unknown,53.0,2024,12,12
79152,49118,21685,4,66.25,2024-09-15 06:00:00+00:00,Unknown,265.0,2024,9,15
84038,49058,21589,1,62.0,2024-12-26 22:55:51+00:00,Unknown,62.0,2024,12,26
82330,50049,21664,1,57.0,2025-02-12 03:10:43+00:00,"Apt. 446 4167 Howell Inlet, Beckerfurt, MI 99316-6184",57.0,2025,2,12
82395,49230,22050,1,67.0,2024-12-24 05:56:10+00:00,Unknown,67.0,2024,12,24
78939,50672,22021,5,20.0,2024-10-20 11:43:05.072000+00:00,Unknown,100.0,2024,10,20
84967,48221,21483,1,58.25,2025-01-25 06:35:00+00:00,Unknown,58.25,2025,1,25
82818,48318,21687,1,59.5,2024-12-07 01:40:00+00:00,Unknown,59.5,2024,12,7
83504,48771,21444,1,16.25,2025-04-25 04:24:37+00:00,Unknown,16.25,2025,4,25
79293,47686,21920,1,22.0,2024-08-14 21:30:00+00:00,"Apt. 674 67502 Ruecker Plaza, South Quyenburgh, KY 26670",22.0,2024,8,14
84849,48453,21699,1,23.99,2024-06-10 23:55:20+00:00,Unknown,23.99,2024,6,10
78800,49141,21398,1,35.0,2025-03-20 09:35:00+00:00,Unknown,35.0,2025,3,20
80133,49533,21509,1,42.0,2024-11-24 16:10:34+00:00,Unknown,42.0,2024,11,24
82347,49147,21489,1,23.4,2024-11-11 20:21:18+00:00,"172 Shaniqua Stream, Lake Claribel, OH 30184",23.4,2024,11,11
80044,47831,21743,1,41.4,2024-10-16 09:34:00+00:00,Unknown,41.4,2024,10,16
84573,49199,21544,4,18.0,2024-11-05 05:02:25+00:00,Unknown,72.0,2024,11,5
84799,48152,21432,1,41.99,2024-10-10 23:36:10+00:00,"Apt. 620 9627 Goldner Radial, Port Arnette, NM 74494-8163",41.99,2024,10,10
84381,50230,21899,2,71.25,2024-09-27 15:39:34+00:00,Unknown,142.5,2024,9,27
85947,49721,21629,1,41.75,2024-08-19 19:39:00+00:00,Unknown,41.75,2024,8,19
81588,48613,21492,3,32.7,2025-02-17 14:56:39+00:00,"32221 Eleni Knolls, East Curtishaven, LA 55557",98.1,2025,2,17
84645,49846,21944,1,34.25,2025-02-21 23:44:34+00:00,Unknown,34.25,2025,2,21
79630,47807,21971,3,63.6,2025-01-03 05:36:22+00:00,"63186 Hauck Mission, Nikolausland, NJ 95817-1549",190.8,2025,1,3
78253,50155,21684,1,59.75,2025-01-01 02:04:41+00:00,Unknown,59.75,2025,1,1
77695,48842,21743,1,34.99,2024-09-10 02:17:21+00:00,Unknown,34.99,2024,9,10
84347,49185,21732,3,64.5,2024-12-03 10:06:21+00:00,Unknown,193.5,2024,12,3
82563,48045,21565,2,32.4,2025-08-05 03:51:06+00:00,Unknown,64.8,2025,8,5
78072,50972,22034,5,73.5,2025-03-24 09:42:00+00:00,"Apt. 516 67210 Schmitt Extension, Dustinburgh, NC 04161",367.5,2025,3,24
77717,50152,21494,1,76.2,2024-10-19 05:05:00+00:00,Unknown,76.2,2024,10,19
82786,47822,21833,1,82.2,2024-06-10 14:36:46+00:00,"Suite 778 7253 Tamisha Viaduct, East Dion, SC 89389-9107",82.2,2024,6,10
79819,49954,21873,3,71.5,2025-06-14 16:47:42+00:00,Unknown,214.5,2025,6,14
78819,47951,21451,1,70.99,2025-02-13 21:03:55+00:00,Unknown,70.99,2025,2,13
83535,49025,21948,2,64.0,2024-08-30 20:53:00+00:00,Unknown,128.0,2024,8,30
78530,49378,21677,1,31.5,2025-06-05 05:08:02+00:00,Unknown,31.5,2025,6,5
79525,51036,21907,1,63.0,2024-11-04 09:19:32+00:00,Unknown,63.0,2024,11,4
78417,49507,21556,3,49.5,2025-06-14 13:54:37+00:00,Unknown,148.5,2025,6,14
81249,49345,21478,2,48.75,2024-02-18 16:11:50+00:00,"1505 Greenfelder Fall, West Stephanbury, MI 11548",97.5,2024,2,18
86144,47718,21746,2,16.0,2025-04-16 17:17:44+00:00,Unknown,32.0,2025,4,16
81627,47827,21680,2,48.25,2024-10-20 06:20:21.687000+00:00,Unknown,96.5,2024,10,20
86097,50534,21534,1,20.4,2025-08-20 19:00:25+00:00,Unknown,20.4,2025,8,20
81098,47753,21549,1,31.5,2025-03-12 11:50:11+00:00,"Apt. 822 86901 Pura Mountain, South Shizuemouth, IL 94433-4374",31.5,2025,3,12
83200,49537,21582,1,66.99,2025-01-06 05:43:42+00:00,"Apt. 717 3536 Steuber Junctions, East Ludivina, MO 27241-9670",66.99,2025,1,6
82821,49147,21666,2,65.0,2025-02-24 06:47:09+00:00,Unknown,130.0,2025,2,24
86231,50851,21722,2,38.75,2024-11-18 23:34:00+00:00,Unknown,77.5,2024,11,18
85153,47943,21842,1,63.5,2025-03-13 02:22:28.740000+00:00,Unknown,63.5,2025,3,13
78343,50242,21580,1,67.25,2025-02-11 08:52:00+00:00,"Apt. 404 51378 Ross Mall, Dennismouth, SC 53579",67.25,2025,2,11
84749,48041,21668,1,54.75,2024-12-07 18:32:40+00:00,Unknown,54.75,2024,12,7
85797,50495,21428,1,79.19,2025-02-08 04:56:26+00:00,Unknown,79.19,2025,2,8
83458,49718,21883,1,42.0,2024-07-30 10:37:00+00:00,Unknown,42.0,2024,7,30
78510,48553,21623,1,32.0,2025-01-23 21:27:00+00:00,Unknown,32.0,2025,1,23
84362,49597,21723,3,60.0,2025-02-26 20:01:33+00:00,Unknown,180.0,2025,2,26
78129,48290,21500,1,34.2,2025-04-06 03:51:00+00:00,Unknown,34.2,2025,4,6
84058,48136,21381,4,27.0,2025-04-05 23:17:03+00:00,Unknown,108.0,2025,4,5
81865,48746,21507,1,38.5,2025-04-17 13:31:00+00:00,Unknown,38.5,2025,4,17
78689,49988,21909,1,34.8,2025-03-13 21:26:51+00:00,Unknown,34.8,2025,3,13
81525,47768,21919,1,59.5,2025-02-16 09:13:55+00:00,"664 Kunde Highway, New Norberto, WV 66982-2203",59.5,2025,2,16
83304,51102,21647,1,49.8,2024-11-02 02:36:32+00:00,Unknown,49.8,2024,11,2
78842,50964,21962,2,68.0,2024-08-13 16:19:46+00:00,Unknown,136.0,2024,8,13
86181,49875,21840,4,14.5,2024-11-14 11:57:32+00:00,Unknown,58.0,2024,11,14
83248,49215,21727,1,18.6,2025-07-02 09:44:46+00:00,Unknown,18.6,2025,7,2
78569,50325,21856,1,40.25,2025-01-28 08:24:46+00:00,"942 Pfannerstill Field, Deonhaven, ME 77527",40.25,2025,1,28
81326,49620,21510,1,21.0,2025-03-19 17:18:05+00:00,Unknown,21.0,2025,3,19
80509,49019,21810,1,54.0,2024-08-12 18:26:51+00:00,"276 Oberbrunner Haven, West Marcos, NH 84595-1424",54.0,2024,8,12
83469,49579,21994,1,44.1,2024-08-16 21:57:00+00:00,Unknown,44.1,2024,8,16
81113,47674,21771,1,90.6,2025-04-28 04:10:00+00:00,"8379 Keebler Stream, South Junitaton, MN 20111",90.6,2025,4,28
80798,49262,21328,1,63.75,2024-11-01 13:19:00+00:00,Unknown,63.75,2024,11,1
80771,49657,21423,2,46.2,2024-11-05 06:34:27+00:00,"13651 Perry Passage, Dorettafurt, OR 72931-9341",92.4,2024,11,5
83160,47865,21465,1,72.25,2024-10-18 22:45:00+00:00,"Suite 266 166 Cristine Center, East Ronville, NE 23139",72.25,2024,10,18
77910,50780,21316,3,30.5,2024-08-04 05:02:00+00:00,Unknown,91.5,2024,8,4
85744,50297,21814,2,43.75,2024-11-16 15:59:00+00:00,Unknown,87.5,2024,11,16
85625,50878,22024,1,69.75,2024-11-19 11:42:00+00:00,Unknown,69.75,2024,11,19
80989,47905,21319,1,24.75,2025-02-23 12:46:07+00:00,Unknown,24.75,2025,2,23
80466,50766,21490,1,76.5,2025-03-06 07:32:00+00:00,Unknown,76.5,2025,3,6
79403,49702,21411,1,38.39,2025-03-02 15:04:00+00:00,Unknown,38.39,2025,3,2
79088,50698,21709,1,52.5,2025-05-09 03:47:56+00:00,Unknown,52.5,2025,5,9
81711,50150,21761,2,32.5,2024-12-21 19:41:00+00:00,Unknown,65.0,2024,12,21
84755,49850,21371,4,52.5,2025-02-22 09:29:55+00:00,Unknown,210.0,2025,2,22
78292,48658,21940,2,50.5,2024-07-31 16:26:40+00:00,Unknown,101.0,2024,7,31
82587,49720,21659,1,34.0,2025-08-21 20:24:37+00:00,Unknown,34.0,2025,8,21
85800,49174,21296,1,63.59,2025-02-18 14:20:38+00:00,Unknown,63.59,2025,2,18
79244,47685,21597,3,65.0,2025-04-04 12:28:56+00:00,"620 Brigette Estates, Lake Lashawna, WY 94318",195.0,2025,4,4
85225,50686,21762,4,35.4,2025-02-02 03:07:07+00:00,Unknown,141.6,2025,2,2
85348,50320,21391,1,64.0,2025-02-08 16:06:06+00:00,Unknown,64.0,2025,2,8
79699,49582,21792,1,74.7,2024-05-02 09:58:03+00:00,Unknown,74.7,2024,5,2
81577,49893,21662,1,24.99,2024-09-14 18:57:22+00:00,Unknown,24.99,2024,9,14
83612,47780,21666,2,82.5,2025-04-05 08:28:59+00:00,Unknown,165.0,2025,4,5
79636,48607,21779,1,35.5,2025-05-25 13:35:00+00:00,Unknown,35.5,2025,5,25
80986,50689,21923,1,18.6,2024-12-17 13:13:24+00:00,"Apt. 553 73290 Dach Via, West Shirelyfurt, NM 82545",18.6,2024,12,17
82937,47775,21703,1,64.5,2024-12-16 23:36:00+00:00,"Apt. 671 597 Merle Parkways, Elroymouth, UT 44054",64.5,2024,12,16
85030,48440,21452,2,71.5,2025-02-09 05:41:36+00:00,Unknown,143.0,2025,2,9
84252,50235,21798,1,59.0,2025-03-19 15:13:19+00:00,Unknown,59.0,2025,3,19
82359,48459,21329,1,44.25,2024-08-05 07:25:04+00:00,Unknown,44.25,2024,8,5
81804,51027,21804,4,49.75,2025-01-31 20:17:18+00:00,Unknown,199.0,2025,1,31
84625,48933,22042,1,64.2,2024-12-30 09:43:01+00:00,Unknown,64.2,2024,12,30
84585,48012,21995,1,52.79,2025-07-08 19:13:42.430000+00:00,"Suite 450 554 Noma Viaduct, South Rodger, NE 51767-9575",52.79,2025,7,8
77668,50987,21500,1,30.25,2024-07-07 13:17:17+00:00,"271 Feest Plain, South Winonaborough, PA 43601",30.25,2024,7,7
84565,48686,21599,1,57.25,2024-10-07 14:55:24+00:00,Unknown,57.25,2024,10,7
78178,48923,21746,1,25.2,2025-05-11 09:21:29+00:00,Unknown,25.2,2025,5,11
81584,50814,21899,1,84.3,2024-05-26 13:34:24+00:00,"Suite 305 77360 Chance Springs, Quintonfort, MA 69405",84.3,2024,5,26
83616,49475,21880,1,39.0,2024-09-12 05:49:33+00:00,"5437 Reilly Loop, Lake Berry, SC 52010",39.0,2024,9,12
86232,48921,21538,5,74.0,2024-07-25 12:49:56+00:00,Unknown,370.0,2024,7,25
86514,51102,21347,1,30.99,2024-10-22 11:31:45+00:00,Unknown,30.99,2024,10,22
84177,51096,21518,1,50.4,2025-04-09 16:46:15+00:00,"7487 Basil Viaduct, Schneiderberg, NH 82600",50.4,2025,4,9
85692,50194,21431,1,48.25,2025-01-14 02:35:29+00:00,Unknown,48.25,2025,1,14
83011,49496,21669,1,21.0,2024-05-19 20:27:21.187000+00:00,Unknown,21.0,2024,5,19
86401,49602,21336,1,70.5,2025-01-20 11:38:00+00:00,"73714 Schmeler Alley, Glenniemouth, HI 68925",70.5,2025,1,20
85657,49854,21935,2,13.0,2025-01-22 14:36:33+00:00,Unknown,26.0,2025,1,22
83610,47926,21839,1,69.25,2025-03-11 03:52:00+00:00,Unknown,69.25,2025,3,11
80919,47913,21445,1,19.5,2024-10-19 19:56:54.529000+00:00,"Suite 152 62701 Felipe Island, Kimberyburgh, TX 42525-7955",19.5,2024,10,19
81342,47972,21343,2,71.25,2024-08-08 19:15:09+00:00,"894 Dean Villages, East Tajuanahaven, TX 98684-9949",142.5,2024,8,8
84541,48214,21308,2,33.0,2024-07-09 03:17:57+00:00,Unknown,66.0,2024,7,9
82284,49104,21753,1,54.0,2024-11-22 02:53:00+00:00,Unknown,54.0,2024,11,22
81686,49984,21733,2,22.8,2025-03-02 12:46:36+00:00,Unknown,45.6,2025,3,2
85529,49033,21593,1,24.0,2024-07-06 15:33:49+00:00,Unknown,24.0,2024,7,6
83471,47794,21878,1,59.99,2024-06-28 11:58:57+00:00,Unknown,59.99,2024,6,28
85892,50955,21386,1,52.8,2024-08-02 13:36:05+00:00,"Apt. 676 5289 Simonis Villages, Barrowsborough, NJ 07215-9397",52.8,2024,8,2
81297,50161,21404,1,21.5,2025-05-08 05:25:06+00:00,Unknown,21.5,2025,5,8
86494,48515,21569,2,50.4,2024-04-14 15:42:51+00:00,Unknown,100.8,2024,4,14
83982,50299,21968,2,20.5,2025-04-16 01:26:00+00:00,Unknown,41.0,2025,4,16
84644,49030,21749,4,88.79,2024-11-09 05:00:00+00:00,"Apt. 860 81983 Rivka Forest, Amaliaview, UT 35036-0268",355.16,2024,11,9
77981,48016,21431,1,59.7,2024-11-11 02:16:31+00:00,Unknown,59.7,2024,11,11
82425,51008,21721,1,53.0,2025-02-03 04:22:27+00:00,Unknown,53.0,2025,2,3
82269,50794,21378,1,35.0,2025-04-12 14:53:00+00:00,"Suite 481 77152 Merlin Harbors, New Larryshire, KY 26504",35.0,2025,4,12
84222,49215,21351,1,37.0,2025-01-18 06:36:18+00:00,Unknown,37.0,2025,1,18
80024,47880,21550,1,67.99,2025-03-19 08:20:59+00:00,"284 Miller Pike, North Luana, WI 73626",67.99,2025,3,19
84695,49732,21341,2,19.5,2024-12-28 03:41:43+00:00,Unknown,39.0,2024,12,28
78793,48854,21470,1,24.3,2024-10-09 17:08:00+00:00,"70369 Keebler Trafficway, West Jeroldview, MS 42693-1083",24.3,2024,10,9
81622,50413,21729,2,42.0,2025-02-05 18:04:41+00:00,Unknown,84.0,2025,2,5
80171,50808,21942,1,15.25,2024-08-06 03:38:58+00:00,Unknown,15.25,2024,8,6
82402,48725,21305,1,30.75,2024-08-21 04:17:16+00:00,Unknown,30.75,2024,8,21
84475,50336,21569,2,42.99,2025-04-30 04:32:16+00:00,"Suite 485 6756 Kirlin Ferry, Lake Berniceburgh, OK 82444-4222",85.98,2025,4,30
80788,50771,21686,1,18.5,2024-10-11 13:46:00+00:00,Unknown,18.5,2024,10,11
84577,49484,21509,1,39.5,2024-11-07 05:49:01+00:00,"Suite 221 822 Arvilla Way, Lake Laurettaview, ND 15443-0018",39.5,2024,11,7
83409,50337,22046,2,58.5,2024-10-13 17:08:26+00:00,"9614 Blick Harbors, Aldohaven, SC 58143",117.0,2024,10,13
83385,48806,21356,2,26.75,2024-11-17 06:48:27+00:00,Unknown,53.5,2024,11,17
85226,48770,21931,5,32.4,2025-04-07 22:50:33+00:00,Unknown,162.0,2025,4,7
84155,48608,21946,1,68.4,2024-10-06 11:34:21+00:00,Unknown,68.4,2024,10,6
84164,48225,21533,1,55.99,2025-02-09 13:06:59+00:00,"Apt. 100 4472 Herta Spurs, Joellenside, ND 12327-9300",55.99,2025,2,9
77856,49652,21427,1,75.0,2024-09-21 20:40:00+00:00,Unknown,75.0,2024,9,21
82043,49201,21500,1,31.99,2024-12-20 11:51:00+00:00,Unknown,31.99,2024,12,20
84420,48632,21514,1,76.0,2025-01-04 15:48:58+00:00,Unknown,76.0,2025,1,4
77814,49506,21496,1,79.5,2024-10-16 20:43:00+00:00,Unknown,79.5,2024,10,16
79429,50788,21677,1,34.0,2025-05-21 00:58:11+00:00,Unknown,34.0,2025,5,21
81771,49837,21999,2,39.3,2024-11-12 11:00:50+00:00,Unknown,78.6,2024,11,12
83659,51068,21681,1,34.0,2024-12-31 22:48:54+00:00,Unknown,34.0,2024,12,31
78329,49457,21873,1,72.75,2024-05-30 18:22:38+00:00,Unknown,72.75,2024,5,30
84676,50610,21934,1,53.4,2024-10-30 20:33:31+00:00,Unknown,53.4,2024,10,30
85612,48447,21891,1,64.5,2024-10-28 19:00:00+00:00,"980 Nathanial Trail, Fritschville, IL 97412-5086",64.5,2024,10,28
83587,47744,22047,1,73.8,2024-10-25 18:49:49+00:00,Unknown,73.8,2024,10,25
80055,48940,21554,1,81.6,2025-05-15 11:01:00+00:00,Unknown,81.6,2025,5,15
78863,48786,21648,1,22.99,2025-03-20 21:43:00+00:00,"7316 Taina Village, New Timothy, MO 49817",22.99,2025,3,20
85611,50492,21657,1,23.75,2024-09-14 01:21:24+00:00,Unknown,23.75,2024,9,14
79509,48980,21850,1,73.8,2025-02-07 22:27:53+00:00,Unknown,73.8,2025,2,7
85733,49001,21484,1,13.25,2025-03-04 14:51:15+00:00,Unknown,13.25,2025,3,4
86083,50129,21960,1,70.2,2025-06-21 22:02:57+00:00,"Suite 849 997 Stamm Crossing, West Raymondetown, VT 95581",70.2,2025,6,21
79536,49798,21753,1,58.99,2024-10-10 12:15:06+00:00,Unknown,58.99,2024,10,10
85085,50986,21978,1,30.99,2024-12-30 22:25:26+00:00,Unknown,30.99,2024,12,30
83672,48504,21387,1,50.25,2025-03-15 07:12:34+00:00,Unknown,50.25,2025,3,15
79952,49356,21925,4,34.8,2024-08-28 10:00:46+00:00,Unknown,139.2,2024,8,28
83892,50619,21772,2,44.99,2024-06-28 14:17:45+00:00,Unknown,89.98,2024,6,28
82906,50838,21546,1,46.25,2025-05-11 06:44:23+00:00,Unknown,46.25,2025,5,11
79679,50514,21804,1,49.0,2024-12-10 02:47:53+00:00,"Apt. 197 9908 Ernie Plaza, West Torystad, IA 84247",49.0,2024,12,10
83106,49692,22042,2,62.7,2025-02-18 21:25:10+00:00,Unknown,125.4,2025,2,18
82987,48568,21670,1,25.5,2024-11-20 11:23:02+00:00,Unknown,25.5,2024,11,20
77824,48416,21852,1,54.3,2025-04-07 03:46:12+00:00,"Apt. 321 564 O'Reilly Wells, East Annabell, WI 17705-4989",54.3,2025,4,7
85428,48086,21312,3,38.0,2024-06-05 16:36:21+00:00,"Apt. 869 645 Phil Center, West Juniorstad, DE 15169",114.0,2024,6,5
81565,49829,21367,2,31.75,2024-11-30 03:24:24+00:00,"Apt. 927 694 Miller Canyon, North Joel, VT 02823-6834",63.5,2024,11,30
81295,48794,21590,1,35.75,2025-01-01 13:49:51.181000+00:00,Unknown,35.75,2025,1,1
83999,49719,21865,1,66.99,2024-12-12 23:39:06+00:00,Unknown,66.99,2024,12,12
85534,48231,21882,2,37.5,2025-03-13 16:16:39+00:00,Unknown,75.0,2025,3,13
79280,47792,21655,1,17.75,2025-08-14 05:09:36.345000+00:00,Unknown,17.75,2025,8,14
83633,48432,21695,1,74.99,2024-10-10 09:23:58+00:00,Unknown,74.99,2024,10,10
85204,48581,21857,1,12.0,2025-04-11 15:46:00+00:00,Unknown,12.0,2025,4,11
84102,49327,22006,3,32.99,2024-09-06 17:10:14.046000+00:00,Unknown,98.97,2024,9,6
80727,49395,21466,1,37.8,2024-10-03 05:39:45+00:00,"Suite 722 2751 Salvatore Fork, New Darcel, MA 75343",37.8,2024,10,3
79110,49804,21947,3,61.0,2024-11-13 16:07:00+00:00,Unknown,183.0,2024,11,13
79514,48661,21946,1,58.0,2025-02-18 18:24:13+00:00,"Apt. 669 880 Carroll Light, Port Marquischester, HI 77735-1406",58.0,2025,2,18
85530,48529,21510,4,27.9,2024-06-09 20:49:57+00:00,Unknown,111.6,2024,6,9
84935,48416,21459,1,43.75,2025-01-03 21:36:33+00:00,"Apt. 321 564 O'Reilly Wells, East Annabell, WI 17705-4989",43.75,2025,1,3
84875,47713,21652,1,75.0,2024-04-01 01:31:31+00:00,Unknown,75.0,2024,4,1
79802,47838,21740,1,58.75,2024-05-30 08:05:22+00:00,"Suite 910 54746 Hackett Plain, Barrowsfort, UT 27878",58.75,2024,5,30
81241,48042,21525,1,38.7,2025-04-21 12:23:00+00:00,Unknown,38.7,2025,4,21
81971,49729,21357,1,27.59,2024-11-22 01:12:00+00:00,Unknown,27.59,2024,11,22
80099,49574,21812,1,44.0,2025-04-21 06:03:10+00:00,Unknown,44.0,2025,4,21
84733,49808,21758,2,45.25,2024-11-23 05:26:01+00:00,Unknown,90.5,2024,11,23
79984,48120,21593,5,18.25,2024-10-14 17:01:44+00:00,Unknown,91.25,2024,10,14
79830,48103,21547,1,55.0,2024-04-15 06:06:54+00:00,"Suite 441 90913 Terrie Branch, Rexberg, TN 93093",55.0,2024,4,15
80725,50838,21302,1,21.25,2024-09-20 04:22:10+00:00,Unknown,21.25,2024,9,20
84562,50856,22047,1,75.9,2024-06-13 14:29:48+00:00,Unknown,75.9,2024,6,13
79846,48696,21403,1,56.5,2024-04-11 18:03:10+00:00,Unknown,56.5,2024,4,11
85487,50188,21484,1,14.0,2024-11-17 20:21:54+00:00,Unknown,14.0,2024,11,17
84317,50376,21514,1,76.0,2025-05-03 14:27:53+00:00,Unknown,76.0,2025,5,3
86204,50155,21610,1,56.99,2024-09-25 23:09:00+00:00,Unknown,56.99,2024,9,25
81378,51109,21959,2,72.75,2025-03-10 16:56:58+00:00,Unknown,145.5,2025,3,10
77748,51082,21734,1,61.8,2024-10-09 21:27:36+00:00,Unknown,61.8,2024,10,9
84518,50532,21675,1,18.9,2024-07-28 14:43:00+00:00,"8905 Rowe Run, North Felix, KS 72753-5521",18.9,2024,7,28
78698,48730,21514,2,71.0,2025-08-12 16:40:00+00:00,"5447 MacGyver Circle, East Christoper, NV 53602",142.0,2025,8,12
86034,49040,21551,1,22.2,2024-10-31 10:28:22+00:00,"Apt. 357 74983 Ross Station, Kovacekstad, NC 57185-3444",22.2,2024,10,31
83185,50212,21833,2,68.75,2025-03-06 02:55:46+00:00,Unknown,137.5,2025,3,6
80317,49769,21404,1,19.75,2024-09-17 14:26:37+00:00,Unknown,19.75,2024,9,17
82038,49249,21692,2,64.0,2024-11-18 15:54:00+00:00,Unknown,128.0,2024,11,18
84524,50632,21739,1,41.0,2025-06-15 17:56:09+00:00,Unknown,41.0,2025,6,15
79119,50355,21918,4,72.99,2025-04-12 07:58:00+00:00,Unknown,291.96,2025,4,12
77914,48764,21464,2,62.0,2025-03-04 18:20:21+00:00,Unknown,124.0,2025,3,4
77679,50186,21548,2,39.0,2024-09-04 02:59:09+00:00,Unknown,78.0,2024,9,4
85335,49364,21478,1,53.99,2025-07-24 13:38:00+00:00,"Suite 304 421 Hintz Coves, Port Tanya, CT 06497-5369",53.99,2025,7,24
81300,48048,21465,2,85.8,2024-10-26 04:21:31+00:00,Unknown,171.6,2024,10,26
82220,48490,21508,2,22.5,2024-10-20 18:21:33+00:00,Unknown,45.0,2024,10,20
81454,49056,22047,1,66.25,2024-12-23 02:07:00+00:00,Unknown,66.25,2024,12,23
82126,48175,21630,3,33.75,2024-08-23 09:07:51+00:00,Unknown,101.25,2024,8,23
80648,48505,21498,1,23.0,2024-08-19 16:36:36+00:00,Unknown,23.0,2024,8,19
81398,50370,21944,2,41.7,2024-09-20 11:12:39+00:00,"Suite 108 4772 Kulas Common, West Cory, DE 03146",83.4,2024,9,20
84114,50457,21317,1,58.0,2024-07-29 05:07:00+00:00,Unknown,58.0,2024,7,29
81788,50131,21597,1,81.3,2024-08-26 13:26:56+00:00,Unknown,81.3,2024,8,26
85740,49962,21993,4,54.0,2025-03-03 12:28:25+00:00,"Apt. 655 62881 Prosacco Isle, Goyetteport, OH 74479-9133",216.0,2025,3,3
79701,50979,21503,1,23.4,2025-04-05 17:54:49+00:00,Unknown,23.4,2025,4,5
80755,50574,21986,2,51.0,2024-10-25 04:27:00.009000+00:00,"Suite 681 443 Shirl Pines, Parkerhaven, VT 82051-0945",102.0,2024,10,25
85609,49951,21750,1,30.0,2024-08-07 03:27:10+00:00,Unknown,30.0,2024,8,7
79287,48872,22012,1,60.0,2024-07-26 15:31:31+00:00,Unknown,60.0,2024,7,26
81629,48757,21495,1,50.99,2024-11-15 12:47:00+00:00,"2652 Breitenberg Springs, Keishaton, PA 57553-1866",50.99,2024,11,15
77958,47851,21614,1,55.99,2024-06-30 01:12:55+00:00,Unknown,55.99,2024,6,30
81057,47852,21632,1,72.0,2025-09-27 19:08:25.826000+00:00,Unknown,72.0,2025,9,27
81218,48505,21460,1,67.0,2024-10-25 19:22:11+00:00,"5309 O'Conner Causeway, Port Rick, CO 67830-4107",67.0,2024,10,25
81630,49900,21990,1,58.2,2024-12-21 03:13:02+00:00,Unknown,58.2,2024,12,21
77696,47857,21757,1,15.25,2025-01-18 15:25:00+00:00,Unknown,15.25,2025,1,18
83536,49371,21643,2,16.5,2025-01-21 11:03:32.719000+00:00,"Apt. 620 4555 Youlanda Prairie, West Cristobalhaven, KS 66237",33.0,2025,1,21
79319,48714,21565,2,33.0,2025-02-21 17:12:33+00:00,Unknown,66.0,2025,2,21
81409,48586,21404,1,21.99,2024-08-17 03:11:59+00:00,Unknown,21.99,2024,8,17
80877,50385,21842,1,60.5,2024-11-19 00:33:55+00:00,Unknown,60.5,2024,11,19
78880,50534,21870,1,76.8,2024-02-23 12:58:38.095000+00:00,Unknown,76.8,2024,2,23
83411,49651,21880,2,40.0,2025-07-12 00:30:38+00:00,Unknown,80.0,2025,7,12
84179,49126,21591,1,64.5,2025-06-10 11:26:31+00:00,Unknown,64.5,2025,6,10
81469,49190,21333,2,70.75,2025-01-31 22:35:09+00:00,"Apt. 937 39025 Donovan Radial, Haleybury, SC 36537-4689",141.5,2025,1,31
84183,49622,21893,1,85.8,2024-12-09 10:57:56+00:00,Unknown,85.8,2024,12,9
79010,48891,21354,1,54.99,2025-02-11 04:37:08+00:00,Unknown,54.99,2025,2,11
77847,47769,21661,3,69.99,2024-12-26 13:01:19.431000+00:00,Unknown,209.97,2024,12,26
85478,48856,21537,1,30.0,2025-02-23 20:36:33+00:00,Unknown,30.0,2025,2,23
86460,49696,21493,2,25.5,2024-09-07 15:34:30+00:00,Unknown,51.0,2024,9,7
82134,50382,21936,1,18.0,2025-04-05 14:35:00+00:00,Unknown,18.0,2025,4,5
79022,50133,21916,1,25.19,2025-04-17 13:57:06+00:00,Unknown,25.19,2025,4,17
85088,49699,21807,5,31.75,2025-07-22 00:42:00+00:00,Unknown,158.75,2025,7,22
80405,47907,21534,1,24.0,2025-07-19 22:29:32+00:00,"4144 Moore Highway, Venicestad, MT 39430",24.0,2025,7,19
83293,50302,21807,5,34.5,2025-08-04 14:03:53+00:00,Unknown,172.5,2025,8,4
85179,50262,21419,1,48.0,2024-12-05 03:08:50+00:00,Unknown,48.0,2024,12,5
83690,48213,21590,2,38.0,2024-05-18 22:56:00+00:00,Unknown,76.0,2024,5,18
85215,48720,21631,5,27.5,2024-10-26 08:05:04+00:00,Unknown,137.5,2024,10,26
86193,50109,21585,1,62.0,2024-10-28 13:54:40+00:00,Unknown,62.0,2024,10,28
82627,48052,21485,1,45.0,2025-02-02 21:02:57.401000+00:00,Unknown,45.0,2025,2,2
84643,49065,21641,1,41.7,2024-11-14 01:14:00+00:00,Unknown,41.7,2024,11,14
81147,49485,21679,1,25.25,2024-12-18 16:28:53+00:00,Unknown,25.25,2024,12,18
80017,48328,21407,2,57.99,2024-12-05 11:01:00+00:00,Unknown,115.98,2024,12,5
78937,49651,21717,2,33.0,2024-11-25 17:08:30+00:00,Unknown,66.0,2024,11,25
84632,50777,21822,2,34.5,2024-07-22 21:01:39+00:00,"18312 Mosciski Island, North Idalia, IN 96231",69.0,2024,7,22
82412,47743,21720,1,29.0,2024-10-27 13:45:39+00:00,"Suite 481 332 Cleveland Isle, East Maifort, OK 37740-6804",29.0,2024,10,27
84338,48784,21433,1,44.75,2024-12-12 12:11:00+00:00,Unknown,44.75,2024,12,12
81789,50291,21699,1,23.25,2025-04-19 11:11:07+00:00,"Apt. 277 174 Xavier Trace, New Rubi, OR 82766",23.25,2025,4,19
79515,49754,21439,1,44.4,2024-12-20 02:03:03+00:00,"Apt. 998 89231 Sporer Trafficway, Windlerfort, NY 17102-9044",44.4,2024,12,20
77950,50962,21356,2,26.99,2024-05-12 10:06:32+00:00,Unknown,53.98,2024,5,12
78041,47944,21686,3,24.0,2025-03-17 14:24:57+00:00,Unknown,72.0,2025,3,17
84056,49455,21865,1,66.0,2024-12-07 12:52:00+00:00,Unknown,66.0,2024,12,7
86353,51023,21655,4,17.99,2025-02-24 09:35:00+00:00,Unknown,71.96,2025,2,24
84011,48942,21523,5,15.0,2025-06-06 18:09:13+00:00,Unknown,75.0,2025,6,6
81808,51102,21341,1,23.0,2025-06-26 02:16:04.857000+00:00,"251 Renner Parkway, Baumbachburgh, IL 57541-1686",23.0,2025,6,26
83235,50433,21418,1,37.2,2024-10-27 22:25:03+00:00,Unknown,37.2,2024,10,27
81460,49036,21971,2,61.19,2024-12-28 12:52:00+00:00,Unknown,122.38,2024,12,28
80210,47791,21383,4,61.8,2025-08-01 08:12:00+00:00,Unknown,247.2,2025,8,1
80543,50982,21763,2,42.0,2024-08-04 19:08:56.872000+00:00,Unknown,84.0,2024,8,4
79290,50908,21902,2,22.8,2024-11-22 06:59:49.598000+00:00,Unknown,45.6,2024,11,22
84823,49054,21706,1,27.3,2025-02-20 15:09:44.976000+00:00,Unknown,27.3,2025,2,20
85323,49905,21682,1,72.0,2024-05-02 09:17:29+00:00,Unknown,72.0,2024,5,2
83256,50267,21421,1,78.3,2025-01-31 09:11:17+00:00,"6750 Claud Stream, West Gavinside, LA 06015",78.3,2025,1,31
78457,50712,21592,2,61.25,2025-08-03 00:43:42+00:00,"634 Batz Camp, Feeneyfort, DE 42785-8019",122.5,2025,8,3
80797,50634,21524,1,45.0,2025-01-21 01:11:00+00:00,Unknown,45.0,2025,1,21
81611,50852,21812,1,46.0,2025-03-17 00:14:54+00:00,Unknown,46.0,2025,3,17
86085,48114,21576,1,33.6,2025-03-23 14:51:22+00:00,Unknown,33.6,2025,3,23
80493,50250,21697,2,67.0,2024-10-18 06:46:00+00:00,"Suite 789 554 Gutmann Stravenue, New Hyunport, NJ 01071-3303",134.0,2024,10,18
82754,50428,21540,5,30.5,2024-07-26 10:28:39.255000+00:00,"4953 Keith Square, Lake Shericeport, KS 18766-0982",152.5,2024,7,26
82229,48072,21843,1,72.0,2025-02-03 18:09:47+00:00,"768 Cameron Viaduct, Lowellport, NH 62616",72.0,2025,2,3
84403,48158,21945,2,15.6,2024-07-24 20:41:00+00:00,Unknown,31.2,2024,7,24
84908,50721,21435,1,37.5,2025-04-08 05:05:00+00:00,"1931 Greenholt Neck, Croninland, UT 27755",37.5,2025,4,8
80393,48281,21435,1,39.6,2025-06-14 15:13:46+00:00,Unknown,39.6,2025,6,14
79168,49862,21582,1,78.0,2024-12-18 13:43:56.062000+00:00,Unknown,78.0,2024,12,18
82140,47676,21393,4,56.5,2024-06-15 23:04:09+00:00,Unknown,226.0,2024,6,15
80256,48698,21963,1,41.99,2024-08-18 19:24:44+00:00,Unknown,41.99,2024,8,18
80669,48046,21681,1,36.5,2024-11-11 10:36:00+00:00,Unknown,36.5,2024,11,11
77728,49525,21602,1,60.75,2024-09-30 06:23:24+00:00,Unknown,60.75,2024,9,30
83311,50733,21301,1,53.4,2025-01-25 03:57:14+00:00,Unknown,53.4,2025,1,25
78093,49442,21299,2,62.5,2024-12-24 06:51:26+00:00,Unknown,125.0,2024,12,24
82020,51095,22031,1,38.4,2024-07-07 12:06:11+00:00,Unknown,38.4,2024,7,7
84734,50339,22052,2,26.39,2025-02-04 22:06:00+00:00,Unknown,52.78,2025,2,4
85199,49571,21763,2,37.99,2024-10-23 05:21:00+00:00,"Apt. 123 75332 Lockman Mountain, West Mozelle, NJ 37560",75.98,2024,10,23
83352,47664,21986,1,63.59,2024-05-09 14:18:00+00:00,Unknown,63.59,2024,5,9
78691,47786,21933,1,56.0,2025-02-26 02:21:51+00:00,Unknown,56.0,2025,2,26
85266,48768,21593,1,26.39,2024-10-23 03:55:17+00:00,"132 Raynor Islands, Everettton, RI 65551",26.39,2024,10,23
84943,49992,21875,5,48.99,2025-07-17 08:43:22+00:00,"Suite 767 2004 Bernier Spur, South Eddieshire, ME 74373",244.95,2025,7,17
81697,48357,21712,1,88.5,2025-01-05 17:17:58.526000+00:00,Unknown,88.5,2025,1,5
81282,51124,21481,2,27.3,2024-09-21 18:57:00+00:00,Unknown,54.6,2024,9,21
82257,49915,21847,2,69.0,2024-03-21 00:14:59.538000+00:00,Unknown,138.0,2024,3,21
83070,48545,21319,1,27.59,2025-02-27 17:40:53+00:00,Unknown,27.59,2025,2,27
81332,50994,21302,1,25.5,2025-03-17 13:13:00+00:00,"8393 Barton Mountains, New Raynabury, WI 50795",25.5,2025,3,17
80523,48942,21902,2,22.0,2024-11-23 12:30:36+00:00,Unknown,44.0,2024,11,23
85519,50703,21309,1,27.0,2024-09-29 16:06:00+00:00,Unknown,27.0,2024,9,29
85044,47753,21782,1,54.25,2025-07-28 10:37:17+00:00,Unknown,54.25,2025,7,28
85045,48125,21797,1,20.0,2025-08-30 06:52:34+00:00,Unknown,20.0,2025,8,30
85898,48754,21778,1,52.2,2024-06-12 00:18:00+00:00,Unknown,52.2,2024,6,12
84637,50423,21314,1,83.4,2024-07-29 17:38:00+00:00,Unknown,83.4,2024,7,29
78360,48556,22041,1,50.7,2024-12-15 16:26:13+00:00,Unknown,50.7,2024,12,15
77808,48864,22026,1,58.0,2025-01-27 19:23:00+00:00,Unknown,58.0,2025,1,27
85643,48506,21745,3,20.0,2024-10-21 04:18:21+00:00,Unknown,60.0,2024,10,21
80840,48102,21876,1,39.59,2025-04-13 05:38:49.253000+00:00,Unknown,39.59,2025,4,13
78011,50784,21397,2,71.5,2025-07-14 06:16:44+00:00,Unknown,143.0,2025,7,14
83382,48985,21845,1,72.5,2024-12-22 10:24:24+00:00,Unknown,72.5,2024,12,22
77802,47769,21881,3,63.25,2025-01-13 04:40:10+00:00,"Suite 993 45500 Shelton Stream, Port Donnie, SC 26274",189.75,2025,1,13
78836,50059,21335,1,32.99,2025-03-26 22:20:50+00:00,Unknown,32.99,2025,3,26
82242,50276,21891,1,64.99,2024-10-11 03:58:52+00:00,Unknown,64.99,2024,10,11
81312,49881,21942,1,21.9,2024-08-18 17:13:00+00:00,"235 Kulas Mill, McCulloughborough, WV 42936-2898",21.9,2024,8,18
79757,50130,21828,1,16.0,2024-08-17 18:06:49+00:00,Unknown,16.0,2024,8,17
78473,50420,21667,1,55.0,2025-04-01 21:40:00+00:00,Unknown,55.0,2025,4,1
82813,50007,21338,1,44.39,2024-12-06 00:45:37+00:00,"Apt. 742 61092 Riley Parkways, Kemmerchester, SD 67418",44.39,2024,12,6
80182,51096,21563,1,73.75,2024-01-28 11:06:48+00:00,Unknown,73.75,2024,1,28
82684,48908,21303,2,66.0,2024-07-25 05:34:00+00:00,Unknown,132.0,2024,7,25
85725,49986,21548,1,42.99,2024-06-19 21:06:00+00:00,Unknown,42.99,2024,6,19
85324,50028,21600,1,24.0,2024-07-11 10:39:07+00:00,Unknown,24.0,2024,7,11
82581,47803,21505,3,44.25,2024-12-05 10:38:04+00:00,Unknown,132.75,2024,12,5
77630,47775,21366,1,29.5,2025-02-21 10:07:00+00:00,"Apt. 671 597 Merle Parkways, Elroymouth, UT 44054",29.5,2025,2,21
80449,49302,22050,1,67.5,2025-02-20 19:39:11+00:00,Unknown,67.5,2025,2,20
86419,50766,22037,2,26.5,2025-01-07 20:37:27+00:00,Unknown,53.0,2025,1,7
86022,49363,21732,1,62.0,2024-12-30 19:42:00+00:00,Unknown,62.0,2024,12,30
80227,48921,21957,1,57.25,2025-01-07 13:33:00+00:00,Unknown,57.25,2025,1,7
82891,50859,21372,2,44.1,2025-01-01 06:41:21+00:00,Unknown,88.2,2025,1,1
81150,50048,21403,2,57.25,2024-10-11 09:03:00+00:00,Unknown,114.5,2024,10,11
80958,48560,21484,1,16.5,2024-08-17 05:16:04+00:00,Unknown,16.5,2024,8,17
79727,47916,21938,2,74.0,2025-02-07 01:45:00+00:00,Unknown,148.0,2025,2,7
77872,50509,21341,2,24.0,2024-08-27 18:27:36+00:00,Unknown,48.0,2024,8,27
78061,50500,21343,1,76.0,2025-04-30 00:39:50.691000+00:00,Unknown,76.0,2025,4,30
80804,49597,21618,1,49.5,2025-06-28 05:19:20+00:00,Unknown,49.5,2025,6,28
85837,48852,22053,1,69.0,2024-12-31 10:35:00+00:00,Unknown,69.0,2024,12,31
85658,50852,21530,1,61.2,2024-06-03 11:07:00+00:00,Unknown,61.2,2024,6,3
81258,47924,21783,1,62.25,2024-12-05 12:20:00+00:00,"Suite 807 5324 Benito Highway, Vandervortberg, WI 85664",62.25,2024,12,5
86260,48130,21608,2,51.25,2024-12-25 00:42:00+00:00,"Suite 969 7846 Rocio Rue, Dachchester, HI 26095-4420",102.5,2024,12,25
85128,49251,21672,1,82.5,2024-12-29 23:58:00+00:00,Unknown,82.5,2024,12,29
85108,50259,21434,3,26.0,2024-07-31 12:50:16+00:00,"Suite 955 308 Gilberto Loop, Boylefort, MI 54390",78.0,2024,7,31
79146,48235,21568,2,27.0,2024-05-27 09:10:45+00:00,Unknown,54.0,2024,5,27
79501,49197,21897,2,56.0,2024-12-16 02:40:58+00:00,"13852 Rebecca Square, South Benberg, GA 87277",112.0,2024,12,16
77738,48001,21689,1,21.5,2025-05-05 07:42:38+00:00,Unknown,21.5,2025,5,5
81411,47956,21547,1,56.5,2025-05-01 20:37:02+00:00,Unknown,56.5,2025,5,1
80781,48811,21797,2,17.0,2024-11-25 13:04:20.348000+00:00,Unknown,34.0,2024,11,25
85954,50121,21614,2,68.39,2025-05-05 05:37:00+00:00,Unknown,136.78,2025,5,5
82535,49882,22047,1,65.25,2025-03-21 20:27:17+00:00,Unknown,65.25,2025,3,21
85060,48302,21749,1,89.1,2024-06-02 10:54:13+00:00,Unknown,89.1,2024,6,2
78761,47702,21495,2,53.0,2024-12-20 17:34:20+00:00,Unknown,106.0,2024,12,20
81476,50071,21970,1,70.0,2024-12-08 01:04:32+00:00,Unknown,70.0,2024,12,8
81847,50632,21984,1,56.0,2025-05-28 19:55:37+00:00,Unknown,56.0,2025,5,28
84569,49971,21959,4,71.5,2025-07-27 06:32:57+00:00,Unknown,286.0,2025,7,27
79301,50807,21825,1,34.99,2024-10-09 23:31:20+00:00,Unknown,34.99,2024,10,9
79208,48371,21561,2,66.5,2025-04-25 06:28:12+00:00,Unknown,133.0,2025,4,25
84092,48649,21490,1,64.0,2024-05-28 02:35:53+00:00,"Apt. 960 80286 Witting Lock, East Oswaldo, NV 99740-6893",64.0,2024,5,28
82350,49677,21720,1,34.8,2024-10-30 15:27:24+00:00,Unknown,34.8,2024,10,30
78434,48031,21774,5,18.5,2024-09-14 19:24:00+00:00,Unknown,92.5,2024,9,14
85949,48690,21779,2,38.1,2025-08-21 00:08:00+00:00,Unknown,76.2,2025,8,21
79198,50274,21885,1,48.0,2025-02-06 13:38:11+00:00,"Suite 269 14406 Oren Burg, West Cecilton, MO 47459-7388",48.0,2025,2,6
84659,49280,21319,1,30.0,2025-07-10 00:02:56+00:00,Unknown,30.0,2025,7,10
83298,49348,21485,1,47.25,2024-09-29 17:24:26+00:00,Unknown,47.25,2024,9,29
85291,47911,22031,1,31.5,2024-05-20 13:27:08+00:00,Unknown,31.5,2024,5,20
77966,48098,21527,1,32.1,2025-02-10 08:53:00+00:00,Unknown,32.1,2025,2,10
81998,49372,21861,1,46.2,2025-01-30 17:49:52+00:00,"Suite 502 51922 Casper Orchard, Shawnchester, KY 16166",46.2,2025,1,30
85802,48433,21727,1,20.4,2024-10-05 12:10:10+00:00,"3297 Glen Brooks, Port Werner, AR 93198",20.4,2024,10,5
83897,49199,21612,1,17.99,2024-10-02 04:58:39+00:00,Unknown,17.99,2024,10,2
83802,48292,21740,1,69.59,2025-06-03 17:27:34+00:00,"Suite 893 1009 Wiza Point, Lake Patrickville, WA 90736-5080",69.59,2025,6,3
82010,49618,21870,5,61.5,2024-09-15 13:56:23+00:00,Unknown,307.5,2024,9,15
84269,47996,22013,2,52.8,2025-05-01 07:32:00+00:00,Unknown,105.6,2025,5,1
81210,50772,22055,1,54.0,2025-02-06 22:39:14+00:00,Unknown,54.0,2025,2,6
85741,49035,21637,1,52.25,2025-01-01 11:43:08+00:00,Unknown,52.25,2025,1,1
79458,50970,21323,3,45.99,2024-11-06 00:41:00+00:00,Unknown,137.97,2024,11,6
82673,49052,21516,1,53.0,2024-06-30 12:37:57+00:00,"22908 Kihn Forks, Patricefurt, WY 33453",53.0,2024,6,30
81463,50999,21728,1,50.25,2024-10-30 06:18:04+00:00,"Suite 599 2908 Brigette Estates, New Herbert, OK 89273-8427",50.25,2024,10,30
84166,49751,21392,1,62.39,2025-06-07 10:17:10+00:00,"4042 Robt Walk, Kertzmannburgh, ND 24740-5682",62.39,2025,6,7
83809,49456,21428,2,78.0,2025-05-31 23:03:00+00:00,Unknown,156.0,2025,5,31
81432,49163,21475,5,28.5,2025-01-31 16:19:00+00:00,Unknown,142.5,2025,1,31
78190,48893,21961,1,33.6,2024-10-14 20:35:00+00:00,Unknown,33.6,2024,10,14
81035,50932,21723,1,55.8,2024-10-19 17:26:05+00:00,Unknown,55.8,2024,10,19
80613,48016,21957,1,57.5,2024-05-10 15:09:25+00:00,Unknown,57.5,2024,5,10
81648,50049,21549,1,28.0,2024-08-15 11:50:54+00:00,Unknown,28.0,2024,8,15
84664,48766,21335,1,31.5,2025-05-01 07:33:33+00:00,Unknown,31.5,2025,5,1
81842,50518,21714,2,43.5,2025-04-16 14:13:23+00:00,Unknown,87.0,2025,4,16
86203,48723,21677,3,38.4,2025-04-26 08:05:02+00:00,Unknown,115.2,2025,4,26
83453,47776,21634,1,70.5,2024-08-14 19:13:36+00:00,Unknown,70.5,2024,8,14
83211,48399,22052,1,32.1,2024-11-05 11:45:03+00:00,Unknown,32.1,2024,11,5
77793,50018,21704,1,52.25,2025-02-03 04:09:39.592000+00:00,Unknown,52.25,2025,2,3
82495,50881,21648,2,21.5,2025-03-03 07:50:00+00:00,"8462 Brown Mission, East Clarisa, CT 05654",43.0,2025,3,3
85465,49877,21610,4,52.99,2024-10-30 01:37:24.723000+00:00,"415 Mraz Radial, South Dannielle, AZ 63333",211.96,2024,10,30
82145,48539,22009,1,29.0,2025-02-03 11:07:38+00:00,Unknown,29.0,2025,2,3
80065,48726,21856,3,38.0,2025-05-27 13:02:15+00:00,Unknown,114.0,2025,5,27
79153,48658,21923,2,16.5,2025-01-07 17:31:38+00:00,"478 Pamella Corner, New Gilbert, OH 69497-2758",33.0,2025,1,7
83747,49155,22017,1,32.4,2025-01-15 03:22:36+00:00,Unknown,32.4,2025,1,15
83719,50996,21477,2,22.8,2024-11-13 13:18:00+00:00,Unknown,45.6,2024,11,13
83066,48470,21818,4,21.5,2025-06-02 20:55:00+00:00,Unknown,86.0,2025,6,2
86234,49808,21398,3,39.6,2025-05-20 21:58:30+00:00,"Suite 689 527 Ryan Ways, Anamariatown, ND 45388-4441",118.8,2025,5,20
79510,50057,21336,1,83.99,2025-01-13 08:03:14+00:00,Unknown,83.99,2025,1,13
83579,50767,21789,1,28.25,2025-01-07 22:56:52+00:00,Unknown,28.25,2025,1,7
78420,48102,21320,2,60.0,2025-03-31 10:06:12+00:00,"Suite 435 973 Delena Mews, Klingville, DE 66629",120.0,2025,3,31
85010,49795,21767,1,32.0,2025-05-19 09:29:57+00:00,"Suite 648 22742 Gary Cliff, Baileybury, ME 26271-5894",32.0,2025,5,19
81203,47680,21968,4,19.0,2024-09-18 06:36:00+00:00,Unknown,76.0,2024,9,18
85061,48511,21476,1,47.4,2025-01-27 21:53:00+00:00,"282 Kilback Mountain, Lake Sonya, SD 74072",47.4,2025,1,27
83683,50564,21857,1,21.0,2024-09-11 17:47:00+00:00,Unknown,21.0,2024,9,11
80841,49434,21370,1,73.8,2024-12-17 07:03:00+00:00,Unknown,73.8,2024,12,17
77638,50948,21744,1,54.0,2025-03-14 13:01:23+00:00,"547 Bins Route, Kiehnland, VT 03453-4519",54.0,2025,3,14
84439,49489,21662,1,25.75,2025-01-21 15:09:40+00:00,"Suite 970 2547 Kling Curve, Lake Nenaport, ME 49193",25.75,2025,1,21
85926,50742,21729,1,46.0,2024-12-06 21:21:05+00:00,Unknown,46.0,2024,12,6
78715,48476,21950,2,61.8,2024-12-29 13:24:59+00:00,Unknown,123.6,2024,12,29
79360,49895,21737,2,25.8,2024-11-17 15:28:05+00:00,"Suite 825 140 Jarred Highway, East Jesschester, NM 64492-4553",51.6,2024,11,17
77874,49177,21861,1,36.0,2025-06-26 18:17:09+00:00,Unknown,36.0,2025,6,26
84268,49098,21616,2,49.19,2025-02-10 08:43:00+00:00,"Apt. 794 879 Erich Fields, Emersonshire, DE 29478",98.38,2025,2,10
85885,49907,21964,1,69.5,2024-09-10 21:16:31+00:00,Unknown,69.5,2024,9,10
78098,49730,21393,2,52.0,2025-06-17 23:50:10+00:00,Unknown,104.0,2025,6,17
84466,49359,21928,1,15.5,2024-09-18 07:16:56+00:00,"Apt. 384 104 Archie Plaza, Koreytown, NY 22003",15.5,2024,9,18
81885,50580,21664,2,43.5,2025-01-04 01:38:31+00:00,Unknown,87.0,2025,1,4
81724,50555,21327,1,20.99,2025-03-03 15:01:34.038000+00:00,"Apt. 493 97063 Jerrell Corner, West Kevenborough, NY 41969",20.99,2025,3,3
85020,50453,21884,1,30.25,2025-03-01 20:53:59+00:00,"80524 Andre Crossroad, Hillltown, MI 27347",30.25,2025,3,1
80726,47752,21825,1,38.75,2025-02-17 23:12:00+00:00,Unknown,38.75,2025,2,17
80547,50463,21870,2,78.6,2024-08-07 21:09:12+00:00,Unknown,157.2,2024,8,7
85904,50906,21601,1,63.6,2025-06-05 21:43:47+00:00,Unknown,63.6,2025,6,5
84334,49395,21348,1,21.0,2024-12-20 10:16:28+00:00,Unknown,21.0,2024,12,20
83814,48196,21784,1,78.3,2025-04-30 05:51:55+00:00,Unknown,78.3,2025,4,30
82082,50219,21523,4,14.5,2024-08-11 23:54:16+00:00,Unknown,58.0,2024,8,11
80731,48663,21914,1,69.99,2025-02-23 06:12:00+00:00,Unknown,69.99,2025,2,23
85613,50273,21501,1,18.6,2025-04-14 06:30:17+00:00,"Apt. 134 902 Jones Court, East Tonisha, PA 37022",18.6,2025,4,14
79968,47804,21683,1,59.4,2024-03-10 07:32:58.446000+00:00,Unknown,59.4,2024,3,10
79425,48887,21974,1,61.0,2025-03-26 17:00:31+00:00,Unknown,61.0,2025,3,26
85891,47666,21744,1,52.0,2024-03-21 12:12:14+00:00,Unknown,52.0,2024,3,21
78057,48571,21919,4,55.0,2024-11-22 09:03:45+00:00,"22889 Purdy Ranch, Kossfurt, IL 03702-4375",220.0,2024,11,22
82631,50196,21829,4,72.99,2025-03-09 17:41:00+00:00,Unknown,291.96,2025,3,9
78987,48642,21640,4,45.5,2024-12-31 07:08:21+00:00,Unknown,182.0,2024,12,31
84965,50616,21984,1,62.4,2025-03-07 00:04:00+00:00,"753 Luciano Key, West Pasqualeside, IN 98342-9677",62.4,2025,3,7
85098,48647,21825,2,42.0,2024-09-25 19:53:27+00:00,Unknown,84.0,2024,9,25
80908,48071,21826,4,56.7,2025-03-06 05:21:08+00:00,"2158 Nikolaus Summit, West Lucien, PA 91232-3647",226.8,2025,3,6
86488,48273,21678,4,90.0,2025-01-17 07:43:00+00:00,"2683 Grant Summit, Marioport, LA 54515-9028",360.0,2025,1,17
84972,50181,21404,1,22.99,2024-07-19 01:23:27+00:00,Unknown,22.99,2024,7,19
80969,51027,21630,2,34.0,2024-12-06 17:02:58+00:00,Unknown,68.0,2024,12,6
86288,50179,21297,1,27.0,2025-02-01 09:38:43.529000+00:00,Unknown,27.0,2025,2,1
80379,49699,21577,1,66.0,2024-11-10 14:58:10+00:00,Unknown,66.0,2024,11,10
81478,50838,21521,1,53.25,2024-09-06 14:33:07+00:00,Unknown,53.25,2024,9,6
80109,50936,21982,1,41.0,2024-09-01 22:48:00+00:00,Unknown,41.0,2024,9,1
77842,50352,21555,2,47.0,2024-12-26 21:56:00+00:00,Unknown,94.0,2024,12,26
79507,49006,21510,1,25.0,2025-01-16 17:13:44.157000+00:00,"Suite 103 780 Shella Camp, Rohanhaven, OR 10178-1326",25.0,2025,1,16
84983,48831,21323,2,43.25,2024-07-06 20:07:00+00:00,Unknown,86.5,2024,7,6
79090,47836,21579,1,69.99,2025-02-18 01:37:18+00:00,Unknown,69.99,2025,2,18
77993,48896,21512,1,83.1,2024-05-03 09:24:06+00:00,Unknown,83.1,2024,5,3
80826,50073,21915,2,34.0,2024-03-15 04:22:20+00:00,Unknown,68.0,2024,3,15
79443,48756,21968,1,24.9,2024-10-15 11:13:39+00:00,"7597 Satterfield Hills, West Lindsay, CO 78066-1035",24.9,2024,10,15
83183,48315,21783,2,64.5,2025-02-14 00:01:14+00:00,"Suite 254 4938 Suzi Mountains, East Clarita, AZ 94847-2479",129.0,2025,2,14
80318,48850,21846,1,20.0,2024-12-07 22:03:00+00:00,Unknown,20.0,2024,12,7
80169,50888,21412,1,15.99,2024-11-30 23:23:08+00:00,Unknown,15.99,2024,11,30
83302,50975,21754,1,32.25,2024-08-28 09:58:45+00:00,Unknown,32.25,2024,8,28
81636,50783,21635,1,38.75,2024-10-19 22:02:37+00:00,Unknown,38.75,2024,10,19
79399,50216,21659,3,41.7,2024-09-02 22:10:37+00:00,"Apt. 245 8166 Rebecka Wall, South Lucillaland, HI 22061",125.1,2024,9,2
86007,50750,21449,1,51.0,2024-09-15 00:28:07+00:00,"4421 Reanna Mills, Port Jenice, OH 13336-1358",51.0,2024,9,15
82162,48573,21865,1,68.75,2024-12-15 21:12:00+00:00,Unknown,68.75,2024,12,15
81141,49477,21339,1,67.0,2024-10-05 12:55:08+00:00,"Suite 412 570 Cristobal Mission, Port Wilbert, AZ 25449-4092",67.0,2024,10,5
82297,48610,21361,2,78.9,2025-05-11 15:38:00+00:00,Unknown,157.8,2025,5,11
78144,48859,21872,1,37.0,2024-12-28 22:11:43+00:00,Unknown,37.0,2024,12,28
81324,47852,21361,1,61.99,2025-01-21 20:58:07.122000+00:00,Unknown,61.99,2025,1,21
81416,48480,21953,1,51.0,2024-11-26 06:04:43+00:00,"Apt. 304 890 Swift Divide, East Jarrett, CO 69861",51.0,2024,11,26
82529,50809,21322,1,31.75,2025-03-17 07:28:53+00:00,Unknown,31.75,2025,3,17
78897,49162,21477,3,24.6,2024-06-28 02:00:00+00:00,Unknown,73.8,2024,6,28
78172,48296,21593,3,20.99,2025-01-02 02:53:11+00:00,Unknown,62.97,2025,1,2
82830,51119,21744,4,68.39,2024-11-10 13:02:00+00:00,Unknown,273.56,2024,11,10
80362,48923,21824,4,63.75,2024-07-20 23:15:00+00:00,Unknown,255.0,2024,7,20
79643,49970,21840,1,18.25,2025-01-01 07:27:25+00:00,Unknown,18.25,2025,1,1
83394,48095,21860,2,57.0,2025-02-04 11:39:00+00:00,Unknown,114.0,2025,2,4
84090,49324,22004,1,68.0,2025-06-08 14:49:25.132000+00:00,Unknown,68.0,2025,6,8
81062,49989,21340,1,51.5,2024-10-14 12:05:59+00:00,Unknown,51.5,2024,10,14
84589,47761,21782,1,56.25,2024-11-28 13:13:00+00:00,Unknown,56.25,2024,11,28
85498,49534,21869,4,33.9,2024-12-27 18:06:00+00:00,Unknown,135.6,2024,12,27
80834,51023,21913,1,44.75,2024-06-01 10:28:41+00:00,"Suite 409 5403 Gleichner Cove, Satterfieldburgh, MO 64561",44.75,2024,6,1
82578,49934,21674,1,25.2,2025-01-07 09:54:23+00:00,Unknown,25.2,2025,1,7
79298,47752,21465,4,86.4,2024-05-03 07:21:00+00:00,Unknown,345.6,2024,5,3
80709,50266,21729,1,42.0,2024-11-20 11:49:31+00:00,"Apt. 478 882 Lucas Loaf, Mosciskiport, AZ 49312",42.0,2024,11,20
78073,48883,21554,1,71.0,2025-02-27 05:55:04.417000+00:00,"2384 Lecia Parkway, East Danille, NM 81132",71.0,2025,2,27
82625,48770,21298,3,51.99,2024-10-01 20:17:00+00:00,Unknown,155.97,2024,10,1
83327,48024,21571,1,19.25,2025-03-02 11:49:02+00:00,Unknown,19.25,2025,3,2
82505,49720,21453,1,64.8,2024-04-15 18:48:47+00:00,Unknown,64.8,2024,4,15
78627,51127,22046,1,72.3,2025-08-09 15:48:08+00:00,"Apt. 892 49655 Mante Islands, West Cordelia, ND 08250-2878",72.3,2025,8,9
79234,50660,21578,1,21.0,2025-01-24 13:36:00+00:00,"9185 Lee Street, Powlowskiview, TN 76526-0969",21.0,2025,1,24
82932,47781,21638,1,46.75,2025-01-10 15:23:00+00:00,Unknown,46.75,2025,1,10
83278,49344,21392,2,51.0,2024-10-04 05:39:32+00:00,Unknown,102.0,2024,10,4
80469,49318,21593,1,22.0,2025-04-12 18:45:00+00:00,Unknown,22.0,2025,4,12
80392,49264,21494,2,61.99,2024-10-02 03:04:14+00:00,"12318 Goyette Path, Lake Parker, TX 43540-8017",123.98,2024,10,2
78849,50100,21653,1,36.5,2025-01-28 05:16:00+00:00,Unknown,36.5,2025,1,28
80200,50409,21942,1,17.99,2025-04-11 17:47:00+00:00,"Apt. 535 970 Elza Point, Trevorfort, TX 12034-5465",17.99,2025,4,11
82080,49258,21371,1,51.0,2025-04-14 23:18:18+00:00,Unknown,51.0,2025,4,14
81138,47915,21700,1,43.75,2025-04-12 08:42:23+00:00,Unknown,43.75,2025,4,12
82471,50740,21451,1,74.5,2024-08-10 06:01:08+00:00,Unknown,74.5,2024,8,10
81294,49698,21900,2,73.25,2024-12-02 14:04:00+00:00,Unknown,146.5,2024,12,2
85959,50905,21696,1,41.75,2025-01-22 12:05:00+00:00,Unknown,41.75,2025,1,22
83265,49761,21443,5,25.5,2025-02-08 14:43:33+00:00,"Suite 879 223 Alice Manor, Port Ji, AL 67122-2415",127.5,2025,2,8
84498,48013,21707,1,85.8,2024-11-14 16:13:52+00:00,Unknown,85.8,2024,11,14
78249,50287,21330,1,57.6,2025-07-24 07:02:49+00:00,Unknown,57.6,2025,7,24
85370,48572,21700,1,43.25,2025-03-18 21:31:33+00:00,Unknown,43.25,2025,3,18
78531,48661,21889,1,45.0,2025-05-04 05:11:35+00:00,Unknown,45.0,2025,5,4
78220,48400,21564,1,71.0,2025-04-09 23:05:12+00:00,Unknown,71.0,2025,4,9
83738,50071,21749,1,74.25,2024-08-17 01:51:51+00:00,Unknown,74.25,2024,8,17
78208,50847,21418,1,30.0,2024-11-12 03:46:22+00:00,Unknown,30.0,2024,11,12
79773,49597,21527,1,25.0,2025-02-24 22:46:00+00:00,Unknown,25.0,2025,2,24
81029,47671,21931,1,27.25,2024-12-13 00:25:25+00:00,Unknown,27.25,2024,12,13
79826,48246,22020,1,87.6,2024-12-16 19:53:00+00:00,Unknown,87.6,2024,12,16
78380,48490,21870,1,66.0,2024-09-26 15:20:16+00:00,Unknown,66.0,2024,9,26
78154,49978,22029,1,63.0,2025-05-29 19:00:14+00:00,Unknown,63.0,2025,5,29
82835,48242,21390,1,44.0,2025-03-22 15:03:52+00:00,Unknown,44.0,2025,3,22
86029,50545,21338,1,43.2,2025-03-06 18:24:13+00:00,Unknown,43.2,2025,3,6
82651,50670,21852,1,49.2,2025-08-13 02:51:18+00:00,"Suite 826 4200 Zofia Crossroad, Wunschside, ID 78241-7661",49.2,2025,8,13
85264,50623,21870,2,78.3,2024-12-25 21:36:00+00:00,Unknown,156.6,2024,12,25
84261,49584,21558,4,18.0,2025-03-19 23:16:37+00:00,"Suite 860 598 Satterfield Spring, Farrahview, AL 75357",72.0,2025,3,19
81271,48310,21972,2,19.99,2024-03-29 12:15:08+00:00,Unknown,39.98,2024,3,29
85696,48847,21681,1,42.0,2024-07-31 03:49:31+00:00,Unknown,42.0,2024,7,31
80355,49256,21995,1,51.6,2025-01-23 12:11:00+00:00,Unknown,51.6,2025,1,23
82389,47719,21444,1,13.99,2024-12-16 09:13:00+00:00,Unknown,13.99,2024,12,16
82557,50752,21421,1,60.25,2025-02-22 03:27:28+00:00,Unknown,60.25,2025,2,22
78664,50079,21695,2,85.2,2025-04-14 07:46:00+00:00,Unknown,170.4,2025,4,14
79596,49050,21969,1,55.5,2025-01-16 18:17:00+00:00,Unknown,55.5,2025,1,16
80917,50462,21595,5,62.7,2025-05-24 13:53:00+00:00,"20029 Mosciski Mount, Kohlerfort, AL 22806-1846",313.5,2025,5,24
81377,48635,21340,1,47.5,2024-11-18 01:28:03+00:00,Unknown,47.5,2024,11,18
78909,47940,22023,3,15.9,2024-12-19 02:55:00+00:00,Unknown,47.7,2024,12,19
78359,49126,21434,1,33.0,2025-05-11 22:23:48.640000+00:00,Unknown,33.0,2025,5,11
80011,49918,21634,1,70.0,2025-02-09 21:15:45+00:00,Unknown,70.0,2025,2,9
78126,49554,21452,1,72.0,2025-03-21 18:36:44.236000+00:00,Unknown,72.0,2025,3,21
81091,47670,21636,5,18.25,2025-06-21 21:10:57.765000+00:00,Unknown,91.25,2025,6,21
84939,48337,21889,1,44.5,2024-05-29 13:01:58+00:00,"323 Tiesha Row, Fisherchester, KS 51971-3420",44.5,2024,5,29
79167,49260,21649,3,65.5,2025-06-19 05:06:56+00:00,Unknown,196.5,2025,6,19
79371,49107,21726,2,57.59,2024-07-31 11:09:30+00:00,Unknown,115.18,2024,7,31
82325,49981,22055,3,51.25,2024-12-03 11:13:00+00:00,Unknown,153.75,2024,12,3
86465,48634,21743,3,35.99,2024-07-01 10:19:00+00:00,Unknown,107.97,2024,7,1
85025,50715,22011,1,73.5,2025-01-29 02:03:03+00:00,"Suite 301 1622 Mohammad Key, North Kerryton, SC 48054",73.5,2025,1,29
80782,50858,21387,4,62.4,2025-03-25 20:39:19+00:00,Unknown,249.6,2025,3,25
83522,48322,21366,1,40.2,2024-06-20 22:54:42+00:00,Unknown,40.2,2024,6,20
86253,49884,21885,2,50.25,2025-04-23 03:05:44+00:00,"Apt. 859 145 Lueilwitz Centers, Kimberyfort, CA 25953",100.5,2025,4,23
83918,51094,21472,1,32.0,2024-12-18 12:56:45+00:00,Unknown,32.0,2024,12,18
84229,50655,21845,1,70.0,2024-09-19 03:57:57+00:00,Unknown,70.0,2024,9,19
81359,50516,21601,1,63.6,2024-07-13 19:19:00+00:00,Unknown,63.6,2024,7,13
83654,47964,21369,1,42.0,2024-05-23 00:54:05+00:00,Unknown,42.0,2024,5,23
85274,49539,21931,1,30.0,2024-09-13 14:03:00+00:00,Unknown,30.0,2024,9,13
77687,50111,21989,1,70.25,2024-05-21 05:40:00+00:00,"257 Terry Landing, Kautzerfurt, AZ 06412-6488",70.25,2024,5,21
80776,49212,22017,3,36.6,2024-08-24 08:06:00+00:00,"36356 Davis Plains, Dannyshire, TN 38781",109.8,2024,8,24
80976,48941,21399,2,68.75,2024-07-26 07:00:54.022000+00:00,Unknown,137.5,2024,7,26
82403,48137,21897,1,64.2,2025-01-07 11:39:14+00:00,Unknown,64.2,2025,1,7
83479,47765,21881,1,60.99,2025-02-14 14:34:14+00:00,Unknown,60.99,2025,2,14
79816,50820,21412,4,17.0,2024-10-22 13:29:00+00:00,Unknown,68.0,2024,10,22
79464,50491,21586,3,41.99,2024-08-09 19:07:39+00:00,"466 Rau Gateway, North Mickieland, NY 36939",125.97,2024,8,9
84134,48553,21874,1,69.5,2024-11-12 18:15:13+00:00,Unknown,69.5,2024,11,12
81895,49422,21783,1,72.9,2024-09-11 00:40:00+00:00,"21832 Abernathy Forge, Trompchester, WI 89456-0776",72.9,2024,9,11
78095,48104,21710,3,70.5,2024-11-01 20:17:10+00:00,Unknown,211.5,2024,11,1
83636,48420,21360,1,62.5,2024-05-23 01:18:30+00:00,Unknown,62.5,2024,5,23
78850,48378,21782,1,58.25,2024-12-17 01:24:52+00:00,Unknown,58.25,2024,12,17
86217,48076,21702,3,66.0,2025-04-02 18:49:31+00:00,Unknown,198.0,2025,4,2
78756,50299,21367,3,31.99,2025-05-01 10:55:00+00:00,Unknown,95.97,2025,5,1
82520,49877,22012,1,73.8,2025-03-19 01:31:03+00:00,"415 Mraz Radial, South Dannielle, AZ 63333",73.8,2025,3,19
85031,48209,21891,1,80.39,2025-05-25 02:28:56+00:00,"317 Zboncak Canyon, Port Tyson, WY 68449",80.39,2025,5,25
81307,48094,21368,1,51.3,2024-10-13 08:09:00+00:00,Unknown,51.3,2024,10,13
81288,48345,21472,1,33.25,2024-11-02 04:56:00+00:00,Unknown,33.25,2024,11,2
84485,49915,21345,1,72.0,2025-04-19 04:51:20+00:00,"306 Bobbi Terrace, Ronaldside, CO 74993",72.0,2025,4,19
85499,49896,21464,3,64.25,2025-02-27 17:11:00+00:00,"5040 Elfriede Forges, Lake Argentina, MI 25198",192.75,2025,2,27
82730,50152,21929,1,57.99,2025-03-27 02:48:00+00:00,Unknown,57.99,2025,3,27
83709,50747,21856,1,48.0,2024-08-10 06:55:10+00:00,Unknown,48.0,2024,8,10
78117,49517,21298,1,51.25,2025-01-18 16:28:24+00:00,"56632 Dietrich Rapids, Lake Bao, UT 77562-3098",51.25,2025,1,18
80945,48941,21819,2,59.25,2025-03-10 00:24:10+00:00,Unknown,118.5,2025,3,10
79262,49533,21905,2,34.8,2024-12-02 01:09:05+00:00,"91578 Herschel Island, West Kelsie, WY 00381-5051",69.6,2024,12,2
82116,51078,21941,2,53.5,2024-05-01 07:56:58+00:00,Unknown,107.0,2024,5,1
77632,47984,22054,5,82.79,2024-05-25 03:07:10+00:00,Unknown,413.95,2024,5,25
77837,50035,21428,3,78.0,2025-07-13 11:26:00+00:00,Unknown,234.0,2025,7,13
86093,49556,21711,1,24.0,2025-03-27 12:37:00+00:00,Unknown,24.0,2025,3,27
77700,48266,22017,3,31.2,2025-05-08 15:11:00+00:00,Unknown,93.6,2025,5,8
84975,48433,21742,1,35.5,2024-10-02 11:26:01+00:00,Unknown,35.5,2024,10,2
80601,48051,21761,1,28.75,2024-11-27 19:45:00+00:00,"718 Powlowski Wells, Lake Waltonfort, IA 55181-7716",28.75,2024,11,27
81981,49734,21667,1,56.5,2025-03-15 20:40:00+00:00,"725 Zemlak Brooks, Aldofurt, WI 24195-9238",56.5,2025,3,15
86250,49824,21972,1,19.0,2024-10-20 03:12:29+00:00,"401 Schoen Canyon, North Oliveburgh, RI 35963",19.0,2024,10,20
84309,49792,21691,1,17.4,2024-09-17 13:30:47+00:00,Unknown,17.4,2024,9,17
81428,47843,21691,1,16.99,2025-05-11 05:13:35+00:00,Unknown,16.99,2025,5,11
79837,48647,21532,3,13.25,2025-02-19 07:51:50+00:00,Unknown,39.75,2025,2,19
82814,50956,21856,1,48.0,2025-01-31 19:54:00+00:00,Unknown,48.0,2025,1,31
82739,48983,21877,1,92.1,2025-03-13 01:26:11+00:00,Unknown,92.1,2025,3,13
83088,49124,21946,2,67.19,2025-06-09 18:51:44+00:00,Unknown,134.38,2025,6,9
81557,47806,21585,1,73.2,2025-01-05 18:59:08+00:00,"Apt. 600 97571 Jeffrey Canyon, South Nickolas, WY 44702-8976",73.2,2025,1,5
86437,48170,21526,1,19.75,2024-11-13 15:11:21+00:00,"365 Bartell Views, Lake Numbersland, PA 80850",19.75,2024,11,13
82194,48196,21964,1,88.8,2024-11-27 07:29:49+00:00,Unknown,88.8,2024,11,27
85778,50283,21368,1,42.0,2025-03-21 20:35:20+00:00,Unknown,42.0,2025,3,21
84422,49093,21378,1,44.39,2025-07-26 16:26:29+00:00,Unknown,44.39,2025,7,26
83226,50196,21548,1,37.5,2025-01-15 18:15:00+00:00,Unknown,37.5,2025,1,15
78397,49772,21303,1,64.5,2024-12-25 19:44:53+00:00,Unknown,64.5,2024,12,25
86010,49004,21971,1,51.0,2025-06-12 13:48:06+00:00,Unknown,51.0,2025,6,12
85745,50645,21638,2,45.0,2025-03-23 00:36:46+00:00,Unknown,90.0,2025,3,23
80180,47799,21647,1,51.6,2024-08-21 23:52:00+00:00,"785 Heaney Walks, Ruthmouth, WV 32930-2880",51.6,2024,8,21
78103,50417,21482,1,63.75,2024-09-26 22:09:31+00:00,"Apt. 737 411 Nienow Locks, Davidberg, LA 88645-3652",63.75,2024,9,26
77729,47977,22009,2,27.25,2024-07-24 00:53:24+00:00,Unknown,54.5,2024,7,24
85597,47906,21382,5,57.6,2024-12-25 02:43:00+00:00,Unknown,288.0,2024,12,25
82037,50788,21680,1,51.0,2024-05-23 11:53:21+00:00,Unknown,51.0,2024,5,23
83539,48173,21985,1,19.0,2025-09-03 21:39:00+00:00,Unknown,19.0,2025,9,3
79383,48835,21815,2,17.4,2025-01-30 13:25:50+00:00,Unknown,34.8,2025,1,30
86425,50110,21758,2,42.75,2024-08-13 18:53:00+00:00,Unknown,85.5,2024,8,13
77622,50719,21464,1,65.25,2025-06-08 16:00:42.430000+00:00,Unknown,65.25,2025,6,8
81413,51037,21511,2,28.99,2024-02-07 10:42:42+00:00,Unknown,57.98,2024,2,7
84161,48021,21595,1,66.6,2024-11-23 22:08:10+00:00,Unknown,66.6,2024,11,23
80973,49637,21695,2,74.5,2025-04-18 19:38:27+00:00,Unknown,149.0,2025,4,18
78994,49665,21933,1,64.8,2024-08-25 03:35:41+00:00,Unknown,64.8,2024,8,25
84870,50209,21490,1,66.75,2025-04-21 22:10:40+00:00,"Suite 651 770 Zemlak Harbor, Dongborough, MN 23711",66.75,2025,4,21
85844,47813,21348,1,28.2,2024-06-16 09:16:16+00:00,Unknown,28.2,2024,6,16
83259,48219,21945,1,18.6,2024-12-31 01:52:56+00:00,Unknown,18.6,2024,12,31
81357,48191,21507,1,36.5,2024-11-03 19:36:00+00:00,Unknown,36.5,2024,11,3
80982,50608,21373,1,20.25,2024-10-11 01:26:26+00:00,"915 Dick Avenue, Bryantmouth, DE 79333-2257",20.25,2024,10,11
84701,48306,21377,2,57.75,2024-12-23 10:56:00+00:00,Unknown,115.5,2024,12,23
80977,49555,21636,1,13.25,2025-05-15 15:42:00+00:00,"Apt. 958 8836 O'Connell Loaf, Port Martin, CT 07542-7999",13.25,2025,5,15
81517,47680,21553,1,43.75,2024-09-28 16:33:13+00:00,Unknown,43.75,2024,9,28
86301,48682,21956,1,24.5,2024-08-22 07:00:57+00:00,"85641 Chelsie Plaza, Darrenberg, NY 80932-7313",24.5,2024,8,22
81829,48993,21321,1,68.25,2024-10-02 15:55:51+00:00,Unknown,68.25,2024,10,2
79862,48273,21562,1,33.0,2024-06-22 13:10:27+00:00,Unknown,33.0,2024,6,22
81873,48598,21567,2,75.59,2024-11-19 19:02:25+00:00,Unknown,151.18,2024,11,19
86435,50080,21708,1,27.75,2025-01-17 18:13:32+00:00,Unknown,27.75,2025,1,17
85933,49489,21518,1,41.0,2024-10-14 17:50:00+00:00,"Suite 970 2547 Kling Curve, Lake Nenaport, ME 49193",41.0,2024,10,14
82885,48918,21429,1,28.0,2025-01-29 15:29:07+00:00,"3613 Lanita Terrace, New Michalhaven, MS 19919-1667",28.0,2025,1,29
78874,50079,21823,1,63.0,2025-08-22 10:34:06+00:00,"971 Lonny Overpass, South Sonnystad, IL 53263-1321",63.0,2025,8,22
84487,49090,21875,1,47.25,2024-08-13 05:04:23.450000+00:00,Unknown,47.25,2024,8,13
80766,49981,21341,1,23.25,2025-01-11 02:30:53+00:00,"1502 Bauch Causeway, East Isaiasburgh, NV 76961-7124",23.25,2025,1,11
77978,49447,21663,1,85.2,2024-11-04 18:18:00+00:00,Unknown,85.2,2024,11,4
83977,50880,22017,1,37.2,2024-06-21 22:21:23+00:00,Unknown,37.2,2024,6,21
83071,48588,21961,1,30.25,2024-09-08 06:16:27+00:00,Unknown,30.25,2024,9,8
83696,50913,21784,4,66.0,2024-10-20 07:36:00+00:00,Unknown,264.0,2024,10,20
84277,49873,21595,5,61.2,2024-10-26 10:02:02+00:00,Unknown,306.0,2024,10,26
80472,49187,21792,3,75.6,2024-11-25 21:41:00+00:00,Unknown,226.8,2024,11,25
80641,50803,21679,1,30.0,2024-09-10 19:26:11+00:00,"889 Mason Street, Hartmannview, TX 13646",30.0,2024,9,10
80394,50667,22031,1,42.3,2024-05-04 09:55:47+00:00,Unknown,42.3,2024,5,4
82481,49199,21499,2,66.3,2025-03-29 00:07:24+00:00,Unknown,132.6,2025,3,29
80628,50779,22026,1,55.5,2025-06-18 07:51:36+00:00,"1286 Robt Meadow, South Merideth, IN 12514-4525",55.5,2025,6,18
81056,49972,21358,1,18.25,2024-11-29 01:11:32.015000+00:00,Unknown,18.25,2024,11,29
84591,50177,21852,2,42.0,2024-08-28 12:54:00+00:00,Unknown,84.0,2024,8,28
83924,49079,21298,1,65.4,2024-08-28 09:02:00+00:00,"Suite 417 7031 Carter Hill, West Jc, MN 68505",65.4,2024,8,28
83563,48617,21927,1,38.0,2024-12-13 11:53:51+00:00,Unknown,38.0,2024,12,13
79935,48259,21345,1,72.0,2025-02-25 16:25:12+00:00,"1650 Grazyna Common, Weissnathaven, IA 63968-8668",72.0,2025,2,25
80176,49607,21433,1,44.0,2024-12-16 15:47:34+00:00,Unknown,44.0,2024,12,16
81564,49919,21705,1,62.0,2025-03-03 07:25:28+00:00,Unknown,62.0,2025,3,3
82088,49036,21496,1,84.3,2025-01-25 01:24:33+00:00,Unknown,84.3,2025,1,25
82470,49117,22013,1,46.0,2025-03-26 00:52:00+00:00,"58411 Iesha Junctions, New Gordon, NC 18212-2233",46.0,2025,3,26
82433,50148,22047,3,66.25,2024-08-28 11:28:28+00:00,Unknown,198.75,2024,8,28
81161,47816,21994,2,34.0,2025-01-02 04:10:21+00:00,Unknown,68.0,2025,1,2
83447,48711,21300,4,47.1,2025-05-22 20:47:48+00:00,Unknown,188.4,2025,5,22
79189,50465,21875,1,60.6,2025-03-07 08:38:03+00:00,Unknown,60.6,2025,3,7
86064,49840,22030,2,13.0,2025-04-02 12:40:10+00:00,Unknown,26.0,2025,4,2
81939,48675,21968,4,25.8,2025-01-11 07:37:26+00:00,"357 Schuster Square, West Calebton, WY 60789-8884",103.2,2025,1,11
85508,49360,21581,4,47.0,2024-05-17 01:17:29+00:00,Unknown,188.0,2024,5,17
85000,49334,21975,1,65.75,2024-09-11 05:30:33+00:00,Unknown,65.75,2024,9,11
81050,48900,21597,1,78.0,2025-05-01 04:45:30+00:00,Unknown,78.0,2025,5,1
81502,49943,21886,1,47.0,2025-02-04 11:57:00+00:00,Unknown,47.0,2025,2,4
80946,48610,22000,1,35.25,2024-08-04 14:31:20+00:00,"48737 Tawny Underpass, New Rosalvaland, WI 11600",35.25,2024,8,4
83906,47793,21751,1,74.75,2024-09-25 16:34:19.253000+00:00,Unknown,74.75,2024,9,25
84283,49600,21756,1,30.25,2024-12-21 16:46:00+00:00,Unknown,30.25,2024,12,21
81851,48452,21551,1,19.0,2024-07-03 09:51:00+00:00,"Apt. 565 8385 Zena Village, Lake Jacinto, NY 56108",19.0,2024,7,3
85681,47710,22023,1,15.25,2024-07-01 05:02:00+00:00,Unknown,15.25,2024,7,1
78123,49446,22051,1,28.75,2025-03-20 03:53:31+00:00,"Suite 216 21315 Raymundo Track, Bartonburgh, SD 89417-8269",28.75,2025,3,20
81948,49398,21803,5,59.1,2024-09-21 14:00:15+00:00,"Apt. 112 27052 Keebler Freeway, Reginaldshire, ME 87929-7838",295.5,2024,9,21
85139,50409,21719,1,60.0,2025-01-21 10:28:47.901000+00:00,Unknown,60.0,2025,1,21
82897,49035,21934,1,54.6,2024-08-30 05:26:26.092000+00:00,Unknown,54.6,2024,8,30
79575,48156,22046,2,60.5,2024-08-26 17:40:00+00:00,Unknown,121.0,2024,8,26
83692,48655,21848,1,59.99,2025-06-08 09:39:06+00:00,Unknown,59.99,2025,6,8
85136,49973,21876,2,39.0,2025-02-10 02:00:39+00:00,"Apt. 720 392 Kovacek Glens, Legrosville, TX 59606",78.0,2025,2,10
78936,50060,21650,1,74.99,2025-04-28 02:49:03+00:00,Unknown,74.99,2025,4,28
84813,49906,21885,3,50.25,2024-12-26 21:19:00+00:00,Unknown,150.75,2024,12,26
83602,48502,21420,1,21.0,2025-02-04 08:56:36+00:00,Unknown,21.0,2025,2,4
77620,50436,21841,3,58.25,2024-08-27 00:27:10+00:00,"970 Tristan Motorway, Sidneybury, LA 76853",174.75,2024,8,27
78668,49434,21428,1,75.6,2024-08-06 08:08:00+00:00,Unknown,75.6,2024,8,6
83220,48296,21440,1,29.99,2025-01-13 13:11:59+00:00,"62044 Pinkie Keys, Port Willian, IL 80369-2288",29.99,2025,1,13
78361,47922,21621,1,66.75,2024-12-02 16:42:57+00:00,"Suite 326 15400 Zackary Street, New Byron, WY 86136",66.75,2024,12,2
80904,49935,21361,1,77.7,2024-07-09 10:08:00+00:00,Unknown,77.7,2024,7,9
83533,50567,21590,1,38.5,2025-03-14 07:41:56+00:00,"Apt. 512 7572 Torp Forks, Dickinsonstad, SD 28764",38.5,2025,3,14
81452,47790,21590,1,36.5,2024-11-10 09:12:00+00:00,Unknown,36.5,2024,11,10
80066,48056,21672,3,66.0,2025-03-03 15:51:24+00:00,"11708 Clifton Knoll, West Guy, PA 50885",198.0,2025,3,3
82736,50773,21907,5,53.99,2024-10-20 17:03:30+00:00,Unknown,269.95,2024,10,20
78944,50339,21596,1,31.25,2025-01-10 00:16:00+00:00,Unknown,31.25,2025,1,10
79943,49866,21296,3,60.0,2025-04-12 11:42:50+00:00,"Suite 614 8439 Runte Flats, Hackettland, HI 07737",180.0,2025,4,12
83677,50973,21417,2,65.5,2025-02-21 19:35:04+00:00,Unknown,131.0,2025,2,21
83572,50954,21489,1,21.0,2025-01-12 20:04:42+00:00,"2298 Wisozk Village, Cammiebury, MI 02783-9791",21.0,2025,1,12
82824,47849,21564,1,72.99,2025-05-15 15:33:00+00:00,Unknown,72.99,2025,5,15
78739,50396,21414,1,57.0,2024-11-28 02:52:33+00:00,Unknown,57.0,2024,11,28
81637,48445,21756,1,25.0,2025-02-05 20:51:54+00:00,Unknown,25.0,2025,2,5
79626,50825,21793,1,36.3,2025-02-14 23:45:02+00:00,Unknown,36.3,2025,2,14
83762,51024,21470,1,16.5,2024-11-23 18:07:31+00:00,Unknown,16.5,2024,11,23
80562,47815,21935,1,14.5,2025-01-04 20:15:00+00:00,Unknown,14.5,2025,1,4
85423,47837,21670,3,22.0,2025-12-04 01:50:50+00:00,Unknown,66.0,2025,12,4
81708,50248,21711,1,26.39,2024-11-20 01:49:34+00:00,Unknown,26.39,2024,11,20
82103,47728,21630,1,41.99,2025-03-06 01:25:00+00:00,Unknown,41.99,2025,3,6
85512,49769,21692,1,76.8,2024-06-08 22:20:20+00:00,Unknown,76.8,2024,6,8
78108,50857,21587,1,70.25,2024-12-25 22:51:45+00:00,Unknown,70.25,2024,12,25
78121,51126,21641,3,34.0,2025-03-18 17:33:50+00:00,Unknown,102.0,2025,3,18
80948,49179,21654,1,44.5,2024-08-31 07:22:00+00:00,"16759 Strosin Expressway, Templeberg, CO 33974-1483",44.5,2024,8,31
80061,48831,21767,1,42.6,2024-09-20 01:09:00+00:00,"76675 Edmond Heights, South Reubenhaven, VA 42767",42.6,2024,9,20
80891,50430,21851,1,30.9,2024-08-31 20:35:04+00:00,Unknown,30.9,2024,8,31
77770,48626,21585,3,73.5,2024-12-27 05:05:51+00:00,"23229 Gusikowski Island, Wadeton, NY 85184",220.5,2024,12,27
84924,47947,21351,1,36.0,2025-04-13 13:56:30+00:00,"Suite 912 437 Gerlach Camp, East Arlene, VA 83451-6889",36.0,2025,4,13
80396,50316,21891,1,64.5,2024-02-14 02:47:00+00:00,Unknown,64.5,2024,2,14
84149,49094,21525,2,34.75,2024-06-14 21:41:00+00:00,Unknown,69.5,2024,6,14
81534,48595,21725,1,46.79,2024-10-11 04:59:23+00:00,"1004 Prosacco Brooks, Arnetteton, NJ 36922",46.79,2024,10,11
82301,50754,21861,1,37.0,2025-04-09 10:55:29+00:00,Unknown,37.0,2025,4,9
83694,48331,21643,1,14.5,2025-07-15 08:43:49+00:00,Unknown,14.5,2025,7,15
77629,49824,21892,1,28.75,2025-05-22 06:37:13+00:00,Unknown,28.75,2025,5,22
86498,48743,21442,1,50.0,2024-11-02 11:20:13+00:00,"Suite 360 2966 Stoltenberg Mountain, West Ona, NC 47468",50.0,2024,11,2
84801,50085,21824,1,64.0,2024-10-12 20:06:00+00:00,Unknown,64.0,2024,10,12
78351,49929,21730,3,37.0,2024-11-04 17:47:15+00:00,"604 Gusikowski Mews, South Merrillstad, MI 32679",111.0,2024,11,4
80045,49824,21355,2,67.19,2024-12-31 13:37:59+00:00,Unknown,134.38,2024,12,31
83820,49227,21915,1,34.5,2025-06-10 20:00:47+00:00,Unknown,34.5,2025,6,10
84359,49189,21893,1,73.99,2025-02-05 08:43:49+00:00,Unknown,73.99,2025,2,5
81487,49558,21927,1,43.19,2024-11-14 22:08:40+00:00,Unknown,43.19,2024,11,14
80829,49273,21966,1,26.5,2025-03-28 05:18:00+00:00,Unknown,26.5,2025,3,28
85283,49956,21414,3,46.5,2024-08-17 17:06:29+00:00,"86077 Wilderman Key, North Florburgh, WY 30941",139.5,2024,8,17
83695,50182,21370,1,62.0,2024-09-15 18:17:45+00:00,Unknown,62.0,2024,9,15
82672,49484,21414,1,44.25,2025-08-17 00:16:14+00:00,Unknown,44.25,2025,8,17
78610,47757,21468,1,30.5,2025-02-06 09:55:03+00:00,Unknown,30.5,2025,2,6
84789,50094,21391,1,74.7,2025-02-12 15:52:00+00:00,Unknown,74.7,2025,2,12
81878,51091,21557,1,77.4,2024-10-11 17:54:00+00:00,Unknown,77.4,2024,10,11
84036,49871,21773,1,39.0,2024-06-29 20:44:16+00:00,Unknown,39.0,2024,6,29
79791,48228,21467,2,46.99,2024-09-07 03:36:09+00:00,Unknown,93.98,2024,9,7
78104,49328,21907,1,54.5,2025-01-14 22:58:57+00:00,Unknown,54.5,2025,1,14
79341,48098,21800,1,32.0,2024-12-18 14:11:10+00:00,Unknown,32.0,2024,12,18
81631,47857,21318,1,34.2,2025-04-16 08:43:00+00:00,"Apt. 996 9357 Marlana Plaza, New Lemuel, IL 84806",34.2,2025,4,16
86364,50283,21827,5,16.0,2025-04-21 21:34:34+00:00,Unknown,80.0,2025,4,21
78743,47742,21654,1,50.4,2024-11-06 08:49:41+00:00,"69635 Hettinger Spring, Gleichnerview, ND 42717",50.4,2024,11,6
80899,47751,21356,1,24.0,2025-01-19 01:36:00+00:00,"Apt. 492 77124 Michal Stravenue, New Blakehaven, ND 93338-4339",24.0,2025,1,19
78141,49783,21473,2,44.4,2025-04-03 09:36:01+00:00,Unknown,88.8,2025,4,3
85579,50170,21977,2,29.4,2025-01-16 10:43:00+00:00,Unknown,58.8,2025,1,16
79936,50882,22003,1,56.99,2024-12-13 21:26:00+00:00,Unknown,56.99,2024,12,13
82792,49272,21792,1,64.0,2024-06-04 17:29:05+00:00,"850 Kihn Meadow, Port Ray, OH 87437",64.0,2024,6,4
79473,48658,21662,1,25.25,2024-11-10 19:42:33+00:00,"478 Pamella Corner, New Gilbert, OH 69497-2758",25.25,2024,11,10
84964,48025,21729,1,42.99,2025-01-28 05:13:10.210000+00:00,Unknown,42.99,2025,1,28
82660,49395,21544,1,14.0,2025-01-05 11:24:10+00:00,Unknown,14.0,2025,1,5
84483,49846,21587,1,69.0,2024-04-24 08:36:00+00:00,Unknown,69.0,2024,4,24
80769,49178,21986,2,49.75,2025-01-08 22:11:00+00:00,Unknown,99.5,2025,1,8
79035,50396,21872,1,45.0,2024-12-10 05:43:18+00:00,Unknown,45.0,2024,12,10
77737,48485,21477,1,22.0,2024-10-23 02:05:20+00:00,Unknown,22.0,2024,10,23
82058,50121,21445,4,18.5,2025-05-27 19:26:00+00:00,Unknown,74.0,2025,5,27
83717,49126,21924,1,58.5,2025-02-10 22:19:00+00:00,"Apt. 279 11124 Ruben Harbor, Schmelerburgh, VT 07557",58.5,2025,2,10
84958,47966,21685,3,65.0,2024-12-16 01:13:00+00:00,Unknown,195.0,2024,12,16
80833,49617,21312,2,38.99,2025-02-10 04:25:14+00:00,Unknown,77.98,2025,2,10
78059,49391,21459,1,48.0,2024-01-06 19:48:48+00:00,Unknown,48.0,2024,1,6
85119,47912,21369,1,47.1,2025-05-30 17:53:16+00:00,Unknown,47.1,2025,5,30
83886,48565,21361,1,77.4,2024-12-20 05:06:14+00:00,"71232 Legros Ferry, South Fernando, SD 10050",77.4,2024,12,20
82804,50529,21879,1,70.2,2024-12-30 06:37:23+00:00,Unknown,70.2,2024,12,30
81589,49982,21298,1,55.25,2024-08-28 23:17:30+00:00,Unknown,55.25,2024,8,28
80246,47942,21536,1,45.9,2024-05-11 09:57:00+00:00,Unknown,45.9,2024,5,11
79513,50196,21897,1,52.25,2025-01-31 01:13:00+00:00,Unknown,52.25,2025,1,31
85102,51070,21841,1,58.75,2025-02-10 14:57:51+00:00,Unknown,58.75,2025,2,10
77898,50022,21768,1,21.0,2025-01-27 22:11:00+00:00,Unknown,21.0,2025,1,27
80756,49085,21734,2,60.0,2024-12-17 07:24:14+00:00,"Suite 421 442 Kandace Knolls, Port Leonelshire, GA 31667-9432",120.0,2024,12,17
81442,47794,21380,1,68.0,2024-11-16 01:13:26+00:00,Unknown,68.0,2024,11,16
83495,48937,21474,1,18.5,2024-03-21 00:53:00+00:00,Unknown,18.5,2024,3,21
81263,50855,21334,1,68.5,2025-02-09 11:41:00+00:00,Unknown,68.5,2025,2,9
82703,49670,21833,1,65.5,2025-03-27 11:27:12+00:00,"454 Frankie Club, Willardbury, IN 58838",65.5,2025,3,27
82298,47767,21720,1,25.0,2024-06-08 10:29:45+00:00,"94357 Nga Isle, South Isaias, PA 85722-2984",25.0,2024,6,8
83798,48501,21504,1,56.0,2024-09-09 17:03:45.088000+00:00,Unknown,56.0,2024,9,9
80095,49554,21554,5,68.0,2024-09-01 16:48:07+00:00,Unknown,340.0,2024,9,1
84783,50681,21521,1,53.25,2024-11-04 09:53:00+00:00,Unknown,53.25,2024,11,4
84786,48801,21606,2,48.6,2024-03-16 22:21:00+00:00,Unknown,97.2,2024,3,16
85258,47694,21643,2,17.25,2024-11-22 01:39:00+00:00,Unknown,34.5,2024,11,22
86065,48520,21998,5,17.0,2024-08-10 19:05:50+00:00,Unknown,85.0,2024,8,10
84208,50730,21711,1,27.3,2024-10-30 03:40:06+00:00,Unknown,27.3,2024,10,30
83963,49298,21502,1,66.0,2025-01-08 20:31:54+00:00,Unknown,66.0,2025,1,8
80534,48835,21549,1,24.25,2025-01-15 07:26:28+00:00,Unknown,24.25,2025,1,15
77593,48106,21654,1,45.25,2024-12-22 04:22:31+00:00,Unknown,45.25,2024,12,22
81355,50738,21730,1,43.2,2024-10-02 04:51:07.431000+00:00,Unknown,43.2,2024,10,2
81562,50479,21667,1,57.0,2025-06-21 00:22:00+00:00,"4716 Waneta Mission, Powlowskiberg, ND 17807-6169",57.0,2025,6,21
81635,47980,21917,1,75.59,2025-03-27 19:03:58+00:00,Unknown,75.59,2025,3,27
86371,50155,21979,1,33.75,2024-11-23 01:12:41+00:00,"Suite 560 254 Waelchi Squares, South Emmittmouth, SC 08240-4263",33.75,2024,11,23
81325,48838,21356,1,26.5,2024-12-22 17:08:38+00:00,Unknown,26.5,2024,12,22
79986,49069,21636,1,19.5,2024-11-02 08:09:23+00:00,Unknown,19.5,2024,11,2
78701,48413,21841,5,68.7,2024-04-28 14:15:53.628000+00:00,Unknown,343.5,2024,4,28
81494,50733,21500,2,30.0,2024-04-05 21:10:00+00:00,Unknown,60.0,2024,4,5
84492,50235,21560,1,17.75,2024-01-11 19:26:26+00:00,Unknown,17.75,2024,1,11
81126,49072,21851,3,34.2,2025-01-21 23:22:00+00:00,Unknown,102.6,2025,1,21
85698,48125,22019,1,32.5,2024-11-05 16:06:26+00:00,Unknown,32.5,2024,11,5
82647,48779,21514,1,76.0,2024-03-08 17:39:12+00:00,Unknown,76.0,2024,3,8
82439,51092,22051,1,30.5,2025-07-09 06:56:40+00:00,Unknown,30.5,2025,7,9
81856,50785,21732,1,76.5,2024-09-25 20:22:57+00:00,"Apt. 144 2937 Cary Center, South Jonathonbury, IL 67778-0248",76.5,2024,9,25
80873,49294,21894,1,58.79,2024-09-04 19:52:16+00:00,"Apt. 146 374 Cartwright Bridge, West Jacquelinview, MA 60643-2784",58.79,2024,9,4
84097,50708,21832,2,38.4,2025-02-27 07:02:40+00:00,Unknown,76.8,2025,2,27
83094,48888,21692,1,66.0,2024-08-19 13:42:56+00:00,Unknown,66.0,2024,8,19
84473,49830,21648,1,28.2,2024-07-25 10:08:00+00:00,"Suite 545 40491 Freddy Mill, Lilybury, SC 19376",28.2,2024,7,25
85570,50873,21393,1,55.99,2024-10-08 09:00:09.605000+00:00,Unknown,55.99,2024,10,8
81656,48509,21949,1,44.25,2024-10-14 00:30:00+00:00,Unknown,44.25,2024,10,14
79277,49890,21988,1,56.39,2024-05-13 01:09:16+00:00,"Suite 120 9334 Murazik Tunnel, West Waldoside, AZ 40115",56.39,2024,5,13
85783,51031,21697,3,75.0,2024-06-19 04:47:00+00:00,"7597 Anthony Trafficway, East Syreeta, HI 38303-5839",225.0,2024,6,19
77947,48274,21866,2,41.5,2024-10-27 23:33:21.654000+00:00,Unknown,83.0,2024,10,27
85809,51080,21714,1,54.0,2025-05-14 12:08:37.299000+00:00,Unknown,54.0,2025,5,14
86122,50286,21646,5,75.5,2024-07-26 15:14:23+00:00,Unknown,377.5,2024,7,26
77726,48655,21548,1,45.6,2024-01-23 16:39:00+00:00,Unknown,45.6,2024,1,23
85678,50077,22028,1,60.0,2025-03-20 13:21:08+00:00,Unknown,60.0,2025,3,20
80801,49364,21524,1,47.0,2024-09-29 14:06:00+00:00,Unknown,47.0,2024,9,29
78671,50063,21774,1,21.25,2024-12-24 20:49:22+00:00,Unknown,21.25,2024,12,24
82414,47917,21801,1,38.75,2024-11-05 04:17:00+00:00,"Apt. 110 89778 Wisoky Trail, Uptonport, MO 60986-7000",38.75,2024,11,5
80830,50201,21742,1,37.2,2024-11-10 09:59:22+00:00,Unknown,37.2,2024,11,10
82552,48403,21720,1,26.25,2025-06-08 14:08:38+00:00,Unknown,26.25,2025,6,8
83323,49792,21453,1,67.2,2024-07-13 18:39:10+00:00,Unknown,67.2,2024,7,13
79958,50632,21356,1,23.99,2025-05-18 02:08:44+00:00,Unknown,23.99,2025,5,18
81996,51061,21445,3,14.99,2024-09-05 10:46:23+00:00,Unknown,44.97,2024,9,5
80181,48393,21638,2,49.0,2024-10-03 21:48:00+00:00,"Apt. 590 90240 Haywood Cliffs, Gislasonview, MT 91435",98.0,2024,10,3
80059,48869,21968,1,17.5,2025-05-22 00:07:18+00:00,"759 Purdy Throughway, Powlowskiview, NV 18066-2931",17.5,2025,5,22
83236,50634,21364,1,73.75,2025-05-20 10:12:57+00:00,Unknown,73.75,2025,5,20
83739,49869,21791,1,56.39,2025-03-17 08:35:54+00:00,Unknown,56.39,2025,3,17
81989,48216,21798,1,56.0,2025-01-05 21:29:47+00:00,Unknown,56.0,2025,1,5
81670,47910,21882,1,37.75,2024-05-26 08:39:27+00:00,"Apt. 238 106 Yetta Court, Port Cleotildeburgh, ND 13639-5753",37.75,2024,5,26
79418,50042,21835,1,69.5,2025-01-07 10:18:00+00:00,Unknown,69.5,2025,1,7
78826,50712,21793,2,33.6,2024-06-02 18:45:00+00:00,Unknown,67.2,2024,6,2
81665,50469,21695,1,73.0,2025-04-05 02:34:36+00:00,Unknown,73.0,2025,4,5
79480,50124,21733,5,18.9,2025-01-02 13:57:00+00:00,"5301 Gilberto Valleys, South Lashandafort, OH 91599-0271",94.5,2025,1,2
81881,48867,22027,1,41.7,2024-09-23 05:32:29.051000+00:00,Unknown,41.7,2024,9,23
81894,49001,21407,2,69.9,2024-09-25 20:37:00+00:00,Unknown,139.8,2024,9,25
83294,49921,21674,1,22.0,2025-05-18 08:13:29+00:00,Unknown,22.0,2025,5,18
79533,48206,21570,1,36.6,2024-12-11 23:16:28+00:00,"Apt. 647 8411 Kovacek Ways, Tamaraville, AK 45901",36.6,2024,12,11
81185,50821,22047,1,61.0,2025-01-04 04:11:30+00:00,Unknown,61.0,2025,1,4
84251,47940,22042,1,53.75,2024-10-14 14:03:02+00:00,Unknown,53.75,2024,10,14
78893,48467,21971,1,52.0,2024-12-30 02:06:13+00:00,Unknown,52.0,2024,12,30
79755,50746,21362,1,19.25,2024-09-09 02:03:26+00:00,Unknown,19.25,2024,9,9
80936,49033,21747,1,41.4,2024-11-14 14:45:44+00:00,Unknown,41.4,2024,11,14
82777,48197,21413,1,48.0,2025-01-15 10:23:04+00:00,Unknown,48.0,2025,1,15
84614,48952,21894,1,49.75,2024-10-31 07:36:21+00:00,Unknown,49.75,2024,10,31
84004,48928,22050,3,83.7,2024-11-01 15:01:38+00:00,"7243 Simonis Extensions, Pfefferfort, VT 77479",251.1,2024,11,1
78204,49481,21856,1,39.0,2025-04-22 10:38:00+00:00,Unknown,39.0,2025,4,22
86030,50463,21374,2,68.99,2025-01-21 19:54:45+00:00,Unknown,137.98,2025,1,21
79976,50374,21759,1,57.75,2025-01-13 14:30:29+00:00,Unknown,57.75,2025,1,13
79179,47776,21807,1,33.0,2024-09-29 03:34:33+00:00,Unknown,33.0,2024,9,29
81370,48048,21620,2,34.99,2024-08-04 20:54:50+00:00,"371 Bogisich Underpass, West Tammera, NY 79763-4550",69.98,2024,8,4
78803,48901,21723,1,60.3,2025-07-25 03:38:31+00:00,Unknown,60.3,2025,7,25
81407,47855,21940,1,51.25,2024-09-28 09:16:11+00:00,"Suite 940 30203 Lamar Key, South Earnest, PA 04030-6518",51.25,2024,9,28
80327,47793,21644,2,37.0,2025-02-28 16:21:37.322000+00:00,Unknown,74.0,2025,2,28
80292,50468,21555,1,49.99,2024-09-28 04:04:55.118000+00:00,Unknown,49.99,2024,9,28
80018,49409,21987,1,43.2,2024-12-23 22:50:00+00:00,"Apt. 892 1833 Swaniawski Course, Adriannaview, AK 81709-7043",43.2,2024,12,23
83425,48900,21872,1,38.99,2025-02-20 21:53:18+00:00,Unknown,38.99,2025,2,20
80748,48760,21649,1,82.8,2024-08-27 02:58:00+00:00,"95845 Ward Centers, New Casey, VA 02186-1672",82.8,2024,8,27
84016,47784,21529,1,17.5,2024-11-19 23:12:22+00:00,"24264 Brian Port, Yundtbury, NE 87859-8277",17.5,2024,11,19
84652,50870,21746,4,16.0,2025-01-25 18:16:25+00:00,"3817 Darin Glen, East Phil, NV 22089-7739",64.0,2025,1,25
84239,50576,21355,4,57.99,2024-10-18 18:22:09+00:00,Unknown,231.96,2024,10,18
86323,50362,21833,1,64.0,2024-07-10 13:06:13.757000+00:00,Unknown,64.0,2024,7,10
81812,47774,21970,1,71.5,2024-11-05 23:13:47.380000+00:00,Unknown,71.5,2024,11,5
83397,48733,21707,2,70.0,2024-12-11 02:01:00+00:00,Unknown,140.0,2024,12,11
79143,47892,21634,4,87.0,2024-07-25 01:14:54+00:00,Unknown,348.0,2024,7,25
81918,48237,21538,1,71.0,2024-08-26 17:48:48+00:00,Unknown,71.0,2024,8,26
77967,49057,22012,1,60.75,2024-07-24 03:07:54+00:00,Unknown,60.75,2024,7,24
85068,49463,21655,1,15.75,2024-09-20 00:49:37+00:00,Unknown,15.75,2024,9,20
79424,50056,21774,1,21.99,2025-02-26 05:31:57+00:00,Unknown,21.99,2025,2,26
79211,49912,21966,2,24.5,2024-06-05 19:58:29+00:00,"Suite 788 330 Don Gardens, Lenitahaven, OH 63213-4573",49.0,2024,6,5
77783,50521,21515,1,50.0,2025-01-10 22:46:23+00:00,Unknown,50.0,2025,1,10
78209,50612,21761,1,31.5,2024-07-17 09:11:52+00:00,Unknown,31.5,2024,7,17
79423,50212,21926,2,51.0,2025-05-05 21:35:18+00:00,Unknown,102.0,2025,5,5
79283,50228,21934,1,46.5,2024-05-07 18:00:48+00:00,Unknown,46.5,2024,5,7
83643,49517,21728,1,66.6,2025-01-28 13:48:02.496000+00:00,Unknown,66.6,2025,1,28
83589,48468,22015,1,67.0,2025-02-23 05:22:00+00:00,Unknown,67.0,2025,2,23
84777,47884,21791,1,46.0,2025-06-22 16:45:26+00:00,"Suite 707 273 Lynch Plain, Lake Fabiola, OK 41725",46.0,2025,6,22
83940,50733,21515,1,52.25,2024-08-27 21:25:22+00:00,Unknown,52.25,2024,8,27
85090,49255,21367,1,33.6,2024-11-14 11:29:00+00:00,Unknown,33.6,2024,11,14
83564,50781,21748,2,23.25,2025-07-25 01:26:55+00:00,Unknown,46.5,2025,7,25
82457,48988,21714,1,43.0,2025-04-02 12:22:55+00:00,Unknown,43.0,2025,4,2
82271,48810,21795,2,32.5,2024-12-18 20:25:46+00:00,"1459 Luettgen Land, East Rory, SC 26260-1074",65.0,2024,12,18
82355,48359,21779,2,44.39,2025-01-07 04:36:00+00:00,Unknown,88.78,2025,1,7
83285,48771,21811,3,29.0,2025-03-25 00:33:00+00:00,Unknown,87.0,2025,3,25
83053,48598,21697,1,65.75,2024-11-21 10:21:00+00:00,Unknown,65.75,2024,11,21
77596,50700,21403,1,55.99,2024-07-24 03:51:31+00:00,Unknown,55.99,2024,7,24
78289,48266,21570,2,31.0,2025-01-01 01:12:22+00:00,Unknown,62.0,2025,1,1
82713,50337,21363,1,71.0,2024-09-13 14:44:00+00:00,"9614 Blick Harbors, Aldohaven, SC 58143",71.0,2024,9,13
81794,49526,21401,1,37.2,2024-06-16 16:18:08+00:00,Unknown,37.2,2024,6,16
83191,48276,21363,2,85.8,2024-11-01 02:02:25+00:00,Unknown,171.6,2024,11,1
85107,50818,21358,1,16.8,2025-02-28 17:12:26+00:00,"Apt. 837 7778 Gerardo Track, New Pearle, NV 50920-7935",16.8,2025,2,28
80863,50515,21838,1,31.75,2025-05-12 17:37:00+00:00,Unknown,31.75,2025,5,12
80294,48355,21426,2,65.0,2025-09-08 21:23:00+00:00,Unknown,130.0,2025,9,8
80568,49561,21511,1,27.99,2025-01-01 15:27:00+00:00,Unknown,27.99,2025,1,1
79975,50097,21679,5,34.2,2025-04-24 20:58:49+00:00,"74305 Leopoldo Point, New Damianberg, IA 84373",171.0,2025,4,24
82767,48475,21739,1,43.5,2025-06-26 02:48:14+00:00,"336 Lavina Centers, Herzoghaven, IL 70531",43.5,2025,6,26
82732,48260,21825,1,45.6,2025-02-10 05:46:00+00:00,Unknown,45.6,2025,2,10
78000,47970,21897,1,63.6,2025-02-05 13:09:18+00:00,Unknown,63.6,2025,2,5
85755,48788,21741,1,45.6,2025-06-19 11:52:35+00:00,Unknown,45.6,2025,6,19
77702,48502,21923,1,22.79,2024-09-27 10:41:16+00:00,"910 Bernarda Squares, Lake Rueben, TX 46506",22.79,2024,9,27
83008,49743,21821,1,65.75,2024-12-17 19:10:21.727000+00:00,"388 Antonette Springs, South Shawanna, MO 62143",65.75,2024,12,17
85640,48567,21458,1,63.5,2024-07-30 11:47:32+00:00,"540 Herlinda Shoal, South Janniefort, OK 36302",63.5,2024,7,30
81504,49974,21956,1,24.0,2024-07-22 10:28:59.970000+00:00,Unknown,24.0,2024,7,22
83512,48856,21677,1,31.0,2025-02-23 18:39:03+00:00,Unknown,31.0,2025,2,23
80457,50454,21639,1,53.1,2025-01-24 00:03:00+00:00,"Suite 201 4053 Allene Port, Hahnside, NJ 16680-7909",53.1,2025,1,24
84008,48277,21324,1,27.5,2024-07-25 16:15:00+00:00,Unknown,27.5,2024,7,25
85886,47944,21417,1,73.2,2025-01-27 10:19:44+00:00,Unknown,73.2,2025,1,27
79702,50821,21927,1,34.0,2024-11-22 21:04:19+00:00,Unknown,34.0,2024,11,22
82329,50297,21370,1,60.0,2025-02-17 17:21:02+00:00,"Apt. 744 834 Stracke Route, East Gitaton, CO 61866",60.0,2025,2,17
86407,48841,21929,2,56.5,2024-05-26 03:06:51+00:00,Unknown,113.0,2024,5,26
78449,49569,21419,1,44.5,2024-07-03 13:24:22+00:00,Unknown,44.5,2024,7,3
82285,49805,21730,1,34.5,2025-07-14 09:11:49+00:00,Unknown,34.5,2025,7,14
84463,50244,21433,2,46.99,2025-04-05 08:18:59+00:00,"6455 Conn Mountains, South Neelyborough, SC 65433",93.98,2025,4,5
78729,49194,21727,1,12.0,2025-05-05 07:59:18.969000+00:00,Unknown,12.0,2025,5,5
81592,48227,21866,1,37.25,2025-01-11 04:52:00+00:00,Unknown,37.25,2025,1,11
78678,48684,21910,1,34.25,2024-11-03 09:33:00+00:00,"78091 Bradtke Plain, Lake Garretfurt, NY 11434",34.25,2024,11,3
86296,49216,21988,1,53.7,2025-05-11 10:50:00+00:00,Unknown,53.7,2025,5,11
81510,48262,21486,2,22.5,2025-02-17 03:43:28+00:00,Unknown,45.0,2025,2,17
82149,48701,21892,1,27.0,2024-09-12 21:21:41+00:00,Unknown,27.0,2024,9,12
83796,48135,21538,1,90.6,2025-04-01 03:38:29+00:00,Unknown,90.6,2025,4,1
84455,49584,21637,5,48.0,2024-09-11 03:43:22.806000+00:00,"Suite 860 598 Satterfield Spring, Farrahview, AL 75357",240.0,2024,9,11
85789,48605,21875,1,56.39,2025-03-31 03:47:03+00:00,Unknown,56.39,2025,3,31
81609,49318,21371,1,51.75,2024-10-30 17:24:44+00:00,Unknown,51.75,2024,10,30
86150,50378,21645,3,51.0,2025-01-05 23:34:43.880000+00:00,"Apt. 474 880 Kareen Route, New Conrad, NC 95431-5363",153.0,2025,1,5
78445,48276,21879,5,65.4,2025-08-28 03:12:00+00:00,Unknown,327.0,2025,8,28
78441,49096,21379,2,26.5,2025-03-06 16:43:10+00:00,Unknown,53.0,2025,3,6
82006,48578,21347,1,37.2,2024-12-28 11:56:25+00:00,"264 Chris Isle, East Jessia, GA 45614",37.2,2024,12,28
83582,48482,21734,1,47.5,2025-02-11 10:32:00+00:00,Unknown,47.5,2025,2,11
83442,48567,21831,3,62.4,2024-08-28 15:07:55+00:00,Unknown,187.2,2024,8,28
85485,50593,21430,1,69.0,2025-01-08 18:14:38+00:00,"4500 Schneider Isle, Andersonport, MN 83192",69.0,2025,1,8
80737,47709,21580,3,78.3,2025-01-05 19:02:32+00:00,"51916 Elvis Mews, Desireborough, MI 05965",234.9,2025,1,5
79779,49578,21522,1,19.2,2024-08-09 14:38:47+00:00,Unknown,19.2,2024,8,9
77878,48516,22025,1,70.8,2025-01-23 08:36:00+00:00,"192 Willia Track, Lake Harland, AR 08475",70.8,2025,1,23
80529,48338,21999,2,30.0,2024-08-21 19:38:45+00:00,"Apt. 346 61281 Hayes Skyway, Bayerfort, NH 47101",60.0,2024,8,21
78762,48871,21923,1,18.0,2024-12-03 02:44:35+00:00,Unknown,18.0,2024,12,3
85505,48581,21989,1,87.9,2024-10-25 20:26:54.714000+00:00,"Apt. 639 7164 Paucek Prairie, North Silva, AZ 91065",87.9,2024,10,25
81184,49271,21770,2,26.39,2025-01-31 05:03:33+00:00,Unknown,52.78,2025,1,31
79815,49023,22043,5,12.25,2024-09-27 16:23:35+00:00,Unknown,61.25,2024,9,27
79006,47835,22056,1,22.8,2024-05-12 20:10:46+00:00,Unknown,22.8,2024,5,12
83619,50147,21480,2,50.75,2024-10-16 02:28:00+00:00,"Suite 772 5259 Ozie Summit, Cummerataview, IN 87860",101.5,2024,10,16
86484,50667,21598,1,24.6,2025-01-05 04:03:09+00:00,Unknown,24.6,2025,1,5
86322,50477,21937,5,55.0,2024-12-31 20:10:11+00:00,"Suite 160 1378 Leida Corners, Lake Darren, OR 50412",275.0,2024,12,31
82318,48233,22000,1,39.9,2024-06-13 13:57:43+00:00,Unknown,39.9,2024,6,13
78645,50156,21981,1,21.25,2024-11-12 02:42:00+00:00,Unknown,21.25,2024,11,12
80851,48253,21970,1,70.0,2025-01-17 01:00:52+00:00,Unknown,70.0,2025,1,17
81124,48499,21512,2,87.59,2024-03-26 02:34:05+00:00,Unknown,175.18,2024,3,26
84808,47765,21564,2,71.25,2025-08-24 19:03:21+00:00,Unknown,142.5,2025,8,24
80414,50377,21882,1,39.0,2024-02-18 01:41:00+00:00,Unknown,39.0,2024,2,18
77818,49379,21545,3,33.59,2025-04-08 02:08:17+00:00,Unknown,100.77,2025,4,8
80775,49681,21540,1,27.0,2024-12-26 02:07:49+00:00,Unknown,27.0,2024,12,26
86237,51000,21686,1,19.5,2025-07-21 06:10:41+00:00,Unknown,19.5,2025,7,21
84858,50258,21559,1,43.0,2025-06-03 20:41:38+00:00,"5518 Normand Land, Juanaborough, NY 09415-3094",43.0,2025,6,3
84945,49587,21787,1,46.0,2024-11-15 01:16:16+00:00,Unknown,46.0,2024,11,15
83501,50637,21967,1,50.7,2024-11-25 11:24:43+00:00,Unknown,50.7,2024,11,25
79034,50120,21948,1,66.75,2024-12-02 06:57:41+00:00,Unknown,66.75,2024,12,2
86186,48753,21794,5,32.75,2025-02-09 10:31:07+00:00,"5007 Liane Oval, Tamihaven, CO 54073-1776",163.75,2025,2,9
82270,50186,21943,2,67.99,2024-07-30 16:37:16+00:00,Unknown,135.98,2024,7,30
78744,48542,22030,3,18.0,2024-08-02 12:20:01+00:00,Unknown,54.0,2024,8,2
84153,51039,21411,4,39.3,2025-01-03 13:01:21+00:00,"314 Simonne Course, North Edmondport, CO 13601",157.2,2025,1,3
84747,47886,21329,1,55.5,2024-10-04 19:44:00+00:00,Unknown,55.5,2024,10,4
78577,48837,21515,1,47.5,2024-08-11 09:05:53+00:00,Unknown,47.5,2024,8,11
80623,50690,21421,1,60.99,2025-02-17 11:21:07+00:00,"6557 Rohan Radial, South Raneeland, SC 34808",60.99,2025,2,17
85021,50082,21595,4,51.75,2024-09-02 04:14:00+00:00,Unknown,207.0,2024,9,2
81068,48341,21367,1,31.0,2024-10-12 16:26:41+00:00,Unknown,31.0,2024,10,12
79373,49313,21590,1,33.99,2025-01-06 05:52:20+00:00,"1333 Hartmann Estates, Isiahmouth, MT 19992-1342",33.99,2025,1,6
79067,50726,21884,1,34.75,2024-11-16 10:44:02+00:00,Unknown,34.75,2024,11,16
79186,48017,21436,2,66.25,2025-05-28 12:18:45.635000+00:00,"5675 Luettgen Trace, Gloverland, VT 83750-4521",132.5,2025,5,28
77588,50279,21928,1,19.0,2024-12-22 06:37:15+00:00,Unknown,19.0,2024,12,22
83698,49677,21957,2,58.0,2024-08-10 09:14:13+00:00,Unknown,116.0,2024,8,10
84307,50278,21612,1,16.5,2025-06-30 12:14:19+00:00,Unknown,16.5,2025,6,30
83550,50903,21707,1,75.5,2024-11-29 02:09:00+00:00,Unknown,75.5,2024,11,29
83956,50817,21946,2,56.25,2024-08-17 04:55:00+00:00,Unknown,112.5,2024,8,17
80272,50277,22042,1,48.25,2024-06-03 05:47:53+00:00,Unknown,48.25,2024,6,3
84363,50860,21869,1,34.79,2025-04-26 06:31:15+00:00,Unknown,34.79,2025,4,26
82139,48808,21363,3,84.9,2025-01-15 19:57:26.138000+00:00,"Apt. 676 51433 Milly Row, New Dewayne, SC 39704-1568",254.7,2025,1,15
82001,49630,21795,1,31.99,2024-11-11 09:33:17+00:00,Unknown,31.99,2024,11,11
85998,48877,21710,1,70.99,2024-09-20 14:33:58+00:00,Unknown,70.99,2024,9,20
84760,50935,21963,1,51.3,2025-02-04 20:13:03+00:00,Unknown,51.3,2025,2,4
83774,49754,21676,1,84.3,2025-08-29 11:51:51+00:00,Unknown,84.3,2025,8,29
78482,48278,21738,1,43.99,2024-08-31 22:38:17+00:00,Unknown,43.99,2024,8,31
78692,47800,22054,1,69.0,2024-10-29 21:28:00+00:00,"18312 Mosciski Island, North Idalia, IN 96231",69.0,2024,10,29
82801,47686,21811,1,32.5,2025-03-25 18:58:28+00:00,Unknown,32.5,2025,3,25
81343,49548,21422,1,14.5,2024-11-06 05:46:00+00:00,Unknown,14.5,2024,11,6
79839,49643,21526,1,29.4,2025-05-10 21:12:48+00:00,"Suite 856 77241 Pouros Squares, O'Konbury, NM 32139-3410",29.4,2025,5,10
80252,50640,21582,1,76.2,2025-04-14 01:41:34+00:00,Unknown,76.2,2025,4,14
83792,48643,21613,1,70.5,2025-04-20 02:11:07+00:00,"72146 Kovacek River, West Dennisfurt, MA 82143-2989",70.5,2025,4,20
83803,48272,21705,1,79.2,2025-01-23 20:18:50+00:00,Unknown,79.2,2025,1,23
83603,48709,21794,1,31.0,2024-05-16 14:53:00+00:00,Unknown,31.0,2024,5,16
86349,48602,21507,1,36.0,2025-02-17 20:06:17+00:00,Unknown,36.0,2025,2,17
79240,49604,21716,1,41.7,2024-06-13 13:44:57+00:00,Unknown,41.7,2024,6,13
79239,47982,21855,4,57.75,2024-10-12 16:07:41+00:00,Unknown,231.0,2024,10,12
83316,49566,21882,1,38.99,2024-09-22 19:27:43+00:00,Unknown,38.99,2024,9,22
82772,49252,21741,3,37.0,2024-08-24 03:51:16.976000+00:00,"7358 Syreeta Prairie, New Pamelabury, DE 91542",111.0,2024,8,24
79462,49940,21794,1,36.3,2024-10-11 09:42:12+00:00,Unknown,36.3,2024,10,11
84628,47879,21747,1,39.3,2024-10-27 21:26:00+00:00,Unknown,39.3,2024,10,27
79752,50687,21943,1,83.99,2025-01-31 08:12:53+00:00,Unknown,83.99,2025,1,31
81744,50700,21732,1,74.1,2025-03-16 20:28:03+00:00,Unknown,74.1,2025,3,16
80552,50819,21714,2,46.25,2025-01-15 15:14:00+00:00,"2390 Powlowski Highway, Jakubowskifort, OR 29800-5476",92.5,2025,1,15
83585,48735,21859,1,87.0,2024-09-22 21:37:53+00:00,Unknown,87.0,2024,9,22
81327,48190,21950,1,48.0,2025-05-04 16:12:03+00:00,"Apt. 918 87744 Annabelle Pines, Carliefurt, GA 86869",48.0,2025,5,4
79959,49594,21303,1,56.0,2024-12-23 12:31:00+00:00,Unknown,56.0,2024,12,23
85827,48487,21719,1,59.5,2024-10-15 23:41:54+00:00,Unknown,59.5,2024,10,15
81259,50607,21503,1,27.9,2024-10-20 21:57:56.385000+00:00,"7874 Murazik Lane, Kassulkeview, PA 82794",27.9,2024,10,20
82440,48895,22022,1,56.0,2025-04-08 15:07:03+00:00,Unknown,56.0,2025,4,8
80533,50806,21369,3,39.25,2024-07-29 00:05:20+00:00,Unknown,117.75,2024,7,29
80421,48794,21901,3,60.99,2024-10-16 17:15:00+00:00,"Apt. 274 2867 Zachariah Valley, Evonfort, MD 15575",182.97,2024,10,16
82546,51016,21599,1,54.5,2024-06-29 00:29:00+00:00,Unknown,54.5,2024,6,29
79204,49972,21664,1,55.19,2024-11-07 16:06:48+00:00,Unknown,55.19,2024,11,7
80921,48737,21923,1,24.0,2025-01-22 13:07:10+00:00,Unknown,24.0,2025,1,22
80409,49286,21350,1,44.39,2025-01-19 11:36:04+00:00,Unknown,44.39,2025,1,19
83431,50472,21342,2,59.0,2024-09-08 06:24:00+00:00,Unknown,118.0,2024,9,8
80126,47967,21704,1,66.0,2024-10-23 03:53:00+00:00,Unknown,66.0,2024,10,23
84384,48881,21448,3,27.0,2024-09-15 13:39:30+00:00,Unknown,81.0,2024,9,15
84322,47897,21617,5,24.5,2024-05-22 06:02:48+00:00,Unknown,122.5,2024,5,22
83331,48385,21443,5,31.19,2025-02-28 22:20:07+00:00,Unknown,155.95,2025,2,28
77671,48347,21687,1,61.0,2025-05-23 16:59:18+00:00,Unknown,61.0,2025,5,23
85382,49475,21771,1,72.25,2025-08-17 17:35:17+00:00,Unknown,72.25,2025,8,17
84382,47702,21641,4,29.75,2024-09-09 06:50:00+00:00,Unknown,119.0,2024,9,9
81578,50375,21880,1,44.4,2024-08-22 20:16:00+00:00,"658 Billie Trafficway, Alveraburgh, MS 77920",44.4,2024,8,22
83625,50858,21553,1,41.25,2024-12-18 19:36:27+00:00,Unknown,41.25,2024,12,18
85622,51041,21717,1,41.7,2024-10-25 06:10:58+00:00,Unknown,41.7,2024,10,25
79671,49392,21296,1,67.19,2024-10-25 16:53:54+00:00,Unknown,67.19,2024,10,25
82914,50813,21873,1,75.75,2024-07-12 09:03:00+00:00,Unknown,75.75,2024,7,12
79002,49520,21902,1,24.5,2024-09-06 14:17:12+00:00,Unknown,24.5,2024,9,6
83980,49001,21996,1,71.99,2025-04-16 02:05:00+00:00,Unknown,71.99,2025,4,16
81523,48477,21344,1,64.8,2024-05-05 18:59:21+00:00,"Suite 510 7618 Kautzer Dale, North Foster, CA 38140",64.8,2024,5,5
80679,49853,21788,1,23.75,2024-11-14 05:22:28+00:00,"Apt. 379 45170 Nickolas Camp, New Noah, MN 14916",23.75,2024,11,14
77930,50490,21851,1,27.0,2025-03-27 20:57:20+00:00,Unknown,27.0,2025,3,27
82939,48206,21523,1,14.25,2024-07-30 00:26:00+00:00,Unknown,14.25,2024,7,30
83671,48108,21879,1,58.5,2024-07-21 22:55:41+00:00,Unknown,58.5,2024,7,21
82279,48994,21330,1,59.4,2024-12-16 14:41:00+00:00,Unknown,59.4,2024,12,16
86263,48293,21448,1,21.99,2024-10-17 11:49:00+00:00,Unknown,21.99,2024,10,17
82589,50324,21577,1,68.0,2025-03-19 20:06:13.101000+00:00,Unknown,68.0,2025,3,19
83743,49234,21463,1,30.0,2024-11-09 12:15:36+00:00,Unknown,30.0,2024,11,9
84872,49991,21535,1,48.0,2025-01-12 16:55:00+00:00,"270 Harber Garden, New Shaunte, MA 85613-6733",48.0,2025,1,12
79877,50930,21965,1,61.0,2024-11-01 06:10:08+00:00,Unknown,61.0,2024,11,1
78354,48561,21457,2,26.0,2025-03-11 15:27:59+00:00,Unknown,52.0,2025,3,11
77983,49399,21333,1,80.1,2025-01-19 16:48:53.888000+00:00,Unknown,80.1,2025,1,19
77778,48921,21966,1,30.3,2025-04-07 04:31:31+00:00,Unknown,30.3,2025,4,7
84456,48883,21389,1,56.5,2024-07-17 18:17:59+00:00,Unknown,56.5,2024,7,17
81530,50015,21910,1,36.99,2024-10-09 15:12:06+00:00,Unknown,36.99,2024,10,9
77913,48742,21487,2,51.3,2025-02-01 09:12:37+00:00,Unknown,102.6,2025,2,1
80315,47863,21984,1,53.75,2025-07-05 04:24:00+00:00,Unknown,53.75,2025,7,5
78305,49991,21379,3,28.2,2024-11-20 09:05:23+00:00,"270 Harber Garden, New Shaunte, MA 85613-6733",84.6,2024,11,20
82763,48964,21841,5,58.0,2024-11-29 03:42:19+00:00,Unknown,290.0,2024,11,29
79141,49018,21689,2,17.99,2024-06-07 19:55:55+00:00,Unknown,35.98,2024,6,7
82518,49359,21598,1,28.5,2025-04-17 03:44:00+00:00,Unknown,28.5,2025,4,17
85765,48689,22043,2,12.25,2025-03-05 20:30:39+00:00,Unknown,24.5,2025,3,5
77755,50743,21519,2,46.75,2025-01-04 01:26:24+00:00,Unknown,93.5,2025,1,4
83706,47674,21483,2,57.0,2025-06-08 15:55:25+00:00,"8379 Keebler Stream, South Junitaton, MN 20111",114.0,2025,6,8
81128,50720,21403,5,54.0,2024-12-14 06:24:35+00:00,Unknown,270.0,2024,12,14
81579,49150,22021,1,16.5,2025-01-16 13:52:54+00:00,"152 Ladawn Flat, Quitzonberg, VT 67898-7552",16.5,2025,1,16
81391,50355,21849,2,41.4,2024-10-13 16:38:35+00:00,Unknown,82.8,2024,10,13
84468,50543,21302,1,23.25,2024-08-14 03:24:47+00:00,"23802 Clare Dale, South Elliotmouth, TN 63956",23.25,2024,8,14
86518,48532,21331,2,41.0,2024-10-29 06:41:00+00:00,"4227 Angila Fork, Wolfview, GA 96731",82.0,2024,10,29
78674,49575,21318,2,26.5,2025-08-21 04:35:46+00:00,Unknown,53.0,2025,8,21
77968,51061,21720,1,26.99,2024-06-11 16:42:56+00:00,"Apt. 825 572 Fritsch Shore, Lake Dave, AL 30201",26.99,2024,6,11
79426,48192,21354,1,65.7,2024-11-10 17:16:03+00:00,Unknown,65.7,2024,11,10
78454,49922,21813,1,28.5,2024-10-29 04:37:57+00:00,"2177 Antonia Crescent, Lake Britt, NM 11730",28.5,2024,10,29
84711,49553,21972,1,21.9,2025-01-29 11:54:07+00:00,"Apt. 887 8148 Sherwood Village, South Felisa, GA 06943-6143",21.9,2025,1,29
78820,49501,21908,1,26.39,2024-09-18 03:16:17+00:00,Unknown,26.39,2024,9,18
84722,48444,21535,5,52.0,2024-06-09 09:26:00+00:00,Unknown,260.0,2024,6,9
81194,48654,21959,1,74.0,2024-10-12 10:30:00+00:00,"93104 Huel Shore, West Marctown, OK 57681",74.0,2024,10,12
83363,48577,21564,1,73.75,2024-12-23 02:12:39+00:00,Unknown,73.75,2024,12,23
83108,48947,21363,1,84.6,2025-06-05 05:49:00+00:00,Unknown,84.6,2025,6,5
80005,50765,22005,1,43.99,2025-01-29 13:01:55+00:00,Unknown,43.99,2025,1,29
79682,49946,21630,2,34.0,2025-07-10 16:20:00+00:00,Unknown,68.0,2025,7,10
78080,47888,21891,5,66.0,2024-10-01 13:29:07+00:00,"Suite 444 1467 Rosalinda Rapid, New Hsiu, TN 26126-2090",330.0,2024,10,1
81858,51019,21667,1,57.99,2025-01-18 05:00:06.145000+00:00,Unknown,57.99,2025,1,18
81864,50728,21308,2,36.5,2024-07-30 21:32:33+00:00,Unknown,73.0,2024,7,30
86326,47937,21427,1,85.5,2024-04-25 09:11:00+00:00,Unknown,85.5,2024,4,25
82185,50578,21490,1,65.0,2024-07-12 17:13:17+00:00,Unknown,65.0,2024,7,12
81501,50352,21595,1,51.0,2025-01-15 18:07:38+00:00,Unknown,51.0,2025,1,15
86430,49898,21906,1,42.75,2025-01-25 00:50:20+00:00,"485 Hoppe Centers, Saranland, AK 05913",42.75,2025,1,25
78478,48121,21857,1,17.5,2024-08-31 01:42:00+00:00,Unknown,17.5,2024,8,31
85056,50459,21765,2,27.5,2024-12-24 18:26:50+00:00,"7487 Basil Viaduct, Schneiderberg, NH 82600",55.0,2024,12,24
84653,48096,21969,1,54.5,2024-09-10 04:29:17.802000+00:00,Unknown,54.5,2024,9,10
81723,47937,21724,2,20.99,2025-03-01 04:44:26+00:00,Unknown,41.98,2025,3,1
81181,48755,21437,2,54.0,2024-11-21 18:30:31+00:00,"43049 Jolene Orchard, Torritown, CO 97940",108.0,2024,11,21
81384,49317,21830,1,67.75,2024-10-12 07:07:17+00:00,Unknown,67.75,2024,10,12
84491,48186,21298,5,54.5,2025-10-14 04:46:27+00:00,Unknown,272.5,2025,10,14
80433,47665,22046,1,74.1,2025-05-22 20:17:00.417000+00:00,Unknown,74.1,2025,5,22
80617,48736,21876,1,35.0,2024-09-16 22:53:54+00:00,Unknown,35.0,2024,9,16
85525,50814,21378,1,39.5,2024-12-09 19:34:46+00:00,Unknown,39.5,2024,12,9
83428,50828,21737,1,19.0,2025-03-11 17:03:34+00:00,"42679 Flatley Street, East Marsha, SC 07474-9763",19.0,2025,3,11
83434,50216,21701,1,47.99,2024-12-19 23:24:40+00:00,"Apt. 245 8166 Rebecka Wall, South Lucillaland, HI 22061",47.99,2024,12,19
84616,48431,21938,1,71.0,2025-02-27 12:44:00+00:00,Unknown,71.0,2025,2,27
84636,49112,22022,2,57.5,2025-03-29 20:39:24+00:00,"Apt. 675 51265 Schultz Village, New Deja, FL 57932",115.0,2025,3,29
82165,50905,21558,1,21.0,2024-06-27 03:11:11+00:00,"93548 Kerstin Parkways, Port Raleigh, OR 97671-9455",21.0,2024,6,27
84538,48040,21824,1,59.0,2025-03-14 19:06:12.796000+00:00,"55593 Drusilla Heights, Cecilbury, MS 85546-9835",59.0,2025,3,14
78381,50388,22008,1,67.99,2024-12-07 04:29:29+00:00,"Suite 855 8033 Hai Drive, Hodkiewiczfurt, WV 53191",67.99,2024,12,7
78446,49803,21501,1,21.6,2024-10-17 11:32:09+00:00,Unknown,21.6,2024,10,17
85488,50597,21637,2,47.75,2024-12-25 22:28:00+00:00,Unknown,95.5,2024,12,25
85284,51118,21977,1,27.6,2024-05-20 17:24:14+00:00,Unknown,27.6,2024,5,20
82881,49391,21925,1,27.5,2024-07-14 22:21:47+00:00,Unknown,27.5,2024,7,14
85441,47897,21982,3,36.5,2024-06-07 19:56:49+00:00,Unknown,109.5,2024,6,7
82453,49385,21388,1,20.5,2024-06-17 06:33:26+00:00,Unknown,20.5,2024,6,17
80010,49045,21478,2,48.0,2024-11-12 22:07:46+00:00,Unknown,96.0,2024,11,12
86302,50803,21385,1,30.25,2024-10-04 05:41:12+00:00,Unknown,30.25,2024,10,4
85401,48137,21779,4,42.0,2024-06-01 19:09:00+00:00,Unknown,168.0,2024,6,1
83109,49357,21733,1,14.0,2025-08-28 13:07:40+00:00,Unknown,14.0,2025,8,28
84448,48378,22037,1,31.5,2024-11-11 22:22:18+00:00,Unknown,31.5,2024,11,11
80664,49585,21821,1,65.5,2024-11-24 19:11:07+00:00,Unknown,65.5,2024,11,24
82239,50613,21835,1,86.1,2025-07-07 15:51:00+00:00,Unknown,86.1,2025,7,7
82225,48664,21939,1,32.5,2025-07-04 09:32:37+00:00,Unknown,32.5,2025,7,4
83344,49476,21321,1,79.2,2024-09-17 02:26:04+00:00,Unknown,79.2,2024,9,17
80496,48761,21498,3,24.6,2025-03-18 20:52:52+00:00,"6890 Elsy Place, Justinland, NY 62986-3085",73.8,2025,3,18
85571,49811,21813,1,33.9,2024-06-27 16:55:46+00:00,Unknown,33.9,2024,6,27
78915,49606,21535,1,51.75,2024-09-06 03:33:15+00:00,Unknown,51.75,2024,9,6
84224,48018,21312,1,39.5,2025-02-02 14:23:30+00:00,Unknown,39.5,2025,2,2
83354,50076,21435,1,32.0,2025-01-09 22:10:07+00:00,Unknown,32.0,2025,1,9
83410,50340,21437,1,57.75,2025-01-15 11:51:01+00:00,"5502 Flora Plain, Breitenbergmouth, AR 20176",57.75,2025,1,15
85974,47786,22040,1,38.4,2024-11-07 08:17:49+00:00,Unknown,38.4,2024,11,7
84188,50242,21338,1,36.99,2024-05-15 04:43:56+00:00,Unknown,36.99,2024,5,15
80119,50392,21763,5,40.25,2025-07-28 04:20:25+00:00,Unknown,201.25,2025,7,28
85842,50192,21377,4,54.0,2024-08-06 14:36:50+00:00,Unknown,216.0,2024,8,6
80296,49989,21697,1,76.2,2024-10-17 15:55:34+00:00,"95532 Belkis Drives, Dietrichchester, NH 01857-0764",76.2,2024,10,17
80890,47742,21575,1,68.5,2025-03-06 08:12:41+00:00,Unknown,68.5,2025,3,6
82616,50988,21619,1,63.6,2024-07-16 14:32:07+00:00,Unknown,63.6,2024,7,16
82310,50022,21455,1,49.75,2024-10-30 08:59:42+00:00,Unknown,49.75,2024,10,30
80956,47935,21880,1,37.99,2025-02-08 02:33:53+00:00,Unknown,37.99,2025,2,8
82668,48369,21323,1,57.6,2024-12-26 09:13:55.171000+00:00,Unknown,57.6,2024,12,26
79552,49374,21319,1,23.0,2025-01-19 02:09:43+00:00,Unknown,23.0,2025,1,19
83104,51082,21609,1,69.5,2024-09-30 00:11:48+00:00,Unknown,69.5,2024,9,30
78152,48354,21841,5,57.5,2024-12-24 19:56:16.171000+00:00,Unknown,287.5,2024,12,24
77848,50978,21826,3,49.99,2024-12-09 02:11:00+00:00,Unknown,149.97,2024,12,9
78824,50581,21782,4,70.2,2025-01-14 16:29:52+00:00,Unknown,280.8,2025,1,14
85308,49973,21729,2,42.5,2024-10-04 22:20:16+00:00,Unknown,85.0,2024,10,4
78871,47973,21786,1,52.0,2024-12-20 22:52:15+00:00,Unknown,52.0,2024,12,20
84258,47671,21630,1,31.0,2024-12-01 09:53:28+00:00,Unknown,31.0,2024,12,1
84339,48349,21896,1,22.5,2025-02-28 06:28:41+00:00,Unknown,22.5,2025,2,28
79071,50492,21303,2,69.0,2024-08-12 20:58:44+00:00,"215 Zulauf Forges, Huelfort, DE 43543",138.0,2024,8,12
86219,48754,21369,1,36.5,2025-03-13 13:31:50+00:00,Unknown,36.5,2025,3,13
78694,48698,21899,1,69.0,2025-01-31 21:48:00+00:00,Unknown,69.0,2025,1,31
84356,48799,21312,3,48.0,2024-11-03 17:44:35+00:00,Unknown,144.0,2024,11,3
80520,49757,21313,1,44.0,2025-01-18 07:39:30+00:00,"Suite 704 2976 Derrick Run, Lachelleville, WY 15932",44.0,2025,1,18
84373,48806,21883,1,32.0,2024-12-16 19:54:14+00:00,Unknown,32.0,2024,12,16
83242,50419,21735,2,31.0,2025-01-11 13:06:03+00:00,Unknown,62.0,2025,1,11
79421,48809,21787,1,47.5,2025-01-20 19:06:46+00:00,"14267 Zemlak Ridge, Lake Dawne, OR 85497-0193",47.5,2025,1,20
82268,49648,21815,1,18.99,2025-01-30 08:48:49+00:00,Unknown,18.99,2025,1,30
81983,47911,21772,1,56.7,2024-09-08 13:08:39+00:00,Unknown,56.7,2024,9,8
81638,49644,22018,1,57.25,2025-06-30 04:53:55+00:00,Unknown,57.25,2025,6,30
82579,50663,21360,1,60.99,2025-01-02 10:01:00+00:00,Unknown,60.99,2025,1,2
81093,50240,21930,1,29.1,2024-08-22 17:21:00+00:00,"Apt. 770 555 Kassulke Valley, Kathrintown, IN 11329",29.1,2024,8,22
81485,49345,21921,2,76.2,2025-03-30 10:48:50+00:00,"1505 Greenfelder Fall, West Stephanbury, MI 11548",152.4,2025,3,30
81956,48327,21856,1,49.5,2025-04-07 09:48:21+00:00,Unknown,49.5,2025,4,7
84021,49343,21559,4,38.5,2024-07-30 02:17:53+00:00,Unknown,154.0,2024,7,30
82252,48317,21836,1,49.25,2024-04-13 21:08:49.612000+00:00,Unknown,49.25,2024,4,13
85544,48919,21863,5,43.0,2024-11-06 20:16:22+00:00,Unknown,215.0,2024,11,6
77761,50918,21855,1,56.25,2024-06-05 16:34:00+00:00,Unknown,56.25,2024,6,5
81215,48539,21874,2,71.0,2024-09-19 20:45:41+00:00,Unknown,142.0,2024,9,19
82226,50084,21698,1,55.2,2024-09-26 03:52:49+00:00,"Apt. 604 15254 Hilll Cliffs, New Alpha, CA 34434",55.2,2024,9,26
79998,47807,21298,1,52.25,2024-05-17 19:53:22+00:00,Unknown,52.25,2024,5,17
85971,50778,21803,1,49.75,2024-11-18 03:46:46+00:00,"4636 Hintz Valleys, Asleymouth, TX 41419",49.75,2024,11,18
82691,50267,22005,1,42.5,2024-07-19 14:00:36+00:00,Unknown,42.5,2024,7,19
83986,48915,21300,1,45.3,2024-07-18 01:00:24.625000+00:00,Unknown,45.3,2024,7,18
79479,48691,21893,4,74.99,2025-02-10 21:37:21+00:00,"19858 Susie Well, Antoineside, MT 83460-3671",299.96,2025,2,10
84554,49621,21509,1,45.0,2025-01-27 17:56:00+00:00,Unknown,45.0,2025,1,27
78453,48342,21521,3,49.5,2024-10-04 01:08:06+00:00,Unknown,148.5,2024,10,4
79831,50169,21764,5,47.0,2025-04-30 12:37:44+00:00,Unknown,235.0,2025,4,30
79908,49623,21740,3,57.99,2024-07-10 05:30:34+00:00,Unknown,173.97,2024,7,10
79248,50764,21781,1,63.0,2024-09-16 00:27:00+00:00,Unknown,63.0,2024,9,16
82766,48331,21859,2,71.75,2025-09-01 09:31:17+00:00,Unknown,143.5,2025,9,1
83674,50248,21339,1,66.25,2024-06-08 21:48:12+00:00,Unknown,66.25,2024,6,8
78067,48295,21563,2,72.99,2025-02-21 02:04:33+00:00,Unknown,145.98,2025,2,21
78752,47945,21814,1,42.99,2025-01-31 12:21:02+00:00,Unknown,42.99,2025,1,31
79250,47920,21520,1,21.75,2025-02-03 02:17:00+00:00,Unknown,21.75,2025,2,3
78933,49728,21335,1,34.75,2025-05-05 02:58:44+00:00,Unknown,34.75,2025,5,5
83746,48408,21717,1,35.25,2024-08-25 14:26:00+00:00,"Apt. 351 899 Beier Radial, Florentinoport, VT 50374-4144",35.25,2024,8,25
83463,50827,21546,1,57.0,2024-05-28 17:55:00+00:00,Unknown,57.0,2024,5,28
78615,50262,21963,1,42.99,2025-01-13 07:34:51+00:00,Unknown,42.99,2025,1,13
85097,47998,21719,2,77.4,2024-12-19 05:34:00+00:00,Unknown,154.8,2024,12,19
85699,50422,21688,3,20.99,2024-07-08 05:23:07+00:00,"Apt. 994 752 Bernarda Stream, Port Michaelmouth, DE 61614",62.97,2024,7,8
77838,49024,21518,1,39.0,2025-01-23 01:01:03+00:00,"Apt. 411 25562 Mann Field, Gottliebhaven, KS 03547-3823",39.0,2025,1,23
79690,50121,21541,1,39.59,2024-11-21 22:27:43+00:00,Unknown,39.59,2024,11,21
77600,48211,21312,1,37.75,2024-09-08 04:10:03+00:00,Unknown,37.75,2024,9,8
80064,49040,21692,1,65.5,2024-11-22 00:52:00+00:00,Unknown,65.5,2024,11,22
81087,49630,21791,2,47.99,2024-10-07 21:04:00+00:00,"Suite 623 51203 Dani Summit, Tamarville, CA 55930-1419",95.98,2024,10,7
83347,50697,21575,1,71.0,2024-03-21 14:04:00+00:00,Unknown,71.0,2024,3,21
84826,48890,21887,1,40.8,2025-01-15 09:07:00+00:00,Unknown,40.8,2025,1,15
82167,50126,21369,1,38.0,2025-07-28 01:37:21+00:00,Unknown,38.0,2025,7,28
84007,49012,21778,1,43.99,2024-07-12 06:33:34+00:00,Unknown,43.99,2024,7,12
82300,49463,21514,2,85.8,2024-09-27 20:31:52.545000+00:00,Unknown,171.6,2024,9,27
84738,50675,21826,4,46.0,2024-07-03 11:15:00+00:00,Unknown,184.0,2024,7,3
85357,48870,21975,1,69.0,2024-11-22 09:56:16+00:00,Unknown,69.0,2024,11,22
82962,48595,21673,1,44.25,2025-01-25 16:43:30+00:00,Unknown,44.25,2025,1,25
83377,48354,21347,1,33.0,2025-06-13 23:19:00+00:00,Unknown,33.0,2025,6,13
77723,49570,21495,2,48.0,2025-03-03 04:28:11+00:00,"Suite 180 171 Berge Bridge, West Sanjuana, WA 07778",96.0,2025,3,3
80399,48260,21316,1,42.0,2024-10-26 18:55:31+00:00,Unknown,42.0,2024,10,26
81896,50030,22018,2,57.0,2025-01-29 18:28:00+00:00,Unknown,114.0,2025,1,29
83057,50728,21813,3,29.75,2025-01-13 17:52:50.914000+00:00,Unknown,89.25,2025,1,13
84673,51073,21715,1,31.25,2025-01-19 06:23:10+00:00,Unknown,31.25,2025,1,19
78462,50893,21897,3,56.99,2025-03-13 16:40:26+00:00,Unknown,170.97,2025,3,13
79806,51115,21604,1,69.5,2024-05-09 20:20:00+00:00,Unknown,69.5,2024,5,9
86094,49593,21629,1,45.5,2024-09-27 18:29:29.049000+00:00,Unknown,45.5,2024,9,27
86268,48498,22049,1,31.0,2024-08-26 14:48:42+00:00,Unknown,31.0,2024,8,26
78371,50648,22047,3,63.25,2025-05-24 16:37:48+00:00,Unknown,189.75,2025,5,24
84430,49332,21639,1,55.8,2024-11-15 02:38:46+00:00,Unknown,55.8,2024,11,15
82364,47734,21548,1,49.19,2024-10-02 00:29:58+00:00,Unknown,49.19,2024,10,2
83933,49705,21767,2,36.0,2024-11-05 17:43:43+00:00,Unknown,72.0,2024,11,5
84033,50486,21363,3,67.0,2024-02-20 04:41:06+00:00,Unknown,201.0,2024,2,20
81834,50957,21919,4,59.0,2025-03-01 04:46:00+00:00,Unknown,236.0,2025,3,1
80574,48764,21626,1,43.5,2024-11-27 09:00:50+00:00,Unknown,43.5,2024,11,27
85913,50570,21735,2,31.0,2024-12-11 18:09:06+00:00,Unknown,62.0,2024,12,11
82840,49019,21803,4,52.0,2024-06-10 12:51:38.578000+00:00,"276 Oberbrunner Haven, West Marcos, NH 84595-1424",208.0,2024,6,10
84834,49734,21471,1,32.1,2025-01-15 21:12:00+00:00,Unknown,32.1,2025,1,15
83089,49564,21538,1,75.75,2024-11-16 10:01:42+00:00,Unknown,75.75,2024,11,16
84791,49728,21415,1,63.25,2024-12-17 17:02:00+00:00,Unknown,63.25,2024,12,17
78857,49760,21691,2,22.2,2024-12-16 16:29:00+00:00,"Apt. 363 21548 Carmon Ports, Parkerberg, WA 98298-0556",44.4,2024,12,16
80027,51013,21411,1,35.0,2024-12-20 04:21:00+00:00,"923 Raul Lane, New Grahamstad, NY 43444",35.0,2024,12,20
83176,49372,21641,1,30.25,2025-09-15 09:34:58+00:00,Unknown,30.25,2025,9,15
80746,50428,21934,1,51.6,2024-12-29 07:42:59+00:00,Unknown,51.6,2024,12,29
78952,49119,21366,2,37.2,2025-04-14 03:16:00+00:00,Unknown,74.4,2025,4,14
77831,47728,21781,1,68.5,2024-06-07 03:45:23+00:00,Unknown,68.5,2024,6,7
82523,48687,21719,1,73.2,2025-01-24 23:18:56+00:00,"26643 Reichert Spurs, South Herbside, GA 59903",73.2,2025,1,24
79493,47967,21611,4,47.0,2024-05-11 21:52:00+00:00,"15734 Tremblay Plaza, Lucasberg, MN 93998-7140",188.0,2024,5,11
82751,50954,21434,1,37.8,2025-02-02 16:27:00+00:00,Unknown,37.8,2025,2,2
81274,48621,21460,1,65.25,2025-03-12 01:09:00+00:00,"9710 Hickle Points, Koeppport, IN 35226-6804",65.25,2025,3,12
78810,48515,21903,1,38.25,2024-09-17 04:07:00+00:00,Unknown,38.25,2024,9,17
83455,47893,21966,1,31.19,2025-02-20 07:10:30+00:00,"792 Dion Hollow, North Ruthe, MS 65944",31.19,2025,2,20
83701,48311,21438,1,21.99,2025-02-08 17:57:00+00:00,Unknown,21.99,2025,2,8
78236,49864,21380,1,81.6,2024-05-16 13:20:21+00:00,Unknown,81.6,2024,5,16
80671,48025,21974,1,58.0,2025-05-02 00:39:12+00:00,Unknown,58.0,2025,5,2
81745,49917,21857,1,12.99,2024-07-05 07:19:19+00:00,Unknown,12.99,2024,7,5
78086,50161,21727,1,14.75,2024-09-07 15:09:32+00:00,Unknown,14.75,2024,9,7
82032,49791,21786,3,63.6,2024-09-25 14:47:00+00:00,"729 Devona Harbor, West Ramiroborough, WI 02546",190.8,2024,9,25
82348,49577,21418,5,29.75,2024-08-04 01:43:10+00:00,Unknown,148.75,2024,8,4
81925,50961,21689,1,21.99,2024-11-12 08:54:54+00:00,Unknown,21.99,2024,11,12
85315,50802,21547,1,57.99,2024-11-27 21:14:36+00:00,Unknown,57.99,2024,11,27
79977,49145,22010,2,42.0,2024-10-28 04:39:39+00:00,Unknown,84.0,2024,10,28
78439,49616,21445,1,16.5,2024-09-04 22:49:09+00:00,Unknown,16.5,2024,9,4
81281,47895,21703,1,65.99,2025-03-01 05:58:00+00:00,"58882 Dare Village, New Coy, AK 91053",65.99,2025,3,1
82517,47943,21486,1,27.25,2025-01-27 07:35:04+00:00,"368 Mante Skyway, Mannside, MN 77909",27.25,2025,1,27
85693,50284,21817,1,78.6,2025-02-08 23:45:11+00:00,Unknown,78.6,2025,2,8
82590,50237,21580,1,65.99,2025-02-02 23:36:00+00:00,Unknown,65.99,2025,2,2
85248,50971,21772,1,44.75,2025-06-10 19:45:41+00:00,Unknown,44.75,2025,6,10
85105,50509,21623,5,35.0,2025-02-05 20:37:34.552000+00:00,Unknown,175.0,2025,2,5
83396,48448,21330,1,46.0,2024-10-24 06:31:08+00:00,"Apt. 446 13480 Lemke Mountain, New Louis, MO 20960-4376",46.0,2024,10,24
78406,47691,21538,1,87.59,2025-01-13 05:02:55+00:00,Unknown,87.59,2025,1,13
81187,49725,21579,1,70.0,2024-11-22 00:01:04+00:00,Unknown,70.0,2024,11,22
80995,50682,21587,1,71.99,2025-01-16 22:55:30+00:00,Unknown,71.99,2025,1,16
80906,48164,21984,1,54.0,2025-03-26 09:42:48+00:00,Unknown,54.0,2025,3,26
78238,49349,21542,1,32.0,2024-04-21 19:49:41+00:00,"1460 Hermann Circle, North Stanley, NC 48396",32.0,2024,4,21
86130,49185,21842,1,60.5,2024-11-23 03:45:26+00:00,Unknown,60.5,2024,11,23
82693,50909,21576,1,25.5,2025-07-29 18:16:00+00:00,Unknown,25.5,2025,7,29
77918,48204,21453,1,57.75,2024-11-21 21:09:59+00:00,Unknown,57.75,2024,11,21
77922,49832,21767,2,31.5,2024-08-16 07:38:00+00:00,Unknown,63.0,2024,8,16
78646,50065,21589,1,59.25,2024-08-03 13:47:10+00:00,"Suite 594 78705 Luke Mountains, East Tylerfurt, AR 41906",59.25,2024,8,3
85810,51089,21671,1,37.0,2025-07-27 14:46:00+00:00,Unknown,37.0,2025,7,27
79734,48751,21505,1,40.99,2024-12-04 03:34:40+00:00,"Apt. 907 127 Felipe Junction, Nadertown, AL 05996-5525",40.99,2024,12,4
85532,51020,21922,2,27.5,2025-01-25 20:56:15+00:00,Unknown,55.0,2025,1,25
82161,50851,21520,1,17.0,2024-07-02 02:27:05.309000+00:00,Unknown,17.0,2024,7,2
78814,49380,21527,1,25.5,2025-03-19 06:35:30+00:00,Unknown,25.5,2025,3,19
85239,50823,21322,1,37.19,2024-06-15 04:57:18+00:00,Unknown,37.19,2024,6,15
81486,48197,21512,1,71.75,2025-02-02 20:49:54+00:00,Unknown,71.75,2025,2,2
82206,48733,21580,1,75.0,2024-06-02 23:18:31.167000+00:00,Unknown,75.0,2024,6,2
83874,48545,22055,1,53.5,2024-11-16 22:49:00+00:00,Unknown,53.5,2024,11,16
82717,49761,21533,1,53.5,2024-06-08 05:48:08+00:00,"Suite 879 223 Alice Manor, Port Ji, AL 67122-2415",53.5,2024,6,8
82753,49374,21747,1,33.25,2025-03-25 10:35:00+00:00,"550 Stacee Roads, Goldnerhaven, OR 40589",33.25,2025,3,25
85405,50441,22038,1,34.99,2024-09-15 20:10:08+00:00,Unknown,34.99,2024,9,15
78639,49237,21601,1,54.75,2024-08-10 08:08:56+00:00,Unknown,54.75,2024,8,10
85668,49589,21327,1,23.4,2025-01-08 09:11:21+00:00,Unknown,23.4,2025,1,8
81474,48915,21497,1,70.25,2024-09-25 07:17:17+00:00,Unknown,70.25,2024,9,25
84840,50220,22023,4,14.25,2024-09-13 02:03:00+00:00,Unknown,57.0,2024,9,13
80979,50741,21517,1,81.0,2025-02-18 10:08:57+00:00,Unknown,81.0,2025,2,18
83279,50868,22023,1,17.99,2024-11-05 04:23:00+00:00,Unknown,17.99,2024,11,5
84227,48093,21333,1,81.6,2025-04-22 21:30:00+00:00,"846 Sipes Circle, East Nicolette, MT 47807",81.6,2025,4,22
78206,50316,21773,1,38.75,2024-11-21 00:24:27+00:00,Unknown,38.75,2024,11,21
78058,50928,21764,1,48.75,2024-07-05 17:33:31+00:00,Unknown,48.75,2024,7,5
85175,48685,21714,1,53.99,2024-06-28 21:47:57+00:00,Unknown,53.99,2024,6,28
80366,50135,21612,1,14.25,2025-02-15 10:52:17+00:00,Unknown,14.25,2025,2,15
86374,50544,21761,1,32.5,2025-03-28 18:15:50+00:00,Unknown,32.5,2025,3,28
80232,50369,21944,1,35.5,2024-08-23 06:37:56+00:00,"Suite 910 9331 Carroll Orchard, Lake Tianna, FL 20356-1351",35.5,2024,8,23
80437,50193,21583,1,57.0,2024-08-20 08:09:17+00:00,"Suite 696 8804 Brown Flat, Drusillatown, NM 72880-9210",57.0,2024,8,20
81375,49687,21775,1,79.2,2024-09-22 16:43:29+00:00,Unknown,79.2,2024,9,22
77854,48586,21882,1,41.25,2025-05-19 20:37:27+00:00,"Apt. 197 47567 Nicolas Mews, Stantonmouth, WA 22375-4175",41.25,2025,5,19
82876,48031,21792,1,62.0,2025-01-31 06:57:58+00:00,Unknown,62.0,2025,1,31
77823,50537,21667,1,59.99,2025-08-03 09:14:29.141000+00:00,Unknown,59.99,2025,8,3
80532,48038,21322,1,27.0,2024-10-28 08:21:50+00:00,"80959 Lakin Locks, Larsonburgh, LA 21598-4170",27.0,2024,10,28
77651,48360,21639,1,56.1,2024-04-23 06:15:10+00:00,Unknown,56.1,2024,4,23
84978,49371,21374,1,69.0,2024-06-11 01:13:00+00:00,Unknown,69.0,2024,6,11
78146,49291,21518,1,43.5,2025-02-27 13:24:00+00:00,Unknown,43.5,2025,2,27
80130,50487,21437,4,52.0,2024-11-22 20:56:48+00:00,Unknown,208.0,2024,11,22
84171,50231,21803,2,47.25,2024-08-15 03:40:39+00:00,"Suite 820 79971 Lester Mills, Sengerland, WV 58992",94.5,2024,8,15
83118,47762,21761,1,28.5,2025-01-21 08:56:50+00:00,Unknown,28.5,2025,1,21
79898,49638,21894,1,45.0,2025-02-07 12:44:06+00:00,Unknown,45.0,2025,2,7
82783,48780,21429,1,28.75,2025-06-21 19:44:00+00:00,Unknown,28.75,2025,6,21
82524,48784,21327,1,23.4,2024-12-11 07:24:00+00:00,Unknown,23.4,2024,12,11
79570,49351,21858,1,28.2,2025-03-23 03:31:50+00:00,"587 Kieth Hollow, South Leona, OR 32400",28.2,2025,3,23
80290,48813,21697,3,63.99,2025-05-23 17:10:25+00:00,Unknown,191.97,2025,5,23
85659,48931,21624,1,21.0,2025-05-22 07:32:32+00:00,Unknown,21.0,2025,5,22
84415,49496,21881,1,63.75,2024-04-02 12:30:20+00:00,"29137 Rowe Bridge, Trevorside, SD 17159-5340",63.75,2024,4,2
82391,48017,21688,1,22.99,2024-08-10 17:08:00+00:00,"5675 Luettgen Trace, Gloverland, VT 83750-4521",22.99,2024,8,10
78647,49087,21935,1,15.6,2024-09-16 13:52:47+00:00,Unknown,15.6,2024,9,16
83592,50402,21430,1,67.5,2024-08-19 12:01:00+00:00,Unknown,67.5,2024,8,19
80156,49788,21932,1,27.6,2024-12-07 17:31:42+00:00,Unknown,27.6,2024,12,7
79644,50850,21611,1,60.6,2024-07-15 20:06:48+00:00,"348 Smith Extensions, New Catrice, HI 56757",60.6,2024,7,15
78637,47817,21389,3,56.5,2025-05-09 10:15:59+00:00,Unknown,169.5,2025,5,9
81614,49706,22011,1,73.0,2024-12-21 13:47:08.891000+00:00,Unknown,73.0,2024,12,21
77982,49838,21590,2,42.3,2024-08-23 05:17:00+00:00,"Apt. 317 4998 Jude Flat, West Kermit, WA 13391-5872",84.6,2024,8,23
81963,50794,21518,1,41.99,2024-07-28 06:46:25+00:00,Unknown,41.99,2024,7,28
84613,50484,21711,1,24.3,2024-09-12 01:55:00+00:00,Unknown,24.3,2024,9,12
84901,49257,21494,1,60.5,2024-11-23 20:03:19+00:00,Unknown,60.5,2024,11,23
79340,47951,21500,1,36.3,2025-06-04 09:51:00+00:00,Unknown,36.3,2025,6,4
82150,50079,21906,3,42.75,2024-10-04 06:05:58+00:00,Unknown,128.25,2024,10,4
77693,49566,21722,2,34.75,2024-12-01 16:12:00+00:00,Unknown,69.5,2024,12,1
80346,48760,21388,1,24.6,2024-03-31 19:16:44+00:00,"95845 Ward Centers, New Casey, VA 02186-1672",24.6,2024,3,31
82896,48778,21398,1,33.25,2024-09-23 14:42:20+00:00,Unknown,33.25,2024,9,23
82333,50833,21402,2,38.0,2024-10-16 15:18:41+00:00,"Apt. 314 6047 Jonathon Harbors, Gerlachberg, TX 44843",76.0,2024,10,16
80293,51075,21916,1,16.0,2024-10-30 09:55:22.634000+00:00,Unknown,16.0,2024,10,30
85581,49526,21909,1,31.0,2024-11-26 21:43:05+00:00,Unknown,31.0,2024,11,26
80933,47717,21535,1,53.0,2025-07-01 20:17:00+00:00,Unknown,53.0,2025,7,1
84681,50093,21732,1,60.25,2025-03-05 21:46:35+00:00,"906 Kessler Hollow, Wyatthaven, NE 97705",60.25,2025,3,5
81958,49146,21464,3,75.0,2024-11-20 02:43:12+00:00,"Suite 931 8810 Delcie Fort, South Bonny, GA 51278-5870",225.0,2024,11,20
86308,47868,21420,1,22.5,2024-12-27 23:05:50+00:00,Unknown,22.5,2024,12,27
78616,50657,21862,1,66.6,2024-12-10 16:08:00+00:00,Unknown,66.6,2024,12,10
83201,49801,21737,1,24.6,2024-12-16 12:19:52+00:00,Unknown,24.6,2024,12,16
84592,48538,21660,1,29.99,2024-10-17 18:13:59+00:00,Unknown,29.99,2024,10,17
82154,48736,21621,1,86.1,2024-07-02 02:32:00+00:00,"451 Barton Squares, Dachview, MO 95920-7327",86.1,2024,7,2
86051,49093,21300,1,37.75,2025-01-01 18:06:00+00:00,Unknown,37.75,2025,1,1
77791,49994,21608,2,53.5,2025-02-18 20:20:32+00:00,Unknown,107.0,2025,2,18
82719,49971,21586,1,39.99,2025-03-06 03:40:14+00:00,"Suite 265 8609 Francie Dale, Vandervortmouth, WY 44596-6963",39.99,2025,3,6
81738,49694,21326,1,68.0,2024-10-21 09:31:21+00:00,Unknown,68.0,2024,10,21
83247,50409,21341,1,23.0,2024-08-09 05:35:00+00:00,Unknown,23.0,2024,8,9
85893,47991,21317,1,58.5,2024-06-22 08:42:22+00:00,Unknown,58.5,2024,6,22
81651,48997,21903,2,41.0,2024-05-22 23:22:25+00:00,Unknown,82.0,2024,5,22
79289,49783,21470,2,18.5,2024-11-15 21:34:00+00:00,Unknown,37.0,2024,11,15
78894,48605,21433,1,44.0,2024-09-19 01:12:00+00:00,"Suite 910 75039 Keeling Hills, North Mandi, MI 79579-8421",44.0,2024,9,19
84515,50023,21561,1,68.25,2025-03-16 05:06:37+00:00,Unknown,68.25,2025,3,16
81618,47753,21859,1,76.75,2025-02-02 10:13:37+00:00,"Apt. 822 86901 Pura Mountain, South Shizuemouth, IL 94433-4374",76.75,2025,2,2
85140,49197,21643,1,21.3,2025-06-23 14:08:00+00:00,Unknown,21.3,2025,6,23
80189,49981,21335,3,29.0,2025-05-13 13:32:50+00:00,Unknown,87.0,2025,5,13
85338,48968,21693,1,71.99,2024-11-10 20:34:00+00:00,Unknown,71.99,2024,11,10
84999,48046,21725,1,38.5,2024-08-02 05:14:00+00:00,Unknown,38.5,2024,8,2
79572,50199,21901,4,61.25,2024-09-02 03:27:24+00:00,"Suite 381 25814 Tromp Causeway, Gerholdfurt, NC 31875-8607",245.0,2024,9,2
84176,49971,21860,1,45.5,2025-03-07 01:38:34+00:00,Unknown,45.5,2025,3,7
81176,50576,21760,1,87.59,2024-05-30 16:12:22+00:00,"786 Rolfson Spring, West Minhchester, GA 46374",87.59,2024,5,30
81439,49974,21947,5,63.5,2024-08-09 03:22:08+00:00,Unknown,317.5,2024,8,9
84895,49496,21464,1,61.0,2024-10-03 20:40:29+00:00,"29137 Rowe Bridge, Trevorside, SD 17159-5340",61.0,2024,10,3
78549,49669,21608,1,60.0,2025-02-11 21:09:49+00:00,Unknown,60.0,2025,2,11
79600,50156,21754,4,38.1,2024-11-05 21:47:54+00:00,"Suite 487 22361 Ziemann Mount, New Jamarton, MT 44091-4800",152.4,2024,11,5
78609,48606,21775,1,70.0,2024-12-08 09:43:26+00:00,Unknown,70.0,2024,12,8
83836,48424,21886,3,46.0,2024-11-14 06:12:15+00:00,Unknown,138.0,2024,11,14
81276,50406,21541,1,32.25,2024-09-07 21:56:13+00:00,Unknown,32.25,2024,9,7
79155,47826,21458,3,64.0,2025-02-03 21:32:09.345000+00:00,"Suite 202 25509 Jenkins Plaza, Port Shennastad, AZ 04253-3514",192.0,2025,2,3
82051,49646,21340,1,49.0,2025-04-12 18:23:48+00:00,Unknown,49.0,2025,4,12
80075,48957,21479,1,62.0,2024-11-26 10:43:00+00:00,Unknown,62.0,2024,11,26
82115,49250,21507,5,36.99,2024-08-22 09:14:01+00:00,Unknown,184.95,2024,8,22
81233,50433,21936,2,16.5,2024-07-10 23:51:45+00:00,Unknown,33.0,2024,7,10
86487,48854,21916,1,19.0,2025-04-01 15:04:52+00:00,Unknown,19.0,2025,4,1
84066,47687,21595,3,54.25,2024-07-16 08:39:34+00:00,Unknown,162.75,2024,7,16
81053,47741,21685,3,64.0,2024-09-06 23:33:00+00:00,Unknown,192.0,2024,9,6
82663,48201,21302,1,20.0,2024-07-06 18:10:10+00:00,Unknown,20.0,2024,7,6
84111,48496,21746,1,20.7,2025-01-01 17:58:32+00:00,"Suite 520 796 Raynor Spur, Feeststad, TN 62808",20.7,2025,1,1
81221,50081,21370,2,58.0,2025-07-22 16:09:10+00:00,Unknown,116.0,2025,7,22
84470,49907,22007,1,46.0,2025-02-13 01:59:58+00:00,Unknown,46.0,2025,2,13
81978,48195,21383,1,50.5,2024-11-28 08:47:59.996000+00:00,Unknown,50.5,2024,11,28
78780,50193,21676,1,69.0,2025-02-08 16:31:00+00:00,"Suite 696 8804 Brown Flat, Drusillatown, NM 72880-9210",69.0,2025,2,8
84424,50512,21313,1,41.99,2025-02-15 03:04:46+00:00,Unknown,41.99,2025,2,15
81135,48482,21803,1,50.5,2024-12-04 19:55:00+00:00,Unknown,50.5,2024,12,4
85987,48782,21369,1,38.0,2024-07-22 01:27:03+00:00,Unknown,38.0,2024,7,22
83688,48961,21727,1,17.75,2024-12-23 03:18:00+00:00,Unknown,17.75,2024,12,23
77664,50965,21944,1,42.6,2024-12-15 10:47:00+00:00,Unknown,42.6,2024,12,15
81961,48681,21677,1,32.5,2024-11-08 08:38:01+00:00,Unknown,32.5,2024,11,8
78568,50390,22014,1,28.0,2024-10-24 03:09:49+00:00,"Apt. 857 686 Crooks Squares, Rosenbaumberg, CA 18317",28.0,2024,10,24
82812,49407,21340,2,50.0,2024-08-18 01:47:36+00:00,Unknown,100.0,2024,8,18
84775,49740,21670,2,23.0,2025-07-10 12:01:00+00:00,Unknown,46.0,2025,7,10
78584,48458,21486,4,24.5,2024-10-29 03:26:00+00:00,Unknown,98.0,2024,10,29
77709,50615,21549,1,30.3,2025-05-19 14:02:31+00:00,"80277 Burt Knoll, Port Jayburgh, MD 86256-7695",30.3,2025,5,19
86025,50534,21923,2,20.7,2024-05-30 08:12:21+00:00,Unknown,41.4,2024,5,30
85536,48156,21881,1,64.0,2025-07-19 10:55:00+00:00,Unknown,64.0,2025,7,19
79612,48204,21716,2,40.79,2025-01-20 04:08:04+00:00,Unknown,81.58,2025,1,20
84802,49686,22005,1,54.3,2025-03-18 22:24:00+00:00,"Apt. 418 8544 Daron Glen, South Liviachester, NJ 26489-2255",54.3,2025,3,18
84891,48334,21778,3,51.9,2025-05-01 18:41:00+00:00,Unknown,155.7,2025,5,1
83021,49447,21847,3,68.25,2024-11-22 19:28:00+00:00,Unknown,204.75,2024,11,22
86410,48902,21958,1,74.75,2024-11-26 10:41:45.825000+00:00,"63003 Goyette Glens, Carrollmouth, SC 35772",74.75,2024,11,26
85436,48773,21981,1,20.5,2024-12-06 07:44:21+00:00,"Suite 882 2025 Fahey Road, Kovacekfort, AZ 71233-7264",20.5,2024,12,6
83146,49858,21390,1,48.25,2025-02-11 02:26:13+00:00,Unknown,48.25,2025,2,11
85084,48105,21851,1,23.0,2024-12-16 09:56:00+00:00,"Apt. 586 808 Caleb Field, East Dominic, NE 87671-8052",23.0,2024,12,16
84495,48559,21885,1,57.6,2024-09-22 18:23:00+00:00,Unknown,57.6,2024,9,22
78286,48549,21749,1,83.1,2025-05-27 08:49:12+00:00,Unknown,83.1,2025,5,27
80759,51003,21722,2,36.0,2024-02-09 19:42:42+00:00,Unknown,72.0,2024,2,9
78355,49328,21371,3,54.75,2024-10-27 09:45:08+00:00,Unknown,164.25,2024,10,27
78310,50358,21809,1,23.1,2025-03-23 14:27:35+00:00,Unknown,23.1,2025,3,23
85577,50800,21937,1,64.8,2024-10-23 04:17:40+00:00,"986 Maryam Glen, Effertzton, AL 70096-0257",64.8,2024,10,23
77944,49583,21645,3,48.0,2024-11-06 19:55:00+00:00,Unknown,144.0,2024,11,6
84745,47680,21795,1,32.0,2025-06-24 08:20:50.802000+00:00,Unknown,32.0,2025,6,24
77773,48988,21990,1,47.0,2024-10-18 11:05:38+00:00,Unknown,47.0,2024,10,18
82400,49443,21811,5,29.75,2025-02-04 11:21:26+00:00,"43695 Harber Canyon, Hesselview, LA 89446",148.75,2025,2,4
81242,49447,21501,5,19.5,2024-12-04 14:53:00+00:00,Unknown,97.5,2024,12,4
83726,51045,21854,1,63.99,2024-12-28 05:25:24.638000+00:00,Unknown,63.99,2024,12,28
78827,48486,21400,3,45.5,2025-03-20 07:17:01+00:00,Unknown,136.5,2025,3,20
84413,49105,21831,1,65.4,2025-01-13 04:23:48+00:00,Unknown,65.4,2025,1,13
78696,48472,21989,1,88.2,2024-07-19 05:51:39+00:00,Unknown,88.2,2024,7,19
81899,48248,21423,1,42.99,2024-07-17 07:07:37+00:00,Unknown,42.99,2024,7,17
84931,48594,21799,4,36.3,2024-09-10 14:34:30+00:00,Unknown,145.2,2024,9,10
85050,48900,21995,1,41.5,2025-02-28 12:48:19+00:00,Unknown,41.5,2025,2,28
86339,50452,22040,1,32.25,2024-12-12 23:12:49.674000+00:00,"Apt. 665 49322 Susana Forge, Brittshire, IL 79726-3322",32.25,2024,12,12
82246,47761,22020,3,73.75,2025-03-19 05:12:37+00:00,Unknown,221.25,2025,3,19
86442,49243,21796,1,36.6,2024-12-06 20:45:02+00:00,Unknown,36.6,2024,12,6
79942,50534,21432,1,33.25,2024-09-10 21:53:13+00:00,Unknown,33.25,2024,9,10
81617,47950,21542,1,31.75,2025-03-01 08:33:53+00:00,Unknown,31.75,2025,3,1
81854,51076,21303,2,53.99,2024-09-11 23:49:40+00:00,Unknown,107.98,2024,9,11
85161,47779,21980,4,18.0,2025-07-11 12:12:00+00:00,Unknown,72.0,2025,7,11
78927,49714,21322,1,29.5,2024-12-16 15:36:58.006000+00:00,Unknown,29.5,2024,12,16
84194,50170,21736,1,49.5,2025-03-28 21:37:00+00:00,Unknown,49.5,2025,3,28
85403,47730,21839,1,71.0,2024-10-06 05:44:00+00:00,"Apt. 927 694 Miller Canyon, North Joel, VT 02823-6834",71.0,2024,10,6
81799,48646,21552,2,81.6,2024-02-12 22:51:39.838000+00:00,Unknown,163.2,2024,2,12
80446,50831,22042,1,51.5,2024-11-08 06:08:21+00:00,Unknown,51.5,2024,11,8
80419,49812,21405,1,22.0,2024-12-17 05:26:53+00:00,Unknown,22.0,2024,12,17
81445,48835,21952,1,50.0,2024-08-22 13:20:20+00:00,Unknown,50.0,2024,8,22
83039,49787,21610,1,53.0,2024-12-12 09:23:35+00:00,Unknown,53.0,2024,12,12
84558,51104,21368,2,48.0,2024-06-16 01:09:00+00:00,"917 Flatley Inlet, South Mamieborough, KS 02515",96.0,2024,6,16
79745,49519,21355,1,56.75,2025-01-02 04:26:28+00:00,Unknown,56.75,2025,1,2
81162,48550,21601,1,64.8,2024-09-03 14:43:02+00:00,Unknown,64.8,2024,9,3
85369,51081,21746,1,20.4,2025-01-09 19:58:05+00:00,Unknown,20.4,2025,1,9
85731,48681,21513,1,21.6,2025-04-13 19:09:36+00:00,Unknown,21.6,2025,4,13
79482,50855,21481,1,19.25,2024-12-13 09:53:12+00:00,Unknown,19.25,2024,12,13
80483,49391,21935,1,14.5,2024-06-18 20:30:00+00:00,Unknown,14.5,2024,6,18
84026,48314,21784,2,64.0,2025-06-05 13:19:19+00:00,Unknown,128.0,2025,6,5
82218,48482,21863,1,44.0,2024-12-10 09:00:20+00:00,Unknown,44.0,2024,12,10
80636,50887,22057,1,48.0,2024-10-21 10:37:51+00:00,Unknown,48.0,2024,10,21
80301,50576,21811,1,30.0,2025-05-08 01:22:05+00:00,Unknown,30.0,2025,5,8
79267,49686,21517,2,67.0,2025-02-25 16:26:18+00:00,Unknown,134.0,2025,2,25
81199,49701,21331,1,45.5,2024-06-26 14:51:47+00:00,Unknown,45.5,2024,6,26
80642,48380,21705,2,63.25,2024-12-05 16:14:26+00:00,Unknown,126.5,2024,12,5
82822,49106,21624,1,20.99,2024-07-12 03:45:00+00:00,Unknown,20.99,2024,7,12
84646,50576,21461,2,88.2,2025-02-18 10:00:57+00:00,Unknown,176.4,2025,2,18
84401,48596,21365,1,38.4,2024-11-17 01:26:35+00:00,Unknown,38.4,2024,11,17
80203,48936,21951,3,30.0,2024-11-27 21:57:00+00:00,Unknown,90.0,2024,11,27
85563,48826,21950,5,52.25,2024-10-08 17:47:00+00:00,"Apt. 443 18083 Riva Heights, Alanaton, OH 06322",261.25,2024,10,8
81536,48399,21995,1,44.0,2025-01-15 18:21:59+00:00,Unknown,44.0,2025,1,15
80069,49325,21679,1,27.25,2024-04-27 06:41:29+00:00,Unknown,27.25,2024,4,27
83128,48679,21550,1,84.9,2024-10-23 02:21:09+00:00,Unknown,84.9,2024,10,23
84214,47856,21302,4,24.0,2025-05-14 03:31:00+00:00,Unknown,96.0,2025,5,14
85829,49834,21322,1,35.4,2025-02-15 12:39:09+00:00,"Suite 535 894 Krajcik Pike, Swiftville, NV 38867-2235",35.4,2025,2,15
85421,51065,21721,1,50.5,2024-12-13 12:40:00+00:00,"71365 Gerhold Terrace, Dallasland, KY 99342-5028",50.5,2024,12,13
80244,49794,21473,1,36.75,2024-05-25 10:39:00+00:00,"23859 Annamae Trail, Wilmermouth, LA 59146-3299",36.75,2024,5,25
85377,48733,21593,1,20.4,2024-05-30 22:47:47+00:00,Unknown,20.4,2024,5,30
82178,47869,22049,1,26.0,2025-02-13 12:34:10+00:00,"Suite 142 683 Ritchie Mills, New Cyrilview, MA 04154",26.0,2025,2,13
81821,50971,21576,1,27.99,2024-09-19 05:37:19+00:00,"6062 Mac Prairie, Deloresshire, AK 23878",27.99,2024,9,19
80870,48563,21541,3,37.5,2025-03-08 13:36:19+00:00,Unknown,112.5,2025,3,8
86103,48725,21569,2,42.5,2025-09-08 00:55:39+00:00,Unknown,85.0,2025,9,8
85360,47794,21307,1,23.25,2025-03-07 02:54:23+00:00,Unknown,23.25,2025,3,7
85461,48929,21945,1,16.75,2024-06-10 11:51:48+00:00,"Suite 692 7711 Dinah Lock, Jerrymouth, MN 21534-1654",16.75,2024,6,10
79496,48863,21575,1,85.2,2025-04-30 10:34:00+00:00,"Apt. 596 8120 Senger Underpass, Joyaport, AZ 44788-4814",85.2,2025,4,30
79639,50896,21893,1,84.0,2024-08-09 15:28:00+00:00,"Apt. 973 6536 Johnston Causeway, East Rolftown, RI 26339",84.0,2024,8,9
80758,47674,21306,1,51.5,2025-01-09 08:22:00+00:00,"8379 Keebler Stream, South Junitaton, MN 20111",51.5,2025,1,9
86202,47895,21828,1,23.7,2025-02-20 07:03:00+00:00,"58882 Dare Village, New Coy, AK 91053",23.7,2025,2,20
84666,49129,21610,1,64.2,2024-08-20 01:49:00+00:00,Unknown,64.2,2024,8,20
78268,50468,21679,1,29.75,2025-03-11 07:12:00+00:00,Unknown,29.75,2025,3,11
86292,49219,21753,1,55.75,2024-10-17 08:52:34+00:00,Unknown,55.75,2024,10,17
86226,50684,21776,2,86.1,2024-12-24 15:50:21.469000+00:00,Unknown,172.2,2024,12,24
82861,49887,21471,3,30.3,2025-03-14 01:10:02+00:00,Unknown,90.9,2025,3,14
84906,50724,21956,3,20.25,2025-02-09 09:30:37+00:00,Unknown,60.75,2025,2,9
78015,51060,21443,1,21.99,2025-06-27 01:09:00+00:00,"Apt. 302 1194 Lilia Keys, East Heath, HI 32859-2509",21.99,2025,6,27
85997,48313,21924,1,56.0,2025-01-05 03:43:30.555000+00:00,Unknown,56.0,2025,1,5
77636,50985,21851,1,24.25,2025-05-03 05:08:18.661000+00:00,Unknown,24.25,2025,5,3
82473,48435,21627,1,85.2,2024-10-16 04:20:35+00:00,"3468 Renato River, New Stanfordfort, OR 47005",85.2,2024,10,16
84398,50056,21795,1,34.25,2025-01-08 22:20:20+00:00,Unknown,34.25,2025,1,8
81535,49694,21635,1,43.0,2025-05-02 19:29:00+00:00,Unknown,43.0,2025,5,2
85189,49192,21624,1,23.0,2024-11-14 05:43:13+00:00,Unknown,23.0,2024,11,14
80862,50074,21325,2,49.0,2024-05-30 19:32:53+00:00,Unknown,98.0,2024,5,30
78643,50333,21478,1,57.0,2025-04-02 03:23:10+00:00,Unknown,57.0,2025,4,2
86080,50057,21576,2,25.0,2025-02-19 19:53:51+00:00,Unknown,50.0,2025,2,19
85491,50710,21711,1,25.0,2025-04-27 20:57:00+00:00,Unknown,25.0,2025,4,27
78861,48491,21735,1,33.99,2024-08-10 10:26:56+00:00,Unknown,33.99,2024,8,10
83954,49206,21939,3,42.3,2024-10-05 20:26:50+00:00,Unknown,126.9,2024,10,5
78524,49479,21580,1,67.0,2024-08-28 03:54:00+00:00,Unknown,67.0,2024,8,28
78105,48139,21917,4,65.25,2025-03-13 03:01:00+00:00,Unknown,261.0,2025,3,13
86151,48314,21630,1,32.99,2024-10-25 12:14:53+00:00,Unknown,32.99,2024,10,25
82482,50271,21542,1,30.5,2024-03-27 12:01:07+00:00,Unknown,30.5,2024,3,27
81427,47890,21747,1,30.75,2024-12-05 13:33:28+00:00,Unknown,30.75,2024,12,5
78194,49253,22055,1,54.25,2025-03-18 01:25:03+00:00,Unknown,54.25,2025,3,18
78167,51124,22049,1,30.5,2024-05-19 10:03:00+00:00,"866 Littel Mountains, Lake Donovanfurt, HI 32040-6617",30.5,2024,5,19
81964,49265,21890,1,79.2,2024-06-14 13:43:43+00:00,"Apt. 626 142 Klocko Neck, West Jospeh, TX 70330-1440",79.2,2024,6,14
83044,50190,21482,1,66.0,2024-08-19 13:37:00+00:00,Unknown,66.0,2024,8,19
77639,51106,21660,1,35.4,2025-08-23 12:31:12+00:00,"Suite 760 1071 Casie Mill, Reillyside, AK 71374-2538",35.4,2025,8,23
81101,48790,21359,1,24.5,2025-02-12 05:06:00+00:00,Unknown,24.5,2025,2,12
79611,48082,22046,1,62.5,2024-04-27 05:03:17+00:00,Unknown,62.5,2024,4,27
81906,49815,21897,4,67.2,2024-08-29 10:41:42+00:00,Unknown,268.8,2024,8,29
80172,50304,21482,1,66.0,2025-05-17 03:47:54.871000+00:00,Unknown,66.0,2025,5,17
78182,50517,21488,1,67.5,2024-05-16 22:06:11+00:00,"77290 Dickinson Heights, North Monroeview, MD 76324-3044",67.5,2024,5,16
79627,50772,21324,4,31.25,2024-08-24 02:34:12+00:00,Unknown,125.0,2024,8,24
83075,49607,21677,1,33.0,2024-12-23 20:52:52+00:00,Unknown,33.0,2024,12,23
84765,49186,21732,1,64.0,2025-09-07 07:19:00+00:00,"Suite 900 7789 Dietrich Haven, Mirellaland, MA 55490",64.0,2025,9,7
77765,48784,21848,1,58.75,2025-02-27 04:05:10+00:00,Unknown,58.75,2025,2,27
85002,50147,22030,1,17.99,2024-11-19 12:17:41+00:00,"Suite 772 5259 Ozie Summit, Cummerataview, IN 87860",17.99,2024,11,19
81048,50781,21577,2,67.0,2024-10-29 16:24:22+00:00,"8760 Toy Ways, North Clintfort, AL 11717",134.0,2024,10,29
86279,47954,21875,1,54.0,2024-11-29 23:13:05+00:00,"632 Cartwright Mission, Prohaskaland, NY 88410",54.0,2024,11,29
82685,50522,21906,2,52.5,2025-02-20 20:55:53+00:00,Unknown,105.0,2025,2,20
83212,49423,21761,1,30.5,2024-08-14 12:45:00+00:00,"Apt. 936 692 Tonja Flats, Walshland, WY 65923",30.5,2024,8,14
82261,48860,21751,2,69.0,2025-04-17 05:12:45+00:00,Unknown,138.0,2025,4,17
84640,48586,21530,1,49.5,2025-02-25 21:06:00+00:00,"Apt. 197 47567 Nicolas Mews, Stantonmouth, WA 22375-4175",49.5,2025,2,25
78050,49130,21631,1,22.5,2024-09-23 21:38:23+00:00,Unknown,22.5,2024,9,23
79535,49888,21760,1,86.1,2024-12-13 07:20:00+00:00,"Suite 787 16485 Walter Walk, Welchhaven, CT 95167-2660",86.1,2024,12,13
83333,49230,21673,1,51.6,2024-09-13 15:44:00+00:00,Unknown,51.6,2024,9,13
78210,50492,21654,1,42.0,2024-04-29 19:02:00+00:00,Unknown,42.0,2024,4,29
85876,50654,21875,2,50.0,2025-07-01 05:26:24+00:00,Unknown,100.0,2025,7,1
78368,48983,22021,1,22.8,2025-04-14 04:09:10+00:00,"Apt. 225 93776 Denae Mountain, Dickfort, AR 42907-2889",22.8,2025,4,14
77877,48385,21835,1,68.5,2025-02-06 02:37:00+00:00,"Suite 801 654 Windler Ridges, Laruechester, SC 16786",68.5,2025,2,6
78064,48561,21727,1,13.25,2024-11-02 16:03:41+00:00,Unknown,13.25,2024,11,2
80288,49043,21559,1,39.0,2024-06-10 09:22:13+00:00,Unknown,39.0,2024,6,10
83562,49232,21486,5,27.0,2024-08-22 18:20:00+00:00,"77163 Fisher Meadows, Antoniohaven, TN 37059-8942",135.0,2024,8,22
82592,48345,21747,1,32.75,2025-04-24 05:05:30+00:00,Unknown,32.75,2025,4,24
79673,47714,21774,5,18.75,2024-11-02 09:53:28+00:00,"Apt. 408 77004 Hans Path, Meldashire, ID 32325",93.75,2024,11,2
82326,50146,21413,2,40.0,2024-11-30 14:55:09+00:00,Unknown,80.0,2024,11,30
79774,48605,21883,4,42.0,2025-02-06 00:13:04+00:00,"Suite 910 75039 Keeling Hills, North Mandi, MI 79579-8421",168.0,2025,2,6
80129,49308,21495,1,52.0,2024-11-15 03:01:36+00:00,"Apt. 811 87827 Ritchie Walks, South Joettaside, KS 94662-0130",52.0,2024,11,15
79852,48772,21302,1,26.1,2024-12-22 15:00:00+00:00,Unknown,26.1,2024,12,22
83859,48812,21364,3,70.99,2025-03-27 01:37:01+00:00,Unknown,212.97,2025,3,27
77948,48351,21711,1,24.6,2025-01-23 21:51:00+00:00,Unknown,24.6,2025,1,23
80009,49473,21309,1,25.25,2024-10-03 11:06:00+00:00,Unknown,25.25,2024,10,3
81094,48554,21375,1,49.0,2024-11-24 04:26:26+00:00,"63566 Micheal Mountains, Port Billie, NH 01647-6571",49.0,2024,11,24
79793,47819,21866,1,41.75,2025-01-07 09:47:29+00:00,"6064 Lillian Station, West Kurt, MD 71596",41.75,2025,1,7
80809,49137,21562,3,33.25,2024-05-20 21:33:47+00:00,"4227 Marquita Extension, North Benjaminshire, IA 47616",99.75,2024,5,20
81382,49557,21561,1,67.5,2024-06-12 14:08:04.437000+00:00,Unknown,67.5,2024,6,12
80190,48812,21909,1,26.0,2024-04-09 13:56:58+00:00,Unknown,26.0,2024,4,9
83842,48626,21647,1,42.0,2024-09-19 05:30:10+00:00,"23229 Gusikowski Island, Wadeton, NY 85184",42.0,2024,9,19
85843,48775,21850,1,69.6,2025-01-18 16:20:00+00:00,"5681 Pfannerstill Mews, East Brianneborough, SC 06137-3328",69.6,2025,1,18
85739,50430,21765,4,27.6,2025-03-24 16:40:00+00:00,Unknown,110.4,2025,3,24
80243,47834,21404,2,19.0,2024-12-24 07:41:49+00:00,Unknown,38.0,2024,12,24
77670,48763,21745,1,22.2,2025-02-09 07:45:00+00:00,Unknown,22.2,2025,2,9
82530,48431,21546,1,43.5,2024-10-30 04:33:36+00:00,"62446 Domingo Plains, Sanfordview, LA 10654-7498",43.5,2024,10,30
81994,49557,21319,2,24.0,2024-12-19 06:18:22+00:00,Unknown,48.0,2024,12,19
77865,49921,21398,1,38.39,2025-04-29 02:06:20+00:00,Unknown,38.39,2025,4,29
82033,51023,21720,2,25.0,2025-05-19 21:04:37+00:00,Unknown,50.0,2025,5,19
78655,48381,21762,1,31.0,2024-08-10 02:22:15+00:00,Unknown,31.0,2024,8,10
78898,49768,21930,1,27.0,2024-11-27 17:54:54+00:00,"Suite 205 96783 Ryan Underpass, Flatleyland, ME 25217",27.0,2024,11,27
82782,49986,21333,4,70.99,2024-12-03 05:48:49+00:00,Unknown,283.96,2024,12,3
78907,48895,21795,3,43.19,2024-12-04 19:27:56+00:00,"Suite 248 65632 Conroy Cove, Port Louellaton, VT 67288-7802",129.57,2024,12,4
85882,49460,21340,1,51.75,2025-05-23 22:32:00+00:00,Unknown,51.75,2025,5,23
84117,49150,21827,3,19.0,2025-02-28 04:59:40+00:00,Unknown,57.0,2025,2,28
81734,49371,21782,2,54.75,2024-09-12 11:48:00+00:00,"Apt. 620 4555 Youlanda Prairie, West Cristobalhaven, KS 66237",109.5,2024,9,12
79316,48769,21473,3,33.0,2025-03-17 14:27:00+00:00,Unknown,99.0,2025,3,17
83038,50374,21994,2,33.25,2025-02-19 04:19:21+00:00,Unknown,66.5,2025,2,19
79003,50968,21908,1,21.0,2024-08-17 23:28:05+00:00,Unknown,21.0,2024,8,17
86113,50209,21916,1,24.6,2025-03-15 20:06:00+00:00,Unknown,24.6,2025,3,15
84196,49590,21669,1,18.5,2025-04-21 23:48:58+00:00,Unknown,18.5,2025,4,21
83888,49770,21306,3,58.2,2025-06-10 06:31:12+00:00,Unknown,174.6,2025,6,10
85915,50870,21681,1,42.6,2025-04-07 23:03:23+00:00,Unknown,42.6,2025,4,7
78600,49811,21518,3,43.0,2025-03-28 14:17:31+00:00,Unknown,129.0,2025,3,28
78978,49392,22048,1,44.25,2024-06-30 18:02:31+00:00,Unknown,44.25,2024,6,30
81158,50192,21899,1,70.99,2025-04-12 03:43:15+00:00,Unknown,70.99,2025,4,12
82104,48489,21678,1,86.39,2024-09-14 23:22:54+00:00,Unknown,86.39,2024,9,14
80234,49629,21600,1,26.5,2024-06-15 02:01:01+00:00,"Apt. 935 682 Davis Extensions, Fannymouth, KY 04568",26.5,2024,6,15
82488,49548,21525,1,44.4,2024-10-15 07:53:00+00:00,Unknown,44.4,2024,10,15
80723,48532,21466,1,38.7,2025-01-01 18:38:06+00:00,Unknown,38.7,2025,1,1
83680,50486,21431,1,50.99,2024-10-23 05:41:11+00:00,Unknown,50.99,2024,10,23
81108,50691,21938,1,71.0,2025-01-26 00:53:57.486000+00:00,Unknown,71.0,2025,1,26
80305,49573,21722,2,37.0,2025-07-01 10:55:55+00:00,"7690 Francesco Brooks, East Terisaburgh, PA 69436",74.0,2025,7,1
81303,49610,21836,1,57.59,2025-05-07 02:01:10+00:00,Unknown,57.59,2025,5,7
81722,49735,21702,1,63.0,2024-10-09 17:54:09.426000+00:00,Unknown,63.0,2024,10,9
79997,49198,21678,1,73.0,2025-04-23 10:03:00+00:00,Unknown,73.0,2025,4,23
83130,48159,21710,1,71.0,2024-12-06 04:06:57+00:00,Unknown,71.0,2024,12,6
86325,48085,21431,1,51.0,2025-02-19 11:46:33+00:00,Unknown,51.0,2025,2,19
85250,49602,21699,2,25.5,2024-09-17 19:31:28+00:00,Unknown,51.0,2024,9,17
80235,48951,21964,1,85.2,2024-12-20 13:46:00+00:00,Unknown,85.2,2024,12,20
85660,48935,21544,1,14.75,2024-12-16 00:37:47+00:00,Unknown,14.75,2024,12,16
80316,49082,21678,1,90.0,2025-06-23 11:18:00+00:00,Unknown,90.0,2025,6,23
84083,51055,21504,1,71.99,2024-09-22 04:09:26.812000+00:00,Unknown,71.99,2024,9,22
80363,48617,21632,1,69.0,2024-11-16 02:29:41+00:00,"447 Anderson Springs, Lake Adolfochester, NY 87026",69.0,2024,11,16
80291,50999,21486,1,28.8,2024-05-08 05:22:00+00:00,Unknown,28.8,2024,5,8
78831,48036,21530,5,53.25,2024-10-13 07:13:25+00:00,Unknown,266.25,2024,10,13
84853,48692,21753,1,57.75,2024-09-26 15:04:35+00:00,Unknown,57.75,2024,9,26
84120,49221,21920,3,21.99,2025-02-19 05:25:28+00:00,"416 Dierdre Ridge, Barttown, WA 33781-3683",65.97,2025,2,19
81264,50163,21670,1,31.2,2024-10-10 03:03:00+00:00,Unknown,31.2,2024,10,10
78943,49750,21307,2,25.0,2025-05-12 15:13:43+00:00,Unknown,50.0,2025,5,12
82508,50172,21463,1,30.25,2024-12-06 22:33:00.042000+00:00,Unknown,30.25,2024,12,6
84504,51125,21695,1,76.75,2024-12-10 12:13:26+00:00,Unknown,76.75,2024,12,10
80615,51091,21516,1,55.75,2024-12-26 08:01:00+00:00,"Apt. 599 853 Renita Skyway, South Dominic, CO 88607",55.75,2024,12,26
82465,50883,21615,1,48.75,2025-01-16 06:03:00+00:00,Unknown,48.75,2025,1,16
77883,48320,21649,1,69.99,2025-04-22 05:37:49+00:00,Unknown,69.99,2025,4,22
81483,48843,21689,1,17.25,2024-01-24 05:28:14+00:00,"Suite 334 6253 Bradly Ramp, New Su, GA 41859-3050",17.25,2024,1,24
84206,49454,21908,1,23.0,2024-10-02 02:19:12+00:00,Unknown,23.0,2024,10,2
84264,48861,21703,1,66.25,2025-08-05 12:46:49+00:00,"Suite 809 6479 McClure Forges, Eugeneburgh, IA 76155",66.25,2025,8,5
77714,48429,21508,1,25.0,2024-11-25 19:07:07+00:00,"Apt. 906 243 Jed Plaza, New Woodrowport, DE 19483-1496",25.0,2024,11,25
85483,47792,21298,2,55.99,2024-08-19 22:39:00+00:00,"64516 Lashay Flat, Linwoodtown, UT 11594-9090",111.98,2024,8,19
78164,49534,21860,1,54.0,2025-04-22 05:23:30+00:00,Unknown,54.0,2025,4,22
82215,47990,21991,1,73.75,2024-09-21 20:13:41+00:00,Unknown,73.75,2024,9,21
84543,50478,21734,2,52.5,2025-01-21 05:06:10+00:00,"820 Hayes Locks, Stevenview, NM 41164",105.0,2025,1,21
77628,48035,21455,2,52.5,2024-12-25 11:46:12+00:00,Unknown,105.0,2024,12,25
83553,47831,21899,1,85.8,2025-01-18 00:53:45.188000+00:00,Unknown,85.8,2025,1,18
77925,47961,21969,1,53.0,2024-06-25 11:12:33+00:00,Unknown,53.0,2024,6,25
80487,51005,21509,1,40.0,2024-09-16 22:21:00+00:00,Unknown,40.0,2024,9,16
79711,48599,21702,1,62.25,2025-06-09 13:17:41+00:00,Unknown,62.25,2025,6,9
84861,48486,21672,1,69.0,2025-05-02 21:27:53+00:00,Unknown,69.0,2025,5,2
83597,48221,21364,1,71.0,2025-05-14 11:33:32+00:00,Unknown,71.0,2025,5,14
86016,49912,22005,1,42.25,2024-10-08 22:13:55+00:00,"Suite 788 330 Don Gardens, Lenitahaven, OH 63213-4573",42.25,2024,10,8
84555,50597,21413,1,37.0,2025-01-08 11:56:48+00:00,"Suite 584 2399 Emmett Square, West Javiermouth, SD 09845",37.0,2025,1,8
81831,48070,21723,1,59.4,2024-10-20 04:23:22+00:00,Unknown,59.4,2024,10,20
81099,50780,21780,1,13.99,2025-02-20 09:37:00+00:00,"8952 Philomena Village, Francesberg, NH 56690",13.99,2025,2,20
80060,50246,21761,1,33.3,2025-05-07 18:06:55.260000+00:00,"85846 Lavina Springs, Mitzieberg, SD 78044-3427",33.3,2025,5,7
86053,48587,21509,5,42.99,2024-09-03 04:02:05+00:00,"304 Ted Throughway, Eramouth, ME 64906",214.95,2024,9,3
78278,50817,21798,1,54.99,2024-07-20 20:09:00+00:00,Unknown,54.99,2024,7,20
84607,47761,21331,2,51.6,2025-03-22 03:22:00+00:00,Unknown,103.2,2025,3,22
82406,48442,21535,1,52.25,2024-10-21 03:43:21+00:00,Unknown,52.25,2024,10,21
80999,49698,21590,1,36.25,2024-09-17 16:03:00+00:00,"Apt. 208 9593 Greenholt Radial, New Yolondatown, MO 88436-8932",36.25,2024,9,17
83574,50815,21778,1,40.0,2025-02-10 18:50:22+00:00,Unknown,40.0,2025,2,10
84500,49653,21451,1,71.25,2024-05-25 11:56:30+00:00,Unknown,71.25,2024,5,25
85378,47966,21498,3,20.25,2024-12-15 04:14:00+00:00,Unknown,60.75,2024,12,15
83069,49592,21437,1,54.5,2025-02-25 17:47:53+00:00,Unknown,54.5,2025,2,25
80042,49026,21583,5,59.25,2024-11-04 17:09:00+00:00,Unknown,296.25,2024,11,4
79620,48922,21541,2,37.8,2024-07-20 08:55:55+00:00,Unknown,75.6,2024,7,20
82429,48154,22016,3,53.0,2025-02-28 02:32:06+00:00,Unknown,159.0,2025,2,28
