id,name,address,phone,email,is_company,canonical_id
47856,Tammie Mayer,"Apt. 371 1875 Gusikowski Stravenue, Moenland, SC 28179",+11632122656,maire.larson@runolfsdottir-mclaughlin.example,False,47856
48386,Margery Gorczany,"Apt. 884 349 Renner Lane, East Darren, NC 30837",+19923755021,cletus@baumbach.test,False,48386
49547,Edris Kshlerin,"Suite 498 24711 Bechtelar Extensions, Ryanville, MO 46009-5812",+17475372209,leonore@gleason.test,False,49547
50512,Meghan Thiel,"125 Rodger Drive, Rogahnborough, VT 96988-4596",+16317657676,cristine@bayer.test,False,50512
50841,Lynwood Farrell,"594 Josue Summit, Lake Kelleyview, MO 77950-1151",+15233865679,chas@dickens.test,False,50841
49776,Broderick Dubuque,"Apt. 584 5614 Margarito Points, East Quintin, HI 69260",+12010878105,justina@walsh.example,False,49776
50714,Lynn Windler Do,"573 Hermann Alley, West Britt, CA 33273",+11871786648,sabrina_hegmann@greenfelder.test,False,50714
47819,Winnie Hagenes,"6064 Lillian Station, West Kurt, MD 71596",+12239065883,shani.wiegand@herzog.example,False,47819
50190,Jimmie O'Reilly Sr.,"Suite 347 6767 Luettgen Manors, New Mickeybury, AZ 77858-0357",+18960453277,tommie.king@ondricka.test,False,50190
48833,Dillon Lemke,"Suite 366 328 Hoeger Plaza, Wunschport, NE 57161-6736",+13624896635,loura@davis.test,False,48833
48929,Carlita Roberts,"Suite 692 7711 Dinah Lock, Jerrymouth, MN 21534-1654",+19904470641,eloy_morar@cormier.test,False,48929
50515,Amb. Mike Boehm,"876 Tamera Junctions, Port Felipe, DE 46268",+13117134637,librada.halvorson@haag-collins.example,False,50515
50818,Justina Cruickshank,"Apt. 837 7778 Gerardo Track, New Pearle, NV 50920-7935",+17998088895,flor@mueller.example,False,50818
48211,Tenesha Jaskolski,"Apt. 194 217 Pfeffer Route, Port Stacyland, SC 14402",+17870080962,heide@johnston-ebert.example,False,48211
47784,Lavern Langosh,"24264 Brian Port, Yundtbury, NE 87859-8277",+17946248498,lee@marvin.example,False,47784
48316,Terrence Lind,"Suite 479 7153 Barrows Lodge, Croninview, MO 64468",+13819384031,omer_shanahan@quigley.example,False,48316
50279,Ms. Maurice Frami,"33679 Corrine Vista, North Elliott, DE 83059-3440",+18738031176,season@cole-mccullough.example,False,50279
47994,Cole Wisoky,"Suite 849 8445 Natasha Valley, Mitsuemouth, NY 02545",+16059821605,danyelle@doyle.test,True,47994
49048,Josette Upton V,"Apt. 857 56610 Mitchell Extensions, Port Jasmin, KS 13603-3355",+14438782303,molly_crist@collins.test,False,49048
50425,Felipa Prosacco,"Apt. 687 3527 Rosenbaum Stravenue, Morarmouth, SD 04680",+19736398226,ronald@pollich.test,False,50425
49954,Vince Mann,"Suite 605 7516 Lubowitz Streets, Henriettaland, TN 99255-1532",+14874138622,hector_weber@veum.example,True,49954
48487,Guy Will,"726 Selena Glens, North Monty, MS 65316",+14672126104,armandina@tremblay.test,False,48487
48036,Barney Heaney,"Suite 456 941 Watsica Burgs, Lake Aundreaburgh, AK 41973",+14011627662,jose_nader@mraz.example,False,48036
47789,Arlen Tremblay Md,"Suite 447 56496 Ardell Manors, Lake Delisafort, PA 40424",+14757245968,leroy.harvey@donnelly.example,False,47789
47711,Antone Ortiz,"204 Marks Squares, East Debby, TX 44696",+19281393891,andreas_berge@abbott.test,False,47711
50462,Kurt Little,"20029 Mosciski Mount, Kohlerfort, AL 22806-1846",+15062897625,jean_raynor@kutch.example,False,50462
48175,Colin Kunde,"743 Drusilla Stream, Port Colemanside, IN 14927",+17300831410,myrtie.legros@zulauf-skiles.example,True,48175
48156,Fritz Hickle,"957 Stefan Wells, East Shermantown, MA 86668",+19654053620,amos@mertz.test,False,48156
49214,Ashley Mante Jd,"2821 Santos Hills, Edisonview, MO 11225",+13752605580,juliette@stanton.test,False,49214
47975,Tai Robel,"Suite 522 5603 Rodriguez Meadows, Ferrymouth, NJ 87530-0344",+18780998470,thaddeus.wiegand@raynor-doyle.example,False,47975
48890,Deon Borer,"699 Laci Trail, Waelchiborough, CO 87242",+18974191213,lanelle.emard@stoltenberg-little.example,False,48890
49317,Herschel Rogahn,"911 Halvorson Divide, Fumikomouth, NE 79817-9980",+12233538060,patty@okon.test,False,49317
50343,Jenice Considine,"251 Corkery Key, East Althafurt, OR 26264",+11810789059,sadie_vandervort@kessler.test,True,50343
49422,Ms. Gilberto Hansen,"21832 Abernathy Forge, Trompchester, WI 89456-0776",+11612887077,hershel_blanda@mclaughlin.example,False,49422
48002,Miss Sharilyn Stokes,"Apt. 653 972 Jacquetta Wall, Lake Sidney, CT 17257",+18919893235,emiko.macgyver@kulas.test,False,48002
49474,Cordell Hauck,"Apt. 199 49497 Schuppe Overpass, South Joselyn, MO 56371",+13679474785,olimpia@schowalter.example,True,49474
48297,Lona Wisozk,"Suite 776 89215 Noble Estates, Brekkefurt, LA 09832-5834",+12165841282,tennie.crooks@hessel.test,False,48297
51123,Gov. Dan Daugherty,"6821 Sabina Squares, Willchester, IA 66722-6455",+13049561817,maura.bernhard@towne-lynch.test,False,51123
48581,Arturo Kuphal,"Apt. 639 7164 Paucek Prairie, North Silva, AZ 91065",+16179885156,mikel_daniel@hills.example,False,48581
47686,Roosevelt Gutmann,"Apt. 674 67502 Ruecker Plaza, South Quyenburgh, KY 26670",+18137102703,shellie@oconnell.example,False,47686
48663,Msgr. Will Nicolas,"7808 Marcela Stream, Nitzschechester, SD 10189-4272",+14927873327,norman.paucek@gutkowski-wiegand.test,True,48663
49590,Maria Walker,"Apt. 834 69641 Taren Crest, New Fletcherstad, CA 72702-8051",+11578156251,andrew@lesch.test,False,49590
49328,Edyth Muller,"73989 Howell Streets, Gottliebfurt, NE 32959-0968",+15086245307,dot@fritsch.example,False,49328
50604,Mariel Breitenberg,"Apt. 599 11579 Farah Brooks, Catriceside, AL 98839-0677",+14198044107,rene@cole-runte.test,False,50604
50030,Dwana Pfannerstill,"4239 Thiel Lodge, South Haileyfort, MO 77801-3262",+19819758056,merlyn_herzog@hills.example,False,50030
48399,Misha Lakin,"6755 Schmidt Turnpike, East Percy, RI 78458-7384",+13839970242,mitchell.ferry@kuhn.example,False,48399
48731,Noe Davis,"3504 Rudy Run, Port Neilport, WA 22402-6389",+12668280100,toby@cole.example,False,48731
49330,Anton Moen,"58489 Ike Motorway, New Stewart, MD 59141-8555",+19150293199,harold@auer.test,False,49330
50970,Kirk Murphy,"Apt. 389 28484 Hansen Creek, North Andrea, CO 78882",+14240117868,eugenie_sporer@prosacco.test,False,50970
50181,Demetrius Ruecker,"690 Lowe Corner, New Geoffrey, KY 66652-6902",+16629679633,violet@mosciski-predovic.example,False,50181
49821,Cyril Schaefer,"Suite 254 25610 Rempel Passage, Ratkeville, AK 20095-4585",+13688116617,cicely@konopelski-mccullough.test,False,49821
50601,Pete Kemmer,"Suite 843 5199 Maggio Courts, Port Mayraland, WY 49510",+14998195722,brandi@strosin.test,False,50601
47918,Nisha Christiansen Lld,"56689 Morgan Oval, West Todburgh, ID 82464-7304",+11302968868,jewel@mohr.test,True,47918
49681,Jeffry Towne,"Apt. 908 45260 Teresia Plains, Hilariofort, SC 80857-8899",+15955728067,burt_welch@halvorson-vonrueden.example,False,49681
49605,Mr. Rachell Balistreri,"7789 Zemlak Route, Port Romeoberg, CO 11239-8613",+12066743135,glennie@emmerich.test,False,49605
49043,Toya Fay,"43702 Kamala Row, Macejkovicview, KS 81046-4789",+11918454895,dania.hegmann@schmeler-rosenbaum.example,False,49043
48618,Tod Kerluke,"Suite 720 70684 Del Path, Howellhaven, VA 56614-7159",+19074379311,danielle_cummings@runte.example,False,48618
47929,Freeman Ryan,"Suite 665 836 Wehner Meadows, New Man, LA 54438-8474",+12754222889,barton@ullrich.example,False,47929
49150,Oliver Schultz,"152 Ladawn Flat, Quitzonberg, VT 67898-7552",+17267033931,gertrude_bechtelar@okon.test,False,49150
50300,Lilli Kiehn,"Suite 873 8839 Ricky Port, Lake Elvis, NY 81806",+14158067521,king@kulas.test,False,50300
50692,Rev. Wes Carter,"849 Leslie Station, East Monnie, CO 91316-2658",+11425050243,katelyn@mertz-kub.example,False,50692
47778,Fr. Minta Kuhlman,"Suite 524 96020 Dexter Branch, South Noreenport, NC 28993-7903",+12711388468,mac@ferry.test,False,47778
48779,Lavona Morar Do,"Suite 128 556 Shane Shore, Keelingberg, NY 00458-0755",+18877473312,aisha.oconner@hirthe.test,False,48779
47993,Derek Wintheiser,"Suite 538 4708 Green Overpass, Davishaven, UT 17206",+11457418809,ismael.tromp@schaden-mosciski.example,False,47993
48021,Chase Harvey,"Suite 261 499 Schultz Loaf, Port Benport, ND 35307-3325",+12330211035,marybelle.von@harvey-schuster.test,False,48021
50093,David Schmitt,"906 Kessler Hollow, Wyatthaven, NE 97705",+19739715996,bianca.ortiz@franecki.test,False,50093
50766,Angle Bogisich,"247 Hamill Skyway, West Parismouth, MS 64874-1003",+12273999973,yon_klein@roob-powlowski.example,False,50766
49052,Gene Nitzsche,"22908 Kihn Forks, Patricefurt, WY 33453",+19827773133,rosy@mohr-balistreri.test,False,49052
50850,Ezequiel Anderson,"348 Smith Extensions, New Catrice, HI 56757",+11775739780,paul@ondricka-wehner.test,False,50850
48138,Ms. Russell Krajcik,"Suite 305 3274 Raynor Ports, Manualville, CO 65252-5233",+15301061548,charles.franecki@goyette-halvorson.example,False,48138
49961,Sanford Robel,"Suite 534 664 Borer Plains, Allinechester, KY 75513-4883",+14032388174,latina@tremblay.test,False,49961
49645,Joey Bradtke,"Suite 686 893 Hui Crest, South Geoffrey, CT 50829-8662",+11980492402,ryan@becker.example,False,49645
50651,Emilio Walter I,"390 Gottlieb Ramp, O'Harabury, ME 30486-3377",+13969177666,guadalupe.kautzer@roberts.test,False,50651
50703,Pres. Rodney Hirthe,"Apt. 714 71601 Aufderhar Burg, East Tristamouth, TN 44666",+12729554609,geralyn_treutel@bednar-turcotte.test,False,50703
49637,Kayla Grant,"Apt. 136 90688 Ty Roads, New Mitchellton, KY 75536",+11394659512,byron@kutch-conroy.example,False,49637
50438,Freddy Borer,"Apt. 181 4033 Hirthe Locks, Croninbury, FL 47905",+12915224802,chi.cummings@block-funk.test,False,50438
51077,Maude Lemke,"Suite 544 4051 Douglas Hollow, East Jacintoton, ID 69848-1910",+12482659596,majorie@durgan.example,False,51077
50139,Leo Luettgen,"54115 Schimmel Crest, Ezekielchester, LA 20964",+18045416391,raye@gorczany-sipes.example,False,50139
50914,Zulema Swift,"635 Alena Lane, Jastbury, CO 25054",+11753213710,wallace_osinski@gibson-boyle.example,False,50914
49610,Dori Zieme,"Apt. 741 261 Taunya Locks, Heathcoteburgh, NE 32030-5755",+11238819406,cory.kreiger@pouros.test,False,49610
48099,Sen. Chieko Kutch,"624 Cremin Mount, Piperburgh, KY 66536-8744",+18379688021,lyla@heaney.test,False,48099
48427,Krysta Mueller,"Suite 223 30405 Harber Tunnel, Herzogtown, MT 43772",+14588370909,makeda.schamberger@beahan-kunze.example,False,48427
50091,Rick Nicolas,"419 Cummerata Land, Lake Dino, NY 08428",+14807720459,richard@hammes.test,True,50091
48001,Maple Corkery Ret.,"Apt. 314 53166 Wyman Cliff, Bradtkeshire, NY 89140",+12656821943,caryl@miller.example,True,48001
50258,Alexandria Kihn,"5518 Normand Land, Juanaborough, NY 09415-3094",+17110354097,bertha@harris.example,False,50258
47825,Waylon Torphy,"Suite 346 8872 Pedro Lake, South Americahaven, MO 27140-0636",+16457258075,sherell@cummings-treutel.test,False,47825
50880,Dion Reilly,"847 Sanda Village, Lake Velva, AR 22074",+16540280670,reggie.purdy@towne.test,False,50880
50859,Isabella Roob,"556 Heidenreich Overpass, Bashirianshire, NV 79726",+11833478410,faviola@kuvalis.test,False,50859
47954,Earlean Skiles,"632 Cartwright Mission, Prohaskaland, NY 88410",+18034202647,drusilla@moen.example,False,47954
48921,Madeleine Lueilwitz,"4114 Christina Light, Collinsside, MN 36904",+13451889286,carley.stanton@collier-howell.test,False,48921
49489,Mervin Murray Ret.,"Suite 970 2547 Kling Curve, Lake Nenaport, ME 49193",+13512416493,emmitt@bartoletti.example,True,49489
48397,Rev. Bryon Bartoletti,"Suite 714 88749 Trevor Stravenue, East Jenice, HI 55833",+19577062008,cesar_vandervort@ernser-donnelly.example,False,48397
50624,Dannie Jacobs,"Apt. 762 803 Raul Curve, Watsicaview, ID 72467",+18652592322,floria@friesen.test,True,50624
48190,Wally Koch,"Apt. 918 87744 Annabelle Pines, Carliefurt, GA 86869",+18593198519,hortense@grady.example,False,48190
48416,Barton Baumbach Do,"Apt. 321 564 O'Reilly Wells, East Annabell, WI 17705-4989",+16877375080,jamie@tillman.example,False,48416
49204,Luba Stark,"Suite 232 11075 McGlynn Plaza, Seanfurt, ID 75287-2590",+16060680930,ileen.pagac@lakin.example,False,49204
49391,Clement Ratke Md,"5488 Zelma Brooks, Robelstad, NE 21997-2220",+17788039660,kurtis_schmitt@torphy.example,False,49391
48891,Rep. Florentino Von,"Suite 738 896 Nolan Inlet, McGlynnmouth, MI 99708",+15248566175,luther@grady-pouros.test,False,48891
47922,Agnus Lind Dc,"Suite 326 15400 Zackary Street, New Byron, WY 86136",+17205907418,neda.bartoletti@schmitt-botsford.test,False,47922
49531,Georgetta Krajcik Phd,"348 Rodriguez Stravenue, South Danny, NC 23072",+14970726818,shonta@shanahan-kris.test,False,49531
49902,Tyler Schumm,"Apt. 555 239 O'Conner Points, Port Fletcherside, WY 62794",+16381855913,freeman@ruecker.example,False,49902
48504,Edward Mann Iii,"7355 Schowalter Courts, East Ronaldland, MT 92367",+13926754369,art@wiza.example,False,48504
47851,Celinda Braun,"Apt. 847 190 Hegmann Square, South Fidelaland, CO 71155",+15283494818,felix@ullrich.example,False,47851
49050,Louella Mayert,"53366 Harber Via, Lake Catherinefurt, VA 28880-8983",+12045088574,adam@hermann.test,False,49050
49781,Rey Schmidt,"Suite 698 690 Quitzon Underpass, Marivelport, HI 15992",+12717979292,gaston@gleason.test,False,49781
48563,Amos O'Hara,"Apt. 219 719 Danette Manor, Port Linwood, MN 04868",+11855754638,lajuana_rowe@hermiston-sauer.test,False,48563
48830,Hanna Goodwin,"38145 Carroll Land, Greenfelderhaven, ID 75859-0514",+16704852032,owen.torphy@rohan-little.example,False,48830
47726,Mr. Camelia Brekke,"Apt. 764 909 Conn Forge, Rennerstad, OK 45393",+15795934326,lonny@gleason.example,False,47726
49111,Azalee Veum,"Suite 831 350 Valerie Field, Runolfssonfort, NC 29380-8917",+18715199298,dannette_kuphal@doyle.example,False,49111
50652,Moshe Nitzsche,"Suite 217 385 Hattie Tunnel, West Lyndsayfurt, WY 20430",+15585478773,freda@herzog.test,False,50652
50225,Nathanial Hyatt,"70649 Altenwerth Grove, Lebsackborough, GA 82024-3603",+11732674653,teddy.schoen@hodkiewicz-champlin.test,False,50225
50897,Nola Hartmann,"35469 Moore Pine, Pipermouth, WV 67529-1729",+14178362729,emilee_mertz@williamson.example,False,50897
48167,Boyce Streich,"Suite 871 3037 Shantay Inlet, West Odis, IL 01304-5579",+14447111431,kim@mckenzie-dach.example,False,48167
49899,Christia Cummerata,"Apt. 249 5148 Hai Spring, North Brooksmouth, OK 65463",+12294854100,doloris.hyatt@doyle-hackett.test,False,49899
50812,Gov. Fredrick Cormier,"Apt. 925 15138 Corkery Stream, Port Anton, CO 59649",+19422778707,winnie@ward.test,True,50812
49714,Arnita Padberg,"44893 Dalton Trace, Parkerberg, IL 29124",+15192343289,zetta@gleichner-erdman.test,False,49714
49953,Colin Marquardt Dc,"Suite 127 2049 Dinah Divide, Lake Henrytown, LA 36056",+11346106068,roscoe.reichert@herzog.example,True,49953
49603,Refugio Zemlak,"Suite 988 465 Oliver Via, Olivechester, MD 06677-4414",+17377218720,diane@stiedemann.example,False,49603
48359,Rina Thompson,"20102 Taylor Divide, McCulloughhaven, AL 08444-0421",+12802909248,garret.fay@bashirian.example,False,48359
50965,Eloy Conn Cpa,"Apt. 444 81051 Greg Forge, Hayeston, NV 80994",+13965994110,roxanna@daugherty.example,True,50965
48473,Gov. Odis Dickens,"Apt. 529 364 Hubert Union, West Avis, CT 94899",+11975544797,tashina@kihn-halvorson.example,False,48473
47914,Codi Terry Do,"Apt. 405 3703 Adolfo Mountain, Ardellbury, SD 14137-0270",+13985880041,darcey_collier@bayer.test,True,47914
48846,Rozanne Gorczany,"9923 Stark Springs, Bartolettishire, ID 08791",+19171852410,lavonia.champlin@block-rice.test,False,48846
48849,Leora Lockman Ret.,"335 Lowe Harbor, Langoshshire, CA 40388-9248",+11691114682,laree@willms.example,True,48849
51097,Jadwiga Ankunding,"22055 Oralia Meadow, Port Ivyborough, CA 88381",+11244680001,thomasine_walsh@klocko.test,False,51097
50832,Elfriede Hammes Phd,"Apt. 814 6477 Jenee Dale, North Emile, DE 05485",+18742039262,lolita_lesch@botsford.example,False,50832
49957,Minerva Pouros I,"3571 Stiedemann Circle, New Canditown, RI 34722",+17547573479,mitchell.koepp@murphy-jaskolski.example,False,49957
49217,Amb. Angel Stroman,"Suite 326 28317 Ankunding Greens, Lake Artiechester, AK 02719",+15427865040,arlen_lueilwitz@purdy.example,False,49217
50520,Delbert O'Kon,"Suite 163 8484 Shelley Rest, West Josetown, KY 43505-2723",+18582568269,rodney@kris-casper.example,False,50520
50761,Prof. Agustin Emmerich,"Suite 353 8752 Christian Knoll, Hillsfurt, ID 00549-2490",+11951578905,christopher_miller@wilkinson-herman.test,False,50761
49356,Gayle Rempel,"95144 Mirna Throughway, Hermanside, MN 00632-4195",+18292358660,edwardo@fahey.example,False,49356
50040,Miss Jospeh Kuphal,"74044 Boyer Mountain, Lake Duncanside, SD 10220-2817",+18046607213,virgil@turcotte.example,False,50040
49417,Leota Mohr,"122 Winford Crossroad, Audrieside, AL 85786",+17302817714,leora_heaney@luettgen.example,False,49417
48302,Remona Wisoky,"6041 Lynwood Alley, New Darell, WY 89186-0428",+14247011461,matha.luettgen@wintheiser.test,False,48302
50560,Galen Ullrich Md,"Suite 743 6675 Willard Ports, North Milantown, WI 61609",+18890847200,arturo.cassin@schmeler-herzog.test,False,50560
50290,Pres. Octavio Bernier,"866 Bartell Loop, Lehnerbury, WV 63547",+12784763767,jarrett.blick@gerlach.example,False,50290
49426,Jonah Bashirian,"730 Lanette Views, Port Hueyland, SC 70481",+17744455129,antione.schmidt@farrell-tillman.test,False,49426
48481,Lucien Bosco,"7314 Maxie Mills, Colefurt, NH 16804",+17977038556,nancy_rohan@ritchie.test,False,48481
48958,Billie Prohaska,"210 Mohr Knolls, Schaeferstad, DE 94405",+18536704128,howard@legros.test,False,48958
49222,Amb. Kimi Flatley,"40758 Caprice Garden, East Rogelioland, IL 53494",+19931054163,esmeralda@morar-smith.example,False,49222
50566,Dee Beahan,"Apt. 178 84989 Toy Stravenue, Holliebury, MN 70742",+14891920783,andy@schultz.example,False,50566
48624,Rev. Linnie Kirlin,"736 Maris Tunnel, Kuhnville, NJ 12648",+11693269313,bernardina.swift@langosh.example,False,48624
50494,Mauro Rohan,"Apt. 200 8286 Rippin Junction, Strackeside, AL 12895",+17684843082,clement@mertz.test,False,50494
49463,Jaimee Ondricka,"46159 Jill Ranch, Auerchester, NY 87703-1019",+17236733286,alayna_rohan@emard.test,False,49463
48552,Kerry Abbott,"97760 Marc Lodge, New Lilly, CA 71840-7597",+17790339246,ema@ryan-gutmann.test,False,48552
49740,Madeleine Deckow,"32135 Robel Terrace, New Basilland, AR 48695-7684",+12303578892,delila_lynch@runte.test,False,49740
49130,Maxwell Kuvalis,"Apt. 616 963 Batz Stream, East Nettiefort, IL 23394",+18699162018,terresa@deckow.test,False,49130
48365,Noelia Willms,"34117 Elroy Port, South Ghislaineburgh, HI 74051",+12152362170,marissa@roberts.test,False,48365
48980,Silvia Swaniawski,"95694 Hammes Way, Schmittstad, ND 50979-4518",+17607370797,lindsay_gerlach@carroll.example,False,48980
49574,Brooks Pfannerstill,"Apt. 219 9524 Funk Plain, Boscomouth, KS 61284-2434",+11587008356,ronny.torphy@damore.test,False,49574
49438,Karl Torp,"Apt. 218 44558 Buckridge Forges, Port Betty, NH 06540-7519",+16728014424,sung_haley@douglas.test,False,49438
48860,Marquetta Kerluke Dc,"53747 Tashina Union, Sengerburgh, ND 20045",+13165850604,suzanne@little-vandervort.test,False,48860
49816,Ulysses Mcdermott,"Suite 200 5036 Howard Island, West Christopher, VA 47896",+12833442052,rudolf.barrows@osinski.test,False,49816
50547,Matilde Cummerata Vm,"6838 Bins Mountain, Averychester, PA 50500-8814",+18804618438,mario@runolfsdottir-nitzsche.example,False,50547
50105,Dante Sporer Iii,"Suite 719 8950 Abshire Meadows, Jacobsport, PA 61131-8038",+16761235387,marlon.kessler@crooks-stehr.test,False,50105
48079,Mitch Mante,"Suite 873 852 Elton Plains, North Denae, HI 25544",+14748944393,regan.waelchi@towne-zieme.example,False,48079
49951,Sonny Upton,"Suite 686 3728 Torphy River, East Rob, SC 29580",+11049449746,bobby@wehner.test,False,49951
50809,Fr. Isadora Grady,"Apt. 867 389 Bashirian Ramp, Lake Sonachester, NE 60891",+15589600463,nita.wehner@mitchell-hyatt.test,False,50809
50457,Vella Stark Vm,"239 Bayer Manors, Geneviveview, OK 79130-6291",+18219727471,fidel@crooks.test,False,50457
50659,Mauricio Nienow,"Suite 863 698 Wisozk Shoals, Trompshire, AK 79391",+15465983395,jefferey.dubuque@predovic.test,False,50659
48668,Lenard Dooley,"425 Vern Circles, Port Shanel, GA 29394-2506",+15225044048,hosea.borer@gerlach.test,False,48668
47759,Jeanetta Ruecker,"702 Amanda Canyon, Hilllville, LA 22682",+18354111793,rick.kemmer@satterfield.example,False,47759
50223,Dr. Jani Gusikowski,"Apt. 945 52749 Smitham Mews, West Giannaburgh, NH 68077",+18560639003,ardella@brakus.example,False,50223
48639,Rudolf Braun Dvm,"2339 Teodora Ferry, Lake Tory, TX 23838-9345",+18061642700,lakiesha_trantow@crist.example,False,48639
49526,Arlene Bogan,"Suite 720 48031 Emma Mountain, West Lavern, MD 64705-2072",+18399238253,rick.bode@haley.example,False,49526
49350,Lamar Botsford,"Suite 655 4578 Carmine Terrace, South Franciscohaven, ME 48831-9670",+12595184393,kizzie_keebler@rutherford.example,False,49350
50884,Adrian Haag Dds,"1258 Kuvalis Crest, Port Alejandrina, NY 36595",+19980119600,terry.lynch@greenfelder.test,False,50884
50586,Kena Streich,"Apt. 707 32276 Will Village, East Ruebenmouth, KY 25829",+15930354945,savanna_mccullough@roob.example,False,50586
47898,Leonel Smith,"Apt. 439 88410 Chia Ports, North Curtischester, WA 21353-6024",+11475049503,brenda.krajcik@pollich-langworth.test,False,47898
49993,Elvin Glover,"Suite 521 5507 Rob Ridges, Hellermouth, AK 43754-5616",+15185909707,rhea.schultz@rohan.test,False,49993
48423,Griselda Miller,"585 Raphael Squares, Lake Rodrickfort, ND 54949",+19837952958,rodrick.dickens@hilll.example,False,48423
48192,Marcelino Greenholt,"Suite 111 617 Millie Glen, Lake Lacy, HI 73912",+18883967347,linnea@schroeder-price.test,False,48192
47680,Lizette Gleichner,"Suite 231 759 Harrison Point, Cleoshire, OH 23285-1740",+12876258443,thurman@brekke.example,False,47680
48331,Rosenda Johnson Iv,"Suite 948 587 Jami Shores, Lailaview, WY 01201-4937",+11761100221,abe@bradtke-rolfson.example,False,48331
48994,Rhonda Harber,"969 Gulgowski Haven, Schadenfort, MI 52614",+12983708118,magaret@doyle.example,False,48994
48160,Hiram Jast,"5406 Jackelyn Mission, Kertzmanntown, VT 93883-9883",+19024154082,armando.littel@mante-wyman.test,False,48160
47769,Rep. Waldo West,"Suite 993 45500 Shelton Stream, Port Donnie, SC 26274",+13528917719,zoraida@mayer.test,False,47769
50860,Caprice Welch,"Apt. 260 485 Suzy Flat, Port Rafaelville, PA 29324",+14989969085,ulrike_collier@huel.example,False,50860
47964,Rubin Howe,"4687 Senger Groves, Weberville, NC 46579-3565",+19849914284,sanford@rippin.test,False,47964
48292,Alfred Schultz,"Suite 893 1009 Wiza Point, Lake Patrickville, WA 90736-5080",+15482830667,martine_kuhic@littel-windler.test,False,48292
49021,Aletha King,"183 MacGyver Knoll, North Mauricioville, FL 34516-7664",+15371310022,alissa_ondricka@bernhard-wolff.test,False,49021
48385,Brandon Tremblay V,"Suite 801 654 Windler Ridges, Laruechester, SC 16786",+15614120092,kamilah.torp@borer.test,False,48385
48466,Lashandra Parker Dvm,"960 Schamberger Vista, Altenwerthberg, CO 30201-5735",+12312746508,louanne@hodkiewicz.test,False,48466
48589,Lyle Johnson,"Apt. 387 42899 Hansen Ports, Kozeyside, OH 46202-8494",+11425199717,aubrey_dickens@orn-bruen.example,False,48589
49057,Msgr. Norbert Gutmann,"222 Min Inlet, Hermannfort, ME 30936-6044",+16513428446,branden@kuphal.example,False,49057
49757,Eldora Kilback,"Suite 704 2976 Derrick Run, Lachelleville, WY 15932",+18965751871,jackie@botsford.example,False,49757
50916,Lucia Kshlerin,"478 Ching Bridge, Muellerfurt, AZ 67171-7536",+17862985084,reynaldo@hills.example,False,50916
49932,Wesley Purdy,"Apt. 811 2238 Lillian Fields, Leighview, WA 61339-7811",+17340648300,ester_wolf@hermiston.example,False,49932
49274,Filiberto Kirlin,"Suite 681 1238 Pilar Ford, Clemenciaburgh, MD 14774",+12690678304,arnita.keebler@wiza.example,False,49274
50638,Blythe Adams,"17266 Mireya Island, Lake Kenny, FL 14640-1777",+16724418035,sal.abbott@ziemann-ortiz.example,False,50638
49650,Henry Howell,"Suite 363 747 Grisel Fort, New Deliciatown, NH 05889",+19524665073,kirby@beer.test,False,49650
47982,Carletta Yundt Esq.,"8629 Tanner Summit, East Adrianaberg, NH 43386",+17513668477,herschel.kuvalis@daniel.test,True,47982
50474,Louetta D'Amore,"Suite 908 528 Heathcote Fields, Port Nisha, VA 87997-3678",+16659800861,wesley@kiehn-brown.test,False,50474
50285,Zetta Stiedemann,"22776 Gibson Summit, Lake Kiethburgh, CA 38582-6355",+12854656024,idella.beatty@bernier-mohr.example,False,50285
50246,Mr. Desire Kuphal,"85846 Lavina Springs, Mitzieberg, SD 78044-3427",+19829786117,eugenio@adams.example,False,50246
50032,Bill Weimann,"Suite 460 95052 Barton Dam, Ashleighborough, ND 82099",+11002764605,rudolph@veum.example,False,50032
50932,Floy Feil,"5155 Hayes Ranch, West Otisshire, OH 19804",+12683701769,kareem_lynch@rolfson.test,False,50932
49570,Cliff Hickle,"Suite 180 171 Berge Bridge, West Sanjuana, WA 07778",+12903578071,ignacio@dicki.test,False,49570
50304,Cary Ebert,"97312 Kilback River, Domenicberg, OR 58689",+11074280101,adrian_lockman@west.test,False,50304
47972,Ferne Walsh,"894 Dean Villages, East Tajuanahaven, TX 98684-9949",+13453979370,jewell@runolfsson.test,False,47972
48874,Jill Harber,"Suite 900 58180 Francis Way, Blickland, KS 70359",+12855576414,robin.marquardt@johnson.example,False,48874
49157,Diego Gusikowski,"Apt. 559 37960 Boehm Pines, New Ola, UT 11673",+18755415928,dario_kling@schowalter.test,False,49157
48244,Heidy Goldner,"31612 Wolff Road, South Darlaburgh, SD 19368",+15726201227,linsey@baumbach.example,False,48244
50720,Orval Waters,"966 Kiehn Fall, Hermanborough, OH 96532-4976",+12669214114,zack.mohr@rowe.example,False,50720
48245,Rodrigo Rowe,"Suite 277 35615 Todd Roads, East Delmar, MI 61989-6595",+11791023496,cynthia@wuckert.test,False,48245
50014,Andrea Blanda,"7575 Aurelio Creek, West Beatris, OH 18515",+18067069260,margherita_ziemann@kessler-casper.test,False,50014
50389,Antonio King Md,"72939 Leannon Fields, Walterfurt, AK 94743",+18024647531,keven@kemmer.example,False,50389
48338,Billie Ritchie,"Apt. 346 61281 Hayes Skyway, Bayerfort, NH 47101",+17875348330,kenna_hodkiewicz@brakus.test,False,48338
49840,Marline Hilpert,"Suite 194 94377 Wiegand Dale, Douglasport, WV 15828-8405",+13822973482,lino@murray-conn.example,False,49840
50737,Jeffry Ernser Cpa,"431 Ondricka Rest, Lake Leola, NM 08457-0459",+15654136550,palmer_dare@sawayn.example,False,50737
50165,Tamala Sauer Ii,"Suite 235 251 Adams Field, East Aprilberg, OR 44783",+13796967955,charolette@bahringer.test,False,50165
48407,Afton Schuppe,"Suite 567 9147 Kennith Passage, East Concettatown, MO 01003-5918",+19782790317,pamala.fadel@torphy.example,False,48407
49061,Sen. Jerrell Baumbach,"34847 Lucius Expressway, North Dorian, AZ 76940",+11915801020,fiona@bergnaum.test,False,49061
49125,Dee Schinner,"78346 Edmundo Heights, Huelshire, VA 41518-0607",+17631758762,ardelle_shields@krajcik.example,False,49125
50251,Dusty Rolfson Vm,"Suite 998 9894 Toni Drives, Kovacekfort, WV 82313",+15123509563,inocencia.hane@bahringer.test,False,50251
49145,Isiah Hintz,"357 Brekke Falls, New Tannerborough, OH 07594-9447",+11727889233,lacy@nader.example,False,49145
49765,Rep. Felipe Auer,"99189 Damien Key, Cheriefurt, MA 18454",+16156133904,destiny@gibson.test,False,49765
48897,Errol Brown,"8607 Bradtke Spring, South Reanna, DE 35704",+17726564938,jan.bartell@bins.test,False,48897
48976,Charmaine Grimes,"Apt. 836 2685 Clyde Ranch, Houstonfort, OR 34946",+19790034657,billy@tremblay.test,False,48976
49683,Matthew Cartwright,"94357 Nga Isle, South Isaias, PA 85722-2984",+16258115131,dorthey.pfannerstill@barton-brakus.example,False,49683
47829,Porsche Jacobson,"45960 Braun Freeway, Patriciaburgh, OK 10606-9584",+14977091779,jeanmarie_monahan@ratke-leffler.example,True,47829
50823,Mireille Harvey,"99713 Aletha Drive, Willieland, LA 41417",+19326426357,iona@wolf.example,False,50823
50508,Chung Ryan,"Suite 439 53783 Raleigh Stream, South Ulysses, NV 90220-1531",+11592017436,daniele@runolfsson.test,False,50508
48412,Pearle Mraz,"Suite 600 478 Herzog Stravenue, Monroeberg, WV 31406",+19429708613,akiko.lakin@hermiston-stroman.test,False,48412
48895,Leandra Heathcote,"Suite 248 65632 Conroy Cove, Port Louellaton, VT 67288-7802",+11215541701,seymour_erdman@rosenbaum-leuschke.test,True,48895
49831,Dorsey Anderson,"Apt. 483 81541 Hamill Isle, Jeanport, NE 69491",+16609479771,guadalupe@johns.test,False,49831
49104,Neomi Wehner,"Suite 315 977 Codi Creek, East Eura, MI 16635-3394",+12255530667,pasquale.bergstrom@konopelski.test,False,49104
47854,Msgr. Bao Buckridge,"Apt. 804 268 Greenholt Divide, Fishermouth, MO 68494-5060",+19966087387,felton@nader.test,False,47854
48838,Randolph Kuphal,"2605 Bernhard Shores, West Darlenabury, AZ 94048",+12676530877,caprice@swift.example,False,48838
50260,Dr. Jerrold Parker,"53795 Zieme Drive, Kuphalburgh, TX 99606-1437",+14488469324,saul.schneider@smith.example,False,50260
48558,Adan Lehner,"Apt. 461 8185 Emilio Valley, West Jc, NJ 40987",+18481774843,foster@wilkinson.test,False,48558
48445,Micaela Bailey,"48112 Kutch Parks, Shandihaven, IN 26269-8180",+16097230448,catalina.rice@langosh-rempel.test,False,48445
50371,Douglas Kreiger Ret.,"Suite 581 7076 Lashay Circle, Koeppbury, IN 22586-5792",+12360267631,gerardo@mitchell.test,True,50371
48030,Kara Prohaska,"351 Hansen Turnpike, West Traci, IA 30575-1546",+16211924175,jessie@muller.example,False,48030
47766,Edmundo Bruen,"Suite 376 9003 Shira Cape, South Eddie, NV 11004",+14388068012,shyla@wiegand.example,False,47766
49925,Liane Armstrong Phd,"56280 Carlton Knolls, Kundeshire, HI 93818",+14313294163,emil@ohara-fadel.example,False,49925
49140,Mr. Jackson Hansen,"71661 Olson Street, Lesliefort, OK 29734",+11849042033,melodie.cronin@upton.example,False,49140
50437,Rev. Norbert Kunde,"17265 Ruben Island, South Laurelmouth, MT 04696",+12728482805,lashell@romaguera.test,False,50437
49183,Amb. Doyle Schulist,"Suite 386 2853 Andreas Alley, South Lorrianemouth, UT 66374",+11735045928,tara@bruen.example,False,49183
50606,Karma Friesen,"Apt. 107 2813 Errol Port, Port Florencechester, ME 90654",+11212803022,my@renner-hirthe.example,False,50606
49691,Miss Eugene Lockman,"60142 Kenneth Shores, Miquelberg, MA 55995",+12855815147,noe@jones-mitchell.example,False,49691
50047,Eleonora Mcclure,"80326 Idella Drives, Gleichnerstad, PA 84617",+16549865255,larry@mueller.test,False,50047
48086,Jared Ritchie,"Apt. 869 645 Phil Center, West Juniorstad, DE 15169",+11594700949,barry.abbott@daugherty.example,False,48086
50869,Paul Kihn,"Suite 957 9516 Noelle Estate, Port Deborah, MD 33601-5934",+18028962244,suzanna_mcglynn@funk.example,False,50869
47790,Norbert Murray,"Suite 247 447 Buckridge Station, North Diedrachester, VT 05147",+19916468906,rudy.mueller@pacocha.example,False,47790
50501,Prof. Letitia Rogahn,"Suite 979 9586 Kasie Ports, Tuanland, LA 16075-7329",+11012389715,brande@collier-romaguera.example,False,50501
50166,Russ Gutkowski,"7778 Divina Route, Anjaburgh, OR 58202-4633",+19684333932,rosalinda@parker.example,False,50166
48775,Junita Huels Phd,"5681 Pfannerstill Mews, East Brianneborough, SC 06137-3328",+19191735814,sheldon_waelchi@miller.example,False,48775
47917,Linwood Fisher,"Apt. 110 89778 Wisoky Trail, Uptonport, MO 60986-7000",+11864800856,phyliss@sauer.example,False,47917
49135,Pamula Jakubowski,"Apt. 812 22572 Bernardo Neck, Faheymouth, NY 09409-0318",+14532856774,chrystal@crona-becker.example,False,49135
50026,Mr. Glen Davis,"66010 Aja Mews, North Xavierside, KS 09904",+15567748096,marx.haag@mckenzie.example,False,50026
48089,John Rohan,"85836 Glady Locks, Eugeneberg, GA 61916-7284",+15904218607,jonathon@toy.example,False,48089
50602,Karrie Cremin Esq.,"91619 Rosario Spur, Kalaview, NE 30792",+14466142833,alix@hirthe-hintz.example,True,50602
50313,Mrs. Tanisha Reinger,"64714 Witting Port, Kiehntown, OK 26171-8184",+12942377938,florentino.abshire@bailey-feil.example,False,50313
50271,Mrs. Kasey Fahey,"Suite 925 620 Bulah Pike, West Meridethside, IA 67544-1210",+11275395720,lael@macejkovic-jakubowski.example,False,50271
48510,Hiedi Cummings Dc,"814 Schaefer Ramp, West Santachester, WV 37025",+19809992215,collette@keeling-herman.test,False,48510
48822,Branden Gulgowski Md,"164 Vicenta Rapids, New Rickiefort, IN 76157",+13169559830,catherin.beier@ziemann.example,False,48822
48908,Man Walsh,"Suite 529 4721 Jamaal Land, Wunschchester, ND 55957-7938",+17495196633,gene.leffler@koelpin.test,False,48908
49655,Enedina Rowe,"Suite 384 16125 Heathcote Branch, Lovefurt, AZ 31867-9274",+11662232485,sebrina_bogan@greenholt.example,False,49655
50668,Shenna Monahan,"2451 Considine Mill, East Vania, IL 33789-7737",+19218578603,bettye_krajcik@corwin.test,False,50668
49415,Andre Langosh,"Suite 512 2332 Marian Path, Bergnaummouth, WV 04238",+11649046015,kieth@kuhn.test,False,49415
48266,Terisa Wilkinson Sr.,"447 Jadwiga Locks, West Micheal, OH 21235",+15540556590,olinda@nitzsche.example,False,48266
49110,Trenton Fritsch,"17271 Brown Street, Hamillfort, DE 73482-2693",+13496440119,kasey.witting@turner-oconner.test,False,49110
48129,Magali Koch Phd,"8313 Bertie Way, Orethastad, MI 82104",+18472313793,julian@brakus.example,False,48129
49129,Luis Brekke,"Suite 833 870 Kunze Stream, Hamillchester, MA 76081",+11147693667,paul_kuhic@terry.test,False,49129
49146,Sanda Gislason,"Suite 931 8810 Delcie Fort, South Bonny, GA 51278-5870",+11752937474,brent@shields.example,False,49146
48084,Katharyn Marks,"Suite 886 8781 Zonia Fort, Flossieshire, VT 05502",+14824895481,desiree@bednar-glover.test,False,48084
48699,Jean Kutch,"Apt. 545 410 Leann Locks, West Nestorfort, WV 75021",+17802388252,therese.treutel@block-bednar.example,False,48699
49153,Amb. Veta Greenholt,"Suite 262 56012 Morgan Stravenue, West Carterhaven, SC 68407-3921",+13459943871,lynnette@pollich.example,False,49153
50535,Tiana Jast,"Suite 731 56312 Baumbach Flats, Lindgrenview, CO 70432-0709",+17235105973,millard@schuster-wyman.test,False,50535
48140,Benita Schimmel,"Suite 678 38862 Norman Dale, New Jeramy, FL 47465",+11618835178,judi.legros@casper.example,False,48140
48625,Prof. Mimi Champlin,"367 Norbert Parks, Lake Patrica, AL 21931-5057",+15817060165,omar_gerhold@fritsch-treutel.example,False,48625
50894,Mallie Brakus Dc,"Suite 243 62709 Crist Spurs, Russelport, TN 58244",+19463100917,kymberly@hane.example,False,50894
50567,Jaymie White Sr.,"Apt. 512 7572 Torp Forks, Dickinsonstad, SD 28764",+19691642715,tommy_raynor@walker-pfeffer.test,False,50567
49327,Emery Vandervort Dvm,"Suite 851 499 Simonis Lakes, South Brock, MO 57046",+18034019578,hana@muller.test,False,49327
50877,Eartha Spinka,"Suite 773 46993 Rempel Hill, Streichtown, ME 94086-1068",+14042223316,rosena.christiansen@bode-rosenbaum.test,False,50877
49802,Miss Kirk Homenick,"185 Champlin Harbor, Vadachester, SD 66141-4551",+15356311450,frederick.leannon@predovic-gibson.test,False,49802
50945,Terrance Rice,"Suite 882 2025 Fahey Road, Kovacekfort, AZ 71233-7264",+11063653545,bella.pagac@dicki-ryan.test,False,50945
50282,Rosaria Schmeler,"Suite 899 959 Laurena Unions, Eugeniofort, AK 07223",+19682147224,alexis.morissette@schinner.example,False,50282
48329,Rep. Genevieve Kerluke,"635 Jerome Fork, Bahringershire, CO 99223",+19659618792,aaron@cummings-hills.example,False,48329
50835,Ellan Cruickshank,"Apt. 417 34624 Schultz Centers, Hueystad, CA 69519",+15867098464,geraldo@bogisich.test,False,50835
48831,Patrice Ernser,"76675 Edmond Heights, South Reubenhaven, VA 42767",+12692131227,keely.schuppe@casper.example,False,48831
50325,Neoma Johnston,"942 Pfannerstill Field, Deonhaven, ME 77527",+19142407287,mikaela_franecki@douglas.test,False,50325
48226,Evangelina Gutkowski,"286 Nerissa Plain, New Austin, MT 80963",+13327294086,joseph@orn-lebsack.test,False,48226
50790,Francene Lebsack,"3830 Bogan Mews, Lake Gastonside, CT 27390",+17321183380,alaina@hessel.test,False,50790
50964,Emile Ritchie,"651 Alvaro Radial, Bruenville, CO 30363-9861",+16516823688,barrett@schumm.test,False,50964
49990,Evon Hudson,"Apt. 341 9709 Reichel Drive, East Beckymouth, AK 16794",+12559696512,karolyn@schmidt.test,False,49990
47932,Junita Moore Ret.,"Apt. 842 5251 Dennis Hollow, South Carey, KY 16680-0307",+14394421191,betsey_crist@bradtke.example,True,47932
48984,Dewayne Heaney Ii,"Suite 546 793 Delta Crest, Olliebury, IA 60184",+13855006963,ashlee@tromp.test,False,48984
50929,Tracy Rau Ii,"25539 Meghan Garden, New Luciofurt, AZ 58659-1080",+15257811947,davina.hodkiewicz@stokes-gleason.test,False,50929
49143,Todd Metz,"3382 Kassulke Trail, Lanimouth, DE 30503-9457",+19880542929,hershel@osinski-koelpin.test,False,49143
49372,Qiana Jacobson,"Suite 502 51922 Casper Orchard, Shawnchester, KY 16166",+18550748827,glen.jones@friesen.example,True,49372
48959,Ardella Yundt,"Suite 903 86399 Anastacia View, South Saulland, VT 98708-4418",+17700287442,janessa.bins@aufderhar.test,False,48959
48690,Meggan Rogahn,"Suite 755 1500 Trinidad Port, Osvaldoport, SC 00571",+13482625182,corey@cassin.example,False,48690
50024,Avery Yundt,"16698 Weissnat Estate, North Abramfurt, NV 55310",+13903492523,millie_emmerich@dubuque.test,False,50024
50041,Pearle Hamill,"Apt. 466 23302 Lettie Bypass, New Annestad, MI 26754-3531",+13844979657,gregory@rolfson.test,False,50041
49088,Margot Herzog,"36552 Bauch Junctions, Dickiport, RI 94836-9265",+13202510962,melda.friesen@stokes.example,False,49088
51122,Brittany Bode I,"Suite 790 134 O'Kon Isle, New Paulinaville, GA 14448",+15062155463,verda@murazik.test,False,51122
49687,Jean Robel,"90702 Gaston Crossing, New Lannie, CT 66473",+15581527267,leanora@kemmer.test,False,49687
49149,Prof. Keturah Mitchell,"577 Murazik Skyway, East Jannetfort, MA 44141",+11230827578,larissa@leffler.test,False,49149
49230,Guadalupe Hansen,"5680 Heller Port, East Elly, WY 88883-4803",+13068440985,kaylee.yundt@ortiz.test,False,49230
49444,Vashti Senger V,"87090 McClure Point, Binsborough, SD 49703",+12253554080,bong@keeling.example,False,49444
48523,Earnest Bartoletti,"565 Quinn Villages, East Hilario, OK 16244-3035",+18892419197,verdie_welch@schneider.test,False,48523
47888,Kiana Kihn I,"Suite 444 1467 Rosalinda Rapid, New Hsiu, TN 26126-2090",+11835835480,chana@connelly.example,False,47888
51059,Ms. Russell Durgan,"Suite 881 53907 Hessel Shore, Antonport, LA 51495",+11734365982,keith@ondricka.test,False,51059
49270,Hans Connelly,"Suite 341 5505 Reta Court, Port Lizabethtown, CO 17223-7085",+16880261862,maricruz.gislason@lockman.test,True,49270
49207,Mr. Jade O'Reilly,"249 Isaura Cape, Kreigerhaven, HI 72811-9706",+19607506965,micah.graham@turner.example,False,49207
48882,Clifford Hauck,"571 Estela Row, Reubenfurt, OR 73300-9904",+17653996603,loreta.stokes@bechtelar.test,False,48882
48965,Tamika Marquardt,"9282 Wisozk Forge, Hassiehaven, GA 39348-8443",+15548694671,dannette.mitchell@stanton.example,False,48965
49658,Dottie Farrell,"14713 Stanford Pines, Port Flortown, ME 72201-3781",+11081428595,don@kertzmann.example,False,49658
48785,Rod Frami,"Apt. 575 40968 Lakin Station, Yostmouth, AK 13920-5620",+13589033039,van@hilll.test,False,48785
47944,Pres. Petronila Lockman,"56369 Koelpin Tunnel, Anamariaton, MO 21689",+17609044224,ewa_corkery@fritsch.example,False,47944
47973,Msgr. Brett Fadel,"56199 Jamey Shoals, Lake Issacville, VT 17712",+15475151635,alejandro.damore@yost.test,True,47973
48358,Mr. Terrence Graham,"3147 Howe Summit, South Andres, NJ 96994",+12244907539,abdul_cartwright@conn.test,False,48358
50968,Jae Littel,"4313 Torp Lock, Effertzland, WV 64358-0939",+18744836594,hai@davis-mohr.test,False,50968
47985,Caleb Rogahn,"3803 Beahan Harbors, Port Fredricchester, GA 42404-7165",+13042097206,jeni@torp.example,False,47985
50372,Abel Block Phd,"Suite 242 91531 Lorenzo Springs, Mattview, MT 33829",+18629598656,stephan_gerlach@hills-powlowski.test,False,50372
51017,Mari Barrows,"Apt. 533 906 Jacques Lane, North Reggiehaven, SC 07099",+12223649051,liane@nitzsche.test,False,51017
48632,Annita Kozey,"600 Dane Roads, North Shirleyton, NY 77952",+14949452844,nicholle_davis@kirlin-bruen.example,False,48632
48527,Gov. Robyn Ritchie,"Apt. 881 5414 Nitzsche Pass, Port Flor, FL 75575",+14220173493,dixie_zboncak@kuhn-fadel.test,False,48527
50988,Kamilah Murazik,"604 Marquardt Trafficway, Port Ethanmouth, WA 74502-5757",+14368719067,sandy.jaskolski@nolan-boyer.example,False,50988
51044,Louis Bednar,"445 Haag Dam, East Tod, ID 46797-1837",+17679710631,russ@boyle-feest.test,False,51044
47793,Carey Bashirian,"Suite 192 772 Keeley Drive, New Carolynfurt, AR 94640-3654",+13098636515,svetlana@ullrich-lindgren.example,False,47793
49568,Cruz Kuphal,"325 Lynch Village, Boehmton, ME 91027-6146",+13366632324,joeann@corwin.test,False,49568
47831,Bryant Graham,"850 Brekke Road, Watsicamouth, MS 42510",+13662478762,harland@lang.example,False,47831
48172,Mitchell Conroy,"128 Jeannetta Springs, Alleenmouth, AL 29966",+19556241730,shirly@littel-shields.example,True,48172
49179,Carmel Miller,"16759 Strosin Expressway, Templeberg, CO 33974-1483",+14344764859,nelle.powlowski@kemmer-denesik.test,False,49179
48682,Young Harris,"85641 Chelsie Plaza, Darrenberg, NY 80932-7313",+16051404399,ryan.hammes@damore.test,False,48682
47734,Logan Balistreri,"4850 Brunilda Port, West Hangside, ID 06123-4651",+19851466942,fausto.torp@cartwright-tillman.test,False,47734
49621,Norbert Jast,"Suite 937 4696 Dion Corner, Port Pameliaborough, MA 64224",+13874754050,pilar.koelpin@keebler.test,False,49621
51043,Tandra Abernathy,"74281 Zemlak Ways, West Cheryll, TX 62021",+19117138680,akilah.marks@hermiston.test,False,51043
50543,Merna Vonrueden,"23802 Clare Dale, South Elliotmouth, TN 63956",+12896294439,chu@kuhic-kerluke.test,False,50543
48336,Summer Adams,"1091 Mohr Coves, North Traci, KY 95016-6395",+18325363457,linette.hammes@schaefer-fadel.test,False,48336
48357,Leigh Ondricka,"3272 Harber Centers, West Kandymouth, TX 05000-1550",+12195616106,lashawnda.monahan@mccullough.test,False,48357
51029,Twana Hartmann,"Apt. 425 6307 Emanuel Via, Dickstad, PA 19320-6188",+19129080984,josh@west-beer.test,False,51029
49566,Gov. Octavio Gerlach,"705 Altenwerth Station, East Clay, IL 83547",+18103383623,nelson@okuneva.example,False,49566
49176,Jerrod Graham Do,"794 Glenn Road, East Jeanetta, NC 43430-7001",+11513531823,kimberlie.hermiston@metz.test,False,49176
48499,Loris Waters,"2172 Dominique Meadows, Bayerview, NE 05950-2156",+11629388981,lorriane.bartell@konopelski-wehner.example,False,48499
48930,Burton Prosacco,"Suite 970 2868 Cruickshank Summit, Hammesview, MI 06535-1724",+17242696034,theresa@ratke-ankunding.example,False,48930
49073,Fr. Cristal Kuphal,"41926 Herzog Lights, East Amee, VT 33524-9649",+17730282106,christin@haley.test,False,49073
50209,Brent Nolan,"Suite 651 770 Zemlak Harbor, Dongborough, MN 23711",+16710606383,mazie@hintz.test,False,50209
47928,Vernita Rath,"1033 O'Hara Loaf, Gislasonfurt, ND 92231-2843",+11315348764,frankie@smitham-shields.test,False,47928
48098,Eric Heller,"Apt. 841 602 Bo Viaduct, North Heribertoborough, NM 42331",+18048686175,darcie@monahan-crona.example,False,48098
49197,Easter Kuhic,"13852 Rebecca Square, South Benberg, GA 87277",+16112062554,hoyt.armstrong@hansen.test,False,49197
50322,Stephanie Gerhold,"4809 Camie Ramp, New Marisela, KS 50293",+14764260474,kristal@carroll.test,False,50322
50429,Lorita Kulas,"Apt. 528 1796 Tera Roads, Port Claudio, MN 67238",+12258882644,jason_dickens@nicolas-stracke.test,False,50429
50654,Larry Ferry,"238 Jessie Valleys, Ziemannmouth, DE 28782",+11930051162,stuart_streich@blanda.example,False,50654
49251,Msgr. Delmer Turcotte,"Suite 370 65427 Carson Glens, Port Ashley, VA 01728",+18070307571,ashley@goldner.example,True,49251
48375,Rev. Malinda Green,"27209 Smith Mews, Lake Rebbeca, VA 21683",+11467981463,reynaldo@lemke.example,False,48375
50319,Kizzy Metz,"Apt. 396 1937 Karie Mountain, West Arlie, NY 59834",+19725065458,delmer.mclaughlin@veum.test,False,50319
50027,Fransisca Gutmann Dvm,"845 Keebler Coves, Gutmannside, VA 29406",+12050056081,concha@funk.example,False,50027
50350,Pres. Nickie Ondricka,"Apt. 722 9559 Bergnaum Cliffs, Augustville, ME 33706",+11821811992,rochel@hickle-pfeffer.test,False,50350
51126,Theresa Conroy,"Apt. 942 234 Latisha Wells, Port Danyelleville, AR 84680-4832",+16021068546,frankie@schaden-reilly.example,True,51126
50667,Yong Jast,"Apt. 843 7143 Leannon Avenue, Gleasonview, AL 20822",+14558001780,cornell.kris@witting.example,False,50667
48651,Claudio Hermiston,"428 Boehm Row, South Alina, WY 88283",+12134482974,kip@halvorson-hegmann.example,False,48651
51023,Elvera Durgan,"Suite 409 5403 Gleichner Cove, Satterfieldburgh, MO 64561",+18102197267,lue@torphy.example,False,51023
49746,Angele Schneider,"8625 Gutmann Garden, Lake Hayleyport, AR 20018",+15250498520,pura_balistreri@strosin.test,False,49746
48939,Hobert Kutch,"1885 Clemente Divide, Christiansenland, NV 19823-4941",+17575960071,toby@runolfsson.test,False,48939
47725,Nannette Dare,"4817 Shanon Crest, Vicenteland, ND 97743-8472",+17186890775,gayle.gutmann@purdy-kuphal.example,False,47725
50221,Clarinda Morissette I,"Suite 856 57893 Norine Knoll, Lake Elden, CA 65745-2743",+19014079850,shawnta_mraz@kunze.test,False,50221
49711,Errol Corwin Ii,"Suite 106 59555 Satterfield Ranch, East Claudefurt, IA 79119",+14730128498,david@pacocha.example,True,49711
50115,Darrell Flatley,"38954 Dalia Landing, West Kathrinville, OR 17321-6796",+19749611773,margo@graham-kreiger.test,False,50115
47822,Garland Jacobs,"Suite 778 7253 Tamisha Viaduct, East Dion, SC 89389-9107",+16158980661,terrilyn@brown.test,True,47822
50397,Yuri Parisian,"Suite 153 426 Lannie Stravenue, Effertzbury, ME 14257-6318",+12442450970,carla.pagac@collins.test,False,50397
48721,Napoleon Mraz,"Suite 405 241 Wintheiser Mills, Granvillehaven, NC 07589-1437",+12243063910,arnold@mayert.example,False,48721
48547,Miss Agatha Veum,"9343 Padberg Station, Ikechester, NJ 17909",+13050435038,deidra@crona-nienow.example,False,48547
49396,Amb. Brendon Gleichner,"7548 Kreiger Plain, East Kip, CT 87617",+15610712530,wilbur@stokes-abernathy.test,False,49396
49306,Dr. Rozella Ledner,"349 Richard Harbors, Turnerstad, VT 51892",+16988520696,penni.murazik@wehner.example,False,49306
48529,Han Smitham,"658 Bosco Run, West Lindsey, SD 74542-3510",+13135601543,lesley.auer@hermann-ziemann.example,False,48529
50686,Pres. Ezekiel Ward,"Apt. 969 998 Aliza Trail, South Edberg, GA 12269-7118",+17557749032,lazaro_kohler@kreiger.test,False,50686
49272,Duncan Stamm,"850 Kihn Meadow, Port Ray, OH 87437",+16082752497,hubert@heller.example,False,49272
50436,Tobias Marks,"970 Tristan Motorway, Sidneybury, LA 76853",+16994395583,brad@bailey.example,False,50436
50055,Fleta Gutkowski Iv,"Suite 116 6345 Hollis Mountains, Rolfhaven, WI 76124",+11164473426,eddie@huel.test,False,50055
49015,Ariel Simonis Iii,"916 Homenick Oval, Korifort, OK 47069",+18482127775,neville@raynor.example,False,49015
50645,The Hon. Candance Stehr,"60288 Rob Fort, South Sheldon, NM 07507-7818",+16026089791,saul_steuber@gutkowski.test,False,50645
50061,Ricky Ratke,"6088 Mayert Junction, New Yan, AR 00752",+15475261276,cory@kshlerin.example,False,50061
48871,Kacey O'Reilly Iii,"19500 Schultz Spring, Leuschkeland, WY 00738-8131",+15567372069,ervin@pacocha.example,False,48871
50696,Hong Bashirian,"Apt. 915 40089 Zemlak Glens, Carrollland, IA 11905",+18335141076,berry@mccullough.test,False,50696
50815,Rep. Tameika Cormier,"Suite 791 76180 Renner Tunnel, Kubburgh, VA 49625",+18069631169,erik@durgan-reichel.test,True,50815
49927,Adriane Bogan Ret.,"3589 Exie Canyon, Vandervortview, AK 71993",+16380047504,elisha_boyer@larkin.test,True,49927
50843,Mica Bauch,"883 Coy Village, New Hai, PA 82419",+13090799886,asa.kuhlman@treutel-kuhn.example,False,50843
47861,Laureen Hudson,"Suite 625 485 Gerhold Harbor, Armstrongbury, IN 71570",+16526770765,laurena.sporer@medhurst-gutkowski.example,False,47861
49616,Gov. Tomasa Fahey,"65745 Olen Viaduct, Port Dusty, MT 83952",+18195515522,buster.batz@gerhold.example,False,49616
50617,Grace Hettinger,"15117 Jordan Route, Port Isaborough, ME 12016",+14242446771,esteban.runolfsson@bode.example,False,50617
47671,Filiberto O'Conner,"52043 Konopelski Plaza, North Dee, AR 91984-4589",+14190263548,enoch.skiles@towne-luettgen.example,True,47671
49397,Cristie Walsh,"379 Kreiger Rest, New Alvina, ID 39431",+15902460330,fernando.considine@torphy.test,False,49397
50373,Steven Ankunding,"3451 Jacobson Trace, South Dalilatown, MS 41191",+15938624299,raymon_kshlerin@muller.example,False,50373
50950,Tyrell Walter,"Suite 681 1400 Kshlerin Park, Maryannastad, IA 67349-3345",+12749415237,ashlee@sanford.test,False,50950
50971,Eustolia Dare,"6062 Mac Prairie, Deloresshire, AK 23878",+18535480019,olevia_thiel@goldner.example,False,50971
47719,Carry Runte,"6689 Suzanne Station, East Meaghanbury, NV 81667",+15116148726,jamila.johnston@grant.example,False,47719
48153,Lenard Waters,"Apt. 812 27858 Tamatha Neck, East Arietown, OR 90319",+18474862577,yong_pollich@hessel-schmitt.example,False,48153
49096,Bryce Koelpin V,"Suite 652 385 Aaron Village, South Lucianoburgh, CA 86593",+15739060453,abdul_armstrong@boehm.test,False,49096
47707,Rodolfo Rosenbaum,"Apt. 472 8937 Manual Forks, New Geraldberg, MI 79282-1517",+17207789622,kai_terry@graham.test,False,47707
49079,Lucienne Bergstrom,"Suite 417 7031 Carter Hill, West Jc, MN 68505",+19368006570,ayanna@monahan-stroman.test,False,49079
49311,Kristie Adams,"Apt. 937 49598 Brain Ford, Wehnerton, OH 00642-2814",+16939783242,devorah.crooks@brakus.example,False,49311
51103,Ellis Kautzer,"Suite 955 7540 Thad Shoals, South Miguelmouth, RI 37158",+14213699538,zora@balistreri-conn.test,False,51103
48704,Albert Steuber,"Apt. 349 487 Becker Pike, Haroldborough, KS 95429-9867",+19096014471,olin.wiza@schumm-reilly.example,False,48704
49134,Hiedi Murphy,"64358 Delmar Pine, Schimmelland, CO 28716-8179",+18083884810,lindsay_ritchie@wehner.example,False,49134
49524,Ying Powlowski,"18220 Grant Stream, Joneston, MI 76507-4623",+16234788675,kendrick@hyatt-gerlach.test,False,49524
49370,Gov. Milo Wisoky,"Apt. 855 1478 Ernie Square, Hueyburgh, ME 42776",+14887541752,elizabet@greenfelder.example,False,49370
48410,Oscar Herzog,"Suite 852 3517 Hermann Cove, Kreigerbury, SC 47665",+16125595181,elmer@kshlerin-heaney.test,False,48410
49653,Nathanael Rempel Sr.,"Suite 894 952 Robbi Rue, North Saul, MO 28640",+12213696489,michael.breitenberg@zemlak.test,False,49653
48258,Herman Rempel Jd,"Apt. 602 27522 Quintin Path, Ferryside, MA 62597-4827",+17562419644,chassidy@friesen.test,False,48258
49076,Phil Wuckert,"Suite 178 32484 Mellisa Stream, East Eusebio, KY 94602",+17362476229,kennith@rath.test,False,49076
49874,Quinn Batz,"Suite 884 89437 Arlen Parkway, Sporerburgh, MD 59405",+12011977692,connie.wilkinson@hegmann-hermann.example,False,49874
48760,Angel Murray,"95845 Ward Centers, New Casey, VA 02186-1672",+11912992926,enoch_lueilwitz@renner.example,False,48760
47833,Dwight Konopelski,"Apt. 485 32891 Lockman Fall, East Veola, PA 45768-6558",+15337169264,javier.emmerich@beier-marquardt.test,False,47833
50685,Tanner Sporer,"29643 Purdy Coves, Lake Robertoland, UT 64834-4681",+13317190612,trey@barrows.example,False,50685
50204,Denny Gleason,"Apt. 564 915 Erdman Villages, North Murray, PA 33335",+15335138885,jose_lemke@mann-monahan.example,False,50204
50476,Elliott Luettgen,"Suite 175 182 Upton Avenue, New Delmerberg, IL 41182-4825",+17932810298,carey@wintheiser.test,False,50476
47777,Ricky Gerhold,"Apt. 859 54076 Klocko Run, Burtchester, RI 45636",+14948340348,ahmad@rosenbaum-farrell.test,False,47777
48511,Shawanda Tromp I,"282 Kilback Mountain, Lake Sonya, SD 74072",+16965966600,reyes_gerlach@boyer.test,False,48511
49801,Juan Nikolaus,"Apt. 571 428 Gutkowski Burg, Rueckerchester, KY 29858-9427",+14980945854,adele_block@prohaska.example,False,49801
49385,Charolette Gutmann V,"7760 Fahey Estate, Keshiaberg, NJ 09207-5923",+12906343011,candice.kshlerin@wyman.example,False,49385
48126,Blanch Williamson,"Suite 286 561 Brekke Knoll, Dickland, SD 41367-7128",+15831301161,hollie_schimmel@brekke.test,False,48126
49836,Arturo Bogan,"Apt. 125 436 Barrows Haven, East Fredrickland, SD 24071-4545",+11164562434,berenice.turner@veum.example,False,49836
50227,Tyrone Hammes,"Suite 676 485 Bartoletti Union, Harveyfort, MA 45669",+14573445207,merrilee_little@crist.example,False,50227
50013,Jacqualine Wolf Sr.,"Apt. 818 853 Jamel Light, Wendyport, NY 11209",+11125251073,forest.lehner@goldner-shanahan.example,False,50013
49016,Ms. Alysa Deckow,"Suite 144 97700 Walker Hills, West Telmaport, NY 08991-0321",+13240001246,dewayne@dare-streich.example,False,49016
48534,Ariel Jones,"Suite 526 530 Gleichner Passage, Dyanchester, GA 22039",+18772458689,randal@wunsch.example,False,48534
50110,Dorsey Kovacek,"Suite 747 5359 Mertz Brooks, North Cody, NC 98291-2678",+18946751438,fletcher@wuckert.test,False,50110
50404,Blaine Corwin,"Apt. 448 97848 Dooley Lights, Rogeliomouth, IA 13850",+15663275872,imelda_towne@gerlach.test,True,50404
49633,Monserrate Kris,"61227 Altenwerth Roads, Douglastown, GA 13480-0060",+12452037750,elijah_olson@windler-harvey.example,False,49633
49040,Edison Schumm,"Apt. 357 74983 Ross Station, Kovacekstad, NC 57185-3444",+19219347877,kina.okuneva@trantow-jenkins.example,False,49040
50352,Wallace Grady,"58775 Smith Center, North Orpha, NJ 77529-9768",+14784550092,micah.mueller@johns.example,False,50352
50441,Glenda Graham,"Apt. 406 624 Kylee Port, East Kenton, OR 66859-6002",+11536802244,antoine@nader-toy.test,False,50441
50872,Ms. Man Fisher,"Suite 690 78597 Elissa Spring, Karatown, KY 98122",+12494155955,kelly@jaskolski-cremin.example,False,50872
50123,Regina Kautzer,"39278 Wei Prairie, East Stantonburgh, KY 49452",+12524055832,delilah@spinka.test,False,50123
51002,Corrie Becker,"Suite 976 4173 Ernesto Pine, New Zachery, MO 09587-1786",+14381458166,kelly.lakin@muller-green.test,True,51002
49156,Devorah Hickle,"Suite 432 4251 Homer Camp, Emmafurt, FL 40965",+14156776080,horacio@doyle-shields.test,False,49156
47855,Monet Cruickshank Ret.,"Suite 940 30203 Lamar Key, South Earnest, PA 04030-6518",+14367699197,george@ondricka.example,True,47855
49017,Jenna Towne,"7441 Leopoldo Estates, West Adolph, GA 52045",+17556938857,teressa_quitzon@lueilwitz-mante.example,False,49017
50671,Gerard Hand,"Suite 193 325 Waelchi Lakes, West Bradfordland, FL 34525",+13957833247,juan@doyle-tromp.test,False,50671
48693,Adalberto Hessel Iii,"60036 Bryant Key, New See, OR 98217-7162",+16253776005,tabitha@schaefer.test,False,48693
49168,Modesta Beahan,"13750 Haag Shore, Westfurt, WA 26167-6775",+16805833000,vivien@homenick.example,False,49168
49163,Mckenzie Dicki,"Suite 815 99487 Catrice Harbor, Lake Tora, WI 74817",+11785233664,faviola.kuhic@marks.test,False,49163
50626,Curtis West,"Apt. 867 1632 Carey Cove, Fadelmouth, CT 62425",+17692031029,leisa.huels@connelly-dach.test,False,50626
50427,Wilmer Tromp V,"Suite 380 16698 Douglas Manors, Hamillbury, RI 31835-9754",+18350692464,candie@sipes-bins.test,False,50427
50086,Serita Feil,"293 Flatley Mills, South Royce, KS 14285-4798",+17128305821,calvin@luettgen.test,False,50086
50360,Dr. Ewa Gottlieb,"Apt. 821 18866 Darryl Field, New Lacyborough, MT 50497",+15868359615,charlyn_hamill@nitzsche-kling.test,False,50360
48715,Ayana Stroman,"Suite 236 1170 Thomas Ridge, Lake Jimmy, PA 45877-0726",+13853290505,lynelle@witting-boyer.test,False,48715
47826,Clifton Olson,"Suite 202 25509 Jenkins Plaza, Port Shennastad, AZ 04253-3514",+14419892787,phillip@rath-watsica.example,False,47826
48793,Otis Toy,"Apt. 782 58086 Jere Bridge, Mosciskishire, LA 56408-6773",+14070238417,nery.crooks@oconnell.example,False,48793
48910,Rayford Borer,"Suite 442 12024 Jacobi Springs, Port Preciousborough, MD 57157",+11797832785,teddy_steuber@farrell.test,False,48910
50516,Cristopher Luettgen,"43869 Precious Way, South Jeramytown, NV 58748-6527",+12972894214,alphonse@schroeder-lebsack.test,False,50516
50579,Hong Waters,"Suite 943 539 Velva Mission, South Lamontchester, CO 68586-6717",+12836287050,sofia@breitenberg.example,False,50579
49839,Calvin Rippin,"Apt. 865 8921 Conn Center, West Brandiport, VT 73437-9274",+18262749695,soila@botsford-johnston.test,False,49839
50930,Abdul Spencer,"25042 Miquel Wall, Pagacville, TX 17275-1972",+13660680104,brendan@emmerich-von.test,False,50930
51057,Jamie Wolf,"Suite 944 249 Porfirio Camp, Rauhaven, MN 55629",+14505058605,sade.larson@sanford.test,False,51057
49533,Myrtis Weber,"91578 Herschel Island, West Kelsie, WY 00381-5051",+16563722820,marquis@wunsch.test,False,49533
49877,Carter Wisozk,"415 Mraz Radial, South Dannielle, AZ 63333",+14225705768,laura@klocko.example,False,49877
49828,Josue Gleason,"Suite 107 2976 Aaron Streets, Lake Bobury, ND 59778-6172",+18937946283,gerard@oreilly.example,False,49828
50741,Kent Stehr,"36854 Chet Station, Rileyburgh, ND 75651-3229",+11809320347,rick@kessler-kozey.example,False,50741
49058,Wilford Upton,"689 Tashina Mills, Kunzeburgh, OH 04338-2542",+18369483391,wilber.bergstrom@yost.example,False,49058
49742,Kenny Ziemann,"Suite 103 72482 Bradford Plain, East Edenburgh, PA 81338",+16602919161,georgine_kunde@roob.test,False,49742
50917,Miss Janae Harris,"245 Herb Knolls, Lake Cathy, DE 68831-9161",+19438835532,rayna.rice@schoen.test,False,50917
50826,Dorian Rice,"4716 Mitchell Gateway, Teodorafurt, IL 13897-4518",+14158196063,lorri@marquardt.test,False,50826
49329,Mara Cremin Sr.,"Suite 135 606 Jamel Alley, Lake Everetteton, VT 33419",+15197355814,hollis@frami-lehner.test,False,49329
49200,Phillis Kunze Jr.,"Apt. 220 128 Vandervort Locks, West Clorinda, MA 98948",+14752992324,janet.kiehn@okuneva.test,False,49200
47724,Alease Zulauf,"Suite 654 62200 Kozey Dale, New Dick, ME 17728-6828",+12887697068,timmy.connelly@kuhic.example,False,47724
49018,Winford Zulauf Dc,"Apt. 973 93069 Yost Forest, New Redashire, CA 36510",+13096688475,olimpia.kilback@conroy-bergnaum.test,False,49018
51045,Maurice Leffler,"Suite 433 109 Louetta Plain, Lake Samualland, TN 14297-3932",+15495709056,daniel@mertz.example,False,51045
50212,Audria Goldner,"Suite 356 84400 Kuphal Estates, South Sandimouth, NM 61206-0069",+13834450298,verdell@little.test,False,50212
49469,Rev. Criselda Heathcote,"6731 Simonis Keys, Boyleberg, NY 96661",+13067630683,rafael@gutkowski.test,True,49469
50230,Maximina Denesik,"Apt. 922 7913 Karla Unions, Port Joesphview, KS 11285-8739",+19915431944,michale.daniel@marvin-schamberger.test,False,50230
50797,Rosina Reichel,"Apt. 749 183 Hane Orchard, West Adriane, AZ 88268-3154",+12920469936,robin@graham.test,False,50797
49558,Armando Hintz,"43373 Hannah Run, South Ethyl, FL 60239-1325",+15671513329,cinthia_kozey@ratke.example,False,49558
49578,Retta O'Reilly,"Apt. 570 886 Edwina Greens, Hettingerville, CT 51808-1600",+18032123662,sabra@ward.test,True,49578
49448,Conrad Schneider,"8007 Kiehn Club, Kubtown, UT 59755-9047",+15249366485,wyatt@block.example,True,49448
49087,Alfred Tremblay,"339 Napoleon Ramp, East Alicamouth, SC 91018",+18105797525,franklin_effertz@bogan.test,False,49087
50008,Bryant Hansen,"929 Emilio Valley, Muellershire, AR 05630-3888",+13399409918,teressa@pfeffer.example,False,50008
49034,Priscilla O'Conner,"4998 Hirthe Streets, Jeffburgh, CO 90720",+12597365655,malik@hettinger.example,True,49034
48821,Mr. Kari Lind,"637 Gino Wells, New Raven, IA 47841",+15319429875,olin@ruecker-farrell.test,False,48821
47782,Cameron Crist,"9851 Ziemann Tunnel, South Willie, PA 01800-9465",+19835541202,alfred_stark@bernier.example,False,47782
47933,Marvin Torp,"Apt. 984 193 Jeane Lane, Whitneyberg, MA 20887-3927",+16727307065,gary.hauck@stiedemann.test,False,47933
49642,Margareta Ziemann,"Apt. 435 624 Streich Lake, West Aubreymouth, WA 00997",+18152155337,leigh@wisoky-jerde.test,True,49642
49269,Miss Amos Bogan,"646 Delbert Passage, Jacobstad, UT 94031",+12867514848,anja@oberbrunner.example,False,49269
49889,Addie Schulist,"Apt. 147 7365 Jacobson Light, Winfredborough, DE 92301",+15908748203,carlota_harris@batz.example,False,49889
50563,Keith Reilly,"4350 Fernanda Island, Leslieport, FL 81536",+14760315474,awilda@stamm.example,False,50563
49685,Antwan Schulist,"6719 Kautzer Stream, South Alice, WV 07992-3860",+19265289974,glenn_harris@gislason-schimmel.example,False,49685
49772,Hayden Schimmel,"38839 Kelley Pine, Teofilahaven, SC 81045",+11421841240,layne@jacobson.example,False,49772
49297,Jena Barrows,"39632 Rempel Mount, Quintonport, MO 80727",+17572690220,shanelle.swift@kub-ondricka.example,False,49297
49026,Rep. Forest Jerde,"Apt. 493 96156 Howell Groves, Lake Willieborough, CO 12534",+12122289424,nga.oconnell@hilpert.test,False,49026
50079,Liane Monahan,"971 Lonny Overpass, South Sonnystad, IL 53263-1321",+15095444337,kristina@yundt.example,False,50079
49142,Ada Waters,"2565 Klocko Course, New Alfredo, WV 61597",+12211320981,xavier@kessler-padberg.test,False,49142
49914,Tony Koelpin,"Suite 417 8864 Karoline Spurs, Lake Daryl, ND 58150",+18279504019,mirian.rice@lehner-reichert.test,False,49914
49175,Pres. Rob Lesch,"Apt. 798 8201 Cherry Plains, South Nicolas, NJ 87839-8797",+16998658251,calandra@trantow.test,False,49175
48424,Amb. Federico Lang,"Suite 872 13040 Thurman Stravenue, Isaacbury, FL 62330-9438",+12810231711,laila@romaguera.example,True,48424
50600,Deane Pfannerstill,"64231 Seth Mountains, South Ailene, TN 10144",+13321518579,marcel@runolfsdottir.example,False,50600
49944,Rodney Robel,"254 Gino Grove, Swaniawskitown, AR 11399-8693",+16593579637,hubert@stroman.test,False,49944
49049,Clementina Ratke,"6211 Caren Flat, Jannafurt, NE 42105-0673",+17700199222,jamison@renner.example,False,49049
47976,Janie Leffler Sr.,"565 Edmond Route, Lockmanstad, NE 70837",+13407583967,mammie.leannon@koepp.test,False,47976
48927,Reynaldo Roberts,"Suite 102 55897 Herzog Ford, Robelborough, AZ 22665",+19577196548,isabelle@schmidt.test,False,48927
51096,Pres. Bonny Beatty,"7487 Basil Viaduct, Schneiderberg, NH 82600",+11701936062,eulah_stracke@effertz.test,False,51096
48887,Fallon Buckridge,"1441 Jerde River, Aurelioland, NC 45377-4962",+13871132634,ezequiel_cartwright@goodwin.test,False,48887
49881,Msgr. Kylie Lebsack,"235 Kulas Mill, McCulloughborough, WV 42936-2898",+12661532892,tom_sanford@streich.test,False,49881
50095,Joesph Jerde,"Suite 213 348 Lyle Islands, Kandychester, OR 73518-2368",+16328353032,lenard@leannon-hirthe.test,False,50095
49971,Rene Mcglynn Ret.,"Suite 265 8609 Francie Dale, Vandervortmouth, WY 44596-6963",+19709580998,trent@mcglynn-stiedemann.test,True,49971
50052,Nicholas Ullrich,"Suite 458 99710 Renner Forks, South Mandieburgh, NE 46946",+15829516752,cliff_yost@krajcik-adams.example,False,50052
50485,Ophelia Gerlach,"Apt. 424 6986 Robert Shoals, West Tenniemouth, TX 13203-3726",+17675589232,sol@willms-hickle.test,False,50485
50364,Ema Nikolaus,"Apt. 267 62011 Hilll Shore, Lake Kattiefurt, NH 92408",+18081543956,nick_hansen@lueilwitz.example,False,50364
48157,Chris Pfannerstill,"Apt. 234 2961 Gusikowski Causeway, Waldoland, NH 34763-0439",+18849751004,lavelle@weissnat.example,False,48157
51050,Paris Reichert Esq.,"Apt. 632 6696 Stark Passage, Port Darronton, NH 89327",+11772976159,sana@fritsch.test,True,51050
50994,Ngan Hammes,"8393 Barton Mountains, New Raynabury, WI 50795",+15125023977,marth@erdman.example,False,50994
48104,Jamey Pfannerstill,"Suite 754 7169 Cedrick Circle, Macejkovicburgh, FL 55566-5347",+15200396518,sharon@medhurst-rau.test,False,48104
50155,Rosario Dare,"Suite 560 254 Waelchi Squares, South Emmittmouth, SC 08240-4263",+19160644887,alejandra@vonrueden.test,False,50155
49955,Kimiko Swaniawski Jr.,"Apt. 610 676 Fannie Union, Port Tyreestad, KY 44223",+15043765101,tomas@bartoletti-maggio.example,False,49955
49737,Fausto Halvorson,"Apt. 239 5028 Welch Walk, Hilllside, IA 60414-4848",+15809427086,cornell@jast.example,False,49737
50213,Pedro Schroeder,"Apt. 901 81702 Kessler Centers, Tremblaymouth, AR 47501-5680",+11470944383,burl@sipes.example,False,50213
49409,Bernard Stoltenberg,"Apt. 892 1833 Swaniawski Course, Adriannaview, AK 81709-7043",+17175503659,adan.kub@vandervort.test,False,49409
50132,Rashad Waelchi Do,"Apt. 176 919 Hammes Inlet, Arianafurt, MD 30760-9463",+11501967655,millicent@sawayn.test,False,50132
51127,Debera Schultz,"Apt. 892 49655 Mante Islands, West Cordelia, ND 08250-2878",+13114717411,dexter_zulauf@bednar-huel.test,False,51127
48337,Sheldon Runolfsdottir,"323 Tiesha Row, Fisherchester, KS 51971-3420",+18444568221,hobert@wuckert-emmerich.example,False,48337
47738,Louetta Schiller,"16285 Sporer Ports, East Phillipport, KY 99449-2914",+14517154015,randal_schinner@skiles.example,False,47738
49022,Micah Fadel,"87229 Quincy Coves, Port Milagrosbury, CO 02421-6454",+12605334816,lien_carter@vandervort-ryan.test,False,49022
49452,The Hon. Guadalupe Mayer,"Suite 110 547 Antonio Street, Connberg, TX 27270",+14971046262,javier_hegmann@goyette.example,False,49452
49198,Marion Ondricka I,"Apt. 178 666 Marcos Mission, West Rhiannonchester, OH 17104",+15403882211,brendan_kutch@schaden.test,False,49198
47844,Tommie Fahey,"Suite 563 1147 Murray Underpass, Littelside, TX 25465",+19184432653,alden_carroll@turner.test,False,47844
49169,Fr. Tuan Nitzsche,"27238 Schoen Expressway, Trangland, CA 99791-7277",+16813867130,agueda_mills@batz.example,False,49169
50107,Emilee Marquardt,"Apt. 405 672 Clifton Orchard, Dillonport, NC 52466",+11312793042,quyen.osinski@blick-wehner.test,False,50107
51063,Ricky Mills,"72895 Barney Bridge, Lake Virgieland, OR 58233",+16343104860,zachary_johnson@kautzer.example,False,51063
48979,Gov. Neil Koelpin,"80959 Lakin Locks, Larsonburgh, LA 21598-4170",+19165764660,maynard@kohler.example,False,48979
48218,Shane Hintz,"Suite 267 12074 Labadie Plains, Port Arlie, WV 12670",+16019014961,darin@mclaughlin.example,False,48218
48262,Prof. Corrine Beer,"3287 Adolfo Rue, Cleopatraport, LA 14522",+19125270641,adolph_wilkinson@cummings-wisoky.example,True,48262
49101,Spencer Raynor,"Apt. 321 821 Prohaska Dam, South Farrah, MO 83258",+11106065094,jina@hills.test,False,49101
49646,Claudie Hayes,"Apt. 652 1968 Wunsch Stravenue, East Lucien, VA 48504",+12234843719,lala.schimmel@rice-towne.test,False,49646
48440,Dede Johnson,"Apt. 515 6713 Clark Mountain, Tamraview, DE 44231",+19998249333,roman@thompson-okeefe.example,False,48440
51094,Charlene Johns,"Suite 820 851 Wolf Row, North Edisonport, FL 57465",+12584034772,augustine@schmeler.test,False,51094
49882,Edris Murazik,"92753 Garry Squares, East Nan, ME 16119-5256",+12603668945,magan@hintz.test,False,49882
48660,Amb. Maryjane Robel,"75461 Luettgen Islands, East Dominga, NE 03542",+15915355150,steve@ortiz.example,False,48660
49432,Edmundo Blanda Vm,"Apt. 774 4133 Hugo Mountains, West Veola, OH 59995-4418",+12826240616,dessie_zemlak@spinka.test,False,49432
50183,Mr. Carolina Lesch,"86968 Julianna Course, West Hui, PA 59803",+15717008208,delia.jacobi@wisozk.example,False,50183
48403,Lorie Wyman,"605 Durgan Corner, New Marcos, PA 20319-6778",+15614963876,londa_christiansen@green.test,False,48403
50578,Gov. Kieth Johns,"Apt. 538 14856 Callie Mews, Cormierburgh, WV 89255-5944",+18083898797,pok@kreiger.test,False,50578
49611,Garret Ernser,"Apt. 977 534 Hudson Way, Bradtkemouth, NM 75021",+18341732222,raleigh@hansen-brown.example,True,49611
50822,Laverne Daniel,"Apt. 382 2824 Agustin Underpass, Croninland, SC 00965-5192",+19480812995,elden@wunsch.example,False,50822
50903,Cecil Stiedemann,"33674 Margarete Forest, Victorinachester, MI 90704-3614",+11692168110,marianna.hills@jakubowski.test,False,50903
48389,Marcel Ankunding Esq.,"Suite 141 709 Trent Summit, Mosciskiburgh, AR 02037",+17729600243,santana@bins.test,True,48389
49909,Fernando Kuhn,"37687 Sipes Parkway, Lake Ingridmouth, PA 15307",+16663992663,dannie_kessler@fay.test,False,49909
49670,Detra Kiehn Dvm,"454 Frankie Club, Willardbury, IN 58838",+14551613849,sunny_lesch@conn-reinger.test,False,49670
50744,Giselle Larson,"Suite 838 6287 Jacobs Underpass, South Genesis, FL 41531",+19260332812,leo@reichert.example,False,50744
49074,Fletcher Hahn,"Suite 129 58879 Ernestine Skyway, North Jarredberg, CO 00090-5949",+19279220890,tiesha_zboncak@renner.example,False,49074
47902,Marci Ullrich,"51218 Oliver Court, Vandervortville, MN 26911",+15183077092,sylvester.murazik@wiegand.test,False,47902
50392,Marina Grimes,"Suite 794 94758 Gino Rapid, East Sook, NE 75277",+15805823823,hubert_leffler@parker.test,False,50392
48414,Warren West,"Suite 334 9535 Margot Mission, East Enola, NV 40230-1815",+15147528822,suzanna@windler-wilkinson.example,False,48414
50051,Orville Dietrich,"Suite 322 33926 O'Kon Divide, Port Houston, CO 72128",+18980260549,deandre@beahan.example,False,50051
49706,Alane Hessel,"854 Eric Station, North Lupe, NM 13636",+11859908692,sarita_considine@mueller.test,False,49706
50361,Brian Howell Sr.,"Apt. 285 20420 Noah Mall, East Jene, NV 60469-1473",+13505000022,danielle@schmitt.example,False,50361
49097,Minta Frami Iii,"6587 James Crescent, New Iluminada, CO 47137",+19171542712,annett@heller-hodkiewicz.test,False,49097
48229,Kennith Marks I,"307 Austin Roads, West Louvenia, NH 50528",+13861562671,theo.denesik@gibson.test,False,48229
49400,Jeffry Pacocha,"Suite 157 41144 Bridget Fall, Jessishire, NV 83385",+14172712627,karie@bins-effertz.test,True,49400
50821,Isidro Wolf,"781 Skiles Plaza, Marieville, UT 92887",+15871077868,angelita_nikolaus@moore-runolfsdottir.test,False,50821
49091,Krystina Lind,"15677 Towne Manors, West Coy, IN 01957",+12927841368,rolando.schuppe@goyette.example,False,49091
50577,Nicolette Murazik,"Apt. 757 7949 Prosacco Crossing, Ernserfurt, MD 67582-8682",+15227881474,giovanni_hammes@barrows.test,True,50577
50705,Harvey Kub,"Apt. 531 407 Aaron Springs, East Zackside, HI 27308-2647",+16785636722,shanti.schroeder@hudson-gusikowski.example,False,50705
49203,Roselee Trantow,"Apt. 649 493 Reichel Circle, West Bennie, MD 13238",+18951674503,evan_heaney@crona-anderson.example,False,49203
49942,Kary Hudson,"Apt. 499 44708 Greenholt Square, Margerymouth, NM 72907",+12153167029,elias@heidenreich-blanda.example,False,49942
50653,Lacy Heidenreich,"Suite 312 222 Bryon Extension, Ondrickaside, SC 73496",+11168569568,polly@labadie-wilkinson.example,False,50653
48519,Leonore Wehner,"972 Bergnaum Port, Alexanderland, AR 44624",+17652826072,trisha_steuber@bechtelar-dibbert.test,False,48519
48276,Jeanice Harber,"Apt. 429 33804 Kathryn Mountains, Joanaburgh, MA 37568-5100",+16634605859,kelsey_mclaughlin@bode-stiedemann.example,False,48276
51090,Mireya Ratke,"Apt. 738 9227 Hoppe Point, Ferdinandside, OR 18570",+15576955934,melanie@effertz.example,False,51090
50108,Amb. Ewa Zemlak,"9945 Okuneva Vista, South Rudolph, KY 33566",+16395888341,merry@sauer.test,False,50108
49525,Lottie Sauer,"Apt. 913 2644 Effertz Lake, East Bennettchester, CA 27131",+17348153790,taneka_raynor@nolan.test,False,49525
50000,Chara Blick,"Suite 122 8393 Donnelly Greens, Jaredbury, IL 86488",+16872859617,yuki@kihn.test,False,50000
48516,Heriberto Skiles,"192 Willia Track, Lake Harland, AR 08475",+12152265459,jenise@braun.example,False,48516
50376,Cornelius Larkin,"Apt. 383 79879 Dannette Curve, Hoppestad, NC 64725",+18797998453,classie_halvorson@weissnat.test,True,50376
48356,Ronald Shanahan Esq.,"Suite 880 472 Herb Ranch, South Felicidad, ME 96950",+16830599148,lacie@schmidt.test,True,48356
49807,Eldora Dooley,"Apt. 579 712 Wiegand Land, New Zelmafort, DE 12957-0037",+12439725129,royal@connelly.test,False,49807
50953,Everette Dietrich,"Suite 911 3489 Alisa Fort, Pfefferton, TX 32059-3033",+15441257368,derek.breitenberg@hand.example,True,50953
47729,Rhea Watsica,"Apt. 423 125 Alfredia Corner, East Stefany, ID 30673-7576",+16685091742,reuben_mante@mante.test,False,47729
48287,Herbert Olson,"Apt. 412 9832 Prosacco Way, Sengerland, DE 01178-9494",+18341526184,tomika@satterfield-haley.test,False,48287
48919,Marcellus Toy,"Suite 795 306 Runolfsson Centers, Lake Gabriel, NJ 60152",+11075146355,pete.rau@okon-tromp.example,False,48919
47895,Calandra Brown,"58882 Dare Village, New Coy, AK 91053",+16961991694,david_crist@cole.test,False,47895
49612,Eddie Hartmann,"89673 Morton Springs, Margeneview, AL 50206",+15288782905,wayne@sipes.example,False,49612
47966,Ms. Huong Heathcote,"113 Thad Corner, Lorefort, OR 97266",+16617409143,robert@lynch.example,True,47966
47752,Anabel Tromp,"6512 Streich Common, East Griseldastad, NE 47400",+15856909774,marian@turner.test,False,47752
48224,Sen. Guadalupe Rath,"5342 Dania Forks, Efrainborough, WA 14974-1667",+11904083587,summer_grady@batz.test,False,48224
50974,Rick Sipes,"Suite 682 7135 Charlena Heights, Ondrickamouth, AZ 20906-3207",+12497397495,dionna_johnston@stanton.test,False,50974
48521,Violette Towne,"Apt. 926 93779 Denesik Trafficway, Katlynbury, SC 29356-1825",+17287111388,booker.barrows@keeling.test,False,48521
50678,Chance Lind Ii,"Suite 295 8050 Bergnaum Walk, Lake Mickeyfurt, RI 53997",+19277752249,brock.metz@borer.example,False,50678
49589,Jess Wunsch,"6895 Monroe Coves, Steviestad, LA 07589",+12481491898,regena_emmerich@bruen.test,False,49589
48374,Theressa Cormier Phd,"46546 Cristobal Motorway, Lake Vernellshire, CT 40719-9024",+13792423135,haydee@nolan.example,True,48374
50885,Blaine Kovacek Ret.,"Suite 276 377 Jada Junctions, Bartellland, DE 36114-6922",+19034362309,lyman@conroy-batz.test,True,50885
50941,Leopoldo Gorczany,"906 Reed Mill, Fritschshire, NV 62622-7620",+14475220115,ken_ullrich@bahringer.test,False,50941
50573,Jed Gerhold,"Suite 370 34918 August Summit, Florinefort, WY 14770",+12399933438,mary@pagac-lindgren.test,False,50573
50418,Fr. Deangelo Schmeler,"Suite 926 954 Charis Plaza, South Bellaville, VA 07428-6208",+17754895048,lyda@lemke-bernhard.example,False,50418
50186,Hyman Johnson,"1363 Dino Neck, Markston, LA 57470",+12192503850,librada@boyle.test,False,50186
48920,Bruno Lang,"Apt. 548 303 Brock Wells, Ardismouth, DE 89684-6688",+15954106482,susanne_langworth@conroy-luettgen.example,False,48920
50630,Rossie Lind,"883 Cremin Branch, Nathanialborough, NM 32093",+13558120309,sheron_schowalter@collier.example,False,50630
49231,Evie Bins,"Suite 143 21814 Gleichner Loop, Barrieberg, IN 77598",+17419494535,peter_collier@mclaughlin.example,False,49231
50215,Leonel Cummings,"1343 Stiedemann Islands, Adrianneville, TN 85929-1100",+14924774067,delisa.schultz@runte-nikolaus.example,False,50215
50770,Mr. Russel Waters,"Apt. 308 43011 Marvin Meadows, Bertshire, SC 32907",+14595366446,refugio_nikolaus@haag-macejkovic.example,False,50770
50967,Werner Oberbrunner Sr.,"Suite 548 52704 Anastacia Springs, Lake Jen, HI 59015",+15262571027,tempie@franecki.test,False,50967
49989,Richie Paucek,"95532 Belkis Drives, Dietrichchester, NH 01857-0764",+15759448558,bryant_green@tillman.test,False,49989
48631,Roland Vonrueden Iv,"67292 Schamberger Wall, Lake Sangview, ND 79751",+17303491250,mitch.kautzer@homenick.example,False,48631
48535,Onie Crist,"Suite 615 638 Bartell Lane, Mikiburgh, IN 26063",+16643962514,ellen@abshire.test,False,48535
50386,Christopher Williamson,"Suite 668 49796 Hickle Dam, Terrystad, ID 70269-3762",+14719647820,rheba_steuber@krajcik.example,False,50386
51092,Alec Marvin Iii,"82657 Murazik Gardens, Robertoport, MA 76811-1356",+18699220671,delpha@hegmann-conroy.example,False,51092
49082,Lamar Harris,"403 Bernhard Lights, Carrieside, VT 10877-0400",+13649493565,enid_howe@hagenes.test,False,49082
49964,Elliott Collier Ret.,"Suite 571 36180 Karan Plaza, Lazaroland, ID 11133",+14670403854,carolee_altenwerth@lesch.test,True,49964
50807,Nick Osinski,"Apt. 598 985 Purdy Mission, Lake Jefferey, MO 26228",+15071010104,nola.stamm@denesik-abbott.example,False,50807
49291,Marie Ziemann V,"Apt. 828 62970 Heaney Locks, Ettachester, OR 77790",+12654678367,reynaldo.ritchie@hagenes.test,False,49291
50003,Prof. Sun Blanda,"75507 Jolynn Motorway, New Hilario, MI 91784",+11742437689,leanna@beer-swift.test,False,50003
49995,Ellen Denesik,"Suite 523 51111 Maynard Meadows, Rolfsonhaven, AR 86914",+15813512395,avery@koelpin.test,False,49995
50662,Karl Barrows,"609 Edmund Ridges, New Shirl, MO 72740",+14457240040,carly@pfeffer.example,False,50662
48763,Rev. Andera Kuhic,"44466 Milan Row, Donnellyville, VT 98369-1418",+18409179052,ross_friesen@lueilwitz.test,False,48763
47879,Oscar Bernhard Dc,"938 Anette Track, West Kent, LA 54045",+19189583030,earnest.ernser@hilll-wyman.example,False,47879
47942,Dr. Omer Jaskolski,"Apt. 728 97090 Roberts Mount, Lake Dalton, MO 36650",+12438690007,ahmed@miller.example,False,47942
48909,Houston Haley,"Suite 631 170 Koch Corners, Lindton, AR 03947",+12198826126,benton_bauch@oberbrunner-carroll.example,False,48909
49535,Noemi Vandervort Lld,"Apt. 943 661 Johnston Knoll, Hoppemouth, MI 52874-7633",+17230116248,josue_leuschke@block-wiza.test,True,49535
48325,Hayden Bradtke Md,"Suite 766 6533 Sipes Cliff, North Jewelton, ID 82656-1328",+11167226195,alexander@hermann.example,False,48325
49518,Kellee Walker,"39696 Homenick Mount, South Adalberto, WY 68205",+16021865235,virgen@jakubowski-mills.test,False,49518
47824,The Hon. Haydee Krajcik,"320 Swaniawski Mount, North Reannaport, WA 96417-6378",+18972139180,lecia@fahey.example,False,47824
49225,Donnette Tromp,"2224 Charissa Spurs, West Josephineburgh, IL 85627-6588",+18687209337,thu@macgyver.test,False,49225
48950,Gidget Armstrong,"3366 Chadwick Ford, Rashadmouth, HI 98496-1795",+16528373277,walter_weissnat@stracke.test,False,48950
50825,Dee Lemke,"2069 Willms Port, New Britta, MT 09769-8515",+15081154694,floy.hane@morar.test,False,50825
48702,Gigi Bahringer,"Apt. 889 35296 Wiza Ramp, Darylville, WV 93856",+14091314284,cassondra.littel@treutel-pacocha.example,False,48702
50648,Wilbert Wolff,"Suite 233 864 Prosacco Villages, New Wilburberg, WA 17421-7381",+16171853200,trevor@miller.example,False,50648
48443,Kay Zboncak,"4234 Hintz Mission, Kevinberg, TN 18870-5282",+11926979152,alvaro_welch@howell-oberbrunner.example,False,48443
48411,Kay Johnson,"Suite 671 202 Leia Freeway, North Emeryside, NJ 94591-0705",+15280850633,ed@bosco.example,False,48411
51120,Rory Lang Dc,"Apt. 485 1033 Dreama Port, Krajcikbury, WI 97287",+16001154183,mariano@kshlerin-doyle.test,False,51120
49622,Leonardo Dare Dc,"6138 Serena Village, Gutmannberg, WY 00981",+17734213187,deanna@bauch.example,False,49622
48506,Florencio Gleichner,"Apt. 586 808 Caleb Field, East Dominic, NE 87671-8052",+18032641786,linnea@jones-lockman.example,False,48506
49617,Aleta Christiansen,"9228 Ernie Turnpike, New Etsuko, ME 03146-8444",+13477208634,eneida@dare.example,False,49617
50639,Miss Esta Rutherford,"50971 Torp Forge, New Vincefurt, OH 76682-8628",+14442233267,billy@waters-mccullough.example,False,50639
48834,Garnett Waters,"47149 Marcelene Streets, Kingview, NV 59138-9180",+12030044187,arminda@legros.example,False,48834
48664,Mariano Powlowski,"Apt. 517 81288 Kevin Stravenue, Heathcotemouth, UT 95227",+15089812837,arianne_borer@feest.test,False,48664
50045,Celsa Vandervort Iv,"Apt. 934 35782 Joan Wells, North Laveniaburgh, NE 08764",+18686292780,effie@bradtke.test,False,50045
50400,Kyong Lemke,"4203 Lucilla Field, Lake Newtonberg, WY 09375",+18410506330,ronny.hoppe@koch-rolfson.example,False,50400
50232,Sen. Davina Will,"2026 Witting Center, Lindgrenport, CO 11014",+11447364296,jan@bauch-friesen.test,False,50232
50679,Archie Abbott,"551 Hamill Canyon, Ondrickaborough, MT 31528",+17864691179,cathey@stehr.example,False,50679
50374,Laronda Vonrueden,"2302 Hong Green, Alisonbury, HI 02025",+17936945108,darrel_considine@larkin.test,False,50374
48518,Joanna Wehner,"Suite 991 600 Darrick Terrace, Wunschport, WY 20311",+19647833463,stacey_upton@bradtke-bauch.test,False,48518
48576,Donald Schultz,"Apt. 849 8502 Jae Harbors, Hanefort, ME 11782",+19780600444,jarvis@williamson-rempel.test,False,48576
50725,Enrique Mclaughlin,"Apt. 413 742 Kristopher Shores, Leoneberg, AL 45800-4362",+15099540117,jarrett.wiza@stroman.test,False,50725
48256,Christia Mraz,"Apt. 959 7978 O'Connell Junctions, Ninfastad, DE 17827",+16074687274,dino@ziemann-balistreri.test,False,48256
50915,Rep. Gail Stamm,"92021 Medhurst Hollow, Port Wilsontown, KS 56381",+19507167767,gianna@greenfelder.test,False,50915
48102,Lennie Barton,"Suite 435 973 Delena Mews, Klingville, DE 66629",+18633290042,oralee_prohaska@barton.test,False,48102
49635,Shane Kerluke Jr.,"Suite 951 14852 Angelic Trail, Simonhaven, GA 75398",+11223939335,eve_lind@kris.test,False,49635
49137,Pres. Daniel Little,"4227 Marquita Extension, North Benjaminshire, IA 47616",+18378658627,theron@veum-spinka.example,False,49137
48877,Markus Kuhic Jd,"26501 Dotty Mill, West Gerardohaven, DE 02848",+11587791874,hubert@murphy.test,False,48877
49560,Ouida Cummings V,"9985 Bartoletti Haven, Adamsshire, AZ 92234",+19094136988,hiedi.predovic@durgan-corkery.test,False,49560
49348,Chadwick Macgyver,"8361 Lillia Gardens, Lake Barbra, AL 38362-0474",+19503005139,rupert@crooks-dach.example,False,49348
48899,Bruno Breitenberg,"19100 Koelpin Park, New Elmerchester, CT 86328",+12032784463,bo.bahringer@bode-dietrich.example,False,48899
48193,Ms. Carol Mosciski,"Apt. 822 25530 Spencer Landing, Jaysonport, MT 40297-9486",+18597633777,chadwick@feil.example,False,48193
48257,Lona Lindgren,"832 Casey Divide, Chelseyland, MT 16872",+19207507229,mitchell_hoppe@kertzmann.test,False,48257
50507,Monty Waelchi,"188 Elba View, Devonfort, FL 84616",+13426637210,hillary_vandervort@marks-jones.example,False,50507
49425,Noel Langworth,"Suite 314 1402 Wisoky Trace, Corwinland, ME 81665-3374",+15269526000,refugio_koelpin@terry.example,False,49425
47913,Jordon Rath,"Suite 152 62701 Felipe Island, Kimberyburgh, TX 42525-7955",+15562149828,ruthe@von.example,False,47913
49898,Msgr. Tina Breitenberg,"485 Hoppe Centers, Saranland, AK 05913",+11863397998,dion_luettgen@skiles.test,False,49898
50743,Mercy Schmitt,"Apt. 669 1512 Kuhn Grove, New Margarito, MT 81433-9170",+15931488289,cheryll@kozey-ratke.test,False,50743
50153,The Hon. Dolly Rippin,"1749 Cartwright Street, Altonborough, MA 08540-4989",+18990123240,charlena@morar-feil.test,False,50153
50333,Wonda Pacocha,"Suite 829 263 Beahan Well, North Mikeborough, SC 76001",+14692582317,noe.goyette@shields.test,True,50333
49956,Quentin Hand Vm,"86077 Wilderman Key, North Florburgh, WY 30941",+11705672967,lindsey@larkin-graham.example,False,49956
48817,Iona Harber,"Suite 923 28736 Anjelica Court, Port Patrick, AK 50254",+19873408749,kyle@murazik.example,False,48817
50918,Ricky O'Conner Do,"Suite 992 763 Ronny Prairie, Port Neelytown, NC 43283",+14661953800,otelia@swift-grady.example,True,50918
50399,Sherlyn Klocko,"Apt. 168 6823 Luis Flat, East Valentineview, NV 70214-1736",+13104506084,mirta@mills.test,False,50399
50247,Kacie Pagac,"Apt. 945 92871 Ryan Trafficway, Anyastad, VT 57044-6838",+16071483447,danille@macgyver.example,False,50247
48154,Ileana Koss,"Suite 479 2311 Brian Villages, Santostad, CO 76028-2637",+18134337196,trina@schmitt-jacobs.example,False,48154
48174,Ms. Lucy Brakus,"Apt. 913 412 Katlyn Throughway, North Robin, SC 33787",+13960401736,garret@sanford-mohr.example,False,48174
50159,Modesto Stiedemann,"866 Reilly Viaduct, Priceshire, NJ 87104",+17157973074,kisha@paucek.example,False,50159
48163,Juanita Heathcote Cpa,"72103 Stanton Parks, New Edward, MT 97924-5018",+11606227342,felipe@wisoky.example,True,48163
47878,Alexia Dicki Lld,"510 Jacobs Stravenue, Bebemouth, OK 67660",+19717352520,hobert.oreilly@watsica.example,True,47878
50857,Kimberli Hackett Vm,"897 Twanna Point, Feeneytown, KY 31826",+12134747621,mark.bechtelar@harvey.test,False,50857
48178,Gary Ritchie,"64794 Ruben Coves, Reillyville, NC 89474",+12616237619,rachell.harris@marks.test,False,48178
48286,Dr. Crissy Purdy,"Suite 286 826 Loralee Mountains, South Marlyn, MN 58977",+17319650345,carita@gislason.example,False,48286
50164,Takisha Crist,"19099 Murazik Forge, Swiftton, ND 25792-1548",+13281431210,hunter_schultz@hills-kilback.example,False,50164
47786,James Rippin Vm,"Suite 696 84740 Daron Green, Batzmouth, GA 27349",+11567605467,reginald.moen@ruecker-greenfelder.test,False,47786
50708,Hobert Swaniawski,"Apt. 675 464 Fahey Centers, Teriton, FL 65826-6621",+18074759594,guy.emmerich@renner-schamberger.example,False,50708
50717,Cassie Schamberger,"97204 Loura Garden, New Mayaland, ID 56159",+19413493787,myrna_kub@abbott-johnson.example,False,50717
49024,Lakia Olson,"Apt. 411 25562 Mann Field, Gottliebhaven, KS 03547-3823",+19518371241,clement.schamberger@pfeffer-veum.example,False,49024
50951,Rupert Goodwin,"Apt. 621 4710 Particia Curve, Lake Shantel, DE 45333-2637",+18727140439,chase_wolff@howell.test,False,50951
50663,Benjamin Brakus,"787 Fahey Branch, Diannville, AR 91933",+19580887134,bill@hane.test,False,50663
50791,Tova Ebert Jd,"Suite 420 264 Walker Light, West Chaunceyborough, OK 62173-1946",+18726233990,graig@kohler.example,False,50791
48339,Dorine Morar,"42376 Robel Views, Marineberg, TX 09043-7109",+15638844635,lou_dietrich@bradtke.example,False,48339
48112,Timmy Macgyver,"Suite 422 8352 Mayert Course, VonRuedenton, NY 28851",+12872863723,richie@okon.test,False,48112
51110,Lidia Herman Jd,"1491 Sanford Village, New Nathanielmouth, WV 98194",+15820321226,sybil.bahringer@langworth.test,False,51110
50401,Errol Stiedemann,"Suite 612 34553 Annabel Plaza, Lake Yolanda, NV 77318-2572",+19275631474,maggie_stokes@weissnat-kreiger.test,False,50401
50946,Leeanne Raynor,"Suite 630 95411 Bayer Squares, East Raymond, HI 91586-0438",+14459220790,charleen_wilkinson@torp.example,False,50946
50949,Evelyn Pacocha,"9780 Connelly Valleys, South Jonathonborough, NY 59721",+15805612111,grisel@reynolds.test,True,50949
49576,Oren Klein,"Apt. 481 468 Beer Shores, Sherwoodfort, ME 74056",+17665851365,leonel_rodriguez@king-cronin.example,False,49576
48037,Ladawn Rodriguez,"16481 Dollie Village, New Kristofer, SD 35116-0509",+18490950894,jude@windler.example,False,48037
50057,Rep. Jermaine Wilkinson,"31005 Viola Manor, Port Nicolaton, RI 08736-9276",+11011645483,jeri_vonrueden@zulauf-lubowitz.example,False,50057
49352,Ria Huels,"47746 Kyong Square, East Jeannettefort, CO 79932",+15392196122,autumn@kling.test,False,49352
50556,Armand Douglas V,"30070 Will Branch, South Brandafurt, MN 15307-8788",+19448083778,delmy_boehm@will-ritchie.example,False,50556
48520,Josefa Wisoky Lld,"61627 Ted Road, Nohemitown, MN 83920-7020",+19137548260,nichelle_ruecker@kozey.test,True,48520
50182,Pres. Gracia Shanahan,"41489 Harris Street, New Shannon, DE 49251",+11543709711,judith@damore.test,False,50182
49913,Annmarie Grant,"Apt. 796 4014 Powlowski Club, Phungville, NH 04084-2652",+14682668002,iesha@lockman.example,False,49913
47963,Verdell Shields,"1522 Rogahn Passage, Lake Letitiaside, MS 83158-2903",+14505882264,ollie@blanda.test,False,47963
48096,Mrs. Claretha Kiehn,"Suite 537 751 Kertzmann Court, North Billychester, KY 40846",+18677261100,ardath@kuphal.test,True,48096
49028,Rep. Susan Ziemann,"865 Lilla Stravenue, Lucinaville, MO 48520-7210",+15965905821,roselee_hickle@nikolaus.example,False,49028
50995,Derek Hessel,"Apt. 477 51517 Friesen Forest, Drewfurt, ID 68657-1554",+15732173275,lazaro.thompson@smith.example,False,50995
50323,Jamal Hegmann,"7152 Kristofer Land, South Reuben, SD 95155",+14030831810,brooks@murazik-bartell.example,False,50323
48744,Damion Glover,"70939 Lloyd Fall, Dooleybury, CO 89886",+19069088845,bernardine_erdman@mueller-fay.example,False,48744
49532,Marianna Ledner,"Apt. 191 61129 Sawayn Crest, Maximoberg, VT 27156-0286",+13797335056,zachary_schimmel@ritchie.example,False,49532
48383,Collene Gutkowski,"Suite 449 2604 Bechtelar Centers, South Edison, OH 56360",+16542935344,rachele.gerhold@hilpert-lebsack.test,True,48383
48709,Theron Ryan,"200 Herzog Isle, Seymourmouth, ND 84794",+17533136542,theo.wuckert@schneider.test,False,48709
47937,Lazaro Parker,"601 Eugenio Corners, Lake Epifania, TX 09641",+18163731075,taylor.ebert@walter-marks.test,False,47937
48221,Garth Rogahn,"4485 Dell Place, O'Haraborough, NV 06131-9713",+19338988112,santina@blanda.example,False,48221
49303,Jamie Senger,"Suite 539 24196 Emmerich Ford, Lake Carlton, IN 92225-7786",+12906169466,benton@hegmann.example,False,49303
48568,Lupita Stracke,"29851 Haag Cliffs, North Tyrellchester, MT 38918",+17263782453,teena_metz@marvin-baumbach.example,False,48568
48111,Sydney Stokes,"Apt. 486 31366 Nader Place, Ortizburgh, MT 18274-0162",+16458704735,hilda@pfannerstill.example,False,48111
49484,Mrs. Isiah Nitzsche,"Suite 221 822 Arvilla Way, Lake Laurettaview, ND 15443-0018",+15706597547,kieth_bergnaum@hills.example,False,49484
50326,Napoleon Kub,"207 Leuschke Ways, Groverborough, AZ 34630",+12372536612,federico@mckenzie-fahey.test,False,50326
50370,Huey Brekke,"Suite 108 4772 Kulas Common, West Cory, DE 03146",+17947548246,cristy.smith@jerde-spinka.example,False,50370
51028,Modesto Wyman,"Apt. 583 336 Basil Stravenue, Cummeratabury, WI 77534",+11351605382,charlette_schowalter@littel.test,False,51028
49460,Pres. Filiberto Waelchi,"4855 Willis Walk, Nadershire, HI 24676",+19536736914,waldo_kemmer@berge-altenwerth.example,False,49460
49787,Tara Harris,"31526 Aracelis Cliff, West Latishaburgh, AL 21231",+17278612470,erick.reilly@kessler-lindgren.example,False,49787
49308,Jc Heaney,"Apt. 811 87827 Ritchie Walks, South Joettaside, KS 94662-0130",+14641769918,cherise_huels@botsford.test,False,49308
50084,Junita O'Reilly,"Apt. 604 15254 Hilll Cliffs, New Alpha, CA 34434",+15585974408,shara_howell@crooks-gulgowski.test,False,50084
50769,Tommy Reilly,"94499 Monika Loaf, Casperburgh, CT 67159",+18489564148,woodrow_morissette@baumbach-hansen.example,False,50769
48048,Marcelino Wilkinson,"371 Bogisich Underpass, West Tammera, NY 79763-4550",+15814772472,king@herzog.example,False,48048
49552,Rev. Bethanie Pacocha,"Apt. 463 771 Ruecker Mount, Port Juniorburgh, ID 39145",+16013527060,marcene.rice@wehner.example,True,49552
47936,Jerald Casper,"Suite 905 44089 Hung Parkway, South Tesha, MO 86172-9507",+16737513564,karoline_murray@rodriguez.example,False,47936
49563,Mel Nicolas,"Apt. 882 13548 Alvaro Vista, Walshhaven, LA 74669-2760",+12284214997,morton@goodwin-rogahn.test,True,49563
48191,Malcolm Stracke,"981 Garry Common, New Kristaborough, ID 13848-6339",+19279498046,roy@bode.example,True,48191
50403,Thu Rath,"366 Angelic Keys, Sandamouth, NM 49502-9440",+14339852666,lawanda@conroy.example,False,50403
49517,Clarice Gutkowski Do,"56632 Dietrich Rapids, Lake Bao, UT 77562-3098",+13608358081,rich_deckow@koss.example,False,49517
49868,Mallory Waters,"Apt. 532 38256 Rutherford Knoll, West Asa, AL 21872-2513",+17058339124,letitia_reynolds@schamberger.example,False,49868
50220,Claire Towne,"Apt. 335 86203 Lamont Manors, Port Kirk, MD 99976-2581",+19997631521,frankie@konopelski.test,False,50220
48805,Martin Koepp,"18174 Roman Drive, North Normanmouth, RI 24537",+13498111176,marty_leffler@gottlieb.test,False,48805
49010,Alfredia Berge,"283 Shanahan Pass, New Vinita, VT 23400-1183",+19599294003,marlo.satterfield@simonis-grant.test,False,49010
49286,Nelda Beer,"Suite 203 7945 Corine Station, New Michale, MA 44651",+12060392759,maureen@toy.example,False,49286
50831,Arlen Altenwerth Do,"2067 Wilbert Springs, Lake Ward, LA 03571-8262",+13600353592,kieth.stehr@hauck-marvin.test,False,50831
49384,Reid Mann Dc,"Apt. 939 136 Verdell Shores, Elizabetshire, IL 51949-5740",+17286722785,sparkle@brekke-jerde.test,False,49384
51031,Jeff Gislason,"7597 Anthony Trafficway, East Syreeta, HI 38303-5839",+19008843512,silas@lehner.example,False,51031
49980,Antione Beier,"296 Lind Isle, Port Sibylfurt, AL 66519",+11663671170,iona.schaden@kertzmann.example,False,49980
48230,Madison Kohler,"11095 Tremblay Center, West Tamelafurt, ID 10826-8370",+12777947592,isidra.hilll@skiles-ohara.test,False,48230
48730,Raphael Rolfson Cpa,"5447 MacGyver Circle, East Christoper, NV 53602",+19043709272,kyra.romaguera@wolf.test,False,48730
49750,Dr. Carolin Koss,"Apt. 739 4624 Farrell Ridges, Michaleberg, PA 01788-8941",+12448442944,buster@hamill.example,False,49750
48236,Rep. Nigel Mueller,"3255 Sybil Pines, New Augustaside, SD 59384",+12060430515,denver@schoen-stark.test,False,48236
48952,Jamaal Monahan,"Suite 903 9161 Lee Alley, Herschelland, DE 65355-0597",+16703038607,tyrell_mcglynn@padberg.example,False,48952
49467,Darrick Bergnaum,"Apt. 326 4315 Littel Forks, Metzstad, TN 15973",+16386813110,hosea.koepp@stoltenberg.test,False,49467
50007,Suk Heidenreich,"Apt. 742 61092 Riley Parkways, Kemmerchester, SD 67418",+17783329436,marylouise.wuckert@padberg-vandervort.test,False,50007
49316,Mr. Jerald Powlowski,"5590 Rico Branch, Germanton, KS 76523",+18599217833,rickey@bernhard-conn.test,False,49316
49376,Sandie Weber,"Suite 212 7056 Providencia Viaduct, Daronland, CA 71860",+14446844480,randall@rippin.example,False,49376
47804,Odette Hettinger,"Suite 411 63268 Hulda Meadows, Jacklynberg, MN 66583-5419",+12685168131,cinda.ward@kozey.test,False,47804
50505,Rep. Kelly Kutch,"Apt. 131 52083 Arlena Orchard, Johnathanhaven, SD 10102-1161",+16133927868,january@lakin-reinger.test,False,50505
50366,Colin Moore I,"Suite 896 192 Renner Lights, Evelinville, HI 41387-8559",+18047110768,kennith_schmidt@howell.example,True,50366
48474,Tiara Kulas,"Apt. 429 411 Steuber Crossroad, Shellafort, MO 64685",+15951414606,nicky@bogisich.test,False,48474
49381,The Hon. Florentino Tillman,"4495 Emmitt Harbor, West Armand, VT 56771-3794",+11292624978,brandi_stroman@kshlerin.example,False,49381
48630,Pres. Jarvis Williamson,"80362 Douglas Harbor, Hyattshire, MS 30643-7613",+19581349413,susan_nikolaus@beer.test,False,48630
48326,Sen. Patricia Pollich,"2283 Denesik Mews, Herbertfort, IA 65966-0549",+14983769413,hilario.abernathy@cruickshank.test,False,48326
49334,Carie Hoppe,"4195 Windler Hill, New Clarence, KS 14425-3452",+15762659913,armandina@sauer.test,False,49334
47835,Brenna Lemke,"262 Kristyn View, Fabianfurt, AK 94757-2030",+17100025885,hayden@carter-ledner.example,False,47835
47691,Adriane Beahan,"2978 Arlinda Trail, East Mervinchester, NC 76862",+17072752530,felton_oconnell@cartwright.example,False,47691
49844,Rudolf Jacobs Dc,"Apt. 643 2545 Abshire Radial, West Luischester, AZ 19758-1416",+12552577209,fay@towne.example,True,49844
49020,Derrick Adams,"Suite 372 668 Barry Club, Lake Zachary, MI 32216-9706",+17642717709,isaac@kemmer.test,False,49020
49340,Jennifer Hackett,"9164 Elke Crescent, Littlehaven, NC 43977-8209",+19645778623,wilfredo.bayer@bailey-kirlin.example,False,49340
50087,Emily Nolan Jd,"Suite 486 6562 Gottlieb Valleys, Brianshire, NV 06518-5672",+16978865749,glady.hartmann@hauck.test,False,50087
50954,Duncan Wuckert,"2298 Wisozk Village, Cammiebury, MI 02783-9791",+16952762792,sterling@hintz-leannon.example,False,50954
49609,Magen Renner,"Suite 272 7524 Deidra Loaf, Port Keturah, HI 65321-5691",+13574104845,antone@feil.test,False,49609
48611,Leopoldo Wolf,"240 Patrice Hills, Lake Elsemouth, VT 06941",+18796751814,ilene.marvin@sanford.example,False,48611
48026,Mr. Marilu Bruen,"6331 Laronda Rapid, Carmenport, NC 65588",+18272341879,tyrone@stark-jacobi.test,False,48026
48619,Stephan Heathcote,"87339 Elvira Cove, Basilside, KS 53938",+19241351729,ambrose@yundt.example,True,48619
50947,Emile Zboncak,"Apt. 640 963 Ronni Skyway, Nigelview, FL 55519-4938",+17430272286,denna@dietrich-lesch.example,False,50947
48710,Fredric Murphy,"Suite 481 6563 Rempel Spur, Hauckville, NC 19299-0885",+15534435012,antonetta@vonrueden-gusikowski.test,False,48710
49247,Rico Bins,"529 Randell Throughway, Oscarport, AR 16391",+14877433846,tonie.welch@huels.test,True,49247
47876,Eric Sauer,"Apt. 170 2326 Dean Branch, Kerryport, AL 55157-8582",+11402139686,harrison.johnston@huel.example,False,47876
49201,Daniel Dubuque,"Suite 809 9231 Walker Plain, Cronaborough, LA 55780",+18035406589,shenika_breitenberg@harris.example,False,49201
50233,Miss Lizette Weber,"Suite 228 632 Hyatt Common, East Carlieton, CO 27658-3411",+18962031275,tobie.jenkins@gibson-weimann.example,False,50233
50261,Cecil Aufderhar,"Suite 298 8534 Corwin Junctions, Parkershire, UT 52490",+17856345395,hanh_johnson@heathcote.test,False,50261
48968,Emmitt Dietrich,"5244 Welch Greens, Gavinfurt, CA 07855-2282",+14663190239,haywood@ohara.example,False,48968
47672,Idalia Durgan,"Apt. 164 69491 Bessie Rue, Mosciskiton, UT 48581-7874",+17177837398,doretta.macejkovic@schuster.test,False,47672
48314,Gustavo Lubowitz,"Apt. 987 713 Hudson Station, Geraldobury, SD 60424-2953",+16639284398,pei_goldner@nitzsche.test,False,48314
51009,Elayne Pfeffer,"967 Alfonzo Skyway, Lake Heathstad, NY 77800",+14272893227,grayce@spinka-wisozk.example,False,51009
49433,Lissa Bradtke,"Suite 870 9680 Rocco Brooks, New Rubin, NC 97192",+13809998279,louie@champlin.example,False,49433
48688,Shari Shields,"Suite 489 103 Hane Flats, Brakuschester, IA 54859",+17724008399,christian@batz.test,False,48688
48467,Esteban Corkery Jr.,"Suite 450 151 Keven Lights, Hilpertbury, MN 85583",+13388894431,roxanne@collins-green.example,True,48467
48252,Amb. Lakeisha Hansen,"Suite 712 85520 Bridgett Stream, Brittaneyville, ND 84246-1115",+11529155503,celena@schoen-runte.test,False,48252
50217,Maureen Klocko Ret.,"2748 Spinka Drive, Virginiamouth, CO 08511",+14231655895,richard_carter@dicki.example,True,50217
47999,Pamala Barrows,"957 Kathey Cape, Murrayview, ME 23512-4859",+16706288775,lance.abernathy@frami.example,False,47999
50908,Dominic Franecki Iii,"61062 Robbyn Way, Lake Garyport, AL 92023-2471",+12307179673,zelda@trantow-ondricka.example,False,50908
48892,Neal Pouros,"3784 Ellena Flats, West Lowell, TX 44765-2464",+15240962979,zenaida.white@schimmel.example,False,48892
47987,Msgr. Waylon Goodwin,"Apt. 159 7535 Margorie Port, Ziemanntown, ID 98090-5153",+12598987386,normand.gorczany@kuhlman.test,False,47987
50018,Earlene Sipes,"15799 Kutch Street, Thielshire, MD 26581",+17360972315,dustin@stamm.test,False,50018
50085,Shonna Bednar Md,"Suite 410 943 Schmeler Courts, West Theo, AL 56116-3894",+13394653275,kevin.douglas@lehner.test,False,50085
51106,Prof. Mack Keeling,"Suite 760 1071 Casie Mill, Reillyside, AK 71374-2538",+13873158239,melina_purdy@greenholt.example,False,51106
50056,Jesenia Kihn Md,"2003 Krajcik Landing, East Cary, CA 32082",+11919228648,dixie@mueller.test,False,50056
48232,Pres. Garland Olson,"6115 Kirby Squares, Streichhaven, CO 10808-1499",+13526334948,roosevelt@oberbrunner-kuhn.test,False,48232
48219,Ardith Wehner,"Apt. 239 43552 Schaden Mission, Joneton, NY 16811-9499",+15631264202,evon.glover@hane.test,False,48219
48459,Mr. Cedric Kunze,"Suite 761 4491 Rigoberto Lane, McLaughlinshire, ME 85605",+18439697015,gladys@bogan.example,False,48459
49262,Irmgard Little Iv,"Suite 335 2782 Mammie Overpass, West Nathanielville, NE 54210-3406",+15694094928,miles@lang-auer.test,False,49262
49325,Napoleon Gleichner Ii,"Suite 920 24124 Kristle Wall, Emmalineburgh, GA 54954",+14149748843,monnie@stracke.test,False,49325
49912,Rep. Shizuko Grant,"Suite 788 330 Don Gardens, Lenitahaven, OH 63213-4573",+16247095844,viola_franecki@raynor-koepp.example,False,49912
48517,Krystyna Borer,"333 Greenfelder Crescent, West Jefferson, NC 94144",+18511842369,mickie@rowe.test,False,48517
50580,Antoinette Langosh,"Suite 131 8402 Merri Terrace, Rogeliobury, NC 32533-3878",+19980328992,alfonzo.bradtke@murazik.test,False,50580
50168,Devona Swift,"Apt. 379 8450 Waldo Parks, Lake Lanniestad, NJ 25415",+12119824832,diamond@thiel-hessel.example,False,50168
49926,Mike Terry V,"3870 Casper Fort, Noemichester, FL 40228",+19149000387,palmira_cronin@mcclure.example,False,49926
48277,Latisha Ortiz Iii,"316 Nathanial Key, Kevenview, KY 25947-8966",+18461528421,mikel.okuneva@hauck.test,False,48277
47967,Hortensia Zboncak,"15734 Tremblay Plaza, Lucasberg, MN 93998-7140",+18541131775,devin@donnelly.example,False,47967
50991,Jerrold Gerlach,"Suite 561 1710 Lind Gateway, Port Cleo, NH 71987-4922",+13090952451,salvador.heaney@berge.example,False,50991
48319,The Hon. Meg Lesch,"946 Hodkiewicz Knolls, New Danelleton, NM 18870-9020",+19132400541,gil@cremin.example,False,48319
49346,Branden Collier,"64771 Clarita Squares, O'Connellhaven, WA 89557-9639",+12893666997,bobbie@connelly.example,True,49346
48641,Carola Langosh I,"Suite 969 936 Emerson Alley, Gretchenborough, FL 90453",+18149929674,kathryn@langosh.test,False,48641
50870,Wilson Beier,"3817 Darin Glen, East Phil, NV 22089-7739",+17109029869,marcene_prosacco@lakin-bradtke.test,False,50870
48050,Rickey Cronin,"Suite 106 68865 Hermiston Forest, Alyshaport, FL 17749",+19203034134,melvina.batz@hermiston-blanda.example,False,48050
48094,Gov. Marina Yost,"3719 Kirlin Fork, Ronniemouth, OH 39032",+11192552627,waylon_morar@collins-bergnaum.example,False,48094
48601,Cristy Kris,"795 Gordon Fall, South Gus, OR 29493",+19079504601,edris@little.example,False,48601
49056,Hayley Spinka,"Suite 493 3342 Hermiston Harbor, Metzfort, TN 48404",+17270965481,dolores_heidenreich@conroy-halvorson.test,False,49056
49904,Arvilla Harris Ii,"Apt. 339 6203 Mosciski Turnpike, Buckmouth, MS 12525",+17586860177,edgar.runolfsdottir@considine-lesch.example,False,49904
48372,Shawn Ritchie,"686 Mohr Mills, Jaytown, MI 69963",+18134537970,carlos@beer.test,False,48372
50502,Dede Kling,"Apt. 177 370 Elza Camp, Milfordhaven, MI 91351",+16924204733,shon_ruecker@ward.test,False,50502
47909,Amb. Fred Okuneva,"Suite 589 48300 Runolfsdottir Village, Yundtborough, IL 46948",+15346277323,huey_ruecker@barrows.example,False,47909
50412,Evan Dare,"Apt. 478 882 Lucas Loaf, Mosciskiport, AZ 49312",+11293489566,shavonda_spinka@schumm.test,False,50412
47858,Wilfredo O'Keefe,"5487 Ferdinand Plains, Tyrellland, SD 20989-5306",+16039643263,adam@glover.test,False,47858
48040,Karma Harber,"55593 Drusilla Heights, Cecilbury, MS 85546-9835",+19757779640,gonzalo@hills-kemmer.example,False,48040
50795,Sylvester Schoen,"1395 Lemke Ridges, Garrymouth, MD 84374",+14051373824,heath@king.example,False,50795
49300,Eusebio Stiedemann,"Apt. 425 2618 Julio Camp, New Sam, AL 55761",+11547404019,max@halvorson-pagac.example,False,49300
48865,Yan Senger,"83776 Noah Drive, East Johnton, PA 51158",+19236956139,quinn_nitzsche@block.example,False,48865
50237,Rolando Lowe,"387 Eduardo Summit, North Heidyside, CA 53793",+17734836184,vince_torp@runolfsson-champlin.example,False,50237
49544,Clay Bosco,"Apt. 544 3741 Swift Dam, South Geniechester, LA 52147-8517",+14347208818,tomas@hamill-beahan.example,False,49544
48577,Amb. Avery Considine,"Suite 545 26468 Lance Fords, East Nickolaschester, TX 35873",+13089070846,yolande@baumbach.example,True,48577
50384,Armanda Schroeder,"595 Ebert Station, Grahamburgh, OR 34496",+13238180090,toney@greenfelder.example,False,50384
50631,Jeanna Stokes,"Apt. 196 8738 Velda Burgs, East Marlenaburgh, AZ 11986-8143",+19967531011,jaquelyn@wuckert.test,False,50631
48409,Rev. Rob Bins,"Apt. 862 9769 Robel Cove, East Careyport, MD 67670-3010",+14076591153,jadwiga@haley.test,False,48409
50119,Beau Swaniawski,"Apt. 225 934 Franklin Islands, Stacyton, LA 36975",+17016187437,chung@welch.example,False,50119
50431,Adina Jacobi,"Apt. 870 5950 Kunde Throughway, New Alden, DE 85484-1567",+14888671385,ron_rice@runolfsson-simonis.example,True,50431
48122,Arnoldo Haley Ret.,"791 Hoppe Port, Raleighton, MA 50430-9264",+17455576008,deirdre.sipes@yundt.example,True,48122
50760,Mi Bailey,"Apt. 208 111 Hills Creek, Trompland, SC 44757-7101",+12575520650,gene.kreiger@abbott.test,False,50760
49449,Kristal Moore,"Apt. 960 109 Toy Estates, Port Nathanielmouth, NM 32424",+18543050851,tuan_bashirian@reynolds-schimmel.test,False,49449
49337,Msgr. Alma Emmerich,"Apt. 644 216 Schinner Club, Lake Kaseyport, TN 55074-6587",+17598707209,oswaldo@lueilwitz.test,False,49337
51084,Jolynn King,"41729 Feeney Burgs, West Gidget, CT 49192-8796",+11888428826,barrett@reynolds.test,False,51084
50231,Miss Manual Lesch,"Suite 820 79971 Lester Mills, Sengerland, WV 58992",+19947347510,christian.satterfield@shanahan.test,False,50231
48584,Phillip Champlin,"308 Skiles Ports, South Marget, AZ 57350-8647",+14795496785,julian@blanda.example,False,48584
49473,Tyrell Schmeler,"8058 VonRueden Loaf, Olinberg, FL 01667",+16989300953,barney@bernier-hand.test,False,49473
47753,Mrs. Rosana Boehm,"Apt. 822 86901 Pura Mountain, South Shizuemouth, IL 94433-4374",+15994866503,nga@emard.test,False,47753
47832,Spencer Davis,"Apt. 970 55807 Barrows Inlet, Rickborough, NV 15618-0186",+19611630872,alvin@nolan.example,False,47832
48449,Sen. Minh Ratke,"Apt. 864 7967 Halvorson View, South Micheal, TX 24235",+12673549371,malcom@gleason.test,False,48449
48679,Verna Romaguera,"4686 Fletcher Underpass, North Cucstad, PA 12861",+15418472991,hai.collier@corwin.test,False,48679
49080,Monte Dare,"4757 Breana Turnpike, South Sunni, CO 38083",+11213163246,lawerence.oberbrunner@keeling-herzog.example,False,49080
48537,Liza Feeney,"Suite 549 7930 O'Hara Shoal, Walshhaven, NC 61825-5309",+12221321103,kylie.ebert@bradtke.example,False,48537
47943,Noah Beier,"368 Mante Skyway, Mannside, MN 77909",+14973898585,donovan@schuppe.test,False,47943
48610,Jame Kunde,"48737 Tawny Underpass, New Rosalvaland, WI 11600",+19210676971,elsa_haley@auer.test,False,48610
49867,Walton Boyer,"3339 Pouros Oval, East Maurice, IA 90891",+11285303700,collin.dietrich@swaniawski.test,False,49867
50942,Amb. Rudolf Graham,"2346 Darrel Corners, New Nathanial, UT 78893-8257",+14190644852,kasey_nader@mcdermott.test,False,50942
49728,Wonda Bednar,"79660 Prohaska Streets, East Sharron, NJ 08250",+16258602021,domenic.leannon@schiller.example,False,49728
49488,Corey Runolfsson Cpa,"94476 Roger Crossroad, Lake Leon, LA 75857",+11461305038,verlie@johnston-schimmel.test,True,49488
47731,Michal Stroman Iii,"Suite 206 408 Celsa Mission, East Linette, DE 95876-5244",+15445514954,jamie@crooks.example,False,47731
48166,Lissette Herzog I,"5033 Bert Lodge, Carolview, MT 97859-5923",+17354302266,chas.marvin@hills-renner.example,False,48166
49205,Dr. Leigh Marvin,"Suite 925 6151 Agustin Trail, North Lottiehaven, UT 60979",+13308679979,jacques@reynolds.test,False,49205
47882,Amb. Ozzie Hauck,"Suite 685 2453 Raul Trace, Natashaburgh, IA 22598-8397",+17084657363,christiana.huel@jacobson-oberbrunner.example,False,47882
49477,Elton Wilkinson,"Suite 412 570 Cristobal Mission, Port Wilbert, AZ 25449-4092",+16436691043,garrett.bartell@schultz.test,False,49477
47941,Louie Walker,"Suite 641 95762 Medhurst Mountain, Considineshire, ID 49088",+15825700953,shayla_fay@reynolds-nolan.test,False,47941
48380,Lucien Collins,"6945 Alida Glen, Lake Kiethmouth, KS 87205-0412",+11309678429,sherill.willms@rowe-ruecker.test,True,48380
50033,The Hon. Nilsa Hilpert,"Apt. 331 73171 Jakubowski Squares, Kaitlyntown, AL 26823-8363",+12239401866,elvin@lang.example,False,50033
48970,Jaime Prohaska,"27251 Kuhlman Glen, North Madelyn, MA 38192",+16229901779,tanner@fisher.test,False,48970
49762,Margot Lindgren Md,"Suite 447 13192 Runolfsdottir Village, Murphychester, VT 44294",+18352985155,eusebio.schroeder@fadel.test,False,49762
50428,Dr. Ernest Breitenberg,"4953 Keith Square, Lake Shericeport, KS 18766-0982",+11061100892,merle@kub.test,False,50428
49575,Alexis Schinner Do,"8307 Jarrod Junction, Bergstrombury, AZ 45108-8048",+11248131389,hiram_zulauf@muller.example,False,49575
48367,Ms. Luciano Hills,"7124 Errol Loop, Robelbury, IN 15807-5202",+17441153119,thurman_bernhard@bradtke.example,False,48367
49923,Monet Kiehn,"Suite 739 1354 Sharika Garden, West Brockland, AK 42838",+16379909184,evelina.lebsack@russel.test,False,49923
48342,Barb Altenwerth Dc,"Suite 682 135 Mitsuko Valley, Sporerhaven, UT 24215",+19563560578,karma@von.example,False,48342
50593,Mckinley Schamberger,"4500 Schneider Isle, Andersonport, MN 83192",+17345322725,rick@wunsch.test,False,50593
50616,Issac Funk,"753 Luciano Key, West Pasqualeside, IN 98342-9677",+13535626596,darlena.hickle@bernhard.example,False,50616
48441,Deirdre Christiansen,"2115 Kareem Spring, East Luannebury, MA 25777-3530",+11520229965,lonny@walsh-macejkovic.example,False,48441
49255,Rep. Olin Jones,"30504 Noemi Ports, Lake Teodora, IL 36465-6172",+12961556665,bennie@runolfsson.test,False,49255
48880,Francene Stokes Lld,"Suite 994 48376 King Islands, Corinnefort, DE 31232",+19390284918,zulma@kutch-donnelly.example,True,48880
48766,Ivana Satterfield V,"755 Tran Manors, Jacelynfort, SC 16835-7971",+14894292925,melani@huels.test,False,48766
51051,Kimberely Borer Dds,"Suite 989 7524 Alejandra Neck, Franeckifort, IL 99350",+15071568946,ivy@hickle-mclaughlin.test,False,51051
48686,Chet O'Conner,"24205 Ledner Glen, Lorenaland, NJ 53567",+12857325982,evita@rempel.example,True,48686
49673,Emerson Bosco,"93252 Erwin Points, Vandervortbury, ME 39248-8835",+15557738623,leigha.breitenberg@powlowski.example,False,49673
48847,Dillon Feil Sr.,"Apt. 699 4559 Champlin Vista, Nolanmouth, HI 95377-0549",+15399189262,sibyl_cremin@abshire.test,False,48847
48133,Erline Frami,"Suite 945 16813 Emmerich Coves, Lake Edgar, NV 50064",+14666054147,alfred.bradtke@turcotte.example,False,48133
47806,Edda Gutmann,"Apt. 600 97571 Jeffrey Canyon, South Nickolas, WY 44702-8976",+14976162979,karoline.greenfelder@wunsch.example,False,47806
49773,Leo Kovacek,"1850 Louis Points, Treasaborough, AL 96983",+18086519717,kenneth@boehm-mosciski.example,False,49773
50491,Pres. Von Dickens,"466 Rau Gateway, North Mickieland, NY 36939",+17937120847,felton@kuphal.example,False,50491
50989,Hong Stracke Md,"2859 Gleason Cliffs, North Eugeniomouth, ID 62801-4791",+12641593703,shelby_cronin@reinger-dibbert.test,False,50989
50900,Dillon Kulas,"Suite 211 41148 Nikia Gateway, Zemlaktown, NM 77050",+12731809115,darin.watsica@kreiger.test,False,50900
48233,Karrie Ritchie Esq.,"9649 Rolf View, South Norman, NH 69238-0106",+15990959228,rosemary_kerluke@kihn.test,True,48233
48573,Krysta Gleichner,"91051 Johnsie Village, Oberbrunnerfort, WA 38801",+15658250978,will.tromp@bradtke-mayer.test,False,48573
50921,Jae Beier,"Apt. 376 78250 Ulysses Inlet, Lake Unbury, MI 01680",+12451003286,tori@oconner.example,False,50921
48022,Rev. Malcom Toy,"126 Ed Summit, West Lucindaborough, WV 65751",+16139352348,kieth.kovacek@lindgren.test,True,48022
49825,Mr. Vito Muller,"5440 Rodriguez Loaf, New Robena, LA 84772",+16988853148,jammie@schumm.example,False,49825
49248,Deonna Blick,"27634 Schumm Corner, North Randal, NC 62691-0698",+14682241545,cortez@wuckert.example,False,49248
48231,Buddy Simonis Dvm,"491 Pacocha Route, West Buffy, MD 78060",+13683403898,chad_cassin@gusikowski.test,False,48231
50194,Carmine Paucek,"Suite 440 27043 Jesse Ways, Huelsberg, OH 04732",+14028826035,mae@harvey.example,False,50194
48720,Piper Reichert,"Apt. 568 4065 Adrian Coves, North Ronald, WV 02917",+14572216304,chas_yundt@walker-kunze.example,False,48720
48857,Millard Johns,"6105 Rohan Circle, Port Andres, RI 08109-0508",+13618724123,deloris@jast-trantow.example,False,48857
50889,Zachary Dooley,"Suite 745 6143 Roy Flat, Port Cherry, KY 98879-1364",+12399840687,emma.lubowitz@blick.example,False,50889
48851,Elanor Block Sr.,"Apt. 703 71670 Mauro Springs, Port Sherwood, VT 21865-4301",+13840257682,shondra_kshlerin@johns.example,False,48851
50498,Elinor Streich Dvm,"Suite 521 63396 Sauer Villages, East Shannon, OH 67554-2579",+14746540569,carman@bartoletti.example,False,50498
47893,Prof. Buck Bogan,"792 Dion Hollow, North Ruthe, MS 65944",+12196930384,elias@larkin-abshire.example,False,47893
50341,Pat Zulauf Vm,"Suite 289 941 Flatley Ferry, Lake Portershire, CT 64135",+17375146835,cordie@wintheiser-schiller.example,False,50341
48803,Miss Elmer Leannon,"16271 Albert Trace, West Ailene, SC 13131-9140",+14092324682,wilson@lang.test,False,48803
48373,Charisse Hyatt,"22732 Agatha Expressway, Denysebury, KY 79821",+13732905921,nadia_vonrueden@waelchi.example,False,48373
50094,Chet Champlin,"Suite 811 7933 Chrissy Plains, Port Theodore, IL 81670-3117",+13801594802,delmer_kshlerin@mraz.test,False,50094
49863,Drew Fahey,"4534 Jeremy Unions, Hermanshire, OK 49034-9042",+14039866900,zackary@ondricka-hammes.example,False,49863
49092,Arturo Mitchell,"4206 Abernathy Flat, Glenmouth, OK 89470",+12401648206,charisse@upton.test,False,49092
50824,Lajuana Veum,"63472 Zelma Throughway, Mosciskiborough, NM 29466",+18405717135,amie_schuster@barton.example,False,50824
48889,Francesco Buckridge,"113 Hessel Rest, Port Colintown, IN 11073-4758",+12699125189,sidney@upton.test,True,48889
51121,Aisha Barrows,"577 Jordan Rue, Port Sebastianstad, ME 42638-1871",+14557384611,ronny@skiles-kerluke.example,False,51121
48832,Leonardo Boehm Iv,"Apt. 355 3790 Graham Burgs, North Cedricmouth, CA 83909-7628",+11925017866,luci@brown.example,False,48832
49305,Pres. Leann Wunsch,"Apt. 389 7893 Charlesetta Ferry, North Jorge, IN 79163",+13711269224,jim@barrows.test,False,49305
48525,Vincenzo Mills,"81726 Marsha Tunnel, South Shanelland, ME 72763",+13041450880,cornell@windler.example,True,48525
51107,Dong Lemke,"Apt. 138 655 Grady Keys, Port Louannefurt, NV 07957-6827",+13378690606,rolland_erdman@stiedemann-mclaughlin.test,False,51107
48315,Caroyln Rempel Cpa,"Suite 254 4938 Suzi Mountains, East Clarita, AZ 94847-2479",+13271218789,jeremy.larkin@nienow.test,False,48315
48305,Nova Kris Phd,"2065 Robert Highway, Cormiershire, MD 79490",+17128310525,kiesha@murazik-dietrich.test,False,48305
50839,Rev. Kevin Barrows,"Apt. 918 4317 Prohaska Passage, Reingerhaven, DE 53306",+18350451878,antonio@fay.test,False,50839
48439,Thad Baumbach,"2370 Brakus Burgs, Gottliebville, OH 09125",+11189710424,consuelo@hills-daugherty.test,False,48439
49063,Erasmo Armstrong Dvm,"288 Roob Shores, Dylanbury, AL 98615-6296",+15874931883,dillon@heathcote-nienow.test,False,49063
47846,Richard Effertz Dvm,"5198 Spinka Overpass, Labadieside, CO 59428-9123",+17724095919,pauline_hartmann@jones.example,False,47846
49693,Thurman Stark,"97464 Wehner Shoals, Jerrieview, GA 49107-9002",+11636520220,carolin@jast.example,False,49693
49945,Sherman Bernier,"Apt. 148 91762 Schiller Harbors, South Diedrabury, IN 73212-0718",+18855643395,louanne@orn.test,False,49945
49072,Rasheeda Dooley,"Apt. 597 76695 McClure Well, Nitzscheburgh, AR 09667-1508",+15496356772,deedee@harris.test,False,49072
50584,Darrin Kautzer Do,"Apt. 492 51959 Michiko Row, Barrettfurt, CA 40658-5318",+12146398557,claudio.cronin@ward-damore.test,False,50584
49579,Johnson Koss,"146 Bartoletti Ford, East Alvarohaven, WA 64997",+14853977568,kimiko@gutkowski.test,False,49579
48335,Davis Bogan,"874 Rodriguez Junction, Schmidtland, NV 07056",+12477554151,daryl.hartmann@heathcote-reinger.test,False,48335
48697,Vinnie Smitham,"Apt. 134 76809 Theron Vista, Lake Ethanmouth, TX 03459-1796",+19972325614,magda@luettgen.test,False,48697
49984,Harvey Schneider,"Apt. 835 45421 Quitzon Groves, New Americamouth, TN 14199-5514",+16852522151,randolph@dibbert.test,False,49984
49246,Marion O'Keefe Jd,"449 Doug Cliff, Pierreberg, NE 55684",+17846925355,ned@gusikowski.example,False,49246
48734,Shirleen Hudson,"8607 Raphael Mountains, North Jeremiahview, LA 85716",+13791067831,claris@johns.example,False,48734
50783,Prof. Shayne Hane,"9311 Deanne Streets, West Travis, WY 52432",+14969049509,ira_oconner@hills.test,False,50783
50362,Kory Carroll,"Suite 836 359 Myrta Prairie, Anthonyland, NH 56972",+11374705082,gertrud.beahan@bartell.example,False,50362
49641,Lakendra Mertz Phd,"Suite 583 953 Asuncion Lane, Kristelchester, WA 74723-5955",+13621310039,gricelda@will-dickens.example,False,49641
50592,Olivia Paucek Do,"81793 Jacobs Bridge, Parisianburgh, ME 53158",+14097915965,maragaret@smith.example,False,50592
50167,Gov. Annemarie Breitenberg,"Apt. 811 290 Botsford Valleys, Pagacton, NV 70068",+18475990081,erasmo_hayes@mann-spencer.example,False,50167
50335,Nancee Casper,"44720 Vernice Row, Mandytown, MO 30155-6318",+11236981859,bong_macgyver@langosh.example,False,50335
47794,Amb. Henrietta Beahan,"4035 Dennis Cliffs, South Odis, ME 35440",+16562871948,chung@hintz-fisher.example,False,47794
49521,Adan Murphy,"Apt. 260 18952 Kuvalis Spur, Lake Emmanuel, VT 51979",+19189533321,lenny_nader@purdy.test,False,49521
51116,Holley Bernhard,"Apt. 221 64230 Beahan Turnpike, Trudiport, KS 02182",+14016388049,ruben.corkery@lowe.test,False,51116
50788,Jackeline Christiansen,"Apt. 703 941 Kiehn Road, Kreigerfurt, OK 43743-6121",+12625017380,marilynn_ratke@crist.test,False,50788
48020,Lee Donnelly,"619 Alexis Cliff, South Lavon, TN 31857",+16282698867,odell@mccullough.test,False,48020
49368,Jerry Hansen Do,"614 Grant Locks, Celsamouth, SD 59005-7637",+16736465875,graig_wiza@greenholt.example,False,49368
51109,Ms. Leonia Roob,"1329 O'Connell Islands, Port Dennisstad, IL 83620-9778",+13034576581,dick@pfeffer.test,False,51109
48902,Pandora Zemlak,"63003 Goyette Glens, Carrollmouth, SC 35772",+16156317436,marg@dare.example,False,48902
47689,Miss Magnolia Morissette,"Suite 761 373 Ervin Parkways, East Merlenefurt, CT 49884-4978",+16612036760,tyrone_tromp@brakus.example,False,47689
49857,Liz Stroman,"9760 Bergstrom Underpass, East Floyd, OR 51871",+14426789542,breann.marvin@streich-gerlach.example,False,49857
50532,Kia Doyle,"8905 Rowe Run, North Felix, KS 72753-5521",+14018670271,lamar@armstrong.test,False,50532
48368,Carl Feil Ii,"Apt. 317 8832 Rasheeda Lane, West Cassaundrahaven, NJ 13136",+16203536253,carmelia@purdy.test,False,48368
49593,Adrian Watsica,"575 Terry Avenue, Cassinchester, ME 03402",+17653044530,leopoldo@wisoky-bosco.example,False,49593
50046,Sebastian Daniel Dc,"287 Shana Brook, Garretfurt, AK 45940",+17043763965,zenobia.cruickshank@denesik-bogisich.test,False,50046
49439,Vania Swift,"60226 Joycelyn Forest, Rebecaborough, CO 50858",+19511111324,joe@dare.test,False,49439
49739,Ezra Schumm,"Apt. 149 898 Allegra Knoll, South Christin, CO 29798-3695",+18034332114,brigette@thompson-hayes.example,False,49739
48754,Andre Bruen,"4778 Littel Garden, Kesslerborough, ND 16009",+17317638189,lyndon_hessel@leannon.test,False,48754
47958,Pres. Pedro Becker,"Suite 296 63774 Wilkinson Station, North Bernardabury, IL 28781",+13512732425,jarvis.spinka@upton-crona.example,False,47958
51104,Fermin Hane,"917 Flatley Inlet, South Mamieborough, KS 02515",+18530858964,kendall.jakubowski@treutel-rolfson.example,False,51104
51024,Carma Brekke,"318 Goyette Center, New Kaitlinfort, WY 97237",+14930841438,azucena@zieme-dietrich.example,False,51024
49700,Mayola Steuber I,"78158 Armstrong Estate, Lake Edmundo, DE 49863-4533",+17812211566,ezra.thompson@pouros.example,False,49700
51062,The Hon. Jocelyn Hartmann,"95773 Cummerata Loop, West Ronnie, WI 72936",+18060269688,amee.balistreri@rutherford.test,False,51062
47959,Samantha Cassin,"Apt. 613 294 Witting Lodge, Farrelltown, VA 18213-4285",+13732089585,diann@mraz.example,False,47959
50746,Rubie Turcotte,"Suite 216 86797 Carter Squares, Dickensfort, PA 93976-4422",+19542034059,shala.bruen@block.test,True,50746
50317,Tuan Greenholt,"25487 Bergstrom Shores, East Walterberg, ME 32679",+12312752533,collette@stamm.example,False,50317
49437,Sen. Alberto Wintheiser,"3797 Leuschke Mountains, Port Sherlynfurt, NM 00789",+15336608563,edward@balistreri-spinka.test,False,49437
49968,Delilah Brekke,"42003 Friesen Camp, Hellershire, CA 35095",+18101716158,tajuana@waters.example,False,49968
49660,Jeanetta O'Connell,"Suite 653 31020 Parisian Estates, South Solomonhaven, CO 81515",+12389845054,phil@orn-wuckert.test,True,49660
49364,Cletus Schaden Lld,"Suite 304 421 Hintz Coves, Port Tanya, CT 06497-5369",+12368106498,sherrie@murazik.example,True,49364
49827,Ramonita Quigley,"Apt. 404 447 Antonietta Trail, Port Cordeliamouth, MD 63083-9994",+12076588462,thao.cormier@schultz-vandervort.test,False,49827
48542,Mr. Tangela Schumm,"57232 Roderick Trace, West Lajuanaville, ID 31418",+16831404584,lacy.vonrueden@haag.example,False,48542
49651,Karey Fritsch,"Apt. 986 643 Herman Islands, Altenwerthfurt, PA 71122-7837",+12371123374,lanny.wehner@bailey.test,False,49651
50154,Antony Barton Dvm,"Suite 190 573 Torphy Circle, West Jasonview, NC 81201-0931",+15156081267,sam.jacobson@crooks.example,False,50154
48149,Shenika Beahan,"31175 DuBuque Squares, North Masako, AK 41564",+12614873131,ula_boyle@collier-hermiston.example,False,48149
49138,Velvet Macejkovic,"Suite 557 2226 Matilde Trace, West Lai, WA 45301-0736",+13437616677,mario@cartwright.test,False,49138
49738,Fr. Fidel Lind,"Apt. 724 62560 Chadwick Mission, Wilsontown, TX 14363-9222",+18862233690,stepanie.reynolds@kutch-lang.example,False,49738
48907,Spring Konopelski,"Suite 729 58884 Evon Squares, Grahamland, UT 85706-9762",+14230878318,harland.wisoky@mann.example,False,48907
51115,Fawn Mohr,"Apt. 149 883 White Extensions, Champlinland, KY 33631-7589",+18612618223,darrin@jacobi.example,False,51115
49077,Eleonor Cronin,"Suite 924 671 Tremblay Junctions, Wisozkborough, SD 15932",+13949249140,devorah@gutkowski.test,False,49077
50519,Raul Hessel,"Suite 539 7340 Gail Grove, New Rustyton, TX 54814",+16821624026,lorri@greenfelder.example,False,50519
47939,Fr. Ignacio Crona,"Suite 945 7843 Schuster Spring, West Berryport, WA 01863-5207",+19522586596,nicki_green@bogisich-herman.example,False,47939
47983,Gerry Graham,"82659 Guy Causeway, Schillermouth, MN 27151",+15627566954,garret@powlowski.example,False,47983
47926,Isaias Moore Cpa,"Apt. 859 942 Sawayn Hollow, West Junior, CA 41882",+14892186940,zachariah_kerluke@rogahn.example,False,47926
50919,Francisco Hagenes,"64305 Sarai Manor, Port Jetta, WY 46097",+17545683878,estell@nolan-graham.test,True,50919
48330,Mr. Jonathan Hand,"181 Willard Stream, West Omar, MA 21719",+16924961512,nicolle.connelly@osinski.example,False,48330
50338,Prof. Diann Ritchie,"Apt. 980 68888 Alfred Mountain, Grahamfurt, NE 36779",+13670900119,arletta@stamm.example,False,50338
48774,Ms. Ned Mcglynn,"Suite 971 35915 Bins Springs, Sanfordfurt, VA 50438",+17578293117,alfonzo.lakin@gottlieb.test,False,48774
47803,Mitchell Herman,"Apt. 692 60968 Heriberto Harbor, North Shanae, KS 23344-9937",+17073617900,deedra.schuppe@lind.test,False,47803
49795,Pres. Ines Bruen,"Suite 648 22742 Gary Cliff, Baileybury, ME 26271-5894",+18703383518,gertha@zulauf-pacocha.test,False,49795
49698,Jonathon Treutel,"Apt. 208 9593 Greenholt Radial, New Yolondatown, MO 88436-8932",+15670832159,carey_johnston@rowe-kling.example,False,49698
49113,Haywood Hayes,"Apt. 914 8262 Jamar Lodge, Tomasborough, MI 35346-7235",+13789731923,krystin_ferry@hammes-erdman.test,False,49113
50765,Delta Von,"33044 Opal Crossroad, Port Cleoview, DE 17446",+15134167372,sandee.kutch@kreiger.test,False,50765
50778,Reanna Hoppe,"4636 Hintz Valleys, Asleymouth, TX 41419",+14562801459,dannie@heathcote.example,False,50778
48428,Raven Osinski,"Suite 714 4761 Prohaska Vista, Colemanchester, NY 56399",+14343116156,joe_emard@fay-bednar.test,False,48428
49431,Ali Zieme,"43864 Jeramy Plains, South Anthonyburgh, CT 17313-4753",+16980732867,zetta@welch.example,False,49431
48606,Opal Abbott,"Apt. 514 900 Stiedemann Land, Alyshamouth, PA 42279",+11355895297,marion@hintz.example,False,48606
48289,Windy Hills,"Apt. 720 6380 Cummerata Landing, Dotland, CT 89568",+18709716303,lavon@tremblay.example,False,48289
48938,Mistie Volkman Phd,"8682 Littel Field, Greenborough, MT 70263-7414",+16972690700,nigel.zboncak@collins.test,False,48938
51091,Randy Lynch,"Apt. 599 853 Renita Skyway, South Dominic, CO 88607",+19020184964,rufus_hammes@schaefer-oconnell.example,False,51091
47798,Dr. Lawerence Hermann,"1745 Murazik Inlet, Keelingchester, AK 85956",+16185506730,ghislaine_hegmann@swift.test,False,47798
48931,Connie Mitchell,"1755 Bins Islands, Erichmouth, SC 26748-6345",+16264920622,wade_mckenzie@zieme-kilback.test,True,48931
51081,Myles Hayes,"14747 Corkery Views, East Ali, MN 48571-1070",+16609229690,shelba@koch-bahringer.test,False,51081
47952,Rod Altenwerth,"53980 Irmgard Parkway, Caitlinfort, PA 11241",+18221027980,caren@cronin.test,False,47952
49235,Kenny Bruen,"Suite 528 3787 Wisoky Harbor, Pamulamouth, GA 47557-2710",+17549592718,opal@koss.test,False,49235
49688,Solange Roob,"940 Katharina Green, South Terrytown, ME 15666-3366",+14400449544,agueda@gislason.test,False,49688
49666,Amb. Danae Boyle,"4961 Jamey Street, Lake Robbie, DE 66363",+18594748936,pierre@kuhn.example,False,49666
48759,Israel Simonis,"Suite 646 79746 Leroy Flat, Port Paulette, WA 62767",+11340169450,leanora@reilly-marquardt.test,False,48759
50422,Rev. Fredrick Wisoky,"Apt. 994 752 Bernarda Stream, Port Michaelmouth, DE 61614",+19721089323,valery.green@vonrueden.example,False,50422
49546,Winford Corkery,"261 Jamel Hills, Lake Reina, UT 88015",+14035429996,sunshine_little@schiller-pollich.example,True,49546
48981,Latina Botsford Iii,"Apt. 322 271 Buffy Tunnel, Schummville, SD 63853-5655",+17432354230,nila@kuhic.example,False,48981
48735,Chang Heidenreich,"902 Nitzsche Grove, Fideliaside, NV 11368",+19806244541,blair_ernser@turcotte.example,False,48735
50130,Coralie Sanford,"Suite 335 74290 Beer Oval, East Juliannamouth, LA 32638",+19507870549,kaylene.lueilwitz@mraz.test,True,50130
48505,Ward Kemmer,"5309 O'Conner Causeway, Port Rick, CO 67830-4107",+14618544280,ema.wuckert@sanford.example,False,48505
49347,Hyon Lesch,"Suite 220 77811 Davis Plaza, Port Lisaport, IL 97878",+18618591701,steven.satterfield@harvey.test,False,49347
48615,Stacy Feil,"2301 Sharda Springs, Klingmouth, OH 78683-3056",+17130931617,gerard@ritchie-ohara.test,False,48615
50594,Cristi Mueller Iii,"963 Metz Fords, Luisville, CO 67918-4232",+11844098919,hyman@howell-lehner.test,False,50594
48120,Quinton Schinner,"370 Lind Extension, Boscomouth, MT 74876",+16297631403,inez_greenfelder@wehner.example,False,48120
50340,Inocencia Runte I,"5502 Flora Plain, Breitenbergmouth, AR 20176",+18332061821,lili@kuphal-roberts.test,False,50340
48861,Jaime Maggio,"Suite 809 6479 McClure Forges, Eugeneburgh, IA 76155",+15140563881,paige@morar.test,False,48861
49571,Carman Jast,"Apt. 123 75332 Lockman Mountain, West Mozelle, NJ 37560",+18768082111,otha.wolf@langosh-hagenes.test,False,49571
49665,Teresia Herman,"Suite 422 80432 Gleason Fork, Lienhaven, TX 55509-0182",+18596334783,charlie@rau.test,False,49665
48165,Jackie Grant,"5734 Shari Mission, Vincenzomouth, NV 85088",+14855993523,eugene_hilpert@ebert-walker.test,False,48165
49025,Anderson Johnston,"Apt. 831 58914 Coleen Courts, West Logan, ND 66978",+13092862728,gema@crooks-harris.example,False,49025
48417,Dr. Hubert Flatley,"Suite 509 1001 Tillie Island, Josphinetown, MD 99011-2033",+18830474613,brett@crona.test,False,48417
47881,Nada Schumm Dc,"8388 Isaiah Roads, South Simonfort, SD 98463-5071",+18541701788,winfred@jaskolski.test,False,47881
49928,Candie Fisher Ret.,"Suite 245 443 Jamaal Course, New Randallchester, MA 25479",+15972824093,alejandro@doyle.test,True,49928
50656,Israel Cummings,"Apt. 982 554 Zada Radial, North Lizzette, PA 32581",+14909299228,dewitt.kuvalis@jerde.test,False,50656
49771,Jed Strosin,"747 Carmine Plaza, East Lucius, TN 42216-4562",+19843804909,raul@kiehn.test,False,49771
48034,Isreal Witting Iv,"96829 Hackett Avenue, Naderview, MA 51525",+17752936289,velma@gerhold.test,False,48034
48967,Marian Bednar,"Suite 709 39936 Jerry Manor, Howeton, NY 23782-0223",+13177325047,donnie_runolfsson@mcclure.example,False,48967
49031,Sen. Alan Koepp,"2125 King Shoals, Lake Eusebiastad, AR 49139-0542",+15778099166,clayton_huel@sanford-lueilwitz.example,False,49031
50905,Laureen Mcglynn,"93548 Kerstin Parkways, Port Raleigh, OR 97671-9455",+11912022684,julian@towne.test,False,50905
49382,Treena Hills,"Apt. 584 629 Fisher Junctions, New Jakeburgh, MT 11348",+17557168140,nathaniel.mccullough@gislason.example,False,49382
50539,Britt Hansen,"Suite 711 8136 Carey Lakes, Morarshire, NC 99688",+13154049768,keila@greenfelder.example,False,50539
48828,Lucius Toy Sr.,"Apt. 708 349 Dean Crescent, East Jayna, NM 57473",+12962482192,winnie.beer@ritchie-daugherty.test,False,48828
50250,Rev. Seth Ritchie,"Suite 789 554 Gutmann Stravenue, New Hyunport, NJ 01071-3303",+14180652863,glendora_spinka@kerluke-collins.test,False,50250
49177,Mr. Roselyn Miller,"908 Lamar Underpass, East Geraldshire, CO 79519-3281",+16666298313,claude.ernser@parker-labadie.example,False,49177
48263,Estela Beahan Iii,"519 McClure Skyway, South Ottoview, DE 41110",+18850948339,julieann.doyle@vandervort-douglas.test,False,48263
48146,Ronnie Abshire Lld,"Suite 229 8016 Clifton Mission, East Ianburgh, OR 94196-5070",+17615139765,rosette_haley@mann-langosh.test,True,48146
47956,Johnny Bruen,"8678 Sporer Island, Stantonside, GA 61834",+13048894361,clair_watsica@nienow.test,False,47956
49386,Pres. Fe Ryan,"Suite 369 38426 Felix Wall, Conroytown, SC 45735",+15774913740,darius.fay@smith-kshlerin.test,False,49386
49640,Mr. Hassie Bailey,"3389 Fisher Road, North Jesse, MN 15057-9643",+15381699474,tristan@pagac.test,False,49640
48041,Foster Bergstrom,"Apt. 838 63990 Shayne Spur, Howeside, NE 34924",+18604253350,deanne@quigley.test,False,48041
48777,Andre Swift,"9354 McGlynn Common, West William, TN 85198",+11512820140,vaughn@schamberger.example,False,48777
50938,Jared Abbott,"Apt. 861 855 Trey Port, North Carla, AL 24536-3577",+14849627143,conrad@maggio-beer.test,False,50938
50134,Msgr. Micheline Kautzer,"535 Hartmann Islands, New Luigi, IL 53823-8924",+11035912200,florentino.turcotte@sauer.test,False,50134
48795,Lorrie Morissette,"28788 Blick Union, Lowellburgh, GA 28055-4632",+12428525032,lang.strosin@predovic.test,False,48795
49007,Fr. Sara Mckenzie,"4265 Antwan Light, North Michale, OR 68924",+13029482908,kathern@donnelly.test,False,49007
48812,Demetrius Carroll,"Suite 270 96583 Dietrich Rapid, Lake Felix, OK 67560",+11019726068,colleen_trantow@johns-streich.test,False,48812
50565,Ji Dooley,"22610 Mildred Green, Pagacbury, AZ 19393-2103",+17789266707,byron@johnston.test,False,50565
49832,Ward Rowe,"Suite 756 9777 Chana Lock, Sorayaport, CO 25622",+18558311479,forest@sporer.test,False,49832
49584,Janett Goodwin,"Suite 860 598 Satterfield Spring, Farrahview, AL 75357",+15575099739,ruth@abernathy.test,False,49584
48904,Lera Towne V,"Suite 664 4122 Marvin Pass, Agnusland, LA 80451",+18645889893,everette@lind-shanahan.example,False,48904
48620,Merrilee Wolf Iv,"458 Raphael Ramp, Chesterstad, TX 56349",+11555134327,karl_homenick@lang-strosin.example,False,48620
50731,Jerrod Schuppe,"271 Boyer Burg, East Jerold, KS 03067-6702",+18679711466,chloe.rolfson@dickens.example,False,50731
50669,Gearldine Murphy,"Apt. 189 7396 Vaughn Centers, West Lupetown, MD 57229-4661",+14407255171,burton_hahn@nolan-bernhard.example,False,50669
49414,Raul Aufderhar Dds,"Apt. 434 86586 Luettgen Springs, South Demarcus, MA 77781-3110",+12924189724,robert@wilderman.example,False,49414
49478,Christoper Rempel,"Apt. 472 33062 Lewis Mills, South Franklyn, KS 85268",+12855624807,oren.block@parisian-jakubowski.example,False,49478
50973,Edwina Langworth,"609 Solomon Track, Schadenview, KY 52227-0275",+17998165321,karleen@greenfelder.test,False,50973
50345,Evangeline Hills,"Apt. 762 163 Oralia Extension, Keelytown, OR 16000",+19478298200,ping.williamson@heaney.example,False,50345
47748,Thanh Bogisich Jd,"620 Gigi Keys, East Oswaldohaven, PA 73781",+17742112951,tristan@wisozk-monahan.example,False,47748
49456,Ms. Porfirio Mraz,"31550 Joette Plaza, Thomasview, NJ 87880-4298",+18766152573,nery@hickle.test,False,49456
49454,Ellis Borer,"974 Pollich Union, Hamillland, LA 75549-4884",+18082800478,chandra@daniel.example,False,49454
49987,Dominica Watsica Esq.,"Suite 249 423 Lebsack Bridge, Port Harmony, NY 72159-7254",+19626486462,vena@kuphal.example,True,49987
50625,Dr. Lauren Mcdermott,"Suite 753 37034 Kreiger Turnpike, North Nadenefort, MN 93111-7234",+17153828966,eloise@bernhard-fritsch.test,False,50625
50006,Trudy Walter,"Suite 455 71852 Beier Extensions, Port Jessenia, MA 72558",+19407878312,eliseo@nicolas.example,False,50006
50199,Xavier Boyle,"Suite 381 25814 Tromp Causeway, Gerholdfurt, NC 31875-8607",+17927429262,milford@smitham.test,False,50199
47938,Ashlie Wintheiser,"Apt. 632 25563 Herb Street, East Linnie, GA 04626",+17541907016,alfredo.dooley@torp.example,False,47938
50236,Pedro Hand Do,"22744 Harriett Row, Jamarland, ID 23245",+13256973987,sid_carter@nolan.test,False,50236
49279,Heriberto Dicki,"Suite 456 6768 Luciano Station, North Asuncion, PA 19555",+18541360586,brandon_brekke@kirlin.test,False,49279
50363,Brian D'Amore,"Apt. 707 38729 Booker Crossing, Cummeratachester, WI 37009-0120",+16018974868,lavern_howe@williamson.test,False,50363
50129,Berneice O'Hara,"Suite 849 997 Stamm Crossing, West Raymondetown, VT 95581",+14363197057,cyrus.mckenzie@mueller-rath.example,False,50129
48998,Yuonne Gislason V,"Suite 644 96278 Elbert Centers, New Jamar, UT 37443",+15964612061,cruz@reichel-koss.example,False,48998
48925,Pres. Warner Senger,"57608 Alta Junction, New Desirae, MT 30089-3964",+11004111154,alyse@kertzmann-volkman.example,False,48925
47736,Evelina Kemmer,"59837 Reinger Rapid, New Abramview, GA 00526",+13550796538,eleanor_christiansen@auer.test,False,47736
49800,Myrtis Jacobson,"96372 Serafina Points, Baumbachfort, NY 93113",+19712220589,timothy.heaney@abbott.test,True,49800
49042,Dr. Carmen Mertz,"933 Debra Park, Lake Omegaborough, OR 74989-2928",+19723945680,chong_willms@kub.test,False,49042
48109,Mrs. Albertina Witting,"Apt. 783 9845 Annita Pike, Beerhaven, HI 70833-9587",+19487338718,marlon@bartoletti.example,False,48109
50005,Lavona Bahringer,"2309 Ismael Stravenue, New Jacob, MS 70373-4201",+18738789435,meridith@kautzer.test,False,50005
51040,Joe Frami Esq.,"Suite 897 567 Schamberger Trail, West Martyborough, WA 43957-3262",+18931809938,louetta@gerhold.example,True,51040
48680,Theodora Johnson,"7080 Britt Inlet, New Laurence, HI 63992",+12805818954,meghan@emard-kirlin.test,False,48680
47764,Nicholas Satterfield,"Suite 965 684 Hipolito Well, Port Josestad, NE 38302-0098",+11097657087,zenia_bartoletti@becker.example,False,47764
48869,Grover Shields,"759 Purdy Throughway, Powlowskiview, NV 18066-2931",+19567227883,donny@herzog-kassulke.example,False,48869
49224,Brian Goodwin Esq.,"64516 Lashay Flat, Linwoodtown, UT 11594-9090",+12467234913,dane_hagenes@langworth.example,True,49224
50417,Riley Schimmel,"Apt. 737 411 Nienow Locks, Davidberg, LA 88645-3652",+13710605805,azzie@kautzer.test,False,50417
49126,Erik Beatty Do,"Apt. 279 11124 Ruben Harbor, Schmelerburgh, VT 07557",+14595246828,marianne@sauer-mraz.test,False,49126
49769,Taunya Rolfson,"6065 Bergstrom Brook, New Shayne, DE 20715",+13086868156,carmen@schiller.test,False,49769
50733,The Hon. Hiram Rath,"56877 Lloyd Wall, North Georgannmouth, AZ 30420-5285",+17358264013,sheila.balistreri@turcotte.example,False,50733
49331,Blaine Lowe Dc,"1236 Clay Stravenue, Reyport, GA 38990",+16519352136,shelli.reynolds@maggio-wuckert.example,False,49331
50650,Pres. Jules King,"Apt. 587 305 Anastasia Square, Huongfurt, AL 13999-0839",+16178228603,danny@hammes.example,False,50650
48150,Adolfo Cartwright,"Apt. 250 8090 Jerde Parkways, Todfort, NM 30595-0471",+13417407890,cyrstal@kling-langosh.example,False,48150
51000,Rhonda Feest,"8130 Stella Viaduct, New Porfirio, SD 99486",+14063582681,ashanti.doyle@lehner.example,False,51000
48199,Louis Schamberger,"Suite 685 4449 Gerhold Corners, Hahnview, WI 74440",+19712367153,stephan.braun@cruickshank.example,False,48199
48135,Santos Konopelski,"85179 Rosenbaum Parkways, East Kirstinview, RI 99551-0673",+15726267011,sau_balistreri@gerlach.example,False,48135
49411,Jon Kub,"7558 Madelyn Mountain, Federicomouth, ME 07518-4573",+12040207996,wai@mckenzie.example,False,49411
49209,Tyree Halvorson,"Suite 982 762 Anita Locks, North Mariano, MS 88328",+14828813977,maryetta@upton-denesik.example,False,49209
50557,Bo Zieme,"75099 Cherilyn Orchard, Kingmouth, MD 48539-3412",+17414241796,delicia_torp@bosco.test,False,50557
50588,Celesta Robel,"Suite 593 39077 Niki Square, West Chuck, TX 90438-9517",+13451561837,tressie@bechtelar.example,False,50588
50025,Amb. Palmer Bechtelar,"Apt. 493 86332 Turcotte Turnpike, North Denver, NJ 83803-2749",+18466319721,reynalda@okeefe-gerlach.test,False,50025
48756,Cordell Bins,"7597 Satterfield Hills, West Lindsay, CO 78066-1035",+17917201028,angle@zemlak.example,True,48756
47892,Nicky Nader,"Apt. 960 878 Beier Parks, Brekkemouth, KY 89328",+12255841137,alane@schoen.example,False,47892
49462,Maira Ebert,"Suite 905 536 Kub Plaza, Lake Isaura, NJ 39667-9285",+11305705021,velia@macgyver-miller.example,False,49462
50226,Alejandro Dare,"8670 Derick Lights, New Gil, RI 28330",+14246512527,alena.boyle@nitzsche.example,False,50226
49946,Garnet Rath,"Apt. 425 250 Palmer Keys, West Hosea, UT 79729",+17317143894,alvaro.streich@denesik.example,False,49946
48649,Marlena Feil Dds,"Apt. 960 80286 Witting Lock, East Oswaldo, NV 99740-6893",+14175568486,garry@jakubowski.test,False,48649
49069,Audie Abbott Ret.,"729 Francesco Ranch, Carymouth, MS 29671-2690",+17782938276,simone@gleichner-keeling.test,True,49069
48729,Victor Conn Esq.,"7784 Hilpert Park, Shoshanahaven, WI 12452",+18824330302,alfonzo@brown.example,True,48729
50017,Jarrett Kautzer,"Apt. 588 935 Isaura Park, South Jeanettaborough, VT 46555",+15304865045,tiffany.yundt@beatty.example,True,50017
48666,Isaiah Waters,"8581 Priscilla Groves, Winfredville, UT 21181",+17656088490,alisha@botsford.test,False,48666
48123,Delmar Johns Dvm,"Apt. 927 3933 Abel Ville, Lake Omer, WA 13835-3067",+17824318938,romana@schultz-swift.test,False,48123
50297,Enola Romaguera,"Apt. 744 834 Stracke Route, East Gitaton, CO 61866",+12219030651,karey.bahringer@moore.test,False,50297
48214,Sen. Robbin Strosin,"Suite 334 38948 Schimmel Lane, West Jaimee, OH 90797-8057",+14399304625,latashia.abshire@collins.test,False,48214
49102,Abe D'Amore Iii,"60874 Christa Club, North Aishastad, MT 60963-8780",+11166778891,fernande@stokes.example,False,49102
49864,Ms. Fidela Larson,"Suite 752 27345 Booker Points, West Anastaciaberg, AK 95850",+12373725689,leon.welch@bradtke.example,False,49864
49756,Nakisha Williamson,"Apt. 428 6907 Blick Park, Lake Earl, IA 18303",+19263934838,henriette@leuschke-vonrueden.example,False,49756
50755,Teddy Weissnat,"83145 Cassin Expressway, New Vickie, NM 99598-9239",+11912223344,anastasia_brekke@sporer-gislason.example,False,50755
47801,Cleo Tromp,"Suite 857 8434 Lecia Locks, Port Maxwell, WY 78764",+12032916631,tyrell@terry.test,False,47801
48246,Cinthia Huels,"88628 Carter Road, East Lavona, NM 63338-6592",+15234940934,shirl@rath.test,False,48246
50767,Marylin Braun,"3900 O'Conner Parks, North Melvin, WV 98984-0413",+11031259083,vicente@marquardt.example,False,50767
48024,Catrice Kerluke,"Suite 364 6124 Marlin Skyway, East Nicolasachester, PA 98369-3923",+12426068266,anderson.hilll@doyle.example,False,48024
50931,Amb. Anthony Cruickshank,"1991 Bob Points, Port Leandro, TX 47421-5323",+16055820535,whitney_roob@ullrich-cummings.test,False,50931
50597,Melany Romaguera,"Suite 584 2399 Emmett Square, West Javiermouth, SD 09845",+17644694061,galen@mitchell.example,False,50597
50775,Drew Prosacco,"Apt. 248 9539 Arnold Village, North Timothy, VA 21072-7354",+11470487929,katharyn_hilll@friesen.example,False,50775
50023,Elizabet Davis,"Apt. 339 5965 Cletus Lock, Delisachester, IL 04684",+11396770318,torie@walker-abbott.example,False,50023
49604,Jimmie Rolfson,"Apt. 838 680 Elton Mountain, Lake Esteban, ME 01887",+16948517948,velva.lind@upton.test,False,49604
49499,Robin Braun Md,"Apt. 106 3176 Ilene Station, New Delmer, ND 84428-0810",+18961298710,bud.huels@welch.example,False,49499
48127,Jewel Cummings,"322 Rutherford Freeway, South Wesleymouth, LA 03541",+17923884516,mignon.cummerata@champlin.test,False,48127
47760,Mrs. Marcelina Schmitt,"Suite 837 183 Roger Village, Stanville, NE 66582-6949",+19726423386,henry@keeling.test,False,47760
47915,Willy King,"9938 Masako Drives, South Elease, UT 76641-8356",+15781631582,dominick_bauch@dietrich.test,False,47915
51053,Fr. Jeanine O'Reilly,"Suite 412 2407 Kub Island, Jordanville, AL 68285-6051",+18613747883,herb@ratke-reichert.test,False,51053
50029,Claribel Mills,"Suite 425 24660 Vandervort Cove, Williamsonville, AL 85388-2015",+15031842613,fritz_harvey@donnelly.example,False,50029
50724,Jamie Goldner,"Apt. 855 974 Shameka Squares, New Rhiannon, CT 06805-1874",+15933269456,laurette_schulist@johns-okeefe.test,False,50724
49809,Emil Hoeger I,"Apt. 151 10745 Loren Via, Hyattport, AK 87074-9979",+13789695549,nathanial@smith.test,False,49809
50810,Santo Murphy,"7538 Keneth Route, North Tessland, UT 98271",+13663508946,millard@robel.example,False,50810
49529,Jonelle Kuhlman,"82451 Titus Shore, Lake Rockyview, KY 62781-4917",+11379158319,elias_kirlin@durgan.example,False,49529
48886,Odell Lindgren,"Apt. 258 3325 Bruen Cliffs, Billyton, FL 90941",+13470762798,ashton_mccullough@quigley.example,False,48886
48942,Evonne Wunsch,"9446 Markus Drive, New Curt, IL 10016",+16802870121,logan_bahringer@gleichner-dooley.test,False,48942
49678,Ella Cartwright,"53413 Watsica Isle, Lake Ellis, SD 25534-4962",+11322550157,rosetta@schowalter-goodwin.test,False,49678
48758,Benedict Hammes,"Apt. 563 27306 Arnoldo Canyon, North Patrick, MS 72809-0822",+16199811298,douglas@reichert.test,False,48758
48015,Cierra Koelpin Lld,"Apt. 105 9341 Brakus Mission, East Kieraborough, MO 94792-8825",+11188462506,marilou.schaden@fahey.test,True,48015
50188,Jaye Runolfsdottir,"59707 Ezequiel Brooks, Vonborough, ID 50020",+15173450576,jana_yost@boyle-bayer.test,False,50188
48049,Amb. Grady Cummerata,"754 Douglas Overpass, North Lizmouth, OH 77685",+15198917530,jonell.miller@jakubowski-satterfield.test,False,48049
50611,Merrie Moen,"1726 Paucek Highway, Colettamouth, AR 02011-1916",+13263382269,edgardo@leuschke.example,False,50611
48313,Lakia Jerde,"Suite 529 594 Boyce Walks, Lake Shandra, MD 95585-5509",+16288481388,ashely@okuneva.example,False,48313
49749,Marybelle Wilderman Iii,"61534 Botsford Fort, West Beulah, OR 68361-4761",+17374033128,tran.kautzer@padberg.example,False,49749
48858,Demarcus Hoppe Lld,"Suite 244 366 McKenzie Mews, New Shayneland, WV 28559-9464",+16021790240,jeanetta.okon@friesen-gibson.example,True,48858
48605,Gov. Rico Dicki,"Suite 910 75039 Keeling Hills, North Mandi, MI 79579-8421",+12894520536,jesus_ebert@jenkins.test,True,48605
50342,Shonna Dubuque,"16662 Satterfield Forks, Ematon, HI 61786",+11525388314,rusty@kunze.example,False,50342
49811,Tomas Beer,"Apt. 765 260 Langosh Run, Casperbury, HI 67484-6398",+17302308540,rachael.blanda@lehner-hettinger.test,False,49811
49654,Boyce Heller,"5971 Corine Spurs, Port Destiny, MA 91797",+12850642427,dahlia.wisoky@marks-schmeler.test,False,49654
49767,Dannette Bechtelar,"Suite 697 507 Stephnie Walks, Janitaport, WY 80111-0387",+18438163198,gustavo.weissnat@mcdermott.test,False,49767
48640,Ms. Shayna Schumm,"Apt. 673 955 Purdy Harbors, Wilkinsonshire, OH 80896-3058",+14616651858,delmy@auer-mcdermott.example,False,48640
50525,Enoch Crona Md,"Apt. 142 8452 Marchelle Lake, New Kevin, TN 87654-8986",+15455191341,bud@romaguera.test,False,50525
49588,Orville Hilll,"96673 Dietrich Ridges, Clarineport, MA 73105",+11160787139,rosella@strosin.test,False,49588
48304,Amb. Rosalinda Pollich,"Apt. 119 9338 Jinny Forks, Ignacioport, AL 83575",+11311802275,diedre@quitzon-windler.test,False,48304
49837,Fe Pouros Jr.,"Suite 983 2009 Heathcote Squares, Port Raeann, MD 86113-1894",+14647063054,leah_prosacco@smitham-hills.test,False,49837
50267,Josue O'Reilly,"6750 Claud Stream, West Gavinside, LA 06015",+19883575088,muoi.abbott@hermiston-jones.example,False,50267
48582,Pres. Carola Stracke,"8361 Genny Squares, Hilllland, KY 77455",+19273578439,norma@borer-shanahan.example,False,48582
48972,Roy Schaefer,"Suite 938 17743 Catrina Stream, South Emanuel, NV 68287",+18007006693,isidro@mayer.test,False,48972
50002,Jeffery Cronin,"24923 Gislason Lodge, Merletown, WI 27342",+15203605580,noriko@kling.test,False,50002
49494,Leanne Cummerata Iv,"Apt. 431 709 Corkery Rapids, West Zacherybury, NE 45613-5136",+19249771650,douglass.roberts@terry.example,False,49494
48922,Carolyn Rohan,"Suite 137 6392 Antonio Rue, Pourosview, UT 76841",+11882855089,stanton.smith@gerlach.test,False,48922
48159,Johnathan Hane,"Apt. 106 8523 Demetra Burg, Cordeliachester, MI 17936-7460",+15781667671,alyse_bruen@feest-durgan.test,False,48159
48384,Many Nader,"9235 Spencer Shore, Dionnechester, VA 50033",+19220678632,farah@treutel.example,False,48384
49301,Ezekiel Farrell,"Suite 240 3183 Leannon Plaza, Josiahville, ME 07599",+16925144964,carlton@torp.example,False,49301
50627,Laila Nienow,"1557 Kihn Islands, West Adolphchester, OH 39232",+18305512218,drew@rohan.example,False,50627
48299,Shawnta Blanda,"7280 Jadwiga Wells, New Clementefort, MA 33405-7030",+13811177078,dan@okon-weber.test,False,48299
50689,Msgr. Thad Ledner,"Apt. 553 73290 Dach Via, West Shirelyfurt, NM 82545",+19008142835,dustin.torphy@quigley.example,False,50689
48067,Nieves Rohan,"Apt. 992 8830 Little Inlet, Lake Kenyaborough, NM 51058",+18559500658,valrie@mcdermott.example,False,48067
48142,Ervin Hettinger Cpa,"250 Watsica Wells, Zoeberg, IN 76024",+12957859002,russel@simonis.test,False,48142
50955,Kerstin Lehner,"Apt. 676 5289 Simonis Villages, Barrowsborough, NJ 07215-9397",+13362667128,betty@crona.example,False,50955
50049,Ron Stokes,"Apt. 446 4167 Howell Inlet, Beckerfurt, MI 99316-6184",+15868475002,charlsie.pacocha@stehr-morissette.example,False,50049
50218,Elmo Christiansen,"Suite 141 288 Ahmad Stravenue, Port Larry, NC 23702",+11603712191,chang@gulgowski-abbott.example,False,50218
49627,William Wuckert,"36063 Bula Ferry, Port Danielton, CO 87131",+17374382244,herbert.reichert@reichel.test,False,49627
47880,Anderson Bernier,"284 Miller Pike, North Luana, WI 73626",+14980709325,dewayne@flatley.test,False,47880
50985,Howard Heaney,"Apt. 903 120 Hackett Club, Kshlerinfurt, AK 96035",+14399791284,edris.vandervort@jast.example,False,50985
49522,Dr. Jordan Lang,"Suite 945 9728 Hackett Plaza, Port Ty, PA 74308",+12969104157,natividad@hayes.test,False,49522
49461,Olimpia Johnston,"61515 Streich Rapids, Tiannahaven, VT 09986-1497",+17622496296,wilbur_mosciski@keebler.example,False,49461
48115,Lee Schulist,"Suite 133 733 Otha Mews, North Laurene, KY 15951",+19259898950,ouida_heidenreich@ullrich.test,False,48115
48485,Gov. Victor Walker,"2671 See Trail, East Kristopherville, ME 97946-2544",+14258683239,harrison@zulauf.example,False,48485
50275,Lourie Denesik,"Suite 600 5502 Corwin Inlet, Tremblayborough, MT 96902",+19436212313,carrie@kassulke-kuhic.example,False,50275
49805,Alfonzo Yundt,"37549 Samual Oval, Rooseveltton, NV 18154",+13152152010,jeffrey@champlin.test,False,49805
49620,Doug Mcdermott Ii,"87612 Shona River, Tamraside, NJ 85303-8120",+11998649800,branda@russel.test,False,49620
48978,Fr. Venus Watsica,"Apt. 282 36009 Klein Alley, North Lona, MT 85591",+15031388984,tamisha@walter.test,False,48978
48497,Oren Strosin,"21326 Quintin Islands, West Shaeside, WI 68640-1512",+17759702217,thad@schmeler.example,False,48497
48975,Broderick Schuppe,"Apt. 822 13005 Britni Parks, Wilfredoland, OK 25494",+15743171771,frederick_jerde@hilll-waters.example,False,48975
48764,Leroy Crist,"7314 Ebert Knolls, Armidatown, HI 89973-6861",+16913995649,charlie.bernhard@braun.example,False,48764
47930,Elene Berge,"33993 Rosanna Falls, North Keven, PA 06095-5387",+18248399495,glynda@lehner-pacocha.test,False,47930
50785,Rachel Mosciski,"Apt. 144 2937 Cary Center, South Jonathonbury, IL 67778-0248",+19306317663,ronald.hane@veum-macejkovic.test,False,50785
48571,Mallie Cronin,"22889 Purdy Ranch, Kossfurt, IL 03702-4375",+13034985496,amina@okon.test,False,48571
48771,Hayley Huels,"Suite 401 873 Wolf Squares, New Napoleon, IL 84472",+14115319077,jackson.blanda@mante.example,False,48771
47703,Ezequiel Zieme Iv,"Suite 750 344 Pfannerstill Crescent, North Kamilahbury, WY 08675",+12824716365,giuseppe@hilpert.test,False,47703
48933,Donna Witting,"Apt. 807 5272 Veta Crest, South Shermanshire, OH 63309",+15319510456,penney@gleason.test,False,48933
47747,Dominique Schowalter,"Suite 712 790 Zoraida Mountains, Kosston, AR 43323",+13797144596,marg.kassulke@langworth.test,False,47747
49561,Stella Johnson,"50069 Tremblay Orchard, Lake Philip, KS 93456",+11620634704,bruno_treutel@marks.test,False,49561
47776,Long Reynolds,"Apt. 565 58839 Brice Freeway, New Dongtown, FL 77483",+19888651569,mathilde@trantow.test,False,47776
50640,Antonio Gerlach,"604 Bechtelar Meadows, Sudiefort, CT 85757",+19920084403,lilia@bernhard-veum.example,False,50640
47675,Dr. Esteban Jakubowski,"20794 Maynard Mission, New Ignaciashire, NV 91234",+13515425456,ralph_orn@greenholt-stiedemann.example,False,47675
50102,Jae Kunze,"984 Beer Pine, Framiberg, SC 43790-4680",+19296400727,nicki_brekke@padberg.test,False,50102
49537,Les Ernser,"Apt. 717 3536 Steuber Junctions, East Ludivina, MO 27241-9670",+18837954270,raymond@ullrich-deckow.example,False,49537
50848,Melvin Price Ii,"278 Armanda Lakes, Fishershire, WA 40203",+16664119815,taren.oberbrunner@wolf-sawayn.example,False,50848
49682,Sen. Sung Stracke,"Suite 416 35900 Champlin Court, New Dierdre, PA 11236-8041",+14247341004,teresa@balistreri.test,False,49682
50111,Ira Stanton Lld,"257 Terry Landing, Kautzerfurt, AZ 06412-6488",+19731853064,natosha@cassin-mertz.test,True,50111
49632,Mr. Minta Sipes,"Apt. 438 14512 Halvorson Lock, West Ellan, NM 66062-3175",+13371336588,libbie@howe.example,False,49632
50001,Leila Reinger Do,"913 Bergnaum Alley, Joeychester, IN 92466-4356",+16631597600,kelly.schmidt@hermiston.test,False,50001
51056,Kevin Hermiston,"Apt. 478 75951 Dallas Loop, New Chaseburgh, NY 28226",+12051093933,tom.krajcik@bednar-pouros.test,False,51056
50875,Timmy Waters,"Suite 350 64453 Conn Plain, Teddytown, ME 93937-2421",+18141503843,leandro_pouros@beahan.example,False,50875
49917,Osvaldo Watsica,"Apt. 827 840 Kenyetta Burgs, Port Joesphland, TX 75552",+19778400411,alison.kirlin@runte-reilly.test,False,49917
48095,Pres. Lorena Grimes,"Suite 511 261 Romaguera Cliff, South Miles, WY 80252-2844",+15001929955,cliff@waters.test,False,48095
49166,Betty Runolfsdottir,"Suite 786 51164 Vicente Field, Klingview, AK 13945-1278",+12843131154,freeman@mueller.example,False,49166
50596,Catherina Botsford Ii,"5675 Luettgen Trace, Gloverland, VT 83750-4521",+17879065485,eladia@predovic.example,False,50596
48483,Britta Kuhlman,"Apt. 959 77033 Mayert Neck, Flatleyborough, SC 59504",+14437254182,jermaine@kunde-kuphal.test,False,48483
50162,Gavin Orn,"Suite 335 366 Langworth Ridge, Heathcoteburgh, AR 33611-9443",+14986104629,sid@schowalter.example,False,50162
48457,Aleisha Jast,"32503 Schultz Trail, Simonisland, GA 19993",+16501739450,antione_dooley@abshire.example,False,48457
50495,Meryl Johns,"20077 Arvilla Dam, North Courtneyfurt, ID 32747-6348",+15740903333,valentine.russel@mueller-reynolds.test,False,50495
48574,Yoko Johnston,"38188 Malika Falls, Port Elmer, AR 13523",+19698116058,terry@gutkowski.example,False,48574
48136,Lucretia Pouros,"98874 Lehner Creek, East Joshuabury, MD 25912-0890",+13298006639,tierra@mcdermott.example,True,48136
49455,Hayden Ernser,"7114 Bernier Bypass, North Lakeisha, OK 49090-2059",+14806962511,mose@macgyver-oberbrunner.test,False,49455
48437,Ingrid Beahan,"Suite 637 3787 Brian Path, South Darwin, DE 03243",+12791593626,jani_murray@lang.test,False,48437
50927,Karl Cassin,"50814 Feeney Crossing, Lake Belindaville, WV 96835-7668",+13169206992,darryl.okeefe@smitham.example,False,50927
49790,Scott Ferry,"502 Lesch Ridge, East Kieraton, NV 38734",+18312041567,mckinley.pacocha@armstrong-macgyver.example,True,49790
49407,Ms. Zona Romaguera,"Suite 817 1824 Orn Forest, Lake Owenchester, MO 66521-4604",+17100172186,melda@satterfield.example,False,49407
47940,Ozzie Ratke,"Apt. 945 30284 Daugherty Junctions, Port Dominga, CA 23877",+15159827264,haley@walker.test,False,47940
51087,Alonzo Herzog,"Apt. 674 70282 Jaskolski Stravenue, Nakialand, UT 40019-0249",+17044597806,joyce@boyer.test,False,51087
48060,Jenise Rogahn,"77770 Lesch Garden, West Tempiebury, RI 50336-0300",+15368745063,todd_beatty@crooks-mosciski.test,False,48060
50133,Lonny Goodwin,"Apt. 966 56367 Hubert Landing, Lake Shawnda, CT 47830",+15701736193,roberto@kovacek.example,False,50133
49619,Buddy Fisher,"Apt. 670 895 Dora Way, Cathimouth, HI 66663",+13083577936,conchita_kautzer@kassulke.example,False,49619
49161,Gillian Pfannerstill,"6844 Rich Crossing, Dickensmouth, GA 77424",+19917762794,myrna@renner-parisian.test,False,49161
49516,Marylouise Botsford,"Apt. 779 3282 Horacio Grove, Mullerville, AL 59015-3026",+18060207847,norberto@lebsack.test,False,49516
48498,Justina Kub,"22126 Dibbert Pike, North Kirsten, CO 80575",+11834995046,suzie@osinski.test,False,48498
49775,Austin Hartmann Esq.,"Suite 140 1528 Nolan Square, Vonmouth, ND 71632",+15342744454,ellan.friesen@terry.example,True,49775
48220,Nicky Vonrueden,"Suite 807 667 Florentino Curve, Serinafort, AR 09749-1601",+11669009498,todd_zemlak@dickinson.test,False,48220
49443,Irene Schoen Jd,"43695 Harber Canyon, Hesselview, LA 89446",+16075870222,hipolito@cassin.example,False,49443
50981,Zita Stoltenberg,"988 Clement Manor, West Lovella, CO 21349",+12757922380,janet.crooks@rippin-kertzmann.example,False,50981
50354,Lourie Kuphal,"9309 Hassan Manors, Mohrberg, IL 88664-9895",+11623344014,johnathon_hudson@schultz.test,False,50354
50799,Mavis Heidenreich,"Apt. 130 537 Elmo Mission, South Byrontown, MN 12217",+14044260757,marry.boehm@witting.example,False,50799
48235,Fr. Shanae Williamson,"Suite 332 431 Tamala Harbors, West Devona, CT 54753-3532",+12683836762,anderson@nader-wisoky.example,False,48235
50504,Maria Upton,"4368 Kirstie Squares, West Ambrose, MT 79433-3482",+19281769539,kimi.ebert@kertzmann.test,False,50504
49238,Harrison Gutmann,"22640 Blick Shore, South Hipolitostad, MA 42352-4896",+19234365416,fidel@zulauf.example,False,49238
50460,Theodore Schneider I,"Apt. 542 382 Kris Tunnel, Cummingsside, ID 00388-8719",+14707938487,lynell@pfeffer.example,False,50460
47872,Tristan Herman Jd,"Suite 720 598 Sauer Junctions, New Romeo, WI 21070-3715",+16337956642,willa@crist.test,False,47872
50867,Leila Macejkovic,"7018 Roob Ramp, Darrenfort, SD 41674",+14529703855,zora_grimes@raynor.example,False,50867
48678,Msgr. Paulette Doyle,"3340 Phil Ports, Marvinfurt, WV 00291-0173",+19056200629,forrest_kiehn@welch.test,False,48678
48683,Keith Prosacco Ret.,"578 Claud Port, Napoleonshire, IA 53823",+17328839541,adalberto@lindgren.test,True,48683
50284,Walton Satterfield,"Apt. 668 822 Alexis Prairie, Kunzemouth, PA 54891-5574",+17110696479,delmar_pollich@mayert-toy.test,False,50284
48151,Maryetta Reinger,"Suite 515 279 Gusikowski Mission, Blickfort, ID 90888",+17941572612,jeremy_frami@bruen.test,False,48151
50610,Sherita Ullrich Jd,"56923 Schimmel Avenue, Neelyfort, MA 38659",+15603525565,margarett_rippin@barrows.example,False,50610
47955,Pres. Lynn Wiza,"648 Kreiger Trace, South Shaunta, OK 95366",+19906506892,cleopatra@reinger.test,False,47955
48727,Lacey Kreiger,"426 Rusty Course, Port Billy, AR 35592-9257",+19474030482,hugo_johns@simonis.test,False,48727
49777,Debby Schaefer,"8619 Paulita Pine, Edraburgh, IN 14946-9167",+17214373486,kisha@littel.example,False,49777
49676,Kenia Stokes Ii,"37922 Luettgen Courts, Hintzshire, MD 33173-1578",+13390372426,lana@waters.example,False,49676
50415,Evie Schmidt,"Suite 904 14277 Mraz Ways, Boylehaven, GA 99570-6360",+13554577481,tamika_gutmann@kuhic.test,False,50415
48772,Stephan Williamson,"Suite 275 38095 Oren Stream, East Milfordport, AZ 24945",+16050666749,mariann.bashirian@heathcote-wilkinson.test,False,48772
49314,Louis Mclaughlin,"Apt. 202 6214 Keeling Corners, New Cecilychester, UT 24225",+19577584329,jena@crist-harvey.example,False,49314
48599,Wilford Mcclure,"Apt. 405 123 Laverne Knolls, North Johnburgh, NC 90570",+11217340970,leisha@zboncak.test,False,48599
49903,Dovie Yost,"3614 Reilly Ford, Lake Dong, GA 80131-0539",+14041849219,herman.funk@bechtelar.example,False,49903
47823,Morris Lesch,"122 Asha Mill, Leonardoburgh, CA 26185",+13549496498,edna@dickens.example,False,47823
48642,Miss Ezekiel Kirlin,"Apt. 742 5946 Fay Springs, Bradtkeport, CT 00544",+15875810550,tran_murazik@medhurst-feeney.test,False,48642
48648,Ira Stroman Jr.,"826 Janette Stream, Lake Williams, MO 61980",+15300025740,denny.bashirian@rath.test,False,48648
48748,Elroy Okuneva,"90801 Stehr Crossroad, Buckton, ID 60461-8410",+12717573767,cheryll.ortiz@hansen.test,False,48748
48901,Yoshiko Prosacco Esq.,"51795 Brian Park, Altenwerthton, SC 83042-6310",+11213239170,tresa_haley@reichert-mccullough.example,True,48901
48915,Morris Miller Dds,"6716 Fritsch Summit, Lebsackberg, RI 91217-9056",+14926674247,ronni.labadie@davis.test,False,48915
50956,Moshe Stroman Jd,"88790 Howell Plain, Stanfordberg, OK 35590-0854",+14000636350,jerome_haley@harris-gibson.test,False,50956
50913,Melynda Smitham,"Apt. 896 206 Dotty Road, North Deb, NJ 18224",+16154509957,lyndon_tromp@bins-barrows.test,False,50913
48077,Julian Kunde,"Apt. 102 7399 Harland Neck, New Jonfurt, ME 27762",+14253785214,madison@satterfield.test,False,48077
50239,Mario Streich,"8403 Kertzmann Prairie, West Jocelynville, AZ 00597-7982",+15306218969,angelo_adams@ruecker.example,False,50239
49098,Francisco Wilderman,"Apt. 794 879 Erich Fields, Emersonshire, DE 29478",+12285391476,tammara@rippin.example,True,49098
50754,Tera Durgan V,"Apt. 350 744 Karren Rapids, North Tory, PA 61430-8064",+19608861704,mikki@bashirian.test,False,50754
50759,Claud Thiel,"Suite 298 99776 Wayne Mountains, Lake Ingatown, SD 67588",+13938976033,bo@cremin.example,False,50759
47820,Elroy Considine,"539 Jame Village, Port Taylorstad, WV 97234",+14813603538,robert@parisian.test,True,47820
50538,Tyron Powlowski,"45971 Alayna Isle, East Marquis, DE 91040",+13382164743,lean@champlin.example,False,50538
51075,Miss Buena Doyle,"Apt. 432 2675 Schaefer Glen, Lake Katelynn, AK 42157",+12696972554,len@schaefer.test,False,51075
50408,Henry Williamson,"631 Dawn Stravenue, Christopherville, OK 99656-2720",+17311775024,latesha.willms@lindgren-lang.example,False,50408
50142,Genaro Huels,"Suite 237 386 Sabra Motorway, East Garyburgh, RI 24750",+15151812361,bryan@olson-frami.example,False,50142
49656,Hassan Barton,"331 Predovic Pike, Port Enoch, PA 88299-5172",+13480888477,eufemia@vandervort.test,False,49656
50909,Msgr. Anibal Emard,"Suite 182 850 Doloris Tunnel, East Antonette, CA 17073-2955",+15770496411,mack@sawayn.test,False,50909
49901,Pres. Kelly Bergnaum,"466 Mante Trail, Aleaseton, IL 11127-2885",+17073444562,darrick.koepp@torphy-wilderman.test,False,49901
50020,Samuel Sporer Phd,"Suite 431 575 Fahey Shoals, Williamsonview, NJ 50849",+17459399846,genaro@toy.test,False,50020
49354,Milan Halvorson,"6985 Shelton Trafficway, Port Vivianchester, VA 61756",+17930582086,carletta@littel.test,False,49354
50196,Mickey Stehr,"30067 Rosenbaum Forge, Howellfort, NM 32762",+14199552243,cathern.beatty@wilkinson.example,False,50196
50151,Msgr. Codi Rodriguez,"407 Braun Radial, Doreathaport, GA 27199-8384",+16313469704,argelia.denesik@jaskolski-swaniawski.example,True,50151
50010,Pat Grimes,"Suite 855 125 Kohler Village, Portiamouth, FL 71681",+11390386026,lisette.bogan@gottlieb.test,False,50010
48250,Annamarie Kozey,"240 Marcelina Gardens, Brownside, ME 87519",+15020412934,jarred_vonrueden@windler-bruen.test,False,48250
50819,Winford Glover,"2390 Powlowski Highway, Jakubowskifort, OR 29800-5476",+12433859547,carl@nicolas.test,False,50819
49430,August Connelly,"Apt. 111 4418 Hagenes Viaduct, Port Josefport, VA 05763-0747",+13298276951,iliana.breitenberg@strosin.test,True,49430
49686,Jennefer Ryan,"Apt. 418 8544 Daron Glen, South Liviachester, NJ 26489-2255",+14453627910,beatris@bruen-jacobson.example,False,49686
50089,Charlette Ward Dds,"57898 Eugenio Mountain, Leonorport, WV 65001-7926",+19566050001,cleora@heathcote-kautzer.test,False,50089
50820,Ezekiel Johns Iv,"432 Evelia Junction, Cassiechester, NM 04024",+16272522104,chieko@dare.test,False,50820
49564,Sen. Luis Mcdermott,"1458 Langosh Mountains, Luettgenport, AK 46668-4711",+12068853086,jimmy@bergstrom-wiegand.example,False,49564
48508,Mariette Mckenzie,"67250 Bartell Key, West Antioneview, ND 51286-5697",+11427780668,dominick@nolan.example,False,48508
48638,The Hon. Tracey Toy,"Apt. 559 83007 Zack Spring, Reidfurt, MA 67895-6046",+17796832576,rigoberto@frami-nienow.test,False,48638
50174,Chester Schmitt,"739 Felicia Shores, New Leonardo, MI 50300-4369",+16531378344,myra@thompson.test,False,50174
48031,Fermin Harris,"98530 Mason Bridge, New Olene, CT 82574-8068",+14159997338,garret_walsh@rosenbaum-lubowitz.test,False,48031
48995,Miss Magdalen Kuvalis,"Apt. 554 3087 Freda Roads, Budburgh, ID 06588-3997",+16803764352,emery@boyle-fahey.test,False,48995
50787,Ms. Ali Batz,"Suite 301 3679 Dooley Shore, Taiberg, SD 35845-0016",+15569739220,margie_corwin@weissnat.example,False,50787
49293,Jospeh Legros,"6958 Dietrich Valley, New Rhettbury, NH 05494-6957",+13454752650,annice.luettgen@streich.example,False,49293
50837,Vernice Witting,"880 Herman Park, West Tedview, NY 93800-4667",+16865436819,stewart.borer@kohler-haag.example,False,50837
49029,Aaron Pacocha Do,"1875 Jacobs Trafficway, Lake Tristan, NC 43292-6085",+17835159868,giovanni.strosin@kuhic-casper.example,True,49029
48792,Akilah Bogan Iv,"Apt. 794 63061 Fay Mountains, New Nolan, NY 12359-8751",+12456603178,britteny.beer@damore.example,False,48792
50660,Genevive Schmeler,"9185 Lee Street, Powlowskiview, TN 76526-0969",+11661081721,roman_hettinger@crooks.example,False,50660
48269,Newton Robel,"Apt. 306 39973 Boehm Square, Hollismouth, IN 21544",+11616490936,laureen.smitham@stroman-oberbrunner.test,False,48269
50634,Thurman Hamill Esq.,"13249 Fritsch Freeway, West Jae, ME 48724",+17104384163,elda@dare.test,True,50634
49949,Brent Jacobs,"1464 Anderson Pine, New Leighstad, HI 76610",+19031356142,anthony@glover.test,True,49949
51055,Foster Goodwin,"101 Block Lights, Port Sanfordburgh, VT 92497",+14064297031,enola_hansen@kuphal.test,False,51055
49059,Clayton Zboncak,"2896 Quitzon Springs, Lindgrenstad, MA 57576",+19951974169,elwanda.mosciski@aufderhar.example,False,49059
49643,Gretchen Abshire Dvm,"Suite 856 77241 Pouros Squares, O'Konbury, NM 32139-3410",+19522224171,kenneth@rutherford.test,True,49643
49351,Jim Hermiston Sr.,"587 Kieth Hollow, South Leona, OR 32400",+11221429623,marc.schimmel@bosco.test,False,49351
48665,Sally Tremblay,"673 Mayer Road, North Joella, MT 60864-8484",+16541203420,corie@larson-hettinger.example,False,48665
50723,Fidela Beier,"Apt. 865 84164 Lynch Viaduct, Ellyshire, ME 02791",+11609422695,caroyln@ankunding.example,False,50723
50979,Ezekiel Quigley,"732 Landon Springs, North Haywood, MD 74019-9535",+15189526135,ted_krajcik@jaskolski-bogan.test,False,50979
49636,Mario Schoen,"Suite 556 6812 Dickens Glen, Krystenbury, MT 42209-4917",+13341083016,emilio@dietrich.example,False,49636
50388,Roberto Greenholt,"Suite 855 8033 Hai Drive, Hodkiewiczfurt, WV 53191",+14470249708,daine@smitham-rowe.test,False,50388
50864,Meghann Ortiz,"Suite 984 38639 Schaefer Mission, Dennafort, VT 22569",+11096968351,tonette.haley@muller-brown.test,False,50864
50099,Rogelio Schaefer,"4725 Francene Rest, Rauview, ME 49289-1202",+18379223787,alethea.boyer@schiller.example,False,50099
49920,Shanelle Bradtke,"831 Mitchell Mountains, Runolfssonmouth, MT 71759-0932",+19554671047,billy@cruickshank.example,False,49920
48826,Rev. Edyth Wolff,"Apt. 443 18083 Riva Heights, Alanaton, OH 06322",+19174408527,afton@frami.example,False,48826
49067,Frederica Fritsch Cpa,"98441 Jessie Squares, Byronshire, ND 54012-1769",+18947794878,magen.heller@kohler.test,False,49067
48408,Mr. Jamal Ruecker,"Apt. 351 899 Beier Radial, Florentinoport, VT 50374-4144",+16056463385,edmundo_schuppe@goldner.test,False,48408
50496,Bernice Emmerich,"24239 Leannon Walk, Lake Timmy, IL 97890-1592",+13269055833,glennie.thompson@rempel-ankunding.test,False,50496
47864,Buck Wolff,"Apt. 874 3326 Boyle Shore, New Addiehaven, MD 41795-4033",+18914099431,fausto_terry@reinger.example,False,47864
49182,Rosendo Kautzer,"Suite 727 3984 Maryjo Burgs, North Dorinefort, CA 91114",+18878529479,quinn@blick-watsica.example,False,49182
49950,Gil Vandervort,"Suite 572 232 Halvorson Fall, Vernonstad, KS 87870-1290",+13762980829,britt@lehner.test,False,49950
48524,Dodie Cummerata Dc,"89441 Schuppe Union, Kamilahburgh, PA 17238-5422",+16701595054,danial_macejkovic@padberg.example,False,48524
50312,Jules Wehner,"911 Strosin Fords, Beahanhaven, LA 11852",+12771682661,dagny.moore@donnelly-dach.test,False,50312
48719,Dorthy Dicki,"Suite 377 746 Collier Shores, Mathewfurt, MA 59207",+17116891002,hue@hagenes.example,False,48719
50777,Yun Hilpert,"18312 Mosciski Island, North Idalia, IN 96231",+13286365813,paul_upton@rowe.test,False,50777
48728,Shannon Larson,"Suite 669 63203 Cedric Mountain, Kemmerville, NJ 01062",+16524947742,ashli@white.test,False,48728
49418,Harry Oberbrunner,"4997 Kathyrn Stravenue, West Dario, MA 74068-9613",+12437460549,daniel@bahringer.example,False,49418
49662,Danille Mraz,"Suite 245 3397 Leonel Road, New Roderickshire, OR 44018",+19783598110,maryrose_grimes@feeney.example,False,49662
47665,Annie Jakubowski,"Suite 973 2377 Hayes Mills, Rosarioside, SC 68113-5517",+11155214067,dominick@pouros-stamm.example,False,47665
50265,Pres. Margy Feest,"Apt. 105 2561 Ruecker Lights, Morarmouth, RI 37340",+13117398004,john.turcotte@spencer-kling.example,False,50265
49268,Jacquetta Franecki,"Apt. 297 99416 Bernier Mission, Simonismouth, OH 99783",+18977501116,kristofer.langworth@cole.test,False,49268
49428,Tom Collier,"Apt. 588 3872 Gutmann Island, Cormiershire, FL 59693",+12161851528,susanne@bayer.test,True,49428
50961,Sen. Charlie Fay,"Suite 360 920 Rowe Brook, South Patty, KY 18180",+17776009987,quintin@conn.example,False,50961
50764,Darius Rath,"Suite 622 56440 Brittney Passage, Port Celesta, WA 27338-0925",+13281010218,floy@kozey.example,False,50764
49966,Marcelo Kautzer,"Suite 499 6043 Boyer Walk, West Edward, ND 24010-0335",+17568058019,rodrigo@heidenreich-harvey.example,False,49966
47935,Lilian Lakin,"43735 Altenwerth Spur, Lelandchester, TN 89080-2111",+18745958595,dovie_hagenes@leuschke.example,False,47935
49708,Ms. Grady Douglas,"Suite 670 1120 Stokes Place, North Donnellfurt, MI 55835-3192",+13584792467,leon.stokes@kuhlman.example,False,49708
48562,Mrs. Carmina Harber,"2266 Balistreri Squares, Sonyaton, AR 52268-6752",+16585057887,yvonne_huels@dubuque.test,False,48562
48934,Leone Tillman Phd,"1814 Shizue Meadow, Danitaville, NJ 46658-0835",+11199009809,argelia@jacobs-powlowski.example,False,48934
48736,Jessie Dibbert,"451 Barton Squares, Dachview, MO 95920-7327",+14722200756,raphael_kerluke@purdy.example,False,48736
50112,Elenore Metz,"71020 Ondricka Haven, Bergnaumland, IA 26575-1186",+15009472664,fanny@weber.example,False,50112
49281,Timothy Wolff I,"Suite 518 94047 Wilkinson Mountain, Port Alva, ND 57007",+11953360074,lauryn@mante-little.example,False,49281
49549,Lourdes Hermiston,"9982 Alyson Overpass, North Perrybury, KY 96280",+14284919045,israel_simonis@mraz.test,False,49549
49965,Spring Daugherty Esq.,"Suite 539 278 Lida Rapids, Lake Coltonport, IA 27687-9720",+14755201032,vicki@schuppe.example,True,49965
50144,Judson Koss,"Suite 113 214 Cassin Rapid, Kristenview, UT 94281",+12972755376,trevor.dare@dickens.test,False,50144
47962,Rhett Wintheiser,"Apt. 964 46303 Prosacco Island, Gerholdchester, PA 10484",+18854162878,daniella@rippin-davis.example,False,47962
47805,Eduardo Hilpert,"Apt. 949 13838 Crona Extensions, Raynorshire, IA 90943",+18354740480,dave@schiller.test,False,47805
51036,Arnulfo Dach,"Suite 973 8901 Adrian Points, South Mitchelbury, OK 37519",+16768576790,veronika_sporer@bruen.test,False,51036
49349,Maynard Mueller,"1460 Hermann Circle, North Stanley, NC 48396",+14054739703,elvis@koss.test,False,49349
49625,Kendall Lynch,"528 Mickey Green, East Virgilport, WI 23880-2056",+15341272336,duane.quigley@kertzmann.test,False,49625
50999,Prof. Shirely Ruecker,"Suite 599 2908 Brigette Estates, New Herbert, OK 89273-8427",+11520658933,young@fay-windler.example,False,50999
47991,Johnson Welch,"240 Cassin Plaza, Kleinshire, MD 75614-5820",+15636902366,verdie.mclaughlin@mayer.test,False,47991
49515,Anton Altenwerth,"33049 Tyson River, South Malcomside, HI 50867",+11459370983,kelly@halvorson.example,False,49515
48956,Dusty Crona,"66125 Corwin Junctions, Jeannettachester, MD 11548-8318",+17007304773,savannah@willms.example,False,48956
50883,Frankie Kertzmann,"92385 Aufderhar Throughway, North Marlinshire, TX 97488",+12006096313,sharen@hand.test,False,50883
49562,Randa Bahringer,"Suite 949 298 Armstrong Dam, Monroehaven, WI 35327-1292",+19401920259,kieth@friesen.test,False,49562
49060,Rep. Jamaal Bailey,"67306 Mayer Mill, Rexborough, NM 92867-3367",+14137964422,bennie_mccullough@zemlak.test,False,49060
49014,Rossie Feest Vm,"Apt. 624 887 Rosa Lane, North Ed, RI 86339",+19861046467,aubrey.murray@kunze.example,False,49014
49093,Markita Kessler,"9176 Yesenia Falls, South Oscar, IA 59994-4102",+11087385054,jamel@smith.test,False,49093
47802,Bo Schmitt Jd,"421 Crona Field, Port Clemente, AL 65299-7941",+15110849750,veronique@marvin.example,False,47802
49766,Lowell Hirthe,"Suite 401 4548 Shawnda Place, West Chase, WV 55092",+13669422294,jae.marquardt@abernathy.test,False,49766
48757,Veola O'Keefe Iii,"2652 Breitenberg Springs, Keishaton, PA 57553-1866",+15647970252,lawrence@brekke-farrell.example,False,48757
49908,Regan Tillman,"Suite 400 337 Kautzer Road, Lake Christoper, ID 81217",+12804360607,chad@auer.test,False,49908
49453,Gregg Marvin,"515 Stoltenberg Avenue, Kesslerland, GA 75829",+17254803331,crissy@toy-kohler.test,False,49453
49265,Cierra Wyman Cpa,"Apt. 626 142 Klocko Neck, West Jospeh, TX 70330-1440",+18616983556,gaye@wiegand.example,False,49265
48961,Audie Veum,"69561 Johns Prairie, Silvaside, AL 93480-3536",+11106306252,britt@sporer.example,False,48961
47843,Mabel Schaefer,"Suite 173 99607 Prohaska Orchard, Crookston, GA 04296",+15931524619,heriberto@davis-daugherty.test,False,47843
47874,Asa Rempel,"723 Stark Run, Merrillhaven, CT 54804-2462",+16386464127,latanya_tremblay@emmerich.example,False,47874
50307,Wilmer Hettinger,"558 Ivette Harbors, Raleighchester, IN 91053",+16944262613,lashawn@deckow.example,False,50307
50114,Reita Bernhard,"417 Sauer Ridge, North Wilhemina, NC 35212-9770",+19108061783,chang@flatley.example,False,50114
50187,Porter Parker,"5201 Roberts Expressway, Port Ayannashire, GA 76895",+16454812684,brenda@kohler.test,False,50187
48479,Dixie Nikolaus,"Suite 579 875 Fritz Orchard, Sorayamouth, AR 31214",+12852058126,mara@leannon-paucek.test,False,48479
48434,Amb. Bruce Brakus,"957 Stokes Path, Hillsfort, CA 27349-1312",+19711627505,joan@huel-bradtke.test,False,48434
49929,Mr. Lyndia Orn,"604 Gusikowski Mews, South Merrillstad, MI 32679",+14253530968,ezequiel@lueilwitz-hoppe.example,False,49929
48429,Jan Lueilwitz I,"Apt. 906 243 Jed Plaza, New Woodrowport, DE 19483-1496",+19066994845,alverta_kuvalis@altenwerth.example,False,48429
48659,Babara Kuhn,"1835 Suzanna Dam, Jeneefort, WV 95069-0658",+12408996319,charlie@wunsch.example,False,48659
50540,Leif Donnelly,"Suite 969 22264 Kuhn Isle, West Samfurt, LA 86874-5635",+16243227686,alaine.koepp@koch-gottlieb.example,False,50540
50740,Darron Spinka,"Suite 111 399 Schuster Ford, Shannonside, MO 15794-7185",+17986526219,antwan@olson.test,False,50740
48184,Jewel Leannon,"66655 Lakin Cape, East Edgardo, LA 76840",+16767684011,shakira_abernathy@friesen.example,False,48184
48617,Rep. Jame Marks,"447 Anderson Springs, Lake Adolfochester, NY 87026",+13389176127,shayla@windler.test,False,48617
49379,Ms. Joanie Muller,"Apt. 799 9409 Runolfsdottir Course, Romantown, SD 52258",+19320036561,bethann.rau@nitzsche.test,False,49379
48825,Theodore Jaskolski,"Suite 707 273 Lynch Plain, Lake Fabiola, OK 41725",+16258314240,loyce@kuhlman.example,False,48825
49490,Benny Macgyver,"21145 Thompson Springs, West Bertram, MS 54262-0920",+12342941605,dan@klocko.example,False,49490
50244,Corazon Schneider,"6455 Conn Mountains, South Neelyborough, SC 65433",+15444938341,harry_krajcik@jenkins.test,True,50244
49216,Prof. Sherman Collins,"283 Stefanie Ports, West Horaciohaven, TX 48737",+17359149482,ying.kihn@kautzer.example,True,49216
49761,Ngoc Stark,"Suite 879 223 Alice Manor, Port Ji, AL 67122-2415",+17794620713,zena@pouros-wilkinson.example,False,49761
48782,Rosemary Rodriguez Iv,"Apt. 192 969 Krissy Port, South Inger, MS 63584",+13649196222,delmer@barton-rau.example,False,48782
48798,Gov. Selina Nitzsche,"Apt. 176 81566 Grady Islands, Rafaelview, NV 23601-3743",+18220107874,clay_schmeler@wehner.example,False,48798
49963,Deane Cole,"47879 Howe Port, Gabrielaburgh, OR 14431",+19716828440,ermelinda@rosenbaum.test,True,49963
48097,Denny Kemmer,"6958 Mohammed Port, Skilesburgh, RI 20621-7558",+11330363486,rosann@white.test,False,48097
49743,Mr. Jacinta Auer,"388 Antonette Springs, South Shawanna, MO 62143",+14209074499,ethel@strosin.example,False,49743
49506,Sen. Warren Morar,"Apt. 514 21784 Edgar Fall, South Romana, FL 80706",+14418878204,porfirio_kutch@labadie.example,False,49506
49413,Gov. Clair Ernser,"846 Delbert Islands, West Teena, MS 81187-4130",+15730137388,leanora_green@harber-koch.test,False,49413
48012,Prof. Socorro Larson,"Suite 450 554 Noma Viaduct, South Rodger, NE 51767-9575",+16818997636,hermila@schultz.test,True,48012
50480,Mikki Brown Ret.,"166 Towne Port, East Mortonmouth, UT 47218-5616",+18065267810,marquis_ernser@mcdermott.example,True,50480
50636,Sherie Crist Sr.,"3525 Cassin Cove, West Danyel, AR 30643",+12370458885,hung.dubuque@murphy.example,False,50636
49661,Tifany Cummings,"Apt. 606 905 Kirlin Crescent, North Cathrineton, CA 82896-1684",+17827880303,arturo_denesik@okuneva.test,False,49661
48707,Beata Mcclure,"Apt. 803 3652 Aura Station, Cruzshire, LA 75802",+18751156128,hector@considine-keebler.example,False,48707
48285,Miss Long Gleason,"89647 Buckridge Light, West Keeleyburgh, TX 27865-6229",+13688194542,dominique@crist-fadel.example,False,48285
50470,Miss Denny Wintheiser,"3475 Ronny View, Elbertton, IL 23499",+11393136087,tonya_schumm@hickle.example,False,50470
50558,Ezra Gutkowski,"71702 Schinner Orchard, Arronfort, CO 90435-3072",+13165614010,courtney_hintz@bernier-kovacek.example,False,50558
50772,Vincenzo Schultz,"658 Jenkins Spring, North Joaquin, IN 26673-0571",+15984077061,noma_schowalter@donnelly.example,True,50772
49184,Mr. Cecily Mccullough,"Apt. 903 152 Turcotte Green, Roobside, OH 93800-2837",+12522299253,teddy.halvorson@kulas.example,False,49184
48267,Ronald Fadel,"Apt. 864 419 Alexander Avenue, North Chester, WA 07925",+14138771562,katina.hessel@terry.test,False,48267
50012,Manda Lebsack Jr.,"Apt. 210 933 Schimmel Dale, Mikemouth, SC 73074-3106",+13879886987,tasia@bartell.test,False,50012
49931,Miss Samuel Barrows,"8869 Doretha Junctions, Herzogmouth, WY 90903-3101",+19990343373,jermaine.nicolas@okeefe.test,False,49931
47808,Charley Halvorson,"Apt. 734 2075 Nicolas Route, New Hipolitotown, DE 90945",+15726289341,eveline_haag@smitham.test,False,47808
49045,Refugio Durgan,"724 Monahan Radial, Lake Jordon, ME 58647-0559",+19739200594,jacqueline.veum@satterfield-bahringer.example,False,49045
48845,The Hon. Ute Yundt,"Suite 234 79719 Mertz Brooks, Deedeeton, LA 52550-1866",+11383267236,hsiu.mcclure@toy-pfannerstill.example,False,48845
48023,Tabitha Flatley,"Suite 150 8581 Jesse Unions, Lake Owenstad, IA 67194-2474",+16017935409,chan_weimann@marvin.test,False,48023
51035,William Johnson,"Suite 389 9726 Sharon Station, North Sue, DE 44964-5210",+11484508063,sharice@leffler.example,False,51035
49342,Ela Haag,"723 Quiana Course, East Mozelle, UT 34016",+11092741850,dong.fadel@wehner-hickle.test,False,49342
48870,Davida Adams Esq.,"Suite 711 76754 Kerry Valleys, Socorroton, CT 25881",+16100521929,marcell@abernathy-bosco.test,True,48870
51006,Asa Hills,"Suite 478 716 Simon Views, Buckridgechester, MD 96137",+17829851887,lorretta.funk@thompson.example,False,51006
50796,Brittanie Bruen,"Apt. 253 877 Rutherford Cliffs, West Glenn, PA 22883",+18601234069,dante@schuppe-mayert.test,False,50796
47927,Mr. Zenia Harber,"Suite 779 719 Dirk Heights, Lake Sol, NH 40117-8965",+18954113733,odis@kautzer.test,False,47927
48312,Jessica Baumbach,"153 Mohr Inlet, Libbyville, MD 14388-7218",+19203824433,hanh@cole.test,False,48312
47796,Marlon Davis,"Apt. 853 163 Reilly Flat, Vincentmouth, NY 21622-6154",+11530643289,naomi@satterfield.test,False,47796
48290,Rep. Mohammed Will,"1040 Cristobal Skyway, New Shaunnashire, CA 50987-8527",+13251065904,kelly_beer@hayes.test,False,48290
50595,Duncan Lakin,"Apt. 101 20379 Iris Ways, Sydneyshire, OK 70137-3865",+16582431633,rickey@bergstrom.test,False,50595
49891,Lowell Lockman,"4720 Laverne Underpass, North Henriette, NJ 87581-3319",+14387036166,ted@langworth.test,False,49891
48188,Aaron Mills,"3418 Alberto Crossing, Port Nickolasview, MS 87911-4882",+18958982593,zaida@daniel-brown.example,False,48188
49699,Merle Harvey,"Suite 106 67739 Jewel Well, North Twila, CO 67841",+17664189705,harmony@watsica.example,False,49699
50380,Vince Watsica,"Apt. 103 7196 Myung Lights, Port Shantaeland, NC 96050-2288",+14544919515,bess_lesch@berge.example,True,50380
49934,Benton Schaefer,"788 Abel Forest, Williamsonview, IL 07601",+19305375513,christopher@collins-connelly.example,False,49934
50219,Jacquelynn Waters,"Suite 117 80658 Morissette Field, Hoegerview, TN 33438-6035",+12835639741,maddie.dubuque@orn.test,False,50219
48947,Jefferey Hansen,"7982 Cornelius Dale, Port Eugenioberg, IA 44696",+17845367485,eldridge.satterfield@wilderman-schowalter.test,False,48947
49343,Winter Cremin,"75033 Otelia Vista, Jerdefurt, AR 11413-6880",+19412014989,majorie_fay@gislason.example,False,49343
50553,Leandra Sawayn,"965 Huel Unions, West Bradford, MO 30050-9367",+18185409836,vinita.price@hegmann.example,False,50553
50649,Sidney Carter,"806 Nick Turnpike, Torphychester, NM 30479-6964",+11691048889,jefferson_kling@wiza.test,False,50649
48028,Leslee Feeney Ii,"6012 Padberg Cape, Beierchester, UT 22087",+15186514816,laurette@thiel-howe.test,False,48028
49003,Phillis Leffler,"5526 Shawnta Orchard, East Elbert, WV 67444-9730",+16609158617,merrill@braun.test,False,49003
49873,Merrilee Durgan,"140 Kenny Tunnel, Kuhnview, NM 62332",+15219702962,fidel@streich-roob.test,False,49873
48912,Patrick Labadie Jd,"324 Steuber Trail, South Lilyside, CT 40748-9372",+13034837598,leon_treutel@homenick-okon.test,False,48912
48726,Miss Julius Spencer,"Suite 451 910 Lamont Mission, New Vancebury, WV 35312",+13077776176,lindsey@zboncak.test,False,48726
49573,Pete Ziemann,"7690 Francesco Brooks, East Terisaburgh, PA 69436",+14817072911,thuy_lemke@donnelly.example,False,49573
47713,Francene Hand,"7922 West Islands, Port Scottie, MD 11671",+13522432073,thu@buckridge.test,False,47713
48125,Numbers Hane,"Suite 324 8442 Johns Road, Valerimouth, VT 78795-1246",+11908580548,adelaida@wilkinson.example,False,48125
49239,Dr. Geraldo Treutel,"Apt. 887 1340 Morar Centers, North Wernerstad, ME 04304",+18988258483,scotty_willms@crooks.example,False,49239
50278,Gov. Kary White,"35558 Wilkinson Dale, South Tameshaland, NM 07401",+17559076897,peter@fritsch.example,False,50278
49375,Alphonso Kub,"Apt. 743 599 Daisey Parkway, Scottietown, ME 22586",+11800005143,ronald_lang@hessel-block.test,False,49375
49420,Nancie Corwin,"Suite 909 39334 Spinka Road, East Phyllis, VT 12045-2006",+13157838791,george@bayer-hirthe.test,True,49420
50771,Tora Grady,"3389 Madelaine Mountain, West Rodolfoview, MA 72913",+18997859758,jaime@murazik.test,False,50771
50283,Olene Mckenzie,"Apt. 737 227 Raynor Crossing, West Wardburgh, DE 20596-8617",+13310184003,graig.gibson@cormier.example,False,50283
48966,Alvin Lubowitz,"Suite 836 6022 Treutel Manors, Lake Aaron, NM 19458",+17293516078,eddy@gutmann.example,False,48966
47907,Mr. Herman Goodwin,"4144 Moore Highway, Venicestad, MT 39430",+17283262458,sol_gutkowski@kohler.example,False,47907
49910,Phyllis Cronin Iv,"Apt. 443 9663 Gorczany Pine, South Zola, WV 74542",+18595258819,spencer.robel@larson-roberts.example,False,49910
49644,Trent Wilkinson,"Suite 728 23825 Ward Roads, East Theodora, MN 30660",+13403736980,saul_stamm@reichert.test,False,49644
47811,Tish Sawayn,"Suite 753 904 Kelle Ways, Stammshire, NV 92543",+18497716518,ivory.brown@wuckert-kris.example,False,47811
48472,Jesenia Funk,"Suite 445 500 Loralee Track, New Letitiamouth, ND 38106-8697",+13129402999,tari_stokes@doyle-price.example,False,48472
48662,The Hon. Christiane Bayer,"8549 Hoppe Unions, Port Geneborough, IN 78613",+11708615059,eugenio@huels.example,False,48662
49709,Corina Schmitt,"251 Mraz Alley, North Bernie, CA 40322",+16880391532,soon@dibbert-veum.example,True,49709
48953,Desirae Moore Lld,"221 McKenzie Port, Damientown, ME 03585-4205",+14460894331,cesar@bernhard-vandervort.example,True,48953
50879,Devin Morar V,"Suite 416 801 German Harbors, South Deirdreshire, MS 12601",+19888293572,felix.bergnaum@baumbach-klein.example,False,50879
50997,Major Blanda,"747 Donnelly Square, Port Tamar, NC 59921-4815",+18165284641,ismael@reichert.example,False,50997
50829,Pres. Laurette Hane,"Suite 356 604 Ondricka Passage, New Gertrudis, NJ 40526",+18675506501,jamal@schultz.example,True,50829
50910,Prof. Lyn Green,"70452 Dominga Isle, West Tressa, MD 40096",+12279385919,aleshia@fadel.test,False,50910
48005,Mrs. Daren Abbott,"Suite 712 799 Jaskolski Rue, Langworthville, DE 47216",+16966618906,creola_schowalter@okuneva.example,False,48005
49167,Alex Grant,"871 Stella Haven, Lake Manuelhaven, HI 97170",+13733963600,jules_dare@cassin.test,False,49167
48421,Mr. Tabatha Kautzer,"9719 Dach Field, Stehrfurt, CA 16250",+15688317096,sid@sanford.example,False,48421
50269,Prof. Cheri Russel,"Apt. 575 65174 Randa Oval, South Tuanburgh, MT 45671",+11457776118,larisa@west.test,False,50269
49064,Aurelio Shields,"Suite 551 1677 Ha Mews, Amparochester, SC 93141-7119",+11521347109,patrina.berge@swift.example,False,49064
48114,Madalene Medhurst,"101 Botsford Neck, Port Keven, NH 09658-1234",+19558071341,emilio_hand@wehner.test,False,48114
47897,The Hon. Ariel Halvorson,"Apt. 310 7121 Abbott Row, Lake Deonna, KS 29022-4971",+13203796843,velvet_goodwin@champlin.example,False,47897
48706,Johnson Greenfelder,"49973 Tony Inlet, North Ross, WA 76993-8906",+11631073047,mohammad@hackett.example,False,48706
49606,Prof. Blossom Rutherford,"71659 Bechtelar Route, Lake Marquis, ND 53073-7510",+14218259923,marguerite@hansen.test,False,49606
50252,Hector Legros,"365 Bartell Views, Lake Numbersland, PA 80850",+14431482382,darryl.bauch@rutherford.example,False,50252
50715,Landon Schowalter,"Suite 301 1622 Mohammad Key, North Kerryton, SC 48054",+13953919707,tricia.medhurst@prohaska.example,False,50715
48796,Jamel Vandervort,"78149 Lizzie Street, East Malcolm, IA 13609",+12025626853,lucius@langosh.example,False,48796
50465,Fr. Angeline Quigley,"5316 Wolff Circles, Port Setsuko, OK 32053-4366",+15527592226,margy.aufderhar@davis.test,False,50465
49419,Larita Kessler,"Apt. 855 276 Shizuko Glens, North Maria, NE 26014",+11503795075,kirby@volkman.example,False,49419
48254,Miss Antwan Adams,"7387 Shery Neck, North Michelineland, AK 82844-4229",+15876130106,merlin.mcglynn@okuneva.example,False,48254
48819,Denis Bruen,"26929 Runte Greens, West Angelbury, NE 04254-2601",+18581016409,robby_feest@schaden.test,False,48819
50202,Sen. Augustina Rosenbaum,"619 Barrows Streets, West Rodger, NE 05005-5299",+11045509594,lin.hahn@kohler-gleason.test,False,50202
50347,Sen. Lieselotte Hills,"6255 Myles Place, Jerrodville, UT 17777",+17647176174,eddie.auer@carroll-stroman.example,False,50347
47694,Ms. Tyrell White,"Apt. 447 3319 Lon Village, Graycehaven, MT 71685-8531",+11160463583,marla_botsford@rodriguez.example,False,47694
49476,Kera Larkin Sr.,"Suite 903 3597 Deane Burg, New Nishamouth, FL 45523",+11994287995,jerome_littel@windler.example,False,49476
47795,Kevin Shields,"660 Monahan Extensions, East Chelsie, IA 47779-6054",+14087657831,bill@shanahan-kshlerin.example,False,47795
49779,Shane Beahan Iii,"4536 Purdy Estates, West Carrol, NY 13398-6016",+16258401787,frida.walter@kreiger-hickle.example,False,49779
49393,Ethan Hyatt,"16653 Crooks Motorway, Simonisborough, PA 21192",+14672568101,efrain@bernhard.test,False,49393
49445,Lauralee Marquardt,"Suite 126 5030 Champlin Branch, Schmittshire, AR 05812-2081",+12647144290,ryan@russel.example,False,49445
50992,Jamal Kutch,"Suite 206 894 Doug Ville, Pacochatown, LA 06048",+11834268845,rashad_kessler@luettgen.test,False,50992
48134,Miss Michel Gottlieb,"Apt. 150 495 Turcotte Station, South Georgeannport, NV 49926-6467",+12802554104,booker_kerluke@jacobi.example,False,48134
49123,Altagracia Boyle,"506 Rickie Path, East Merrillhaven, MT 78876-7129",+11362047838,markita_huels@bogan.test,False,49123
50803,Monica Sporer,"889 Mason Street, Hartmannview, TX 13646",+19488841991,giovanni.ritchie@reichert.example,False,50803
51078,Jolynn Harber,"94154 Gorczany Mountains, Lake Troy, TN 63090-6676",+11597179869,jenise_bergstrom@nikolaus-ratke.example,False,51078
47894,Edward Mertz Iii,"Suite 146 1538 Okuneva Shoal, Ferryton, NJ 48815-6781",+18970766420,kraig_corwin@terry.test,False,47894
50021,Dr. Adalberto Bauch,"9749 Dagmar Burgs, South Hiltonport, ND 83831",+11682280602,salley@batz.example,False,50021
51071,Alejandro Herzog,"948 Hickle Lodge, Ilanatown, TN 95318",+11930263537,ernestina@ernser.test,False,51071
48047,Ardella Terry,"Suite 700 575 Derek Valleys, O'Connerstad, RI 26761",+12362858520,blaine.sawayn@bergnaum-mohr.example,False,48047
47920,Rodrigo Fadel,"Suite 683 387 Ratke Parkways, Peggyland, UT 21282-5868",+15213639469,teddy_kemmer@collier.example,False,47920
48131,Ms. Janay Bruen,"Apt. 547 80993 Melanie Pike, Greenholthaven, NE 73676",+12289018953,cuc@considine-beer.test,False,48131
49975,Eldon Hegmann,"Suite 340 6149 Edmund Terrace, Breitenbergtown, MA 91618-6864",+18803626590,williams@lynch-purdy.example,False,49975
48480,Doug Berge,"Apt. 304 890 Swift Divide, East Jarrett, CO 69861",+19165924063,verna.heidenreich@greenfelder-kirlin.example,False,48480
50637,Elvera Tillman,"Apt. 638 6888 Veum Mission, Glenport, WI 02109-6960",+14653711825,bruce.davis@macgyver.test,False,50637
48644,Pres. Onita Cassin,"981 Cummerata Ramp, East Lettyborough, MO 31718",+18207042222,letisha@kulas.test,False,48644
48769,Luanne Brekke,"9750 Beatty Cliff, Mayerthaven, NE 60330",+16590852458,fredric@schinner.test,False,48769
48700,Arianne Runte Ii,"29313 Charles Ranch, South Clair, VA 62232",+15997826448,susana@brown.test,False,48700
51102,Stanton Kohler,"251 Renner Parkway, Baumbachburgh, IL 57541-1686",+17008400405,wen@schinner-schuster.example,False,51102
49639,Hilaria Wuckert,"743 Mitzi Lodge, South Domitila, OK 17518",+19406547989,ervin@conroy.example,False,49639
50756,Mr. Doreen Klocko,"Apt. 303 290 Signe Island, Gradyburgh, LA 41783",+18909260006,charleen@brakus.test,False,50756
48866,Edgardo King,"Apt. 484 3830 Luettgen Oval, South Jamelside, WY 19320-8220",+18597926782,harlan_russel@wintheiser.test,False,48866
48456,Walter Deckow,"Suite 348 784 Bins Isle, New Maidaborough, OH 20223",+14869578145,wilhemina@rath-funk.test,False,48456
51015,Danny Parker,"49790 Ira Fields, Littlehaven, KS 33772",+16114886964,pierre@nienow.test,False,51015
50972,Genesis Walker,"Apt. 516 67210 Schmitt Extension, Dustinburgh, NC 04161",+15647544706,karlene@kihn.example,False,50972
50923,Amb. Adam Padberg,"Suite 195 26513 Rutherford Burgs, East Josef, GA 36296-0109",+11229745393,jacklyn.macejkovic@harvey.example,False,50923
48811,Owen Prosacco,"13759 Rod Knoll, Evelynehaven, OK 03432-2493",+14461819514,nubia@maggio.example,False,48811
48425,Sadye Herman,"8903 Swaniawski Port, Swiftton, TN 75896-3663",+19787935205,violeta_schamberger@hilpert-mills.example,False,48425
48113,Wallace Padberg,"Apt. 210 6506 Schimmel Spur, East Magaliville, VT 98169-3479",+12424069560,jacquelin.batz@effertz.example,False,48113
50922,Joshua Reynolds,"Apt. 360 4006 Pouros Drive, Oberbrunnermouth, PA 60794-0474",+11949292142,chadwick_hane@beer-cruickshank.example,False,50922
49367,Cornell Shanahan,"22885 Olson Alley, Lake Tommiefort, NC 73065-8185",+14017096647,edra_anderson@armstrong.test,True,49367
47670,Tim Nicolas Vm,"764 Frami Coves, North Ezekiel, VT 93063",+16981840079,adele@pfeffer-schuppe.test,True,47670
49084,Pres. Prince O'Conner,"Suite 392 4450 Lamar Orchard, Tanaville, CT 02129",+16517650794,idell.waelchi@denesik.test,True,49084
47799,Hazel Smith,"785 Heaney Walks, Ruthmouth, WV 32930-2880",+14047844837,cole@schowalter-witting.example,False,47799
48954,Harvey Fritsch,"Apt. 919 42428 Elinore Stream, Greenton, VT 55355-6413",+11522362776,lavinia.walker@kerluke-bartell.test,False,48954
49729,Mohammad Mccullough,"88345 Conroy Hollow, Kohlerburgh, VA 02149",+15177470053,jude_reilly@hintz-kovacek.example,False,49729
49753,Msgr. Marty Lubowitz,"826 Steuber Flats, Hammesbury, OH 38357-6806",+14023038656,dorothy.luettgen@schultz-berge.test,False,49753
47857,Joaquina Ziemann,"Apt. 996 9357 Marlana Plaza, New Lemuel, IL 84806",+13850437070,ana.oberbrunner@kautzer.example,False,47857
51041,Pres. Delilah Schimmel,"5744 Stracke Loop, East Mabeltown, AZ 77138-2120",+15124915495,madelene@kuhic-mohr.test,False,51041
49033,Caren Von,"739 Gusikowski Dale, East Granville, VT 02554",+16059216139,gladys_sauer@gibson-kertzmann.example,False,49033
47951,Pasquale Towne,"Suite 978 9552 Volkman Summit, Sauerfurt, OR 43758-9018",+18319214788,genevie_batz@west.example,False,47951
49353,Lorna Armstrong,"Apt. 238 3736 Annabell Land, Littlemouth, FL 56238",+17062235327,meryl_koepp@hickle.test,False,49353
49892,Aurelia Klocko,"30554 Windler Lake, Bradymouth, MA 19999",+14120196330,gail@lebsack-schiller.example,False,49892
50598,Alida Weissnat,"Suite 631 4491 Schroeder River, Sawaynborough, WA 40168",+11985694469,phyllis_dibbert@abbott.example,False,50598
49758,Dane Swaniawski,"2673 Madeline Trafficway, Wehnerhaven, AZ 83401",+18783987123,sherryl_ziemann@gleichner.test,False,49758
49969,Rep. Jeremy Turner,"1351 Stoltenberg Stravenue, East Arcelia, AZ 35046-9888",+17513842983,isreal@schneider-runolfsson.test,False,49969
48946,Abram Abernathy,"Suite 604 48620 Jarvis Square, Port Bertieborough, AZ 20220-1712",+14260994178,cedric.erdman@barrows.test,False,48946
49726,Eleni Ledner,"Apt. 270 925 Candi Extension, New Scottie, OK 47964-7786",+17330919315,pierre@yundt.example,False,49726
49099,Sammy Blick,"Suite 692 121 Antonina Center, New Tyrell, MS 91376",+18310761917,jermaine_kessler@yost.test,False,49099
51012,Candie Gutkowski,"4366 Gleason Route, Hoegerton, WV 83998-2096",+17764896708,stevie_powlowski@goldner.example,False,51012
50521,Beula Corwin Dc,"3969 Nada Harbor, New Adalberto, MO 76037",+18387729922,lorri@effertz.example,True,50521
51021,Lenita Sanford,"9896 Keebler Ridge, Lake Odis, MT 75637-3421",+16735600497,jina@harris.test,False,51021
49120,Prof. Valentina Schowalter,"Apt. 519 61954 Tyrell Ranch, Grahambury, WV 75517-2243",+11775798257,vasiliki@blick.test,False,49120
50599,Candyce Swift,"8600 Lupe Expressway, Lucasmouth, ID 74797",+12106742930,deeanna.marquardt@hessel.example,False,50599
48507,Angelo Terry,"Apt. 345 4813 Zieme Union, Strosinmouth, WA 74679",+12618064093,enedina_ritchie@heidenreich.example,False,48507
48124,Dorian Carter,"517 Kris Gardens, Roycebury, WV 00958-4701",+13894053796,deena_grant@damore.test,False,48124
48923,Sen. Rima Hoppe,"143 Yen Extension, Noahbury, NV 98629",+18945651684,emma.damore@mueller.example,False,48923
49520,Dolly Konopelski Dvm,"Suite 898 257 Floyd Club, Ciramouth, CO 05825",+15344483702,andreas_wyman@wolf-larson.example,False,49520
50732,Fredric Powlowski Iii,"Apt. 450 69390 Zboncak Lodge, North Malkabury, NE 83529-4080",+16596859402,carlena_friesen@osinski.example,False,50732
48873,Adam Torphy,"86813 Naoma Shores, East Bruno, NE 23802",+15403296209,shae.schroeder@balistreri.test,False,48873
49429,Gov. Tobias Okuneva,"Apt. 855 48825 Nettie Via, Kuvalischester, ND 06992",+17715878304,marion.weber@donnelly.example,False,49429
51067,Mckinley Bashirian,"6762 Bahringer Points, Gemafurt, DE 27934-1303",+19687547310,jayne.rice@kunde.example,False,51067
49976,Fr. Pa Sporer,"Apt. 206 8224 Marquardt Road, Waynetown, MI 91992-4286",+19505359681,curtis.wolf@wintheiser.example,False,49976
50466,Rep. Numbers O'Keefe,"3521 Elliot Center, East Evan, OK 66914",+15906989135,kirby@rogahn-rice.example,False,50466
49089,Mrs. Otto Leannon,"Suite 470 5794 Connelly Coves, Erlindatown, MO 56050",+19050329628,tanika@beahan.test,False,49089
50042,Amos Kiehn,"Apt. 750 1966 Albertina Rapids, Lake Susanne, SD 83966-0289",+12777665614,louis.fahey@herzog.example,False,50042
48626,Eliseo Jones Iv,"23229 Gusikowski Island, Wadeton, NY 85184",+11471053982,antonina@kub.example,False,48626
48850,Houston Schaden,"1593 Mitchell Run, Schultzport, LA 63932",+13174263482,ramiro.waters@windler.test,False,48850
49109,Cherly Abshire V,"Apt. 317 12472 Nathanael Junctions, Rosendoshire, WA 82167",+19003432720,antonia.medhurst@stiedemann.example,False,49109
50078,Duncan Cruickshank,"5044 Britni Glens, New Nedraville, IA 18856-3564",+16405788756,long@green.test,False,50078
49886,Trenton Kshlerin,"Apt. 499 351 Artie Port, Patiencefort, CA 28855",+12145893884,simone_simonis@weissnat.example,False,49886
49232,Tarsha Fay,"77163 Fisher Meadows, Antoniohaven, TN 37059-8942",+12391126891,clarisa@swift.example,False,49232
49789,Ericka Marks,"330 Stoltenberg Forge, Berryside, OH 42812-1017",+18315552753,frankie_terry@wolff.test,False,49789
49133,Tyson Will Iv,"4818 Roob Expressway, West Laurencebury, NJ 23941-6518",+17939935209,corazon_ernser@smitham.test,False,49133
50524,Kellee Kerluke,"5002 Cherilyn Parkways, Port Christin, VA 22056",+14294708681,tanesha@schmitt.example,False,50524
49826,Robena Toy,"Suite 495 253 Rosenbaum Neck, Port Hubertton, WV 19434-4572",+18280140620,jerrod@sawayn.example,False,49826
47916,Teddy Schaden,"Suite 940 7666 Kovacek Center, South Mac, TN 55475-8725",+19962238851,maynard@roob.test,False,47916
49181,Elisha Barton,"65666 Brice Rest, Pfefferland, MD 85706",+15359482362,nancey@zemlak.test,False,49181
48404,Florentino Larkin,"413 Volkman Unions, West Liz, ND 19102",+12762733022,reid@jaskolski.example,False,48404
48695,Evangelina Stiedemann,"41787 Heathcote Dale, Monnieton, KY 16660-6519",+18000842812,lennie_langworth@doyle.test,False,48695
48557,Ada Gulgowski,"Suite 344 5961 Kautzer Dale, North Salvatore, TN 79668",+13158752240,augustine_turner@shanahan.test,False,48557
50643,Saul Quitzon,"1265 Gerard Lane, Port Yvonne, KY 88304-2562",+17199472697,chaya.lesch@dicki-keebler.example,False,50643
50137,Louis Vandervort,"Apt. 155 54416 Lasandra Falls, Port Jamie, KS 55246",+19766208826,carylon@rutherford-hauck.test,False,50137
48633,Agripina Lebsack Lld,"9013 Waters Row, East Doretheashire, HI 40221",+19643863861,gerry@kris.test,True,48633
48561,Karl Collins Ii,"Apt. 406 997 Grady Curve, South Anissa, ID 14974-2996",+19426406575,gil@lemke.test,True,48561
47866,Alla Conn Esq.,"65591 Terry Bypass, Lake Dannie, MA 94081",+19758826490,mariano.orn@considine-blanda.test,True,47866
50906,Adena Renner,"39423 Sparkle Island, Lynnshire, CO 06422",+19574674080,newton@schaefer.test,False,50906
48352,Ellsworth Cruickshank,"Apt. 832 67102 Kozey Rapid, Lake Kasandrahaven, NM 66270-6922",+14052964350,micheal@hodkiewicz.test,False,48352
49171,Amb. Vanetta Upton,"Apt. 670 741 Cassin Divide, North Angel, NE 22811",+14988431702,paulina@dubuque.example,False,49171
49292,Yu Nader,"Suite 502 968 Jina Drive, Lake Perryshire, NE 27236",+11498882974,bill_stanton@stroman.example,False,49292
50575,Jimmy Marvin,"Suite 805 2362 McCullough Drives, Angellastad, MO 95922-1945",+13837693175,kim@bayer.test,False,50575
50413,Angeles O'Connell,"Suite 987 5000 Michael Squares, Rachaelville, WV 83916",+14763902516,sanjuana.goyette@williamson.example,True,50413
49401,Rodrick Brakus,"Apt. 647 23485 Schmeler Rest, Wildermanside, OH 90669-1520",+11932943946,scottie@kreiger-klein.example,False,49401
49458,Jacqualine Littel,"Suite 467 7473 Genia Place, Tawnyfort, NM 23552-6030",+16240603957,elias@collier.test,False,49458
49242,Heath Rodriguez,"Suite 683 5299 Joesph Heights, Lake Matthew, MO 91426",+13627267069,palmer.dare@hayes.example,False,49242
50348,Garland Mosciski,"Suite 204 40744 Kihn Islands, Lake Kelvin, AL 28231",+12075642864,pamula@rodriguez.test,False,50348
48794,Fr. Maisie Leannon,"Apt. 274 2867 Zachariah Valley, Evonfort, MD 15575",+13855146709,oren@emmerich.test,False,48794
50334,Junko Schmitt Iii,"Suite 103 8876 Russel Prairie, Charlieshire, OH 17031-0276",+13709230562,loyd.tillman@gibson-metz.test,False,50334
47981,Tora Gerhold,"Apt. 913 64806 Barton Route, West Coy, MO 10148",+11524010306,houston@mayer.example,False,47981
48346,Jackson Blanda Dc,"Apt. 390 2423 Murray Overpass, Hermistonfort, MO 75440",+19044127868,adina@erdman.test,False,48346
50513,Augustine Stoltenberg,"67509 Krajcik Brooks, Lorieton, CO 17861-4481",+18358994777,rocio.ortiz@lowe.test,False,50513
50572,Clair Rempel,"Apt. 624 1423 White Creek, Sandeemouth, PA 50714-2065",+19720262298,corey@dicki.example,False,50572
48621,Cynthia Hickle Sr.,"9710 Hickle Points, Koeppport, IN 35226-6804",+15310797531,margaret@roberts.example,False,48621
47850,Rick Koss,"Apt. 251 56871 Blair Port, Albertview, MO 11478",+12289354814,chanel@muller-hessel.test,False,47850
49626,Cleta White,"Apt. 842 191 Gutmann Rest, West Arlene, WI 73743-8405",+19551754034,oliver@stanton.test,False,49626
50704,Alex Berge,"797 Blair Locks, Boehmborough, KS 65058-5604",+16287390891,deshawn@walker-dibbert.test,False,50704
49513,Felecia Murphy,"6422 Catherine Cliff, Nieshaport, FL 70613-2544",+14199522034,ayesha@hyatt.test,False,49513
50702,Msgr. Patti Nolan,"Apt. 893 92513 Aileen Streets, Danfort, NC 23676-9045",+18642452401,monte@grady-turner.example,False,50702
48691,Sang Kiehn,"19858 Susie Well, Antoineside, MT 83460-3671",+14594230239,linda.powlowski@connelly.example,False,48691
51073,Mia Schneider,"8904 Graham Trace, Jerriehaven, VA 20286-7432",+17334944787,juliana.casper@cummerata.example,False,51073
48801,Jamie Mayert,"545 Fritz Club, Lake Gene, NJ 62620",+13064443653,veola@ruecker-collier.example,False,48801
49550,Marty Spencer I,"9596 Lindsey Greens, East Dawnfurt, SC 79918",+16871446243,joana_wiegand@feest.example,False,49550
49503,Anja Johnson,"Apt. 451 20591 Caprice Stream, Lake Jamal, MS 90441-8004",+12288744982,love@kohler.example,False,49503
50853,Tarra Schaefer,"Suite 242 914 Douglas Canyon, New Cathryntown, VT 97192",+11765466826,fidela@mayert.example,False,50853
51054,Gayle Monahan,"45226 Aleta Ports, Hellerton, ID 49798",+14450229648,royce@herman.example,False,51054
50544,Shan Dicki Iv,"1709 Brent Trail, Zboncakside, WV 65933",+19698200407,lucien@corwin.example,False,50544
48545,Dr. Marin Torp,"974 Ricky Meadows, West Jay, MN 88421-0599",+17263599304,carmelia.bosco@bruen.test,False,48545
49358,Dr. Nannie Aufderhar,"176 Schiller Harbor, Lake Stefania, OR 23821",+15038147991,trudie_jaskolski@kassulke.example,False,49358
48033,Valentin Rohan,"3061 Skiles Court, Marvinstad, AK 52697",+18707894091,cristen_koch@carroll-hoppe.example,False,48033
48941,Maxine Gutmann,"Suite 292 2853 Gutkowski Viaduct, North Odis, CO 18005-0721",+17135359407,thurman@hansen.example,False,48941
50451,Veronica Cartwright,"Apt. 898 9080 Kuvalis Roads, Streichbury, MD 95762",+13125398602,cornell.gusikowski@bauch-roob.example,False,50451
50615,Byron Kirlin,"80277 Burt Knoll, Port Jayburgh, MD 86256-7695",+18396153135,kevin.stokes@sporer.test,False,50615
49690,Arlinda Casper,"576 Marc Station, Jenport, GA 33577",+12740797173,pricilla@christiansen-klocko.test,False,49690
49119,Julene Mueller,"4151 Mayert Wells, Port Gregg, FL 42853-0073",+19808558664,bette@labadie-koch.example,False,49119
47947,Clarence Monahan,"Suite 912 437 Gerlach Camp, East Arlene, VA 83451-6889",+15174949521,moshe@kiehn-medhurst.example,False,47947
50169,Bruna Runolfsson,"Apt. 973 291 Kuhlman Flat, West Delila, CA 37004-2612",+15614336386,cruz.crist@stehr-bradtke.example,False,50169
49760,Adriana Ernser,"Apt. 363 21548 Carmon Ports, Parkerberg, WA 98298-0556",+14930884997,taylor@bartoletti.example,False,49760
48509,Rayna Gislason,"47333 Spencer Terrace, South Sherwoodside, IN 87099",+14638547991,branden.baumbach@bednar.test,False,48509
50409,Maris Skiles Cpa,"Apt. 535 970 Elza Point, Trevorfort, TX 12034-5465",+19641945803,jarod@jenkins.example,False,50409
49527,Rolland Kuhic,"7093 Raymon Street, Lake Lewisberg, SC 83586-9443",+17753808897,tyron_ebert@ondricka.example,False,49527
50858,Brady Pfeffer,"40403 Gislason Island, North Ronny, SD 34062",+14389076329,rodrick@schmitt-veum.example,False,50858
49798,Frederick Bruen Ret.,"Apt. 948 7089 Brakus Curve, Morissetteborough, MA 06075",+13034333801,demetrice_lakin@ferry-botsford.test,True,49798
50461,Nana Douglas,"91389 Renna Pine, West Irena, IA 05904",+18317674067,anthony@becker-shanahan.example,False,50461
50072,Jerald Mraz,"Suite 472 5788 Durgan Club, Lake Guillermohaven, HI 35234-9724",+13221138320,jenni@price.test,False,50072
49806,Le Douglas Vm,"Suite 480 796 Eunice Tunnel, South Luigiside, AR 12429-1041",+18726419511,rex_runolfsdottir@bosco.test,False,49806
49897,Alfred Kilback Do,"Suite 787 36170 O'Conner Springs, North Melvina, PA 37161",+16482817364,destiny@sipes.test,False,49897
49556,Wayne Monahan Jr.,"Apt. 106 3041 Von Locks, O'Haraland, DE 35313-3832",+12771802760,hunter@bode.test,False,49556
49907,Sharice Bernier,"82296 Abernathy Cliff, Abeton, ND 69481",+12344019075,willy.schuster@mayer.example,False,49907
48863,Ron Roberts,"Apt. 596 8120 Senger Underpass, Joyaport, AZ 44788-4814",+12630935490,janey@sporer-hackett.example,False,48863
50986,Pres. Virgina Mraz,"Apt. 183 1470 Caterina Cape, Trompfurt, OH 69406-2704",+12469068770,roberto@stracke.test,False,50986
50152,Cristie O'Kon,"Apt. 208 388 Pat Ford, East Rinafurt, KY 17637",+13101792373,raul@brakus.test,False,50152
50514,Rossie Kovacek,"Apt. 197 9908 Ernie Plaza, West Torystad, IA 84247",+17774150917,kareen_harvey@volkman.test,False,50514
48144,Isidro Cremin,"Suite 723 529 Ledner Plain, North Esperanzamouth, AR 95291",+13981064821,nevada_barton@shanahan.example,False,48144
48898,Pasquale Leuschke I,"121 Will Ford, East Marcelofort, NY 63121-6701",+15206252953,nicol@williamson.example,False,48898
50609,Sarai Jacobson,"Suite 134 64019 Jon Corners, North Alonaport, NV 81038-7338",+15499117957,marian@muller.test,True,50609
49313,Jeffrey Ondricka,"1333 Hartmann Estates, Isiahmouth, MT 19992-1342",+12325232093,stephane@homenick.test,False,49313
47768,Miss Mauro Little,"664 Kunde Highway, New Norberto, WV 66982-2203",+19300135312,hilde_gislason@rolfson.test,False,47768
48207,Lyle Ullrich,"1372 Osinski Islands, Champlinville, MI 55701-3755",+18031725538,pasty.considine@heathcote.example,False,48207
50701,Truman Cremin Vm,"58402 Zona Inlet, New Collinview, MN 93493-0147",+12130600770,delmer@gutmann-gottlieb.example,False,50701
48841,Winfred Lakin,"Suite 567 51176 Pam Freeway, Rashadside, GA 60407",+13753091583,carol.baumbach@ritchie-kuhlman.example,False,48841
48242,Miss Ping Mclaughlin,"4049 Rohan Springs, Biancastad, ME 84568-0051",+11178772942,gracia.zulauf@lubowitz-turner.example,False,48242
49482,Alesha Morissette,"Apt. 683 7906 Ilona Pike, Wolffurt, MN 67850",+11621431343,barton.kemmer@kulas.example,False,49482
49424,Dr. Lita Crooks,"Apt. 853 6297 Lizzette Greens, Streichfurt, MT 28996-6950",+19038675119,karon@klein.test,False,49424
48696,Leo Hane Dc,"Apt. 222 79334 Rubin Turnpike, Karleneberg, NE 44891-4744",+16503471152,elliot_swift@olson-kuhic.example,False,48696
51070,Todd Rodriguez,"4915 Haley Fall, Reubenville, ND 94520",+11258807988,sherise_trantow@bergstrom-mills.test,False,51070
48415,Mrs. Morton Goyette,"Suite 630 1959 Tanya Fall, Port Donashire, NC 87039",+11911425701,magnolia.lynch@medhurst.test,False,48415
47774,Blanche Lang Phd,"Apt. 821 7388 Keva Mountain, Casperton, ME 29234-6786",+16740434761,shawnee_graham@wilkinson-stokes.example,False,47774
47986,Jacob Heller,"188 Chad Shores, Sidneyberg, OH 74992",+18046973235,rosalina_sauer@stokes.example,True,47986
50189,Laurie Zieme,"Apt. 956 338 Zieme Crest, Lake Lillie, IN 18350-0074",+14929798173,florrie_christiansen@hessel.test,False,50189
49985,Mel Mclaughlin,"2760 Clarissa Pike, Friesenside, DE 88444-4014",+12659136332,delma.bauch@vandervort.example,False,49985
49647,Prof. Farrah Schmeler,"Apt. 530 629 Waelchi Estate, Port Chanteberg, KY 07938-2364",+12396372034,shavon@gutkowski.test,False,49647
48650,Nichelle Ward,"Suite 203 7809 Casper Oval, Lake Lashawntown, VA 32966-1103",+15863974167,florencio_weimann@huels-schmidt.example,False,48650
50355,Trey Price,"Apt. 947 567 Thompson Highway, Port Frederickhaven, NE 67075-8978",+13033025914,leon@goldner.test,False,50355
50729,Avery Mertz,"Suite 316 98213 Elwanda Coves, East Tonaborough, OH 81151",+14651820207,maurice@okuneva-mccullough.test,False,50729
50811,Kerry Lind Esq.,"Apt. 215 170 Shanahan Mall, South Rashad, ME 19122-8162",+18970590316,augustine@barrows.test,True,50811
49511,Mr. Julieta Schoen,"539 Shana Lock, Port Ethan, AZ 59794-4223",+18278356887,lelah.muller@schimmel.example,False,49511
50937,Gonzalo Harris,"Suite 474 86916 Heller Avenue, O'Konstad, HI 10554-0978",+13428196939,yuri_sanford@gutkowski-sanford.example,False,50937
48788,Prof. Jarrett Reichel,"6173 Barton Meadows, Kennethview, KY 21162",+17402472030,marcel_funk@koss.example,True,48788
50075,Nicki Yundt,"Apt. 701 77389 Stanton Overpass, Rohanberg, AZ 59032",+18839791982,man@anderson.example,False,50075
47859,Yesenia Frami V,"7828 Nyla Common, Schowalterhaven, RI 64640-0319",+19127769521,abdul_metz@bogisich.example,False,47859
49276,Tad Schuppe,"Suite 417 8778 Bauch Lodge, West Jan, CA 91260",+11129484870,benedict@willms-ernser.example,False,49276
50170,Harold Moen,"Suite 715 3329 Haley Fords, Boscohaven, CA 67669",+17526543254,seth_grimes@lueilwitz.example,False,50170
50749,Pres. Scot Murazik,"Apt. 656 213 Shane Springs, Luettgenfurt, WV 97410",+14445732479,hildegard@osinski.test,True,50749
49496,Boris Tromp,"29137 Rowe Bridge, Trevorside, SD 17159-5340",+13321680354,sammy.west@abernathy-hintz.test,False,49496
48948,Nicolas Harvey V,"Suite 625 75303 Feest Gateway, Shuton, AK 58383",+13683996700,eloy_kiehn@kunde.example,True,48948
49952,Carlo Beahan,"Apt. 798 62715 Hedwig Track, East Shereehaven, AK 99832-7072",+12065259895,isaura@bode.test,False,49952
50009,Georgeann Kuhlman,"Apt. 855 3479 Glover Walk, Goldiebury, AR 61703-9767",+18663809756,hal@stehr.example,False,50009
49668,Amalia Mueller,"998 Satterfield River, East Janettetown, SC 81096-9041",+19850976568,nga_roberts@lueilwitz-tillman.test,False,49668
50070,Barrett Heaney,"Suite 502 837 Gleason Spring, Dickensville, AR 82975",+18882912753,clifford.auer@abbott.test,True,50070
47845,Derek Williamson,"571 Bergstrom Gardens, Catharineview, NM 94091-8730",+14508780621,joella_davis@hermiston-howe.test,False,47845
50321,Gov. Joey Mckenzie,"Suite 282 433 Reichel Spurs, Bertramberg, WY 15200-6265",+15885020635,kraig@flatley.example,False,50321
48993,Crista Schultz Md,"6661 Baumbach Lodge, South Heideview, GA 88907",+12308839706,isiah_graham@erdman.test,False,48993
49759,Kit Donnelly,"75687 Ryan Street, Schaefertown, OR 38398",+12963366446,jacqualine@gutmann.test,False,49759
51048,Buck Rutherford,"88934 Bechtelar Crossroad, Port Lisette, HI 10313",+12511298986,drew@greenfelder.test,False,51048
47781,Malik Casper,"Suite 852 6071 Frami Grove, Lake Refugiofurt, MI 42887",+11659274202,penny_deckow@watsica.test,False,47781
49730,Mr. Refugio Durgan,"Apt. 795 53030 Bette Dale, Port Beatabury, LA 91315",+16435651445,kia_koch@mayert.example,False,49730
48903,Ariana Collier,"Suite 802 7980 Grayce Hollow, South Fernande, WY 35617",+18057291291,monte@rolfson-paucek.example,True,48903
49849,Wilbert Sawayn,"Apt. 917 97175 Schuppe Mill, Mooremouth, KY 04923",+18032896945,cameron@romaguera.example,False,49849
50206,Lashaun Leffler,"131 Stiedemann Village, Corwinhaven, TX 87839-2907",+18147022860,craig@robel-morissette.test,False,50206
50198,Ginger Greenholt,"911 Juan Pines, Blandabury, TN 28553-1430",+13711836175,virgil.upton@abshire-collier.test,False,50198
49288,Marjorie Johnston,"Apt. 686 55472 Milton Ports, Jerdeview, OK 42190-7906",+14052626697,dewayne_schimmel@botsford.test,False,49288
47842,Suzanne Turner,"Suite 218 4971 Marianela Hills, West Edgardotown, DE 23453",+18225953459,angle.mann@zulauf-strosin.test,False,47842
49878,Charisse Jacobs,"754 Schimmel Spurs, Arlenport, CT 65171-4642",+19703229879,meghann.huel@casper.example,True,49878
50121,Mark Blick,"916 Yost Unions, North Chase, AK 15690-1085",+13674592084,neil@bechtelar.test,False,50121
48454,Mose Hand,"Suite 536 64876 Jeremy Estate, East Kerry, WI 75121",+17196584706,rheba.huels@stoltenberg.test,False,48454
49312,Winford Runolfsdottir,"Apt. 379 67672 Toni Brook, West Alyssahaven, SD 51084-7391",+18443971486,lamont_boehm@reinger.example,False,49312
48476,Darwin Kunze,"Apt. 944 3122 Tony Plains, New Major, MT 79255",+15220362870,marc@emmerich-skiles.example,False,48476
50421,Gary Bednar,"659 Angel Fields, South Dannyfurt, ID 11003",+14804301835,ivory@gislason.test,False,50421
49675,Louvenia Gulgowski,"72714 Claude Corner, Karlport, ND 88287-8470",+11625980745,brendon.runte@mann.test,False,49675
49895,Leilani Ondricka,"Suite 825 140 Jarred Highway, East Jesschester, NM 64492-4553",+12051075342,wayne@zieme-king.example,False,49895
48806,Tinisha Haley,"Apt. 572 99286 Hilll Inlet, Millerbury, WY 45541",+11569806217,lucas@cummings-braun.test,False,48806
49519,Elizebeth Christiansen,"Suite 293 42057 Littel Station, Federicoside, WY 64408",+12805803334,viviana.boehm@schultz-hammes.example,False,49519
50549,Bryce Anderson Vm,"Suite 145 75037 Larkin Club, East Stephinehaven, ND 02178-3626",+17816390593,idell.kuhn@pagac-johnson.test,False,50549
50690,Fr. Kirsten Ullrich,"6557 Rohan Radial, South Raneeland, SC 34808",+11909713198,michal@schmidt.example,False,50690
48066,Chas Bechtelar,"8575 Kurt Walks, Port Maisie, RI 81923-3837",+19334051940,dorothy@frami.test,False,48066
49103,Morris Runte Phd,"Suite 109 96783 Marisela Road, South Paulstad, OK 70889",+17847583196,rachal@rolfson-schaden.example,False,49103
50836,Serita Kunze,"14230 Belkis Divide, Mohamedland, AR 59194",+11547635586,marcelo@simonis-weimann.example,False,50836
50068,Shane Jast,"Apt. 863 33856 Karima Lane, North Gretchentown, HI 28211-0953",+16898490753,zachary_friesen@hagenes.test,False,50068
50083,Deneen Koepp,"Apt. 647 4144 Treutel Plaza, Frediachester, ID 03332-0103",+13752273613,susana.raynor@zboncak.example,False,50083
51100,Sen. Regena Purdy,"Suite 670 291 Wolff Rue, Chasemouth, HI 36369",+18563130790,roni.doyle@stroman.test,False,51100
49254,Kali Quitzon,"50408 Schaefer Port, Lake Aubreyville, NE 06668-3980",+14823896326,sandy@howe.test,False,49254
51066,Phylis Russel,"Apt. 247 690 Nicolas Harbor, Olenburgh, RI 99063",+11774997131,maire@abshire.test,False,51066
50378,Kristopher Koelpin,"Apt. 474 880 Kareen Route, New Conrad, NC 95431-5363",+17394024143,sharonda_jakubowski@stehr-walker.example,False,50378
49191,The Hon. Earleen Reichert,"952 Frankie Dale, Darrelshire, WV 48485",+11685743328,jean.kshlerin@marvin.example,False,49191
50240,Arden Kerluke Phd,"Apt. 770 555 Kassulke Valley, Kathrintown, IN 11329",+19441203768,reyna.stark@corwin-quigley.example,False,50240
48387,Veta Brekke,"149 Marco Roads, South Eleanoreport, MD 68566",+17591105312,leo_langworth@romaguera-aufderhar.test,False,48387
49332,Vonnie Rutherford,"Apt. 847 3548 Jarred Divide, Howebury, UT 47493-7360",+13777740157,jen@boyer.test,False,49332
50481,Izetta Nicolas Iii,"Suite 173 231 Garland Bypass, Lake Lesleyport, KS 23341",+13963930845,tammara@quitzon-hauck.test,True,50481
48791,Sen. Winona Vonrueden,"164 Leandro Ranch, Aileneview, MA 65026",+17687127767,aja_franecki@kirlin-christiansen.test,False,48791
48820,Robby Goodwin Iv,"533 Will Place, Wizaton, ME 27486-1348",+11071994273,joan.moore@lehner.test,False,48820
47775,Rev. Marlys Smith,"Apt. 671 597 Merle Parkways, Elroymouth, UT 44054",+13914524526,floyd@wehner.example,False,47775
48580,Rory Osinski,"904 Ryan Mission, East Thad, NV 72964",+15613793472,vernetta_wehner@tromp.test,False,48580
50976,Tomi Gleason,"Apt. 135 37511 Lebsack Dam, Kuvalisborough, MT 81115-7879",+13735425457,loyd_yost@hodkiewicz-tromp.test,False,50976
50448,Joey Mcdermott,"Apt. 313 96980 Christian Points, Quitzonport, IA 59442",+13674016693,caroline_schuster@casper-willms.test,False,50448
50928,Pete Pagac Lld,"518 Kub Trace, Nikolausburgh, ME 61197-4557",+15237407906,erich@beatty.example,True,50928
50753,Melanie Buckridge,"Apt. 351 121 Carmen Stream, Joneshaven, GA 95875-1835",+13988122308,joe@mante.test,False,50753
48949,Mr. Klara Harris,"Apt. 900 7908 Klocko Dam, Luciuschester, NV 37026",+19161948937,jospeh@dickens.example,False,48949
47984,Loren Rosenbaum,"Apt. 214 71537 Adeline Forge, Alexanderstad, MT 03355-3299",+15542068727,akiko.rath@lemke-pacocha.test,False,47984
50506,Mrs. Rico Heathcote,"54306 Karlyn Track, Rueckerstad, MT 16831",+12170220911,chong@ziemann-bahringer.test,True,50506
48435,Velia Quitzon,"3468 Renato River, New Stanfordfort, OR 47005",+16170072070,douglass@rohan.example,False,48435
50222,Jason Howell,"Apt. 730 17946 Buddy Islands, South Anamouth, ND 64721-9232",+19555477477,crista.klein@lehner-welch.example,False,50222
49748,Darrin Becker,"76461 Swift Plains, Port Leonabury, NH 67708",+11197586950,sydney_hintz@bode.example,False,49748
48549,Stanley Stamm,"Suite 241 72999 Isreal Mews, Mariaview, MD 01948",+12750461352,eva@murray.test,False,48549
49357,Williams Bergstrom Sr.,"Suite 714 979 Gibson Falls, West Mark, CO 85843-5836",+18021250364,cherilyn_tremblay@hintz-reynolds.test,False,49357
48983,Junior Kshlerin Iv,"Apt. 225 93776 Denae Mountain, Dickfort, AR 42907-2889",+19628969269,virgilio.wisozk@prohaska.test,False,48983
50419,Mr. Latasha Stokes,"Apt. 923 7762 Botsford Mountain, Port Milanside, UT 35281",+13492658776,yael.nicolas@beatty.example,False,50419
48369,Millard Dickens,"Apt. 435 28533 Veum Common, Warnerport, AK 87560-4933",+13727407450,queenie.schulist@ratke-kshlerin.example,False,48369
49258,Gregoria Smith,"3084 Moriah Point, Nickburgh, DE 25885",+15199783078,theo_cormier@lowe.example,False,49258
48604,Howard Fritsch,"58329 Douglas Mission, Hermannberg, SC 14638",+19783116025,carlos.luettgen@fadel.test,False,48604
49538,Lino Nolan,"98253 Ardath Forest, East Taylorton, OH 69295",+19484762995,agnus.ziemann@roob.example,False,49538
49677,Essie Russel,"921 Wai Greens, New Minta, MA 21637-4074",+12368055073,donnie@schuster.example,False,49677
49371,Jamison O'Connell,"Apt. 620 4555 Youlanda Prairie, West Cristobalhaven, KS 66237",+18152465366,gay@heller-lubowitz.test,True,49371
48614,Lashaunda Russel,"Suite 419 2559 Howe Court, O'Keefemouth, AL 10987-4640",+15539184503,leisa.weber@willms.example,False,48614
48071,Gov. Voncile Abbott,"2158 Nikolaus Summit, West Lucien, PA 91232-3647",+11535433114,katharina@volkman.example,False,48071
50619,Manuel Dare,"Apt. 164 90189 Nitzsche Track, Dooleystad, WV 59474-5893",+13783711906,celestina@predovic.test,False,50619
49373,Chase Roob Ret.,"Suite 174 83924 Alina Land, North Johnathon, NC 70817-0845",+12366517270,maybelle_schowalter@glover-zemlak.example,True,49373
50925,Abe Waters,"822 Hoeger Flat, Lake Jeffersonhaven, TN 22503",+12923004091,lurline@dicki-kuhlman.test,False,50925
50192,Herbert Crona,"Apt. 654 78346 Jaskolski Hollow, Lake Rae, OR 19641",+19080472917,boris@heidenreich-stanton.example,False,50192
48169,Cari Koelpin,"Suite 818 55827 Carmelo Extension, Dextermouth, AL 67660",+13484849077,herbert_greenholt@beahan.test,False,48169
48173,Kara Kirlin,"81335 Caren Mews, South Jerilynborough, AL 18739-8058",+18081357227,maisie@smitham.test,False,48173
50990,Ingeborg Metz,"Apt. 771 638 Scottie Meadow, Durganburgh, AR 01801",+13174349974,isiah_mayert@schultz-cruickshank.example,False,50990
48905,Sage Towne,"Apt. 608 7933 Lindgren Neck, Lockmanhaven, MI 77314-3402",+15516256230,blaine.kuphal@swift.example,False,48905
49186,Willie Homenick,"Suite 900 7789 Dietrich Haven, Mirellaland, MA 55490",+17696803088,vance@greenfelder.example,False,49186
48708,Morgan Towne,"Apt. 777 71791 Lucienne Bypass, New Vadaview, ID 77164-2435",+14342840238,monroe@berge.test,False,48708
50058,Aurora Reichel,"Apt. 229 32718 Felipe Harbors, East Myleshaven, MI 15957",+18619686721,natacha@medhurst.test,False,50058
47996,Erma Fritsch,"26632 Naomi Street, Lewisside, NY 02511-1468",+11020576917,ezra@waters.example,False,47996
49192,Fr. Melania Morar,"Apt. 322 818 Lakin Fords, Collinsbury, TX 19980",+14481993641,mckenzie@lemke.example,False,49192
49160,Von Hayes,"Suite 234 652 Lucius Plains, Rippinfurt, KY 88647",+17891142872,larita.donnelly@goyette-crona.example,False,49160
50548,Riley Leuschke,"38830 Carletta Park, West Ceceliachester, ID 32920-2983",+19196047103,talitha@effertz-goodwin.test,False,50548
50798,Cornelia Reichert,"Apt. 272 119 Beatty Lights, Port Lakiesha, IA 15346-5931",+19622469745,larisa@howell.example,True,50798
48844,Shanna Nikolaus,"Suite 753 63621 Fahey Street, Port Kenethview, IN 19012-1628",+12193299854,idell@schneider.test,False,48844
50028,Dana Walter,"Apt. 323 767 Torphy Creek, Lake Danae, WY 51517-6484",+15191865759,lyndsay@howe-halvorson.example,False,50028
47965,Prince Yost Sr.,"40794 Pouros Ford, Lake Ranee, KY 08856",+11244979559,charlyn@durgan-simonis.example,True,47965
50613,Antoinette Okuneva,"Suite 858 2872 Stanley Greens, East Valentine, PA 05359",+18364309076,alonso@wuckert.test,False,50613
49659,Lilly Mante,"Suite 816 89971 Haag Corner, New Diannamouth, FL 62149",+14473710564,angelique@grimes.example,False,49659
48247,Carey Mayert,"5829 Amada Motorway, Kemmershire, MN 10541-5506",+15647148070,natalie@reilly-steuber.example,False,48247
51113,Rep. Jesse Durgan,"Suite 936 39091 Watsica Skyway, Alfredamouth, WV 18275-8385",+14394427646,ambrose.sporer@huels.example,False,51113
48669,Miss Hui Lind,"3751 Kathrin Turnpike, Wuckertland, NE 57120",+17148338681,margie@greenfelder.example,False,48669
48259,Caleb Parisian,"1650 Grazyna Common, Weissnathaven, IA 63968-8668",+11657359371,galen@kuhic-swaniawski.example,False,48259
47737,Quyen Schoen Cpa,"355 Huel Prairie, West Virgil, NH 53347-8878",+17092304526,emiko.rosenbaum@lindgren.example,False,47737
50745,Eden Wisoky,"Suite 570 32279 Morar Lodge, North Dorsey, NC 04867-0409",+11070827526,clyde@nader.test,False,50745
50357,Alesia Lueilwitz,"Apt. 994 93798 McKenzie Well, Candybury, MI 32376-3761",+18197903504,casey_cole@lakin-dibbert.example,False,50357
50605,Pres. Jeri Conroy,"78718 Strosin Port, South Jonathan, NV 52101",+15115074619,connie_hansen@durgan.test,True,50605
50064,Gisela Koss Cpa,"38335 Vernice Fort, North Brinda, SD 50098",+13574769663,mariah@medhurst-cole.example,False,50064
49004,Andree Gislason,"Apt. 121 86975 McCullough Expressway, Schadenton, NV 70665-7747",+15979381208,sebastian.jacobson@legros-windler.example,False,49004
49178,Kristeen Dickinson Jr.,"Apt. 322 9991 Palmer Port, New Ciaraside, SC 39669-4845",+11543448317,elwanda_christiansen@dickinson.test,False,49178
49796,Steffanie Pfannerstill,"Apt. 617 754 Milan Ports, Hanemouth, LA 19452",+19464213487,willie@hills-cole.example,False,49796
48432,Earlean Little,"Suite 878 35716 Sheila Extension, North Malcolmmouth, KY 40337-5206",+16914084433,waldo@kunde.test,False,48432
49947,Jefferson Hane Iii,"5720 Larkin Row, Bartonstad, NM 93251",+16527775677,jalisa_stehr@okuneva-jenkins.test,False,49947
48837,Cecil King,"Suite 490 195 Charlesetta Square, East Bryce, IA 93173-8424",+17168315878,filiberto_berge@feil.example,False,48837
49974,Truman Mueller,"38296 Jamika View, New Kris, IL 19065",+11694393628,dierdre_dare@lebsack-nitzsche.example,False,49974
51027,Hilton Huel,"Suite 133 8057 Franecki Inlet, West Emilioshire, FL 43517",+11874373168,naomi@vonrueden.test,False,51027
48065,Racquel Grady,"8354 Marcelo Ridges, Leannonshire, MO 39642-7759",+19496270860,gilberto.bauch@gorczany-jenkins.example,False,48065
48717,Karyn Carter,"Apt. 304 27477 McKenzie Knolls, New Myrna, MO 43612",+16653245373,fritz.stokes@welch-kshlerin.test,False,48717
49405,Whitney Powlowski,"Apt. 954 4181 Otis Junction, East Theoton, AK 97245-7185",+17628192011,vada_kuhn@waelchi-reynolds.test,False,49405
50308,Msgr. Elliot Christiansen,"589 Charlie Common, Bobfort, ND 60631",+16648930196,denver_hintz@kemmer.test,False,50308
50779,Lamar Kuhlman Dvm,"1286 Robt Meadow, South Merideth, IN 12514-4525",+19004687459,robin@haley.test,False,50779
48288,Emanuel Metz,"Apt. 536 720 Ian Highway, Lehnershire, FL 53909-6616",+11372511358,marguerite_mayer@upton.test,False,48288
50241,Stanley Cronin,"Apt. 153 1747 Watsica Wall, Ryanshire, CA 87386",+17530397180,elton_franecki@botsford.test,False,50241
48741,Vennie Haley,"Suite 323 811 Tyler Meadow, South Kevenborough, AZ 39414",+17510861998,leonora.armstrong@rosenbaum-muller.example,False,48741
47989,Judson Schulist Esq.,"Apt. 892 55163 Kub Burgs, Lake Karena, NJ 70410",+16291951363,kennith@mosciski.example,True,47989
50808,Patrick Bogan,"878 Bernie Square, Marvinstad, AK 49250",+18297656753,len@veum.example,False,50808
49336,Jc Trantow Sr.,"Suite 823 220 Roselee Oval, Keithburgh, SD 72290-0434",+14895043169,christine_schamberger@conn.example,False,49336
47903,Donnell Kemmer Md,"21304 Stoltenberg Hill, North Brunamouth, NV 32932-4373",+19864839713,diedra@fadel-feil.test,False,47903
50993,Joan Reichel Sr.,"5701 Rozella Radial, Dietrichmouth, DE 01222",+18233194721,audria@wilkinson.example,False,50993
48564,Edwin Macgyver,"Suite 337 48423 Jae Fall, East Carmen, FL 91160",+12242643418,leatha_hilll@ritchie-mccullough.example,False,48564
49814,Theresia Kulas Vm,"Suite 112 240 Duncan Trail, West Lauren, WV 36366-5128",+13893079739,kenna@olson.example,False,49814
49596,Charlene Beier,"64190 Dana Alley, Port Laurence, MD 19669-0787",+17226814193,hong@christiansen.example,False,49596
50887,Miss Alex Strosin,"1989 Marks Valley, Lake Burton, NC 21857",+19108386934,jeremiah.daniel@carroll.example,False,50887
49289,Eduardo Schumm,"4713 Hilpert Glen, East Carlhaven, MA 87186",+14612384850,ronda.boehm@dubuque.example,False,49289
48960,Nicki Donnelly,"1993 Johns Lodge, Lake Zachary, CT 30350-2195",+11162173683,valeri@funk.example,False,48960
49226,Ms. Lance Davis,"Suite 749 2567 Gorczany Meadows, Rodriguezbury, IN 22176-6298",+19360895943,colby@lind-satterfield.test,False,49226
50833,Kamilah Brekke V,"Apt. 314 6047 Jonathon Harbors, Gerlachberg, TX 44843",+19802626486,jin@schroeder-hand.test,False,50833
51034,Ezekiel Willms,"9647 Simonis Crest, Glentown, FL 92685-5844",+13751746510,dana_carter@moore.test,False,51034
48829,Pres. Jae Roberts,"7608 Schinner Causeway, Lake Raisa, AL 56729",+19510411076,shira.hickle@turcotte.example,False,48829
49243,Marlo Hessel Jr.,"Suite 778 4915 Reinger Meadow, O'Connerview, VA 76889",+16679115541,demetria_reynolds@braun-gottlieb.test,False,49243
48594,Arla Adams,"5715 Darren Divide, Oberbrunnerborough, MS 64144",+13249014473,rheba@conroy-muller.test,False,48594
50646,Emory Lebsack,"Apt. 831 7740 Botsford Wall, North Philip, KY 26540-9763",+18401761530,adaline@reichel-gulgowski.example,False,50646
49287,Zachary Labadie,"43207 Shelton View, West Stefan, IN 35632-7241",+12791399351,melodi.rowe@willms-mann.test,False,49287
50681,Lazaro Weimann,"3690 Ryan Springs, New Damionbury, WA 32979-2854",+13309849134,sydney_hagenes@parker.example,False,50681
50866,Lorean Hammes,"Apt. 571 27643 Gorczany Skyway, Marieland, WY 06911-9771",+19556609151,elmer@wisozk.test,False,50866
48583,Sol Kuvalis,"384 Breana Brooks, West Pearl, NM 13632",+11413608035,america@mills-turner.example,False,48583
49545,Susann Kunze,"62736 Beulah Glen, Heathcoteside, AL 10712-2731",+13571945316,lizzette@ruecker.example,False,49545
50978,Latoya Rogahn Lld,"Suite 446 9148 O'Kon Ville, Jonahfurt, ND 57212-2077",+18600863102,roseann_price@hauck-halvorson.test,True,50978
51065,Raymond Koepp,"71365 Gerhold Terrace, Dallasland, KY 99342-5028",+15545777419,margarito.simonis@donnelly.test,False,51065
48501,Ivana Lesch,"54097 Perry Street, South Laurindashire, CT 00556-5322",+12242603041,judy.hoppe@walsh.example,False,48501
50892,Houston Weissnat,"Apt. 695 6547 Emmerich Way, North Jeff, AL 83519",+12055209746,sana.flatley@carter-beer.test,False,50892
48996,Norman Cole Sr.,"Suite 238 6441 Turcotte Inlet, Beerbury, GA 36724-0542",+11951566848,adena@carter.test,True,48996
50509,Jonathan Dare,"Apt. 398 22366 Sandy Orchard, South Kyrafurt, NH 39582-1412",+16295405282,ceola@hackett.test,False,50509
50141,Lorinda Treutel,"89743 Emery Via, Noblestad, OR 31801",+17654192713,rachele_haley@ondricka.example,False,50141
50210,Timmy Lind,"Suite 803 286 Jerrica Trail, Starkborough, HI 59282",+17480685434,cyrus.kutch@fahey.example,False,50210
50136,Dominique Christiansen Dds,"Suite 915 441 Heaney Orchard, New Gayle, NH 25809",+17059611085,rolf.gerhold@fritsch.example,False,50136
47723,Valda Hane Sr.,"Suite 596 3441 Ines Mews, South Cruz, TN 62318",+17127879424,chau_kulas@bailey.example,False,47723
50747,Tim Mills,"1785 Weissnat Cape, North Whitleyburgh, NY 48905",+12488264277,margert@leffler.example,False,50747
47684,Jolie Lowe,"7902 Royce Isle, Kimishire, NE 73428-4516",+19434709811,lizzette@dach-dibbert.example,False,47684
48253,Raymundo Littel,"Apt. 633 9286 Mayer Parkway, Bernieshire, WV 18924-3782",+11712173182,warner@kuhic.test,False,48253
50840,Hal Mclaughlin Cpa,"Suite 625 31383 Lavon Estate, Jakubowskiland, NC 72056",+12897677304,lyndia@murray-pacocha.example,False,50840
50423,Vi Lesch,"446 Shonta Stream, Nicolasberg, UT 89841",+13199424436,tyron_cassin@kutch.test,False,50423
49324,Tana White,"Suite 552 54721 Nader Gateway, North Dwainstad, PA 02685-3687",+18658122920,marleen_turner@bradtke-bechtelar.test,False,49324
48106,Mckenzie Jacobi,"290 Ezra Burg, West Robby, ND 31903",+14320197426,laurence@beier-huel.test,True,48106
49501,Marie Brakus,"Apt. 594 36363 Tamera Turnpike, Hahnberg, MA 85021",+11314103824,melisa_lynch@boyer.test,False,49501
49724,Donald Daugherty,"Apt. 276 43364 Landon Views, South Annemarie, AK 77386-6422",+13920432331,krysta_welch@yost.test,False,49724
50891,Miss Jan Will,"41295 Boris Shoals, Michelside, MA 35679-5166",+16384124133,marcela_bechtelar@altenwerth-hoeger.test,False,50891
50242,Margaret Orn,"Apt. 404 51378 Ross Mall, Dennismouth, SC 53579",+16107584425,hershel.funk@stokes-wiegand.test,True,50242
48197,Melodie Dare,"419 Kemmer Passage, North Sherwoodburgh, FL 31179-5008",+16417502833,arthur_mcglynn@bruen-luettgen.example,False,48197
47791,Carlita Leffler,"Suite 470 539 Morar Ways, North Terresafurt, MD 66539-0923",+12434791463,ester.kassulke@kuhlman-kuhn.test,False,47791
48674,Randi Runolfsdottir Iii,"72146 Kovacek River, West Dennisfurt, MA 82143-2989",+15522606317,tobias@kautzer.test,False,48674
47925,Sen. Taren Senger,"9843 Ruecker Avenue, Littlebury, ND 24316",+12779141203,mitchel@wiegand-murray.test,False,47925
49597,Toby Abbott Iv,"7625 Braun Burgs, Aufderharview, SC 66111",+13585631659,wilton@rohan.example,False,49597
49905,Ms. Mica Barton,"34532 Howell Summit, Jenkinsfurt, CT 61887-7715",+13177039238,carmen.okeefe@bogisich-quigley.example,False,49905
47780,Debbie Schinner,"Suite 633 538 Clement Summit, North Keven, IA 19650-0402",+18305054931,mitchel_cole@gusikowski-koelpin.example,False,47780
50541,Morton Gutkowski Cpa,"Apt. 828 66127 Gulgowski Vista, Port Garfieldmouth, RI 63202-7384",+16705190527,claud.stehr@maggio.test,False,50541
50385,Lanelle Carter Lld,"Suite 209 6626 Welch Trail, Jonathanchester, CA 37745",+13804206939,brock_wolff@miller-koelpin.test,True,50385
50552,Renato Turner,"Suite 519 694 Kendall Manors, Swaniawskitown, OR 83851-6722",+16944068020,euna@gislason-schiller.example,False,50552
50053,Rosann Jast,"413 Mraz Fort, North Romona, TX 67787-0835",+15244785686,dominic@kessler.example,False,50053
49341,Kory Gleichner,"Apt. 463 84739 Tillman Corners, Dickenschester, MA 48260",+11671024046,bobbie.gutmann@schimmel-legros.test,False,49341
50528,Warren Hagenes Esq.,"7197 Mills Freeway, Port Michaleborough, ME 65103-8025",+13874242857,elwanda@douglas-torphy.example,True,50528
48755,Chris O'Keefe,"43049 Jolene Orchard, Torritown, CO 97940",+12679795130,jarrett@gutkowski-streich.example,False,48755
49054,Kim Hirthe,"9753 Lawrence Fields, Port Ahmedport, CA 99140",+19902571479,donnie@reichert-cassin.test,False,49054
48989,Jamal Schmitt,"Suite 576 721 Ashleigh Meadow, Rooseveltside, AK 83484",+18678180936,derrick_corwin@wintheiser.example,False,48989
50484,Msgr. Elva Batz,"773 Bosco Green, East Trinh, TN 84405",+11026189266,gerard@okuneva.test,False,50484
49493,Michel Graham,"Apt. 444 744 O'Keefe Crossroad, Toyville, NY 69098-1315",+19730116796,charlott@stanton.test,False,49493
47697,Barney Dicki Md,"Suite 109 17854 Windler Shoals, Port My, NM 67507-5198",+19114169226,cornelius_keebler@thompson.test,False,47697
49000,Stephen Runte,"208 Hilll Gardens, Lake Tamiko, PA 62479",+11751630174,gabriela@feeney.example,False,49000
50449,Setsuko Homenick Esq.,"Apt. 578 74361 Eric Trail, East Jamieton, WV 29879-6496",+11772899755,mayola@price.example,True,50449
47869,Rosario Frami,"Suite 142 683 Ritchie Mills, New Cyrilview, MA 04154",+18846159976,lakeisha_stamm@cole.test,False,47869
50488,Lyman Bins Dvm,"533 Hipolito Burg, New Jennineshire, CT 03883",+18003947259,marcella@daugherty.example,False,50488
50735,Alex Glover,"Apt. 616 7277 Arden Pines, North Howard, NC 98598",+12364954110,lavern@mante-champlin.test,False,50735
51064,Reginia Morar,"429 Renner Oval, Port Dexterside, UT 29605-3966",+12138064025,gregg.larson@baumbach-cassin.test,False,51064
48027,Diedre Keebler Vm,"308 Ryan Corners, New Terresa, IN 63182-5164",+14201826024,patrica.bode@price-wolf.test,False,48027
50739,Yuko Macgyver,"Apt. 306 88116 Powlowski Roads, Port Shavonmouth, KS 54283",+15065890394,jack@hackett.test,False,50739
49441,Digna Pagac,"Suite 645 509 Chad Divide, West Madelainechester, NC 93164-3903",+11333346034,douglas_koss@spinka-mitchell.example,False,49441
50140,Numbers Crona,"Suite 476 32368 Alfonzo Estate, Port Carmelobury, MN 09055-9522",+19629688935,adrianna@mayer-mayert.test,False,50140
48349,Ernesto Keeling,"35038 Royce Street, Glenton, WV 16886-5880",+15512341272,dominique@mayer-green.example,False,48349
48228,Rep. Latrisha Mosciski,"Suite 746 407 Janyce Camp, Schuppeburgh, WI 37399",+16157049009,leopoldo@leuschke.example,False,48228
49813,Kirby O'Hara,"Suite 882 66009 Hilll Orchard, South Clarkland, NH 17126-9220",+11320033115,nicholas@spencer.test,False,49813
48148,Dong Waelchi,"Suite 753 46510 Kunde Parkway, Yostburgh, AR 82515",+17954402270,patrick@ortiz.example,False,48148
47785,Pablo Bayer,"Apt. 321 380 Ramiro Corners, Yolondaport, CT 66764-3813",+18483741480,tammera@schultz.example,False,47785
50096,Yong Ryan,"Suite 267 471 Waelchi Track, Corkeryfurt, ID 98564-2082",+19544856836,carson_collins@pacocha-wilkinson.test,False,50096
47712,Mrs. Ivan Wilderman,"4738 Balistreri Turnpike, Shanahanside, NM 63577",+18482847856,frankie_legros@halvorson.test,False,47712
50912,Ferdinand Bernhard Iii,"Apt. 478 9824 Franecki Neck, South Angeloport, AL 31607",+15961190108,nicky@will.test,False,50912
47751,Cassandra Blick Ii,"Apt. 492 77124 Michal Stravenue, New Blakehaven, ND 93338-4339",+15452243670,kieth@abbott.test,False,47751
48628,Rep. Jeanetta Weissnat,"Apt. 216 8852 Muller Pines, New Albertchester, IN 67746-3211",+19743717679,heath.rogahn@pacocha.example,False,48628
47681,Jenise Stark,"Suite 461 717 Edna Branch, Schillerchester, MN 16173-0951",+16780295497,moshe@howell.example,False,47681
51101,Moshe Kautzer I,"951 Gislason Vista, Port Berry, FL 86135",+17474245532,jacalyn@jaskolski-schroeder.example,False,51101
48935,Billie Swift,"Suite 614 6400 Cummings Dam, Kesslertown, LA 03026",+11743187248,noelia@murphy.example,False,48935
49752,Benton Ebert Iii,"Suite 712 70652 Katia Port, South Brianaberg, NM 52533",+14524665296,cherish_graham@halvorson.test,False,49752
48043,Clifton Hahn,"410 Reilly Roads, Lake Francescotown, OR 45330-2682",+14030380582,bobby@heidenreich.example,False,48043
49094,Allie Murray,"Suite 762 4395 Miguel Passage, Kreigerview, TN 08797-0985",+13477306647,hung@considine.test,False,49094
49295,Julian Dare,"1421 Jospeh Squares, Bartolettifort, MS 86320-6089",+14683932468,colton_kohler@abernathy.example,False,49295
51047,Prof. Sonya Blanda,"2056 Maude Stream, North Irvin, PA 09545-0643",+12983133833,emanuel@hickle.example,False,51047
50583,Nathaniel Lesch,"1412 Phillip Vista, South Jefferey, ID 73359",+14680819405,zulma.orn@hintz.test,False,50583
49705,Laurette Beier,"608 Mohr Spur, East Irena, OK 26374",+14925918908,jerrell@bartell.test,True,49705
48655,Grover Turcotte,"206 Howe Forge, North Julene, IL 68896",+16637364976,trey@volkman-schaefer.test,True,48655
51008,Msgr. Lawrence Daugherty,"721 Jerde Fields, Hoppefurt, FL 00959",+14262863649,robena.mcglynn@hills.test,False,51008
50773,Julius Gusikowski,"162 Mose Place, North Taylor, PA 06717",+18499910118,kenneth@schoen.test,False,50773
49689,Wiley Franecki,"Apt. 244 95132 Langosh Heights, Port Emorybury, HI 67242",+18676241044,sarita@altenwerth.test,False,49689
48551,Earlene Mosciski,"Suite 796 119 Rogahn Ferry, West Sorayatown, KY 93551-9741",+12710119048,maynard@mccullough.example,False,48551
50582,Cody Nicolas,"Apt. 103 8344 Flatley Stream, Kutchside, NV 86615",+17524727654,joesph_schultz@reichert.example,True,50582
50127,Miyoko Wuckert,"54700 Kemmer Common, Port Wyattbury, MD 37173",+14503402521,blair_ryan@blanda-hudson.test,False,50127
50477,Prof. Ailene Greenfelder,"Suite 160 1378 Leida Corners, Lake Darren, OR 50412",+17798899633,rico@feest.example,False,50477
48807,Jeanette Schneider,"Suite 992 81122 Hodkiewicz Well, West Vergietown, MN 94841",+11651868971,dorthea.ledner@murray.example,False,48807
48004,Giovanna Goyette,"31468 Samella Streets, Auerfort, RI 00304-7124",+14695930994,delora@cremin.example,False,48004
50302,Miss Roxanna Upton,"64740 Bashirian Pine, East Wmville, NM 47808-6387",+13580403258,sofia@gleichner-okeefe.example,False,50302
51060,Louisa Jacobi,"Apt. 302 1194 Lilia Keys, East Heath, HI 32859-2509",+18190029010,florida@langosh.test,True,51060
50612,Cherise Smitham,"Suite 262 4661 Elli Ports, Wiltonfurt, NY 55491-6696",+13468360046,elvira_paucek@witting.test,False,50612
48045,Rochel Kemmer Dds,"Apt. 315 8135 Heidi Canyon, East Charmain, IL 15365",+19216065566,reinaldo@robel.example,False,48045
48854,Candy Carroll,"70369 Keebler Trafficway, West Jeroldview, MS 42693-1083",+14773828064,lynwood.hammes@mcdermott.test,False,48854
49465,Angelic Tremblay,"Apt. 714 514 Morgan Village, North Aleida, LA 94830-9059",+12886774565,chi@barrows-ebert.example,False,49465
48361,Jung Ratke,"Apt. 918 7948 Lanita Street, Jacelynton, FL 85309-5435",+17533112071,vincent_grimes@aufderhar-orn.test,False,48361
50022,Susann Erdman,"Suite 873 41178 Everette Extension, Lake Shaunaberg, NY 22425-6077",+11184099760,isabella.hayes@dicki.test,False,50022
50846,Stacy Ward,"Apt. 556 91673 Gale Light, North Garfield, NY 21001",+13302743695,myrtis_schinner@kling.example,False,50846
49369,Tajuana Hand,"Suite 498 2647 Sanford Key, East Earle, WI 77108-1277",+14357598819,bert.jacobi@raynor-buckridge.test,False,49369
49580,Antonio Feeney,"Apt. 158 678 Sporer Springs, Sterlingview, KY 71137-2385",+17177363308,adolfo@crooks.test,False,49580
48612,Carrol Hamill Ret.,"Apt. 832 92291 Schinner Meadows, New Dionna, NH 50043",+18129115035,mendy.labadie@lemke-goldner.example,True,48612
49855,Brandon Treutel,"Apt. 429 84448 McLaughlin Club, New Joann, AR 84631-1990",+12142920960,zita.effertz@quigley-klocko.test,False,49855
49792,Millie Halvorson,"Apt. 245 106 Parker Parkways, Lake Mammie, WY 33907-5693",+17627033371,erminia_ryan@marquardt-schroeder.example,False,49792
47787,Dalia Fritsch Iii,"68575 Orn Squares, Brianburgh, ID 07947",+17094629633,dong_carter@effertz.test,False,47787
47720,Ellis Kuhn,"250 Wolf Vista, Westonland, UT 45016-1007",+15212902981,mayme@miller-sauer.test,False,47720
48396,Olga Schamberger,"416 Omar Island, South Janene, CO 10938-0597",+19475661325,lanelle_deckow@mcglynn.example,False,48396
49075,Melida Hand,"82726 Lubowitz Plaza, Danielmouth, HI 49455",+17565090683,thelma.rohan@pfannerstill-rohan.test,False,49075
48068,Carleen Jakubowski,"1003 Mai Freeway, Reynoldsside, MO 12733-0903",+17236006271,krysten@beer-maggio.example,False,48068
48377,Mrs. Pattie Kshlerin,"Apt. 689 4573 Colby Station, Hahntown, WA 20149-4494",+19909402216,sherrill_spencer@glover.test,False,48377
50933,Lane Bauch,"Apt. 672 87201 Stephenie Roads, Princeside, NY 10868",+11613828619,genaro_welch@lehner-veum.test,False,50933
49218,Kim Kovacek,"62595 Latina Plaza, Treutelbury, CO 63158-1799",+13635007398,morgan_lueilwitz@keebler.test,False,49218
50369,Rep. Margaretta Purdy,"Suite 910 9331 Carroll Orchard, Lake Tianna, FL 20356-1351",+19017000682,demetrius_stroman@nicolas.example,True,50369
50670,Shannon Parisian,"Suite 826 4200 Zofia Crossroad, Wunschside, ID 78241-7661",+15844860206,krystle@carter.test,False,50670
50432,Taneka Schmeler,"7692 Fritsch Station, New Kymmouth, ME 35803",+16976183090,man.mckenzie@kerluke.example,False,50432
50439,Felicitas Klocko,"30602 Homenick Gardens, Bartolettishire, TX 35718",+14654977751,ginny@muller-wunsch.example,False,50439
49307,Tristan Braun,"54856 Rigoberto Pines, Port Karri, TX 65218",+12428223361,delsie_batz@yundt.example,False,49307
49834,The Hon. Roselle Zieme,"Suite 535 894 Krajcik Pike, Swiftville, NV 38867-2235",+11088953091,genna@pfannerstill.test,False,49834
49983,Voncile White,"337 Irvin Crest, Smithmouth, MO 76764",+15880351871,tarah@toy.example,False,49983
49997,Katrice Swift,"66487 Lincoln Divide, North Terrellside, NH 59493-7666",+14684658080,eloy_cartwright@krajcik.test,False,49997
50197,Phil Ruecker,"76746 Kyle Knoll, Vanborough, IA 78087",+13973261163,walton@koss-nitzsche.example,False,50197
50804,Antonia Kihn,"38142 Valentin Tunnel, Clarkport, TX 37735-7854",+11236433364,iraida@champlin.example,False,50804
50713,Elvera Purdy,"Apt. 693 874 Homer Land, Cormierport, FL 94833-0039",+15578846682,youlanda@kunde.test,False,50713
48911,Bernarda Carter,"3790 Cletus Spring, New Jameton, MA 16698-8899",+18305477417,rubie@zboncak.example,False,48911
50276,Nubia Stark,"466 Wolff Underpass, Reingerhaven, HI 60667",+14674875547,robbie@wiza-huel.example,False,50276
48054,Naida Yost,"86378 Collier Viaduct, South Andersonhaven, OH 86627",+13109996753,bertram_klein@kutch.example,False,48054
50827,Pres. Ermelinda Bartoletti,"Suite 137 35546 Bartoletti Key, Dareberg, KS 93717-9098",+11602619689,duane@cassin-lubowitz.test,False,50827
47910,Cleotilde Steuber,"Apt. 238 106 Yetta Court, Port Cleotildeburgh, ND 13639-5753",+16224586981,donn@terry.example,False,47910
50834,Dr. Walton Mcglynn,"Suite 205 7233 Reilly Radial, Lynettaborough, UT 41624",+12153055253,reinaldo.ruecker@keeling.test,False,50834
51125,Marc Little,"Apt. 323 57859 Jonna Pine, Ardenchester, GA 27915",+19681775714,aldo.bechtelar@mcclure.example,False,51125
50359,Alva Corkery,"Suite 284 328 Thiel Forks, Mertzview, PA 78080",+11005853137,milford@hyatt-schuster.example,True,50359
50310,Rupert Pollich,"Suite 286 42631 Lonnie Glen, West Brigid, MI 95612-2343",+11723547967,percy@zemlak-bogisich.example,False,50310
49850,Charles Dubuque,"Apt. 239 1525 Fahey Crossing, Hermannland, MA 16283-6240",+19598129561,patricia@bernhard-steuber.test,False,49850
48588,Andrew Will,"567 Lindgren Knoll, Gorczanyport, NC 13327-3956",+14297314533,prince.grimes@goyette.test,False,48588
50677,Elise Towne,"2751 Corrine Branch, West Melia, NV 40806-7501",+17279139943,kesha@romaguera.test,False,50677
49380,Elenore Herman,"929 Macejkovic Cliffs, Pollichbury, VA 21848-7422",+13670616010,mohammad.wuckert@heaney-farrell.test,False,49380
47988,Trenton Von,"Apt. 617 66694 Guy Fall, Hellershire, VT 72868",+11401911064,willard_emmerich@langosh-bashirian.example,False,47988
48196,Elton Koelpin Md,"Suite 304 6201 Schulist Fall, Lake Gustavo, NY 75458",+19614918769,jamel.metz@harris-shields.test,False,48196
49164,Hilario Keeling,"Apt. 297 59771 Johnston Points, South Alberg, ND 02573",+12447235197,irvin@aufderhar.test,False,49164
49039,Kendall Schultz,"49765 Kuvalis Summit, North Arlyne, MT 95757",+11495391950,glen@bradtke.test,False,49039
48051,Chara Pacocha,"718 Powlowski Wells, Lake Waltonfort, IA 55181-7716",+18407560076,branden_trantow@halvorson.test,True,48051
50719,Lucio Hilll,"7449 Hershel Well, New Raquel, SD 15154-4094",+11423132699,tyler.durgan@kunde-oberbrunner.test,False,50719
51076,Nadine Bode V,"817 Skiles Alley, Shadville, SC 14858",+16427040003,eugenia@ziemann.example,False,51076
47783,Miss Whitley Stiedemann,"3481 Hyatt Motorway, Rennerberg, WV 41577-7818",+19028068988,lashonda.kunze@schiller.example,False,47783
50527,Marlene Turner,"571 Connelly Divide, East Isadorastad, LA 61821",+15056331560,taina_wiegand@rogahn.example,False,50527
50888,Paula Brakus,"Apt. 245 973 Marge Way, Schummton, NH 82211",+11323658805,jamel@ruecker.test,False,50888
51052,Pres. Blair Gislason,"172 Pouros Cliffs, Williamsonshire, SC 25271",+19605164572,wilbert@bednar.example,False,51052
51099,Chung Stiedemann,"Suite 484 58916 Powlowski Shoals, West Wendell, MT 81090",+18037987350,renaldo_zemlak@davis.test,False,51099
48215,The Hon. Elvis Murphy,"Apt. 118 45020 Herzog Center, Lockmanview, VA 11184",+17527073743,augustine.wuckert@schulist.test,False,48215
49992,Granville Oberbrunner,"Suite 767 2004 Bernier Spur, South Eddieshire, ME 74373",+13913948145,berry@oberbrunner-schumm.example,False,49992
49764,Golda Glover,"Suite 562 9724 Domonique Estate, Wilkinsonview, KY 84162-8532",+13579003689,lola_heller@mueller.example,False,49764
49915,Fr. Van Ruecker,"306 Bobbi Terrace, Ronaldside, CO 74993",+13618443595,errol_mcdermott@sauer-prohaska.test,False,49915
48452,Tracey Yost,"Apt. 565 8385 Zena Village, Lake Jacinto, NY 56108",+12735458487,hsiu.jerde@roberts.test,False,48452
48900,Pres. Laurine Simonis,"95206 Wen Coves, Jonaston, WY 78665-2997",+12884630466,anderson_wilderman@mayer.test,False,48900
48431,Mr. Elias Cassin,"62446 Domingo Plains, Sanfordview, LA 10654-7498",+14948180836,otis@cormier.test,False,48431
50574,Amb. Sherie Lemke,"Suite 681 443 Shirl Pines, Parkerhaven, VT 82051-0945",+12597218932,jamie@doyle.example,False,50574
49716,Shantel Bosco,"Apt. 114 774 Aracelis Port, Howellton, ID 03224-0898",+18300208080,ron@jenkins-braun.example,False,49716
48210,Saran Zboncak,"Suite 923 3891 Kris Brook, South Shoshanaberg, NY 51803-0537",+13525449798,darnell@smitham-osinski.example,False,48210
50503,Stormy Russel,"925 Altagracia Mall, South Yasukotown, SD 00603",+19430984585,brenton@bauch.example,False,50503
50367,Percy Balistreri,"674 Okuneva Mission, West Danteton, NE 84250",+13357436182,edmond.abshire@turner.test,False,50367
49799,Maryam Cremin,"2800 Weldon Point, Monahanland, VA 61605-3105",+18634362738,queenie@cummings-waters.example,False,49799
49032,Pamela Hayes,"Apt. 249 336 O'Conner Valleys, Lake Kenview, AK 99108-2313",+14184047144,antionette.nader@sawayn.example,False,49032
50463,Jonah Ziemann Ret.,"3576 Peg Spring, Port Richard, OH 35984-2244",+11747997964,jim@langworth.test,True,50463
48274,The Hon. Marcellus Deckow,"Suite 179 93357 Kurt Stream, Audreybury, WI 62837-7137",+12703099849,gino.wiegand@wilkinson.test,False,48274
50303,Ma Price,"Apt. 658 765 Cherelle Highway, Gutmannshire, NC 87753-0780",+19684973301,joyce.kihn@rau-jacobson.example,False,50303
50475,The Hon. Fletcher Homenick,"48897 Mitchell Springs, West Wilbur, NY 66405",+15471764410,hassan_marks@armstrong.test,False,50475
50802,Carletta Price,"Apt. 249 833 Jacquelynn Stream, West Abramburgh, WA 49713",+12481361285,dennis_kunde@becker.test,False,50802
47718,Charles Considine,"289 Thiel Ports, North Reba, OK 17998-0113",+19263670115,alton@larson-barton.test,True,47718
48974,Keli Medhurst Dds,"Apt. 849 31337 White Centers, Arielville, DE 79464",+18259267602,krysten@dickens.example,False,48974
48052,Amb. Katherin Barrows,"Apt. 326 551 Hintz Island, North Thanhberg, KS 99263",+15949705772,nicholas_daniel@gulgowski.test,False,48052
49151,Octavia Buckridge,"Suite 468 3168 Watsica Freeway, West Ulyssesland, NM 97913",+11264308642,maggie_emmerich@pagac.test,False,49151
48550,Vicente Swaniawski,"Suite 806 311 Bernier Neck, Yundtburgh, VT 86887-8743",+14487989509,breana@durgan.example,False,48550
50464,Phillis Mayert,"Apt. 763 802 Cartwright Rapid, North Nikiaville, NH 39740",+13951496594,lettie@conroy.test,False,50464
50561,Shaneka Welch,"3790 Darrell Parkway, Dickiland, SC 35364-7368",+12609896827,karen@gislason.example,False,50561
47687,Prof. Orville Nader,"703 Kerluke River, Port Lonny, ME 91706-6562",+18317619375,delilah_gibson@wunsch-koepp.test,False,47687
48225,Luciano Raynor,"Apt. 100 4472 Herta Spurs, Joellenside, ND 12327-9300",+14726286689,sandie_schowalter@becker.test,False,48225
48187,Layne Lockman,"8571 Streich Street, North Tereasa, TN 75396-9815",+11373593426,cecil.pacocha@dicki-leannon.example,False,48187
49845,Ms. Salvatore Bergnaum,"Suite 414 2744 Chet Squares, New Leticiashire, IN 48521-6815",+15729799718,doreatha@casper.test,False,49845
50697,Emile Barrows,"119 Schaden Square, Wolfshire, MN 21997-3661",+13539273953,camilla@jenkins-howell.test,False,50697
50934,Wilbur Kozey Sr.,"Apt. 920 3748 Harrison Meadow, North Anyatown, WV 06830",+16445167092,elfreda@kiehn-weissnat.test,False,50934
50633,Kindra Schneider Vm,"Suite 551 2566 Williamson Wall, South Shawn, MI 86592",+19537553426,oralee_carter@buckridge.example,False,50633
48917,Alden Hessel,"Suite 525 91868 Travis Ports, New Alisha, WA 09292-1008",+16604267081,teofila.conroy@effertz.example,False,48917
47693,Alfred Dickens,"Suite 766 21968 Waelchi Corner, New Anitamouth, CT 00386",+13213101244,jamison.barrows@osinski.example,False,47693
48298,Patty Johnston,"400 Mechelle Loaf, North Deirdre, MN 65767",+13527180045,maurine@ritchie.example,False,48298
47679,Adelle Rohan,"Suite 330 128 Gleason Haven, Port Margarettland, IL 78013",+18186160568,rebbeca_frami@bashirian.example,False,47679
48872,Gavin Mckenzie,"435 Berry Shoals, Adalbertomouth, DE 80622",+16120844009,youlanda@waelchi-trantow.example,False,48872
48495,Prof. Deloras Rohan,"Apt. 585 4436 Powlowski Keys, East Kiara, NC 40949-6520",+11112753624,rene_hegmann@quitzon.test,False,48495
50435,Diana Weber,"Suite 403 45940 Hoeger Street, Funkmouth, UT 82701",+15756585377,claud_schmidt@harber.example,False,50435
47875,Helena Thompson,"2970 Leonardo Prairie, Walshville, MI 69684",+12315725659,merle@waters-weimann.test,False,47875
47816,Elinor Pouros,"Suite 463 59753 Dickinson Village, West Elwandafort, IN 43823",+16069030189,forest@mosciski-johnston.example,False,47816
49483,Phylis Champlin,"Apt. 318 86408 Sidney Light, Lake Codichester, NJ 54686",+18091728550,vernon_emard@prohaska-price.test,False,49483
49223,Shavonda Sawayn,"5843 Schaefer Island, New Angelicchester, DE 92992",+13151909483,jeramy.schmitt@heller.example,False,49223
49667,Meagan Shields,"Apt. 232 4218 Lindgren Turnpike, West Hanside, NV 54680-0711",+19341713753,gayle@haag.example,False,49667
49261,Prof. John Kautzer,"4164 Sydney Circles, Port Colebury, KY 99191",+17108032340,valerie@nitzsche.example,False,49261
50881,Burton Stiedemann,"8462 Brown Mission, East Clarisa, CT 05654",+13584933709,odelia@kuvalis.example,False,50881
48090,Catrice Hirthe,"Apt. 953 894 Okuneva Manor, Dessiemouth, NJ 18025-5278",+12675634519,gilda@swaniawski.example,False,48090
48753,Alvaro Murphy,"5007 Liane Oval, Tamihaven, CO 54073-1776",+18348172060,mahalia@bergstrom-ritchie.example,False,48753
49818,Ashely O'Keefe,"Apt. 191 9784 Miller Manor, Leopoldomouth, UT 95125",+16489585809,lekisha@harber.example,False,49818
48827,Jarvis Ratke,"Apt. 955 6207 Hickle Tunnel, Tyrellfort, NY 87251-4397",+17783950726,hugo@schowalter.example,False,48827
50255,The Hon. Federico Reilly,"3406 Streich Ports, Reingerchester, AR 02786-5191",+19725499477,edmund@mills.test,True,50255
50551,Fr. Harris Klocko,"72235 Dickinson Drives, Port Anjachester, SD 68868-2235",+15661697397,suzann_bartoletti@oconner.test,False,50551
49170,Casey Larkin Jr.,"Suite 403 7908 Barrows Tunnel, New Haefort, TN 33123-4793",+13992429021,kimbery_cummings@kuphal-little.example,False,49170
48530,Dudley Breitenberg,"Suite 810 6389 Renner Union, Daughertymouth, MO 06448",+14489471604,lonnie@bogan.example,False,48530
49572,Ms. Fabian Balistreri,"63373 Jacobi Shoals, Fritschville, AK 98911-4570",+18064255103,carmen@kulas.test,False,49572
50050,Wilfred Hermann,"Apt. 704 78662 Mafalda Ports, South Elba, NV 73675-0061",+16726559983,madelene@kohler.example,False,50050
48578,Lucas Thiel,"264 Chris Isle, East Jessia, GA 45614",+19117868025,machelle@greenfelder.example,False,48578
47772,Freeman Weber,"6327 Josette Ridges, Heidenreichview, NV 97187",+18196734065,maisha@gutkowski.example,False,47772
50926,Jerrell Runolfsdottir,"90320 Alfredo Center, Carrollland, LA 77612",+17240499507,patsy@cronin.example,False,50926
47889,Magaly Lynch,"Suite 915 271 Kertzmann Brook, Port Angela, OR 43927",+11140026439,randall_yost@dach.example,False,47889
48548,Kellee Crist,"Suite 886 116 Graham Village, Shanellburgh, WI 79531-5680",+18192205926,adelina_fritsch@aufderhar-auer.test,False,48548
48918,Ludivina Barton,"3613 Lanita Terrace, New Michalhaven, MS 19919-1667",+15533783093,loyce@gottlieb-durgan.example,False,48918
49797,Sen. Dixie Rice,"Suite 240 10574 Ortiz Crossing, Kellyeside, WA 17475-5833",+17369765955,anh.kirlin@hettinger-gleason.example,False,49797
50410,Prof. Aida Carroll,"38167 Liliana Plains, Carlburgh, FL 73533",+12192596224,eddy_crooks@gleason.example,False,50410
50890,Bernarda Stracke,"156 Hegmann Gardens, North Tyrone, MS 08149-5777",+19367066843,verdie@lindgren.test,False,50890
50177,Zackary Koss,"580 Trista Gateway, West Jacobbury, IN 34064-1086",+16431172158,ricardo.bauch@brown.test,False,50177
48046,Wesley Rempel Dc,"Apt. 391 83582 Quitzon Glens, Wizaberg, SD 23322",+12561106337,antonina@barton-kilback.example,False,48046
49553,Mayola Bauch,"Apt. 887 8148 Sherwood Village, South Felisa, GA 06943-6143",+13703750261,zackary@cummings-strosin.example,False,49553
50728,Mario Larkin,"90646 Bayer Points, Mayerbury, UT 64524-7005",+11511324781,waldo@luettgen.test,False,50728
48962,Jannet Robel,"Apt. 263 15966 Veum Valleys, South Roscoemouth, VA 99908-0761",+13818865511,marina@crooks-stamm.test,False,48962
49403,Rudolph Erdman,"61272 Kulas Trafficway, Katelinborough, DE 34746",+16863252052,rochel@jast.example,False,49403
49344,Ivy Ebert Sr.,"3382 Collier Locks, Murazikstad, MN 33317-8854",+15028499961,denis.gleichner@feil.example,False,49344
49323,Dorian Jacobson,"269 Kerluke Heights, North Cheri, MO 26203",+15862485443,shavonne_boehm@wisozk.test,True,49323
48672,Pres. Jerrold Hintz,"660 McCullough Coves, Mohammedbury, NC 94662-4005",+16768776869,daniel@schulist-stehr.example,False,48672
50710,Archie Zieme,"Apt. 419 5059 Sachiko Loop, East Norberttown, AR 13282",+13949182291,cecelia@parisian.example,False,50710
50048,Mickey Wolf,"403 Mac Extension, West Demetriusview, OH 05740-2654",+15262569192,paula@terry-paucek.test,False,50048
48204,Billie Bailey,"Suite 261 5454 Jerrold Centers, Port Bruce, NM 74721",+15307074498,makeda@murray.test,False,48204
48343,Ulysses Erdman,"88912 Lakin Fall, West Amadaville, AZ 02683",+16178392093,madge@gulgowski-lind.test,False,48343
49068,Leif Hermiston,"Apt. 711 826 Herzog Road, South Jeniport, NY 40923",+14997870931,raymond.lueilwitz@stehr-denesik.test,False,49068
50683,Gayle Little,"Suite 954 559 Randolph Forge, Miltonside, MO 58054-0584",+16308819779,georgeanna@jenkins-gibson.example,False,50683
48261,Nicolas Beier,"Suite 778 6633 Hegmann Motorway, Pourosborough, OH 85176-8883",+14276130979,brigitte@stokes.test,True,48261
49264,Scarlett Blanda Jd,"12318 Goyette Path, Lake Parker, TX 43540-8017",+13974531470,pat_krajcik@friesen-heller.example,False,49264
49195,Basil Stehr,"Suite 574 5898 Connelly Canyon, North Leandro, NE 68696",+14087965276,akilah_ondricka@bartell.test,False,49195
48896,Brigette Moen,"63362 Robert Springs, Dickichester, IA 30204-4734",+18247199755,sunny_parisian@hahn-harvey.example,False,48896
50782,Justin Gutkowski,"41289 Clarice Alley, Schoenview, AK 48755-4887",+18981662980,richard@sporer.test,False,50782
48778,Alisha Yundt Iii,"10852 Joycelyn Summit, Rennerburgh, WA 15116-5455",+17103147852,shenika@bartoletti.example,False,48778
50680,Ezequiel Schinner,"Suite 959 117 Kunze Greens, Mannville, KY 16941",+15988622823,josette_gleason@beatty-flatley.example,False,50680
49733,Prof. Leatha Schaefer,"Apt. 941 24986 Koch Plain, Anabelbury, TX 23006-7847",+16823209419,john_davis@langworth.example,False,49733
48003,Levi O'Reilly,"Suite 980 32528 Heathcote Mount, New Carli, ND 51544",+15305100003,toya_veum@funk.example,False,48003
49648,Santana Kris,"Suite 254 14284 Roberts Lights, New Lonny, OK 33287-1990",+11195052879,taryn_hessel@braun-aufderhar.example,False,49648
49322,Albert Bode,"Suite 121 4152 Jonas Way, Emardview, MT 33087",+14000326512,jose_schamberger@kuhic.test,False,49322
50390,Allene Bernhard,"Apt. 857 686 Crooks Squares, Rosenbaumberg, CA 18317",+17728020812,brendan_boyle@ritchie.test,False,50390
51114,Samantha Lemke,"13615 Glover Mount, North Joe, VA 25873-0267",+19902653678,shantell@leannon-will.test,False,51114
50443,Monty Boyer Esq.,"943 Kuhlman Manor, Josephfort, MD 65553",+14839650824,solange.okeefe@gleichner.test,True,50443
48251,Sergio Rodriguez,"Apt. 310 241 Leonel Forest, Raymundoton, MD 37557-3875",+17704858559,tangela.ratke@hirthe.example,False,48251
48433,Samira Abshire,"3297 Glen Brooks, Port Werner, AR 93198",+15194319512,danelle@hintz-olson.example,False,48433
50523,Merrill Stanton Jd,"Suite 255 1951 Jones Throughway, East Leonoraburgh, NM 21151",+12425868103,dario.upton@herman-schulist.test,False,50523
48363,Kimberlee Schroeder,"62707 Robin Locks, Mikeburgh, MI 97456-8648",+12081386726,herminia_kulas@stokes.example,False,48363
50228,Rev. Scarlet Schroeder,"Suite 645 49914 Kovacek Station, Lake Katherinaside, AZ 67340-9045",+17460664702,lean.maggio@lowe.test,False,50228
48596,Christel Roberts,"Suite 387 48419 Florene Estate, Port Jeffereystad, SC 78228",+15201713950,quinton@bernier.example,False,48596
49768,Eduardo Corkery,"Suite 205 96783 Ryan Underpass, Flatleyland, ME 25217",+15528632627,lon@gislason-cremin.example,True,49768
49540,Clark Borer,"295 Hand Mountain, West Lashay, AL 41544-0171",+18691800347,vannessa@hills-brown.example,False,49540
50672,Walker Zulauf,"5864 Douglas Village, Lake Fidelburgh, SD 48515-0155",+12372738097,vince.quigley@hettinger.example,False,50672
49512,Dona Rau,"851 Witting Glen, North Evia, KS 11811",+11723499010,demarcus@rogahn.example,False,49512
50382,Arvilla Macejkovic V,"Apt. 474 78969 Kuhic Way, Sherylton, AL 98813-4306",+18908385708,renato_collins@hartmann-greenholt.example,False,50382
50316,Micah Simonis Iv,"107 Blanda Canyon, Port Sung, TX 87766",+12711652710,walter@fadel.test,False,50316
49041,Edward Gottlieb,"106 Green Spurs, North Emilioport, CA 71260",+19013053161,tammara@beer-leannon.example,False,49041
49362,Mitsuko King,"891 Rigoberto Tunnel, West Jefferyberg, VA 00512",+19842860397,chi@parisian.example,False,49362
48692,Msgr. Chere Goldner,"Apt. 344 14450 Risa Stream, Langmouth, NH 22790",+17323981738,guadalupe_rogahn@ferry.test,False,48692
50180,Val Ratke,"Apt. 465 940 Luettgen Ford, Port Man, AZ 60841",+15410322803,leona@von.test,False,50180
49008,Darius Brekke Jr.,"Suite 625 268 Devon Mountain, Kylemouth, IN 57964-7715",+16948297720,xavier@streich.test,False,49008
50581,Diane Wilderman,"746 Kris Squares, North Stephanieview, UT 60359-5841",+18781262029,shaquana@kirlin-harber.example,False,50581
47695,The Hon. Halley Volkman,"Apt. 444 71353 Huel Row, North Angelita, PA 92295",+19337598078,marilou@beahan.example,False,47695
48076,Odell Abshire,"Apt. 521 509 Yong Parkway, South Ruthanneside, VT 40270-4544",+14845826433,ron@blanda.example,False,48076
47946,Royce Rosenbaum,"Apt. 487 38551 Keven Camp, Kenethtown, IA 21015",+17048496189,stasia@beer.test,False,47946
47992,Valentine Reichert,"1103 Hammes Manor, Irmgardbury, NY 57583-8284",+19625990180,felix@schoen-simonis.example,False,47992
51095,Mr. Renay Aufderhar,"251 Towne Port, Creminview, WA 24812",+12477056639,columbus.koelpin@olson-wilkinson.example,False,51095
48080,Carmine Wiegand,"19165 Kozey Rapid, Kulasbury, TN 82510-3039",+18851499408,junita.deckow@miller-steuber.example,False,48080
47974,Hong Zieme,"2372 Otha Way, Stehrfurt, IL 18076-4050",+19004510188,granville.tillman@west.example,False,47974
48333,Prof. Carita Borer,"8141 Miles Radial, Anabelstad, NM 73334-8983",+17592246770,carroll@cummerata.example,False,48333
49732,Sen. Werner Frami,"9994 Frami Grove, Schaeferhaven, TX 55747-5607",+11942390501,ernest@tromp-yundt.test,False,49732
48271,Wilson Strosin,"22501 Loise Turnpike, Lake Donovan, NC 02014",+11491396866,mitch@greenfelder-vonrueden.test,False,48271
51089,Charles Bergnaum Do,"Apt. 498 8856 Lanora Cove, Lynellville, AL 44011-4388",+13176659778,emanuel_okuneva@becker.test,False,51089
47904,Fidel Cummerata,"48715 Cummings Wall, Goyettestad, CA 90538-8011",+13847814667,normand.goldner@greenfelder-hayes.example,False,47904
48448,Kelley Kris I,"Apt. 446 13480 Lemke Mountain, New Louis, MO 20960-4376",+19026941071,clemente.macgyver@murphy.example,False,48448
48073,Renita Brown,"364 Kris Stream, New Princeburgh, ND 56280",+14864339116,randal@murray.test,False,48073
48350,Alicia King,"49762 Giuseppe Courts, Cristalland, IA 85246-6282",+13061050476,janene@lehner.example,False,48350
48388,Haywood Kub,"Apt. 317 957 Jamar Isle, New Jewel, MD 46122",+11468723796,diego@haley.example,False,48388
49189,Jame Schiller,"Apt. 504 53838 Herman Rapids, Reillyland, CO 27554",+17734470783,renita@kuphal.test,False,49189
49290,Deandre Mayer,"55242 Sammie Mission, Lake Lethashire, AL 97977",+16185573531,charlyn_murphy@will-jerde.test,False,49290
48685,Darren Abernathy,"99434 Wiegand Cliffs, South Rubie, CA 32410",+17936046526,eugene@prohaska.example,False,48685
47742,Jacinda Schroeder,"69635 Hettinger Spring, Gleichnerview, ND 42717",+15481360875,glenn_leuschke@reichel.test,False,47742
49623,Thersa Romaguera I,"Apt. 109 294 Reichel Valleys, Mohrland, WY 73881-8486",+17895934709,morgan@yost.test,False,49623
48477,Timothy Predovic,"Suite 510 7618 Kautzer Dale, North Foster, CA 38140",+12392586722,wilford@kutch-gerlach.test,False,48477
49536,August Conroy,"Apt. 257 84687 Kenton Cliff, Porterbury, NC 79961-7031",+17528699787,natasha.wisoky@erdman.test,True,49536
49121,Charley Howe,"Apt. 793 977 Stevie Bridge, North Phungbury, KY 57654",+14252185971,fernando.toy@heller-klein.test,False,49121
49986,Leana Wisoky,"Suite 353 98935 Vivien Highway, Dooleyborough, WV 80254-3648",+18620201529,elaine_parisian@kuhn.example,False,49986
50379,Mr. Crista Von,"6587 Roob Harbors, Schowalterbury, WI 91775",+11613023352,misha_pfeffer@tromp.test,False,50379
49893,Joni O'Reilly Ret.,"Suite 374 53177 Wolf Mountains, Port Sharice, LA 56284",+18109866758,renda@abbott.example,True,49893
48496,Eldon Schinner Iii,"Suite 520 796 Raynor Spur, Feeststad, TN 62808",+14744678915,lavon@hermiston.example,False,48496
49252,Indira Schmitt,"7358 Syreeta Prairie, New Pamelabury, DE 91542",+16775880433,yen@thiel-hilpert.test,False,49252
49911,Raquel Wilkinson,"384 Littel Corner, Brekkeland, UT 47764",+17191896442,theo@leffler.test,False,49911
49936,Marcellus Toy Md,"Suite 176 92335 Howe Harbor, New Bart, MO 97576-5833",+16785787600,austin_marks@howell.example,False,49936
50038,Conrad Schuppe Vm,"24235 Terrence Lodge, Altenwerthside, PA 81211-3429",+12785672667,alvin.lubowitz@mann.example,True,50038
50983,Sheridan Simonis,"10277 Peggy Summit, New Mohammad, NE 70325",+13332286208,alana@jenkins.example,False,50983
50706,Angelica Quitzon Dvm,"Apt. 788 80491 Walsh Field, Vandervortport, WI 22764",+15074169165,noe_ebert@lind.example,False,50706
51018,Ladonna Gutkowski Dc,"9403 Christiansen Light, Adolfohaven, CA 32282",+19662873200,peter@harvey.example,False,51018
50763,Daniela Lockman,"770 Efren Passage, Port Camelia, MD 39022",+15541001114,april_kassulke@bruen.example,False,50763
47739,Daryl Franecki Dds,"1921 Ruthe Unions, Lake Kenyettaport, TX 74365",+13353316498,joline.considine@bogan-okeefe.example,False,47739
49722,Mr. Kareen Larkin,"Suite 875 5292 Zachary Harbor, Creminshire, UT 89145-9301",+13887934683,dorothea_balistreri@auer-paucek.test,False,49722
49755,Armanda Hills,"Suite 703 29390 Bashirian Radial, Eboniehaven, AL 24390-5983",+12800804196,randolph@schuppe-kuphal.test,False,49755
49778,Erin Bayer,"Apt. 712 1671 Janis Mills, Port Gerardo, TX 77112",+19584277679,vennie@rippin.example,False,49778
50483,Cherlyn Dooley,"Apt. 106 692 Koepp Road, Erdmanton, TX 36600-0158",+15662536270,juana.gutkowski@lynch.example,False,50483
49211,Kindra Hartmann,"2478 Edward Ridge, Johnathanhaven, OR 81352-4101",+18818827841,mei@cronin.test,False,49211
49586,Haywood Considine Jd,"321 Eldridge Junctions, East Emoryfort, AZ 86340",+16749600593,homer@hessel.test,True,49586
50453,Jana Shields,"80524 Andre Crossroad, Hillltown, MI 27347",+13477923648,dorinda_buckridge@lakin-veum.test,False,50453
50886,Magan Blanda,"Apt. 539 9644 Shelton Corners, North Elisha, VA 84622",+13374259850,leonard_tillman@ondricka-maggio.example,False,50886
48999,Fabian Barrows,"Suite 886 265 Lonny Canyon, West Lylemouth, MS 82351-1031",+15461388897,bernetta@koss.test,False,48999
47896,Manuel Hessel Esq.,"23130 Murphy Junctions, Schadenside, OK 61926",+11236533579,vickie.thiel@beer.example,True,47896
49475,Genevieve Heller,"5437 Reilly Loop, Lake Berry, SC 52010",+19296607736,dennis.frami@adams.test,False,49475
49320,Roxy Monahan,"82188 Leonel Mission, West Mathilda, CA 49425",+15617193506,kendrick.lehner@harris.example,False,49320
48484,Adelia Rippin,"Suite 614 407 Ebert Bypass, North Kyleside, NY 80367-4569",+15388498729,jonas_zieme@durgan.example,False,48484
48714,Miss Alejandra Schultz,"2442 Tyesha Roads, Dickenstown, AR 09862-5652",+19995296217,ed.yundt@kuvalis.test,False,48714
49047,Dorris Tillman,"225 Carolann Passage, West Anderson, WI 01900",+12385098474,lonnie.schinner@schimmel-krajcik.test,False,49047
49298,Angelina Carter Phd,"Suite 655 4848 Borer Hill, North Vicentaberg, RI 67001",+19276560882,lauren@russel-gottlieb.test,False,49298
48879,Essie Medhurst,"Apt. 251 1870 Leannon Avenue, South Wilbertfort, NC 85653-1020",+13406185988,ela_christiansen@abbott.test,False,48879
49884,Dillon Labadie,"Apt. 859 145 Lueilwitz Centers, Kimberyfort, CA 25953",+19194660099,raphael_smith@padberg.test,False,49884
48787,Evalyn Schmeler,"Apt. 903 89045 Ratke Centers, Port Marg, NC 14592-2424",+12963774717,kirk_kautzer@dickens.test,False,48787
49115,Chau Mueller,"224 Hilll Pass, Jadaborough, NV 18590",+18036076269,sharell@okuneva-boyle.example,False,49115
50943,Johnathan Thompson Ii,"917 McKenzie Mills, East Catricemouth, IN 48865-0333",+17212542558,benton@king.test,False,50943
49174,Mrs. Tennille Hegmann,"8604 Kuhlman Isle, Fisherborough, VA 59811-2025",+14467142916,edison@durgan.test,False,49174
50721,Margurite Ankunding Iii,"1931 Greenholt Neck, Croninland, UT 27755",+18807254202,hayden.mertz@ruecker.example,False,50721
48627,Jeri Schmitt,"8643 Nicolas Plaza, East Pathaven, VT 45180",+19302994448,lacy@hirthe-smitham.example,False,48627
50550,Hosea Beatty,"2548 Bode Ford, South Deon, OR 27021-2484",+17049400028,tanya_tromp@nitzsche-schroeder.example,False,50550
48206,Alison Kassulke Dc,"Apt. 647 8411 Kovacek Ways, Tamaraville, AK 45901",+19794644724,jacalyn@rutherford.example,False,48206
50424,Andra Reynolds,"89725 Bailey Isle, Lavoniaborough, LA 40293",+11273773899,hugh@borer.test,False,50424
49227,Dell Cassin,"Apt. 164 618 Terra Ford, Lutherchester, MS 06400-1448",+15043286001,elidia@goldner.test,False,49227
48913,Angella Hintz Do,"Suite 993 6636 Darin Fords, East Marcellshire, GA 58781",+11610728548,jesse@morar.test,False,48913
48512,Jordan Denesik,"Apt. 308 6407 Koepp Ports, Hoppeport, NM 93823-1127",+17090900839,britta_vandervort@fahey.test,False,48512
49124,Marco Strosin,"Suite 530 164 Marvin Crossing, West Houston, OK 10446",+17429602613,conrad@cummings.test,True,49124
50433,Julian Kiehn Vm,"1707 Ivory Pass, Jessikachester, NY 91583-4716",+19062508427,marylou@vandervort.test,False,50433
49095,Wava Collier,"43193 Hermiston Lakes, North Ivory, WA 67190-6555",+12626553467,troy_braun@medhurst.test,True,49095
50874,Antonia Spencer,"683 Regenia Creek, Port Landonton, KY 35816",+16707279086,dede@frami-west.test,False,50874
49199,Grover Nitzsche,"Apt. 829 9910 Shantay Street, Lake Geraldofort, VA 10980",+16125080122,eric@brown.example,False,49199
49851,Jarrod Mcclure Cpa,"4346 Ophelia Mountains, New Claude, CO 54559-8970",+12451726834,fred@kreiger-yost.example,False,49851
50920,Darren Medhurst Cpa,"Suite 310 52030 Ivana Port, Jeroldton, FL 45340-8252",+14709297054,shonda_fisher@morissette.example,False,50920
49481,Enrique Tillman,"946 Crona Station, South Garnettburgh, NC 74262",+11521107880,lamont@runte.example,False,49481
47849,Bennie Champlin,"Apt. 663 73738 Lindsay Square, Russelberg, SC 77967",+16107552321,marybelle@prohaska-gleason.example,False,47849
49871,Rev. Belle Nitzsche,"50951 Hershel Light, Rohanstad, ID 18448",+16579633532,valeri@rolfson-rempel.example,False,49871
50351,Erasmo Stehr,"48907 Abshire Rue, East Mayamouth, OR 32811",+19657163412,marco_hyatt@rosenbaum-schaefer.example,False,50351
49817,Lynwood Kuvalis,"585 Eddy Villages, West Demarcusville, FL 47531-2177",+11567887412,arturo.purdy@schuppe.example,False,49817
49695,Barry Lynch Dc,"Apt. 325 84321 Heathcote Neck, Mayertburgh, AZ 44047",+11268719780,clarence_upton@ledner.example,False,49695
50952,The Hon. Hollis Trantow,"Apt. 702 5215 Davida Avenue, Nataliefort, MA 42986",+13228625864,jann@hammes.test,False,50952
48602,Clifford Kulas Vm,"Apt. 971 9695 Coy Mews, Batztown, ND 53982-4938",+14929116693,jose@mosciski-grant.example,False,48602
51030,Sen. James Lindgren,"Apt. 260 1953 Wilderman Stravenue, West Andreahaven, NV 64734-4275",+18773703510,sara.rath@white.example,False,51030
50865,Phillip Macejkovic Md,"Suite 762 754 Domitila Mission, New Garry, LA 99660",+14395286005,chet@kutch.test,False,50865
50748,Darren Blick,"93522 Austin Brook, Lake Karlene, AL 39785-7005",+11287144698,marco@runte.example,False,50748
50492,Abe Gerhold,"215 Zulauf Forges, Huelfort, DE 43543",+18189110895,lucas@torp.test,False,50492
50295,Julian Mayer,"415 Kihn Brook, Nienowfort, FL 57741-3788",+16613946944,bennie.morar@stark.test,False,50295
48013,Miss Xiao Prohaska,"Suite 675 76110 Schinner Island, Lake Tiahaven, RI 50906-0379",+17065654146,doreatha.hayes@schulist.test,False,48013
49244,Jada Stokes,"Suite 812 406 Micaela Row, Siobhanside, UT 23907",+16734715410,shavon@tromp-prohaska.example,False,49244
49870,Huey Schaden,"Suite 692 4051 Powlowski Prairie, South Pasty, DE 06514",+18651341761,theo@miller.example,False,49870
50793,Nohemi Kiehn Jr.,"140 Berge Estates, Hwafurt, VA 04976",+19466370651,abraham@cremin-lubowitz.test,False,50793
50146,Rep. Marshall Effertz,"11401 Columbus Ways, Cristmouth, NC 50954-7978",+16019238104,carmel.hettinger@damore-nitzsche.test,False,50146
49856,Ms. Kasey Willms,"Suite 134 90440 Keisha River, East Earlene, NE 73296",+17346102683,rocky.leannon@willms-gibson.example,False,49856
47995,Gregory Hayes,"Apt. 458 25877 Bayer Port, Chanceland, MT 19153",+17224725162,tyrell.cruickshank@schmeler.test,False,47995
48255,Rep. Ron Hauck,"Suite 841 3810 Jamika Manor, Lyndonside, AZ 67857",+18986291984,trena@crona-wilderman.example,False,48255
48478,Gaston Muller,"Apt. 151 824 Kessler Brook, East Annabelle, MT 33304-2640",+16123358091,johanne_ernser@lynch.example,False,48478
49187,Gov. Roscoe Roob,"Suite 595 15811 Dovie Ridge, North Buddyland, MT 38162",+16208392370,anderson.heaney@schroeder-emmerich.example,True,49187
49066,Lorenzo Cummings,"5029 Wolf Passage, West Alfonzo, RI 38570",+15332779749,micah@oberbrunner.example,False,49066
50358,Francene Runolfsdottir Dvm,"Suite 377 7845 Bernetta Ranch, Titusside, NJ 65123-5762",+12870221689,zula_boyle@lynch.test,False,50358
50589,Zoe Powlowski,"5162 Herzog Island, Lake Richie, AL 64524",+19323630503,miguel.langosh@hackett-gutkowski.example,False,50589
48569,Ronnie Altenwerth Vm,"Suite 223 1943 Turner Forks, Shoshanamouth, MI 93078",+19721318079,hilton@dubuque.example,False,48569
48560,Maryetta Shields,"Suite 343 218 Ebert Meadows, Lake Efrainborough, OR 87443-4283",+19997541804,jed@auer.test,False,48560
49470,Evan Bednar,"6836 Caitlyn Spurs, West Ferminside, NC 30362",+17282592146,lala@bernier.test,False,49470
49106,Tom Kshlerin Sr.,"Suite 545 8547 Tyree Island, South Raleigh, AR 60510",+15235539750,jamar_balistreri@carroll-kunze.example,False,49106
49013,Kelley Erdman,"41395 Luci Centers, East Nicholas, MT 87656-8280",+16394826476,providencia@tremblay.example,False,49013
47912,Mrs. Simona Howell,"38191 Arturo Row, South Shannanmouth, AZ 89613",+12464205893,hassan_schoen@hegmann.example,False,47912
49399,Mrs. Darby Renner,"85943 Almeta Road, New Von, UT 46873-8652",+18807978947,idell@feil.example,False,49399
48657,Geraldo Graham Cpa,"Suite 607 9460 Daren Streets, Priceville, LA 10135",+18220374847,elizbeth_maggio@will-block.test,False,48657
50716,Irving Abbott,"Apt. 284 64680 Beahan Street, West Matt, IL 94058",+15038548785,breann_parisian@olson.test,False,50716
47673,Andrea Wisozk,"311 Sharleen Mount, Crisberg, AR 19907-5204",+19597963250,darrick@casper.test,False,47673
50546,Jarod Spinka,"Suite 910 54746 Hackett Plain, Barrowsfort, UT 27878",+19167419826,marni.schuppe@smith.example,False,50546
49172,Ms. Deandre Nienow,"238 Moen Estates, Marcellushaven, TX 41811-8867",+16884166887,pamella@connelly.test,False,49172
50873,Merlin Mosciski,"Apt. 790 942 Gaston Lights, South Shaquitaberg, MD 71153",+11885643359,ahmad_ullrich@towne.example,False,50873
48658,Jamey Kirlin,"478 Pamella Corner, New Gilbert, OH 69497-2758",+11181242323,bradly.prohaska@conn.example,False,48658
48540,Elisha Dubuque,"Apt. 866 68803 Johnson Mills, Jakubowskiburgh, SC 17933",+15367013186,pamelia@maggio.test,False,48540
49374,Moshe Kshlerin,"550 Stacee Roads, Goldnerhaven, OR 40589",+18722578652,azzie@marvin.test,False,49374
50081,The Hon. Clemmie Mcdermott,"Suite 486 30069 Bartell Prairie, Port Denny, NE 82632-6642",+13264401156,lewis@morar.example,False,50081
48056,Arlen Breitenberg,"11708 Clifton Knoll, West Guy, PA 50885",+19778672455,antonina@fahey.test,False,48056
50871,Aida Fahey,"Apt. 493 125 Bogan Wells, New Teresita, DE 63543-8601",+15210878736,bula@jacobi.test,False,50871
50564,Myles Friesen,"Suite 969 7846 Rocio Rue, Dachchester, HI 26095-4420",+15424181134,delena@green.test,False,50564
50629,Boris Runolfsson,"496 Bogan Ferry, Lake Jerrica, OR 74947",+15060030649,paige_beer@bins.test,False,50629
49793,Lakita Mohr,"3888 Jadwiga Meadow, Meganborough, WA 20764-5789",+11170450057,elijah.lind@beahan.example,False,49793
48007,Ms. Rey Legros,"660 Daniel Shoal, Ferryborough, MT 17205-2531",+16074985998,ernie.jacobson@torphy-spencer.example,False,48007
47886,Wilburn Huel,"Apt. 983 9170 Brown Valleys, Lesterhaven, GA 05500",+19309900930,dominique@abernathy-krajcik.test,False,47886
49210,Mr. Vida Cronin,"Apt. 329 115 Little Key, North Trentburgh, NH 21453",+12683707300,fredric.damore@ohara-leffler.test,False,49210
47722,Blythe Wuckert,"42013 Coy Port, Howeton, OK 26431-5645",+17235700383,toney_ullrich@nader.test,False,47722
49869,Shelton Schultz,"533 Satterfield Park, Lake Dannie, NY 70496",+13344064707,jacob@hermann.example,False,49869
48362,Nickole Huel,"Apt. 895 8031 Doyle Cove, Ladonnaland, CO 33151",+11396121438,felix@hermann.example,False,48362
50695,Deshawn Goodwin,"Apt. 194 20220 Kuhlman Isle, New Delmaton, VT 63978-6220",+13139342868,cleo_witting@stokes.test,False,50695
50784,Monroe Farrell,"Suite 944 717 Eusebio Burg, Helainechester, NE 92286",+14486803151,alonso_walsh@herzog.test,False,50784
48092,Lazaro Gutkowski,"Suite 341 14445 Cyrstal Trafficway, South Daren, MI 09887",+11994836925,howard@jakubowski.test,False,48092
48121,Keli Hudson,"575 Willms Roads, West Jonell, MI 10302",+12075122045,hung@legros.test,False,48121
48382,Kristyn Herzog,"Suite 217 43282 Agustina Plaza, West Caron, MI 59402-4621",+16230430555,ellis_mcglynn@larson-mills.example,False,48382
47807,Rhea Reichel Dds,"63186 Hauck Mission, Nikolausland, NJ 95817-1549",+13459214376,burl@stoltenberg-jenkins.example,False,47807
50590,Cherry Leuschke,"8856 Melva Cape, Lake Erwinburgh, WA 08084-6089",+16815183760,raymond@russel.example,False,50590
48654,Mathilde Turcotte,"93104 Huel Shore, West Marctown, OK 57681",+14357056112,eugene@hegmann-schroeder.test,True,48654
50315,Marty Daniel,"Suite 496 7551 Nicolas Springs, Debistad, AR 42109-6777",+14105024428,mauro_lubowitz@paucek.example,False,50315
48444,Karlyn Rutherford Ret.,"Apt. 133 916 Caryl Trafficway, Westonberg, RI 70537-2440",+19391991473,michell.spencer@jacobson-ondricka.test,True,48444
49038,Granville Torphy Md,"Suite 993 4178 Fay Mall, Rudolfville, MO 01657-1193",+17732916966,ivan@schmidt.example,False,49038
48616,Joane Runte,"906 Schneider Greens, Antonstad, MI 09809",+17967108055,afton_dooley@torp-mann.example,False,48616
49071,Polly Bailey Ret.,"Suite 949 3664 Little Plaza, New Magan, NY 31560",+18141675710,eldora@funk-lesch.example,True,49071
49012,Silas Bayer,"Apt. 617 85341 Nena Rue, Jesseniastad, NC 56440-2601",+13245232877,keena@bailey.example,False,49012
47677,Gita Gutmann,"624 Jenkins Track, Haydeefort, VA 39732-4342",+13723570159,forest.stanton@nitzsche.example,False,47677
48623,Manual Stiedemann,"4516 Roseanna Junctions, West Danielaview, ID 16450-4208",+12375687673,gustavo_hoeger@blick.example,False,48623
50077,Colton Wiegand,"978 Dare Ridges, New Vicenteberg, ID 11804-0963",+17829151099,martina@erdman-mcdermott.example,True,50077
48344,Amber Parker,"992 Spencer Ridges, Lake Douglass, NY 47833-0914",+17712890123,luke@friesen.example,False,48344
51098,Miss Sina Tillman,"Apt. 740 380 Vandervort Flats, Goodwinland, VA 55198",+11846469759,moises@predovic.example,False,51098
50966,Judie Heller,"Suite 643 894 Cole Estates, New Levi, DE 84511",+17951231345,conchita@kirlin-mann.example,False,50966
50455,Bruno Larkin,"3267 Kuvalis Bypass, Port Lucienchester, AL 28295",+12002707752,rana.marquardt@jaskolski.test,False,50455
48533,Shandi Ward,"63284 Marcellus Fields, New Cristy, MD 83158-4860",+18051173770,genaro@mante.example,False,48533
49159,Devin Hahn,"4510 Gabriel Groves, West Audra, MN 53799",+15780664222,shea_gutkowski@bogisich.example,False,49159
49696,Rep. Morris Hagenes,"8238 Walker Point, North Johnahaven, NY 95867-9504",+15976908418,leigh@orn-runte.example,False,49696
49734,Marlena Kassulke,"725 Zemlak Brooks, Aldofurt, WI 24195-9238",+16773823375,margret_brown@daugherty-rippin.example,False,49734
48185,Susy Greenfelder,"Apt. 599 8746 Gerardo Haven, Ossieville, LA 19754-2989",+18397456127,grant.auer@ernser.example,False,48185
47830,Julio Raynor Dds,"11825 Madalene Grove, West Joesphtown, IN 03608",+16833695879,james@feest.test,False,47830
50394,Sherly Ritchie,"7602 Lavern Extensions, Leannonton, AL 19721",+14878256239,mui@reynolds.test,False,50394
49751,Mario Williamson,"4042 Robt Walk, Kertzmannburgh, ND 24740-5682",+18527412100,junior.torphy@dooley-murazik.example,False,49751
50691,Ciera Kerluke,"Apt. 652 2714 Jacobs Circle, Clairfort, AZ 41641-8765",+14961799094,maryann_feil@mills.test,False,50691
49567,Isiah Dicki Iv,"Apt. 385 1920 Krissy Extension, East Lennaborough, AK 12985-8094",+15610556501,bertram@schinner-upton.example,False,49567
48768,Keith Reilly I,"132 Raynor Islands, Everettton, RI 65551",+15616677050,shon@rolfson.test,False,48768
50327,Ashlie Hackett,"Suite 153 29747 Paucek Stravenue, Lake Rayna, UT 97815-8883",+19745169628,lula@schultz-kutch.example,False,50327
50120,Jesusa Balistreri,"Suite 930 9184 Enda Ways, Rustyshire, PA 86961-1595",+19034723632,yaeko.bechtelar@strosin.example,False,50120
48670,Bruno Renner,"88230 Carlo Flats, Funkview, AL 17244",+11263276090,carey@reichel.example,False,48670
49679,Dana Ferry,"2143 Dietrich Mills, Lake Cliff, NC 47786-1910",+13006200047,jamal@macgyver-white.example,False,49679
47853,Ian Okuneva,"1418 Feest Burg, East Jeromy, ID 22202",+14302750838,alonzo@ledner.test,False,47853
49557,Chong Koepp,"3937 Leone Summit, Port Dominick, WY 23165",+14932816018,haydee_maggio@rolfson-lehner.test,False,49557
50076,Krysten Toy,"949 Ileen Radial, Schmidtville, TN 99390",+11938285619,velma_schulist@lockman.test,False,50076
48088,Taneka Renner Dc,"68316 Walter Run, Fabiolaborough, AK 78145-6857",+11410538363,rachael@weissnat-hoeger.test,False,48088
50287,Misty Herzog,"636 Moen Tunnel, Elijahborough, WV 97874-3940",+12940753911,jennifer@effertz.example,False,50287
50830,Prof. Brynn Ziemann,"408 Trena Track, East Gilbertohaven, MI 22051",+13745523033,joel.roberts@kohler-muller.example,False,50830
48011,Gerda Lubowitz,"18024 Crist Locks, Smithamfort, HI 47965-6533",+16952574459,mitchel@reynolds.example,False,48011
49967,Clarence Stamm,"Apt. 728 74750 Rosenbaum Knoll, Murphyland, OR 09067-7581",+15287009693,marla@bogisich.example,False,49967
50336,Renetta Kuhic,"Suite 485 6756 Kirlin Ferry, Lake Berniceburgh, OK 82444-4222",+17387799379,genny_beahan@jaskolski-mcdermott.example,False,50336
49285,Belinda Buckridge,"Suite 642 181 Elijah Spur, West Colemouth, AZ 95034-7739",+12834406889,vanetta@roob-schulist.test,False,49285
48797,Joni Bashirian,"906 Ruben Mews, Port Chayamouth, ID 20765",+12122087182,tess_jaskolski@lubowitz-wiza.example,False,48797
49848,Emmitt Mcglynn Md,"Apt. 517 84977 Wayne Row, Hellermouth, NC 10428-7568",+11737856881,inocencia@oconnell.test,False,49848
48597,Dacia Aufderhar,"1935 Lewis Island, Dannielleton, TN 04678",+14120354997,cecile_wilderman@blick.test,False,48597
50381,Mrs. Roxane Schultz,"848 Williamson Mill, Lake Travis, NH 17978",+15893967275,maisha@dare-hessel.example,False,50381
50101,Lola Leuschke,"Suite 715 45080 Emmett Trafficway, North Janettahaven, VA 70223",+19054507040,dottie@labadie-schneider.test,False,50101
48652,Carey Okuneva,"Apt. 731 807 Legros Estates, New Zolaland, KS 07079",+15698069636,donnie_muller@gusikowski.example,False,48652
48327,Susy Rodriguez,"Apt. 246 81464 Ernestine Lights, Douglashaven, NC 55857",+14398649390,young@romaguera-lindgren.test,False,48327
50618,Ezequiel Wintheiser Jr.,"50853 Medhurst Key, Lake Randal, ID 68708-5473",+12386656718,salley.gerlach@monahan.example,False,50618
49188,Ashely Reinger,"6483 Koch Flats, Wolfffort, TN 25840-2479",+17805061712,olin@nitzsche.test,False,49188
49118,Adell Franecki,"Apt. 136 6941 Curtis Meadows, New Asleybury, WA 04856-4004",+17248243686,quintin.mann@nolan-luettgen.example,False,49118
49116,Marivel Howe Vm,"Apt. 722 2476 Williamson Expressway, South Hedwigview, NJ 59274",+16279661126,coy_schaden@willms.test,False,49116
51046,Russell Collier,"2645 Macejkovic Rest, East Judson, IL 51410-9436",+16650158885,sidney@swaniawski-mueller.test,True,51046
49846,Timothy Parisian Jr.,"9737 Glenn Fall, West Wilfredoshire, NV 42921",+19552806922,bettye@borer.test,False,49846
49237,Toshiko Franecki,"Suite 773 1101 Wunsch Course, Heathcotemouth, TX 83634-0114",+13316409849,irina@mcclure-shanahan.test,False,49237
48082,Cammie Medhurst,"89081 Warren Passage, Lake Donny, KY 15174",+19830733065,darwin_erdman@boyer-jacobi.test,False,48082
49006,Jerrod Herman,"Suite 103 780 Shella Camp, Rohanhaven, OR 10178-1326",+19183394683,emelda@jerde-herman.test,False,49006
48790,Fr. King Russel,"8409 Ricky Alley, Considineberg, HI 94335",+12133612737,devon@adams-stroman.test,False,48790
47716,Wynona D'Amore,"69085 Mervin Neck, Masonshire, MA 20298",+12683732058,noah@shanahan-langosh.test,False,47716
50500,Mr. Dimple Cronin,"Apt. 885 23436 Hirthe Island, East Lynn, NY 67374-6394",+17652741744,darell_sanford@pfannerstill.example,False,50500
49359,Francesco Hodkiewicz,"Apt. 384 104 Archie Plaza, Koreytown, NY 22003",+15261677507,aundrea@lang.example,True,49359
49423,Curt Hayes,"Apt. 936 692 Tonja Flats, Walshland, WY 65923",+13273570502,emanuel@reilly.test,False,49423
47662,Awilda Jenkins Ii,"Suite 477 448 Dicki Forges, East Enid, PA 21906",+16104759488,elmer@daniel.example,False,47662
47961,Al Goldner,"82627 Bartoletti Neck, Lindchester, GA 91516",+12040899272,ronda_leffler@koss.test,False,47961
47980,Vicky Grant,"18996 Chas Freeway, East Leiahaven, DE 68440",+12017022254,meda_lubowitz@ledner-hand.test,False,47980
48813,Elden Hand,"441 Murray Ridges, Derickland, TN 41717-0494",+11087948229,theodore_simonis@sawayn.example,False,48813
49283,Christian Gerlach,"Suite 860 45792 Rudolph Ramp, Ellyland, VA 47926-1701",+17669365986,alden@hoppe.test,False,49283
47717,Jenell Cremin,"Apt. 395 8118 Weimann Radial, Hauckmouth, TX 96209-5581",+19406415899,susan@lemke.example,False,47717
49548,Mrs. Wonda Predovic,"Suite 917 97569 Neely Junction, Irwinstad, UT 37182-4564",+12866818084,elmo@king.test,False,49548
48381,Thomas Marks,"32734 Kathrin Unions, Brownfort, WV 17137-3302",+17189035013,phyllis_swift@jones.test,False,48381
50738,Rep. Angel Schmitt,"896 Boris Heights, Herbertstad, NY 35835",+18725529835,janella@bergstrom.test,False,50738
48749,Connie Grant,"Apt. 217 57337 Cormier Plaza, South Derek, UT 82403-4113",+16381105842,winford@smitham.example,True,48749
50178,Tod Blanda,"Apt. 658 3086 Muller Throughway, Jeaniceberg, MI 43753-5650",+18490493530,becky.lueilwitz@stoltenberg.example,False,50178
49887,Lorenzo Grady,"Apt. 259 90420 Gislason Track, Binstown, IN 65341",+17281482057,siobhan@koch.test,False,49887
49585,Odis Grant,"8953 Franklin Spring, West Alvaville, NH 86852",+14135770137,desmond.collier@kulas.example,False,49585
49196,Natosha Thompson,"232 Margarite Via, Lake Valencia, NJ 64331",+15067857757,erma@hessel-huels.example,False,49196
50305,Pura Price,"7889 Vito Crossing, South Daratown, TX 76496",+13327726829,leonard@dubuque.test,False,50305
49523,Miss Zackary Dubuque,"Suite 952 78972 Schuster Inlet, Port Joyceville, RI 06424",+12340728950,willette.kulas@stanton.example,False,49523
50259,Candi Schimmel,"Suite 955 308 Gilberto Loop, Boylefort, MI 54390",+12562724528,jerrod@auer-hauck.test,False,50259
48059,Margarita Bartell,"527 Alton Views, Freddybury, AR 77990-3319",+15817936685,tanisha@aufderhar.test,False,48059
51061,Sharolyn Torphy,"Apt. 825 572 Fritsch Shore, Lake Dave, AL 30201",+14219968873,thersa_durgan@fritsch-armstrong.test,False,51061
49275,Bertha Beatty,"Suite 398 666 Orn Avenue, Hoytmouth, FL 83302-8381",+17620860058,rolando@sporer.test,False,49275
49271,Germaine Flatley Jd,"304 Reinaldo Way, East Jacobhaven, HI 10803",+18641083409,lawanna@becker-huels.example,False,49271
48234,Phuong Baumbach,"379 Buster Shores, West Ara, NV 47551",+18909005973,jimmy.kerluke@wehner.example,False,48234
50245,Ned Satterfield,"Suite 287 541 Nolan Estates, East Faustinobury, IL 78731",+11999109299,seymour@bednar.example,False,50245
50292,Latoyia Nader,"1532 Rippin Brook, Reichertmouth, OR 19352",+16527453813,margarito.gerhold@considine-borer.example,False,50292
49861,Ana Ondricka Sr.,"Suite 300 7472 Wilderman Mountain, South Edmundo, KS 86665-5498",+17517221753,ernesto@grady-wiegand.example,False,49861
51038,Parker Donnelly,"188 Windler Spur, East Georgeburgh, PA 70642-6197",+12880115168,carlton@lakin-braun.test,False,51038
50176,Kyle Denesik,"Apt. 178 55466 Teofila Estate, South Nga, MA 13219-2683",+19516588029,latrina_connelly@paucek.test,False,50176
48743,Sean Berge,"Suite 360 2966 Stoltenberg Mountain, West Ona, NC 47468",+14394578357,gilberto@koch.example,False,48743
50901,Pat Greenholt,"Suite 631 3018 Courtney Trafficway, New Mikeside, NH 46021-2201",+19451144215,aubrey.littel@heidenreich.test,False,50901
49112,Russell Towne,"Apt. 675 51265 Schultz Village, New Deja, FL 57932",+19180628219,dominga@bogisich.example,False,49112
49614,Kirk Stehr,"325 Herman Mountains, Bellechester, KY 69511-8016",+17712091708,joey@runolfsdottir.test,False,49614
50243,Tawna Kirlin,"7772 Weston Junctions, West Rina, CA 27485",+12743670892,chante_gibson@bergstrom.example,False,50243
48840,Miss Juliette Williamson,"Suite 786 87261 Mariela Wall, North Vernbury, CT 66069-0789",+18829254612,jonas@veum.test,False,48840
47868,Miss Edmund Rath,"833 Delphine Fort, West Galina, MN 98911",+13808612790,linwood@kessler.example,False,47868
49402,Edward Miller,"Apt. 730 47436 Marks Crossing, Nanaport, OH 81925-4172",+11863162742,thaddeus@murphy-corwin.example,False,49402
49542,Sherilyn Klocko,"Apt. 662 27490 McKenzie Mountains, North Bessieton, IA 56970",+16295750103,janey.gleichner@lemke.example,False,49542
48502,Troy Schimmel,"910 Bernarda Squares, Lake Rueben, TX 46506",+13269549272,jarrett_jakubowski@collier.test,False,48502
49436,The Hon. Art Schinner,"920 Ned Shore, West Madieside, MN 35596-1549",+16254067724,dario@schiller.test,False,49436
50124,Martin Kihn Iii,"5301 Gilberto Valleys, South Lashandafort, OH 91599-0271",+19071018631,benito_wolff@orn-gulgowski.example,False,50124
48586,Rep. Johnathon Breitenberg,"Apt. 197 47567 Nicolas Mews, Stantonmouth, WA 22375-4175",+12340161669,cedrick@goldner-lubowitz.test,False,48586
48875,Gregorio Hermiston,"66748 Upton Heights, North Earle, NH 68212",+13427183344,gearldine_fay@cremin.test,False,48875
48296,Isis Reichert,"62044 Pinkie Keys, Port Willian, IL 80369-2288",+16129065874,somer_kihn@schamberger-cruickshank.test,False,48296
49185,Tracey Luettgen,"Suite 554 8153 Corkery Summit, New Annabellborough, OH 44210-1649",+14417086327,chung_lehner@rutherford.test,False,49185
50982,Claudette Grady Jr.,"670 Schamberger Ports, Lake Barney, OR 22152",+12555355542,lacey_kohler@christiansen-west.example,False,50982
47773,Argelia Hagenes,"153 Josefine Unions, New Leoberg, SC 77981",+18268961829,tommy@frami.test,False,47773
50899,Msgr. Jame Wilkinson,"Apt. 284 2330 Cory Terrace, Cartwrightbury, PA 16909-7184",+19479553537,eloisa.ankunding@haley.example,False,50899
49906,Deanna Murazik,"Apt. 524 508 Gary Rapid, Dickensborough, CA 18647",+11286790893,jann_thompson@herzog.example,False,49906
47674,Fr. Claretta Weber,"8379 Keebler Stream, South Junitaton, MN 20111",+11040321471,inger@daugherty.example,True,47674
47745,Corazon Prohaska Vm,"Apt. 469 183 Sawayn Springs, Watsicaburgh, NH 11992",+19585718333,clarence.mcdermott@labadie-tremblay.example,True,47745
49259,Prof. Jannette Reilly,"Suite 870 3141 Raul Trail, South Pamellastad, ND 64510",+17936589943,remedios.renner@quigley-ebert.example,False,49259
50368,Alex Wiegand,"Apt. 696 38915 Daron Union, West Darrick, WA 15777-5259",+11464869765,angelita_koepp@bradtke.example,False,50368
50122,Isiah Lang V,"Suite 391 27089 Penny Forge, West Tanisha, TX 48656",+19163714561,kirk.jenkins@rosenbaum.example,False,50122
49872,Young Macejkovic,"71907 Janise Bypass, Raynorchester, ME 50630",+15807877877,marquis@stanton.example,False,49872
48515,Dewitt Smitham,"Apt. 293 1828 Heaney Light, Zoraidaton, ME 64999",+13830770849,elmer@lowe.test,False,48515
48862,Fransisca Bergstrom,"Suite 495 9906 Kreiger Squares, North Melanitown, UT 01729-7786",+19434313721,robena_von@lubowitz.example,False,48862
48776,Rayford Rowe,"Suite 941 1647 Vernon Road, North Archiestad, OH 65015-9407",+17469238709,shelton.donnelly@mayer-halvorson.test,False,48776
48783,Andres Schinner,"764 Fahey Cape, Busterville, OH 24430",+19247990792,morton@mcglynn.test,False,48783
48667,Ms. Leif Hilll,"Apt. 200 36257 Mills Bridge, Bruenside, MD 57756",+16512945603,karlene@von.test,False,48667
50568,Fiona Weimann Iii,"14681 Claude Crescent, East Juanbury, HI 77617-5124",+19669648753,carmelo_marvin@bashirian-stamm.example,False,50568
49680,Everette Upton,"Suite 748 63111 O'Connell Haven, East Zackborough, MI 56875",+19546352678,emmitt.torp@rempel-lang.example,True,49680
47814,Jefferey O'Connell,"909 Hermiston Brook, Kristofermouth, WV 68478-8805",+17819701656,shaun_little@legros.test,True,47814
47977,Sophie Marvin Iii,"5040 Wuckert Squares, Luettgentown, VT 01584-4359",+19044347254,shaun_mosciski@brekke-beer.example,False,47977
47763,Hermelinda O'Kon Do,"Suite 612 723 Larhonda Square, Shauntehaven, TX 55075-9041",+12265843705,christinia.hoppe@marks-feest.example,False,47763
48587,Rev. Geraldo Crona,"304 Ted Throughway, Eramouth, ME 64906",+16833119880,gaye@schneider-ratke.example,False,48587
50758,Pres. Wm Stroman,"Suite 117 7370 Jackie Stream, North Natalie, SD 75184-8480",+15252280990,albert@witting-gleichner.test,False,50758
49794,Dr. Darcy Koelpin,"23859 Annamae Trail, Wilmermouth, LA 59146-3299",+13167138446,norris@bartell-gibson.example,False,49794
49081,Leota Casper,"Suite 535 2324 Sean Greens, Schillerfort, WA 06260-8962",+12814318314,earl.hirthe@runte-franecki.example,False,49081
50709,Rhett Lubowitz,"Apt. 415 5666 Hudson Parks, South Boyd, MS 42094",+18558555074,burl_haley@wolf.test,False,50709
47710,Hilary Bergnaum Dds,"Suite 236 17554 Sawayn Way, Sonjahaven, TN 48009-2864",+13759376631,claudette@price.test,False,47710
50559,Parker Ritchie,"Apt. 386 9692 Bud Hills, Hyattland, KS 27605-9325",+18362494720,len_ernser@kertzmann.example,False,50559
49155,Efren Mante,"79013 Jenkins Manor, Pamulaland, NY 38241",+16111432777,aleshia_crooks@hoeger-hermiston.example,False,49155
49701,Alfred Lynch,"13261 Purdy Glens, Shavonmouth, AR 70016-7730",+12920145146,dirk@kovacek.example,False,49701
48888,Jarod Pouros,"Apt. 170 1374 Powlowski Creek, Bernierfort, AK 78899-2112",+14975188173,shad@koss-stracke.example,False,48888
48977,Woodrow Daugherty,"586 Ute Loaf, East Blanche, FL 09455-7203",+18173415127,wilburn_bernier@franecki-jenkins.example,False,48977
50175,Nada Bashirian Phd,"2485 Fiona Ports, East Renato, MA 67031-6605",+13005873572,carolann@homenick.test,False,50175
48091,Felica Sipes,"717 Welch Squares, Lebsackmouth, NC 46546",+11979568637,nikole@pfeffer-swift.example,False,48091
48008,Vida Daniel,"Suite 897 658 Pat Harbor, East Daniloton, IN 06725",+14401321319,lettie@kreiger.example,False,48008
50730,Pres. Earl Schamberger,"4762 Parker Course, East Quentinchester, CA 94238-9239",+14645871102,alan@champlin-runte.example,False,50730
47696,Krystal Bogisich,"28391 Maira Extensions, Jesicaville, MS 13008-7183",+14647307391,idalia@senger-yost.example,False,47696
48718,Arnoldo Herzog,"1036 Jetta Glens, Hyattland, ID 69889-7668",+14603503268,christi@pagac.example,False,48718
49704,Gov. Hilario Gibson,"172 Heaney Ramp, Huelmouth, LA 37842",+15670009295,jed@hills.example,False,49704
48964,Rev. Emery Hayes,"7552 Cleora Lane, New Edie, DE 80170",+17157593340,cletus@okuneva.example,False,48964
48108,Bo Grant,"6582 Andra Point, Hermanview, OK 77258",+11184919039,nathan@boehm.test,False,48108
48804,Denny Ratke,"Suite 718 4386 Wunsch Points, Kittyton, MD 38921",+16680642553,crystle_marquardt@conn.test,False,48804
51086,Mrs. Kathey Reynolds,"453 Dickens Ways, South Jarredfurt, TX 03023-5845",+19299730576,collene_ledner@powlowski.example,False,51086
50229,Dr. Breann Skiles,"Suite 429 11177 Roberta Plains, Starkview, LA 48297",+15336001770,grover_langosh@mante-purdy.test,False,50229
47885,Lester Runolfsdottir Vm,"5012 Adelle Pass, East Clarenceshire, RI 86647",+18622784849,lynetta@homenick.test,False,47885
48063,Solomon Turner,"933 Taisha Mission, South Nickie, MI 23423-8131",+18489136240,horacio.wunsch@white-kreiger.test,False,48063
48293,Lynn Bergstrom,"Suite 463 83923 Dede Cliffs, South Diegoshire, NH 89324-3683",+12732650382,burt_borer@purdy.test,False,48293
49219,Fr. Felicitas Smitham,"333 Golda Junction, Jerrellmouth, AK 29297",+11069557748,nelle@kuhic.test,False,49219
50526,Tammera Bogisich,"Suite 152 936 Rick Streets, North Sheenastad, MO 48092-6943",+18739563256,niki.swift@mcglynn.example,False,50526
47668,Lynna Schumm,"Suite 495 10813 Magdalena Locks, Chaunceychester, CO 93682",+18282639634,alec@green.test,False,47668
48928,Mrs. Tenisha Raynor,"7243 Simonis Extensions, Pfefferfort, VT 77479",+13677841903,everette@jerde.test,False,48928
48936,Scotty Legros Jr.,"Suite 814 212 Hugo Wall, South Jarred, CO 00700-3081",+15360641405,catheryn@grady.example,True,48936
49023,Louise Windler Dds,"4146 Braun Rest, Hunterland, NC 25118",+15938479987,jose.smith@ziemann-marks.example,False,49023
50688,Cory Harvey,"Apt. 730 24875 Archie Station, West Christian, WA 35130-4454",+13053849163,wanita_kuhic@feil-deckow.example,True,50688
48824,Christia Emard,"Apt. 512 7852 Silva Lake, East Kandi, KY 82058-6323",+12400582631,collin.raynor@pfannerstill.test,False,48824
50402,Yolonda Ryan,"1538 Kuhn Unions, Stracketon, CO 01865-4634",+15649543622,sterling@kris.example,False,50402
50172,Evia Hartmann,"Apt. 559 683 Shalanda Run, Laurynbury, MD 53143",+11326990747,dee_lockman@johnson.test,False,50172
50248,Jerilyn Johnston,"3688 Stracke Key, Brainbury, MO 03455",+17145733167,ivy_white@bernhard-rippin.example,False,50248
48364,Cesar Mitchell,"Suite 463 6236 Nam Tunnel, Bergstromchester, MI 68346-1360",+13488733428,bea_funk@pfeffer.example,False,48364
47678,Norris Rogahn,"Apt. 730 19623 Irving Gardens, New Richard, SD 66948",+12550082080,chung_walker@larkin.example,False,47678
50780,Gov. Lacie Gorczany,"8952 Philomena Village, Francesberg, NH 56690",+11542365802,madison.schneider@lebsack-sawayn.example,False,50780
48486,Jolynn Hintz,"7823 Don Vista, Port Shainachester, CT 11420-6240",+17818569025,francisca_gerlach@rutherford.example,False,48486
50497,Luann Batz,"5698 Tasha Knoll, Hermistonside, PA 74431-6021",+11449761477,alva_wiza@oconnell.example,False,50497
49319,Pres. Eugene Leffler,"Apt. 719 867 Yolanda Pines, West Birdietown, NC 61340",+11828406657,ladonna.herman@larkin-russel.example,False,49319
47971,Kacey Boyer,"8778 Tawanda Harbors, South Necole, MI 29507-4942",+19918840990,dale@nitzsche-wolf.example,False,47971
50277,Deidre Windler,"Apt. 369 6671 Hilll Stream, Leotaport, DE 32288",+19950538586,zana@kautzer.test,False,50277
50895,Mrs. Brock Leffler,"Apt. 822 4966 Wilderman Flats, New Rosendostad, UT 85710-4974",+17604526503,rudy.brown@sporer-schaden.test,False,50895
49062,Sen. Francina Maggio,"612 Denis Haven, Natishachester, NV 39557-0543",+14908445790,doris.hahn@mcdermott.test,False,49062
50339,Zetta Jacobs,"11776 Morar Parks, Cleoraburgh, OR 73642",+12596050622,teressa_oberbrunner@mraz.test,True,50339
47676,Franklyn Kovacek,"Apt. 986 59121 Emmerich Vista, Handland, OK 44736",+19633476253,james.hagenes@botsford.example,False,47676
48926,Tammy Bednar,"6494 Xavier Courts, West Krystenshire, SD 71539-7031",+18997766498,chad.dickens@hand.test,False,48926
49838,Holley O'Conner Vm,"Apt. 317 4998 Jude Flat, West Kermit, WA 13391-5872",+12901577743,phuong@bode-kautzer.example,True,49838
48438,Elfrieda Bogisich,"935 Steve Trafficway, Port Lisha, KS 66627",+15087737211,arie.jacobi@pfannerstill.test,False,48438
48064,Hiram Rodriguez Sr.,"78587 Brown Locks, South Donte, MO 46507-5908",+11194276783,casey@lakin.example,False,48064
48353,Nelle Gusikowski Ret.,"Suite 976 6468 Koelpin Stream, West Mikestad, WI 35844",+17019865749,bertha@bernhard.example,True,48353
49939,Weldon Volkman,"8196 Runte Divide, Christiniaburgh, MD 20757",+18003491946,marita.cremin@harvey.test,False,49939
47756,The Hon. Mikaela Barrows,"Apt. 132 85148 Kreiger Falls, South Mary, IL 50593-0563",+15535626012,malik.greenfelder@schoen-prohaska.test,False,47756
47732,Nolan Klocko,"Apt. 256 8606 Ulysses Walk, North Vonniebury, NE 54726",+12265612667,kris_rau@bednar.test,False,47732
47906,Rudolf Langworth Dc,"Suite 289 842 Alphonse View, Lake Yahairafurt, ID 29559",+19628509211,sonja@terry.test,False,47906
47865,David Haag,"Suite 266 166 Cristine Center, East Ronville, NE 23139",+15191555825,lashaunda.hessel@deckow.example,False,47865
50530,Raquel Berge,"Suite 173 935 Gulgowski Canyon, Dareberg, CA 63104",+11633684059,wanita_mills@thiel.test,False,50530
50375,Pres. Violet Hoeger,"658 Billie Trafficway, Alveraburgh, MS 77920",+14872658489,treena_dach@mitchell-berge.example,False,50375
50138,Xochitl Lockman,"Suite 443 8737 Delpha Field, Westshire, FL 19077-0460",+18473698999,loree.toy@walker-bayer.test,False,50138
49591,Dane Langosh,"47166 Myles Fall, Russelville, NM 22034",+19241916262,maude.auer@ankunding-harris.test,False,49591
49555,Letty Altenwerth,"Apt. 958 8836 O'Connell Loaf, Port Martin, CT 07542-7999",+16687622468,myrta.reynolds@marks.test,False,49555
50960,Nereida Beahan,"70568 Mohammed Islands, Rosenbaumburgh, TX 75832-4143",+19526308297,bula.rohan@bins.example,False,50960
49674,Kiersten Leffler,"Apt. 896 55609 Princess Orchard, Tonyfort, RI 85288",+11222763212,marlin@gislason.test,False,49674
47690,Dr. Angeline Kulas,"12990 Zackary Circles, O'Haraland, NC 02333-9511",+16004085191,roslyn@littel-wisozk.test,False,47690
47688,Mr. Delmer Effertz,"5994 Rebecca Fords, West Epifaniaton, WA 86433-9204",+14095876458,vanessa.emard@mosciski.test,False,47688
50073,Dovie Dicki I,"71181 Ollie Fields, Noreneport, FL 86069",+17442838135,delbert@turcotte.example,False,50073
49577,Kory Gottlieb,"3594 Price Views, Lake Hilario, RI 21473-8499",+14167163575,danyel.shields@beier.test,False,49577
49853,Dennis Zemlak,"Apt. 379 45170 Nickolas Camp, New Noah, MN 14916",+18450478520,reggie@sanford-schmitt.example,False,49853
49822,The Hon. Zack Runte,"Apt. 869 293 Bettye Freeway, South Rockyland, AZ 66649-5874",+11037082286,tiffanie.veum@borer-jerde.test,False,49822
49504,Glenn Kovacek,"Apt. 256 70201 Charmaine Expressway, East Sung, IN 54749-6676",+17122327785,dion.hilll@rogahn.example,False,49504
49745,Gov. Ilene King,"Apt. 569 12697 Bartell Turnpike, Boscotown, OH 81787",+19534101140,rubie@hickle.example,False,49745
49862,Rev. Aisha Daniel,"124 Isiah Overpass, West Lanellemouth, WI 67772-3275",+17417343051,noelle.deckow@wilderman.example,False,49862
49808,Gov. Yee Volkman,"Suite 689 527 Ryan Ways, Anamariatown, ND 45388-4441",+11281438444,tu@maggio.test,False,49808
50622,Octavio Spinka,"4909 Lisbeth Route, Glennaland, PA 91871",+15090269985,marlin.rutherford@dooley.example,False,50622
48701,Cleta Boyle,"154 Daryl Pines, West Karolynmouth, TX 29763",+12357580589,emely_gutmann@jones.example,False,48701
48634,Mr. Winford Boehm,"541 Pamelia Ville, Ernieton, IL 29284-0456",+17947900455,vance.leffler@torphy-schmidt.test,False,48634
50452,Sen. Kendrick Sipes,"Apt. 665 49322 Susana Forge, Brittshire, IL 79726-3322",+18220462150,shavon.feeney@heidenreich.test,False,50452
49718,Rev. Jerome Boyle,"Suite 509 4510 Dickens Station, Stiedemannmouth, LA 61295-8808",+11520933891,yasmine@zemlak.example,False,49718
48132,Nora Bradtke,"Apt. 649 1935 Salvador Lights, Dickensburgh, OK 14139-4051",+13148096420,len.dibbert@legros-kuhn.example,False,48132
48057,Ward Rogahn,"84753 Padberg Shore, Weberberg, VT 12554",+19569729818,alvina_kuhlman@bartoletti-batz.test,False,48057
50805,Carmel Kshlerin I,"9729 Neil Tunnel, New Maryetta, WY 41997-4769",+17317245938,jonathon.grady@howe.example,False,50805
48239,Raul Welch,"3912 Flora Shore, South Doyleland, OK 09639-0366",+18642742463,conrad@stehr.test,False,48239
48971,Ellis Koelpin Jr.,"Apt. 506 20138 Sacha Meadow, Lake Darnell, NM 77345-1393",+19317983556,casie.kreiger@wolf.example,False,48971
50396,Rosalinda Gerhold,"Apt. 415 45935 Twyla Valleys, Lake Billfort, GA 05094",+12666018817,lakenya.ziemann@prosacco-tremblay.example,False,50396
48139,Prof. Cherlyn Waelchi,"851 McLaughlin Crossroad, Kleinfurt, IN 09478",+13881357902,jenelle@marvin.example,False,48139
50456,Melissia Tillman,"77983 Bettye Port, East Kerriport, OK 13743-2420",+18959180027,richard@douglas.example,False,50456
47709,Dora Mann,"51916 Elvis Mews, Desireborough, MI 05965",+19991419983,dean@lakin-runolfsdottir.test,False,47709
49720,Milford Macgyver,"Suite 916 390 Boehm Corners, Ricestad, TN 31943",+16052462132,carlie@kerluke-murazik.example,False,49720
49981,Alfred Moore,"1502 Bauch Causeway, East Isaiasburgh, NV 76961-7124",+13301972545,darrick.gorczany@herman.example,False,49981
50458,Ingeborg Rippin,"Apt. 805 331 Gibson Extensions, Augustton, AZ 24233",+16819811018,francesca@lang.test,False,50458
49896,Bernita Borer,"5040 Elfriede Forges, Lake Argentina, MI 25198",+11393797682,hosea_lehner@greenholt.example,False,49896
50510,Roxie O'Kon,"141 Friesen Mountain, East Art, MS 34932-3637",+17633955069,lianne_nitzsche@schmidt.example,False,50510
48446,Somer Ernser,"30932 Ortiz Flat, Devorahmouth, NJ 95585-8248",+15030163950,geraldo@johnson.example,False,48446
50587,Antonia Pouros,"Apt. 384 994 Fadel Lodge, New Frankietown, ME 76284",+15679746335,noe@lakin.test,False,50587
50337,Rogelio Kilback,"9614 Blick Harbors, Aldohaven, SC 58143",+16779111614,lucas_quigley@russel.example,False,50337
48689,Rosendo Becker,"936 Amelia Lodge, Aminabury, MO 94127",+16300908901,christopher_heathcote@ward.example,False,48689
48237,Sanford Emard,"80254 Cami Club, New Daltonstad, WA 79808",+14528514399,mason@hessel-konopelski.example,False,48237
48491,Sidney Stamm,"Suite 995 73837 Brakus Via, Ladonnachester, OH 79374",+15946573529,dwayne_denesik@berge.example,False,48491
47733,Tamela Swift,"193 Pollich Centers, New Doloris, NJ 06979",+19245481352,jasmin@lynch-schiller.example,False,47733
49885,Ewa Pacocha,"5439 O'Keefe Pass, Schadenborough, TN 06443",+14874787552,terrilyn.oreilly@mayer-zemlak.test,True,49885
49141,Dee Braun,"698 Isreal Ferry, New Teri, KS 19192-9780",+13543896237,ralph.mills@prosacco.example,False,49141
48742,Coleen Fisher Dvm,"706 Wenona Brooks, Spencerton, WV 21068",+11151654304,delila@marvin.test,True,48742
48171,Adaline Leffler,"7854 Wintheiser Meadow, Magdalenhaven, IN 07234-5427",+15395634292,antone@kutch-boyle.example,False,48171
49154,Arletha Herman,"Suite 662 173 Nia Fields, Jenelleburgh, AR 29479",+17195425390,hobert.dietrich@armstrong.test,False,49154
49630,Jacinto Gleichner,"Suite 623 51203 Dani Summit, Tamarville, CA 55930-1419",+18098327083,eli@mann.example,False,49630
49245,Kirstie Bashirian,"Apt. 405 22243 Friesen Points, Port Marielfurt, PA 94471-4782",+16752920123,magdalene@monahan.example,False,49245
49173,Merry Torp,"Suite 165 408 Bennie Station, Rustyfurt, TN 20905",+14467586740,leandro@ziemann.test,False,49173
50469,Carry Johns,"624 Schuppe Extension, West Marguerite, IL 01425-1983",+13644762379,doreen@jacobson-grady.example,False,50469
50016,Towanda Kerluke I,"Suite 179 44765 Jennefer Mountains, Donnellfort, NM 02233-8736",+15656926753,khadijah_murray@stamm.example,False,50016
50311,Murray Yundt,"Apt. 267 484 Lowe Greens, Port Vince, NV 48853",+16600721854,kyong@jacobson.example,False,50311
47978,Herminia Little,"Suite 875 89623 Keebler Path, Kenethborough, TN 16260-7325",+14982429163,shaun.hessel@champlin-yundt.example,False,47978
47970,Ms. Brittanie Sanford,"9996 Hagenes Route, Lake Lucilla, NJ 34674-1500",+18365820154,rosario@deckow.example,False,47970
49491,Adam Gutmann,"Suite 461 40595 Stracke Plain, East Porter, LA 69169",+18424007745,kamala_marvin@denesik-armstrong.test,False,49491
49464,Archie Zboncak,"68293 Miller Islands, Port Agripinaland, HI 10834-5548",+15623533781,beulah@stark.test,False,49464
49559,Bonita Murphy,"Apt. 594 27752 Malka Shoals, East Richard, TX 15280",+14814033199,evelyne.ondricka@moore.example,False,49559
48924,Corrin Berge,"69907 Wiley Dam, West Lovieside, OR 47779-3806",+19839736020,colton.muller@gerhold.example,True,48924
50117,Brinda Goodwin,"579 Mayer Crest, New Bernice, NV 15060-0293",+16461206706,marybeth_leffler@zemlak.test,False,50117
49820,Shaun Bartoletti Ret.,"Apt. 454 365 Swaniawski Cape, North Ikemouth, OK 47794",+15034680363,damien.hessel@littel.test,True,49820
48752,Dewayne Walsh,"Suite 132 84901 Stracke Forge, Weissnatville, LA 94887-6069",+14533595431,america@huel-cremin.test,False,48752
48243,Jarred Bashirian,"Apt. 902 533 Dewayne Valley, Joeburgh, WV 23961-6931",+14998894521,wei_boyle@kreiger-leffler.test,False,48243
47883,Tien Russel,"77362 Mann Highway, West Paulside, VA 41094",+15856286279,roderick@altenwerth.example,False,47883
50171,Frances Langosh,"Apt. 798 5811 Tobias Parkway, Osinskichester, ND 91024-8407",+14934567074,carol.heller@buckridge-thompson.example,False,50171
49735,Jerald Mcclure,"236 Donella Lights, Deckowmouth, VT 74899-4026",+15320127496,christine@schimmel.example,False,49735
49684,Mr. Sebrina Gulgowski,"Apt. 113 48893 Bashirian Path, Hagenesshire, PA 61056-5178",+16553297668,neoma@ferry-johnson.test,False,49684
50444,Mervin Ankunding I,"Suite 205 848 Cyrus Island, Lake Nenitabury, OR 31736-0163",+16054469514,mary@osinski.test,False,50444
50036,Shelby Klein,"Suite 685 4961 Bode Haven, Cassinhaven, ME 89362-2868",+11764700205,filiberto.donnelly@wisozk.example,False,50036
49377,Titus Harris,"Suite 815 46168 Newton Flats, New Roger, WA 61287",+13999910902,evita@wiegand-kirlin.test,False,49377
49592,Yvette Rempel Esq.,"38123 Wyman Prairie, Magdalenaborough, FL 94016-7561",+13266133310,edwin@goyette.test,True,49592
49037,Bradley Kuhlman,"Suite 274 962 Aldo Ranch, North Billy, NC 16283",+19203209519,hanh.spencer@lesch-hegmann.test,False,49037
49005,Bryant Durgan Dvm,"3482 Stevie Hills, East Shizukoview, KY 81963-0029",+19870252616,emery@bernhard-klocko.example,False,49005
48010,Linh Ritchie,"9144 Prohaska Course, Lannyfort, IN 35270-1206",+12722043098,tiesha@wisozk.example,False,48010
50694,Weston Osinski,"35254 Hermiston Court, Janiseton, IN 48807",+16402718777,norman@heller.test,False,50694
47702,Lavenia Powlowski,"257 Flatley Hills, Lake Tennille, FL 81999",+19101699444,solomon.quitzon@mcglynn-boyle.example,False,47702
48279,Otis Ondricka,"7743 Penni Via, Powlowskiport, OH 16991",+15835179753,brooks_koepp@runolfsdottir-white.example,False,48279
49514,Stewart Lemke,"Suite 263 4748 Ward Lights, South Paulita, AK 82887",+15845929288,mary_macejkovic@dare.example,False,49514
48810,Armando Koch,"1459 Luettgen Land, East Rory, SC 26260-1074",+14344130273,horacio@pfeffer.test,False,48810
47663,Johnette Effertz Md,"3783 Winfred Mountains, West Sam, NE 47162-7981",+13957133435,gretta@murphy.test,False,47663
47901,Mr. Benjamin Hegmann,"Suite 427 32758 Welch Passage, Port Werner, ND 71149-5960",+15097938563,reuben.haag@spencer.example,False,47901
51004,Dreama Douglas,"Suite 742 5376 Harris Terrace, Prohaskaview, NY 44026-1225",+11766135460,nancee@steuber.test,False,51004
49671,Edmund Sporer,"Apt. 671 83303 Schamberger Parks, Nicolburgh, WV 79219-1131",+18751654314,geneva_rowe@cassin.example,False,49671
50542,Xenia Wisoky,"7111 Ferne Knolls, Bechtelarborough, ME 08084-7224",+14259904639,dorinda.fahey@wintheiser.example,False,50542
49600,Fran Prohaska Dvm,"724 Mueller Pike, Miguelport, NY 69418",+16251527327,isabell@sauer.example,False,49600
48320,Delena White,"3913 Flatley Meadows, West Dong, OH 62601",+17195127900,winfred.christiansen@toy.example,False,48320
50957,Dion Yundt Phd,"Suite 777 212 Schneider Alley, North Thanh, NH 62711-1551",+15780793480,sonny_tromp@mcclure.test,False,50957
49879,Dr. Irwin Bosco,"Apt. 444 547 Deon Trace, Laineport, IA 02032",+16059691366,lan@beatty.test,False,49879
50191,Lindsay Monahan,"947 Fermina Views, Jarrodburgh, MA 99257",+13529009684,jc.franecki@lebsack.test,False,50191
48462,Leo O'Keefe,"1712 Manie Cliffs, East Judehaven, IA 57467-8817",+14688285212,hilario@mohr.test,False,48462
47812,Cuc Herman,"84697 Mitchell Parks, Port Diegobury, OH 59361",+11025778926,benjamin_swift@schmeler.example,False,47812
48128,Cyril Mcclure,"4483 Hansen Pine, Dominicmouth, NC 84646-7396",+11443157373,kendrick_sawayn@langworth.test,False,48128
47817,Hung Brakus Lld,"Apt. 274 5971 Tomas Rue, Hodkiewiczside, RI 21139-6362",+11769592745,xochitl@marvin-maggio.test,True,47817
48212,Jerome Hane Phd,"34648 Shanahan Cove, Port Brett, MI 98993-3847",+19359405019,alberto@cronin-huels.example,False,48212
51049,Genny Dietrich Lld,"894 Lynch Park, Irvinbury, MS 36580-7642",+18252511695,dong.wolff@ullrich.test,True,51049
50353,Elisha Luettgen,"Apt. 323 8024 Wuckert Fort, Jameymouth, OR 40190",+16752148205,nanette@kilback.test,False,50353
50113,Rev. Dominique Boehm,"Suite 948 34829 Junko Forges, Port Wm, OR 73584",+11654809208,elida_lang@ondricka.example,False,50113
51085,Alphonse Pouros,"Suite 243 537 Leigh Orchard, New Jacquelyne, ND 25505-6581",+13197208054,buford.nitzsche@haag-cruickshank.example,False,51085
47837,Vi Kohler,"199 Marlin Fords, West Dyan, RI 26924",+15562272942,sammie@white.example,False,47837
48145,Rodrick Miller,"Apt. 405 20060 Jonathan Oval, North Pazfurt, MO 92458",+15038494316,leon.ernser@tillman-corkery.example,False,48145
50571,Fr. Harvey Champlin,"20336 Koepp Avenue, West Garry, FL 04282",+18136923324,chi@abbott.example,False,50571
50253,Ivy Rohan,"71598 Witting Forges, Robinton, NY 31933-3587",+11427941625,lavette.altenwerth@reilly.example,False,50253
48240,Donny Schaden,"73165 Treutel Estates, Dawnfurt, WI 96158-9241",+15987157945,richard@armstrong.test,False,48240
49763,Ma Hoeger,"Apt. 365 4588 Annie Meadows, West Percy, MT 04202",+12301233047,adriane@waters.test,False,49763
49451,Bret Baumbach,"Apt. 551 6900 Maggio Stream, Conceptionburgh, UT 04325",+15331833202,kathrin@leannon.example,True,49451
49554,Peter Keeling,"Apt. 952 4397 Nitzsche Groves, South Ilsestad, MD 19471-9632",+16094777549,kacy.wolff@schamberger.test,False,49554
49193,Ara Lang,"Suite 738 889 Sheldon Points, Lake Meaghan, TX 40055",+19978705312,celena.anderson@lemke-gulgowski.test,False,49193
47839,Lady Altenwerth,"6061 Rolfson Grove, Felicestad, MO 14071-3224",+18263590996,wanita@bartell.example,False,47839
49410,Kittie Upton Dvm,"Suite 706 3643 Osinski Place, New Gil, MA 07477",+12584241372,edmond_jacobi@gutkowski-hauck.example,False,49410
48894,Shala Jakubowski,"Suite 996 3007 Wilkinson Plaza, VonRuedenton, AZ 57971",+18172617248,brad_pfeffer@koepp.test,False,48894
49960,Darryl Reichel,"Apt. 453 7363 Tommie Orchard, North Darron, CO 91530",+16713727186,juan_bernhard@nolan.test,False,49960
49657,Angelo Runolfsdottir,"13651 Perry Passage, Dorettafurt, OR 72931-9341",+12998944504,erik_nolan@douglas-smith.test,False,49657
50545,Blaine Paucek,"Apt. 772 21618 Rosia Branch, Lake Tamville, AL 49763-1401",+14319981679,eloy_rowe@ohara.example,False,50545
49127,Jaye Medhurst,"3936 Blanda Isle, East Vaughn, MA 37116-5826",+19165132231,valentin.bechtelar@buckridge-kilback.test,False,49127
48914,Wes Kovacek,"Apt. 967 411 Jakubowski Lodge, Lorettafurt, TN 91831-7324",+19872214967,toni@bashirian.example,False,48914
50849,Merrie Murphy,"2144 Goyette Trafficway, East Samuel, NC 14354",+12905075869,waylon_wintheiser@macejkovic.test,False,50849
48354,Xuan Harris Jr.,"Suite 300 559 Metz Fork, New Fausto, HI 06047",+15283408709,isabelle_berge@ritchie-jones.example,False,48354
48205,Gregg Russel,"Suite 445 39697 Thiel Row, North Teresaberg, AR 76138-2471",+19135347584,fran_jacobi@borer-mertz.test,False,48205
50727,Cheree Crist,"653 Wolf Overpass, North Barryberg, AR 22932-0336",+17013998617,mechelle@considine.test,False,50727
48808,Leopoldo Cummings,"Apt. 676 51433 Milly Row, New Dewayne, SC 39704-1568",+14624470650,monroe@hauck.test,False,48808
51003,Sandy Runolfsdottir,"94212 Gerhold Corners, Port Yon, TX 10596-2023",+17659575827,cole_strosin@beier-kerluke.test,False,51003
50698,Antwan Bahringer,"Suite 121 1359 Steuber Creek, Kinaland, OH 71077",+17285284609,leopoldo@oconnell-schmitt.example,False,50698
49697,Wilburn Fay,"9500 Drew Expressway, West Santana, NJ 88376-5067",+13369201726,dominic_dickens@jerde.example,False,49697
50314,Winfred Runte Lld,"874 Williamson Corner, West Johnathon, MN 94830-0454",+16771746250,lanie_auer@pfannerstill-kuhic.test,True,50314
50039,Ms. Noreen Wiegand,"Suite 133 939 Howe Mission, Port Laurenechester, WV 91111",+14124890826,kerstin.schowalter@bogan.test,False,50039
47841,Enoch Rogahn,"Apt. 489 546 Jaskolski Groves, Jasonview, MI 68470-2750",+14289105340,marlana.grimes@okeefe.example,False,47841
47758,Albert Tromp,"68778 Curt Estates, Jastchester, KY 34868-7535",+17662862024,kelly@streich.example,False,47758
50675,Cathryn Mante,"Suite 177 8387 Nakisha Brook, West Dillon, NV 98361",+16003246850,mertie.willms@hoeger-champlin.test,False,50675
50407,Russel Brakus,"Suite 857 43839 Maxie Garden, North Raymonde, DE 93535-4371",+19507084899,emilio@bahringer.test,False,50407
50534,Madison Graham Dvm,"Apt. 275 53000 Soon Key, South Albert, NH 90077",+19684314114,maegan_gibson@waters.test,False,50534
48241,Mr. Elwood Spinka,"84017 McGlynn Harbor, West Milford, MO 64719-3757",+17311364211,ewa_mante@ritchie.test,False,48241
50293,Dr. Kyle Greenholt,"31250 Stoltenberg Flat, Beckermouth, AK 28908",+11672544011,cordell@okon.example,False,50293
49267,Tien Huels,"42477 Haley Pines, Tinaton, WV 99390-4200",+19221919545,lael@ferry.example,False,49267
48155,Ms. Sung Kertzmann,"Suite 715 719 Nathan Cove, North Jasminetown, WI 83629-7165",+19154346041,coy@torphy.example,False,48155
47860,Leo Marquardt,"Suite 514 3198 Murray Club, Lemkebury, WV 89151",+14737424102,lino_wilderman@larkin.test,False,47860
50207,Tamara Rosenbaum,"48109 Carroll Course, Jonathonland, MT 60211",+17122237946,dennis.kirlin@franecki.example,False,50207
48436,Trey Rutherford,"Apt. 264 73180 Howe Run, Adelaidashire, DE 15883",+17008759434,lee_greenfelder@reichert.test,False,48436
48072,Gov. Deadra Hauck,"768 Cameron Viaduct, Lowellport, NH 62616",+17700351073,nathanael@welch.example,False,48072
49883,Renate Keebler,"Apt. 249 586 Bradtke Estates, New Kathern, NC 35093-9246",+19620569866,fernando@donnelly.test,False,49883
50256,Mrs. Leo Goyette,"71260 Collin Vista, East Jc, SC 97374-3174",+19873463815,marc.braun@tremblay-oconner.example,False,50256
48309,Hilma Wehner,"61872 Blanda Inlet, East Herminashire, NC 33753-3256",+11083270878,abbie_mills@gulgowski-cartwright.example,False,48309
49638,Miss Hayden Hartmann,"4905 Anderson Cliff, Clementview, TN 97527-2519",+19564968597,damaris@crist.example,False,49638
50996,Lachelle Torp,"Apt. 993 34356 Avery Locks, Breitenbergville, NJ 54977-6696",+14907702666,kayce_price@torp.test,False,50996
50019,Margarita Howell,"Apt. 779 42415 Stark Trail, West Nevilleton, MT 34664",+11238928174,laverne.kulas@larkin.test,False,50019
50254,Amb. Geneva O'Kon,"Suite 858 49567 O'Reilly Turnpike, Dorothamouth, PA 85958",+13231813872,rodrick.hodkiewicz@hamill.example,False,50254
50296,Kia Armstrong,"Suite 707 1434 Monahan Lock, Jerrellburgh, MI 56804",+18638834463,lawrence@powlowski-blick.example,False,50296
48044,Sen. Vance Hills,"31927 Jeanie Gateway, North Leticia, AK 10724",+15117692313,verda@schmitt.example,False,48044
48546,Jordan Boehm,"9228 Marks Parkway, Lake Netaland, CO 97535-1768",+16446006470,gonzalo@hegmann.test,False,48546
50257,Rev. Francine Wiegand,"Suite 692 43646 Karisa Garden, Macejkovicburgh, NJ 60351",+17616061018,brent.rohan@paucek-quigley.example,False,50257
47979,Janean Breitenberg V,"2867 Jenny Village, Pfeffermouth, LA 49021-7845",+17077443271,saul_corwin@lemke.example,False,47979
50987,Ferne Crona Jd,"271 Feest Plain, South Winonaborough, PA 43601",+14551029488,isobel_kerluke@crona-koch.test,False,50987
50511,Jerrell Hammes,"Suite 173 134 Harvey Union, East Asuncion, AL 60453",+12869917311,gavin@ritchie.example,False,50511
50644,Nichelle Bergstrom,"Apt. 489 5271 Schroeder Flat, North Francisfort, ID 51090-8117",+19667843866,scotty_kunze@cummerata-windler.test,False,50644
50896,Fr. Caleb Friesen,"Apt. 973 6536 Johnston Causeway, East Rolftown, RI 26339",+16714703944,silva@steuber.test,False,50896
49108,Beau Wunsch,"Suite 444 9738 Trinidad Knolls, West Ronald, RI 18343",+11410726025,wilbur@dietrich.example,False,49108
49731,Mr. Kaley Streich,"4495 Dwight Ridges, North Alexaside, MN 43530",+17016397999,theo_mueller@fay.example,False,49731
47990,Johnnie O'Kon,"264 Spencer Track, Chuborough, ND 04684",+17182071059,genny@raynor.example,False,47990
47919,Alphonse Bartell,"250 Louie Dam, New Robt, ND 64618",+18983419254,roberto@langworth.test,False,47919
48712,Alexa Lebsack,"Apt. 953 2735 Sal Valley, Stantonmouth, IN 37693-5372",+15616308949,carmel_jacobs@reynolds.example,False,48712
50924,Dan Greenfelder,"Suite 149 539 Hwa Trail, Edmundfurt, NJ 16006",+17257661667,leontine@osinski-roob.test,False,50924
48475,The Hon. Malka Rath,"336 Lavina Centers, Herzoghaven, IL 70531",+12466042460,raymon@rutherford.example,False,48475
48544,Jeanetta Watsica,"Suite 558 624 Shanelle Street, Kozeyside, ND 99656",+15627748334,brice_beahan@turner.test,False,48544
50387,Kris Lakin I,"616 Nader Estate, West Howard, NC 66201-5460",+17024627362,odell_friesen@runolfsdottir.test,False,50387
50393,Santana Schmeler Lld,"970 Willian Falls, Port Earle, PA 20987-9273",+11212487768,rossana_turcotte@daugherty.test,True,50393
48856,Elvie Gerlach,"Apt. 677 1913 Dickens Heights, Nicolaston, FL 45014",+16556036763,wendy.bode@mante-aufderhar.example,False,48856
49663,Gov. Genevive Koepp,"975 Russel Bypass, South Hung, TN 77738",+17939249467,clyde_schaefer@weissnat.example,False,49663
48514,Clemmie Christiansen Ii,"Apt. 219 57847 Haag Villages, Agustinside, UT 56114",+15342546198,son_hahn@wuckert.example,False,48514
50143,Hershel Hirthe,"Suite 209 74904 Sipes Island, Catrinatown, OH 63156-9785",+16072510198,shelby@zieme.example,False,50143
50035,William Kunde,"Suite 905 41487 Dewitt Village, Sengerport, OH 16851-1364",+16162451832,lincoln_murphy@witting-runolfsson.example,False,50035
49302,Darnell Yost,"4484 Kenneth Rue, Julioview, OR 27238",+11164473642,xavier_willms@jacobi.example,False,49302
50214,Terrence Daniel,"Suite 449 151 Tommie Islands, Okunevaburgh, NY 61983-9681",+18296521974,adrian@rath-hane.example,False,50214
50623,Dewayne Kutch,"940 Hartmann Branch, New Windy, UT 54200-4802",+15896637546,vicente_gerhold@fadel.test,False,50623
49318,The Hon. Anderson Cronin,"Suite 515 3418 Margert Crest, New Elisa, AZ 42271",+16587222381,inga@schimmel.test,False,49318
50185,Vern Crist,"251 D'Amore Cliffs, West Bennett, IL 67979",+19227745806,mikki@roberts.test,False,50185
50711,Octavio O'Reilly,"Suite 172 96300 Greenholt Cape, Hughstad, KY 39810",+17612478464,hipolito_ryan@sporer-boyle.example,False,50711
48260,Roxanne Franecki,"509 Lang Springs, Lake Andre, AZ 49402-6477",+17490521982,deon.raynor@stehr.example,False,48260
48464,Dale Heaney,"85540 Zboncak Trace, Estellashire, OK 58661-0849",+19233700126,rod.quitzon@quitzon.example,False,48464
49843,Antonio Lesch,"Suite 652 345 Bauch Plains, Kesslerberg, SC 19639",+18792033179,elwood@zulauf-okon.test,False,49843
48636,Alexandria Kulas,"Apt. 309 195 Dania Ranch, Ambroseborough, VT 70059",+17021520032,clyde@kris.test,False,48636
48629,Chelsey Muller,"Suite 493 92068 Kihn Mission, West Myong, OH 06883-8145",+16815678712,rhona@schaden-predovic.example,False,48629
48238,Amb. Danial Bradtke,"Suite 445 5274 Sebastian Forest, Randallland, ME 34361",+16323845835,bebe.flatley@schamberger.example,False,48238
50847,Margarita Paucek,"Suite 665 64680 Andreas Prairie, East Tennillehaven, HI 23759-3743",+14399789838,carlo.spencer@stracke-kuhlman.example,False,50847
49427,Sen. Thomasina Lowe,"97349 Jada Village, Danaburgh, TN 97541-4659",+15041581636,connie@sawayn-zemlak.test,False,49427
50471,Odis West,"Suite 290 5294 Trantow Hills, Murrayburgh, MT 80829",+16993475102,art.cummerata@hermann.example,False,50471
50097,Consuela Yundt,"74305 Leopoldo Point, New Damianberg, IA 84373",+19036589775,shery@turner.test,True,50097
49998,Rep. Chiquita Mayert,"14922 Abshire Manors, Rodneyland, TX 93417-6500",+15490279460,kandra@douglas-torp.test,False,49998
50862,Rev. Sabra Schuster,"Apt. 229 442 Shemika Radial, Elidiaville, AZ 72257",+19764066345,renea.kutch@adams.example,False,50862
50814,Ronnie Aufderhar,"Suite 305 77360 Chance Springs, Quintonfort, MA 69405",+19102782933,cyrus@mccullough.test,False,50814
50331,Shavonne Labadie,"12604 Kertzmann Squares, West Corrinborough, SC 31757",+19009546924,tammi@treutel.example,False,50331
49256,Mrs. Vito Weissnat,"Apt. 875 1061 Wunsch Landing, Shieldsland, KS 77811",+13498898902,colin@hagenes-yundt.test,False,49256
49509,Danuta Tremblay,"Suite 208 27440 Reynolds Haven, Port Yuriko, VA 29224-2175",+11335792362,gil_okuneva@abernathy-kub.example,False,49509
47821,Cole Borer,"59967 Heriberto Square, Hilariofort, TX 82380-4388",+13953726871,donny@runolfsson.test,True,47821
50383,Randolph Ledner,"Suite 678 2524 Steuber Mountains, North Delila, ME 92762",+16843119739,doreen@buckridge.test,False,50383
50468,Deb Raynor,"5380 Kuvalis Knolls, New Refugia, AL 09839-9443",+19009071874,yaeko@ziemann-spencer.test,False,50468
50473,Debroah Hahn,"Apt. 567 24407 Dickens Junctions, New Tinytown, AR 19603-1428",+16943708574,danielle.shanahan@schmitt.test,False,50473
48189,Marian Homenick,"76984 Schamberger Stream, Port Logan, IN 60801",+16158541142,morgan@gislason-ryan.test,False,48189
48595,Aileen Langworth,"1004 Prosacco Brooks, Arnetteton, NJ 36922",+16285838006,rosalia@reinger.example,False,48595
49935,Lane Ankunding,"Apt. 964 22328 Romeo Gardens, Federicofort, FL 18220-3200",+18285035587,dewayne@stracke.example,False,49935
50434,Lanny Simonis Dds,"42771 Nguyet Island, New Clarence, MS 12662-6110",+12962471421,roscoe_moore@osinski-batz.example,False,50434
48164,Msgr. Miquel Lakin,"6987 Monahan Cape, North Gordon, UT 16813-9629",+18979295315,vernita@johnston.test,False,48164
50661,Robby Streich,"9585 Brown Highway, New Ozella, AK 89149",+18417713360,sueann.muller@bashirian-hamill.example,False,50661
50291,Tonie Bahringer Iii,"Apt. 277 174 Xavier Trace, New Rubi, OR 82766",+19159081111,shalonda_ankunding@gerlach.example,False,50291
49139,Elmo Williamson,"Apt. 922 63973 Enid Plains, Jarodland, GA 36016",+13538892162,tanner@nienow.example,False,49139
49880,Willis Schuster,"93041 Pearly Center, East Heike, NY 35137-4719",+16929572916,veda_johnston@jacobson.test,False,49880
48039,Patricia Kihn,"13951 Benedict Causeway, North Mathaland, AL 81257-7535",+17168223042,jarred_kunze@koepp-leffler.test,False,48039
49500,Deloras Deckow,"1125 Otha Prairie, South Kathlenetown, AR 37930",+15474974633,kaylene@heathcote.example,False,49500
48653,Fr. Katie White,"Apt. 594 789 Gerald Forest, Schoenside, WA 47053-6982",+14502535411,robt@dare.test,False,48653
49830,The Hon. Claudette Strosin,"Suite 545 40491 Freddy Mill, Lilybury, SC 19376",+19802248457,yvette@von.test,False,49830
49707,Mose Daniel,"Suite 494 7926 Toy Plains, South Sashahaven, MA 45954",+11024466461,angelo_vonrueden@conroy.test,False,49707
49480,Alan Cole,"Suite 728 2539 Bethann Village, West Sal, WV 14589-6134",+11740434014,thaddeus@littel-bruen.example,True,49480
51011,Rodrigo Towne Ret.,"Apt. 323 4659 Stanley Canyon, New Grettaberg, MO 89576",+14991752683,alissa@hills-kautzer.test,True,51011
51074,Brian Kreiger,"92764 Pacocha Corners, Port Shericefurt, AZ 12336-6161",+19419377152,iona@runte-hilll.example,False,51074
48181,Prof. Nathaniel Spencer,"5000 Katina Valleys, East Walter, NY 67975-3501",+11269671793,cynthia.boyer@brekke-hintz.test,False,48181
49741,Melonie Casper,"70372 Ankunding Ridges, Port Annitaview, AL 75848-0385",+19167703313,mitch_carter@schoen-dooley.example,False,49741
49030,Daren Schimmel Iii,"Apt. 860 81983 Rivka Forest, Amaliaview, UT 35036-0268",+11460353474,edward_treutel@fritsch.example,False,49030
48991,Kendrick Conroy,"5475 Kessler Freeway, Altenwerthhaven, NJ 97817-0733",+17344032305,asia@armstrong.test,True,48991
49487,Elliot Bahringer,"8525 Mitchel Points, North Adamborough, WY 43584-9505",+11155218930,randolph@walter-ortiz.test,False,49487
50536,Margie Runte,"Apt. 359 83824 Rosenbaum Burgs, Bodeside, NM 37073",+19056061826,bryon.stark@schuppe.example,False,50536
50125,The Hon. Fernando Hagenes,"30083 Wally Drives, Durganside, DE 06250-2751",+14246121949,carmelo@ondricka.test,False,50125
49803,Loida Schuppe,"Suite 605 8493 Schuppe Trail, Gastonview, PA 78031",+11020816618,brandon@towne-zieme.test,False,49803
49937,Theda Stroman,"Suite 515 4227 Morar Underpass, West Coleman, MD 47815-3996",+12077555592,emeline@kreiger.test,False,49937
50687,Bud Williamson,"Apt. 817 651 Hilpert Passage, West Brett, WA 46028-5471",+12091124032,jerrold@cummings.test,False,50687
48951,Paul Turner,"599 Schultz Wells, Krystenmouth, OR 36737-3380",+11100385251,giovanni@ondricka.example,False,48951
48334,Ms. Al Howell,"Suite 108 4431 Adan Streets, Quigleyfurt, PA 06537-7385",+14278576050,lavonda.legros@russel-volkman.example,False,48334
50100,Elvis Kutch,"4866 Hosea Lakes, Port Shae, MI 96115",+14277436041,damion_yundt@bradtke.example,False,50100
47848,Shari Langosh,"712 Nathanael Turnpike, Dibbertside, HI 50906",+16171613791,haley@brekke.example,False,47848
47771,Karyn Block I,"Suite 741 28682 Merlin Estates, Wunschfort, ND 44624",+17623846143,cory@little.test,False,47771
49502,Moshe O'Kon,"Suite 606 962 Kortney Summit, Hammesmouth, TX 11467-8807",+13300001071,hubert_mertz@ziemann.example,False,49502
50414,Sam Yost,"7849 Stracke Prairie, Jarrettburgh, TN 40194-3298",+14504119006,colette@kemmer.example,False,50414
48864,Bennett Homenick Jd,"Suite 207 8409 Hauck Square, Jerryshire, FL 35202",+17767149688,claude@lynch-tillman.test,False,48864
50063,Merle Kuhlman,"Suite 614 395 Sydney Drive, South Anyamouth, FL 79542-6346",+16064168944,manuel@schroeder-ritchie.example,False,50063
50489,Eddie Monahan,"Suite 374 678 Nigel Stravenue, South Alba, ME 43411",+17398304921,jamel@mann-cartwright.test,False,50489
49829,Britt Konopelski Iv,"Apt. 927 694 Miller Canyon, North Joel, VT 02823-6834",+17618259069,milo.kemmer@spencer.example,False,49829
49250,Fr. Sherry Bashirian,"Apt. 803 221 Cummings Wells, Carlofurt, NE 01826-1737",+12427026060,gerald.runolfsson@damore.example,False,49250
48018,Barbara Robel,"37893 Jack Hill, Jeremiahhaven, UT 20249-4723",+13987028989,bob.corkery@cummings.example,False,48018
48762,Lee Treutel,"Apt. 107 4533 Kunde Knoll, Schroederburgh, CO 58358",+16406366733,tommy_bechtelar@okeefe.example,False,48762
48635,Marc Blanda Cpa,"1860 Runolfsdottir Lock, Norrisborough, NC 91038-7473",+18070680332,annabel@luettgen.test,False,48635
48694,Macie Kulas,"66939 Samella Light, North Mckinleyland, IN 25952",+11199064132,adan.huel@wuckert.test,False,48694
49229,Scottie Hauck,"1682 Heller Crossroad, Kilbackstad, VT 20992",+17674592260,starla@metz.test,True,49229
48152,Raven Keebler,"Apt. 620 9627 Goldner Radial, Port Arnette, NM 74494-8163",+19650213225,suzie_blanda@kuhic.test,False,48152
50786,Harrison Halvorson,"6212 Braun Keys, West Kirbyhaven, AL 50420-9953",+18114481481,nga@dickens-langosh.example,False,50786
48177,Lawerence Monahan Jd,"1350 Jeanelle Park, Michalehaven, IN 59747-3521",+15246766770,lesa.koch@cruickshank-spencer.test,False,48177
49078,Msgr. Charlott Denesik,"Apt. 108 35049 In Crossing, Karryview, NE 21962",+12204804139,armando@gottlieb-dietrich.test,False,49078
49471,Kermit Daniel,"Suite 162 7508 Osinski Via, Lake Edwardoville, AK 08287",+13710846929,sammie@torphy.example,False,49471
48836,Terry Huels Iv,"90715 Theo Fort, Jeanville, IN 90442-9151",+17158228166,nella@nikolaus.example,False,48836
49479,Danica Berge,"340 Kilback Meadow, Murphyburgh, OR 67388-4077",+14011678425,halina.collins@shanahan.test,False,49479
51022,Lenita Stamm Phd,"Suite 236 54131 Senger Lane, North Cherry, KS 99009",+16523179545,breanna.stoltenberg@hettinger.test,False,51022
50098,Joy Hand,"16271 Wintheiser Mission, Kassulkeside, CA 65864",+15641691270,serafina_mueller@dicki-jacobi.example,False,50098
47704,Enda Smitham,"Apt. 708 350 Lanny Mission, Kristleport, ID 88157",+12734110997,allan@grimes.example,False,47704
50537,Ronnie Mante,"Apt. 292 2078 Carolina Spurs, Dickensmouth, ID 52823-2490",+14194659958,gaynelle.conroy@stark.test,False,50537
51016,Pei Upton,"4820 Ezequiel Road, Lesleyfort, OH 51048-2555",+11045538059,heriberto@schaefer-kutch.test,False,51016
49999,Lonnie Bins Jd,"Suite 362 66022 Peggie Burg, Port Mattieport, IA 97339-4561",+17666694422,justin_reichel@kreiger-lockman.test,False,49999
48988,Pres. Nestor Murray,"795 Price Lodge, New Burton, TN 46079-3996",+19254725035,dayna.mraz@kreiger.example,False,48988
50224,Pres. Alecia Keebler,"Suite 577 8908 Shayne Point, Brownton, WI 53568",+18173416202,marcellus@pfannerstill-rogahn.example,False,50224
48278,Margot Renner,"Apt. 484 8693 Quitzon Corner, Keenanville, AL 44061",+16629853933,leslie_murazik@kunde.example,False,48278
50998,Valrie Lubowitz,"Apt. 653 19273 In Trail, Lake Daren, AR 03525",+14875298942,denyse@pagac.test,False,50998
50856,Chung Prosacco,"Suite 474 20452 Homenick Square, Romagueraland, NY 39431",+15530015518,carmelo.schuster@ritchie-rath.test,False,50856
47867,Clemencia Mills,"6317 Era Dale, South Solangeville, HI 55263",+19202366820,houston@cronin.test,False,47867
49629,Loralee Jones,"Apt. 935 682 Davis Extensions, Fannymouth, KY 04568",+17556646723,tuan@oberbrunner.test,False,49629
48780,Vesta Fisher,"9293 Max Route, Virgilfurt, MO 12868-2627",+14380704760,german.nitzsche@rogahn.example,False,48780
48835,Edwin Ratke,"Suite 862 42876 Lind Tunnel, Lake Galefurt, VT 72414",+17294367367,jacqulyn@nienow.test,False,48835
49628,Mrs. Erik Huels,"Suite 145 168 Weissnat Trail, Port Greta, AZ 37876-3552",+15684805070,keri.ondricka@wisozk.test,False,49628
50959,Mr. Darrick Quigley,"958 Delsie Islands, Lake Yingbury, WI 15441",+13643115810,delma@bauch-donnelly.example,False,50959
48168,Waylon Moen,"Suite 669 67679 Boyer Throughway, North Jennifer, NC 08373",+18193441070,francesco.kreiger@becker-schiller.example,False,48168
50806,Toccara O'Keefe,"Suite 936 252 Bartell Prairie, West Collene, MO 31235-0845",+14712309598,deirdre_vandervort@hickle-spencer.example,False,50806
51124,Ling Hudson,"866 Littel Mountains, Lake Donovanfurt, HI 32040-6617",+15656706577,ferdinand@satterfield-dickens.example,False,51124
49505,Lloyd Sporer,"Apt. 472 6938 Shon River, Lake Ingridfurt, IL 43305-7348",+15397075434,josiah@pouros.example,False,49505
48681,Inger Russel Phd,"Suite 239 4124 Billie Overpass, West Wendolynstad, OK 25288-4008",+16778068491,curt_ferry@mertz.test,False,48681
50201,Florentina Treutel,"Apt. 110 209 Howe Locks, Croninmouth, AK 18378-7950",+15484531280,piedad@gislason.example,False,50201
50324,Claribel Kunde,"Suite 807 414 Boyer Islands, Bennettton, NH 86133",+12311232014,sheba_wilkinson@mayer.example,False,50324
51088,Miss Justin Rolfson,"24658 Laurence Field, Teresaberg, AK 27261",+12493880779,eli.rowe@bashirian.example,False,51088
50328,Lera Gleichner,"33016 Cierra Grove, Koeppmouth, LA 19873",+11039237297,annett_konopelski@crooks.example,False,50328
51111,Willia Streich,"Apt. 681 359 Carter Unions, Port Autumn, GA 56586",+11222964018,wyatt_gleason@howell-hessel.test,False,51111
48311,Tuan Rodriguez,"Apt. 285 83040 McCullough Parks, Yostland, NH 32532",+14224281169,logan_greenfelder@kulas-friesen.test,False,48311
49105,Franklyn Altenwerth,"Apt. 506 73579 German Track, New Noelton, TX 43038-9391",+11732881581,gaynelle.robel@dare.example,False,49105
47698,Gerardo Bartoletti,"Apt. 104 241 Jenkins Road, Lake Chloe, TX 07133-5897",+17469726007,vernice.dach@fadel.example,False,47698
51080,Leslie Powlowski Md,"407 Armstrong Crossing, Toyborough, AK 50140-9036",+15316832525,tanesha@jacobi.test,False,51080
48016,Darrin Pollich,"Suite 984 8116 Glynis Lane, Turnermouth, VT 58651",+12040268952,rozanne@weber-tromp.test,False,48016
49122,Louie Marquardt,"519 Norbert Ridges, East Vivienneborough, TN 60637",+11239231755,concha.kerluke@roberts-runte.example,False,49122
50499,Willard Champlin,"Suite 840 198 Demarcus Mission, West Alejandroview, ME 68069-8941",+13467635963,sherie@spinka-huels.test,False,50499
49100,Rev. Tobias Wilkinson,"Suite 838 369 Sang Skyway, Donovanchester, WV 33009-1012",+19558664607,deshawn@sanford.example,False,49100
48570,Chas Rutherford,"48335 Gorczany Brooks, Tonaburgh, MO 64937-2754",+16983580343,felicidad_ledner@larson.example,False,48570
48770,Harrison Breitenberg,"31500 Felice Pike, South Cindyborough, HI 52687-6467",+13670054633,lawrence@muller.example,False,48770
50329,Stacey Boehm,"404 Kris View, Rosamariastad, OK 02981",+11614960156,shelba.sauer@ruecker.example,False,50329
48852,Amb. Mae Kilback,"86046 Charisse Branch, Hongborough, AK 09906",+11807396452,rudy_sipes@krajcik.example,False,48852
50911,Ignacio Senger Sr.,"Apt. 870 8700 Nathalie Plains, Chungburgh, NH 01300-9712",+13606169739,gordon@heidenreich.test,False,50911
50135,Brad Ortiz Esq.,"Apt. 771 498 Lenard Lodge, South Brigidside, GA 34068",+12445182621,geoffrey@ward-okon.example,True,50135
51069,Don Pouros,"Apt. 286 14818 Manuel Curve, Carleyside, WA 45292",+16336727276,lakendra@gislason.example,False,51069
49278,Erasmo Halvorson,"Apt. 467 441 Diego Roads, Amyport, OH 96463-0796",+14073750115,jaimie.dach@volkman.example,False,49278
50529,Waltraud Morissette,"Suite 985 925 Chara Junction, East Renae, NH 31860-8570",+18411250063,wiley_brekke@zboncak.test,False,50529
48789,Martina Ullrich,"9304 Gaylene Lane, Evangelinebury, NE 03579-7051",+19895471275,audry@ortiz.test,False,48789
49875,Galen Daniel Esq.,"46801 Dickens Valleys, East Dino, VA 11206",+18847639646,sherrill.baumbach@osinski-rosenbaum.test,True,49875
48453,Nancie Conroy Dvm,"Apt. 449 916 Ledner Vista, Evanport, PA 04325-5193",+14851013598,linwood@swaniawski.test,True,48453
49812,Venita Bins,"Apt. 204 22226 Lowe Crossroad, Lake Griseldahaven, IA 12048-2919",+19468210987,kandi_windler@reinger.test,False,49812
49485,Amb. Eddie Zboncak,"106 Lecia Stream, West Octaviobury, IN 20353-0917",+11000598358,louvenia.mraz@keeling-lueilwitz.test,False,49485
50065,Lowell Bogisich,"Suite 594 78705 Luke Mountains, East Tylerfurt, AR 41906",+13067488173,noel@mertz-weber.example,False,50065
50984,Nga Strosin,"Apt. 681 5070 Barbara Valley, Stammtown, NY 09218-5312",+11960072815,joya@osinski.test,False,50984
49602,Perla Bins,"73714 Schmeler Alley, Glenniemouth, HI 68925",+13376471261,claudio_moen@parisian.test,False,49602
49599,Fr. Kati Wintheiser,"565 Kelley Light, Lanellside, SC 74855-5351",+13192420245,alfred@wyman.test,False,49599
47968,Viki Conroy Iii,"2654 Elvia Flats, Port Catina, ND 49136-7056",+19292467220,jeffrey.bartoletti@watsica.example,True,47968
48324,Chelsie Hettinger Vm,"Suite 955 52746 Cremin Brook, McLaughlinville, IL 20963-8552",+14444519340,danelle_sipes@goldner-kshlerin.example,False,48324
49144,Msgr. Abby Turcotte,"666 Landon Field, Webermouth, NH 09296-7456",+12589566045,blake@greenholt-bergstrom.test,True,49144
49608,Fr. Georgetta Anderson,"24720 Richie Groves, East Roy, KS 89221",+18493412233,jacki.quigley@walter.test,False,49608
48802,Cornelia Fay,"9320 Newton Corners, Krajcikshire, OH 43906-8477",+17170050993,salvatore@pollich.example,True,48802
49492,Raul Beatty,"5580 Daugherty Vista, South Micahfort, OH 35987-2835",+17016493778,jeff_schuster@okeefe.example,False,49492
49228,Msgr. Charlyn Hudson,"6637 McKenzie Corner, Beierside, KS 80925",+14027252045,santos.shields@bode.example,False,49228
50377,Lawrence Kuphal,"Apt. 829 785 Archie Path, Dibbertberg, IA 42132",+15545644374,camilla@shanahan.test,False,50377
50349,Grazyna Kohler,"20266 Dexter Ridge, West Bong, MA 21515",+17579119970,stephan@becker.test,False,50349
48503,Dannie Hintz Phd,"94082 Rickie Row, Lake Clinton, NV 36522",+11632647026,roderick_towne@stark-doyle.test,False,48503
48083,Felicidad Wisoky,"813 Aurora Brook, Lake Romeoview, UT 21507-5043",+14389541737,sadye@morar.example,False,48083
50128,Mandi Runolfsdottir,"59238 Buckridge Inlet, Lake Eleonora, WV 87319-8042",+16357603452,gertrude@mclaughlin.example,False,50128
49933,Tanya Satterfield,"Suite 273 31508 Rippin Lights, Port Eboni, VT 28932",+15113938109,glory.vandervort@hyatt-denesik.test,False,49933
50106,Thurman Mclaughlin,"Apt. 315 717 Federico Pass, New Wyattburgh, TN 35263-3155",+14784779890,opal@welch.example,False,50106
49309,Adina Heidenreich Jr.,"Suite 242 7569 Kunze Gardens, North Phillip, OR 37524-5182",+16627003679,jetta@erdman-kiehn.example,False,49309
49791,Nickie Lemke,"729 Devona Harbor, West Ramiroborough, WI 02546",+16381209288,robt_lindgren@jaskolski.test,False,49791
48816,Derek Hoeger,"5457 Olson Rapids, Dickensstad, RI 04271",+11267299315,gail@kuvalis.example,False,48816
48676,Carey Gislason,"9801 Efrain Circles, Lake Percybury, MS 56886",+13515315089,jerica@denesik-grady.example,False,48676
50522,Lisha Armstrong,"7985 Isaac Walks, Lake Johnborough, IN 32148-3721",+15235734626,cecil@harris.test,False,50522
50426,Michaele Pouros,"58770 Weissnat Square, West Kory, KY 03898",+17392865025,antonio.schaden@larkin-schuster.example,False,50426
48323,Ellie Witting,"Apt. 189 538 Nikolaus Port, New Louanne, WA 08510",+17737992592,lura.krajcik@kuhlman.example,False,48323
48019,Cruz Mcclure,"329 Harber Locks, Lake Gwen, UT 00016-9489",+18048376013,sherwood_hirthe@pouros-white.test,False,48019
50163,Mr. Marjorie Lubowitz,"94832 Sarai Squares, Padbergfort, VT 37452",+15798787104,danyell.predovic@mann.example,False,50163
48843,Wilbur Rohan,"Suite 334 6253 Bradly Ramp, New Su, GA 41859-3050",+16466761064,carma@muller.example,False,48843
49202,The Hon. Lashaun Kunze,"Apt. 655 6139 Lesley Stravenue, Runtebury, CT 50240-2726",+16057533093,benton@leuschke-reinger.test,False,49202
48554,Marielle Goodwin Phd,"63566 Micheal Mountains, Port Billie, NH 01647-6571",+19771403729,antione_funk@harber.test,False,48554
51013,Meghann Schimmel,"923 Raul Lane, New Grahamstad, NY 43444",+14124048623,kaitlin@roberts.example,False,51013
48538,Lyle Dibbert,"377 Nickolas Canyon, Chaschester, WA 86875-9167",+11836708197,keila@marvin.test,False,48538
48876,Hayden Haag,"Apt. 208 74060 Wuckert Forge, Mertzbury, MI 99635-9867",+13278381714,jong@braun.test,False,48876
49263,Derick Smitham,"726 Erich Plains, Wanchester, WY 82907",+13311027505,derick@jerde.example,False,49263
48883,Rev. Hong Koelpin,"2384 Lecia Parkway, East Danille, NM 81132",+15998108314,hilario@spencer.test,False,48883
49326,Rocky Beahan,"528 Lawerence Union, Rodrigomouth, NC 74165",+18152423756,kacie@toy.example,False,49326
50517,Tommy Schoen Iv,"77290 Dickinson Heights, North Monroeview, MD 76324-3044",+17672022674,chadwick.zemlak@runte.test,False,50517
49780,Aleisha Morar,"Apt. 557 59120 Elina Isle, North Chase, OK 91264-7563",+13090581920,alena@marquardt-watsica.test,False,49780
48162,Jolie Hegmann Jd,"Apt. 632 14994 Allen Mountain, New Hansfurt, KY 68922",+15494097434,robbie_mann@hartmann.example,False,48162
48208,Missy Steuber Iii,"Apt. 526 7412 Tanika Union, Boehmside, GA 32570-8664",+17051646405,stephen@raynor.example,False,48208
49497,Gov. Chauncey Fisher,"Suite 456 33229 Emerson Crossroad, Okunevatown, NE 35949-1260",+13813069723,manual@effertz.test,False,49497
47762,Leland Luettgen,"Apt. 574 199 Cremin Underpass, Hansenside, MA 45626",+18211670575,darrel.becker@schumm-white.test,False,47762
50817,Bradly Hammes,"92690 Chris Estate, Harlanland, ND 39809",+15790390384,william@kuhlman.test,False,50817
49398,Geri Parker,"Apt. 112 27052 Keebler Freeway, Reginaldshire, ME 87929-7838",+11632744034,sofia@wisoky.test,False,49398
48940,Tyron Kerluke,"Suite 426 21407 Emmitt Crossing, North Nathanael, ID 69711",+15685187029,caroll@strosin.test,False,48940
49958,Cierra Runolfsdottir,"122 Evelin Curve, Kemmerchester, ND 07664-6291",+15590820000,nyla.runte@bernhard-jacobson.example,False,49958
49221,Dick Schuster,"416 Dierdre Ridge, Barttown, WA 33781-3683",+18699497559,chery@stiedemann-anderson.example,False,49221
48687,Rep. Regina Kuvalis,"26643 Reichert Spurs, South Herbside, GA 59903",+16710137234,zack@cummerata.example,False,48687
48075,Sabine Brakus,"Apt. 225 8655 Donte Coves, Bulamouth, IA 67151-0506",+18681870355,stephen@lakin.test,False,48075
50104,Lucille Weber Iv,"1605 Auer Throughway, Port Merle, IN 68200",+15487955360,michele_haley@gottlieb.test,False,50104
48823,Mariano Lang,"Suite 842 814 Erasmo Skyway, North Seematon, CA 11454-8668",+15136740826,tricia_frami@satterfield.example,False,48823
50699,Paula Von,"Suite 397 73978 Krishna Streets, West Benito, VT 29074-2105",+13302802696,majorie@bosco.test,False,50699
50082,Bella Crooks,"Suite 785 26959 Monica Via, North Carylstad, AR 63622-7252",+18609793420,muriel@schaden.test,False,50082
49669,Annett Vandervort,"7790 Dena Ridge, West Lucasmouth, NJ 34741-8381",+11860280536,ronda@smitham.test,False,49669
51019,Gov. Shelton Gorczany,"385 Stuart Greens, Hermistonport, PA 73876-3937",+17106234652,cyrus.fritsch@hickle.example,False,51019
49866,Alden Gutmann Cpa,"Suite 614 8439 Runte Flats, Hackettland, HI 07737",+16198221936,cecily@kovacek.test,False,49866
48591,Courtney Aufderhar,"Apt. 659 83330 Schmeler Lodge, Napoleonborough, CO 90847-5961",+16600021183,lettie@heidenreich.example,True,48591
50682,Msgr. Louie Braun,"256 Cummings Key, East Orenview, CA 50173",+12274011773,rory_johns@haag.example,False,50682
48401,Dwain Jakubowski,"74805 Kris Village, Marshallton, HI 31657-7971",+17263906342,jerold@roberts-wilderman.test,False,48401
48677,Javier Runte,"4095 Deangelo Light, Torpshire, IA 10969",+14394753990,page_maggio@farrell.test,False,48677
50665,Alix Heaney Md,"66043 Rippin Roads, Meaganland, MD 18434-8689",+14370429183,geraldo@kerluke.example,False,50665
49823,Harmony Thiel,"9886 Kuhic Port, South Jamarshire, KY 85493",+16031845988,tameka.padberg@muller.example,False,49823
50280,Freddy Schulist,"292 Deanne Union, Kutchland, NV 07686-7562",+12468362596,goldie_white@johnson.test,False,50280
49833,Mrs. Jarrett Stehr,"Apt. 680 384 Rene Mount, Blickfort, AZ 58673-8482",+13916652201,erika@maggio.test,True,49833
48684,Cathryn Rogahn,"78091 Bradtke Plain, Lake Garretfurt, NY 11434",+15279563704,glory.padberg@crooks.example,False,48684
49498,Lavada Kunde,"83477 Frami Mill, Erichton, ND 55822-0660",+13052953044,meggan_lang@will.example,False,49498
49601,Arlette Schuster,"33919 Bryon Harbor, Johnsshire, AL 45645",+11529284460,roger.beier@crist.example,False,49601
50750,Courtney Abshire,"4421 Reanna Mills, Port Jenice, OH 13336-1358",+16802431221,antony@turcotte-vonrueden.test,True,50750
48085,Murray Christiansen,"576 Boehm Wall, Jaspershire, MT 64985",+15655819900,sterling@parisian.test,False,48085
48673,Luciano Bayer,"Apt. 646 970 Vanita Lodge, Bartonton, MT 02606",+18076592448,woodrow@dibbert.test,False,48673
48303,Gregorio Hickle,"Suite 641 5556 Gibson Throughway, Alfonzoburgh, NV 69354-7297",+19107869446,lisa_hoeger@pfannerstill.test,False,48303
50062,Gabriele Gorczany,"523 Volkman Grove, Valhaven, TX 48291",+17427730960,jean.durgan@schultz.example,False,50062
48482,Marilyn Skiles,"Suite 237 7998 Casimira Underpass, Lindton, CT 30975",+18569217644,edna.will@lockman.example,False,48482
48308,Paul Wunsch Dvm,"794 Nitzsche Islands, Patside, MO 17661",+14985895195,dreama@ruecker.example,False,48308
49495,Caroyln Hansen,"8697 Pfeffer Hill, Jeffryfurt, MO 08459-2079",+14995780718,orval.mcclure@stamm.example,False,49495
49044,Landon Goodwin,"182 Olene Hill, Liaside, NJ 49892",+16621139364,stacey.erdman@wolf.example,False,49044
48347,Ivory Murray,"Suite 457 149 Wintheiser Burg, Lindside, MD 83652-0102",+14898706485,alysa.kshlerin@littel.example,False,48347
47877,Ms. Karla Heaney,"629 Vallie Mission, Veolaport, MN 57222-6775",+12962416253,chance@bashirian.example,False,47877
48074,Eldon Johns,"3955 Schmitt Neck, Royview, CT 10825",+13519241754,lan@ferry.example,False,48074
48567,Suzi Terry,"540 Herlinda Shoal, South Janniefort, OK 36302",+12975211522,sharilyn@rogahn-schmidt.test,False,48567
50487,Judie Hane,"Suite 774 1724 Ellie Fork, Emmerichville, KY 32584-0097",+16305658831,chris@konopelski.example,False,50487
49296,Alden Hane,"267 Beatty Squares, Lebsackport, CO 54342",+18841280086,monroe.hammes@schuster.example,False,49296
49713,Palmira Mohr,"87512 Herman Turnpike, East Nedamouth, MA 73952-0558",+15398877884,ileana_carter@kohler-gottlieb.example,False,49713
47870,Greg Gulgowski,"Apt. 427 470 Otelia Station, Moorechester, ME 59122-9029",+16465735053,leonard_ohara@watsica.example,False,47870
50330,Florentino Mann Iii,"6930 Sherly Wall, Lizmouth, MO 76367-5457",+18263600345,russell@watsica.example,False,50330
49607,The Hon. Lazaro Walker,"Apt. 777 332 Goldner Plaza, Mireilleport, OR 51362",+14159319440,dexter@boehm.test,False,49607
48532,Jesus Mitchell,"4227 Angila Fork, Wolfview, GA 96731",+15067689151,virgilio.rosenbaum@bosco.test,False,48532
48469,Mohammad Kiehn,"4623 Wintheiser Plaza, New Milo, TN 83582-1982",+14715706633,yon.white@fahey.test,False,48469
48490,Torri Dooley,"40841 Jerrell Meadow, New Aldo, ID 81692-6531",+11909437614,tami_rippin@koch.example,False,48490
50852,Shayne Luettgen,"Apt. 145 97835 Richard Terrace, Lake Peterview, VT 09645-8183",+16161608885,shelton.denesik@carter.test,False,50852
50855,Janiece Hermann Dc,"553 Alan Dale, Lake Emmanuelton, RI 12999",+18454741807,mercedez.altenwerth@wilderman.test,False,50855
50907,Gwyneth Heidenreich,"6576 Jeremy Cove, East Juanstad, SD 14568",+11145499625,wen@spencer-white.example,False,50907
51072,Donovan Jacobi,"574 Tomika Valley, Shebaland, MD 39056-7780",+14481845340,weston@adams.example,True,51072
50898,Prof. Lynn Zboncak,"Suite 577 397 Kassulke Courts, Tyronestad, WI 52530-7865",+11096759713,rodger@blick.example,False,50898
49858,Glenn Huels,"Suite 948 5244 Josephine Turnpike, South Margitside, AR 35882-8182",+14874687634,kaila@ryan.test,False,49858
47834,Sharee Gulgowski,"Suite 586 46648 Alec Glens, North Thanhfurt, NM 34353",+11183048452,portia@gulgowski.test,False,47834
49583,Debra Runolfsdottir Ii,"Apt. 805 8124 Wisoky Spurs, Lake Lisastad, KS 09879-5704",+13905742529,yajaira_bernier@spencer.test,False,49583
50298,Tyrone Nitzsche Jr.,"Suite 726 9392 Rolfson Parks, East Regeniachester, MT 14745-5011",+13021144426,marie_rolfson@thompson.test,False,50298
49011,Maynard Bergnaum Ii,"Apt. 407 662 Barbar Village, Port Toney, IL 49682",+18816393713,chantal@terry.test,False,49011
50614,Lavette Strosin,"239 Rutherford Cape, New Marcel, MD 63463",+13379808113,jake.murphy@nader.test,False,50614
49114,Kristel Schaefer,"25025 Yolonda Crescent, Beierport, OK 18661",+19495862258,isaac@langworth.test,False,49114
48419,Ervin O'Kon,"Apt. 218 9341 Sheldon Turnpike, West Cyrstalland, NJ 14546-7305",+18946337974,shawna.mccullough@kuhic.test,False,48419
48739,Mauricio Lynch,"24883 Yoshie Curve, North Lashandahaven, AK 84392-4338",+11875043487,elia@tillman.test,False,48739
49841,Gloria Bayer Vm,"Apt. 377 49730 Mable Path, East Shantaborough, NJ 15129",+13023605055,scottie@spencer.example,False,49841
49847,Rick Rowe,"Suite 652 68037 Walter Road, Lake Randyfort, ME 89443-3948",+17863869958,heriberto@lindgren-glover.test,False,49847
48264,Owen Aufderhar,"Suite 269 33774 Hilll Point, Port Rickeymouth, DE 55189-2071",+17005724151,kai.stamm@medhurst.example,False,48264
49457,Eric Cole,"Suite 520 783 Mandie Passage, Port Chariseside, DE 40747",+13623764880,dalene@wiza.example,True,49457
50647,Willy Corwin,"Suite 271 1556 Schmitt Drives, North Mercyborough, NM 78150",+13715764999,ciera_feeney@rolfson.example,True,50647
48724,Eboni Tromp,"Apt. 473 67185 Lowell Rapid, Jinport, MT 58568-1777",+15831229770,jasmine_nienow@pagac-murphy.test,False,48724
50963,Long Bogisich Iv,"Apt. 755 91534 Edgar Dale, Gradyland, AL 98124",+15267081955,robby@padberg.example,False,50963
50294,Booker Lakin,"88409 Ruthanne Unions, New Terrencemouth, IA 12419",+14859706525,ula_larson@parisian.example,False,50294
49786,Renato Braun Ii,"2466 Langosh Forges, Port Abbeyton, WA 98102-0777",+12215599990,randall_hagenes@marvin.test,False,49786
51014,Kimber Stiedemann,"304 Dickens Dale, East Kirby, AZ 15731-8613",+13807007424,victoria@kulas-gerhold.test,False,51014
50446,Bradly Hand,"487 Lesch Knolls, Lindgrenport, MD 35045",+13725357006,sumiko.harber@schulist-prohaska.example,False,50446
47741,Lashawna Kuphal,"634 My Drive, Lake Wallymouth, GA 01058-4659",+19044825682,evette_terry@cronin.example,False,47741
50882,Kieth Beahan,"8767 Bashirian Vista, Grahamtown, NC 72590-0779",+12650255059,edmond.kling@ward.example,False,50882
49865,Tonda Fay,"8229 Von Circles, Lake Jaquelinemouth, OR 72837",+16962135762,raymundo@lindgren.test,False,49865
50249,Gabrielle Feeney,"Apt. 194 1858 Darryl Gardens, Bayerville, PA 50407-1901",+11027440012,jude_kuhic@reynolds.example,False,50249
51026,Jim Larkin,"Apt. 771 95888 Lashanda Forks, East Enrique, KY 63150",+11441771668,maximina@wilderman-christiansen.example,False,51026
47950,Kathey Rath,"3872 Murray Stravenue, East Mauro, NV 57107",+18545977432,robert.brown@larson.test,False,47950
48318,Oswaldo Bednar,"25117 Buckridge Junctions, Derickshire, MO 77609-6346",+12456888016,marci@walker-cremin.example,False,48318
48394,Cruz Kuhlman,"Apt. 357 1152 Chance Pass, North Josue, KS 39306",+18138024356,haywood@bauch.test,False,48394
48539,Jamar Wisoky,"52283 Micki Course, Aldaport, IL 22572-0725",+15502290378,mozella@jakubowski.example,False,48539
49390,Guillermo West,"Suite 115 848 Katelyn Loaf, Prohaskatown, WA 32946-7725",+17118497822,michael_carter@walter-fritsch.test,False,49390
48468,Antwan Bartell,"95192 Dare Walk, Port Ervin, NV 61877",+19308824342,beulah@lind-nolan.test,False,48468
48465,Kenny Murphy,"Apt. 981 74724 Mack Courts, Lake Russelltown, NH 91777-9708",+18062236317,kimberely@gleichner-kling.example,False,48465
50684,Miss Venessa Harris,"927 Spinka Flat, Greenfelderport, MT 35656-9640",+18095515547,earl@murray.test,False,50684
49310,Burton Beer,"82699 Hintz Radial, New Bridgettetown, MS 80175-1587",+16931745420,fredda_cormier@barton.test,False,49310
49587,Jon Doyle Dds,"Suite 615 6743 Dare Turnpike, North Moriah, NC 67619-3513",+14783423860,theodore@blick.example,False,49587
49510,Grant Kilback,"56753 Larkin Tunnel, Port Britttown, OR 49348-3788",+11394523703,frederic.nolan@rutherford-hagenes.example,False,49510
48855,Isaac Bechtelar,"Suite 936 316 Fisher Park, Mosciskiland, NJ 32311-0319",+15588959606,ron@lang.test,False,48855
48613,Adalberto Huel,"32221 Eleni Knolls, East Curtishaven, LA 55557",+17456461480,janine@wehner.example,False,48613
48273,Gov. Hannelore Nikolaus,"2683 Grant Summit, Marioport, LA 54515-9028",+14086034734,francisco@kutch.test,False,48273
48765,Ressie Waters,"Apt. 124 25921 Mann Ports, South Gregg, SC 71774-1133",+18934590619,mohammad@hahn.example,False,48765
48881,Shay Baumbach,"844 Danuta Square, Gregorioborough, AL 04393",+17009906568,kenton@hauck.example,False,48881
50607,Emmitt Renner,"7874 Murazik Lane, Kassulkeview, PA 82794",+14893767894,michel@wisoky.example,False,50607
48705,Willow Olson Vm,"Suite 167 60722 Margarett Mountains, North Gerardoburgh, NH 50129",+15321468091,chas@mcglynn-borer.test,False,48705
49027,Pres. Glenn Schuster,"166 Refugio Meadows, Gorczanyberg, WA 07287",+16311243318,holly.grady@leuschke-ward.example,False,49027
49507,Erwin Durgan,"773 Davis Mall, Shieldsmouth, AK 59477-0618",+18914224464,jami@romaguera.test,False,49507
51001,Curtis Hahn,"32690 Grimes Valley, New Garland, TN 62310",+11245533762,lavern.hermiston@schulist.example,False,51001
50034,Miss Teresa Bins,"Apt. 213 9808 Little Inlet, Leuschkeborough, IA 88360",+12402731498,cleo@wiegand.example,False,50034
50555,Marivel Abshire,"Apt. 493 97063 Jerrell Corner, West Kevenborough, NY 41969",+16188681225,todd@lemke-buckridge.example,False,50555
48460,Sanjuana Stiedemann,"512 Abshire Locks, Robelmouth, UT 98895",+17582218299,monte_volkman@fadel-turcotte.example,False,48460
49486,Burl Nikolaus,"7193 Yahaira Hollow, Ashleyberg, KS 13769",+11378656070,stacy@prohaska-jaskolski.test,False,49486
49395,Penelope Bins,"Suite 722 2751 Salvatore Fork, New Darcel, MA 75343",+17829629110,jerald@gusikowski-jenkins.example,False,49395
50591,Abbey Roberts,"Suite 414 40375 Reuben Squares, West Barbar, MS 43213-4467",+11904921112,skye@reynolds-kilback.example,False,50591
49890,Lory Lubowitz Jd,"Suite 120 9334 Murazik Tunnel, West Waldoside, AZ 40115",+16860333778,cristobal@hoeger.example,False,49890
50420,Avery Kassulke I,"Apt. 235 7938 Lawanda Turnpike, Cecilfurt, CO 19005",+15137669388,darin.hayes@bernhard.example,False,50420
48317,Brooks Spencer,"8110 Stamm Plaza, Walshmouth, ND 98090-3088",+11157913797,allan_kerluke@hills-hammes.example,False,48317
50608,Jack Raynor,"915 Dick Avenue, Bryantmouth, DE 79333-2257",+14472741950,darrel@wintheiser.test,False,50608
50043,Nenita Mayer Lld,"241 Kisha Drives, New Norbertoside, VT 20878",+11208180695,donnell_heaney@aufderhar.test,True,50043
49672,The Hon. Dyan Mclaughlin,"Suite 878 709 Rutherford Underpass, Marianhaven, ID 53201-7847",+11689780193,fernando.cronin@denesik-will.test,False,49672
50467,Cristy O'Hara,"8821 Rodriguez Centers, Port Claretha, OH 70322",+13933236139,alvera@windler-emmerich.example,False,50467
49819,Josette Leffler Phd,"3280 Morissette Summit, Isaton, WI 28294-6556",+16936806549,emery@macgyver-rath.test,False,49819
48566,Dong Harvey,"9731 Walter Trafficway, Daviston, CA 54452",+11457050384,kari_bednar@hilpert.example,False,48566
47852,Gov. Johnson Rempel,"1783 Lester Parkway, Port Rethamouth, IL 26074-4937",+13642299163,henry.pfannerstill@jast-bayer.example,False,47852
48814,Dane Littel,"4683 Bianca Fields, Port Nedmouth, GA 76515-4659",+15820912240,jay.kuhlman@hahn.example,False,48814
47770,Florentino Waters,"Suite 632 8198 Crona Brooks, West Season, IN 72744-8982",+19792731362,kristel.renner@nicolas.test,False,47770
48282,Miss Rocco Cassin,"Apt. 912 743 Marcelo Island, Port Carina, ND 04495-0917",+19403844342,sam@feil.test,True,48282
50893,Erin Ritchie,"Suite 322 8485 Tana Burg, Lake Randyport, IN 96200",+11987064412,elicia.hermann@schultz-goodwin.example,False,50893
50398,Jo King,"219 Rice View, North Bernie, FL 48172",+14285361661,luana.farrell@bruen.example,False,50398
47664,Fr. Pandora Rowe,"3410 Diedra Haven, Cedricktown, MA 47053",+17002591084,derek_prosacco@gerhold.example,False,47664
49446,Kelle Moen Sr.,"Suite 216 21315 Raymundo Track, Bartonburgh, SD 89417-8269",+14424395858,manual@barton.example,False,49446
50015,Bob Hamill,"4480 Pouros Vista, Markmouth, MO 36832",+14404847768,raymundo.weimann@spencer.test,False,50015
48575,Robbie Hackett Md,"Apt. 987 339 Leonora Point, North Mohamedton, ID 54492-4773",+16587029079,herb@thiel-mclaughlin.example,False,48575
49090,Dr. Samara Erdman,"29368 Lauren Dale, West Noelia, UT 13178",+18262261796,hedy@heidenreich.example,False,49090
48081,Ervin Greenholt,"Suite 281 151 Joeann Trail, Lake Micaela, OH 08091-8200",+14069182664,corrina_davis@ferry-kunde.example,False,48081
50674,Christoper Kshlerin,"Apt. 697 922 McKenzie Lodge, South Glenna, MT 60865",+19582442802,margert@kilback.example,False,50674
50493,Tony Boehm,"Apt. 784 53278 Chase Fords, Auershire, MT 28392",+15222697001,floyd.swaniawski@bauch.test,False,50493
50718,Mariel Blanda,"88358 Boyd Island, Jacobsonton, VA 65148",+14902556033,long.lang@mayert-morissette.test,False,50718
51007,Ambrose Douglas,"Suite 953 6169 Veola Dam, South Steve, NH 58381",+15358093584,trey_bogan@baumbach.example,False,51007
50562,Reggie Runolfsdottir,"Apt. 536 16698 Caleb Motorway, North Ramiro, TX 21305",+16302789972,wendie@torp.test,False,50562
48543,Prof. Erline Vandervort,"792 Hershel Pass, South Takako, AK 76206-5243",+11249973524,angeles.bins@cremin.example,False,48543
49783,Johnson Sauer,"Apt. 856 44663 Haydee Villages, Cortezfurt, MA 39618-1688",+14186738167,elisha.senger@hettinger.example,False,49783
47924,The Hon. Burton Brown,"Suite 807 5324 Benito Highway, Vandervortberg, WI 85664",+17719169238,wilber_stiedemann@moen.test,False,47924
48281,Msgr. Darren Mosciski,"3973 Nickolas Throughway, Leesaborough, ID 96795-2263",+15904698721,renata@rempel.test,False,48281
48000,Anibal Langworth,"Apt. 223 262 Guillermo Spur, Kuphalville, MT 27696-4502",+19522726447,eufemia@rempel.example,False,48000
51093,Msgr. Julianna Gerlach,"Apt. 545 7460 Huel Stravenue, East Silas, GA 10016",+17069671070,ray_collier@ritchie.test,False,51093
50069,Dorethea Tremblay,"Apt. 721 35166 Kareem Circles, Maryjoview, UT 77264-3990",+14030524389,ernestina@ziemann-homenick.test,True,50069
51112,Bobbie Bayer,"Suite 926 1791 Erick Fields, Beerview, PA 32968",+19662542123,angelika@macgyver.test,False,51112
50332,Leeann Lesch,"236 Cole Walk, North Elvina, ID 20126-1950",+13832177160,royal.kihn@hahn.test,False,50332
49973,Maynard Gibson,"Apt. 720 392 Kovacek Glens, Legrosville, TX 59606",+12791423659,clement@lemke.test,False,49973
48489,Halley Pfeffer,"44510 Schroeder Manor, West Bernard, TX 83078-1145",+17559153201,shakira.leuschke@kreiger.example,False,48489
50774,Coleman Medhurst,"Apt. 591 1852 Kilback Crescent, West Faviola, OH 95388-9788",+17034930904,zada@jacobs.example,True,50774
48945,Joan Larson,"Suite 101 9661 Thelma Streets, East Ianhaven, MS 99577",+12586696781,dick_roob@shanahan.example,False,48945
50657,Mrs. Wei Schroeder,"660 Josiah Ways, East Laura, HI 48411",+13218824252,marcella_langosh@smith.test,False,50657
49565,Sharleen Funk,"226 Gibson Rest, Leotafort, MD 42872-1487",+13641150758,linsey@gulgowski.test,False,49565
50576,Terrance Bruen,"786 Rolfson Spring, West Minhchester, GA 46374",+12207404364,virgen@rempel-welch.example,False,50576
50145,Paris Wunsch,"7644 Linnea Junction, New Jeremiah, SD 18208",+19216495134,bo@toy.example,False,50145
48738,Sanjuanita Pouros,"Apt. 629 574 Kuvalis Street, Damionland, RI 00889-5493",+19084568390,veronika.cassin@runolfsdottir.example,False,48738
48186,Lucila Cummings Ii,"Apt. 493 20057 Chauncey Course, West Adrian, NM 63401-1969",+13173125447,martin_okon@gleichner-hirthe.example,False,48186
48878,Joelle Tromp,"Apt. 911 864 Witting Plains, New Ali, MT 77647",+19907763128,blondell_kuhic@mills.test,False,48878
47683,Mrs. Eugenio Walter,"Apt. 251 9928 Erdman Summit, East Micheline, GA 85643-7396",+16259404131,mel.marquardt@bartell.test,False,47683
51032,Eleni Roberts,"50496 Denesik Pike, West Rey, AZ 95608-2514",+13215107488,shon.hayes@senger.example,False,51032
50391,Kemberly Jaskolski,"Apt. 596 785 Bernhard Orchard, Willmsview, ND 10924-6472",+11124328460,rochelle@robel.test,False,50391
50264,Lyla Stokes,"Apt. 995 5482 Louie Coves, North Belen, PA 71046-0635",+13189647557,tashina.kovacek@kshlerin.example,False,50264
48379,Antwan Ward,"Apt. 210 158 Feest Grove, West Magaly, GA 13144-5986",+14364365900,polly@emmerich-howell.test,False,48379
50450,Newton Durgan,"Suite 387 433 Runte Key, Gusikowskiview, IA 38750",+14963876292,natalia@miller.test,False,50450
47828,Brittanie Mayert,"Suite 643 47879 Gottlieb Lodge, Port Sonville, TX 15279-0700",+15241749946,cheri@hoeger.example,False,47828
49355,Nan Mcclure Cpa,"4297 Robel Circle, West Sylvester, NJ 84345",+14003468451,avery@boyle-mann.example,False,49355
48732,Gov. Jessie Dubuque,"746 Fredericka Extension, Reynaldotown, AL 59023-1796",+17129251332,tina_stokes@heathcote.example,False,48732
49649,Sina Labadie,"2566 Anthony Bridge, North Willymouth, NE 96217",+14403824760,mayme@dietrich-hilpert.example,False,49649
47998,Sydney Schultz,"84978 Bednar Pike, Gusikowskibury, NC 53821",+19639316270,shayne@abshire-hilll.test,False,47998
48987,Doyle Gutmann,"6939 Jed Plaza, Lake Philville, LA 56661",+19536606174,tad_jaskolski@smith.example,False,48987
48458,Helene Vandervort,"Apt. 962 9357 Efrain Point, Port Mathildastad, MI 29758",+14131191280,jim.dickens@mueller-wisoky.test,False,48458
48107,Eilene Ward,"91881 Laverne Fall, Port Briceton, FL 03450-7135",+17733034828,tereasa_schamberger@blanda.test,False,48107
47815,Sen. Kathrine Hermann,"3559 Hayden Port, North Terrie, TN 65898-0422",+15854302565,cherish.morar@kshlerin.test,False,47815
47934,Miss Georgie Nader,"800 Mina Corner, New William, MO 02066",+16880200255,chandra.oconner@barton-swaniawski.test,False,47934
48990,Siu Dietrich,"53872 Tish Landing, South Justin, NY 50736",+17366498068,aundrea_doyle@fadel.test,False,48990
48447,Garrett Bartell Dds,"980 Nathanial Trail, Fritschville, IL 97412-5086",+13763592209,saundra@smith.example,True,48447
49924,Evelyne Mueller,"Suite 238 405 Macejkovic Glens, Kiethport, AZ 52228-1517",+15967289081,dee_feest@prosacco-corkery.test,False,49924
50751,Orpha Friesen,"92251 Hamill Knoll, New Deonna, NY 49247",+15000494398,hedy@christiansen.example,False,50751
48147,Kasandra Yundt Lld,"34844 Elwood Key, New Martin, AL 90777",+11599073336,elvis@schumm-shields.test,True,48147
48818,Mrs. Normand Heaney,"3904 Deborah Gateway, Stammstad, FL 53940-3925",+16530950736,julian_ruecker@yost-schuppe.test,False,48818
47749,Amb. Shella Champlin,"356 King Stream, South Trudi, CA 12890-6607",+18925480343,guadalupe.baumbach@stiedemann.test,False,47749
50736,Miles Borer,"Apt. 946 9626 Wisozk Courts, Boganton, MD 81143",+17480656004,herma.blanda@koelpin-hilpert.test,False,50736
48800,Kaylene Muller,"Suite 430 762 Cathey Highway, Lake Kemberlystad, SC 72146",+15907327854,valene.feest@heaney-prohaska.test,False,48800
50868,Rep. Loreta Murray,"153 Basil Village, North Machelleshire, LA 29248",+11421614385,santiago@daugherty.test,True,50868
49551,Shayne Fritsch,"536 Cassi Springs, Heidenreichstad, OR 26710-8050",+16457486282,les@blanda.example,False,49551
49692,Earle Gorczany,"91386 Bailey Spur, Teofilaland, RI 07803-5039",+14642518534,deirdre_rowe@larson-fay.example,False,49692
48522,Warner Spinka Dvm,"Apt. 801 4533 Mann Pike, Olaport, OK 57799-1122",+17342896795,jefferson@abernathy.example,False,48522
48932,Clinton Dickinson,"731 Prosacco Street, Adalinehaven, ME 58660",+16481685886,vicki_mertz@abshire.test,False,48932
49190,Ouida Schumm,"Apt. 937 39025 Donovan Radial, Haleybury, SC 36537-4689",+19667011560,forrest_reichert@lind.test,False,49190
50472,Mel Dibbert,"5508 Vennie Corner, Hackettshire, MA 44028",+18305772194,phillis_terry@hermiston.example,False,50472
49664,Lupe Altenwerth,"Apt. 704 149 Hayes Creek, South Cherelle, ND 99766-8324",+17408251540,delphine@ryan.test,False,49664
48042,Marcel Vandervort,"250 Medhurst Drive, New Vannessafurt, MD 73474-7213",+12811022625,wally_stroman@lesch.test,False,48042
50059,Chad Schulist,"378 Torp Lakes, Lindgrenchester, OK 05934-3777",+19756039960,alton@white.test,False,50059
48426,Ashley Blanda,"Suite 275 77041 Mraz Walks, New Marin, GA 07431",+16408785992,william@tromp.test,False,48426
47809,Bradley Braun,"1147 Ruthie Divide, West Micahchester, NV 63497-4288",+19030441041,nicholas@yost.test,False,47809
48284,Everette Gulgowski,"Apt. 782 31836 Friesen View, East Valville, ME 60548",+17671956636,cristopher@padberg.example,True,48284
51020,Belkis Goodwin,"3994 Renner Run, Petraland, TX 94675-5940",+13846867467,shelby.schamberger@ankunding.test,False,51020
49694,The Hon. Devon Bartell,"Suite 973 6963 Jade Fall, East Mose, OK 27127-7879",+14894308645,darleen_jacobi@considine.test,False,49694
48868,Mrs. Gustavo Roob,"54857 Jimmie Green, Lorenzashire, NV 58793",+11666433069,billie@ebert.example,False,48868
51079,Ms. Moira Runolfsson,"91535 Graham Meadow, New Brandon, MD 23489-3685",+16454314838,felipa_schamberger@ziemann.test,False,51079
48809,Graham Langworth,"14267 Zemlak Ridge, Lake Dawne, OR 85497-0193",+15951298022,edwardo_fritsch@greenfelder-okon.test,False,48809
48291,Arlen Simonis,"383 Durgan Springs, Russstad, WV 39017",+15112036237,elene.hettinger@abernathy.test,False,48291
50211,Burton Dicki,"2822 Eleni Row, Stokesberg, TX 67967-7723",+11300579795,danilo_borer@conroy.example,False,50211
48413,Shawana Ferry Esq.,"Apt. 851 24675 Marlin River, Bartolettiville, KS 31116",+17745004034,pasquale.leannon@wyman.test,True,48413
47873,Myrna Doyle,"9136 Dicki Knoll, South Suzann, MI 67243-8518",+19258175033,in_king@gutkowski.test,False,47873
48402,Gilma Schulist,"733 Skiles Stravenue, North Ozzie, NV 37444",+13156817441,shanita.schamberger@hayes.test,False,48402
50531,Herb Gleason,"41900 Winfred Highway, New Mauriceshire, IN 32344",+12077395498,mack@grady-kovacek.example,False,50531
47818,Joannie Wyman,"61764 Cartwright Corner, North Polly, WY 77928-8146",+12830098931,anisa@gorczany.test,False,47818
50693,Gov. Rene Dibbert,"Apt. 739 4998 Miller Lane, Chuckmouth, TN 38599",+15044626319,sanford.romaguera@wintheiser.example,False,50693
49132,Trent Runolfsdottir Iii,"Apt. 508 883 Meghan Brooks, Runolfssonport, TX 68245",+13436182331,eldon_hammes@pfannerstill-schaden.test,False,49132
47905,Jarvis O'Conner,"8308 Edwina Shore, New Donald, AR 86076-7879",+18517527084,willard@bergnaum-wiegand.test,True,47905
49194,Bernita Anderson,"Suite 545 946 Maximo Center, North Jack, WV 12707-9761",+19398908255,sal.bashirian@upton-herzog.example,False,49194
48275,Fatima Pacocha,"122 Carol Trafficway, Jazminestad, IL 39663",+12309274876,anthony.gutmann@cronin.example,True,48275
48422,Olevia Corkery,"3553 Shirley Squares, New Nicolasfort, TN 32098",+19037681917,mayola@barrows-fay.example,True,48422
49051,Robbi Rogahn,"2576 Casper Ranch, South Kathy, MI 17170",+13773621936,vina_graham@hintz-schmidt.example,False,49051
50158,Helena Waelchi,"9791 Haley Gardens, Ritchieberg, DE 73798",+18821264989,chere@vandervort-lueilwitz.example,False,50158
50794,Carl Barrows,"Suite 481 77152 Merlin Harbors, New Larryshire, KY 26504",+18691561729,kimbra@lynch.example,False,50794
50975,Mr. Elisha Trantow,"Apt. 679 52897 Bertram Plaza, New Dwightport, LA 93313",+16825573044,kamala@medhurst-lind.example,False,50975
49860,Amb. Santos Morissette,"Apt. 798 258 Brian Stream, Zacktown, ID 68156-9124",+19668684630,devin.homenick@kovacek.test,False,49860
47921,Mauricio Simonis,"Suite 400 52022 Laquanda Trail, Prosaccoview, IA 84755",+17049539292,dario_walsh@kuphal.example,False,47921
48376,Belkis Macgyver Dds,"42725 Labadie Prairie, Millsland, MT 02961-3260",+13008947097,jewel@osinski-marvin.example,False,48376
49940,Faustino Huel,"Apt. 157 344 Bartoletti Plaza, Kirstieburgh, WY 13455-9412",+11182100485,willie@mueller.example,False,49940
48955,Nita Runte,"Apt. 239 2343 Levi Crossing, New Hyman, NC 10859",+12986488728,elvie_dickens@cronin.test,False,48955
49894,Wilmer Hirthe,"Suite 427 58588 Wuckert Shore, Marcelleport, VT 25714-8951",+18013041579,alberto.wolf@koss-rosenbaum.test,False,49894
48916,Prof. Claris Windler,"637 Morar Forges, Littelfurt, PA 05681-3073",+13107257096,shirly_kemmer@breitenberg.example,False,48916
48985,Johnnie Steuber,"Suite 935 881 Dane Ranch, Lake Rimaport, NM 05124-2048",+14297746481,renate.abshire@denesik.test,False,48985
50447,Lyndsay Jerde Lld,"Apt. 807 1724 Daugherty Light, Billistad, OH 03555",+14894260864,karlene@marquardt.test,True,50447
49859,Amb. Cleta Konopelski,"Apt. 825 19602 Koch Trail, Barrowsport, CA 24240",+18531695477,consuelo.weber@cummerata.example,False,49859
50365,Kenda Reynolds,"Suite 735 4951 Murazik Canyon, North Abeburgh, ME 93901",+12204011227,tom.rath@ziemann.test,False,50365
48058,Tanisha Smitham,"Apt. 446 86822 McLaughlin Square, Mariettemouth, SC 90656-7599",+12347571308,rochell@schmidt-zboncak.example,False,48058
50318,Msgr. Merrie Osinski,"Apt. 821 566 Hahn Valleys, Maisieburgh, IL 66370",+12307476464,joshua@russel-zulauf.example,False,50318
48767,Margeret Turner,"Apt. 780 211 Harris Prairie, Carlenechester, OR 38473-1413",+13431863620,arlen_harvey@glover-moen.test,True,48767
49854,Jamel Quigley,"Suite 884 80416 Brice Divide, North Fabianview, NV 34416",+16951689711,shawn@pollich-schuppe.test,False,49854
49363,Christian Cruickshank,"4184 Ashleigh Plains, Pingfurt, NM 90174",+19264832366,sal@bartoletti-green.test,False,49363
50011,Julio Hahn Iv,"160 Benjamin Freeway, McDermottland, ND 28016-3839",+19003089886,marcel@kutch.example,False,50011
49240,Jaleesa Daugherty,"80403 Littel Drive, South Dana, NM 79107",+14804556127,patrick.kohler@adams-emmerich.example,False,49240
50074,Salley Koss,"Apt. 682 634 Felisha Rapids, Britneytown, PA 60834",+19295463057,chet@smith.example,False,50074
50762,Susann Barrows,"Apt. 916 5170 Francisco Brooks, Kennyview, CA 70911-0488",+13256207260,brock.hegmann@fay.test,False,50762
50486,Jeramy Block,"Apt. 692 1864 Allena Motorway, Irmgardland, CA 87812",+16422873147,sherell@morissette.example,False,50486
47969,Roger Gutmann,"88865 Eulalia Canyon, New Trulabury, ME 31151",+18841659854,neville@torphy-donnelly.test,False,47969
48973,Alecia Beer,"Suite 189 5634 Milan Drive, Reillyville, ME 36046",+18246440175,carmelo_muller@okon.test,False,48973
48839,Vern Spinka,"871 Erin Orchard, West Freedashire, CO 87266",+15165312689,erica@watsica.test,False,48839
49598,Carly Schiller Vm,"Apt. 123 51298 Stark Square, New Valentine, WY 85902-3056",+14106685927,livia@nicolas.test,False,49598
48069,Lizzie Hagenes Ii,"2370 Spinka Fords, South Delmarborough, ME 43777-9332",+13860750060,bok@daniel.test,False,48069
50726,Sylvester Hauck,"119 Dean Forks, Danielfurt, AL 49293",+11377575988,hilton@beahan-quitzon.example,False,50726
48637,Leslee Rutherford,"7387 Jesusa Gateway, East Napoleon, NJ 04709",+13767948572,julius_parisian@stehr-fahey.test,False,48637
48982,Donnie Blick,"78629 Takako Mountains, Carmelitashire, AR 63374-5019",+12918503518,jules_hansen@ernser.test,False,48982
47754,Andria Shields,"Suite 391 726 Raynor Dale, Glennton, IN 60799",+12409195047,patsy_huel@hirthe.test,False,47754
49723,Holley Beahan,"Apt. 738 472 Marco Shores, South Tysonmouth, NE 39763",+19125627559,terri_hoeger@kessler-herman.test,False,49723
48986,Msgr. Jeraldine Yost,"91815 Jewel Circle, Danielland, AZ 07620",+17099252383,hulda.schaden@predovic.example,False,48986
50861,Vanda Nicolas,"8600 Shu Lakes, Langland, SD 82726-4527",+15255904626,tyree@pacocha.test,True,50861
50768,Erma Douglas,"Suite 726 86038 Shanti Pass, Rolfland, TX 32856",+11865720611,daren@cormier.example,False,50768
50116,Numbers Brown Vm,"Suite 933 275 Willard Manor, New Errolland, HI 67853-3831",+13833870438,shandra_pollich@rau.test,False,50116
50454,Clorinda Schroeder,"Suite 201 4053 Allene Port, Hahnside, NJ 16680-7909",+16710706922,ilene.boehm@armstrong-fahey.example,False,50454
50863,Jason Schmeler,"16963 Renner Mall, Huelchester, ID 64170-7033",+12582351125,hilton@carter.example,False,50863
50828,Lance Jaskolski,"42679 Flatley Street, East Marsha, SC 07474-9763",+18296298929,antonio.mcclure@gottlieb.example,False,50828
50628,Dannette Bergstrom,"1756 Winston Cliff, South Joleen, CO 74016-0861",+18446075855,russell.rutherford@kemmer-sawayn.example,False,50628
49148,Jesus Schamberger,"9280 Will Light, Damientown, ME 67802-9192",+12123153222,mahalia_yundt@kuhic.example,False,49148
48725,Rev. Merlin Reynolds,"8428 VonRueden Field, West Jeanna, IA 47648",+15967262985,estrella@farrell-parker.example,False,48725
47715,Talia Mcclure,"638 Bailey Walks, Lake Rustyhaven, NM 71506",+13759922764,van_streich@tremblay-renner.example,False,47715
47827,Beula Pacocha,"Apt. 856 706 Lynn Prairie, Boehmberg, NY 35327",+15746060605,rogelio_feest@morar.test,True,47827
48559,Tyson Schaefer V,"Suite 613 531 Kuhic Run, South Mickeychester, IA 63304",+13839702548,dana@haag-herzog.test,False,48559
50673,Nathaniel Johnson,"24186 Sanford Locks, Kautzerland, FL 30542",+13859674879,william@turcotte.example,False,50673
50478,Ike Morar,"820 Hayes Locks, Stevenview, NM 41164",+15200054379,jamika.williamson@murphy.example,False,50478
48536,Earle Kertzmann,"Apt. 213 9863 Von Center, Eleanoretown, MD 81804",+13170153911,james_buckridge@zieme.example,False,48536
49785,Audrea Bechtelar,"Suite 206 424 Johnston Alley, South Sherrieland, NE 71327-9306",+19978510422,tashia.cremin@hoeger-breitenberg.example,False,49785
50270,Eboni Romaguera,"1970 Arianne Pine, Gerholdstad, ME 95904",+18169940359,gregorio@murphy-kub.test,False,50270
49339,Ciera Kovacek,"4469 White Manor, Carsonberg, AK 60694-6854",+16478566514,margy@hackett.test,False,49339
48513,Ms. Latosha Hand,"Apt. 220 478 Ebert Dam, Handshire, WI 44775-6175",+13082575868,ernest@beahan.test,False,48513
50948,Amb. Jamee Paucek,"547 Bins Route, Kiehnland, VT 03453-4519",+17107085090,sacha@simonis.example,False,50948
50851,Wilson Bradtke,"23668 Herman Dam, South Ardentown, AL 89809-7132",+14413266441,david_mosciski@hahn.example,False,50851
50845,Mr. Young Reinger,"Apt. 166 70397 Theressa Cliff, North Daphne, IN 65287",+18236301227,cassondra.weissnat@ebert.test,False,50845
49212,Noe Considine,"36356 Davis Plains, Dannyshire, TN 38781",+14692169067,glynda@ernser-stanton.test,True,49212
51119,Elisha Davis,"86992 Shaunna Lakes, Shannonstad, MN 01555",+19737415331,nathanial_donnelly@schulist.example,False,51119
47797,Dr. Elnora Rempel,"536 Abernathy Mountains, East Dee, AR 93746",+15155244423,erwin.bradtke@mills-connelly.example,False,47797
49852,Sidney Little,"Apt. 545 94124 Carlo Trail, East Lillie, NE 09082",+19382224856,jamar_marvin@mayert.test,False,49852
49338,Rev. Mason Russel,"Suite 822 4689 Walsh Place, West Amiraborough, NY 16684",+12568601961,hank.barton@skiles.test,False,49338
50757,Miss Rebbeca Rau,"Apt. 757 910 Fisher Divide, Corwintown, ID 06384",+14440818918,saul@batz.example,False,50757
50126,Faustino Hegmann,"Suite 893 19453 Cathern Isle, Lake Robert, AZ 38360-6880",+13676031175,lyman@west-ankunding.test,False,50126
50752,Zachariah Reichel Jd,"Apt. 511 8141 Carin Trail, Lake Leroybury, HI 25126",+16378861815,orlando.howe@schiller.test,False,50752
49921,Hilda Blanda,"Suite 222 490 Huel Rue, Coleborough, WV 54517",+14377953173,gabriele@schneider-terry.test,False,49921
48815,Pres. Clinton Cartwright,"Apt. 918 21819 Weber Hills, North Glaydsmouth, TN 49065-5005",+11436829182,elke_rohan@ritchie.example,False,48815
48937,Prof. Lavette Mccullough,"40334 Mikaela Road, New Scott, SD 95550",+19209791525,ashlyn.turcotte@schuppe-hodkiewicz.test,False,48937
50842,Cindy West,"504 Keenan Walks, Jessiehaven, AL 67114-2105",+14185111642,edgar@rippin-cartwright.test,False,50842
50939,Amb. Elnora Romaguera,"Apt. 557 1094 Terresa Ways, Lake Elmerborough, MA 42693",+11441439464,willow@nader.example,False,50939
50962,Rima Boyer,"424 Harvey Plaza, South Bell, AR 87698-8102",+11903284137,frank@bartoletti.test,False,50962
51118,Glory Koepp,"Suite 684 574 Stamm Orchard, Raymundobury, WI 36288",+15187587811,sebastian@friesen.test,False,51118
51033,Janeth Labadie,"42974 Connelly Loaf, Sengerfurt, SD 33280-2324",+13787774548,juana.goldner@roob.test,False,51033
49736,Malik Bechtelar,"Apt. 405 326 Harvey Ports, South Homerview, SD 83877",+17922457235,britt.leffler@marks.example,False,49736
48646,Drusilla Orn,"Suite 561 240 Rolland Fall, West Maximinamouth, RI 73299-4466",+11908471639,maya.zemlak@bailey-beer.test,False,48646
48393,Manuel Goldner Iii,"Apt. 590 90240 Haywood Cliffs, Gislasonview, MT 91435",+15583289839,ora@lindgren.test,False,48393
47899,Jan Lowe,"Apt. 563 199 Waelchi Course, Conroyhaven, OH 09763",+19742823168,ariel@hegmann.test,False,47899
50742,Reed Dicki,"814 Goldner Lane, Lake Numbershaven, VA 48096-0432",+14885867897,norris@okuneva.example,False,50742
48600,Marx Legros,"Apt. 835 8805 Bo Common, Doreenfort, PA 55017",+13973730823,donnetta@murray.test,False,48600
48716,Jaclyn Johnson,"5337 Tad Stravenue, Balistreriland, WI 16804-1253",+14857497308,luke_von@thiel-becker.example,False,48716
51037,Jewell Willms,"Suite 776 95059 Shawnna Streets, Beerfort, MT 13687-6042",+11659940430,rosita.romaguera@cole-gorczany.example,False,51037
50969,Roosevelt Blanda Esq.,"983 Alana Trail, East Alphonse, AK 12188",+12178475500,emory.grant@wiza-brown.example,True,50969
48647,Britt Stark,"Apt. 994 65971 Julian Station, East Terrence, WY 97927",+14658719500,josiah@luettgen.test,False,48647
49900,Mr. Garfield Barrows,"740 Claire Plaza, North Shawn, MN 03365",+11156750339,lane@emard.test,False,49900
49581,Rosann Kuhlman,"Suite 622 53274 Bashirian Trail, Goyetteville, IL 04053",+18644389115,michael@mccullough.test,False,49581
50309,Bryant Frami,"43485 Stephane Trace, North Berneice, NH 23107",+17230978175,man_adams@stoltenberg-mcglynn.example,False,50309
50109,Terry Mclaughlin Iii,"Apt. 104 112 Prosacco Lodge, Lake Perry, PA 08568-9245",+17617613459,cliff_hayes@weber.test,False,50109
50273,Amb. Myron Schuppe,"Apt. 134 902 Jones Court, East Tonisha, PA 37022",+18787626737,malika.cruickshank@lebsack-hartmann.test,False,50273
50208,Gianna Wehner,"491 Littel Fork, Port Vernview, NV 82292-0577",+13991375956,lemuel@zulauf.example,False,50208
50658,Antony Altenwerth,"3923 Kutch Burg, Hegmannfurt, NJ 51410",+16449006758,rodney.abbott@streich.example,False,50658
51068,Omar Kuphal,"Apt. 783 2267 Tillman Key, Gottliebtown, OH 42454-4106",+16580592968,elsa@runte.test,False,51068
50844,Joan Littel,"722 Alesia Square, Dreamaburgh, NM 93317-1177",+19944387798,cristobal@connelly.test,False,50844
47761,Prof. April Kohler,"2094 Michal Ridge, Mertiefurt, AZ 58625-8494",+13576033029,anisha@murray.test,False,47761
50004,Margarito Upton Iii,"24961 Emmerich Tunnel, New Marshall, OH 68056-1711",+14919672441,williams@borer.test,False,50004
48227,Suellen Rowe,"8244 Weimann Road, East Glenda, MO 81365",+19500253800,clyde@mante.test,False,48227
50268,Lucien Nikolaus Do,"Apt. 558 564 Hipolito Station, Nikolaushaven, KY 12949",+17425517203,kory@bogisich.test,False,50268
50585,Sen. Santos Rosenbaum,"737 Volkman Way, Rauton, IL 43076",+11386857725,jae.ziemann@moore.example,False,50585
49213,Paul Dicki V,"30701 Predovic Dale, Port Nella, AL 80054",+16696229443,keenan_senger@schultz-osinski.test,False,49213
49712,Kelli Hettinger,"Apt. 297 384 Steuber Oval, South Makeda, NJ 46622",+11036665654,georgiann@green.test,False,49712
48360,Mohammad Blanda,"26537 Hollis Gateway, Marshachester, WA 14251",+14006063884,christopher.veum@mertz.example,False,48360
48579,Trevor Koss,"Suite 437 8935 Jamal Ranch, South Aurelio, MO 19628",+15040898418,marcel@collier-hodkiewicz.test,False,48579
47765,Sen. Grant Padberg,"Suite 130 51827 Kimi River, East Aaron, ND 59827-5665",+11770201665,terrilyn@kshlerin.example,False,47765
50067,Gerard Jakubowski Jr.,"89360 O'Hara Mountains, West Christa, IA 36224-6900",+18983409355,dannie@luettgen-spencer.test,False,50067
49959,Stevie Block Iv,"146 Treutel Drives, Harlandburgh, WY 07476",+12676257697,jan.koch@kreiger-witting.example,False,49959
47960,Ester Mante,"51273 Carola Camp, Leuschkefort, ME 62784",+19572156393,lula_dicki@bechtelar.test,False,47960
49888,Leopoldo Pfannerstill,"Suite 787 16485 Walter Walk, Welchhaven, CT 95167-2660",+15304054673,tobias@brekke-padberg.test,False,49888
49294,Cyril Kshlerin,"Apt. 146 374 Cartwright Bridge, West Jacquelinview, MA 60643-2784",+18738286602,claribel.schiller@langosh-ledner.test,False,49294
50666,Ester Prosacco,"Apt. 823 7932 Schuppe Parkways, Caitlinview, TX 47758",+15366193537,rickie_farrell@hintz.test,False,50666
49335,Casey Durgan,"Suite 124 3125 Vilma Fields, Lake Ilonatown, MA 65000",+19704803315,kandis.huels@balistreri.example,False,49335
51010,Keneth Jenkins,"Suite 989 96048 Homenick Spring, Lake Melaniatown, NV 79062-3239",+16193814541,annelle_glover@muller-brown.example,False,51010
50781,Janet Spinka I,"8760 Toy Ways, North Clintfort, AL 11717",+17075272917,huey@steuber.example,False,50781
49744,Donnie Morissette Dvm,"10977 Williamson Unions, East Carrietown, SD 84646",+12530090880,kennith.cruickshank@gerhold.test,False,49744
49383,Ola Rice,"369 Gulgowski Road, New Ivorystad, UT 08715-3627",+17993751549,wilfred@sporer-cruickshank.test,False,49383
49710,Werner Hermiston,"Apt. 444 517 McKenzie Stravenue, Rollandbury, CA 49215",+18858541747,francesca_daugherty@zboncak.example,False,49710
50712,Thu Koss,"634 Batz Camp, Feeneyfort, DE 42785-8019",+14252231006,madelaine@lindgren.example,False,50712
48470,Elane Grady,"179 Lind Stravenue, Lake Carmineborough, KY 12290-3070",+18531735148,rudy@jaskolski.example,False,48470
49131,Sen. Debi Muller,"42872 Klein Locks, Port Lynettaburgh, MI 45172-0002",+19919179246,kent.west@romaguera.test,False,49131
49876,Pres. Juanita Bergnaum,"7020 McClure Forest, East Jaleesa, TX 97330",+11886114706,nigel_zemlak@brekke-kirlin.test,False,49876
48201,Fr. Shemeka Yundt,"Apt. 109 504 Eda Alley, Wilbertstad, WA 22198",+14645602786,jennell@stehr-miller.example,False,48201
49466,Akiko Wolf,"41705 Dudley Plain, Ginetteberg, MA 34655-7065",+17227530174,zack@tromp.example,False,49466
48348,Jody Green V,"98465 Feeney Island, Port Michaelemouth, VA 61522-9935",+16337325013,robbyn@wuckert.example,False,48348
50935,Greg Deckow,"50256 Haag Mountains, Reginaldland, GA 08480",+11458657393,jamar.blanda@hane.example,False,50935
49508,Camellia Dickens V,"7297 Parker Meadows, North Colton, OK 54090",+16779665286,caroll.carroll@anderson-sipes.test,False,49508
50734,Eloise Skiles,"40162 Hilll Meadows, West Ira, NH 94474-0381",+18653249766,jung.green@smitham-wiza.test,False,50734
48906,Jayson Hayes,"Suite 135 1445 Pfeffer Brook, Edwintown, MO 49830-7316",+11502123320,kitty.stroman@hahn.test,False,48906
49824,Clelia Larkin,"401 Schoen Canyon, North Oliveburgh, RI 35963",+12589073630,linnie@hermiston.test,False,49824
49782,Nyla Marks Phd,"67512 Billy Roads, East Jules, MS 51295",+15264052107,harold_wunsch@considine.test,False,49782
49117,Claude Koss,"58411 Iesha Junctions, New Gordon, NC 18212-2233",+15222277134,brant@wuckert.test,False,49117
48270,Dorsey Runolfsson,"Suite 480 277 Sandy Shoals, O'Haraland, SC 45892",+15455751133,sal@hoeger.example,False,48270
50642,Rev. Nolan Johnston,"Apt. 619 83505 Steuber Estate, West Krisland, SC 45219",+14175061795,albertha@kihn-waelchi.example,False,50642
47949,Geraldo Lindgren,"Apt. 967 831 Anabel Point, Elliottburgh, WA 05880",+15088515049,berta_robel@harris.example,False,47949
50299,Elizebeth Braun,"Suite 139 8397 Madalyn Island, Angelinaberg, NC 35433-0030",+16601292122,verda_stark@rau-feest.test,False,50299
48203,Vilma Cremin,"5241 Ullrich Ramp, Lake Jacqui, OR 82939-0779",+19206143613,stefania_feeney@conn.test,False,48203
49770,Cristobal Wunsch,"252 Calista Turnpike, Lake Hyeside, NE 15197-7975",+11393194737,markus@paucek.example,False,49770
50200,Miss Celeste Thiel,"Suite 361 61633 Mia Coves, Greenholtton, PA 79821-0791",+14917568913,emilio@powlowski.test,False,50200
51117,Rosana Dibbert,Unknown,+15096823918,raul_schamberger@jacobs.example,False,51117
49434,Olive Ledner Md,"Apt. 409 8020 Mack Light, North Lucioview, VA 79375",+16109152612,edith_walker@reynolds-wolff.example,False,49434
50301,Jinny Mcglynn,"4232 Walsh Lake, New Sammiehaven, TX 69479",+11163711931,ula@hintz-rutherford.example,False,50301
50569,Cesar Schimmel,"Suite 880 2340 Doyle Greens, West Mitsukoburgh, MT 35485",+13723996645,armand@conroy.example,False,50569
48176,Burma Crist,"65341 O'Kon Burg, Marlontown, MT 35814-3806",+11841339976,pricilla@lueilwitz.example,False,48176
51083,Miss Charlesetta Johnston,"28479 Normand Prairie, Angelamouth, WV 39602-8729",+17855346642,sanjuanita.bogisich@metz.test,False,51083
48103,Tiffaney Moen,"Suite 441 90913 Terrie Branch, Rexberg, TN 93093",+14593329687,amparo@beatty.example,False,48103
48223,Vonnie Mante,"Apt. 421 899 Vernetta Ways, West Marcelomouth, AR 27277-6129",+14805495575,olin.rolfson@kovacek.example,False,48223
50813,Lester Cummings,"845 Shields Manor, New Oliverview, SC 11401-3325",+12221975406,dianne_hickle@trantow-stamm.test,False,50813
49747,Ms. Lina Shanahan,"Suite 524 200 Janelle Haven, North Isidromouth, TN 11515",+16029108849,lee@fay-quigley.example,False,49747
48117,Taylor Abbott,"764 Isaac Path, West Roxanneview, VT 73213",+19336307522,jean.erdman@keebler.test,False,48117
47714,Joseph Littel Ii,"Apt. 408 77004 Hans Path, Meldashire, ID 32325",+11506959193,joella.schiller@littel-cruickshank.test,False,47714
49019,Joel Douglas,"276 Oberbrunner Haven, West Marcos, NH 84595-1424",+14140733931,jefferey@mayer.example,False,49019
50632,Nathanael Huel Jd,"6531 Nicky Junctions, New Lucilla, MS 06065-1932",+18208121048,jennette_kohler@borer.example,False,50632
49249,Minh Hilll Md,"Suite 120 120 Goldner Canyon, Hankburgh, KS 72592-7664",+15575386556,clara@bogisich.test,False,49249
48592,Eldridge Goodwin Iv,"Apt. 390 184 Stiedemann Shoal, Muellerhaven, GA 33039-5975",+16045397319,jed@turner-mayert.example,False,48592
50286,Monty Romaguera,"743 Dibbert Trafficway, North Bobby, NV 59277",+19905562810,shella_cronin@harber.example,False,50286
50533,Graham Hahn Esq.,"Suite 231 50778 Bulah Views, West Nathanialbury, NM 98166-6327",+14353725942,emilio@mayert.example,True,50533
49158,Veronica Emmerich,"67406 Dickens Groves, Isabelhaven, OR 92689",+16454054885,solomon@kshlerin.example,False,49158
47740,Armando Simonis Md,"2161 Okuneva Falls, North Monetshire, MA 83432-5035",+14071413365,frederick@jerde.example,False,47740
50272,Salvatore Torphy,"Suite 523 99715 Gabrielle Club, Allanfort, OH 51834-3029",+17049604631,ingrid_brown@sawayn.example,False,50272
49972,Clara Green,"39055 Sarah Run, Patrickfort, SD 97670-9269",+19717179794,fredricka@nitzsche.example,False,49972
49147,Raleigh Bernier,"172 Shaniqua Stream, Lake Claribel, OH 30184",+12813192527,yvone.ullrich@russel.test,False,49147
47746,Lowell Haley,"Apt. 710 686 Eloise Lodge, North Rebekahshire, NJ 63862-6295",+19283847346,ellis@abshire-zulauf.test,False,47746
48341,Terrence Harber,"4468 Celina Pass, Douglasfort, NV 14417-2483",+14370276973,waylon_ferry@schneider.example,False,48341
50090,Fr. Kurt Hettinger,"Suite 664 63748 Deangelo Brook, South Allen, NJ 34188",+19025223296,derrick@ledner-kiehn.example,False,50090
49459,Isis Spencer,"Suite 285 296 Melvin Points, Tremblayport, MI 01957",+16731949167,argelia@morissette.example,False,49459
50289,The Hon. Alfred Wilderman,"Apt. 296 97683 Ellamae Causeway, Nicolasport, CO 25400-2904",+15720539827,brent@schowalter-mann.test,False,50289
50203,Yong Jacobson Lld,"Suite 592 404 Salvador Path, South Lupita, FL 52336-0033",+16164881688,lenny.stanton@stanton.example,True,50203
48310,Buck Pollich,"Apt. 742 9041 Mose Rapids, South Felton, NC 57436",+19455357657,moira@boyer.test,False,48310
50430,Jenine Kunze,"Suite 366 30680 Wayne Crossroad, North Lawerence, KS 46148-9939",+17034430839,domitila@von.example,False,50430
49919,Mellisa Klein,"Apt. 247 497 Schaden Union, Port Elvia, VT 03528",+19698081872,ema@kub.example,False,49919
49273,Amb. Austin Collier,"388 Arden Point, New Aleenhaven, VA 29633",+17176913019,lean.mclaughlin@mayer.example,True,49273
51082,Merlin Grimes,"Suite 892 434 Steuber Hollow, West Sherronberg, NJ 53642-3158",+11225599487,althea@price.example,False,51082
49978,Emory Grimes Esq.,"3957 Schumm Road, East Cameronburgh, AR 12259-5772",+15586038768,reta.fay@hansen.example,True,49978
50800,Caryl Stiedemann,"986 Maryam Glen, Effertzton, AL 70096-0257",+17908630153,alonzo@kohler.test,False,50800
49065,Lindsay Stiedemann,"Apt. 111 41216 Graham Valleys, Runolfssonberg, KS 96004-8277",+18547928522,melodee_grady@dach-ebert.test,False,49065
49416,Mr. Rolande D'Amore,"Apt. 591 382 Leonard Harbor, East Arnulfobury, MA 16889-1633",+13376194741,randal_littel@batz.test,False,49416
49754,Moriah Blick Iii,"Apt. 998 89231 Sporer Trafficway, Windlerfort, NY 17102-9044",+16577489171,elease@grimes-damore.example,False,49754
50156,Amb. Claudie Kemmer,"Suite 487 22361 Ziemann Mount, New Jamarton, MT 44091-4800",+12073776004,jules_wolf@bogisich.test,False,50156
49450,Jarrett Marvin,"Suite 739 203 Agatha Ways, North Mattiemouth, AK 53155-4766",+15113948777,juanita@beier-legros.example,True,49450
48442,Glendora Prohaska,"Suite 685 87307 Kemmer Cliffs, Eunaville, SD 68250-6135",+17743369534,todd@quitzon.test,False,48442
48009,Gov. Natalie Kemmer,"385 Robin Route, North Hillaryfurt, OK 68901-3725",+15621410755,willena@lesch.example,False,48009
49530,Nanette Heller,"10863 Rozella Lodge, Fredricfort, MS 03922-3512",+19734860016,wilbur.kreiger@cassin-hegmann.example,False,49530
50092,Millard Hauck,"522 Abbott Port, Port Wilsonhaven, WA 67869-5975",+13703354601,allan_grimes@goldner.example,False,50092
49634,Gov. Eddy Purdy,"6263 Mraz Mission, North Maynard, NM 72990-5099",+16558348456,marcelino@kassulke-kshlerin.test,False,49634
48070,Gordon Dooley,"246 Schimmel Mountains, East Gretta, LA 16752",+13526300963,carmel.brakus@bartell-sanford.test,False,48070
50482,Alleen Fahey Esq.,"884 Wiza Via, Port Errolport, MA 79727",+15941710726,gerald.kohler@howell.example,True,50482
48143,Rev. Blythe Ondricka,"163 Crooks Highway, West Herlinda, NE 80212",+16487910034,isaias.quitzon@gislason-blick.test,False,48143
47705,Virgina Kling,"Apt. 655 17137 Morgan Crest, New Judson, ID 12581",+14598568170,kelsey@walter-fadel.example,False,47705
51042,Adelaida Gutkowski,"13082 Barrows Grove, East Melita, CA 17923-5144",+15449525116,alix_oconnell@mclaughlin.example,False,51042
49260,Mr. Louie Hyatt,"Apt. 490 79564 Bailey Inlet, New Weldon, ID 28829-9389",+13980069276,nerissa.pfannerstill@nader.test,False,49260
50288,Gregoria Stiedemann,"489 Ginny Stravenue, Ritchieshire, AL 78037-6456",+17675800789,issac@okeefe.example,False,50288
49180,Houston Kris,"110 Koepp Brook, Lake Krystalmouth, WI 43525-3141",+15253538695,ira@medhurst.test,False,49180
50274,Jarvis Metz,"Suite 269 14406 Oren Burg, West Cecilton, MO 47459-7388",+16220284958,holley@rowe.test,False,50274
50160,Erna Terry Dds,"Apt. 783 6284 Russel Court, Curtisland, VA 42329-3441",+11715189823,warren@hammes.test,False,50160
48703,Ryan Strosin,"Apt. 110 594 Larson Corner, Herzogton, KY 23690",+15137271601,bennie.schultz@johnson.example,False,48703
48565,Justine Ward,"71232 Legros Ferry, South Fernando, SD 10050",+16746985053,golden.ferry@orn.test,False,48565
49136,Summer Gerhold Phd,"3688 Keith Rue, Reichelborough, WI 07600-9039",+11555926039,robt_roberts@moore.example,False,49136
50060,Floyd Zieme Cpa,"446 Noah Ville, South Fausto, CT 70407-9511",+19213846814,jules.white@stokes.example,False,50060
48391,Annamarie Funk,"Suite 478 58165 Predovic Mission, North Suzanne, ME 25366-6225",+15521847141,celestina_mante@kuhn.test,False,48391
47840,Maggie Carroll,"Apt. 685 11512 Nader Crest, Alfonsomouth, IA 60955-3203",+17427576347,velma@gleichner.test,False,47840
49421,Coleman Crist Dds,"23551 Deandre Port, East Randa, WA 23751-3371",+18111755286,andera.durgan@balistreri-lakin.example,True,49421
51039,Eun Cole,"314 Simonne Course, North Edmondport, CO 13601",+17370973550,arnulfo_conroy@mcclure-hirthe.test,True,51039
48751,Elvera Cruickshank I,"Apt. 907 127 Felipe Junction, Nadertown, AL 05996-5525",+11302591213,mack.feest@bayer-howell.test,False,48751
48161,Jamar Effertz,"Apt. 447 9227 Langosh Flat, South Araceliport, AR 98459-0100",+12773584015,daren@gerhold.test,False,48161
49631,Riley Mertz,"Suite 925 27640 Yuko Groves, Hermannborough, KY 14813",+13353887952,chance@hermann-cartwright.example,False,49631
47908,Mr. Julius Feest,"Apt. 194 965 Bryan Creek, North Emilioland, ID 77316-5159",+11370647485,odis.baumbach@kris.example,False,47908
50238,Dan Mertz,"69162 Gregory Manors, Chereburgh, GA 06798",+12380444140,lucien_mayert@yost.test,False,50238
48661,Apryl Kirlin,"Apt. 669 880 Carroll Light, Port Marquischester, HI 77735-1406",+19639722471,alfonzo_welch@brekke.test,False,48661
50149,Howard Pacocha,"26663 Goldner Mountains, West Rubiport, IL 14710",+13536853726,sebrina@prosacco.test,True,50149
48992,Wilfredo Kemmer,"Suite 366 369 Swift Station, New Linoberg, ID 21451-1448",+18224949438,nicholas@shanahan.test,False,48992
49388,Lisandra Heaney,"902 Oberbrunner Groves, Homenickhaven, NY 03052-4520",+19578669226,martin@blick-grady.example,False,49388
48969,Fawn Koepp,"733 Kling Tunnel, North Felicitamouth, MA 77127-1796",+17325733056,malia@lueilwitz.example,False,48969
49257,Bobby Williamson,"726 Hauck Prairie, Harveyborough, RI 67946",+19316095647,reuben@reilly-langosh.example,False,49257
50904,Malcom Wyman Iii,"Suite 400 367 O'Hara Shoals, Rohanhaven, RI 26775",+12359920571,adria@kulas.test,True,50904
50980,Jules Adams,"Apt. 168 1545 Saturnina Via, Braunville, ME 39673",+14241599552,jerrica_quigley@jacobi-romaguera.example,False,50980
49615,Msgr. Mitchell Walter,"1391 Alfredia Key, Port Jamesbury, PA 67424",+18263204393,efrain@leuschke.test,False,49615
50490,Shaun Dach,"3895 Boyer Route, West Nadineborough, MI 16927",+14959508109,angel@barton-daniel.example,False,50490
48392,Enedina Considine,"8994 Lowe Viaduct, East Randal, MT 02406",+13932177688,barrett_larson@kilback.test,True,48392
48430,Brandon Armstrong,"328 Buckridge Hollow, New Shirleyberg, MI 66027-1958",+13241445270,prince_mueller@stokes.test,False,48430
50031,Brunilda Wolf,"3254 Stoltenberg Manors, Thomasport, NC 07978",+18856944006,ebonie.parker@prohaska-predovic.test,False,50031
49107,Pres. Britt Langosh,"77955 Hyatt Meadows, Port Deneen, HI 48720",+15842746524,laurence.skiles@thiel.test,False,49107
50195,Pres. Reuben Hoeger,"Suite 450 5003 Mario Ports, Mallorytown, RI 13350",+18266448856,tashina@mann.example,False,50195
50442,Vito Dibbert,"Apt. 226 43725 Hodkiewicz Branch, Boyertown, NM 52192-2729",+17994406431,mikel@schoen-farrell.example,False,50442
49835,Amb. Alina Torp,"Apt. 847 503 Everett Gardens, Lynseyborough, GA 64356",+12851125843,tynisha_padberg@jerde.test,False,49835
49916,Ellis Macgyver,"8330 Cassin Motorway, North Parthenia, VT 12809-2486",+18482412825,tyson@okeefe.test,False,49916
48029,Ngan Schowalter,"Suite 593 74004 Renner Walks, Port Setsuko, CO 76988",+17203612960,ariel@lindgren.test,False,48029
48494,Cristine Nikolaus,"Suite 954 82413 Medhurst Walk, Kenethland, MT 20670",+19973248132,cathie@ziemann.test,False,48494
49539,Joaquin Stehr,"Apt. 210 31534 Tromp Union, Reichelland, WY 82239-0382",+11865918614,michal@rowe.example,False,49539
